x	y
0.0662422032662452	0.478776780466939
0.071958163573948	0.523136478276354
0.0734694471250576	0.404294432776711
-0.00850812804321788	0.0298400880252697
-0.0760081352277536	0.309372004144137
0.00286156981196608	0.00807070759057767
-0.214766024057711	1.03424072881833
-0.00173131244247811	0.00457538689897997
0.0674926304737342	0.220593303168197
-0.0781830400517598	0.262557204480449
0.208508937937497	0.941951604593183
0.109036741367766	0.318511348521684
-0.0423511663632265	0.107076845696796
-0.107467329054308	0.237329920254696
-0.14049052193181	0.242835846273542
0.188529961502662	0.358052713150291
0.102063107778811	0.154204744104441
0.342637432833476	0.407183355818571
0.614653284409353	1.26199568256229
0.334462566207842	0.777710040370919
-0.214133832437275	0.387262991254366
0.118632876835373	0.22581012471716
-0.234929878006856	0.488722477845944
0.206312704614333	0.426899080523623
-0.028830860365978	0.0466649483768947
0.0697289791292108	0.116149181958455
0.353266858110837	0.793595787821647
0.0583143359279657	0.413266064342393
0.0614686765699608	0.394564118006022
0.161338736013939	1.05172639956672
-0.0942933045524832	0.467260577652395
-0.111268296118742	0.499915373378079
0.109471768117291	0.40668819547161
0.00491356637938129	0.0129632670910751
-0.0147441421772778	0.0404471278909483
0.124108395035694	0.513463970922391
0.325889755282617	2.20888646274474
-0.00352468611615597	0.0096869276837605
0.0715257383971124	0.233437063586721
-0.117414035034811	0.310412187262911
-0.351157488750179	0.832121866983299
0.066910752869944	0.119689704609039
-0.277078602901606	0.520124778054649
0.296712882996365	0.359081996624766
0.748412416777908	1.03609582976047
0.397943192116356	0.739528868764488
0.112394441654245	0.138632750305953
0.10118102668387	0.152695649755799
0.505769446398649	0.952096700522773
-0.450283841475055	0.622044998189577
0.0858004205583895	0.104581668749315
0.194167982380589	0.352889410521234
0.216440344708902	0.520599504617844
-0.185568599648313	0.414576949384673
-0.243532746677679	0.575219440682484
0.190766926030533	0.430072672650593
0.101413697603029	0.193899145718219
-0.0174805261473175	0.0290737620398003
0.179857186637159	0.328193268507743
0.0612702800569539	0.43611013179976
0.0615608446652024	0.396662348734814
0.0385851318788807	0.207508573079793
0.00821728523122786	0.0314640064101013
-0.0422640211713079	0.162365265889748
-0.0472790943852597	0.171015296654214
0.133741528270727	0.638195909949549
0.021719705957029	0.076860996507604
0.0196262631082493	0.0669978282144004
0.105655338934239	0.408758406520135
-0.022632126149652	0.0656732356872411
-0.056524601185906	0.129732824997358
-0.0347650131475741	0.0586003664455692
0.326633402135543	0.842457224205109
0.143768566815588	0.241039320762856
0.496874129711472	0.733048767485441
0.399896068865954	0.402062608264038
0.508672022246582	0.701861887310656
-0.108640270451423	0.116174740585781
-0.141236431882833	0.186067272952426
0.264369472762003	0.399736421972956
-0.0139960940837634	0.0176119296960567
-0.125629883428162	0.159323741430604
0.162404603728765	0.181784817443704
0.136809053750547	0.210244128270174
-0.148504461663718	0.287105177022023
0.205462775577131	0.472551756531836
0.0211991567219573	0.0389730341347981
0.461250709331381	1.50104369011191
-0.208804988579823	0.494654101380544
-0.0577377832718833	0.108215420010816
0.111316329776135	0.189907815632642
0.262126415127825	0.637786310306223
0.0183773806264476	0.105123019287219
0.0355678084302397	0.21984426022323
0.0403692410996242	0.214818924259382
0.0819169710183093	0.453087011026071
0.0373202364568995	0.156264577640362
0.0770310013315719	0.375963113194049
0.117982659843618	0.661455454410154
0.0347420764178852	0.135799379349197
0.133593845996197	0.591334692581303
0.192758914714235	0.915256654435977
0.141588292049302	0.450329628283879
-0.279400209067224	0.807897765692292
-0.119044174294507	0.248355161002051
0.453719946614533	1.29471032692344
-0.0936212460268085	0.12288890277607
0.176782531636424	0.208429639355948
0.440019382135337	0.669668707394783
0.691530953169667	1.0463725353762
0.350425114660154	0.471077178335487
0.312236011369845	0.434487301290419
0.0530302011905966	0.0588886797386359
0.0666910870767661	0.0726050138572306
0.151314592745949	0.230385868283105
0.0515382508368198	0.0632675620968357
0.279997931134073	0.552342506667568
-0.258360921567105	0.406344182678264
-0.570918640509693	1.1299498510468
0.265516359331254	0.466719105229325
-0.34684816921739	0.899010649284949
-0.05614008452975	0.0978783904624006
0.0796875120925479	0.173502195972318
-0.098427254078322	0.215968913406168
-0.0785619539027082	0.149350102471106
0.128065644670001	0.269665710214687
0.04044665570274	0.262352152353874
0.0483810219781941	0.307053778148734
-0.00641660633554444	0.0265488324355313
0.150862240547859	0.960663853413726
-0.0813202896426754	0.395435980658141
-0.0432654671490518	0.197075127142221
0.0231308491937178	0.0926929706036945
-0.0555514742771063	0.216075188401833
-0.0325567876194129	0.110816732361101
-0.0623337403796695	0.174267641490737
-0.341252162924466	1.16323796484128
0.148168258438334	0.364298166679969
0.137921837565637	0.292657104685331
0.22897897120274	0.245922587777469
0.260539965332055	0.39238995321085
0.0492518396979006	0.0399086609175313
0.264728373945579	0.406819448670744
-0.183672363679157	0.251842430742233
-0.00685813885487472	0.00862502508740138
0.286888281908611	0.596129131519144
-0.292090598535128	0.618072870083291
0.101418269001677	0.129418156543256
-0.401655762454869	0.510008276731985
-0.246908763419298	0.505812306972471
0.0597805556505753	0.102023328262988
0.0918014182866629	0.185045445302339
-0.213706973718969	0.627764140839189
-0.036858520857983	0.0648982322765737
0.11564321222321	0.232437352741735
0.0444173265261373	0.08322091390765
0.217558631145142	0.594890721107341
0.116595415636903	0.258510379007417
0.0768320912601072	0.597031981007943
0.0629619226598618	0.440996117448038
0.0487353479820047	0.289046406105547
0.00908765941511813	0.0424274082496067
-0.00282014580200414	0.0125864684206676
0.0232051068903189	0.0975026529352057
0.0255867987178994	0.0937475173191545
0.213380989173825	1.24950114308529
0.045380298285634	0.132751443277621
-0.0956948894432112	0.265102669797433
0.0156190932006178	0.0374723872947301
0.232308318811746	0.346641872616689
0.165305417224072	0.207549561327404
0.232746073038503	0.304224511851726
0.332322684591727	0.747312882346682
0.276048648933891	0.672004568783104
0.230866481291514	0.38179467172615
0.202873643224499	0.356076382496513
0.214860087089087	0.330294659950134
0.123742878656813	0.191779492093669
0.460028531721047	0.925618409127676
0.0601761376423444	0.108676807239577
0.196472836917663	0.459540057208684
-0.125549600597092	0.263225864585101
-0.219289732118652	0.43527965182513
0.120469607104045	0.163706939159342
-0.0340867712696269	0.0565193179074845
0.0599707541289565	0.118131721846376
0.302624134668871	0.996679648385935
0.00282475858582899	0.00558899730719597
-0.171426573575836	0.424444570175344
0.109575282446726	0.248603730115335
-0.231757421052072	0.696129139135146
0.240551037033309	0.782360038782492
0.0365271496187168	0.0748870581170027
0.0677839009067113	0.507664030638359
0.0747613665516288	0.568372035581559
0.0983813899085044	0.789237497011111
0.0904246530279121	0.639317746618604
0.0962217353222427	0.536956300451607
0.0491158088731531	0.179472218145421
0.0379613180287505	0.123383978140965
-0.101136666459168	0.348710484123842
-0.163709503173318	0.66999368792509
0.0556084145297741	0.16335938429033
-0.0216737686879375	0.0590115494920371
0.0991877067626686	0.233197617747295
0.284916067431168	0.877684671168382
0.105356242641214	0.235942915337912
0.192147195884134	0.539841722969548
0.316701130818766	0.86307542452221
0.192813165653311	0.52095323992491
0.234972102279464	0.596558152616842
0.0993855606033948	0.222781531760264
-0.333747346817619	1.06905396162581
-0.440480390809714	1.4071169439917
-0.197255871950989	0.49529449307321
-0.401304551399873	1.47584904220494
0.210038365629456	0.620448878214464
0.0578427834740962	0.135685012299855
0.171359032869816	0.506437277089295
-0.346786078647283	1.40372087685113
-0.166991488115904	0.452038012437402
-0.365653633588548	1.44769546310617
0.117779266481928	0.362126238975097
0.225223066261735	0.866099865561707
0.186048377366692	0.543614252646609
0.107359559040009	0.277387954214706
0.0709427965893654	0.539997834510824
0.0936969391160068	0.762667500219042
0.0495972849301707	0.296758878671158
-0.00646221866490449	0.0245807739249894
0.103041825183573	0.426894208641054
0.0922530629006135	0.350823368549502
0.0218308611856461	0.0567705114257937
-0.343642267069382	1.95753410681137
0.0309082708872539	0.0845108868587611
0.079195856511186	0.254303567166613
0.120510345427844	0.387411709152008
-0.222689320966654	0.73095132836592
0.111793225186598	0.27456768263199
0.228350884902221	0.622953433974947
0.146529267147436	0.323572391097383
0.234531884477093	0.594946961515135
0.127194682621594	0.302219943409138
0.0397162783610709	0.077934680969249
-0.119954978706981	0.266644641539046
-0.261152781416307	0.737101351983166
0.335361227615011	1.12388617804982
-0.00861182277466488	0.0177430925334037
0.190858850342396	0.513916958288452
-0.0985540307334905	0.238246583198154
0.123418268184074	0.326925772116271
-0.108268242280305	0.271520324477892
0.291327390509956	1.02024410855426
0.113737667196455	0.29592641031662
0.0723496240622395	0.166025291540565
-0.0281744941752027	0.0698791044613113
0.150076811960215	0.487163316282477
0.136164962650663	0.374198242964988
0.0720672711499698	0.550569566433193
0.0260511657836433	0.146539931092693
0.0570221937686335	0.286576036402542
0.0227986391413142	0.0740332542441573
0.0662872398466748	0.22768857086617
0.129710124546374	0.492946151363827
0.0329989946598674	0.0949954828191438
0.20983505024246	0.897909052023924
0.228364723437336	0.832927308090431
-0.0515526150748854	0.123766813340591
0.0159111165283411	0.0361626369374554
0.438214024033326	1.59881308676873
0.244771072955879	0.735835007042367
0.340221061766371	1.03664200280674
0.265539409996532	0.706801845323623
0.165269243326729	0.393211145289855
0.0196762289279947	0.0347045076303284
0.106884370439557	0.226404128639934
-0.0793447649129837	0.166359907234757
0.200491013728112	0.541558848689145
-0.28121841674794	1.01243740644755
-0.224017008833707	0.604446654782648
0.102766557298804	0.243319987986421
-0.217122445690441	0.637932858189336
0.108529032486559	0.244480012330564
-0.099309286354489	0.246760964108111
0.16881957500829	0.511295953459092
0.0563876026133283	0.117112679075103
0.00972704843611748	0.0232676384334066
0.169972285508425	0.513532785157452
0.0487509098714842	0.331104358443767
0.0645755731302769	0.455749741837345
0.0491777961621191	0.259210652334469
0.149073795911492	0.981673263347507
0.0746120627360248	0.315233471023568
-0.00185761989570807	0.00307365880700764
0.11782113520884	0.239205109909282
0.394693389339298	1.36264936317132
0.337298472464936	0.818101051909147
0.207036103697467	0.42893608265367
0.228971833631309	0.530256832106468
0.0130538043342609	0.023394434946151
-0.433582294549647	1.51938039830693
-0.0451836322571498	0.0986565337459341
0.278074613328149	0.811828486295802
0.321606351416567	0.80289503442512
0.122671369568343	0.278009005773947
0.30111378543194	1.15265770678432
0.093521540597657	0.22777857002177
-0.17453935450324	0.613198033383012
-0.23182732214393	0.857159363509084
-0.056937580951308	0.131316263081817
-0.123061704115693	0.340651852474668
0.278110181883645	1.06121976053306
0.0579200201742688	0.413030759637919
0.0665924869121237	0.475257496908876
0.074814067972015	0.477128765007806
0.0146889100401063	0.0538408340476935
0.154473469651055	0.665067650174331
0.218326887622339	0.564790968280451
0.200714890712703	0.347455904132278
0.241793026173028	0.637317530807567
0.115091783317534	0.231123154048641
0.182934601436146	0.338411421823726
0.333738152257039	0.759747662694838
-0.22243805715252	0.487778049594634
0.285860568012802	0.797862846480545
-0.0379902435042279	0.0761099571653858
0.261880759853957	0.632053796832286
0.226120416218228	0.366943274036817
-0.0401258856132337	0.0706830427501942
0.212585860760507	0.668747213912637
-0.348653754209097	1.4261859176057
0.0381172450158523	0.0977073806546742
-0.10559728646551	0.301040076268
-0.300759624534756	1.2330320138504
-0.0896316566098534	0.239413568534921
0.516196077704069	2.82103103059686
0.105142641014353	0.930114812589728
0.0145328433501011	0.0785808656520054
-0.0020892686761845	0.00836544401024208
0.309913178510348	2.16289265135768
0.0923209381599858	0.360596168072627
0.150313129351222	0.256722453780761
0.224920891628541	0.506013278463134
-0.116680111064981	0.238807119793214
0.179370825318137	0.258741616296605
0.556166737801091	1.19664916909051
0.113212791439095	0.159050511131816
0.140672547427377	0.322280555875426
0.203862205369674	0.362069145362743
0.231381937670271	0.428666574657085
0.345631924122543	0.93417952880063
0.00441522713665586	0.00740883335137457
0.229032577737063	0.664663337174103
-0.123279299517359	0.207122085951515
-0.155873428310069	0.213126261615337
-0.278006440324634	0.654176843884881
0.0873155305756658	0.212154025415837
0.173724454114752	0.580451450134608
-0.00257600602981324	0.00598711594910152
0.0318574668123611	0.0739714428534307
0.103016547240771	0.277413666013437
0.121328466162961	0.380721980228812
0.122545467685071	0.331747176637757
0.137858192923174	0.471459216658622
0.218219539143053	0.446062852562275
0.536227429936802	1.06594998069432
0.0530209992225848	0.370566423660686
0.0396281140914661	0.231181068308774
0.0630508148642372	0.29547740600318
0.225756212741776	1.69695305701546
0.28872057144213	0.848754700215223
-0.18645026563759	0.351013568551062
-0.187563743373563	0.376523524213603
0.489111355294092	1.49656026983416
-0.0396192013192478	0.0987759433219086
0.101088638565897	0.233538237628674
0.07606773806605	0.169831689945241
0.282909164485452	1.17187548432902
0.337507223873375	1.00206072161048
-0.00946101807988861	0.015456923001509
0.119759994014954	0.354690718979403
0.135632478900408	0.429376681964422
0.357237775317295	1.68628941152046
0.296765848350158	0.752927519030417
-0.15288903565253	0.335001600361416
-0.179583592429881	0.464535744816956
-0.115208423728303	0.312093574917245
-0.105964871281612	0.314474490401666
0.0995046869964705	0.217001187490359
-0.178991431788116	0.329189788187497
0.00677685331342169	0.0141527004791773
0.110337086847388	0.365126440616525
0.112068442841938	0.398645948143933
0.0758947978110711	0.206741217914457
0.08491911824161	0.308890617763684
0.0953346711857158	0.308346290992534
0.755661775708447	4.3468759362194
0.118601492512574	0.294697596944185
0.187690290536482	0.356005649357515
0.0577071976857178	0.405572525613822
0.042169953500476	0.254670018205671
0.115241695465954	0.864354897388098
0.112595777696755	0.753571290769189
0.226489366689162	1.25656171247501
-0.0187854642878691	0.0521123839517706
-0.0779333004280871	0.251639632118054
0.117459359601647	0.424658005785661
0.0306862496871959	0.09694385193737
0.165171135820056	0.815640591025452
0.190808710909407	0.606214434457499
0.222824940478765	0.943658759735166
0.097026480194182	0.284489294380039
0.281845451965446	1.24308590033357
0.154788672784427	0.389352815890112
-0.0207178133499557	0.0447402356990911
0.0483712310731666	0.106471902609899
-0.0665370798137438	0.166404697108513
-0.361846060286335	1.67801671017352
0.0872146265106937	0.277919771833849
0.111612316611172	0.332826890529647
0.315630079913923	1.08348563972907
0.177819980850578	0.634023758102156
0.257499283518834	1.12153224863683
0.214863999335662	0.748944638828536
0.102752773713868	0.291824163214555
0.321785788854451	1.71437955681943
0.0933176875996192	0.221708519050917
0.219187917462426	0.682581176280968
0.128305018302598	0.307113739744414
0.172569662288293	0.619887243543071
0.025004134710416	0.0573901548398914
0.117107620319362	0.252081816566601
0.0846999552332195	0.687765524035839
0.0542417354506664	0.367710968339383
0.0842356047180671	0.63205919609217
0.0717286701341641	0.36763445776071
0.0668035469880985	0.288181749049781
0.11208823348013	0.534760309199107
0.0663969651392872	0.27420537591694
-0.0879017116706349	0.430682111174931
0.124858133983733	0.697963641657655
0.119775154793628	0.551557326239555
0.142339835539025	0.689008381815183
0.129833236180405	0.525039424285164
0.103479020977558	0.383003072045944
0.262070702014754	1.33419762372513
0.0319490343807181	0.0849057378112526
0.122163287316521	0.436213732506113
0.11024444309406	0.379424044921222
0.0427659718408201	0.127077696799296
0.124674429390504	0.435839708031507
0.03651588169406	0.105604259928689
0.11773341686154	0.424596790509989
0.0517631937943848	0.137525855222291
0.0490935542850301	0.129597731813492
0.0497363731773018	0.134209786238797
0.128521866420189	0.408201544070061
0.0616480339199092	0.177217257615359
0.0922314840314168	0.306529642698355
-0.0146950653442092	0.0378171689391728
0.190651635498573	0.654050990637602
0.234716581037469	1.03110487775733
0.10993894899841	0.378736237470806
0.050233066178701	0.134191015309334
0.243708699414696	1.03632406152495
0.0788650812996047	0.236300781848599
-0.171661722178236	0.613288622318446
-0.0628518125918111	0.162362522578455
-0.196317855115226	0.817982355534057
0.059435088747453	0.167790801170328
0.10287146516093	0.909051503622992
0.0795509011651225	0.623169413601884
0.0265157433075762	0.114375757568595
0.196032388128442	1.2341690198022
-0.00339771276780164	0.0109841023743444
0.101437927424785	0.474436103099257
0.0777361531271379	0.388268219644056
0.0346287601677253	0.152488591879304
0.0848070720415191	0.376769707194027
0.261559685939189	1.87169505053613
0.122995760571508	0.51218795360773
0.0855983158767646	0.346194834332336
0.117071068564624	0.493088767922099
0.016135710762209	0.0506523394550868
0.0317872535530542	0.0974421630895519
0.130157672664487	0.493624234795237
0.173001685495579	0.689969761623733
0.214854235817865	1.03255345862909
0.162242707010902	0.683223481296919
0.107223635166394	0.351306345126861
0.00466265750486809	0.011826448723356
0.117109359514005	0.347812549937375
0.314329225947091	1.51818486560402
-0.157042396816819	0.531884188868594
0.049985330226032	0.134146440873433
-0.038456214044406	0.100508499088187
0.0396315306253363	0.104652645478152
0.130993396004663	0.522070676257803
0.271645431563654	1.42996746630782
0.120557197187418	0.368837859107957
0.047751977122449	0.119619492114812
-0.0336009366634035	0.0838326330350967
0.0382957525254494	0.115327584908222
0.185441170258957	0.793628330724411
0.219285786967216	0.834741203932419
0.0493161043357148	0.158438078743291
0.0464838886041123	0.143035705276423
0.229807438660116	1.07231878130561
0.185459075301823	0.812159313975917
0.0134819709457716	0.0337559687731582
-0.20167743991263	0.875124334727993
0.062983154320641	0.184822374685387
0.192196599254475	0.632741945157291
0.0986208381285389	0.370105213991769
0.0437330371065681	0.128076909830238
0.124453526230404	1.20099336785748
0.126024635499354	1.14199658880826
0.069524399454921	0.434615631903947
0.0649514282647867	0.377890300101654
0.113918326649861	0.844689669748052
0.0453846325751012	0.25329824676011
0.056732918535018	0.33521379310435
0.0295950925637242	0.128035390215566
0.0376880950620467	0.168482466581405
-0.0220842629613904	0.0810702316062624
0.0136057118463693	0.0461044547695
-0.0404188021785834	0.144103697591598
0.164470564957685	0.841354207402354
0.0765990157636604	0.296718569653293
0.132214783925288	0.586975207496763
0.0928858411146712	0.342834061134812
0.0513353075864201	0.166304491990569
0.0575860776277653	0.149007802124896
0.0773783799668831	0.202874707716109
-0.122688338241811	0.366150740547215
-0.050248072643264	0.122773879650529
0.0335044577181664	0.0844226235591608
0.0575980362839709	0.159746451956622
-0.300650197489296	1.48875945997883
-0.0870651004632203	0.276648933392439
-0.0129738029171876	0.0362346412944136
0.0390391280784747	0.113498955185504
0.081369325416568	0.268749298003966
0.061129642408791	0.180243567952962
0.20974522010017	1.01863438577539
0.052902750720129	0.16316482010825
0.0634513733649618	0.19786184322187
0.0699793725676098	0.221626436476587
0.0976173605567475	0.341318354223159
0.107443164361906	0.40244469456815
-0.114245807332402	0.40139612657517
-0.288549204927657	1.46598021284275
0.0510067873641186	0.161035669168188
0.138033387731751	0.552878460132393
0.113948374924218	0.424104258590148
0.0815739159458684	0.283466317504572
0.157613782631003	0.656726732814156
0.0408921037219295	0.266479080513646
0.0475321459984957	0.308422375660887
0.0683009376944542	0.464760312769118
0.0345244193523428	0.199056807837056
0.076169280704501	0.517673506391588
0.113634771720177	0.863230595171538
0.0431505348882862	0.212331388444798
-0.0598465844991181	0.293017619662286
0.126177668891917	0.66483756492056
0.150098368729177	0.848235670841051
0.0639525497773924	0.263787441573422
0.0247500369138632	0.0893552249283957
0.105312676815663	0.514376170399401
0.0961738284486612	0.437835568328628
0.148117358969488	0.734372773100631
0.0860808577485257	0.346561339039559
0.107320053863182	0.409240917790263
0.11616372164694	0.467635046539138
0.117029441114816	0.243938536285553
0.0923720907275104	0.195680011889989
0.0742130472528961	0.124476647361395
0.244213723110659	0.654676266169733
-0.052182850188481	0.122311972892073
-0.215912374516323	0.711649762099121
-0.0975977107346854	0.226590329130308
0.134407922727491	0.240665906464381
0.271771324049828	0.986689535441488
0.076288640442216	0.263302076386578
0.207982535042593	1.05419638678776
0.152368289157686	0.648665510007109
0.062693907680954	0.151061616041763
0.0142690375034201	0.0376669104229882
0.0543504491777661	0.187064511722981
0.123108024110625	0.505070020610123
-0.0172313235094628	0.0489041010718178
0.063921236230643	0.161599714262724
0.0763405912134553	0.194042478321733
-0.157659584460975	0.588421234582282
0.067384428649992	0.170872803070457
-0.097527430681919	0.312355884678775
0.0566704751323813	0.166983502870702
0.297813797624302	1.59343325294787
-0.0301125179601729	0.0904971104875467
-0.104815973396086	0.301911515561488
0.122317029482518	0.439690708241885
0.0979355287198215	0.840751272145871
0.0266940550139416	0.155889238538111
0.0785430789251362	0.575496032089436
0.0563866745466369	0.346814925625668
0.0492983439098991	0.271149594579772
0.0559589909981682	0.277667595167305
0.111315450816899	0.626897445035483
-0.142534839808593	0.694022961230411
0.0915677881572276	0.424303285339235
0.0628956974136505	0.253193446817006
0.161972705710125	0.891258295697176
-0.00264702953127323	0.00897863182994315
0.123475896640275	0.618053395797957
-0.0641460785137439	0.242531913260266
0.0944459688608567	0.38176124511533
0.218950602575015	0.570536731870353
-0.000860726791142572	0.00124941241236538
0.0696816487658745	0.136309541794277
-0.0453506750872242	0.0592552683333973
0.201678710948562	0.429649314159695
0.00268817769664941	0.00504399900712457
0.0489842329319424	0.0913977750363235
0.0316171900306539	0.0555741193120626
0.0557762582537342	0.0761393283614481
0.086726255846193	0.303805558651692
0.00437556205246842	0.0118791340224809
-0.0245187966575658	0.0464545897668385
-0.186662090917931	0.693270216297597
0.0747526314340624	0.231557899111516
0.00997869126999588	0.0295539795008018
0.00959389939188752	0.0279432654696444
-0.0577579087978198	0.171525732164428
-0.124882405872168	0.332215744375007
-0.091437932531476	0.204838298029066
-0.0741651683604738	0.208752891019084
-0.097088971878235	0.237618983517331
0.0268812799703407	0.0703449097134943
-0.18147338990166	0.627016687089736
-0.223988858853476	0.93166431473339
-0.11162518569854	0.404607774136372
0.231997966813076	0.716692173735534
0.0500587985723923	0.135842427609586
0.0951944815196341	0.805845657685298
0.110229263341512	0.967012675676611
0.0855963787794346	0.615821834789824
0.173921784290943	1.60284848143818
0.177923761765328	1.38755362055304
0.067118445834391	0.322861608653577
0.12057137750438	0.557157674456816
0.176220645078174	1.03987684098723
0.131935358731456	0.651982732746239
-0.0123229444043681	0.0415978498671072
-0.00477077126711019	0.0160596024115572
0.118961408202923	0.584562330098119
-0.0373881340550616	0.130137404409848
-0.0680478126105071	0.250750498861195
0.40084513007721	2.50734673017239
0.116776042679003	0.409783230760249
0.214668764776052	0.956467351791511
0.122361683634989	0.494058847653368
0.0844782142634521	0.289328855942861
0.0845321510969747	0.25320473019996
0.415947645229649	1.93952454907461
0.22321107812892	1.14661679966419
0.186913221076726	0.680538429646446
0.0229840231502983	0.0482709522457947
-0.0378138450936964	0.0722013061723714
0.132279559588885	0.254747523241917
-0.0419955319394884	0.0621114827528835
-0.208592893356648	0.446865052835995
0.0811448051517351	0.15671583193171
0.0820452163405286	0.122226985315978
0.174642832335732	0.731261661497991
-0.13605664066303	0.316074018879929
-0.00222391025697012	0.0053152513661756
0.0853235791598023	0.275332134216434
-0.0763880397459058	0.279030055248439
-0.10048579778644	0.373887136803109
0.248265576972054	1.09867414618723
0.0420411669741	0.0841885350961086
0.346404258606894	1.15434439300004
0.231712939995145	0.834456025003728
0.14248884586133	0.40027951126586
0.0315542750808784	0.083367142617341
-0.0549885815795721	0.150774035903398
-0.0802539632716531	0.246731213975384
-0.035834811844032	0.102671719104705
0.187762642314367	0.497345611271782
0.100419354237199	0.31178232323978
0.128844959849576	0.470242070795322
0.0680072553829941	0.21132630212248
0.0201599630100896	0.0517311813440546
0.498340676147685	2.45290545771916
0.0825491311608779	0.659224103700939
0.013384248995322	0.0719366451840809
0.0924787369041092	0.681034777866019
-0.0384507360125248	0.196158355700363
0.00449138201177707	0.0177619631826654
0.0222893391670574	0.0793785379821638
0.0560185803342627	0.239880633375013
0.0905779150129972	0.412292297120097
0.170107578714149	0.962110173357939
0.0992606077965721	0.478585253555121
0.0212236278845306	0.0754648005352723
0.153151875834333	0.778851247153909
0.179912274367877	0.929486360918892
0.112179413726955	0.400780710246007
0.153176942447444	0.729712675525011
0.0562082297877597	0.198315901325783
0.0445588882179967	0.134154163894415
-0.0485021156314001	0.152351915386165
0.0880778396164842	0.275878845835632
0.0147244260778795	0.0367139969740124
-0.236568506259069	0.909755990930689
0.205689366366226	0.918130084700374
-0.0881649400089368	0.314375283023153
0.0443573810496753	0.116132392418605
0.0376894935178844	0.0811958401948333
0.138318732956574	0.334817302922889
-0.0174951665045896	0.0250158819939849
0.0651065518962362	0.121737702939727
0.361368935890095	1.31470031760877
0.0813379035096579	0.184320689314074
0.314856659963432	0.571173379748071
0.0411863723204759	0.0827252005632705
0.0106210478632058	0.0261357226411546
0.145085838827011	0.559885014923054
-0.120191935940488	0.476559113146968
0.141016579528128	0.602149546880403
0.0311089897696537	0.082680951089761
-0.0360792407605821	0.0763517466323505
-0.253741511359169	0.80064468887288
-0.134987243779442	0.400179676023653
0.302888543473555	1.17472016782206
0.0683771581673931	0.201378612900832
-0.0744987380711657	0.20496441656634
-0.144704554075328	0.520370861813649
-0.051047027825794	0.159089381923766
-0.0388161838541134	0.0876632895704698
-0.0677232957860364	0.190931232653757
-0.0447696531497982	0.13306612201977
0.103118070927382	0.353860084912984
0.204868121189276	0.795897939521093
0.0578064517081124	0.151210310653425
0.0949479189917627	0.261145687861827
0.0811520214225695	0.646738479211173
0.102155202310768	0.868171173886427
0.0809573245354316	0.532914571994386
0.118178959875055	0.889513585978468
0.188238341880103	1.40831098825803
0.201704870776905	1.48094041353839
0.019008609424311	0.0700535643448099
0.0875451531100486	0.402679439176963
-0.108435745226127	0.540428658423904
-0.0171237113441121	0.0607574200471381
-0.0555475395984941	0.210134026803274
0.0603647466380279	0.240397252898973
0.194648321874548	1.0431228875652
0.214466110057868	1.24473794333331
0.0855591470410918	0.339982816926407
0.152199868471841	0.689041844501288
0.0507472005041884	0.177132444704914
0.0868097726951237	0.322467525343262
0.171792310654075	0.807068501608434
0.0466040630666555	0.147869945693593
-0.300355124518308	1.67256612633688
-0.056548851833494	0.184535141571745
0.252335077779063	1.40684642893746
0.0783684436868491	0.287151593453767
0.0367658827416738	0.10948152171587
0.0878994021229501	0.255127946618476
-0.237288118916216	0.864650334683613
0.19283836414437	0.563644045542855
0.104014170939687	0.295115922990867
0.238256105938216	0.755869039746733
-0.0368068171554847	0.0716163499721357
0.151457170088139	0.423698013927297
0.0367717614461843	0.0849516705646268
0.170324174033345	0.532039908542256
0.124058930685533	0.468581506933963
0.166465627211711	0.707758552995677
0.124557635244116	0.481290067177799
-0.235996468173592	0.990834580393436
0.122317580391839	0.463008806556359
0.155937978950549	0.643533310303954
0.0288177678035539	0.089684584891115
-0.0315288303881388	0.0982310519178228
0.0399379402318605	0.119816158752829
0.00492346025970188	0.0122450878142221
0.201754356256618	0.760337070235349
0.120261186298364	0.409091204677202
0.00181013099665467	0.00431016100897274
0.0485258790370634	0.145723684238103
0.0159218520759213	0.043557592739913
-0.0501636284640379	0.155287024484802
-0.0322496819420275	0.0950130124146268
-0.0397859309497953	0.11340889550335
0.00890291626738238	0.0241966608026286
-0.117665112624347	0.411373068872242
0.021340871277024	0.0600250058187534
0.251942147636236	1.06460788963381
0.0580094434675717	0.164095213432429
0.322940498455159	1.30829057589604
0.193853066035082	0.527565075713561
0.120361592044842	0.379680303309302
0.0458764182394947	0.122998266238636
0.0291505067229626	0.0774383854944149
0.0703236443251204	0.530293870135889
0.118641582147669	1.05963397424452
0.0491751028818422	0.312625381338464
0.0820347244638175	0.511762102633792
0.0805939726000502	0.457535682864772
0.11628303280329	0.670411812269249
0.0505961096159888	0.224725886668665
0.114687635509191	0.653829228414908
0.15980558378408	0.976980946044056
0.058874130678163	0.245626900966527
0.121101334243665	0.619391176157518
0.0639125856948264	0.245617063733369
0.112106714851929	0.506191518528576
0.164676335794965	0.839949804931327
0.0180865888773246	0.0574676423441744
-0.103043063215916	0.419521095987973
0.176441555213475	0.840967739649364
-0.0364874590465304	0.1156663984785
-0.175178831002836	0.802606586506842
0.110810758826063	0.432739276558091
0.0459533974247446	0.151044945714244
-0.188794061867822	0.866152835294755
-0.116366414369539	0.453412665856529
0.255386172587593	1.34573705085893
0.272125903075261	1.42337009477772
0.0519763652873645	0.140199901924383
0.0164597604510717	0.0352457816468274
0.0593172302845518	0.151886830258391
0.0864899452135805	0.236528981004642
-0.00609736207965348	0.0123785885653891
0.132372769031885	0.382148429995611
0.226368578786668	0.898828799989939
0.101028900471178	0.364529539209935
-0.0303775277065577	0.087543582244446
0.0699055053529155	0.231116164016034
-0.264289633171202	1.33115262579434
-0.00241708558454926	0.00671176878667845
0.0352953858701675	0.109924287544702
0.259594283020894	1.38881916374083
0.0991923233072008	0.362119314811282
0.0494484844633467	0.147331079804215
-0.0260237967705249	0.0739126453091626
-0.0814764937270616	0.258556639068065
0.433108138537084	2.61164909750281
-0.0566222260647162	0.160716379965119
-0.0312933621099389	0.0898120479856524
0.117165701000876	0.437285318375886
-0.0558201286763816	0.183162103576064
-0.117944106146893	0.440228555025015
-0.0228065334588949	0.0651566987545976
0.00852483050225962	0.0227980065495778
-0.103601497669291	0.367238664658236
-0.0218285740344896	0.0594590385069362
-0.0199211899741682	0.0545200756922831
0.0774077930618026	0.2346363615973
0.0778359192527647	0.239140448971691
0.245627129664422	1.14905259066452
0.0888713309920767	0.259337950722003
0.189793795158116	0.528063645065986
0.030181286944077	0.0776289297676213
-0.0279468505098269	0.0728420496054069
0.0757696127955365	0.589968614226704
0.076395091497016	0.58311674341252
0.0606212904654484	0.374057447008604
0.11520017439852	0.849901851683113
-0.0269638966949983	0.122267395714133
0.0568083758403152	0.288517811928152
0.115905013681069	0.768053234150454
0.119553710259125	0.713032517959366
0.0794308873387345	0.393564805885635
0.0497112300628959	0.214453421721989
0.159358020569107	0.852414153971642
0.0755847765544916	0.310049783322895
0.151911670952274	0.76711487960287
0.0286089168942477	0.0952611047362289
0.0672242866873727	0.251000298281122
0.152307680997622	0.68919669099467
0.290223753616617	1.74227441740438
-0.00197654759618828	0.00547382994613056
0.0690289748690898	0.22265098565904
0.0985675282686085	0.344081989696682
0.0786898211393739	0.265917976590651
0.197659139551674	0.930147500162349
0.107757165889817	0.361473329249748
-0.0258063429961353	0.0636331548137305
-0.162126513317866	0.468360502242636
-0.121407998149755	0.298481919131987
-0.0296920763126518	0.0647440382723077
-0.169049257093167	0.453540702793555
0.121147489056053	0.264113530703483
0.0968099286326381	0.25412827510217
0.176545255132477	0.770082631217531
-0.225770257953776	1.04372737734756
0.121977165977747	0.376868407980678
-0.0397167947617419	0.11334993431317
0.407798716165347	2.74814855675812
0.0104105764629893	0.029406491625015
0.0452951820535751	0.141016425014349
0.012571408916499	0.0330305045826161
0.219606441119947	0.879693080560086
0.237431165083086	0.953749101676731
0.0319674246299481	0.0805241073654865
-0.0195145081135741	0.0446952813912399
-0.033182968769544	0.0927820182513551
-0.282395341282172	1.38266869607671
0.0768779602408269	0.253175616737571
-0.0530889831742773	0.167362440301253
-0.0516608590967191	0.144293680289538
0.179015167959098	0.746179825828579
-0.0546049662074194	0.166798257139001
0.116438029434719	0.414565987373817
-0.089005800334906	0.272779107079753
-0.185041586143658	0.676818317380172
-0.195880018534348	0.702029352006257
0.0432300762831626	0.115484484264186
0.142770411398623	0.370044747107433
0.188586952343623	0.401477070042561
0.0711248957517368	0.177337649174102
0.0893478013710747	0.235189478849399
0.110795994331511	0.335692852178356
0.136260900462921	0.492477568576205
0.0746945888649862	0.578180485227887
0.056552178607492	0.371141099503053
0.116486993944643	0.940413717997541
0.00173406791105831	0.0073757649721168
0.0710545226079241	0.408472320881468
0.0565791907525218	0.308349204518577
0.107913981297355	0.612150678874821
0.0816083176486804	0.386937417889087
0.10446713855566	0.567696265722784
0.131925049295589	0.657421348410806
0.204940726608711	1.24567106548673
0.135311454445217	0.646642443654662
0.0651622843598023	0.251611035261173
0.0216212406755079	0.068585680966878
0.0919196919905391	0.370084592916911
-0.0114926298054347	0.034990945219893
0.0541104120321099	0.189894707999107
-0.155346146244607	0.69477648630369
-0.0316476040149111	0.095383620695885
0.0235257682541137	0.0691807688165121
0.0402135155743393	0.127078873136092
-0.104191534968675	0.384771370979074
0.187588907379279	0.835644125305094
0.126060536559829	0.452138462956854
0.191146463656511	0.71356141464767
0.217476582315831	0.700463284801998
0.15976526474115	0.520029813683189
0.17763908680905	0.572585730220076
0.189894610134131	0.587345727692124
0.234916981241655	0.798269477808313
0.222281955075067	0.699408357237067
0.0853507130353954	0.279307828053099
0.247031685632844	1.14098111672703
0.224496939137828	1.00604644876596
0.16561566428538	0.683999168348102
-0.203651813606208	0.911351988552779
0.0126421015288162	0.0349802256447191
-0.0776272234124146	0.255164541416882
0.125829409691891	0.437757756390966
0.0853079935247176	0.266159361795528
0.0276564881516521	0.0742821765449314
0.132690684504751	0.422141697956753
-0.232313461667802	1.07316116729869
-0.0803755324437804	0.265210521394817
0.166002308248181	0.680814346644703
-0.101578768273527	0.343412333756024
-0.0240932606301627	0.0642530395772984
-0.125355025946531	0.444153498737957
0.0453919476771609	0.129436841079429
0.0367859267635601	0.0996433356940005
-0.0153350321258228	0.0393903680529137
-0.541177050834988	3.17659612034899
0.0358747032955138	0.0889678393182934
-0.0287451226861555	0.0754696530954088
0.306053275583017	1.30151214723861
0.0708827859751887	0.185330401475168
-0.0549236038514043	0.136823293222831
0.148778651798831	0.452828266114118
0.164463020019617	0.548807027826392
0.11621255094693	0.354864443751833
0.280636325488893	1.21984508081095
0.225708325827138	0.840964126031428
0.0583234177770708	0.417785264438827
0.0790419216526873	0.617666534372103
0.0735073005398707	0.498329820019368
0.0866745963925661	0.612264710278178
-0.000880039275448955	0.00412236273114635
0.135253637867216	0.954738667138013
0.114590203952557	0.703165742008196
0.158969177991777	0.943205906749344
0.133811723056293	0.739952549047474
0.0712413046251375	0.310975397243507
0.0995938189305395	0.450012389420162
0.135579678291982	0.648353912676234
0.0886882697281462	0.367436966627889
0.0853703980855952	0.361136552087402
0.207756173649457	1.16247700146572
0.0631306551614174	0.234493699065865
0.102599316947466	0.407224597075334
0.0849128570667829	0.326862234128313
0.0383157601741601	0.123009790750358
-0.0623415767912926	0.214953878719047
-0.0917861673130324	0.330297213288295
0.0342237610169106	0.101463790815452
0.110021208450484	0.403524532779479
0.175543626508518	0.757499533384016
-0.184118592039801	0.697207053201851
0.164609162283523	0.540454336454569
0.178068736617024	0.657171644745422
0.086006583591489	0.254065435758583
-0.314185593482045	1.3308151011721
0.41288770211841	2.1527654528763
0.0993561278582676	0.305221685327789
0.063694431377218	0.186840945999094
0.164085356354334	0.655055132898091
0.0913383145621878	0.298595404678376
0.0130224586346069	0.0346941362955068
0.183963846324667	0.787110502083709
0.061867302041279	0.194212224488777
0.271730266136173	1.34975181243842
0.077775810630332	0.241107915906041
0.176983987659788	0.755322179564185
0.0101126478699854	0.0281497022083661
-0.0515155668266677	0.15755155418107
-0.0430418683055941	0.122554589989908
0.0928335640087928	0.329475361820063
-0.132711725875786	0.4881852084107
-0.0836503579658401	0.273882394868831
0.0372864341739091	0.0944987279544542
0.147532125689028	0.534039203216031
-0.0938029886981205	0.267027957976032
0.206099531620794	0.75429550066761
-0.255900659738239	1.00600695254666
0.120628919801949	0.380734333638923
0.0146593109108338	0.0323847418981009
0.124738057795167	0.331254827023114
0.0196345794437717	0.0430190142206974
0.0695145024814333	0.19882451850258
0.185020686411546	0.719248422747529
0.292914262459178	1.42191877619129
0.25720286032697	0.977856975194487
0.184707766206302	0.605196048192559
0.110916856941412	0.352732498354242
0.134665164403367	0.417436439259201
0.0810961391101359	0.64440182933381
0.097645309698494	0.799782125782146
0.10379948454218	0.862372842880148
0.085100348995249	0.64087628462271
0.0778977372992011	0.496727139343666
0.0185241850550773	0.0802633251145528
0.121467278580252	0.79357953804464
0.157301408009402	0.854625857466752
-0.0177723693492157	0.0621775514791074
-0.0437777566554897	0.16778251058264
-0.0968198356769684	0.438382929228786
0.110182612148666	0.528449227628343
0.125192471552647	0.58871093586919
-0.0835824127207374	0.316905150057641
0.0557950581415359	0.201901901004731
0.0377213698236889	0.12163206806073
0.0594856744378741	0.203619149085321
0.0989496201055775	0.367764215477389
0.0883751730162855	0.309009510529111
-0.268277745769072	1.36670174573746
0.0940187433281379	0.33411937753514
0.134328062742626	0.533891711534385
0.223775251355178	0.743237095040839
0.252089821073655	0.806347453434838
0.489768091943018	2.376677730054
0.151279077947974	0.408512004727924
0.383806952688831	1.36294193747958
0.175195499493876	0.533715766475472
0.0704297139651611	0.17980479796244
-0.0318531620720637	0.0885484081087091
0.145383893073499	0.570985969283238
0.0595670782370302	0.189472810130224
0.0309576571190506	0.0864857055304728
0.214279446905156	0.850153271137164
0.130577546311337	0.395411951610162
0.133783914079827	0.48309249318979
0.230138600450783	1.06939353858005
0.0462852070902183	0.135673122184411
-0.0100112098912301	0.0270352891456822
0.202625409513668	0.764880244404574
0.0396055937757856	0.106710080659287
-0.118219815467898	0.393077452999693
-0.0336092244791452	0.0871622427469665
0.0228045600844383	0.0605171270146673
0.0148879204858393	0.0345609270484467
-0.148323479433796	0.476524376464241
0.0415567314018482	0.104703171021178
0.164332505849629	0.417313181266624
0.05230603543334	0.093934950040889
0.322288243088474	0.784294356252071
0.118124495828464	0.318800398945631
0.104609985089154	0.349166476484465
0.0440129776526613	0.125800635533578
-0.00197217417861926	0.00422530353569175
0.0191812284372224	0.042314978640356
-0.0613782775413246	0.154146217710699
-0.0318007536750621	0.08010763381938
0.00957512686594831	0.0227027661189092
0.101826093405555	0.308702971123168
0.101151339301373	0.305123026568389
-0.024834899551076	0.0576815726576145
-0.00959228704587618	0.0182046207479771
0.031727828886767	0.024703086284362
0.0595045580675141	0.427015576481828
0.0457377231485101	0.302318934679042
0.0806969820330699	0.594192948471203
0.0571019928540802	0.323378770250947
0.139025069834665	0.955223704212046
-0.00786161384681094	0.0318994631754061
0.0361067704079644	0.149589834184673
0.0533270866790213	0.208229540955222
0.158888547893534	0.855759829689216
0.227998127606172	1.4858427824833
0.0840379655912668	0.364786693151971
-0.0518455683902335	0.199855184756529
0.116572414872623	0.541764223302347
0.0298156157165488	0.0973761180716142
-0.0129317906639183	0.0410615390389587
0.088472562837182	0.340858554605665
0.115483679200404	0.463868190313074
-0.241648680080119	1.28827995512128
0.134093990197748	0.51961050765119
0.193667206748891	0.863071375611471
-0.135383029254969	0.546960817165163
0.0470420104562553	0.151315328457459
0.14897814824349	0.389817064021357
0.170001293439908	0.383320933670381
0.351696316694425	1.30300095153403
0.399945444202938	1.56231407744482
0.132300135675334	0.293435668926249
-0.0352048988902932	0.0849218887904336
0.0678652896411097	0.220426823549494
0.0335757525548383	0.0976002225569307
0.373795173581365	2.35302835900115
0.33684401869883	1.79514535910381
0.0789499135191399	0.206741753798704
0.0743491608579979	0.21325238497491
0.00641565888776651	0.0167768329159855
0.0830232520379218	0.267486282928089
-0.0987993169364801	0.34101340221136
-0.0549862948751014	0.155242893096841
0.0268579193320965	0.0690696311574819
-0.027790859000472	0.0788214713809189
0.00491931897211218	0.0126949141248782
0.0340114807195266	0.090844380258507
-0.0968538704124233	0.278914523296779
0.0424755536600682	0.110386822023243
-0.140149562648684	0.437952753642389
-0.115426176500633	0.267248195776442
0.0569821501242113	0.101699206405965
0.0198425365959711	0.0329154879170109
0.00187974560713309	0.00413341929773472
0.0300180521654782	0.0789904850317665
0.14133282008595	0.450801658187682
-0.110430010378435	0.310286506242994
-0.0317000767881101	0.0758146717127969
-0.0647319298280865	0.189798593113427
-0.0937989210571831	0.280520017989056
-0.0365815204961774	0.0979556219642118
-0.00507824191984169	0.0126192135469437
-0.00449822954572009	0.0106398070710501
-0.000722338831978711	0.00172501873158937
0.335975734073893	0.951510574500433
0.125918719606942	0.125362315979834
0.105292006512163	0.0752785613022193
0.0634484550955353	0.464290988561066
0.108240091755121	0.923882225043825
0.0948188762008869	0.653235491090426
0.041346197071989	0.196766156561048
0.0123759287585446	0.0509827165090994
-0.0147670778595154	0.0552963756908529
0.120363872411354	0.583674451920651
0.00758798341426588	0.0250942606806109
0.0664506580833311	0.272571414909302
0.126765615340344	0.637080644446704
0.0774077026928129	0.333643791610008
0.0290164468030835	0.101298169094903
0.0235218701203166	0.0731282063552334
0.0867845325579422	0.353553042925052
0.0347036004976909	0.11097845397372
0.0790222597355644	0.288345218751005
-0.024942735874551	0.0742942344936172
0.0238788102807741	0.0669950160100575
0.222952172217433	1.02406100410212
-0.0467229374696608	0.146169654005042
0.01651819560896	0.0474588472884457
0.0929062158891498	0.290049043339492
0.0916013964653625	0.252261097134922
0.230534748346642	0.580892685635074
-0.0675982990118825	0.15316219770858
0.0608437225674736	0.196272634429469
-0.0463990189239229	0.139837256949086
0.0579448537569045	0.177805305530149
0.0805816194947323	0.248625034732231
0.134524098357627	0.466039136903217
0.0671620606695789	0.199645212338337
0.131708993173751	0.482921745797749
0.119172820934185	0.41903250127591
0.244785779001659	1.02175211170168
0.0906726013596319	0.278565555947275
-0.00666211775240776	0.0173165341277714
0.158434698544641	0.601101306421283
0.23270429527488	0.997756630440165
0.0204912907060405	0.0500382595570375
0.173087083111535	0.638171516207753
0.0325797315765907	0.0849983135582731
-0.20582700366087	0.548612648977156
0.24385303296874	0.570833446466891
0.127371529915609	0.221940387342187
0.0559426974669731	0.130721679586844
0.131848615025284	0.326609575392318
0.124607946712172	0.395232846383421
0.0605116944290222	0.177736766213505
0.136246424934277	0.380246443823231
0.055889477697993	0.138877501334311
0.021383313168792	0.0502469019936576
-0.0314540319888069	0.0813080131827496
-0.0239191242768103	0.0618050812719104
0.0294833095093444	0.0782098588207115
0.120197055754828	0.4023744741201
0.241168116390317	1.07864242988819
0.0313792836729854	0.0826010115376241
0.109936512828481	0.33343146071851
0.188079378071915	0.49843578549461
0.233159779439927	0.200115731037236
-0.802038742319837	0.860557814192141
0.326451749317584	0.325404810653541
0.0696985590585227	0.525288706465117
0.0557548546048775	0.374900604457149
0.0636066362343309	0.409325463356101
0.0104837492040021	0.0509870240147886
0.0719188065672917	0.394722089530679
0.0672944557069522	0.300565310912249
-0.0692726350983662	0.307746237728651
0.106983894802993	0.547419128687702
0.0735894453908039	0.346829790088222
0.196764640983526	1.40669912012501
0.0273440174145271	0.103430251188945
0.093917780907947	0.402519507483241
-0.0825391884519687	0.349064413534662
0.0116819905461945	0.0360011196387363
0.0238730531156798	0.076719280680557
0.132083495729359	0.563131626268161
-0.259976564616284	1.35522388214729
-0.0122808700997946	0.0340893088862179
0.18366363351127	0.824865666633238
0.167190843359715	0.786542911569886
0.0481021815308604	0.145242512211226
0.139661555394881	0.442373094648571
0.232037425797767	0.812338415076363
0.18441014402764	0.494696962166684
0.126857831477829	0.26657423642163
-0.0667399487707886	0.155334212499549
0.249862628319551	1.26496585724838
0.114845305048316	0.421831135713457
0.0623951941380102	0.190462721422067
0.224954897261463	1.06799043012668
0.0998506930485746	0.33155404626929
0.176447401433142	0.674821725667638
0.0877817999301483	0.289639532536234
0.027632274909194	0.0789636262129947
0.00751862922795962	0.0166988144026808
-0.0551096811065809	0.154140239001542
-0.0310834058493352	0.0914250036038936
0.115681074222863	0.421423587771567
0.0117424578036028	0.0298699927498171
0.0174327293603463	0.043857587282598
0.0826642782543023	0.249989846377124
0.0109674306188309	0.027080932092222
0.318437724076823	1.00491626959424
0.397368224033686	1.08471474734955
-0.0104514391065204	0.0160009405216745
-0.131257772612021	0.36361751205171
0.107854809615184	0.284191555415579
0.154702725679382	0.411451510255189
0.0943862544251321	0.28757718623335
0.141880047184206	0.529724443008491
0.150814295448993	0.590866451818954
-0.289733318163205	1.13569361169206
0.122534096675341	0.370899117769634
-0.105544151385483	0.310475892347394
-0.0719049773827758	0.217030572144068
0.131579794259241	0.478149211521483
0.126713799958389	0.460186267697464
0.242530547726562	1.19408207663361
0.126811751622271	0.451768981534033
0.115347703315308	0.366827778089374
0.0471333491061526	0.0962573263159647
-0.4909789170624	0.564415422429198
-0.0543295268905693	0.0424477992740226
0.0442948313487954	0.0422192696410401
0.715526314330555	1.3294311215938
0.373707601877556	0.836154016223118
0.110560468565544	0.154881319752143
0.0790741499282287	0.623113443215105
0.100059749795677	0.85055324552909
0.086889767793141	0.6720866882125
0.00993823969171445	0.0479294230179734
0.0769620534103011	0.404112398719645
0.0564669534276717	0.264245446190434
0.159270603745206	1.06516648508686
0.137934050599443	0.904853638226727
0.0370245437261768	0.168863500650362
0.104285943902872	0.553141431751025
0.0282271837298523	0.100685559040601
-0.0739856060359156	0.313302970675061
0.108922717108284	0.466725182139501
-0.0261664455192411	0.0856700406479556
0.0442666077278659	0.146626528818149
0.0724164507293375	0.245202662153109
0.1090999969228	0.388846170882433
-0.0518494890148525	0.163571850202142
0.0288475354958886	0.089227897188255
0.102748358334987	0.241998064984878
0.233270057139009	0.722245719481704
-0.141420530380443	0.309958246148386
0.164651594222388	0.490153518693722
0.158787097876245	0.658836316196238
0.021796013384497	0.0636882155092897
0.127368552631708	0.348154364495946
-0.0213949472903638	0.0564781876192575
0.0450375395093251	0.13488917790567
0.129585975569065	0.360587175192082
-0.0145973613855482	0.0365172323533808
0.147024364199147	0.53033632113357
0.160034661196008	0.629165233051021
-0.00768523199043953	0.0211367769330189
-0.0610994138457484	0.161168309011687
0.107733626217708	0.356140758782089
0.0277174267152017	0.0806811831630347
-0.0187466273164083	0.0528859195872372
0.255130168625222	1.14634451059647
0.00799920356171241	0.0194073508514864
0.230363570131634	1.00899450722048
0.0101036739324179	0.0240556799517172
-0.144454242241224	0.361681466264006
-0.0516705853835342	0.0784749838086848
-0.13950758669357	0.235500453342811
0.0382798041575529	0.0825759341459534
0.00511807118475268	0.0114952159852324
-0.0240571029937842	0.066181286932816
0.123494366616781	0.325664204592404
0.0799742180851311	0.177934407442367
0.150523366971766	0.547207952238866
0.223320888164462	1.02152790014579
-0.0524923085082152	0.130458052956924
0.0443464167930447	0.101145521400067
0.0129065209823952	0.0309300653413678
0.0702535007894663	0.214291276749649
-0.175307271337755	0.712854770005146
0.0685491890009222	0.227441786336357
0.0305869727807	0.0590351249900045
0.548471946787868	0.833269053340987
-0.155058117573068	0.146872270435158
0.0257654393010241	0.0251439496432805
-0.0491488576931723	0.0526594368467262
-0.256540720293639	0.467528005677038
-0.0401430795830709	0.0487137617452571
0.0663683728113145	0.0938653556961696
0.0946041984919413	0.802935608656482
0.0671700530185943	0.481398842930516
0.0552755722277707	0.34113692590242
0.0949590348411422	0.569451439036325
-0.00244357369589858	0.00970267175439034
-0.00409903466249104	0.0158764677097635
-0.0881297408082813	0.477096024638188
0.146672364439188	0.949612890762203
0.231589079880327	1.76587498888194
0.192471820954762	1.19381348320059
0.094953603249945	0.421964334833213
0.0747347847545248	0.28302479257072
0.18252213236344	0.922909147089777
-0.0978824701847559	0.381541181440397
0.157618246946606	0.709406803812383
-0.119070540868603	0.452128609948923
0.196440222970255	0.903252822984038
0.137802630057656	0.54262070493427
-0.0521905496719242	0.153230680674048
-0.0034187545793031	0.00814259347574039
0.0971067054626118	0.273627640029694
0.0222971627337706	0.0475488862618078
0.329184329017175	1.30339167789384
0.410328132120727	1.64204922084874
-0.0523167281837418	0.136815288920048
-0.204775218214786	0.878897688467207
0.0605045836026461	0.1871896330786
0.109929727324351	0.365270246663105
-0.00401453223563758	0.00934747807358362
-0.166986212271083	0.646619077973368
0.20182322937776	0.906611045638161
0.23718567246713	0.955587379591003
0.0898576089045609	0.28205213363094
0.0743096374435408	0.227954251173101
-0.121483361047014	0.416486829945531
-0.135180819341007	0.489881146165719
0.0737354222743029	0.217725119981621
-0.0425277702345556	0.117188921907654
-0.0753440114549799	0.240525904201002
-0.0914677808641454	0.304098982390741
0.107452473347584	0.353789124560123
0.0433517160973895	0.124909149213345
0.0852796556551272	0.26982916792032
-0.0208754908417541	0.0515303171766832
0.175488613422205	0.519348544325878
0.269721249693791	0.684209928665371
0.27555007752488	0.664739616874885
0.0135790722581429	0.0283177643591889
0.0710132145724012	0.227939989179736
-0.00261381173693336	0.00578940891725671
0.427167276793275	2.062095321052
0.122420806007312	0.431606743018642
0.01836160232084	0.0481374494871588
-0.155816112334041	0.475379108683422
-0.0414922115893143	0.107402737792171
0.133977354612457	0.386419389099025
-0.025053752519852	0.0641090501568917
-0.0305553140712029	0.0756357251619475
0.126656935076304	0.42898311580303
0.13222689553788	0.446956397512513
0.0293913620221027	0.0536298730949195
0.232690932901959	0.584449808526304
-0.0288854941455202	0.0245101673834271
0.233011849466391	0.199991704000137
-0.261959177571145	0.260323715244603
-0.0134466627013749	0.0122791973065895
-0.0841275565840035	0.102432654972603
-0.373764176749898	0.575458985464505
-0.0098023432051304	0.0131941335058682
0.257382135497747	0.436652376326121
0.073039409799994	0.560523038795236
0.070375953881758	0.515434289900572
0.0681804385492098	0.414128482900202
0.197654092456328	1.85858442766516
0.0496291102792031	0.253208893959476
0.0529665983593838	0.265271784424539
0.0792626387460946	0.430963455694373
0.0437690913518257	0.192865147380575
0.0580386562759193	0.246377617644021
0.0630541122377377	0.266757152844619
-0.0841484363037025	0.351987814988135
0.102980442129088	0.440685968701626
0.00122381024504732	0.00371437547366891
0.0323069221368981	0.100104020606736
-0.155077219166484	0.672642622925801
-0.0199866218011795	0.0599501892395047
-0.0948635635872501	0.366562869032445
0.146975033822818	0.580825951413805
-0.0810548318584326	0.265537405207766
0.290850586133305	1.27190901101022
0.365673389813397	1.5100716836415
0.0239679450215496	0.051951993842573
0.119780758707801	0.35222236495401
-0.0627533111183644	0.160175034313698
-0.0855372109700915	0.212194715574755
-0.0961275598100769	0.279407130054976
0.101839757723176	0.356065251635561
0.0661142725153843	0.206517351461701
0.219852230351772	1.01411008870387
-0.223390221506147	0.943911608440703
-0.00391725053623377	0.0104514670319294
0.114701695207211	0.421892860534008
0.137464751519374	0.555782068768636
0.300334072706611	1.34895952586719
0.158274167461297	0.492449598121821
0.0364312323339158	0.0999531162634207
0.0502746636870702	0.148071874229759
-0.04537997074032	0.132702797393032
0.0675834227622118	0.211817770288428
-0.220357817239635	0.915921971373426
-0.328629692216864	1.81704671743947
-0.200017890603648	0.897003786704922
0.0298511909584822	0.0846224040867397
0.123999323053043	0.429386569172068
0.0942815406460829	0.277562792883368
0.349828667895168	1.86939887456793
0.0399855144920407	0.108953562563195
0.10947806132984	0.294627237318498
0.0280396218169757	0.0486782340994957
0.0366762842067154	0.0625368662169108
0.078264070586996	0.197169637291395
0.0916492196604977	0.2308850701882
0.260199695770782	1.09076898722333
0.203251049296637	0.694126985270602
0.028368502352833	0.0658468668674673
0.234221062055247	1.07722351411953
0.104207756226221	0.348209104202249
-0.0516501643793673	0.132005064962759
0.0560305151625927	0.149888837290744
0.0496783349449642	0.132530431737694
0.0335194308848356	0.085007525582783
-0.0433928972913308	0.114285456520976
0.084777167718695	0.251223408230754
0.0710849829484538	0.146024582958095
0.16169498175043	0.365303440258177
-0.176899628174336	0.14569270397706
-0.395670849861593	0.36495177532159
0.907371855260045	1.20932278910108
-0.52007169487911	0.746946568406559
-0.0998480151780016	0.136099039446922
-0.433157903811	0.714492836661884
-0.0502009206659053	0.0609471536480684
-0.140797070086935	0.21874459126902
-0.00270756010566986	0.00448164733137588
0.0689004705799691	0.518201521262834
0.0217539387601664	0.123985854841844
0.0712147891797238	0.511858372197279
0.0521933867964457	0.314931127334763
0.012145068341259	0.0547988301590603
0.00243779023300734	0.00948615091591211
0.0532920418366892	0.246324332834188
-0.00224197330881416	0.0084546293978778
0.0412102740503161	0.161638410686217
-0.0529527537197445	0.2119545880379
0.0819300037977192	0.337902627500756
0.0125620951055714	0.041797281962433
0.0968226279343008	0.403936372244836
0.140680015113684	0.67149644283513
0.0864868071502421	0.325493664763529
-0.130680188705576	0.504595389129941
-0.0948805431085948	0.360788228813869
0.140079943329067	0.58718311306822
0.0422516097721513	0.124113139678727
0.105290233476005	0.344442469882748
-0.14621830789641	0.53344062837954
0.0998202578420294	0.323760434811997
0.254341807905777	1.24364543422018
-0.110691067054065	0.364055976188659
-0.0134217812799235	0.0367178315650053
-0.131353432775498	0.49611067717143
0.133761737746693	0.449099738499019
0.147208983222137	0.497618145437325
0.00572659014508125	0.014116084528369
-0.00463661274745988	0.0126372624081757
-0.0110123003750297	0.0305565127551067
0.125430189712978	0.468563928655318
0.205032318518148	0.839455914270498
0.11749508658924	0.445384798479687
0.0871528820304984	0.29864044475814
0.00725994821026001	0.0192528716437424
0.0847154129752414	0.277947947513197
0.099277423443938	0.367231640177944
-0.0284763406163056	0.0802832491261894
-0.0669342842376099	0.196928807447209
-0.0962211652261799	0.348345685165607
-0.0132754058970638	0.0357417329867126
0.0742293443168377	0.224510464420811
-0.205110522537009	0.747177256201911
-0.0267846759955004	0.0673718545615481
-0.119977770239393	0.354147616642022
0.214575155333204	0.79731937600649
0.317508322441309	1.4103079384088
0.184342364022677	0.724791919428598
-0.092740654815947	0.231677883876408
0.368596818215078	1.57035322251895
-0.250769866068239	0.898898642234399
0.206313886403905	0.666163603209655
0.14422893748616	0.356591221538362
0.0766950778953681	0.191009611183576
-0.0271334839937414	0.0705589757764035
0.105664719228262	0.359119146061041
0.263971675011899	1.2084529627449
-0.160240174435271	0.569190396643789
0.0460831173663656	0.121159582147307
0.00869591704213015	0.0164223802622349
0.112294881708124	0.268971692857161
0.0591458856875646	0.131110538798951
0.28025193059412	1.14059377296717
0.105120050261289	0.176285598780725
-0.0675541533905576	0.085346683717934
-0.356330217557775	0.223857152512449
-0.117649407013487	0.0715465805440754
0.548135167552563	0.392379239586317
-0.577536996157852	0.475196939732557
0.261419691926012	0.329629366538248
0.332789731328318	0.35306915818079
0.185159578863929	0.197414482129367
0.0306507544583355	0.0372582521399942
0.0982580798382517	0.178899323078558
0.262301117632917	0.684984649790974
0.62027674652022	2.2956502327525
0.201443208739359	0.410335128805746
0.245733244230029	0.660200514661204
0.0775286226602535	0.609779546859269
0.108036474280805	0.953941283500652
0.0483560468896973	0.294006351458455
0.049287598988606	0.271885846539937
0.0823681177762633	0.456948779304522
0.121599922000376	0.728118890067812
0.0713838896902166	0.360533440160102
0.130857526616725	0.693016452442541
0.024674176038463	0.0880295195600314
0.132045714924719	0.626148269291107
0.0560486193613226	0.209846280398282
0.118524996664472	0.537140599887412
-0.0827581320923788	0.329697645084358
0.0737345916499053	0.260180321829692
-0.236208753745995	1.10479037819505
0.130899500875362	0.532319097022961
0.129085848532525	0.515063061211493
0.261490332266305	1.31582294291799
0.0215828263178646	0.056356061748866
0.133076041066917	0.489504295654059
-0.107699552916958	0.358769530260371
0.0441791510563939	0.130413726178075
-0.0286142484239142	0.0737514455394014
0.00150197051785226	0.00402942220572894
-0.0849054478874188	0.270779392231669
-0.0622508434030008	0.168715138026553
0.0290680258189272	0.0724997172616091
-0.197810883326908	0.755646430093237
0.027360339052079	0.0765120320938019
0.0548509671189518	0.167220334375774
0.099601911365001	0.335709896706322
0.0545809758218076	0.17428164013646
-0.0156589948601974	0.0438613204198071
0.0755467011974488	0.265956955976299
-0.0440910374818848	0.130581175058161
0.00108873560032108	0.00294227415965376
0.0326472671237353	0.0907512676116921
0.170346180973855	0.625067051587518
0.0663233441453998	0.209850614200016
-0.00499569672979684	0.012253001657507
-0.0301587433411464	0.0767960688065185
0.114961291213424	0.352676187401942
0.0487916611926833	0.13064446164004
-0.206800189912231	0.720960378717778
0.108044308600366	0.303808841196276
-0.0714840999423202	0.180388002533161
-0.0232209517667811	0.0580109819221679
0.114955693378963	0.273585946555639
0.266672422291542	0.985413438927978
0.0953352264980165	0.234092854819339
0.0555346138626648	0.127943923644389
-0.167843313702066	0.488308571177525
-0.0468579887011988	0.112074117524556
0.0338838854627175	0.0836154719973973
0.213038717592555	0.870699921535779
0.10283365464189	0.336838324565851
0.0955034272677606	0.249032825413382
0.286640362622146	1.32466753051239
-0.149187747010943	0.4841032826265
-0.225946850309187	0.670382921075588
-0.12905978325726	0.2978165834515
0.110955867395534	0.265131129202945
0.0871188872072391	0.167589599788533
0.212417109960407	0.716446457588125
0.167211047123857	0.456495271787372
-0.0291796402779542	0.036723158842795
0.166674006894131	0.307968429058748
0.396451486792606	0.958856201512631
0.505951391944568	0.456317547526862
0.401381889443331	0.275154516874914
0.401332162445279	0.32999638678648
-0.648688272334183	0.703368613725072
-0.220753095479064	0.270325601025073
0.399076570763002	0.503796531419299
-0.148096563990725	0.173422763345198
0.198938532340868	0.283573531176463
0.554384283111632	1.89564956007757
-0.0683206026966063	0.124611019185676
-0.203686039409401	0.4658565879954
-0.283952995903439	0.546651539758664
-0.27096831419705	0.715546379287723
0.3958232569982	1.15712988825216
0.117026059502947	0.222158556060616
0.150812600828264	0.257713232291945
0.0732923683210445	0.563416873597602
0.0780501950488526	0.599866038123187
0.0397341799080596	0.236429803366396
0.0980002575294078	0.686618494880323
0.0567923699572228	0.309667913065641
0.0581787911747171	0.30477536781493
0.0714069898191083	0.337252929528788
0.110230580188629	0.546934168980494
0.0436928079783029	0.168116615935884
0.095562681977495	0.42794601493068
0.161815299310594	0.873575514656125
-0.119267557577565	0.560712978992313
-0.0442366917838535	0.145725592326632
0.0753942253035128	0.255891083636134
0.20081575763214	1.03748234375888
0.00228726233534759	0.0065790284172779
0.120520199944726	0.461728044753465
0.163950577828757	0.660171623238959
0.107096887593077	0.364357313717423
0.213632339062904	0.922596344007514
-0.0859669754746398	0.25816858762263
-0.0551243967588374	0.167147965969686
0.118349675823922	0.430667570059683
0.279159940733116	1.40423912459031
0.110792639293909	0.352234145130678
0.00916989223927011	0.0231630421559132
0.289459299909122	1.52975701668222
0.00684228862043058	0.0186656303743843
-0.0220300230561659	0.0634616607728197
0.279726806690635	1.3279284531754
0.0702588192328845	0.231386182399895
0.0910927823306891	0.321913006548615
0.0250136095381042	0.0736137933415643
-0.0472470318213364	0.140246304337533
-0.11780990954733	0.442905052066993
0.0341069191428127	0.0989577115295743
0.0503371898224428	0.144433682464362
0.0352304331713679	0.10608536135275
0.0425266841217075	0.123450774863609
0.144570682320125	0.523612108861149
0.298645940874002	1.35216753906282
0.0893424976008543	0.286813755585232
0.145787219599641	0.489771599496861
-0.283314894089589	1.23095462971052
-0.112320649841947	0.334860270834029
-0.0285504235332597	0.0723985734254433
-0.0989264237617452	0.242986362948158
-0.020525032088459	0.0439213481459553
0.0847181339785992	0.229983464298913
0.118398516468802	0.312327815282521
-0.246544199937142	0.85555989284608
0.0384813237359153	0.0930617822568578
-0.0726835782398004	0.208210694241421
-0.00134196015363647	0.00339133722098172
0.0625227800369211	0.18286026716157
0.379286223975519	1.58604264483436
-0.00111587857031902	0.00249371988561697
0.0857079409098387	0.25228566079225
0.164025268586174	0.604778225084472
-0.0857685462582965	0.242957230477888
0.314619007079499	1.15701225846386
-0.0474739342183552	0.101227634425876
-0.0660099565577945	0.154912147145733
0.331392495327391	1.04898230809975
0.121359593669486	0.357965772648906
0.230306855679759	0.729800758246175
-0.0613203061708844	0.0910376405316673
0.137606764992756	0.258389383680714
-0.107807074803589	0.0831379279350081
0.0493637876826955	0.0399991490323907
0.230894058409833	0.248347253743506
0.0072734255341273	0.00586797936424386
0.601866424696838	0.940868597195141
0.429973669979148	0.832579004604176
-0.125962819118151	0.231885860893466
0.0308131120024479	0.0582775417146699
-0.0353217384562276	0.0608246249111156
0.0137461725934698	0.0197873004522388
0.215592357961108	0.490956829047009
-0.0902262571640182	0.162705483756826
0.313450934276927	0.567859583867434
-0.117089279680033	0.186399375114951
-0.502152588566334	1.30543098761826
-0.167456472433623	0.305801319971021
0.0987521470745321	0.174316265366016
0.0995983250086042	0.865648475873225
0.0717352324500545	0.530713049304897
0.00259902396803233	0.0124810507102697
0.0630376242016533	0.379080782851646
0.046227323836085	0.234650580280477
-0.0234334610074834	0.0993397299663439
0.0782831581178262	0.36291621606225
0.171413119661853	1.03939019619436
0.121789385402434	0.594077748528121
0.0398846921817575	0.148910396552577
0.139656428617927	0.693808789219309
-0.0835418949725114	0.317293082813878
0.181256859264906	0.862461846171538
0.0311167390751256	0.0990154423081965
-0.0387854494531426	0.119087631211859
0.0623584713641118	0.198918546017195
0.00528312381094645	0.0128517742241263
0.0392066407008202	0.105063369848106
-0.148391189929282	0.478927935903896
-0.0106306272596996	0.026552346135923
-0.0112849486235594	0.0294023294586495
-0.101606849990564	0.345040762132831
-0.023241166881332	0.0643326864216531
-0.132661307617582	0.477773423772777
0.0183765005539995	0.0505408390273925
0.182460471602805	0.789500516715732
0.104579771279479	0.37205760926212
0.0354095753522759	0.105199857781842
0.0353369242120795	0.0993202746002876
0.112741563409396	0.420318125232184
0.0463347875058056	0.145968906823395
0.117253351219169	0.426856830982375
0.118581859508032	0.415315790926942
-0.113508132206086	0.390638932832464
0.0932209434342089	0.297699771964678
-0.186466193764639	0.730945866612258
0.0240814137465308	0.0623965317101836
-0.0824656503032166	0.258774993154313
-0.0794967467506688	0.215834889831283
-0.196088513976729	0.77049913424154
-0.198466125109894	0.722016566266449
-0.00581799568415128	0.0135779627693849
-0.0772004022196515	0.159232437639674
0.232099270610946	0.676954004159669
-0.0350783438782338	0.0827327470581682
0.200458020433349	0.65335828504394
-0.0225198175686413	0.052357806825987
-0.0882679725450966	0.246927969890197
-0.209322206702378	0.786130182174509
0.0472731739030216	0.132455167351372
-0.142784057029109	0.49884778767423
-0.0193194823439864	0.046373530593506
0.122178345397806	0.380530913241143
-0.0166204321720278	0.0409919614651067
0.0894955046007703	0.262341133275492
-0.0469157123774763	0.120110422534255
0.056726754938105	0.144991742768116
-0.145056416300973	0.438146767257786
0.0324989721844942	0.0746948911381403
0.132071904515087	0.369299811957386
0.015116055015108	0.0316224725334235
0.0920708271930548	0.226871885696672
-0.263350745659074	0.193811980695915
-0.251876671233422	0.204558076421298
-0.0469107705102366	0.0395850771660534
0.0397968876140514	0.0345606897846042
-0.0133632924397955	0.0136684597588388
0.190349662946841	0.28981056254409
-0.0487457057080527	0.0615606708757861
0.0435480989976392	0.0703865148667524
0.212346631003768	0.450687605336056
-0.21483852523967	0.451507968037729
0.116000020438751	0.174083963219732
0.380145120030577	0.991816786116709
-0.0223093150158683	0.028103270643363
0.267677558786708	0.556496401221209
0.0329865297565457	0.0470499533167986
0.24011775972307	0.508398822949979
0.175915754186966	0.353457631671386
-0.0951869743240657	0.168947072683189
0.075546828372561	0.586686106452979
0.106574863750242	0.923829646727213
0.0716294682897839	0.489048864786594
0.0889055505875751	0.571238125144562
0.0348343817494329	0.168346105499815
0.061178199013263	0.273145000258481
0.0749969034560928	0.357756370491883
0.109028124491523	0.528599711568091
0.190565574963227	1.14667239003008
0.0794451714743489	0.326369615741561
0.0349934263790388	0.119897135623373
-0.0680716535446581	0.249505975043652
0.15407277426674	0.711155562376374
-0.0276833256788975	0.0823424266370894
0.256701402342409	0.920667087248895
0.177844713283056	0.629647804950356
0.0731749816148837	0.209266472116061
-0.168689299500649	0.613402738438107
0.059307723298936	0.151317334463281
-0.0312860298608931	0.0702092646214427
-0.0725720887777811	0.205451835497562
0.159974148829183	0.68307055458665
-0.23076790138026	1.15586640248918
0.0440965367464843	0.13171152911201
-0.0196730091870548	0.0496777903138073
-0.0515965411163668	0.162366458532222
0.158676782865412	0.669215058234428
0.208526789943782	1.07620900367928
0.145686415642891	0.587470115285203
0.067786146174213	0.207653016864135
0.101044304656003	0.316968150362937
0.291627701721757	1.52517607024738
-0.064038109076573	0.194014339307328
-0.128208516206046	0.475301933652341
-0.0298217449440244	0.0879562754720578
-0.14530138077838	0.56674760653733
0.0869451394648258	0.313776497451537
0.0691797060646679	0.201008751558115
-0.00637826918886004	0.0172569838039258
-0.0136300450149417	0.0369077949927603
0.0174342579864026	0.0482741383724231
0.0778426190797664	0.254898106563575
-0.0963270376133128	0.30884864623271
0.0116476074826631	0.0302367096075233
0.0934460378304098	0.288035991128152
-0.0656288470136343	0.163201315054264
0.16337111063073	0.385131069306322
0.22597254203768	0.57498850659683
0.275465651245586	1.07797506985052
-0.105309782188132	0.30714883403936
-0.197444990491337	0.748526116058251
-0.164849751075979	0.588122846385875
0.20623367419996	0.77264643778596
0.262109843737998	1.06399817930712
0.196097158931167	0.82401109021002
0.146965462419365	0.54371612271616
-0.0887392327460569	0.286607175003132
-0.226389487577768	0.987908362308539
0.0778078412437176	0.224916417219489
-0.0206528444194427	0.0483021084266569
0.100649321613436	0.277847629577377
0.0635334345071186	0.176059962553748
-0.039952397698202	0.108484560365076
0.203133225582123	0.842662449439313
0.171884069064203	0.632647121796736
-0.072605154778899	0.210508406962429
0.175309151937251	0.560261494525852
0.260098852759639	0.327564845714059
-0.47661514533657	0.764129128666405
-0.329783657564193	0.688028062176146
0.365929420091655	0.632099848820811
0.0215273808727486	0.0287787770087993
-0.0505044082767183	0.0681830159735164
0.274025446076474	0.709873350962846
0.197084496472073	0.413811556967656
0.271274757059039	0.64007865843847
0.0454236224558782	0.0576265656267087
0.0411511912327755	0.0604756667202428
0.229308764598538	0.378460871778938
0.201428068900359	0.319079568626811
-0.0027339056195944	0.00377763636327797
0.13779560970201	0.260954325775487
-0.259656974372294	0.599292422550829
-0.407162189079602	0.961375264465748
-0.033438578791965	0.0505146070777543
-0.0417621666594207	0.05999471471279
0.0540940610001548	0.0769649835574982
-0.382179398423599	1.06923916464542
0.105028363453075	0.934088208710149
0.0606998756567724	0.417924773448496
0.129770076753735	0.996934735396551
0.109260611956787	0.796402957288629
0.0832552909212142	0.437696141838181
-0.000524143012372515	0.00199742560477284
0.0228722762688287	0.0845265747863682
0.133116384601006	0.686640766628692
0.231039452474051	1.3948785733553
0.0610663596650743	0.233666431857309
0.0865178015771915	0.370898667015746
0.0174137193852662	0.0536969402102582
0.199809297652727	0.833641897253153
0.0250357389554888	0.052114932875773
0.303270511697769	1.24925891574317
0.250278328924536	0.657476041656303
-0.00477259407457811	0.0104832714496385
0.207347700358653	0.739175200351484
-0.164218907353181	0.559179449999446
0.0473808846450891	0.11142485232449
-0.118039081430746	0.229386226974908
0.0340835270103011	0.076720063456821
0.120047187499117	0.477242277464709
0.0421599814992644	0.139614614280377
0.0807137315021521	0.29766893332696
0.0332493663064092	0.0777321625401925
-0.0612823324565145	0.190854697365813
0.190715930693988	0.860200585560645
0.129693091659303	0.587324146789355
0.184641684875351	0.937027777580363
0.0611546739545482	0.204548149660406
0.158065095696084	0.556987398347596
0.0705669324158239	0.187712868852327
-0.120149080343765	0.41481070440987
0.150189085063992	0.513997406722462
0.165972001751197	0.710638808957059
0.0462682710651293	0.140569471767674
-0.0209294971776664	0.0605532173823214
0.115360354857874	0.464966228387041
-0.165135248146633	0.554137762833457
-0.0510778726875841	0.151595787191023
0.115935544052184	0.434342736775596
0.0828949426204225	0.287958114394022
-0.150336016906789	0.591509372632451
-0.177254328000237	0.662677601525069
-0.218470350787245	0.891633792987196
-0.0514966104413893	0.150907600379252
0.107060265916674	0.215307396976127
0.271331369469533	0.572497916584464
-0.358163270505049	0.642855615934768
0.116834398479034	0.327489434153495
-0.257908208038361	1.09039523379819
0.200499182340049	0.84972932859108
0.130057564747491	0.438684443023549
-0.00082498647016536	0.00166464543357144
-0.162478536743359	0.472263635064902
0.236456230823315	1.08169166286071
0.188532058105714	0.860252626205813
0.111030157249212	0.417402186258969
-0.115303333755206	0.422194581694412
0.326986595921082	1.61038077898624
-0.164225929720256	0.478928072795534
0.00114157153258995	0.00253161238304499
0.179824984565165	0.670017784060011
0.12884805334821	0.473300052094658
0.0235206393657912	0.068736779494951
0.0891322613882596	0.304949669571196
0.121962860094072	0.479355727766778
0.110985766766532	0.291415099223628
0.0495749155450088	0.131009485553883
-0.0364611494341448	0.0872382553593387
0.0522087744775451	0.140023178922556
0.249015608431392	0.347916882078576
0.34413467935842	0.419672203685189
-0.304148539171823	0.450360045461323
0.304893064307506	0.508820675397852
-0.0418462832927126	0.0778086817490729
0.0852249697189554	0.134064460894152
0.0833987722336183	0.16781784019634
0.0339778135653028	0.0520509019555433
-0.116582687407466	0.277151007698071
0.212996416082776	0.479607235076409
0.255377768687032	0.426365304599532
-0.430313306366556	0.619173463127095
0.271413700787389	0.433031573652464
0.0254473433024462	0.0439784237477293
0.0204651428353766	0.0387612170916302
0.30721596245029	0.85454683874966
-0.316869186415625	0.904068824581461
0.141963855860627	0.261239626717287
-0.0629075809758137	0.10097741064757
0.0959975704678547	0.156155866705563
-0.232233377506387	0.602839435824682
0.0824555304468361	0.6606204754386
0.0790437745040212	0.61332903374142
0.0910309732726843	0.722588104027597
-0.0096960858113974	0.0450139302529311
-0.00273964302395509	0.0120414719103103
0.0801406707590656	0.440459329013896
-0.0191041373715612	0.0774449651702035
0.00690090497632569	0.024481338157608
0.060506470280311	0.25212988929297
-0.0683055549102863	0.28619393026926
0.193134500764039	1.05613068690135
0.0286011502126421	0.0878184558655094
0.125153609162227	0.475446493812495
0.0673307420305781	0.179979720550644
0.141501576925001	0.523301871426673
-0.0620510412379803	0.178788877232661
0.0225784527684852	0.0507660391905987
0.0471493070719736	0.130185340867818
0.105036314000351	0.342137193089935
0.0890416930965919	0.275448635252627
-0.0436204469352058	0.119302451632143
0.205880488390456	0.664209198404961
-0.113340042440577	0.376357917732348
-0.14307128527632	0.618712367308021
0.0313463011067432	0.0983149739858466
0.0135068560289572	0.0406482482773793
-0.0863226049276928	0.275742798413689
0.00581069888376949	0.0160860380099167
0.0281377525822012	0.0860991871912999
0.0114138758203608	0.0358514421863774
0.115763484950869	0.482204377172231
0.158236960584032	0.696203772628047
-0.00332513834229704	0.00830322422216154
0.0110343619872051	0.0273849583793124
0.137000392328972	0.512753581310402
0.104053263825662	0.352186275131599
-0.119746938915404	0.45322343644576
0.216793838922962	1.09033474235575
0.287302713469785	1.67046174307109
-0.166284754221144	0.748484843715508
-0.0943726125191852	0.305669341103264
-0.0688543795353716	0.217892732108877
0.0650000755797363	0.219986245982025
0.149942695917039	0.619549207841908
0.154578121165439	0.635914542891118
0.0324663830954806	0.0915103704593879
-0.199953713989564	0.846550153794085
0.169393738092166	0.68396699763993
-0.00894102256919453	0.0188899295234993
0.333074184921059	1.06371585949562
0.0747887134118702	0.13732593631351
-0.101830964308264	0.298009914106994
0.0772275933515755	0.21172266384655
0.21754602637373	0.904587883358595
-0.0508050505716842	0.145736961547947
0.0828133018901991	0.220337390431197
-0.0156424879154037	0.0348284722398876
0.175798952176833	0.744064765162004
-0.00733722624953942	0.0197242231088275
-0.104963085074416	0.373649272208702
0.161138672395445	0.649876162061445
0.0293279906085117	0.0766641392373472
0.00899982673929981	0.0221612325707893
0.120881685770263	0.396110027491114
0.121705282525373	0.407800638049444
0.0981922466683466	0.306932773167312
-0.146402328997445	0.543132315514764
0.0387792593795328	0.107023190616909
-0.0581226096154191	0.157384268642779
-0.266338087880561	0.824837208277258
-0.0681903628803673	0.164624307303619
0.0506582044419913	0.110957433353565
-0.910386914197334	1.60939593507606
-0.397998178865371	0.436511687185121
0.177307289404868	0.183533966997986
-0.048431977953305	0.0518356793930052
0.0432565906996947	0.0637512816475583
0.0115294487318813	0.0143963781540771
0.164249467820461	0.282032163878561
-0.126373328303265	0.282603237745402
0.218065165099072	0.509614627358913
0.162611274386677	0.257206473707445
-0.0733160413412474	0.112199741606769
-0.463410313883386	0.911201139537606
0.0194836109075182	0.0239839642566678
0.0224400694189701	0.0340721190142859
-0.0575494199676366	0.0983967337874934
-0.0161604817619972	0.0253723332673857
-0.235740619945445	0.528430278320411
0.246896398962293	0.541694573252914
-0.22948043001481	0.4469491111395
-0.246646559991077	0.436581527869164
0.00278577129304132	0.00454509419059853
0.0627901417612845	0.459848713662982
0.0588496293994493	0.402943241564335
0.00744128988620641	0.0343624165165942
0.0744487591057291	0.4497379142696
0.0792310114353976	0.449668485734946
0.11975510015154	0.732505190652633
0.0918924263896791	0.487767264742293
0.1085933678834	0.532095903032134
0.210451370601924	1.27835191289529
-0.0964812703827971	0.415676133379384
0.0406317013836342	0.13744480386887
0.0114010984602586	0.0332543235140722
0.136572268549908	0.533450885397533
-0.199396927142045	0.891082755857956
-0.0584595213667864	0.186084416702421
-0.152894697402479	0.568795888049968
-0.274872386545458	1.46734756571807
-0.0113210881573133	0.0320127104230386
-0.00837002754850305	0.0228679487549699
-0.0619685889459868	0.191430613882908
-0.0480055446814271	0.143311895193241
0.189672153200187	0.856301517074641
0.175642194403289	0.829700357401802
0.0998985785859081	0.387345705993592
0.0283386779219282	0.0847419389943584
-0.00352369635358441	0.00968441307807727
-0.0556895805562381	0.181972697959007
0.178665384321353	0.868654919414196
-0.14881705729509	0.638554432110573
0.0371127221960767	0.11471621342132
-0.010925978575084	0.0316692444504948
-0.0202522552052617	0.0602433378286362
-0.185886108953279	0.859767815875875
0.108087806330984	0.386342075828744
0.0609150436700159	0.19764563735725
0.0191343920936616	0.056915046129688
-0.165139196456225	0.755361888802272
0.0681415186712515	0.229061838788956
0.0504678576690476	0.154881761628341
0.118418086547605	0.455998036723386
0.0743903190011865	0.259461920636845
0.0442695776966957	0.135575793053806
0.0489465622440214	0.14640922315433
0.212172304486133	0.982722618426389
0.00838879005227898	0.0212843857573648
-0.0480524719157748	0.142673994049898
-0.0338397822896563	0.0933946736577531
0.0890596409744179	0.279645955107027
0.122379938242415	0.299855020022418
-0.103139529248454	0.282133993074487
0.0700805087901363	0.194775162686711
-0.0709277283272416	0.183864642334929
-0.146337298406535	0.425741211371441
0.0817700003369157	0.251850201707253
0.150297255617333	0.569457530029053
-0.0218227257517136	0.0601571966014588
0.0295004469145551	0.0842407828084055
0.245047528350504	1.12459267346385
0.0828148323027063	0.257519794956214
0.0314862291237547	0.0863929731740523
-0.30043168276894	1.5740644813826
0.150071430931837	0.580986412954385
-0.128637647877992	0.442841883543582
0.143372762250363	0.485347901626255
0.206846044658091	0.742539183063572
-0.28619138226846	1.27314299400959
0.207022997857073	0.695467668552614
0.130345693068335	0.403676298503953
0.0602091499958478	0.174660713581427
0.0332047449575634	0.0862989144464666
0.380788068959421	1.88779491083211
0.25432670046691	0.985025665776766
-0.221522252082964	0.494479089894308
-0.0617427754498862	0.126124626724243
0.117731919884313	0.230668471648942
-0.0338428328453056	0.0243385578467598
0.141830635854465	0.111503290136121
0.182752391261537	0.129804051542274
0.867691982115386	1.33547347024355
0.124080416020291	0.159581806273766
0.268072968621859	0.668054581433277
0.32315795863837	0.649070076766679
-0.446169206128268	1.21074510968439
0.493835335081109	1.47526905404401
0.0519315060712692	0.0788756833507126
0.107321480446444	0.182063972834376
0.185144389960109	0.366700856660146
-0.0521709663711354	0.0889639548077807
-0.0995092605489279	0.198418215242107
0.0513848236692946	0.0897064901209353
0.0475002394290637	0.0915649528129931
0.0330655744231623	0.0518007700237258
0.115570381469452	0.201822377570577
0.117729988933596	1.10017279814277
0.0708818061641743	0.523877053624349
0.148851302404312	1.46868600379867
0.00383456433067254	0.0183124016940377
-0.038220540282659	0.189761039083543
-0.143589627863514	0.959373039735859
0.0501342776269104	0.224759633581244
0.0209268301206004	0.0816260172046831
0.0301896759785397	0.112200664717832
0.00500346479296599	0.015407972400805
0.0569627715619935	0.19570487175214
-0.11348993501773	0.392375158575832
-0.210553836592619	0.982559178722982
0.227565664871035	1.10456405665324
-0.076521952898242	0.207025571426811
-0.0663139348565067	0.191687525804337
0.23673822824766	1.11204089726242
0.0399288010974861	0.115749470083797
0.110913851173194	0.35226106496929
0.143981406988746	0.430318175077221
0.0441966556496367	0.128591955770093
0.0256971299201704	0.0847279125328876
0.0228107622435691	0.0737843376822029
-0.192960287824221	0.999634656982413
-0.0620110204594602	0.181242293662618
0.123235397520274	0.492145153413845
0.125124885121589	0.510955111332183
0.158244830451037	0.774088248456144
0.110505721649107	0.465549933262361
0.157873132822208	0.728868647997303
0.251938951133364	1.22063988776655
-0.128455705205684	0.441975228962485
-0.150526864566317	0.578017521753865
-0.0947863159134914	0.303751801531301
0.0608930621410608	0.201380992221475
-0.00957013422104389	0.0270355748212813
-0.089279078478899	0.317570002505094
0.060487253766857	0.203916073209723
-0.113649753432222	0.371283457454598
-0.00798951818208485	0.0210475188605874
-0.0746201670753264	0.245368791798904
-0.087550327682375	0.300637507304334
-0.0068741694795061	0.0186445421248323
0.084698855131122	0.275233681808151
0.229233369750471	1.0127899546275
0.110916525631116	0.387990990610722
-0.184546212890927	0.550054783922262
0.0906399608943843	0.185841011770185
0.432383021244241	1.35734668852781
0.00854949062324552	0.0199250931390696
0.0513310662731192	0.125771653068986
0.0567073709656791	0.162291973184026
0.28721488374699	1.34106762764017
-0.278727858987473	1.08205906365628
-0.0684452688532884	0.178543263293104
0.133077338201657	0.512849909663042
-0.112840451797563	0.421873046494
0.082872445378203	0.285245292801289
-0.0688817474952571	0.23544561021686
-0.206045025765509	0.831876600828702
-0.0539969374060326	0.148015995681508
-0.00790490239649516	0.0201846742602522
0.0000322083553078793	0.0000761567692847086
-0.0443484578021805	0.131439183394483
0.0189363616165874	0.051102457959487
0.183404062450801	0.717025703437672
0.0803038930717403	0.241477911306577
-0.100100874759892	0.32202789369697
-0.00587030628043921	0.0143752882517906
-0.00979998965171949	0.0218136259792432
0.141078720745021	0.448217703328614
0.0270642149525306	0.0655383951158833
-0.170998532842044	0.434754156929954
-0.122359525931873	0.347245710015936
0.238585308780101	0.794707830676617
0.0615624677108121	0.092976782122413
0.169619933887023	0.235147888743824
0.418807744697378	1.01067704611912
0.176406813769515	0.317335266043477
0.323602547199712	0.633983397212089
-0.0881446825765579	0.127742760384653
-0.306532008208027	0.454752407514568
0.165965050322785	0.266722673624674
-0.0745670933856676	0.128521243511108
0.14220542801643	0.27320668785763
-0.291645468822717	0.753397320229022
0.309263458479575	0.664796032972312
-0.210225982951542	0.424924877864815
0.176295530884749	0.317085020052506
-0.37362227332031	0.804007317425965
-0.0260832218270227	0.0438073573524165
0.0838378111279198	0.679144393253412
0.0610573035935579	0.43281537045409
0.0173145445099982	0.0931101728368684
0.0511231212596485	0.289957161133793
0.0165213121985798	0.0754070099042551
0.0125429908777468	0.0505928560579538
-0.0203190976741425	0.079813185989514
-0.0107936682161515	0.0389531564542816
0.10178197514508	0.455047599285087
0.0939538076013738	0.369582770025287
-0.064032398357142	0.215112117376879
0.169923529579262	0.789489969639473
0.0652641251599096	0.210038562113734
-0.00230618810036372	0.00597177156075501
0.151684946164332	0.581556365326506
0.043869803391973	0.12803355268701
0.0261594942348039	0.0735181231909608
-0.268364951104227	1.25115653991678
0.0667844625549279	0.203243891528357
-0.0723998717831047	0.250031423551189
0.0635227384575667	0.229612692745513
-0.0309584192726079	0.0996470033909189
0.111625549935765	0.459002614340983
-0.151509213605502	0.638403823536615
0.0639800805114871	0.221885203798461
0.062695102521565	0.216427833965955
0.180702734626999	0.891211804251747
0.12164351064429	0.527636738562687
-0.115537734830013	0.473569492727551
0.13239180564963	0.543217251357914
-0.14877851832843	0.597042886234337
-0.130953820228852	0.506404667647314
-0.0696013291800063	0.225150900193324
-0.0425907357319565	0.130078169988549
0.344703049524457	2.30293397246042
-0.0681710982070528	0.243663453577296
-0.0494267443346747	0.156090248757679
-0.161575514714708	0.673919379579243
0.0277274603394501	0.0814867773021554
0.190109871499787	0.791474791321629
-0.077929404863192	0.248620116694576
-0.0113956945069619	0.0299337666769331
-0.28016177027733	1.23011394710138
-0.0875946414328055	0.275125942231508
-0.0214884284275444	0.0577101161794976
-0.042248053607424	0.109571289649297
0.0103578935590376	0.0210968715780791
0.00177413697039768	0.00365439024648429
-0.179331928752557	0.664361318873634
0.252458175234551	1.03323939111117
-0.354286726751495	1.49445067644818
-0.0260875123244912	0.0649437788207345
-0.204088736861064	0.721594729376333
-0.200101714375666	0.766157510893269
0.0412012470675089	0.123102181974755
-0.0485910558903278	0.138190891920726
0.114370353888359	0.398485270163679
0.00441671455271878	0.0117068420674044
0.091072921408356	0.301792542992382
-0.268107780039169	1.27372401935822
0.113318441249538	0.396351377772473
0.291165792893107	1.44592158466713
-0.00105502171735089	0.0024030325941821
0.0812406521737169	0.24082013510465
0.0301769201206768	0.0747899892419348
-0.11986875106116	0.369728873690801
0.129754725915718	0.389190024560114
0.0755709158998366	0.22647697434567
0.0840048901319705	0.243299248071882
0.0376237847400723	0.103563065953408
0.00570369665939496	0.0129181800717938
0.347481984162933	1.15967490459927
0.0975549302597387	0.237041448426225
0.0730473343180343	0.154723075624039
0.309399345560935	0.42119760688017
0.203896961270642	0.328178295883355
0.396415978103888	1.09083502300981
0.223549357355467	0.534619426115969
0.159612148519221	0.284161307160422
0.0432904093336275	0.0661132535029745
-0.0258437652765673	0.0357994496813117
0.0634406397720125	0.106424466553981
0.188478964829798	0.333063277071784
0.167533132802755	0.291892104081788
0.26347189851553	0.589250519753296
0.0099189150058538	0.0155515316978823
-0.0403562161684248	0.0682827092869464
0.0261543874510034	0.0432541882205784
-0.0589379561510467	0.089783838422959
0.0970965405970011	0.836148230918037
0.10741284681099	0.921023258420341
0.027600930653514	0.150326981214109
0.100901922521899	0.692944949116258
0.211772453058692	1.74165855901916
0.155779615490259	0.983027839650805
0.0739116766758748	0.344137441501746
0.0495232933293263	0.187473492960458
0.0957624676833819	0.366281381236726
0.11462790753329	0.442456755955675
0.0337176235635872	0.105931034839111
-0.0306301498942421	0.0898153195499097
0.2348393710908	1.108822526119
-0.00902611141877885	0.0246327953289019
-0.0911568957113915	0.301420799234555
-0.0567166656418764	0.173663564457094
-0.186280126412404	0.766107002979149
-0.371012543464458	2.02319043840086
0.268943329658969	1.54637437229273
0.250227662142899	1.55716125196778
-0.0803163785572413	0.304940521087999
0.0617618076441965	0.225960521511207
-0.0733128375049972	0.250341242458421
-0.0636221352526046	0.22171273085076
0.0393932686598457	0.128552104497574
0.0914799587985548	0.357533450878065
-0.00187139373611069	0.00555297852852327
0.0600613497892036	0.215184451312833
0.142863649925465	0.585671178388875
-0.035558578502378	0.106344208688506
-0.0827320532788206	0.292463862612224
-0.0468609703974911	0.140159307894555
0.0188424557661662	0.055874578285648
-0.00293452847818272	0.00846363454525889
0.000441021588369013	0.00125662103844457
-0.0329234637773195	0.103059919340527
-0.07680328359459	0.25407650394101
-0.0628964033265426	0.201909678964235
0.0436302203074137	0.131640359337081
0.0589943154013709	0.180875007255636
0.11431090258843	0.413920539408447
-0.0961256007943082	0.298347234916916
0.00564986949787724	0.0150085073839142
0.168967886129678	0.718790601122147
0.379774687046983	2.16822358879062
0.0206089832174228	0.0415591541322207
0.147580848615691	0.360573761948092
0.0874740513817489	0.275572691641013
0.0870040379309322	0.260666228085051
0.202204325963263	0.7818370068971
-0.0605977045402769	0.169095339573067
-0.0533049374970642	0.135893245861981
0.0316996334629896	0.0833444805741902
0.368761861034007	2.34627802145152
-0.100341115077718	0.335178937466651
0.0980016189260907	0.340518970314902
-0.0223285128656752	0.063475726514144
0.0945568422931625	0.316686222373365
0.329575280739677	1.75795660598692
-0.353398367560054	1.87137971636215
0.0107347436956754	0.0263446423247471
-0.0143608752275617	0.0348757502762737
-0.0229516707873199	0.0589683823643096
-0.178693715719247	0.646742474600767
-0.0445979358999254	0.114964625217009
-0.219737828610332	0.830459678652142
0.100701926082433	0.318341968048581
-0.00287941472677705	0.00663973873746502
0.00967626986779148	0.0239838624368726
-0.103469539154186	0.300565579697898
0.0482572303293724	0.0987606055499088
0.305419853089519	1.02260054145653
0.103349701594173	0.24611182340645
0.398457127850822	1.20825979756938
0.284133795414931	0.58842644428765
0.238732551681752	0.461004707631273
0.179920438331149	0.350759661923059
-0.00670225543391724	0.0104763446908397
-0.201620929067237	0.389090298285485
0.282957890810112	0.723315929828124
-0.25073261791944	0.60518593489675
0.00885481186014099	0.0138626098733283
-0.0910464233484812	0.154896015360912
-0.166191558275423	0.343371289485718
-0.042458574292939	0.0591955647223982
-1.24984390539833	2.18402907266014
0.0632996852383639	0.465119159269096
0.0863773073211401	0.660252324797444
0.0485777861190572	0.291298711953903
0.0533115502037197	0.278112620036235
-0.104271105864459	0.597878269995651
0.140765463338136	0.877645863049004
0.0461280256967733	0.184477995592691
0.0310011191441004	0.106031930710319
0.0809693963108648	0.296696894510949
-0.0335676157171259	0.1100092982014
0.223035669828056	1.18208513191654
0.0602538754457066	0.196560984790816
0.25367917245274	1.37213567697738
0.0354645868665271	0.110760250779996
0.136014411934238	0.566935826685767
0.00619710970299347	0.0170937996368681
0.135480940169065	0.551642951980902
0.0866319529600976	0.348081204723125
0.0563647976564836	0.206075222013298
0.215407253522925	1.18676877165827
0.25059809805023	1.49598363710559
0.136968667468454	0.588528929545147
0.0217323846727195	0.0670639602909974
-0.0280852742489609	0.0888819681485757
-0.000819502350912782	0.00229689344312942
0.0967813001623749	0.376616903573828
0.0252364635104931	0.0768578992786213
0.117958492112399	0.467963600695825
0.0187563999766379	0.0551077012553209
-0.114478753539256	0.439409639935659
-0.0336811341590686	0.100129072833338
-0.0825501999149407	0.281395774749042
-0.0144891117929276	0.0419486793498073
0.0193243952171614	0.0575727932108801
0.0635776326322861	0.205801693120733
0.156667078060084	0.639890016116084
0.1300518402244	0.496499566512841
0.0864942974165113	0.287172601546598
-0.124556279791158	0.430270020951798
0.0299057988880151	0.0823671301431897
0.047772294502816	0.131417452759106
0.0962153354555469	0.303490437485017
0.017592505924493	0.0486565762951717
-0.0225088186321971	0.0602800111940508
-0.124193002946503	0.348901302572732
-0.0795558069127007	0.216062035193671
-0.179635979512953	0.670494667345852
0.0536359368105816	0.148128658798458
-0.0589343840776421	0.148928640994649
-0.0602490898818724	0.166564005065127
-0.124415130251814	0.410147384116013
0.153731824633885	0.590770296093045
-0.110279057960094	0.388826436507195
0.310776059360954	1.51351681521589
-0.0765695724145713	0.239408609389026
-0.12758429814511	0.454582650430263
0.127314076914707	0.466846066397485
-0.133548984697426	0.491275468768698
0.0113834870428262	0.0297572325532546
0.0138394629007652	0.0332502785824378
0.13731853260048	0.419687946170442
0.154578302984572	0.504111225848708
0.103776854142698	0.273808779285244
0.0211150357175309	0.0453021666995349
-0.169478840464259	0.519232888007765
0.0471330924360631	0.128428323946876
-0.126162073615295	0.399566528776873
0.156970519545943	0.55355514954058
0.0226388316062658	0.0537203746156904
-0.297026890588462	0.804688101382803
-0.022489057884004	0.0450443374302139
0.208314416080591	0.538247735466794
0.167994756806443	0.143225600999403
0.144085008581175	0.089887963622652
0.249712398833389	0.460733840031666
0.275408162439947	0.52799170486536
-0.0487138875026153	0.0843698298255387
0.00506683364961268	0.00880182694400282
0.156884226782322	0.307288890959036
0.265893834737174	0.601650145156703
0.297516654469392	0.684818972462133
-0.00997517953236833	0.0142082361662457
-0.138040447260172	0.232557594664276
-0.0568661681423199	0.0887484004042001
-0.0614323294039679	0.105024754177236
-0.315620404082221	0.796554976482715
-0.381452651572383	1.13642410188724
-0.0861976970197038	0.149257650800694
-0.160632132408368	0.286842983933301
0.12991907149935	0.157882113014383
0.233793742810245	0.393035005274579
0.163921213117681	0.361066576823221
0.0712114226519102	0.118908545535111
0.0988337683113364	0.174488917017589
0.327787288891817	0.846889806800693
0.100627441876076	0.880853915837874
0.0455150492861419	0.29564697508093
0.0204028215023693	0.0970858258041449
0.0392565587390452	0.173170671007663
0.0106368598474331	0.043162570538065
0.0979169802537229	0.490405118491267
0.051932259027871	0.197057525634907
0.0808226303112365	0.315134174938781
0.0542251612196391	0.194513182253998
0.095081945322413	0.367246916791978
-0.0266493583937899	0.0827221427875981
-0.0769164640401653	0.28535771741333
0.0200285882949594	0.060056572990794
0.164678481935	0.743873338806597
0.00490365279792363	0.014115630184872
0.0172411970681144	0.0512599671707807
0.142210015464739	0.660581818075863
0.0435661360171248	0.148973156817088
-0.256046400876895	1.43488743195626
-0.221380672308359	1.19246291840758
-0.0316272166696488	0.100516072825718
-0.017580530135709	0.0546487027752931
0.294662021937794	1.85838327486969
-0.217721712705476	1.10143871762841
-0.0739294582306639	0.249172647862648
0.0984744380271458	0.379953620931472
0.0499857893542142	0.169445934925932
-0.00475906058245069	0.0137519945303423
0.235894305896719	1.18534190733691
-0.026018614685064	0.0776401634860446
0.0698734302779279	0.250247054273241
0.0970026399292959	0.377044403110167
-0.0804191984532685	0.281179762828224
0.0335082792870845	0.0987006600027687
-0.06899976761502	0.236896442941852
-0.0543443401743652	0.167564813989181
0.0538939962820058	0.150495571253629
-0.0535585544456931	0.148184802947355
0.0369656403398509	0.107378864464506
0.219355051600686	1.01314224702051
0.206297214457608	0.906303535987787
0.0299501792552196	0.0869535925592604
-0.0998847862594384	0.335397014819235
0.00418323963924612	0.00984289259270946
-0.136556940315814	0.431382732689898
-0.351746275494269	1.95888019059359
-0.213969765784205	0.863995964139281
0.282090027718039	1.2255612830918
0.1704834509614	0.627480689718038
-0.0804459965594497	0.244104700478657
0.0455124328043494	0.13365180419763
0.0358513517748314	0.104498859438051
0.194685296547826	0.73688401407317
0.177594115591775	0.604904944817801
0.191582114476845	0.761779668588303
0.0977630391177576	0.349851797874564
0.183956022637997	0.796745827335111
0.305601674911003	1.3724473850335
-0.262423882215968	0.922467674830857
0.0844114320043358	0.218104997373753
0.310568313734223	1.32230158788334
0.16240712481407	0.423091911687832
0.0641475798441769	0.142180581341362
-0.027467475789706	0.054560532498824
-0.0494768698984261	0.136986095663251
-0.134615096363484	0.45945069217507
-0.0201842738209592	0.0521902175384469
-0.281542733340495	1.20160234886432
0.13040433270327	0.2301756860701
-0.223094460672206	0.574168735709994
-0.0673195804148384	0.118107144943645
1.14705110579226	1.75847381215619
0.264962853311009	0.407293423230126
-0.599896165737817	1.73646804162304
-0.276784565921023	0.757245627280849
-0.133448666625046	0.326644261836435
0.286543081483255	0.885117669736738
0.263529966404781	0.694451685032473
-0.0985733697979874	0.193342720758552
0.249949784487995	0.60413446396895
-0.186399885609354	0.358570729259068
0.342022984677294	0.873764485906424
-0.166629727659132	0.350552999268233
0.0458590816012499	0.0846187589834105
-0.114858732320313	0.239303466286153
-0.148719656373828	0.282249433725265
-0.14145790187765	0.262521810613416
-0.121672373294923	0.218436999516105
-0.273492555788662	0.576525101891309
-0.634654310476314	0.908700307647813
0.149208226508591	0.208870133952915
0.0115334041010077	0.0138927990036365
-0.117997654010498	0.138225755469638
-0.282106793203995	0.556983204145887
0.325051130772954	0.95146609757982
-0.0623930810345974	0.113317941705765
0.115184412334636	0.20102748060184
0.318330219746122	0.749777337627865
0.26965587574699	0.62945592070562
0.215934502139202	0.402285218146016
0.0804984575885373	0.641705468492508
0.0657621074987167	0.461609163801533
0.0439025207625829	0.236320550450439
0.0648748890558824	0.400766160539778
0.0328418061498285	0.15369640606352
-0.173725709901106	1.10759781579394
0.0278451071968229	0.104499412543082
0.0418644931852632	0.16163848724194
0.0531427767269255	0.206198258194049
0.128735346442628	0.59919198769069
0.0776301503921551	0.314117274773567
0.142582997912999	0.641235169711282
-0.00702793438548954	0.0206993953381527
-0.0566607732050441	0.199560498409447
0.086697234612868	0.35683215386912
0.181882504677179	1.03178271132207
-0.0723704773662145	0.273452118316307
0.123709324270047	0.507319080679103
0.0735884026659717	0.270946483533567
0.133713486748251	0.643267185508672
0.0393914352846145	0.136349756649518
-0.11307795741003	0.456997796376893
0.236450134314526	1.20220288091574
-0.377940059465629	2.48082131182596
-0.0364912423313676	0.115269380048758
0.102026919486133	0.431225872723002
0.0357385353663313	0.115212364222231
0.056224569113564	0.181557668022728
0.143863153342448	0.609859408078485
-0.0234126544204302	0.067132741450113
0.124332167590548	0.518425691124608
-0.114919174043506	0.454169061382867
-0.0355297655698933	0.105463446719316
0.145638689040424	0.654171814082877
0.0977260303913352	0.354964725159835
0.15212429277839	0.543646288179215
0.091637448757063	0.257915276742392
0.131262075537293	0.461098264670703
0.0392034573458952	0.107594314300449
0.234380615531785	1.11717366358733
0.0381516204946333	0.108867619130627
0.0573648996163408	0.185642619006366
0.143281288036146	0.5029271194294
-0.11566764321197	0.406047159800621
0.0578009586541779	0.173658246593939
-0.296749971225516	1.39426025985262
0.00385650554738558	0.00758696688800705
-0.0443619868865981	0.111246733129714
0.111595200451066	0.378515902204749
0.110383286713226	0.412771431993186
0.139017285873674	0.554047000785086
-0.300570988858687	1.21844491647625
-0.22020302503056	0.825697972295081
-0.238187145296187	0.960926625343551
-0.157778080971642	0.639015946276406
-0.0541118066413166	0.169477307237149
-0.0374375484902685	0.102687335415295
-0.101496542955942	0.287690129185743
-0.0946948682013191	0.233004034486344
0.129007902435845	0.373418158942933
-0.0282102485521722	0.0552855106965147
0.124197704902104	0.326359777676065
-0.0851478537966805	0.19557485524933
-0.149782447312994	0.545478383913125
0.0560985823453103	0.175861237015699
0.101341766392994	0.356940616500645
-0.0865193206712754	0.271056433930129
-0.142943096041376	0.281070480892299
0.16552920339669	0.349760958967321
-0.0837685508953477	0.148011719256004
-0.650795974801773	0.6645810984142
0.183188394164483	0.130135819886631
0.505658088729307	0.455996075848231
-0.157971674723864	0.223884927096794
0.561613898143381	1.70436242684472
0.329353091445162	1.11652863807806
-0.0225948588543591	0.0500451144699405
0.162113668040322	0.452375204925114
0.119841802843277	0.262209816870782
-0.0168095207474166	0.0240142531669463
0.255223880715305	0.485021431746552
-0.212668811835891	0.403436049442052
-0.251966394667929	0.53834783741114
0.513591414674458	1.9327347731961
0.0128662706035417	0.0216305465053358
-0.0538560412622512	0.0842934443768885
-0.0645450621153879	0.11518287415335
0.812311270497861	2.02397621763744
-0.392492965544079	0.921732925775948
-0.0128779419349652	0.0184088977286029
0.250183556824708	0.520460995051019
0.108169485980674	0.15892319037488
0.309916264392254	0.79123157215109
0.233400600697699	0.653584974823127
0.166442032662626	0.338487850822654
0.100612468995241	0.151715212528474
0.411611902898018	1.13734586391927
0.0866813588699948	0.708530757408322
0.0936312572178134	0.765160295437635
0.0172243777675225	0.0927210007176455
0.114671089275468	0.812516863828284
-0.0118092695471181	0.0445112033102419
0.0355492203823214	0.132678029775252
0.181001356384372	1.07977711164034
0.0786189050956746	0.322866631240207
-0.00825866514266422	0.0253106779304593
0.172521441116655	0.852449517369394
0.0222488899973709	0.0704846403847201
-0.0116393303144012	0.0356658150519282
0.0903546508119731	0.342529104753916
-0.13010736057796	0.536497187022229
0.117605855266335	0.526027212534579
-0.00109612526765794	0.00350303812246563
0.321455455801175	2.37035682775207
-0.0779284796295752	0.309729311816166
-0.117012607375389	0.479190808409115
0.0994417080438582	0.409652533942107
-0.0327803455056071	0.106988350695739
0.0117807627279887	0.0361948037234774
0.0295130878379393	0.097777963090744
-0.0353860028859626	0.114949724693189
0.0765331723654835	0.268708477702829
0.155842576380543	0.656995762247787
0.148720210981819	0.613002142081329
-0.0594364875014092	0.178059782230225
-0.199572728480005	0.89223354441691
0.0821743367488192	0.284442752798083
-0.0507274903702084	0.164093055927275
-0.109307134898882	0.409384619574598
0.0800674133221752	0.277192368136457
0.0323956263206217	0.0956945888213184
0.00781540666757356	0.0206929856163896
-0.0844825924274895	0.265142555164753
0.175416969683559	0.707765630490487
0.0500277692152265	0.137650342392818
-0.0540623362054681	0.15883475751919
-0.0154968729520506	0.0411046747144353
0.21936547267015	0.914889491180751
0.0413732819179503	0.0999620953761968
0.174334049178984	0.570974958032471
0.0206719083796836	0.0529662481201905
-0.00570594013474229	0.0137716745422475
0.115712415258661	0.334719866760154
-0.0609682526331004	0.167364105327286
0.00410316401100498	0.00957091026735288
-0.0233941192266787	0.0612038430183885
0.0107566374700212	0.0296029141496605
0.0175404880138524	0.0453153119753466
0.115779855348837	0.391744330349036
0.128764011449562	0.477568470281873
0.0433087978071521	0.124238570174838
0.0980955412844325	0.327910505799079
0.124179658475332	0.444415968031798
-0.161281564196174	0.59904458963526
0.119451959304837	0.385736415070057
-0.0464238689736163	0.116975447691414
-0.0954314040506214	0.281835705060199
0.0441184448958965	0.116465166496299
0.120654891587334	0.397706846816986
-0.114656889614841	0.387182357495591
0.170287919522305	0.614932161918013
0.0694268098575509	0.215368427379292
0.179954804831994	0.681127571906838
-0.0144801874000644	0.0284536986740229
0.178325572293593	0.580625392972963
0.195644412871288	0.558825738537968
0.0200411274723873	0.0215156410096731
0.325587002786584	0.324207129087082
0.0581805789333855	0.0617850235443118
0.136691402994182	0.16990779426195
0.161721749734374	0.291504140309274
0.0974884574659535	0.144846104405374
0.0967735167710509	0.157586738018329
0.154272210441102	0.385595306371953
-0.0398140047204963	0.0788172728388349
-0.0271960838580841	0.0499101682304089
-0.061528868596219	0.101043908758237
0.0150535571096752	0.0275118740952612
0.120427843214882	0.222656852277371
0.022897257687063	0.0374224680252555
0.0151712521258424	0.0218810761676081
-0.162512999503311	0.315907379311619
0.0594379551053427	0.103606751510624
0.0748489991486944	0.134506341537025
-0.0825518794854031	0.145588782953656
0.0783069473948233	0.134176957121427
-0.265158157466974	0.642901490166647
-0.264169695698249	0.683385748010663
-0.178718190128524	0.464130475029116
-0.0554536711389975	0.0847038110094304
-0.422580888054297	0.511581370644108
-0.34089016388128	0.610110250797421
-1.04245390816332	0.852218724940279
0.109483875984872	0.142948404917983
-0.0336818938211264	0.0409883116987495
-0.00342375682154263	0.00350661847721731
0.154465683075617	0.27052587230748
-0.253828576716325	0.6154965371305
0.0178324031567628	0.0292940986499075
0.259474251010443	0.623930389904562
-0.00131963314919985	0.00196648149489264
0.340525465741878	0.844935865833927
0.0760590198822471	0.59396623948279
0.0675661745476568	0.486351739554446
-0.0179204377488309	0.0849508534572844
0.0657555089309197	0.305712505868223
0.0210223783838226	0.0721979713849024
0.123156992464867	0.619509738203504
-0.12466673908817	0.572048350449886
-0.177637495706598	0.833746693105958
0.156998836207269	0.789370380105699
0.044768855336776	0.15939141878448
0.269262437031723	1.71315612954018
-0.0740391897345716	0.265449931235597
0.0138612222044564	0.0367509745042381
0.017119281962026	0.0534910664170003
-0.0305815380618232	0.115713334729492
-0.0688336732572177	0.285882724354047
0.0853023305869762	0.375010214491106
-0.0114529401941892	0.0318203811470686
-0.145599430363061	0.653090412418726
-0.0056108692154847	0.0174266312137055
-0.00364742874760353	0.0118706374327275
0.0256863244096605	0.0890726595447229
0.141006339886529	0.640114396653844
-0.0480670934767112	0.144560053561986
0.184613365344504	0.745422950196915
0.0805485277349182	0.276453192846202
0.0596929956601056	0.176839419673791
0.0948948384252082	0.348010473540277
0.260342301028191	1.37317025324319
-0.00329595636422331	0.00949158936886614
0.0785432745386904	0.300225124676151
0.163195407946556	0.648884327747017
0.00474182893198376	0.0127624729632378
0.0468963029403673	0.151054475394925
-0.120004890283093	0.471513872999628
0.0151501222084593	0.0421555255697822
0.104979950056895	0.355227433885882
0.0608685825684217	0.187885169430172
0.0469756561735745	0.143925887537573
0.231343721010726	0.713821469501614
-0.0621553543020175	0.124938387714481
-0.367057912026539	1.11491523280377
0.128071438318753	0.451201035292239
-0.197297713585462	0.778183106582355
-0.0358980481213629	0.0980412519745643
0.0271733540322801	0.0726262719000533
0.332485562038637	1.5216576344391
0.116704464678531	0.335245705953655
-0.0194657169955659	0.055982419612684
0.0758569845549303	0.255506815597022
0.128468097906386	0.498587267028008
0.158408774295443	0.681549730857781
0.0861456761998547	0.280817017561892
0.136652211216357	0.503332562692968
0.10964009996861	0.400171206283416
-0.0550297438284925	0.175495067986147
0.0029586335023355	0.00777782536664201
0.0771589362671367	0.252895513967175
0.26677868130615	1.32528852934311
0.00907003990284992	0.0230555168741053
0.0776489612491606	0.247880431004341
-0.0385502713058521	0.112027336376845
0.0236760514797669	0.0582919760587837
-0.0906902436217125	0.28530067504656
0.231389549029614	1.01284951991476
-0.0373743672293685	0.09104067978528
-0.0344522858867998	0.0934718085445298
0.12697210284408	0.370927532316375
0.110169440944035	0.135574189516224
0.284144428103659	0.316923698360024
0.752425052014738	1.6082964697943
0.165600847663184	0.406688342583377
0.674834545674512	2.76489321152118
-0.0427728184794439	0.061536297219563
0.113972749655586	0.196899353167425
0.0221420116214654	0.0336036567770985
-0.321488189527555	1.00868333098042
0.355367104859042	1.09415963550083
0.113250445778957	0.240764573773559
0.167128348959515	0.340257802474717
0.186951921945171	0.434954764029645
-0.0661665720164534	0.120225586444656
-0.0824913850147123	0.154599873514619
-0.00912339357844329	0.0160178439265129
0.0381769727526701	0.0743406749071717
0.139700532953743	0.369685706503514
-0.0432208329878121	0.0686913650297645
-0.930639782997303	1.10383958024994
0.0532415070833507	0.0478364760659379
-0.116803676342659	0.0971828656265416
-0.801341329398768	0.859834280337538
0.0442331964767312	0.0140330820329107
0.246746283438592	0.288242333064294
0.611123068738924	1.09843325644663
0.243295084125533	0.384016008539899
0.183243905256942	0.318244406193295
0.269886227666055	0.748336878733635
0.152107040344796	0.327247881253946
0.0417682856250757	0.0760708298629315
0.0591943646673538	0.106058078796874
0.0944158886011002	0.15320340408762
0.202315372762909	0.38290910977445
0.0708022023245605	0.537345183899046
0.038648543985186	0.23941314415193
0.00567423695981457	0.0240146482390267
0.13519365290362	0.840263368122886
-0.0459607152012272	0.197322069957173
0.0942856847247848	0.440228927159026
0.0424539741434513	0.163373695181078
0.0305431078422291	0.114182142075192
-0.0303716642433098	0.10661607840062
0.061667141040369	0.240740967499565
0.102404074035724	0.440208981512628
0.0767739909080235	0.302743335867461
0.0466622064615295	0.176100700344497
-0.0059481476038487	0.0190912454921506
0.00491661413332652	0.0153076722168459
0.101771668953657	0.438032309534568
0.135550583985162	0.609527433779462
-0.039111236926008	0.131525199736498
-0.123019810164363	0.520032880378795
0.110706511778049	0.441360801364222
0.169893878408527	0.822775643454967
-0.0493147243889167	0.166258714859354
0.088577366535939	0.352243118123392
0.156752667495244	0.693897098201465
0.0331577595856018	0.103900751713957
-0.066725577603199	0.227333746137585
0.13563552933732	0.537495898635144
-0.0905801470605125	0.339874962270886
-0.0748181563816941	0.261889623257295
-0.0431057595918528	0.129797959278395
0.0196146000549977	0.0581505456311686
0.0760659566513347	0.257181788828161
-0.0492758784262373	0.143478230305298
0.210360284614624	0.889752508887038
-0.0381318125200915	0.105468070594807
0.233244037856179	0.912677781349722
-0.0996041775822829	0.321628531991039
0.163442927685775	0.638754124663777
0.10991638045644	0.389745229360753
-0.0665784930855972	0.189957821820572
0.160069668874669	0.556896587115539
0.176882987363228	0.714751228522337
-0.0107081467471879	0.0257694074248643
0.0763470081439635	0.19402290382543
-0.185022900184687	0.583867410449343
0.145484837031203	0.51177491717064
-0.0246529073553351	0.066027992952143
-0.199234021580318	0.899329892841576
0.284259855877032	1.33814296494648
-0.0350086347732623	0.091634483326272
0.140934045470677	0.532137464670331
0.128349307605736	0.484509802504498
0.228337528128462	1.07116310013076
-0.138846939315383	0.500027633358261
-0.144627148818954	0.47180692319643
0.0524675550470102	0.137426784983369
-0.0301382667196216	0.075410022556484
0.223945868815865	0.740405461108913
0.185883164009402	0.629652023159518
0.0236270535047874	0.0540544314883325
0.0136918003023473	0.0356665519597874
0.0384327326305629	0.107607376367401
0.00899763794482325	0.0238629209345554
0.197570776913614	0.706657365305249
-0.308077594024293	0.889502318550573
-0.00988077757197939	0.018763468313996
0.0904131685562802	0.190842455434386
0.105729054980569	0.0756045834341703
0.31697305268376	0.850734579746332
-0.022838673372483	0.0464248090991349
0.0841612671703095	0.164399567564972
-0.0902522063893819	0.157235774874
-0.113250419705961	0.198507285907458
0.30044475205292	0.583316006267196
0.478699199556633	1.31443797298061
0.212346631003768	0.450687605336056
-0.0615945606392874	0.101168141068282
0.237345869416862	0.608890487288395
0.237269855674611	0.573186731657903
0.141337075292046	0.248304927917725
-0.0431036960359966	0.0743645115309095
-0.00654731037500516	0.0100154845365727
-0.108261271775976	0.131915064870557
-0.28897899969444	0.543504717380357
0.398233803054572	0.78702452422231
0.29409615907751	0.355118065684101
0.63718078352149	0.568928444177561
0.0483604018194617	0.0857114630082509
0.0422222205476413	0.0801678314014227
-0.162982601336833	0.329055439910297
0.224291185126269	0.439773851279837
0.277337338775486	0.623820556785157
0.0389462993284839	0.0586139667960536
0.3529397693731	0.783721945381607
0.0782569243196709	0.615563471077955
0.0655876932945135	0.475769738191391
-0.0380502967760456	0.212470613814085
0.0605310641703565	0.362398495379423
0.0413928395225123	0.213730118748625
0.131733602522152	0.890193862538362
0.0915356598561298	0.495325025525624
0.151529130326087	0.927814405861471
0.0674439385652631	0.299481205874522
0.0911217742203352	0.419037297100014
0.0768144198480845	0.336257382051115
0.111435395261118	0.546405393802218
0.193104741956159	0.996473898074506
0.20175663936677	1.01784924649862
0.082367331035326	0.309002282050876
0.147670823088992	0.678657695727129
-0.00737753212481246	0.0218348367481283
0.0339829117090956	0.106714000759751
-0.0790057412682608	0.26106251349444
0.175872194093921	0.716825197027719
0.0811682130689308	0.281030224167348
-0.0202170574757273	0.0632518612369793
0.074689441573564	0.268861975875167
-0.109252382033415	0.409674497128283
0.116913303964112	0.437504458950286
0.0367948217606131	0.105947805052887
-0.126040606467171	0.480605688254411
0.0763702000970872	0.24977079163261
-0.177200412626086	0.685475011817636
0.232857020697066	1.17851087423666
-0.0366070851512426	0.107927879719819
-0.0393473006098874	0.104522005328513
-0.227872525945537	0.86494125898664
-0.0578346366066656	0.16342367810712
0.111654604079036	0.348068749578386
0.119062549559725	0.394345448107356
0.0486255206189187	0.136590596635158
0.00722076012661452	0.0195283390990461
-0.0969204801577631	0.300603132458758
0.099028743773994	0.304844564688145
0.0465350377816198	0.119042877898006
0.12369179570633	0.363528355605076
0.0295661297560525	0.0653911648781401
0.0396723320226432	0.0989137678976373
0.00628940170823051	0.0158631708566214
0.0178446327498459	0.0496085218600925
-0.198279504992028	0.819945770261346
0.225821411204817	0.733224152383954
0.0104970900309603	0.022188359866669
-0.0245597364417829	0.0576466526229177
-0.122138053511832	0.397863227141013
-0.0164003980865582	0.0421331551596387
0.0952842230243452	0.290546794038376
0.0694977456975727	0.16837561338343
0.126242703691334	0.306329147427362
-0.203419341848643	0.585512072166026
0.472170945948508	1.6435955183532
-0.18568038377663	0.469527627966151
0.0936804521091	0.195318837318285
0.0153506413607378	0.0373434080765981
0.128310777125645	0.43852550787184
0.380668999559608	2.10721945847168
0.189700524380966	0.618755144794572
0.0985135878612023	0.154556476879417
-0.106332270735823	0.205416756897795
0.0826689770142991	0.128416002250635
0.266493368575759	0.174397451768133
0.0160365535998265	0.0250253197183688
0.0771426142627207	0.147934644460209
-0.349353323183858	0.919616306808115
-0.202221496775104	0.523903808546244
-0.108189007929249	0.25995231840926
-0.136920737750221	0.288916339205888
0.0678341659009916	0.108154846382345
0.0783292430444032	0.104498625241084
0.105904212151581	0.185681430156312
0.471109204549267	1.40533686058544
-0.224573252483116	0.546867008578864
0.0835201383125467	0.158682008821303
-0.0748621544472897	0.134277665294407
-0.0691657554033	0.118983011989387
-0.0504402576599577	0.0704753971813698
-0.367274074804525	0.843693097937385
0.215186270214413	0.296691982556908
-0.140068830114457	0.264391814597378
-0.383121164436835	0.900497187546444
0.0773498488503736	0.086553110639621
-0.586638035310097	0.671453209780409
0.194557280749076	0.379355750022531
0.0623554490715463	0.124680143103214
0.0107619377071466	0.0161804226839963
0.42731206671529	0.903152231540798
0.0265622699181865	0.0418402252366903
0.0175198377158508	0.0246944668617598
0.109796931675271	0.999393589367457
0.0438331196636677	0.283183875550484
0.0192222572497081	0.10411967296467
0.0287537126073842	0.157743479933359
0.0123419981462423	0.0580411255764401
0.0736423424752571	0.425182352916267
-0.0545916507036322	0.253297533180487
0.128526412180413	0.727658969050568
0.171174601593879	1.01927177595649
0.0359095154424208	0.135926360797335
0.114225634184896	0.522793610555963
0.141438608036081	0.6046203795388
0.15473638095765	0.630494251234978
0.0854191897737415	0.285861658319816
-0.0394080880328172	0.123523502818347
0.175352494030879	0.732719823346924
-0.113950782563432	0.406079075504297
0.122422502732198	0.41300483028372
-0.200489980358534	0.750822717240673
0.286634044093025	1.4727007064869
0.0734314841202447	0.247638299701693
-0.0554148159873199	0.180904157600171
0.123980995537803	0.459951875686037
-0.0141193780360493	0.0378418500550314
0.0824856415213247	0.254958993682634
-0.0202763064377713	0.0543407185121283
-0.157889793288501	0.531480163186241
0.095610259851207	0.297718388282065
0.175009671368002	0.697496274986123
-0.0636824108296949	0.178101003299532
0.116823029063209	0.331782723375559
0.0248847985170657	0.0542588029196891
-0.0751601264197268	0.205570960917264
-0.00685930138687919	0.015721973132174
0.0465183692128239	0.12243930831485
0.219139950468123	0.852923006259908
-0.133079723030121	0.458098535149838
-0.269677961868112	1.15927479241832
0.312326089338076	1.56959938668576
0.0215976568437295	0.0507773658540592
-0.38410017316314	1.7893243551853
0.0612257383935334	0.13687326427537
-0.151417075702637	0.455123149932797
0.0722087379526176	0.216175158300359
-0.0364297438087139	0.103196121562077
-0.0511977898767199	0.132067512464298
-0.0840490694754818	0.192611520728215
0.00985717361385391	0.0177496351900092
0.0613724452453023	0.137275990307381
0.0888034191668825	0.256547571288025
-0.0473620727358247	0.132696930301491
0.00501500256936889	0.0105585564880789
-0.0486575962112084	0.0998097352063647
-0.155574856764225	0.353246039694166
-0.200575477611997	0.525568158604415
-0.0664796066821328	0.111949765395142
0.26625517377603	0.602915758001448
-0.334199154371322	0.877782678833753
0.0312487232277302	0.071343854113609
0.127891066139853	0.414106093475312
-0.0519736364949238	0.128565707129028
-0.0324059891425038	0.0692500460847754
-0.0330504843185121	0.0401998554435948
0.114336390520428	0.190418545548093
-0.00433958973123785	0.00506018415395438
0.126581120775391	0.221962922328546
0.178822978160035	0.399550775736371
0.30172602488336	0.717543305722082
0.0713610556924808	0.119190887839249
0.386136861838889	1.39357527157884
0.0456984693701074	0.0858332123819187
-0.205695809468436	0.480325410051227
0.527771305364296	1.29198963724318
0.0244764266471802	0.034186265342707
0.0176497745469189	0.0263971495616143
0.00590426576711848	0.00874330965659883
0.216187856753248	0.550251476409627
0.183883778192311	0.38274063894093
0.219139937869971	0.448477220331205
0.0387798427226509	0.0524273892434693
-0.0113618082463097	0.0126895995576622
0.0388637191390978	0.0712985568557322
0.0116803742384056	0.0188720075984341
-0.0428445802518607	0.0521461638451347
-0.59196771483188	0.81441844514865
0.575435607998554	1.33627594423518
0.214586370639107	0.42854844226988
-0.274224985358734	0.564929615172192
0.0734106750078164	0.567541594586317
0.0879526464109747	0.711634901315782
0.0717774517271628	0.496450501371554
0.0753654396017218	0.491382703115969
0.0382081668697928	0.190781839438746
-0.0107086717085217	0.0413812818797207
-0.0340751574158116	0.1366012157453
0.153404583761385	0.872050649170969
0.0824725665113354	0.380352091881485
-0.0622055801529464	0.238072877046698
-0.0292870390578707	0.0841209007880007
0.324510361788978	1.64036140039968
0.152250059750548	0.546367147506681
0.23539804479676	1.18993493739892
-0.00895951502048735	0.0235776192317464
0.0368406662629963	0.0955365061579831
-0.102612848703354	0.26754352638761
0.0754716627088119	0.184987783095154
0.192769016907241	0.686198557704996
-0.0752675095393111	0.241529737714762
0.102055026418349	0.360672327573836
-0.0602136857311044	0.173954721525593
0.0781404900581708	0.242464302344846
0.0235632533611407	0.0543095110462717
0.0731150413483285	0.21727135387412
0.207914601921667	0.679687608926362
0.10030123317602	0.236306144266101
0.0376708885174535	0.104800558112246
-0.184120375746235	0.667014452227671
-0.253807222539886	0.773044265940622
0.307625486789654	0.868930902741594
0.0387961431931008	0.083781628837113
0.128940115820847	0.324662532533673
-0.0706029116680547	0.166691290474767
0.178651737390813	0.552992666558411
-0.138924476259183	0.511936176881449
0.0774019933632257	0.2392032523393
0.0358349662894117	0.0968620939648653
-0.017930483630263	0.0418907312711863
0.051493774918007	0.114581705673859
0.127621591750667	0.303426500154286
0.0347789272994747	0.0680086177533367
-0.052235991003687	0.120857738577238
0.0839267704244064	0.247521913359409
0.318511229982715	1.20372336698218
0.361134693541725	0.932869640358342
-0.356931210896293	0.864037593593641
-0.528210773700485	1.98147504201513
-0.121672980090196	0.373954531321366
-0.0128317689586075	0.0293931957940089
-0.251463418853205	0.773668924496102
-0.0404507996220406	0.0726819715023813
0.358632515887255	0.889591712330573
0.0341562029850205	0.0523378718848574
0.178008614068036	0.278937474911024
0.108986016437839	0.176828343147706
0.0863603407970424	0.117796489060388
-0.127600897535488	0.323444809865396
0.190574047099663	0.584736354988498
0.270508492847399	1.03028880062118
0.21402943817091	0.593497746370951
-0.153057551383816	0.194486598365835
0.0775687715188012	0.108650185375613
0.142478579207875	0.195158684695761
0.848796327340274	0.702197098949647
0.262427792535766	0.459860574930828
0.0074816693987265	0.0101966648287125
0.208001273026609	0.512500646939505
0.0496427869053831	0.102370136105553
-0.185080691648311	0.37750446540047
-0.115522560301271	0.168190736187033
-0.275655856217254	0.435318826588192
-0.0637018148686484	0.0888843060592629
-0.0537996627725241	0.070327041400842
0.195159130252998	0.380715229690396
-0.12016209603771	0.275717770368486
0.293313342281974	0.808252437319682
-0.425789594762094	0.901746819554087
0.552358009256182	1.0159057823474
-0.052216774523031	0.0706721608447543
-0.10036138287986	0.126999182624587
0.100197518528819	0.873275189342221
0.0648837885266551	0.464409085052767
0.0341351274496566	0.191997773376152
0.0327964907874568	0.17047917393218
0.108043521050089	0.663640009422073
0.030719694558648	0.130036913596489
0.0848866724855458	0.410980264701752
0.0499203125924215	0.198173069100363
0.0838828999280546	0.348731052060146
-0.0442017587887734	0.140478165015774
0.100905485352339	0.358669131399123
-0.117648780350947	0.430839494433011
0.218414628168116	1.0445326458082
0.0471687313972225	0.140397920978557
0.242700696005021	1.12237891189172
-0.14514220506223	0.484989841410387
0.0671675956929854	0.189990325019448
-0.259482521517505	1.16657875320579
0.054268090463363	0.157232875591102
0.0549781491173557	0.170200442363711
-0.0518640544968557	0.140035966943059
0.0806285476276642	0.242606723567617
-0.132429549512295	0.43521280525362
-0.0403115756914248	0.110446482737822
0.0731896490990841	0.206879310355259
0.189224951677327	0.668802517245356
0.0179308635572973	0.0449667413036729
0.0745832068578867	0.207486662400674
-0.0613947610420567	0.148492397721866
-0.0788857394350634	0.185259961059959
0.223559609568094	0.768432570908213
0.202546656206334	0.668777168655396
-0.198424144207857	0.626611016202121
0.253393147183533	0.979702205895089
-0.0486250578642219	0.128277829595246
-0.331676104200089	1.46989457343414
-0.10292021682498	0.297553822636113
-0.139649880868545	0.402514382184994
0.0626758335749975	0.150409468501808
-0.0576034813866624	0.125700842574237
-0.304642574775835	1.1181285567766
-0.0454077443792755	0.111690432281616
-0.261533168680257	1.05056889953553
-0.248497936106133	0.792006044353387
0.127790710820345	0.305560356764878
0.397863708083396	1.33230432526425
0.117066514851646	0.300680025138049
0.0149592099875094	0.0331844304912354
-0.00196644833047874	0.00451937893690221
0.0865714581628239	0.217880144263173
0.208588849083357	0.517741122160135
-0.133779435798502	0.271960843252218
-0.0446442125619859	0.0829855346894464
0.023238190664001	0.0353256917206741
-0.330402413263162	0.689881379503288
0.255850804637701	0.546468954739621
0.11275979136334	0.298435203336764
0.101461547491382	0.280637899174508
0.289050584684348	1.0597929463332
0.115240243059189	0.254821368348433
0.241845273755082	0.420928020654427
0.236705622541661	0.49450219609944
0.371451364454907	1.25842411788746
-0.105836223022684	0.219628648470818
0.142914966195393	0.286002156064579
0.353112870223994	0.81064717434931
-0.595928932837629	1.47194236782933
0.101485070416681	0.167842270283275
0.000782455004713389	0.00116167846239702
0.160624902306022	0.30294845089856
0.0884895416336374	0.161224937586914
0.400139870320773	0.873193958672638
-0.0971924417342439	0.197029627258191
0.042705080279961	0.0745035696220233
-0.220072761165617	0.334598756168666
0.0382383842806903	0.246180907427415
0.0523139528008275	0.356308695831516
0.0179421404266999	0.094655071018979
-0.010959887033078	0.0495323913250087
-0.0207448069247553	0.0891211334360776
0.0238882367946607	0.0964648026367196
0.0559121285525706	0.240103980165201
0.139073144312134	0.707826215746524
-0.157989601536862	0.688461820526514
-0.0197026793551906	0.0531441315285254
-0.139320652360389	0.528421412740079
0.00957792596392638	0.026612925565868
0.0309545632883153	0.0881578509739576
0.16842041263904	0.672536941229077
0.068908289678862	0.18605542560123
-0.133550341972754	0.390838156141076
0.0255536436536955	0.0674166406617014
0.237486169419542	1.12976781455294
0.171549241326281	0.725537022504577
0.00616860345882788	0.0154899943621264
0.557345625691791	3.94555646075087
0.0736799432214987	0.210265797896852
0.174600975464427	0.669326318350847
-0.0666546565983581	0.178409284324768
-0.235254865406351	0.830426929017315
0.0845042317590626	0.249349533405173
-0.0290346733796124	0.0732815695103388
0.0792975679445095	0.201025200670124
-0.0334179062418917	0.0725248299992575
-0.121601962273052	0.333005823470063
-0.051811202538354	0.130029953670342
0.102194086463982	0.302977508099716
0.0795263998433983	0.210278768634723
0.199220827553675	0.741972384750127
-0.133427568636484	0.423492482859966
0.11126444058402	0.346475042197119
0.0398967510178258	0.0878901690578775
0.111612059497088	0.287888754954892
-0.011952880034759	0.0246422542853498
-0.277611302579817	1.00571608690419
0.11143809631648	0.333334576486748
0.179038782042648	0.674473607857395
-0.0522699404348131	0.122980021812707
-0.172864610289338	0.402493655166197
0.12907647138041	0.255177755963801
-0.123886143569033	0.284700525780591
-0.196336460500807	0.549863646238709
0.195595689502575	0.713291813762277
0.160169201408037	0.49113801061531
-0.0313919127366364	0.0529066627726802
0.188328556450836	0.439080500263786
0.0157838951130196	0.0258379481708435
-0.0350066022078769	0.0487233915410715
-0.018944085813318	0.0278451619346062
-0.345617623099386	0.669862251967529
0.0942693124478589	0.225470309642698
0.339712883664345	1.35028130977239
0.0909766983932065	0.202069886371814
0.284613041782708	0.809542333234755
0.181325987710011	0.218697415136108
0.0997152946778491	0.164508028692257
-0.20365614451933	0.505826185816939
0.170867754722059	0.417725647673731
0.0842815514577533	0.142201681010684
-0.124599128929445	0.193571397753522
0.142849934823394	0.210035838971002
-0.00833900393707734	0.0115371844879152
-0.20816856156585	0.437007214765977
0.189621399380698	0.407298477604748
0.169127631708154	0.276060956698454
0.282448117911505	0.483568566276123
0.375062481073252	0.88911430329162
0.178570895983766	0.280032067196095
0.219905497643541	0.577483817901213
-0.115424354085131	0.215802555864269
0.103126275162251	0.148854327250485
0.0759031925849517	0.591783418444067
0.120584289067228	1.08975464510443
0.0488360834075192	0.271424122431723
0.0669579444587119	0.360503379916116
0.0865296290189512	0.461099530238665
0.0357843095943528	0.151544753478345
0.0605205360404857	0.250964790062932
0.0229513497766219	0.0634047355787469
0.0564734069806819	0.16152998673447
0.242335049871586	1.01796068165436
0.0322197133010751	0.100019244206766
-0.129553168637836	0.50688115129868
-0.0260752207839565	0.0715520674222642
0.0578136366956035	0.127775803537573
0.0903033452969039	0.221709738045341
-0.202685673093247	0.675470199558687
-0.146174556157253	0.562933096016096
-0.085806546325529	0.296101329980368
-0.0416120977447151	0.113259804587138
0.0449533862390336	0.130124771970114
-0.342202138106586	1.49297512010831
-0.241311981953871	0.993496220118266
-0.194773703843212	0.690252590629823
-0.10818810538367	0.267138594480288
0.0386259849526416	0.103883817923266
-0.035400052236034	0.0914732379903407
0.149311286202627	0.35720778287742
-0.280381465431465	0.745156654534832
0.0211660286228394	0.047787926176121
-0.22295530941487	0.867063031600077
-0.113132028669401	0.328463980639977
-0.0361604376007365	0.0817539975631073
0.101842648173962	0.339221836248828
-0.115974059409422	0.340492530655707
-0.275909589729153	1.21110849248874
0.156676973367757	0.444763996014847
0.101628032263955	0.24511446771164
0.0534096398617178	0.105195927338163
-0.0812871832676661	0.181135256012049
0.0749006080752542	0.207066413451986
0.0758979412780749	0.213694731139581
0.386068974851029	1.44710418878235
0.0465822370765352	0.0696040676673498
0.353105625897107	0.792969365442982
0.364006585319212	1.02941007126771
0.134362136565691	0.380779842338804
-0.170422921656624	0.558756232269734
0.124374928889307	0.289316506420583
0.0536542943929134	0.092051681741372
0.647890610460014	1.98340732166472
0.0204878270976819	0.0300291280852428
-0.529347831859193	1.10254223435698
0.265112704684291	0.40759250661594
0.946021651974591	3.03555502337866
0.10457725125387	0.23265971046928
-0.00991564613242905	0.0207420172977594
0.173335436020756	0.490823621444283
-0.471175974816615	1.52164612271293
0.356604113428501	0.533027776317894
0.306091839850337	0.398692483079051
0.169281019134216	0.427870741680371
0.0939316144972666	0.229925793295844
0.0704057420543993	0.128313335530494
0.132448871288835	0.187471519082491
0.321958547506292	0.485769771798544
0.124977190482473	0.160834875659984
-0.222614337952143	0.413221477581795
-0.178379113618953	0.35621407625764
-0.0175356235929824	0.0275900832903263
0.0140766197003829	0.0207735622637315
0.587997013247609	1.31325614244721
0.243058377041044	0.332169534035798
0.00612006884143247	0.0069478364352727
0.0559067875512125	0.0830202497933851
0.102322151792657	0.162937846226501
0.0470465015909966	0.0890703717126747
0.276221118804249	0.734097752120265
-0.0528473878263863	0.0715831253138512
0.0693027475694873	0.522091948004271
0.0613994816362408	0.437834379181786
0.054925175364117	0.344347702136709
0.0392178052548964	0.20592985247753
0.0898375080268156	0.517324375344842
0.0111836387791119	0.040941651521303
0.158937364518556	0.7882743244313
-0.0566910818935691	0.191401423676053
-0.0504014359485009	0.170542339851386
0.139152961986337	0.594093102448225
0.0754657933353574	0.257592357012012
0.226277854824497	1.14874776466271
0.20979936714159	0.886235126384786
-0.0239646620447603	0.0594828487584194
0.000739137737415096	0.00183434427500159
0.121134125004558	0.470555565157326
-0.0998890295111275	0.368273190913859
-0.0211489183396955	0.0604110602361045
-0.0737922103770536	0.240725295640831
0.0944954956064362	0.314494848743569
-0.0797352307261147	0.255119614414083
0.116644637347639	0.372115879290662
0.10858429799866	0.315765340140688
0.0451248237736845	0.127177781584845
-0.25677543986378	1.06028294384105
-0.0136205689159544	0.0309393287664139
-0.15896197785379	0.473025828963263
-0.236497186784029	0.943600048706006
-0.202818911560877	0.820774816420733
-0.0801166999763841	0.233402120606693
0.0522962415427266	0.139521158136026
-0.150236347668648	0.515705045418454
0.116476900163263	0.372451509943179
0.0677058291828871	0.179184938377882
0.0286648495570576	0.066057914980122
0.0491737033149972	0.110383211598532
-0.139401008019525	0.374900321137203
0.0384854438232771	0.0895809998715733
0.0198910370538407	0.0484987693983412
0.256289023748452	1.19752050453684
-0.18579837529064	0.539079117083568
-0.0540001633323663	0.107908798885151
-0.327795355651046	0.942729296909022
-0.130603764952971	0.327491359659885
0.127538955215779	0.375957728114793
-0.292846775267554	1.28481589414153
0.129352123228896	0.342992228389111
-0.119049628413729	0.24834912666567
-0.00163887933679031	0.00238340811696586
0.104212257690122	0.207262039821228
0.0901959957552109	0.154728168857744
0.623825750999692	1.8781489704718
-0.0217992976047898	0.0335726206528313
0.0217290617914408	0.0455024129856619
0.141931033395181	0.428303297408474
0.124968825467402	0.332004968723669
0.00484110487160103	0.00885403777434176
0.4326895766254	0.786696942403731
0.0650372002972068	0.083265831381237
0.0293073030792494	0.032247556394898
0.406198865596592	0.220770244809697
0.370231409697821	1.25223598939306
-0.0770100092558681	0.148991617706706
0.13385158430782	0.214769172083511
-0.13197304308498	0.204950099010213
-0.19310210160281	0.371653470192493
0.219177764487204	0.513108132630837
0.0312664406048242	0.0582319647782363
0.0459376139311289	0.0810844857205679
0.0473739576881904	0.0775971360856106
-0.277143459358234	0.595197480112119
0.588586562253588	1.48425276015459
-0.127884788670641	0.20953515963476
0.100017797545258	0.171068978909069
-0.0887017723308056	0.128701305311119
0.428303525826916	1.4381846227385
0.0516925791092922	0.0858640317351591
0.0754716349931758	0.588318520504208
0.0817094638939878	0.632670818875867
-0.037411364543848	0.210093736734834
0.101860783533829	0.638484328522368
0.0737560233501518	0.35912066975183
0.0553912726792737	0.225187772881233
0.121201557351001	0.540960656077839
-0.102331332903271	0.41529724802372
-0.0176142882418719	0.0529148056696721
0.155590670013426	0.701770666127733
-0.110426687898891	0.440894609481838
-0.276504238982494	1.42588001506266
0.208301193912095	0.822626188890136
-0.152525694252124	0.583166780842035
0.0264290741738386	0.0758801756683601
-0.0727530811968854	0.248819674150039
-0.0693140713756783	0.216730957384379
0.0203022509391471	0.0588317327827877
0.239455400445346	1.20776017005938
0.273971835725041	1.37670570968752
0.0702227993344429	0.207549219251291
0.084746469312001	0.241714021276156
0.0442691908681942	0.117887818976637
-0.296402415371356	1.42366691252268
-0.185662484927419	0.71029492666128
-0.10656573007194	0.315693833420865
0.0820837242301557	0.257765496094171
0.125188905500833	0.448931668732015
0.0216329174777047	0.0540447986236789
-0.265907487769057	1.14266931274433
-0.0238605142652321	0.0598200152614724
0.112183041362557	0.332230696590559
0.0443622813486761	0.104165126075498
-0.144918131797662	0.457540751691477
-0.165611448855466	0.49816922119298
0.118746355498867	0.36818357164639
0.0314228196006234	0.0758354962721314
0.0350752958127771	0.0982595525686859
0.273718387753564	1.36444054949731
-0.0932118354756889	0.271892918855109
-0.0394436733404369	0.0845680398788369
0.0468907775864679	0.0991041096804004
0.0539323384904783	0.125958597816999
-0.0192144365951812	0.0423641238867195
0.0441082716318061	0.118961471889503
-0.107189714458935	0.30769364101142
-0.281125010401763	0.926472309835166
-0.238237000732531	0.620086735342539
-0.152177831783839	0.355527579102337
-0.474635119055199	1.68370879822019
-0.229684184622524	0.514118548694134
0.168195302506934	0.35941255759851
0.155808261271952	0.467575200864932
-0.0700600669233544	0.190470336457831
-0.0105006901558354	0.0219932253976624
-0.0266469363426607	0.0512682491630067
-0.00750515060764512	0.0100771505309433
-0.149738992917845	0.259865458058243
0.370914053132236	0.727192568135152
-0.0385848290756747	0.0246311392439735
0.217651893882754	0.112281079758086
0.300593723382482	0.7009810998759
-0.333192664240048	0.817075642045061
0.066034870732657	0.117959585759308
-0.0587454731061232	0.106637904824032
0.272934538305428	0.71137076359622
0.164084103567148	0.359126103245427
-0.0250840248314983	0.0428913597677448
0.0229619327427528	0.0375309414565774
-0.211471609343249	0.486056488631562
0.0300974566696214	0.0427537247123899
-0.299012307426529	0.458349158500679
0.120594252712916	0.238999605861538
0.191787929278001	0.413201660335833
0.0920394051143488	0.776578971881121
0.0301362939527627	0.177462145318848
0.000775932684405012	0.00349988882902151
0.0552860178839553	0.274622972087037
0.00740730556536039	0.0270163304870337
0.30018085481416	2.28621619204988
0.074003226055258	0.29498041815223
-0.000610184667975578	0.00179693665666187
0.0722860420243682	0.262046022413115
-0.0754231429326993	0.269937747858761
-0.0175878895807157	0.0510039038952145
-0.0161864058875404	0.0445355016249254
-0.10484835039786	0.366084831245869
-0.0478052012848414	0.149141921086554
-0.0225308777959654	0.0680614112230008
-0.0923220454407327	0.321790567068108
0.231522730654096	1.19731932475975
-0.070327613941372	0.235640054994789
-0.11839178842285	0.418393580867541
-0.19146307519664	0.759312532921859
-0.206732763259107	0.85470375494679
-0.0395349643634983	0.113497563522577
0.0517346432357442	0.150263698031509
-0.230715778013567	0.977598458858906
-0.0601308682975506	0.167169760293865
0.202483261849039	0.797927571208995
0.191955954001581	0.726091345051943
0.00143711893384171	0.00348417772478903
-0.0362627272630717	0.101865100105504
-0.0725865561099842	0.211687964343445
0.0321138400120392	0.0786561032239731
0.184339132072831	0.694534298329376
0.182887194948797	0.624046916167214
0.00523426422911735	0.0125459895510431
0.126308469791727	0.38366941463705
0.0573375003863715	0.154321642123258
0.160982586366195	0.596054615172299
0.0331634603343933	0.0917708622848279
0.0370839856737148	0.0978294375544286
-0.0206728052437579	0.0448003943828013
-0.0477236921544002	0.100754878750406
0.167958560601881	0.548212860937949
-0.200842862590505	0.714800400949369
0.0214761790863466	0.0524392244540364
0.0564253755654406	0.156793649099152
-0.230953139492282	0.678134451367136
0.184803009575401	0.496102381555737
-0.473961438493499	1.85243846048291
0.070883986830889	0.129286378376366
-0.174992818092315	0.421322959201887
-0.0790915855603341	0.150499456328784
-0.13844922447694	0.436310172758369
-0.071703484143714	0.193634209969425
-0.0653843300396102	0.147452102204522
0.0269145317999827	0.0513331261509376
-0.251689338222916	0.494334890470706
0.172645960158651	0.359776063604984
-0.0404960809199309	0.0597651989699571
0.3025912647913	0.249963556755146
-0.41044308705536	0.216545353080503
-0.0472472593466105	0.0253015033438288
0.0161935256916142	0.0282251165367085
0.0915717584470253	0.184505075544264
0.180284365394702	0.406595716675391
-0.0374146744905797	0.0728767923612706
0.297006827256608	0.941305629402509
0.274976863061675	0.798694732932826
0.412401434095308	1.23657839664553
-0.0122034285892225	0.0187308369643571
0.0485755719125055	0.0947478015282919
-0.133270551738647	0.234824255683694
-0.197663944015845	0.281076120770807
0.0187577229625149	0.0316625146889476
0.0701608465503154	0.529617988858368
0.0534215133124651	0.357752237810066
0.0108431451474187	0.0518995098937094
-0.058224194417662	0.265028700544368
0.0278046345001932	0.10017512252671
0.124775298375798	0.595236347426142
-0.0471403977424162	0.17397259904207
0.0902537867663525	0.355778275850853
0.103187395262851	0.41756564050414
0.136526998552536	0.531223304149803
-0.154266845173981	0.609075691363767
0.00277529427994989	0.00740379388859314
-0.00690139458389883	0.019931352310463
-0.124342977630155	0.509145076842725
-0.0575528314733394	0.183508292002542
-0.00307881148145931	0.00818533309974322
-0.050150868469329	0.153345221213497
0.00473235728986994	0.0124011711413992
0.11419061724824	0.388822961835765
0.0851153395897731	0.262272561463802
-0.0194419087120858	0.0536826841484518
-0.0172068061404555	0.0445131697351201
-0.205435711435253	0.710214282702759
-0.403028953589002	2.03815592546637
-0.0953316425106228	0.285373920429709
-0.0926773878825344	0.265155858967673
-0.0330087205675326	0.0869792193990645
0.073608449018074	0.224801935715646
-0.0856788635365181	0.264503444964692
-0.211266601234815	0.813225837172009
0.121024801759824	0.388495191979625
0.261306801506049	1.12260642564516
0.134580829462738	0.417137683376115
-0.277795892466984	1.03107587058619
0.160862893793681	0.505226931769437
0.223535171839572	0.916386360313337
-0.0333387606371333	0.09051290285553
0.292643469681539	1.30784793411465
-0.0671670941426257	0.141943874805144
-0.347764713386547	1.09254241413205
0.046335576009058	0.106559503715911
0.148885920537812	0.441322654943238
0.193535039992066	0.726060986604845
0.157410394779637	0.533369987630791
0.110099977525788	0.256902561846505
0.0473060168451263	0.0951401581914362
0.37223826024804	1.22007207680326
0.472548268402842	1.39835805624382
0.0287889856275642	0.0434110015059835
0.0723758899279204	0.128696615938124
-0.11700257741949	0.315412646924278
0.123977477453895	0.358275904711887
-0.0891356580952852	0.234776230160365
0.2304172864744	0.7023631339959
-0.0298837852987473	0.0403562114128478
-0.43593028094575	1.1189679461829
-0.0845115971555361	0.11102331777609
-0.80233091738974	0.86111733399957
0.287715288745808	0.685938852959378
-0.381325581260166	0.894254913140043
-0.00503658256058493	0.00752224971040968
0.113995842096493	0.198549932579576
0.0765023972519294	0.129782542744398
0.118986936439824	0.150005748533856
-0.0938576291183888	0.190220720207877
0.840825571864416	2.16049151329712
0.108876227344363	0.989893053316237
0.0844608400071597	0.652416160532001
0.0372680655688352	0.149977035350089
0.115509255579751	0.523369185495878
0.0349007448071907	0.122416806233102
0.0634418922106804	0.275037589803856
0.109402183235333	0.484739763395193
0.0303373327455117	0.0979881533594906
-0.0184433152212976	0.04691418903
0.103918777415676	0.318506373967836
0.1465565995446	0.546963540200145
-0.0479163031426508	0.173061855479638
0.035558036963758	0.124164175984212
-0.15675964023464	0.678641271999101
0.0838141021156466	0.307368910241045
0.245850950942691	1.10196957811297
-0.0775646350322637	0.257116705091067
0.081599024679279	0.251839689075179
0.134534729944564	0.356455152437093
-0.0369815004299647	0.118618671367091
-0.0694830796971303	0.211854845902327
-0.237882850976329	0.795958844092701
-0.193564130216654	0.514050768873186
0.112131347847237	0.312701853435708
-0.160592462767006	0.528467384756686
-0.00798418323111268	0.0195643904649857
-0.0281997326484118	0.0656228416251605
0.1188931939454	0.481409807300246
-0.0259744418895435	0.0771450244969487
0.224471755436213	1.19716812348593
-0.0650957775627416	0.183429228173083
0.209442860899355	0.733241027195832
0.275268933991063	0.789951813217843
0.184070644218405	0.550106970971572
0.00477215175870865	0.0118119044279181
-0.122852929247127	0.470536315155472
0.372942190883371	1.80610383500432
0.197199596578093	0.389338626285646
-0.465926667094451	1.35327564463676
0.0402042798917704	0.0725972301184117
0.0897089147873683	0.286285560312123
-0.055113785752102	0.151535253141712
0.149472497992645	0.437054191161559
-0.274097711905891	0.667954966780993
-0.152070133196245	0.243674363777586
0.281648236679253	0.637298603132925
-0.237495190091599	0.408529740699288
-0.341265458636987	0.645874906373201
-0.23210197081463	0.365058863500419
-0.0150175484137161	0.0302486487168156
-0.00819248501616943	0.0209623219382752
-0.0164240685833017	0.0400225431099739
0.0519257622729153	0.116133311448138
0.348949773126099	0.458306146307514
-0.0398964669455389	0.0407514212984498
0.127792952773198	0.127479639620611
-0.448900720694895	0.272940239393308
0.0726211009186611	0.095023910274867
0.155495227739094	0.222258129834065
0.0797446813155453	0.199642832331597
-0.0143631699970481	0.0289994065885703
0.055586079955961	0.0855957980455312
0.020257558553692	0.117941040454978
0.0532963033629297	0.348465539239954
0.0571549512388802	0.328395263090747
0.07093271601766	0.405835265675413
0.17558931939763	1.37172446803111
0.122056107827801	0.692722814784595
-0.0317969256755267	0.124874448394017
0.0910023180104649	0.377019214580621
-0.0687789510536347	0.25640618904136
0.0894033187972893	0.35170443753486
0.00238376072904319	0.00784435382395328
0.146397955397396	0.765477606332375
0.0727651657383371	0.266937411610199
0.0727967178387663	0.269030957528903
0.120175505449781	0.469252172635404
0.15350949825699	0.698508208957196
-0.167405972990435	0.752120882367471
-0.00815087410741104	0.0219866886989381
0.0267379736626207	0.0858990891863559
0.199914176177684	0.959453515713813
-0.061087428182092	0.176417153144337
0.105026106507808	0.315372149203799
-0.198101692702201	0.868806968546454
0.186148675119591	0.791072393700818
-0.170008448011024	0.699683568101587
-0.188674737642399	0.799877450971311
0.0106660934570256	0.0314844246422773
-0.0251065644682665	0.0746434977213019
0.103741375272627	0.387773364895296
0.097753009811331	0.351774923561866
-0.356107671509318	2.05240424213929
-0.230998503599939	0.874183085690998
0.151231038330175	0.535120170112081
0.0440629933090841	0.1393390438568
-0.186958415789386	0.871286962340792
-0.0625381857516665	0.195135884697721
0.178473427695012	0.48518972335717
0.00829161896469111	0.016015259425961
0.0319271015947727	0.0763388096881753
-0.0195905789466447	0.0551086290934658
-0.031436871584752	0.0981721990659002
0.118444732132897	0.423721581142966
0.00525156661641821	0.0110135610054183
0.357019578067039	1.14959778968301
-0.108675534084151	0.250973527321664
0.263455187913912	0.749214080850359
0.0755793655510912	0.128028483320253
-0.269488556836252	0.690429230764953
-0.0274856606980875	0.072032497872037
-0.091391940407191	0.321977805914684
0.239539169450389	1.1534614961796
0.169434529065915	0.606961188117876
-0.224824671183088	0.396780899502622
-0.368428751823612	0.895390795371137
-0.103818122802381	0.15995519409918
0.53549266340561	0.409148205046985
0.0997861977716328	0.234891078947307
0.0554219194087809	0.103285576773723
0.0663081737456162	0.121780198979093
-0.0382975203651835	0.041111596233639
0.0614260035481592	0.446204210602403
0.0483443580829545	0.319482230063633
0.0584294055982388	0.384782060707845
0.0859359272019376	0.477203578906318
0.00277042337675676	0.0103865123201717
0.138892037251523	0.898001914498218
0.00242358688351675	0.00943868116794501
-0.0160878823902392	0.0614993166538082
0.023611416412996	0.0874449191541554
-0.0592121155583833	0.222820979524184
0.117876924939098	0.498535387068481
0.0618477785064802	0.224217603565691
0.0755241540545321	0.275481349156559
0.0649993018150059	0.243897395016897
0.0702550251963434	0.263477637408698
0.0593050130967021	0.216440147680922
0.166169337510012	0.867017424936336
-0.191777207621752	0.876971029784976
0.0170861723052011	0.051887364999941
-0.0366398530493347	0.120203780155622
0.095813739328228	0.377473195795589
0.155539961594526	0.704433014949908
0.0180530589456679	0.0544195865076098
0.0276241519920458	0.0836040051277703
-0.0905434952792916	0.342539489018275
-0.0682221219022361	0.186532718429089
-0.0411785104484187	0.0898598855471616
-0.147603247289961	0.3744424807534
0.0646496967440213	0.217472638928656
0.219139773067212	1.05521217249658
-0.0639529594044317	0.210023468437433
-0.194985618901477	0.91897402273096
0.201650790162894	0.881198268617789
0.152540890130242	0.591299605979439
-0.0559311777920827	0.191513710188656
0.107712019842046	0.414752294565276
0.0257099954768625	0.0795990710865958
-0.0276171241733877	0.0869101679319493
0.193549554262017	0.905911548288585
-0.0685908649108819	0.230391368210981
0.084518557861494	0.310132521924475
0.141568944278935	0.595022856244063
-0.197103994814685	0.888981828121578
0.10383173202551	0.384340417927525
-0.034319111723006	0.0971817792648054
0.0212258537271139	0.0595946897181237
-0.0771382794288351	0.253337021295841
0.133101585025146	0.522436002530865
-0.145739230351805	0.548796028229877
-0.180544692381319	0.708603860173325
0.0602543799083834	0.18222680085907
-0.200759709479944	0.629436868641539
0.051917888081856	0.149488898235008
-0.0218859545372781	0.0535607189504504
-0.038162723222888	0.0409618126235901
0.535086113249945	1.97411073290123
-0.0764406261652627	0.134380883182344
0.114475269771268	0.190696216948377
0.058584126882223	0.10766919161903
0.213128102458535	0.764118822560993
0.0789855597662762	0.622886242835714
0.0472800499228364	0.312242355885641
0.182315427709297	1.55860184320726
0.151796336871355	1.0768873709364
0.173039757756154	1.28816063928562
0.0752834897578394	0.408726989552642
0.0300830848834757	0.12695724046203
0.0482887536863833	0.194582989423934
0.143325049509484	0.674802464347757
0.0797341695793223	0.297833553295881
0.0753770269210735	0.289039809888891
0.221437943544624	1.14715764700423
0.199847706826313	1.10697349540724
-0.0524043326235917	0.182534947391565
0.115538095384479	0.486032366088872
0.111690200268811	0.48200872937173
-0.0188566708288679	0.0522228242923098
-0.0605382450554781	0.206868896899562
0.264380339179043	1.62828851398602
-0.0592822090837918	0.212969336199932
-0.0150608938446894	0.0454145034372708
-0.0593118841650664	0.196696821750941
0.110622689449301	0.408973415362716
-0.0570083833650742	0.184625613702984
0.136145180591206	0.421844583344051
-0.109148921303053	0.262767586596493
0.221196175365472	0.608563078440721
0.0304203458787048	0.0849918451003992
0.0485186599246205	0.142856508499524
0.0335791926605203	0.0996367508456573
0.0997695024128347	0.363746398514347
-0.0512934392388499	0.151450321252568
0.342718732601153	1.8512813050865
-0.0256194292363232	0.0775593499893707
0.171325681384615	0.807465911466777
0.119755441566584	0.488000166125787
0.0562974056816997	0.195870110410886
0.00679660479774614	0.0178795788837935
0.159675051586368	0.621674920694415
-0.0333628854938046	0.0988927328618625
-0.282100049964675	1.56824504226684
-0.249632060582577	1.3203581800024
-0.0397691160006456	0.12498111532588
-0.141114341553795	0.537394944472453
0.155220280035085	0.640963716041682
0.228281463011888	1.16729967852446
0.0890073583104074	0.309944029587859
0.021219230797717	0.0519179522808858
-0.0776471505530026	0.226859879758477
0.155621246657272	0.576101197707285
-0.305441626158134	1.29208839916049
-0.00790979044612092	0.0201101508325232
-0.0447968490992989	0.119678673595932
-0.105613919436198	0.138902581028332
0.420112611435593	1.65720738229151
0.396915358508256	1.3179955874485
0.178920605579744	0.363817381343758
-0.0717728443242847	0.103803868007571
0.0466576708491179	0.0780539697217388
0.0781176263237187	0.104179219561478
-0.0335431487381969	0.0519509869357082
0.0347281826111436	0.0716869448713471
0.00443534031567677	0.00932637911680361
0.229699309964681	0.723298459403194
0.130518368650556	0.30320013454718
0.316013650725895	0.954651917042017
-0.133982951972365	0.214007077345346
-0.0671822444794234	0.117835709255858
0.0912551934014649	0.161920727088867
0.0148647903133149	0.0252386732618911
0.0356298826562775	0.0661320121804354
0.173132697514348	0.474527835343706
0.218021068528547	0.618998895989624
-0.018987549487766	0.0353326675839649
0.101508578922379	0.266591553089219
0.156662025497166	0.504842295616027
0.0162702002729813	0.0314792501812557
0.330793428232446	0.734741434289716
0.0872144163480604	0.2037719147523
0.0673094540904105	0.173330586295334
0.163098624336645	0.408611502100334
-0.189610321571358	0.45196055754814
-0.130118591472997	0.342928948532921
-0.194912212574723	0.530223882100128
0.106662705468907	0.244807574260674
-0.181319502558299	0.489631604543618
0.0454308231409459	0.0989684287284472
0.265931867928857	0.708197863259801
-0.226279726037123	0.523791249170199
-0.447900214875509	1.69724422622713
-0.0875967634997799	0.168077105940293
-0.0056905977892036	0.0104106657566387
0.193636005578913	0.587934051876759
-0.0600899885175021	0.116705208702209
0.130710354020666	0.287519362859911
-0.0146945038495259	0.0185046487910849
-0.00476617099243519	0.0067793881448693
0.0852764110756228	0.116159742484019
-0.0471843830320806	0.105929484687729
0.335520892438639	1.11060076611953
-0.00931843840906711	0.0158057195890463
0.375892040369999	0.813106331100113
-0.475336174041553	1.13426143338674
0.0914925635600257	0.127103474440304
0.060692677838815	0.1037257525721
-0.0383715442512981	0.0781148608072284
-0.0142064445050506	0.025896561749265
0.107445165786979	0.217562146008718
0.201075380363049	0.34819075320277
0.0520513529399857	0.0890568271044792
0.235987982307209	0.444513264917969
-0.456481064482068	1.49251390847498
-0.0170873061941493	0.0341060057632036
-0.147690339070929	0.339775136872108
-0.0814119838879195	0.163181828326548
-0.0079115262950695	0.0148016852410358
0.0891276915482814	0.222372004701498
0.068144827870898	0.122958026114147
-0.182463904717296	0.487276874503468
0.0839755406225096	0.177336281713885
0.112545447969128	0.231368030786719
0.154986648740827	0.414456966192016
0.129139566332581	0.34227026675666
-0.212580275170085	0.498056538183497
0.368890786255658	1.15319785863723
0.221389341138634	0.551917059335288
0.132409998036921	0.265003357577596
-0.0328486862036376	0.0585308235487702
-0.0130820577895086	0.0230322755339536
-0.0810322306933131	0.160088477470947
0.149367364677741	0.306256203518966
0.256092393049969	0.59850485237643
-0.028079426887844	0.0498553462974666
0.267146846753699	0.818815583703508
0.0450968489017421	0.0846058583006271
0.122730066440853	0.269774093237994
0.125294795545176	0.253597572561096
-0.121160771852333	0.269890697107449
-0.026174061664716	0.0489669980925929
-0.295901643716536	0.777436693593206
0.0139034916522878	0.022681013680384
-0.0256251095941134	0.0421294121250974
0.267304833676085	0.616764351803632
0.098250710328143	0.219741045526309
0.116799200830711	0.243369384767814
-0.181115387798751	0.383965983929016
-0.232634982132437	0.492872711870882
0.0157838951130196	0.0258379481708435
-0.318509626497856	0.859345233974908
-0.012539954778982	0.0265331091811038
-0.0555969778867248	0.120771297750062
-0.412422549033853	1.34517958873521
0.138519721089139	0.437641791984946
0.491138562275184	2.10277591656856
-0.323844964512188	0.994470322456524
-0.0684076373759101	0.133555136983336
0.248895874810553	0.600758384109804
0.0611481751140978	0.13668917462342
0.288539296884965	0.92135935649655
-0.705276810021024	3.16539239805314
0.234712554411703	0.591464187933737
0.0443419336305428	0.0739057436792088
0.319514255158507	0.767674475047621
