x	y	clickSelects
0.035233975942289	1.03424072881833	51
0.10950947806819	0.242835846273542	51
-0.043576512267753	0.290765037128216	119
0.098821335111416	0.134335091864342	55
0.115705912425059	0.195606250518158	55
0.084210143889032	0.19432745672655	55
-0.109693115278695	0.608055638425158	55
0.097063904937866	0.194307919716217	55
-0.079708429606986	0.656704173737715	55
0.035866167562725	0.387262991254366	51
0.015070121993144	0.488722477845944	51
-0.087341218496216	0.72135830675113	197
0.108794845386264	0.29336502411402	197
-0.019206706037966	0.39758939744703	197
0.051013082965803	0.263405843769008	197
-0.101648251157263	0.576042871425881	197
-0.113003905996104	0.577305421819768	17
0.10554320752202	0.237472313720404	17
-0.063258828297696	0.590546189384427	17
0.088872488536894	0.171144574519041	17
-0.045902791992411	0.452137354655778	17
-0.032828882286585	0.183013862092015	177
0.016801246022492	0.434153454123031	27
-0.016369681160505	0.485045941694549	162
-0.100575379043365	0.573585269066785	226
0.023161621494788	0.239028998970241	226
-0.102878313653655	0.542319214788733	162
-0.039692561000049	0.336670242786628	162
0.092234295183529	0.15848881600133	7
0.070023385897081	0.18024605228634	7
0.124956094475114	0.11149190829861	7
0.037335829572602	0.174109426455861	7
-0.071333725958618	0.232004254081245	7
-0.106769581232088	0.224190445065808	15
0.074046086414471	0.133415622162132	7
-0.063412433827061	0.328062993712671	7
-0.100152001342464	0.277940418692697	7
0.111373179158838	0.105998721798175	7
0.124402632731293	0.112027559151691	7
-0.09904003399003	0.642971953009397	7
-0.015309864556808	0.7604663383429	7
0.100393245940354	0.175477008985893	7
-0.00957442695496402	0.370957542923881	7
-0.050240969354789	0.331698942792458	26
0.090037331764678	0.169694432215073	26
0.028821421931639	0.146804252214234	32
0.00569766070661101	0.214297439698832	32
0.00961931833031801	0.113291035120167	6
-0.099861303517742	0.277704388497535	6
-0.118951622403386	0.36327578079587	265
-0.106615977304829	0.224057876526103	265
0.113620542873556	0.223957270683138	120
-0.036567582510659	0.423954226905272	120
-0.084162286072659	0.546994589545698	120
0.018703105585054	0.306608058672552	120
0.067065634718326	0.232853685986048	120
-0.074254619220052	0.448856184578238	120
0.00225915122225401	0.27487452197065	1
-0.02484339825439	0.392520754722177	1
0.118137020951021	0.125285980764366	1
-0.031544357234246	0.245495404602179	1
0.017830906701862	0.365197980322272	54
0.088074655368397	0.17210835093705	215
0.047112008190964	0.400884669886032	215
0.004159762207566	0.615374512409038	215
-0.02098870205139	0.728068591136213	215
-0.101157488750179	0.832121866983299	51
-0.027078602901606	0.520124778054649	51
0.050748981389118	0.253789139890441	55
-0.098553946693291	0.322937676795536	76
0.054372587159006	0.267712330021066	55
-0.054982357787252	0.452008630532724	55
-0.100441767931963	0.278220834049347	55
0.064431400351687	0.414576949384673	51
0.00646725332232101	0.575219440682484	51
0.050163953360422	0.244214057524847	98
-0.00470850138635898	0.413402882814166	98
0.028222504834802	0.337811409523157	17
0.121219592682265	0.193912692869075	17
0.037544016403158	0.552848188357926	17
0.028762494864451	0.694089599515822	17
0.082009419518801	0.449980166545299	17
-0.055625255805058	0.743071720240537	17
0.082967368357176	0.291360190936395	17
-0.107007087101913	0.639947756189174	17
-0.100875231773934	0.27872831336618	17
-0.069888157980689	0.230766729184092	177
-0.10217835866534	0.27988801670384	27
-0.012527253513671	0.0950829002310088	27
-0.099676917543184	0.155650596189711	162
-0.107250897262739	0.640649638013628	162
-0.051586760679246	0.41656676791954	113
-0.013542558906005	0.45547397259474	7
0.066615878031133	0.242454447472	7
0.113889747914472	0.31033883698546	7
0.122756502415103	0.280899249635223	7
0.02662578888582	0.148426321867556	7
-0.097897946951492	0.322157552919223	15
0.016701186028695	0.13340888941649	15
0.017167960763695	0.133078413133585	7
-0.010583589586627	0.258740567696729	7
0.124746315004144	0.111696161150266	7
0.034895148541532	0.358186344964715	7
0.062744184252088	0.474786126478971	7
0.112695016419178	0.361106339800077	7
0.036431310014368	0.540248492163322	7
0.010879497342124	0.292356812302313	7
-0.057454209923854	0.28609230906137	7
-0.00665641695442998	0.327958264408507	26
0.040158567913411	0.184852150072487	26
-0.098516856862883	0.155115120700379	6
0.103187325420961	0.121682039091497	120
-0.076434745933344	0.61623184049375	120
0.010035731735178	0.293658282644767	120
-0.048973702046623	0.240746621056958	19
-0.069883679321936	0.230793727824037	19
-0.083351679419493	0.406065815358723	1
0.029707319510343	0.34641358567688	1
0.103334752073145	0.121558505086763	1
0.120480961446218	0.0897806994431379	1
-0.06738947322263	0.550580824558114	1
-0.098771235415066	0.713554694531332	1
0.013173084441409	0.47222152158238	1
0.04777771339817	0.538860299911684	54
-0.025520105979424	0.393791382763292	215
-0.079109118416982	0.325021042488633	215
-0.095453985168165	0.400048776213088	215
0.099807976757522	0.272230888054821	215
-0.113878599662555	0.400488953582357	119
-0.10849134694834	0.476488485485817	76
-0.072385564996462	0.411369083451268	55
-0.042878974599332	0.418714645901895	55
0.006437120140206	0.284379474801104	55
0.108763568117167	0.186067272952426	51
0.124370116571838	0.159323741430604	51
0.101495538336282	0.287105177022023	51
0.041195011420177	0.494654101380544	51
0.017167575706037	0.503644532190922	197
-0.022725794650075	0.301935575383649	197
0.049882594690383	0.244618263476379	98
-0.091737309950251	0.541346996284425	17
-0.073155114787219	0.446892995593526	17
0.087710548924438	0.172543522153918	17
0.058411369906837	0.383525203998702	17
0.0397109199763	0.516254965979784	17
-0.010614483994267	0.935533992903028	17
-0.09780074581624	0.932803709498512	17
-0.096010895302107	0.478860130384678	17
-0.032981791630825	0.183135087968001	27
-0.064029400973507	0.592525943365485	27
-0.091220324439324	0.57556540334778	27
-0.062402555575467	0.172188403820965	162
-0.043129648631814	0.290289619806419	226
0.003010677393431	0.715020728002981	7
-0.032631056625023	0.246635813671784	7
0.079196132775056	0.115994044663463	7
0.086613302382692	0.0809562205806739	15
-0.106658596058492	0.224071093712175	15
-0.012639345275702	0.0951253594635274	15
0.077892157136188	0.117023802978222	7
-0.019250516482585	0.251206179542314	7
-0.064029946299853	0.987554144630472	7
0.113139274045873	0.34549327785585	7
0.01627145537968	0.310501018108909	7
-0.075376278130429	0.282054160079177	7
0.066465517150811	0.251607090372002	26
0.107614477283339	0.15159652888451	26
-0.082033332865671	0.404012525527375	26
0.073609205397272	0.145169346582588	32
0.082121655300827	0.0990219435325704	32
0.110592674025041	0.10666658411925	32
-0.097634004475787	0.403205672694189	32
0.027792837987267	0.147546784108383	435
0.077452526409939	0.117326982445426	19
0.041659289398045	0.183340900032911	1
-0.010851954028639	0.258966971315009	1
0.087394435476712	0.0805616419972154	1
-0.108659990386815	0.76803479782997	54
-0.114019736892712	1.08940418039634	54
-0.081800748555808	0.608934930181661	215
0.053438005836567	0.269344290315973	215
0.048716996373366	0.246320660703153	215
-0.029400209067224	0.807897765692292	51
0.007304112535718	0.282994123608111	119
0.124836783149744	0.158643143154215	55
0.10818806437706	0.193341103051857	55
-0.026844997786734	0.353628551422361	55
0.06951349965924	0.180838826221151	76
-0.008360921567105	0.406344182678264	51
-0.09684816921739	0.899010649284949	51
0.01604643868754	0.356069910365696	197
0.04700089574626	0.214459462679029	197
-0.080826128632041	0.364862117998122	197
-0.052551475961259	0.418287660019975	197
0.071146637469136	0.34329282658274	17
0.035055045782043	0.478918067541325	17
0.006454564737919	0.701589145398678	17
0.083448105931334	0.512678314310919	17
-0.040913461663716	0.387205549094256	17
0.117773280715597	0.205412194029481	17
0.093331547135314	0.228846724834175	17
-0.057306655864412	0.285924795857952	27
-0.124928950847324	0.322578153574102	27
-0.067325776288737	0.518894549371273	226
0.020655174397551	0.315557282096985	226
0.001396755046492	0.427810418391296	113
-0.022082874494878	0.301026884208544	113
0.11204839402334	0.232307811725428	7
0.042871096877373	0.568925908961487	7
0.105173220381348	0.348914528624892	7
0.118072623797158	0.227110205967079	7
-0.032631056625023	0.246635813671784	7
-0.100875231773934	0.27872831336618	7
-0.020592565576665	0.252740117567894	7
0.016073477966587	0.133786055690657	7
0.033708205967337	0.161866258109767	7
0.080391853838443	0.100185795828757	7
-0.105831012154501	1.43367038781644	7
-0.07654345790403	0.584125109168782	26
0.07818191343054	0.116792824405696	32
-0.106769581232088	0.224190445065808	32
-0.013206038389276	0.193702454856503	175
0.02809044760154	0.147387635394649	175
0.01017348683966	0.113005978772783	175
0.087785040075723	0.0803579600614856	175
-0.084162286072659	0.546994589545698	120
-0.014085230316483	0.555467556834904	120
-0.108272946589296	0.680573050895334	120
-0.029915961880058	0.470175285789469	120
-0.100479736999896	0.610518340434418	120
0.086254942469085	0.183094109676172	120
-0.071919605796793	0.410585875607081	1
0.105448315812964	0.204284943198001	1
-0.037228289881223	0.425165801028317	1
0.045411569670423	0.216421677299858	1
0.119900982083637	0.0902203777323762	1
0.016845304562043	0.133316794363231	1
-0.032981791630825	0.183135087968001	1
0.030634908567622	0.445125446812752	54
0.092115302583074	0.312994888240581	215
0.039864749468464	0.540168395959127	215
-0.091252162924466	1.16323796484128	51
-0.080204793821585	0.364021251341281	119
-0.099604885698844	0.644809162910097	55
-0.083175088740462	0.405712432630161	55
0.042044403271813	0.326731025753913	55
-0.00297271333073801	0.265898623405191	55
0.066327636320843	0.251842430742233	51
-0.042090598535128	0.618072870083291	51
0.00309123658070201	0.505812306972471	51
0.036293026281031	0.627764140839189	51
-0.025048764021656	0.392914336817873	197
0.072105051394223	0.326723546019294	197
0.00956434237725801	0.342288247386282	197
0.068670383060636	0.181760406258362	197
0.099345466131713	0.267590916051841	197
0.025142738014029	0.475397576793685	197
0.00403777376096301	0.503254325859087	197
0.00708472344079	0.394541271907958	98
-0.082087543587754	0.404143356787168	98
0.019398283572415	0.527139223819821	98
0.047245001440679	0.346322863102773	17
0.028222512779315	0.864311178308814	17
0.023006598141316	0.450761608691014	17
0.054816759846517	0.286681792378378	17
-0.123686370501272	0.475534924224075	17
0.095749598822598	0.146008327420085	27
0.073220576695824	0.145568473958906	27
0.12321913934288	0.185114354014799	27
-0.079507531144235	0.363000941366477	162
0.095788533496645	0.292754359298656	162
-0.058055667147532	0.865791078032824	226
-0.00894744238601902	0.459246513958928	226
-0.00431670127596201	0.375672296266061	113
-0.021445239216273	0.897854286014558	7
0.027243522366131	0.327864460555545	7
-0.090841184704235	0.64474024819777	7
-0.047421827458134	0.239251474837174	15
0.039634066819315	0.18537806968011	216
-0.057070078042216	0.285641746410328	216
0.00192359690253999	0.275394945983979	7
0.077309500664422	0.117450375381721	7
-0.031816119009056	0.245791162086576	7
-0.101317493055673	0.68491219920417	26
0.039061205836519	0.299915275547537	26
0.122261331608313	0.167980229165464	32
-0.099515836949096	0.155627446350508	32
-0.00202478395892097	0.204707087289201	32
-0.106637372062751	0.224105271954157	32
0.124148177015282	0.112277349665807	32
-0.011709812872577	0.0947666931025644	435
-0.03300320098177	0.183134481115904	175
-0.118612191574747	0.362935914108202	120
0.124595464263488	0.230704820821194	120
0.048334969785397	0.405982399618471	120
-0.03910401573887	0.428361049664516	120
0.0648278390704	0.226912665890356	120
-0.052194484484199	0.417672689509248	120
-0.062294091878474	0.32654103634841	19
-0.00176400324707998	0.482017393911624	1
0.022425848633228	0.23992473333538	1
0.077013698497897	0.117671422574715	1
0.043170473842987	0.194497923960675	1
-0.063666012323436	0.172965769433166	1
0.009658002454696	0.402077339600739	1
-0.06168950796581	0.633618530395225	54
0.080772079355545	0.329498440103881	215
0.120974759264865	0.194341646781963	215
0.117003681450573	0.155866285121866	215
0.112204894855139	0.254358474854798	215
-0.070484982657991	1.06122887235642	119
-0.023572114308128	0.526168092416367	119
0.098223596684087	0.199447789476336	55
-0.115528449611705	0.54423006448245	55
0.033890034526891	0.360308550596777	55
0.067166076395747	0.28598107321167	55
-0.020681060763174	0.533058543851476	55
0.124450399402908	0.263225864585101	51
0.030710267881348	0.43527965182513	51
0.078573426424164	0.424444570175344	51
0.018242578947928	0.696129139135146	51
0.122249652365569	0.303323902394346	197
-0.117020756816192	1.222169175211	197
0.124530773135748	0.263026747536487	197
-0.089993438084126	0.676432344259964	98
0.092378490325225	0.274036625611836	17
0.109407167078133	0.270541845004438	17
0.104475389766779	0.292357311593331	17
-0.094462581370653	0.512249015797801	17
0.06251741003293	0.376309891355152	17
-0.048124936691058	0.239969219625644	162
0.026244127835473	0.329673779710272	162
-0.123330061534337	0.803105616079333	226
0.027917178013612	0.25960201758102	226
0.121177232344615	0.169620960965782	162
-0.099380018940272	0.680034046650747	113
0.022144235560357	0.463562854516168	7
0.059952945884593	0.508556534500564	7
-0.031735055945597	0.388755583478864	7
-0.117528266118539	0.361602382547456	7
-0.11808768307999	0.362291749168559	15
-0.010030010434377	0.25806804801493	216
-0.120830443117414	0.513772972497107	7
0.046097075952851	0.227392243293936	7
0.073482733916645	0.133866442039264	7
0.045365655805791	0.204322472743514	7
-0.111862727703435	1.06828871428629	7
0.083022452159042	0.440800476130711	7
0.09513709307674	0.401110624060538	7
-0.059313966935555	0.410391923400559	7
0.011725754447862	0.397614183511264	32
-0.066858796862197	0.367793273773989	32
0.041050457863963	0.1839900466297	32
-0.048124936691058	0.239969219625644	32
0.099226780921283	0.133940037741683	32
-0.070031010041142	0.230922113669659	175
-0.109031123111234	0.477387926424352	120
0.029773143545139	0.346349616065907	120
-0.00358782614642	0.603297198365971	120
0.123774498606971	0.184187192153604	120
0.040879816741681	0.307642325837293	120
0.00257432149039699	0.438041368700587	1
-0.083324465802145	0.44290286995205	1
0.070131395596367	0.180110069450474	1
-0.11680968551306	0.546752161884391	1
-0.031125463135796	0.24503390118313	1
0.010330116357776	0.680267035917562	215
-0.013054118337287	0.454399796125817	215
-0.071379117495491	0.409764378153815	215
0.006055021070933	0.213886540405349	215
-0.082949428703372	0.510713777270376	215
0.034540589483755	0.348018355445436	215
0.086290496826682	0.66999368792509	51
0.113960971377622	0.415489117431056	119
0.060207475184157	0.568336767661505	55
-0.00414790858430603	0.67482833582561	55
0.078182468598712	0.349018259156411	55
0.092139946595468	0.365196551198929	55
0.120227934577833	0.253471964646	55
-0.083747346817619	1.06905396162581	51
0.052744128049011	0.49529449307321	51
-0.096786078647283	1.40372087685113	51
0.083008511884096	0.452038012437402	51
-0.115653633588548	1.44769546310617	51
0.065360425135104	0.544059696946592	197
0.115170995042314	0.259067891452617	98
-0.057604085912531	0.878846164830348	98
0.115958159302682	0.314501820948111	17
0.075520105530834	0.569152417402871	17
0.094740650148947	0.484507157786028	17
-0.039582516260546	1.0119181427499	17
0.074279092283788	0.454053323941504	17
0.111599437342031	0.321223284422407	17
0.050912954598699	0.447660010684231	17
0.066677999201869	0.320322375334719	17
0.039073922496501	0.558807264338211	27
0.042633701274005	0.315111239348474	27
-0.015067755548578	0.308504745373085	162
0.120974759264865	0.194341646781963	162
-0.047554351527784	0.643050062946322	162
0.120273417464621	0.238364584192255	162
0.032180215778694	0.45050217493548	162
-0.02741241313871	0.734019269818913	7
-0.048716074457908	0.6465569398621	7
0.118782830213237	0.17906478652898	7
0.010879497342124	0.292356812302313	7
0.038871512585159	0.289422868349198	267
0.000800034101482994	0.33055977689101	267
0.025461938796191	0.249681959544499	15
-0.079814699969517	0.325841220335871	15
-0.050416267768969	0.331880486208073	7
0.084858549273854	0.193433676200623	7
-0.064955588710354	0.482700052732158	7
0.101568961068212	0.28692968896364	7
0.000930797836864006	0.487589486817265	7
0.00742065650642201	0.743824088701567	7
0.065805885542775	0.322268329366995	7
-0.124927401376215	0.673934650276362	7
-0.075976877563681	0.58278226905265	7
-0.109157558162387	0.645164576142088	7
0.037292444909326	0.393803347684918	26
0.025541705303454	0.249641245678766	32
0.111200940477279	0.176155138904624	32
0.05040130428292	0.243851879633684	32
0.047365988523266	0.225688029791239	32
-0.050388097572736	0.33188711839316	32
0.108011994644684	0.151119670753542	32
-0.095708243765104	0.440058761775854	6
-0.102011101985657	0.940647628265386	120
0.1011646638854	0.293177572011624	120
-0.078660484830681	0.653846370239557	120
-0.011349250253055	0.500816137901094	120
0.048544418068235	0.246625450518849	120
-0.090633564748538	0.677951893637885	120
0.037515066526037	0.383448322471282	1
0.067374633947924	0.310704597553876	1
0.029650002002609	0.335044951845683	1
0.068533080063401	0.291861238318211	1
-0.094570621747104	0.398727190446283	1
-0.123316972959402	0.474893622653149	1
-0.117903715543601	0.362064128992335	1
-0.00308138628474802	0.266058962202097	1
-0.081450106830172	0.692702962480117	1
-0.087615311308772	0.722605605295654	54
0.050532730753613	0.4168758133914	215
0.096866783578967	0.201619996946166	215
0.029692969203177	0.541652237526444	215
-0.093642267069382	1.95753410681137	51
0.027310679033346	0.73095132836592	51
0.037991530811654	0.637018203896008	55
0.065329312575209	0.439532608723841	55
-0.014690846588472	0.67820074668381	55
-0.011152781416307	0.737101351983166	51
0.059274097404635	0.517567802865778	197
0.064919375815016	0.467509634924862	197
-0.066752869103194	0.826704181769566	98
0.026503786102737	0.602486964689625	197
-0.111738475929194	1.23454871391847	17
0.113771224022078	0.339306049681462	17
-0.043617108291401	0.991811314188043	17
0.035059717445026	0.673421843397671	17
0.006396011967193	0.738109249161082	17
0.057371210422354	0.538729944525375	17
0.039331714542749	0.517488940502786	17
0.091741151425731	0.410323979259945	17
-0.040192689490656	0.748071527188595	17
0.00935967231750801	0.510928317708754	17
0.034691458862178	0.462031745857376	27
0.048291359279181	0.362670108778505	27
-0.077362376516763	0.322795213489189	162
-0.024834310740373	0.52929205674863	162
0.019711821760437	0.449037137462798	226
0.049184948108285	0.412333910434176	226
0.070493922893773	0.37968389157484	162
-0.00976289315454298	0.618322395762524	7
-0.073285722145935	0.914383660274026	7
0.022399302247966	0.239980771152258	7
0.049169126662973	0.444821718995723	7
-0.068075401502003	0.520408439514243	7
0.049690737794764	0.255399895593762	267
0.037725233175928	0.291363121705312	7
-0.000256926578108996	0.332353969515089	15
-0.064486900704347	0.481748941052223	7
-0.099837329768957	0.645391880651429	7
-0.124257406130751	0.672194059105103	7
0.096883265891154	0.245634569932514	7
0.037767077352067	0.38285623779339	7
0.029734260887012	0.334835708928503	32
-0.042636197836203	0.289570697135909	32
0.06793077119929	0.193014012478496	32
0.102831261243398	0.172130112259172	32
-0.050596149253246	0.414692498067968	32
-0.020367238916363	0.252505378198385	32
-0.043103500947969	0.419150699005457	6
0.093327334067709	0.157208883362554	175
0.036200634860163	0.415643653270466	120
-0.051988112250417	0.68146590167316	120
0.080261785637145	0.304106497072247	120
-0.012840059759044	0.362225699029435	120
0.018032786791032	0.442356938426043	19
0.067079345253698	0.214148337694797	1
-0.011295574985782	0.319580592962925	1
-0.106246899439084	0.511853535448381	1
0.074839962672122	0.282649519187724	1
-0.00632449535233898	0.513940201563815	215
0.038013643899988	0.392112940056507	54
-0.031897162353419	0.737482725489524	215
0.080834174136461	0.582702708034407	55
0.058533881284235	0.513671267063818	55
0.117825736843918	0.263599894049228	55
0.04694595598743	0.409848873745185	55
0.084732967153702	0.328776693219767	55
0.096497179431908	0.279667780153238	55
0.091867629871859	0.376528474356645	55
-0.03121841674794	1.01243740644755	51
0.025982991166293	0.604446654782648	51
0.032877554309559	0.637932858189336	51
-0.077799385372411	1.48865267244105	197
0.038140756726982	0.512892536247915	197
0.083725699632142	0.404794122255096	197
0.078161843177509	0.368232648597771	197
-0.00694844728510502	0.64426631912137	197
0.048045004424627	0.476645873520624	197
-0.00349106240519897	0.643785918982298	197
0.068345640731836	0.426370456845634	197
0.077950917327653	0.450075883126115	197
-0.08165174429158	1.17307256949573	17
0.00668091794909101	0.736950772656285	17
0.111751137888149	0.455659994559098	17
0.102762959239137	0.215345310573695	27
0.017600268470777	0.132802423522535	27
0.077889047891579	0.117012712133979	162
0.096782132051879	0.2017581345541	162
0.031254759128438	0.354705901890061	162
-0.038135811282109	0.696198526495869	226
0.093290641442659	0.356475987752755	7
-0.019954751114434	0.613640719096805	7
0.11020786512855	0.241403339970971	7
0.05155286263499	0.26257453618422	7
-0.005943374335112	0.326911506688574	7
0.096089986514176	0.195745256070714	7
0.085320032102006	0.184288514069964	7
-0.084038475880229	0.444173851709274	267
0.068095775844064	0.212705761349206	7
-0.108955395817886	0.477274255024949	7
0.027447443437071	0.260277798867787	7
0.034439861048077	0.285800088665722	7
0.090327676848086	0.241266967057646	7
-0.02021434751832	0.660252322990684	7
0.032977694465673	0.36222984134506	7
0.03561385016791	0.387835147860702	7
-0.099287478661122	0.679938699024649	26
0.081773474693479	0.222014080278193	32
0.046834024661178	0.238000344914481	32
-0.107882542040739	0.475353855595166	32
-0.012349649302502	0.361218432023659	32
-0.021678620298844	0.300451455536136	32
-0.109827938509916	0.437193845557164	175
-0.015669314630411	0.546831048483587	120
-0.095436712414856	1.01303524017777	120
-0.051360707270626	0.521216968595509	120
0.066702457391629	0.269213379544337	1
0.113546512377009	0.137379022783242	1
-0.010328183707793	0.318038736361349	1
0.083204454584895	0.203904214975898	1
-0.066444069563556	0.703108606870972	1
0.110993908617343	0.209679144082392	54
0.072613768127836	0.332747174395578	215
0.111873476135921	0.250151268166353	215
0.08152711037038	0.457336871988307	55
0.021960239846959	0.519541180253485	55
0.00809851077471599	0.836570725435582	55
-0.049631526819542	0.649205860065551	55
0.114851107367698	0.279863964269447	55
0.062828646526886	0.447313634764379	55
-0.024115529797875	0.527569070957457	55
0.07546064549676	0.613198033383012	51
0.01817267785607	0.857159363509084	51
-0.012408739679135	0.922564215573656	197
0.10522192724252	0.267868981822089	197
0.00228141374244301	0.58904925313802	197
-0.013049913900802	0.617006448816117	197
0.099576120218696	0.291631482933504	17
0.038447754401458	0.494876932312342	17
0.106450343315981	0.521273403155761	17
0.103057293184817	0.306064529686362	17
0.057763049442043	0.453047799967657	17
0.100493688706768	0.23239774999894	17
-0.049986823869672	0.489215858498393	17
0.107636720980619	0.194228362852216	17
0.068643545300835	0.192104836871517	17
0.110888875057975	0.176622466916426	17
0.078182667581325	0.116801384920627	162
0.068928760619417	0.191704739681713	162
-0.040029291744254	0.457900127214582	162
-0.090426935667945	0.710453659126854	162
0.048823872305651	0.461764127678207	226
-0.00203703996282301	0.469756583679413	226
0.005022892682646	0.385387084732696	226
0.00367243239552301	0.435813887495443	226
0.056183548112362	0.348431928758925	7
0.023174873577394	0.460821189513828	7
0.013008252586021	0.222104415104871	7
0.09794806554836	0.135174239035192	7
-0.056656595136322	0.285172212096078	7
-0.013788880681042	0.194249683687641	15
0.067898075446248	0.231563978401087	7
0.07132270731744	0.579509349295177	7
-0.0359017457797	0.896711966558184	7
0.107667335890245	0.246707805419704	32
-0.00844865341710899	0.458236722245528	32
0.073754893656139	0.133640828735028	32
-0.078364826973892	0.324138540987105	32
0.096187601561611	0.202676505893509	32
-0.00472263920339899	0.268077197684701	32
0.110697995058652	0.106587724854461	32
0.091376268263317	0.159400171873362	6
-0.071191193723949	0.231908576580668	26
0.00990868818691701	0.568714438758249	120
0.088408118953085	0.357097121406673	120
0.107249684673947	0.234040859511197	120
-0.00143575934295698	0.420343159584197	120
0.018895300546744	0.451062025750463	19
0.00708472344079	0.394541271907958	1
-0.002619532833673	0.471275763239608	1
-0.06945933269316	0.793455604334246	1
0.082483021445286	0.220917333324104	215
-0.124615777811805	0.673127310260967	1
0.079162294592754	0.326924759374854	1
0.12180896651468	0.210137357507028	1
-0.038809219348236	0.499805628115812	1
-0.093993999186767	0.977409136190585	1
-0.01450411399094	0.543718084662956	54
0.112148384493423	0.315313629094605	54
-0.01144400481935	0.592680528261487	54
0.045681250401839	0.840308822317726	55
-0.067269675123069	0.802383431329699	55
0.119834325178211	0.201657758970415	55
0.004466929486967	0.386527200955341	55
0.067383753615699	0.285587089834538	55
0.122572732964504	0.219978855444096	55
0.02756194284748	0.487778049594634	51
-0.098653754209097	1.4261859176057	51
-0.050759624534756	1.2330320138504	51
0.105792289213623	0.422041632499847	197
-0.088362387731378	0.756149187715926	197
0.083312490114416	0.297383306272609	197
-0.07914944814472	0.984902219212039	197
-0.020348349144092	0.532114641602102	197
-0.120074993811555	1.09558214716839	197
0.06723407241433	0.250342970427214	197
-0.045515941814001	0.752829357958286	17
-0.074601602386185	0.579359483327717	17
0.107173631264062	0.28569983392807	17
0.069048773634477	0.456375586433483	17
0.023236999172649	0.460635622892568	17
-0.096960833895681	0.480444559535778	17
0.071079968369162	0.378168175196952	17
-0.097213356337528	0.321291881392083	17
0.018857567444087	0.564473273069227	17
0.110002036405758	0.107158401104891	17
-0.012118504609081	0.0949293590143189	17
0.108336147319998	0.150721180318026	162
-0.047546120859851	0.379492974518123	226
0.031330535394458	0.279225759815404	226
-0.096772072550343	0.673162586799479	162
0.115631962751281	0.437219980681291	7
0.008016622570826	0.574993680666574	7
0.067053452607896	0.204297339604556	7
0.087890016300949	0.172302940916001	7
0.024992682003566	0.320049402990353	7
-0.079145804138242	0.325086317470239	7
0.117913241701639	0.358659676229473	7
0.101114595257593	0.4453038142069	7
0.00233597714137801	0.855396358830886	7
0.089235077320976	0.257700103265099	7
0.122906192131457	0.142020083870774	7
0.027447443437071	0.260277798867787	32
-0.106351538026904	0.223894550993982	32
0.113164906349913	0.137724367680838	32
0.121177232344615	0.169620960965782	32
-0.032382019327757	0.246362862465536	32
0.010673557376615	0.112740855135622	32
0.00626010651421099	0.213719635757066	175
0.009673386330489	0.113264365184267	26
0.091621101211135	0.40026875135869	120
0.036743891546261	0.364824641204266	120
-0.094034919556762	0.721039338481014	120
0.018973882380918	0.229985816265872	120
-0.077026153381199	0.322393607225135	120
-0.056626684819051	0.484712202938009	120
0.113711136479402	0.166449798331882	120
-0.028792735179837	0.613804584178956	120
0.056358634808339	0.412210762127009	1
-0.06136588721846	0.414140590678349	1
0.089166293227145	0.0795983204948336	1
-0.050386887714803	0.779245798387541	1
-0.029240911930799	0.601469537370602	1
-0.011292288575788	0.777920916430826	54
0.00984330449632201	0.341758425553859	1
0.08030505712388	0.317576157247249	1
0.054901751098157	0.286539157691607	54
0.083451895357473	0.297086066971947	54
0.039997187090631	0.920126102367442	55
0.043210546151706	0.324525303583513	55
0.121782719252755	0.23060340526631	55
-0.097047011055269	0.990267916581787	55
-0.078480821318067	0.653229058011691	55
-0.031378080444641	0.388045844667351	55
-0.098396006226601	0.64186717200552	55
-0.059492024168439	0.521206560156693	55
0.00900983200962999	0.343291922945878	55
0.094126571689931	0.213126261615337	51
-0.028006440324634	0.654176843884881	51
-0.083114347069707	0.677618129972422	197
-0.070264756472022	0.407815342349577	197
0.027511051858927	0.584791114865138	197
0.121059926676119	0.280055730472944	197
-0.116323468471568	0.638063315719076	197
-0.075884704193552	0.549829488109886	17
0.061949476688358	0.399913843226289	17
0.089226770376145	0.643927363986277	17
0.116171420534515	0.194784126902661	17
-0.098137769004846	0.322435861980056	17
0.00743342570464201	0.516378815191411	17
-0.04741282279076	0.239267363743536	17
-0.036290794102704	0.65335274636416	17
0.00951096785999001	0.113299146782114	17
-0.070031010041142	0.230922113669659	17
0.112171646809677	0.138951062548869	162
0.039268707785523	0.299647737408212	162
0.114900602839057	0.191144163519698	162
0.118342395942864	0.317166643599562	162
0.004916571690431	0.337234116933105	37
0.042915476015599	0.194772644094768	37
0.113119273944266	0.137884837927008	7
0.104545992150658	0.120459280516581	7
0.070978062121119	0.189124623327192	7
-0.117116133864015	0.361054702075376	7
-0.076219810542054	0.282963682379761	15
-0.101454631310821	0.279260471693394	7
-0.098519334927677	0.364023900238891	7
0.071634557133283	0.157771211992134	7
0.071501249971821	0.168289157500947	7
0.047037984083131	0.226207840547388	7
0.032655345661291	0.277288126296265	7
0.014231430343626	0.220692703783341	7
-0.119100467001516	0.363476736827434	7
0.033285229812694	0.350632045564003	7
-0.10484695819525	1.01486357189765	26
-0.00833610417395703	0.506350795346702	32
-0.033397355224416	0.183404530806019	32
-0.121830349990422	0.47238274804077	32
0.107903130300874	0.151256901588001	32
0.044648906073098	0.229133254308375	32
0.017133543572377	0.133102265197502	32
0.033423761562874	0.162119914287414	175
0.117704757441507	0.21080937737338	120
0.087181212047426	0.354650639374038	120
0.113251786836052	0.22467468142456	120
0.049162807626918	0.234719412397595	120
-0.100810467057338	0.57430522339162	120
0.071908121337466	0.146773634519754	120
-0.057129782446738	0.285640164282656	120
-0.068006402688039	0.761766572630106	1
0.093137658060958	0.2660534410266	1
-0.071379117495491	0.409764378153815	1
-0.078401215686648	0.324116721798163	1
0.087575798082194	0.0804535027101956	1
0.101490288933391	0.320328090824829	54
0.06752976546895	0.318319144588163	54
0.088363741630945	0.171761798337993	1
-0.083239786919999	0.612825527539691	1
0.002704089082393	0.274320269152374	1
0.06354973436241	0.351013568551062	51
0.062436256626437	0.376523524213603	51
0.024957675529473	0.79015359119781	55
-0.101851696520598	0.898161996214684	55
0.094867774366296	0.283237729828234	55
0.088513621777811	0.301257768546805	55
0.09711096434747	0.335001600361416	51
0.070416407570119	0.464535744816956	51
0.071008568211884	0.329189788187497	51
0.053222636128164	0.728036230673129	197
0.079633598538615	0.325812391678543	197
-0.025145914446843	1.16994149306397	197
0.103051691488233	0.383539255819965	197
-0.055380817724386	0.80631343277486	197
0.012139170981847	0.582518208679317	17
0.024447688122837	0.387062779092041	17
0.01517263162416	0.627163189546155	17
-0.073070471430094	0.412349705542924	17
-0.118942152999963	1.55506828521464	17
0.034681316932919	0.546204775216611	17
-0.099056617943734	0.155401643570256	17
0.028234885353899	0.147270269823566	162
0.019753964297247	0.45950490729901	162
0.089335062882956	0.286912737748272	162
-0.088774434086812	0.672857101674177	37
0.051731182306859	0.822381994081687	7
-0.058932730758661	0.804318590408721	7
-0.115949431098036	1.41813861887581	7
0.071486279717767	0.157914916494014	7
0.00679867566898701	0.283859010770549	15
-0.084189955616157	0.444440324070756	15
0.105524092702579	0.161458977527111	7
-0.105773524266721	0.510887059368676	7
-0.046977425946429	0.454367695506913	7
0.00713892417006101	0.594709411077473	7
0.031175318195011	0.754771556179274	7
-0.096084181286583	0.926359773570126	7
-0.019449015144902	0.746225379590856	26
0.113458972518976	0.29239998300519	32
-0.016468681077998	0.310633427479348	32
0.034320408351978	0.274623175993801	32
-0.005900742149133	0.326839312573651	32
0.045290148495624	0.204472438074943	32
0.106357695518753	0.196274054836404	32
-0.00410355847459698	0.267349405529129	164
-0.062755719553256	0.327231664892846	26
0.00554985108669001	0.214440832042754	26
-0.062121054894635	0.17200967529508	26
-0.026866935086336	0.353690053980155	120
0.077891805054441	0.400159005441132	120
0.033359193307717	0.631311489221526	120
0.015865765186979	0.874462477278773	120
-0.011037500471292	0.78844818029641	120
-0.116257680670272	0.637806300335278	120
0.07938668750449	0.233848197427341	120
-0.09867370049482	0.323046174199267	120
0.022292588051631	0.240088249733475	120
0.026730721323128	0.316862668855387	1
-0.010812896623191	0.558860700242214	1
-0.079777892707056	0.325786091727824	1
0.096006642259071	0.1457338933359	1
-0.048261871935526	0.24009193695423	1
-0.034140402241605	0.183914840303791	1
0.107368691914959	0.468357929034427	54
0.096329029022483	0.433412849837553	54
0.071469863067371	0.328158435033427	1
0.124619320034442	0.454609844157446	55
0.00286592223033599	0.924294106815448	55
0.086885676515098	0.469445389410138	55
0.119804018584596	0.318378666821364	55
0.014352829416658	0.702950872521902	55
-0.111846060286335	1.67801671017352	51
-0.037343855947731	1.15438971953379	197
0.040614612194881	0.8342533204789	197
0.118989680151977	0.3113211736477	197
-0.047042077691445	0.78175293059062	197
-0.031951017392141	0.958223863896818	197
0.107046681699866	0.28110421530813	17
-0.000073022747342999	0.815572801454314	17
0.123910660878059	0.460707447608991	17
-0.00631119445503098	0.557655621142667	17
0.037942348467512	0.736215556670374	17
0.078780525889558	0.472848138653789	17
-0.101095420450004	0.83198369344236	17
-0.052500849585468	0.683075120580022	17
0.031631796391907	0.503372893281188	17
0.118150088299821	0.335355697588643	17
-0.054907135770338	0.604731737787606	17
0.103949008039279	0.240609162661893	17
-0.049369584624568	0.562681442171911	17
0.080501453286772	0.223998728933556	17
0.045964466440123	0.339284250540528	37
0.062770213487621	0.320275319532606	37
0.005450326454741	0.444426723614175	37
-0.049647854110278	0.607235696698407	37
0.044609228585892	0.371132290035567	37
-0.050597189299789	0.677053214235645	7
0.094648714162698	0.347354600476043	7
0.028528181963838	0.258751374075867	7
0.046170839924584	0.33878929082331	7
0.025399067713653	0.249839975759788	267
-0.063751597607439	0.44979990408415	15
-0.123250931938574	0.764296940470008	7
0.018261756236144	0.23076004691572	7
0.105721439904307	0.197293368075698	7
0.09574535088048	0.287132876949579	7
0.062994513458074	0.411564026498835	7
0.121807939173729	0.259963535826839	7
0.110203339953138	0.183848353492863	26
0.118378282996085	0.179699808077315	26
0.103123407100348	0.272639951981591	32
-0.056745777852018	0.285254701925265	32
-0.124573856963316	0.768169910586512	26
0.09601875129497	0.202950747947069	32
0.027227787924358	0.327919917623768	26
-0.018292084973559	0.356145470811082	164
-0.118987380346569	0.363373180468587	26
0.036717886900322	0.482808363037752	120
0.123020626108314	0.252832383402334	120
0.097272646120328	0.302521808318493	120
-0.084586747665133	0.547647714609888	120
0.092488863937201	0.237454629302495	120
0.070165805015954	0.331044472185736	120
0.045693376715588	0.203995214643383	120
-0.113674905158146	1.04373593128204	19
0.034275680654162	0.359485784396063	1
0.020800056004475	0.647149794715717	1
0.07131167607548	0.335785538897421	1
0.083184348485957	0.375242749770788	54
0.070929131864935	0.378576584986944	54
0.00608365026122101	0.213905605720142	1
0.112379363297443	0.244065904438799	1
-0.057092326634796	0.485691932261827	111
0.062973624770134	0.397194435551457	111
0.123069187794828	0.503378541570208	55
-0.040503436732929	1.54260270738688	55
-0.018802092030894	1.07919259239541	197
0.00450003484185099	0.998054701154529	197
-0.006906264806605	1.01176735151034	197
0.09891852926073	0.508339930228962	197
0.078338277821764	0.613288622318446	51
0.053682144884774	0.817982355534057	51
0.065527197170149	0.635976897608467	17
0.00178999079428799	1.03708008353833	17
0.014614408838142	0.868505991560627	17
0.095155830580191	0.437704584680709	17
0.119178123313666	0.385911145614905	17
0.04800616791274	0.39864085029478	17
0.120915343053333	0.0894474264949828	17
-0.011512771563034	0.450961640623011	37
0.046772468367472	0.337598816666285	37
0.056437936225535	0.514138178458066	162
0.055090434396685	0.480093996497209	162
0.01641011589501	0.552495456583282	162
-0.056823458533544	0.637286946460982	37
0.117668328428613	0.228103661962646	37
-0.072918931907776	0.788738226587933	7
-0.084774898317554	0.90838928619612	7
-0.054324235924855	0.603055162848885	7
-0.083883969790946	0.647708703947401	7
0.091931485312651	0.223981524005178	15
-0.00434556876901998	0.462156263437293	15
0.031863150099674	0.432246485242306	7
0.07810222038167	0.276369516822732	79
0.05562736628731	0.390811428402801	79
0.076850357815763	0.28655174576505	7
0.039360178910606	0.509064646551359	7
0.124827831253714	0.182405977529968	26
-0.083721663316515	0.818956538072341	32
0.102809821737796	0.278702736190097	32
-0.074050128867733	0.513047228608899	32
-0.030692630300643	0.386638910685812	32
0.058311366625688	0.326391778866801	26
-0.005018364878288	0.522951851232353	26
-0.08462198035789	0.480350304015166	32
-0.034284810320393	0.505836323659729	32
-0.091226513348717	0.645760410678436	32
0.001157496399014	0.379318537946432	164
-0.047784443576237	0.379874812289985	164
-0.010862736638311	0.318940541116497	164
-0.00200438518949703	0.421713067339184	26
0.040886110889661	0.296772601964545	26
-0.021772239863218	0.619381581671741	120
0.111775792876026	0.301306074576305	120
0.086893908731531	0.311213897844207	120
0.018281059684013	0.441742405410603	120
0.073619452249531	0.330356903212583	19
-0.076202708026856	0.782458372772578	1
-0.039082265868722	0.335632988856601	1
0.124236422843041	0.216496959520595	1
0.073161490105241	0.324303040273538	1
0.110016117701685	0.217332712882278	54
-0.051414614897863	0.492414394419467	1
-0.066563801930746	0.628848072006499	54
0.071620886381047	0.35621407625764	54
0.028835656032227	0.270962682369937	111
0.092753034789407	0.724398065146	55
0.060954207767218	0.864943786990462	55
0.115031572102709	0.498283867733528	55
0.088763539661018	0.665453772677348	55
0.092957603183181	0.531884188868594	51
0.083142247529672	0.639115995923539	197
-0.016082510442534	1.08464768360634	197
0.04832256008737	0.875124334727993	51
0.120786616787476	0.413877265213736	17
0.047672436979679	0.50906352525619	430
0.087718989752593	0.533999701203172	17
0.094074668676358	0.576463548729978	17
0.08964853877893	0.286225934249445	17
-0.070468470020724	0.231296350095999	37
0.00608365026122101	0.213905605720142	37
0.08944774679721	0.280156355182576	37
0.080754398139117	0.239759476166131	7
-0.013586542878311	0.586757091095885	7
-0.022227363698185	0.536910477168212	7
0.116064405842573	0.189257091367525	7
0.082219211575421	0.237215218850123	267
-0.00250302693723498	0.470993770255618	267
0.014243794494527	0.30090139126577	15
-0.025868880092417	0.707855536083597	15
-0.074898568513783	0.795587499993595	7
0.010423259767462	0.479484249609643	7
-0.026254461753982	0.436401403907536	7
0.013138776368762	0.472274302170956	7
-0.045031370228565	0.610620234763554	7
0.00804695614189199	0.450386363903501	7
0.02892997529795	0.336511329364409	32
-0.030471694183698	0.710887300596386	32
0.00136094703957601	0.592011292413323	32
0.110812280548647	0.25749219938716	32
0.090152830835796	0.169542291241624	26
0.065957096340308	0.329898188797518	26
0.053352417043829	0.26946292441654	32
0.064612513143688	0.31663427736683	26
0.042213521745764	0.305147212657235	26
-0.034856580954433	0.699086724415303	26
0.106308605196363	0.260247397201749	26
0.000091649915705011	0.381381251955094	26
-0.053298449618199	0.525900388579299	26
0.080553005551454	0.231980314469239	26
0.074199031425473	0.417640320120161	120
-0.105091035826894	0.921689467747779	120
0.058053576477336	0.318107263511685	120
0.103453810043778	0.247436606163766	120
-0.03465643141545	0.506946957454647	120
-0.00399259843693101	0.532162903462583	19
-0.070683293794896	0.877369284518175	1
-0.061411987293482	0.704125223480773	1
0.013975418614515	0.429241295085588	1
-0.025460820646716	0.351448035033207	218
-0.01770058201381	0.539038071457535	1
-0.068850928085201	0.370609338788307	1
0.083326221797798	0.290585671903044	1
0.122058983477742	0.168254837373509	111
-0.048861439463457	0.605086071250786	111
0.069361433773599	0.745527100243942	55
-0.050650197489296	1.48875945997883	51
-0.038549204927657	1.46598021284275	51
0.016295088804283	0.898285555414672	17
0.040892104539816	0.82350007174583	17
0.10132772184164	0.513533930961184	17
-0.068668147681961	1.66949692512237	17
0.094123584684726	0.587469800583022	17
0.106808674233569	0.375406990126721	17
0.099703344849105	0.133435661234889	37
-0.049228230450196	0.606174025514131	37
0.084764205542892	0.287490567647456	37
-0.042125028891124	0.849682325476251	37
0.119130640527427	0.260457383320649	37
0.09841455793105	0.344011821710091	37
0.043261845325362	0.4585590947596	37
-0.031122430805542	0.755356515539326	50
0.12228712244605	0.258785674215297	50
0.036124967038244	0.612041969285967	7
-0.026131106091343	0.352486893601961	7
0.084323026227935	0.210184104968209	50
0.085229246326476	0.272661771534662	7
0.017312726713055	0.584870296146841	7
-0.050582949571054	0.652095156482671	267
-0.110321374687941	0.737213250859929	267
0.006574268903111	0.507689348633543	15
0.038787499023333	0.390217590957308	7
0.07907548747531	0.333755651697324	7
-0.08612572791888	0.718161477519637	7
0.114390522023214	0.227527372943178	7
0.025952073035783	0.395016200946165	7
0.022690363970045	0.37936069218604	26
-0.062959248597233	0.761458116901802	32
0.078358033505586	0.322068836273661	32
0.088441744943899	0.272822580867538	26
-0.037848577627365	0.540679830585775	26
0.108054993942705	0.245908349551978	120
-0.103521376177735	0.740012619778065	120
-0.002070248053338	0.526857755709193	120
0.052920512695165	0.280101151184429	19
0.058824536150915	0.420331590497363	1
0.072406768095784	0.347292499978885	1
-0.019333698290007	0.611799743565242	1
-0.073567089291137	0.659174095547041	1
0.090243780796021	0.291159496458991	1
0.034856641005622	0.389534110797815	1
0.040898251105663	0.307587098231845	111
0.112845174418228	0.531849449899473	55
0.113417802596185	0.576188430593111	55
0.055803136505156	0.55165126206563	55
0.115073040784303	0.31292190672843	197
0.034087625483677	0.711649762099121	51
0.092340415539025	0.588421234582282	51
0.107475041130674	0.511143431873328	17
0.123665231052802	0.391469717229237	17
0.098676426262512	0.611435435939834	17
0.033787319092457	0.737391231897695	17
0.081986084850422	0.237629798455476	37
-0.041309569280771	0.615573618154006	37
0.004565874971352	0.59257823808086	37
-0.011724434599697	0.593490863534077	37
0.042213434862753	0.5079651102803	37
0.047337124311271	0.590056747721272	37
0.00455372360474199	0.725518049681112	37
-0.034922127901904	0.77012936794118	37
0.102296259418385	0.243805945935181	7
0.015496906748433	0.13413368047263	7
0.01017348683966	0.113005978772783	50
-0.016647294116272	0.704732569947619	7
-0.087182843251598	0.782779360004355	15
-0.011672131193495	0.593392393566097	15
0.091876276875915	0.330649467577728	7
0.066012409734084	0.313699780283313	7
0.124759229955512	0.215538529901333	7
-0.040020420541397	0.627148021999809	7
0.107131764918208	0.258352254342695	7
0.040853433716923	0.439742158022962	7
0.110291331693574	0.216813816692664	7
0.052737569504997	0.442278870436701	26
-0.00359254094127898	0.266714616859024	32
-0.033012663623503	0.503035421949413	32
-0.040977560588715	0.714075913357563	26
0.109270135703081	0.185273642557691	26
0.057052141338348	0.37923397049474	26
0.0892319738113	0.250648075961371	26
0.091197176067812	0.239818872852493	26
-0.047311800386233	0.600692925382076	26
0.021062091097692	0.502593723376293	26
0.105078254078732	0.119955212151706	120
0.011460362183015	0.410780504670194	1
0.093140042837568	0.157412657022961	1
0.03104088303675	0.267710209801236	1
-0.029915961880058	0.470175285789469	1
0.104520111046445	0.205826296897186	1
0.048069456100147	0.24731993423605	218
0.05731522929411	0.417081948746756	1
0.120767998381546	0.247901210595186	1
-0.06605658037455	0.701935842363112	1
0.119089211214011	0.124258953336336	1
-0.031893381071756	0.389030537763543	1
0.009352704176258	0.618555232994706	1
-0.044130429353592	0.747916384661066	1
0.014955223432151	0.299750525001267	1
0.067558289452968	0.203641432747546	111
0.094336430681001	0.205490900087775	111
0.107465160191407	0.694022961230411	51
0.034374949362969	0.994611751713724	55
0.061896334434196	0.501504202794076	55
0.10790033861155	0.300451470038354	197
0.063337909082069	0.693270216297597	51
0.06852661009834	0.627016687089736	51
0.026011141146524	0.93166431473339	51
-0.082983438571278	0.612147700026343	17
0.117240487649301	0.393294238507026	17
-0.03195414900805	1.46753437871485	17
-0.019442445644597	0.900123664953994	17
0.034006583862907	0.837841859576733	17
0.059823469378328	0.460826256950823	37
-0.00835996937108802	0.776816387398476	37
0.026458408577246	0.461755550366205	37
-0.023513645442797	0.525957784830581	50
0.020910350824621	0.71225844982781	7
-0.041734603914987	0.848008232244993	7
0.084414218944261	0.359857432105444	7
0.03149601414871	0.461693254595364	15
-0.029126982197821	0.425910789171588	15
-0.01268193786336	0.361941835399845	15
-0.110465002277912	0.438194523558645	7
0.094588707033659	0.205134258881315	7
0.094172392902886	0.257493896175435	7
-0.023960367162904	0.527163246335152	7
0.12210751672334	0.204583724807252	7
0.020646665480879	0.24208535055363	7
0.078324273834918	0.116683783854337	7
0.099270286924187	0.133894875534109	32
0.090544720342798	0.160373879003123	32
-0.087892266844866	0.723364719151307	32
-0.093150979658128	0.579994216967561	26
-0.032665682829992	0.345000848880056	26
-0.00769207750466899	0.419626621010871	26
-0.070483140000319	0.620092833069708	26
0.069760207341721	0.280950577630832	26
0.106455452500063	0.282477330403373	26
0.098020242926146	0.311611008159274	26
-0.086145235586271	0.749175054120541	26
-0.000884461102863998	0.492335292394718	26
0.036694708167101	0.414422868822672	26
-0.024665937314544	0.3921874121828	19
0.112976891006753	0.138046566296242	1
-0.017643388365941	0.394361681306588	1
0.005935841387299	0.214039465337442	1
0.092372573117168	0.317973321373655	1
0.069711209649061	0.388655363010713	1
0.093417694596968	0.22155774799799	1
0.071374071735091	0.158033277523705	1
0.124886198527032	0.13354034212959	1
0.101277772626192	0.17428209179149	111
-0.031023999598733	0.294577551288757	111
0.124048224240449	0.454218894482936	55
0.042786235813352	0.493199540708394	197
0.041407106643352	0.446865052835995	51
0.112827235761047	0.313408846237454	389
0.04468151240208	0.454389297223164	389
0.041866249847563	0.525229295697857	389
0.060507024433619	0.795183989462763	389
0.11394335933697	0.316074018879929	51
0.051070584582585	0.726865598048831	17
-0.044166604647529	1.04343702724977	17
0.079373504857032	0.433489124209868	17
0.039843498596326	0.668541346117062	17
-0.001857535800391	0.945884063466187	17
0.0476519071842	0.408025661562835	17
0.093729004857151	0.271102623823603	37
0.100500934517757	0.175323767426609	37
-0.095040980035805	0.477161972611926	37
0.118272451756353	0.179821736699091	37
0.107508035122511	0.326750139906305	50
-0.09883686480462	0.78086487290461	37
0.03871998866666	0.300575339912226	7
-0.099425962508559	0.277217254421404	193
0.048843028275077	0.421499977711364	7
0.104836744463055	0.26874527035959	7
0.10030480221297	0.338550129843138	7
0.112541012236507	0.294763996847949	15
0.018226746625463	0.364371436418084	15
0.102556441589135	0.284549085552906	7
0.023918137414034	0.321960180270754	7
0.087442149094038	0.268190719091269	7
-0.028218713978586	0.50747346288907	7
0.100879053692107	0.22521376498211	7
-0.031574760719629	0.295320784292743	7
0.006231449745811	0.21376229567769	7
0.102861322098922	0.164897762501878	97
0.092172510124534	0.216191455077778	32
-0.021483142353132	0.605334275842271	32
0.06443802363233	0.333330346649017	32
-0.07405248795707	0.51278858693999	26
0.099808913319249	0.301773368137932	26
0.083612587037911	0.203389301599819	26
0.105785799600822	0.197184150889719	26
-0.032981791630825	0.183135087968001	120
0.071486279717767	0.157914916494014	120
0.011053075741912	0.292124221435066	1
0.090297423284757	0.234142914845386	1
0.121510203600624	0.169111013902215	1
-0.020567196590996	0.546476954257545	1
0.066121951584656	0.359672581434951	1
0.018571409812784	0.23046993353986	1
0.068009050659381	0.212844275271751	1
-0.083811467327914	0.79021833091162	1
0.087692550874523	0.181181467099518	1
0.111020185053034	0.228968169730624	1
0.065692646901557	0.216030185567444	111
0.112928284600031	0.52209416976291	55
0.013431493740931	0.909755990930689	51
0.065496741146647	0.390325412913642	197
0.024833856277114	0.529887955745683	389
-0.003741511359169	0.80064468887288	51
0.115012756220558	0.400179676023653	51
0.105295445924672	0.520370861813649	51
0.086341668184827	0.324814184599715	17
-0.006151684682695	0.513403186205852	17
0.122426526804294	0.446623530390773	17
0.00754502189821299	0.671292393768151	17
0.070317442360858	0.583932784813453	17
0.026482240190339	0.950424460455933	17
0.052104612809063	0.482516166808814	17
0.115514692494471	0.399822622141096	17
-0.054595682642	0.763576427603547	17
0.10735106551117	0.331701271156511	37
-0.085732538801792	0.68526947329481	37
-0.08071711801188	0.364727093932155	37
0.011583835550207	0.630638586574164	50
0.058571093974775	0.435902775509649	50
0.099629423557293	0.267035518193105	50
-0.012527253513671	0.0950829002310088	193
0.098637649217328	0.185049064392085	50
-0.054251138908717	0.802446027764264	7
0.109799714193332	0.306664013939428	7
-0.04061852100158	0.690151355577426	7
-0.073894608743165	0.51270217422533	15
0.121891607550989	0.241021760379724	7
-0.050649238930489	0.490795941837176	7
0.031743392141194	0.353736275459114	7
-0.047695884264102	0.23955025261466	7
0.032587564920081	0.162849875092744	7
-0.079333716081735	0.686769233822249	32
0.050667693439052	0.263969082457847	189
0.0582095599911	0.391778721505037	26
0.066718414585983	0.242197999967464	26
0.00325599484192499	0.54625918542153	26
0.100701751250718	0.132444784905463	120
-0.063279819669787	0.172739846013194	120
-0.074575354506199	0.281182721063352	120
-0.064783271517053	0.45172597878669	19
0.063779122682787	0.402191933307392	19
0.047088338939807	0.374626700530471	1
-0.077236394860502	0.786060104616061	1
0.081423852067433	0.327928279537047	1
0.012585481903765	0.349769516992344	1
-0.083005391734276	0.405570784207847	1
0.070533407818866	0.179639512889985	1
-0.00162196291234101	0.204292851346473	1
0.076908867414539	0.278732982135069	1
0.043757301535778	0.333742710030322	1
-0.050355124518308	1.67256612633688	51
0.012711881083784	0.864650334683613	51
0.014003531826408	0.990834580393436	51
-0.034888646870204	1.11285450786963	17
0.088199184347496	0.566955139913477	17
0.095326206764437	0.451618177480819	17
0.097178567101388	0.518377999534694	17
0.068681897768171	0.634305226679267	17
0.087331901017017	0.493820240609994	17
0.006726097376868	0.283948490044686	17
0.101731139921703	0.173665562861832	17
-0.043407194479077	0.492880707107024	17
0.013742879825163	0.48166751459329	17
0.094143137798538	0.343441362001724	50
0.015144338570627	0.525855495158604	50
0.082236725185638	0.3596306460813	7
-0.051619662614146	0.78366741992496	7
-0.035911524624554	0.666375528328033	7
-0.095436186067248	0.737012304912778	15
-0.08424273745807	0.648538989455011	7
0.117387348243592	0.228700004986224	7
-0.00841603018933601	0.506526818361178	7
0.101888004599248	0.286143643476679	7
-0.026820160920889	0.594210276648172	7
0.02641878358989	0.415508351128174	7
0.108884649215747	0.108033013506902	7
0.043799855473992	0.343777480345361	47
0.094598936313836	0.295327439471852	47
0.112469654126523	0.20705866647506	32
0.105394576835315	0.204340599127936	32
0.088152090650329	0.259822865268005	32
0.00604918535259799	0.455343793665606	32
0.078729966114378	0.267356751628817	32
-0.097952135136562	0.67642916516565	32
0.034701375068108	0.369238633570227	189
-0.033046153872637	0.620735959713622	26
0.011586461643997	0.476455583216121	26
-0.111709505715395	0.703736994051573	120
-0.015396766841752	0.497175311663729	120
0.068165575518378	0.257707060488587	120
-0.00291547140922499	0.423669022795157	120
-0.083716712609527	0.647187691936062	1
0.082155606266988	0.245256498326871	1
-0.105829769941757	0.746790038084271	1
-0.031059989026374	0.472612640490191	1
-0.103064606077987	0.83901204742872	1
-0.093018147115348	0.813343934738205	1
-0.033817287312083	0.546291832062365	1
0.079848603035336	0.265214184649659	1
0.019424039935168	0.361930060116474	1
0.067011116540495	0.223788222826877	1
-0.025431606202012	0.393628309262455	1
-0.002702648695452	0.205338969164757	1
-0.109099821541445	0.477537739875942	1
-0.08444393001179	0.615816076871677	1
0.093659630042559	0.213875619504477	1
-0.040713065714982	0.459319181648692	1
0.007077679481483	0.452855495827103	1
0.03159718293672	0.342833272390842	1
0.074821168997164	0.802606586506842	51
0.061205938132178	0.866152835294755	51
0.121343462950851	0.387642574933651	389
0.107288853693468	0.432349147103505	389
0.050846009868428	0.78866727826619	389
-0.014289633171202	1.33115262579434	51
0.035734178437318	0.856134239619766	17
-0.074363409809695	1.46411182746445	17
0.104013963589995	0.120950659029925	17
-0.08338069185409	0.478077445159705	17
-0.096209363447368	0.706114769336841	17
-0.026517817179433	0.676352190255384	17
-0.049322791992413	0.606484628227903	17
-0.044188256739859	0.648349888741417	50
0.103314996764314	0.164333902261722	50
-0.070322619660466	0.752506424520282	7
0.022043288594577	0.519322298750186	7
0.099868212918453	0.296329150749682	7
-0.062097624331536	0.634720222504863	15
0.054698758920548	0.296603989730249	15
-0.049500396010205	0.606867639840676	15
0.035986680738867	0.376864338799196	15
-0.022543490032223	0.523498159300695	15
-0.104913085654499	0.812392439681951	7
-0.045092664982335	0.568756099580217	7
0.010728088855319	0.292604334962066	7
0.106655991022824	0.254223658450605	47
-0.012046014310164	0.549779474868638	47
0.011018556866136	0.399139162777533	32
0.055511732786373	0.295144459383959	32
-0.025548649684585	0.476382756241786	32
0.036304656319797	0.396084154190791	32
-0.025354512974874	0.475991744920167	32
0.093564890549441	0.265194170103191	189
-0.00755012610749001	0.517198017900058	189
0.006631627552175	0.453804898956359	189
0.10599625733628	0.230744179717115	26
-0.025592445753238	0.568676449837116	26
-0.037695728556452	0.540274700370035	120
0.122937073907632	0.185592095601803	120
-0.00611071460340701	0.525905366091863	120
-0.028218713978586	0.50747346288907	120
-0.091876085120621	0.541732092066998	120
-0.025315714471721	0.475848955491964	120
-0.110456893415552	0.73762116219008	120
0.057098069634859	0.363064808904109	19
0.015570642706867	0.476667178272756	19
0.00979285319873999	0.458058952090239	19
0.122344422421392	0.167855294240784	1
0.029676812685148	0.417951939770483	1
0.019357220952924	0.374322383220791	1
0.046323024330544	0.367169936182771	1
-0.124753879192628	0.577554320848492	1
0.087873486682134	0.468360502242636	51
0.080950742906833	0.453540702793555	51
0.060045189362624	0.562526468778317	389
-0.041656088747402	0.826007746959203	389
-0.020290746605262	1.06574594536651	389
0.024229742046224	1.04372737734756	51
-0.032395341282172	1.38266869607671	51
0.064958413856342	0.676818317380172	51
0.054119981465652	0.702029352006257	51
0.085674256116338	0.623129419603954	17
0.072007410607753	0.593626664630983	17
0.102452533833866	0.390163612440046	17
-0.016507817991746	0.310609768825014	17
-0.048867082482941	0.381638719385028	17
0.074125010206006	0.299749410895549	17
0.124365771991953	0.200418663304816	50
-0.115409701388702	0.543863933387921	50
-0.099217813404086	0.155424914164794	331
0.086972122201931	0.182128720726344	50
0.109109371568875	0.292554564673854	7
-0.111047671650412	0.956262925899565	7
0.088500506825783	0.29501930040459	7
-0.026137077280615	0.60607707460803	15
-0.108340448730858	0.869005695349629	7
-0.02893743435148	0.467979066283937	7
0.066366316298816	0.30465694683251	7
0.035166358975972	0.3682253982449	7
0.10290955997405	0.221533309709588	7
0.00923396482484501	0.294802944695594	7
0.067197536056254	0.204067133275122	47
0.112366120252168	0.207234393124774	47
0.110439762805676	0.23563926132485	47
0.024381883581096	0.387282087686653	32
0.00822874895596001	0.392160922529532	32
-0.109914661823514	0.735916729255264	32
0.124056703021191	0.183715112491716	189
0.073122966384165	0.317077096273536	26
-0.015031978677199	0.545175350307836	26
0.106773110739505	0.229276424232998	120
-0.032676234164907	0.296670006759547	120
0.1114117012606	0.175862836914653	19
-0.048412662092972	0.380890127629391	1
-0.067404728536568	0.368591440178505	1
0.083994284867123	0.194622891311649	1
0.049063057366044	0.245865739942921	1
0.098609140401726	0.134542510747714	54
0.094653853755393	0.69477648630369	51
0.105917171197402	0.390881998866138	389
0.112946469666009	0.440322448725968	389
0.06318721021786	0.765023262909576	389
0.046348186393792	0.911351988552779	51
0.017686538332198	1.07316116729869	51
0.124644974053469	0.444153498737957	51
0.098718805575692	0.343087498895432	17
0.046710410665262	0.750660052254817	17
-0.052059960872365	1.47359420774377	17
0.086881518247905	0.495558291037604	17
0.094978122516285	0.37935333854059	17
-0.031816119009056	0.245791162086576	17
0.071460678631592	0.370352393317796	17
-0.109744802473747	0.806622927636157	17
-0.034129757237355	0.505709823713587	50
0.078760189380675	0.116345002069498	50
0.047621083835429	0.399627796853199	7
0.087369051943529	0.334109890384832	7
0.07413607599426	0.342934161767099	50
-0.110254887127413	0.699473671409261	7
-0.016551213770666	0.549218198761797	7
-0.074497363479424	0.691678034084054	7
0.07806547190695	0.276463875544521	15
0.00784743909138699	0.392964362661683	15
-0.069739854935825	0.618415991040024	15
0.122889777490561	0.219348111314174	7
-0.106951187727661	0.639879863137293	7
0.013263283219624	0.4605115679977	7
0.081190516711351	0.302088779344705	7
-0.054243852515617	0.646683818012656	7
-0.023474587563849	0.471592248486727	7
-0.027888968604414	0.560742243156848	79
0.068711968762675	0.291511935654825	7
-0.070316490543626	0.231161803963509	297
0.068745857051081	0.282956944746973	32
0.086397299809416	0.263168003784706	32
0.080836209210573	0.255547373957672	32
0.037672605275794	0.291511381195783	32
0.058819964580863	0.307318153409101	26
-0.034717907026726	0.588208378745176	32
-0.075194456344379	0.515461202351693	151
-0.119641356655301	0.511659402928258	120
0.107470158266532	0.151760808022708	120
0.040269454885002	0.297882662472385	120
-0.00502244755679898	0.463889668887503	1
0.094894934593911	0.25605753254167	19
-0.043221592351304	0.580047035051747	19
-0.108513447496914	0.6054458289897	19
0.003676505470674	0.339409898154221	19
0.083862565126736	0.203038509946485	1
0.00751303921020999	0.393610494980046	1
0.108473810615574	0.220184322405232	1
-0.00293661747512802	0.423728606062842	1
-0.019712915835511	0.530420265753196	1
0.1207973001508	0.194643480602661	1
0.119930489822298	0.177235581179389	1
-0.115209203280368	0.674703798210597	1
0.011053075741912	0.292124221435066	1
0.022430364360683	0.31238420376984	1
0.00846093039022999	0.391665192162502	1
0.065881407960199	0.697207053201851	51
-0.064185593482045	1.3308151011721	51
0.110890852683535	0.449738157961598	389
-0.00211401469107902	1.13104764309515	389
0.108639871299905	0.525522751643447	389
0.117288274124214	0.4881852084107	51
-0.005900659738239	1.00600695254666	51
0.039221503008663	0.627292526118404	17
0.106130562620839	0.522107875687148	17
0.01783144959228	1.0290805695616	17
0.08171823622115	0.644537773205357	17
-0.078531742001164	1.23461081880851	17
0.021874023952109	0.849250845022038	17
0.080576520608336	0.460665590403261	17
0.104108237866906	0.240264051190565	17
0.021019934890647	0.314964125257612	17
0.115955948585982	0.2769809587483	17
-0.081680362143102	0.724023998781739	50
-0.00697769659671299	0.502480253967653	50
0.087543346539073	0.260985231977797	50
-0.069571356851693	0.69516305418128	50
-0.041652859316924	0.65554648624678	50
0.119756647246505	0.0903248551312714	331
0.045395602111165	0.468731057393011	7
0.08798590251781	0.308630864681117	7
0.124926584807398	0.199347745636238	7
0.10468711433717	0.269074570607837	7
-0.073439967496641	0.763118539365921	7
0.023787367743209	0.46921658666679	7
-0.064725001507949	0.594224705396609	7
0.067992857201597	0.301285115631833	7
0.03592437510523	0.387054238409041	7
-0.052345262688655	0.707373050324397	7
-0.076989957193249	0.585234550269099	7
0.067918946981599	0.203167592925136	26
0.113845650880949	0.166268716417798	47
-0.060818242804667	0.631179804498086	26
-0.085635294110191	0.685032631845706	32
-0.019121036602068	0.397396888330433	32
0.066125357966321	0.32950455362608	26
-0.09191646376441	0.612583417394303	32
0.010768610195119	0.467259788272041	32
-0.028772222996803	0.563129641040403	189
0.088923464558986	0.300320126062102	189
0.065924171753335	0.337755777569525	120
0.092178237792892	0.22363019621312	120
-0.059180614448317	0.520449199488521	151
0.09758620214959	0.237786611516031	151
-0.014658386653878	0.404142126876673	120
0.094524679633244	0.256801594179143	1
-0.098434950217668	0.811741425937568	1
0.052405041202736	0.34783767767723	1
0.093502285456796	0.221407820760036	1
0.011364233167572	0.398338894299143	1
0.089432144615603	0.242970428060842	1
0.050923609402533	0.253498236193228	1
-0.007378409021781	0.313306408129785	1
0.015663688994564	0.356826436927251	1
0.098005634741407	0.18591762699441	1
-0.018277745769072	1.36670174573746	51
0.04452289328102	0.857576301628627	389
0.102727304094774	0.608029115587202	389
0.101676520566204	0.476524376464241	51
-0.093316617135416	1.65585055560083	17
-0.068307405175146	1.09156979384949	17
0.057106716933639	0.69879760881441	17
0.077360034044416	0.463924581897247	17
0.076672598486411	0.378755208634421	17
0.062668674351371	0.426824432949155	17
-0.097897946951492	0.322157552919223	17
0.072712110463124	0.146054480084538	17
0.071292903425294	0.16851164771985	17
-0.023275877386859	0.430329750172016	17
0.010837876566397	0.399436285229729	17
0.110218887675385	0.253741656918134	17
0.073897853749411	0.315348383603453	17
0.035869970689967	0.366763598101744	50
-0.00153883990975101	0.420681867764037	50
0.100136563220668	0.260156980263677	50
0.029523555383167	0.428502742624103	50
0.011434290918974	0.351902582003551	50
0.072592087936588	0.146155254040182	331
-0.00369647463308398	0.374531478398817	7
-0.043842807823141	0.493915433718025	7
0.064275429286671	0.393672858585186	7
0.09330459029375	0.321328158186401	7
0.00357467599702699	0.492749749546886	7
-0.076576052358345	0.616600860465149	7
0.057280019441421	0.301186567548228	7
-0.055261875432641	0.559565607183399	7
-0.00459847032561001	0.462771277029797	7
-0.00615975154701598	0.327285083402054	7
-0.013921824938473	0.364073491839797	7
0.085770823780821	0.271577205587429	47
-0.009162571618819	0.408134071358935	32
0.066233285222184	0.243050552279406	32
-0.106407193192334	0.63850642000843	32
-0.083663804460398	0.580081635014425	32
0.120426780124703	0.170739569654349	26
0.100841357500836	0.225275947315828	26
0.045197223879653	0.388123183277019	189
-0.071842890044886	0.654149945066393	189
0.00806648663464099	0.450391258473755	26
-0.000357792778174992	0.490981045941713	120
0.0573868248604	0.319504328765961	120
-0.061356893048827	0.525236573680073	120
0.054533164130461	0.296953828758835	120
0.084512630014175	0.193894084265432	151
-0.011196708787415	0.259469959463497	151
0.018168946195297	0.230942142280294	151
-0.113270001115394	0.399649010214037	19
-0.10089138263982	0.574511230841979	1
0.00178183557030701	0.426932708747748	1
-0.00458300802217199	0.324795591736785	375
-0.040762153408141	0.386973433792826	1
-0.011483300430986	0.514555036560235	1
0.069634671574323	0.170284951970271	1
0.054754523976513	0.267037373797884	1
0.118501434364645	0.124901593378883	1
-0.075344623143633	0.51577270558405	1
-0.017704260488303	0.312317929790476	54
0.008351319919881	1.28827995512128	51
0.114616970745031	0.546960817165163	51
0.091986109500358	0.46236917016785	389
-0.023440537352282	0.98868979201527	389
0.076961321514729	0.540418823146916	389
0.123149711507256	0.433776353114131	389
0.109850437351316	0.437952753642389	51
0.103264508723738	0.494067134344234	17
-0.070140847059373	1.65294558515708	17
0.03004671975515	0.953707539680135	17
-0.043684543501464	1.27156685380987	17
0.089957705024925	0.42683044116573	17
-0.119061851331223	1.36024924072363	17
0.108117459813857	0.355305622464205	17
0.00683002862662199	0.606449351365668	17
0.019284294998735	0.229591584436722	17
-0.028321730534578	0.507708016503889	50
0.00717453038836999	0.452594077447769	50
0.061202914543796	0.379570821565668	50
0.037859992458456	0.173565154591402	331
0.11172391989617	0.175401870781039	7
0.102727350406309	0.321898313776413	7
0.004680639924009	0.602952352562187	7
-0.114735519380635	1.02710641229817	7
0.108329791358656	0.273068291234778	7
0.090176381037949	0.241696934216757	7
0.012928631359104	0.419764680131784	79
-0.047013367849718	0.529113639844665	7
0.085786313011742	0.285248862515905	7
0.013660588329906	0.405940807716279	7
0.00560402856310299	0.444025126050907	79
-0.11722088031345	0.6402273437739	79
0.089864691770815	0.256446460335466	7
-0.00769693760684798	0.367651027204417	7
0.124192831698856	0.112240907352823	26
-0.022202303496886	0.301205399251312	325
-0.00248148540076298	0.372244522917986	32
-0.110512070900665	0.843270700405535	26
-0.096104464931684	0.671276359544268	26
0.100493439305946	0.22590036925631	189
0.073588581119728	0.32331212619514	120
0.120002639516759	0.201334023528135	120
0.056404888080722	0.348000298068998	120
0.036268281855887	0.355205595856442	120
0.024447688122837	0.387062779092041	120
-0.118725404378677	0.363074762208006	151
-0.024734563484133	0.392288579179248	19
0.095947859226412	0.203064119425247	1
-0.10730510372253	0.47432975862438	1
0.00465111976746899	0.458644274404231	1
-0.023939622122605	0.47270937895897	1
-0.096227879269548	0.479345219736619	1
0.02645968313173	0.248389494136966	1
-0.038332581258105	0.454157351503561	1
-0.059545386682169	0.490645325787892	1
0.070719463206028	0.179417514645562	1
0.01075036389658	0.292583471563164	1
0.044978257538574	0.331278430969896	1
0.08115292317164	0.254948839180393	1
-0.027405016035246	0.965383314404552	389
-0.033071593499042	0.830577916409585	389
0.075179240044139	0.469014030328321	389
0.11436645203998	0.337461552058038	389
-0.111840100752132	1.11056326213514	389
0.109426170362649	0.553454205500817	389
0.005262174544647	0.860873369281847	389
0.04417299633913	0.548612648977156	51
0.097752734149599	0.437409627036173	17
0.102566926911807	0.34377564952633	17
0.092518941436137	0.158161970837536	17
-0.001093316867678	0.419681667610879	17
0.071349621611752	0.377277005312196	17
0.114812412558785	0.164885401661472	50
0.09968586288521	0.233914469903104	50
0.019929743229748	0.459019425507806	50
0.013786954282825	0.221233618838125	50
0.070827389527513	0.179293455748372	50
0.085738216721095	0.326283063082618	7
0.085875941666265	0.325962457873866	7
0.104079161828812	0.288138330286591	7
-0.072905260889632	0.912833308988297	7
-0.024948729970352	0.529345463246643	7
0.024342669125952	0.467708329598508	7
-0.036858164055045	0.617678820647213	79
0.08950628801708	0.292780798541466	7
0.110370354111948	0.210765873680932	7
0.066117415282928	0.321530611797114	7
0.120515809474618	0.195117760662169	7
0.123463929380088	0.184706664329614	7
0.098233860044227	0.243099818577558	7
0.01653934604321	0.423307065832869	325
-0.061479619452687	0.525493022523323	32
0.096594655954432	0.246213388630199	26
0.083603129582451	0.290001588471498	26
0.027247377694339	0.413564579607637	7
-0.090833704581114	0.678685362313576	7
0.00981140802967601	0.401661737088392	120
-0.105441630838223	0.745685756088377	120
0.124265156545732	0.216551307601758	120
0.099488823917577	0.267343193121626	120
0.110272746978526	0.241252066710725	120
0.01740137910045	0.432652798191709	120
-0.00204560389240499	0.204702856392685	151
-0.096735646462382	0.36181926399847	151
0.093407821201924	0.214251113048577	1
-0.024142069940823	0.43214582295952	1
0.065668150373525	0.234892752070606	1
0.062749144714852	0.345093116964316	1
-0.08449286444639	0.444937229521763	1
0.090640608288636	0.160275826848118	1
-0.116407141653642	0.638224843370115	1
-0.00996382977603599	0.510657222488844	1
-0.075563482869833	0.723982283320795	1
0.049701666278226	0.233921105403811	1
0.047636793544755	0.236903700933314	1
-0.024469072971653	0.473908825560748	1
-0.051084270805966	0.332733388065143	1
-0.10849134694834	0.476488485485817	1
-0.00997656461628399	1.35522388214729	51
0.034245315816508	0.681940413649531	389
0.102899100929688	0.388680870195442	389
0.09990724317235	0.366071777182261	389
0.086942338505016	0.659353423456997	389
0.122743519380573	0.34736018012953	389
0.00599323812206001	0.872377652220524	389
0.10628844119085	0.42444607895567	389
0.118742227387979	0.36361751205171	51
0.061286250467262	0.729475572746634	17
-0.039733318163205	1.13569361169206	51
0.065172238896762	0.499393211472141	17
-0.010708676289427	0.907392583719028	17
0.068908557240593	0.450648990251462	17
0.046755413075499	0.384389596931885	17
0.097533888573178	0.19362622378149	50
-0.087008887725616	0.78217236759033	17
-0.06318484288946	0.448772740486638	196
-0.122317721441523	0.667199375977904	7
0.08888446363506	0.366938063267304	7
0.090440161304564	0.340099153066259	7
-0.000637308555835991	0.616270084347628	7
0.076775378778932	0.36561144992497	7
0.05562736628731	0.390811428402801	7
0.004252069690689	0.593609244368186	7
-0.041302827792634	0.574963303225466	7
0.0075277802849	0.345820217749909	7
0.11398918008756	0.223230842181386	7
-0.118104665187581	0.735275432520282	7
0.044309089364428	0.322346037587012	7
-0.001009994689462	0.383441381965833	7
0.077049557540977	0.278458439306247	7
0.046349588929035	0.338478613963565	7
0.108123996291399	0.220816045364286	7
0.055130145303431	0.29586111160824	7
0.081687366379286	0.238125105797621	7
-0.122373490147534	0.473350104376702	7
0.030867900934388	0.267993464623533	32
0.015514471896793	0.357123856325749	32
-0.025889127541688	0.435793089453415	32
0.00932419850293301	0.459279692933225	7
0.104535646503388	0.205807353761165	26
-0.0690244646452	0.664915057751456	120
-0.046611078928676	0.679837140439957	120
-0.032712773612107	0.670025754859724	120
0.097842048705815	0.200064136952449	120
0.000171069505037008	0.532341024080035	120
-0.09556600631813	0.360173332668694	151
0.041872271235467	0.183101662333197	151
-0.029545390259794	0.426692623065658	151
-0.040165442816745	0.458106505291575	1
0.101256514513551	0.174313115676253	1
0.110767507440877	0.240209272444511	1
-0.050388097572736	0.33188711839316	1
0.011226675257132	0.291844608177742	1
0.051954931479642	0.261940666239522	1
-0.020479936739478	0.252630792693733	1
-0.123445879544676	0.803417654423834	1
0.019376363904747	0.229489705673206	54
0.066495091206349	0.703228252500218	389
0.039368857801122	0.772716629696493	389
0.061957023474047	0.421696123058531	389
0.108579469619557	0.309958246148386	51
0.105545757758776	0.361681466264006	51
0.11049241330643	0.235500453342811	51
0.07785460418394	0.642199601156336	17
0.074692728662245	0.712854770005146	51
0.111940059182002	0.366105655800155	17
0.094941882426932	0.146872270435158	51
-0.006540720293639	0.467528005677038	51
0.065950818271404	0.360158625254749	17
0.123152156620768	0.223285898438826	17
0.103343780405643	0.247643775287148	50
0.116458989863803	0.213189547110008	50
0.04207790108609	0.436372584831306	50
-0.055626759181929	0.717952757000294	50
-0.074975928222102	0.281644202188887	196
-0.099676917543184	0.155650596189711	196
0.00381398306365399	0.339208215362548	7
0.100991296305401	0.348412186389959	7
-0.00920136110407999	0.700294381390785	7
-0.025405944630797	0.706158080644982	7
0.084707708672073	0.370777880444597	7
0.049923839652898	0.44268215359549	7
-0.077387943496035	0.786613556795175	7
-0.121622455073493	0.834964958567152	7
0.050963085202719	0.263521978989587	7
-0.110438444883779	0.737533395124627	7
0.051684311948511	0.272222380199284	7
0.047508056814385	0.248125039054516	7
0.04588551969953	0.215783667375568	7
0.066481743890891	0.233720206064858	325
-0.000272504973521992	0.332261595596408	32
0.056008658616931	0.365641962326231	26
-0.122041660797358	0.872714346843133	7
0.027109146314744	0.413902283794252	7
-0.015485482799234	0.532799197266998	7
-0.090331996988637	0.710257032719658	26
-0.078872390162818	0.685414039968397	26
-0.019244466417091	0.529235886857892	120
-0.039180698289561	0.456057355343563	120
0.098166404697366	0.243175181450492	120
-0.043673245435998	0.622501576736346	120
-0.055205652652748	0.675529862618612	120
0.013660588329906	0.405940807716279	120
0.045248100874755	0.405528711256099	120
-0.05748352205667	0.286090540529938	151
-0.02286825545442	0.302131318040073	151
-0.0000985681453889997	0.332102282022934	1
0.035903964707714	0.28346687243151	1
-0.00592212101964101	0.326921351537959	1
0.0037022358437	0.339293684256188	1
0.040049218277325	0.298271267044443	1
0.105308679118234	0.161720429211258	1
-0.107998630934163	0.515126817822034	1
0.012133416909666	0.350620723355503	1
0.103702265030999	0.271347482025974	1
0.037777912978136	0.173684990262831	28
0.080580926276886	0.263794817341294	1
-0.060951343105372	0.554794555901225	1
-0.010290978885895	0.31805095314957	54
0.013527342436452	0.221529110800872	54
0.070556615326401	0.158828398855693	54
0.038500639323168	0.581866426857382	389
0.107965918565344	0.437830374560322	389
0.06861061599316	0.489835593402543	389
0.070680936046117	0.610845766184661	389
0.045224781785214	0.878897688467207	51
0.083013787728917	0.646619077973368	51
-0.09196703038963	1.5271526392361	389
0.114819180658993	0.489881146165719	51
0.00862205412429601	0.951902801954811	17
0.090223266355719	0.529440740954014	17
0.022316172305585	0.941057757422328	17
0.094183887665959	0.475379108683422	51
-0.011959177571145	0.260323715244603	51
-0.123764176749898	0.575458985464505	51
0.096814974040193	0.284696821577857	17
0.029770541845462	0.427873149134869	17
0.088017821667089	0.302336852886717	17
-0.09867808048776	0.15519482506869	196
-0.099386181562511	0.323870109325269	196
0.116708772999318	0.312303648856107	7
0.092290157142847	0.354005155272214	7
0.072454091139006	0.354058397466352	7
-0.00637000573484697	0.466967597478917	7
-0.063486506466879	0.693804547112242	79
-0.055315900842222	0.452518825216836	7
-0.111045189649316	0.611194527459081	7
-0.013183863962347	0.491493772287974	7
-0.047610775670449	0.379633170011196	7
-0.010224482583616	0.258274555818508	7
-0.067259401648647	0.518708504203263	32
0.074153976374195	0.307361139552949	7
-0.020040741965156	0.399169340675966	7
0.101651835752241	0.281320962048504	7
0.033118640263903	0.361930013713524	7
-0.107540508214911	0.678794660675668	26
-0.00858418872460698	0.507016440612536	120
-0.055525210844354	0.63358163697823	120
0.038174479219751	0.410794990631776	120
-0.091379458099738	0.713397397940417	120
-0.124940667652973	0.729185388432243	120
0.096757281182478	0.208769536428537	120
0.113714466472154	0.199039872732549	120
0.034254290856854	0.274740481618913	151
0.068415420430705	0.182048709516345	151
0.01842184981974	0.23064767796828	151
0.067490716672892	0.276669616109414	1
-0.062465545607501	0.6357394742066	1
0.105530299912393	0.197534843775243	1
-0.064573656143046	0.481920995248151	1
-0.094911696190414	0.513140945291038	1
-0.052751056864247	0.524616087264337	1
0.039789646911131	0.298656921528891	1
0.03362048565249	0.27572360993063	1
-0.030091551131333	0.56644484739562	1
0.088912861083886	0.251238850251491	1
0.118354544405747	0.125053756702282	54
-0.067404728536568	0.368591440178505	1
0.094922780833516	0.672642622925801	51
0.108162658438667	0.44090843834599	389
0.026609778493853	0.943911608440703	51
0.062267783039558	0.688282809244293	389
0.029642182760365	0.915921971373426	51
-0.078629692216864	1.81704671743947	51
0.049982109396352	0.897003786704922	51
-0.068102662053566	1.34170424788057	17
0.00562578781134199	1.06736835815413	17
-0.099100336068522	1.67758414541463	17
0.036091046739817	0.757277132144363	17
0.110276689355698	0.424723195093069	17
0.056980032367539	0.646254802700756	17
0.073100371825664	0.14569270397706	51
0.109202929913065	0.21874459126902	51
-0.079532846672886	0.765122752556949	17
0.022293442319338	0.46314783856603	17
0.064544994326052	0.32501413316534	17
0.017432299808837	0.42116717729588	17
0.044916715075229	0.397683360009942	17
-0.098029043128254	0.778184075425745	17
0.095102036842495	0.305643889381995	7
0.044671851111922	0.462720727577377	7
-0.052059649871206	0.640287397117985	7
0.103722975844203	0.271310259496319	7
0.114179118351909	0.203960145115164	7
-0.106062549955185	0.747427962531843	7
0.063924080520386	0.35775757150362	7
-0.097926472490021	0.74499071553069	7
0.072296011399056	0.146435258548462	7
-0.093542584007643	0.545341833982296	32
0.055006728928054	0.286325476828602	32
0.04257908100268	0.304500111547965	32
0.033601554153574	0.338726780583742	32
0.10229220094662	0.249836042610758	7
0.097963533877685	0.243632202906026	7
-0.019952200376901	0.531068177082871	120
0.029098773550337	0.336155846451122	120
0.097321600994049	0.244870989045576	120
-0.077569481452256	0.650814234821841	120
0.103511178705187	0.121394975812824	151
-0.121628035496944	0.471927250250499	151
0.114047127650778	0.165958533784177	1
0.093925813807754	0.213355643593341	1
-0.08386963775655	0.580581705386955	1
-0.00806128494246799	0.368324739401986	1
0.068015926309496	0.257979240312973	375
-0.11239600506098	0.576027598530987	1
0.082087497086768	0.229483861597369	1
0.085501246040541	0.184063930961351	1
0.056993279452656	0.329301769554691	1
-0.00518713048358999	0.414407988301564	1
0.092091994188638	0.15864587347224	1
0.119319811294424	0.504595389129941	51
0.031784247589957	0.893491027724716	389
0.10378169210359	0.53344062837954	51
0.118646567224502	0.49611067717143	51
0.075605715897197	0.754180871125397	389
0.044889477462991	0.747177256201911	51
-0.000769866068238978	0.898898642234399	51
0.077788687582724	0.592437833980715	17
0.089759825564729	0.569190396643789	51
0.045098337290026	0.502058594185241	17
-0.040766558429229	0.531228877573293	17
-0.106330217557775	0.223857152512449	51
-0.059305716820012	0.55062705885925	17
0.00457731145714599	0.513131424862038	17
0.095659762173214	0.210620968394859	50
-0.01043962795029	0.410668497361845	196
0.120206847510349	0.238499255363243	7
0.015969688480257	0.599516867827897	7
-0.12143178478162	0.797126155109363	7
0.074827428248159	0.298372604453281	7
0.054516045073145	0.296997426614798	7
-0.055495133217686	0.676217652510167	79
0.109107762141631	0.212962668662331	79
0.071310700288343	0.35698865246165	7
0.067015214317081	0.268626200360878	7
0.120566747567177	0.176194975176818	7
0.00656137508003199	0.466104309523039	7
-0.052643827128412	0.418472454435581	7
0.064762203978591	0.217296886145205	7
0.014683766961373	0.415770447630567	32
0.029557705603762	0.428400553432653	32
-0.040197581735167	0.627671555637402	7
-0.068832772202045	0.554006281364439	7
-0.090744295955291	0.894831028836471	7
0.098477745268066	0.26358983735764	120
-0.031643006885717	0.388585047011141	120
0.066909112852941	0.204492587065281	120
-0.075437342668887	0.548808733975917	120
-0.041644889644471	0.461250976784877	151
0.068290595389306	0.275174490487946	1
0.000192454764747996	0.331591796441469	1
0.045461125642593	0.369183877520157	1
0.054442981993973	0.26761056932889	1
-0.115726666448234	0.544592242700205	28
-0.108240323782796	0.476039681568281	1
0.013791246254005	1.10479037819505	51
0.052189116673092	0.755646430093237	51
0.025648308660489	0.931245265438742	389
0.043199810087769	0.720960378717778	51
0.082156686297934	0.488308571177525	51
0.037382982151459	0.607041576271474	17
0.05177734388777	0.597208316652238	17
0.100812252989057	0.4841032826265	51
0.024053149690813	0.670382921075588	51
0.12094021674274	0.2978165834515	51
0.020018592166451	0.579865242902546	17
0.029246904520936	0.270325601025073	51
0.101903436009275	0.173422763345198	51
0.046313960590599	0.4658565879954	51
-0.033952995903439	0.546651539758664	51
-0.02096831419705	0.715546379287723	51
0.033987387866426	0.463963493743837	17
0.086250955503038	0.277517705199093	17
0.037010916407093	0.384623838183715	17
-0.07832269000923	0.621066768630108	383
0.022653374779847	0.239667964901368	383
-0.048626024279056	0.710438998423931	7
0.080875871711105	0.32282936991077	7
-0.032924687462401	0.54391895394403	7
0.00408535864256501	0.387305141475809	7
0.118836793446077	0.203489004579297	7
0.038884772021436	0.3003121574103	7
-0.093326310113666	0.783458806215091	7
-0.093855431137864	0.511033904427652	7
0.00114353368784401	0.276425062714196	7
-0.017979725901923	0.355519476126237	7
0.065820111606637	0.225513175699414	7
0.018588513586829	0.440971043363275	32
0.025272004619847	0.407433525416798	32
-0.003063430969796	0.485166565204543	7
0.066465638101563	0.320810699276512	7
0.1011235341222	0.224776765148045	7
-0.056311858915872	0.373315918744654	7
0.043647212775806	0.354010839919538	7
0.112810281415293	0.167680065672095	120
0.056409019477491	0.321559249852831	120
0.055302287063065	0.341777503209113	120
-0.025110671983838	0.475437943241193	120
-0.083410961056021	0.443055613716332	120
-0.052694433203758	0.598595470071552	1
-0.108294881456352	0.6048474876302	1
0.091757049422978	0.238769490120916	1
0.097439922188352	0.244641866303553	1
0.067183745945932	0.259426573499911	1
0.03131523751924	0.343323742633356	1
0.048393251656206	0.24683033688169	28
0.032972207245288	0.276795446513105	28
0.102465787419187	0.215838912468426	1
0.081421814028199	0.222575586127508	1
-0.026197337074054	0.395017306706572	1
0.11436271921644	0.165531917301753	1
0.088883433863532	0.251289844673966	1
0.018927749930761	0.230044491661224	1
0.101838517786494	0.173490251750121	1
0.053352417043829	0.26946292441654	1
-0.080349845633309	0.658379841113664	1
0.082155784106718	0.229368253829715	1
0.012860063187405	0.222268945115589	1
0.074175177084787	0.688255089993672	389
-0.033314894089589	1.23095462971052	51
0.00345580006285801	0.85555989284608	51
0.040655257365878	0.504707784694962	17
-0.05314686858954	0.643535272928511	17
0.124037180881849	0.231885860893466	51
0.068219236886203	0.28398342973551	17
0.082543527566377	0.305801319971021	51
-0.011284367911544	0.450212086734317	7
-0.10945104961108	0.839696154793537	7
-0.08376665748751	0.614170403617558	7
-0.0000770166498029745	0.477723808480651	7
0.020156750271296	0.4370136858496	79
0.054455148858676	0.287346000908027	79
0.0377423675359	0.291389690933106	79
-0.020544606964449	0.568248387786667	7
-0.076371394087886	0.485356118610144	7
-0.083865368975264	0.443854246353184	7
0.092257121756807	0.1584626969393	7
0.032972207245288	0.276795446513105	7
-0.095682553692057	0.864057549825925	32
0.029647845838096	0.438012223269483	7
-0.084413442820129	0.581889648798994	7
0.068119954376489	0.292699486778213	7
0.090638512141634	0.284082278765417	7
0.00599238967541901	0.443078923800397	120
0.067983355794021	0.266967728854989	120
0.035521210313588	0.28409444916251	120
0.028385872295019	0.337537079324017	257
0.046704199345646	0.347495170027076	257
-0.097171703087027	0.602198812822029	120
-0.077222664071675	0.585777415690306	1
0.00135805442162601	0.427855052348357	1
-0.024232088562177	0.527864159921777	1
-0.034309632591197	0.506120747877377	1
-0.092318694538876	0.648485912505117	1
-0.014133513280414	0.494047112442496	1
0.092252288045003	0.230759530077196	1
-0.079842744446018	0.718521775565959	1
0.024073626678915	0.321689844784917	1
-0.008148509240272	0.368478616347886	1
0.066469358392729	0.224572271526706	1
0.005120525137745	0.336942437873952	1
-0.004971818781286	0.325418886719195	1
0.056755001671177	0.785587278152752	389
0.101608810070718	0.478927935903896	51
0.117338692382418	0.477773423772777	51
0.07613463734537	0.704497365036395	389
0.11159206016418	0.522412694818219	389
0.063533806235361	0.730945866612258	51
0.053911486023271	0.77049913424154	51
0.051533874890106	0.722016566266449	51
0.040677793297622	0.786130182174509	51
0.107215942970891	0.49884778767423	51
0.104943583699027	0.438146767257786	51
0.00210491248230099	0.549644405182323	17
-0.093695132908771	0.965411342950407	17
-0.013350745659074	0.193811980695915	51
-0.001876671233422	0.204558076421298	51
0.03516147476033	0.451507968037729	51
-0.044629329620166	0.609612289839905	17
-0.00529562025199198	0.32594363139313	383
0.036612584397969	0.474356590032234	7
-0.00378382615378298	0.531686732691997	7
0.08954452756491	0.298874870501742	7
-0.045751840391515	0.570503935798321	7
0.038258486440836	0.401071339609025	7
0.118550833385002	0.22141908701351	79
0.011930100436699	0.397157213581461	79
-0.071796865622414	0.623923647016312	79
0.118701755818597	0.20373891735028	7
-0.033467388050487	0.545339104945289	7
0.043992974702687	0.322992802445949	7
-0.105993018054834	0.711326161354879	7
-0.010946924839724	0.41175507356636	7
-0.031668795479357	0.388619259577198	7
0.065039946258693	0.235840841309923	7
0.06680070341586	0.204567126398592	7
0.089894852614895	0.169870936234832	7
0.046517750896499	0.337998528406941	7
0.051728968710124	0.262301086778255	26
-0.041494725497254	0.460951737175767	7
-0.096480650787466	0.706922189366614	7
-0.114008486194209	0.797382086776117	120
-0.070582096949091	0.589669575353986	120
-0.091553221846027	0.576285538799202	120
-0.020478641848625	0.3998850623136	120
0.067099884249625	0.259569111060062	120
0.029080156550718	0.336229540736747	120
0.096855568645907	0.194628943511497	1
0.06854734523795	0.248187348159594	1
0.100461415834669	0.182425724159147	1
0.114095903891545	0.198391516031976	1
0.108055888402756	0.226814453712898	1
0.006554367197594	0.395599848177661	1
0.10468711433717	0.269074570607837	1
-0.033924402337442	0.5052198944973	1
0.109788677526764	0.242271009485784	1
0.067901548100188	0.267103064506899	28
0.11127130498837	0.176062662740078	28
-0.117192773075989	0.54746304303054	1
-0.018040700269561	0.355640698244152	1
0.070441076688789	0.169446386725265	1
0.111497641443458	0.175733192431074	1
-0.061668605029849	0.41460241011915	1
-0.044152001145127	0.291462580787151	1
0.081310700499351	0.613402738438107	51
0.01923209861974	1.15586640248918	51
0.121791483793954	0.475301933652341	51
0.10469861922162	0.56674760653733	51
0.052555009508663	0.748526116058251	51
0.085150248924021	0.588122846385875	51
0.023610512422232	0.987908362308539	51
-0.099725408355993	1.5949714839385	17
0.011892870651219	0.763132302947996	17
0.116880818884859	0.307739787635647	17
0.024152266025371	0.602224301652515	17
0.046425346077395	0.203091500833069	17
-0.079783657564193	0.688028062176146	51
-0.00965697437229401	0.599292422550829	51
-0.110867535117663	0.438815820335175	383
-0.094717903437137	0.398980735300286	7
0.104303653811263	0.206192021153457	7
-0.00600755638193601	0.611227918586262	7
-0.077316320431101	0.858957793481752	7
0.00335864422677101	0.50502137817912	7
-0.02522201781042	0.616661726514439	7
0.00463465285138601	0.501267576475632	7
-0.111270281872328	0.776026124685436	7
0.089557615895465	0.279910690718055	7
-0.062077932285503	0.587404843860173	79
-0.079993985927907	0.688737213111857	7
0.055416591081792	0.314316064235757	7
-0.013375092133973	0.454975826850783	7
0.096994571135442	0.194420739397482	7
0.120896370789471	0.144636891174288	7
0.118578043783009	0.124798242637278	7
0.119012948710501	0.124352121607173	109
0.107995922136428	0.187215178833413	26
0.104104211170367	0.206403473820485	26
0.115070171733725	0.196712786506367	26
-0.031767175055972	0.431218907286293	26
-0.091070413332415	0.610517534111271	26
-0.062095675891592	0.557564506462087	26
-0.030426650493708	0.512912866615534	26
0.031499115956372	0.354222661021321	26
0.0927885981225	0.266785371108794	7
-0.062505508808513	0.635733916065997	120
0.003073572312736	0.449822632291287	120
-0.066699507146587	0.629223431890225	120
0.057923122426784	0.327255333689971	120
-0.115209203280368	0.674703798210597	120
0.012291647785595	0.39628260862779	120
0.024447688122837	0.387062779092041	120
0.12184983904584	0.192802380534154	120
-0.108993306042667	0.477362519891662	1
-0.066597945822682	0.367399989682009	1
0.019402389619783	0.305412232700047	1
0.079892619207846	0.224914751088287	1
0.080688623008352	0.231773277050922	1
-0.090620876804852	0.574098292568718	1
0.003656740319845	0.339469788018184	1
0.117551884948178	0.205823830756828	28
-0.097191862428008	0.402645804037154	1
-0.059258963542395	0.490051371857672	1
0.09940377788046	0.183957244331094	1
0.069823137307666	0.190619126785529	1
-0.001406286715121	0.334171792238665	1
-0.020105943111301	0.252211840496443	1
0.010661644525677	1.00446559338259	389
0.085781092646819	0.559179449999446	51
0.084864751853367	0.554137762833457	51
0.099663983093211	0.591509372632451	51
0.072745671999763	0.662677601525069	51
0.031529649212755	0.891633792987196	51
-0.108163270505049	0.642855615934768	51
-0.00790820803836101	1.09039523379819	51
0.087521463256641	0.472263635064902	51
0.085774070279744	0.478928072795534	51
0.115920371030565	0.50377328414326	17
0.122200386699106	0.406600272375344	17
-0.00373621993592999	0.772841262873489	17
0.088027071578507	0.488006758314754	17
-0.054148539171823	0.450360045461323	51
0.045873223046314	0.3865158332868	118
0.111895486888078	0.175104510729598	118
-0.066869186415625	0.904068824581461	51
0.017766622493613	0.602839435824682	51
-0.040898165694126	0.338450434777838	7
-0.00640014898549601	0.570243443770315	7
-0.061124898821062	0.524757921696349	7
0.044052847208202	0.35316265519154	7
-0.105499989991081	0.745606750842874	7
0.054432597433575	0.297141156619211	7
0.081266721602165	0.238894035206066	7
-0.00628133159420802	0.51377624117079	7
0.079305773597414	0.250370851515698	26
0.092089848664035	0.280874275092252	26
-0.054645348015049	0.673766696748782	7
-0.097220398133341	0.674433774445331	7
-0.039807730715139	0.570917208429149	120
-0.010224482583616	0.258274555818508	1
-0.056874570082148	0.637507336528501	211
-0.079545363390089	0.363079038543917	211
0.00970404348136999	0.342045116036679	1
-0.013877445804216	0.402576925582931	1
0.021486496924152	0.465312864005573	28
0.085320032102006	0.184288514069964	1
0.071306632808169	0.168471846426801	1
0.068307001549153	0.192541373499188	1
0.073072533522821	0.145693490250885	1
0.040795585416261	0.307787214827612	1
0.103805959621954	0.121107202278044	1
0.10692871472368	0.618712367308021	51
0.083715245778856	0.748484843715508	51
0.050046286010436	0.846550153794085	51
0.103597671002555	0.543132315514764	51
0.010184571792184	0.873992199562682	17
-0.016338087880561	0.824837208277258	51
0.048468383567205	0.36221030596122	118
0.123626671696735	0.282603237745402	51
0.014259380054555	0.528430278320411	51
0.02051956998519	0.4469491111395	51
0.00335344000892299	0.436581527869164	51
0.038323806737898	0.173165361314823	383
0.087785040075723	0.0803579600614856	383
-0.124234641344562	0.672207963236535	7
0.122383715554614	0.262627250571827	7
0.030561353932784	0.506706337379389	7
0.100276962608205	0.333686967325273	7
-0.027500809905488	0.596259097313116	7
-0.115550924264473	0.838139585558879	7
0.090217950948378	0.284999997619933	7
0.010223330167001	0.40089276353076	7
0.124751656597808	0.182525484325986	7
-0.02603130974588	0.51756800622056	7
-0.120949229331103	0.795531536980606	7
-0.0252548614363	0.515594916067037	7
0.03518795613348	0.357485397080462	7
-0.064172809766309	0.328989351765061	7
-0.104251891211643	0.54515443293476	26
-0.08038568789979	0.658353624149213	26
-0.022366575978456	0.484396667224747	26
0.081689494761865	0.230135727121206	7
0.053554703822106	0.298637230269931	7
0.063897514427635	0.357862578994853	120
-0.01868320559037	0.576186878528884	120
0.0792044970923	0.258551278768603	120
-0.115628947521993	0.802727339368171	120
-0.067494726137971	0.631295196488157	120
0.068718487790184	0.239047587669076	1
0.00456081495735799	0.386345283102291	1
0.067884853584119	0.240414810559752	1
0.066501235108037	0.260565009082927	211
0.035112349946809	0.357740740638578	1
0.088981574658129	0.243814448935468	1
0.01821527560884	0.230868679058245	211
0.080263931122697	0.248598375675454	1
-0.052733844502016	0.598842624130258	1
-0.0000299126780070047	0.431012313666579	1
-0.056420789430342	0.373476701834762	1
0.099087672694735	0.184412512368856	1
0.050603072857955	0.891082755857956	51
0.097105302597521	0.568795888049968	51
-0.024872386545458	1.46734756571807	51
0.10118294270491	0.638554432110573	51
0.064113891046721	0.859767815875875	51
0.084860803543775	0.755361888802272	51
0.103662701593465	0.425741211371441	51
-0.05043168276894	1.5740644813826	51
0.121362352122008	0.442841883543582	51
-0.03619138226846	1.27314299400959	51
0.028477747917036	0.494479089894308	51
0.107655759806376	0.194207164180212	118
-0.119672060241639	1.04789514043934	118
-0.116724351299108	1.0357141299077	118
0.064078773611116	0.379712088125723	50
0.119754128886844	0.0903088036586448	383
0.056069434231998	0.381694150889947	7
0.022698759721498	0.561269594790623	7
-0.061277925722216	0.838010621121225	7
0.045553397337124	0.50054318112201	7
-0.00612872662611203	0.599839116421439	7
0.009726144550257	0.509876043136979	7
0.097752529029028	0.28804608871763	79
0.07169640941542	0.334894023132543	7
-0.00628709596447202	0.526419881235276	7
0.00430327887436399	0.447128583672169	7
-0.054088417943353	0.629254864247745	7
-0.020222952345382	0.479565009683836	7
0.072584613997661	0.332757726293685	79
0.037268403791131	0.373957409148316	7
0.086956868872585	0.298486457484649	7
-0.031290986272323	0.5550264416055	7
-0.108238325332873	0.835319234849217	7
-0.098944838239733	0.643247052529341	7
0.113925514706472	0.19868915937244	7
0.067207316739493	0.241514659390062	109
0.053584654149254	0.354334253223759	7
-0.083190661082746	0.645786481781937	7
0.095653176269269	0.254539156268644	7
0.053403650885223	0.279301853574472	26
0.091726529954447	0.238862333032815	26
-0.063850488772051	0.592028888120112	26
-0.037358054230595	0.619109310848886	26
0.109325436988481	0.243261395539523	7
0.03159718293672	0.342833272390842	120
0.047305975577145	0.374130153197141	120
0.075049011718606	0.282203199491817	120
0.046276908503357	0.227207376882969	1
-0.063475872161664	0.449287352420146	1
-0.07624826996789	0.550509963984999	1
0.033002445228783	0.351206710057411	1
0.053253348882119	0.279553572824844	211
-0.036585369826962	0.616814997446981	1
-0.064427780366055	0.622970124614766	1
-0.056407072474227	0.484140809919779	1
-0.104545865553296	0.545758969617621	1
0.106410372136486	0.959373039735859	51
0.039446163407381	0.982559178722982	51
0.057039712175779	0.999634656982413	51
0.121544294794316	0.441975228962485	51
0.099473135433683	0.578017521753865	51
0.065453787109073	0.550054783922262	51
-0.028727858987473	1.08205906365628	51
0.043954974234491	0.831876600828702	51
0.079001467157956	0.434754156929954	51
0.071670653040222	0.157729313331635	118
-0.041324703343457	0.810823801670445	118
-0.028785995005504	0.705079632726873	118
-0.056532008208027	0.454752407514568	51
-0.041645468822717	0.753397320229022	51
0.039774017048458	0.424924877864815	51
-0.12362227332031	0.804007317425965	51
-0.063279819669787	0.172739846013194	383
-0.117230707867343	0.361185444965295	7
0.124890942355955	0.252368605773141	7
0.123592422383036	0.269411942659379	7
0.056083668274666	0.35722402322203	7
0.00798518724667599	0.525774976374251	7
0.102129516577255	0.28028456337001	7
0.043219316639338	0.433188205440389	7
-0.074967802763817	0.82324884713945	79
-0.015019238409636	0.578308286228399	7
-0.014909807092042	0.495976438245793	7
0.016053806790191	0.412590831408442	7
-0.012105003626313	0.502767263197639	7
0.034021717247666	0.360039193522596	7
0.048814996614245	0.361428862937886	7
0.01196865051033	0.350917723085682	7
0.028917598121503	0.336523929989469	7
-0.097544980484132	0.362845052099896	7
-0.098257591743637	0.322537726291371	220
-0.096937950303518	0.402300410666384	220
0.066437132424608	0.296053891326517	7
0.108763568117167	0.186067272952426	7
0.026903668012794	0.40371830236165	26
-0.090853849593183	0.574654841357319	26
0.084834935872863	0.280477005573272	26
0.028359721643209	0.421287684492868	7
0.011658017779807	0.476256990420985	26
0.097223824045677	0.251408534630822	120
0.086524666924571	0.305806133081766	120
-0.024011125524307	0.564337138253911	120
-0.04223094188841	0.577619065145532	120
0.015707995533594	0.356582519400576	120
0.119321179576177	0.0906481123185938	120
0.070636080777581	0.169232140374429	1
0.012823245315468	0.222288139867112	1
0.104767541215479	0.205420935392118	1
-0.046751614184694	0.453898267598326	1
0.109901714730664	0.184330883773015	1
0.080371768549363	0.240404302521735	1
-0.076345669315447	0.517786021607177	1
-0.023646921308609	0.487309470438109	1
0.095129691683634	0.255554489676841	1
0.065784282800877	0.338083122113083	1
0.122405173904452	0.191798890689099	1
-0.066597945822682	0.367399989682009	1
-0.082484711570386	0.643799324491034	1
0.046024973200108	0.367927551058811	1
0.064827351433524	0.340315172917053	1
-0.069086615285627	0.370901438978624	1
0.095272865427505	0.146509015548107	1
0.051769342284468	0.272105567657293	1
0.089705012649087	0.170089549898469	1
-0.018364951104227	1.25115653991678	51
0.098490786394498	0.638403823536615	51
0.10122148167157	0.597042886234337	51
0.119046179771148	0.506404667647314	51
0.088424485285292	0.673919379579243	51
-0.03016177027733	1.23011394710138	51
0.070668071247443	0.664361318873634	51
-0.104286726751495	1.49445067644818	51
0.045911263138936	0.721594729376333	51
0.049898285624334	0.766157510893269	51
-0.018107780039169	1.27372401935822	51
0.06793077119929	0.193014012478496	118
0.103600625078386	0.121320245259013	118
0.028058730549391	0.259380577657045	118
0.00839473506869901	0.391781751015123	118
0.10098793385228	0.348416499156502	118
0.080119771859903	0.413764416884623	118
0.017331795696235	0.594659605278434	118
-0.062016240177997	0.171936365194497	7
0.082816977477782	0.212529944499711	7
-0.051598418050798	0.638964551079259	7
0.015834574016419	0.475858582937907	7
-0.056174001060151	0.561873969862023	7
-0.091202688974502	0.712848237282689	7
-0.07043017389297	0.797093675389508	7
0.068713564630265	0.299801884446785	7
-0.032594312875272	0.542930703225067	7
-0.024014437175518	0.613057224034798	7
0.036084455824934	0.366243274180903	7
0.0388801741057	0.408935792029403	7
0.093932114197232	0.302862269529982	7
0.11711530468248	0.229191328395106	7
-0.045634775791973	0.570170541969259	7
0.068449462804035	0.192374883806706	109
0.022098684111167	0.380605340812662	7
0.086800841291382	0.269497275521779	7
-0.063155880417328	0.59028498637062	7
-0.023009315873444	0.524641786376824	7
-0.120317758507681	0.607630757396997	7
-0.00618234787682698	0.41653974327611	26
0.116269883921868	0.21352330799549	26
0.104084805616064	0.240329010899586	26
0.121360371940711	0.193664116338572	7
0.055771486689432	0.284934472716154	7
0.09623193165435	0.253392638145609	120
-0.095881825559566	0.895456611269621	120
-0.029932508747249	0.470216171569812	1
0.029851875190773	0.269507693375214	120
0.067099884249625	0.259569111060062	1
0.081668866162777	0.238198063240041	1
-0.071871424474576	0.624109637408639	1
0.056984236442439	0.34665421573915	1
0.047266248494123	0.409021027793559	1
0.119760732423361	0.21903047712568	1
-0.055364714542006	0.559774767030585	1
-0.01472636687874	0.404262024491729	1
0.077247684648761	0.261970239301598	1
0.045708643696638	0.349665241302158	1
-0.024505329733669	0.56573786240894	1
0.091992850300543	0.268382538703147	1
0.004722512765476	0.385959801836527	1
0.028635746450737	0.25859839659871	1
-0.019617446760036	0.358319236459355	1
0.030096559420254	0.334243666215523	1
0.091191016861705	0.232638193077019	1
0.114284272013781	0.198048722911281	1
-0.014304639251146	0.364705461664027	1
0.063719873587596	0.766107002979149	51
-0.121012543464458	2.02319043840086	51
-0.103398367560054	1.87137971636215	51
0.071306284280753	0.646742474600767	51
0.030262171389668	0.830459678652142	51
0.118392666326293	0.125017144251479	118
-0.109802580127038	0.43714221198841	118
-0.00783536463761603	0.367917765006279	118
-0.00914351508754202	0.52145941337976	118
0.096947841489851	0.31970313999061	118
-0.063488946572615	0.666761963683784	118
0.048379070932763	0.389090298285485	51
-0.000732617919440015	0.60518593489675	51
0.083808441724577	0.343371289485718	51
-0.095061306728246	0.477159275674894	7
0.064367008153998	0.40766404064058	7
0.109777869677381	0.242289032867835	7
0.017675069218574	0.443237947265666	7
0.084654422322595	0.287721635523024	7
0.014451194061152	0.479754061229116	7
-0.111563366995015	0.777023613236387	7
0.080074713744473	0.318134893289993	7
-0.116661030076578	0.769245741740608	7
0.018604927688924	0.429752106432003	7
-0.015281789753256	0.579179771923914	7
-0.00533672497183502	0.477916022516238	7
0.036991231325067	0.39456849956821	7
0.046061014324351	0.358475440354435	7
0.083504362012809	0.203537645648174	7
0.055243708310236	0.37573390930404	7
0.049078998421506	0.378676084431861	7
-0.04820851875306	0.531988055044303	7
0.097034762271038	0.24539855394004	7
-0.071101050640554	0.622110372397734	7
0.00393540605891199	0.387615068867402	7
-0.102531752441067	0.771229128868623	26
0.074068395241346	0.31492444361051	7
0.112618758416778	0.24856929928615	120
-0.07528087109207	0.581031570429372	1
-0.08670042808976	0.750542797017825	1
0.081922009750659	0.205743338782734	1
0.068604355321489	0.202229583654816	1
-0.107032889355555	0.64005129818092	1
0.037331188164109	0.403436049442052	1
0.099750679743155	0.227132384354128	1
-0.098406843078728	0.811514765443705	1
0.068162993162328	0.239900425019523	1
-0.000364375056218003	0.332490833848032	1
0.068215835601097	0.192665334670941	1
-0.03267248536225	0.543241325947228	1
-0.01338035480961	0.4402253855829	1
0.100500934517757	0.175323767426609	1
0.042765807247205	0.194933742831233	1
0.070364020487047	0.670494667345852	51
0.12241570185489	0.454582650430263	51
0.116451015302574	0.491275468768698	51
0.080521159535741	0.519232888007765	51
0.123837926384705	0.399566528776873	51
-0.047026890588462	0.804688101382803	51
-0.067574555308907	0.631486371973405	118
0.013051409219179	0.348896347815531	118
0.111959552739828	0.232557594664276	51
-0.065620404082221	0.796554976482715	51
0.089367867591632	0.286842983933301	51
-0.118539017681803	0.509553398526777	50
-0.075270953864109	0.693951597477084	7
0.037840571642597	0.401993962171548	7
0.093926709426467	0.270720881335361	7
0.004254505294078	0.434330359423545	7
0.013681823864415	0.481867432856129	7
-0.099632759078262	0.608498925881713	7
-0.00746134990708403	0.455728463350641	7
0.00311443386059099	0.49397668329361	7
0.065588202622438	0.314511355385629	7
-0.020957196460934	0.533745037262491	7
0.067132502994646	0.232745107706957	7
0.082359864622221	0.292647740426397	7
-0.06713850624355	0.732403612830383	7
-0.053393427097117	0.600665932616105	7
-0.120740224919767	0.831262985597982	7
0.117441595540992	0.181151214575852	7
0.08126598210326	0.222824205541823	7
-0.076416306662221	0.550980940618241	7
0.05598142987471	0.331475893785813	7
-0.122724842480848	0.762617576830582	120
-0.010583150868274	0.463114077859275	1
0.115582577422389	0.214828903771259	1
0.047796749394032	0.41600772103118	1
0.083367601181776	0.195465736734257	1
-0.011309050392919	0.500691062840842	1
0.044457921997388	0.322066825212374	1
-0.035118671829211	0.50789247296729	1
0.093856854952581	0.213487534209891	1
-0.045217896482121	0.496935406660492	1
-0.114944557011202	0.71238118778486	1
0.08720430148112	0.261664340752078	1
0.12463684373637	0.199913617453919	1
0.114719034148888	0.239123122359518	1
-0.104148382403875	0.66974585602892	1
0.064747997603403	0.316354847718059	1
0.02616654235346	0.383282193981988	1
0.077122254548908	0.278268175787189	1
0.018675776512037	0.363500642237123	1
0.03753274873112	0.29172791880167	1
0.05405141134903	0.288067199115255	1
0.080052791119581	0.256993069499115	1
0.119708265526958	0.214168852320027	1
0.080137478203556	0.256847761149101	1
-0.038079508869351	0.426798911238626	1
-0.017761512704057	0.449894901817672	1
-0.00604640087689501	1.43488743195626	51
0.028619327691641	1.19246291840758	51
0.032278287294524	1.10143871762841	51
0.113443059684186	0.431382732689898	51
-0.101746275494269	1.95888019059359	51
0.036030234215795	0.863995964139281	51
-0.012423882215968	0.922467674830857	51
0.115384903636516	0.45945069217507	51
-0.031542733340495	1.20160234886432	51
0.026905539327794	0.574168735709994	51
-0.026784565921023	0.757245627280849	51
0.116551333374954	0.326644261836435	51
-0.028147391681548	0.74984928563305	118
0.063600114390646	0.358570729259068	51
0.083370272340868	0.350552999268233	51
0.101280343626172	0.282249433725265	51
0.10854209812235	0.262521810613416	51
-0.023492555788662	0.576525101891309	51
-0.032106793203995	0.556983204145887	51
-0.083390443589545	0.729109428859934	7
-0.017972336862007	0.525751525391673	7
0.020135511093915	0.425909444500765	7
0.057825206574857	0.336184789817611	7
-0.08260568807602	0.757010551105433	7
-0.082517376817856	0.756719746342788	7
0.103930606222169	0.259993428769573	7
-0.093295902631234	0.751563795766999	7
0.111414717310572	0.256132559755695	7
-0.074607540815328	0.546772786055162	7
0.025062972912711	0.4187030957988	7
0.00599289153789301	0.383312930913911	7
-0.077073860075901	0.585417894320047	26
0.030594123680083	0.333213857052115	26
-0.00247031100046602	0.42272860714995	120
0.117932366071494	0.180402267611923	120
0.124686671918102	0.182647856654884	120
-0.035286072643066	0.508396111113141	1
0.056528831389082	0.396280339175121	1
-0.084730504526406	0.649870998442856	1
0.03559437524642	0.387892890537318	1
-0.010876654511925	0.513012005633645	1
0.046186777787443	0.385773986251475	1
0.035068534513391	0.368481609163608	1
0.083400474196751	0.211584679268402	28
0.105039938191995	0.198348739661296	1
0.05230700384565	0.27123119600638	1
0.117535679002649	0.205854622779111	1
0.076274290098894	1.10759781579394	51
-0.046749971225516	1.39426025985262	51
-0.050570988858687	1.21844491647625	51
0.02979697496944	0.825697972295081	51
0.011812854703813	0.960926625343551	51
0.092221919028358	0.639015946276406	51
0.100217552687006	0.545478383913125	51
0.107056903958624	0.281070480892299	51
0.103943038823006	0.163532241443144	118
0.092028325276136	0.223884927096794	51
0.043018416994828	0.619419837266779	118
0.037331188164109	0.403436049442052	51
-0.00196639466792897	0.53834783741114	51
-0.081543753862537	0.403271295012509	50
0.065139423199897	0.35481326375556	7
0.018054244840215	0.453187391169508	7
0.013270408798448	0.493657589686563	7
0.078089552149285	0.291343302164907	7
0.055956208700296	0.322491668227637	7
0.067480961382805	0.293927496992483	7
0.00419708153646201	0.338560282632649	7
0.03712083514128	0.49029493454109	7
0.065183155747096	0.331649643541452	7
0.10606648539562	0.255470455143713	7
0.068745857051081	0.282956944746973	7
0.082512599718122	0.204963086234837	7
0.038386022703863	0.419449233198906	7
0.093947681892903	0.332988198297009	7
0.047885996718881	0.415787582685853	7
0.104145354611509	0.240247416120309	7
-0.050160685101429	0.715626501639844	7
0.11913146904765	0.275125757947825	7
0.094606239374029	0.256554498322753	7
0.087975156712085	0.260175794578943	26
0.076766814610259	0.286759485580155	26
0.032216117374326	0.440871184188844	7
-0.093962324773815	0.511186761278398	7
0.014121037293724	0.416902620908468	120
-0.058641524182627	0.642452900027625	120
0.109132428059775	0.179132070935399	120
-0.066612514311875	0.548730113645145	1
0.121371252773986	0.227007122813216	1
0.088464595288315	0.259216108259782	1
0.120656551046574	0.194881952688214	1
0.046811516481559	0.393039735253535	1
-0.088192736710004	0.724226030570284	1
0.071289976358095	0.363827207711609	1
0.121875642874707	0.225996798447763	28
-0.102402115305938	0.86834293810201	461
-0.075035838477087	0.547892685067457	28
0.055772598504829	0.374410438066355	28
-0.12255322011686	0.83814428217827	1
0.010569998227679	0.400148941765944	4
0.104521567753406	0.258737288301662	1
0.092917080823039	0.272765889689615	1
0.084562343318952	0.201991977969027	1
0.11989263942204	0.536497187022229	51
0.050427271519995	0.89223354441691	51
0.088718435803826	0.59904458963526	51
0.058819706279087	0.412907830080351	170
0.08908783686824	0.343684119125911	118
0.087487000496689	0.315907379311619	51
-0.015158157466974	0.642901490166647	51
-0.014169695698249	0.683385748010663	51
0.071281809871476	0.464130475029116	51
-0.09089016388128	0.610110250797421	51
-0.00382857671632503	0.6154965371305	51
0.00653921435671601	0.55822303897584	7
0.03807394195421	0.401614332088709	7
0.005589112835622	0.550344280898222	7
0.05577341813234	0.357947426663495	7
0.078487548100472	0.354490061593667	7
0.024812996835964	0.466406768084564	7
-0.030989505282918	0.628749427229591	7
-0.089223538013531	0.674177813448284	7
0.106329455404016	0.254918157449865	7
0.080086710052737	0.232734496385755	7
-0.057615284861993	0.375311289859756	7
0.070166496500011	0.359869117324572	7
-0.115104931884529	0.800990303546339	7
0.118768211226382	0.221012744742514	7
0.107802884928001	0.227304055032428	7
0.015159064799865	0.426531300663427	7
0.04673879866306	0.347429033242069	7
0.056198360918749	0.284120532611767	7
-0.062911889131203	0.589647757553402	7
0.056898078182035	0.320536881119753	7
0.038985534880538	0.40870033714249	7
0.055896723904184	0.382165195263618	7
-0.066368084538352	0.548078442783233	7
0.045670964559067	0.329788558403598	120
0.047854307624907	0.247476044953539	1
0.049915804037474	0.25506678917122	1
0.009733055871434	0.294089313642033	1
-0.00170750209821402	0.421052563461587	1
0.027063280451864	0.392414772032534	1
-0.088480744058754	0.816939895241273	1
0.11763839183426	0.205646601189705	1
-0.00293661747512802	0.423728606062842	28
-0.087200573489509	0.752572086730026	461
-0.094206663823703	0.786260141322321	461
0.121173838113292	0.227387945461353	28
0.055728358435686	0.332013113723774	418
-0.09104628348204	0.645183266504021	418
-0.049082160320044	0.533995341733388	1
0.067712792202438	0.249586421294371	1
0.05703884725818	0.320248559164265	4
0.068333104031651	0.257438748448431	4
0.000168930477745993	0.489598386999569	4
0.113558595061345	0.199273531815389	1
0.072362504293402	0.833746693105958	51
0.104400569636939	0.653090412418726	51
-0.117057912026539	1.11491523280377	51
0.052702286414538	0.778183106582355	51
0.017449444753281	0.365948512797675	170
0.065424945894669	0.390523468295893	170
-0.088066666772843	1.04495950840395	170
0.093231743508739	0.437753706502768	170
-0.071488189527555	1.00868333098042	51
0.016800679293638	0.504825939704674	7
0.092329535641864	0.318164801273796	7
0.090733409564121	0.322161056660944	7
-0.051838251962627	0.68097351154453	7
0.117605220825434	0.223333258389609	7
-0.013085094569799	0.565176317301775	7
0.124699261278652	0.244715718441699	7
0.105625910323476	0.203945124693983	7
0.082104743193832	0.205550130869016	7
-0.041908349696245	0.339873801514152	7
-0.045629623430986	0.652856794070026	7
0.110957672942529	0.28781166660698	7
0.115664436609671	0.189896129805104	7
-0.04509593011691	0.651210123698276	7
-0.030284066493968	0.552311375241919	26
-0.11852089602163	0.811183843672435	7
0.101471293355548	0.2305438563576	7
0.076632721388981	0.294580594592379	7
-0.113260424941831	0.707899211222841	7
-0.03626641774971	0.592514272834767	120
-0.031744267287704	0.616567536025472	120
0.012151568403801	0.524467471989642	120
0.096942406828049	0.284375914756695	120
0.115575359753782	0.25349293823001	120
0.112215934793618	0.270598049446215	1
0.00862289082840501	0.523921543742439	1
-0.096724650970446	0.401973632924077	1
-0.032630974398884	0.344978539614276	1
-0.017974758925086	0.355556853778589	1
-0.107325527463051	0.513655369321805	28
-0.116610273422862	0.84128439689529	461
-0.019844290432962	0.646382254463437	461
0.072613768127836	0.332747174395578	461
0.037947174937224	0.420602773889653	28
0.105950538152154	0.261019146088902	28
0.112968099336598	0.167452267059067	1
-0.083800450601617	0.443757268542632	1
0.102823891880081	0.278651092594607	4
-0.057997325142846	0.487560990609803	1
-0.06700134447244	0.368004814509663	1
0.064977099815313	0.583867410449343	51
0.050765978419682	0.899329892841576	51
0.111153060684617	0.500027633358261	51
0.105372851181046	0.47180692319643	51
-0.058077594024293	0.889502318550573	51
0.092758175555307	0.15787839034273	57
0.07378492686062	0.145040752414822	170
-0.020182827493096	0.252277541875337	170
0.109906174538134	0.217525297678397	170
0.032069671193431	0.431582965794195	170
0.052724834351274	0.495032843143888	170
0.00734431244561701	0.475866565524107	478
-0.03897899969444	0.543504717380357	51
0.087017398663167	0.329055439910297	51
-0.060533466553888	0.657607578994195	7
0.112767999133205	0.24824508693055	7
0.043464488789448	0.313551478244156	7
0.065041798277216	0.391578328976794	7
0.081950039880671	0.229661506820609	7
-0.119582161752151	0.899432073766562	7
0.046701680386237	0.401955166508093	7
0.083035894670474	0.304656385646099	7
0.099797004828974	0.260777572458014	7
-0.049137800780268	0.647856824460824	7
-0.073302618264859	0.511372938891369	7
0.014575831258979	0.490165391910825	7
-0.021772239863218	0.619381581671741	7
-0.097779905080014	0.710650054817708	7
0.115324693354729	0.196269821122201	26
0.076190283301764	0.310143767399376	7
0.065208826659993	0.347010650329614	7
0.045134649503197	0.340948387358476	7
0.10693526583065	0.19534675426122	7
0.010711379943777	0.399843543712995	7
0.115554700387518	0.258169603357802	7
-0.040427788064971	0.45871216735196	7
-0.106188626837731	0.63789285486066	7
-0.039179486811844	0.543861053341204	7
0.093621884151289	0.30360273426872	120
-0.058452433278558	0.596512584246863	120
0.045972989051551	0.386256458181738	120
-0.034065721470433	0.505540349426579	1
0.089367163140515	0.243136514424139	1
0.122583447184572	0.191499629272514	1
0.016952281221416	0.444869284249231	1
0.072135142708966	0.32650106089316	1
0.081124602980764	0.223011534158225	1
0.046441215056864	0.40259804782705	1
0.039085929926423	0.398989390595323	28
-0.032484933720131	0.669298624774746	28
0.009912896312014	0.520306967858808	28
0.051367780229747	0.389813151210942	461
0.123420737405012	0.251863913411571	461
-0.085147742008439	0.549093564448902	28
-0.018702707132134	0.436626774886564	28
0.080459944908284	0.317232139458969	1
0.120552522721328	0.195072731492546	1
-0.074960542986783	0.514970155446126	1
-0.032340828057843	0.668868501058747	1
-0.091936149494774	0.577200481892743	4
-0.052050244658207	0.640252221675586	4
-0.076373820652318	0.726590862329678	4
-0.03598723826477	0.591771626905754	1
0.123959393532829	0.480605688254411	51
0.072799587373914	0.685475011817636	51
0.022127474054463	0.86494125898664	51
0.051720495007972	0.819945770261346	51
0.046580658151357	0.585512072166026	51
0.06431961622337	0.469527627966151	51
-0.033439781209285	0.247411323241885	57
-0.124928950847324	0.322578153574102	170
-0.022536324286766	0.301522585429497	170
0.00831182807127101	0.391976490259774	170
0.001229111022165	0.621026426422665	170
-0.099353323183858	0.919616306808115	51
0.047778503224896	0.523903808546244	51
0.113079262249779	0.288916339205888	51
0.025426747516884	0.546867008578864	51
-0.117274074804525	0.843693097937385	51
0.109931169885543	0.264391814597378	51
0.0000850063916330024	0.624849246993603	223
0.023101280288881	0.37840898877389	223
0.088950141920457	0.251180235732448	223
-0.067064743425373	0.785155352669762	7
0.00147378226664599	0.427628941876194	7
0.077037404986524	0.286195296671901	7
0.010569998227679	0.400148941765944	7
-0.026904171098806	0.572335520367182	7
0.00433355231100499	0.338319756646924	7
0.047261892550226	0.214127000137363	26
0.046101143246171	0.39480062392507	7
-0.041398981394869	0.575366491977134	7
0.054704660590946	0.393159321756672	7
0.035322685726876	0.388502238216167	7
0.122975976083086	0.166868547175322	120
0.114070656568906	0.165952385652219	1
-0.08398157007694	0.790783260723084	1
-0.091461803175451	0.777324819549549	1
0.039161201438178	0.408305540395241	1
0.00322102369440899	0.493703712747031	1
0.099910777245677	0.26641143324915	1
0.0743591643517	0.29931558439726	1
0.119091000553129	0.241010605172195	28
0.108516716424827	0.186459381651129	28
-0.00572813865182598	0.465419279312095	1
0.055729709750061	0.390501820001291	1
-0.099753688824191	0.645123338016264	1
0.121578993873214	0.226608441835558	1
-0.067892425057411	0.661673162714755	1
-0.019317337233413	0.578122155240171	199
0.000703066058128005	0.429390603469298	199
0.068533080063401	0.291861238318211	4
0.049510019641466	0.750822717240673	51
0.092110206711499	0.531480163186241	51
0.116920276969879	0.458098535149838	51
-0.019677961868112	1.15927479241832	51
0.098582924297363	0.455123149932797	51
0.094425143235775	0.353246039694166	51
0.049424522388003	0.525568158604415	51
-0.084199154371322	0.877782678833753	51
0.017006603222079	0.13320610250308	57
0.044304190531564	0.480325410051227	51
0.00858463192891901	0.600392235343071	478
0.123003338927228	0.185472316097766	223
0.08756586684164	0.359425309511088	223
-0.000350714902015992	0.46544468005533	223
-0.024224985358734	0.564929615172192	51
-0.118719111523266	0.737303390805568	7
0.013390165220077	0.348075008412747	7
0.029689689942786	0.346530803006378	7
-0.092537282893641	0.749251954478104	7
-0.022517341412585	0.573953714337904	7
-0.021460795449369	0.570943222107321	7
-0.029760369389126	0.550905690083217	7
0.031260253822163	0.504543625218681	7
-0.05606134828198	0.454012561238122	7
0.02842067310215	0.258893557838368	26
0.120098593838724	0.229692826672992	7
0.067774654613275	0.203357580727321	7
-0.063659682860054	0.449677427175043	7
0.102232900235556	0.216241348663727	120
-0.074833517885531	0.579954741517322	120
0.00419708153646201	0.338560282632649	120
0.035703641481172	0.356472825805045	1
0.050140825821314	0.254730422546133	1
0.113734317501412	0.166376898225136	1
-0.045778455654066	0.653311286183831	1
0.040694123163754	0.422506884935769	1
0.121830298744948	0.236708997185733	1
0.00681348714886501	0.557467625583355	4
-0.110859832212648	0.809921133614878	1
0.107531923266014	0.194325198764205	1
0.108650324888246	0.21984468699878	1
-0.035074250335836	0.770685345503838	1
-0.098815825331522	0.642728594084933	1
0.115769642114722	0.195497068702525	28
-0.02435790029882	0.349606712000598	28
0.00232621068854799	0.274859724353412	4
0.000376589244838993	0.331303086534327	4
-0.00318946734447501	0.530070304991853	1
-0.025362986519197	0.393507249680225	4
0.109401439513051	0.243079096518207	199
0.04242946586197	0.304780142909326	199
-0.113132372227978	0.931270575497832	4
-0.094080393812258	0.546419101077212	4
0.065879624253765	0.667014452227671	51
-0.00380722253988602	0.773044265940622	51
0.111075523740817	0.511936176881449	51
-0.106931210896293	0.864037593593641	51
-0.001463418853205	0.773668924496102	51
0.122399102464512	0.323444809865396	51
0.096942448616184	0.194486598365835	51
-0.106197987353194	0.223778990189614	57
0.041374699793412	0.438281703040792	170
0.05442558895014	0.361083973898959	170
0.064919308351689	0.37750446540047	51
-0.025655856217254	0.435318826588192	51
0.078995401187672	0.340476064408976	478
0.026477857170929	0.481296725075236	478
0.074985052755572	0.305538463164043	478
0.009321834097651	0.38974383550131	478
-0.072451216674117	0.477504827018364	478
0.04736280447021	0.346065600908515	223
0.121743336336958	0.16875453254229	223
-0.10461795674935	0.671082331652756	7
0.0991787799216	0.18427642415529	7
0.067898075446248	0.231563978401087	7
-0.004032411369015	0.520212610171717	7
0.045372331906166	0.340549615683961	7
0.089090360755657	0.293752589343224	7
0.119921854025111	0.145866817154597	7
0.00566099886458099	0.456266982813589	7
0.110576787764229	0.177077899581854	7
-0.017501477631262	0.683249499395136	7
0.047992259760237	0.431733095188098	7
-0.049670856207938	0.800108296235245	7
-0.035153852993458	0.757381822108102	7
0.094680019331701	0.295333486349657	7
-0.083446606955874	0.478217385412212	7
-0.019808880772303	0.251878445440792	7
-0.057859725052602	0.487311368035414	26
0.026907085857255	0.260994909357482	7
0.067363792648467	0.241273253838058	7
0.05383888705596	0.288445000852706	7
0.030608466548526	0.268340828317516	7
0.00676860838023799	0.395200863784243	1
-0.04340265074663	0.290438976801785	1
-0.110603800891062	0.843561064751618	1
-0.021644616647843	0.749893407425331	1
0.099961491270722	0.324431143196987	1
0.096466094837262	0.252939634634245	4
0.106648148977004	0.235206712408742	4
0.107567234978961	0.252244860418178	1
0.095252212901569	0.282328572720623	1
0.113046557190363	0.137894106501198	1
-0.020582464191981	0.480342872320674	1
0.053513239404309	0.396071866825836	1
-0.1174928337373	0.361521206473091	4
0.045438688608582	0.359846255311731	1
0.032983158085779	0.466624952925677	1
0.115836336412377	0.231906547705778	199
0.10485779493777	0.484989841410387	51
-0.009482521517505	1.16657875320579	51
0.117570450487705	0.43521280525362	51
0.051575855792143	0.626611016202121	51
-0.081676104200089	1.46989457343414	51
0.110350119131455	0.402514382184994	51
-0.054642574775835	1.1181285567766	51
-0.011533168680257	1.05056889953553	51
0.00150206389386701	0.792006044353387	51
0.116220564201498	0.271960843252218	51
-0.080402413263162	0.689881379503288	51
0.057972716115476	0.309164604746539	57
0.01533579489762	0.13424036149392	57
-0.055949233197992	0.372726932624749	170
0.019142722593144	0.450446520813592	170
0.116775425211847	0.212551449265315	478
0.029927238834383	0.334598756168666	51
0.063147390003687	0.382102650080377	31
0.113862633302494	0.198792572982781	223
0.029080156550718	0.336229540736747	223
0.068356256767487	0.275070035874225	7
0.113947702581062	0.198638750126088	7
-0.068803738336599	0.615671967947212	7
-0.089600566290764	0.641301636796214	7
-0.022835387295654	0.574690417599163	7
0.107878692649522	0.22125909426798	7
-0.04081892011201	0.653047121053493	7
0.041237550608708	0.464340410552433	7
0.016674944319451	0.422985506109443	7
0.055826818973222	0.294556969030344	7
0.11897261874868	0.178726546619032	7
0.084181740733902	0.295464362987445	7
0.00430224322613901	0.434328650929046	7
0.08905377695427	0.2509814335811	7
-0.094803665858873	0.476703120325103	7
0.001764644928471	0.485462134826752	1
0.067922330577113	0.212974345610528	1
-0.110323738654461	0.479473364179798	1
0.082471076939084	0.228844597168142	1
0.055690615005661	0.340918594183824	1
0.079992239740488	0.35070002112837	1
0.061385512758768	0.408757869272429	1
0.090948749717281	0.159924140328106	1
0.057833573057315	0.327345188028106	1
-0.043868809000963	0.42060099276518	4
0.120428618568037	0.229003883464135	1
0.048626988833304	0.397041544617074	1
0.106370065053505	0.260106332901757	1
-0.00325996667545497	0.472879464916453	4
0.107903237422751	0.227086010903856	199
0.092010398463138	0.688461820526514	51
0.110679347639611	0.528421412740079	51
0.116449658027246	0.390838156141076	51
0.014745134593649	0.830426929017315	51
0.116572431363516	0.423492482859966	51
-0.027611302579817	1.00571608690419	51
0.077135389710662	0.402493655166197	51
0.053663539499193	0.549863646238709	51
-0.095617623099386	0.669862251967529	51
-0.061396903942841	0.555903845534403	57
-0.106330217557775	0.223857152512449	57
0.068047607856966	0.192862664734578	170
0.04634385548067	0.505826185816939	51
0.04183143843415	0.437007214765977	51
-0.021000824965291	0.650267521370431	478
0.016890143619277	0.422415687909903	478
0.067138244106707	0.268476502604205	223
-0.030248166166171	0.47087749614072	7
-0.056430376263581	0.591065645413392	7
-0.112400599331673	0.705775560814621	7
0.011047908907476	0.466521590164955	7
0.084582612982224	0.281003503945753	7
0.082456958831312	0.228850172601603	7
-0.072451589690076	0.732165607151102	7
0.114357869913829	0.244714044586881	7
-0.097799860040319	0.363168622851488	7
-0.029739616624518	0.42700660011906	7
0.065503718132413	0.306423582662826	7
0.081402562809655	0.230597368448817	7
-0.10884889634992	0.477112527392968	7
-0.097080231539265	0.442202389846157	120
0.116652978036029	0.230194622431347	1
0.010447719366522	0.293014009019802	1
-0.107632165887007	0.641591079230666	1
-0.109099821541445	0.477537739875942	1
0.077525724105447	0.323981081968207	1
0.106773110739505	0.229276424232998	1
-0.093394672759242	0.844750078130362	1
-0.052822238143304	0.733193973834374	1
0.066416339825707	0.304558031034434	1
-0.060587846765846	0.412800222915311	1
-0.098777242484649	0.642837851819084	1
0.010123899636366	0.457098719496034	1
-0.056765227890576	0.48499415081403	1
0.050672734760435	0.232374849441367	1
0.019226813341015	0.229682024112197	1
-0.023295549099648	0.302662190185144	1
-0.078999296383413	0.792117798739111	1
0.117362685934868	0.228670674322463	1
0.046451092357548	0.348050393205323	1
0.02546763311876	0.407058429995664	199
0.120446831362164	0.50688115129868	51
0.047314326906753	0.675470199558687	51
0.103825443842747	0.562933096016096	51
-0.092202138106586	1.49297512010831	51
0.00868801804612901	0.993496220118266	51
0.055226296156788	0.690252590629823	51
-0.030381465431465	0.745156654534832	51
0.02704469058513	0.867063031600077	51
-0.025909589729153	1.21110849248874	51
0.079577078343376	0.558756232269734	51
-0.012006397314411	0.0948617156035156	57
0.120623899247854	0.0896632600486989	57
-0.02945215510427	0.469132918215145	170
0.027385662047857	0.413221477581795	51
0.071620886381047	0.35621407625764	51
-0.115977446671867	0.545140230525111	223
0.056623438265697	0.302553634180053	223
-0.107593615048769	0.641084712277469	7
0.081983573880692	0.213781540741865	7
0.074163989723306	0.314697133052807	7
0.092019506019198	0.23116391986163	7
-0.049286386456099	0.487696978520928	7
-0.00938659378691198	0.509117178428342	7
-0.092085817539124	0.577573281542919	7
0.115127256291157	0.233347796640162	7
0.110389232492217	0.258400204242778	7
0.00802540779406399	0.462510586191922	7
-0.053545141364656	0.775639659091786	7
-0.065166526239444	0.913093212320018	7
-0.047978900708836	0.239825017791658	7
0.081531712572898	0.214452700581272	26
0.111156236991164	0.140074580797588	7
-0.04346117479356	0.419792775787862	7
0.00561611683202401	0.521503482460012	7
0.065394990461151	0.253326220527839	7
-0.031544357234246	0.245495404602179	7
0.014046610610048	0.220932660128352	7
0.09370519165321	0.22103555957481	7
0.085076464275728	0.272932586202566	7
-0.048966810134157	0.788806045243519	1
-0.076337702515285	0.726319158347376	4
0.116022357519526	0.236295802258436	1
0.047326963400523	0.225834460943785	1
-0.031646621697219	0.245571480295709	1
-0.015389928230582	0.195595538705683	1
0.124356398011226	0.253697426388715	1
0.124701642028	0.11174385839304	4
-0.06849655866642	0.370017505681177	4
-0.064264562735878	0.592817204564662	4
0.09364426669155	0.291863306941609	199
-0.00677543986377999	1.06028294384105	51
0.09103802214621	0.473025828963263	51
0.013502813215971	0.943600048706006	51
0.047181088439123	0.820774816420733	51
0.099763652331352	0.515705045418454	51
0.110598991980475	0.374900321137203	51
0.06420162470936	0.539079117083568	51
-0.077795355651046	0.942729296909022	51
0.119396235047029	0.327491359659885	51
-0.042846775267554	1.28481589414153	51
0.093476936945515	0.265340706796945	170
0.11802695691502	0.204950099010213	51
0.05689789839719	0.371653470192493	51
-0.027143459358234	0.595197480112119	51
0.122115211329359	0.20953515963476	51
0.075840060679328	0.318027087578348	223
0.065433214923711	0.280404583803873	7
0.054034991461783	0.278170423209667	359
-0.025507613889688	0.516237260567698	7
0.08090042604759	0.255412368589988	7
-0.095563631491507	0.439790607429708	7
-0.073901203009924	0.512385316473458	7
0.05441167071578	0.267634961714482	7
-0.103767726932636	0.668867484272025	7
-0.0132228652162	0.362899543481429	7
0.119458893373257	0.214645812568417	7
-0.087006368116344	0.811842473793221	7
0.107946231069438	0.273964173480471	7
-0.00693292439448501	0.63259154858351	7
-0.120070806902738	0.866140371490412	7
0.101580000768584	0.173874570176295	7
0.019269352988407	0.305589153868206	7
0.120635950875019	0.144974201131399	7
0.049441187587394	0.255813104460755	7
-0.050201410365712	0.331644167216501	7
0.06503410333691	0.262987586511251	262
0.068215835601097	0.192665334670941	1
0.015377525907428	0.414234708499546	1
0.104044234027639	0.270574946382172	1
0.026572543362062	0.543115688974131	1
0.023957243119496	0.468770398953248	4
0.100594750157563	0.182223017975472	1
0.015368777176223	0.487945221740325	1
-0.056674318951391	0.373867906101791	1
0.027058831760481	0.403290445470848	1
-0.092833750455315	0.781870319598799	4
0.074537365593824	0.321119191511883	199
0.119192460145044	0.202837756140529	199
-0.026504238982494	1.42588001506266	51
0.097474305747876	0.583166780842035	51
-0.046402415371356	1.42366691252268	51
0.064337515072581	0.71029492666128	51
-0.015907487769057	1.14266931274433	51
0.105081868202338	0.457540751691477	51
0.084388551144534	0.49816922119298	51
-0.031125010401763	0.926472309835166	51
0.011762999267469	0.620086735342539	51
0.097822168216161	0.355527579102337	51
0.020315815377476	0.514118548694134	51
0.100261007082155	0.259865458058243	51
-0.101019738031	0.278864187509669	408
-0.046911002115657	0.528893414997632	170
-0.043518566637084	0.819594133137727	170
0.098157563023195	0.339584081537886	170
-0.083192664240048	0.817075642045061	51
-0.061004106673674	0.862118732547151	40
0.038528390656751	0.486056488631562	51
-0.049012307426529	0.458349158500679	51
-0.076351493016565	0.550871260348264	221
0.11190398195238	0.255035835595709	223
0.074211464998045	0.335887816745774	31
-0.079730512973438	0.804454093646197	31
-0.039140442493936	0.662402278146598	31
-0.053626177209541	0.601296975929219	7
-0.124981133460641	0.729304833936713	7
-0.11745380844089	0.640794687093097	7
-0.076042904468105	0.582870125431725	7
0.121327598965401	0.144072913495756	7
0.00838787991913001	0.461543518080407	7
0.041879190640632	0.305807330227222	7
0.083591902561911	0.28305098416607	7
0.12376123363797	0.2015405121519	7
0.03635879558601	0.365679087490653	7
0.078682222671526	0.321351376881735	7
0.027663476968461	0.422955677572476	7
-0.067307253098939	0.550412934545145	7
0.098750986612351	0.191787753843315	7
0.104164042873356	0.240217753178339	7
-0.00993271229423198	0.31745119397425	1
0.120647385102679	0.212387006039646	1
0.112908710136125	0.273681420076392	1
0.021603581440889	0.475072219417456	1
0.00273610275189001	0.547744953348435	1
0.036443441524646	0.465996122957178	1
0.123915597088445	0.183952383098263	1
0.019383374547834	0.438951464143745	1
-0.097926472490021	0.74499071553069	1
0.00296818990935099	0.4374657124949	1
0.057724780869695	0.300212419429861	1
-0.084372270239274	0.649015918017019	1
0.036416590575467	0.405628322516413	1
-0.066906955920482	0.367774364294819	1
-0.00639740406203199	0.327644048543705	1
0.072385976723869	0.326084168803449	4
0.06417430436558	0.349584769040753	4
-0.059927176108164	0.628638125391516	199
-0.097566873700943	0.675361819007535	199
-0.002778144348768	0.372822600936691	199
0.05853692480336	0.759312532921859	51
0.043267236740893	0.85470375494679	51
0.019284221986433	0.977598458858906	51
0.049157137409495	0.714800400949369	51
0.019046860507718	0.678134451367136	51
0.075007181907685	0.421322959201887	51
0.11155077552306	0.436310172758369	51
-0.001689338222916	0.494334890470706	51
0.116729448261353	0.234824255683694	51
0.052336055984155	0.281076120770807	51
0.011451529177631	0.56370080598535	221
0.019799009072391	0.526038345764697	221
0.085146796666531	0.272797464127326	31
0.039602528032465	0.425396767448077	31
0.099128862725664	0.241352233066017	7
0.036385485399175	0.293637446332896	7
0.078762062337831	0.275080499418786	7
0.116434849667001	0.235448856439555	7
0.054533968534354	0.360834979650899	7
0.031381756254128	0.343239305891601	7
0.010017591447552	0.401297370841629	7
0.036486974140677	0.385846160658868	7
0.00597245699312901	0.549172806182754	7
-0.090880243664675	0.644870662603776	7
0.103775774478775	0.240979264580291	7
0.033322140347234	0.465861145871653	7
0.023366885626767	0.389486724785133	7
0.123977516149454	0.201140938876611	7
-0.050703648391851	0.566045954064989	7
-0.030579464030894	0.663031834921671	77
-0.014823927259003	0.404436520064579	7
-0.063567774324447	0.449506238455645	7
-0.00126056382080197	0.480729519499614	7
-0.083469518543247	0.511800989954164	262
0.000690862236455009	0.380225380482094	262
0.045944746770185	0.349152523593652	1
0.031877163163149	0.50262310346479	1
0.109743896995634	0.223515860585976	1
0.054684181035092	0.40100077142344	1
0.095676921118656	0.260770312710343	1
0.023931786993742	0.321911061444505	1
0.005272781615099	0.457180465937849	4
-0.00382131827429699	0.519602377508339	4
0.102762959239137	0.215345310573695	4
0.094136302914572	0.257560010533032	4
0.101716748338254	0.256831750709578	199
0.095733154826019	0.609075691363767	51
0.044564288564747	0.710214282702759	51
0.038733398765185	0.813225837172009	51
-0.027795892466984	1.03107587058619	51
-0.097764713386547	1.09254241413205	51
-0.004454043562926	0.606196366216714	170
0.068853424369572	0.397871385761247	170
0.023697492726367	0.514301182436993	221
-0.022090949234037	0.640991074459149	221
0.037087576977426	0.490366555773523	221
-0.112225786023991	0.861133422245441	31
0.04157196415875	0.295486164620606	31
0.01205350196555	0.409519841925472	31
-0.00232193558420901	0.422401539131595	7
-0.099404720997007	0.782491863483237	7
-0.074544902569699	0.482009765296517	7
0.067850218790587	0.240450480891607	7
0.066733822327738	0.303879361466772	31
-0.026498236387542	0.47841193839592	7
0.065836700024218	0.297131142318777	7
0.113927848335562	0.217907986353635	7
-0.034359966330809	0.547682143233338	7
0.022060717829953	0.380697129154312	7
0.00591336137774801	0.455663679817713	7
0.031390783281217	0.45261611112062	7
-0.044527371725707	0.688196223458355	77
0.038063149506825	0.487487826076159	77
0.00466700491785599	0.286767054215296	7
0.104785994794155	0.238984825862195	7
0.099087672694735	0.184412512368856	7
0.032205574520171	0.352797422155621	7
0.010718689436542	0.353110115500845	262
0.111549866424021	0.250872435713233	1
-0.099086468566044	0.813584894896414	1
-0.077990221661874	0.844133358137968	1
0.013559842824857	0.471074512081322	1
0.070779388947751	0.358336691688021	1
0.030784184221325	0.444742444403297	1
0.097862308568752	0.243804769682432	1
-0.040789382696468	0.629330634581616	1
0.092446427233216	0.300518452371093	1
-0.074990121870482	0.547694560078004	1
0.056326764074654	0.303125258314046	1
0.083995631681173	0.202833776127472	1
0.078384597132841	0.322040630225768	4
-0.052869686511311	0.599227556932966	4
0.09324035976536	0.678641271999101	51
0.012117149023671	0.795958844092701	51
0.056435869783346	0.514050768873186	51
0.089407537232994	0.528467384756686	51
-0.024097711905891	0.667954966780993	51
0.097929866803755	0.243674363777586	51
0.012504809908401	0.408529740699288	51
-0.091265458636987	0.645874906373201	51
0.01789802918537	0.365058863500419	51
0.070336950128815	0.169561895494983	170
0.083374786420815	0.386266879216009	170
0.117246003432753	0.306683387616295	170
0.000158356653744002	0.573407632940364	40
-0.00576661250217397	0.363958316879717	40
-0.034103436100022	0.731944496136754	40
0.081304419977765	0.321785974927445	40
-0.060976859265678	0.413478795036375	221
0.031599275731236	0.634717914244427	221
-0.091204877858521	0.57541258416825	31
0.013048107832876	0.361746671984845	31
0.028277951077743	0.325822287773339	31
0.083263112600437	0.227426425196511	7
-0.080645725706479	0.364562657355435	7
0.011021937307692	0.477855304511848	7
0.071782835915922	0.157622004580011	7
-0.086570711544953	0.925928743621843	7
-0.052753418284007	0.598903425112604	7
0.124487880563137	0.211511583097192	7
-0.105091208976889	0.509625181317387	7
0.061849152427394	0.457317044502153	7
0.098183137896145	0.243179080893113	7
0.096272830157512	0.423839739888532	77
0.08050115559033	0.240210689634702	7
0.044595516841631	0.192891951275911	7
0.124596761807398	0.111846489491177	7
0.010876645820807	0.466976102252203	7
0.056093736158397	0.303580966308372	7
-0.075884187575427	0.614686350599709	7
0.042959920033497	0.194701382543378	7
0.082342177764658	0.22110878953085	7
-0.064083675818281	0.450422548627199	7
0.027235432805901	0.247303039096626	1
0.042672930206585	0.554063742224219	1
0.071834315403821	0.355558748264897	1
-0.032526544887764	0.390037969704881	1
-0.064659083327794	0.594104436703053	1
0.08665077000021	0.395652450515857	1
0.103166494265339	0.305719891730638	1
-0.120990584993377	1.0659234171603	199
0.082594027009565	0.752120882367471	51
0.051898307297799	0.868806968546454	51
0.079991551988976	0.699683568101587	51
0.061325262357601	0.799877450971311	51
-0.106107671509318	2.05240424213929	51
0.019001496400061	0.874183085690998	51
0.063041584210614	0.871286962340792	51
-0.019488556836252	0.690429230764953	51
0.025175328816912	0.396780899502622	51
-0.118428751823612	0.895390795371137	51
0.118828387106661	0.12451862574511	408
0.089580129311162	0.249994795390396	170
0.079212095989699	0.398819514579265	170
0.060180832440727	0.500957712471941	170
-0.034704020837174	0.938446836195539	40
0.106814773640747	0.308114255967806	40
0.122576379634515	0.276025589440692	40
0.083966981934994	0.349031127035865	40
-0.05605825927487	0.372911684835117	221
-0.00320126662593701	0.485516768611169	31
0.07867351515536	0.28283421987811	31
-0.036949772298977	0.424684360356884	7
0.12492133735408	0.133449338161571	31
0.026981954719768	0.403516363935557	31
0.110897230423006	0.257297119009092	7
0.044038038615307	0.322887536500214	7
0.112356502240287	0.207244342404316	7
-0.099798457668221	0.858925912841231	7
0.114376531397135	0.289967039162268	7
-0.116289308956456	0.80483237242021	7
-0.016073408078237	0.690419856333343	77
-0.018940124727826	0.62335603476462	77
0.112053882521259	0.139088369186965	7
0.077187239849589	0.270270864152468	7
0.105066105478676	0.263000970583186	7
0.032297507448903	0.277830770391466	7
0.046377564387578	0.328418695413626	106
0.013807120355458	0.417759695624423	7
-0.00340675558411901	0.26645678573298	7
-0.063593354369447	0.449530094076894	7
-0.012357006886689	0.503409700653866	7
0.040493197305097	0.431933478012061	7
0.0700317466507	0.19037046434914	262
-0.123394544396205	0.973054522011682	4
0.069227855394115	0.191391175351082	1
0.042938303374761	0.492742452824444	1
-0.039033042496948	0.779955790480541	1
-0.057384608887413	0.79859215947426	395
0.08964954470305	0.242642718189785	395
0.078924030821456	0.251038298442711	395
-0.073596481694296	0.941921382846108	4
0.058222792378248	0.876971029784976	51
0.102396752710039	0.3744424807534	51
0.055014381098523	0.91897402273096	51
0.052896005185315	0.888981828121578	51
0.104260769648195	0.548796028229877	51
0.069455307618681	0.708603860173325	51
0.049240290520056	0.629436868641539	51
0.027833125144583	0.422580673010582	170
0.12358080329852	0.341016613328047	40
0.101810030825068	0.381071308778963	40
0.087066575737048	0.429218994565715	40
-0.019415592505709	0.358052250274037	40
0.08828026816808	0.0800928208482288	221
-0.075138914381273	0.515160228574139	31
0.090345596336393	0.340384012998181	31
-0.00870161582006701	0.709808129983146	31
0.11431149259429	0.285603103454885	7
0.035737714766157	0.467993541589904	7
0.103592370958389	0.247137106942183	7
0.115411331908517	0.215179380053252	7
0.064870001365634	0.340206982775669	7
-0.118751865600623	0.930775214039116	7
0.077699606148769	0.292229308914732	31
-0.00248148540076298	0.372244522917986	7
0.021745126371257	0.454312685057569	7
0.080384028436015	0.248470171209686	7
0.115790323157068	0.195450785938691	7
0.080021076785164	0.37814728637065	7
-0.04925082649194	0.487674931672389	77
0.00192235504840099	0.439815623685268	77
0.099337338351156	0.234568463623574	7
-0.051211402588317	0.637789188625454	7
-0.013216107183605	0.585702642686484	7
0.11466684484822	0.255547149190701	7
-0.103150798876155	0.839282102887262	7
0.107717723506365	0.274504827273208	7
0.024992124956953	0.538880282433509	262
0.068228648320613	0.316857703325323	7
-0.121371307025271	0.514668350918497	4
-0.068079441823446	0.735386334742075	1
0.078540726084787	0.33504759038286	4
-0.025495983966629	0.476304450431454	1
0.119146963492807	0.236334345697831	1
0.00768058359250201	0.393307791508355	1
0.102255785915007	0.318249207525812	1
-0.00320033115226798	0.472619986969378	1
0.112046662249278	0.207824095340207	1
0.116438395691261	0.230660943657952	1
-0.016164465832788	0.775621475419301	1
0.000509201810319993	0.331081357837094	1
-0.03109739571383	0.294671079457039	4
-0.00701629043765101	0.742653683509276	395
0.121643377677028	0.30498289552058	4
-0.03432209379208	0.547606232501562	4
-0.074463844752479	0.766406804234743	4
0.033084010797213	0.466545615720458	4
-0.032100049964675	1.56824504226684	51
0.000367939417422997	1.3203581800024	51
0.108885658446205	0.537394944472453	51
-0.055441626158134	1.29208839916049	51
0.075090418735992	0.40863959571561	170
0.088990489526837	0.509309333814855	40
-0.062398161486663	0.326727977392526	40
-0.055804629861198	0.372500824049519	40
0.087485406878286	0.261127856081773	31
0.0520550626415	0.497456443337738	258
0.057854631481272	0.481293213803316	7
0.079689487564254	0.338738248945109	7
0.046283885524904	0.338639140057194	7
0.012526899664559	0.22255474382974	7
0.02594275244618	0.249091346941805	7
-0.00467851078100001	0.636372770466685	7
0.036182077197801	0.484426555476568	7
0.004265598750958	0.33844529424869	77
0.105551711963854	0.197548128274221	77
0.05491392823828	0.342629927729221	77
0.040464544925289	0.4049406236148	77
0.091739916854921	0.231683385674133	7
0.054116132801366	0.297695954600674	7
0.095319604829908	0.255231702853614	7
0.075896538580262	0.303442947647147	7
0.066338588728991	0.312919591307419	7
0.054006951610599	0.362033951982082	7
0.095874020255619	0.280974545135973	7
-0.089407913720416	0.994916465817799	7
0.028397629370322	0.400162465345428	7
0.121699041350847	0.230780731944552	7
0.072907406206985	0.339085082682156	7
0.05612466503923	0.435639677497291	7
-0.118038038964554	0.92835140695637	7
0.112629625788557	0.167949064192961	7
-0.019993120377166	0.252063602096528	7
0.019525927045616	0.229289695045684	7
0.090037331764678	0.169694432215073	7
0.047852354809526	0.236587244046644	7
-0.029130058924432	0.50977817046948	1
0.001088441124701	0.428514796966044	1
0.122644868457085	0.167390270662594	1
-0.057067263568083	0.485578150589156	1
0.117741412819407	0.227966512328394	1
-0.084859199497479	0.682826740651724	1
0.06433027689634	0.44939924441448	1
0.039917605710298	0.53194132128894	1
0.098529951683124	0.338564811182182	395
0.01245512664535	0.420804473868026	4
0.032061494059914	0.34190158007905	4
0.01113987287547	0.29199032082582	4
0.116017048027635	0.214007077345346	51
0.092054538015833	0.424682141562989	40
-0.023989183396686	0.790901216033374	40
0.097947713065858	0.443639740264282	40
0.117206803127572	0.265087890509172	40
0.108010029219946	0.151063516814484	40
0.067153090581673	0.193948099475144	40
-0.048889471677162	0.381612245495409	40
-0.022741813849194	0.485432395248634	40
-0.000778433363489983	0.605301937205237	258
-0.049798192465215	0.714362926865856	7
0.091190085131629	0.332460874285723	7
0.026750419431862	0.480466467355589	7
0.123355532116307	0.233419162157608	7
-0.081749038110969	0.754252210162788	7
0.02585589555055	0.483124453573315	31
0.067663707587847	0.3101552545793	31
0.099010853931228	0.241572757953883	31
-0.00572266042256298	0.512289391733208	7
0.078616469200179	0.26756364511828	7
0.057882994293118	0.290557432172135	7
0.120411792285472	0.195311289754375	7
0.054981146384553	0.368027501531503	7
0.097235485333763	0.278032842300958	7
0.021805339882413	0.510270713694746	7
0.056388200700501	0.380847580478576	7
0.121276993907276	0.169465921230633	7
-0.003316264493057	0.205816179391744	7
-0.011797698428059	0.320315149563632	7
-0.073421602943961	0.479773959009567	7
0.038568505406627	0.419021060097776	7
0.067693823344145	0.240718518404889	77
0.063201997061801	0.344044013994577	77
0.019084777187178	0.439740865757108	7
0.098183137896145	0.243179080893113	7
-0.090374468814383	0.608798216899971	7
0.056506947837086	0.293250258452599	7
0.120986438261565	0.227802195398215	7
0.114688381744754	0.239218207675776	7
0.049756074938657	0.418994717211951	7
0.05094623138168	0.423734788951754	7
0.094642442040991	0.212264402450901	7
0.05355490367775	0.379844231109114	1
0.092189729669152	0.274438584824499	1
0.00507366229230299	0.500356233192276	1
-0.017162698824427	0.584853984570691	1
-0.085381330098024	0.715859755423588	1
0.020246483062836	0.372512001598758	1
-0.038145623329685	0.582379455704888	1
-0.071174637499198	0.826141899339248	1
0.105599989408192	0.261821211640331	1
0.00761712772662701	0.526853091728443	1
0.06676578434556	0.358067421067568	1
-0.027798033677103	0.397763167565069	1
-0.0914303446213	0.680423280002135	443
0.098986981915662	0.292916461935376	395
0.070571843529907	0.337500134738435	4
0.070812179839323	0.385553409936117	4
-0.00855750642686898	0.607629695602083	40
0.10370240290101	0.246928056258382	40
-0.081289607041007	0.54037738425495	40
-0.086885091203283	0.781756161836732	40
0.023777124545809	0.238229251323055	40
0.099855867477661	0.23353701461861	31
0.00736416475374399	0.393941286009877	258
-0.016716512485111	0.485976500333151	258
0.069332484918231	0.255667317992066	7
-0.025287810222351	0.351182017525518	7
-0.073460595454784	0.871406968590888	7
0.013754753518659	0.530173426414651	7
0.072219984797274	0.37501626478874	7
-0.031828590903854	0.688572983741359	7
-0.083915179779565	0.546482483416306	7
0.043475028793131	0.334277031065849	7
0.066788189995796	0.303812984583364	7
-0.069678488710568	0.555903865227085	77
-0.041674299162418	0.655734427037495	77
0.074235260828923	0.335811060538129	77
0.112106229492048	0.22690158577623	77
-0.011621065136066	0.501488230071286	7
-0.08277062169454	0.611623559266996	7
-0.011445087188187	0.501058936124284	7
0.067522141329252	0.203693734208752	7
0.117678442945513	0.15495195088379	7
0.022446164795243	0.37988070233391	7
-0.121447513446328	0.610073040238535	7
-0.073355632725709	0.762830177230877	7
0.046075463463624	0.385796130700345	4
0.119264530603468	0.220024225729559	4
0.047199313453507	0.400636402746792	1
0.080264664006282	0.25654574813778	1
0.017945063866177	0.431383339830413	1
0.050561387972748	0.264124241310286	1
0.073510429862659	0.316215406304117	1
-0.005663674907603	0.465444785917297	1
0.066514008293716	0.278466812337599	1
0.069418741611242	0.339989814427711	1
0.031372275544429	0.279233732907032	1
0.08727970763073	0.310305825262518	1
-0.00855196930944702	0.4584689656655	443
0.033488057309158	0.275975767558893	395
0.045607361415474	0.329998571507301	395
0.02206203311394	0.55359988153465	4
0.053804206458057	0.26868033672818	4
0.060389678428642	0.45196055754814	51
0.119881408527003	0.342928948532921	51
0.055087787425277	0.530223882100128	51
0.00864722914598301	0.572977496717492	40
-0.058188243907261	0.850655345393836	40
-0.11032228189028	0.437952667032101	40
0.006379239824466	0.213610155361741	40
-0.124257406130751	0.672194059105103	40
0.097288172162887	0.244908440831073	7
-0.018362837949418	0.588148394063993	7
0.093695642019895	0.303419603063874	7
0.055112155885725	0.438557171778595	31
0.064232512285306	0.356974547160295	31
0.07838730682942	0.335424884994773	171
0.077772047824854	0.381969568688783	7
0.048176792384359	0.42321939778098	7
0.037220379636297	0.29226723354941	7
-0.054237017256166	0.450510730856977	7
0.067746214312894	0.240663745902969	77
0.022184048008027	0.543573368823899	77
-0.10255874357461	0.931990548292615	77
0.091219377740398	0.288920012466199	77
-0.093406659511505	0.510085216349687	77
0.118210841137395	0.204615330487804	7
0.088782435869843	0.258584694579003	7
-0.003134178478582	0.583432835876288	7
-0.11235261820319	0.961042067253158	7
0.081687366379286	0.238125105797621	4
-0.005018364878288	0.522951851232353	1
0.00333851186786399	0.54601070557959	1
0.022549157822298	0.379660178776389	1
0.002938494333592	0.437490467308717	1
0.094179504041007	0.290677227087351	1
-0.082570755341586	0.814947580377409	1
0.116287676006789	0.213511956786634	1
-0.089211522258919	0.878366824455596	1
-0.066794954409641	0.658351482312282	1
0.012969178041452	0.349038573263819	4
0.0792352298311	0.333327055935214	1
0.112780567379824	0.200629007967184	443
0.116545877218009	0.188445063973052	443
0.079671130749686	0.24159872118069	443
0.010427462797	0.468034889668455	443
-0.038219453431348	0.541619367161088	395
-0.068609729020799	0.584412197236393	395
-0.00642289761593601	0.467258647507165	395
0.12246609891434	0.220201134208595	4
-0.047964582828178	0.531415052085968	4
0.068680497441701	0.489631604543618	51
0.023720273962877	0.523791249170199	51
-0.078243322774488	0.980831792444526	40
-0.00365501874263202	0.206130977242158	40
0.068617639766183	0.192165917606662	40
-0.109580542399813	1.05803127001215	258
-0.018418622863378	0.686590152928215	258
0.057958800537595	0.384734555211681	258
0.047717526351105	0.407852129069839	7
0.06366453807202	0.343011202002023	31
0.00408622349513399	0.434859313046111	7
0.046701720167638	0.357045095448019	7
0.089162424781943	0.305804223290817	7
0.022465874130813	0.239910232039511	7
-0.073543464304904	0.447593492837362	7
0.087944650006336	0.314794341393586	77
0.070552837916582	0.393130411948369	77
0.063736239645431	0.373229422578941	77
0.029773143545139	0.346349616065907	7
0.056751726051979	0.311649049593426	77
0.092255903344615	0.237890741520241	7
0.116070595139688	0.21393017047924	7
-0.013975374291707	0.588028548659371	7
0.072673552708624	0.325384899130934	7
0.110469781901062	0.263162799630091	7
-0.00274669244982001	0.423244728419227	7
-0.021460795449369	0.570943222107321	7
-0.020386857120019	0.647935990745221	7
0.089584378865331	0.336620112775164	7
-0.094263520146097	0.475651513292199	4
0.052455512833462	0.261087600574021	4
0.038914564140902	0.408932022419796	4
-0.075575718670059	0.752307578922068	4
0.038369073892289	0.419387650103473	1
-0.081131128621184	0.722354138831896	1
-0.041096447844554	0.653693429924082	1
0.079840562240445	0.257404137433223	1
0.086499313458727	0.305868100762889	1
0.104599420206429	0.286938567170022	1
-0.00525766242777398	0.464444217025121	1
-0.043640066899673	0.622481508114494	395
-0.00172327994046001	0.48193645100243	4
0.021716111111444	0.313778528609741	4
-0.056494854075685	0.56263639653874	4
0.04396357476331	0.333299514319741	4
-0.063814564210345	0.7383225856624	40
-0.020174355995521	0.799177442584675	40
0.075027734722156	0.13258042487358	40
0.00649843272262099	0.213486294895401	40
0.038575234185049	0.172914128814343	40
0.096263720517065	0.145456611818692	40
-0.051602771112037	0.86917486631247	31
0.064217002006596	0.436127903242401	258
0.029465075065679	0.542613816654523	258
0.00895545965484102	0.512120815784484	258
-0.100699476060386	0.9247372511098	7
0.014505974185943	0.416059488574018	7
-0.020608887877264	0.581852592359338	7
0.074891457468927	0.132708517974351	7
-0.042614946721453	0.289658896997261	7
0.107270716734152	0.270455704653458	77
0.066127031004703	0.215485122939476	7
-0.019588577781052	0.39832078529377	7
0.083266573795859	0.211836379111223	7
0.047645812296686	0.399549931094121	7
-0.081049861177743	0.780797664430569	7
-0.112999322990524	0.851101458834152	7
0.026390697709278	0.415564613626777	7
-0.074230089422285	0.481380761640821	7
-0.00292277608543101	0.653064563231021	7
-0.050525570617302	0.740904244637873	7
0.110860996806658	0.262274087487879	7
-0.05742485499758	0.286036831763428	4
0.082679401217646	0.284907591475017	4
0.056201047778383	0.321989531514287	1
-0.06002056332925	0.552506133141119	1
-0.079937401223778	0.795228629088768	1
0.00642530413536299	0.508091202605646	1
0.085966786472855	0.325723169539709	1
0.090037962751669	0.291601747523264	1
-0.011410300811567	0.450723253534881	1
-0.042972736083266	0.766102222316796	4
0.111087839757912	0.282834671876222	1
0.092641828272176	0.222862542488858	1
0.065794708485771	0.225555969795227	443
-0.107380272151613	0.474398421599317	443
0.121344055618182	0.169374563423982	4
0.022701775368317	0.324028412158734	4
0.00397122026017599	0.338939593391191	4
0.119787438592759	0.295471077438254	40
0.0110209435051	0.527734375845942	40
0.119081214502028	0.30706820644058	40
-0.040805529325056	1.00488700986245	40
-0.00664228448036402	0.546486008846754	258
0.055845385764235	0.390232096104653	258
0.005974075899458	0.443161790321188	258
-0.068804188999263	0.886456443553918	31
0.118319267323261	0.266710006568348	31
0.121643818525498	0.210464683790922	31
0.047498037053181	0.345765611867036	31
0.00355383297469	0.388376295546909	7
0.067141477877468	0.294637483809938	7
-0.084335360195923	0.681287910219709	7
-0.116851243555978	0.360695262193431	7
0.023620917750734	0.322469821699964	7
0.037794678047615	0.402278145179652	7
-0.058224545837748	0.641237963276802	7
-0.067051518173709	0.758701548712916	7
0.095133691047731	0.294229504621278	7
0.01226982605311	0.350331087557459	7
0.027120033876424	0.424302179711389	7
0.07667176454968	0.30185490061349	7
0.037078472974641	0.37422816098976	7
0.082321537387084	0.299603817021503	7
0.027558975643405	0.327241275348573	7
-0.078980425958195	0.875609204939137	7
0.089890152238385	0.249380003959985	7
-0.015731372180677	0.580463329411009	4
0.072527635572489	0.367520921802376	4
-0.095987920159772	0.400902743653717	4
0.080984762542494	0.255263996734556	4
0.046571874846779	0.366607207416943	1
-0.123534143017457	0.89041321321986	1
-0.057297713675233	0.7076124157382	1
0.066737568036111	0.320189714877877	1
0.084461294144441	0.341634043768304	4
-0.057193063869331	0.707165663414289	4
0.00225915122225401	0.27487452197065	443
-0.078440206556945	0.324211073847962	443
0.00728068098672399	0.556040556634455	4
0.079415701651697	0.34586182390722	4
0.043459472953916	0.457889905258011	40
-0.040808737038305	0.892481730230863	40
0.093037351442394	0.278770487477516	40
0.123429853662534	0.112969311479354	40
0.024619932942584	0.237074407406632	40
-0.040883159267856	0.653182615104519	258
-0.072210731061669	0.65528125942565	258
0.065102887330151	0.331833967546282	258
0.063342277192475	0.343709648053274	258
0.120729846819951	0.194769241646492	31
-0.102271535535423	0.803700521789313	261
-0.061732102944341	0.586419942395669	31
0.096583170594039	0.252705275748072	7
0.004249839128913	0.447138822397138	7
0.047225479000827	0.355860250037428	7
-0.063113161928066	0.665274116719788	7
-0.069637072084109	0.618101944885169	7
-0.080769713064364	0.690957057725896	7
-0.065181320544242	0.483166256365268	7
0.115133558102147	0.190769871909573	7
-0.050583926185064	0.490640102665564	7
0.023832215603083	0.376787321479404	7
0.115546737583231	0.214924586293267	7
0.101086117521697	0.231278363724712	7
0.028657381298646	0.409951051652452	7
-0.068817684216405	0.553899179231465	4
-0.103269454867691	0.739248749754547	4
-0.012221033751481	0.503062294812995	1
-0.016276336875914	0.535076077006328	1
0.053913737836481	0.426504348857155	1
-0.023494852075255	0.611564523919457	1
0.068994006157026	0.290927052385726	4
-0.052102028201529	0.417499944776817	443
0.104332657021555	0.163027183015002	443
0.015323043409667	0.299176529612257	443
0.066671647082822	0.312301839818881	443
0.064766045131644	0.316307201052009	443
0.048374535874641	0.343807287209548	4
-0.06834890296584	0.584097122573169	4
0.108473810615574	0.220184322405232	4
0.038044502890721	0.372164315062506	4
0.040432958759984	0.297591053643445	4
0.102309660929071	0.339775136872108	51
-0.109847610047878	1.19432642608094	40
0.088042729832659	0.260014316785095	40
0.012573614470293	0.473843907008305	40
0.120929126207234	0.227981129926418	40
0.043744047573876	0.302255168866823	40
0.021590052213824	0.520733402892136	40
0.043236561740724	0.206673337384659	40
-0.066651860898324	0.703785105020223	40
0.070933867894293	0.52118427833873	31
-0.03606416712627	0.689229542198255	258
0.104696478553478	0.244877755712564	258
0.07450584023381	0.328209804187594	258
0.113562935936221	0.246492957925126	261
0.035588084692877	0.283979396305593	261
-0.032886769044618	0.502573729883962	7
0.010287257342726	0.400740944278466	7
-0.084833453616714	0.650195333584344	7
0.069785018160293	0.395289637657055	7
0.046114838059105	0.376924523780671	7
-0.034129757237355	0.505709823713587	7
-0.096050854120561	0.83427641390368	7
-0.119100629433932	0.510659174535576	7
-0.098581559263098	0.678125500675736	7
0.124480065552171	0.182988807536172	323
0.036742968217829	0.46511892526967	399
0.067915037820094	0.267095721261773	399
-0.000105783693463979	0.431180581440571	399
0.003193864079233	0.596999265246692	4
0.014127287960715	0.491343732629995	7
0.030014694397972	0.427108688521213	7
0.077232830718931	0.338210598442459	1
0.033696007321071	0.464839492183378	104
-0.041494387861044	0.616207715897992	1
-0.00975130989277201	0.317238177991992	219
0.036486974140677	0.385846160658868	443
-0.055029521127226	0.674951042190257	443
-0.027527789145987	0.596369877393778	443
-0.066536919289668	0.485839579341615	443
0.081237839239573	0.230885003579406	443
-0.093402955452315	0.544991735057081	4
0.030262858188009	0.268863347312248	4
0.067536095282704	0.487276874503468	51
-0.038415966813783	0.881843693132782	40
-0.028196678612263	0.561573051125904	40
-0.106782558691674	1.0345219961121	40
-0.100051312064105	0.645710344135821	40
0.115279995860861	0.254168791977318	40
-0.048584840754704	0.749147318348814	40
-0.034631329523741	0.62569977273483	258
0.00885587412969299	0.460441161882584	258
-0.058733761571188	0.669619364833613	258
0.122555780915266	0.208687987190665	31
0.038263687609775	0.290475679106203	31
-0.00931265346809301	0.554481926011287	261
0.12288027248947	0.238811228820856	7
-0.062244420941529	0.587865898649208	7
0.084336133916916	0.348091844737984	7
0.033956112651911	0.360204332026644	7
0.049906263814299	0.367724984802157	7
0.032411556513424	0.352408400641879	7
-0.052667896216667	0.77240485915909	7
-0.124032281873602	1.05685064580238	7
0.087863217832015	0.315001371275993	7
-0.031568617467522	0.593954123320704	7
-0.061883496668942	0.41484695480589	7
0.107338073786097	0.194720521742273	4
0.096594408182805	0.273567937446207	7
0.070311850582432	0.34531932765487	7
0.070845123634341	0.351139576891508	7
0.028189761885924	0.421692166743797	4
0.077986905924776	0.268750061277868	1
0.052632469955796	0.260840713007437	1
0.082677135289941	0.220557442068396	1
0.030489914468686	0.488474388478599	1
0.039998780854483	0.387253533619066	1
0.121256288015758	0.193841818323064	4
-0.030678606403851	0.386794184600456	219
-0.06700134447244	0.368004814509663	219
0.039583869481209	0.288176545589853	219
-0.073458241498162	0.511696708580642	443
0.077137924263098	0.286004553423043	4
0.090638512141634	0.284082278765417	4
-0.052733844502016	0.598842624130258	4
0.037419724829915	0.498056538183497	51
0.123028574989418	0.256947509078752	40
0.079616179520928	0.338920196955539	40
-0.117253245083525	1.08240789453043	40
0.072052021187812	0.375444681024586	40
0.029310722439628	0.429023675193104	258
0.057340411208082	0.337265338173029	31
-0.00271735855225103	0.528741514754478	261
-0.030399695107563	0.552642423705811	261
-0.103773340403124	0.740770028961067	261
-0.108294881456352	0.6048474876302	261
-0.001410641808542	0.420365271815885	261
0.027832852060244	0.432725203966006	7
0.067063253409736	0.27744586152838	7
0.047305975577145	0.374130153197141	7
-0.060872578699403	0.631162218115839	7
-0.091689664001532	0.646908301729177	7
-0.075349927574193	0.515763917539201	7
-0.064301924008944	0.593053126424229	7
-0.059353548580238	0.520898849917353	77
0.10751857959346	0.200746511755394	77
-0.06275748175561	0.636425570278816	77
-0.063334404758714	0.666128470617116	7
-0.096226164770889	0.635922106181005	7
0.055881709923472	0.303948339815777	7
0.044326841533932	0.322213914110175	4
0.093388176464164	0.321113652863936	7
-0.00642086917206097	0.51413097319236	7
-0.078416673883129	0.732648926300167	4
-0.117676444379322	0.809128066473411	4
0.105390101091085	0.262279397013826	4
-0.062667976132713	0.589005141750124	4
0.090888279451522	0.27719188801238	1
0.056083668274666	0.35722402322203	104
0.107783221745444	0.269264975403256	1
-0.03045451825643	0.697463746467528	1
0.048933043999368	0.246062496851419	219
-0.082028041667959	0.508684148797508	219
0.046429888437043	0.411124551789656	219
0.037325653369419	0.422169867035396	219
0.112262384624968	0.174596143611953	4
0.00054108306054701	0.380524550722681	4
-0.045936392306567	0.526513261294693	4
0.00916978568365001	0.403112968611392	4
-0.071593525271127	0.410122300050614	4
-0.122449571125462	1.11841791507029	40
0.122409029926107	0.224877145359757	40
0.03551985377239	0.576579748315319	40
0.033635766855639	0.455820274454829	40
-0.109537929624534	0.982436466848331	40
-0.100184890706852	0.984170068546165	40
0.018060962052382	0.431090293517625	40
-0.054342677834066	0.738594354284731	40
0.048391211488841	0.39764758111189	40
0.123144384012905	0.185242424873133	40
-0.021565324686815	0.53534808365769	258
-0.056315245794775	0.562227295303363	261
-0.120699380912572	0.608471462308643	261
0.058275108206977	0.326502399557256	261
0.029877085870218	0.427596336660236	7
0.111202294019612	0.21511790813017	7
-0.025931847313807	0.517266734230094	171
0.079670491448801	0.249676524697967	7
0.043973688364166	0.3230386761313	7
-0.018085137768932	0.574219334458731	7
0.017762571331151	0.352612163776592	77
-0.034574561800062	0.548256627380535	7
-0.017483990455687	0.538459492181578	399
0.036010715975599	0.366455500120614	399
-0.039377457207539	0.501194846296742	399
0.053787155698165	0.278642250262215	4
0.021559361732212	0.314052554425397	4
0.053865631807578	0.403227860009436	7
-0.056331321156262	0.590714367438299	4
0.085824609463229	0.278353557251538	1
-0.106526201441411	0.927270882389432	1
0.101725648572904	0.223642367917307	1
-0.080820818683848	0.721602505317173	1
0.06299688571321	0.344529266115669	219
0.064448203651235	0.325190156418386	4
-0.00851329938502499	0.369125403552567	4
-0.076520619798646	0.551218930957706	4
0.036428633496838	0.385875884377946	40
0.089059705352045	0.293830333403019	40
-0.079677266944239	0.822470117797235	40
0.099755438082264	0.330109738959709	40
0.095184309517114	0.204237761069287	31
-0.068765927032066	0.553839251235493	31
-0.00510972901217899	0.596633931741144	31
0.094480201535322	0.295815010603978	31
-0.025032673328387	0.56721084866062	258
0.020367735303567	0.50464939656917	258
-0.118365535529156	0.895197071796435	31
0.055095136891416	0.376107608678388	261
0.062243595657311	0.361850035058073	261
0.011392319613937	0.465434734053839	261
0.008294518226558	0.392011036718109	7
-0.021970663971214	0.483671692782981	7
-0.023358645437666	0.525641193326569	7
-0.08442800803664	0.44485004272801	7
-0.00967102652416202	0.461045868628187	7
-0.120809662852202	0.86865594892838	7
0.094205088865366	0.263872704365902	7
-0.011962180133077	0.45195075061801	7
0.055232323828127	0.359186648992643	399
0.047983140701726	0.247451155735544	7
0.079607529893808	0.257833428892807	4
0.090703243920891	0.240736038655445	4
0.019575250678314	0.459975408433543	1
0.044387109945132	0.332490728966096	1
0.087095240545903	0.2546051724797	1
0.023010988876109	0.378625342029828	1
-0.017692155015229	0.573323711328759	1
0.047136778637205	0.237561803578215	4
0.104138340801786	0.206459886537124	4
-0.069842744000732	0.618714172999942	271
-0.056997704159109	0.485498215267246	271
0.033147694263414	0.361859760574198	271
-0.021852337975167	0.606485572069648	40
0.071370872082816	0.335659428670549	40
0.103491896729705	0.299873465697693	40
0.032601355998412	0.439816932032943	40
-0.00890886554063203	0.553237247058588	40
0.000953600005098004	0.552947443680421	40
0.092037957226072	0.231161308389525	31
0.06785220163344	0.301560080257885	31
0.089683579562739	0.249795436908972	261
0.012670228341822	0.522827624860178	261
0.102847202140394	0.215189578208492	261
0.100071200637969	0.233195127123885	31
0.047692686704121	0.364057826641638	7
-0.048575199220488	0.646154291725798	7
0.064361144622194	0.400535975364443	7
0.047137021088061	0.374520507743652	7
-0.090896340318941	0.71184046002921	7
0.065866384894829	0.215836424479975	7
-0.020648899906732	0.40029185932241	7
0.09728982330514	0.193969171997988	7
-0.045891608790936	0.677585400185514	7
-0.019001931588415	0.542501675673648	7
-0.07551893037793	0.694685530060133	7
0.023714958391143	0.388698281061614	77
0.005795541115755	0.383711693614958	77
-0.00402727983975998	0.425858028586587	7
0.019876655720676	0.516032955057863	7
0.030009777084714	0.489948962181238	7
0.046962065156064	0.383888583257138	7
0.015709969828546	0.487005256804899	399
-0.00467708391333399	0.47635557096304	399
-0.068665762318179	0.663895541881725	7
-0.078056289650848	0.652234084948469	7
0.00816368676082799	0.462181294285883	7
-0.104629085709995	0.707632404391333	7
-0.068694542023707	0.584989211645685	7
0.073376296803338	0.351710520828074	7
0.076816227621684	0.371917340423239	7
-0.00806337509410399	0.457325781992536	4
0.055415765681627	0.304857469752599	4
0.056268993717876	0.356775244210013	4
0.074125212152129	0.336097039354652	4
0.021370820510729	0.37021640796265	4
-0.019246314782741	0.43782388173818	4
0.094478744377847	0.290008691268494	1
0.072797096246653	0.31775478842034	1
0.028928652098017	0.429929296724399	1
-0.12207743550687	0.872880697642967	1
0.011831959161754	0.351156169749751	1
0.069814635382141	0.254788133181433	219
-0.058010473843613	0.487627938291373	219
0.00996095486871201	0.509190133127615	219
0.11082333592585	0.234761982431897	4
-0.011898057150339	0.451837907611615	4
0.080175007405623	0.224451294601518	4
0.045080953685046	0.331046378843077	4
0.022011106540056	0.313277662797688	73
-0.117064475967866	0.807222076968843	271
-0.017836025745603	0.525352687330034	271
0.089615465940196	0.286309242484293	271
0.045636888831516	0.368815616988325	271
-0.018040856075595	0.489274031192997	271
0.085009729702432	0.193227716574822	271
-0.045901643716536	0.777436693593206	51
0.099520406062861	0.320341541466628	40
0.025709756748934	0.63707259259531	40
-0.121154709859724	0.514291250957812	31
-0.046084482885021	0.571313169568944	31
-0.044137409247692	0.710023587594997	31
0.11471421349033	0.260126975798384	31
-0.054276385427313	0.646774784978998	31
0.056259486466917	0.404790094922694	31
0.120390167858997	0.233650011954465	31
0.07240339893826	0.374579519722072	261
0.103359005671253	0.220708477517309	261
-0.00686910678583602	0.602342215878592	7
-0.036626394507511	0.668709850888837	7
0.063485238753752	0.388567996431088	7
-0.017561882081424	0.619067106259554	7
0.112767999133205	0.24824508693055	7
-0.019970465347565	0.399039827923827	7
-0.076861930847765	0.756685309354736	482
-0.034843627705199	0.626366925946896	7
0.107171615056034	0.247731318314981	7
-0.056814802834153	0.637202637794415	7
0.039128381466371	0.417594473760348	7
0.115396916924564	0.262919345081043	399
-0.048221172853152	0.685120172793342	399
-0.074830362698596	0.74982701976648	7
0.00573083650991901	0.4680291880601	7
0.04532480564118	0.330542065225095	7
0.064480156406454	0.38592213455725	4
0.018936932780159	0.45098762330219	4
0.114265612507612	0.198076188183503	4
-0.00745341908713798	0.561310207961611	1
0.077224365269297	0.270187673731088	219
0.079598020129694	0.273376156080423	73
-0.097566873700943	0.675361819007535	271
0.024722041326166	0.397665918973649	271
-0.109294230238017	0.607267462695067	271
0.068884612201249	0.383965983929016	51
0.017365017867563	0.492872711870882	51
0.09410365098014	0.371844772570201	40
-0.108240323782796	0.476039681568281	31
-0.064067705662346	0.511400171938774	31
-0.064413082256724	0.974273097647637	31
-0.006739694444301	0.724425275477116	31
0.055948842207802	0.405600467181727	31
0.01025320228156	0.567912400542926	31
-0.112456488433981	0.97286619215474	31
0.07473574014416	0.306084292505633	31
0.087175631110469	0.310517618523922	7
-0.00608371222599102	0.652894634033687	7
0.035027953495316	0.487843272976875	7
0.037828839961089	0.291244586452354	7
0.025827026009342	0.249223563952692	7
0.072804285683778	0.145948994085072	7
0.03597078147078	0.28335392527572	7
-0.025374318081841	0.351322161087785	7
-0.030210828244111	0.512395709775118	482
0.070550527407969	0.358910558672009	482
-0.023668989936804	0.526299541246071	7
-0.029130058924432	0.50977817046948	7
0.109945584175482	0.290425062184082	399
0.072525271910471	0.332953159913138	399
0.056033245809086	0.397357522466455	4
0.063618259077217	0.366054253269091	4
0.01791607361024	0.231231876479844	7
-0.044068723423011	0.420935256328045	7
0.053027984330208	0.346594469293616	4
0.034548025973479	0.358947317219392	4
-0.033127838693224	0.692847758434911	4
0.10480386349236	0.263564783551407	1
0.072675049210952	0.318038301681726	1
0.063997447073053	0.309361109382052	4
0.007417777229416	0.464028256595042	219
-0.023946706362904	0.667448028115404	219
-0.00357427959595802	0.531143581457332	219
-0.056456482884426	0.373542254550815	4
0.114787529010745	0.216348393357927	4
-0.058265134869115	0.760905525035211	73
-0.03364174133236	0.504554260506766	271
-0.04285908180312	0.536487426541223	271
-0.068509626497856	0.859345233974908	51
0.058813790234548	0.624787184963007	40
0.0000805196679609932	0.501944406759625	31
0.094400926301112	0.312959243292361	31
0.055232323828127	0.359186648992643	31
-0.105195046276582	0.813368199367082	31
0.035839680406373	0.366774490783235	31
-0.074962890403172	0.693063488244011	31
0.086339439995193	0.336806922315095	261
0.00625173666536699	0.508606795101016	261
0.063965119620924	0.372642527387335	261
0.057688321923707	0.39322979280264	7
0.017229472291668	0.444260748038567	7
0.09574535088048	0.287132876949579	7
0.092707155046647	0.273284156316741	7
0.046933247877188	0.426615739034093	4
0.089308897517157	0.280427823466087	7
-0.077796082806848	0.619746684502462	7
0.103256376404666	0.220899972145198	7
0.036736857792379	0.491471825228142	7
-0.014292632958089	0.696092954273121	482
-0.026349984573195	0.662386488195127	482
0.096697308586007	0.201880317736745	7
0.066788189995796	0.303812984583364	7
0.096577902324601	0.290875082065553	399
0.056971994804314	0.320378645661952	399
-0.040275665314887	0.588142888985361	399
-0.0948239642732	0.476715776417548	4
0.034161946107709	0.274871823039517	4
-0.059498602594974	0.87144706422618	7
0.098811802960712	0.304252530692438	7
0.070698044888373	0.358529147283329	4
-0.078803701445234	0.819524044193461	462
0.09475515798498	0.341744968590866	4
-0.00938318072029198	0.566986102620614	1
0.013967581727564	0.565837112020892	1
0.067448489825428	0.232265145760379	219
-0.032883348910212	0.345372746917262	219
-0.050240299254384	0.413945842556739	219
0.088732264192941	0.288209146261939	4
-0.00658407670613998	0.643181426092	4
0.00167674044134899	0.591009403349997	4
0.022446164795243	0.37988070233391	4
-0.071919605796793	0.410585875607081	73
0.094293147532163	0.212839715054527	271
-0.073844964512188	0.994470322456524	51
0.048217589561237	0.439395833552019	31
-0.07215407425184	0.935696711347149	31
-0.042571784198137	0.872688845763885	14
0.096179635030881	0.327090821101457	14
0.07882056317728	0.411944012584162	14
-0.048940807386771	0.533677053710139	31
0.110156779857787	0.217063132816457	31
-0.09767532914248	0.7771083668143	31
0.101772712006814	0.27568767190713	31
0.124937965769513	0.215139510754688	31
0.075662168157295	0.394397779320493	31
-0.04393909645629	0.582135201900806	261
0.065049479135378	0.323922664746384	261
-0.018038331929275	0.489180620083409	261
-0.100330440174185	0.89243200246536	261
0.116623010052374	0.266485538219467	261
-0.059506613730664	0.672050213020313	7
0.100214682881686	0.284672710272216	4
-0.085820011687228	0.71727241754115	4
0.03871998866666	0.300575339912226	7
0.114379527850068	0.285548542767629	7
-0.010572934692636	0.589850459675695	7
-0.102402918374276	0.900251817747323	7
0.03690593122229	0.413849428248544	482
-0.00893736736276701	0.459372252041564	7
-0.074737392697958	0.547202135999238	7
0.063618259077217	0.366054253269091	7
0.074224004242041	0.314623185781891	4
0.056705006884296	0.329869949610699	4
0.037068421311416	0.384401164156784	4
-0.071918330915506	0.730477011995997	399
0.045363037557795	0.396528361894485	399
0.047693034553009	0.373201169156906	399
-0.056937517045628	0.664140891392914	4
0.007321845637107	0.583214696062869	7
0.122512682505733	0.239608603873486	4
0.109785790504953	0.259775994174025	4
-0.044424134742188	0.649096936611041	462
0.00952941042465699	0.510375749966865	462
-0.067159420952242	0.732294593063335	462
-0.03598723826477	0.591771626905754	219
0.080757718342887	0.303040618892975	4
-0.085496289008008	0.776954495217763	4
0.034244063193979	0.348641031092083	73
0.027291805950245	0.402794666996156	73
-0.014096915786644	0.456650261047556	73
0.00198665665495601	0.426414991606826	271
0.066878469336225	0.22398337151177	271
0.102094306116622	0.274968488002356	14
0.019039607203581	0.554030289313171	14
-0.020944944685337	0.956635344920435	31
0.099400229289861	0.176784780239246	31
0.026031987862483	0.248984575071547	31
0.104896340834633	0.162291653157076	31
0.096200185988125	0.365453666001034	14
-0.019122248895454	0.868098778331415	14
-0.079738614379898	1.11938047146017	31
-0.054257143277895	0.963839794209401	31
-0.0000193323161900016	0.544462081145024	31
0.057197599278521	0.409913488043654	261
-0.083471906937153	0.903314690761236	261
0.112263217924037	0.24423853136035	261
0.101708423249125	0.275825080260729	4
0.122112595207822	0.240526033462861	7
0.047336311578807	0.374040363065718	7
0.049191802547031	0.245598128158784	4
-0.124087149213377	0.475919276925573	7
-0.06232949323314	0.635371854411237	7
0.030697713587129	0.444977254363776	7
0.109480510382822	0.265461750925965	7
0.093119998351074	0.222051939716046	483
0.010594184137238	0.456018812612914	482
0.121479308378483	0.210767371411389	77
0.09469654426215	0.256450735582256	7
0.055034684148661	0.376265561134312	4
0.04656906369758	0.347776243112272	4
0.118396885770188	0.242570405145979	4
0.064325915640197	0.378959355571429	462
0.095863314067187	0.203186377491298	462
-0.092553117498208	0.543239286433373	462
-0.009523671423664	0.598727596035868	4
-0.038771885788482	0.335221525441084	4
-0.00586397250762399	0.525228117530096	4
0.013920629185978	0.301416624095304	73
0.117545327322253	0.155132072210717	73
-0.059584892562043	0.521415809401195	73
0.08319437474561	0.195699459538593	73
0.090909171475567	0.240371219137758	73
-0.0127412347676	0.400235678761302	271
0.105439723112215	0.284947326409798	14
-0.00721241330933098	0.418503761148909	14
0.097929751605665	0.457701594621337	14
0.106744523841868	0.432850263553492	14
0.08481759093147	0.184927344255546	31
0.027774347113413	0.597735556792917	14
0.052624264991699	0.539255953850947	31
-0.029173644097134	0.671985746765388	31
-0.100417333767377	0.861282727051313	261
0.047052942788377	0.365552358222312	4
0.012355084716195	0.534204181488629	4
-0.00239596946495302	0.372036400875744	4
-0.031207653795592	0.294837338355477	7
0.079735518727086	0.241503748551236	7
-0.047964582828178	0.531415052085968	7
-0.095563631491507	0.439790607429708	7
-0.111042445444358	0.739090443736092	482
0.094181060187708	0.205707630881999	482
-0.074972411911299	0.692744563441274	482
0.109785790504953	0.259775994174025	482
-0.02513159372157	0.603048392308428	482
0.066369510098306	0.320980417496786	77
0.108826719697767	0.21947785344384	7
0.01163061423472	0.410446848350644	7
-0.104510352300536	1.04458000073743	4
-0.033000930798302	0.634981259130674	399
0.045090598813971	0.341112625016145	399
0.124310275164486	0.249732891371538	4
-0.098412639490203	0.843142159483356	91
-0.088752674929251	0.847475829376729	91
0.078683313038027	0.373101039098512	91
0.015560143880036	0.29878906641694	4
0.106123969263625	0.255360796280731	4
0.112405926797794	0.279516141562072	4
0.065724164959862	0.389695917644582	462
0.105241518891822	0.262600973916138	462
0.106537211831108	0.22972829192379	406
0.068222815786456	0.389593825834238	219
0.000170438608574991	0.573419055157697	219
0.012734280098831	0.303207518962601	73
-0.040140160864312	0.819994879593526	14
0.033626863423303	0.676438981533397	14
-0.018458165451432	0.918652405426732	14
-0.010948409042096	0.688598858523976	31
-0.01727496206369	0.650423419816852	31
0.021434556877767	0.501459001261679	31
0.05538085537494	0.341612378593978	31
0.081872706559647	0.307350987430478	138
-0.081068832086027	0.751996270332353	4
0.114008997324884	0.240614589061721	4
0.014045780241358	0.405059280617792	4
0.107412071409796	0.270171378928265	4
-0.104429982356434	0.843608312419348	4
0.022714810154917	0.323985707829294	7
0.094633658342144	0.331158406584131	7
0.005216759712074	0.551476735074146	7
0.044695793392491	0.331812003768489	482
-0.052115071784664	0.493871680887206	482
0.027247377694339	0.413564579607637	482
-0.005004696403765	0.463832401770522	482
-0.071270542474832	0.622503941446179	7
-0.014016546240459	0.493745176889151	7
0.079305773597414	0.250370851515698	7
0.115250803389123	0.238009343840706	4
0.082939157538787	0.291406190196998	4
-0.114373852111389	0.798626028986386	91
-0.006166278907693	0.416527563900746	4
0.064281745580085	0.393644124585875	4
0.042495663550646	0.443810507662043	4
-0.014755692346547	0.443393587799466	462
0.067975181033318	0.284456427687643	462
-0.00459771399158998	0.476065226997321	406
-0.011161014586267	0.54720682362832	219
-0.119929827067774	0.865641638258513	219
-0.034396510257834	0.732950752174783	4
0.067536799337863	0.222980869777699	73
0.066755335576045	0.242233925823042	73
0.051866860293049	0.262085909112047	73
0.122620720609609	0.191431777055273	73
-0.031459064456335	0.630222325859734	4
0.06648277253509	0.328694227140803	271
-0.121275586686101	0.704828408404567	271
0.00291747054240701	0.674611291122581	14
0.095318407637024	0.293860902439361	14
0.093966923858328	0.354386720122106	14
0.088311562125456	0.479420042052973	14
0.09151967345355	0.486154849363069	14
0.014924809310795	0.427022507627439	14
0.113805193088202	0.31063017252382	14
0.09313827769661	0.356958283376525	14
0.109137871589772	0.341536273091441	31
-0.112417988529312	0.973265422221824	31
0.055328622536959	0.460501321229636	31
-0.07962692110077	0.687660173716912	31
0.055122929120503	0.367841876280859	31
0.037146849661723	0.384297092756264	31
-0.11287109384166	0.828992138681514	138
0.051021850720349	0.407336701930345	138
0.098747524490846	0.268953781280264	138
0.116678436463391	0.188244235032881	4
0.103176846554049	0.248026843526961	4
-0.077782924866533	0.730904557597945	4
0.016936462540297	0.530655723907698	4
-0.035707849771509	0.590996165871047	7
0.00709364114275901	0.517417567805796	4
0.058741804664177	0.374845223434684	482
-0.00162308610808798	0.420872617572677	482
-0.045739382248362	0.525767563939302	7
0.090874091430827	0.233174744537107	7
-0.055604965112409	0.63381152397187	4
-0.012934243862448	0.552228103782294	4
0.118111042430932	0.21002657483608	4
0.00877508811762401	0.460553893589781	4
0.086611959945105	0.26986540571018	91
0.00216727603188199	0.439271198739842	91
0.05533987506704	0.33283525748898	91
0.00465861653906999	0.501559496747519	91
0.027167376436412	0.424173009974475	91
0.114807813497588	0.238928245167395	91
0.090572016940672	0.334083050108949	4
-0.01095144157066	0.652690371708538	329
-0.053679877734909	0.526776042931141	462
0.111134830561893	0.209437631891146	462
-0.000757294497699013	0.479426710323295	406
-0.0216708765099	0.442794776019918	4
0.122942707902174	0.207928523989237	4
-0.011213304238606	0.5004695374277	73
-0.049498526183863	0.83750750070466	4
-0.066352961117723	0.851020349313144	4
-0.043434700648661	0.580814731803161	4
-0.065694079961012	0.915337259226846	14
0.065817464697351	0.563993955671227	14
0.071009141515061	0.518181960852114	14
0.036622862775952	0.385529238445538	14
-0.098137769004846	0.322435861980056	14
-0.099531593073353	0.680579208092445	14
-0.074285331293911	0.660844728983676	14
0.10909822760259	0.287751729122907	14
0.021409845742114	0.511498970512372	14
0.099731247270255	0.291271938811408	31
0.021995090750865	0.463972473561795	31
0.035741136299994	0.416791509131784	31
-0.03397575447722	0.586070438536632	31
0.0817025555804	0.314313183802162	138
-0.118655110415067	0.737084649833072	4
0.011479897185363	0.465377094682816	4
0.019422666904796	0.552781000792636	4
0.020575893599978	0.493685111458567	4
0.120040798049184	0.253962071838122	4
0.062898107995812	0.418989202960305	4
0.095934068132175	0.203063714502228	4
0.102911536398072	0.215093795134429	7
0.06291521650811	0.352502944128698	482
0.087785041021336	0.321192209604583	482
-0.015938990374299	0.498479682926732	7
-0.066853859257988	0.629617096620978	7
0.110150641688051	0.217066411710403	7
0.039326233690638	0.426016377109506	7
0.028608043176979	0.43080781394465	4
-0.106142943713621	0.925814527614917	329
-0.00965744793269202	0.555531368009227	329
-0.051236725768528	0.67907416907496	4
0.077525466329327	0.29267137268897	406
0.011835631644161	0.464404190598374	406
0.028314018664895	0.421299320805518	406
-0.084569465823488	0.480368197733143	406
-0.05897708967087	0.643262543516454	4
0.025563716674613	0.395902718168804	4
0.004166958352505	0.38715344878801	4
0.079323154776652	0.339591684317027	4
0.079142851390023	0.266575599026973	4
0.098686345471622	0.338174747930979	4
0.037515066526037	0.383448322471282	271
0.071621646831291	0.512467938732646	14
0.066720253149206	0.532227106258527	14
-0.056693293668444	1.06867042373658	14
0.058898069117128	0.659119165523348	14
0.120092187239812	0.171234392109574	14
0.071372427579354	0.147232546385503	14
0.111499271838453	0.25594881430438	14
0.046956474987292	0.488117778107263	14
0.097476950766759	0.277441825095491	14
0.097585540576588	0.282916415964379	31
-0.015666347741848	0.593083770425186	31
0.065247948326023	0.339293003669229	138
-0.045363772315488	0.56948061888868	4
-0.048796997284294	0.66208512343886	7
-0.01613699453033	0.58177286765117	482
-0.107066436870751	0.972178881918623	482
-0.104297202453178	0.742347669614648	482
0.002064394176684	0.426284935223426	7
0.065301657378094	0.323373500923408	7
-0.079067189122656	0.654995366733622	7
0.0765309052609	0.287217127372593	7
0.108614886362443	0.225700720041872	4
0.011692518439588	0.476180726564504	4
0.017498778254722	0.492520755901886	91
-0.02419859889894	0.473333074803858	4
0.054246114144158	0.386294811979373	91
0.062633855918764	0.353109277442429	4
0.051071702311964	0.415368943923013	329
0.12188380034071	0.24103819408534	4
0.00942428413252799	0.597522722126902	462
-0.124726182294948	0.807285873225754	462
0.087794259335413	0.267490101526722	4
0.00201838993619599	0.578820762451128	406
0.056469740418727	0.330417830997959	4
-0.076044703180091	0.696163345320501	4
0.115515347764939	0.23255102495798	73
0.099310596647677	0.267702285124348	4
-0.022926546108206	0.742419373519762	4
-0.097182770916705	0.869766984689376	4
-0.00268087045419002	0.898463621927584	14
0.123121447543196	0.287801496673609	14
0.103587012755217	0.377166918193832	14
0.040694123163754	0.422506884935769	14
0.050048004072589	0.418065099769582	14
0.09467732189978	0.380304829663879	14
0.108291344901585	0.226341405816355	14
0.113977958491062	0.240726260308401	14
-0.090822835903297	0.609970488614068	31
-0.122323953227803	0.87367952289289	31
0.08935554281706	0.293156195819754	31
-0.05199373122062	0.870640602214536	138
-0.08673192700534	0.720014467767161	138
-0.099846415389761	0.60900291095285	138
0.089508177328836	0.286536079003769	4
-0.00684821157780602	0.502272064312074	4
-0.02594364926277	0.605407220853097	4
0.08124284103335	0.301854167779396	4
-0.067425428289217	1.08702998088577	4
0.08160464938209	0.403324759277071	4
0.094153200376065	0.302316904418695	482
0.041057530864568	0.567750035434076	482
0.01245237488022	0.222705512628735	4
-0.060566769619141	0.412680986701514	4
0.121011338270332	0.194269188897404	7
-0.108679231721199	0.94697934857353	7
-0.089662444932412	0.641592327140251	7
0.046977120570273	0.214483518046642	4
0.049598606303739	0.402905906562889	91
-0.111387737580355	0.573750612046792	91
-0.023325581921405	0.724170977412584	4
0.103385659361678	0.266634254445384	329
0.00735233208892	0.555815358990015	329
0.026660208971882	0.328864762944504	329
-0.077324973689274	1.04573854993386	462
-0.020967435017589	0.481231994752144	4
0.006974851058106	0.346863321220081	4
-0.082549739119086	0.40480308273004	200
-0.106782758438937	0.512945426835755	200
0.092408071192776	0.273982505601426	200
0.077853061798185	0.336698336530787	4
0.033138441168823	0.576649807178125	4
-0.05427611051105	0.528055588986303	4
-0.039422900937574	0.934324108869008	14
0.027155999363953	0.403127362732244	14
0.063964718841308	0.490574148947791	14
-0.123369795483337	1.5756894430873	14
0.062421808155699	0.420374757651521	14
0.077508073301222	0.277503435495328	14
0.046706110319015	0.713590449022419	14
0.1114117012606	0.175862836914653	14
-0.024833601470054	0.350404081254011	14
-0.108955568948911	0.644679476532131	14
0.035411300362061	0.284177873746887	31
-0.07410325697674	0.448589226564997	31
0.046977120570273	0.214483518046642	31
-0.106306626339836	0.512056330066016	31
0.119562445102277	0.123759866011798	138
0.093925110739384	0.297114402386619	138
0.013677866141114	0.481733596861482	138
0.068064987051336	0.266825626503592	138
0.078447076405492	0.581408325988877	4
0.103984564231573	0.433343942686125	4
0.120841273543713	0.339715735223744	4
0.063713711654955	0.430788996762124	4
-0.000524758004948001	0.382544038499366	4
0.069457517689819	0.40965414449772	482
0.037295576002282	0.489836602935228	482
0.124447221079274	0.111993516144494	4
-0.016288896331672	0.310364688231435	7
0.099931504881459	0.133231748476576	7
0.021854303784579	0.31354542981498	7
-0.047295736770155	0.379060085428588	4
0.068047607856966	0.192862664734578	4
-0.096735646462382	0.36181926399847	4
-0.030730109177769	0.294126728094459	91
0.071706844380192	0.157661323081257	91
-0.117941696756047	0.773074432658343	4
-0.003432742537682	0.760621894008339	4
0.087561666385138	0.309598051276422	4
0.062348228323712	0.398779717020732	329
0.099999137592302	0.133159481093892	462
0.045382620846744	0.378519197815377	462
-0.042914606440266	0.817294024110466	462
0.023656972368189	0.469585960927527	4
0.066858657583982	0.242039362500596	4
-0.031060810845841	0.294647324786184	200
0.0634347767806	0.445427541529719	4
-0.067976441362937	1.21274722566293	4
0.052223638879773	0.5810458289868	4
-0.111573494494775	1.24507153929926	4
-0.122932359966937	1.07417144435045	4
-0.01036529652213	0.31798135593291	4
0.088220526521231	0.340128570964086	4
-0.056944956536442	0.563745099722855	4
0.00501112326804101	0.3854359877819	14
0.12334577266982	0.23776449068286	14
0.032357245336949	0.75676671176506	14
-0.123377125667503	1.53126419170286	14
-0.082762101519364	0.44183154838934	14
0.040748705405927	0.307841290732692	14
0.077623064503411	0.292449356000875	130
0.066764778234671	0.20468297358582	138
-0.025358720438253	0.530621604354737	138
0.066437132424608	0.296053891326517	138
-0.08311366752724	0.645571860171477	138
0.031405066852562	0.443099649330561	4
0.0901379302914	0.494664663187727	4
0.108838619726952	0.459872665833346	4
0.102829736874073	0.398068006500786	4
0.049397274315032	0.548023270073678	482
0.090084548579776	0.346743317978385	482
0.037210341131674	0.174227854207095	4
0.02667776651819	0.328913511723859	4
0.097473643172596	0.244561416937147	4
0.119640674004574	0.196635163647247	4
-0.011982816788482	0.360641700908573	91
-0.039682102871397	0.385166559341552	91
0.021743930463995	0.240786857418769	91
-0.057306655864412	0.285924795857952	91
0.110749354444266	0.21011325685326	329
-0.024151157871087	0.564729478820917	329
0.113809576608733	0.262160154881224	4
-0.110087909219515	0.437611578712567	462
-0.00657559932740198	0.467597762154816	462
0.090458860987096	0.241175787201696	462
-0.026472968717261	0.518459011905927	462
-0.026606803663187	0.642294613766188	4
0.022240650138781	0.518711972499978	4
-0.036185408350054	0.423210284400873	4
0.047510430021436	0.225523498069388	4
-0.099846415389761	0.60900291095285	4
0.015793134745602	0.740145067493403	14
-0.039077345098762	1.0639313670651	14
0.071253747290782	0.507737107616844	14
-0.000730977316987014	0.667007304644056	14
-0.04080815503361	0.750369629589538	14
0.017805998836233	0.501951631893741	14
-0.102815024197678	0.975171335321376	14
0.077032508371361	0.390340733175158	14
0.098713486801437	0.269026096297822	14
-0.072336830095093	0.731701774993477	31
-0.050423982663407	0.609430753496389	31
-0.042971980611256	0.620619140945191	31
0.100182345805261	0.226431847710626	31
-0.016037980225949	0.498735459396143	31
-0.09834265291985	0.779306414594702	130
0.095571595677925	0.293251936298616	130
0.064594611397949	0.316653548897803	31
0.036823866134053	0.394962266350458	138
-0.020333726580985	0.545806618354396	138
0.115397329196053	0.278471759635729	4
-0.041220639715148	0.845887969469963	4
-0.00585485579105099	0.652110455377435	4
0.032627309411774	0.467807622847556	4
-0.038259902754078	0.582666283320635	4
-0.060023427179238	0.522355199910425	4
0.055863823767856	0.366068540079571	7
-0.0000417809821470216	0.381515153771344	7
-0.019292547903449	0.397745753861579	7
-0.039878987453504	0.457575052010607	7
0.105591855960609	0.197468451826152	4
0.101088278392827	0.21815385919917	4
-0.071768003424495	0.623804424978837	91
-0.084426916593132	0.581897814168112	91
0.104796142809511	0.263548590441719	91
0.106225156982204	0.202967302514438	91
0.05672376838898	0.426369668436697	91
0.01083599630937	0.517575155586339	91
-0.118989426747915	0.776028051636517	91
-0.020928938890011	0.481213139089996	91
-0.02000900205075	0.439483513381127	91
0.071641737169589	0.396597836855017	91
-0.00901265874526402	0.459516266004892	462
0.067242531298203	0.285861191425741	462
0.05795269573672	0.407820442019432	462
0.102999144606617	0.242489607304209	4
0.072224234448564	0.340717535472573	4
0.057573108044318	0.336755340068585	4
-0.092175315833909	0.900421193068455	4
-0.076320180477701	1.28066996572699	14
0.110359014974466	0.348330516503155	31
-0.035941681125169	0.576146736517216	14
0.11857210735629	0.246658429206839	14
0.096613958877838	0.279409639018005	14
-0.025580367836923	0.604372394026332	31
0.064299711790232	0.341548586941652	130
0.115729256758503	0.232125706396914	130
0.122409029926107	0.224877145359757	138
-0.041635046561089	0.616659105607723	138
0.079059501678829	0.35309991562034	138
-0.108320837015264	0.869055429423219	138
0.062540892916611	0.405604131917915	138
-0.022951183957797	0.524603439398616	4
0.054590249329585	0.325258082113308	4
-0.065607198961082	0.796613573281319	48
-0.00855825576645902	0.607635304399737	48
-0.019837736533547	0.478627469988318	48
-0.050201183233391	0.489796484361584	4
0.026611198769559	0.329050879170351	7
-0.068938248309899	0.585607260130535	4
0.056242041629508	0.303297322440725	4
0.055109555380683	0.350784649471321	91
0.118181023291459	0.222186322768614	91
0.101660505506123	0.21722623844396	91
0.116927165438687	0.187817635862759	91
-0.061648844346962	0.633392867398136	91
0.015215990428622	0.357700385924196	91
0.004800657122049	0.541535445727674	329
0.031566721832844	0.423210792883145	329
-0.00655820376142202	0.46757906711595	4
0.088215991143097	0.252547701139808	462
-0.076187189034746	0.782266864179901	462
0.097176079773086	0.278143632826166	462
-0.065700559488524	0.546406199833928	462
0.099123905018026	0.326662317698662	91
0.011166279108937	0.527363922368263	91
-0.046565074198126	0.528066534448476	4
0.096748348873878	0.245869446111573	4
-0.087698169959169	0.635985092394096	4
-0.123542276497837	0.890608967999095	4
0.037305494610529	0.515621570269101	4
0.019786322477004	0.551499220477612	4
0.064651563896032	0.370868975284937	4
0.046859328730429	0.37515198405287	4
0.064703850481175	0.427801274287452	14
-0.056196368446806	0.818335531548762	14
0.094538066252526	0.487902305188016	14
0.069327381522723	0.181025047915883	14
-0.094197870985723	0.475482465956094	14
-0.040001607239759	0.457630033675332	14
0.107478202143721	0.335766182684245	14
0.041419414956725	0.463862759530656	31
-0.00890360312792699	0.699119987081766	31
-0.022880902355685	0.689686918164392	130
0.117102965408233	0.250008158767848	31
-0.086353966766897	0.686927276434757	138
0.097348934593016	0.289040800008289	138
-0.062699307561664	0.786025888572888	138
-0.013492942619873	0.492424348072329	138
-0.01500096149109	0.578339771749894	138
0.00860742659769601	0.461058995771455	138
0.117770534391198	0.268104859497286	138
-0.041559207625701	0.339382424054287	4
0.09104471470438	0.159833117476225	4
-0.025068909388153	0.392949345854742	4
0.083289854756891	0.211820225630559	48
-0.065777535562557	0.515494603196542	48
-0.045363772315488	0.56948061888868	48
-0.101489735239473	0.755332171312257	48
0.036652827399985	0.405020131809558	4
-0.025358700151097	0.567739362515368	4
0.00126905005119299	0.48677043468129	4
-0.063498272841466	0.763343695423584	91
0.076437370929429	0.294884871667839	91
0.052539894300333	0.419258946545226	91
-0.092027290487415	0.870185849712957	91
0.066232834537612	0.234113450897007	91
0.111886888684766	0.1392492829424	91
-0.078173427916596	0.652560883179392	329
0.055655947580486	0.374740782377543	329
-0.050969043812246	0.611001258187724	462
0.083947134732957	0.295964477338098	91
0.100804354947291	0.231806140581712	4
-0.033280133361842	0.345961459521838	4
0.119016385611191	0.220519140753234	4
0.078632357429311	0.259586718878072	4
-0.046580507197301	0.45354452885857	4
0.046683017807902	0.357074447643965	4
0.05598142987471	0.331475893785813	4
0.084513092184531	0.341551132120071	14
-0.07054234300084	0.970500358308486	14
0.108050032246332	0.18716186443194	14
-0.111419943362058	0.924978697426556	14
0.056059096503281	0.494245468325291	14
0.067998030516766	0.50464089946439	14
0.096842014929215	0.378408760858826	31
0.082889724061029	0.446886214732105	31
-0.071215386800484	0.973457256497839	31
-0.073837064244327	0.994517942778663	31
-0.04593737692809	0.754414680785686	31
0.109318555844157	0.265799398868358	138
0.086083873320069	0.331507747218249	138
-0.026599875085872	0.395663994693145	4
-0.08549951316453	0.684652148668995	48
0.00745305840135299	0.439489814630596	48
0.081731758214258	0.30767848344206	4
-0.085294741134594	0.715632727376589	4
-0.015192183837377	0.623970875640851	4
-0.032211228724794	0.632525986949793	4
0.122643748767082	0.239322887428189	91
-0.019411889329627	0.690163634678153	91
-0.08152515644935	0.693084209543737	91
-0.044425854044388	0.687964939424096	91
-0.078598145527663	0.790685970634019	91
0.046683017807902	0.357074447643965	91
0.025210661772259	0.396655076668806	91
0.091189605404884	0.321027085275218	91
-0.01174414191989	0.451243561537414	462
0.032509177275395	0.340982900609731	462
-0.03546552696858	0.508745033352335	91
-0.083462728211669	0.759709826852768	4
0.048564379197639	0.413984748238663	4
0.007495694227559	0.555336622113955	4
-0.086089906342725	0.866736884525155	4
-0.018160198449936	0.435379274195709	4
-0.061248264093683	0.887519587784093	4
-0.085127412439869	0.617505020976121	4
0.098758858205477	0.379346569872769	14
0.104234748999562	0.39953703409522	31
0.05476691661952	0.376860820218757	14
0.04063958839242	0.184416678283132	14
-0.076053383259726	0.550200988268445	14
0.122273511922535	0.244454901359634	14
-0.013425363557721	0.598733421251084	14
0.020237580269383	0.524543244995402	31
0.025399070245232	0.48440482405348	31
-0.118671126157083	0.825056874329156	130
0.080221994445111	0.256696412947966	31
0.00977801728553701	0.469799972071106	138
-0.091121107123188	0.679364791663933	138
0.04621536768809	0.358115794044743	138
-0.00696687815180702	0.644506380027661	138
-0.109870426031453	0.951615848563242	138
0.099337338351156	0.234568463623574	4
0.122101055556749	0.192283372279154	4
0.047801900270979	0.3729430914367	4
0.00471780443102199	0.501401972927943	48
0.112619131642718	0.269721619994706	48
0.096130689757403	0.286257993973694	48
0.079309772004671	0.313094897921169	48
0.056266515907477	0.348320994663411	4
-0.00698318272766102	0.366296676120496	4
-0.014325053113286	0.54313043442684	4
0.113303139666632	0.268095650084561	4
-0.07375419416619	0.7361371338345	4
-0.014277811174624	0.508183431464086	91
-0.02007741325137	0.439617292241923	91
-0.034348207824458	0.624747880668677	91
0.119242062181713	0.202724193834887	91
-0.109061304725967	0.606729165547987	91
-0.084479143168319	0.821548266267548	91
0.075072418994063	0.421064128728228	91
-0.038419803106795	0.636915126486259	91
0.096493050892069	0.285431922923455	91
0.117735421554032	0.239321219615	91
0.091722294077992	0.287775635290661	91
-0.10475181235452	0.546085127416985	4
0.116578632761482	0.230376093008891	4
0.124892832117845	0.182291061911484	4
0.067204367581106	0.285930932182808	4
0.096497179431908	0.279667780153238	4
0.029890108236426	0.517890797154224	4
0.121832587262876	0.234817469504381	4
-0.037483340461109	0.730163615926635	4
0.071929770878044	0.348297586824734	4
0.074392254280374	0.585130687871798	14
0.102716612720897	0.422993705522031	14
0.010981961854859	0.747946110324111	14
-0.06643168018226	1.05728410302005	14
-0.011423692228421	0.812567021600689	14
0.104043496950387	0.445908199362775	14
-0.00223353776178298	0.527182742998832	14
-0.033590854109002	0.77813684650792	31
-0.024749487281292	0.514296968417786	31
0.05692002817168	0.311309320553078	130
-0.020509905498845	0.681408051749654	138
0.107838032593041	0.227219232761372	138
-0.106209222206065	0.989113578679692	138
-0.124686499769474	0.894740382127768	138
-0.017840228481358	0.843370732026896	138
0.071221873757984	0.370999014596918	138
-0.00730263978963802	0.516523964219613	138
-0.00592172191288498	0.479263557008312	4
0.00283365515187101	0.494750791718058	48
0.036736857792379	0.491471825228142	48
-0.042227915172828	0.792390156996562	48
-0.063278242216737	0.855241738908013	48
0.108724506257203	0.302931016789419	48
0.118161864827517	0.204713097575721	4
-0.0904544250437	0.677647708411295	4
0.081619878628713	0.214323835528136	4
0.056155620721233	0.274364467524544	4
-0.079375368308421	0.686917194352571	4
0.102266523085061	0.249778467274317	4
-0.017521985649214	0.651328175279025	4
0.02170980698173	0.454358985817641	4
0.085501246040541	0.184063930961351	4
0.046739386725463	0.356919444624961	4
0.03788364928092	0.302007519143348	91
0.065087409017438	0.216885216185392	91
-0.011988976940648	0.502460843744168	91
-0.046193058334665	0.614020287654345	91
-0.06124728058698	0.82211361252618	91
0.070261453348966	0.352551273445896	91
0.121149239518515	0.251311342670589	91
-0.05435938401389	0.528277433606121	91
-0.061377713282054	0.75565189925155	91
0.057002697189392	0.455403563989539	91
0.025982344957703	0.318238728074905	4
0.080137478203556	0.256847761149101	4
0.026010607598618	0.40580065612996	4
-0.00875892470183698	0.458900011651402	4
0.009572592382695	0.458647385245113	4
0.122594001943413	0.24371653978432	4
0.055448505845288	0.358712895645317	4
-0.098944838239733	0.643247052529341	4
0.103041584019699	0.408267304831784	14
0.079666071348423	0.415177123695416	14
0.017542584840447	0.745194768962211	14
0.00478982862218999	0.858834425252082	14
-0.111228148193426	1.09727015332165	14
-0.046808747429844	0.528659170462506	14
0.011282003917045	0.112369618744472	14
0.123126390891395	0.166642685909273	14
0.08613460181002	0.277766429607329	14
0.123561030079713	0.273402659319175	31
-0.108533123955255	1.01025503823882	31
0.02139518702173	0.584571199048791	31
0.110469977414626	0.284379088574826	130
0.029253714486774	0.492097687586707	130
-0.104289820914316	0.981429435108017	130
0.09451673409077	0.336988523833896	130
0.030794564724461	0.496828077876555	130
0.100801395675122	0.288748869635602	31
0.121418357997624	0.215663025200322	138
0.00139087352042999	0.498548659946067	138
-0.071590548366051	0.783934892641644	138
0.030158127619333	0.584150322951941	138
0.030543609594571	0.268474780419996	4
0.037845096086088	0.291166807701622	4
0.078144409094838	0.260489876594662	48
0.020537492629451	0.558921341967265	48
0.064292003104134	0.414925220731231	48
0.081978586484581	0.307115332667248	48
-0.097394893710328	0.776112551329997	48
0.098359696875765	0.269793218425164	48
0.09865497495644	0.27483066421837	4
-0.067738061563108	0.734355010246028	4
-0.074140566003455	0.690571557488179	4
-0.058522345758942	0.669065257091121	4
0.038568505406627	0.419021060097776	4
0.114740738474069	0.255384653792356	91
0.071268340587307	0.350097369543858	91
0.009250894786381	0.471143427654628	91
-0.104524671978378	0.811227494603783	91
-0.017137426657396	0.650013908139756	91
0.011662386187325	0.600069368712183	91
-0.072385659293803	0.830679093198825	91
0.042379242799657	0.435540913499778	91
0.071032697108468	0.364634361433353	91
0.045646018628458	0.32993908501849	91
0.042228194566973	0.516027285701666	91
0.108569829204325	0.277409242339513	4
0.083720173818636	0.373589762090226	4
0.034029653090057	0.275108177217802	4
0.056729996623651	0.485016979857092	4
0.030315856637539	0.507427058516996	4
0.032060574976123	0.511092561961046	4
-0.034104543499668	0.505570619103474	4
-0.064747685098126	0.482122069333857	4
-0.028391269410657	0.703578970136276	14
-0.119746572855601	0.946829846923355	14
0.048727911987208	0.429917653678756	14
-0.018053265396425	0.820660852652775	14
0.089842697681888	0.298173564948534	14
-0.057040847926229	0.285625758295427	14
0.063216425371846	0.493190618583944	31
-0.00205269965083699	0.6610264502775	31
-0.109701249259174	1.22398856516341	31
0.120214251514421	0.286356154327433	130
-0.033257240036099	0.621310717184881	130
-0.026241767837192	0.695836779136735	130
0.045928596154684	0.329356040523444	138
0.019123450235437	0.229793383126513	4
0.112073505694508	0.286825675487709	48
-0.047131460464847	0.681643218294115	48
0.119165985013718	0.146808439108632	48
0.055686139545303	0.349581359689346	48
-0.057828797258808	0.734681435600179	48
-0.079469954809572	0.687191654489847	4
0.028780337221372	0.33678637547959	4
0.068040192528507	0.275663268252153	4
-0.032092033305699	0.805743390955551	185
-0.047653738042293	0.70714594583201	91
0.036086184787812	0.283105881559171	91
0.036937537348077	0.174475435130267	91
0.04539959384091	0.204340310931389	91
-0.124365430772886	0.321923417502339	91
-0.117528266118539	0.361602382547456	91
-0.010245641813869	0.410363422033969	91
0.056223715102879	0.29378335576597	91
-0.024007036609561	0.647221953869423	91
0.046422713522216	0.376224148078493	91
0.00692873420648299	0.632888985109336	4
-0.042945410509582	0.418839601310424	4
-0.016467717658924	0.447138212326694	2
0.039929144953604	0.539902910611576	2
-0.043393355259435	0.492909269427307	4
-0.080625608235567	0.40171824059074	4
0.034821550593807	0.679388003977435	14
0.074660011154736	0.491397430716833	31
-0.014748684413694	0.697768076029718	14
0.109445313573589	0.23762636657265	14
0.033009759371475	0.162518619427711	14
-0.010942489053599	0.259173987178549	14
0.095566726820112	0.409633068883444	31
-0.00762738042160899	0.802044513592544	31
-0.041062654673662	0.614820121791499	130
-0.030303075008985	0.626536796303365	130
0.084776413518358	0.407087592067909	31
-0.00830778121775699	0.551529179002191	138
-0.040329948329964	0.458524429540675	138
-0.032342122205193	0.344549656955251	48
-0.021892218512869	0.686297899096654	4
0.070698044888373	0.358529147283329	4
0.05607208676125	0.303619689925019	4
0.015624583551293	0.487214349687793	4
0.015510420474757	0.42572214603812	4
0.018780719855761	0.564718953603139	4
-0.025012592470174	0.650274669309019	4
0.089556760654723	0.415383060199923	185
-0.029530108932098	0.707302004818822	91
-0.085933027062993	1.02513707807312	91
0.120335275492791	0.0898934357988135	91
-0.010388895916039	0.258494780721979	91
-0.056745777852018	0.285254701925265	91
-0.00375424303722	0.48694970412373	91
-0.101194081353301	0.575161581122531	91
0.039967490486867	0.298423369436993	91
-0.124465463556171	0.672790767696619	91
0.124525677486441	0.159099434502111	91
0.116405178238752	0.213277240517842	91
0.046059229607403	0.203555321697593	105
-0.062606066576634	0.32704149165849	91
0.000792797290152997	0.475429347750077	91
0.027512514535722	0.433538417992632	2
0.086254942469085	0.183094109676172	4
0.106124137130257	0.196647281330332	2
-0.076332282816417	0.615954484679271	4
0.101161222007337	0.224702113266778	4
-0.029684386453179	0.51107767731144	14
0.051784431034305	0.653851289085038	31
0.103396970473439	0.357247944824655	14
-0.114725537354877	1.50434922897943	14
0.114490040467053	0.432677949309883	14
0.042660510143677	0.195043152591177	14
-0.01050482405453	0.318407734430731	14
-0.075961220812266	1.14977234295227	31
0.023394572760698	0.64624461659248	31
-0.03648150116394	0.865619236125192	31
0.121537232913708	0.292211576388606	31
0.08402576796708	0.342823198784126	31
0.00436805958396799	0.434205987240802	138
0.046005561781749	0.377195756515205	138
0.09610755998484	0.286316267265161	138
-0.015674311216791	0.593023629224252	48
-0.108742341050933	0.476929411132646	4
-0.049417210885804	0.606694732428111	48
0.108490495462621	0.303631679569503	48
0.032246719825731	0.450310419081659	48
-0.055189250083142	0.452338729317975	48
0.102513677521516	0.279390054144432	48
0.019283049517469	0.450072720328105	4
0.106419256212622	0.229947077787036	4
-0.01450411399094	0.543718084662956	4
-0.069842744000732	0.618714172999942	365
0.090626605122874	0.240878205109274	365
-0.044537341317272	0.649514178444493	365
-0.053779991613864	0.736698383967447	185
-0.015561611379923	0.612617244234015	4
-0.036295535473194	0.667608635294789	4
-0.055625255805058	0.743071720240537	91
0.098508160208558	0.263547832358659	91
-0.102084100837634	1.03334767573957	91
0.018856845219429	0.498894899931896	91
0.030543609594571	0.268474780419996	91
-0.034000292500843	0.347048078623629	91
0.093105023783506	0.2220869482837	91
0.095682738268012	0.287250398616952	91
-0.072837053401744	0.761082597660611	91
0.12394956705659	0.217178504795984	91
-0.00709994107726702	0.560298561912102	91
-0.000991038003387013	0.65708439329798	2
0.114667550208447	0.191516853333489	2
0.116011926045959	0.157183421518467	2
0.039032819049578	0.493012753075165	2
0.087693978410334	0.260711852604251	4
0.106168972791967	0.19657633243712	4
-0.073839497085012	0.51252188302834	4
-0.062770285098866	1.18089218758811	14
-0.053669374542676	0.923758635790471	14
-0.042310817733476	0.81489443916752	14
-0.124234641344562	0.672207963236535	14
0.011057688549391	0.399085130673781	14
-0.047569980643999	0.455565195181719	14
-0.100150308075601	0.277991685813914	14
-0.01919989641399	0.795072868792536	31
0.102571402318505	0.302175845473551	31
0.124056208432339	0.216947683857192	31
-0.102842550272087	0.870241381373213	31
-0.077013506449333	0.855884702795201	130
0.110081643889729	0.259022966942893	130
-0.055237548388375	0.605404888484914	130
0.062698353949556	0.337171288053214	31
-0.021232913111835	0.617734395491168	138
0.083859217882825	0.296132169004813	138
-0.015550715364527	0.497546674848901	138
0.104347917035939	0.259108875458772	138
0.064625602777184	0.428033816508474	138
0.095011858986948	0.353521508708888	48
-0.034876820341485	0.464251181974273	48
0.047594405954979	0.248000819488482	48
-0.07502300643328	0.693212136627304	48
0.064944553721934	0.332056136225316	48
-0.027440863058424	0.559354547698106	4
0.053452951709799	0.26931328550645	365
-0.029215913703368	0.549380923817117	365
-0.12437811014676	0.806296564685426	185
-0.031733658068393	0.556067339188529	185
-0.063829681436965	0.667624837186022	185
-0.124829039996349	0.768985120583284	91
-0.028848635290736	0.670829503445334	91
-0.061080131633826	0.555120541354246	91
0.015313068313863	0.414327418069296	91
0.056735703994028	0.347231765505882	91
0.062872243971686	0.39742263438273	91
-0.020378049858432	0.667889579732984	91
-0.00301450301108203	0.529561695754242	91
0.080712877697129	0.247851889730284	2
-0.066273317017236	0.627917123668714	2
-0.03086305996234	0.591699833636584	2
0.047137436238253	0.392206725447865	2
0.124894597777717	0.187323372501472	2
0.049089831032495	0.428981289941689	4
-0.000221003776740003	0.625954276338737	4
-0.083098447574749	1.37688632466132	14
-0.007058042890209	0.765018289252509	14
-0.00469146846740998	0.9363401452309	14
0.059015354023566	0.620115613794543	14
0.116657124662796	0.361515655897474	14
0.029038723468732	0.802273075427427	14
0.056341212661543	0.629267734333707	14
-0.113522801741059	0.400000946467059	14
-0.036994029142281	0.594141003149019	14
-0.049266642243955	0.562408361648696	14
0.028887450708045	0.562386719045034	10
-0.080803594954122	0.864803185045881	10
-0.024393514764061	0.682081308009213	31
0.08798590251781	0.308630864681117	31
-0.000235754794189025	0.65437520712146	138
0.023039735512555	0.506412276449598	48
0.10864569252446	0.267363389058754	48
0.10936699255175	0.185161013093804	48
0.112945184963308	0.167515032421722	48
-0.036622011373468	0.654346797292824	48
0.117202872379408	0.278148851365283	48
-0.080391510945193	0.86296457648262	48
0.050324948663367	0.417305152533846	48
-0.09825663027072	0.778413357608428	4
-0.017585982291944	0.585972470873103	4
0.123476939640414	0.237398680908129	4
-0.062308061751762	0.558039530936483	365
0.050514188203377	0.433002493580355	4
-0.087906050521905	0.873625941888666	4
-0.1093030135083	0.839159854268949	4
0.03687500885817	0.384945581536484	91
0.064359145743816	0.393442583722273	91
-0.016150647542403	0.446478907334521	4
-0.101426376892995	0.575691943045668	4
-0.109099778292032	0.769289646983528	91
-0.099647141369499	0.608420000019843	91
-0.063568318244484	0.591239046429671	91
0.00331961808061701	0.545978313859421	91
0.019723192032546	0.535993596049706	91
-0.001673502687843	0.579122743504986	91
0.122709845206294	0.219697940119665	91
-0.085613730268986	0.747387484677966	91
-0.014816569793913	0.590565006600771	91
-0.092721555754638	0.842701923579062	91
0.098602767926759	0.23592628951242	2
0.079853544124391	0.338291942340434	2
0.026127299441122	0.405541303886353	2
0.022555758358962	0.452175790778023	2
-0.083291420271317	0.874402160339155	4
0.110072441786979	0.290024220898784	4
0.058052327303173	0.577292274443439	14
0.043318133942471	0.590629963106669	14
-0.059314017341307	0.903232862682744	14
0.071531827877691	0.50060258800285	14
0.075343108130831	0.586223726522888	14
0.110615419543048	0.210340138630299	14
0.110995387277362	0.322961819230385	31
0.029484079223746	0.608776905902442	10
-0.063337238743968	0.830115719150659	10
-0.049462875479204	0.814276161626261	10
-0.00731602225663503	0.560840246937677	31
-0.068896674373818	0.791769810877814	31
-0.045806149822817	0.692381826467838	31
-0.08617841737911	0.779369620530557	138
-0.014774258831681	0.495647137732299	138
0.00857005840966199	0.513230537066385	138
-0.057400282147794	0.639008907475852	48
0.056242041629508	0.303297322440725	48
0.028599120322627	0.25863341140684	48
0.095028936927366	0.204470058181356	48
0.067558289452968	0.203641432747546	48
0.094209943545497	0.212985799777568	48
0.092873797087261	0.311131030093213	48
0.11093303092055	0.278459033374532	48
-0.012385547636271	0.489488081014085	48
0.078326250990699	0.342096593626051	48
0.018032786791032	0.442356938426043	4
-0.105409494863222	0.673356777155319	365
0.055182650605145	0.305308095559683	4
0.062269661728241	0.361782266692516	4
0.088992238627699	0.306228438712679	4
0.036143422719388	0.425082739530026	185
0.03420051940618	0.359690403677865	185
-0.049322791992413	0.606484628227903	185
0.016749464499379	0.411000700261822	4
-0.01520889034799	0.591719329646259	4
0.112681276065623	0.248433462647834	4
0.116820352652821	0.156084942964265	91
-0.053181633781639	0.798347503928907	91
0.071183469826297	0.350318537211719	91
0.00145641668872301	0.486245587315971	91
0.002007388425674	0.600850799557087	91
0.057003933834139	0.455409043392293	91
0.09728363961518	0.347218830108101	91
-0.034614730589021	0.662255336780629	91
0.066872884201989	0.204541796013284	91
0.074043335375528	0.3222660619354	2
0.010210639223691	0.468663809893426	2
0.103315365219314	0.247699457610459	2
0.028006576521325	0.48650853922686	2
0.035276841350175	0.36805969632186	2
0.00941393420444001	0.402596949619166	2
0.103756205004787	0.304262414545785	2
-0.065749592220222	0.673264586476773	4
0.108033296333026	0.349288065651531	14
0.110350980267893	0.333329718748965	14
0.076557187350009	0.366184157363282	14
0.119107644908898	0.380355005335844	31
0.075173338369359	0.132464580926646	14
0.118697522052364	0.0512186229715639	14
-0.010089504076546	0.258080303334868	14
-0.062905359969503	0.327409862719045	14
0.123936291320403	0.314896333696731	31
0.01641625838117	0.651074063663202	10
0.066445939696816	0.478111568147785	10
0.011689846581739	0.680317197990677	10
-0.121791097129705	1.33501190474561	31
-0.095137621251752	0.92262902989694	31
0.103267731064863	0.277627184954001	138
-0.023087030267416	0.524956912498799	138
0.11742898562335	0.249274414139376	31
-0.00930511516106097	0.508791106022966	48
-0.076088592109974	0.615302302166004	48
0.118463708488066	0.179569562965846	48
0.092128659503065	0.238076984023599	48
0.076159592188006	0.287941975751723	4
-0.00130531876353501	0.536596824174571	185
0.071940472701516	0.341423115624772	185
0.068456613892157	0.439095525948208	185
-0.019025563840452	0.590243004704301	185
0.036835189953366	0.499848142301729	185
0.039558936399237	0.516763733072207	4
-0.02979872546392	0.776620751811759	4
0.117070326493511	0.155774711319239	4
-0.091121107123188	0.679364791663933	91
-0.092462122886646	0.716490052500454	91
0.030737942177831	0.515265898018505	91
0.075253135548966	0.297461745012947	91
0.090259763314592	0.160693449050688	91
0.10024752660628	0.289918245167495	91
-0.121695425095173	1.03509886834127	91
-0.041737015142756	0.617021404149048	2
0.095050119110607	0.358735998422221	2
0.11306201387821	0.308426903344996	2
0.053161997941943	0.501167351864901	2
-0.032729881031328	0.502321669297583	2
0.044446009441111	0.361958601561009	2
-0.104005839312499	0.544670368755205	2
-0.102878313653655	0.542319214788733	4
0.027650044912147	0.664519183223701	14
0.064114199105236	0.349619981512028	14
-0.038430327765159	0.382968206450857	31
-0.020406394596022	0.66086056878232	31
0.00906521014195999	0.113558131769443	14
0.070853236098757	0.15854648488432	14
-0.118314572424168	0.362581884289325	14
-0.111438302713896	0.439581433686301	14
0.086852328994629	0.456724744138285	31
0.063562666629449	0.49832483177154	31
0.067345594170781	0.285665191071243	53
-0.012989428882572	0.539420672643086	31
0.077306474466208	0.117459683399503	31
0.052701142315759	0.260724310743796	48
0.026531415230831	0.471433368067699	48
0.064852938216386	0.427298454662555	48
0.069470155244032	0.375572227777526	48
0.089953862681474	0.335697305975779	48
0.037826386450005	0.402224372607708	4
0.099222546433579	0.26203649253736	185
0.080074713744473	0.318134893289993	185
0.039052969584624	0.501355654240892	185
-0.05104490414468	0.332766004418841	4
0.093509758840941	0.214113043412335	4
0.108830987764461	0.318478626529439	91
0.046051692993301	0.215639524913786	91
0.078158204117834	0.322368398632188	91
0.100567689548176	0.232207479331388	91
-0.032092423897317	0.389380293080885	2
0.042940857974461	0.442582114150141	2
0.094068363867859	0.343652633886333	2
-0.071127432379087	0.409346353939451	2
0.00543085493228901	0.214556533025945	2
0.001663528056768	0.275743234398875	2
0.076663928892869	0.279207182669815	2
0.07627758974068	0.28772484358657	2
-0.025374945206012	0.434722163642209	2
-0.033058971174283	0.97651494039616	14
-0.00257004802289901	1.02421933683409	14
0.120068480461821	0.459764315861532	31
-0.075945880622775	0.282688695316891	14
-0.048574208651631	0.457501997069621	14
0.107925497454506	0.407285451074209	10
0.034937736011669	0.654332176429132	10
-0.094633061213073	1.44654159991884	31
0.102899100929688	0.388680870195442	31
-0.00387190899980999	0.645184204108067	31
0.00783321833919701	0.463000416263751	31
0.032298880178058	0.537047721940413	53
0.045796105477042	0.404146782502412	53
-0.02165996702145	0.571499470160585	31
0.121646700519756	0.22641277328122	31
-0.02519039154038	0.738272364754586	31
0.05513830459695	0.359425525461479	31
0.123855669662656	0.294832736974921	48
-0.046713819979389	0.742477875464376	48
-0.026628920878574	0.353325644495605	48
-0.085504350070765	0.584307460088715	48
0.056013254651415	0.389817346504162	155
0.065941767553479	0.321971591029933	4
0.028111842486497	0.421896615177206	4
0.117878105496942	0.24825986911201	155
0.00645196209773699	0.395838956899114	155
0.071872940874618	0.362459169982418	185
0.089678312882001	0.304571973946284	185
-0.049887392733543	0.920993877872236	185
0.061154046097081	0.497454748457276	185
0.115281098554358	0.263341648400154	185
0.116175837927229	0.276469690599801	185
0.123285436550423	0.185009955858313	185
0.109510882562292	0.340424543313862	4
0.046132394922722	0.22738539192128	4
0.041050457863963	0.1839900466297	4
0.073072533522821	0.145693490250885	4
0.107144165415074	0.228556383348809	4
-0.10927966368803	0.607267794841356	4
-0.115639961461355	0.675583938873137	91
-0.024740529898302	0.433456374232413	91
0.072157898189365	0.388519496300292	91
-0.025850171840196	0.352087678839715	91
-0.0653375368898	0.483462897334097	91
0.00646119930892999	0.441988750201752	91
0.100596915328197	0.225713139769999	2
0.043752530713864	0.465441757131675	2
0.047151511878456	0.237485168865316	2
-0.029554302576867	0.866008944667396	2
-0.092301827056217	0.578092803303891	2
-0.042180115196258	0.755293621160059	2
0.09751181283832	0.186601457071957	4
-0.013668590944611	0.958082222877885	14
0.052431733134862	0.691286489947588	14
0.033862856561357	0.349433513437643	14
-0.117528266118539	0.361602382547456	14
0.087330207319165	0.354271017374204	31
0.035271603163251	0.560925031051842	10
0.102456377304842	0.414895116511374	10
-0.057140529134568	1.03276914940625	31
-0.084602188325326	1.34300481611203	31
0.122495863045969	0.266351232751699	53
0.11166899839323	0.208433538371119	53
-0.124187505913503	0.576257831304727	53
-0.059825342475137	0.673057438396065	53
0.075572548197549	0.311539896939667	31
0.096459505069254	0.291119151964184	2
-0.118235015195716	0.362441659192938	31
0.099888145226857	0.133279261948492	48
0.023607143036378	0.322482481693918	48
0.016075423464811	0.485947272131353	155
0.056398517160354	0.372855953264615	155
-0.124302339465207	0.893317013920793	4
0.103153332605615	0.242192382848085	155
-0.056276661939289	0.59061626317627	155
0.098229884731208	0.192575305426782	155
-0.025226856033527	0.731134596040381	185
0.046351074819859	0.35779968626556	185
0.063133383029607	0.453291339711586	4
-0.017376022612948	0.311900031279488	4
0.027503956726294	0.147824162334819	4
0.068934572711936	0.24750636911051	4
-0.00785356562042799	0.367920058381295	91
-0.071035597571565	0.621841179840776	91
-0.049500422189027	0.56279029129024	91
0.00272883882323799	0.27431180469329	91
0.058430052004643	0.436298339675462	2
0.074279092283788	0.454053323941504	2
-0.086942218408824	1.06710714587309	2
0.011160399633039	0.291702543539203	2
0.00669011311486001	0.284019462574943	2
0.106216474724297	0.527045478037347	14
-0.001337173914703	0.548186786601137	14
0.014540475140267	0.682994729040158	14
-0.075945880622775	0.282688695316891	14
0.065873545644895	0.234628408852973	31
0.116439955323557	0.344788730015808	31
-0.037069123454489	0.875762147672117	53
0.04103741042106	0.421502714196264	53
-0.03518961845752	0.464854262381507	31
-0.00872280884315602	0.507386255513102	2
0.096440671133962	0.321010549496996	2
-0.063861383505244	0.328515190566179	75
-0.078440206556945	0.324211073847962	48
0.093686551005951	0.156779140474667	48
0.067193171429461	0.277230910089115	48
-0.083883831973966	0.988704645944267	48
0.096145133959913	0.297498946581727	48
0.026980808560431	0.260931276910712	48
-0.0774803565454	0.786707840391897	4
-0.080694944429667	0.69052244867528	155
0.00880013187354101	0.343687905589701	155
-0.083847214973851	0.760899146651465	155
-0.109389672821291	0.805472774714348	155
0.04012552608955	0.498159820259485	185
-0.074744864796098	0.777211460173255	185
0.079714537065773	0.24152186138754	185
-0.099580062448786	0.920519815342194	185
0.121732964342564	0.350961796066706	185
-0.118077446869994	0.773466017910626	91
-0.067095118519822	0.368101355535132	91
-0.100659087469799	0.573974039087428	4
-0.013406130788067	0.746007596808904	2
0.116587463193084	0.251192333485386	2
0.085074483350632	0.19313493132248	81
0.04052608908613	0.184515344952206	81
0.097545448409388	0.200544150083035	2
0.030619844297912	0.647262547451954	2
0.050882505298353	0.463435670751549	2
0.052470157690306	0.280885562995355	2
0.078990061402675	0.250905150654551	2
0.103814884580271	0.163674323366456	2
0.092315129565613	0.267731271903111	2
-0.109802580127038	0.43714221198841	2
0.012573614470293	0.473843907008305	14
0.124453672371419	0.293147063548631	14
0.121436165003875	0.346757568260948	14
0.020018150442155	0.437349421464586	14
-0.07177588721136	0.23234590681159	14
0.077303447766663	0.117440144767049	14
-0.056963613382232	0.37433151802235	31
-0.017551030810607	0.925719724950238	31
0.027189755639986	0.714532206674405	10
0.053164966633697	0.544497571242138	10
0.052790169979846	0.524151106275829	10
0.111584922579197	0.348736182906322	31
0.079298130051805	0.416339949518956	31
0.065302762004818	0.505494061262458	31
-0.034998540574003	0.663515322306533	53
-0.085683682205995	0.807095957931919	53
-0.028622664257385	0.824283442609547	53
0.070266624221794	0.465055489607038	53
-0.026564117208534	0.353196282133096	53
0.094342769169271	0.212769482492364	53
0.100959670183903	0.321729436514899	2
-0.006717610497739	0.481163080599989	2
0.099383829423919	0.278713829181025	2
0.026317102929107	0.24859449728806	2
0.106991070367435	0.286100646841097	48
-0.049544683382307	0.330709664981227	48
0.094526274956193	0.212457748190792	48
-0.099730696928238	1.01277096659393	4
-0.01098510369877	0.559336327431027	155
0.054505027799564	0.385633029331359	155
0.054771230135771	0.392998491156861	155
-0.059529301194102	0.895960524664443	155
0.098381549150382	0.411654784068377	154
0.071878084399548	0.468254230477967	154
-0.034129757237355	0.505709823713587	185
-0.023333158163464	0.71157412566077	185
-0.00319397976946501	0.742507494548557	185
0.081723650093821	0.29398785128468	161
0.021957527435614	0.380910873448226	4
0.085608304746797	0.183929361069366	91
0.046575005304468	0.520377926592128	4
0.06423913137872	0.364504262712544	4
0.100303326182236	0.182658064008075	4
0.116595448604241	0.156390052341642	91
-0.0362429659164	0.49370749543808	4
-0.019405525962783	0.690000744427268	4
-0.096674871814984	1.23134532982602	2
0.105905472833036	0.11916720608523	81
0.020903678082465	0.619429531368253	2
0.079404680744065	0.250185366319848	2
0.103402168412089	0.16422326089087	2
-0.073866188575323	0.448174921967992	2
-0.047353903984612	1.13399536870315	14
0.090900315933414	0.456457853511053	14
0.114942567976878	0.488057035435627	14
0.026723413375783	0.972537451116337	14
0.119573499642701	0.453780930916704	14
0.028769645977801	0.905159680762299	14
0.072782695981095	0.495949096726899	31
0.121282042412253	0.27941048224501	10
0.097199938008398	0.399165213657075	10
0.043383588919641	0.499486162471646	53
0.115364190628832	0.263156661211275	53
-0.030656242930248	0.711631110555839	53
0.097921114164443	0.311842567313241	53
0.056947654827171	0.410534138262334	53
0.044349066073405	0.455385382928182	53
-0.037668504415271	0.694671585268576	53
0.105366193624318	0.371360691639606	2
-0.079730664154122	1.16297044220288	2
0.039243289040548	0.417246909329127	48
0.051720948507213	0.429552237908384	48
0.042706116488039	0.459885731095307	155
-0.013362990739753	0.586154690383461	155
0.030525121649715	0.445421037477676	155
-0.092117959174344	0.810053442714739	155
0.060745380346852	0.467679478811108	155
-0.010429330389581	0.632684362541292	155
0.064882800636326	0.420250174143472	185
0.100178078630665	0.300819203111893	185
0.080399225992349	0.349559767140814	185
0.059464745916194	0.440521291248015	185
0.11986869778094	0.295192563935087	185
-0.00124018761998401	0.480712622444202	185
0.079397958350725	0.326369528358899	161
0.02902708352003	0.429565434135153	161
0.081471511952438	0.334081290228564	4
-0.027538953445573	0.631700103348674	91
-0.063428739379631	0.737057869397721	91
0.026924558041329	0.480081396646057	4
0.068714637236593	0.431894713465411	4
0.080119164709616	0.224576475026558	4
-0.098140602851242	1.06516829952384	2
-0.11173156596258	0.92622732943365	2
0.12120914952189	0.279660559061985	2
0.109444259036078	0.316652832772027	2
-0.103633712419095	1.0097783034362	2
-0.098146855714285	0.93423122023294	2
0.08058093971007	0.649035491340537	14
0.087977754449423	0.522981458639326	14
0.074030719204387	0.58341198279979	14
0.110824547340196	0.10647212026695	31
0.021771294950766	0.369365567797181	10
0.039130934274	0.509779560720629	10
-0.017219653988942	0.650290682048889	10
0.112603873889228	0.299098503947562	10
-0.00506478098677099	0.596341237249301	10
0.027634329418965	0.412627999098341	53
0.00261409680303801	0.675747783555841	53
0.057484754851968	0.431646026600849	53
0.048139071118352	0.479392401805727	53
0.117759059566116	0.340542219017156	2
0.037227327304603	0.481214898107671	2
0.10496362381364	0.327379484752617	2
0.092665317791372	0.437541486272134	2
0.087142950234649	0.372021244745263	2
0.068298888006428	0.257357957757398	2
0.072107075844453	0.461415927136318	48
0.037050536738739	0.384448976477943	155
-0.055202974429936	0.700717066373654	155
-0.015667001529599	0.44539933504278	155
0.06010638756657	0.366832065562216	155
-0.045803526928973	0.653334189312429	185
-0.00484243710874099	0.522443839111163	185
0.080040597138309	0.324852235451995	185
-0.033690811014264	0.812613508452834	185
-0.097193773426279	0.742704860831326	4
0.106221503902871	0.236122937014045	4
0.056757352854085	0.395668180280371	161
0.096407024405513	0.285620426608318	161
-0.033249971164373	0.763752555100467	91
-0.015810236781003	0.547248553488106	4
0.027802621345788	0.422633073386194	4
0.0758615674318	0.4001346551993	4
0.097110873422794	0.36280595954497	4
0.021915940977277	0.573397108383591	4
-0.028464092292827	0.690365189228668	2
-0.070908501804116	1.03820666329066	2
0.114933425745021	0.259623764014319	2
-0.044941105446928	0.847541281720497	81
-0.026699385809539	0.764253115108964	81
0.111217312181763	0.277812799370569	81
0.106767477781741	0.3622734593409	2
0.106179529240193	0.344196238696642	2
0.044146681738251	0.497015845243901	2
0.079476466386986	0.721940007654848	14
0.088309121293432	0.567863939241473	14
0.105470740450204	0.482295901561593	14
-0.034321242100751	1.37562701861127	14
-0.031308771449206	1.29536280580166	14
0.071252865970645	0.33589275545896	14
0.091645673357754	0.319886836777596	10
-0.050608046498574	0.779923946826802	10
0.088939079860537	0.355579463525462	10
0.036364703315618	0.492652440890566	10
0.08335920918195	0.356748994095946	10
0.092954399328677	0.431480624800045	31
-0.000959495543863986	0.684709638908319	53
0.115372349252784	0.282963082230564	53
0.010077259711942	0.519736196344969	53
0.00491700414117899	0.580441295530231	53
0.103579281910274	0.321654745685443	2
0.103780499191787	0.351398687662627	2
-0.121619895094113	0.871355906168668	48
-0.087630126516423	1.31726586491967	48
0.107656107504211	0.326330654650839	4
0.073174438856775	0.451682189979772	4
0.101300276004675	0.292824488106505	4
0.00513820611621499	0.432361558948584	4
-0.0539195316145	0.628637719441522	4
0.00845890497115101	0.524483569248537	155
0.01285645213829	0.461700533117409	154
0.095301339370186	0.255270549051284	155
-0.04664204688122	0.615361520270315	154
-0.00455766000615299	0.647602375513558	185
0.118644429398833	0.329823469043159	185
0.056966214705838	0.379453135532117	161
-0.022629819450996	0.642763359950009	161
0.071152182965443	0.384713557873059	161
0.017952234786376	0.501557464806813	4
-0.090153594056034	1.02638795928	4
0.115489210164533	0.248933945788419	4
0.046837355175818	0.356738981874844	2
0.083909109430763	0.28932373085534	2
0.02350769816786	0.389194991287259	2
-0.015244760369504	0.545773461022961	2
0.065678742298292	0.31437044359681	2
0.119912512119347	0.368547752667931	2
-0.049282743744236	0.774767579304252	2
0.087344557089449	0.618406713222717	14
0.02275481338398	0.379191265411692	14
0.038988065662478	0.399354431228631	10
0.080972079399865	0.381608391326243	10
0.084990493643407	0.35229444674931	10
0.113778467025005	0.300167745999198	10
0.043071904291681	0.544511318455583	10
-0.10605772067746	1.15376379894222	10
0.01688765877103	0.551025826114853	10
0.106438216700454	0.349780251540479	31
0.039067297707913	0.426787931932594	53
0.010369961104058	0.604688234199767	2
0.115873822878551	0.398455877334093	2
0.019192190440044	0.362400025906699	48
0.076850357815763	0.28655174576505	48
0.018688691402855	0.509562060984566	48
0.028599697481925	0.52178465793246	4
0.045367416808135	0.509020228259053	4
-0.00180586351765399	0.57958612752289	155
0.063996659892657	0.379926854379899	84
0.103991220471042	0.240515981082682	155
-0.077066379710728	0.813365306254126	154
0.035904555737313	0.46756546400384	84
0.105916547476668	0.288776598783816	154
0.121516594345481	0.25046059214645	185
0.095558241479587	0.304504148769552	185
0.108178492155952	0.29493138298552	185
0.099559474967878	0.352582778105793	185
0.089626690446783	0.353659171164168	185
-0.015974991454694	0.658502010862213	161
0.085135739113604	0.315252856320615	161
0.089700473992862	0.310458674031644	161
0.012847673014975	0.569866023728692	4
-0.013516989027856	0.540922222561178	4
-0.114887088377312	1.02778987403823	4
0.00275525455433201	0.664696213433046	2
0.043936898743695	0.448165137290823	2
-0.00325792623368698	0.560742179381551	2
0.089416781708179	0.365385200016814	2
0.072373282895304	0.340369504825063	2
-0.002891915128652	0.529222917520534	2
0.094270736631485	0.460453288107031	2
-0.037602201164025	0.960081308460336	2
0.073885056394674	0.40594694028065	2
0.117356835143417	0.223822235574173	2
0.113969043283684	0.198556128566584	31
0.083150470657282	0.486811585901542	14
0.085564161734675	0.663024183156885	14
-0.013790856224854	0.194259167152334	10
-0.099237970495324	0.323707613226345	10
-0.089193010896854	0.78932977847086	10
0.087558155978988	0.392728908334828	10
0.002586590365034	0.495410700145041	10
0.101702861151929	0.217122590884967	31
-0.040444093074689	0.337754286068155	31
-0.122234019068061	0.571949250129363	31
0.054682907127144	0.31576231779327	2
0.109517807777488	0.18492699773315	2
-0.056745777852018	0.285254701925265	48
-0.064365908950062	0.481356389273941	48
0.067950002145157	0.258107975217754	155
-0.0420281791163	0.462011527552874	155
0.090391062482436	0.28462084949342	84
-0.103958250710276	0.544508295195304	154
-0.00244512056104601	0.527903760796025	84
0.062830215056919	0.360415078629303	185
0.122306872444958	0.20917240620385	185
0.116820352652821	0.156084942964265	161
0.067558156945589	0.249839697396092	161
0.02009920803429	0.448049390569945	4
-0.031835806471508	0.666979885383422	4
0.044458715712041	0.352270388970305	4
-0.033256491779918	0.503624655317873	4
-0.021943290069379	0.483551360485324	4
0.10297366730237	0.272965188238429	4
0.046059229607403	0.203555321697593	2
0.038296986017781	0.371576453574343	2
0.09127057318582	0.378330272549281	2
0.028100687402147	0.338014369451172	2
0.079687484007564	0.249697571696862	2
-0.109165269547659	0.436105862314029	2
0.117785937229197	0.297032815428476	31
0.120803646014573	0.549794384973513	14
0.068079946112867	0.614985467848435	14
0.067637116252232	0.705986044089294	14
-0.00219375543589101	0.204821677811755	43
-0.112268837144585	0.398191226803673	10
-0.074411107363163	0.481721226880176	10
0.000116178660812011	0.663792615134186	10
0.118268357902671	0.317409270428883	10
-0.024746629901843	0.601872202485624	10
-0.047776376798454	1.15815050977754	31
0.082429873006534	0.299345977356224	31
-0.060174570055854	0.673939335466199	53
0.047108288780978	0.365388455882339	2
-0.046812923107978	0.680607305420986	2
-0.00257549591037498	0.205234052874239	48
0.114988076622006	0.294540285640735	4
0.115493523959036	0.195952411963419	84
0.042571300610106	0.452017973999578	84
-0.065139283108066	0.742536299174908	84
-0.067702557690098	0.907649248723855	84
-0.014672116646127	0.653953572485295	185
-0.020333277510547	0.580861327086275	185
0.063845455492421	0.484363375094755	185
0.072043355087866	0.157356309949416	4
0.12429919097765	0.159424834668061	4
-0.068105455050132	0.583462019031269	161
-0.0608670547957	0.554609676508172	161
0.025210661772259	0.396655076668806	161
-0.021041680227654	0.360707450185712	4
0.093632388458446	0.277355866021703	4
-0.056818968654633	0.374104973337548	4
-0.096379316848956	0.47962018126354	4
-0.077891290494435	0.843993166482437	2
-0.018172001853537	0.526249009617114	2
0.116612867541537	0.182442999061777	2
0.067814045605345	0.193156749676356	2
-0.014404608314059	0.494712196981382	2
0.120157901944037	0.390777683013635	2
0.111758591646514	0.418793617375385	2
0.075597288999773	0.710455312795752	31
0.082906832671871	0.212404214356554	31
0.114368382604563	0.407946665193249	14
0.069114811938066	0.755779341681658	14
-0.032907131439622	0.597818796886628	31
-0.013497481042943	0.193980568559821	10
0.040755383116862	0.537081603050385	10
-0.058018087663359	0.889622025365053	10
-0.101966867293048	0.960439444384923	10
0.011885502161043	0.639262555439811	53
-0.026250339609246	0.742658048025526	53
0.065909165992832	0.305578689743901	53
0.06731475130898	0.232456196775009	31
0.10382313705677	0.213511775102226	2
0.097220571635401	0.194084219665605	2
0.036915577773188	0.174488222328132	48
-0.077102453077884	0.61794864035217	4
0.116063129101805	0.304162889676104	4
-0.044735056678817	0.787561102050384	4
0.050407590397493	0.254335295444779	84
0.035995078354658	0.28329985847273	84
0.067041473287996	0.31151037480352	84
-0.091073631746657	1.09651094565065	84
-0.010340670613532	0.745247140833718	185
0.033009759371475	0.162518619427711	4
-0.100295655285975	0.278157065442389	4
-0.03881892679651	0.383672607455661	161
0.00600369216336699	0.284969932893656	4
-0.00391070198145399	0.656633764056256	2
-0.103943857484388	1.01103671091329	2
0.108905185806306	0.350978584750392	2
0.118405481881518	0.291210985090956	2
0.082463318264602	0.205015351150767	2
0.052573065303432	0.615159883484754	2
0.120099186341994	0.0506614044068902	10
0.104279948629768	0.120706487279637	10
-0.022105670172851	0.301009648519391	10
0.124526692952525	0.13395981345058	10
-0.11805251592024	0.362264795174726	53
0.105786560083765	0.119287478445527	53
0.079953838741077	0.100458589343795	2
-0.098370775288738	0.322443559949675	2
0.010619327828848	0.112767583445325	2
-0.010074894835111	0.258108510428549	4
0.120004387317738	0.0506948092309395	4
-0.069593521832693	0.23052417675059	4
-0.062121054894635	0.17200967529508	84
-0.012342771620479	0.0949878856100673	84
0.023964821041909	0.251691801346391	84
0.040596697468847	0.184294376406049	84
-0.075693508379291	0.282408663148442	185
0.12427489734144	0.134252438612314	185
-0.062016240177997	0.171936365194497	4
-0.012751454534144	0.0951413787599827	4
-0.062859584512903	0.327371442623404	4
0.032855006528438	0.162610326965128	4
-0.012639345275702	0.0951253594635274	4
0.013898466033596	0.221096879276729	2
-0.002998892064143	0.205627775453439	2
0.05068229890053	0.253867614394484	2
-0.096577348500583	0.401786842887585	81
0.081552461443467	0.0994198442096607	81
0.00867309803982799	0.113761602596593	287
0.073248400462635	0.145555699376222	31
0.00121680916508199	0.428148995706534	31
0.042211488828491	0.195506159574584	31
-0.075102233194048	0.281762345342476	31
-0.020218697324132	0.2523435022149	10
-0.033708650585618	0.247654040829339	10
-0.078216411706829	0.323962609057767	94
0.111541818238167	0.105875361516208	10
-0.057040847926229	0.285625758295427	2
0.071446494262371	0.157915803838152	2
-0.09897608542524	0.155351305093608	278
0.118792184186886	0.0511852660156577	278
-0.012118504609081	0.0949293590143189	4
0.04338134435395	0.194250864596364	84
0.067645767019523	0.193341934971239	154
0.037608751625504	0.173851963861524	154
-0.00289582674952898	0.265812247186898	4
-0.032981791630825	0.183135087968001	2
0.015785190968441	0.133979904291158	2
0.11342883923249	0.137499410262167	2
-0.0793604713654	0.362756800361159	2
0.067706580068365	0.213260045191988	2
0.026923775210658	0.148243752713808	287
0.096037202732345	0.247319868829227	31
0.018142291010758	0.442074124314643	31
0.072412082653453	0.167249456692707	31
-0.079032816284652	0.362311488659583	10
0.022867247057271	0.239408795697012	10
0.07241628240239	0.156962246974545	10
0.045655980453934	0.204034540101721	94
0.121743336336958	0.16875453254229	10
0.103768822585487	0.163737771001752	10
-0.04206011848995	0.288961181086761	31
0.087575798082194	0.0804535027101956	2
0.119852985324481	0.0507505232984726	60
-0.057072478640367	0.374489914393552	4
0.033440413102578	0.162154691048676	84
0.101428878338301	0.174080090584518	84
0.028418365865514	0.258815511527824	84
0.09545597034479	0.146331471910096	84
0.014071876594448	0.301179030119209	154
0.023054727182671	0.239150214889578	154
-0.095753053905902	0.478493843989057	2
0.083648075240952	0.195067036947564	2
0.026920574947976	0.148252408037834	81
-0.06334313651311	0.449084589549888	31
0.113474973861951	0.321724214402409	31
0.087354668464426	0.428124001715978	31
-0.030181048375765	0.765115792713411	31
0.00561144918054499	0.384132041640911	10
0.00137848184607201	0.27608225181774	10
0.01242038943509	0.350028250895939	10
0.011439958046695	0.338715877579534	10
-0.092135576489013	0.577654278413744	10
0.096569440340418	0.202073809688373	31
-0.070335205235828	0.408032789727167	31
-0.068305000454918	0.369868194912603	2
-0.056765227890576	0.48499415081403	2
0.035760945070831	0.294626562830167	2
-0.082033332865671	0.404012525527375	2
0.02809044760154	0.147387635394649	2
0.119032500685426	0.0908526259937835	2
0.119038457269053	0.0510705259746614	4
0.027654401487706	0.147707137836161	4
0.123684147921257	0.112728850600228	4
-0.018992529280439	0.357270044169441	84
-0.00147383827286501	0.204153496798498	84
-0.061903966001147	0.446250330329854	84
-0.083669588834956	0.545812555070714	84
-0.08099995265862	0.402343871925632	84
0.081897378278918	0.205658795993815	84
-0.031941601424521	0.295769615236243	84
0.110963887262716	0.140262308078243	84
0.116910746100689	0.187859213973939	154
-0.012751454534144	0.0951413787599827	4
-0.00950008053909102	0.316837870856157	2
0.045505891546605	0.216280859953183	2
-0.013208096910827	0.193729015742104	2
-0.012118504609081	0.0949293590143189	2
0.081092036792959	0.0997248008186384	81
-0.105290984331183	0.672836997306256	2
0.030630119154373	0.280294151410973	2
-0.048827677977059	0.240602301193488	81
-0.032434330076731	0.182697732130568	2
0.082674061368598	0.682376286291196	31
-0.048235770488744	0.771316358987255	31
0.034271953079262	0.702505346686113	31
0.116876043091757	0.374054084732053	31
0.018791451630133	0.48866727795982	31
0.115730869855869	0.39743539471611	31
0.071809233211647	0.517810081629009	31
0.087785040075723	0.0803579600614856	10
0.015747946376327	0.356670682428197	10
0.066856958389211	0.286594800142012	31
0.121738958199911	0.143560410915761	31
0.120571582752323	0.145057949131347	31
0.096698984782259	0.194859876033203	2
0.067782286806056	0.249463582625177	2
0.080545387107472	0.100084112401236	4
-0.00704654386832199	0.418217702963452	4
0.035004452193425	0.284919170354114	4
0.078907310065351	0.116231109783315	4
0.045143241648013	0.204642018903195	4
-0.019844602128855	0.251912006058668	84
0.00690729371457899	0.283686141930547	84
0.078857735971942	0.251153810072711	84
0.085929815468209	0.183482326795844	84
-0.047394612490182	0.379213804014909	84
0.064687256292193	0.340647911272698	154
-0.00255454682009398	0.205179927535757	2
-0.01109215855394	0.259349522252658	2
0.054401019868042	0.316289498733671	4
0.040982041656252	0.184049313591546	2
0.109746412407607	0.237009577884487	127
-0.018103711692561	0.587597750388543	2
-0.00475540943842401	0.325070804523219	2
0.115275952001785	0.21543155976715	81
-0.013790856224854	0.194259167152334	2
0.074053278332222	0.144776547294375	31
0.00211650623294901	0.275096460778089	10
0.07264209331861	0.478111125568481	10
0.063506545881555	0.45208975419683	10
0.124433642085787	0.231079523309619	10
0.090176468225838	0.41842729077309	10
0.122549009333701	0.268023876241741	10
0.00259702278628801	0.588053037581674	31
0.047275945842749	0.374197651754554	2
-0.096031445364854	0.360834764020656	2
-0.11626818964516	0.545702593340154	2
0.0884616543244	0.079989337135473	2
0.027527168277427	0.558158068612769	4
0.102436262314932	0.312720976755765	4
0.043874479999955	0.193697295516502	4
-0.093090921987439	0.544383781634525	4
0.055909471265119	0.29439673236288	4
0.042151333664266	0.516252849864598	84
0.111686209203536	0.276671490964432	84
0.067011116540495	0.223788222826877	154
0.108444965192062	0.150594678810001	84
0.067118964893736	0.303099709040785	84
-0.084335360195923	0.681287910219709	84
0.00794953727199599	0.51500244231761	154
-0.001406286715121	0.334171792238665	2
0.109580290201567	0.107492246261901	4
0.066603232274757	0.214822962530492	2
0.067053452607896	0.204297339604556	2
-0.044816854254299	0.422151965591056	2
-0.038970293326508	0.383951538662973	2
0.092952899829533	0.322192898963304	4
0.094721774802461	0.147077687109269	2
0.100294936639269	0.132865664270208	2
0.056586538152265	0.321187397736791	2
0.09904025115485	0.308993040252762	127
0.086218013604811	0.183132529314032	2
-0.078233965476213	1.18106404309579	81
0.080167460881464	0.248849942497825	2
0.11734460075564	0.294052672325604	31
-0.033264292178754	0.964836338904206	31
0.03669131955342	0.491637082411128	10
0.122948898664869	0.297453699179186	10
0.016509903769904	0.892647338847028	10
0.122929613946049	0.471629272236633	10
0.062871355459511	0.487711052473776	2
-0.103056938877936	0.772933239968061	2
0.026598701678928	0.533672487762574	2
-0.05891729437613	0.788156510687129	2
0.073070759858978	0.500836347036087	2
-0.063940007413135	1.05098969383844	2
0.006089296009051	0.396550981558946	2
-0.013061340630482	0.193581985467874	2
-0.068890256386782	1.02869302439757	4
0.081859305539485	0.221902823798172	4
-0.087807085378353	0.873081707333544	4
0.109184737279133	0.396570992564983	84
-0.106018183871619	1.12353454813048	84
0.084311657186387	0.335963156243677	84
0.008679024819439	0.472529905222479	84
0.00696637461833299	0.440747639147414	84
0.021733634635179	0.510456904308274	84
-0.011166542457309	0.450159730871439	84
0.093893139194859	0.213501962552391	84
0.026432141712853	0.731360462795455	84
0.045588834734367	0.492526025196841	2
-0.00221599566430197	0.710980146967678	154
0.099865639573949	0.456517359313921	154
0.097605315545091	0.356336923576115	154
0.093199402511513	0.22909865025218	2
-0.084703875475082	0.682310180678039	2
0.025256445285525	0.250032057097232	2
0.015867186875703	0.475838453451311	2
0.066760636626395	0.224118859415874	2
0.014131986260083	0.300949940748652	2
0.122658821612288	0.289021168443692	2
-0.013454806282221	0.661988689490247	2
-0.114264875352971	0.672223969339986	2
0.037142653300122	0.672508054362432	2
-0.118235015195716	0.362441659192938	81
0.111878234634442	0.339292003391013	81
-0.00765800066323003	0.517519248512728	2
-0.007036939406738	0.91065057261194	31
-0.087235008081063	1.98996743809857	31
-0.124647213214704	0.322256720414541	10
0.090909171475567	0.240371219137758	10
0.040485088518281	0.622177768376917	10
0.094257232019534	0.424045161656962	10
0.101879976332159	0.319152689934863	10
-0.073252840390362	0.949351429219666	10
-0.00158058667174699	0.746527345835829	2
-0.107580348248238	1.26325607950914	2
0.068651951735588	0.425493706352055	2
0.057090059206148	0.497883369349974	2
0.046194129102945	0.215469907245048	4
0.105721439904307	0.197293368075698	4
0.089993274623836	0.249163809687429	4
-0.00286632834158002	0.571289525144695	4
0.078762538425594	0.347273406421366	84
0.041228275048362	0.438716091497653	84
-0.094163110283993	0.75420110098289	84
0.029795083694481	0.490597780569544	84
0.084115943943553	0.274837567997528	84
0.04759463507772	0.355026373057195	84
-0.106384229686098	0.675899890671965	84
0.074054849260458	0.314966348773068	84
-0.00733045472326399	0.622070803108753	2
0.069655985195825	0.381901285922714	2
-0.090020111648585	0.968447516321305	154
0.057155735446573	0.45494409479619	154
-0.01429126334373	0.695942143274877	154
-0.01670989992426	0.5363505249756	154
-0.010688237699354	0.258872412286861	2
-0.080652191144538	0.401738397007686	2
-0.090739982203675	0.574250763708555	2
0.046352518818253	0.328445199288103	2
0.123372720874213	0.20226495615014	2
0.023166705064792	0.401162541919908	2
-0.069385381641624	0.819738994993061	2
0.124860586769394	0.248428318523318	2
0.026710703666262	0.404109699363139	2
0.11735838785381	0.187101991488501	2
0.073122966384165	0.317077096273536	2
0.03366086517266	0.514682910063895	2
-0.062732436617542	0.589144859715097	2
-0.051084270805966	0.332733388065143	2
0.023287571495435	0.578034647334593	81
0.00624271660588899	0.629180182648966	81
-0.042410034703829	0.618959920837447	81
0.089123502869935	0.305892353497045	2
0.109011923666134	0.664025791123302	31
0.12017552087974	0.475096871256342	31
-0.097989601064101	0.322228176899858	10
0.013435498103724	0.418628841732395	10
-0.019227511003786	0.492080250118433	10
0.018588578879901	0.764285676556422	10
0.039399330717089	0.829368990094004	2
0.019216090845537	0.995165090082902	2
0.073229082668729	0.616869369541745	2
0.042843680312386	0.744021312313915	2
-0.013328658164578	0.944957425799087	2
0.019555336031543	0.922422040897275	2
-0.039256164812315	1.017498534496	2
-0.032564667131034	1.20234180023734	2
0.029611804025767	0.335206951504992	4
0.105417002535913	0.321453089938165	4
0.029281851470058	0.742285851649432	4
-0.084035717045301	0.989336575921005	4
0.039206515503439	0.509494949949797	4
0.122117913730242	0.311337247514177	84
0.019092430125154	0.729346468895982	84
0.109899909961798	0.35384965462824	84
-0.069577018181524	0.820562266126032	84
0.103560847894712	0.41538693233905	2
0.00330002712074601	0.814363640571864	154
0.124228155304882	0.159521618500307	2
-0.074004467317989	0.480944765043224	2
0.090122005782127	0.329492161465536	2
-0.03469252163049	0.67621737427734	2
0.011222407351071	0.575219977617441	2
0.119933101170437	0.268789113081234	2
0.097123320224403	0.272438398172974	2
0.090778802637064	0.28376995766716	2
0.094659201634772	0.676216231528867	31
0.123777924020255	0.282190403176295	31
0.056680838940977	0.347272330629319	10
0.047896830369868	0.247573200860263	10
0.124289155138786	0.384182737453748	10
0.108105780498834	0.419256319213917	10
0.029811111282974	0.813641715510253	10
0.097778963718584	0.432765199478399	10
0.045152278047764	0.739114384895011	10
-0.064612424764961	1.5251330153739	2
0.048583123024783	0.665532625494581	2
0.042357987044636	0.653033004345401	2
0.015345448254128	0.841657902279489	2
0.091773892803365	0.524384358548878	2
0.093514449202233	0.533473108366013	2
0.046133795786429	0.3289284025631	4
0.096598224315009	0.500709376365842	4
-0.03831102246507	0.991858057987357	4
-0.017614385545099	0.9328002357662	4
0.090253841916084	0.415299459727069	84
0.079019215311263	0.38455606348763	84
0.087078782461894	0.328961514673386	84
0.110517925319439	0.370885266644824	84
-0.082044988553971	1.13132436268835	154
0.043018879487613	0.672985558416861	154
0.102458772099538	0.364864571252864	2
0.09504623812066	0.469054493141632	2
-0.040535280179445	0.689926246171618	2
-0.078079777642256	0.76066602636746	2
-0.066952229158479	0.658806321655545	2
0.00664739540291301	0.568688000543781	2
-0.0360683728314	0.760861377940632	2
-0.02318568410873	0.81900410309632	2
0.052596593435998	0.593782661122919	2
-0.020707984021155	0.894337785263404	2
0.018339526190953	0.619581978551639	2
0.06160319502517	0.582499868879934	2
0.111641668886761	0.385451786603496	2
0.120253219999418	0.368735520441846	2
0.116204224613236	0.291297578262723	2
0.040653684675934	0.504858733869486	2
-0.067808691853918	0.761390424227366	2
0.106756557572429	0.353295625016588	2
0.00192857496426099	0.826772755771133	2
0.045941141683564	0.467089631668777	2
0.110953828891065	0.292395265881389	2
0.102137070154062	0.650371769637267	31
0.008273292535489	1.31232787179858	31
-0.051241815566414	0.594592865997091	10
-0.084437191534154	0.480139369643169	10
0.029349364536634	0.428925426980725	10
0.079914030279633	0.485792197886443	10
0.063350521047075	0.703159783638967	10
0.098313156226453	0.501400664929003	10
0.080738201730021	0.537640988906711	10
0.041389479411536	0.638314247510174	10
0.018205728210987	0.821761444173436	10
0.12058330443574	0.389123282867942	10
0.090415827498605	0.50322428458732	10
0.05406076746019	0.849281847202187	10
0.112266646789019	0.441851706015767	2
0.090407886141792	0.511628754105849	2
0.124855178345067	0.385020886682289	2
0.021740113179457	0.694287454981489	2
0.069863309644789	0.421730115743549	2
-0.033847141944012	0.505011173772328	4
0.101928350088614	0.371267837422003	4
-0.022350500729971	0.858927696077222	84
0.074252036173339	0.442004279056864	84
0.078148061781901	0.501176615332494	84
0.031167853722875	0.531906265064648	154
0.011762999267469	0.620086735342539	2
0.038972709918198	0.564038531767668	2
0.013892222663506	0.719974023106374	154
0.058010679574125	0.480817003112148	154
0.042336350206635	0.64543943923645	2
0.124789807798331	0.182471445309596	2
-0.04537735754883	0.752472216225464	2
0.00887359931842199	0.71179582595813	4
0.10720593321371	0.351913131805018	2
0.03490210743342	0.608609331025658	2
0.10596366072774	0.380153933608977	2
-0.057070652577928	0.861768528421368	2
0.064992441075418	0.467266115737099	2
0.117446405019799	0.31989281222692	2
0.119635932149282	0.322834017494132	2
-0.102161048434382	1.06452440418673	2
0.112478454941573	0.360212808273416	2
0.078902639782545	0.366195184944239	2
-0.072384104869198	1.17238528782443	10
0.103055020217928	0.397284602852971	10
-0.014124691227648	0.707328945026251	10
0.071079686494008	0.418100919920278	2
0.050283152675871	0.449564726288638	2
-0.077139866473795	1.2780141866393	2
0.104044441269465	0.44599976764205	2
-0.12068038057989	1.24068863958166	2
0.082791708152984	0.424685520870389	2
0.038767051542218	0.786495673775458	2
-0.013613661089691	0.776627610163921	2
-0.017761436285813	0.854801656893617	4
0.012053650147726	0.673640706066025	4
0.12340437426707	0.336446338429785	84
-0.084521539042471	0.713181400188741	84
0.051663077781578	0.413686514113219	84
-0.038451673108369	0.58328923958278	154
0.092260133663989	0.223502037374984	154
0.089708310253722	0.388445044701846	154
-0.014247895844634	0.838575582226606	2
-0.08963140443145	0.759947043344155	2
0.094967818904865	0.255889877458352	154
0.033329758342442	0.437907512723798	154
0.105329401361231	0.262393679311993	2
0.055784400410408	0.405934581092663	2
-0.115915410589877	1.09806721011741	2
-0.109954954359816	0.983970912942323	2
0.016946218447534	0.422324905306076	2
0.011419315018962	0.351886245002889	2
0.12164433931954	0.168919363468725	2
-0.05548440723523	0.870442713919516	2
0.019652471765837	0.726836182686789	2
0.07607148261513	0.411739247319554	2
-0.019888431205496	0.736092364425877	2
0.104768126265111	0.373299517824034	2
0.101068605879004	0.348174354737518	2
-0.024263211345268	1.57939781541028	31
0.082976956089844	0.683803551136587	10
0.117483416789718	0.432509006915802	10
0.124833953194319	0.336749861142636	133
-0.013221546524829	0.995431045449641	10
0.036034375604416	0.665893853624425	10
-0.024470256219181	1.0440851710165	2
0.117268350690616	0.316357060936904	2
0.089326966837423	0.455061876008898	2
0.093065141058609	0.416060305128451	2
0.044945228861713	0.576676698417119	2
0.077705764348347	0.528479013626222	2
0.026167444164076	0.861244737058423	84
0.100512159238662	0.531310119037267	84
0.057785860147511	0.353161140927482	84
-0.042709136591233	0.922470791946126	84
0.100033727160223	0.290553158565856	2
-0.00736193235474197	0.922839556604901	2
0.022344549513365	0.508607259465888	2
0.067412814377741	0.544918493065435	2
0.047840942971956	0.580520284494128	2
0.047317073612134	0.689812289643154	2
0.03139505396825	0.661031300180698	2
0.107238945634409	0.486046422457442	2
0.115273203317255	0.344497209066267	2
-0.023946165731709	0.935881732217401	2
0.113540582505669	0.315521279342825	2
-0.034061497778777	0.462443730688202	2
0.04502355697713	0.388551706380768	2
0.046776945237717	0.685158773393984	2
0.105929878993239	0.491845680806113	2
0.101894540159075	0.514368009274418	2
0.0727661273943	0.317853201988878	2
0.100617087089506	0.259139498583233	2
0.087180553712242	0.401664293334493	2
-0.029564298060645	1.11090672165257	2
0.00451090116685299	0.501954340120594	2
0.122435373906369	0.350536362806257	2
0.05354140297277	0.800512769641595	10
-0.10346245785521	1.17060632854343	10
-0.024398159437938	1.02475107785804	133
0.095291790220942	0.446882726206122	10
0.087445640216163	0.371159586900101	10
0.087968752592996	0.296166010834365	10
0.066429068846321	0.586390010880747	133
0.100788311083018	0.358584863452455	2
-0.033740675552465	0.77888915821056	2
-0.087406580240453	1.79147016785998	2
-0.061796275518535	1.04074888374049	2
-0.031827111067008	0.388885209839112	84
0.021089080781826	0.314837602513053	84
0.073336635901849	0.544022530287771	84
0.076310087914624	0.287553699627264	2
-0.077439964650342	0.758329020517673	2
0.01625773409133	0.496035708621825	154
0.01309752985124	0.419385371765292	2
0.064780496165444	0.436962729479769	2
0.069863309644789	0.421730115743549	2
0.06516138447639	0.486352584104482	2
-0.093092600378026	1.51800058054049	2
0.101357054897021	0.352095229246566	2
0.035926888131015	0.637475960280687	2
-0.115460153903885	1.09603574443145	2
-0.012773515059789	0.36209928928885	2
0.074515145314842	0.648388680380759	2
0.031084317899191	0.730387137003506	2
0.050187501824214	0.654017071733758	2
0.124816155016017	0.18237409357488	2
0.009542399597432	0.673587102909411	2
0.095520214168671	0.455708222260521	2
0.042805611670674	0.741122125561997	2
0.069276455166558	0.617381847160751	2
0.018601317654313	0.935238354489794	133
-0.017634956441057	0.99255038080281	10
-0.100829642763338	1.42132336238165	10
0.013537255372091	0.623552505785805	133
0.079436670296291	0.476235715901295	2
0.074431354959137	0.477657925569978	2
0.025900214593567	0.82318351256311	2
0.087897881238601	0.588168909180748	2
0.045761441919157	0.483828840046475	2
0.099276397881409	0.389333502578292	2
0.105856127087622	0.384916333801134	4
-0.099646314878874	0.71596141407008	84
-0.00323960994526601	0.530057013658375	2
-0.100475061834324	0.954339235350034	154
0.115250803389123	0.238009343840706	2
-0.090730466491067	0.982270385897205	2
0.11749796341061	0.366282176646825	2
-0.022883464588009	0.817639573918685	2
0.122049494019579	0.307747102593002	2
0.02105399207338	0.66993251074008	2
0.042523519884911	0.55436856459547	2
0.085420286198483	0.445826467009338	2
0.109501483675117	0.349132210407606	2
0.046946950496037	0.503824856562418	2
0.091315292760695	0.282575041270454	2
0.075862696867307	0.469010965327285	2
0.092423861085149	0.455721169783802	2
0.011642403563472	0.842097171060959	2
-0.034547505918822	0.978603457325312	2
-0.001743685129169	0.48199235382082	2
0.10468098770263	0.263846915977093	2
0.080152483578108	0.573593133250952	2
0.074853030143875	0.440022091488637	2
0.097810338832961	0.345707786543466	2
0.066094679440438	0.624198270372425	2
0.037527415773769	0.585572842581916	2
0.075135033074313	0.530849031267332	2
0.047481705884866	0.425127949522637	2
0.00592277101914701	0.73999131229476	31
-0.012118185718124	0.638283965363988	10
0.08084190045436	0.722889677346205	10
0.012324917700937	0.741834155172856	2
0.04575951728036	0.604018061602132	2
0.097070511418909	0.430595717594563	2
0.049270040432672	0.676572547789282	2
-0.052934813547182	0.418965761134571	2
0.108581816644064	0.26240165279873	2
0.014117753740585	0.559610383485692	4
-0.059469973043362	1.05290409157512	84
0.104656332782727	0.323525997939661	84
0.07027036528702	0.400647899240378	2
0.108179495212803	0.348911409008303	154
0.033153581338394	0.752987527898983	2
0.064389651963731	0.655848372864402	2
-0.018576150214187	0.834980409597703	2
0.105994918096091	0.335585439679498	2
0.124507843915734	0.230915686339778	2
0.096577063668642	0.481400638858192	2
0.04561342064387	0.309284695695967	2
0.056291986015093	0.52875926290704	2
0.104317400188629	0.363602061579371	2
0.033217028858246	0.824683722362007	2
-0.034470493847567	0.587500247414645	2
-0.000176763662628976	1.09052827871996	2
0.120293944457486	0.25334236570491	2
-0.00920040821943402	0.910563946866426	2
0.067176980456724	0.311220056143029	10
0.075030771353909	0.787750084011894	10
0.101266260543304	0.428396372077097	133
0.099948273761681	0.544961279911578	133
0.119882442893841	0.451905815006556	133
-0.036143135656311	0.9055811981522	133
0.053767240359557	0.462154054252207	2
0.084449493899642	0.41365531921033	2
0.00223753748128999	0.724691356348742	2
0.058641281100034	0.581588749227809	2
-0.052751056864247	0.524616087264337	2
0.120729846819951	0.194769241646492	2
0.090638512141634	0.284082278765417	4
-0.019954751114434	0.613640719096805	2
0.099614755243944	0.43729549900366	2
0.082695380201545	0.411167929701041	2
0.101576170226545	0.377105702051626	2
-0.016601707303832	0.648162203560603	2
0.072526502746128	0.614872792132559	2
0.119471109362995	0.364797825427397	2
-0.024421177533889	1.04340939022633	2
0.021385382959953	0.491446166089754	2
-0.087745992730135	1.20839433511742	2
0.073171696062224	0.451594463627807	2
0.098605289305739	0.242384012418103	2
0.091991335783066	0.274854286904223	2
0.043172093284963	0.672337403849751	2
0.079213076237697	0.274143680820024	335
0.098435700190248	0.523833026947379	2
0.00858760869403299	0.562667746205599	2
0.076654544339323	1.46941420445149	31
0.124618523118166	0.215824986704468	10
0.118866111037534	0.124504096772978	10
0.006746589568562	0.596073180673626	10
0.102811320231751	0.306668050464553	10
0.109936820388518	0.551544045831771	10
-0.075202394768548	1.67877875258175	10
0.105314149478688	0.419476956234544	133
0.076339941976079	0.429137339748927	133
0.096207308578675	0.321618368285726	2
-0.008879725933371	0.721687881249517	2
-0.104652415419382	1.17664186490369	2
0.040086896127897	0.69077792767764	2
0.105670424656811	0.341205193314991	2
0.08271869763555	0.196322704057188	2
-0.047015258599876	0.573800683450386	2
-0.029494044117458	0.707611436717089	2
-0.067515478497809	1.08720563986785	84
0.071867206282397	0.553664518174934	84
-0.114527655048634	1.36664384220861	84
0.119951516576029	0.317950728266839	84
0.074702559544352	0.440536370916568	84
0.115666343933353	0.337545090405355	2
0.055708528546414	0.563146902174813	2
0.090201811657587	0.504172198994352	2
0.079272919144901	0.45134369265931	154
0.116952226813211	0.394378384062739	2
0.079912777332804	0.462991559512745	2
-0.00900538058044698	0.887767754085617	2
0.111553809592429	0.329787685841702	2
-0.107799688387064	0.833966545386859	2
0.080954302008859	0.223309792667678	2
0.018913874669334	0.804250062320286	2
-0.092666996551702	1.47875040779947	2
0.076240109757923	0.575593872202711	2
0.043197315143651	0.70641312943308	2
0.035679152844335	0.283835237247963	335
0.109512283760281	0.331644814332408	2
-0.028874882915996	0.670976436130776	2
0.073612446715417	0.599463246400606	10
-0.055159571128927	0.605391730947499	10
-0.10830796198739	1.04107255723409	10
0.024962253728636	0.529506688372514	10
0.102379975376797	0.503108823447285	10
0.110348708627302	0.456998104653776	133
0.099164404992614	0.472649262118814	133
-0.048832927580918	0.7499674601902	2
0.063460899759026	0.410245651455795	2
0.032558050008605	0.458755611619423	2
-0.00537527573452001	0.464704821624213	2
0.00578008419937001	0.509918613382573	2
-0.095535247313826	0.92422930717835	2
0.122334275748717	0.209104112084484	2
0.071354732109	0.320940755290372	2
0.052333990924052	0.458978947599542	4
0.055310471601139	0.467932006259382	4
0.06035352271649	0.583922096807562	84
0.112004971113653	0.291660803405028	154
-0.041088384996894	0.787721551556267	2
-0.080213831953356	0.962863462342435	2
0.042833774132584	0.513886070605079	2
-0.025217776607084	0.985973774503299	2
0.114795143137516	0.197179085859783	2
0.124953192596407	0.2105969911249	2
0.088051187349208	0.308476652925086	2
-0.07115566219696	1.07391787341216	2
0.003113197150378	0.663276002419492	2
-0.068740007407178	1.02796879305585	2
-0.076807016320762	0.884051232130489	2
-0.087514770094277	0.9009962678386	2
0.124528731863345	0.272433745404959	2
0.074558265496611	0.410303968470812	2
0.036912994856297	0.364364607034956	2
-0.025698449814016	0.86143139654751	2
0.026697527259102	0.707986978834048	2
-0.026154793135271	0.883494430466587	2
0.022535216471845	0.508025788735832	2
0.078081977438971	0.568272920109232	2
-0.00773181348526503	0.635377988078867	2
-0.055381305547899	0.676050676896301	2
-0.093847515281344	1.17722846926994	10
0.077195448714634	0.665482574296073	10
-0.111871130607051	1.61925882063576	133
0.08873022109858	0.505455889199902	133
0.096919587836326	0.416776527041682	133
0.124758427903145	0.288536998270941	2
-0.00217824575123998	0.72770356200315	2
-0.057875356849135	0.974407680314545	2
-0.012732152854639	0.981407221070613	2
0.066906515097741	0.303575040659518	2
-0.097351873821541	0.991571155648131	2
-0.01159378637788	0.895632896048597	2
0.116420270277557	0.344854714737122	4
0.018282587718237	0.686587793148854	4
-0.11017917998005	1.36124091393738	4
0.016997238518209	0.720076287064213	4
-0.087345958307316	0.929064047452895	84
0.123546727458751	0.282783734549373	84
-0.021320986923321	0.696765022584919	84
0.095897948294215	0.371494602738816	2
0.085925120206936	0.392417541206857	154
0.063177712572656	0.418161371367069	2
0.084066351712699	0.420372000953071	2
-0.107754150220503	0.975207119840558	2
0.100214985415568	0.328865850812909	2
0.098792769006783	0.342929836043434	2
0.068487623555162	0.515648863955824	2
0.12387039198809	0.340018738894169	2
-0.030980786903031	0.734090759624783	2
0.074397388873628	0.516168799469465	2
-0.119018084925869	1.44803928554054	2
0.120276641955202	0.2859662709849	2
0.064068246788935	0.436632832787684	2
0.028774591623159	0.74139610093881	2
-0.087514770094277	0.9009962678386	2
0.011091020455916	0.565168442506859	2
0.037533727896496	0.462679294633142	2
0.073354195623561	0.549801420542949	2
0.043769161607655	0.565586022525824	2
0.114244263565447	0.300878765732259	2
0.114476998341529	0.165365825603441	10
0.124662000899244	0.321464191226751	10
0.027752967958785	0.759337679292377	10
0.12240228716881	0.479773631797653	10
0.108229990722803	0.516715822327634	10
0.12028856869754	0.426014962875999	133
0.095745851732173	0.550631783988069	133
-0.033843013957443	1.24520214163097	133
0.082902414385529	0.530800947108143	133
0.062695358954001	0.548201913123818	2
0.11236663070433	0.323238150858315	2
0.026622142847089	0.660028506543345	2
0.016301472206969	0.761713611292191	2
0.012173603909595	0.396608811186393	2
-0.053797947847082	0.712170278277483	2
0.092132548093383	0.324347333110055	2
0.054700302796106	0.510203951333547	2
0.056145881981084	0.63682262546637	2
-0.00742316352894601	0.862782958034978	2
-0.016113872965074	0.721435876209206	84
-0.026225600647842	0.883806558382852	84
0.080764037559866	0.477011439795796	84
0.021603939168616	0.676883157169016	84
-0.076105911020161	1.17644319424714	2
0.113097545899334	0.36627540165759	2
0.103505912858593	0.361566862106911	2
-0.00784512812763999	0.746094058917319	2
0.093577389485989	0.431540057089978	2
0.105804341869939	0.345336854658158	2
-0.025476735794593	0.685764774986887	2
-0.019749336794032	0.901530852339688	2
-0.094296070808654	1.29329965930737	2
-0.103807539050269	1.20215023642568	2
0.122898075340726	0.325551999259333	2
-0.03071359194411	0.866013882381581	2
0.100873896505388	0.418774179971028	2
0.091623531328205	0.40025225338416	2
0.123796587544736	0.221854973951821	2
0.042679686526812	0.4517551960668	2
0.120484896338693	0.299064864361846	2
0.094170125955274	0.359155249567145	2
-0.017561882081424	0.619067106259554	2
0.124169441863121	0.31931907696718	10
0.109898504076159	0.553620744054699	10
0.098528260832541	0.577278414101596	133
0.053588150619709	0.802641977817781	133
-0.034498435240122	1.42526181792453	133
0.12091040469334	0.402616287996951	133
0.022841697559834	0.774613953686102	133
0.046548466998764	0.681983382772827	133
-0.015686972152586	0.845394969386465	2
0.096333440445748	0.384954485477702	2
-0.0114085698886	1.02754354639094	2
-0.010135901163417	0.715370995546079	2
-0.01938567318181	0.624768900194475	2
-0.099554725474258	0.815416595098414	2
0.00168563095024701	0.630463929075698	2
-0.022443217825561	0.81546605913762	84
0.061521328068167	0.492335996521123	84
-0.023556189918069	0.871226604362794	84
-0.110289549304119	1.3506600073497	84
-0.075689886763678	0.88019139500104	2
-0.095083873863507	1.15454761834399	2
-0.035670819675313	0.896102811441835	2
0.091310939854876	0.367627856860885	2
0.00191036527473601	0.667834994105307	2
0.121788809373794	0.321590134266934	2
-0.00471956848810801	0.794100247619369	2
0.059282012983888	0.483496406871823	2
0.04111460040099	0.627373646968699	2
0.114038008618332	0.328374561809752	2
-0.061596324720245	0.798241170880524	2
-0.061279000505439	0.703946894888023	2
-0.066834611250254	0.826985659334154	2
0.086411946200078	0.431484589999622	2
0.00482581277151201	0.807168249209348	2
0.076302701206669	0.404981824864121	2
-0.056375917631016	1.02048727833247	2
0.02239987365484	0.741467159982186	2
0.11755783284644	0.397212380009344	2
0.114418361579558	0.345608130694007	2
-0.01204578538183	0.840092984520618	2
-0.013464236633823	0.752350067882788	2
-0.024352220588753	0.792315879060969	2
0.11846753916757	0.312835655119234	2
0.035372510080562	0.615026345465604	2
0.05542492724493	0.73875851848728	2
-0.043117293032688	1.24371549200202	2
0.119870485274759	0.432400660717167	2
0.094017737994025	0.449606189927153	2
-0.011406262990843	0.877012228301178	2
0.028791172949894	0.685529076246963	31
0.109531145143843	0.184899517257476	10
0.084442333319939	0.353810182322572	10
-0.013478223668095	0.764367879548543	10
0.110958645550452	0.331685710588323	10
0.123784876503719	0.494098439540669	133
0.010213185949565	0.897539134633822	133
0.015595379821118	0.545025166464335	2
0.095672244876695	0.480706298581801	2
0.116321247012916	0.267221505443177	2
0.11162146492068	0.17552542119462	2
-0.063340985228241	0.479274196097516	2
0.050884324731075	0.463484903407528	84
-0.064398232319873	0.766387342765879	84
-0.00874610492910599	0.596416766137647	84
-0.116109103208316	0.874406790199785	84
-0.03089014493252	0.985384257415616	84
-0.00528502866825498	0.746491800113188	84
-0.037250508696408	0.958476726339142	2
-0.112480572173712	1.32357284210117	2
0.068370426961749	0.528604029988042	2
-0.028401014664227	1.02947306820257	2
0.015682716036583	0.356790113292556	2
-0.031404270847903	0.889532499619133	2
0.11324548936377	0.51277979723571	2
0.118081028682234	0.352783358287118	2
0.01067170739946	0.518092406743449	2
-0.028652769353151	1.08156653208019	2
0.093363779506334	0.406930307772774	2
-0.033074766870071	0.783731280861385	2
0.084194033676791	0.342386098802924	2
-0.051614474920149	1.25970844488591	2
0.016476253730488	0.495386999543864	2
-0.072287650100431	1.0034103548495	2
-0.042418707667221	1.26343949085288	2
0.043341530854208	0.466661131559912	2
0.006758683925989	1.00518912175048	31
0.114108163142763	0.499090764137308	133
0.071553384148802	0.727265034236453	133
0.066469706567295	0.561311445134851	133
-0.1130919346084	1.87870645124872	2
0.111373486655056	0.398607831152798	2
0.026551451725948	0.932021423437634	2
-0.024315731805704	0.613886042805213	2
-0.043644203098835	0.420176015150872	2
0.098988432454369	0.235212049338177	2
0.086959346265221	0.262137717329733	2
-0.115109628207372	1.02874210781712	84
0.017515127442182	0.769336383458094	84
0.07851154778743	0.614171622786439	84
0.107728652824763	0.374283691655695	4
-0.00717044004282602	0.833317722629358	2
-0.07039262489661	1.25165165541605	2
0.053027909576979	0.441314063427911	451
0.122035768900598	0.204699950776117	451
0.022119660292755	0.765475850594797	2
0.104261896889077	0.388558916195046	2
0.056719940577988	0.448879148311954	2
-0.062998490415227	0.80314588411257	2
0.107445415886505	0.383943923419477	2
0.057771905348771	0.318696234314599	2
0.036201827997297	0.697333161927688	56
0.096316022479085	0.484412179617945	2
0.119799998240021	0.40842811087498	2
-0.067129957728667	0.879832208917922	2
-0.094130282679992	0.816954213506462	2
0.120288842171337	0.303485457481457	2
-0.010717776698383	0.676170848578698	10
-0.060662025413647	0.900584514897325	10
0.119998827386229	0.576619038000197	10
0.09322053998724	0.735782294222609	10
0.079503883056532	0.717374275799869	133
-0.00526673746155099	0.911924668349843	2
0.108643352166665	0.520441085752923	2
-0.043893749872178	0.420567099328529	2
0.066612519918531	0.287056038605687	2
0.115976128158851	0.50555652536376	2
0.05279259429744	0.457572355324234	84
-0.10095348970098	0.894832709106502	84
-0.095840364454663	1.08248911962269	84
0.039029085392155	0.518350746886434	84
0.083591178836445	0.547183539137949	84
0.076874603743759	0.456984495265219	84
0.095194107202191	0.484356901835935	4
-0.05243561807959	1.50810680322965	2
0.104824256775634	0.368546336272733	2
-0.086885267726963	0.751523704860085	2
0.027972184514985	0.854457325654842	2
0.09421358986644	0.439073829028925	2
0.089128642310552	0.36069234371944	2
-0.061015979143107	0.940863629606152	2
-0.03465619325531	1.32560130315841	2
0.123769949382359	0.408529635214004	2
-0.01084424556339	0.954124493998717	2
-0.098182399790079	1.46187915700483	2
0.105619304049921	0.237286612646778	2
0.094257316761503	0.601761446340103	56
0.088954433997753	0.484288753389771	2
0.015006385521515	0.415086122581358	2
0.079396624614989	0.364821542261151	2
-0.033768959284032	0.695374016931294	2
0.093699864118014	0.58655643665809	2
0.039055389192546	0.51004382364386	2
-0.008835549951902	1.43659359999235	10
0.057003898869731	0.801659946865654	10
0.068783938944484	0.730157934806289	10
-0.051423292796152	1.40652883726645	10
-0.040199858882829	1.19172109044246	10
0.114409919072162	0.431067663748122	10
0.083935477366146	0.51594499962081	133
0.032925034566872	0.80460441807795	133
-0.029703115105319	0.874534175758898	133
-0.00322608182483097	0.732020341831107	133
-0.121588942938511	1.41087510359574	2
0.124095023044372	0.285088621369606	2
0.079177248631881	0.422571254220329	2
0.112111881264495	0.514818164600672	103
-0.00253677519961698	1.09463871530304	2
-0.03919147901131	1.0910717125175	2
0.083948570666947	0.439806262816535	84
-0.100760895710471	1.30405607106109	84
-0.039725151426142	0.957119231507931	84
0.093832129291683	0.492897243309367	84
0.063739934131395	0.34282404026743	84
0.106401023021463	0.318676217796239	84
0.104255493948465	0.383811340094757	84
0.055075514417113	0.400089999083645	4
-0.102163360440984	0.899366326259895	4
-0.011172042429678	0.635066322680817	2
-0.054735356659734	0.843484125744298	2
0.115850975130212	0.272826339792633	2
0.111475435509369	0.312828350162184	2
0.092001214999833	0.36025171171711	2
-0.032880901719107	0.842628078253331	2
0.104356799502446	0.324396784557693	2
0.012748231692576	0.715184197194484	2
0.101552463575113	0.341917702978347	2
0.102114897878829	0.405129604492008	2
0.106247725998498	0.314277338609458	2
0.100898405308259	0.264244808979161	2
0.00887640494570299	0.711850471153893	2
-0.0544277557539	0.987813311479989	2
0.01057190293035	0.759470304094432	2
0.060676813872252	0.539572400731164	2
-0.016291483538415	0.535162971579091	2
-0.11098467756539	0.998799275643513	2
0.033749879446137	0.464533788506209	2
0.014005750939735	0.480995094791751	2
0.084442536619374	0.521297847105638	2
0.08843720083129	0.523259358280323	2
0.008108260089632	0.786154323253396	2
0.087458647349668	0.467199912736627	2
-0.04553605530336	0.569774330758125	10
0.124113456274226	0.236027567522246	10
-0.07873625578606	0.685023225604222	10
0.015158978186662	0.414676916884573	10
0.00878430150772699	0.403905553496284	10
0.049056157779431	0.234875988871685	133
0.118354544405747	0.125053756702282	133
0.021037985962706	0.314912507477511	133
0.00665422059388901	0.284055745273162	133
0.081345929810573	0.254528205894871	207
-0.000841091447411013	0.695019798806769	207
0.122411508682644	0.16774636738461	2
0.053553936751486	0.279045300495558	103
0.108146758806669	0.18699969433728	103
0.069475470407139	0.557614387962116	2
-0.076982437260626	0.813056194755328	84
0.124309554256541	0.134196619323719	84
0.021019934890647	0.314964125257612	4
-0.050750565195391	0.332400727317301	2
0.071782835915922	0.157622004580011	2
-0.012049639011277	0.260404893760355	2
-0.021116223208385	0.401121022354003	2
0.110444555620476	0.309389032577933	2
0.111036390927647	0.409760190028711	2
-0.027115039964788	0.712234813895974	2
-0.118643495949038	0.93051279942585	2
0.090284991157455	0.248623665756345	2
-0.026758329406471	0.353457952370411	2
0.01706795065496	0.366689487053538	2
-0.083196606134666	0.612567533652502	2
-0.022271564835804	0.522723757904327	2
0.070993817171662	0.168851496002735	2
0.03873269209857	0.289692659901993	2
0.033437819536157	0.533329792733666	2
0.122584091330063	0.243742968499061	2
0.119611058615977	0.0904357137632272	2
0.00888600780356499	0.343501656870971	2
-0.030285710934435	0.512590463209665	2
0.030834282121959	0.344338290642863	2
0.081469771075404	0.30149412353771	10
0.07340699125024	0.358440290995008	207
0.076648861956921	0.286991416231593	2
0.022903212502437	0.461494344458283	103
0.056623203663772	0.321083548655213	103
-0.016327296556139	0.499401258054421	103
-0.024717705561706	0.529038258111427	103
0.047150802573156	0.787740146388081	103
0.03619216281552	0.749259611378539	84
-0.087516135721718	1.55376080566595	84
0.094354674305051	0.147466646303556	84
0.094613042855668	0.295508717051772	84
0.105639206732804	0.119428522472401	2
0.050340957905878	0.254447056094247	2
-0.078700453696882	0.324518879614959	2
0.068343685304077	0.426160394009184	2
0.096711344283954	0.201869053029363	2
0.123226282762311	0.260496401497891	2
-0.065860357643389	0.515676928172187	2
0.124701642028	0.11174385839304	2
0.00600253876125401	0.801628653317025	85
0.034883321419858	0.785849233323977	2
0.099422774874736	0.302737086812158	2
0.080478008507378	0.303651526658982	2
0.031743392141194	0.353736275459114	10
0.08895372265296	0.258248738223729	133
-0.036793380362154	0.424392549551184	133
-0.030214562787981	0.470789332512907	133
0.105231134114531	0.285399035334878	207
-0.058158082962163	0.376082487200574	207
0.101360691400512	0.257578592195318	103
0.076297843986131	0.473591130106538	103
0.075975790231951	0.546972284615874	103
0.00818308076256799	0.845709375077784	84
0.056964432649082	0.51929904250219	84
-0.081672095111948	1.02303988404098	84
0.072712110463124	0.146054480084538	84
0.055193578226309	0.391843031794977	84
-0.040308127758499	0.386218885534362	277
-0.041194445239297	0.460326915144412	2
0.112859061113355	0.138181476722102	2
0.093566701396698	0.156930026397727	2
0.038996358606265	0.186008183714477	2
0.038979635407732	0.300092576853405	2
-0.045917894443142	1.28160422853306	2
-0.05812931776202	0.735699884480936	2
0.081091727892818	0.322250063676656	2
0.018865880788785	0.498918554431636	56
0.038043166569958	0.521513428540133	56
-0.021070671132205	0.519630486578274	56
0.002472774633131	0.376674868165106	2
0.092735114712251	0.229929707985083	2
-0.032565948220792	0.182823205546737	324
-0.087567789679597	1.27955282586176	85
0.077451615637471	0.521377565487817	2
0.070428183577255	0.169414871566389	2
0.068864707233183	0.444393135169993	2
0.046105392493262	0.339000551484512	2
-0.066218575924879	0.366803075755372	10
-0.024529020406313	0.391944712802211	10
0.116687063460276	0.156285949637541	10
0.027591726467254	0.26008516845739	207
0.049451768513422	0.245279501312688	207
-0.12424210670728	0.805897687289349	207
-0.078628768804423	0.946208481302825	103
0.093693306148968	0.486846218401898	4
-0.012249727948188	0.983579895833011	4
0.04465260351242	0.321670654645616	4
-0.115085826189166	0.401961119196258	4
-0.03112757355413	0.387644278395923	2
-0.083030281695752	0.873337678358229	84
-0.091715823534065	0.869067101046923	84
-0.066882978023933	0.367811382319643	4
-0.062998385881126	0.172564133168275	277
0.095309188626076	0.14648670181442	2
0.033156084942988	0.162391800494386	2
-0.098610674644218	0.322924358900453	2
-0.082819721428769	1.47769758372733	2
0.056015295179707	0.458429380995951	2
0.111653718867507	0.175498212977184	2
-0.066698882871663	0.454911485345749	2
0.112543448307783	0.294812407519225	56
0.041050457863963	0.1839900466297	2
-0.009927738192618	0.317473867948089	2
-0.048048528154406	0.747267569530265	85
-0.040140568312211	0.688613069339258	2
-0.07046384683391	0.231304442051585	2
-0.042979873493951	0.290107424980561	2
0.095876857685158	0.203171830231843	2
0.043451121288848	0.667471413968198	31
-0.003401122427591	0.205977485877851	10
-0.058133233955354	0.286823490850479	31
0.096520833520531	0.145176422042199	10
-0.106637372062751	0.224105271954157	133
0.079822936047984	0.100535719558354	133
-0.06271701566901	0.172363658826486	207
0.047326963400523	0.225834460943785	207
0.072452177006418	0.156932361183122	207
0.007357114259088	0.346212224025149	103
0.100599705857786	0.327746592474924	2
0.048289982025583	0.514565852262257	4
0.02779572113522	0.147601566553755	2
0.065033565954818	0.206832698090469	2
0.095074993695575	0.211529172414879	84
-0.044476185817075	0.42171823276512	84
-0.0000985681453889997	0.332102282022934	84
-0.056509056525586	0.285004893945116	4
-0.012118504609081	0.0949293590143189	277
0.087785040075723	0.0803579600614856	277
-0.063279819669787	0.172739846013194	139
-0.062893595540588	0.172505023513192	139
-0.062225904773814	0.172068793915375	2
-0.077876932627324	0.843935166245304	2
-0.041533021779274	0.33936797067131	2
0.023054727182671	0.239150214889578	2
-0.063216808856571	0.327808076792291	2
0.047311118545883	0.237353770585229	2
-0.070901222107999	0.231675138246245	56
-0.031975833220216	0.182370569981477	2
0.104545992150658	0.120459280516581	2
-0.070611200801049	0.231432942485108	2
0.102911536398072	0.215093795134429	56
-0.012512748317961	0.503766293287619	56
-0.070026443121515	0.230911018268414	2
0.028181738879771	0.431855197794952	2
-0.075418216097944	0.548764042412346	2
0.066801078618907	0.204620534455029	234
-0.0985823304403	0.322967520557156	2
0.12246791497795	0.326913933754273	10
-0.108582718828939	1.27955980168064	31
0.094370825437228	0.337252931219182	10
0.016090252056236	0.49647940367139	10
-0.099632759078262	0.608498925881713	10
0.102948559806905	0.164775556659831	207
0.00392838753323499	0.491773932675007	207
0.113172669378515	0.199935663095084	207
0.036645900925519	0.37537485232115	207
-0.105223107585672	0.547063551591371	103
-0.059041362840068	0.520202433647591	103
0.080786804921438	0.523644531256851	103
0.118063079529331	0.433089343376533	103
0.115268872641379	0.540135708568565	2
0.066577986351519	0.295778790017527	2
0.024323412075186	0.467717986411752	2
0.116518390475729	0.403401080810651	84
0.102432709207993	0.410096455444867	84
0.096163492449309	0.407600104019638	84
0.071501249971821	0.168289157500947	84
-0.00202478395892097	0.204707087289201	84
0.105196743460248	0.295583907567147	84
-0.08441025316848	0.649129740234099	84
-0.032345424445437	0.296285253908484	84
0.004625151637287	0.33778950840568	84
0.114769133860547	0.164962067930398	4
0.073516634187071	0.145300348569404	277
-0.096379316848956	0.47962018126354	4
0.091665179605215	0.159088988795466	2
-0.106782758438937	0.512945426835755	139
0.059619956120567	0.705050923850257	2
0.090227060933368	0.334908228251042	2
0.088006394422319	0.308550086873954	2
0.116325497690901	0.230847665174039	2
-0.048777638928642	0.811614939725229	2
-0.017739618432086	0.312395375828669	2
0.056195443173911	0.339815383172967	2
0.105225631001212	0.119822607962347	85
0.099419962307749	0.133739542510576	85
-0.000504624007949983	1.14927284850566	2
0.053241410410747	0.619341394978292	2
-0.08719937923654	1.09559529357268	234
-0.11959250356069	0.739734403662974	2
0.111872268558099	0.394503257134579	10
0.082543527566377	0.305801319971021	10
-0.033860829537688	0.504980755660901	10
0.084469707430949	0.193967327049912	10
-0.00463359006619102	0.647820766491936	207
-0.00626175329109202	0.569596993318409	207
0.027263807561141	0.413359024071636	103
0.092504729932147	0.425230126231963	2
0.104435417235458	0.239678552508572	2
0.104027608406203	0.298519488880619	2
-0.009376624389966	0.408566739410021	84
-0.04734389337074	0.455117566531837	84
-0.100228586145446	0.609901133991097	84
0.053371222127237	0.289273238869229	4
0.00611226111225699	0.284790540551897	277
0.091294587238032	0.239666988425936	277
0.067405864704051	0.232279446385972	2
-0.068353357387077	0.81605974733185	2
0.119314806040643	0.354024568942456	2
0.114510445010805	0.438489693777489	2
-0.016113872965074	0.721435876209206	2
-0.031920145571797	0.594968893510839	2
0.08420700044261	0.477389857627347	85
0.013156615974898	0.634713136231252	85
0.08818450910823	0.171967625845145	2
0.056128746099203	0.766157674550505	31
0.092132548093383	0.324347333110055	10
-0.020812629735982	0.682498459959829	10
0.097854346087276	0.317247147488548	10
0.014077155857679	0.694486069878895	10
0.088745876992965	0.258666945136425	10
0.117021177947622	0.245600464367883	207
0.056235181858429	0.397091509600252	207
0.099812773258738	0.291080739908868	207
-0.01630355724605	0.926044545435213	2
0.048298036347601	0.529537330261859	2
0.117073930142242	0.303068535499315	2
0.080815296447745	0.309762531669894	2
-0.036257581523981	0.630633497334902	2
0.118610930938686	0.294726102270455	2
-0.090160653379556	1.02642311061193	2
0.078377850826311	0.260071294490346	84
0.103727719551095	0.16379962120459	84
0.074689857397641	0.313543928693774	84
-0.085384559586578	0.853488582090678	84
0.054814370059612	0.296432337273525	84
-0.08388211427668	0.580659543685559	277
-0.060371174879882	0.412383470579309	277
0.027861605014339	0.272271948402608	277
-0.048628694844812	0.381268353194662	277
0.015242347853032	0.414545648570483	277
0.090217950948378	0.284999997619933	2
0.05661063889901	0.311941861536068	2
0.096524499106827	0.349390168725099	56
0.105988731815969	0.283625994412104	2
0.025546093072153	0.395934247564439	2
0.014463660553534	0.538326193232599	2
0.08887975976406	0.344303966532227	2
-0.020786008505247	0.441100647194651	2
0.091641235444466	0.239028010342938	2
-0.00667494365329402	0.527465477084699	2
0.11795163397701	0.390212558352903	10
0.123838758095769	0.409747296160768	10
0.059608169855611	0.564302078923056	10
0.080781937240997	0.29593061457365	133
0.027451356143545	0.468818475102236	207
0.10577105007811	0.360943745394511	2
0.059305333686367	0.418873616517909	2
-0.118612843181382	1.71061204395596	103
0.022812395750321	0.630437855460724	2
0.037265292105093	0.716280499724769	2
-0.065146551450293	0.624942256077957	2
0.065475064892513	0.346439941326748	84
-0.033334465351376	0.503771214931586	84
0.0548446954851	0.360094152820101	84
0.083755321974415	0.349528890046407	84
-0.088190405149202	1.32058464908436	84
-0.101922175854443	1.15237998239266	4
0.093759895307477	0.213676397632287	4
0.09053921517862	0.290488361669566	2
0.121008573702196	0.38746723275545	2
-0.018369498908818	0.852624486492974	2
-0.031465396768301	0.430608905682163	2
0.12490349523537	0.182240879202141	2
-0.057452914978904	0.862907828214951	56
-0.045695881138072	0.738679261243993	2
-0.011308882873864	0.547616897671443	2
-0.119382473170122	0.51101472607081	2
0.065137905393816	0.525639421261859	2
-0.083829606428539	0.478972300677139	2
0.06619140711487	0.215404139264601	2
0.06305354954009	0.396977583331275	2
0.00924626763074199	0.402948229381815	2
-0.00724417698424901	0.418755213358885	2
-0.080156559834329	0.880132798796971	2
0.00906418671231901	1.08597204928472	10
0.068347924612268	0.718772368862142	10
-0.063409046158723	1.70942461525652	10
0.017262726639921	0.853366074249065	207
-0.061852639860577	0.977779613479178	2
0.013068985726499	0.748201821933435	2
0.052566911919306	0.808749575643552	2
0.0856648147608	0.526330212778846	84
-0.110211066449896	0.609407829657067	84
0.097337962736233	0.39866358388118	84
-0.030428244445373	1.00827393599853	84
0.115770468440961	0.23201241527845	84
-0.046509600645264	1.14300371232794	4
0.098494102982412	0.488350989845324	4
0.090373366541703	0.328856793135158	2
0.004655823793215	0.446273943992141	2
0.042358940102446	0.854933425291744	2
0.001936650241572	0.92507949958188	2
0.061656879753696	0.598185756777668	2
0.113993842494763	0.427826950505515	2
0.047526591628359	0.611659493857191	2
0.116924457527415	0.333526211856015	2
0.10470112089863	0.430577622372376	2
0.113476050305182	0.246690741981309	2
-0.103076872162378	0.87106885690766	2
0.019800649037203	0.373334069930199	2
0.065953167122943	0.225332941275841	2
0.081172580902409	0.427552846149204	2
0.090572924730765	0.284214960938371	2
0.054370314761394	0.287502685436777	2
0.106003927439733	0.522038942365545	10
0.066924608632049	0.642876722057973	133
0.091852430821213	0.586130940898669	2
0.09273666225714	0.311473609598901	2
-0.107700531439004	0.47507045746697	2
0.026810602435311	0.793912046106976	2
-0.011346566861735	0.726369838854672	4
0.122248101750506	0.379188477096953	84
0.047662594325428	0.709081307117641	84
0.108675892369074	0.412943163849694	84
0.077633697602754	0.564951267150716	84
0.124950867537221	0.367180694634995	4
0.062484516446767	0.681732548773825	4
0.019377927162996	0.733106107158584	2
-0.067183256025142	0.705369949570911	2
0.08924660415503	0.299563550928672	2
0.092115642218053	0.409073363544949	2
0.104152949189433	0.37989680378381	2
-0.052891580825119	0.934628360624982	2
0.054206491779739	0.370024730892679	2
0.091504063888633	0.44913317334812	2
0.092840247521855	0.411769727368905	2
0.076292005452522	0.539962862575127	85
0.114037426754857	0.240591906715586	2
0.092468150140828	0.273827570371148	2
0.052413839039194	0.604570143410061	2
-0.105719596949671	1.22279015192808	2
0.102319144044511	0.334910733844182	2
-0.044407579099745	1.31350913288396	10
0.10385216860725	0.55823442993021	10
0.051606888677655	0.605018440855567	133
0.090196837889025	0.513628879138714	133
-0.043102396618111	1.22951421458878	133
0.119718470274534	0.404138969670064	2
0.08237893840875	0.591127161006357	2
-0.090163265501187	0.997843955162584	2
0.033660096798246	0.621719682015705	2
-0.038843669819221	0.54315467660031	2
0.035634637824645	0.377637999212829	2
0.024835998229225	0.890747461490199	84
0.041885879427065	0.690162664438326	84
-0.014307431366715	0.920939204915085	4
0.047639635053155	0.584538374305541	4
0.074102595568354	0.600096480793435	4
0.1114072803899	0.435177827067616	2
0.025133933016359	0.319810698476994	2
0.123587858325868	0.269384371570896	2
0.081205740255847	0.362485300747166	2
0.095662359200129	0.333884857112383	2
0.105979316772112	0.431658386565961	2
0.052680832220263	0.676938235253314	2
0.070218588121805	0.599291643751441	2
0.053335672509422	0.354882350248981	2
0.096004712889695	0.202935152314777	2
0.089479560810365	0.25721377078607	2
0.023587218341655	0.762242201753788	2
0.101530968065401	0.420903511783138	2
0.102593958374703	0.215641894490204	2
0.105291990309921	0.669845326364053	10
0.12207653755693	0.493362686055327	10
-0.035553967372032	1.32694797081027	10
0.065870467834947	0.726379580691321	10
0.053089381078208	0.619971959771517	133
-0.086277927682366	1.60692002592336	133
0.081690228659004	0.590074049904615	2
0.069636881014353	0.618761115691698	2
0.089579632315431	0.235391311825281	2
-0.067808098016915	0.36915950914768	2
-0.019441905155271	0.358126739478415	2
0.087517341507636	0.370830228532877	84
0.021308719147599	0.575470806332731	84
-0.068440345899789	1.30480633653071	84
0.095112794623685	0.432957268190175	84
-0.018393465827224	1.18945892001476	2
-0.065274486681137	0.742967776684226	255
-0.040412452410063	0.45871219666703	2
-0.083764561873281	0.546160779150024	2
0.104293331816288	0.314798814157677	2
0.094492571514579	0.347717735494752	2
0.11328439592338	0.312103116066733	2
-0.074259530001405	1.446821977659	2
0.051417875720784	0.686858245731504	2
0.094323256548646	0.41390044275987	2
0.065125728122073	0.331707024354177	2
0.104900898116203	0.313175142463259	2
0.118376566572694	0.39259208920749	2
-0.023434087813084	0.576554541263384	2
0.047089825020618	0.356170838908465	2
0.02348628374524	0.377590423970196	2
-0.113652318374375	0.670634736009469	2
-0.00368605314013099	0.72307127908087	2
0.014071876594448	0.301179030119209	87
-0.106833378207645	1.4212038778768	133
0.105513764141071	0.429172695176126	133
0.069480560294115	0.596710286491593	2
0.025602594683881	0.384524964736213	2
-0.025117442872014	0.393018852631285	2
0.00252524738889601	0.638168411828447	84
-0.00575044499456701	1.10732853801312	84
0.093504331924307	0.507961816599675	84
0.015136612282741	0.714643695773524	4
0.112564976212155	0.390195341042618	4
-0.054669920610404	1.35585999310905	4
0.098081601337652	0.494304136425977	4
0.017797251404302	0.749678934435814	4
0.097366306178307	0.536078150588533	4
0.123967997947071	0.441342870767952	2
-0.059028478129763	0.854028654360192	2
0.108591113754289	0.463124903112066	2
0.023926875015817	0.399525251707862	56
0.113085572257061	0.349895403181409	56
0.095274160082101	0.420529479096168	56
0.10801033711771	0.344999030055645	56
0.097425402618895	0.515367946816996	2
0.092375806697326	0.390367709889362	2
0.123534567287398	0.11287271317955	2
-0.100936892299604	0.648086067558986	2
-0.070839898390459	0.699006165273303	2
0.112708565922551	0.225737956745298	2
0.067128342454404	0.27734819300801	2
-0.05187737078443	0.417097343271707	87
0.049501921908355	0.806318436160373	133
0.013924791182014	1.05568481049293	133
0.043599095127211	0.802246968067856	133
0.121329051742472	0.439429439459936	133
0.120708594324403	0.434315367772046	133
0.108632444767698	0.487850149262843	133
-0.06742464277798	1.58473164630394	133
-0.00783536463761603	0.367917765006279	2
0.041859390489165	0.670511472317079	84
0.079842566184847	0.52750064493075	84
0.054668692334348	0.553158113035084	84
0.051210075206169	0.698054633757324	84
-0.00813017417757001	0.877198675066316	84
0.117038759520736	0.364120590285027	4
0.00783904282641601	0.882244874076553	4
0.116262172680434	0.426709810598912	84
0.097524389908929	0.479423248990361	4
0.107035163897314	0.498336689364693	4
0.085139368926916	0.507742392446224	4
0.081899324078157	0.560683958926484	4
0.085273125416712	0.558914128665729	2
0.031044520652215	0.747191516660898	2
0.121491043353299	0.359206495986927	2
0.054110322186149	0.3531788708634	255
0.104438044280251	0.258907171047268	255
0.119515293256945	0.309763058364735	2
0.041627770308022	0.549970046428201	2
0.108409568495747	0.324171635906992	2
-0.069843916601186	1.23222283741522	56
-0.024906198947321	0.826350726788959	56
0.114881675750898	0.344038988193487	85
0.073558656853636	0.31608384190535	2
-0.044773153166112	0.650241063716494	2
-0.020722087703396	0.568781029749666	2
-0.076274932554948	0.583447866844077	87
0.108640240912073	0.595787984523787	10
-0.00283036145493698	1.19739745454061	10
-0.046798958977411	0.573147678862811	2
0.076317355460352	0.279699420910482	84
0.04184770957576	0.697944181622834	84
0.059872293382923	0.62930870137832	84
0.047594338354487	0.722790364976005	84
0.048498324370527	0.737725479934278	4
0.092948772407029	0.491807853469829	4
0.03201820951061	0.782649658588946	4
-0.118298287185507	1.70834706650658	4
0.10458143464876	0.439600527293368	4
0.075475675145013	0.413717440481626	2
0.031493274700484	0.604622640248219	2
0.100734041672616	0.332423121683623	56
0.05023841276012	0.646708228869745	2
-0.022961461425311	0.81803302552976	2
-0.062813102764211	0.877856391397745	2
0.088395983379627	0.32547305537517	2
-0.00140841701906802	0.686480189052787	2
0.086384389718671	0.330745383211656	2
0.044580897085049	0.986701151168623	10
0.048896939668763	0.774897641272792	2
0.068775554015413	0.628440837156467	2
0.052570853504837	0.643272559625015	2
0.043804958750054	0.323337134072327	84
-0.10772396700718	1.4981138577335	84
0.122853000481009	0.368037723302743	4
0.085535092991242	0.521830551516727	4
0.059454297487917	0.674528591990903	84
0.085154631279863	0.48956328627141	84
0.107396128112199	0.491834008719007	4
0.079201380367578	0.63474530921492	4
-0.020067434513158	1.15200505849854	4
0.101484948623602	0.46908800405054	2
0.07067685569598	0.451116232880718	2
-0.00439976396672198	0.575858214933963	2
0.075540445617334	0.375333503463029	2
0.094446697813276	0.386084842307388	2
-0.04273104586167	1.04930648691674	56
0.077557902588116	0.433651040943448	56
0.110825993632068	0.308421642006801	56
0.057804935614698	0.30944838817614	2
-0.033885853984419	0.673728851238543	2
0.042048831519789	0.571879685300248	2
-0.051989346299016	1.19124775110459	2
0.033006730073659	0.362131982722949	2
0.004109323448104	0.491155526905864	2
0.047674276955086	0.49363068770073	2
0.061563754609284	0.386137519491392	2
-0.087906914789121	0.754756867460081	2
0.105112909047019	0.604400592529073	10
0.116029458128392	0.51537737219009	133
-0.00485808508680902	0.699713112417685	2
-0.103939154591871	0.775743792268164	2
-0.051136864774979	0.637558197052053	2
-0.050780722771184	0.490979793701531	2
0.018701683840969	0.499321995401756	84
-0.056105096080016	1.35319775865778	4
0.058047161402227	0.641328515906892	4
-0.110734475528219	1.48706854644804	84
-0.075057277473991	1.52754345984782	4
0.019989822566758	0.959929157841886	4
0.107934106982511	0.47479754267031	2
0.102745104327098	0.507039838910174	2
0.090537160763708	0.385849242012301	2
-0.021194430485465	0.748127862641758	2
-0.038679460136509	0.917588744303754	2
0.06549362259981	0.478623718380219	56
0.110477163585914	0.26316408556796	56
0.119505809792635	0.246279503297026	56
-0.097697038690687	1.23685390213136	56
0.044949743661079	0.341386507866899	2
-0.014069298238741	0.456581116074657	2
0.118665781066427	0.298599595271882	2
0.045782266116478	0.404234118507452	2
-0.072207998405957	0.684619640472537	2
0.031089134854283	0.453435548337498	2
-0.049782858495366	0.488828786505227	87
0.040731670456903	1.09027064778629	133
0.032001993333221	0.797842324674865	2
-0.026780299315829	0.353559198123555	2
0.041496275542828	0.30651714863534	2
0.11922903017651	0.178355027424847	4
0.095430821886036	0.524671360104818	84
-0.042270306741733	0.906793119227785	4
-0.015104707923755	1.08809674904318	2
0.019307460266639	0.815228548464629	2
0.016499407297003	0.989187022589524	2
0.037644496260038	0.775439396854079	4
0.101354386677234	0.520276817789299	4
0.034737700694033	0.924131477034622	4
-0.074540121303108	1.4710921752796	2
-0.043645106140625	0.622436398139061	255
0.105870837329878	0.32017418834806	2
0.118215983554633	0.426299853422403	2
0.122994865246712	0.321559901706909	56
0.013094907105161	0.679161528047064	56
0.03670423844409	0.588444927695019	56
-0.119683393140413	1.46357765612837	56
0.018403594504329	0.838602124460309	2
0.00125255761008999	0.745340559774879	2
0.108270970216198	0.245443660014236	2
0.043083156253971	0.314283471555257	2
-0.111426548465191	0.703035015380288	2
0.05029122710786	0.544620344167932	2
-0.082049344837437	0.694514682029732	2
0.117421076116548	0.613085194647841	133
0.094558746932237	0.638046841057162	133
0.070838714348415	0.683819084414829	2
0.031824045898597	0.931047125839123	2
0.089080073969563	0.4455736450523	2
-0.038714037133195	0.883213903448965	4
0.060403500001932	0.506860507018066	4
0.11491132046711	0.352068562107167	4
0.060601951374678	0.769953368621691	4
0.088675788481044	0.645349792134004	4
0.102847728672594	0.514635156773511	2
0.12120445794762	0.26143229304536	2
-0.035246602714825	0.465121625331856	255
-0.054787629864772	0.586397694503275	255
-0.039275140184543	0.955005418982245	2
0.120927663392026	0.434460773496795	56
0.091802309080582	0.275263592243057	56
0.05886192892568	0.656650312657137	2
-0.113029468096398	0.707463025747227	2
-0.039812859842614	0.385385350369432	2
0.097519199842254	0.388280524422723	2
-0.019351641367096	0.795744482195408	2
0.065777780330786	0.314198457679239	87
0.097759121054775	0.547791434263952	133
0.086886554201749	0.624163090218953	133
0.075389864431497	0.671154541263144	133
0.101878651875166	0.556028347325842	133
0.005454740952895	1.04971715919557	133
0.053911514757228	0.823244190107194	2
0.108035650033658	0.364476752609697	2
-0.050937181802316	0.332582693324439	2
0.032588918256961	0.277393633505734	2
0.04202970129777	0.79872764500528	4
0.085328881652011	0.327243247117223	4
0.019372467667483	1.06771343605696	4
0.077380725881267	0.69377560531612	2
0.002793146844074	1.19055178678136	2
0.111684511053661	0.473660998738301	2
0.02591600060169	0.249146213545663	2
-0.056565428727835	0.37371365435307	255
-0.044768817879826	0.496009125240062	255
-0.016682951302063	0.692737090337307	2
0.07808516935104	0.507414685360342	2
0.10344076550964	0.371060939156404	2
-0.029054778932485	0.636624820795163	2
-0.114007100485941	1.37451522301461	56
-0.00172027327654101	0.976207448043764	2
-0.039928343166179	1.01378278647258	2
0.055730116204155	0.40621085689654	2
-0.059437893793864	0.671891442273215	2
0.016403773614267	0.423622755559491	2
-0.080960334248265	0.722001054753029	2
0.071984759862966	0.505008192653642	87
-0.095268683977136	1.19479748070886	87
-0.017167038276205	0.487161759020084	87
0.02755499144588	0.260106714166485	2
-0.119484717104297	0.605725864054845	2
-0.00923600492426302	1.18928983275062	4
0.121024256371082	0.425734115747254	4
0.041270538945075	0.626797346350363	4
-0.099600538666307	1.22852345474424	4
-0.105664464019866	1.57312238363771	2
0.070007872908065	0.573467956881169	4
0.085642695687262	0.642223188956152	4
0.111121842104972	0.415574978718033	2
-0.087257243902168	0.812716164679127	2
0.037134083217852	0.292408241155729	255
-0.019316669358092	0.721385787882403	2
-0.013493677711675	1.15560592586483	2
0.032783387840582	0.448828774197792	2
0.116433555600531	0.375654245639598	56
0.098316166705192	0.359118541978971	2
0.076885792171402	0.638166583499568	2
-0.083293267537331	0.646090645633061	2
0.006050162175881	0.520215116695019	2
0.040560592005718	0.431759707765435	87
0.012573614470293	0.473843907008305	87
-0.064534699832233	1.51968387308583	133
0.115014050529384	0.238517744810665	133
0.015747946376327	0.356670682428197	2
0.069081335224834	0.299033249595133	2
0.095489981467014	0.281882981372566	2
0.077999734393367	0.576311095265426	2
0.016859546554203	0.796240460689335	4
-0.035153626488616	0.940604150349527	4
-0.091426479292541	1.54055898472306	4
-0.03834891288115	1.10690038583502	4
0.092603073323669	0.507325398436853	4
0.114891550046781	0.475093419901756	2
0.00161644345845699	1.03350846300039	4
0.063916717873403	0.655172573742881	2
0.057294552698744	0.664169475781907	2
0.071086986165977	0.568859424503298	2
0.089513835900166	0.250102463755525	255
-0.02805356120767	0.839167033872085	2
0.070116925173341	0.465566085166755	2
0.078570951709388	0.507970052632682	2
-0.00827098805258197	0.85555847535819	2
-0.109250173204077	0.805018088442356	2
-0.068899096154294	0.585467440356945	2
0.04756419127396	0.424861099819663	2
0.012683497646115	0.408126581628598	87
0.06923130405058	0.255767430263025	2
-0.043386312784191	0.745250344692949	2
-0.076539045583617	1.72602460378514	2
0.097221799236299	0.389263163003812	4
0.120770295513769	0.339946959157567	4
0.119990041424353	0.443499432959782	4
0.042266040953045	0.771194513042831	2
-0.048703146905272	1.57671308716842	2
0.121083219172133	0.408184900511716	2
0.05764460599213	0.766120496581165	2
0.049731100391119	0.660284715998935	2
0.097895089564789	0.186069076641308	2
-0.100228586145446	0.609901133991097	2
-0.014446876745533	0.494613985682671	255
0.091278531059267	0.373045065240627	2
0.085622402893178	0.376428436185709	2
0.059975974675901	0.467306015328228	2
0.102726398608621	0.359335275493119	2
0.092740646667844	0.381115547676248	2
0.113687847586633	0.166486955004511	2
-0.027758875682202	0.560200667927928	2
0.098321614942234	0.185490693322341	2
0.047480603362804	0.345800403295658	2
0.087067362717458	0.662907533674895	133
-0.070556346107082	1.16232402137612	133
-0.066539422545665	0.7302829321035	133
0.014580052607659	0.416037632876806	133
0.049170464727824	0.245706780833139	133
-0.00485985078999102	0.844289250578523	2
0.00480308727491599	0.843182277883779	4
-0.103497124618718	1.4891372070508	4
0.114748653913179	0.467811872091127	2
0.040783615306732	0.732707374803309	2
0.123874129502403	0.476313495541296	4
0.045682007390176	0.83746831868186	2
0.036297100192153	0.834446200303741	2
0.071607012203468	0.721498324091702	2
0.109614544902881	0.311761318305769	2
-0.030477847642907	0.77929229013295	2
0.048543507049913	0.727071528629815	2
0.097278108623822	0.374223285930135	2
0.061327482500297	0.563966962413029	2
0.111433437349649	0.256098651161688	2
0.062572940404138	0.419939274457788	2
-0.02316212307133	1.01800759886162	2
-0.093367981143392	1.40997583085049	2
0.11358356936746	0.311261769933133	2
0.122557531391577	0.224563440327388	2
0.055575443852646	0.332323758841898	2
-0.018815057723598	0.541892158173313	2
0.05401564499858	0.307521710732637	87
-0.015071403254718	0.444104282599318	87
0.004329629014998	0.386818529923095	87
0.110631057086494	0.568321224293794	133
0.089139694947521	0.595048517985697	133
0.025256445285525	0.250032057097232	2
0.059886509425402	0.730077273145066	2
0.075691832858386	0.653427634559856	2
0.096323838168693	0.555266091761189	2
0.020455898628581	0.998771000126219	2
0.06375550863557	0.743087917479749	2
0.008874525071117	1.03853048322144	2
0.079498814829596	0.553744615757293	2
-0.106399529885374	0.512229651257965	2
0.067631123076707	0.249719810495143	2
-0.005620375983171	0.415347944856108	2
0.036462299159329	0.365434905676712	2
-0.00907834292639598	0.407959206549579	2
0.081768745546117	0.360875573830438	2
0.061868573208521	0.464075609906367	2
-0.013216588729415	0.703903494655414	2
0.029334142197387	0.609354153343825	2
0.021534102747679	0.381792822899559	2
-0.071695721023574	1.1936083853366	2
-0.030148035786115	0.551957199042347	2
0.021476844574405	0.932540462693828	2
0.02708820503082	0.260786321155806	2
0.053851930275859	0.379124659630022	2
0.039033335016338	1.01966410154832	133
0.100315664063915	0.232733887572435	2
0.087024469109881	0.401984915191747	2
0.10913706635195	0.332737919284432	2
0.061434062124947	0.423159446718317	2
0.047972099610088	0.750253500042325	2
-0.00510100327861102	1.22387267304573	2
-0.01710653230026	1.09596520427116	2
-0.095204874364858	1.36560421301467	2
0.104435417235458	0.239678552508572	2
-0.014982552408511	0.308418537132078	2
0.047095873614576	0.214316051606249	2
-0.020367116848889	0.359621977854617	2
-0.068655732742334	0.817185527659243	2
-0.115324622761123	0.984999399382118	2
0.064292263897156	0.688327155409545	2
0.046179558590543	0.646963765676701	2
0.096382632285011	0.430921775267653	2
0.056169890434583	0.643468206485053	2
0.110943935334961	0.42193043851733	2
0.070000444485989	0.427921719143726	2
-0.024875412130869	1.21008190580258	2
-0.054745526606638	1.55298110020165	2
0.04572564743038	0.386841916301545	2
0.046773748768686	0.347272461554463	2
0.030635587696742	0.344574421682238	2
0.09610755998484	0.286316267265161	2
0.060176112202527	0.617514100154192	2
0.080153502383574	0.45969738010133	2
0.101463154451607	0.356437142808085	2
0.099811135692542	0.183323390474056	2
0.078693107362213	0.379316166147555	2
-0.056378463214385	0.636085253335542	2
0.099205879612668	0.377916360918065	2
0.106828920930651	0.59338134965908	2
0.115221609919459	0.356771827496489	2
-0.00344020786458699	1.20821330040026	2
-0.118693196757397	2.30645371921058	2
0.089990536872524	0.611700278918528	2
-0.011696326911006	0.709792106485522	2
-0.039722182993001	0.586747428871615	2
0.016550635125548	0.65990351640527	2
0.089579812189196	0.459237290845527	2
0.046366073706778	0.642956378638951	2
0.091354605098235	0.524415123075725	2
0.031608822112975	0.776674860014258	2
-0.00661033060146199	0.97380823700802	2
0.107103811630413	0.431472599247165	2
-0.049103929052793	0.909597366005411	2
0.066907652258641	0.23309149959482	2
0.083990195232671	0.289169460868967	2
0.094789668443925	0.448835869345007	2
0.096041126565805	0.608511283200338	2
-0.035868545081809	0.738265065154935	2
0.102189847519086	0.285437712140655	2
0.123602232404404	0.455430925034667	2
0.055593870459652	0.845021250382762	2
-0.04135635357543	1.1732862046425	2
0.111583673526046	0.493898359710998	2
0.048972208590139	0.744890806479228	2
0.092599613520023	0.531678607197838	2
-0.05171208373581	1.24683555151181	2
-0.038791373327231	1.10371063469112	2
-0.067454333391381	1.26544722325081	2
0.064708860719026	0.406658642247399	2
0.091341139861518	0.372775658346612	2
0.051554589813799	0.491833212631565	2
0.074428467155978	0.45355797415056	87
0.109836529818491	0.408531757843704	2
-0.015452730034918	0.73102473823245	56
0.103541188300202	0.345513481082562	2
0.089051966261459	0.360915490904212	2
0.046429045551336	0.664932647165867	2
-0.015052664523352	0.698853266841038	2
-0.086394206039553	1.19126940422164	2
0.046776424601462	0.410265620591485	2
0.112789593426044	0.317689165988808	2
0.01177862956694	0.709593711116058	87
0.040267613880631	0.42358007232505	2
0.101159138145618	0.258009825942095	2
0.113479962833412	0.456450160191874	2
0.046774744046428	0.846240783563853	2
0.108666994854561	0.484005652541768	2
0.046276042183854	0.806954959363831	2
0.066225287196554	0.678242590699195	2
0.090716761467832	0.577944560615456	2
0.111348749409409	0.42976323868017	2
-0.093623381187079	1.31764338256642	2
0.045380751056434	0.476918169482322	2
0.049135577176401	0.6978470679462	2
-0.061589747553477	1.40573906601107	56
0.00027352788208701	0.770336685817699	56
0.116704704503742	0.378537743629815	56
0.054659297275726	0.574369552521897	56
0.09943848734608	0.362714518813875	2
0.073969046496852	0.461181696363222	2
0.07045095249273	0.529197876473197	2
0.124810731380624	0.333293087730767	2
-0.016970730819497	0.869804001270054	2
0.062658331040837	0.375937443253414	2
0.124971945904988	0.21509063408224	2
0.049335171283494	0.444301394649155	2
0.118598315736105	0.276486517654954	2
0.015511129666057	0.679022305549261	87
0.037198871111652	0.454761328852075	87
0.031488114160578	0.461677734157327	2
0.120123333663931	0.272577924665931	2
0.054838170645551	0.392817115352479	2
0.080971798082405	0.48731976868128	2
-0.107602795313922	1.76419671614216	2
-0.041150294422168	1.28497526499289	2
-0.010898870375652	1.24301208500453	2
0.04145842848412	0.846443179843897	2
0.045453368717025	0.9102120249833	2
0.103974039983092	0.511224420022379	2
0.059291237684324	0.690203252972354	2
-0.101687911997672	0.959566425222312	87
-0.036316327630625	0.966960441778581	87
0.105103858094619	0.387562631157965	2
0.073115174967266	0.571628225827049	2
0.02893346302434	0.667770369851774	2
0.08431146540857	0.556717009607635	56
0.00045001798019001	0.796479750937861	2
0.04756419127396	0.424861099819663	2
0.014065955858457	0.675311451925797	2
0.00758350287882201	0.593193216566649	2
0.085640550876464	0.320385304215391	87
0.117094924041042	0.561301286838612	133
0.066837272379865	0.662194249624402	133
-0.039272975942071	0.384481603616644	133
-0.00628131788561298	0.642120211482181	2
-0.029285187270649	0.754010520314601	2
0.039126518896887	0.932616260797427	2
0.087566295797468	0.646837187696349	2
0.121023201535631	0.43908861825198	2
0.053754222539874	0.799290633444739	2
0.00539057603627899	1.12170308775265	2
-0.105358424906006	1.89555721400838	2
-0.00808762782059302	1.09163198254792	2
-0.110901426640707	1.23054137807769	2
0.030917463254744	0.344164995880167	87
0.077462584450271	0.382768452674683	87
0.12044316469942	0.285724385911608	87
-0.041453944505376	0.730029192848512	87
0.040550511537828	0.657614397166165	2
-0.107496484232188	0.898737356155152	2
0.096070504791115	0.247231186961146	2
0.104447345740582	0.441830506607865	2
0.05327675025382	0.693649128541541	2
0.033362590941128	0.350411618970075	2
-0.024025079607117	0.431867531380937	87
0.085714587358295	0.589309875648668	133
0.119988553693314	0.277041394167567	133
0.088762639973767	0.171275075143189	2
0.017779145874712	0.30811423989991	2
0.097330316962917	0.186856693077924	2
0.061046215082563	0.903728041780364	2
0.070483513851326	0.710812988726444	2
0.077846000004267	0.369118125683639	2
0.052695753644916	0.488032796241268	2
0.107159175997929	0.476272251081663	2
0.113819021517568	0.403009045338649	2
0.035832858756388	0.666776309598487	2
-0.119918500210043	0.701327283347983	2
0.028909546488824	0.770473291547482	2
0.095196422366707	0.445013723198722	2
0.03278771877938	0.621510601560213	2
0.023618412883637	0.595153693525847	2
0.067249586024052	0.651841364930253	2
0.124786080149052	0.371069468609994	2
-0.026873706265709	0.67738608062572	2
-0.015387642610287	0.444790224587053	2
-0.045747038157706	0.4517931927016	2
0.074367251373875	0.522178272175273	2
-0.029451331850014	0.426638574500478	87
0.122126725711548	0.168175639413495	2
-0.060777671060719	0.861164283506401	2
0.120120282383208	0.434121703969315	2
-0.011697564043212	1.18268113579079	270
0.056258991468638	0.553973482125547	270
0.11167403539556	0.509043610590327	2
0.109633409345806	0.378112816943596	2
0.01844950301388	0.441326120275075	2
-0.093194332514698	0.544318592212662	87
-0.034037023353649	0.347093063341276	87
-0.013381804980832	0.692663290412347	87
-0.103053394982678	1.83855444212938	87
0.063386777554163	0.551984014242151	87
-0.115408864333026	0.918361337480876	2
0.089185045323108	0.299686185264485	2
-0.00743515621678897	0.367114314125467	2
-0.012401613676149	0.670356007714664	2
0.095643840427714	0.863177045184406	133
0.111462808071147	0.233567716313417	2
0.062754389520872	0.447619505932205	2
0.054377772127425	0.894697671150117	2
0.064389267766096	0.727871402749644	270
0.110527674098683	0.526333371005747	270
0.07383895741294	0.645525409079466	2
0.082979363565554	0.641378116141813	2
-0.011737765650802	1.14778932485153	2
0.09346527623159	0.461542576494671	2
0.056992852174647	0.690193643012282	2
0.070309110659957	0.380240660146363	2
0.036799470694567	0.650045023849025	87
0.096387875227298	0.4731155089721	87
-0.121603279381342	1.10212933966338	87
0.03625682076124	0.756400103186507	2
0.092710250832623	0.40707650772711	2
-0.102152366564452	1.21244813173791	2
-0.021277378383978	0.760770220946064	2
0.117928816461923	0.388358558503847	2
-0.010876745351188	0.8170117664291	2
0.016170671368744	0.533056847346894	87
0.12142453128778	0.246384320153973	87
0.074191292610044	0.719089402611757	2
-0.026154615267877	1.2129609856959	270
0.075404354105601	0.673364652888907	270
0.074437156040823	0.646959905569343	270
0.124952675079516	0.409040369414078	270
0.083701145572382	0.63053878864523	270
0.00155736836221301	0.911640542531012	2
-0.068113975913117	1.11538636991084	2
-0.124146078078183	0.805534558413585	2
-0.119985762317666	0.947764085745405	87
0.099949200267118	0.344490028888668	87
-0.041898909134006	0.905159721423475	87
0.124698783404494	0.377875217038445	87
0.042156814931654	0.669258196904226	87
0.095135909441107	0.340686812085161	87
-0.00243236678957798	0.662424686432439	87
0.11157350744339	0.399682935470395	2
0.120859833654023	0.344956212942073	2
-0.011460569052868	0.888853275183099	2
0.022752214450657	0.707987231459331	2
-0.020199360670444	0.915495245047054	2
0.017465620799965	0.647019501484253	87
0.111691307190118	0.281310456004754	87
-0.045708414838835	0.715675533936904	87
-0.101549151309432	0.989677386792087	87
-0.034621087260086	0.587789152285229	87
0.109709418781702	0.264934331909303	2
0.06547269583164	0.33876576033661	2
0.056198580540068	0.839055401709164	2
-0.03183157341662	1.24804326305238	2
-0.028250978327296	1.39096132031492	2
0.120193008026145	0.460538622190019	2
0.112588621180283	0.447465657954188	2
0.053914780143666	0.771246595418896	2
0.050886337005573	0.743461309405673	2
0.078697581974925	0.447501302040129	2
0.035210130254048	0.378584697540475	2
0.016031169055173	0.608950664393471	87
0.036565672938785	0.650925598614554	87
0.101707079667504	0.341508239424827	87
-0.003977558003674	0.936900922292715	2
0.065741179728691	0.375247085090471	2
0.067101316471213	0.286131181343578	87
-0.00152932881265999	0.578588022596474	87
0.088177543650879	0.308094617932225	87
0.054444884481516	0.334707929664467	87
0.078369734071628	0.328757173015235	87
-0.047559825606191	1.11332036549274	133
0.114247797218333	0.458628855135885	2
0.088682002805072	0.595319318955545	2
0.090901215234173	0.571299486500357	2
0.042413722993704	0.832173607807812	2
0.046473236007644	0.832834602678605	2
0.115620947897128	0.333624809780456	87
-0.055288174785641	1.06128324820869	87
0.00400365905959499	0.942337390101859	2
0.054553908599853	0.393532360386433	2
0.001527527872275	0.770915096848156	2
0.07294818605622	0.50131182209328	87
0.106218383691547	0.28800045902219	87
0.09426211290975	0.307730516609923	87
0.021247639117183	0.60883453940875	87
-0.030590079257992	0.641372758141299	87
-0.076527439874434	0.81138649956054	87
0.111627589880761	0.599238705472194	133
0.112614852833915	0.624809896717056	133
0.05237856393488	0.623078868513312	133
0.02742617995915	0.642769437387185	2
0.115738550951711	0.33730550382261	2
-0.067274943945508	1.39674711746592	2
0.120423246435844	0.421304082830182	2
-0.03290278080086	1.29229316385309	2
-0.064693265418528	1.12781605287878	2
-0.10543155241467	1.87457958130864	87
-0.000873867907826009	0.965944048292636	2
-0.067448845381813	1.15213553352372	87
0.061930881403796	0.600694040125525	87
0.10218871723697	0.498951333153124	87
-0.051920612664808	1.16844204153779	2
0.075043088747277	0.29786242383598	2
-0.050487284495999	0.56557737176079	87
-0.027384623332368	0.480424899843058	87
0.040117789638409	0.523002135617356	87
0.037020370338697	0.394473311183168	87
0.00697953960796999	0.69953736760417	87
-0.116951781225932	0.770064246297137	87
0.067315544391902	0.730665027442397	133
0.089827801290335	0.608165770539235	2
0.10731824531961	0.397157748860596	2
0.061562778549367	0.683125858450274	2
0.097685267314269	0.454042291147089	87
0.050876309171741	0.516216951500437	87
-0.060098909483151	1.03245652810892	87
0.112006822809806	0.311333985999946	87
0.0049684356177	0.903058977471784	87
-0.037154881452523	0.800161506366616	87
0.085538993948642	0.575773873387994	133
0.000746782828812992	1.13003545041583	133
0.053584295911623	0.737490641265435	2
0.03495291769696	0.835443123255698	2
0.117611538981023	0.450615719335262	2
0.065207575188229	0.710145430111172	2
0.11715706082443	0.41298603920588	2
-0.00707031666987101	0.996679026884822	2
0.036619331735568	0.695476902808056	87
0.043681858467705	0.782924404213517	87
0.063727980597276	0.395120564725113	2
0.079249081393588	0.352635740427853	2
0.116571816242171	0.251238172777444	87
-0.083393150599982	1.08424356030642	87
-0.023313075705267	0.850976874758158	87
-0.100268783380663	0.994493714678793	87
-0.060804610962935	1.30050976436374	87
0.117017926161015	0.388755501458227	2
0.092059486122984	0.498441444046662	2
0.078665649747322	0.360521255320423	2
0.045977869761037	0.74805053195018	2
-0.122886320924893	0.958888228215381	87
0.118581626991391	0.298881264063239	87
-0.094234315903061	1.036971537201	87
0.018171639627937	0.44201911084255	133
-0.040669107469452	0.652589363914163	133
0.027996564341746	0.495675341008823	133
-0.00221270227735298	1.19931743347062	2
0.116856709155957	0.45164368356039	2
0.110749229239141	0.482532526058482	2
0.074489559001582	0.628248599145268	2
-0.00267984480778499	1.17209080046618	87
0.123172509694602	0.424662159580889	87
0.030090425761145	0.427016327461111	2
-0.024758422343357	0.433447025016848	2
0.104140054330197	0.303268022823225	87
-0.097413098834699	1.27440643999031	87
0.051201774692047	0.566349063082513	87
0.080719587931584	0.329696347727526	87
0.015910289157989	0.865515530246866	2
0.027476305010559	0.730488059622462	2
0.056952901184077	0.387375962063453	87
-0.069323492055706	0.586581076067847	34
0.06590675054043	0.288342801284101	34
0.039482943533321	0.517007468435155	133
0.114602318349818	0.536254372582885	133
0.079645012689302	0.687593358699153	133
0.088573549097116	0.56275770060628	2
0.028103548186453	0.878956358520865	87
0.087551156705038	0.541892550147783	87
0.041335365617683	0.805448408241487	87
0.061056470830998	0.551807467802288	87
0.035440429185041	0.477802392707206	87
0.043148940146984	0.467145664502266	87
-0.051924376020688	0.832484006929561	87
0.021337277934594	0.599282745350064	87
0.106266338856143	0.407323124123209	87
0.088704509891078	0.464570309539913	87
0.000666352641039009	0.763951312168463	87
0.087314990202231	0.483531453360043	2
0.092562914095242	0.440212756977341	2
0.091156857164237	0.357092112302608	2
0.117059189916996	0.382637082098745	2
-0.028268157823801	0.964700729596964	2
0.057035498617744	0.511959069696984	34
-0.019870586427057	0.691791598163298	87
0.010396890404527	0.468020026234496	34
0.069258977823444	0.423659358831493	34
0.051078177680278	0.439334617945284	34
-0.0726876686011	0.732900969741965	34
0.053911060275026	0.733213055154885	133
0.075484549571744	0.678915642319179	133
0.057095110252375	0.82229998839181	2
0.114166958161166	0.485256644459091	2
0.091911318233668	0.590599132579834	87
0.054089358715045	0.734552751598753	87
0.083222093211592	0.575610523233202	87
-0.056376841708673	0.704608008855673	87
0.049207260808161	0.436635632787562	87
0.035079050777494	0.553338285871923	87
0.092497942644706	0.440437417103943	87
0.088379307628933	0.437508619551553	87
0.082859044570653	0.364151496320639	87
-0.00660840524394202	0.830871578450246	87
0.102691424105165	0.459913131258041	2
0.118796353188156	0.315754435525941	2
0.063312776489925	0.672314943094544	2
-0.027474429770473	1.04881725779163	2
-0.04148526799487	1.06416293187787	34
-0.090588289027834	0.894248137534819	34
0.00556504069597999	0.638000285489761	34
0.102690114090605	0.338667692020842	34
-0.112552594272771	1.23908874605739	34
-0.035946374475412	0.68855069264757	34
0.101987640116907	0.250467455929875	34
0.031302413157977	0.433731389301196	34
0.118354817973194	0.45429490346132	133
0.086054847703331	0.397506546377118	133
0.095185230663251	0.628792096269797	2
0.0000400574928209885	1.21148141350881	2
0.11456043838305	0.456012493794008	2
0.042527806397414	0.951230838223508	87
0.023349896743452	1.05288955429569	87
0.053226068361882	0.835712054768479	87
0.010070008784412	0.480389065338962	87
0.020263377081436	0.569523380320961	87
-0.052015388176454	0.953463522177169	87
0.119543270188465	0.359026166386104	2
0.117860216637024	0.296818773718897	2
0.074190896027219	0.478650260653404	2
0.093322811865791	0.538239773492328	2
-0.084686795796755	1.44921880751554	34
0.115448701591653	0.311854041171031	34
-0.00613373262042699	0.721984776182438	34
0.095875707952859	0.356293440214593	34
0.056441892363148	0.419540227797597	34
-0.046760215055268	0.840908924201925	34
0.063944757719359	0.342356148401177	34
0.064409054884558	0.33337743774708	34
0.089163701442713	0.434715904035849	87
0.060758240494984	0.519317446355297	87
0.044502371049214	0.643439105141754	87
0.114845256257006	0.367736047580251	87
0.117707976475974	0.396667363188736	2
0.106698723448413	0.428890527532413	2
0.00666700207973101	0.547023031317658	34
0.059366440003352	0.462305142288028	34
-0.035818856131722	0.724184549501758	34
0.114218085571319	0.313576170858918	34
-0.00705023412954903	0.644750175368105	34
0.075142350929874	0.559555542600905	87
0.034387272212306	0.547306786891444	87
-0.075477608583526	1.00187059378354	87
-0.015763161818682	0.732190808737634	87
0.062680256838846	0.548202585871049	87
0.089469153818805	0.487390632200755	87
0.08413410276426	0.504525004367461	87
-0.00169658891382501	1.1545779449339	2
0.072602245281809	0.53866127743518	87
0.079465899419249	0.467932259772616	34
0.049960218866595	0.474088873787138	34
0.000433946083520986	0.854466173610342	34
0.048687983397203	0.621496482837665	187
0.086885676515098	0.469445389410138	187
0.064070088095753	0.571890219289237	187
-0.120983648121866	1.43961838517446	187
0.094339117571385	0.504347917422301	87
0.103877687005011	0.423060377916145	87
0.057947653417117	0.601820231722499	34
0.123269724102698	0.404870416584629	34
0.100769349692932	0.349033587076538	34
-0.01047932748379	0.410831539341843	34
-0.015731926436021	0.916717798304073	34
0.038118823546493	0.478619232947059	34
0.110398486045695	0.289251763571644	34
0.00220391600740999	0.508127939440302	34
-0.108554261828994	0.902464853230095	87
0.074049785622166	0.322197719425809	187
0.054781916824519	0.360262369322613	187
0.101345355770096	0.396538414265024	187
0.025735511366355	0.672455418874098	187
0.080853709476627	0.482274460451602	187
-0.07392591871019	1.19019046203696	187
0.050085248221132	0.693356269649155	87
0.103203319382702	0.396763031115968	87
0.090547939893473	0.534190656325338	87
0.03797802444645	0.856085484626266	34
0.025119112606541	0.319797066285804	34
0.02187247314817	0.873154916620529	34
0.019012144128115	0.821422149674612	34
0.052565067046065	0.524967913784687	34
0.058198828687519	0.640603697413239	34
0.079332989164099	0.346076595934017	34
0.046082322595391	0.564627244749607	187
0.030034039906997	0.632570103295317	87
-0.031389385590459	1.12342693121865	34
0.071339749482759	0.66793298187508	34
0.090533073952623	0.385890380600589	34
0.064358480343929	0.535159784198321	34
0.00729087797735201	0.45228200788735	34
0.018644593366227	0.796447974729144	187
0.112421162687842	0.425417327527722	187
0.102714997046218	0.447019173916106	187
0.079987606645773	0.526917156105909	87
0.111804594679574	0.410628907332573	87
-0.021368494412348	1.13424671634707	87
0.118930515067496	0.252087894860985	34
0.116115419764435	0.47376125559372	34
0.062186315265219	0.793958457476587	34
0.068942810166676	0.668441867937833	34
0.08541759917469	0.569628394959368	34
-0.083743738123809	1.72042751378379	34
0.117981352664402	0.254198008459877	34
0.032808933273935	0.925379862111174	87
0.044349560899426	0.763009868640895	187
0.056777721366818	0.607033755899092	187
0.026117096741543	0.754769437782479	87
0.110122140860249	0.522883592924401	87
0.106084010216092	0.499712570309062	87
0.06235188681468	0.713214313138769	87
0.020360725602877	0.663524103980565	34
0.054048728180292	0.772878075182997	34
0.023300593499843	0.914892400806167	34
0.042749099824244	0.787864882841348	34
0.121979933078606	0.507945093310084	87
0.081590049569259	0.634234782262078	187
0.076499725840576	0.458280574195198	187
-0.062298694545298	0.867222059519404	87
0.09630159733705	0.61986956452836	87
0.005031643422449	0.337121910707008	34
-0.05779048324063	1.59285336888431	34
-0.00704315755470097	1.3245000381377	34
-0.092301827056217	0.578092803303891	34
-0.049883932292113	0.48912010199182	34
-0.003162160401189	0.601815453714283	34
0.063519353286963	0.451984538999194	187
0.089870164036167	0.36402188601397	187
0.116988235690198	0.274407202246554	187
0.054587638936213	0.517765173091282	87
-0.00426220554036599	0.697479358487095	87
-0.02982535360974	0.511447932706099	87
0.050695639828371	0.42451735685089	87
0.013999322504502	0.738693453912207	34
0.0779932344307	0.473346091082454	34
0.031819785534439	0.625425473828112	87
-0.092558320953292	0.683480111578403	34
0.085290062636422	0.32730488845364	34
0.063968872892459	0.422999901812213	34
0.031716586711342	0.353759911283821	34
-0.015147978604808	0.655481643471796	34
-0.070157976114532	0.5886143236888	45
0.022647411397147	0.649159352512467	187
0.098957784967815	0.262613050699668	187
0.040941026967981	0.448105814936329	87
-0.039478384193187	0.79559110822622	87
0.028205822934934	0.259145082432422	87
0.026584017310128	0.415152825253715	87
0.095508464293371	0.460517508633301	34
0.056450084962086	0.546296144926746	34
-0.056475832199601	0.484367335181406	34
0.078562203544456	0.328362264889584	34
-0.034925324936813	0.7564990733566	87
-0.09353896773898	0.510407276007729	34
-0.056095548988677	0.284503321817569	34
0.031321895863078	0.740964365767521	34
-0.062116853009845	1.48810628799208	34
0.082376320266279	0.312747065109946	34
-0.065268073778517	0.483282579613729	34
0.104416278652145	0.319398461281814	34
-0.022412074331475	0.753009375596544	34
-0.057613782778647	0.486786577841499	34
-0.05079007105403	0.332418195523868	45
0.077258965454831	0.672444801428657	87
0.121499206317286	0.353897169762305	187
0.106566501565009	0.254412347207216	187
0.116298210141259	0.23094324398314	87
-0.031638311809571	0.555926123656255	34
0.062464967794342	0.613910661547402	34
0.001914489271405	0.629648070172948	34
-0.048106012743646	0.531733063674071	34
0.015682716036583	0.356790113292556	34
0.055453380733003	0.67296622855762	34
0.10606081476108	0.384319291855749	34
0.113247707890676	0.199837516719827	34
0.12499477201008	0.233842144460462	34
-0.072980839252824	0.9131157795499	34
0.099511337916003	0.501782702557889	187
0.110841458835853	0.3511187328749	187
0.091556790983944	0.377406769320146	187
0.064955721753594	0.454156798784128	187
-0.060895432238776	0.795724460137459	187
0.077863354526848	0.36271963371376	87
0.115867849633029	0.248136006922831	34
-0.076629306909154	1.27477894779197	34
0.053172297640459	0.259939719087664	34
0.010046065636028	1.02703351945671	34
0.054106104879942	0.85488323610055	34
-0.02819691424297	0.827433624318488	34
-0.000329119028141978	1.07927682328127	187
0.0622369362355	0.815809949799987	187
0.014956672049817	0.972728094591972	187
0.065330234337521	0.511945913270833	187
-0.072462618792803	0.656014304028885	87
0.062724096966532	0.419500169282764	34
0.07975955221516	0.486409350202499	34
-0.069497493487612	0.694868139176512	87
-0.090425420472249	0.981013652039035	34
0.00871555420303299	0.295525272582116	34
-0.046111336130278	0.377060622938974	34
0.081770528451358	0.450754643673346	34
0.037271234665557	0.671957449578499	34
-0.056859467278165	0.485204828025878	45
0.12080102823696	0.439189956217565	187
0.073306904804269	0.457292792803334	187
0.057328380372683	0.447059493637641	187
0.1236935644621	0.247039989984621	187
0.024663577726681	0.641243214016171	87
0.122354897293652	0.380359031517692	34
-0.111584870899741	1.83091902466013	34
-0.024190579803038	0.600141590405564	87
0.066859716945741	0.295216263197334	34
-0.098793394811195	0.32312992547657	34
0.104812094013501	0.12020892048911	34
-0.085607718350763	0.516055760682507	34
0.097995974978968	0.388651594988899	34
-0.067202338193595	1.12606815166336	187
0.047097323587875	0.548823534760103	187
-0.030293508532262	0.731414985831351	187
0.020998985445449	0.604170649961863	87
-0.094647241323373	1.1528746010949	87
0.054720353456097	0.360345346907101	87
0.064361144622194	0.400535975364443	34
0.123700842293781	0.282397497538384	34
-0.110646068041573	1.12585056172953	34
0.039801036947871	0.585010526808189	34
0.05241529079446	0.525496820234153	34
-0.073862659048292	0.872996439310722	87
0.015512729990575	0.413917825971174	87
-0.078103847025621	0.844777108834926	34
0.042483870880333	0.315376724240382	34
-0.035467974621798	0.550541453769136	34
-0.097761188109953	0.710670004855083	87
0.099672757091909	0.33541251632318	87
0.088364251030343	0.419438147515815	34
0.081668491265241	0.428337990585896	34
0.119373351224279	0.219811528004178	34
-0.083108553723348	0.758472678398469	34
-0.031633507768055	0.701673196510014	34
0.03196112092786	0.353280246403692	34
-0.020998173706943	1.01738193899951	187
0.02589203330088	0.729139526836946	187
0.079282494688677	0.49386141052765	87
0.076591056165047	0.507610197195579	87
0.045435833101613	0.769949273012951	87
0.046425133314561	0.686927050866524	34
-0.058254645557101	1.30452596195755	34
-0.015837945632695	0.804314477143554	34
-0.12232575199509	1.27257116355912	34
0.110977072475979	0.308010049092297	34
0.104730863312093	0.393338403170648	34
0.020688407854852	0.457012975682742	187
-0.119554443119188	0.910980278587105	187
-0.031357949615099	0.66563360339052	187
-0.032805043084688	1.05345099385794	187
0.088630892037512	0.423862161829454	87
0.08433705960097	0.546927395066547	34
0.115022792015381	0.30295493354866	34
0.10829943532237	0.399893965105932	34
0.07954822804215	0.620537399336503	34
-0.0437688955164	0.856542787779986	34
0.09021371175347	0.234302246774476	34
0.112994323218692	0.475024006501557	34
0.087779367949839	0.587146030630435	34
-0.099169801997126	1.15720981453195	34
0.11464071232016	0.467127016960724	34
0.050813884941609	0.586653880183194	34
0.070419992366406	0.528964030119525	34
0.01257002562429	0.90238353827227	87
0.077384088986406	0.568536328246349	87
0.118679783139881	0.421303848989645	34
0.005782282115224	0.684080504748868	34
0.060284726787679	0.685109865906567	34
-0.12114718828525	1.82946184320853	34
0.04567007027849	0.829500968364673	34
0.095292229405888	0.340184751687474	34
0.121110897610788	0.369371045676111	34
0.100130007089585	0.334077662138466	34
0.013250224705113	0.541828686060737	34
0.093431600529363	0.547188113397432	187
-0.037960282354112	0.879716782491721	187
0.079900294031168	0.431729042351388	87
0.012202872067915	0.921773102165396	87
0.115747837414851	0.406406320724842	87
0.055504514557343	0.636678284644257	87
0.052885206221309	0.592593157885737	87
0.118460535839282	0.388649003737373	87
0.100936832051664	0.409316720365007	34
0.096026895668702	0.474600218331869	34
-0.031900480626504	1.32875198159884	87
-0.031856561425228	1.15705017182655	87
0.121919369913284	0.399944998236606	34
-0.017814327289742	0.93389644343591	34
-0.112096919568628	1.67971548881456	34
0.096901768436321	0.532489417287358	34
0.112048387179955	0.361622333701571	34
0.057805400950846	0.438199859632209	34
0.053585385836044	0.6524660027575	34
-0.052099576191532	1.07365060885836	34
-0.116683645203043	1.17747275876353	34
-0.016112039730753	0.614412417516438	34
-0.030591680826483	0.878427063233039	87
0.039881741876753	0.65272401935888	87
0.086423828815642	0.324598288750296	87
0.076654634520654	0.524650907294187	87
0.00545120857220999	0.803627214271349	87
-0.0679800912276	1.172083527439	87
0.042917871627019	0.872199017504352	34
0.069128684072095	0.449904525617264	87
-0.03896494819867	1.04999455237621	87
0.120701225342696	0.349301012371502	34
-0.085942827895514	0.653006198361259	34
0.018655993704329	0.545359590141784	34
-0.00270496746252902	0.623200469094597	34
0.099666403211298	0.448227011798338	87
-0.082412070567484	1.5057735259815	87
0.110243254905828	0.394532804527674	87
-0.00216831859286198	0.787453413952732	87
0.107059440070102	0.5102607411761	34
-0.092928237447206	1.00203405262868	87
0.038280248679337	0.410533714379945	87
0.00693509664610401	0.506684550393205	34
-0.079716838032327	1.68066576063149	34
0.123093240454925	0.283980125822031	34
0.018041270242109	0.954191247435165	34
0.107678486058589	0.393537773563918	34
0.057174950365182	0.591658660085774	34
0.025682737212305	0.68644349808059	34
0.118069319903823	0.444719307225423	187
0.069856424752606	0.597750570953203	187
0.076238046783809	0.641346519107142	187
0.072739532839966	0.487058707535782	87
-0.01652206757492	0.938376656634413	87
0.043918037958746	0.48149667506193	87
-0.11396109152338	0.934389438680678	87
-0.027991891193179	0.975547891731408	87
0.112174943607519	0.493706755232582	34
0.063605150864032	0.458552172207592	34
-0.065797728132774	1.11877243658575	34
-0.022530592182524	0.940561950013403	87
0.03348161803792	0.350217720159557	87
0.071066367758591	0.371407512860379	34
0.071512775528031	0.60149068954361	34
0.099403400198754	0.524421957928353	34
0.065834041773492	0.677471991419566	34
0.098646306266751	0.269126617956017	34
-0.00250139318655601	0.611206598860121	34
0.11610170320463	0.328049248443826	34
0.070701569401832	0.714756827251054	187
-0.000211479973701023	1.05433214613748	187
0.099402861680148	0.424029963942845	87
0.108827966987913	0.408169254555294	87
-0.032134294826062	0.939024998111477	87
0.10304275154193	0.498695547379584	34
0.024894747692868	0.836495908677532	34
-0.026838840439383	1.00147654241728	34
0.11350570272723	0.398069166740027	34
0.085617518342291	0.503643301109075	87
-0.078359117581904	0.845664219663723	87
0.082611236237507	0.564442903761778	34
-0.026540349849437	0.557015506518386	34
0.007988620778245	0.503628149367581	34
0.045410370252854	0.405115437492886	34
0.082696449167886	0.298759097226823	34
0.077514189829131	0.687793066635578	34
-0.046929928992792	0.71977814476736	34
-0.013147809761673	1.14826591703541	34
-0.080871952590788	1.15200823024022	34
0.071965990491641	0.492854032322314	34
-0.032039998018819	0.958487266263156	34
0.00849760958972101	0.461306352270091	34
0.017640337371044	0.910650181418088	187
0.116837743056815	0.405677078403176	34
-0.122072162085077	2.01682871391671	87
0.086098297620954	0.524462924643919	34
0.095606661253474	0.517494418941251	34
0.090153830778106	0.617739725673609	34
-0.052213709754171	1.2499203814361	34
0.088112540643078	0.617660009111765	34
0.102692969829077	0.442739718447071	34
0.0996571278635	0.418515434668109	34
0.081339722997066	0.615698442637332	34
0.053651065798755	0.772692813767781	34
-0.034757147274648	0.626087218207977	34
0.047399235274629	0.355367627509888	34
0.124933856131634	0.363840326833125	34
0.112369604570853	0.470565990466811	187
-0.061912379095672	1.00182139478839	187
0.011280583271013	1.06120135903462	34
0.047733763104771	0.827497278366878	34
0.026250690749904	0.917302729213126	34
0.09117358990429	0.582042371924389	34
0.022648539759792	0.798112122075057	34
-0.05567356353207	1.50728865489058	34
0.118885447189865	0.363123104790485	34
0.05029436683433	0.722228317505823	34
0.073699390374597	0.530751920372598	34
0.030927589780009	0.734585630667418	34
0.112155151718345	0.300286251039828	34
0.074981700218993	0.298047218674562	187
0.121436774235479	0.27905998480583	34
0.024942303098849	0.995525510115261	34
-0.000763286409864006	0.903625858338517	34
0.065095165539491	0.362342493264121	34
0.0661844819678	0.313312529537044	34
-0.012821291402813	0.504505068761766	34
-0.00743459681855302	0.929639253474077	34
0.065663852382107	0.698386356415171	34
-0.035057185511515	0.939826994271749	34
0.00637328665866099	0.597287773565235	34
0.047404300807027	0.213939959335939	187
-0.10697255811975	1.06672340349447	476
0.112705427035251	0.294350772626172	34
0.055949086295773	0.827121281345439	34
0.031003550184887	1.02486466194995	34
0.040784663283256	0.648516862721104	34
-0.00769620970829399	1.02614988281393	34
0.088060782599767	0.522824249445134	34
0.00567434740424699	0.877939139281469	34
0.030572483139783	0.445248484263888	34
-0.038126823768092	0.621490263164988	34
-0.003504016957525	0.518710165215988	34
0.058194020984689	0.429620225315934	34
0.016972161318386	0.483483090973184	34
0.052744628337182	0.270478164302466	34
0.045509147742877	0.204197646673246	187
0.049952561865782	0.265055487422468	87
0.114329263307461	0.281143206209588	87
0.111257876047055	0.298170721081804	87
0.000441601114828993	0.612563874076149	87
0.119202746126391	0.486454129467974	34
0.110843046091842	0.53402023513293	34
0.034203471120633	0.953214846713982	34
0.002978941484092	0.938735314700715	34
0.046779836742336	0.375380492734313	34
-0.000158559597799979	1.28636186078973	34
-0.010627378744766	1.22549588089212	34
0.119745135170781	0.273536124269656	34
0.044009399666763	0.823032187930749	34
-0.092049190362631	0.612977796343176	34
-0.038511270883788	0.622663056097613	34
-0.085125946934534	0.89142143071606	34
0.049748232876359	0.451111385263268	187
0.06824806200034	0.24869048490407	476
0.012133416909666	0.350620723355503	476
-0.039486618337406	0.865449884537147	87
-0.015749518490785	0.81562326915377	87
-0.00730807342909801	0.715594880792991	34
0.124922419285336	0.210637494390593	34
0.0517151106384	0.468617473302119	34
0.074772237638479	0.626065626074618	34
-0.070940736293185	1.18944040855157	34
0.091213641768315	0.432776423103893	34
-0.062057175242068	0.850341233941888	87
0.055935210997599	0.764425020261006	34
-0.012920950349203	0.87346031928506	34
0.062037989798746	0.507704759271809	34
0.058505470807017	0.635537431719947	187
-0.073981792157077	0.64028195851161	476
0.07659574415957	0.279313358318383	476
-0.00777852552596697	0.60522551672054	476
-0.092611395078881	0.811935937232689	476
-0.068078723844986	1.06523554713488	476
-0.110667035354462	1.49799512763141	34
0.086106766966723	0.595485208831373	34
0.055476851968432	0.577991541078142	34
0.072861512703337	0.652951392431037	34
0.095730874967507	0.525001271979044	34
0.100977117426196	0.533781881092023	34
0.070658514424578	0.654998643865127	34
-0.000182743230905003	0.995693473111635	34
-0.100516857396185	1.29224460476708	87
0.02560833691394	0.474081336016225	34
0.015703503923649	0.53451297018296	34
0.100648755759481	0.259040980160087	34
0.07834881013521	0.525803406801519	34
-0.05213231649885	0.871376498172036	34
0.102164858334226	0.285427642065486	34
-0.09713815454185	0.806993137306477	34
0.07470691993123	0.306132554056882	34
0.097602178534501	0.288394595038857	476
-0.01613699453033	0.58177286765117	476
0.094918052893317	0.431559015331824	476
0.036535370089709	0.731759055862604	87
0.09617492940028	0.510949074237512	34
0.012683163223185	0.899996242055291	34
-0.054930678887773	1.08211263502529	34
-0.02984831438063	0.7432293171298	34
-0.00383437936139502	0.656181560413366	34
0.074414780251491	0.465735227950738	34
0.016372924428971	0.746888928738589	34
-0.104511764241062	0.982266810548792	34
0.074149904972217	0.32202474438047	34
0.097353251836525	0.323984434854922	34
0.053586578110772	0.585716460100388	87
0.069965922019049	0.643725230846982	34
0.073669097365182	0.571610884577624	34
0.096306935865737	0.407093236951775	34
0.100072070914784	0.474992045140022	34
-0.021033157638417	1.22661016003668	34
0.106119353677929	0.453668547510845	34
0.107103811630413	0.431472599247165	34
0.00123931920880399	0.603305381094374	34
-0.015312783168222	0.545914874265993	34
-0.111097676482388	1.55264775652978	34
0.108029391832931	0.325247579618619	34
0.012032782926634	0.728063204482935	34
-0.040942910827903	0.949456307313966	34
0.119459061935804	0.288394259235468	34
0.123075296639672	0.333913165303908	87
0.066709686067622	0.591353358217616	34
0.092419162470851	0.542490021147433	34
0.096233552785074	0.49798374354135	34
0.10195709981726	0.350291916275417	34
-0.023684385872818	0.91559719106561	34
0.083369908669849	0.452910775540036	34
0.107094746269282	0.435619059216814	34
0.07009274387415	0.421133371097168	34
0.113761995738354	0.28711968429807	34
-0.068595444212022	1.14258189690975	34
-0.092491463930658	1.60801809156647	34
0.030974458849578	0.928540157723149	34
0.093612115766612	0.535097127619475	34
0.041585535206596	0.617713000984601	34
0.090166384251567	0.441669544715952	34
0.079828648041892	0.564928635188024	34
0.093122089774824	0.42589215036195	34
0.032802423737545	0.8339255806171	34
0.055729709750061	0.390501820001291	34
0.104895714788556	0.381927948954639	34
-0.07735448275134	0.758134378287672	34
-0.04856918996319	0.486137725298059	147
-0.029739789450188	0.550847812237641	147
-0.096924860971307	0.806544518037623	147
0.124772314727913	0.395778619907548	34
0.073030323254962	0.591321831075104	34
-0.001650089619468	0.579096702941569	34
0.096253993289941	0.526469056715233	34
0.071798478604056	0.389611522845716	34
0.030624017028055	0.865807455388998	34
-0.104791123821812	1.91172482540204	34
0.021733974919211	0.909647750662221	34
0.026614448733016	0.725817543007535	34
-0.04850513538532	0.604032320620276	34
0.047961784456323	0.247458584585848	34
-0.018359837447349	0.654120152414772	34
0.094043557169606	0.308238199315553	34
-0.066479590710956	0.657477594847321	34
0.043766159116015	0.57317411585725	147
0.036681836642615	0.293157623565483	147
0.098683391246408	0.379624970688578	87
0.082632278899557	0.298939045823569	34
-0.06602338313871	1.37379148216522	34
0.073937740467194	0.57613554472273	34
0.088616417571839	0.294817248647352	34
0.081914815981512	0.213890129181145	34
-0.036961309386	0.990950298564739	34
-0.076805064500763	0.584640722220004	34
0.097378056883355	0.251080110538983	34
-0.00672613464388	0.601857639315184	147
0.06689935082564	0.437436080505123	147
0.001693623162036	1.01974057034484	34
-0.117644422003858	1.48275494883345	34
-0.079810402198702	1.29453408682371	34
0.093990720098875	0.490310393126268	34
0.059246104930074	0.531797031782381	34
0.11471601336252	0.426307472887757	34
0.073899060822401	0.418541653954052	34
-0.110437156923204	1.37345190782797	34
-0.018416454813779	0.840663019621923	34
-0.022564217860296	0.753590469245148	34
0.034555199507039	0.555109510375586	34
-0.072283673967996	0.759275295298908	34
0.023206470038066	0.535045985060197	147
0.117339309834115	0.249491741882517	147
-0.097929261636972	1.06420835666085	147
-0.121052871057527	1.39604399581703	87
-0.073465311299772	1.15280568568915	87
0.080062794143708	0.465707530723603	87
0.117293324861136	0.405465151618634	87
0.010244662426892	0.883049696068182	87
0.047354186667835	0.660693457730499	87
0.019162372182732	0.563464160376962	34
0.013624805249287	0.711552756598137	34
0.043304095985268	0.483295069812585	34
0.101277446043443	0.37805142876923	34
0.089410261906489	0.28671757468682	34
0.095894768272662	0.286798698034947	147
0.069920354715996	0.408408124951945	147
0.079403155488554	0.439254555498434	87
0.074681648506208	0.473224480891157	87
-0.072179859031326	1.27124660036632	87
0.040712447738291	0.656882693180608	87
0.043613430775894	0.655202403923588	34
-0.065365582379129	1.31562069483552	34
0.007133976158303	0.861148372025246	34
0.086351217821358	0.494456122665186	34
0.122497096826697	0.22468845138547	34
0.031225914324087	0.627809084412864	34
-0.062459852570926	1.10742158593005	34
0.040710060816224	0.589591924138967	34
0.123671772785037	0.232733221235805	34
0.044531770590131	0.398608906293102	34
-0.035460607235464	0.465546172287576	34
0.088033111541017	0.49827090741282	147
0.076432244084962	0.416843227284551	147
-0.00688374758497101	0.515457487219601	147
0.00722855415915399	0.631886786032528	147
-0.00679763067820099	0.602105091907246	34
-0.096348003537617	0.67197339909896	34
-0.072452398912955	0.787153421877027	34
0.069411514726689	0.423163589551509	34
-0.013902105108846	0.587809919126632	34
0.046279480650245	0.394334007024719	34
0.053819833924712	0.268697983167595	34
-0.112954905843261	1.34627125041966	147
0.103025785635499	0.491570739763976	87
0.076428621365878	0.525520563319669	34
0.055730445599965	0.690349470748971	34
0.026762283721848	0.875604641288211	34
-0.00460850477260599	1.06950507674224	34
0.076296607676059	0.491287794512135	34
0.034789975370487	0.554078871240276	34
0.072780014045107	0.501968799780106	34
0.043678556306181	0.558219303371114	34
0.071904397664742	0.40254923034225	34
0.075214977494074	0.326472442922574	34
0.101676520566204	0.476524376464241	147
0.117676891310608	0.398834042616592	147
-0.075162894820095	1.40694478059545	147
0.111960667397907	0.473994104482843	34
0.117176852407769	0.363611855490428	34
0.114419819750339	0.304640273263117	34
-0.052984715692086	0.836308182724767	34
0.082354604545659	0.506339764131767	34
0.096352952352406	0.584820625221812	147
0.052489165504475	0.554139509071031	147
0.115335413371972	0.418795346763484	147
0.109422797648248	0.466356049339736	87
0.084387149832906	0.574735817594104	34
-0.08683818818298	1.01173621156888	34
-0.099263281127747	0.814343026044476	34
0.059571074207214	0.685935144124283	87
-0.119290008848824	1.84203521703896	87
0.0737835617435	0.614229405772704	34
-0.067879125421159	1.40048019508791	34
0.029667049011252	0.681717724845943	34
0.055144484026707	0.487174368612329	34
0.079401162922482	0.571974505711407	34
0.108175288378737	0.363934375026737	34
0.107819289127123	0.300670999652369	34
-0.119251366432518	1.12488007632402	34
-0.042321960546847	1.08202360538971	147
0.029456406340186	0.784004205849387	147
0.112265300848379	0.461836413623365	87
0.046639319720424	0.833877726604236	87
0.109414187622801	0.534711997585016	34
0.055257191804169	0.84121806712011	34
0.082651951875809	0.667289055955777	87
0.028891284469053	0.553536046216764	34
-0.076910599141945	0.649009584842043	34
0.045287023863625	0.647774528541445	34
0.083647923014202	0.361986890115139	34
0.09482180687542	0.427060345796789	147
0.12168958454323	0.338511975798411	147
0.112497222970335	0.378336165851455	87
0.034807507999106	0.979864863872756	34
0.058130310591	0.773342987816853	34
0.09343378783502	0.545663695807395	34
-0.108993306042667	0.477362519891662	34
-0.065649985400288	0.484023788129382	34
-0.068326643783202	0.583826047547334	34
0.095340913999137	0.196806821004843	87
0.080234552096582	0.24873841430158	87
-0.061292260828585	1.1486275223168	147
0.048239667236064	0.648035192827906	87
0.101431748380544	0.572950509586437	87
0.118051052792166	0.300332228832229	87
0.012750745442693	0.580490209560741	87
0.037658134514361	0.935748476176933	34
0.112099555559091	0.249649493176435	87
0.097817008585923	0.38711315758122	34
-0.087764620576445	1.07104572257349	34
-0.096827598798973	0.741505806747549	34
-0.035178791652553	0.627126663671926	87
0.03250429900335	0.735082460901557	87
-0.027478038651589	1.12870872598625	87
-0.014446634899797	0.576645409668356	87
-0.00251139364372799	1.06477007301559	34
0.122692241791556	0.185998576083446	34
0.103196857467216	0.387681649890988	34
0.07813669841752	0.771099360533936	34
0.00877279581825099	0.610276934167913	34
0.066012409734084	0.313699780283313	34
-0.103869400123059	0.740937258932606	34
0.041693197072046	0.79716376445576	87
0.016082930027574	0.412553405527062	87
0.024315613298038	0.38743572338405	87
0.072091365143671	0.617195381699529	147
0.000454467552743004	1.00106346345863	147
0.108523928601503	0.569621492828518	87
0.103829098597185	0.4468333063971	87
-0.054606868041936	0.973705413424296	87
0.027813831506179	0.632385454901829	34
0.003596653772832	0.645089128420022	34
-0.018994565579821	0.782250096376495	34
0.087451101585836	0.365441216958529	34
0.047348084701899	0.400278965504273	34
-0.124741424751318	1.17463691256444	87
0.09363886716104	0.528663868729105	147
-0.074173734855919	1.60929280147437	147
0.124716099869983	0.356320698155357	87
0.08500033631654	0.715712197438236	87
0.047811613717671	0.795283483981863	87
0.06516106513377	0.486330975076229	87
-0.090054851487762	1.36950057570674	34
0.119760575256078	0.468355823829675	34
0.061897387332252	0.753731251422053	34
0.124210742079957	0.342474731583972	34
0.011641250221903	0.630270798749153	34
-0.035454968174439	0.664953869755737	34
0.124528398703126	0.375347187741118	147
0.080119847658966	0.621926171519261	147
0.023862457643435	0.948288259258123	147
0.096082484217859	0.566316931093794	87
0.04562163330197	0.969004297609534	87
0.095357106107427	0.613720281375122	87
0.035302278788168	0.615335905015685	34
-0.011456975161761	1.084861084744	34
0.055419087955331	0.670141079202449	147
0.022485105095457	0.937338316915525	147
0.091569655275236	0.448859615844514	87
0.079845069152531	0.657058114272516	87
0.048444660259567	0.544016646336455	87
0.062890503619186	0.521067460517917	87
-0.072672555870069	0.686044133937512	34
0.113288736823159	0.406793740389653	34
0.072773536360198	0.471496949087443	34
-0.015472163107618	1.13051455430996	34
0.079793754277841	0.403046942636121	34
0.016190775227508	0.496217259396199	34
0.075605097755052	0.419451463535173	87
0.089183305287871	0.55816931717683	147
0.014530572072307	1.15164961384252	87
-0.010355218533874	1.00089781793024	87
0.072922952546393	0.626296049647964	34
0.116123607334665	0.483399489112097	34
-0.069363918322438	0.793389525673192	34
-0.120546739979919	2.00206821274369	87
-0.011807444168337	0.593804396386704	87
0.106034386381439	0.501159989072281	147
0.000439501911107004	1.23806171786983	87
-0.087042489137066	1.65159133991514	87
0.024938738837505	0.759194900353573	87
0.065106787459952	0.892420296522386	87
0.110570727828996	0.550872114531013	87
-0.041650151215913	1.12061043029627	87
0.120290764594172	0.532238918194446	87
0.061060147072741	0.538350135953719	34
-0.074646769426342	1.84393232285215	34
0.106921799414527	0.527295852698215	34
0.115825281085847	0.372208035214128	34
0.051084761280328	0.431305729478138	87
0.073748885531811	0.621259651953361	147
-0.077879278657867	1.42616768385522	87
0.088647876692004	0.294707835338309	34
0.079581352549929	0.632823117720449	34
0.035157370668884	0.553032648890571	34
-0.016567243253573	0.825925455316379	34
0.110329909691159	0.352727879380888	34
-0.029808844639681	1.53492059150792	147
0.090888501696504	0.745109179959219	87
0.051518949065312	0.830930100707988	87
0.104009258151874	0.514319406795034	87
0.110506655166653	0.433083260547244	34
0.022044291681975	0.529034665128155	34
0.080000425916327	0.843636409284705	87
0.069469610305664	0.77234490325703	87
-0.092721769660716	0.872636602143303	87
-0.075188720000399	1.00059160506641	87
0.10161082237597	0.292077997008138	87
0.12042309911683	0.52802205234973	87
-0.005032881177088	1.35235495407814	87
0.096451509414318	0.634396360441507	87
0.04906746772411	0.556746481503625	34
-0.050908670507654	1.03660067429861	34
0.062722034592441	0.46814067851664	34
0.092259563617684	0.431182809200406	34
0.016559853986817	0.495172248895879	34
0.026654461683415	1.23052685052221	87
0.079133243765183	0.550134012395177	87
0.12253113730412	0.515711217623801	87
0.117585430425367	0.488871107672674	87
0.000636934974660997	1.06831844726735	34
-0.031908949713706	1.03602187776185	34
-0.094342335668789	0.948805219781472	34
0.122106370231043	0.400398688437346	34
0.069225469224607	0.606334100387977	34
-0.085436297204368	1.16845405959503	34
0.086778219968642	0.430242562600445	34
0.117235392753641	0.310749112006664	34
0.085348520338994	0.333193263915592	34
0.090694199635357	0.700030395919486	87
0.067019599538907	0.463153273155165	87
-0.06611230082079	0.849991530677574	87
-0.110691811046652	1.67680573016495	87
-0.091260139943806	0.984692621261061	87
0.097831594176711	0.462676166478957	87
0.068145942949061	1.00362110855494	87
0.109727976026168	0.422893256469044	34
0.051931205273531	0.563565192887545	34
0.029228641420491	0.482909556828876	87
0.025283319107851	0.996653592509653	87
0.026111102815462	0.988296438514925	87
0.094616309503798	0.412909997532784	34
0.04949407749047	0.24519507530157	355
-0.00889585685236599	0.520812241202695	34
0.124046748689022	0.27761104226712	87
0.114410334552592	0.361716960839729	87
0.103604640494361	0.566524665075979	87
0.124186489475849	0.31042496749152	87
0.095230472971502	0.599563999918336	87
0.015571380718298	1.17043118948414	34
0.098297597176413	0.467236382029193	34
-0.096460111137251	1.13234689842216	34
0.121579210277668	0.268762672006067	34
-0.111979265291097	0.893991259128328	34
-0.09890117840872	1.2830998597377	87
0.054310563750835	1.00527116068636	87
0.10890137486282	0.538718418179647	87
0.04731736143579	0.789094897395394	34
0.120917820486163	0.33567152718105	34
0.103273207844076	0.272311793283333	34
0.118511865691667	0.306976483195838	34
0.112198680122736	0.426334860593143	34
-0.037838096439855	0.926759668328655	34
0.039967406273515	0.721911908214848	34
0.023975768227082	0.551462934302924	34
0.080404936356444	0.844329626206688	87
0.124225497108419	0.379145544365827	34
-0.040434155393892	0.890847783361463	34
0.058829354537887	0.659441799800836	34
-0.00881767709436798	0.750190817639598	34
0.094967061265251	0.734284910490359	87
0.058701020262001	0.59482606977751	34
0.038416071373059	0.846949616377086	34
0.012813993548594	1.14166350058359	34
0.091097766807165	0.638413147804773	355
0.112669852833816	0.470397800924718	34
0.123836271079737	0.475505731147899	87
-0.064176506514746	1.22161473904671	34
0.104342063310359	0.333884480617689	87
0.042152788711903	0.516260795447596	34
0.08026672870374	0.413283915620013	34
0.046201168834196	0.807302543722201	34
0.092026777315571	0.307347573406329	87
-0.00341111429817098	0.858587210830713	87
-0.08552175355744	0.949914781374805	34
0.102838114293908	0.164931402498223	34
0.00916953937783399	0.294912971338857	34
0.116827620945508	0.187994358738915	34
0.117902699304503	0.349525225362875	34
0.120098593838724	0.229692826672992	34
0.070353096392697	0.79844659217957	87
0.0600180222972	0.647612247736631	87
-0.07332388406355	1.41723134263918	34
0.079848603035336	0.265214184649659	34
-0.034564567083784	0.463620165086479	34
0.038671490668694	0.573212788917324	34
0.094134724610511	0.44143407907683	34
0.058107503858485	0.630766256865135	34
0.089687824337334	0.383169368552971	34
0.111478509497655	0.297646295517715	34
-0.088397923507966	0.786719481556603	34
-0.111925934329901	1.03597043391449	34
0.09590854519633	0.747804853583389	87
0.097765158615555	0.365705313395174	87
0.052692857064501	0.724819757656903	87
-0.036691612910909	1.18713812750953	87
0.111390663654826	0.473585903120754	87
0.09462203569318	0.432667358096387	87
0.098078511682785	0.270395817494873	34
-0.047073927687515	0.720317506122865	34
0.018992764664299	0.428781889658007	34
0.029762003066261	0.334908559611442	34
-0.015384016008425	0.820284340214463	34
0.028501341302855	0.431082847748935	34
0.101246685156883	0.457236219441808	34
0.06894828759304	0.663672435825654	34
0.122491073132599	0.367946391585404	34
0.119016534535237	0.256368278732622	34
0.109374955647072	0.360155526132628	34
0.041645742017542	0.30623679060324	87
0.016712431639892	0.76909095837117	34
0.086523217706619	0.669208332783234	34
-0.004797895215916	0.595584067099668	34
0.032795552088282	0.439366747033242	34
0.118616950334429	0.312403565809583	34
-0.113280309418785	1.19184624856796	34
0.076798036281991	0.520477015644366	34
0.075906010457233	0.599137581053265	87
0.050706902090061	0.424466063308522	87
0.091349996641314	0.591705243670981	34
0.052951878099051	0.790289785954338	34
0.09184093256783	0.245564789108695	34
-0.06562889441549	0.889951444015887	34
0.014274880214389	0.789729208373483	34
0.088680677947097	0.467761798172208	87
0.00646887292873999	0.773726142918726	87
0.00771049411740299	0.911052190108604	87
-0.00913932428771302	0.370217346460941	34
-0.084112548415626	0.615022468473464	34
-0.110361350592357	0.609744493555177	34
-0.12076408549357	1.14369180749157	34
0.114871961751191	0.409769441270261	34
0.0170679197156	0.629627053321576	34
0.10551250268639	0.279646541266677	34
0.05496307715642	0.943867193627206	87
0.024749893036705	0.82928965229256	34
0.112330294989433	0.386960073678904	34
0.106941344769209	0.473682359972921	34
0.099466434142698	0.505921986403683	34
0.11168247601981	0.391056455539134	34
0.119801699858541	0.387065886480139	34
0.101418813310256	0.574425467016132	87
0.016208522297198	1.02451331566422	87
0.08281286276139	0.623949294815147	34
0.053054752838922	0.710902696563261	34
0.002820101641554	0.958490179360481	34
0.090090432718357	0.529937368179926	34
0.023907182274088	0.938309348133205	34
0.033804259196374	0.818088868185743	34
0.056864880784993	0.844115392752983	34
0.041423187916504	0.863349686801966	34
0.049658739478465	0.591401340890384	34
0.094575485352196	0.352810133055175	87
0.060597588718169	0.549636213668108	34
0.101272603012629	0.469976160396163	34
0.00204652676541001	0.799712544977084	34
-0.0736930778215	0.993809391671045	34
0.095841505414497	0.615044437261935	87
-0.016299836407059	0.836574501050181	87
0.107389367392528	0.430265497751179	34
0.072734109282584	0.632206324134967	34
0.026044786242073	0.806288151225496	34
0.121226803135981	0.327163009118389	34
-0.077561500065499	1.28057206836938	34
-0.014268045732011	1.10820986526013	34
0.113576042734043	0.405701624771605	34
-0.092952876187214	1.33104562780312	34
0.085994696305203	0.392211111490949	34
0.108345726104451	0.692850057225037	87
0.117803112326475	0.615122247081972	87
0.092413600607879	0.540775156677884	34
0.000242957307536013	0.898360058727214	34
0.024593579780545	0.842756888631594	34
-0.045874817453564	1.19530776226067	34
-0.107737415265872	1.23353380854602	34
0.02973399566575	0.633741119849339	34
0.091401311803359	0.855070118244997	87
0.08559791059637	0.813360364393468	87
0.050217535390262	0.960361145244678	87
0.082557094305418	0.526892817231157	34
0.101695920244315	0.41119265915597	34
0.069355473655931	0.576346750475721	34
0.023668685218196	0.74427344250419	34
0.102743999500568	0.455254632380674	34
0.011516634855207	0.74547114924415	34
0.098686973339877	0.557258341923427	87
0.04772338729446	0.754849702017324	87
-0.07396291115499	1.48955944408788	34
0.01634884990517	0.948059674295043	34
0.096637929746266	0.522645674243808	34
-0.045093628866157	0.728138438777549	34
0.037079748780914	1.30803915145291	87
0.05050158192319	0.751320151664278	34
0.072774565945244	0.606230127052024	87
0.084075379477309	0.760483826635715	87
0.059505841011182	0.510206056246949	34
0.023945411423173	0.910769544180016	34
0.012439996546584	0.889349239775391	34
0.090463744198395	0.45589042101247	34
0.029016962210348	0.579581491660959	34
-0.014812170442887	0.654465052760739	34
0.015024927622249	0.488934628720251	87
0.03144974762093	0.677443602935473	34
0.077370813534025	0.437499485094219	34
0.038684661145786	1.22095393446559	87
0.09749795072238	0.636074475885987	87
0.025837365141893	0.416908572931769	34
0.088634970887966	0.356450767200102	34
0.007080712324772	1.22628352380636	87
-0.017934856384836	0.801534194938815	87
-0.033891002120299	1.27253455791733	87
0.012295239705769	1.26677683066712	87
0.122900421784016	0.271088700425242	87
0.102288638184395	0.621742387065015	87
0.102249422360765	0.629330350143857	87
0.07655473663821	0.54784725805988	34
0.124571168221324	0.454807933841489	87
0.096780080201164	0.632350083005445	87
0.100225036379646	0.569904396468108	87
0.078822131839494	0.461068797874998	87
0.040183634870868	0.87079230174102	87
0.066643365552962	0.522655803069815	87
0.075584655205825	0.715570964048993	87
0.097564263020632	0.516631530292559	87
0.056662185900217	0.772633075562836	87
0.083118797895644	0.529896694647441	87
0.042330423484361	0.672680921281307	87
0.068679874999145	0.858368895453811	87
0.100220261621567	0.416358260587125	87
-0.00719835085015203	0.645306441017021	87
0.119462397658756	0.366363735906711	87
0.017675429885219	1.22633273001605	87
0.064031448090325	0.711914970142207	87
0.123754370956604	0.450168963072737	87
0.059472664657995	0.843466092018025	87
0.102404704211984	0.327652498725596	87
0.111326377411943	0.313226609614072	87
0.061755953505261	0.901473354260371	87
0.025893912170892	0.406051074131626	87
-0.051137472904625	1.03767455649306	87
0.078445268506097	0.630345060641892	87
-0.00715484589084298	0.674853715942248	87
0.061475181555059	0.717841119281689	87
0.057698380503065	0.668290926512945	87
0.05035253891718	0.595887305004952	87
0.079317481302193	0.499400209744791	87
0.068919141959816	0.469687792358797	87
0.096170023871506	0.397642781642296	87
0.117921008439471	0.658325626047934	87
0.102463927094694	0.603398245569295	87
0.044574031319483	0.805357890049125	87
0.091736265282506	0.707916165784897	87
0.03812316526007	0.750106312855781	87
0.120037607711448	0.636330013592103	87
0.12275267320692	0.637113192543885	87
0.074086794529503	0.831419593287161	87
0.055473520454221	0.932795903790699	87
0.117868461667786	0.49601861565133	87
0.092955506223119	0.543940873616952	87
0.038699260791838	0.597380307587058	87
0.084516925706459	0.641717554944351	87
0.002788464103016	1.19375218954206	87
0.023643991310522	0.88728579967856	87
0.095264685169179	0.604837609300954	87
0.071553290554175	0.702696282812396	87
0.088230933388497	0.435852919178566	87
0.101635409134789	0.707554168095727	87
0.035229052194839	0.598974336794075	87
0.105975645332815	0.353796809607855	87
-0.025647703312351	0.772631681112121	87
-0.045820114616637	0.944747471419489	87
-0.013344521064438	1.20676634260579	87
0.002221715615396	0.861854571815142	87
0.124386958287466	0.38822562624078	87
-0.11985020305458	1.09458316178382	87
0.115919340359245	0.440250221345721	87
0.102197350089455	0.524694431318919	87
0.035075115281113	0.973867256820115	87
0.052161862963243	0.489854507264959	87
0.088849180448683	0.462000111653773	87
0.099976580805416	0.641097491049308	87
0.122638161655481	0.360263762725342	87
0.055893746315991	0.756849247125012	87
0.000588367518814997	1.01786786691657	87
-0.011693051421288	0.451343430339125	87
0.058495504587654	0.45795486256292	87
0.074535960928431	0.584465636753412	87
-0.028525380267621	0.816882587906373	87
0.033682499435436	0.360678094776532	87
0.034983339508065	0.561982695625303	87
-0.016430929390248	1.24083356830244	87
0.113785685215033	0.42512530444823	87
0.028622929050607	0.620752850955209	87
0.094168168982571	0.263812315024873	87
0.078852737981367	0.805577001973127	87
0.008082814016559	1.08268608986098	87
0.063808264331536	0.825986643439141	87
0.104525304324322	0.349184145693354	87
0.054176491704256	0.850025215899681	87
-0.046444301730853	1.252933909046	87
0.08263520007962	0.544457881877637	87
0.029216354294278	0.920661435599406	87
0.11597471039136	0.354314853865869	87
0.103093151294183	0.699831357352619	87
0.067521459629785	0.893460209250709	87
0.015180594495153	0.828276806948426	87
0.031644241591927	0.887310161120502	87
0.006572875277361	1.38857070468351	87
0.095090916229661	0.523886192565071	87
0.087662548285387	0.645155026470249	87
-0.039881811425461	0.895756438574202	87
0.12004880530312	0.338582731365451	87
0.121207217157595	0.491526535358169	87
0.122892415263134	0.434482533080796	87
0.075772972143735	0.55114226511119	87
0.069016508637827	0.966729265008834	87
-0.034625233035056	1.31478065279074	87
