group	fill	colour	clickSelects
1	#FFFFFF	#D3D3D3	31
2	#FFFFFF	#D3D3D3	261
3	#FFFFFF	#D3D3D3	261
4	#FFFFFF	#D3D3D3	171
5	#FFFFFF	#D3D3D3	171
6	#FFFFFF	#D3D3D3	171
7	#FFFFFF	#D3D3D3	171
8	#FFFFFF	#D3D3D3	7
9	#FFFFFF	#D3D3D3	171
10	#FFFFFF	#D3D3D3	171
11	#FFFFFF	#D3D3D3	7
12	#FFFFFF	#D3D3D3	7
13	#FFFFFF	#D3D3D3	7
14	#FFFFFF	#D3D3D3	31
15	#FFFFFF	#D3D3D3	7
16	#FFFFFF	#D3D3D3	7
17	#FFFFFF	#D3D3D3	7
18	#FFFFFF	#D3D3D3	7
19	#FFFFFF	#D3D3D3	7
20	#FFFFFF	#D3D3D3	77
21	#FFFFFF	#D3D3D3	77
22	#FFFFFF	#D3D3D3	77
23	#FFFFFF	#D3D3D3	7
24	#FFFFFF	#D3D3D3	7
25	#FFFFFF	#D3D3D3	31
26	#FFFFFF	#D3D3D3	7
27	#FFFFFF	#D3D3D3	77
28	#FFFFFF	#D3D3D3	77
29	#FFFFFF	#D3D3D3	7
30	#FFFFFF	#D3D3D3	7
31	#FFFFFF	#D3D3D3	7
32	#FFFFFF	#D3D3D3	26
33	#FFFFFF	#D3D3D3	26
34	#FFFFFF	#D3D3D3	26
35	#FFFFFF	#D3D3D3	26
36	#FFFFFF	#D3D3D3	7
37	#FFFFFF	#D3D3D3	26
38	#FFFFFF	#D3D3D3	26
39	#FFFFFF	#D3D3D3	26
40	#FFFFFF	#D3D3D3	26
41	#FFFFFF	#D3D3D3	26
42	#FFFFFF	#D3D3D3	26
43	#FFFFFF	#D3D3D3	7
44	#FFFFFF	#D3D3D3	7
45	#FFFFFF	#D3D3D3	7
46	#FFFFFF	#D3D3D3	7
47	#FFFFFF	#D3D3D3	171
48	#FFFFFF	#D3D3D3	171
49	#FFFFFF	#D3D3D3	171
50	#FFFFFF	#D3D3D3	7
52	#FFFFFF	#D3D3D3	261
53	#FFFFFF	#D3D3D3	261
54	#FFFFFF	#D3D3D3	171
55	#FFFFFF	#D3D3D3	171
56	#FFFFFF	#D3D3D3	171
57	#FFFFFF	#D3D3D3	171
58	#FFFFFF	#D3D3D3	7
59	#FFFFFF	#D3D3D3	171
60	#FFFFFF	#D3D3D3	171
61	#FFFFFF	#D3D3D3	171
62	#FFFFFF	#D3D3D3	7
63	#FFFFFF	#D3D3D3	7
64	#FFFFFF	#D3D3D3	261
65	#FFFFFF	#D3D3D3	7
66	#FFFFFF	#D3D3D3	7
67	#FFFFFF	#D3D3D3	7
68	#FFFFFF	#D3D3D3	7
69	#FFFFFF	#D3D3D3	7
70	#FFFFFF	#D3D3D3	77
71	#FFFFFF	#D3D3D3	7
72	#FFFFFF	#D3D3D3	77
73	#FFFFFF	#D3D3D3	77
74	#FFFFFF	#D3D3D3	7
75	#FFFFFF	#D3D3D3	31
76	#FFFFFF	#D3D3D3	7
77	#FFFFFF	#D3D3D3	7
78	#FFFFFF	#D3D3D3	77
79	#FFFFFF	#D3D3D3	77
80	#FFFFFF	#D3D3D3	7
81	#FFFFFF	#D3D3D3	7
82	#FFFFFF	#D3D3D3	7
83	#FFFFFF	#D3D3D3	7
84	#FFFFFF	#D3D3D3	7
85	#FFFFFF	#D3D3D3	26
86	#FFFFFF	#D3D3D3	31
87	#FFFFFF	#D3D3D3	26
88	#FFFFFF	#D3D3D3	26
89	#FFFFFF	#D3D3D3	26
90	#FFFFFF	#D3D3D3	26
91	#FFFFFF	#D3D3D3	26
92	#FFFFFF	#D3D3D3	26
93	#FFFFFF	#D3D3D3	26
94	#FFFFFF	#D3D3D3	7
95	#FFFFFF	#D3D3D3	26
97	#FFFFFF	#D3D3D3	31
98	#FFFFFF	#D3D3D3	7
99	#FFFFFF	#D3D3D3	171
100	#FFFFFF	#D3D3D3	171
101	#FFFFFF	#D3D3D3	171
102	#FFFFFF	#D3D3D3	261
103	#FFFFFF	#D3D3D3	261
104	#FFFFFF	#D3D3D3	261
105	#FFFFFF	#D3D3D3	171
106	#FFFFFF	#D3D3D3	171
107	#FFFFFF	#D3D3D3	7
108	#FFFFFF	#D3D3D3	7
109	#FFFFFF	#D3D3D3	171
110	#FFFFFF	#D3D3D3	171
111	#FFFFFF	#D3D3D3	171
112	#FFFFFF	#D3D3D3	171
113	#FFFFFF	#D3D3D3	7
114	#FFFFFF	#D3D3D3	7
115	#FFFFFF	#D3D3D3	31
116	#FFFFFF	#D3D3D3	7
117	#FFFFFF	#D3D3D3	7
118	#FFFFFF	#D3D3D3	7
119	#FFFFFF	#D3D3D3	7
120	#FFFFFF	#D3D3D3	7
121	#FFFFFF	#D3D3D3	7
122	#FFFFFF	#D3D3D3	7
123	#FFFFFF	#D3D3D3	77
124	#FFFFFF	#D3D3D3	77
125	#FFFFFF	#D3D3D3	7
126	#FFFFFF	#D3D3D3	31
127	#FFFFFF	#D3D3D3	7
128	#FFFFFF	#D3D3D3	7
129	#FFFFFF	#D3D3D3	77
130	#FFFFFF	#D3D3D3	7
131	#FFFFFF	#D3D3D3	7
132	#FFFFFF	#D3D3D3	7
133	#FFFFFF	#D3D3D3	7
134	#FFFFFF	#D3D3D3	7
135	#FFFFFF	#D3D3D3	7
136	#FFFFFF	#D3D3D3	26
137	#FFFFFF	#D3D3D3	31
138	#FFFFFF	#D3D3D3	26
139	#FFFFFF	#D3D3D3	26
140	#FFFFFF	#D3D3D3	26
141	#FFFFFF	#D3D3D3	26
142	#FFFFFF	#D3D3D3	26
143	#FFFFFF	#D3D3D3	7
144	#FFFFFF	#D3D3D3	7
145	#FFFFFF	#D3D3D3	7
146	#FFFFFF	#D3D3D3	26
147	#FFFFFF	#D3D3D3	7
148	#FFFFFF	#D3D3D3	7
149	#FFFFFF	#D3D3D3	171
150	#FFFFFF	#D3D3D3	171
151	#FFFFFF	#D3D3D3	171
153	#FFFFFF	#D3D3D3	31
154	#FFFFFF	#D3D3D3	31
155	#FFFFFF	#D3D3D3	31
156	#FFFFFF	#D3D3D3	31
157	#FFFFFF	#D3D3D3	7
158	#FFFFFF	#D3D3D3	31
159	#FFFFFF	#D3D3D3	7
160	#FFFFFF	#D3D3D3	7
161	#FFFFFF	#D3D3D3	7
162	#FFFFFF	#D3D3D3	7
163	#FFFFFF	#D3D3D3	7
164	#FFFFFF	#D3D3D3	7
165	#FFFFFF	#D3D3D3	31
166	#FFFFFF	#D3D3D3	7
167	#FFFFFF	#D3D3D3	7
168	#FFFFFF	#D3D3D3	7
169	#FFFFFF	#D3D3D3	7
170	#FFFFFF	#D3D3D3	7
171	#FFFFFF	#D3D3D3	7
172	#FFFFFF	#D3D3D3	7
173	#FFFFFF	#D3D3D3	7
174	#FFFFFF	#D3D3D3	7
175	#FFFFFF	#D3D3D3	7
176	#FFFFFF	#D3D3D3	31
177	#FFFFFF	#D3D3D3	7
178	#FFFFFF	#D3D3D3	220
179	#FFFFFF	#D3D3D3	220
180	#FFFFFF	#D3D3D3	109
181	#FFFFFF	#D3D3D3	7
182	#FFFFFF	#D3D3D3	26
183	#FFFFFF	#D3D3D3	26
184	#FFFFFF	#D3D3D3	26
185	#FFFFFF	#D3D3D3	26
186	#FFFFFF	#D3D3D3	32
187	#FFFFFF	#D3D3D3	31
188	#FFFFFF	#D3D3D3	32
189	#FFFFFF	#D3D3D3	32
190	#FFFFFF	#D3D3D3	26
191	#FFFFFF	#D3D3D3	32
192	#FFFFFF	#D3D3D3	26
193	#FFFFFF	#D3D3D3	26
194	#FFFFFF	#D3D3D3	26
195	#FFFFFF	#D3D3D3	26
196	#FFFFFF	#D3D3D3	26
198	#FFFFFF	#D3D3D3	31
199	#FFFFFF	#D3D3D3	31
200	#FFFFFF	#D3D3D3	31
201	#FFFFFF	#D3D3D3	31
202	#FFFFFF	#D3D3D3	31
203	#FFFFFF	#D3D3D3	31
204	#FFFFFF	#D3D3D3	31
205	#FFFFFF	#D3D3D3	31
206	#FFFFFF	#D3D3D3	31
207	#FFFFFF	#D3D3D3	31
208	#FFFFFF	#D3D3D3	7
209	#FFFFFF	#D3D3D3	31
210	#FFFFFF	#D3D3D3	7
211	#FFFFFF	#D3D3D3	7
212	#FFFFFF	#D3D3D3	7
213	#FFFFFF	#D3D3D3	7
214	#FFFFFF	#D3D3D3	7
215	#FFFFFF	#D3D3D3	7
216	#FFFFFF	#D3D3D3	31
217	#FFFFFF	#D3D3D3	7
218	#FFFFFF	#D3D3D3	7
219	#FFFFFF	#D3D3D3	7
220	#FFFFFF	#D3D3D3	7
221	#FFFFFF	#D3D3D3	7
222	#FFFFFF	#D3D3D3	7
223	#FFFFFF	#D3D3D3	7
224	#FFFFFF	#D3D3D3	7
225	#FFFFFF	#D3D3D3	7
226	#FFFFFF	#D3D3D3	109
227	#FFFFFF	#D3D3D3	31
228	#FFFFFF	#D3D3D3	109
229	#FFFFFF	#D3D3D3	109
230	#FFFFFF	#D3D3D3	220
231	#FFFFFF	#D3D3D3	109
232	#FFFFFF	#D3D3D3	7
233	#FFFFFF	#D3D3D3	26
234	#FFFFFF	#D3D3D3	26
235	#FFFFFF	#D3D3D3	26
236	#FFFFFF	#D3D3D3	26
237	#FFFFFF	#D3D3D3	32
238	#FFFFFF	#D3D3D3	31
239	#FFFFFF	#D3D3D3	32
240	#FFFFFF	#D3D3D3	32
241	#FFFFFF	#D3D3D3	32
242	#FFFFFF	#D3D3D3	26
243	#FFFFFF	#D3D3D3	26
244	#FFFFFF	#D3D3D3	32
245	#FFFFFF	#D3D3D3	26
246	#FFFFFF	#D3D3D3	26
247	#FFFFFF	#D3D3D3	26
248	#FFFFFF	#D3D3D3	31
249	#FFFFFF	#D3D3D3	31
250	#FFFFFF	#D3D3D3	31
251	#FFFFFF	#D3D3D3	31
252	#FFFFFF	#D3D3D3	31
254	#FFFFFF	#D3D3D3	31
255	#FFFFFF	#D3D3D3	31
256	#FFFFFF	#D3D3D3	31
257	#FFFFFF	#D3D3D3	31
258	#FFFFFF	#D3D3D3	31
259	#FFFFFF	#D3D3D3	7
260	#FFFFFF	#D3D3D3	31
261	#FFFFFF	#D3D3D3	7
262	#FFFFFF	#D3D3D3	7
263	#FFFFFF	#D3D3D3	7
264	#FFFFFF	#D3D3D3	7
265	#FFFFFF	#D3D3D3	7
266	#FFFFFF	#D3D3D3	31
267	#FFFFFF	#D3D3D3	79
268	#FFFFFF	#D3D3D3	7
269	#FFFFFF	#D3D3D3	7
270	#FFFFFF	#D3D3D3	7
271	#FFFFFF	#D3D3D3	7
272	#FFFFFF	#D3D3D3	7
273	#FFFFFF	#D3D3D3	7
274	#FFFFFF	#D3D3D3	7
275	#FFFFFF	#D3D3D3	7
276	#FFFFFF	#D3D3D3	109
277	#FFFFFF	#D3D3D3	31
278	#FFFFFF	#D3D3D3	109
279	#FFFFFF	#D3D3D3	109
280	#FFFFFF	#D3D3D3	109
281	#FFFFFF	#D3D3D3	109
282	#FFFFFF	#D3D3D3	109
283	#FFFFFF	#D3D3D3	7
284	#FFFFFF	#D3D3D3	7
285	#FFFFFF	#D3D3D3	26
286	#FFFFFF	#D3D3D3	325
287	#FFFFFF	#D3D3D3	26
288	#FFFFFF	#D3D3D3	31
289	#FFFFFF	#D3D3D3	26
290	#FFFFFF	#D3D3D3	32
291	#FFFFFF	#D3D3D3	32
292	#FFFFFF	#D3D3D3	32
293	#FFFFFF	#D3D3D3	32
294	#FFFFFF	#D3D3D3	32
295	#FFFFFF	#D3D3D3	32
296	#FFFFFF	#D3D3D3	32
297	#FFFFFF	#D3D3D3	32
299	#FFFFFF	#D3D3D3	31
300	#FFFFFF	#D3D3D3	7
301	#FFFFFF	#D3D3D3	31
302	#FFFFFF	#D3D3D3	31
303	#FFFFFF	#D3D3D3	31
304	#FFFFFF	#D3D3D3	31
305	#FFFFFF	#D3D3D3	31
306	#FFFFFF	#D3D3D3	31
307	#FFFFFF	#D3D3D3	31
308	#FFFFFF	#D3D3D3	31
309	#FFFFFF	#D3D3D3	31
310	#FFFFFF	#D3D3D3	31
311	#FFFFFF	#D3D3D3	31
312	#FFFFFF	#D3D3D3	31
313	#FFFFFF	#D3D3D3	7
314	#FFFFFF	#D3D3D3	7
315	#FFFFFF	#D3D3D3	7
316	#FFFFFF	#D3D3D3	79
317	#FFFFFF	#D3D3D3	31
318	#FFFFFF	#D3D3D3	79
319	#FFFFFF	#D3D3D3	7
320	#FFFFFF	#D3D3D3	7
321	#FFFFFF	#D3D3D3	7
322	#FFFFFF	#D3D3D3	7
323	#FFFFFF	#D3D3D3	7
324	#FFFFFF	#D3D3D3	7
325	#FFFFFF	#D3D3D3	7
326	#FFFFFF	#D3D3D3	109
327	#FFFFFF	#D3D3D3	109
328	#FFFFFF	#D3D3D3	31
329	#FFFFFF	#D3D3D3	109
330	#FFFFFF	#D3D3D3	109
331	#FFFFFF	#D3D3D3	109
332	#FFFFFF	#D3D3D3	109
333	#FFFFFF	#D3D3D3	109
334	#FFFFFF	#D3D3D3	7
335	#FFFFFF	#D3D3D3	26
336	#FFFFFF	#D3D3D3	26
337	#FFFFFF	#D3D3D3	325
338	#FFFFFF	#D3D3D3	26
339	#FFFFFF	#D3D3D3	31
340	#FFFFFF	#D3D3D3	26
341	#FFFFFF	#D3D3D3	26
342	#FFFFFF	#D3D3D3	32
343	#FFFFFF	#D3D3D3	32
344	#FFFFFF	#D3D3D3	32
345	#FFFFFF	#D3D3D3	32
346	#FFFFFF	#D3D3D3	32
347	#FFFFFF	#D3D3D3	32
348	#FFFFFF	#D3D3D3	32
349	#FFFFFF	#D3D3D3	7
350	#FFFFFF	#D3D3D3	31
351	#FFFFFF	#D3D3D3	31
352	#FFFFFF	#D3D3D3	31
353	#FFFFFF	#D3D3D3	31
355	#FFFFFF	#D3D3D3	31
356	#FFFFFF	#D3D3D3	31
357	#FFFFFF	#D3D3D3	31
358	#FFFFFF	#D3D3D3	31
359	#FFFFFF	#D3D3D3	31
360	#FFFFFF	#D3D3D3	31
361	#FFFFFF	#D3D3D3	7
362	#FFFFFF	#D3D3D3	31
363	#FFFFFF	#D3D3D3	7
364	#FFFFFF	#D3D3D3	7
365	#FFFFFF	#D3D3D3	7
366	#FFFFFF	#D3D3D3	79
367	#FFFFFF	#D3D3D3	7
368	#FFFFFF	#D3D3D3	7
369	#FFFFFF	#D3D3D3	7
370	#FFFFFF	#D3D3D3	7
371	#FFFFFF	#D3D3D3	7
372	#FFFFFF	#D3D3D3	7
373	#FFFFFF	#D3D3D3	7
374	#FFFFFF	#D3D3D3	7
375	#FFFFFF	#D3D3D3	7
376	#FFFFFF	#D3D3D3	7
377	#FFFFFF	#D3D3D3	109
378	#FFFFFF	#D3D3D3	7
379	#FFFFFF	#D3D3D3	109
380	#FFFFFF	#D3D3D3	109
381	#FFFFFF	#D3D3D3	109
382	#FFFFFF	#D3D3D3	109
383	#FFFFFF	#D3D3D3	109
384	#FFFFFF	#D3D3D3	7
385	#FFFFFF	#D3D3D3	26
386	#FFFFFF	#D3D3D3	26
387	#FFFFFF	#D3D3D3	325
388	#FFFFFF	#D3D3D3	26
389	#FFFFFF	#D3D3D3	31
390	#FFFFFF	#D3D3D3	26
391	#FFFFFF	#D3D3D3	26
392	#FFFFFF	#D3D3D3	26
393	#FFFFFF	#D3D3D3	26
394	#FFFFFF	#D3D3D3	32
395	#FFFFFF	#D3D3D3	26
396	#FFFFFF	#D3D3D3	32
397	#FFFFFF	#D3D3D3	32
398	#FFFFFF	#D3D3D3	32
400	#FFFFFF	#D3D3D3	7
401	#FFFFFF	#D3D3D3	7
402	#FFFFFF	#D3D3D3	31
403	#FFFFFF	#D3D3D3	31
404	#FFFFFF	#D3D3D3	31
405	#FFFFFF	#D3D3D3	258
406	#FFFFFF	#D3D3D3	31
407	#FFFFFF	#D3D3D3	7
408	#FFFFFF	#D3D3D3	31
409	#FFFFFF	#D3D3D3	31
410	#FFFFFF	#D3D3D3	31
411	#FFFFFF	#D3D3D3	31
412	#FFFFFF	#D3D3D3	7
413	#FFFFFF	#D3D3D3	31
414	#FFFFFF	#D3D3D3	7
415	#FFFFFF	#D3D3D3	7
416	#FFFFFF	#D3D3D3	79
417	#FFFFFF	#D3D3D3	7
418	#FFFFFF	#D3D3D3	7
419	#FFFFFF	#D3D3D3	7
420	#FFFFFF	#D3D3D3	7
421	#FFFFFF	#D3D3D3	7
422	#FFFFFF	#D3D3D3	7
423	#FFFFFF	#D3D3D3	7
424	#FFFFFF	#D3D3D3	7
425	#FFFFFF	#D3D3D3	7
426	#FFFFFF	#D3D3D3	7
427	#FFFFFF	#D3D3D3	7
428	#FFFFFF	#D3D3D3	109
429	#FFFFFF	#D3D3D3	7
430	#FFFFFF	#D3D3D3	109
431	#FFFFFF	#D3D3D3	7
432	#FFFFFF	#D3D3D3	109
433	#FFFFFF	#D3D3D3	7
434	#FFFFFF	#D3D3D3	109
435	#FFFFFF	#D3D3D3	7
436	#FFFFFF	#D3D3D3	7
437	#FFFFFF	#D3D3D3	26
438	#FFFFFF	#D3D3D3	325
439	#FFFFFF	#D3D3D3	26
440	#FFFFFF	#D3D3D3	7
441	#FFFFFF	#D3D3D3	26
442	#FFFFFF	#D3D3D3	26
443	#FFFFFF	#D3D3D3	26
444	#FFFFFF	#D3D3D3	32
445	#FFFFFF	#D3D3D3	26
446	#FFFFFF	#D3D3D3	32
447	#FFFFFF	#D3D3D3	32
448	#FFFFFF	#D3D3D3	32
449	#FFFFFF	#D3D3D3	32
450	#FFFFFF	#D3D3D3	7
451	#FFFFFF	#D3D3D3	7
452	#FFFFFF	#D3D3D3	31
453	#FFFFFF	#D3D3D3	31
454	#FFFFFF	#D3D3D3	31
456	#FFFFFF	#D3D3D3	31
457	#FFFFFF	#D3D3D3	7
458	#FFFFFF	#D3D3D3	31
459	#FFFFFF	#D3D3D3	7
460	#FFFFFF	#D3D3D3	7
461	#FFFFFF	#D3D3D3	7
462	#FFFFFF	#D3D3D3	7
463	#FFFFFF	#D3D3D3	7
464	#FFFFFF	#D3D3D3	7
465	#FFFFFF	#D3D3D3	7
466	#FFFFFF	#D3D3D3	7
467	#FFFFFF	#D3D3D3	79
468	#FFFFFF	#D3D3D3	7
469	#FFFFFF	#D3D3D3	7
470	#FFFFFF	#D3D3D3	79
471	#FFFFFF	#D3D3D3	7
472	#FFFFFF	#D3D3D3	7
473	#FFFFFF	#D3D3D3	7
474	#FFFFFF	#D3D3D3	7
475	#FFFFFF	#D3D3D3	7
476	#FFFFFF	#D3D3D3	7
477	#FFFFFF	#D3D3D3	7
478	#FFFFFF	#D3D3D3	7
479	#FFFFFF	#D3D3D3	7
480	#FFFFFF	#D3D3D3	109
481	#FFFFFF	#D3D3D3	109
482	#FFFFFF	#D3D3D3	7
483	#FFFFFF	#D3D3D3	7
484	#FFFFFF	#D3D3D3	7
485	#FFFFFF	#D3D3D3	109
486	#FFFFFF	#D3D3D3	7
487	#FFFFFF	#D3D3D3	26
488	#FFFFFF	#D3D3D3	26
489	#FFFFFF	#D3D3D3	325
490	#FFFFFF	#D3D3D3	7
491	#FFFFFF	#D3D3D3	325
492	#FFFFFF	#D3D3D3	26
493	#FFFFFF	#D3D3D3	26
494	#FFFFFF	#D3D3D3	26
495	#FFFFFF	#D3D3D3	32
496	#FFFFFF	#D3D3D3	26
497	#FFFFFF	#D3D3D3	26
498	#FFFFFF	#D3D3D3	32
499	#FFFFFF	#D3D3D3	32
501	#FFFFFF	#D3D3D3	7
502	#FFFFFF	#D3D3D3	7
503	#FFFFFF	#D3D3D3	7
504	#FFFFFF	#D3D3D3	31
505	#FFFFFF	#D3D3D3	7
506	#FFFFFF	#D3D3D3	258
507	#FFFFFF	#D3D3D3	31
508	#FFFFFF	#D3D3D3	31
509	#FFFFFF	#D3D3D3	31
510	#FFFFFF	#D3D3D3	7
511	#FFFFFF	#D3D3D3	7
512	#FFFFFF	#D3D3D3	7
513	#FFFFFF	#D3D3D3	7
514	#FFFFFF	#D3D3D3	7
515	#FFFFFF	#D3D3D3	7
516	#FFFFFF	#D3D3D3	7
517	#FFFFFF	#D3D3D3	79
518	#FFFFFF	#D3D3D3	7
519	#FFFFFF	#D3D3D3	7
520	#FFFFFF	#D3D3D3	7
521	#FFFFFF	#D3D3D3	79
522	#FFFFFF	#D3D3D3	7
523	#FFFFFF	#D3D3D3	7
524	#FFFFFF	#D3D3D3	7
525	#FFFFFF	#D3D3D3	7
526	#FFFFFF	#D3D3D3	7
527	#FFFFFF	#D3D3D3	7
528	#FFFFFF	#D3D3D3	7
529	#FFFFFF	#D3D3D3	7
530	#FFFFFF	#D3D3D3	7
531	#FFFFFF	#D3D3D3	109
532	#FFFFFF	#D3D3D3	7
533	#FFFFFF	#D3D3D3	7
534	#FFFFFF	#D3D3D3	7
535	#FFFFFF	#D3D3D3	7
536	#FFFFFF	#D3D3D3	109
537	#FFFFFF	#D3D3D3	26
538	#FFFFFF	#D3D3D3	26
539	#FFFFFF	#D3D3D3	26
540	#FFFFFF	#D3D3D3	325
541	#FFFFFF	#D3D3D3	7
542	#FFFFFF	#D3D3D3	26
543	#FFFFFF	#D3D3D3	26
544	#FFFFFF	#D3D3D3	26
545	#FFFFFF	#D3D3D3	26
546	#FFFFFF	#D3D3D3	26
547	#FFFFFF	#D3D3D3	26
548	#FFFFFF	#D3D3D3	32
549	#FFFFFF	#D3D3D3	32
550	#FFFFFF	#D3D3D3	32
551	#FFFFFF	#D3D3D3	7
552	#FFFFFF	#D3D3D3	7
553	#FFFFFF	#D3D3D3	31
554	#FFFFFF	#D3D3D3	31
555	#FFFFFF	#D3D3D3	7
557	#FFFFFF	#D3D3D3	258
558	#FFFFFF	#D3D3D3	31
559	#FFFFFF	#D3D3D3	31
560	#FFFFFF	#D3D3D3	7
561	#FFFFFF	#D3D3D3	7
562	#FFFFFF	#D3D3D3	7
563	#FFFFFF	#D3D3D3	7
564	#FFFFFF	#D3D3D3	7
565	#FFFFFF	#D3D3D3	7
566	#FFFFFF	#D3D3D3	7
567	#FFFFFF	#D3D3D3	7
568	#FFFFFF	#D3D3D3	79
569	#FFFFFF	#D3D3D3	7
570	#FFFFFF	#D3D3D3	79
571	#FFFFFF	#D3D3D3	79
572	#FFFFFF	#D3D3D3	7
573	#FFFFFF	#D3D3D3	7
574	#FFFFFF	#D3D3D3	7
575	#FFFFFF	#D3D3D3	7
576	#FFFFFF	#D3D3D3	7
577	#FFFFFF	#D3D3D3	7
578	#FFFFFF	#D3D3D3	7
579	#FFFFFF	#D3D3D3	7
580	#FFFFFF	#D3D3D3	7
581	#FFFFFF	#D3D3D3	7
582	#FFFFFF	#D3D3D3	7
583	#FFFFFF	#D3D3D3	7
584	#FFFFFF	#D3D3D3	7
585	#FFFFFF	#D3D3D3	7
586	#FFFFFF	#D3D3D3	7
587	#FFFFFF	#D3D3D3	7
588	#FFFFFF	#D3D3D3	26
589	#FFFFFF	#D3D3D3	325
590	#FFFFFF	#D3D3D3	325
591	#FFFFFF	#D3D3D3	7
592	#FFFFFF	#D3D3D3	325
593	#FFFFFF	#D3D3D3	26
594	#FFFFFF	#D3D3D3	26
595	#FFFFFF	#D3D3D3	26
596	#FFFFFF	#D3D3D3	26
597	#FFFFFF	#D3D3D3	26
598	#FFFFFF	#D3D3D3	32
599	#FFFFFF	#D3D3D3	32
600	#FFFFFF	#D3D3D3	32
602	#FFFFFF	#D3D3D3	7
603	#FFFFFF	#D3D3D3	7
604	#FFFFFF	#D3D3D3	31
605	#FFFFFF	#D3D3D3	7
606	#FFFFFF	#D3D3D3	7
607	#FFFFFF	#D3D3D3	258
608	#FFFFFF	#D3D3D3	31
609	#FFFFFF	#D3D3D3	31
610	#FFFFFF	#D3D3D3	31
611	#FFFFFF	#D3D3D3	7
612	#FFFFFF	#D3D3D3	7
613	#FFFFFF	#D3D3D3	7
614	#FFFFFF	#D3D3D3	7
615	#FFFFFF	#D3D3D3	7
616	#FFFFFF	#D3D3D3	7
617	#FFFFFF	#D3D3D3	7
618	#FFFFFF	#D3D3D3	79
619	#FFFFFF	#D3D3D3	79
620	#FFFFFF	#D3D3D3	7
621	#FFFFFF	#D3D3D3	79
622	#FFFFFF	#D3D3D3	79
623	#FFFFFF	#D3D3D3	7
624	#FFFFFF	#D3D3D3	7
625	#FFFFFF	#D3D3D3	7
626	#FFFFFF	#D3D3D3	7
627	#FFFFFF	#D3D3D3	7
628	#FFFFFF	#D3D3D3	7
629	#FFFFFF	#D3D3D3	7
630	#FFFFFF	#D3D3D3	7
631	#FFFFFF	#D3D3D3	7
632	#FFFFFF	#D3D3D3	7
633	#FFFFFF	#D3D3D3	7
634	#FFFFFF	#D3D3D3	7
635	#FFFFFF	#D3D3D3	7
636	#FFFFFF	#D3D3D3	7
637	#FFFFFF	#D3D3D3	7
638	#FFFFFF	#D3D3D3	7
639	#FFFFFF	#D3D3D3	26
640	#FFFFFF	#D3D3D3	325
641	#FFFFFF	#D3D3D3	325
642	#FFFFFF	#D3D3D3	7
643	#FFFFFF	#D3D3D3	26
644	#FFFFFF	#D3D3D3	26
645	#FFFFFF	#D3D3D3	26
646	#FFFFFF	#D3D3D3	26
647	#FFFFFF	#D3D3D3	26
648	#FFFFFF	#D3D3D3	26
649	#FFFFFF	#D3D3D3	32
650	#FFFFFF	#D3D3D3	32
651	#FFFFFF	#D3D3D3	32
652	#FFFFFF	#D3D3D3	31
653	#FFFFFF	#D3D3D3	31
654	#FFFFFF	#D3D3D3	7
655	#FFFFFF	#D3D3D3	7
656	#FFFFFF	#D3D3D3	31
658	#FFFFFF	#D3D3D3	31
659	#FFFFFF	#D3D3D3	31
660	#FFFFFF	#D3D3D3	7
661	#FFFFFF	#D3D3D3	31
662	#FFFFFF	#D3D3D3	7
663	#FFFFFF	#D3D3D3	7
664	#FFFFFF	#D3D3D3	7
665	#FFFFFF	#D3D3D3	7
666	#FFFFFF	#D3D3D3	7
667	#FFFFFF	#D3D3D3	79
668	#FFFFFF	#D3D3D3	79
669	#FFFFFF	#D3D3D3	79
670	#FFFFFF	#D3D3D3	31
671	#FFFFFF	#D3D3D3	79
672	#FFFFFF	#D3D3D3	79
673	#FFFFFF	#D3D3D3	79
674	#FFFFFF	#D3D3D3	7
675	#FFFFFF	#D3D3D3	7
676	#FFFFFF	#D3D3D3	7
677	#FFFFFF	#D3D3D3	7
678	#FFFFFF	#D3D3D3	7
679	#FFFFFF	#D3D3D3	7
680	#FFFFFF	#D3D3D3	7
681	#FFFFFF	#D3D3D3	7
682	#FFFFFF	#D3D3D3	7
683	#FFFFFF	#D3D3D3	7
684	#FFFFFF	#D3D3D3	7
685	#FFFFFF	#D3D3D3	7
686	#FFFFFF	#D3D3D3	7
687	#FFFFFF	#D3D3D3	7
688	#FFFFFF	#D3D3D3	7
689	#FFFFFF	#D3D3D3	26
690	#FFFFFF	#D3D3D3	26
691	#FFFFFF	#D3D3D3	325
692	#FFFFFF	#D3D3D3	31
693	#FFFFFF	#D3D3D3	26
694	#FFFFFF	#D3D3D3	26
695	#FFFFFF	#D3D3D3	26
696	#FFFFFF	#D3D3D3	26
697	#FFFFFF	#D3D3D3	26
698	#FFFFFF	#D3D3D3	32
699	#FFFFFF	#D3D3D3	32
700	#FFFFFF	#D3D3D3	32
701	#FFFFFF	#D3D3D3	32
703	#FFFFFF	#D3D3D3	7
704	#FFFFFF	#D3D3D3	31
705	#FFFFFF	#D3D3D3	31
706	#FFFFFF	#D3D3D3	7
707	#FFFFFF	#D3D3D3	7
708	#FFFFFF	#D3D3D3	31
709	#FFFFFF	#D3D3D3	7
710	#FFFFFF	#D3D3D3	31
711	#FFFFFF	#D3D3D3	7
712	#FFFFFF	#D3D3D3	7
713	#FFFFFF	#D3D3D3	7
714	#FFFFFF	#D3D3D3	7
715	#FFFFFF	#D3D3D3	7
716	#FFFFFF	#D3D3D3	7
717	#FFFFFF	#D3D3D3	79
718	#FFFFFF	#D3D3D3	79
719	#FFFFFF	#D3D3D3	79
720	#FFFFFF	#D3D3D3	79
721	#FFFFFF	#D3D3D3	7
722	#FFFFFF	#D3D3D3	79
723	#FFFFFF	#D3D3D3	79
724	#FFFFFF	#D3D3D3	79
725	#FFFFFF	#D3D3D3	7
726	#FFFFFF	#D3D3D3	7
727	#FFFFFF	#D3D3D3	7
728	#FFFFFF	#D3D3D3	7
729	#FFFFFF	#D3D3D3	7
730	#FFFFFF	#D3D3D3	7
731	#FFFFFF	#D3D3D3	7
732	#FFFFFF	#D3D3D3	31
733	#FFFFFF	#D3D3D3	26
734	#FFFFFF	#D3D3D3	7
735	#FFFFFF	#D3D3D3	7
736	#FFFFFF	#D3D3D3	7
737	#FFFFFF	#D3D3D3	7
738	#FFFFFF	#D3D3D3	7
739	#FFFFFF	#D3D3D3	26
740	#FFFFFF	#D3D3D3	26
741	#FFFFFF	#D3D3D3	325
742	#FFFFFF	#D3D3D3	325
743	#FFFFFF	#D3D3D3	7
744	#FFFFFF	#D3D3D3	47
745	#FFFFFF	#D3D3D3	26
746	#FFFFFF	#D3D3D3	26
747	#FFFFFF	#D3D3D3	26
748	#FFFFFF	#D3D3D3	32
749	#FFFFFF	#D3D3D3	32
750	#FFFFFF	#D3D3D3	32
751	#FFFFFF	#D3D3D3	32
752	#FFFFFF	#D3D3D3	32
753	#FFFFFF	#D3D3D3	31
754	#FFFFFF	#D3D3D3	31
755	#FFFFFF	#D3D3D3	7
756	#FFFFFF	#D3D3D3	7
757	#FFFFFF	#D3D3D3	7
759	#FFFFFF	#D3D3D3	7
760	#FFFFFF	#D3D3D3	31
761	#FFFFFF	#D3D3D3	7
762	#FFFFFF	#D3D3D3	7
763	#FFFFFF	#D3D3D3	7
764	#FFFFFF	#D3D3D3	7
765	#FFFFFF	#D3D3D3	7
766	#FFFFFF	#D3D3D3	7
767	#FFFFFF	#D3D3D3	7
768	#FFFFFF	#D3D3D3	7
769	#FFFFFF	#D3D3D3	79
770	#FFFFFF	#D3D3D3	79
771	#FFFFFF	#D3D3D3	31
772	#FFFFFF	#D3D3D3	79
773	#FFFFFF	#D3D3D3	79
774	#FFFFFF	#D3D3D3	7
775	#FFFFFF	#D3D3D3	7
776	#FFFFFF	#D3D3D3	7
777	#FFFFFF	#D3D3D3	7
778	#FFFFFF	#D3D3D3	7
779	#FFFFFF	#D3D3D3	7
780	#FFFFFF	#D3D3D3	7
781	#FFFFFF	#D3D3D3	7
782	#FFFFFF	#D3D3D3	31
783	#FFFFFF	#D3D3D3	7
784	#FFFFFF	#D3D3D3	26
785	#FFFFFF	#D3D3D3	26
786	#FFFFFF	#D3D3D3	7
787	#FFFFFF	#D3D3D3	7
788	#FFFFFF	#D3D3D3	26
789	#FFFFFF	#D3D3D3	26
790	#FFFFFF	#D3D3D3	26
791	#FFFFFF	#D3D3D3	325
792	#FFFFFF	#D3D3D3	325
793	#FFFFFF	#D3D3D3	31
794	#FFFFFF	#D3D3D3	26
795	#FFFFFF	#D3D3D3	47
796	#FFFFFF	#D3D3D3	26
797	#FFFFFF	#D3D3D3	26
798	#FFFFFF	#D3D3D3	32
799	#FFFFFF	#D3D3D3	32
800	#FFFFFF	#D3D3D3	32
801	#FFFFFF	#D3D3D3	32
802	#FFFFFF	#D3D3D3	32
804	#FFFFFF	#D3D3D3	7
805	#FFFFFF	#D3D3D3	7
806	#FFFFFF	#D3D3D3	7
807	#FFFFFF	#D3D3D3	7
808	#FFFFFF	#D3D3D3	7
809	#FFFFFF	#D3D3D3	31
810	#FFFFFF	#D3D3D3	7
811	#FFFFFF	#D3D3D3	7
812	#FFFFFF	#D3D3D3	7
813	#FFFFFF	#D3D3D3	7
814	#FFFFFF	#D3D3D3	7
815	#FFFFFF	#D3D3D3	7
816	#FFFFFF	#D3D3D3	7
817	#FFFFFF	#D3D3D3	7
818	#FFFFFF	#D3D3D3	7
819	#FFFFFF	#D3D3D3	7
820	#FFFFFF	#D3D3D3	7
821	#FFFFFF	#D3D3D3	7
822	#FFFFFF	#D3D3D3	31
823	#FFFFFF	#D3D3D3	7
824	#FFFFFF	#D3D3D3	79
825	#FFFFFF	#D3D3D3	7
826	#FFFFFF	#D3D3D3	7
827	#FFFFFF	#D3D3D3	7
828	#FFFFFF	#D3D3D3	7
829	#FFFFFF	#D3D3D3	7
830	#FFFFFF	#D3D3D3	7
831	#FFFFFF	#D3D3D3	7
832	#FFFFFF	#D3D3D3	7
833	#FFFFFF	#D3D3D3	31
834	#FFFFFF	#D3D3D3	7
835	#FFFFFF	#D3D3D3	26
836	#FFFFFF	#D3D3D3	7
837	#FFFFFF	#D3D3D3	26
838	#FFFFFF	#D3D3D3	26
839	#FFFFFF	#D3D3D3	26
840	#FFFFFF	#D3D3D3	26
841	#FFFFFF	#D3D3D3	26
842	#FFFFFF	#D3D3D3	26
843	#FFFFFF	#D3D3D3	325
844	#FFFFFF	#D3D3D3	7
845	#FFFFFF	#D3D3D3	26
846	#FFFFFF	#D3D3D3	47
847	#FFFFFF	#D3D3D3	47
848	#FFFFFF	#D3D3D3	26
849	#FFFFFF	#D3D3D3	32
850	#FFFFFF	#D3D3D3	32
851	#FFFFFF	#D3D3D3	32
852	#FFFFFF	#D3D3D3	32
853	#FFFFFF	#D3D3D3	32
854	#FFFFFF	#D3D3D3	7
855	#FFFFFF	#D3D3D3	359
856	#FFFFFF	#D3D3D3	7
857	#FFFFFF	#D3D3D3	7
858	#FFFFFF	#D3D3D3	7
860	#FFFFFF	#D3D3D3	31
861	#FFFFFF	#D3D3D3	7
862	#FFFFFF	#D3D3D3	7
863	#FFFFFF	#D3D3D3	7
864	#FFFFFF	#D3D3D3	7
865	#FFFFFF	#D3D3D3	7
866	#FFFFFF	#D3D3D3	7
867	#FFFFFF	#D3D3D3	7
868	#FFFFFF	#D3D3D3	7
869	#FFFFFF	#D3D3D3	7
870	#FFFFFF	#D3D3D3	7
871	#FFFFFF	#D3D3D3	7
872	#FFFFFF	#D3D3D3	7
873	#FFFFFF	#D3D3D3	7
874	#FFFFFF	#D3D3D3	79
875	#FFFFFF	#D3D3D3	7
876	#FFFFFF	#D3D3D3	7
877	#FFFFFF	#D3D3D3	7
878	#FFFFFF	#D3D3D3	7
879	#FFFFFF	#D3D3D3	7
880	#FFFFFF	#D3D3D3	7
881	#FFFFFF	#D3D3D3	7
882	#FFFFFF	#D3D3D3	7
883	#FFFFFF	#D3D3D3	7
884	#FFFFFF	#D3D3D3	7
885	#FFFFFF	#D3D3D3	26
886	#FFFFFF	#D3D3D3	26
887	#FFFFFF	#D3D3D3	26
888	#FFFFFF	#D3D3D3	26
889	#FFFFFF	#D3D3D3	7
890	#FFFFFF	#D3D3D3	26
891	#FFFFFF	#D3D3D3	26
892	#FFFFFF	#D3D3D3	26
893	#FFFFFF	#D3D3D3	26
894	#FFFFFF	#D3D3D3	7
895	#FFFFFF	#D3D3D3	26
896	#FFFFFF	#D3D3D3	26
897	#FFFFFF	#D3D3D3	47
898	#FFFFFF	#D3D3D3	47
899	#FFFFFF	#D3D3D3	26
900	#FFFFFF	#D3D3D3	26
901	#FFFFFF	#D3D3D3	32
902	#FFFFFF	#D3D3D3	32
903	#FFFFFF	#D3D3D3	32
905	#FFFFFF	#D3D3D3	7
906	#FFFFFF	#D3D3D3	359
907	#FFFFFF	#D3D3D3	7
908	#FFFFFF	#D3D3D3	7
909	#FFFFFF	#D3D3D3	7
910	#FFFFFF	#D3D3D3	31
911	#FFFFFF	#D3D3D3	7
912	#FFFFFF	#D3D3D3	7
913	#FFFFFF	#D3D3D3	7
914	#FFFFFF	#D3D3D3	7
915	#FFFFFF	#D3D3D3	7
916	#FFFFFF	#D3D3D3	7
917	#FFFFFF	#D3D3D3	7
918	#FFFFFF	#D3D3D3	7
919	#FFFFFF	#D3D3D3	7
920	#FFFFFF	#D3D3D3	7
921	#FFFFFF	#D3D3D3	7
922	#FFFFFF	#D3D3D3	7
923	#FFFFFF	#D3D3D3	7
924	#FFFFFF	#D3D3D3	79
925	#FFFFFF	#D3D3D3	7
926	#FFFFFF	#D3D3D3	7
927	#FFFFFF	#D3D3D3	7
928	#FFFFFF	#D3D3D3	7
929	#FFFFFF	#D3D3D3	7
930	#FFFFFF	#D3D3D3	7
931	#FFFFFF	#D3D3D3	7
932	#FFFFFF	#D3D3D3	7
933	#FFFFFF	#D3D3D3	7
934	#FFFFFF	#D3D3D3	7
935	#FFFFFF	#D3D3D3	26
936	#FFFFFF	#D3D3D3	7
937	#FFFFFF	#D3D3D3	26
938	#FFFFFF	#D3D3D3	7
939	#FFFFFF	#D3D3D3	7
940	#FFFFFF	#D3D3D3	26
941	#FFFFFF	#D3D3D3	26
942	#FFFFFF	#D3D3D3	297
943	#FFFFFF	#D3D3D3	26
944	#FFFFFF	#D3D3D3	26
945	#FFFFFF	#D3D3D3	7
946	#FFFFFF	#D3D3D3	26
947	#FFFFFF	#D3D3D3	47
948	#FFFFFF	#D3D3D3	47
949	#FFFFFF	#D3D3D3	47
950	#FFFFFF	#D3D3D3	26
951	#FFFFFF	#D3D3D3	32
952	#FFFFFF	#D3D3D3	32
953	#FFFFFF	#D3D3D3	32
954	#FFFFFF	#D3D3D3	32
955	#FFFFFF	#D3D3D3	7
956	#FFFFFF	#D3D3D3	359
957	#FFFFFF	#D3D3D3	359
958	#FFFFFF	#D3D3D3	359
959	#FFFFFF	#D3D3D3	7
961	#FFFFFF	#D3D3D3	7
962	#FFFFFF	#D3D3D3	7
963	#FFFFFF	#D3D3D3	7
964	#FFFFFF	#D3D3D3	7
965	#FFFFFF	#D3D3D3	7
966	#FFFFFF	#D3D3D3	7
967	#FFFFFF	#D3D3D3	7
968	#FFFFFF	#D3D3D3	7
969	#FFFFFF	#D3D3D3	7
970	#FFFFFF	#D3D3D3	7
971	#FFFFFF	#D3D3D3	7
972	#FFFFFF	#D3D3D3	7
973	#FFFFFF	#D3D3D3	7
974	#FFFFFF	#D3D3D3	7
975	#FFFFFF	#D3D3D3	79
976	#FFFFFF	#D3D3D3	7
977	#FFFFFF	#D3D3D3	7
978	#FFFFFF	#D3D3D3	7
979	#FFFFFF	#D3D3D3	7
980	#FFFFFF	#D3D3D3	7
981	#FFFFFF	#D3D3D3	7
982	#FFFFFF	#D3D3D3	7
983	#FFFFFF	#D3D3D3	7
984	#FFFFFF	#D3D3D3	7
985	#FFFFFF	#D3D3D3	7
986	#FFFFFF	#D3D3D3	7
987	#FFFFFF	#D3D3D3	26
988	#FFFFFF	#D3D3D3	7
989	#FFFFFF	#D3D3D3	7
990	#FFFFFF	#D3D3D3	26
991	#FFFFFF	#D3D3D3	26
992	#FFFFFF	#D3D3D3	297
993	#FFFFFF	#D3D3D3	297
994	#FFFFFF	#D3D3D3	26
995	#FFFFFF	#D3D3D3	7
996	#FFFFFF	#D3D3D3	47
997	#FFFFFF	#D3D3D3	47
998	#FFFFFF	#D3D3D3	47
999	#FFFFFF	#D3D3D3	26
1000	#FFFFFF	#D3D3D3	26
1001	#FFFFFF	#D3D3D3	26
1002	#FFFFFF	#D3D3D3	32
1003	#FFFFFF	#D3D3D3	32
1004	#FFFFFF	#D3D3D3	32
1006	#FFFFFF	#D3D3D3	7
1007	#FFFFFF	#D3D3D3	7
1008	#FFFFFF	#D3D3D3	359
1009	#FFFFFF	#D3D3D3	359
1010	#FFFFFF	#D3D3D3	7
1011	#FFFFFF	#D3D3D3	31
1012	#FFFFFF	#D3D3D3	31
1013	#FFFFFF	#D3D3D3	31
1014	#FFFFFF	#D3D3D3	7
1015	#FFFFFF	#D3D3D3	7
1016	#FFFFFF	#D3D3D3	7
1017	#FFFFFF	#D3D3D3	7
1018	#FFFFFF	#D3D3D3	7
1019	#FFFFFF	#D3D3D3	7
1020	#FFFFFF	#D3D3D3	7
1021	#FFFFFF	#D3D3D3	7
1022	#FFFFFF	#D3D3D3	7
1023	#FFFFFF	#D3D3D3	7
1024	#FFFFFF	#D3D3D3	7
1025	#FFFFFF	#D3D3D3	79
1026	#FFFFFF	#D3D3D3	7
1027	#FFFFFF	#D3D3D3	7
1028	#FFFFFF	#D3D3D3	7
1029	#FFFFFF	#D3D3D3	7
1030	#FFFFFF	#D3D3D3	7
1031	#FFFFFF	#D3D3D3	7
1032	#FFFFFF	#D3D3D3	7
1033	#FFFFFF	#D3D3D3	7
1034	#FFFFFF	#D3D3D3	7
1035	#FFFFFF	#D3D3D3	7
1036	#FFFFFF	#D3D3D3	7
1037	#FFFFFF	#D3D3D3	7
1038	#FFFFFF	#D3D3D3	7
1039	#FFFFFF	#D3D3D3	26
1040	#FFFFFF	#D3D3D3	26
1041	#FFFFFF	#D3D3D3	26
1042	#FFFFFF	#D3D3D3	26
1043	#FFFFFF	#D3D3D3	26
1044	#FFFFFF	#D3D3D3	297
1045	#FFFFFF	#D3D3D3	26
1046	#FFFFFF	#D3D3D3	31
1047	#FFFFFF	#D3D3D3	47
1048	#FFFFFF	#D3D3D3	47
1049	#FFFFFF	#D3D3D3	47
1050	#FFFFFF	#D3D3D3	26
1051	#FFFFFF	#D3D3D3	26
1052	#FFFFFF	#D3D3D3	32
1053	#FFFFFF	#D3D3D3	32
1054	#FFFFFF	#D3D3D3	32
1055	#FFFFFF	#D3D3D3	32
1056	#FFFFFF	#D3D3D3	7
1057	#FFFFFF	#D3D3D3	359
1058	#FFFFFF	#D3D3D3	359
1059	#FFFFFF	#D3D3D3	359
1060	#FFFFFF	#D3D3D3	359
1062	#FFFFFF	#D3D3D3	31
1063	#FFFFFF	#D3D3D3	31
1064	#FFFFFF	#D3D3D3	7
1065	#FFFFFF	#D3D3D3	7
1066	#FFFFFF	#D3D3D3	7
1067	#FFFFFF	#D3D3D3	7
1068	#FFFFFF	#D3D3D3	7
1069	#FFFFFF	#D3D3D3	7
1070	#FFFFFF	#D3D3D3	7
1071	#FFFFFF	#D3D3D3	7
1072	#FFFFFF	#D3D3D3	7
1073	#FFFFFF	#D3D3D3	7
1074	#FFFFFF	#D3D3D3	31
1075	#FFFFFF	#D3D3D3	79
1076	#FFFFFF	#D3D3D3	7
1077	#FFFFFF	#D3D3D3	79
1078	#FFFFFF	#D3D3D3	7
1079	#FFFFFF	#D3D3D3	7
1080	#FFFFFF	#D3D3D3	7
1081	#FFFFFF	#D3D3D3	7
1082	#FFFFFF	#D3D3D3	7
1083	#FFFFFF	#D3D3D3	7
1084	#FFFFFF	#D3D3D3	7
1085	#FFFFFF	#D3D3D3	7
1086	#FFFFFF	#D3D3D3	7
1087	#FFFFFF	#D3D3D3	7
1088	#FFFFFF	#D3D3D3	7
1089	#FFFFFF	#D3D3D3	7
1090	#FFFFFF	#D3D3D3	26
1091	#FFFFFF	#D3D3D3	26
1092	#FFFFFF	#D3D3D3	26
1093	#FFFFFF	#D3D3D3	26
1094	#FFFFFF	#D3D3D3	26
1095	#FFFFFF	#D3D3D3	297
1096	#FFFFFF	#D3D3D3	7
1097	#FFFFFF	#D3D3D3	47
1098	#FFFFFF	#D3D3D3	47
1099	#FFFFFF	#D3D3D3	47
1100	#FFFFFF	#D3D3D3	26
1101	#FFFFFF	#D3D3D3	26
1102	#FFFFFF	#D3D3D3	26
1103	#FFFFFF	#D3D3D3	32
1104	#FFFFFF	#D3D3D3	32
1105	#FFFFFF	#D3D3D3	32
1107	#FFFFFF	#D3D3D3	31
1108	#FFFFFF	#D3D3D3	7
1109	#FFFFFF	#D3D3D3	359
1110	#FFFFFF	#D3D3D3	359
1111	#FFFFFF	#D3D3D3	359
1112	#FFFFFF	#D3D3D3	31
1113	#FFFFFF	#D3D3D3	31
1114	#FFFFFF	#D3D3D3	31
1115	#FFFFFF	#D3D3D3	7
1116	#FFFFFF	#D3D3D3	7
1117	#FFFFFF	#D3D3D3	7
1118	#FFFFFF	#D3D3D3	7
1119	#FFFFFF	#D3D3D3	7
1120	#FFFFFF	#D3D3D3	7
1121	#FFFFFF	#D3D3D3	7
1122	#FFFFFF	#D3D3D3	7
1123	#FFFFFF	#D3D3D3	7
1124	#FFFFFF	#D3D3D3	79
1125	#FFFFFF	#D3D3D3	7
1126	#FFFFFF	#D3D3D3	7
1127	#FFFFFF	#D3D3D3	79
1128	#FFFFFF	#D3D3D3	7
1129	#FFFFFF	#D3D3D3	7
1130	#FFFFFF	#D3D3D3	7
1131	#FFFFFF	#D3D3D3	7
1132	#FFFFFF	#D3D3D3	7
1133	#FFFFFF	#D3D3D3	7
1134	#FFFFFF	#D3D3D3	7
1135	#FFFFFF	#D3D3D3	7
1136	#FFFFFF	#D3D3D3	7
1137	#FFFFFF	#D3D3D3	7
1138	#FFFFFF	#D3D3D3	7
1139	#FFFFFF	#D3D3D3	7
1140	#FFFFFF	#D3D3D3	7
1141	#FFFFFF	#D3D3D3	7
1142	#FFFFFF	#D3D3D3	7
1143	#FFFFFF	#D3D3D3	7
1144	#FFFFFF	#D3D3D3	26
1145	#FFFFFF	#D3D3D3	297
1146	#FFFFFF	#D3D3D3	26
1147	#FFFFFF	#D3D3D3	31
1148	#FFFFFF	#D3D3D3	47
1149	#FFFFFF	#D3D3D3	26
1150	#FFFFFF	#D3D3D3	26
1151	#FFFFFF	#D3D3D3	97
1152	#FFFFFF	#D3D3D3	26
1153	#FFFFFF	#D3D3D3	26
1154	#FFFFFF	#D3D3D3	32
1155	#FFFFFF	#D3D3D3	32
1156	#FFFFFF	#D3D3D3	32
1157	#FFFFFF	#D3D3D3	7
1158	#FFFFFF	#D3D3D3	7
1159	#FFFFFF	#D3D3D3	7
1160	#FFFFFF	#D3D3D3	359
1161	#FFFFFF	#D3D3D3	359
1163	#FFFFFF	#D3D3D3	261
1164	#FFFFFF	#D3D3D3	261
1165	#FFFFFF	#D3D3D3	7
1166	#FFFFFF	#D3D3D3	171
1167	#FFFFFF	#D3D3D3	7
1168	#FFFFFF	#D3D3D3	7
1169	#FFFFFF	#D3D3D3	171
1170	#FFFFFF	#D3D3D3	171
1171	#FFFFFF	#D3D3D3	7
1172	#FFFFFF	#D3D3D3	171
1173	#FFFFFF	#D3D3D3	171
1174	#FFFFFF	#D3D3D3	171
1175	#FFFFFF	#D3D3D3	31
1176	#FFFFFF	#D3D3D3	7
1177	#FFFFFF	#D3D3D3	7
1178	#FFFFFF	#D3D3D3	7
1179	#FFFFFF	#D3D3D3	7
1180	#FFFFFF	#D3D3D3	7
1181	#FFFFFF	#D3D3D3	7
1182	#FFFFFF	#D3D3D3	7
1183	#FFFFFF	#D3D3D3	77
1184	#FFFFFF	#D3D3D3	77
1185	#FFFFFF	#D3D3D3	7
1186	#FFFFFF	#D3D3D3	31
1187	#FFFFFF	#D3D3D3	7
1188	#FFFFFF	#D3D3D3	7
1189	#FFFFFF	#D3D3D3	7
1190	#FFFFFF	#D3D3D3	7
1191	#FFFFFF	#D3D3D3	7
1192	#FFFFFF	#D3D3D3	7
1193	#FFFFFF	#D3D3D3	7
1194	#FFFFFF	#D3D3D3	7
1195	#FFFFFF	#D3D3D3	7
1196	#FFFFFF	#D3D3D3	7
1197	#FFFFFF	#D3D3D3	31
1198	#FFFFFF	#D3D3D3	26
1199	#FFFFFF	#D3D3D3	26
1200	#FFFFFF	#D3D3D3	26
1201	#FFFFFF	#D3D3D3	26
1202	#FFFFFF	#D3D3D3	26
1203	#FFFFFF	#D3D3D3	26
1204	#FFFFFF	#D3D3D3	7
1205	#FFFFFF	#D3D3D3	7
1206	#FFFFFF	#D3D3D3	26
1208	#FFFFFF	#D3D3D3	7
1209	#FFFFFF	#D3D3D3	7
1210	#FFFFFF	#D3D3D3	7
1211	#FFFFFF	#D3D3D3	171
1212	#FFFFFF	#D3D3D3	7
1213	#FFFFFF	#D3D3D3	261
1214	#FFFFFF	#D3D3D3	261
1215	#FFFFFF	#D3D3D3	31
1216	#FFFFFF	#D3D3D3	171
1217	#FFFFFF	#D3D3D3	171
1218	#FFFFFF	#D3D3D3	7
1219	#FFFFFF	#D3D3D3	7
1220	#FFFFFF	#D3D3D3	171
1221	#FFFFFF	#D3D3D3	7
1222	#FFFFFF	#D3D3D3	171
1223	#FFFFFF	#D3D3D3	171
1224	#FFFFFF	#D3D3D3	171
1225	#FFFFFF	#D3D3D3	171
1226	#FFFFFF	#D3D3D3	31
1227	#FFFFFF	#D3D3D3	7
1228	#FFFFFF	#D3D3D3	7
1229	#FFFFFF	#D3D3D3	7
1230	#FFFFFF	#D3D3D3	7
1231	#FFFFFF	#D3D3D3	7
1232	#FFFFFF	#D3D3D3	7
1233	#FFFFFF	#D3D3D3	77
1234	#FFFFFF	#D3D3D3	7
1235	#FFFFFF	#D3D3D3	7
1236	#FFFFFF	#D3D3D3	7
1237	#FFFFFF	#D3D3D3	31
1238	#FFFFFF	#D3D3D3	7
1239	#FFFFFF	#D3D3D3	7
1240	#FFFFFF	#D3D3D3	7
1241	#FFFFFF	#D3D3D3	7
1242	#FFFFFF	#D3D3D3	7
1243	#FFFFFF	#D3D3D3	7
1244	#FFFFFF	#D3D3D3	7
1245	#FFFFFF	#D3D3D3	7
1246	#FFFFFF	#D3D3D3	26
1247	#FFFFFF	#D3D3D3	26
1248	#FFFFFF	#D3D3D3	31
1249	#FFFFFF	#D3D3D3	26
1250	#FFFFFF	#D3D3D3	26
1251	#FFFFFF	#D3D3D3	26
1252	#FFFFFF	#D3D3D3	26
1253	#FFFFFF	#D3D3D3	7
1254	#FFFFFF	#D3D3D3	7
1255	#FFFFFF	#D3D3D3	7
1256	#FFFFFF	#D3D3D3	7
1257	#FFFFFF	#D3D3D3	7
1258	#FFFFFF	#D3D3D3	7
1259	#FFFFFF	#D3D3D3	7
1260	#FFFFFF	#D3D3D3	171
1261	#FFFFFF	#D3D3D3	7
1262	#FFFFFF	#D3D3D3	7
1264	#FFFFFF	#D3D3D3	31
1265	#FFFFFF	#D3D3D3	31
1266	#FFFFFF	#D3D3D3	359
1267	#FFFFFF	#D3D3D3	7
1268	#FFFFFF	#D3D3D3	7
1269	#FFFFFF	#D3D3D3	7
1270	#FFFFFF	#D3D3D3	7
1271	#FFFFFF	#D3D3D3	7
1272	#FFFFFF	#D3D3D3	7
1273	#FFFFFF	#D3D3D3	7
1274	#FFFFFF	#D3D3D3	7
1275	#FFFFFF	#D3D3D3	79
1276	#FFFFFF	#D3D3D3	31
1277	#FFFFFF	#D3D3D3	79
1278	#FFFFFF	#D3D3D3	79
1279	#FFFFFF	#D3D3D3	7
1280	#FFFFFF	#D3D3D3	7
1281	#FFFFFF	#D3D3D3	7
1282	#FFFFFF	#D3D3D3	7
1283	#FFFFFF	#D3D3D3	7
1284	#FFFFFF	#D3D3D3	7
1285	#FFFFFF	#D3D3D3	7
1286	#FFFFFF	#D3D3D3	7
1287	#FFFFFF	#D3D3D3	31
1288	#FFFFFF	#D3D3D3	7
1289	#FFFFFF	#D3D3D3	7
1290	#FFFFFF	#D3D3D3	7
1291	#FFFFFF	#D3D3D3	7
1292	#FFFFFF	#D3D3D3	7
1293	#FFFFFF	#D3D3D3	7
1294	#FFFFFF	#D3D3D3	7
1295	#FFFFFF	#D3D3D3	26
1296	#FFFFFF	#D3D3D3	26
1297	#FFFFFF	#D3D3D3	26
1298	#FFFFFF	#D3D3D3	31
1299	#FFFFFF	#D3D3D3	26
1300	#FFFFFF	#D3D3D3	47
1301	#FFFFFF	#D3D3D3	26
1302	#FFFFFF	#D3D3D3	97
1303	#FFFFFF	#D3D3D3	26
1304	#FFFFFF	#D3D3D3	26
1305	#FFFFFF	#D3D3D3	32
1306	#FFFFFF	#D3D3D3	32
1307	#FFFFFF	#D3D3D3	26
1309	#FFFFFF	#D3D3D3	31
1310	#FFFFFF	#D3D3D3	31
1311	#FFFFFF	#D3D3D3	7
1312	#FFFFFF	#D3D3D3	7
1313	#FFFFFF	#D3D3D3	359
1314	#FFFFFF	#D3D3D3	31
1315	#FFFFFF	#D3D3D3	31
1316	#FFFFFF	#D3D3D3	31
1317	#FFFFFF	#D3D3D3	359
1318	#FFFFFF	#D3D3D3	7
1319	#FFFFFF	#D3D3D3	7
1320	#FFFFFF	#D3D3D3	7
1321	#FFFFFF	#D3D3D3	7
1322	#FFFFFF	#D3D3D3	7
1323	#FFFFFF	#D3D3D3	7
1324	#FFFFFF	#D3D3D3	7
1325	#FFFFFF	#D3D3D3	7
1326	#FFFFFF	#D3D3D3	79
1327	#FFFFFF	#D3D3D3	31
1328	#FFFFFF	#D3D3D3	79
1329	#FFFFFF	#D3D3D3	79
1330	#FFFFFF	#D3D3D3	7
1331	#FFFFFF	#D3D3D3	7
1332	#FFFFFF	#D3D3D3	7
1333	#FFFFFF	#D3D3D3	7
1334	#FFFFFF	#D3D3D3	7
1335	#FFFFFF	#D3D3D3	7
1336	#FFFFFF	#D3D3D3	7
1337	#FFFFFF	#D3D3D3	7
1338	#FFFFFF	#D3D3D3	31
1339	#FFFFFF	#D3D3D3	7
1340	#FFFFFF	#D3D3D3	7
1341	#FFFFFF	#D3D3D3	7
1342	#FFFFFF	#D3D3D3	7
1343	#FFFFFF	#D3D3D3	7
1344	#FFFFFF	#D3D3D3	7
1345	#FFFFFF	#D3D3D3	7
1346	#FFFFFF	#D3D3D3	26
1347	#FFFFFF	#D3D3D3	26
1348	#FFFFFF	#D3D3D3	26
1349	#FFFFFF	#D3D3D3	31
1350	#FFFFFF	#D3D3D3	26
1351	#FFFFFF	#D3D3D3	26
1352	#FFFFFF	#D3D3D3	97
1353	#FFFFFF	#D3D3D3	97
1354	#FFFFFF	#D3D3D3	26
1355	#FFFFFF	#D3D3D3	26
1356	#FFFFFF	#D3D3D3	32
1357	#FFFFFF	#D3D3D3	26
1358	#FFFFFF	#D3D3D3	26
1359	#FFFFFF	#D3D3D3	31
1360	#FFFFFF	#D3D3D3	7
1361	#FFFFFF	#D3D3D3	7
1362	#FFFFFF	#D3D3D3	359
1363	#FFFFFF	#D3D3D3	359
1365	#FFFFFF	#D3D3D3	31
1366	#FFFFFF	#D3D3D3	31
1367	#FFFFFF	#D3D3D3	359
1368	#FFFFFF	#D3D3D3	359
1369	#FFFFFF	#D3D3D3	7
1370	#FFFFFF	#D3D3D3	7
1371	#FFFFFF	#D3D3D3	7
1372	#FFFFFF	#D3D3D3	7
1373	#FFFFFF	#D3D3D3	7
1374	#FFFFFF	#D3D3D3	7
1375	#FFFFFF	#D3D3D3	79
1376	#FFFFFF	#D3D3D3	7
1377	#FFFFFF	#D3D3D3	31
1378	#FFFFFF	#D3D3D3	79
1379	#FFFFFF	#D3D3D3	79
1380	#FFFFFF	#D3D3D3	7
1381	#FFFFFF	#D3D3D3	79
1382	#FFFFFF	#D3D3D3	79
1383	#FFFFFF	#D3D3D3	79
1384	#FFFFFF	#D3D3D3	7
1385	#FFFFFF	#D3D3D3	7
1386	#FFFFFF	#D3D3D3	7
1387	#FFFFFF	#D3D3D3	7
1388	#FFFFFF	#D3D3D3	31
1389	#FFFFFF	#D3D3D3	7
1390	#FFFFFF	#D3D3D3	7
1391	#FFFFFF	#D3D3D3	7
1392	#FFFFFF	#D3D3D3	7
1393	#FFFFFF	#D3D3D3	7
1394	#FFFFFF	#D3D3D3	7
1395	#FFFFFF	#D3D3D3	7
1396	#FFFFFF	#D3D3D3	26
1397	#FFFFFF	#D3D3D3	26
1398	#FFFFFF	#D3D3D3	7
1399	#FFFFFF	#D3D3D3	31
1400	#FFFFFF	#D3D3D3	7
1401	#FFFFFF	#D3D3D3	7
1402	#FFFFFF	#D3D3D3	26
1403	#FFFFFF	#D3D3D3	97
1404	#FFFFFF	#D3D3D3	26
1405	#FFFFFF	#D3D3D3	26
1406	#FFFFFF	#D3D3D3	26
1407	#FFFFFF	#D3D3D3	26
1408	#FFFFFF	#D3D3D3	26
1410	#FFFFFF	#D3D3D3	31
1411	#FFFFFF	#D3D3D3	7
1412	#FFFFFF	#D3D3D3	7
1413	#FFFFFF	#D3D3D3	7
1414	#FFFFFF	#D3D3D3	7
1415	#FFFFFF	#D3D3D3	31
1416	#FFFFFF	#D3D3D3	31
1417	#FFFFFF	#D3D3D3	31
1418	#FFFFFF	#D3D3D3	359
1419	#FFFFFF	#D3D3D3	7
1420	#FFFFFF	#D3D3D3	7
1421	#FFFFFF	#D3D3D3	7
1422	#FFFFFF	#D3D3D3	7
1423	#FFFFFF	#D3D3D3	7
1424	#FFFFFF	#D3D3D3	7
1425	#FFFFFF	#D3D3D3	79
1426	#FFFFFF	#D3D3D3	79
1427	#FFFFFF	#D3D3D3	79
1428	#FFFFFF	#D3D3D3	31
1429	#FFFFFF	#D3D3D3	79
1430	#FFFFFF	#D3D3D3	79
1431	#FFFFFF	#D3D3D3	79
1432	#FFFFFF	#D3D3D3	79
1433	#FFFFFF	#D3D3D3	79
1434	#FFFFFF	#D3D3D3	7
1435	#FFFFFF	#D3D3D3	7
1436	#FFFFFF	#D3D3D3	7
1437	#FFFFFF	#D3D3D3	7
1438	#FFFFFF	#D3D3D3	7
1439	#FFFFFF	#D3D3D3	31
1440	#FFFFFF	#D3D3D3	7
1441	#FFFFFF	#D3D3D3	7
1442	#FFFFFF	#D3D3D3	79
1443	#FFFFFF	#D3D3D3	7
1444	#FFFFFF	#D3D3D3	7
1445	#FFFFFF	#D3D3D3	7
1446	#FFFFFF	#D3D3D3	7
1447	#FFFFFF	#D3D3D3	26
1448	#FFFFFF	#D3D3D3	7
1449	#FFFFFF	#D3D3D3	7
1450	#FFFFFF	#D3D3D3	31
1451	#FFFFFF	#D3D3D3	7
1452	#FFFFFF	#D3D3D3	97
1453	#FFFFFF	#D3D3D3	97
1454	#FFFFFF	#D3D3D3	97
1455	#FFFFFF	#D3D3D3	26
1456	#FFFFFF	#D3D3D3	26
1457	#FFFFFF	#D3D3D3	26
1458	#FFFFFF	#D3D3D3	26
1459	#FFFFFF	#D3D3D3	26
1460	#FFFFFF	#D3D3D3	31
1461	#FFFFFF	#D3D3D3	7
1462	#FFFFFF	#D3D3D3	7
1463	#FFFFFF	#D3D3D3	7
1464	#FFFFFF	#D3D3D3	359
1466	#FFFFFF	#D3D3D3	31
1467	#FFFFFF	#D3D3D3	31
1468	#FFFFFF	#D3D3D3	7
1469	#FFFFFF	#D3D3D3	7
1470	#FFFFFF	#D3D3D3	7
1471	#FFFFFF	#D3D3D3	7
1472	#FFFFFF	#D3D3D3	7
1473	#FFFFFF	#D3D3D3	7
1474	#FFFFFF	#D3D3D3	7
1475	#FFFFFF	#D3D3D3	7
1476	#FFFFFF	#D3D3D3	79
1477	#FFFFFF	#D3D3D3	79
1478	#FFFFFF	#D3D3D3	31
1479	#FFFFFF	#D3D3D3	79
1480	#FFFFFF	#D3D3D3	79
1481	#FFFFFF	#D3D3D3	79
1482	#FFFFFF	#D3D3D3	79
1483	#FFFFFF	#D3D3D3	79
1484	#FFFFFF	#D3D3D3	79
1485	#FFFFFF	#D3D3D3	7
1486	#FFFFFF	#D3D3D3	7
1487	#FFFFFF	#D3D3D3	7
1488	#FFFFFF	#D3D3D3	79
1489	#FFFFFF	#D3D3D3	31
1490	#FFFFFF	#D3D3D3	79
1491	#FFFFFF	#D3D3D3	7
1492	#FFFFFF	#D3D3D3	79
1493	#FFFFFF	#D3D3D3	79
1494	#FFFFFF	#D3D3D3	7
1495	#FFFFFF	#D3D3D3	7
1496	#FFFFFF	#D3D3D3	7
1497	#FFFFFF	#D3D3D3	7
1498	#FFFFFF	#D3D3D3	7
1499	#FFFFFF	#D3D3D3	7
1500	#FFFFFF	#D3D3D3	31
1501	#FFFFFF	#D3D3D3	7
1502	#FFFFFF	#D3D3D3	7
1503	#FFFFFF	#D3D3D3	97
1504	#FFFFFF	#D3D3D3	26
1505	#FFFFFF	#D3D3D3	26
1506	#FFFFFF	#D3D3D3	26
1507	#FFFFFF	#D3D3D3	26
1508	#FFFFFF	#D3D3D3	26
1509	#FFFFFF	#D3D3D3	26
1511	#FFFFFF	#D3D3D3	31
1512	#FFFFFF	#D3D3D3	7
1513	#FFFFFF	#D3D3D3	7
1514	#FFFFFF	#D3D3D3	7
1515	#FFFFFF	#D3D3D3	7
1516	#FFFFFF	#D3D3D3	31
1517	#FFFFFF	#D3D3D3	31
1518	#FFFFFF	#D3D3D3	31
1519	#FFFFFF	#D3D3D3	7
1520	#FFFFFF	#D3D3D3	7
1521	#FFFFFF	#D3D3D3	7
1522	#FFFFFF	#D3D3D3	7
1523	#FFFFFF	#D3D3D3	7
1524	#FFFFFF	#D3D3D3	7
1525	#FFFFFF	#D3D3D3	7
1526	#FFFFFF	#D3D3D3	7
1527	#FFFFFF	#D3D3D3	7
1528	#FFFFFF	#D3D3D3	79
1529	#FFFFFF	#D3D3D3	31
1530	#FFFFFF	#D3D3D3	79
1531	#FFFFFF	#D3D3D3	79
1532	#FFFFFF	#D3D3D3	79
1533	#FFFFFF	#D3D3D3	79
1534	#FFFFFF	#D3D3D3	79
1535	#FFFFFF	#D3D3D3	79
1536	#FFFFFF	#D3D3D3	7
1537	#FFFFFF	#D3D3D3	7
1538	#FFFFFF	#D3D3D3	79
1539	#FFFFFF	#D3D3D3	79
1540	#FFFFFF	#D3D3D3	31
1541	#FFFFFF	#D3D3D3	79
1542	#FFFFFF	#D3D3D3	79
1543	#FFFFFF	#D3D3D3	79
1544	#FFFFFF	#D3D3D3	79
1545	#FFFFFF	#D3D3D3	7
1546	#FFFFFF	#D3D3D3	79
1547	#FFFFFF	#D3D3D3	7
1548	#FFFFFF	#D3D3D3	7
1549	#FFFFFF	#D3D3D3	7
1550	#FFFFFF	#D3D3D3	7
1551	#FFFFFF	#D3D3D3	31
1552	#FFFFFF	#D3D3D3	7
1553	#FFFFFF	#D3D3D3	26
1554	#FFFFFF	#D3D3D3	26
1555	#FFFFFF	#D3D3D3	26
1556	#FFFFFF	#D3D3D3	26
1557	#FFFFFF	#D3D3D3	26
1558	#FFFFFF	#D3D3D3	26
1559	#FFFFFF	#D3D3D3	26
1560	#FFFFFF	#D3D3D3	26
1561	#FFFFFF	#D3D3D3	31
1562	#FFFFFF	#D3D3D3	7
1563	#FFFFFF	#D3D3D3	7
1564	#FFFFFF	#D3D3D3	7
1565	#FFFFFF	#D3D3D3	7
1567	#FFFFFF	#D3D3D3	31
1568	#FFFFFF	#D3D3D3	31
1569	#FFFFFF	#D3D3D3	7
1570	#FFFFFF	#D3D3D3	7
1571	#FFFFFF	#D3D3D3	7
1572	#FFFFFF	#D3D3D3	7
1573	#FFFFFF	#D3D3D3	7
1574	#FFFFFF	#D3D3D3	7
1575	#FFFFFF	#D3D3D3	7
1576	#FFFFFF	#D3D3D3	7
1577	#FFFFFF	#D3D3D3	7
1578	#FFFFFF	#D3D3D3	79
1579	#FFFFFF	#D3D3D3	31
1580	#FFFFFF	#D3D3D3	79
1581	#FFFFFF	#D3D3D3	79
1582	#FFFFFF	#D3D3D3	79
1583	#FFFFFF	#D3D3D3	79
1584	#FFFFFF	#D3D3D3	79
1585	#FFFFFF	#D3D3D3	7
1586	#FFFFFF	#D3D3D3	7
1587	#FFFFFF	#D3D3D3	7
1588	#FFFFFF	#D3D3D3	79
1589	#FFFFFF	#D3D3D3	79
1590	#FFFFFF	#D3D3D3	31
1591	#FFFFFF	#D3D3D3	79
1592	#FFFFFF	#D3D3D3	79
1593	#FFFFFF	#D3D3D3	79
1594	#FFFFFF	#D3D3D3	79
1595	#FFFFFF	#D3D3D3	79
1596	#FFFFFF	#D3D3D3	79
1597	#FFFFFF	#D3D3D3	7
1598	#FFFFFF	#D3D3D3	7
1599	#FFFFFF	#D3D3D3	7
1600	#FFFFFF	#D3D3D3	7
1601	#FFFFFF	#D3D3D3	31
1602	#FFFFFF	#D3D3D3	7
1603	#FFFFFF	#D3D3D3	7
1604	#FFFFFF	#D3D3D3	26
1605	#FFFFFF	#D3D3D3	26
1606	#FFFFFF	#D3D3D3	7
1607	#FFFFFF	#D3D3D3	26
1608	#FFFFFF	#D3D3D3	26
1609	#FFFFFF	#D3D3D3	7
1610	#FFFFFF	#D3D3D3	26
1612	#FFFFFF	#D3D3D3	31
1613	#FFFFFF	#D3D3D3	7
1614	#FFFFFF	#D3D3D3	7
1615	#FFFFFF	#D3D3D3	7
1616	#FFFFFF	#D3D3D3	7
1617	#FFFFFF	#D3D3D3	31
1618	#FFFFFF	#D3D3D3	31
1619	#FFFFFF	#D3D3D3	31
1620	#FFFFFF	#D3D3D3	7
1621	#FFFFFF	#D3D3D3	7
1622	#FFFFFF	#D3D3D3	7
1623	#FFFFFF	#D3D3D3	7
1624	#FFFFFF	#D3D3D3	7
1625	#FFFFFF	#D3D3D3	7
1626	#FFFFFF	#D3D3D3	7
1627	#FFFFFF	#D3D3D3	7
1628	#FFFFFF	#D3D3D3	7
1629	#FFFFFF	#D3D3D3	79
1630	#FFFFFF	#D3D3D3	223
1631	#FFFFFF	#D3D3D3	79
1632	#FFFFFF	#D3D3D3	79
1633	#FFFFFF	#D3D3D3	79
1634	#FFFFFF	#D3D3D3	79
1635	#FFFFFF	#D3D3D3	79
1636	#FFFFFF	#D3D3D3	7
1637	#FFFFFF	#D3D3D3	7
1638	#FFFFFF	#D3D3D3	7
1639	#FFFFFF	#D3D3D3	7
1640	#FFFFFF	#D3D3D3	7
1641	#FFFFFF	#D3D3D3	223
1642	#FFFFFF	#D3D3D3	79
1643	#FFFFFF	#D3D3D3	79
1644	#FFFFFF	#D3D3D3	79
1645	#FFFFFF	#D3D3D3	79
1646	#FFFFFF	#D3D3D3	79
1647	#FFFFFF	#D3D3D3	79
1648	#FFFFFF	#D3D3D3	79
1649	#FFFFFF	#D3D3D3	7
1650	#FFFFFF	#D3D3D3	7
1651	#FFFFFF	#D3D3D3	7
1652	#FFFFFF	#D3D3D3	31
1653	#FFFFFF	#D3D3D3	7
1654	#FFFFFF	#D3D3D3	7
1655	#FFFFFF	#D3D3D3	26
1656	#FFFFFF	#D3D3D3	26
1657	#FFFFFF	#D3D3D3	7
1658	#FFFFFF	#D3D3D3	7
1659	#FFFFFF	#D3D3D3	7
1660	#FFFFFF	#D3D3D3	7
1661	#FFFFFF	#D3D3D3	7
1662	#FFFFFF	#D3D3D3	31
1663	#FFFFFF	#D3D3D3	7
1664	#FFFFFF	#D3D3D3	7
1665	#FFFFFF	#D3D3D3	7
1666	#FFFFFF	#D3D3D3	7
1668	#FFFFFF	#D3D3D3	31
1669	#FFFFFF	#D3D3D3	31
1670	#FFFFFF	#D3D3D3	7
1671	#FFFFFF	#D3D3D3	7
1672	#FFFFFF	#D3D3D3	7
1673	#FFFFFF	#D3D3D3	7
1674	#FFFFFF	#D3D3D3	7
1675	#FFFFFF	#D3D3D3	7
1676	#FFFFFF	#D3D3D3	7
1677	#FFFFFF	#D3D3D3	7
1678	#FFFFFF	#D3D3D3	7
1679	#FFFFFF	#D3D3D3	7
1680	#FFFFFF	#D3D3D3	31
1681	#FFFFFF	#D3D3D3	79
1682	#FFFFFF	#D3D3D3	79
1683	#FFFFFF	#D3D3D3	79
1684	#FFFFFF	#D3D3D3	79
1685	#FFFFFF	#D3D3D3	79
1686	#FFFFFF	#D3D3D3	79
1687	#FFFFFF	#D3D3D3	7
1688	#FFFFFF	#D3D3D3	7
1689	#FFFFFF	#D3D3D3	7
1690	#FFFFFF	#D3D3D3	7
1691	#FFFFFF	#D3D3D3	223
1692	#FFFFFF	#D3D3D3	7
1693	#FFFFFF	#D3D3D3	7
1694	#FFFFFF	#D3D3D3	79
1695	#FFFFFF	#D3D3D3	79
1696	#FFFFFF	#D3D3D3	79
1697	#FFFFFF	#D3D3D3	79
1698	#FFFFFF	#D3D3D3	79
1699	#FFFFFF	#D3D3D3	7
1700	#FFFFFF	#D3D3D3	7
1701	#FFFFFF	#D3D3D3	7
1702	#FFFFFF	#D3D3D3	31
1703	#FFFFFF	#D3D3D3	7
1704	#FFFFFF	#D3D3D3	7
1705	#FFFFFF	#D3D3D3	26
1706	#FFFFFF	#D3D3D3	26
1707	#FFFFFF	#D3D3D3	26
1708	#FFFFFF	#D3D3D3	7
1709	#FFFFFF	#D3D3D3	7
1710	#FFFFFF	#D3D3D3	7
1711	#FFFFFF	#D3D3D3	7
1713	#FFFFFF	#D3D3D3	31
1714	#FFFFFF	#D3D3D3	7
1715	#FFFFFF	#D3D3D3	7
1716	#FFFFFF	#D3D3D3	7
1717	#FFFFFF	#D3D3D3	7
1718	#FFFFFF	#D3D3D3	31
1719	#FFFFFF	#D3D3D3	31
1720	#FFFFFF	#D3D3D3	31
1721	#FFFFFF	#D3D3D3	7
1722	#FFFFFF	#D3D3D3	7
1723	#FFFFFF	#D3D3D3	7
1724	#FFFFFF	#D3D3D3	7
1725	#FFFFFF	#D3D3D3	7
1726	#FFFFFF	#D3D3D3	7
1727	#FFFFFF	#D3D3D3	7
1728	#FFFFFF	#D3D3D3	7
1729	#FFFFFF	#D3D3D3	79
1730	#FFFFFF	#D3D3D3	79
1731	#FFFFFF	#D3D3D3	223
1732	#FFFFFF	#D3D3D3	79
1733	#FFFFFF	#D3D3D3	79
1734	#FFFFFF	#D3D3D3	79
1735	#FFFFFF	#D3D3D3	79
1736	#FFFFFF	#D3D3D3	79
1737	#FFFFFF	#D3D3D3	7
1738	#FFFFFF	#D3D3D3	7
1739	#FFFFFF	#D3D3D3	7
1740	#FFFFFF	#D3D3D3	7
1741	#FFFFFF	#D3D3D3	7
1742	#FFFFFF	#D3D3D3	31
1743	#FFFFFF	#D3D3D3	7
1744	#FFFFFF	#D3D3D3	79
1745	#FFFFFF	#D3D3D3	79
1746	#FFFFFF	#D3D3D3	79
1747	#FFFFFF	#D3D3D3	79
1748	#FFFFFF	#D3D3D3	79
1749	#FFFFFF	#D3D3D3	7
1750	#FFFFFF	#D3D3D3	7
1751	#FFFFFF	#D3D3D3	7
1752	#FFFFFF	#D3D3D3	7
1753	#FFFFFF	#D3D3D3	31
1754	#FFFFFF	#D3D3D3	7
1755	#FFFFFF	#D3D3D3	7
1756	#FFFFFF	#D3D3D3	26
1757	#FFFFFF	#D3D3D3	7
1758	#FFFFFF	#D3D3D3	7
1759	#FFFFFF	#D3D3D3	7
1760	#FFFFFF	#D3D3D3	7
1761	#FFFFFF	#D3D3D3	7
1762	#FFFFFF	#D3D3D3	7
1763	#FFFFFF	#D3D3D3	7
1764	#FFFFFF	#D3D3D3	7
1765	#FFFFFF	#D3D3D3	7
1766	#FFFFFF	#D3D3D3	7
1767	#FFFFFF	#D3D3D3	7
1769	#FFFFFF	#D3D3D3	31
1770	#FFFFFF	#D3D3D3	31
1771	#FFFFFF	#D3D3D3	7
1772	#FFFFFF	#D3D3D3	7
1773	#FFFFFF	#D3D3D3	7
1774	#FFFFFF	#D3D3D3	7
1775	#FFFFFF	#D3D3D3	7
1776	#FFFFFF	#D3D3D3	7
1777	#FFFFFF	#D3D3D3	7
1778	#FFFFFF	#D3D3D3	7
1779	#FFFFFF	#D3D3D3	79
1780	#FFFFFF	#D3D3D3	79
1781	#FFFFFF	#D3D3D3	223
1782	#FFFFFF	#D3D3D3	79
1783	#FFFFFF	#D3D3D3	79
1784	#FFFFFF	#D3D3D3	79
1785	#FFFFFF	#D3D3D3	79
1786	#FFFFFF	#D3D3D3	79
1787	#FFFFFF	#D3D3D3	79
1788	#FFFFFF	#D3D3D3	79
1789	#FFFFFF	#D3D3D3	79
1790	#FFFFFF	#D3D3D3	7
1791	#FFFFFF	#D3D3D3	79
1792	#FFFFFF	#D3D3D3	223
1793	#FFFFFF	#D3D3D3	79
1794	#FFFFFF	#D3D3D3	79
1795	#FFFFFF	#D3D3D3	79
1796	#FFFFFF	#D3D3D3	79
1797	#FFFFFF	#D3D3D3	79
1798	#FFFFFF	#D3D3D3	79
1799	#FFFFFF	#D3D3D3	7
1800	#FFFFFF	#D3D3D3	7
1801	#FFFFFF	#D3D3D3	7
1802	#FFFFFF	#D3D3D3	7
1803	#FFFFFF	#D3D3D3	31
1804	#FFFFFF	#D3D3D3	7
1805	#FFFFFF	#D3D3D3	7
1806	#FFFFFF	#D3D3D3	7
1807	#FFFFFF	#D3D3D3	7
1808	#FFFFFF	#D3D3D3	7
1809	#FFFFFF	#D3D3D3	7
1810	#FFFFFF	#D3D3D3	7
1811	#FFFFFF	#D3D3D3	7
1812	#FFFFFF	#D3D3D3	7
1814	#FFFFFF	#D3D3D3	31
1815	#FFFFFF	#D3D3D3	7
1816	#FFFFFF	#D3D3D3	7
1817	#FFFFFF	#D3D3D3	7
1818	#FFFFFF	#D3D3D3	7
1819	#FFFFFF	#D3D3D3	223
1820	#FFFFFF	#D3D3D3	31
1821	#FFFFFF	#D3D3D3	223
1822	#FFFFFF	#D3D3D3	7
1823	#FFFFFF	#D3D3D3	7
1824	#FFFFFF	#D3D3D3	7
1825	#FFFFFF	#D3D3D3	7
1826	#FFFFFF	#D3D3D3	7
1827	#FFFFFF	#D3D3D3	7
1828	#FFFFFF	#D3D3D3	7
1829	#FFFFFF	#D3D3D3	79
1830	#FFFFFF	#D3D3D3	79
1831	#FFFFFF	#D3D3D3	79
1832	#FFFFFF	#D3D3D3	223
1833	#FFFFFF	#D3D3D3	79
1834	#FFFFFF	#D3D3D3	79
1835	#FFFFFF	#D3D3D3	79
1836	#FFFFFF	#D3D3D3	79
1837	#FFFFFF	#D3D3D3	79
1838	#FFFFFF	#D3D3D3	79
1839	#FFFFFF	#D3D3D3	79
1840	#FFFFFF	#D3D3D3	79
1841	#FFFFFF	#D3D3D3	79
1842	#FFFFFF	#D3D3D3	79
1843	#FFFFFF	#D3D3D3	223
1844	#FFFFFF	#D3D3D3	79
1845	#FFFFFF	#D3D3D3	79
1846	#FFFFFF	#D3D3D3	79
1847	#FFFFFF	#D3D3D3	79
1848	#FFFFFF	#D3D3D3	79
1849	#FFFFFF	#D3D3D3	7
1850	#FFFFFF	#D3D3D3	7
1851	#FFFFFF	#D3D3D3	7
1852	#FFFFFF	#D3D3D3	7
1853	#FFFFFF	#D3D3D3	7
1854	#FFFFFF	#D3D3D3	51
1855	#FFFFFF	#D3D3D3	79
1856	#FFFFFF	#D3D3D3	7
1857	#FFFFFF	#D3D3D3	7
1858	#FFFFFF	#D3D3D3	7
1859	#FFFFFF	#D3D3D3	7
1860	#FFFFFF	#D3D3D3	7
1861	#FFFFFF	#D3D3D3	7
1862	#FFFFFF	#D3D3D3	7
1863	#FFFFFF	#D3D3D3	7
1864	#FFFFFF	#D3D3D3	31
1865	#FFFFFF	#D3D3D3	7
1866	#FFFFFF	#D3D3D3	7
1867	#FFFFFF	#D3D3D3	7
1868	#FFFFFF	#D3D3D3	7
1870	#FFFFFF	#D3D3D3	223
1871	#FFFFFF	#D3D3D3	223
1872	#FFFFFF	#D3D3D3	7
1873	#FFFFFF	#D3D3D3	7
1874	#FFFFFF	#D3D3D3	7
1875	#FFFFFF	#D3D3D3	7
1876	#FFFFFF	#D3D3D3	79
1877	#FFFFFF	#D3D3D3	79
1878	#FFFFFF	#D3D3D3	7
1879	#FFFFFF	#D3D3D3	7
1880	#FFFFFF	#D3D3D3	79
1881	#FFFFFF	#D3D3D3	79
1882	#FFFFFF	#D3D3D3	223
1883	#FFFFFF	#D3D3D3	79
1884	#FFFFFF	#D3D3D3	79
1885	#FFFFFF	#D3D3D3	79
1886	#FFFFFF	#D3D3D3	79
1887	#FFFFFF	#D3D3D3	79
1888	#FFFFFF	#D3D3D3	79
1889	#FFFFFF	#D3D3D3	79
1890	#FFFFFF	#D3D3D3	79
1891	#FFFFFF	#D3D3D3	79
1892	#FFFFFF	#D3D3D3	79
1893	#FFFFFF	#D3D3D3	223
1894	#FFFFFF	#D3D3D3	79
1895	#FFFFFF	#D3D3D3	7
1896	#FFFFFF	#D3D3D3	7
1897	#FFFFFF	#D3D3D3	79
1898	#FFFFFF	#D3D3D3	79
1899	#FFFFFF	#D3D3D3	79
1900	#FFFFFF	#D3D3D3	7
1901	#FFFFFF	#D3D3D3	7
1902	#FFFFFF	#D3D3D3	7
1903	#FFFFFF	#D3D3D3	7
1904	#FFFFFF	#D3D3D3	51
1905	#FFFFFF	#D3D3D3	79
1906	#FFFFFF	#D3D3D3	79
1907	#FFFFFF	#D3D3D3	7
1908	#FFFFFF	#D3D3D3	7
1909	#FFFFFF	#D3D3D3	7
1910	#FFFFFF	#D3D3D3	7
1911	#FFFFFF	#D3D3D3	7
1912	#FFFFFF	#D3D3D3	7
1913	#FFFFFF	#D3D3D3	7
1915	#FFFFFF	#D3D3D3	51
1916	#FFFFFF	#D3D3D3	7
1917	#FFFFFF	#D3D3D3	7
1918	#FFFFFF	#D3D3D3	7
1919	#FFFFFF	#D3D3D3	7
1920	#FFFFFF	#D3D3D3	31
1921	#FFFFFF	#D3D3D3	223
1922	#FFFFFF	#D3D3D3	223
1923	#FFFFFF	#D3D3D3	7
1924	#FFFFFF	#D3D3D3	7
1925	#FFFFFF	#D3D3D3	79
1926	#FFFFFF	#D3D3D3	79
1927	#FFFFFF	#D3D3D3	79
1928	#FFFFFF	#D3D3D3	7
1929	#FFFFFF	#D3D3D3	7
1930	#FFFFFF	#D3D3D3	7
1931	#FFFFFF	#D3D3D3	7
1932	#FFFFFF	#D3D3D3	79
1933	#FFFFFF	#D3D3D3	223
1934	#FFFFFF	#D3D3D3	79
1935	#FFFFFF	#D3D3D3	79
1936	#FFFFFF	#D3D3D3	79
1937	#FFFFFF	#D3D3D3	79
1938	#FFFFFF	#D3D3D3	79
1939	#FFFFFF	#D3D3D3	79
1940	#FFFFFF	#D3D3D3	7
1941	#FFFFFF	#D3D3D3	7
1942	#FFFFFF	#D3D3D3	7
1943	#FFFFFF	#D3D3D3	7
1944	#FFFFFF	#D3D3D3	51
1945	#FFFFFF	#D3D3D3	79
1946	#FFFFFF	#D3D3D3	7
1947	#FFFFFF	#D3D3D3	79
1948	#FFFFFF	#D3D3D3	79
1949	#FFFFFF	#D3D3D3	79
1950	#FFFFFF	#D3D3D3	79
1951	#FFFFFF	#D3D3D3	7
1952	#FFFFFF	#D3D3D3	7
1953	#FFFFFF	#D3D3D3	7
1954	#FFFFFF	#D3D3D3	79
1955	#FFFFFF	#D3D3D3	51
1956	#FFFFFF	#D3D3D3	79
1957	#FFFFFF	#D3D3D3	7
1958	#FFFFFF	#D3D3D3	7
1959	#FFFFFF	#D3D3D3	7
1960	#FFFFFF	#D3D3D3	7
1961	#FFFFFF	#D3D3D3	7
1962	#FFFFFF	#D3D3D3	7
1963	#FFFFFF	#D3D3D3	7
1964	#FFFFFF	#D3D3D3	7
1965	#FFFFFF	#D3D3D3	51
1966	#FFFFFF	#D3D3D3	7
1967	#FFFFFF	#D3D3D3	7
1968	#FFFFFF	#D3D3D3	7
1969	#FFFFFF	#D3D3D3	7
1971	#FFFFFF	#D3D3D3	223
1972	#FFFFFF	#D3D3D3	223
1973	#FFFFFF	#D3D3D3	7
1974	#FFFFFF	#D3D3D3	7
1975	#FFFFFF	#D3D3D3	79
1976	#FFFFFF	#D3D3D3	79
1977	#FFFFFF	#D3D3D3	79
1978	#FFFFFF	#D3D3D3	7
1979	#FFFFFF	#D3D3D3	79
1980	#FFFFFF	#D3D3D3	7
1981	#FFFFFF	#D3D3D3	7
1982	#FFFFFF	#D3D3D3	79
1983	#FFFFFF	#D3D3D3	223
1984	#FFFFFF	#D3D3D3	79
1985	#FFFFFF	#D3D3D3	79
1986	#FFFFFF	#D3D3D3	79
1987	#FFFFFF	#D3D3D3	79
1988	#FFFFFF	#D3D3D3	79
1989	#FFFFFF	#D3D3D3	7
1990	#FFFFFF	#D3D3D3	79
1991	#FFFFFF	#D3D3D3	7
1992	#FFFFFF	#D3D3D3	7
1993	#FFFFFF	#D3D3D3	7
1994	#FFFFFF	#D3D3D3	223
1995	#FFFFFF	#D3D3D3	7
1996	#FFFFFF	#D3D3D3	7
1997	#FFFFFF	#D3D3D3	7
1998	#FFFFFF	#D3D3D3	79
1999	#FFFFFF	#D3D3D3	7
2000	#FFFFFF	#D3D3D3	79
2001	#FFFFFF	#D3D3D3	79
2002	#FFFFFF	#D3D3D3	79
2003	#FFFFFF	#D3D3D3	7
2004	#FFFFFF	#D3D3D3	79
2005	#FFFFFF	#D3D3D3	51
2006	#FFFFFF	#D3D3D3	7
2007	#FFFFFF	#D3D3D3	79
2008	#FFFFFF	#D3D3D3	7
2009	#FFFFFF	#D3D3D3	7
2010	#FFFFFF	#D3D3D3	7
2011	#FFFFFF	#D3D3D3	7
2012	#FFFFFF	#D3D3D3	7
2013	#FFFFFF	#D3D3D3	7
2014	#FFFFFF	#D3D3D3	7
2016	#FFFFFF	#D3D3D3	51
2017	#FFFFFF	#D3D3D3	51
2018	#FFFFFF	#D3D3D3	7
2019	#FFFFFF	#D3D3D3	7
2020	#FFFFFF	#D3D3D3	7
2021	#FFFFFF	#D3D3D3	223
2022	#FFFFFF	#D3D3D3	223
2023	#FFFFFF	#D3D3D3	223
2024	#FFFFFF	#D3D3D3	7
2025	#FFFFFF	#D3D3D3	7
2026	#FFFFFF	#D3D3D3	7
2027	#FFFFFF	#D3D3D3	79
2028	#FFFFFF	#D3D3D3	79
2029	#FFFFFF	#D3D3D3	79
2030	#FFFFFF	#D3D3D3	79
2031	#FFFFFF	#D3D3D3	7
2032	#FFFFFF	#D3D3D3	79
2033	#FFFFFF	#D3D3D3	79
2034	#FFFFFF	#D3D3D3	223
2035	#FFFFFF	#D3D3D3	79
2036	#FFFFFF	#D3D3D3	79
2037	#FFFFFF	#D3D3D3	79
2038	#FFFFFF	#D3D3D3	79
2039	#FFFFFF	#D3D3D3	7
2040	#FFFFFF	#D3D3D3	7
2041	#FFFFFF	#D3D3D3	7
2042	#FFFFFF	#D3D3D3	7
2043	#FFFFFF	#D3D3D3	7
2044	#FFFFFF	#D3D3D3	7
2045	#FFFFFF	#D3D3D3	223
2046	#FFFFFF	#D3D3D3	7
2047	#FFFFFF	#D3D3D3	7
2048	#FFFFFF	#D3D3D3	79
2049	#FFFFFF	#D3D3D3	7
2050	#FFFFFF	#D3D3D3	7
2051	#FFFFFF	#D3D3D3	7
2052	#FFFFFF	#D3D3D3	79
2053	#FFFFFF	#D3D3D3	79
2054	#FFFFFF	#D3D3D3	79
2055	#FFFFFF	#D3D3D3	7
2056	#FFFFFF	#D3D3D3	51
2057	#FFFFFF	#D3D3D3	79
2058	#FFFFFF	#D3D3D3	7
2059	#FFFFFF	#D3D3D3	7
2060	#FFFFFF	#D3D3D3	7
2061	#FFFFFF	#D3D3D3	7
2062	#FFFFFF	#D3D3D3	7
2063	#FFFFFF	#D3D3D3	7
2064	#FFFFFF	#D3D3D3	7
2065	#FFFFFF	#D3D3D3	7
2066	#FFFFFF	#D3D3D3	51
2067	#FFFFFF	#D3D3D3	51
2068	#FFFFFF	#D3D3D3	7
2069	#FFFFFF	#D3D3D3	7
2070	#FFFFFF	#D3D3D3	7
2072	#FFFFFF	#D3D3D3	223
2073	#FFFFFF	#D3D3D3	223
2074	#FFFFFF	#D3D3D3	7
2075	#FFFFFF	#D3D3D3	7
2076	#FFFFFF	#D3D3D3	7
2077	#FFFFFF	#D3D3D3	7
2078	#FFFFFF	#D3D3D3	79
2079	#FFFFFF	#D3D3D3	79
2080	#FFFFFF	#D3D3D3	79
2081	#FFFFFF	#D3D3D3	79
2082	#FFFFFF	#D3D3D3	79
2083	#FFFFFF	#D3D3D3	79
2084	#FFFFFF	#D3D3D3	223
2085	#FFFFFF	#D3D3D3	79
2086	#FFFFFF	#D3D3D3	79
2087	#FFFFFF	#D3D3D3	79
2088	#FFFFFF	#D3D3D3	79
2089	#FFFFFF	#D3D3D3	79
2090	#FFFFFF	#D3D3D3	7
2091	#FFFFFF	#D3D3D3	7
2092	#FFFFFF	#D3D3D3	7
2093	#FFFFFF	#D3D3D3	7
2094	#FFFFFF	#D3D3D3	7
2095	#FFFFFF	#D3D3D3	223
2096	#FFFFFF	#D3D3D3	7
2097	#FFFFFF	#D3D3D3	7
2098	#FFFFFF	#D3D3D3	7
2099	#FFFFFF	#D3D3D3	79
2100	#FFFFFF	#D3D3D3	7
2101	#FFFFFF	#D3D3D3	7
2102	#FFFFFF	#D3D3D3	79
2103	#FFFFFF	#D3D3D3	79
2104	#FFFFFF	#D3D3D3	79
2105	#FFFFFF	#D3D3D3	79
2106	#FFFFFF	#D3D3D3	223
2107	#FFFFFF	#D3D3D3	7
2108	#FFFFFF	#D3D3D3	79
2109	#FFFFFF	#D3D3D3	7
2110	#FFFFFF	#D3D3D3	209
2111	#FFFFFF	#D3D3D3	7
2112	#FFFFFF	#D3D3D3	7
2113	#FFFFFF	#D3D3D3	7
2114	#FFFFFF	#D3D3D3	7
2115	#FFFFFF	#D3D3D3	7
2117	#FFFFFF	#D3D3D3	51
2118	#FFFFFF	#D3D3D3	51
2119	#FFFFFF	#D3D3D3	7
2120	#FFFFFF	#D3D3D3	7
2121	#FFFFFF	#D3D3D3	7
2122	#FFFFFF	#D3D3D3	31
2123	#FFFFFF	#D3D3D3	223
2124	#FFFFFF	#D3D3D3	223
2125	#FFFFFF	#D3D3D3	7
2126	#FFFFFF	#D3D3D3	7
2127	#FFFFFF	#D3D3D3	7
2128	#FFFFFF	#D3D3D3	79
2129	#FFFFFF	#D3D3D3	79
2130	#FFFFFF	#D3D3D3	79
2131	#FFFFFF	#D3D3D3	79
2132	#FFFFFF	#D3D3D3	79
2133	#FFFFFF	#D3D3D3	79
2134	#FFFFFF	#D3D3D3	79
2135	#FFFFFF	#D3D3D3	223
2136	#FFFFFF	#D3D3D3	79
2137	#FFFFFF	#D3D3D3	79
2138	#FFFFFF	#D3D3D3	79
2139	#FFFFFF	#D3D3D3	79
2140	#FFFFFF	#D3D3D3	79
2141	#FFFFFF	#D3D3D3	7
2142	#FFFFFF	#D3D3D3	7
2143	#FFFFFF	#D3D3D3	7
2144	#FFFFFF	#D3D3D3	7
2145	#FFFFFF	#D3D3D3	7
2146	#FFFFFF	#D3D3D3	223
2147	#FFFFFF	#D3D3D3	7
2148	#FFFFFF	#D3D3D3	7
2149	#FFFFFF	#D3D3D3	7
2150	#FFFFFF	#D3D3D3	7
2151	#FFFFFF	#D3D3D3	7
2152	#FFFFFF	#D3D3D3	7
2153	#FFFFFF	#D3D3D3	7
2154	#FFFFFF	#D3D3D3	7
2155	#FFFFFF	#D3D3D3	79
2156	#FFFFFF	#D3D3D3	79
2157	#FFFFFF	#D3D3D3	223
2158	#FFFFFF	#D3D3D3	7
2159	#FFFFFF	#D3D3D3	7
2160	#FFFFFF	#D3D3D3	209
2161	#FFFFFF	#D3D3D3	209
2162	#FFFFFF	#D3D3D3	209
2163	#FFFFFF	#D3D3D3	7
2164	#FFFFFF	#D3D3D3	7
2165	#FFFFFF	#D3D3D3	7
2166	#FFFFFF	#D3D3D3	7
2167	#FFFFFF	#D3D3D3	51
2168	#FFFFFF	#D3D3D3	51
2169	#FFFFFF	#D3D3D3	7
2170	#FFFFFF	#D3D3D3	7
2171	#FFFFFF	#D3D3D3	7
2173	#FFFFFF	#D3D3D3	31
2174	#FFFFFF	#D3D3D3	223
2175	#FFFFFF	#D3D3D3	7
2176	#FFFFFF	#D3D3D3	7
2177	#FFFFFF	#D3D3D3	7
2178	#FFFFFF	#D3D3D3	79
2179	#FFFFFF	#D3D3D3	79
2180	#FFFFFF	#D3D3D3	79
2181	#FFFFFF	#D3D3D3	7
2182	#FFFFFF	#D3D3D3	7
2183	#FFFFFF	#D3D3D3	79
2184	#FFFFFF	#D3D3D3	79
2185	#FFFFFF	#D3D3D3	223
2186	#FFFFFF	#D3D3D3	79
2187	#FFFFFF	#D3D3D3	79
2188	#FFFFFF	#D3D3D3	79
2189	#FFFFFF	#D3D3D3	79
2190	#FFFFFF	#D3D3D3	79
2191	#FFFFFF	#D3D3D3	79
2192	#FFFFFF	#D3D3D3	79
2193	#FFFFFF	#D3D3D3	7
2194	#FFFFFF	#D3D3D3	7
2195	#FFFFFF	#D3D3D3	7
2196	#FFFFFF	#D3D3D3	51
2197	#FFFFFF	#D3D3D3	7
2198	#FFFFFF	#D3D3D3	7
2199	#FFFFFF	#D3D3D3	7
2200	#FFFFFF	#D3D3D3	7
2201	#FFFFFF	#D3D3D3	7
2202	#FFFFFF	#D3D3D3	7
2203	#FFFFFF	#D3D3D3	7
2204	#FFFFFF	#D3D3D3	7
2205	#FFFFFF	#D3D3D3	79
2206	#FFFFFF	#D3D3D3	79
2207	#FFFFFF	#D3D3D3	51
2208	#FFFFFF	#D3D3D3	79
2209	#FFFFFF	#D3D3D3	7
2210	#FFFFFF	#D3D3D3	7
2211	#FFFFFF	#D3D3D3	209
2212	#FFFFFF	#D3D3D3	209
2213	#FFFFFF	#D3D3D3	209
2214	#FFFFFF	#D3D3D3	209
2215	#FFFFFF	#D3D3D3	7
2216	#FFFFFF	#D3D3D3	7
2218	#FFFFFF	#D3D3D3	51
2219	#FFFFFF	#D3D3D3	51
2220	#FFFFFF	#D3D3D3	51
2221	#FFFFFF	#D3D3D3	51
2222	#FFFFFF	#D3D3D3	7
2223	#FFFFFF	#D3D3D3	31
2224	#FFFFFF	#D3D3D3	223
2225	#FFFFFF	#D3D3D3	223
2226	#FFFFFF	#D3D3D3	7
2227	#FFFFFF	#D3D3D3	7
2228	#FFFFFF	#D3D3D3	7
2229	#FFFFFF	#D3D3D3	79
2230	#FFFFFF	#D3D3D3	79
2231	#FFFFFF	#D3D3D3	79
2232	#FFFFFF	#D3D3D3	7
2233	#FFFFFF	#D3D3D3	7
2234	#FFFFFF	#D3D3D3	7
2235	#FFFFFF	#D3D3D3	79
2236	#FFFFFF	#D3D3D3	51
2237	#FFFFFF	#D3D3D3	7
2238	#FFFFFF	#D3D3D3	79
2239	#FFFFFF	#D3D3D3	79
2240	#FFFFFF	#D3D3D3	79
2241	#FFFFFF	#D3D3D3	79
2242	#FFFFFF	#D3D3D3	79
2243	#FFFFFF	#D3D3D3	7
2244	#FFFFFF	#D3D3D3	7
2245	#FFFFFF	#D3D3D3	7
2246	#FFFFFF	#D3D3D3	7
2247	#FFFFFF	#D3D3D3	51
2248	#FFFFFF	#D3D3D3	7
2249	#FFFFFF	#D3D3D3	7
2250	#FFFFFF	#D3D3D3	7
2251	#FFFFFF	#D3D3D3	7
2252	#FFFFFF	#D3D3D3	7
2253	#FFFFFF	#D3D3D3	7
2254	#FFFFFF	#D3D3D3	79
2255	#FFFFFF	#D3D3D3	7
2256	#FFFFFF	#D3D3D3	79
2257	#FFFFFF	#D3D3D3	79
2258	#FFFFFF	#D3D3D3	51
2259	#FFFFFF	#D3D3D3	79
2260	#FFFFFF	#D3D3D3	7
2261	#FFFFFF	#D3D3D3	7
2262	#FFFFFF	#D3D3D3	209
2263	#FFFFFF	#D3D3D3	209
2264	#FFFFFF	#D3D3D3	209
2265	#FFFFFF	#D3D3D3	209
2266	#FFFFFF	#D3D3D3	7
2267	#FFFFFF	#D3D3D3	7
2268	#FFFFFF	#D3D3D3	7
2269	#FFFFFF	#D3D3D3	7
2270	#FFFFFF	#D3D3D3	51
2271	#FFFFFF	#D3D3D3	7
2272	#FFFFFF	#D3D3D3	7
2274	#FFFFFF	#D3D3D3	31
2275	#FFFFFF	#D3D3D3	261
2276	#FFFFFF	#D3D3D3	171
2277	#FFFFFF	#D3D3D3	171
2278	#FFFFFF	#D3D3D3	171
2279	#FFFFFF	#D3D3D3	7
2280	#FFFFFF	#D3D3D3	7
2281	#FFFFFF	#D3D3D3	7
2282	#FFFFFF	#D3D3D3	7
2283	#FFFFFF	#D3D3D3	171
2284	#FFFFFF	#D3D3D3	171
2285	#FFFFFF	#D3D3D3	171
2286	#FFFFFF	#D3D3D3	261
2287	#FFFFFF	#D3D3D3	7
2288	#FFFFFF	#D3D3D3	7
2289	#FFFFFF	#D3D3D3	7
2290	#FFFFFF	#D3D3D3	7
2291	#FFFFFF	#D3D3D3	7
2292	#FFFFFF	#D3D3D3	7
2293	#FFFFFF	#D3D3D3	77
2294	#FFFFFF	#D3D3D3	7
2295	#FFFFFF	#D3D3D3	7
2296	#FFFFFF	#D3D3D3	7
2297	#FFFFFF	#D3D3D3	261
2298	#FFFFFF	#D3D3D3	7
2299	#FFFFFF	#D3D3D3	7
2300	#FFFFFF	#D3D3D3	7
2301	#FFFFFF	#D3D3D3	7
2302	#FFFFFF	#D3D3D3	7
2303	#FFFFFF	#D3D3D3	7
2304	#FFFFFF	#D3D3D3	7
2305	#FFFFFF	#D3D3D3	7
2306	#FFFFFF	#D3D3D3	26
2307	#FFFFFF	#D3D3D3	26
2308	#FFFFFF	#D3D3D3	31
2309	#FFFFFF	#D3D3D3	26
2310	#FFFFFF	#D3D3D3	26
2311	#FFFFFF	#D3D3D3	26
2312	#FFFFFF	#D3D3D3	26
2313	#FFFFFF	#D3D3D3	7
2314	#FFFFFF	#D3D3D3	7
2315	#FFFFFF	#D3D3D3	7
2316	#FFFFFF	#D3D3D3	7
2317	#FFFFFF	#D3D3D3	7
2319	#FFFFFF	#D3D3D3	7
2320	#FFFFFF	#D3D3D3	7
2321	#FFFFFF	#D3D3D3	7
2322	#FFFFFF	#D3D3D3	7
2323	#FFFFFF	#D3D3D3	7
2324	#FFFFFF	#D3D3D3	31
2325	#FFFFFF	#D3D3D3	261
2326	#FFFFFF	#D3D3D3	261
2327	#FFFFFF	#D3D3D3	171
2328	#FFFFFF	#D3D3D3	171
2329	#FFFFFF	#D3D3D3	171
2330	#FFFFFF	#D3D3D3	171
2331	#FFFFFF	#D3D3D3	7
2332	#FFFFFF	#D3D3D3	7
2333	#FFFFFF	#D3D3D3	171
2334	#FFFFFF	#D3D3D3	171
2335	#FFFFFF	#D3D3D3	171
2336	#FFFFFF	#D3D3D3	171
2337	#FFFFFF	#D3D3D3	261
2338	#FFFFFF	#D3D3D3	171
2339	#FFFFFF	#D3D3D3	7
2340	#FFFFFF	#D3D3D3	7
2341	#FFFFFF	#D3D3D3	7
2342	#FFFFFF	#D3D3D3	7
2343	#FFFFFF	#D3D3D3	7
2344	#FFFFFF	#D3D3D3	77
2345	#FFFFFF	#D3D3D3	7
2346	#FFFFFF	#D3D3D3	7
2347	#FFFFFF	#D3D3D3	7
2348	#FFFFFF	#D3D3D3	31
2349	#FFFFFF	#D3D3D3	7
2350	#FFFFFF	#D3D3D3	7
2351	#FFFFFF	#D3D3D3	7
2352	#FFFFFF	#D3D3D3	7
2353	#FFFFFF	#D3D3D3	7
2354	#FFFFFF	#D3D3D3	7
2355	#FFFFFF	#D3D3D3	7
2356	#FFFFFF	#D3D3D3	26
2357	#FFFFFF	#D3D3D3	26
2358	#FFFFFF	#D3D3D3	26
2359	#FFFFFF	#D3D3D3	31
2360	#FFFFFF	#D3D3D3	26
2361	#FFFFFF	#D3D3D3	26
2362	#FFFFFF	#D3D3D3	26
2363	#FFFFFF	#D3D3D3	26
2364	#FFFFFF	#D3D3D3	7
2365	#FFFFFF	#D3D3D3	7
2366	#FFFFFF	#D3D3D3	7
2367	#FFFFFF	#D3D3D3	7
2368	#FFFFFF	#D3D3D3	26
2369	#FFFFFF	#D3D3D3	7
2370	#FFFFFF	#D3D3D3	7
2371	#FFFFFF	#D3D3D3	7
2372	#FFFFFF	#D3D3D3	7
2373	#FFFFFF	#D3D3D3	7
2375	#FFFFFF	#D3D3D3	31
2376	#FFFFFF	#D3D3D3	223
2377	#FFFFFF	#D3D3D3	7
2378	#FFFFFF	#D3D3D3	7
2379	#FFFFFF	#D3D3D3	7
2380	#FFFFFF	#D3D3D3	79
2381	#FFFFFF	#D3D3D3	7
2382	#FFFFFF	#D3D3D3	79
2383	#FFFFFF	#D3D3D3	7
2384	#FFFFFF	#D3D3D3	242
2385	#FFFFFF	#D3D3D3	7
2386	#FFFFFF	#D3D3D3	7
2387	#FFFFFF	#D3D3D3	51
2388	#FFFFFF	#D3D3D3	7
2389	#FFFFFF	#D3D3D3	7
2390	#FFFFFF	#D3D3D3	79
2391	#FFFFFF	#D3D3D3	79
2392	#FFFFFF	#D3D3D3	79
2393	#FFFFFF	#D3D3D3	79
2394	#FFFFFF	#D3D3D3	7
2395	#FFFFFF	#D3D3D3	7
2396	#FFFFFF	#D3D3D3	7
2397	#FFFFFF	#D3D3D3	7
2398	#FFFFFF	#D3D3D3	51
2399	#FFFFFF	#D3D3D3	7
2400	#FFFFFF	#D3D3D3	7
2401	#FFFFFF	#D3D3D3	7
2402	#FFFFFF	#D3D3D3	7
2403	#FFFFFF	#D3D3D3	7
2404	#FFFFFF	#D3D3D3	7
2405	#FFFFFF	#D3D3D3	79
2406	#FFFFFF	#D3D3D3	7
2407	#FFFFFF	#D3D3D3	79
2408	#FFFFFF	#D3D3D3	79
2409	#FFFFFF	#D3D3D3	51
2410	#FFFFFF	#D3D3D3	79
2411	#FFFFFF	#D3D3D3	7
2412	#FFFFFF	#D3D3D3	7
2413	#FFFFFF	#D3D3D3	209
2414	#FFFFFF	#D3D3D3	7
2415	#FFFFFF	#D3D3D3	209
2416	#FFFFFF	#D3D3D3	209
2417	#FFFFFF	#D3D3D3	7
2418	#FFFFFF	#D3D3D3	209
2420	#FFFFFF	#D3D3D3	51
2421	#FFFFFF	#D3D3D3	7
2422	#FFFFFF	#D3D3D3	7
2423	#FFFFFF	#D3D3D3	51
2424	#FFFFFF	#D3D3D3	7
2425	#FFFFFF	#D3D3D3	31
2426	#FFFFFF	#D3D3D3	31
2427	#FFFFFF	#D3D3D3	223
2428	#FFFFFF	#D3D3D3	7
2429	#FFFFFF	#D3D3D3	7
2430	#FFFFFF	#D3D3D3	79
2431	#FFFFFF	#D3D3D3	79
2432	#FFFFFF	#D3D3D3	7
2433	#FFFFFF	#D3D3D3	79
2434	#FFFFFF	#D3D3D3	7
2435	#FFFFFF	#D3D3D3	242
2436	#FFFFFF	#D3D3D3	242
2437	#FFFFFF	#D3D3D3	7
2438	#FFFFFF	#D3D3D3	51
2439	#FFFFFF	#D3D3D3	7
2440	#FFFFFF	#D3D3D3	7
2441	#FFFFFF	#D3D3D3	7
2442	#FFFFFF	#D3D3D3	7
2443	#FFFFFF	#D3D3D3	79
2444	#FFFFFF	#D3D3D3	7
2445	#FFFFFF	#D3D3D3	7
2446	#FFFFFF	#D3D3D3	7
2447	#FFFFFF	#D3D3D3	7
2448	#FFFFFF	#D3D3D3	7
2449	#FFFFFF	#D3D3D3	51
2450	#FFFFFF	#D3D3D3	7
2451	#FFFFFF	#D3D3D3	7
2452	#FFFFFF	#D3D3D3	7
2453	#FFFFFF	#D3D3D3	7
2454	#FFFFFF	#D3D3D3	7
2455	#FFFFFF	#D3D3D3	7
2456	#FFFFFF	#D3D3D3	79
2457	#FFFFFF	#D3D3D3	79
2458	#FFFFFF	#D3D3D3	79
2459	#FFFFFF	#D3D3D3	79
2460	#FFFFFF	#D3D3D3	51
2461	#FFFFFF	#D3D3D3	7
2462	#FFFFFF	#D3D3D3	7
2463	#FFFFFF	#D3D3D3	7
2464	#FFFFFF	#D3D3D3	209
2465	#FFFFFF	#D3D3D3	7
2466	#FFFFFF	#D3D3D3	7
2467	#FFFFFF	#D3D3D3	209
2468	#FFFFFF	#D3D3D3	209
2469	#FFFFFF	#D3D3D3	209
2470	#FFFFFF	#D3D3D3	51
2471	#FFFFFF	#D3D3D3	51
2472	#FFFFFF	#D3D3D3	7
2473	#FFFFFF	#D3D3D3	7
2474	#FFFFFF	#D3D3D3	7
2476	#FFFFFF	#D3D3D3	31
2477	#FFFFFF	#D3D3D3	223
2478	#FFFFFF	#D3D3D3	7
2479	#FFFFFF	#D3D3D3	7
2480	#FFFFFF	#D3D3D3	79
2481	#FFFFFF	#D3D3D3	79
2482	#FFFFFF	#D3D3D3	79
2483	#FFFFFF	#D3D3D3	7
2484	#FFFFFF	#D3D3D3	79
2485	#FFFFFF	#D3D3D3	7
2486	#FFFFFF	#D3D3D3	242
2487	#FFFFFF	#D3D3D3	7
2488	#FFFFFF	#D3D3D3	223
2489	#FFFFFF	#D3D3D3	7
2490	#FFFFFF	#D3D3D3	7
2491	#FFFFFF	#D3D3D3	7
2492	#FFFFFF	#D3D3D3	7
2493	#FFFFFF	#D3D3D3	7
2494	#FFFFFF	#D3D3D3	7
2495	#FFFFFF	#D3D3D3	7
2496	#FFFFFF	#D3D3D3	7
2497	#FFFFFF	#D3D3D3	7
2498	#FFFFFF	#D3D3D3	7
2499	#FFFFFF	#D3D3D3	51
2500	#FFFFFF	#D3D3D3	7
2501	#FFFFFF	#D3D3D3	7
2502	#FFFFFF	#D3D3D3	7
2503	#FFFFFF	#D3D3D3	7
2504	#FFFFFF	#D3D3D3	7
2505	#FFFFFF	#D3D3D3	7
2506	#FFFFFF	#D3D3D3	7
2507	#FFFFFF	#D3D3D3	79
2508	#FFFFFF	#D3D3D3	79
2509	#FFFFFF	#D3D3D3	7
2510	#FFFFFF	#D3D3D3	51
2511	#FFFFFF	#D3D3D3	7
2512	#FFFFFF	#D3D3D3	15
2513	#FFFFFF	#D3D3D3	7
2514	#FFFFFF	#D3D3D3	7
2515	#FFFFFF	#D3D3D3	7
2516	#FFFFFF	#D3D3D3	7
2517	#FFFFFF	#D3D3D3	209
2518	#FFFFFF	#D3D3D3	209
2519	#FFFFFF	#D3D3D3	7
2521	#FFFFFF	#D3D3D3	51
2522	#FFFFFF	#D3D3D3	51
2523	#FFFFFF	#D3D3D3	51
2524	#FFFFFF	#D3D3D3	7
2525	#FFFFFF	#D3D3D3	7
2526	#FFFFFF	#D3D3D3	51
2527	#FFFFFF	#D3D3D3	31
2528	#FFFFFF	#D3D3D3	223
2529	#FFFFFF	#D3D3D3	79
2530	#FFFFFF	#D3D3D3	79
2531	#FFFFFF	#D3D3D3	79
2532	#FFFFFF	#D3D3D3	79
2533	#FFFFFF	#D3D3D3	7
2534	#FFFFFF	#D3D3D3	7
2535	#FFFFFF	#D3D3D3	7
2536	#FFFFFF	#D3D3D3	242
2537	#FFFFFF	#D3D3D3	7
2538	#FFFFFF	#D3D3D3	242
2539	#FFFFFF	#D3D3D3	223
2540	#FFFFFF	#D3D3D3	242
2541	#FFFFFF	#D3D3D3	7
2542	#FFFFFF	#D3D3D3	15
2543	#FFFFFF	#D3D3D3	7
2544	#FFFFFF	#D3D3D3	7
2545	#FFFFFF	#D3D3D3	7
2546	#FFFFFF	#D3D3D3	7
2547	#FFFFFF	#D3D3D3	7
2548	#FFFFFF	#D3D3D3	7
2549	#FFFFFF	#D3D3D3	7
2550	#FFFFFF	#D3D3D3	51
2551	#FFFFFF	#D3D3D3	7
2552	#FFFFFF	#D3D3D3	7
2553	#FFFFFF	#D3D3D3	7
2554	#FFFFFF	#D3D3D3	7
2555	#FFFFFF	#D3D3D3	7
2556	#FFFFFF	#D3D3D3	7
2557	#FFFFFF	#D3D3D3	79
2558	#FFFFFF	#D3D3D3	7
2559	#FFFFFF	#D3D3D3	7
2560	#FFFFFF	#D3D3D3	7
2561	#FFFFFF	#D3D3D3	51
2562	#FFFFFF	#D3D3D3	15
2563	#FFFFFF	#D3D3D3	7
2564	#FFFFFF	#D3D3D3	7
2565	#FFFFFF	#D3D3D3	7
2566	#FFFFFF	#D3D3D3	7
2567	#FFFFFF	#D3D3D3	7
2568	#FFFFFF	#D3D3D3	209
2569	#FFFFFF	#D3D3D3	7
2570	#FFFFFF	#D3D3D3	7
2571	#FFFFFF	#D3D3D3	51
2572	#FFFFFF	#D3D3D3	51
2573	#FFFFFF	#D3D3D3	7
2574	#FFFFFF	#D3D3D3	7
2575	#FFFFFF	#D3D3D3	7
2577	#FFFFFF	#D3D3D3	51
2578	#FFFFFF	#D3D3D3	223
2579	#FFFFFF	#D3D3D3	7
2580	#FFFFFF	#D3D3D3	79
2581	#FFFFFF	#D3D3D3	79
2582	#FFFFFF	#D3D3D3	79
2583	#FFFFFF	#D3D3D3	79
2584	#FFFFFF	#D3D3D3	79
2585	#FFFFFF	#D3D3D3	7
2586	#FFFFFF	#D3D3D3	242
2587	#FFFFFF	#D3D3D3	242
2588	#FFFFFF	#D3D3D3	242
2589	#FFFFFF	#D3D3D3	51
2590	#FFFFFF	#D3D3D3	242
2591	#FFFFFF	#D3D3D3	7
2592	#FFFFFF	#D3D3D3	15
2593	#FFFFFF	#D3D3D3	15
2594	#FFFFFF	#D3D3D3	7
2595	#FFFFFF	#D3D3D3	7
2596	#FFFFFF	#D3D3D3	15
2597	#FFFFFF	#D3D3D3	7
2598	#FFFFFF	#D3D3D3	15
2599	#FFFFFF	#D3D3D3	7
2600	#FFFFFF	#D3D3D3	51
2601	#FFFFFF	#D3D3D3	7
2602	#FFFFFF	#D3D3D3	7
2603	#FFFFFF	#D3D3D3	7
2604	#FFFFFF	#D3D3D3	7
2605	#FFFFFF	#D3D3D3	7
2606	#FFFFFF	#D3D3D3	7
2607	#FFFFFF	#D3D3D3	79
2608	#FFFFFF	#D3D3D3	7
2609	#FFFFFF	#D3D3D3	7
2610	#FFFFFF	#D3D3D3	7
2611	#FFFFFF	#D3D3D3	51
2612	#FFFFFF	#D3D3D3	15
2613	#FFFFFF	#D3D3D3	7
2614	#FFFFFF	#D3D3D3	7
2615	#FFFFFF	#D3D3D3	7
2616	#FFFFFF	#D3D3D3	7
2617	#FFFFFF	#D3D3D3	209
2618	#FFFFFF	#D3D3D3	209
2619	#FFFFFF	#D3D3D3	209
2620	#FFFFFF	#D3D3D3	7
2622	#FFFFFF	#D3D3D3	51
2623	#FFFFFF	#D3D3D3	51
2624	#FFFFFF	#D3D3D3	7
2625	#FFFFFF	#D3D3D3	7
2626	#FFFFFF	#D3D3D3	7
2627	#FFFFFF	#D3D3D3	51
2628	#FFFFFF	#D3D3D3	51
2629	#FFFFFF	#D3D3D3	51
2630	#FFFFFF	#D3D3D3	7
2631	#FFFFFF	#D3D3D3	7
2632	#FFFFFF	#D3D3D3	79
2633	#FFFFFF	#D3D3D3	79
2634	#FFFFFF	#D3D3D3	79
2635	#FFFFFF	#D3D3D3	79
2636	#FFFFFF	#D3D3D3	7
2637	#FFFFFF	#D3D3D3	242
2638	#FFFFFF	#D3D3D3	242
2639	#FFFFFF	#D3D3D3	242
2640	#FFFFFF	#D3D3D3	51
2641	#FFFFFF	#D3D3D3	7
2642	#FFFFFF	#D3D3D3	15
2643	#FFFFFF	#D3D3D3	15
2644	#FFFFFF	#D3D3D3	7
2645	#FFFFFF	#D3D3D3	7
2646	#FFFFFF	#D3D3D3	15
2647	#FFFFFF	#D3D3D3	15
2648	#FFFFFF	#D3D3D3	7
2649	#FFFFFF	#D3D3D3	15
2650	#FFFFFF	#D3D3D3	7
2651	#FFFFFF	#D3D3D3	51
2652	#FFFFFF	#D3D3D3	7
2653	#FFFFFF	#D3D3D3	7
2654	#FFFFFF	#D3D3D3	7
2655	#FFFFFF	#D3D3D3	7
2656	#FFFFFF	#D3D3D3	7
2657	#FFFFFF	#D3D3D3	7
2658	#FFFFFF	#D3D3D3	7
2659	#FFFFFF	#D3D3D3	7
2660	#FFFFFF	#D3D3D3	7
2661	#FFFFFF	#D3D3D3	15
2662	#FFFFFF	#D3D3D3	51
2663	#FFFFFF	#D3D3D3	15
2664	#FFFFFF	#D3D3D3	7
2665	#FFFFFF	#D3D3D3	7
2666	#FFFFFF	#D3D3D3	7
2667	#FFFFFF	#D3D3D3	7
2668	#FFFFFF	#D3D3D3	209
2669	#FFFFFF	#D3D3D3	209
2670	#FFFFFF	#D3D3D3	7
2671	#FFFFFF	#D3D3D3	7
2672	#FFFFFF	#D3D3D3	7
2673	#FFFFFF	#D3D3D3	7
2674	#FFFFFF	#D3D3D3	7
2675	#FFFFFF	#D3D3D3	7
2676	#FFFFFF	#D3D3D3	7
2678	#FFFFFF	#D3D3D3	51
2679	#FFFFFF	#D3D3D3	51
2680	#FFFFFF	#D3D3D3	7
2681	#FFFFFF	#D3D3D3	7
2682	#FFFFFF	#D3D3D3	79
2683	#FFFFFF	#D3D3D3	7
2684	#FFFFFF	#D3D3D3	79
2685	#FFFFFF	#D3D3D3	7
2686	#FFFFFF	#D3D3D3	7
2687	#FFFFFF	#D3D3D3	242
2688	#FFFFFF	#D3D3D3	242
2689	#FFFFFF	#D3D3D3	242
2690	#FFFFFF	#D3D3D3	51
2691	#FFFFFF	#D3D3D3	7
2692	#FFFFFF	#D3D3D3	15
2693	#FFFFFF	#D3D3D3	15
2694	#FFFFFF	#D3D3D3	7
2695	#FFFFFF	#D3D3D3	7
2696	#FFFFFF	#D3D3D3	15
2697	#FFFFFF	#D3D3D3	15
2698	#FFFFFF	#D3D3D3	7
2699	#FFFFFF	#D3D3D3	7
2700	#FFFFFF	#D3D3D3	15
2701	#FFFFFF	#D3D3D3	51
2702	#FFFFFF	#D3D3D3	7
2703	#FFFFFF	#D3D3D3	7
2704	#FFFFFF	#D3D3D3	7
2705	#FFFFFF	#D3D3D3	7
2706	#FFFFFF	#D3D3D3	7
2707	#FFFFFF	#D3D3D3	7
2708	#FFFFFF	#D3D3D3	7
2709	#FFFFFF	#D3D3D3	7
2710	#FFFFFF	#D3D3D3	7
2711	#FFFFFF	#D3D3D3	15
2712	#FFFFFF	#D3D3D3	51
2713	#FFFFFF	#D3D3D3	15
2714	#FFFFFF	#D3D3D3	7
2715	#FFFFFF	#D3D3D3	7
2716	#FFFFFF	#D3D3D3	7
2717	#FFFFFF	#D3D3D3	7
2718	#FFFFFF	#D3D3D3	209
2719	#FFFFFF	#D3D3D3	209
2720	#FFFFFF	#D3D3D3	7
2721	#FFFFFF	#D3D3D3	7
2723	#FFFFFF	#D3D3D3	51
2724	#FFFFFF	#D3D3D3	7
2725	#FFFFFF	#D3D3D3	7
2726	#FFFFFF	#D3D3D3	7
2727	#FFFFFF	#D3D3D3	7
2728	#FFFFFF	#D3D3D3	51
2729	#FFFFFF	#D3D3D3	51
2730	#FFFFFF	#D3D3D3	51
2731	#FFFFFF	#D3D3D3	7
2732	#FFFFFF	#D3D3D3	7
2733	#FFFFFF	#D3D3D3	7
2734	#FFFFFF	#D3D3D3	7
2735	#FFFFFF	#D3D3D3	79
2736	#FFFFFF	#D3D3D3	7
2737	#FFFFFF	#D3D3D3	242
2738	#FFFFFF	#D3D3D3	7
2739	#FFFFFF	#D3D3D3	7
2740	#FFFFFF	#D3D3D3	242
2741	#FFFFFF	#D3D3D3	51
2742	#FFFFFF	#D3D3D3	7
2743	#FFFFFF	#D3D3D3	15
2744	#FFFFFF	#D3D3D3	15
2745	#FFFFFF	#D3D3D3	15
2746	#FFFFFF	#D3D3D3	15
2747	#FFFFFF	#D3D3D3	15
2748	#FFFFFF	#D3D3D3	15
2749	#FFFFFF	#D3D3D3	15
2750	#FFFFFF	#D3D3D3	7
2751	#FFFFFF	#D3D3D3	15
2752	#FFFFFF	#D3D3D3	51
2753	#FFFFFF	#D3D3D3	7
2754	#FFFFFF	#D3D3D3	7
2755	#FFFFFF	#D3D3D3	7
2756	#FFFFFF	#D3D3D3	7
2757	#FFFFFF	#D3D3D3	7
2758	#FFFFFF	#D3D3D3	7
2759	#FFFFFF	#D3D3D3	7
2760	#FFFFFF	#D3D3D3	7
2761	#FFFFFF	#D3D3D3	7
2762	#FFFFFF	#D3D3D3	15
2763	#FFFFFF	#D3D3D3	51
2764	#FFFFFF	#D3D3D3	7
2765	#FFFFFF	#D3D3D3	7
2766	#FFFFFF	#D3D3D3	7
2767	#FFFFFF	#D3D3D3	7
2768	#FFFFFF	#D3D3D3	209
2769	#FFFFFF	#D3D3D3	209
2770	#FFFFFF	#D3D3D3	7
2771	#FFFFFF	#D3D3D3	7
2772	#FFFFFF	#D3D3D3	7
2773	#FFFFFF	#D3D3D3	7
2774	#FFFFFF	#D3D3D3	7
2775	#FFFFFF	#D3D3D3	7
2776	#FFFFFF	#D3D3D3	7
2777	#FFFFFF	#D3D3D3	7
2779	#FFFFFF	#D3D3D3	51
2780	#FFFFFF	#D3D3D3	50
2781	#FFFFFF	#D3D3D3	7
2782	#FFFFFF	#D3D3D3	7
2783	#FFFFFF	#D3D3D3	7
2784	#FFFFFF	#D3D3D3	7
2785	#FFFFFF	#D3D3D3	7
2786	#FFFFFF	#D3D3D3	79
2787	#FFFFFF	#D3D3D3	242
2788	#FFFFFF	#D3D3D3	242
2789	#FFFFFF	#D3D3D3	7
2790	#FFFFFF	#D3D3D3	7
2791	#FFFFFF	#D3D3D3	50
2792	#FFFFFF	#D3D3D3	7
2793	#FFFFFF	#D3D3D3	15
2794	#FFFFFF	#D3D3D3	15
2795	#FFFFFF	#D3D3D3	15
2796	#FFFFFF	#D3D3D3	15
2797	#FFFFFF	#D3D3D3	15
2798	#FFFFFF	#D3D3D3	15
2799	#FFFFFF	#D3D3D3	15
2800	#FFFFFF	#D3D3D3	15
2801	#FFFFFF	#D3D3D3	15
2802	#FFFFFF	#D3D3D3	51
2803	#FFFFFF	#D3D3D3	7
2804	#FFFFFF	#D3D3D3	7
2805	#FFFFFF	#D3D3D3	15
2806	#FFFFFF	#D3D3D3	7
2807	#FFFFFF	#D3D3D3	7
2808	#FFFFFF	#D3D3D3	7
2809	#FFFFFF	#D3D3D3	7
2810	#FFFFFF	#D3D3D3	7
2811	#FFFFFF	#D3D3D3	7
2812	#FFFFFF	#D3D3D3	15
2813	#FFFFFF	#D3D3D3	7
2814	#FFFFFF	#D3D3D3	15
2815	#FFFFFF	#D3D3D3	7
2816	#FFFFFF	#D3D3D3	7
2817	#FFFFFF	#D3D3D3	7
2818	#FFFFFF	#D3D3D3	7
2819	#FFFFFF	#D3D3D3	209
2820	#FFFFFF	#D3D3D3	7
2821	#FFFFFF	#D3D3D3	7
2822	#FFFFFF	#D3D3D3	7
2824	#FFFFFF	#D3D3D3	7
2825	#FFFFFF	#D3D3D3	7
2826	#FFFFFF	#D3D3D3	7
2827	#FFFFFF	#D3D3D3	7
2828	#FFFFFF	#D3D3D3	7
2829	#FFFFFF	#D3D3D3	51
2830	#FFFFFF	#D3D3D3	50
2831	#FFFFFF	#D3D3D3	50
2832	#FFFFFF	#D3D3D3	7
2833	#FFFFFF	#D3D3D3	7
2834	#FFFFFF	#D3D3D3	7
2835	#FFFFFF	#D3D3D3	7
2836	#FFFFFF	#D3D3D3	7
2837	#FFFFFF	#D3D3D3	7
2838	#FFFFFF	#D3D3D3	242
2839	#FFFFFF	#D3D3D3	7
2840	#FFFFFF	#D3D3D3	7
2841	#FFFFFF	#D3D3D3	7
2842	#FFFFFF	#D3D3D3	50
2843	#FFFFFF	#D3D3D3	15
2844	#FFFFFF	#D3D3D3	15
2845	#FFFFFF	#D3D3D3	15
2846	#FFFFFF	#D3D3D3	15
2847	#FFFFFF	#D3D3D3	15
2848	#FFFFFF	#D3D3D3	15
2849	#FFFFFF	#D3D3D3	15
2850	#FFFFFF	#D3D3D3	15
2851	#FFFFFF	#D3D3D3	15
2852	#FFFFFF	#D3D3D3	15
2853	#FFFFFF	#D3D3D3	50
2854	#FFFFFF	#D3D3D3	15
2855	#FFFFFF	#D3D3D3	15
2856	#FFFFFF	#D3D3D3	7
2857	#FFFFFF	#D3D3D3	7
2858	#FFFFFF	#D3D3D3	7
2859	#FFFFFF	#D3D3D3	7
2860	#FFFFFF	#D3D3D3	7
2861	#FFFFFF	#D3D3D3	7
2862	#FFFFFF	#D3D3D3	15
2863	#FFFFFF	#D3D3D3	7
2864	#FFFFFF	#D3D3D3	7
2865	#FFFFFF	#D3D3D3	7
2866	#FFFFFF	#D3D3D3	7
2867	#FFFFFF	#D3D3D3	7
2868	#FFFFFF	#D3D3D3	7
2869	#FFFFFF	#D3D3D3	209
2870	#FFFFFF	#D3D3D3	209
2871	#FFFFFF	#D3D3D3	7
2872	#FFFFFF	#D3D3D3	7
2874	#FFFFFF	#D3D3D3	7
2875	#FFFFFF	#D3D3D3	7
2876	#FFFFFF	#D3D3D3	7
2877	#FFFFFF	#D3D3D3	7
2878	#FFFFFF	#D3D3D3	7
2880	#FFFFFF	#D3D3D3	51
2881	#FFFFFF	#D3D3D3	50
2882	#FFFFFF	#D3D3D3	7
2883	#FFFFFF	#D3D3D3	7
2884	#FFFFFF	#D3D3D3	7
2885	#FFFFFF	#D3D3D3	7
2886	#FFFFFF	#D3D3D3	7
2887	#FFFFFF	#D3D3D3	7
2888	#FFFFFF	#D3D3D3	242
2889	#FFFFFF	#D3D3D3	7
2890	#FFFFFF	#D3D3D3	7
2891	#FFFFFF	#D3D3D3	7
2892	#FFFFFF	#D3D3D3	50
2893	#FFFFFF	#D3D3D3	15
2894	#FFFFFF	#D3D3D3	7
2895	#FFFFFF	#D3D3D3	15
2896	#FFFFFF	#D3D3D3	15
2897	#FFFFFF	#D3D3D3	15
2898	#FFFFFF	#D3D3D3	15
2899	#FFFFFF	#D3D3D3	15
2900	#FFFFFF	#D3D3D3	15
2901	#FFFFFF	#D3D3D3	15
2902	#FFFFFF	#D3D3D3	15
2903	#FFFFFF	#D3D3D3	50
2904	#FFFFFF	#D3D3D3	15
2905	#FFFFFF	#D3D3D3	15
2906	#FFFFFF	#D3D3D3	15
2907	#FFFFFF	#D3D3D3	7
2908	#FFFFFF	#D3D3D3	7
2909	#FFFFFF	#D3D3D3	7
2910	#FFFFFF	#D3D3D3	7
2911	#FFFFFF	#D3D3D3	7
2912	#FFFFFF	#D3D3D3	15
2913	#FFFFFF	#D3D3D3	7
2914	#FFFFFF	#D3D3D3	50
2915	#FFFFFF	#D3D3D3	7
2916	#FFFFFF	#D3D3D3	7
2917	#FFFFFF	#D3D3D3	7
2918	#FFFFFF	#D3D3D3	7
2919	#FFFFFF	#D3D3D3	7
2920	#FFFFFF	#D3D3D3	209
2921	#FFFFFF	#D3D3D3	7
2922	#FFFFFF	#D3D3D3	7
2925	#FFFFFF	#D3D3D3	7
2926	#FFFFFF	#D3D3D3	7
2927	#FFFFFF	#D3D3D3	7
2928	#FFFFFF	#D3D3D3	7
2929	#FFFFFF	#D3D3D3	7
2930	#FFFFFF	#D3D3D3	51
2931	#FFFFFF	#D3D3D3	51
2932	#FFFFFF	#D3D3D3	50
2933	#FFFFFF	#D3D3D3	7
2934	#FFFFFF	#D3D3D3	7
2935	#FFFFFF	#D3D3D3	7
2936	#FFFFFF	#D3D3D3	7
2937	#FFFFFF	#D3D3D3	7
2938	#FFFFFF	#D3D3D3	242
2939	#FFFFFF	#D3D3D3	7
2940	#FFFFFF	#D3D3D3	7
2941	#FFFFFF	#D3D3D3	7
2942	#FFFFFF	#D3D3D3	15
2943	#FFFFFF	#D3D3D3	383
2944	#FFFFFF	#D3D3D3	7
2945	#FFFFFF	#D3D3D3	7
2946	#FFFFFF	#D3D3D3	15
2947	#FFFFFF	#D3D3D3	15
2948	#FFFFFF	#D3D3D3	15
2949	#FFFFFF	#D3D3D3	15
2950	#FFFFFF	#D3D3D3	15
2951	#FFFFFF	#D3D3D3	15
2952	#FFFFFF	#D3D3D3	15
2953	#FFFFFF	#D3D3D3	15
2954	#FFFFFF	#D3D3D3	383
2955	#FFFFFF	#D3D3D3	15
2956	#FFFFFF	#D3D3D3	15
2957	#FFFFFF	#D3D3D3	15
2958	#FFFFFF	#D3D3D3	7
2959	#FFFFFF	#D3D3D3	7
2960	#FFFFFF	#D3D3D3	7
2961	#FFFFFF	#D3D3D3	7
2962	#FFFFFF	#D3D3D3	15
2963	#FFFFFF	#D3D3D3	15
2964	#FFFFFF	#D3D3D3	7
2965	#FFFFFF	#D3D3D3	7
2966	#FFFFFF	#D3D3D3	7
2967	#FFFFFF	#D3D3D3	7
2968	#FFFFFF	#D3D3D3	7
2969	#FFFFFF	#D3D3D3	7
2970	#FFFFFF	#D3D3D3	209
2971	#FFFFFF	#D3D3D3	7
2972	#FFFFFF	#D3D3D3	7
2975	#FFFFFF	#D3D3D3	7
2976	#FFFFFF	#D3D3D3	7
2977	#FFFFFF	#D3D3D3	7
2978	#FFFFFF	#D3D3D3	7
2979	#FFFFFF	#D3D3D3	7
2981	#FFFFFF	#D3D3D3	51
2982	#FFFFFF	#D3D3D3	50
2983	#FFFFFF	#D3D3D3	7
2984	#FFFFFF	#D3D3D3	7
2985	#FFFFFF	#D3D3D3	7
2986	#FFFFFF	#D3D3D3	7
2987	#FFFFFF	#D3D3D3	7
2988	#FFFFFF	#D3D3D3	242
2989	#FFFFFF	#D3D3D3	7
2990	#FFFFFF	#D3D3D3	7
2991	#FFFFFF	#D3D3D3	7
2992	#FFFFFF	#D3D3D3	7
2993	#FFFFFF	#D3D3D3	50
2994	#FFFFFF	#D3D3D3	7
2995	#FFFFFF	#D3D3D3	7
2996	#FFFFFF	#D3D3D3	15
2997	#FFFFFF	#D3D3D3	15
2998	#FFFFFF	#D3D3D3	15
2999	#FFFFFF	#D3D3D3	15
3000	#FFFFFF	#D3D3D3	15
3001	#FFFFFF	#D3D3D3	15
3002	#FFFFFF	#D3D3D3	15
3003	#FFFFFF	#D3D3D3	15
3004	#FFFFFF	#D3D3D3	383
3005	#FFFFFF	#D3D3D3	15
3006	#FFFFFF	#D3D3D3	15
3007	#FFFFFF	#D3D3D3	7
3008	#FFFFFF	#D3D3D3	7
3009	#FFFFFF	#D3D3D3	7
3010	#FFFFFF	#D3D3D3	7
3011	#FFFFFF	#D3D3D3	15
3012	#FFFFFF	#D3D3D3	15
3013	#FFFFFF	#D3D3D3	15
3014	#FFFFFF	#D3D3D3	7
3015	#FFFFFF	#D3D3D3	7
3016	#FFFFFF	#D3D3D3	7
3017	#FFFFFF	#D3D3D3	7
3018	#FFFFFF	#D3D3D3	7
3019	#FFFFFF	#D3D3D3	7
3020	#FFFFFF	#D3D3D3	7
3021	#FFFFFF	#D3D3D3	7
3022	#FFFFFF	#D3D3D3	7
3026	#FFFFFF	#D3D3D3	7
3027	#FFFFFF	#D3D3D3	50
3028	#FFFFFF	#D3D3D3	7
3029	#FFFFFF	#D3D3D3	7
3030	#FFFFFF	#D3D3D3	7
3031	#FFFFFF	#D3D3D3	51
3032	#FFFFFF	#D3D3D3	51
3033	#FFFFFF	#D3D3D3	50
3034	#FFFFFF	#D3D3D3	7
3035	#FFFFFF	#D3D3D3	7
3036	#FFFFFF	#D3D3D3	7
3037	#FFFFFF	#D3D3D3	7
3038	#FFFFFF	#D3D3D3	242
3039	#FFFFFF	#D3D3D3	242
3040	#FFFFFF	#D3D3D3	242
3041	#FFFFFF	#D3D3D3	7
3042	#FFFFFF	#D3D3D3	7
3043	#FFFFFF	#D3D3D3	7
3044	#FFFFFF	#D3D3D3	383
3045	#FFFFFF	#D3D3D3	7
3046	#FFFFFF	#D3D3D3	15
3047	#FFFFFF	#D3D3D3	15
3048	#FFFFFF	#D3D3D3	15
3049	#FFFFFF	#D3D3D3	15
3050	#FFFFFF	#D3D3D3	15
3051	#FFFFFF	#D3D3D3	15
3052	#FFFFFF	#D3D3D3	15
3053	#FFFFFF	#D3D3D3	15
3054	#FFFFFF	#D3D3D3	15
3055	#FFFFFF	#D3D3D3	383
3056	#FFFFFF	#D3D3D3	15
3057	#FFFFFF	#D3D3D3	15
3058	#FFFFFF	#D3D3D3	7
3059	#FFFFFF	#D3D3D3	7
3060	#FFFFFF	#D3D3D3	7
3061	#FFFFFF	#D3D3D3	7
3062	#FFFFFF	#D3D3D3	15
3063	#FFFFFF	#D3D3D3	15
3064	#FFFFFF	#D3D3D3	15
3065	#FFFFFF	#D3D3D3	15
3066	#FFFFFF	#D3D3D3	383
3067	#FFFFFF	#D3D3D3	7
3068	#FFFFFF	#D3D3D3	382
3069	#FFFFFF	#D3D3D3	7
3070	#FFFFFF	#D3D3D3	7
3071	#FFFFFF	#D3D3D3	7
3072	#FFFFFF	#D3D3D3	7
3076	#FFFFFF	#D3D3D3	7
3077	#FFFFFF	#D3D3D3	50
3078	#FFFFFF	#D3D3D3	7
3079	#FFFFFF	#D3D3D3	7
3080	#FFFFFF	#D3D3D3	7
3082	#FFFFFF	#D3D3D3	51
3083	#FFFFFF	#D3D3D3	50
3084	#FFFFFF	#D3D3D3	7
3085	#FFFFFF	#D3D3D3	7
3086	#FFFFFF	#D3D3D3	7
3087	#FFFFFF	#D3D3D3	7
3088	#FFFFFF	#D3D3D3	7
3089	#FFFFFF	#D3D3D3	242
3090	#FFFFFF	#D3D3D3	242
3091	#FFFFFF	#D3D3D3	7
3092	#FFFFFF	#D3D3D3	7
3093	#FFFFFF	#D3D3D3	7
3094	#FFFFFF	#D3D3D3	50
3095	#FFFFFF	#D3D3D3	7
3096	#FFFFFF	#D3D3D3	7
3097	#FFFFFF	#D3D3D3	7
3098	#FFFFFF	#D3D3D3	15
3099	#FFFFFF	#D3D3D3	15
3100	#FFFFFF	#D3D3D3	15
3101	#FFFFFF	#D3D3D3	15
3102	#FFFFFF	#D3D3D3	15
3103	#FFFFFF	#D3D3D3	15
3104	#FFFFFF	#D3D3D3	15
3105	#FFFFFF	#D3D3D3	383
3106	#FFFFFF	#D3D3D3	15
3107	#FFFFFF	#D3D3D3	15
3108	#FFFFFF	#D3D3D3	7
3109	#FFFFFF	#D3D3D3	7
3110	#FFFFFF	#D3D3D3	7
3111	#FFFFFF	#D3D3D3	15
3112	#FFFFFF	#D3D3D3	7
3113	#FFFFFF	#D3D3D3	7
3114	#FFFFFF	#D3D3D3	15
3115	#FFFFFF	#D3D3D3	15
3116	#FFFFFF	#D3D3D3	383
3117	#FFFFFF	#D3D3D3	7
3118	#FFFFFF	#D3D3D3	382
3119	#FFFFFF	#D3D3D3	7
3120	#FFFFFF	#D3D3D3	7
3121	#FFFFFF	#D3D3D3	7
3122	#FFFFFF	#D3D3D3	7
3127	#FFFFFF	#D3D3D3	7
3128	#FFFFFF	#D3D3D3	50
3129	#FFFFFF	#D3D3D3	7
3130	#FFFFFF	#D3D3D3	7
3131	#FFFFFF	#D3D3D3	50
3132	#FFFFFF	#D3D3D3	51
3133	#FFFFFF	#D3D3D3	51
3134	#FFFFFF	#D3D3D3	51
3135	#FFFFFF	#D3D3D3	7
3136	#FFFFFF	#D3D3D3	7
3137	#FFFFFF	#D3D3D3	7
3138	#FFFFFF	#D3D3D3	7
3139	#FFFFFF	#D3D3D3	7
3140	#FFFFFF	#D3D3D3	7
3141	#FFFFFF	#D3D3D3	7
3142	#FFFFFF	#D3D3D3	7
3143	#FFFFFF	#D3D3D3	7
3144	#FFFFFF	#D3D3D3	7
3145	#FFFFFF	#D3D3D3	50
3146	#FFFFFF	#D3D3D3	7
3147	#FFFFFF	#D3D3D3	7
3148	#FFFFFF	#D3D3D3	15
3149	#FFFFFF	#D3D3D3	15
3150	#FFFFFF	#D3D3D3	15
3151	#FFFFFF	#D3D3D3	15
3152	#FFFFFF	#D3D3D3	15
3153	#FFFFFF	#D3D3D3	15
3154	#FFFFFF	#D3D3D3	15
3155	#FFFFFF	#D3D3D3	15
3156	#FFFFFF	#D3D3D3	383
3157	#FFFFFF	#D3D3D3	15
3158	#FFFFFF	#D3D3D3	15
3159	#FFFFFF	#D3D3D3	7
3160	#FFFFFF	#D3D3D3	321
3161	#FFFFFF	#D3D3D3	15
3162	#FFFFFF	#D3D3D3	15
3163	#FFFFFF	#D3D3D3	7
3164	#FFFFFF	#D3D3D3	15
3165	#FFFFFF	#D3D3D3	216
3166	#FFFFFF	#D3D3D3	15
3167	#FFFFFF	#D3D3D3	383
3168	#FFFFFF	#D3D3D3	382
3169	#FFFFFF	#D3D3D3	382
3170	#FFFFFF	#D3D3D3	7
3171	#FFFFFF	#D3D3D3	7
3172	#FFFFFF	#D3D3D3	7
3177	#FFFFFF	#D3D3D3	383
3178	#FFFFFF	#D3D3D3	50
3179	#FFFFFF	#D3D3D3	7
3180	#FFFFFF	#D3D3D3	50
3181	#FFFFFF	#D3D3D3	7
3183	#FFFFFF	#D3D3D3	51
3184	#FFFFFF	#D3D3D3	51
3185	#FFFFFF	#D3D3D3	7
3186	#FFFFFF	#D3D3D3	7
3187	#FFFFFF	#D3D3D3	7
3188	#FFFFFF	#D3D3D3	7
3189	#FFFFFF	#D3D3D3	7
3190	#FFFFFF	#D3D3D3	7
3191	#FFFFFF	#D3D3D3	7
3192	#FFFFFF	#D3D3D3	7
3193	#FFFFFF	#D3D3D3	7
3194	#FFFFFF	#D3D3D3	7
3195	#FFFFFF	#D3D3D3	50
3196	#FFFFFF	#D3D3D3	7
3197	#FFFFFF	#D3D3D3	7
3198	#FFFFFF	#D3D3D3	15
3199	#FFFFFF	#D3D3D3	15
3200	#FFFFFF	#D3D3D3	15
3201	#FFFFFF	#D3D3D3	15
3202	#FFFFFF	#D3D3D3	15
3203	#FFFFFF	#D3D3D3	15
3204	#FFFFFF	#D3D3D3	15
3205	#FFFFFF	#D3D3D3	15
3206	#FFFFFF	#D3D3D3	383
3207	#FFFFFF	#D3D3D3	15
3208	#FFFFFF	#D3D3D3	7
3209	#FFFFFF	#D3D3D3	7
3210	#FFFFFF	#D3D3D3	15
3211	#FFFFFF	#D3D3D3	15
3212	#FFFFFF	#D3D3D3	15
3213	#FFFFFF	#D3D3D3	15
3214	#FFFFFF	#D3D3D3	15
3215	#FFFFFF	#D3D3D3	216
3216	#FFFFFF	#D3D3D3	216
3217	#FFFFFF	#D3D3D3	383
3218	#FFFFFF	#D3D3D3	7
3219	#FFFFFF	#D3D3D3	382
3220	#FFFFFF	#D3D3D3	382
3221	#FFFFFF	#D3D3D3	7
3222	#FFFFFF	#D3D3D3	7
3228	#FFFFFF	#D3D3D3	383
3229	#FFFFFF	#D3D3D3	50
3230	#FFFFFF	#D3D3D3	50
3231	#FFFFFF	#D3D3D3	50
3232	#FFFFFF	#D3D3D3	7
3233	#FFFFFF	#D3D3D3	50
3234	#FFFFFF	#D3D3D3	51
3235	#FFFFFF	#D3D3D3	51
3236	#FFFFFF	#D3D3D3	7
3237	#FFFFFF	#D3D3D3	7
3238	#FFFFFF	#D3D3D3	7
3239	#FFFFFF	#D3D3D3	7
3240	#FFFFFF	#D3D3D3	7
3241	#FFFFFF	#D3D3D3	7
3242	#FFFFFF	#D3D3D3	7
3243	#FFFFFF	#D3D3D3	7
3244	#FFFFFF	#D3D3D3	7
3245	#FFFFFF	#D3D3D3	7
3246	#FFFFFF	#D3D3D3	50
3247	#FFFFFF	#D3D3D3	7
3248	#FFFFFF	#D3D3D3	7
3249	#FFFFFF	#D3D3D3	15
3250	#FFFFFF	#D3D3D3	15
3251	#FFFFFF	#D3D3D3	15
3252	#FFFFFF	#D3D3D3	15
3253	#FFFFFF	#D3D3D3	15
3254	#FFFFFF	#D3D3D3	15
3255	#FFFFFF	#D3D3D3	15
3256	#FFFFFF	#D3D3D3	15
3257	#FFFFFF	#D3D3D3	383
3258	#FFFFFF	#D3D3D3	15
3259	#FFFFFF	#D3D3D3	7
3260	#FFFFFF	#D3D3D3	15
3261	#FFFFFF	#D3D3D3	15
3262	#FFFFFF	#D3D3D3	15
3263	#FFFFFF	#D3D3D3	15
3264	#FFFFFF	#D3D3D3	15
3265	#FFFFFF	#D3D3D3	216
3266	#FFFFFF	#D3D3D3	216
3267	#FFFFFF	#D3D3D3	117
3268	#FFFFFF	#D3D3D3	383
3269	#FFFFFF	#D3D3D3	7
3270	#FFFFFF	#D3D3D3	7
3271	#FFFFFF	#D3D3D3	7
3272	#FFFFFF	#D3D3D3	7
3278	#FFFFFF	#D3D3D3	383
3279	#FFFFFF	#D3D3D3	50
3280	#FFFFFF	#D3D3D3	50
3281	#FFFFFF	#D3D3D3	7
3282	#FFFFFF	#D3D3D3	50
3284	#FFFFFF	#D3D3D3	50
3285	#FFFFFF	#D3D3D3	51
3286	#FFFFFF	#D3D3D3	50
3287	#FFFFFF	#D3D3D3	7
3288	#FFFFFF	#D3D3D3	7
3289	#FFFFFF	#D3D3D3	50
3290	#FFFFFF	#D3D3D3	50
3291	#FFFFFF	#D3D3D3	7
3292	#FFFFFF	#D3D3D3	7
3293	#FFFFFF	#D3D3D3	7
3294	#FFFFFF	#D3D3D3	7
3295	#FFFFFF	#D3D3D3	7
3296	#FFFFFF	#D3D3D3	50
3297	#FFFFFF	#D3D3D3	7
3298	#FFFFFF	#D3D3D3	7
3299	#FFFFFF	#D3D3D3	7
3300	#FFFFFF	#D3D3D3	15
3301	#FFFFFF	#D3D3D3	7
3302	#FFFFFF	#D3D3D3	15
3303	#FFFFFF	#D3D3D3	15
3304	#FFFFFF	#D3D3D3	267
3305	#FFFFFF	#D3D3D3	15
3306	#FFFFFF	#D3D3D3	15
3307	#FFFFFF	#D3D3D3	383
3308	#FFFFFF	#D3D3D3	15
3309	#FFFFFF	#D3D3D3	15
3310	#FFFFFF	#D3D3D3	7
3311	#FFFFFF	#D3D3D3	7
3312	#FFFFFF	#D3D3D3	7
3313	#FFFFFF	#D3D3D3	15
3314	#FFFFFF	#D3D3D3	15
3315	#FFFFFF	#D3D3D3	15
3316	#FFFFFF	#D3D3D3	216
3317	#FFFFFF	#D3D3D3	117
3318	#FFFFFF	#D3D3D3	383
3319	#FFFFFF	#D3D3D3	7
3320	#FFFFFF	#D3D3D3	7
3321	#FFFFFF	#D3D3D3	7
3322	#FFFFFF	#D3D3D3	7
3329	#FFFFFF	#D3D3D3	383
3330	#FFFFFF	#D3D3D3	383
3331	#FFFFFF	#D3D3D3	50
3332	#FFFFFF	#D3D3D3	50
3333	#FFFFFF	#D3D3D3	50
3334	#FFFFFF	#D3D3D3	50
3335	#FFFFFF	#D3D3D3	50
3336	#FFFFFF	#D3D3D3	50
3337	#FFFFFF	#D3D3D3	7
3338	#FFFFFF	#D3D3D3	7
3339	#FFFFFF	#D3D3D3	7
3340	#FFFFFF	#D3D3D3	50
3341	#FFFFFF	#D3D3D3	50
3342	#FFFFFF	#D3D3D3	7
3343	#FFFFFF	#D3D3D3	7
3344	#FFFFFF	#D3D3D3	7
3345	#FFFFFF	#D3D3D3	7
3346	#FFFFFF	#D3D3D3	7
3347	#FFFFFF	#D3D3D3	50
3348	#FFFFFF	#D3D3D3	7
3349	#FFFFFF	#D3D3D3	7
3350	#FFFFFF	#D3D3D3	7
3351	#FFFFFF	#D3D3D3	7
3352	#FFFFFF	#D3D3D3	7
3353	#FFFFFF	#D3D3D3	15
3354	#FFFFFF	#D3D3D3	267
3355	#FFFFFF	#D3D3D3	267
3356	#FFFFFF	#D3D3D3	15
3357	#FFFFFF	#D3D3D3	15
3358	#FFFFFF	#D3D3D3	383
3359	#FFFFFF	#D3D3D3	15
3360	#FFFFFF	#D3D3D3	7
3361	#FFFFFF	#D3D3D3	7
3362	#FFFFFF	#D3D3D3	7
3363	#FFFFFF	#D3D3D3	7
3364	#FFFFFF	#D3D3D3	15
3365	#FFFFFF	#D3D3D3	15
3366	#FFFFFF	#D3D3D3	15
3367	#FFFFFF	#D3D3D3	216
3368	#FFFFFF	#D3D3D3	117
3369	#FFFFFF	#D3D3D3	383
3370	#FFFFFF	#D3D3D3	7
3371	#FFFFFF	#D3D3D3	117
3372	#FFFFFF	#D3D3D3	7
3379	#FFFFFF	#D3D3D3	383
3380	#FFFFFF	#D3D3D3	50
3381	#FFFFFF	#D3D3D3	50
3382	#FFFFFF	#D3D3D3	50
3383	#FFFFFF	#D3D3D3	50
3385	#FFFFFF	#D3D3D3	31
3386	#FFFFFF	#D3D3D3	261
3387	#FFFFFF	#D3D3D3	171
3388	#FFFFFF	#D3D3D3	171
3389	#FFFFFF	#D3D3D3	171
3390	#FFFFFF	#D3D3D3	171
3391	#FFFFFF	#D3D3D3	171
3392	#FFFFFF	#D3D3D3	171
3393	#FFFFFF	#D3D3D3	171
3394	#FFFFFF	#D3D3D3	171
3395	#FFFFFF	#D3D3D3	7
3396	#FFFFFF	#D3D3D3	171
3397	#FFFFFF	#D3D3D3	261
3398	#FFFFFF	#D3D3D3	171
3399	#FFFFFF	#D3D3D3	171
3400	#FFFFFF	#D3D3D3	171
3401	#FFFFFF	#D3D3D3	7
3402	#FFFFFF	#D3D3D3	7
3403	#FFFFFF	#D3D3D3	7
3404	#FFFFFF	#D3D3D3	7
3405	#FFFFFF	#D3D3D3	7
3406	#FFFFFF	#D3D3D3	7
3407	#FFFFFF	#D3D3D3	7
3408	#FFFFFF	#D3D3D3	261
3409	#FFFFFF	#D3D3D3	7
3410	#FFFFFF	#D3D3D3	7
3411	#FFFFFF	#D3D3D3	7
3412	#FFFFFF	#D3D3D3	7
3413	#FFFFFF	#D3D3D3	7
3414	#FFFFFF	#D3D3D3	7
3415	#FFFFFF	#D3D3D3	7
3416	#FFFFFF	#D3D3D3	26
3417	#FFFFFF	#D3D3D3	26
3418	#FFFFFF	#D3D3D3	26
3419	#FFFFFF	#D3D3D3	31
3420	#FFFFFF	#D3D3D3	26
3421	#FFFFFF	#D3D3D3	26
3422	#FFFFFF	#D3D3D3	26
3423	#FFFFFF	#D3D3D3	26
3424	#FFFFFF	#D3D3D3	7
3425	#FFFFFF	#D3D3D3	7
3426	#FFFFFF	#D3D3D3	7
3427	#FFFFFF	#D3D3D3	26
3428	#FFFFFF	#D3D3D3	26
3430	#FFFFFF	#D3D3D3	7
3431	#FFFFFF	#D3D3D3	7
3432	#FFFFFF	#D3D3D3	7
3433	#FFFFFF	#D3D3D3	7
3434	#FFFFFF	#D3D3D3	7
3435	#FFFFFF	#D3D3D3	31
3436	#FFFFFF	#D3D3D3	31
3437	#FFFFFF	#D3D3D3	261
3438	#FFFFFF	#D3D3D3	7
3439	#FFFFFF	#D3D3D3	171
3440	#FFFFFF	#D3D3D3	7
3441	#FFFFFF	#D3D3D3	7
3442	#FFFFFF	#D3D3D3	171
3443	#FFFFFF	#D3D3D3	171
3444	#FFFFFF	#D3D3D3	171
3445	#FFFFFF	#D3D3D3	7
3446	#FFFFFF	#D3D3D3	7
3447	#FFFFFF	#D3D3D3	171
3448	#FFFFFF	#D3D3D3	261
3449	#FFFFFF	#D3D3D3	7
3450	#FFFFFF	#D3D3D3	171
3451	#FFFFFF	#D3D3D3	7
3452	#FFFFFF	#D3D3D3	7
3453	#FFFFFF	#D3D3D3	7
3454	#FFFFFF	#D3D3D3	7
3455	#FFFFFF	#D3D3D3	7
3456	#FFFFFF	#D3D3D3	7
3457	#FFFFFF	#D3D3D3	7
3458	#FFFFFF	#D3D3D3	7
3459	#FFFFFF	#D3D3D3	261
3460	#FFFFFF	#D3D3D3	7
3461	#FFFFFF	#D3D3D3	7
3462	#FFFFFF	#D3D3D3	7
3463	#FFFFFF	#D3D3D3	7
3464	#FFFFFF	#D3D3D3	7
3465	#FFFFFF	#D3D3D3	7
3466	#FFFFFF	#D3D3D3	26
3467	#FFFFFF	#D3D3D3	26
3468	#FFFFFF	#D3D3D3	26
3469	#FFFFFF	#D3D3D3	26
3470	#FFFFFF	#D3D3D3	31
3471	#FFFFFF	#D3D3D3	26
3472	#FFFFFF	#D3D3D3	26
3473	#FFFFFF	#D3D3D3	26
3474	#FFFFFF	#D3D3D3	7
3475	#FFFFFF	#D3D3D3	26
3476	#FFFFFF	#D3D3D3	7
3477	#FFFFFF	#D3D3D3	26
3478	#FFFFFF	#D3D3D3	26
3479	#FFFFFF	#D3D3D3	26
3480	#FFFFFF	#D3D3D3	31
3481	#FFFFFF	#D3D3D3	31
3482	#FFFFFF	#D3D3D3	7
3483	#FFFFFF	#D3D3D3	31
3484	#FFFFFF	#D3D3D3	7
3486	#FFFFFF	#D3D3D3	50
3487	#FFFFFF	#D3D3D3	50
3488	#FFFFFF	#D3D3D3	50
3489	#FFFFFF	#D3D3D3	7
3490	#FFFFFF	#D3D3D3	50
3491	#FFFFFF	#D3D3D3	7
3492	#FFFFFF	#D3D3D3	50
3493	#FFFFFF	#D3D3D3	7
3494	#FFFFFF	#D3D3D3	7
3495	#FFFFFF	#D3D3D3	7
3496	#FFFFFF	#D3D3D3	7
3497	#FFFFFF	#D3D3D3	50
3498	#FFFFFF	#D3D3D3	50
3499	#FFFFFF	#D3D3D3	7
3500	#FFFFFF	#D3D3D3	7
3501	#FFFFFF	#D3D3D3	50
3502	#FFFFFF	#D3D3D3	7
3503	#FFFFFF	#D3D3D3	7
3504	#FFFFFF	#D3D3D3	15
3505	#FFFFFF	#D3D3D3	267
3506	#FFFFFF	#D3D3D3	15
3507	#FFFFFF	#D3D3D3	15
3508	#FFFFFF	#D3D3D3	15
3509	#FFFFFF	#D3D3D3	50
3510	#FFFFFF	#D3D3D3	15
3511	#FFFFFF	#D3D3D3	15
3512	#FFFFFF	#D3D3D3	15
3513	#FFFFFF	#D3D3D3	7
3514	#FFFFFF	#D3D3D3	7
3515	#FFFFFF	#D3D3D3	15
3516	#FFFFFF	#D3D3D3	15
3517	#FFFFFF	#D3D3D3	117
3518	#FFFFFF	#D3D3D3	216
3519	#FFFFFF	#D3D3D3	117
3520	#FFFFFF	#D3D3D3	50
3521	#FFFFFF	#D3D3D3	7
3522	#FFFFFF	#D3D3D3	117
3523	#FFFFFF	#D3D3D3	7
3531	#FFFFFF	#D3D3D3	383
3532	#FFFFFF	#D3D3D3	383
3533	#FFFFFF	#D3D3D3	50
3534	#FFFFFF	#D3D3D3	383
3535	#FFFFFF	#D3D3D3	196
3536	#FFFFFF	#D3D3D3	51
3537	#FFFFFF	#D3D3D3	51
3538	#FFFFFF	#D3D3D3	50
3539	#FFFFFF	#D3D3D3	50
3540	#FFFFFF	#D3D3D3	50
3541	#FFFFFF	#D3D3D3	50
3542	#FFFFFF	#D3D3D3	50
3543	#FFFFFF	#D3D3D3	50
3544	#FFFFFF	#D3D3D3	7
3545	#FFFFFF	#D3D3D3	50
3546	#FFFFFF	#D3D3D3	50
3547	#FFFFFF	#D3D3D3	50
3548	#FFFFFF	#D3D3D3	50
3549	#FFFFFF	#D3D3D3	50
3550	#FFFFFF	#D3D3D3	7
3551	#FFFFFF	#D3D3D3	50
3552	#FFFFFF	#D3D3D3	7
3553	#FFFFFF	#D3D3D3	15
3554	#FFFFFF	#D3D3D3	15
3555	#FFFFFF	#D3D3D3	267
3556	#FFFFFF	#D3D3D3	267
3557	#FFFFFF	#D3D3D3	15
3558	#FFFFFF	#D3D3D3	15
3559	#FFFFFF	#D3D3D3	15
3560	#FFFFFF	#D3D3D3	50
3561	#FFFFFF	#D3D3D3	15
3562	#FFFFFF	#D3D3D3	15
3563	#FFFFFF	#D3D3D3	7
3564	#FFFFFF	#D3D3D3	7
3565	#FFFFFF	#D3D3D3	15
3566	#FFFFFF	#D3D3D3	15
3567	#FFFFFF	#D3D3D3	440
3568	#FFFFFF	#D3D3D3	117
3569	#FFFFFF	#D3D3D3	117
3570	#FFFFFF	#D3D3D3	7
3571	#FFFFFF	#D3D3D3	50
3572	#FFFFFF	#D3D3D3	117
3573	#FFFFFF	#D3D3D3	7
3581	#FFFFFF	#D3D3D3	383
3582	#FFFFFF	#D3D3D3	50
3583	#FFFFFF	#D3D3D3	383
3584	#FFFFFF	#D3D3D3	50
3585	#FFFFFF	#D3D3D3	196
3587	#FFFFFF	#D3D3D3	51
3588	#FFFFFF	#D3D3D3	51
3589	#FFFFFF	#D3D3D3	196
3590	#FFFFFF	#D3D3D3	50
3591	#FFFFFF	#D3D3D3	50
3592	#FFFFFF	#D3D3D3	50
3593	#FFFFFF	#D3D3D3	50
3594	#FFFFFF	#D3D3D3	7
3595	#FFFFFF	#D3D3D3	50
3596	#FFFFFF	#D3D3D3	50
3597	#FFFFFF	#D3D3D3	50
3598	#FFFFFF	#D3D3D3	50
3599	#FFFFFF	#D3D3D3	50
3600	#FFFFFF	#D3D3D3	50
3601	#FFFFFF	#D3D3D3	50
3602	#FFFFFF	#D3D3D3	7
3603	#FFFFFF	#D3D3D3	7
3604	#FFFFFF	#D3D3D3	15
3605	#FFFFFF	#D3D3D3	267
3606	#FFFFFF	#D3D3D3	267
3607	#FFFFFF	#D3D3D3	267
3608	#FFFFFF	#D3D3D3	15
3609	#FFFFFF	#D3D3D3	15
3610	#FFFFFF	#D3D3D3	50
3611	#FFFFFF	#D3D3D3	15
3612	#FFFFFF	#D3D3D3	15
3613	#FFFFFF	#D3D3D3	7
3614	#FFFFFF	#D3D3D3	7
3615	#FFFFFF	#D3D3D3	7
3616	#FFFFFF	#D3D3D3	15
3617	#FFFFFF	#D3D3D3	15
3618	#FFFFFF	#D3D3D3	15
3619	#FFFFFF	#D3D3D3	117
3620	#FFFFFF	#D3D3D3	117
3621	#FFFFFF	#D3D3D3	50
3622	#FFFFFF	#D3D3D3	117
3623	#FFFFFF	#D3D3D3	117
3632	#FFFFFF	#D3D3D3	50
3633	#FFFFFF	#D3D3D3	383
3634	#FFFFFF	#D3D3D3	383
3635	#FFFFFF	#D3D3D3	383
3636	#FFFFFF	#D3D3D3	50
3637	#FFFFFF	#D3D3D3	51
3638	#FFFFFF	#D3D3D3	51
3639	#FFFFFF	#D3D3D3	51
3640	#FFFFFF	#D3D3D3	50
3641	#FFFFFF	#D3D3D3	50
3642	#FFFFFF	#D3D3D3	50
3643	#FFFFFF	#D3D3D3	7
3644	#FFFFFF	#D3D3D3	7
3645	#FFFFFF	#D3D3D3	7
3646	#FFFFFF	#D3D3D3	50
3647	#FFFFFF	#D3D3D3	50
3648	#FFFFFF	#D3D3D3	50
3649	#FFFFFF	#D3D3D3	50
3650	#FFFFFF	#D3D3D3	50
3651	#FFFFFF	#D3D3D3	50
3652	#FFFFFF	#D3D3D3	50
3653	#FFFFFF	#D3D3D3	7
3654	#FFFFFF	#D3D3D3	7
3655	#FFFFFF	#D3D3D3	15
3656	#FFFFFF	#D3D3D3	15
3657	#FFFFFF	#D3D3D3	267
3658	#FFFFFF	#D3D3D3	267
3659	#FFFFFF	#D3D3D3	15
3660	#FFFFFF	#D3D3D3	15
3661	#FFFFFF	#D3D3D3	50
3662	#FFFFFF	#D3D3D3	15
3663	#FFFFFF	#D3D3D3	15
3664	#FFFFFF	#D3D3D3	7
3665	#FFFFFF	#D3D3D3	7
3666	#FFFFFF	#D3D3D3	15
3667	#FFFFFF	#D3D3D3	15
3668	#FFFFFF	#D3D3D3	15
3669	#FFFFFF	#D3D3D3	15
3670	#FFFFFF	#D3D3D3	117
3671	#FFFFFF	#D3D3D3	117
3672	#FFFFFF	#D3D3D3	50
3673	#FFFFFF	#D3D3D3	117
3682	#FFFFFF	#D3D3D3	383
3683	#FFFFFF	#D3D3D3	383
3684	#FFFFFF	#D3D3D3	50
3685	#FFFFFF	#D3D3D3	50
3686	#FFFFFF	#D3D3D3	196
3688	#FFFFFF	#D3D3D3	51
3689	#FFFFFF	#D3D3D3	51
3690	#FFFFFF	#D3D3D3	196
3691	#FFFFFF	#D3D3D3	50
3692	#FFFFFF	#D3D3D3	50
3693	#FFFFFF	#D3D3D3	50
3694	#FFFFFF	#D3D3D3	7
3695	#FFFFFF	#D3D3D3	7
3696	#FFFFFF	#D3D3D3	7
3697	#FFFFFF	#D3D3D3	50
3698	#FFFFFF	#D3D3D3	50
3699	#FFFFFF	#D3D3D3	7
3700	#FFFFFF	#D3D3D3	51
3701	#FFFFFF	#D3D3D3	7
3702	#FFFFFF	#D3D3D3	7
3703	#FFFFFF	#D3D3D3	7
3704	#FFFFFF	#D3D3D3	7
3705	#FFFFFF	#D3D3D3	15
3706	#FFFFFF	#D3D3D3	15
3707	#FFFFFF	#D3D3D3	15
3708	#FFFFFF	#D3D3D3	267
3709	#FFFFFF	#D3D3D3	15
3710	#FFFFFF	#D3D3D3	15
3711	#FFFFFF	#D3D3D3	50
3712	#FFFFFF	#D3D3D3	15
3713	#FFFFFF	#D3D3D3	267
3714	#FFFFFF	#D3D3D3	15
3715	#FFFFFF	#D3D3D3	15
3716	#FFFFFF	#D3D3D3	15
3717	#FFFFFF	#D3D3D3	15
3718	#FFFFFF	#D3D3D3	15
3719	#FFFFFF	#D3D3D3	15
3720	#FFFFFF	#D3D3D3	15
3721	#FFFFFF	#D3D3D3	117
3722	#FFFFFF	#D3D3D3	50
3723	#FFFFFF	#D3D3D3	15
3733	#FFFFFF	#D3D3D3	50
3734	#FFFFFF	#D3D3D3	50
3735	#FFFFFF	#D3D3D3	50
3736	#FFFFFF	#D3D3D3	50
3737	#FFFFFF	#D3D3D3	50
3738	#FFFFFF	#D3D3D3	51
3739	#FFFFFF	#D3D3D3	51
3740	#FFFFFF	#D3D3D3	51
3741	#FFFFFF	#D3D3D3	196
3742	#FFFFFF	#D3D3D3	50
3743	#FFFFFF	#D3D3D3	50
3744	#FFFFFF	#D3D3D3	50
3745	#FFFFFF	#D3D3D3	7
3746	#FFFFFF	#D3D3D3	7
3747	#FFFFFF	#D3D3D3	50
3748	#FFFFFF	#D3D3D3	50
3749	#FFFFFF	#D3D3D3	7
3750	#FFFFFF	#D3D3D3	7
3751	#FFFFFF	#D3D3D3	51
3752	#FFFFFF	#D3D3D3	7
3753	#FFFFFF	#D3D3D3	7
3754	#FFFFFF	#D3D3D3	7
3755	#FFFFFF	#D3D3D3	7
3756	#FFFFFF	#D3D3D3	15
3757	#FFFFFF	#D3D3D3	15
3758	#FFFFFF	#D3D3D3	15
3759	#FFFFFF	#D3D3D3	267
3760	#FFFFFF	#D3D3D3	267
3761	#FFFFFF	#D3D3D3	15
3762	#FFFFFF	#D3D3D3	50
3763	#FFFFFF	#D3D3D3	267
3764	#FFFFFF	#D3D3D3	15
3765	#FFFFFF	#D3D3D3	15
3766	#FFFFFF	#D3D3D3	15
3767	#FFFFFF	#D3D3D3	15
3768	#FFFFFF	#D3D3D3	15
3769	#FFFFFF	#D3D3D3	15
3770	#FFFFFF	#D3D3D3	15
3771	#FFFFFF	#D3D3D3	117
3772	#FFFFFF	#D3D3D3	15
3773	#FFFFFF	#D3D3D3	50
3783	#FFFFFF	#D3D3D3	50
3784	#FFFFFF	#D3D3D3	50
3785	#FFFFFF	#D3D3D3	50
3786	#FFFFFF	#D3D3D3	196
3787	#FFFFFF	#D3D3D3	50
3789	#FFFFFF	#D3D3D3	51
3790	#FFFFFF	#D3D3D3	51
3791	#FFFFFF	#D3D3D3	196
3792	#FFFFFF	#D3D3D3	50
3793	#FFFFFF	#D3D3D3	50
3794	#FFFFFF	#D3D3D3	50
3795	#FFFFFF	#D3D3D3	50
3796	#FFFFFF	#D3D3D3	7
3797	#FFFFFF	#D3D3D3	50
3798	#FFFFFF	#D3D3D3	50
3799	#FFFFFF	#D3D3D3	50
3800	#FFFFFF	#D3D3D3	7
3801	#FFFFFF	#D3D3D3	51
3802	#FFFFFF	#D3D3D3	7
3803	#FFFFFF	#D3D3D3	7
3804	#FFFFFF	#D3D3D3	7
3805	#FFFFFF	#D3D3D3	7
3806	#FFFFFF	#D3D3D3	7
3807	#FFFFFF	#D3D3D3	15
3808	#FFFFFF	#D3D3D3	15
3809	#FFFFFF	#D3D3D3	267
3810	#FFFFFF	#D3D3D3	267
3811	#FFFFFF	#D3D3D3	267
3812	#FFFFFF	#D3D3D3	50
3813	#FFFFFF	#D3D3D3	267
3814	#FFFFFF	#D3D3D3	267
3815	#FFFFFF	#D3D3D3	15
3816	#FFFFFF	#D3D3D3	15
3817	#FFFFFF	#D3D3D3	15
3818	#FFFFFF	#D3D3D3	15
3819	#FFFFFF	#D3D3D3	15
3820	#FFFFFF	#D3D3D3	15
3821	#FFFFFF	#D3D3D3	15
3822	#FFFFFF	#D3D3D3	15
3823	#FFFFFF	#D3D3D3	50
3834	#FFFFFF	#D3D3D3	17
3835	#FFFFFF	#D3D3D3	50
3836	#FFFFFF	#D3D3D3	50
3837	#FFFFFF	#D3D3D3	196
3838	#FFFFFF	#D3D3D3	196
3839	#FFFFFF	#D3D3D3	51
3840	#FFFFFF	#D3D3D3	51
3841	#FFFFFF	#D3D3D3	51
3842	#FFFFFF	#D3D3D3	50
3843	#FFFFFF	#D3D3D3	358
3844	#FFFFFF	#D3D3D3	50
3845	#FFFFFF	#D3D3D3	50
3846	#FFFFFF	#D3D3D3	50
3847	#FFFFFF	#D3D3D3	50
3848	#FFFFFF	#D3D3D3	50
3849	#FFFFFF	#D3D3D3	50
3850	#FFFFFF	#D3D3D3	7
3851	#FFFFFF	#D3D3D3	7
3852	#FFFFFF	#D3D3D3	17
3853	#FFFFFF	#D3D3D3	7
3854	#FFFFFF	#D3D3D3	7
3855	#FFFFFF	#D3D3D3	7
3856	#FFFFFF	#D3D3D3	7
3857	#FFFFFF	#D3D3D3	15
3858	#FFFFFF	#D3D3D3	15
3859	#FFFFFF	#D3D3D3	15
3860	#FFFFFF	#D3D3D3	7
3861	#FFFFFF	#D3D3D3	7
3862	#FFFFFF	#D3D3D3	267
3863	#FFFFFF	#D3D3D3	50
3864	#FFFFFF	#D3D3D3	267
3865	#FFFFFF	#D3D3D3	267
3866	#FFFFFF	#D3D3D3	15
3867	#FFFFFF	#D3D3D3	15
3868	#FFFFFF	#D3D3D3	15
3869	#FFFFFF	#D3D3D3	15
3870	#FFFFFF	#D3D3D3	15
3871	#FFFFFF	#D3D3D3	15
3872	#FFFFFF	#D3D3D3	15
3874	#FFFFFF	#D3D3D3	17
3884	#FFFFFF	#D3D3D3	50
3885	#FFFFFF	#D3D3D3	50
3886	#FFFFFF	#D3D3D3	196
3887	#FFFFFF	#D3D3D3	196
3888	#FFFFFF	#D3D3D3	196
3890	#FFFFFF	#D3D3D3	51
3891	#FFFFFF	#D3D3D3	51
3892	#FFFFFF	#D3D3D3	50
3893	#FFFFFF	#D3D3D3	50
3894	#FFFFFF	#D3D3D3	358
3895	#FFFFFF	#D3D3D3	50
3896	#FFFFFF	#D3D3D3	50
3897	#FFFFFF	#D3D3D3	50
3898	#FFFFFF	#D3D3D3	50
3899	#FFFFFF	#D3D3D3	50
3900	#FFFFFF	#D3D3D3	50
3901	#FFFFFF	#D3D3D3	7
3902	#FFFFFF	#D3D3D3	51
3903	#FFFFFF	#D3D3D3	7
3904	#FFFFFF	#D3D3D3	7
3905	#FFFFFF	#D3D3D3	7
3906	#FFFFFF	#D3D3D3	7
3907	#FFFFFF	#D3D3D3	7
3908	#FFFFFF	#D3D3D3	15
3909	#FFFFFF	#D3D3D3	15
3910	#FFFFFF	#D3D3D3	7
3911	#FFFFFF	#D3D3D3	7
3912	#FFFFFF	#D3D3D3	7
3913	#FFFFFF	#D3D3D3	17
3914	#FFFFFF	#D3D3D3	267
3915	#FFFFFF	#D3D3D3	267
3916	#FFFFFF	#D3D3D3	267
3917	#FFFFFF	#D3D3D3	15
3918	#FFFFFF	#D3D3D3	15
3919	#FFFFFF	#D3D3D3	15
3920	#FFFFFF	#D3D3D3	15
3921	#FFFFFF	#D3D3D3	15
3922	#FFFFFF	#D3D3D3	15
3924	#FFFFFF	#D3D3D3	50
3935	#FFFFFF	#D3D3D3	17
3936	#FFFFFF	#D3D3D3	50
3937	#FFFFFF	#D3D3D3	50
3938	#FFFFFF	#D3D3D3	196
3939	#FFFFFF	#D3D3D3	50
3940	#FFFFFF	#D3D3D3	51
3941	#FFFFFF	#D3D3D3	51
3942	#FFFFFF	#D3D3D3	51
3943	#FFFFFF	#D3D3D3	331
3944	#FFFFFF	#D3D3D3	331
3945	#FFFFFF	#D3D3D3	331
3946	#FFFFFF	#D3D3D3	50
3947	#FFFFFF	#D3D3D3	50
3948	#FFFFFF	#D3D3D3	50
3949	#FFFFFF	#D3D3D3	50
3950	#FFFFFF	#D3D3D3	50
3951	#FFFFFF	#D3D3D3	7
3952	#FFFFFF	#D3D3D3	7
3953	#FFFFFF	#D3D3D3	51
3954	#FFFFFF	#D3D3D3	7
3955	#FFFFFF	#D3D3D3	7
3956	#FFFFFF	#D3D3D3	7
3957	#FFFFFF	#D3D3D3	7
3958	#FFFFFF	#D3D3D3	15
3959	#FFFFFF	#D3D3D3	15
3960	#FFFFFF	#D3D3D3	7
3961	#FFFFFF	#D3D3D3	7
3962	#FFFFFF	#D3D3D3	7
3963	#FFFFFF	#D3D3D3	7
3964	#FFFFFF	#D3D3D3	17
3965	#FFFFFF	#D3D3D3	267
3966	#FFFFFF	#D3D3D3	267
3967	#FFFFFF	#D3D3D3	15
3968	#FFFFFF	#D3D3D3	267
3969	#FFFFFF	#D3D3D3	366
3970	#FFFFFF	#D3D3D3	15
3971	#FFFFFF	#D3D3D3	15
3972	#FFFFFF	#D3D3D3	15
3975	#FFFFFF	#D3D3D3	17
3985	#FFFFFF	#D3D3D3	50
3986	#FFFFFF	#D3D3D3	50
3987	#FFFFFF	#D3D3D3	50
3988	#FFFFFF	#D3D3D3	196
3989	#FFFFFF	#D3D3D3	50
3991	#FFFFFF	#D3D3D3	51
3992	#FFFFFF	#D3D3D3	51
3993	#FFFFFF	#D3D3D3	50
3994	#FFFFFF	#D3D3D3	331
3995	#FFFFFF	#D3D3D3	331
3996	#FFFFFF	#D3D3D3	331
3997	#FFFFFF	#D3D3D3	331
3998	#FFFFFF	#D3D3D3	50
3999	#FFFFFF	#D3D3D3	50
4000	#FFFFFF	#D3D3D3	50
4001	#FFFFFF	#D3D3D3	50
4002	#FFFFFF	#D3D3D3	7
4003	#FFFFFF	#D3D3D3	51
4004	#FFFFFF	#D3D3D3	7
4005	#FFFFFF	#D3D3D3	7
4006	#FFFFFF	#D3D3D3	7
4007	#FFFFFF	#D3D3D3	7
4008	#FFFFFF	#D3D3D3	15
4009	#FFFFFF	#D3D3D3	15
4010	#FFFFFF	#D3D3D3	15
4011	#FFFFFF	#D3D3D3	7
4012	#FFFFFF	#D3D3D3	7
4013	#FFFFFF	#D3D3D3	7
4014	#FFFFFF	#D3D3D3	17
4015	#FFFFFF	#D3D3D3	267
4016	#FFFFFF	#D3D3D3	184
4017	#FFFFFF	#D3D3D3	267
4018	#FFFFFF	#D3D3D3	267
4019	#FFFFFF	#D3D3D3	15
4020	#FFFFFF	#D3D3D3	15
4021	#FFFFFF	#D3D3D3	15
4022	#FFFFFF	#D3D3D3	15
4025	#FFFFFF	#D3D3D3	17
4036	#FFFFFF	#D3D3D3	17
4037	#FFFFFF	#D3D3D3	50
4038	#FFFFFF	#D3D3D3	50
4039	#FFFFFF	#D3D3D3	196
4040	#FFFFFF	#D3D3D3	50
4042	#FFFFFF	#D3D3D3	31
4043	#FFFFFF	#D3D3D3	261
4044	#FFFFFF	#D3D3D3	7
4045	#FFFFFF	#D3D3D3	171
4046	#FFFFFF	#D3D3D3	7
4047	#FFFFFF	#D3D3D3	7
4048	#FFFFFF	#D3D3D3	171
4049	#FFFFFF	#D3D3D3	171
4050	#FFFFFF	#D3D3D3	171
4051	#FFFFFF	#D3D3D3	171
4052	#FFFFFF	#D3D3D3	7
4053	#FFFFFF	#D3D3D3	7
4054	#FFFFFF	#D3D3D3	261
4055	#FFFFFF	#D3D3D3	171
4056	#FFFFFF	#D3D3D3	7
4057	#FFFFFF	#D3D3D3	7
4058	#FFFFFF	#D3D3D3	7
4059	#FFFFFF	#D3D3D3	7
4060	#FFFFFF	#D3D3D3	7
4061	#FFFFFF	#D3D3D3	109
4062	#FFFFFF	#D3D3D3	109
4063	#FFFFFF	#D3D3D3	7
4064	#FFFFFF	#D3D3D3	7
4065	#FFFFFF	#D3D3D3	261
4066	#FFFFFF	#D3D3D3	7
4067	#FFFFFF	#D3D3D3	7
4068	#FFFFFF	#D3D3D3	7
4069	#FFFFFF	#D3D3D3	7
4070	#FFFFFF	#D3D3D3	7
4071	#FFFFFF	#D3D3D3	7
4072	#FFFFFF	#D3D3D3	7
4073	#FFFFFF	#D3D3D3	26
4074	#FFFFFF	#D3D3D3	26
4075	#FFFFFF	#D3D3D3	26
4076	#FFFFFF	#D3D3D3	261
4077	#FFFFFF	#D3D3D3	26
4078	#FFFFFF	#D3D3D3	26
4079	#FFFFFF	#D3D3D3	26
4080	#FFFFFF	#D3D3D3	26
4081	#FFFFFF	#D3D3D3	7
4082	#FFFFFF	#D3D3D3	26
4083	#FFFFFF	#D3D3D3	26
4084	#FFFFFF	#D3D3D3	26
4085	#FFFFFF	#D3D3D3	26
4087	#FFFFFF	#D3D3D3	31
4088	#FFFFFF	#D3D3D3	31
4089	#FFFFFF	#D3D3D3	7
4090	#FFFFFF	#D3D3D3	7
4091	#FFFFFF	#D3D3D3	31
4092	#FFFFFF	#D3D3D3	261
4093	#FFFFFF	#D3D3D3	261
4094	#FFFFFF	#D3D3D3	31
4095	#FFFFFF	#D3D3D3	171
4096	#FFFFFF	#D3D3D3	7
4097	#FFFFFF	#D3D3D3	7
4098	#FFFFFF	#D3D3D3	171
4099	#FFFFFF	#D3D3D3	171
4100	#FFFFFF	#D3D3D3	7
4101	#FFFFFF	#D3D3D3	171
4102	#FFFFFF	#D3D3D3	7
4103	#FFFFFF	#D3D3D3	7
4104	#FFFFFF	#D3D3D3	7
4105	#FFFFFF	#D3D3D3	261
4106	#FFFFFF	#D3D3D3	171
4107	#FFFFFF	#D3D3D3	7
4108	#FFFFFF	#D3D3D3	7
4109	#FFFFFF	#D3D3D3	7
4110	#FFFFFF	#D3D3D3	7
4111	#FFFFFF	#D3D3D3	7
4112	#FFFFFF	#D3D3D3	109
4113	#FFFFFF	#D3D3D3	7
4114	#FFFFFF	#D3D3D3	109
4115	#FFFFFF	#D3D3D3	7
4116	#FFFFFF	#D3D3D3	261
4117	#FFFFFF	#D3D3D3	7
4118	#FFFFFF	#D3D3D3	7
4119	#FFFFFF	#D3D3D3	7
4120	#FFFFFF	#D3D3D3	7
4121	#FFFFFF	#D3D3D3	7
4122	#FFFFFF	#D3D3D3	7
4123	#FFFFFF	#D3D3D3	26
4124	#FFFFFF	#D3D3D3	26
4125	#FFFFFF	#D3D3D3	26
4126	#FFFFFF	#D3D3D3	26
4127	#FFFFFF	#D3D3D3	31
4128	#FFFFFF	#D3D3D3	26
4129	#FFFFFF	#D3D3D3	26
4130	#FFFFFF	#D3D3D3	26
4131	#FFFFFF	#D3D3D3	26
4132	#FFFFFF	#D3D3D3	7
4133	#FFFFFF	#D3D3D3	26
4134	#FFFFFF	#D3D3D3	26
4135	#FFFFFF	#D3D3D3	26
4136	#FFFFFF	#D3D3D3	26
4137	#FFFFFF	#D3D3D3	31
4138	#FFFFFF	#D3D3D3	31
4139	#FFFFFF	#D3D3D3	7
4140	#FFFFFF	#D3D3D3	31
4141	#FFFFFF	#D3D3D3	7
4143	#FFFFFF	#D3D3D3	261
4144	#FFFFFF	#D3D3D3	31
4145	#FFFFFF	#D3D3D3	7
4146	#FFFFFF	#D3D3D3	7
4147	#FFFFFF	#D3D3D3	7
4148	#FFFFFF	#D3D3D3	7
4149	#FFFFFF	#D3D3D3	7
4150	#FFFFFF	#D3D3D3	171
4151	#FFFFFF	#D3D3D3	7
4152	#FFFFFF	#D3D3D3	7
4153	#FFFFFF	#D3D3D3	7
4154	#FFFFFF	#D3D3D3	7
4155	#FFFFFF	#D3D3D3	31
4156	#FFFFFF	#D3D3D3	7
4157	#FFFFFF	#D3D3D3	171
4158	#FFFFFF	#D3D3D3	171
4159	#FFFFFF	#D3D3D3	7
4160	#FFFFFF	#D3D3D3	7
4161	#FFFFFF	#D3D3D3	7
4162	#FFFFFF	#D3D3D3	7
4163	#FFFFFF	#D3D3D3	109
4164	#FFFFFF	#D3D3D3	109
4165	#FFFFFF	#D3D3D3	109
4166	#FFFFFF	#D3D3D3	261
4167	#FFFFFF	#D3D3D3	109
4168	#FFFFFF	#D3D3D3	7
4169	#FFFFFF	#D3D3D3	7
4170	#FFFFFF	#D3D3D3	7
4171	#FFFFFF	#D3D3D3	7
4172	#FFFFFF	#D3D3D3	7
4173	#FFFFFF	#D3D3D3	7
4174	#FFFFFF	#D3D3D3	26
4175	#FFFFFF	#D3D3D3	26
4176	#FFFFFF	#D3D3D3	26
4177	#FFFFFF	#D3D3D3	261
4178	#FFFFFF	#D3D3D3	26
4179	#FFFFFF	#D3D3D3	26
4180	#FFFFFF	#D3D3D3	26
4181	#FFFFFF	#D3D3D3	26
4182	#FFFFFF	#D3D3D3	7
4183	#FFFFFF	#D3D3D3	7
4184	#FFFFFF	#D3D3D3	26
4185	#FFFFFF	#D3D3D3	26
4186	#FFFFFF	#D3D3D3	26
4188	#FFFFFF	#D3D3D3	31
4189	#FFFFFF	#D3D3D3	31
4190	#FFFFFF	#D3D3D3	31
4191	#FFFFFF	#D3D3D3	31
4192	#FFFFFF	#D3D3D3	31
4193	#FFFFFF	#D3D3D3	31
4194	#FFFFFF	#D3D3D3	261
4195	#FFFFFF	#D3D3D3	31
4196	#FFFFFF	#D3D3D3	7
4197	#FFFFFF	#D3D3D3	7
4198	#FFFFFF	#D3D3D3	7
4199	#FFFFFF	#D3D3D3	7
4200	#FFFFFF	#D3D3D3	7
4201	#FFFFFF	#D3D3D3	7
4202	#FFFFFF	#D3D3D3	7
4203	#FFFFFF	#D3D3D3	7
4204	#FFFFFF	#D3D3D3	7
4205	#FFFFFF	#D3D3D3	7
4206	#FFFFFF	#D3D3D3	261
4207	#FFFFFF	#D3D3D3	7
4208	#FFFFFF	#D3D3D3	171
4209	#FFFFFF	#D3D3D3	7
4210	#FFFFFF	#D3D3D3	7
4211	#FFFFFF	#D3D3D3	7
4212	#FFFFFF	#D3D3D3	7
4213	#FFFFFF	#D3D3D3	7
4214	#FFFFFF	#D3D3D3	109
4215	#FFFFFF	#D3D3D3	109
4216	#FFFFFF	#D3D3D3	109
4217	#FFFFFF	#D3D3D3	31
4218	#FFFFFF	#D3D3D3	109
4219	#FFFFFF	#D3D3D3	7
4220	#FFFFFF	#D3D3D3	7
4221	#FFFFFF	#D3D3D3	7
4222	#FFFFFF	#D3D3D3	7
4223	#FFFFFF	#D3D3D3	7
4224	#FFFFFF	#D3D3D3	26
4225	#FFFFFF	#D3D3D3	26
4226	#FFFFFF	#D3D3D3	26
4227	#FFFFFF	#D3D3D3	26
4228	#FFFFFF	#D3D3D3	31
4229	#FFFFFF	#D3D3D3	26
4230	#FFFFFF	#D3D3D3	26
4231	#FFFFFF	#D3D3D3	26
4232	#FFFFFF	#D3D3D3	26
4233	#FFFFFF	#D3D3D3	7
4234	#FFFFFF	#D3D3D3	26
4235	#FFFFFF	#D3D3D3	26
4236	#FFFFFF	#D3D3D3	26
4237	#FFFFFF	#D3D3D3	26
4238	#FFFFFF	#D3D3D3	31
4239	#FFFFFF	#D3D3D3	31
4240	#FFFFFF	#D3D3D3	31
4241	#FFFFFF	#D3D3D3	31
4242	#FFFFFF	#D3D3D3	31
4244	#FFFFFF	#D3D3D3	261
4245	#FFFFFF	#D3D3D3	31
4246	#FFFFFF	#D3D3D3	31
4247	#FFFFFF	#D3D3D3	7
4248	#FFFFFF	#D3D3D3	7
4249	#FFFFFF	#D3D3D3	7
4250	#FFFFFF	#D3D3D3	7
4251	#FFFFFF	#D3D3D3	7
4252	#FFFFFF	#D3D3D3	7
4253	#FFFFFF	#D3D3D3	7
4254	#FFFFFF	#D3D3D3	7
4255	#FFFFFF	#D3D3D3	7
4256	#FFFFFF	#D3D3D3	261
4257	#FFFFFF	#D3D3D3	7
4258	#FFFFFF	#D3D3D3	171
4259	#FFFFFF	#D3D3D3	171
4260	#FFFFFF	#D3D3D3	7
4261	#FFFFFF	#D3D3D3	7
4262	#FFFFFF	#D3D3D3	7
4263	#FFFFFF	#D3D3D3	7
4264	#FFFFFF	#D3D3D3	7
4265	#FFFFFF	#D3D3D3	7
4266	#FFFFFF	#D3D3D3	109
4267	#FFFFFF	#D3D3D3	261
4268	#FFFFFF	#D3D3D3	7
4269	#FFFFFF	#D3D3D3	7
4270	#FFFFFF	#D3D3D3	7
4271	#FFFFFF	#D3D3D3	7
4272	#FFFFFF	#D3D3D3	7
4273	#FFFFFF	#D3D3D3	7
4274	#FFFFFF	#D3D3D3	26
4275	#FFFFFF	#D3D3D3	26
4276	#FFFFFF	#D3D3D3	26
4277	#FFFFFF	#D3D3D3	26
4278	#FFFFFF	#D3D3D3	31
4279	#FFFFFF	#D3D3D3	26
4280	#FFFFFF	#D3D3D3	26
4281	#FFFFFF	#D3D3D3	26
4282	#FFFFFF	#D3D3D3	26
4283	#FFFFFF	#D3D3D3	7
4284	#FFFFFF	#D3D3D3	7
4285	#FFFFFF	#D3D3D3	26
4286	#FFFFFF	#D3D3D3	26
4287	#FFFFFF	#D3D3D3	26
4289	#FFFFFF	#D3D3D3	31
4290	#FFFFFF	#D3D3D3	31
4291	#FFFFFF	#D3D3D3	31
4292	#FFFFFF	#D3D3D3	31
4293	#FFFFFF	#D3D3D3	31
4294	#FFFFFF	#D3D3D3	261
4295	#FFFFFF	#D3D3D3	31
4296	#FFFFFF	#D3D3D3	31
4297	#FFFFFF	#D3D3D3	7
4298	#FFFFFF	#D3D3D3	7
4299	#FFFFFF	#D3D3D3	7
4300	#FFFFFF	#D3D3D3	7
4301	#FFFFFF	#D3D3D3	7
4302	#FFFFFF	#D3D3D3	7
4303	#FFFFFF	#D3D3D3	7
4304	#FFFFFF	#D3D3D3	7
4305	#FFFFFF	#D3D3D3	7
4306	#FFFFFF	#D3D3D3	7
4307	#FFFFFF	#D3D3D3	31
4308	#FFFFFF	#D3D3D3	171
4309	#FFFFFF	#D3D3D3	7
4310	#FFFFFF	#D3D3D3	171
4311	#FFFFFF	#D3D3D3	7
4312	#FFFFFF	#D3D3D3	7
4313	#FFFFFF	#D3D3D3	7
4314	#FFFFFF	#D3D3D3	7
4315	#FFFFFF	#D3D3D3	7
4316	#FFFFFF	#D3D3D3	7
4317	#FFFFFF	#D3D3D3	109
4318	#FFFFFF	#D3D3D3	261
4319	#FFFFFF	#D3D3D3	7
4320	#FFFFFF	#D3D3D3	7
4321	#FFFFFF	#D3D3D3	109
4322	#FFFFFF	#D3D3D3	7
4323	#FFFFFF	#D3D3D3	7
4324	#FFFFFF	#D3D3D3	26
4325	#FFFFFF	#D3D3D3	26
4326	#FFFFFF	#D3D3D3	26
4327	#FFFFFF	#D3D3D3	26
4328	#FFFFFF	#D3D3D3	26
4329	#FFFFFF	#D3D3D3	31
4330	#FFFFFF	#D3D3D3	32
4331	#FFFFFF	#D3D3D3	26
4332	#FFFFFF	#D3D3D3	32
4333	#FFFFFF	#D3D3D3	26
4334	#FFFFFF	#D3D3D3	26
4335	#FFFFFF	#D3D3D3	26
4336	#FFFFFF	#D3D3D3	26
4337	#FFFFFF	#D3D3D3	26
4338	#FFFFFF	#D3D3D3	26
4339	#FFFFFF	#D3D3D3	31
4340	#FFFFFF	#D3D3D3	31
4341	#FFFFFF	#D3D3D3	31
4342	#FFFFFF	#D3D3D3	31
4343	#FFFFFF	#D3D3D3	7
4345	#FFFFFF	#D3D3D3	261
4346	#FFFFFF	#D3D3D3	261
4347	#FFFFFF	#D3D3D3	7
4348	#FFFFFF	#D3D3D3	31
4349	#FFFFFF	#D3D3D3	7
4350	#FFFFFF	#D3D3D3	7
4351	#FFFFFF	#D3D3D3	7
4352	#FFFFFF	#D3D3D3	7
4353	#FFFFFF	#D3D3D3	7
4354	#FFFFFF	#D3D3D3	7
4355	#FFFFFF	#D3D3D3	7
4356	#FFFFFF	#D3D3D3	7
4357	#FFFFFF	#D3D3D3	31
4358	#FFFFFF	#D3D3D3	7
4359	#FFFFFF	#D3D3D3	7
4360	#FFFFFF	#D3D3D3	171
4361	#FFFFFF	#D3D3D3	7
4362	#FFFFFF	#D3D3D3	7
4363	#FFFFFF	#D3D3D3	7
4364	#FFFFFF	#D3D3D3	7
4365	#FFFFFF	#D3D3D3	7
4366	#FFFFFF	#D3D3D3	7
4367	#FFFFFF	#D3D3D3	7
4368	#FFFFFF	#D3D3D3	261
4369	#FFFFFF	#D3D3D3	109
4370	#FFFFFF	#D3D3D3	109
4371	#FFFFFF	#D3D3D3	109
4372	#FFFFFF	#D3D3D3	109
4373	#FFFFFF	#D3D3D3	7
4374	#FFFFFF	#D3D3D3	26
4375	#FFFFFF	#D3D3D3	26
4376	#FFFFFF	#D3D3D3	26
4377	#FFFFFF	#D3D3D3	26
4378	#FFFFFF	#D3D3D3	32
4379	#FFFFFF	#D3D3D3	31
4380	#FFFFFF	#D3D3D3	26
4381	#FFFFFF	#D3D3D3	32
4382	#FFFFFF	#D3D3D3	32
4383	#FFFFFF	#D3D3D3	26
4384	#FFFFFF	#D3D3D3	26
4385	#FFFFFF	#D3D3D3	26
4386	#FFFFFF	#D3D3D3	26
4387	#FFFFFF	#D3D3D3	26
4388	#FFFFFF	#D3D3D3	26
4390	#FFFFFF	#D3D3D3	31
4391	#FFFFFF	#D3D3D3	31
4392	#FFFFFF	#D3D3D3	31
4393	#FFFFFF	#D3D3D3	31
4394	#FFFFFF	#D3D3D3	31
4395	#FFFFFF	#D3D3D3	261
4396	#FFFFFF	#D3D3D3	261
4397	#FFFFFF	#D3D3D3	31
4398	#FFFFFF	#D3D3D3	31
4399	#FFFFFF	#D3D3D3	7
4400	#FFFFFF	#D3D3D3	7
4401	#FFFFFF	#D3D3D3	7
4402	#FFFFFF	#D3D3D3	7
4403	#FFFFFF	#D3D3D3	7
4404	#FFFFFF	#D3D3D3	7
4405	#FFFFFF	#D3D3D3	7
4406	#FFFFFF	#D3D3D3	7
4407	#FFFFFF	#D3D3D3	7
4408	#FFFFFF	#D3D3D3	261
4409	#FFFFFF	#D3D3D3	7
4410	#FFFFFF	#D3D3D3	7
4411	#FFFFFF	#D3D3D3	7
4412	#FFFFFF	#D3D3D3	7
4413	#FFFFFF	#D3D3D3	7
4414	#FFFFFF	#D3D3D3	7
4415	#FFFFFF	#D3D3D3	7
4416	#FFFFFF	#D3D3D3	7
4417	#FFFFFF	#D3D3D3	7
4418	#FFFFFF	#D3D3D3	109
4419	#FFFFFF	#D3D3D3	31
4420	#FFFFFF	#D3D3D3	109
4421	#FFFFFF	#D3D3D3	109
4422	#FFFFFF	#D3D3D3	220
4423	#FFFFFF	#D3D3D3	109
4424	#FFFFFF	#D3D3D3	7
4425	#FFFFFF	#D3D3D3	26
4426	#FFFFFF	#D3D3D3	26
4427	#FFFFFF	#D3D3D3	26
4428	#FFFFFF	#D3D3D3	26
4429	#FFFFFF	#D3D3D3	32
4430	#FFFFFF	#D3D3D3	31
4431	#FFFFFF	#D3D3D3	32
4432	#FFFFFF	#D3D3D3	32
4433	#FFFFFF	#D3D3D3	32
4434	#FFFFFF	#D3D3D3	26
4435	#FFFFFF	#D3D3D3	26
4436	#FFFFFF	#D3D3D3	26
4437	#FFFFFF	#D3D3D3	26
4438	#FFFFFF	#D3D3D3	26
4439	#FFFFFF	#D3D3D3	26
4440	#FFFFFF	#D3D3D3	31
4441	#FFFFFF	#D3D3D3	31
4442	#FFFFFF	#D3D3D3	31
4443	#FFFFFF	#D3D3D3	31
4444	#FFFFFF	#D3D3D3	7
4446	#FFFFFF	#D3D3D3	31
4447	#FFFFFF	#D3D3D3	31
4448	#FFFFFF	#D3D3D3	31
4449	#FFFFFF	#D3D3D3	7
4450	#FFFFFF	#D3D3D3	7
4451	#FFFFFF	#D3D3D3	7
4452	#FFFFFF	#D3D3D3	7
4453	#FFFFFF	#D3D3D3	7
4454	#FFFFFF	#D3D3D3	7
4455	#FFFFFF	#D3D3D3	7
4456	#FFFFFF	#D3D3D3	7
4457	#FFFFFF	#D3D3D3	7
4458	#FFFFFF	#D3D3D3	31
4459	#FFFFFF	#D3D3D3	7
4460	#FFFFFF	#D3D3D3	7
4461	#FFFFFF	#D3D3D3	7
4462	#FFFFFF	#D3D3D3	7
4463	#FFFFFF	#D3D3D3	7
4464	#FFFFFF	#D3D3D3	7
4465	#FFFFFF	#D3D3D3	7
4466	#FFFFFF	#D3D3D3	7
4467	#FFFFFF	#D3D3D3	7
4468	#FFFFFF	#D3D3D3	7
4469	#FFFFFF	#D3D3D3	261
4470	#FFFFFF	#D3D3D3	7
4471	#FFFFFF	#D3D3D3	109
4472	#FFFFFF	#D3D3D3	220
4473	#FFFFFF	#D3D3D3	109
4474	#FFFFFF	#D3D3D3	7
4475	#FFFFFF	#D3D3D3	26
4476	#FFFFFF	#D3D3D3	26
4477	#FFFFFF	#D3D3D3	26
4478	#FFFFFF	#D3D3D3	26
4479	#FFFFFF	#D3D3D3	32
4480	#FFFFFF	#D3D3D3	31
4481	#FFFFFF	#D3D3D3	32
4482	#FFFFFF	#D3D3D3	32
4483	#FFFFFF	#D3D3D3	32
4484	#FFFFFF	#D3D3D3	26
4485	#FFFFFF	#D3D3D3	32
4486	#FFFFFF	#D3D3D3	26
4487	#FFFFFF	#D3D3D3	26
4488	#FFFFFF	#D3D3D3	26
4489	#FFFFFF	#D3D3D3	26
4491	#FFFFFF	#D3D3D3	31
4492	#FFFFFF	#D3D3D3	31
4493	#FFFFFF	#D3D3D3	31
4494	#FFFFFF	#D3D3D3	31
4495	#FFFFFF	#D3D3D3	31
4496	#FFFFFF	#D3D3D3	31
4497	#FFFFFF	#D3D3D3	31
4498	#FFFFFF	#D3D3D3	31
4499	#FFFFFF	#D3D3D3	7
4500	#FFFFFF	#D3D3D3	7
4501	#FFFFFF	#D3D3D3	31
4502	#FFFFFF	#D3D3D3	7
4503	#FFFFFF	#D3D3D3	7
4504	#FFFFFF	#D3D3D3	7
4505	#FFFFFF	#D3D3D3	7
4506	#FFFFFF	#D3D3D3	7
4507	#FFFFFF	#D3D3D3	7
4508	#FFFFFF	#D3D3D3	7
4509	#FFFFFF	#D3D3D3	31
4510	#FFFFFF	#D3D3D3	7
4511	#FFFFFF	#D3D3D3	7
4512	#FFFFFF	#D3D3D3	7
4513	#FFFFFF	#D3D3D3	7
4514	#FFFFFF	#D3D3D3	7
4515	#FFFFFF	#D3D3D3	7
4516	#FFFFFF	#D3D3D3	7
4517	#FFFFFF	#D3D3D3	7
4518	#FFFFFF	#D3D3D3	7
4519	#FFFFFF	#D3D3D3	7
4520	#FFFFFF	#D3D3D3	31
4521	#FFFFFF	#D3D3D3	109
4522	#FFFFFF	#D3D3D3	220
4523	#FFFFFF	#D3D3D3	109
4524	#FFFFFF	#D3D3D3	109
4525	#FFFFFF	#D3D3D3	7
4526	#FFFFFF	#D3D3D3	26
4527	#FFFFFF	#D3D3D3	26
4528	#FFFFFF	#D3D3D3	26
4529	#FFFFFF	#D3D3D3	32
4530	#FFFFFF	#D3D3D3	32
4531	#FFFFFF	#D3D3D3	31
4532	#FFFFFF	#D3D3D3	32
4533	#FFFFFF	#D3D3D3	32
4534	#FFFFFF	#D3D3D3	26
4535	#FFFFFF	#D3D3D3	32
4536	#FFFFFF	#D3D3D3	26
4537	#FFFFFF	#D3D3D3	26
4538	#FFFFFF	#D3D3D3	26
4539	#FFFFFF	#D3D3D3	26
4540	#FFFFFF	#D3D3D3	26
4541	#FFFFFF	#D3D3D3	31
4542	#FFFFFF	#D3D3D3	31
4543	#FFFFFF	#D3D3D3	31
4544	#FFFFFF	#D3D3D3	31
4545	#FFFFFF	#D3D3D3	31
4547	#FFFFFF	#D3D3D3	261
4548	#FFFFFF	#D3D3D3	261
4549	#FFFFFF	#D3D3D3	7
4550	#FFFFFF	#D3D3D3	7
4551	#FFFFFF	#D3D3D3	7
4552	#FFFFFF	#D3D3D3	7
4553	#FFFFFF	#D3D3D3	7
4554	#FFFFFF	#D3D3D3	171
4555	#FFFFFF	#D3D3D3	171
4556	#FFFFFF	#D3D3D3	7
4557	#FFFFFF	#D3D3D3	7
4558	#FFFFFF	#D3D3D3	7
4559	#FFFFFF	#D3D3D3	261
4560	#FFFFFF	#D3D3D3	7
4561	#FFFFFF	#D3D3D3	77
4562	#FFFFFF	#D3D3D3	77
4563	#FFFFFF	#D3D3D3	7
4564	#FFFFFF	#D3D3D3	7
4565	#FFFFFF	#D3D3D3	7
4566	#FFFFFF	#D3D3D3	77
4567	#FFFFFF	#D3D3D3	7
4568	#FFFFFF	#D3D3D3	77
4569	#FFFFFF	#D3D3D3	7
4570	#FFFFFF	#D3D3D3	31
4571	#FFFFFF	#D3D3D3	7
4572	#FFFFFF	#D3D3D3	77
4573	#FFFFFF	#D3D3D3	7
4574	#FFFFFF	#D3D3D3	7
4575	#FFFFFF	#D3D3D3	7
4576	#FFFFFF	#D3D3D3	7
4577	#FFFFFF	#D3D3D3	26
4578	#FFFFFF	#D3D3D3	26
4579	#FFFFFF	#D3D3D3	26
4580	#FFFFFF	#D3D3D3	26
4581	#FFFFFF	#D3D3D3	7
4582	#FFFFFF	#D3D3D3	26
4583	#FFFFFF	#D3D3D3	26
4584	#FFFFFF	#D3D3D3	26
4585	#FFFFFF	#D3D3D3	26
4586	#FFFFFF	#D3D3D3	26
4587	#FFFFFF	#D3D3D3	26
4588	#FFFFFF	#D3D3D3	7
4589	#FFFFFF	#D3D3D3	7
4590	#FFFFFF	#D3D3D3	7
4592	#FFFFFF	#D3D3D3	7
4593	#FFFFFF	#D3D3D3	7
4594	#FFFFFF	#D3D3D3	171
4595	#FFFFFF	#D3D3D3	171
4596	#FFFFFF	#D3D3D3	171
4597	#FFFFFF	#D3D3D3	4
4598	#FFFFFF	#D3D3D3	261
4599	#FFFFFF	#D3D3D3	4
4600	#FFFFFF	#D3D3D3	7
4601	#FFFFFF	#D3D3D3	7
4602	#FFFFFF	#D3D3D3	7
4603	#FFFFFF	#D3D3D3	7
4604	#FFFFFF	#D3D3D3	7
4605	#FFFFFF	#D3D3D3	171
4606	#FFFFFF	#D3D3D3	171
4607	#FFFFFF	#D3D3D3	7
4608	#FFFFFF	#D3D3D3	7
4609	#FFFFFF	#D3D3D3	7
4610	#FFFFFF	#D3D3D3	261
4611	#FFFFFF	#D3D3D3	77
4612	#FFFFFF	#D3D3D3	77
4613	#FFFFFF	#D3D3D3	7
4614	#FFFFFF	#D3D3D3	7
4615	#FFFFFF	#D3D3D3	7
4616	#FFFFFF	#D3D3D3	77
4617	#FFFFFF	#D3D3D3	77
4618	#FFFFFF	#D3D3D3	7
4619	#FFFFFF	#D3D3D3	7
4620	#FFFFFF	#D3D3D3	7
4621	#FFFFFF	#D3D3D3	7
4622	#FFFFFF	#D3D3D3	77
4623	#FFFFFF	#D3D3D3	77
4624	#FFFFFF	#D3D3D3	7
4625	#FFFFFF	#D3D3D3	7
4626	#FFFFFF	#D3D3D3	7
4627	#FFFFFF	#D3D3D3	7
4628	#FFFFFF	#D3D3D3	26
4629	#FFFFFF	#D3D3D3	26
4630	#FFFFFF	#D3D3D3	26
4631	#FFFFFF	#D3D3D3	26
4632	#FFFFFF	#D3D3D3	7
4633	#FFFFFF	#D3D3D3	26
4634	#FFFFFF	#D3D3D3	26
4635	#FFFFFF	#D3D3D3	26
4636	#FFFFFF	#D3D3D3	26
4637	#FFFFFF	#D3D3D3	26
4638	#FFFFFF	#D3D3D3	26
4639	#FFFFFF	#D3D3D3	26
4640	#FFFFFF	#D3D3D3	7
4641	#FFFFFF	#D3D3D3	7
4642	#FFFFFF	#D3D3D3	7
4643	#FFFFFF	#D3D3D3	7
4644	#FFFFFF	#D3D3D3	7
4645	#FFFFFF	#D3D3D3	7
4646	#FFFFFF	#D3D3D3	7
4648	#FFFFFF	#D3D3D3	4
4649	#FFFFFF	#D3D3D3	4
4650	#FFFFFF	#D3D3D3	7
4651	#FFFFFF	#D3D3D3	7
4652	#FFFFFF	#D3D3D3	7
4653	#FFFFFF	#D3D3D3	7
4654	#FFFFFF	#D3D3D3	7
4655	#FFFFFF	#D3D3D3	7
4656	#FFFFFF	#D3D3D3	171
4657	#FFFFFF	#D3D3D3	7
4658	#FFFFFF	#D3D3D3	7
4659	#FFFFFF	#D3D3D3	7
4660	#FFFFFF	#D3D3D3	4
4661	#FFFFFF	#D3D3D3	77
4662	#FFFFFF	#D3D3D3	77
4663	#FFFFFF	#D3D3D3	77
4664	#FFFFFF	#D3D3D3	7
4665	#FFFFFF	#D3D3D3	77
4666	#FFFFFF	#D3D3D3	77
4667	#FFFFFF	#D3D3D3	77
4668	#FFFFFF	#D3D3D3	7
4669	#FFFFFF	#D3D3D3	7
4670	#FFFFFF	#D3D3D3	7
4671	#FFFFFF	#D3D3D3	4
4672	#FFFFFF	#D3D3D3	77
4673	#FFFFFF	#D3D3D3	7
4674	#FFFFFF	#D3D3D3	7
4675	#FFFFFF	#D3D3D3	7
4676	#FFFFFF	#D3D3D3	7
4677	#FFFFFF	#D3D3D3	7
4678	#FFFFFF	#D3D3D3	7
4679	#FFFFFF	#D3D3D3	26
4680	#FFFFFF	#D3D3D3	26
4681	#FFFFFF	#D3D3D3	26
4682	#FFFFFF	#D3D3D3	4
4683	#FFFFFF	#D3D3D3	26
4684	#FFFFFF	#D3D3D3	26
4685	#FFFFFF	#D3D3D3	26
4686	#FFFFFF	#D3D3D3	26
4687	#FFFFFF	#D3D3D3	26
4688	#FFFFFF	#D3D3D3	26
4689	#FFFFFF	#D3D3D3	26
4690	#FFFFFF	#D3D3D3	7
4691	#FFFFFF	#D3D3D3	26
4693	#FFFFFF	#D3D3D3	7
4694	#FFFFFF	#D3D3D3	7
4695	#FFFFFF	#D3D3D3	7
4696	#FFFFFF	#D3D3D3	7
4697	#FFFFFF	#D3D3D3	7
4698	#FFFFFF	#D3D3D3	4
4699	#FFFFFF	#D3D3D3	4
4700	#FFFFFF	#D3D3D3	4
4701	#FFFFFF	#D3D3D3	7
4702	#FFFFFF	#D3D3D3	7
4703	#FFFFFF	#D3D3D3	7
4704	#FFFFFF	#D3D3D3	7
4705	#FFFFFF	#D3D3D3	7
4706	#FFFFFF	#D3D3D3	7
4707	#FFFFFF	#D3D3D3	171
4708	#FFFFFF	#D3D3D3	7
4709	#FFFFFF	#D3D3D3	7
4710	#FFFFFF	#D3D3D3	7
4711	#FFFFFF	#D3D3D3	4
4712	#FFFFFF	#D3D3D3	77
4713	#FFFFFF	#D3D3D3	77
4714	#FFFFFF	#D3D3D3	7
4715	#FFFFFF	#D3D3D3	7
4716	#FFFFFF	#D3D3D3	77
4717	#FFFFFF	#D3D3D3	77
4718	#FFFFFF	#D3D3D3	77
4719	#FFFFFF	#D3D3D3	7
4720	#FFFFFF	#D3D3D3	7
4721	#FFFFFF	#D3D3D3	77
4722	#FFFFFF	#D3D3D3	4
4723	#FFFFFF	#D3D3D3	77
4724	#FFFFFF	#D3D3D3	7
4725	#FFFFFF	#D3D3D3	7
4726	#FFFFFF	#D3D3D3	7
4727	#FFFFFF	#D3D3D3	26
4728	#FFFFFF	#D3D3D3	26
4729	#FFFFFF	#D3D3D3	26
4730	#FFFFFF	#D3D3D3	26
4731	#FFFFFF	#D3D3D3	26
4732	#FFFFFF	#D3D3D3	26
4733	#FFFFFF	#D3D3D3	7
4734	#FFFFFF	#D3D3D3	26
4735	#FFFFFF	#D3D3D3	26
4736	#FFFFFF	#D3D3D3	26
4737	#FFFFFF	#D3D3D3	26
4738	#FFFFFF	#D3D3D3	26
4739	#FFFFFF	#D3D3D3	26
4740	#FFFFFF	#D3D3D3	26
4741	#FFFFFF	#D3D3D3	7
4742	#FFFFFF	#D3D3D3	26
4743	#FFFFFF	#D3D3D3	7
4744	#FFFFFF	#D3D3D3	7
4745	#FFFFFF	#D3D3D3	7
4746	#FFFFFF	#D3D3D3	7
4747	#FFFFFF	#D3D3D3	7
4749	#FFFFFF	#D3D3D3	4
4750	#FFFFFF	#D3D3D3	4
4751	#FFFFFF	#D3D3D3	7
4752	#FFFFFF	#D3D3D3	7
4753	#FFFFFF	#D3D3D3	7
4754	#FFFFFF	#D3D3D3	7
4755	#FFFFFF	#D3D3D3	7
4756	#FFFFFF	#D3D3D3	7
4757	#FFFFFF	#D3D3D3	7
4758	#FFFFFF	#D3D3D3	7
4759	#FFFFFF	#D3D3D3	7
4760	#FFFFFF	#D3D3D3	77
4761	#FFFFFF	#D3D3D3	4
4762	#FFFFFF	#D3D3D3	77
4763	#FFFFFF	#D3D3D3	77
4764	#FFFFFF	#D3D3D3	7
4765	#FFFFFF	#D3D3D3	7
4766	#FFFFFF	#D3D3D3	7
4767	#FFFFFF	#D3D3D3	77
4768	#FFFFFF	#D3D3D3	77
4769	#FFFFFF	#D3D3D3	77
4770	#FFFFFF	#D3D3D3	7
4771	#FFFFFF	#D3D3D3	77
4772	#FFFFFF	#D3D3D3	4
4773	#FFFFFF	#D3D3D3	7
4774	#FFFFFF	#D3D3D3	77
4775	#FFFFFF	#D3D3D3	7
4776	#FFFFFF	#D3D3D3	7
4777	#FFFFFF	#D3D3D3	26
4778	#FFFFFF	#D3D3D3	26
4779	#FFFFFF	#D3D3D3	26
4780	#FFFFFF	#D3D3D3	26
4781	#FFFFFF	#D3D3D3	26
4782	#FFFFFF	#D3D3D3	26
4783	#FFFFFF	#D3D3D3	7
4784	#FFFFFF	#D3D3D3	26
4785	#FFFFFF	#D3D3D3	26
4786	#FFFFFF	#D3D3D3	26
4787	#FFFFFF	#D3D3D3	26
4788	#FFFFFF	#D3D3D3	26
4789	#FFFFFF	#D3D3D3	26
4790	#FFFFFF	#D3D3D3	26
4791	#FFFFFF	#D3D3D3	7
4792	#FFFFFF	#D3D3D3	7
4794	#FFFFFF	#D3D3D3	7
4795	#FFFFFF	#D3D3D3	7
4796	#FFFFFF	#D3D3D3	7
4797	#FFFFFF	#D3D3D3	7
4798	#FFFFFF	#D3D3D3	7
4799	#FFFFFF	#D3D3D3	4
4800	#FFFFFF	#D3D3D3	4
4801	#FFFFFF	#D3D3D3	4
4802	#FFFFFF	#D3D3D3	7
4803	#FFFFFF	#D3D3D3	7
4804	#FFFFFF	#D3D3D3	7
4805	#FFFFFF	#D3D3D3	7
4806	#FFFFFF	#D3D3D3	7
4807	#FFFFFF	#D3D3D3	413
4808	#FFFFFF	#D3D3D3	7
4809	#FFFFFF	#D3D3D3	7
4810	#FFFFFF	#D3D3D3	77
4811	#FFFFFF	#D3D3D3	77
4812	#FFFFFF	#D3D3D3	4
4813	#FFFFFF	#D3D3D3	77
4814	#FFFFFF	#D3D3D3	77
4815	#FFFFFF	#D3D3D3	7
4816	#FFFFFF	#D3D3D3	7
4817	#FFFFFF	#D3D3D3	77
4818	#FFFFFF	#D3D3D3	77
4819	#FFFFFF	#D3D3D3	77
4820	#FFFFFF	#D3D3D3	77
4821	#FFFFFF	#D3D3D3	77
4822	#FFFFFF	#D3D3D3	7
4823	#FFFFFF	#D3D3D3	4
4824	#FFFFFF	#D3D3D3	7
4825	#FFFFFF	#D3D3D3	7
4826	#FFFFFF	#D3D3D3	7
4827	#FFFFFF	#D3D3D3	26
4828	#FFFFFF	#D3D3D3	26
4829	#FFFFFF	#D3D3D3	26
4830	#FFFFFF	#D3D3D3	26
4831	#FFFFFF	#D3D3D3	26
4832	#FFFFFF	#D3D3D3	26
4833	#FFFFFF	#D3D3D3	26
4834	#FFFFFF	#D3D3D3	4
4835	#FFFFFF	#D3D3D3	26
4836	#FFFFFF	#D3D3D3	26
4837	#FFFFFF	#D3D3D3	26
4838	#FFFFFF	#D3D3D3	26
4839	#FFFFFF	#D3D3D3	26
4840	#FFFFFF	#D3D3D3	26
4841	#FFFFFF	#D3D3D3	7
4842	#FFFFFF	#D3D3D3	26
4843	#FFFFFF	#D3D3D3	26
4844	#FFFFFF	#D3D3D3	7
4845	#FFFFFF	#D3D3D3	7
4846	#FFFFFF	#D3D3D3	4
4847	#FFFFFF	#D3D3D3	4
4848	#FFFFFF	#D3D3D3	7
4850	#FFFFFF	#D3D3D3	4
4851	#FFFFFF	#D3D3D3	4
4852	#FFFFFF	#D3D3D3	7
4853	#FFFFFF	#D3D3D3	7
4854	#FFFFFF	#D3D3D3	7
4855	#FFFFFF	#D3D3D3	7
4856	#FFFFFF	#D3D3D3	7
4857	#FFFFFF	#D3D3D3	413
4858	#FFFFFF	#D3D3D3	413
4859	#FFFFFF	#D3D3D3	7
4860	#FFFFFF	#D3D3D3	7
4861	#FFFFFF	#D3D3D3	77
4862	#FFFFFF	#D3D3D3	4
4863	#FFFFFF	#D3D3D3	77
4864	#FFFFFF	#D3D3D3	7
4865	#FFFFFF	#D3D3D3	7
4866	#FFFFFF	#D3D3D3	7
4867	#FFFFFF	#D3D3D3	77
4868	#FFFFFF	#D3D3D3	77
4869	#FFFFFF	#D3D3D3	77
4870	#FFFFFF	#D3D3D3	77
4871	#FFFFFF	#D3D3D3	77
4872	#FFFFFF	#D3D3D3	77
4873	#FFFFFF	#D3D3D3	4
4874	#FFFFFF	#D3D3D3	7
4875	#FFFFFF	#D3D3D3	7
4876	#FFFFFF	#D3D3D3	7
4877	#FFFFFF	#D3D3D3	7
4878	#FFFFFF	#D3D3D3	26
4879	#FFFFFF	#D3D3D3	26
4880	#FFFFFF	#D3D3D3	26
4881	#FFFFFF	#D3D3D3	26
4882	#FFFFFF	#D3D3D3	26
4883	#FFFFFF	#D3D3D3	26
4884	#FFFFFF	#D3D3D3	4
4885	#FFFFFF	#D3D3D3	26
4886	#FFFFFF	#D3D3D3	26
4887	#FFFFFF	#D3D3D3	26
4888	#FFFFFF	#D3D3D3	26
4889	#FFFFFF	#D3D3D3	26
4890	#FFFFFF	#D3D3D3	26
4891	#FFFFFF	#D3D3D3	26
4892	#FFFFFF	#D3D3D3	7
4893	#FFFFFF	#D3D3D3	26
4895	#FFFFFF	#D3D3D3	4
4896	#FFFFFF	#D3D3D3	4
4897	#FFFFFF	#D3D3D3	4
4898	#FFFFFF	#D3D3D3	4
4899	#FFFFFF	#D3D3D3	7
4900	#FFFFFF	#D3D3D3	4
4901	#FFFFFF	#D3D3D3	4
4902	#FFFFFF	#D3D3D3	4
4903	#FFFFFF	#D3D3D3	7
4904	#FFFFFF	#D3D3D3	7
4905	#FFFFFF	#D3D3D3	7
4906	#FFFFFF	#D3D3D3	7
4907	#FFFFFF	#D3D3D3	7
4908	#FFFFFF	#D3D3D3	7
4909	#FFFFFF	#D3D3D3	7
4910	#FFFFFF	#D3D3D3	7
4911	#FFFFFF	#D3D3D3	77
4912	#FFFFFF	#D3D3D3	77
4913	#FFFFFF	#D3D3D3	4
4914	#FFFFFF	#D3D3D3	77
4915	#FFFFFF	#D3D3D3	7
4916	#FFFFFF	#D3D3D3	7
4917	#FFFFFF	#D3D3D3	7
4918	#FFFFFF	#D3D3D3	77
4919	#FFFFFF	#D3D3D3	77
4920	#FFFFFF	#D3D3D3	77
4921	#FFFFFF	#D3D3D3	77
4922	#FFFFFF	#D3D3D3	7
4923	#FFFFFF	#D3D3D3	77
4924	#FFFFFF	#D3D3D3	4
4925	#FFFFFF	#D3D3D3	7
4926	#FFFFFF	#D3D3D3	7
4927	#FFFFFF	#D3D3D3	7
4928	#FFFFFF	#D3D3D3	26
4929	#FFFFFF	#D3D3D3	26
4930	#FFFFFF	#D3D3D3	26
4931	#FFFFFF	#D3D3D3	26
4932	#FFFFFF	#D3D3D3	26
4933	#FFFFFF	#D3D3D3	26
4934	#FFFFFF	#D3D3D3	26
4935	#FFFFFF	#D3D3D3	4
4936	#FFFFFF	#D3D3D3	26
4937	#FFFFFF	#D3D3D3	26
4938	#FFFFFF	#D3D3D3	26
4939	#FFFFFF	#D3D3D3	26
4940	#FFFFFF	#D3D3D3	26
4941	#FFFFFF	#D3D3D3	26
4942	#FFFFFF	#D3D3D3	7
4943	#FFFFFF	#D3D3D3	26
4944	#FFFFFF	#D3D3D3	120
4945	#FFFFFF	#D3D3D3	4
4946	#FFFFFF	#D3D3D3	4
4947	#FFFFFF	#D3D3D3	7
4948	#FFFFFF	#D3D3D3	7
4949	#FFFFFF	#D3D3D3	7
4951	#FFFFFF	#D3D3D3	4
4952	#FFFFFF	#D3D3D3	4
4953	#FFFFFF	#D3D3D3	7
4954	#FFFFFF	#D3D3D3	7
4955	#FFFFFF	#D3D3D3	7
4956	#FFFFFF	#D3D3D3	7
4957	#FFFFFF	#D3D3D3	7
4958	#FFFFFF	#D3D3D3	7
4959	#FFFFFF	#D3D3D3	7
4960	#FFFFFF	#D3D3D3	7
4961	#FFFFFF	#D3D3D3	77
4962	#FFFFFF	#D3D3D3	77
4963	#FFFFFF	#D3D3D3	4
4964	#FFFFFF	#D3D3D3	77
4965	#FFFFFF	#D3D3D3	77
4966	#FFFFFF	#D3D3D3	77
4967	#FFFFFF	#D3D3D3	7
4968	#FFFFFF	#D3D3D3	77
4969	#FFFFFF	#D3D3D3	77
4970	#FFFFFF	#D3D3D3	77
4971	#FFFFFF	#D3D3D3	77
4972	#FFFFFF	#D3D3D3	77
4973	#FFFFFF	#D3D3D3	7
4974	#FFFFFF	#D3D3D3	4
4975	#FFFFFF	#D3D3D3	7
4976	#FFFFFF	#D3D3D3	7
4977	#FFFFFF	#D3D3D3	7
4978	#FFFFFF	#D3D3D3	7
4979	#FFFFFF	#D3D3D3	26
4980	#FFFFFF	#D3D3D3	26
4981	#FFFFFF	#D3D3D3	26
4982	#FFFFFF	#D3D3D3	7
4983	#FFFFFF	#D3D3D3	7
4984	#FFFFFF	#D3D3D3	26
4985	#FFFFFF	#D3D3D3	4
4986	#FFFFFF	#D3D3D3	26
4987	#FFFFFF	#D3D3D3	26
4988	#FFFFFF	#D3D3D3	26
4989	#FFFFFF	#D3D3D3	26
4990	#FFFFFF	#D3D3D3	26
4991	#FFFFFF	#D3D3D3	26
4992	#FFFFFF	#D3D3D3	26
4993	#FFFFFF	#D3D3D3	7
4994	#FFFFFF	#D3D3D3	26
4996	#FFFFFF	#D3D3D3	4
4997	#FFFFFF	#D3D3D3	4
4998	#FFFFFF	#D3D3D3	4
4999	#FFFFFF	#D3D3D3	7
5000	#FFFFFF	#D3D3D3	7
5001	#FFFFFF	#D3D3D3	138
5002	#FFFFFF	#D3D3D3	4
5003	#FFFFFF	#D3D3D3	4
5004	#FFFFFF	#D3D3D3	7
5005	#FFFFFF	#D3D3D3	7
5006	#FFFFFF	#D3D3D3	7
5007	#FFFFFF	#D3D3D3	7
5008	#FFFFFF	#D3D3D3	7
5009	#FFFFFF	#D3D3D3	7
5010	#FFFFFF	#D3D3D3	7
5011	#FFFFFF	#D3D3D3	7
5012	#FFFFFF	#D3D3D3	77
5013	#FFFFFF	#D3D3D3	77
5014	#FFFFFF	#D3D3D3	4
5015	#FFFFFF	#D3D3D3	77
5016	#FFFFFF	#D3D3D3	77
5017	#FFFFFF	#D3D3D3	7
5018	#FFFFFF	#D3D3D3	77
5019	#FFFFFF	#D3D3D3	77
5020	#FFFFFF	#D3D3D3	77
5021	#FFFFFF	#D3D3D3	77
5022	#FFFFFF	#D3D3D3	77
5023	#FFFFFF	#D3D3D3	77
5024	#FFFFFF	#D3D3D3	7
5025	#FFFFFF	#D3D3D3	4
5026	#FFFFFF	#D3D3D3	7
5027	#FFFFFF	#D3D3D3	7
5028	#FFFFFF	#D3D3D3	7
5029	#FFFFFF	#D3D3D3	26
5030	#FFFFFF	#D3D3D3	26
5031	#FFFFFF	#D3D3D3	26
5032	#FFFFFF	#D3D3D3	26
5033	#FFFFFF	#D3D3D3	7
5034	#FFFFFF	#D3D3D3	7
5035	#FFFFFF	#D3D3D3	26
5036	#FFFFFF	#D3D3D3	4
5037	#FFFFFF	#D3D3D3	26
5038	#FFFFFF	#D3D3D3	26
5039	#FFFFFF	#D3D3D3	26
5040	#FFFFFF	#D3D3D3	26
5041	#FFFFFF	#D3D3D3	26
5042	#FFFFFF	#D3D3D3	26
5043	#FFFFFF	#D3D3D3	7
5044	#FFFFFF	#D3D3D3	7
5045	#FFFFFF	#D3D3D3	26
5046	#FFFFFF	#D3D3D3	4
5047	#FFFFFF	#D3D3D3	4
5048	#FFFFFF	#D3D3D3	7
5049	#FFFFFF	#D3D3D3	7
5050	#FFFFFF	#D3D3D3	7
5052	#FFFFFF	#D3D3D3	138
5053	#FFFFFF	#D3D3D3	4
5054	#FFFFFF	#D3D3D3	7
5055	#FFFFFF	#D3D3D3	7
5056	#FFFFFF	#D3D3D3	7
5057	#FFFFFF	#D3D3D3	7
5058	#FFFFFF	#D3D3D3	7
5059	#FFFFFF	#D3D3D3	7
5060	#FFFFFF	#D3D3D3	7
5061	#FFFFFF	#D3D3D3	7
5062	#FFFFFF	#D3D3D3	7
5063	#FFFFFF	#D3D3D3	77
5064	#FFFFFF	#D3D3D3	4
5065	#FFFFFF	#D3D3D3	77
5066	#FFFFFF	#D3D3D3	77
5067	#FFFFFF	#D3D3D3	7
5068	#FFFFFF	#D3D3D3	77
5069	#FFFFFF	#D3D3D3	77
5070	#FFFFFF	#D3D3D3	77
5071	#FFFFFF	#D3D3D3	77
5072	#FFFFFF	#D3D3D3	77
5073	#FFFFFF	#D3D3D3	77
5074	#FFFFFF	#D3D3D3	77
5075	#FFFFFF	#D3D3D3	4
5076	#FFFFFF	#D3D3D3	7
5077	#FFFFFF	#D3D3D3	7
5078	#FFFFFF	#D3D3D3	7
5079	#FFFFFF	#D3D3D3	7
5080	#FFFFFF	#D3D3D3	26
5081	#FFFFFF	#D3D3D3	26
5082	#FFFFFF	#D3D3D3	26
5083	#FFFFFF	#D3D3D3	7
5084	#FFFFFF	#D3D3D3	7
5085	#FFFFFF	#D3D3D3	7
5086	#FFFFFF	#D3D3D3	4
5087	#FFFFFF	#D3D3D3	7
5088	#FFFFFF	#D3D3D3	26
5089	#FFFFFF	#D3D3D3	26
5090	#FFFFFF	#D3D3D3	26
5091	#FFFFFF	#D3D3D3	26
5092	#FFFFFF	#D3D3D3	7
5093	#FFFFFF	#D3D3D3	7
5094	#FFFFFF	#D3D3D3	26
5095	#FFFFFF	#D3D3D3	26
5097	#FFFFFF	#D3D3D3	4
5098	#FFFFFF	#D3D3D3	4
5099	#FFFFFF	#D3D3D3	4
5100	#FFFFFF	#D3D3D3	7
5101	#FFFFFF	#D3D3D3	4
