x	y
-0.123918449613717	0.175060181997807
-0.0125313584221848	0.02311787886125
0.107018634751817	0.216414037651883
0.852525589984921	2.72932045138822
-0.157765704816471	0.15848881600133
0.00277263025792287	0.00444215002671212
0.133161434435332	0.258641477168711
-0.179976614102919	0.18024605228634
0.143721064964507	0.182707780263395
0.154133813975936	0.167801527750864
-0.125043905524886	0.11149190829861
0.0189042196829596	0.0128568547367965
-0.570963712122076	0.379833773891736
0.119096764690613	0.0689822920860239
0.200040167855204	0.189877867621073
-0.387581946119036	0.273114384685686
-0.789742780080673	0.618055816193711
0.105008756924291	0.0750606314199348
-0.212664170427398	0.174109426455861
-0.711042337423716	0.396663264690536
-0.321333725958618	0.232004254081245
-0.175953913585529	0.133415622162132
-0.313412433827061	0.328062993712671
-0.637374940432025	0.83879688698165
-1.14027026190253	0.999812347075626
0.618649801666509	0.580639998555613
-0.350152001342464	0.277940418692697
0.22251945049991	0.183318618312106
-0.138626820841162	0.105998721798175
0.066482347685515	0.0560110601350744
0.011465596909564	0.00856148982513924
0.1548658907257	0.126904053372934
0.270173847355635	0.275850905121679
-0.125597367268707	0.112027559151691
0.0135269850522538	0.016323820052786
-0.34904003399003	0.642971953009397
0.0422837706737006	0.0717635117655182
-0.0911041093742489	0.168380001980594
0.0489258401290264	0.0890791335567644
0.0574066001692637	0.112533383167272
-0.265309864556808	0.7604663383429
0.00386973526814179	0.00648963969668639
0.00178454675440207	0.00290886782058527
-0.149606754059646	0.175477008985893
-0.259574426954964	0.370957542923881
-0.648564315957142	0.703041635970774
-0.263542558906005	0.45547397259474
-0.183384121968867	0.242454447472
0.107668517206152	0.266518140145057
0.0355512977124246	0.0748849627425497
-0.0555638620082203	0.0825027849987107
-0.41785976444641	0.709578697945865
-0.136110252085528	0.31033883698546
-0.127243497584897	0.280899249635223
0.0326814951210321	0.0382182570550575
0.114381226161632	0.152271300838997
0.253542180987779	0.367515935736447
0.105292006512163	0.0752785613022193
0.0886329457435166	0.0473265298249757
-0.577247094353397	0.474867280009795
-0.0990837030967008	0.0511740497596088
-0.5305121383926	0.578085480685278
0.050363096006322	0.040838302570084
-0.637982019725502	0.839702637279978
0.164189781852152	0.109571474192626
-0.22337421111418	0.148426321867556
-0.682263576084133	0.935624732358532
-0.580852114051878	0.521907909637607
-0.232832039236305	0.133078413133585
0.307558121208526	0.265112741733178
-0.0536119954522746	0.0418860492728798
0.197872053700873	0.148432391557806
-0.510671581900103	0.675036058349231
-0.260583589586627	0.258740567696729
-0.576524565455722	0.473899878547909
-0.0737218660134935	0.0459781007785175
-0.125253684995856	0.111696161150266
0.01694705300759	0.0222805958667161
-0.215104851458468	0.358186344964715
-0.0470123533061888	0.095048372015169
-0.187255815747912	0.474786126478971
-0.137304983580822	0.361106339800077
0.224848524773649	0.698438342379106
0.196034923049492	0.563385476298865
-0.213568689985632	0.540248492163322
0.205393547469268	0.54860102684485
-0.239120502657876	0.292356812302313
0.313305581318409	0.559624703457675
-0.307454209923854	0.28609230906137
-0.547187362031558	1.10938766348695
-0.0938371502557058	0.123192149124928
0.0441811420765076	0.0942388516176128
-0.246989322606569	0.715020728002981
0.00937279143116401	0.0143779011448961
-0.738319424330069	1.51448495173006
0.0198023817877903	0.0361235360134954
0.0230865354645093	0.0402434007203899
-0.426145037194695	0.680450712408729
0.301066905180489	0.485057297108204
0.547346122387517	1.04043822834918
-0.0616017036928877	0.0438675325265522
0.400972231213822	0.293581637086627
-0.282631056625023	0.246635813671784
0.900658167750155	0.699137246453219
-0.931608958337116	1.1055955529411
-0.0751691022556552	0.0469238205001807
0.301733294598251	0.249106909867031
-0.170803867224944	0.115994044663463
-1.065949350406	1.02703469061719
-0.796316479540929	0.306750919721984
-0.0388738432320906	0.0248186972396057
-0.172107842863812	0.117023802978222
0.0601565482885838	0.0382541503214394
-0.269250516482585	0.251206179542314
-0.124894399561694	0.111345042594378
0.0880217273516838	0.0469997850128657
-0.00658298481381316	0.0042872690441231
0.61952175775512	0.581678291051699
-0.498750646958964	0.418403992928513
-0.782898439461196	0.889299946565049
0.0613263022413665	0.0390076375971149
0.169067593087326	0.234255227537015
0.0932297912083115	0.150998752168167
-0.0244778292318246	0.0433895232871956
-0.0783603261527182	0.174416897253287
-0.314029946299853	0.987554144630472
0.021727848292649	0.0474400459046014
0.104918553438221	0.283624698251697
0.0114707765569688	0.0229109881545333
-0.136860725954127	0.34549327785585
-0.0140714570629704	0.0136493540967664
-0.23372854462032	0.310501018108909
0.876856462615352	1.19632002758267
-0.325376278130429	0.282054160079177
-0.00685813885487472	0.00862502508740138
-0.13795160597666	0.232307811725428
-0.207128903122627	0.568925908961487
-0.144826779618652	0.348914528624892
-0.131927376202842	0.227110205967079
0.0389675479295233	0.043955703827639
0.149821086678839	0.390937704038443
-0.0178144404821664	0.0309427160063364
-0.488842523886656	0.859549290602985
0.00388320066284601	0.00440773646070984
-0.625782604700741	1.14358298812832
-0.282631056625023	0.246635813671784
-0.350875231773934	0.27872831336618
-0.658598571230653	0.630299460146723
0.165060962111194	0.110209203834675
-0.270592565576665	0.252740117567894
0.124965463084782	0.0939095754022913
0.401468665587106	0.237161451099194
0.322331148657146	0.31073958092141
-0.233926522033413	0.133786055690657
0.0592812469106746	0.0376879883141465
-0.216291794032663	0.161866258109767
-0.860135358568233	1.52282130596157
-0.169608146161557	0.100185795828757
1.0104105088287	1.39070936117535
-0.0096025609272379	0.0069668832542284
-0.0101390881930103	0.00735419692600798
-0.432508938916507	0.368343077260899
0.0331899925693985	0.0588352352484304
0.0760092663561734	0.168737279420268
-0.355831012154501	1.43367038781644
0.0759677069079299	0.201681044697807
-0.0141129037697243	0.0273185592375507
0.0645305517143558	0.132478535485639
0.318168055901058	0.461950622230062
0.149482692532395	0.194061004304459
0.705624421376432	1.19017399835616
-0.410982905735484	0.474097381312215
-0.112134098675462	0.27781581116266
-0.271445239216273	0.897854286014558
0.273558016101792	0.516952004406718
-0.0350621291083202	0.045646682118336
0.0376694344513028	0.0833224035324024
0.158590582919512	0.408057258026697
-0.222756477633869	0.327864460555545
-0.340841184704235	0.64474024819777
0.0843441943377225	0.120535092021385
0.031727828886767	0.024703086284362
-0.0681355096783416	0.057235544681386
-0.0342630433918571	0.0246462858980319
0.198135210958914	0.148715649835488
-0.24807640309746	0.275394945983979
0.401600867426111	0.362289899942201
-0.172690499335578	0.117450375381721
-0.730668778778422	0.741776956057016
-0.117921688735023	0.119135597500286
-0.281816119009056	0.245791162086576
0.0208476919546057	0.0455857066009232
0.0779501001008287	0.200330771735952
0.0777147898744209	0.174006765480299
-0.0168634115086083	0.033286101624645
0.114363734207052	0.132465305085151
0.398101281399583	0.704802086157759
-1.08414201285499	1.20010315497655
-0.768319225900054	0.918737186428818
-0.104062670665748	0.23941986746701
-0.227855764439643	0.463562854516168
0.121779781262564	0.144476577534564
0.221211996894165	0.61164206338769
-0.190047054115407	0.508556534500564
0.321013987887422	0.475679291130492
0.394575486414754	1.05319375487614
0.160416782458256	0.288576120553787
0.105607040769672	0.0987844948753141
0.169887247361173	0.144943875068361
-0.779699368636711	1.11049197590536
-0.718743671041488	0.775665743622155
0.294003303235683	0.346774472440446
-0.281735055945597	0.388755583478864
-0.108644629062552	0.0837925385444769
0.598356250765234	0.77490775644224
-0.367528266118539	0.361602382547456
-0.486923225806889	0.371860305556658
-0.370830443117414	0.513772972497107
-0.203902924047149	0.227392243293936
-0.176517266083355	0.133866442039264
0.975640206177001	1.37620391399092
0.15036170197002	0.141723906074453
0.139087004884994	0.126702328385968
0.0967167924219974	0.106423874602635
0.200497241147145	0.226327963296019
-0.780756368324023	1.11277117072239
-0.204634344194209	0.204322472743514
-0.0994010633760612	0.148533860292793
-0.361862727703435	1.06828871428629
-0.00609227112184849	0.0118541875723655
-0.166977547840958	0.440800476130711
-0.15486290692326	0.401110624060538
0.179423925015698	0.472026610861821
0.0458528859989591	0.0929472804561717
-0.309313966935555	0.410391923400559
0.116537424820426	0.146500033911137
0.0491399606254858	0.0398160961938587
0.189894461176034	0.174119844234905
-0.460732790528921	0.784272670982023
-0.447888959241026	0.995249681488085
-0.27741241313871	0.734019269818913
-0.414308037651956	1.18842861852667
0.265659944689959	0.473420320474695
0.0635403888227634	0.0475953528959879
-0.0489341135576825	0.0945362318513992
0.364562903361641	0.997455630572253
0.462352848302062	0.90242281921126
-0.298716074457908	0.6465569398621
0.0369061419133179	0.0534208562080747
-0.131217169786763	0.17906478652898
0.31731209865746	0.460197594394598
-0.239120502657876	0.292356812302313
-0.628558856648783	1.0080689210133
-0.014714751259088	0.0150644380006237
-0.62139442525312	1.2328404052381
0.236065743680899	0.261183085525823
-0.437740091667943	0.653778067284489
-0.0401753982835441	0.0410433605469632
0.143849310347602	0.16809240967381
-0.300416267768969	0.331880486208073
0.588304916346668	0.957271728307811
-0.439081476571334	0.746932659214923
-0.105324883672347	0.123484401665455
-0.165141450726146	0.193433676200623
-0.314955588710354	0.482700052732158
0.101015293552105	0.12882655913061
0.0560800749596995	0.0663108222999854
0.433325650909248	0.748738621552418
-0.118538907680749	0.138939276703881
-0.148431038931788	0.28692968896364
-0.0683904678863533	0.117501003315315
-0.249069202163136	0.487589486817265
0.0516925791092922	0.0858640317351591
-0.242579343493578	0.743824088701567
-0.0283594269315416	0.056433349276188
-0.0945864832895075	0.181447482819739
0.17832541739338	0.279563001657234
-0.184194114457225	0.322268329366995
-0.374927401376215	0.673934650276362
-0.325976877563681	0.58278226905265
-0.359157558162387	0.645164576142088
-0.0952666422101098	0.158817643070462
-0.259762893154543	0.618322395762524
-0.323285722145935	0.914383660274026
0.0605187841302203	0.0801203144750489
-0.227600697752034	0.239980771152258
-0.200830873337027	0.444821718995723
0.267835286903388	0.613183295601092
0.112937582942177	0.158667100979817
0.00120635170518901	0.00156614455814008
-0.0221392450454702	0.0258004213249744
-0.0397641476807066	0.0501927795315668
-0.318075401502003	0.520408439514243
0.154671171591755	0.204857707436347
0.529222625197468	0.870035206466381
0.364021503447882	0.617436506516199
0.144089294032247	0.183243466711214
-0.0837968708672866	0.0939229310466362
0.0857864243942035	0.098351935414541
0.308854652966198	0.411848392528856
-0.0152001878928963	0.0147627270809406
-0.212274766824072	0.291363121705312
-0.477157098440744	0.765303807450226
-0.314486900704347	0.481748941052223
0.00685407146235409	0.0074739447606167
-1.10621262175862	2.89833750573677
-0.120227117521544	0.146341258169015
0.136604919371185	0.169784544239998
0.150487464082206	0.19560566264299
-0.0331611931708423	0.038709316517042
0.233126575945642	0.391617096230893
-0.112811963813087	0.159031081310483
-0.349837329768957	0.645391880651429
-0.374257406130751	0.672194059105103
-0.153116734108846	0.245634569932514
-0.749996152432482	2.11731584565695
0.0575935622223858	0.0972555079647288
0.0203969631020909	0.0366434634107152
0.140749305058642	0.322499796774819
0.507107032568146	1.79567326956814
0.590540423765956	1.29950629983002
0.0393342799212727	0.0592303477124921
-0.212232922647933	0.38285623779339
0.603596695937965	1.45004636702087
-0.718757741406488	1.86569588246328
-0.0673530538701499	0.133675141332753
-0.156709358557341	0.356475987752755
0.0530240997255732	0.0776806532244016
0.10834574652423	0.159222533791629
0.518664889955943	0.682832885049209
-0.269954751114434	0.613640719096805
0.0897055964391636	0.153816771696169
0.114890752572215	0.153050691797233
0.0348515945632189	0.0408575123744128
-0.797862429928894	2.26031534927957
-0.13979213487145	0.241403339970971
-0.0656791346939622	0.0767555600442198
0.709848732322139	1.48451081606091
-0.19844713736501	0.26257453618422
-0.255943374335112	0.326911506688574
-0.0644071773068671	0.075147290907647
-0.153910013485824	0.195745256070714
0.0862378400158491	0.0989253805080498
-0.164679967897994	0.184288514069964
-0.0766083748954745	0.0819971314379298
-0.0269415575534552	0.0275561301848572
0.704472918703956	1.04341120065955
-0.181904224155936	0.212705761349206
0.0126485825003306	0.0119698561597796
-0.358955395817886	0.477274255024949
-0.118866322675374	0.120191014577974
-0.59528418293769	1.05401503409698
-0.488377453093976	0.702166613266626
-0.222552556562929	0.260277798867787
-0.530661880400145	0.851089852266385
-0.0152807243327228	0.0156526051062502
-0.215560138951923	0.285800088665722
0.0172245348529664	0.0184486641125516
-0.451606788749316	0.816691655685909
-0.159672323151914	0.241266967057646
-0.419560708155472	0.992480987242329
-0.27021434751832	0.660252322990684
-0.060915668761303	0.0825610534734043
-0.389218410317266	0.987221642503305
-0.0989228475833135	0.226472009699644
0.186801644820346	0.449898406121858
0.247713687145902	0.634898733198948
0.239717432872518	0.371452971543329
-0.217022305534327	0.36222984134506
0.206904907041103	0.397744288238498
-0.21438614983209	0.387835147860702
-0.096794335979994	0.140531751736962
-0.439292585854804	0.838824411145203
-0.0136395578732379	0.0152662875415593
-0.193816451887638	0.348431928758925
-0.122747000747758	0.234745675538341
-0.226825126422606	0.460821189513828
-0.0741126136196119	0.186456292953781
-0.107479886465745	0.247651212300473
-0.0643885448583298	0.103586217488822
-0.0367059465179607	0.041181513743936
-0.0612971993839373	0.134201821312664
0.0302853078466038	0.0563020203331792
-0.0688618903210099	0.0933234258622675
0.121596007076759	0.215990842393851
-0.598524059430746	1.75987581822773
0.475316703530462	0.816631374426411
0.399267516596397	0.401208352325199
-0.236991747413979	0.222104415104871
-0.101574079414497	0.0908818909830117
-0.0136534279090812	0.0124700714630857
-0.68721125669781	0.902363978046071
-0.895450133051261	1.63751044657091
0.0315095073392061	0.0245312669008515
-0.517558608942812	0.503051062405516
-0.0313028737875034	0.0246100398575519
-0.15205193445164	0.135174239035192
-0.0258487080560327	0.0277351218786154
-0.106778358978095	0.113959166948709
-0.657217808832832	1.20282099333625
-0.306656595136322	0.285172212096078
0.0770600145587446	0.0802512532231141
-0.182101924553752	0.231563978401087
-0.0242413560865614	0.0283174878903316
0.0614677268241472	0.0698980379742177
-0.124969627399275	0.133368586729442
-0.0731739409102809	0.161875713247797
-0.0419389244566618	0.084318322271888
0.114573347867065	0.285687868738352
-0.17867729268256	0.579509349295177
0.0234569900955628	0.0507834864935502
-0.2859017457797	0.896711966558184
0.57216754777465	1.52545320716222
-0.104537176733313	0.190275563179622
-0.0578190296069377	0.0647715521296022
-0.0724494629844163	0.12735743740031
-0.0612122849143559	0.104616256847082
0.102201405743389	0.307996840314291
-0.134368037248719	0.437219980681291
-0.241983377429174	0.574993680666574
-0.0570930832743455	0.0797277902219118
0.214672706207706	0.806465880866192
0.22958368542186	0.792781115000572
0.176682213038416	0.294171522228058
0.502723369065336	1.61511582611045
0.10458413010142	0.196398239096754
-0.559739654760711	0.867072306342825
0.0425412032322285	0.0304245458574688
0.399568017996549	0.388313550186682
-1.05160290564642	1.36593032865143
0.0394677014901956	0.0342602553593243
-0.0336832913143267	0.026497982308917
-0.00915896194446775	0.00664699274026208
0.165215343678591	0.110311566259187
0.0594294728478807	0.0377880170844454
0.177613050762976	0.183930116388335
0.0241783586844728	0.0202481607155469
-0.182946547392104	0.204297339604556
-0.162109983699051	0.172302940916001
-0.453619872765399	0.842763240632364
-0.225007317996434	0.320049402990353
-0.0740349319961985	0.0710480195753411
-0.329145804138242	0.325086317470239
-0.391879463689674	0.47578371958359
-0.727266810348519	1.03814196215124
-0.107947959723727	0.115362470015449
-0.132086758298361	0.358659676229473
0.151244434945953	0.462608167798284
-0.148885404742407	0.4453038142069
-0.0929072466424004	0.25217923897931
0.0369856768565291	0.0878178280897745
0.0417594814146546	0.0983006798036184
-0.247664022858622	0.855396358830886
0.0279343544599584	0.0391874814034974
-0.160764922679024	0.257700103265099
-0.127093807868543	0.142020083870774
-0.0738136136557621	0.113047658350377
0.0105659743863904	0.017371480207947
-0.0786891981505521	0.231268018951988
-0.0496935364650932	0.136939451890839
0.276011864074319	0.861117163314501
0.499478825248545	1.42628569718413
-0.112438899537523	0.347742487578167
-0.091163785153621	0.251713848412944
0.220263076151146	0.421216601011863
0.097742493313745	0.18984630347919
0.277052389491168	0.742575525142659
-0.136880726055734	0.137884837927008
0.143954476093817	0.0898067859911616
-0.145454007849342	0.120459280516581
0.107008224695429	0.0765549042943629
-0.179021937878881	0.189124623327192
-0.0289794455677664	0.0263745946163818
0.00731762930846833	0.00590382867912472
-0.367116133864015	0.361054702075376
0.659174670960045	0.557181955684043
0.0556155120571046	0.0500589625255448
-0.0295852804643784	0.0251173232221153
-0.351454631310821	0.279260471693394
-0.348519334927677	0.364023900238891
0.00766091606284958	0.00617832657522457
-0.178365442866717	0.157771211992134
0.0669930140493384	0.0564575018667891
0.508178303573043	1.17665837851585
0.300130449668492	0.483205376886628
-0.124250173614648	0.132502578281908
-0.178498750028179	0.168289157500947
-0.591820110057494	0.814140874729337
-0.202962015916869	0.226207840547388
-0.110804761198036	0.105625416998238
-0.217344654338709	0.277288126296265
-0.707769222512638	1.1344857487448
-0.235768569656374	0.220692703783341
-0.369100467001516	0.363476736827434
0.00788808423673052	0.0063606369774722
-0.00815199166333559	0.0174480774288193
0.185431140977884	0.535761411570189
-0.0585986704159751	0.162698863528043
-0.0484402219458108	0.1195937087697
0.216039545960551	0.690636977141672
0.235445713971636	0.739539265890754
0.0813319299261432	0.199931525291111
0.626077930661258	1.40826640686917
-0.216714770187306	0.350632045564003
-0.476038846851106	2.07755807686832
0.118495276674741	0.415984569886547
-0.198268817693141	0.822381994081687
-0.00501278647559406	0.010532282874028
-0.049581741359205	0.0828430446436827
0.0261966966137838	0.0737599153673416
-0.107580033305147	0.341723958578585
-0.308932730758661	0.804318590408721
-0.365949431098036	1.41813861887581
0.147664533702598	0.394076767673152
-0.014793721441487	0.015872486268554
-0.178513720282233	0.157914916494014
0.136125154503008	0.155090840537667
-0.053794790078162	0.0420271845956345
-0.497452415013924	0.927903769801175
-0.0138705686667084	0.0148723944427933
0.0944692350245562	0.117947211015376
-0.0312257448538453	0.0245401641116047
-0.685148900275757	0.495812702586174
0.278468924171271	0.19490345965389
0.332210094153445	0.549463775864083
0.652555461817868	1.36960933582429
-0.928271576194373	2.06686715225522
-0.429547045737264	0.774849236140084
0.362187177357972	0.996522851021337
0.0569058710605709	0.0846272625926089
-0.426527797886857	0.681337128770966
-0.144475907297421	0.161458977527111
0.567132698739843	1.16940417584958
-0.0643054859430465	0.0750223352485538
-0.355773524266721	0.510887059368676
-0.296977425946429	0.454367695506913
-0.0946334715058582	0.115087766811898
-0.242861075829939	0.594709411077473
-0.0107068825971898	0.0194672100280814
-0.0719548836690999	0.212376959429995
-0.102868108306684	0.311709705686663
0.0751521244248919	0.229317341919203
-0.0570574621819607	0.145666075409428
-0.218824681804989	0.754771556179274
0.00838666509804094	0.0179243215601899
0.165470705848956	0.514952963230478
-0.064448859042837	0.103688332357584
-0.346084181286583	0.926359773570126
-0.300597189299789	0.677053214235645
-0.0466034035350584	0.0911586962503262
-0.155351285837302	0.347354600476043
-0.221471818036162	0.258751374075867
-0.0520259515487413	0.104023301768805
-0.0395206022290666	0.0769579551566906
0.119978286784536	0.203261964917931
-0.0395005893220517	0.0681279179205079
0.0909254265779894	0.193084530063736
0.221597306597203	0.348072078332564
0.0320234978351821	0.0337369959423937
0.0249670051106287	0.028548687107936
0.157712296587933	0.193317962565585
-0.203829160075416	0.33878929082331
-0.373250931938574	0.764296940470008
-0.474288833638338	0.627376114600381
-0.0781450313143254	0.0837488711869091
-0.231738243763856	0.23076004691572
-0.144278560095693	0.197293368075698
0.367650753248017	0.656789281445934
-0.106691051190149	0.113858820349345
-0.108689365609311	0.147986937455589
-0.15425464911952	0.287132876949579
0.0554681984541036	0.0790663415657122
-0.0230858375751755	0.0311492111844296
-0.763650722932294	1.39923728159722
-0.757463327810521	1.84315908018463
-0.396621305163893	0.733291383224317
-0.048109391233197	0.0927787587496364
0.0902580889512715	0.190472049822375
0.0116718496113176	0.0232206047054915
0.00416033528687337	0.00808329767409419
-0.187005486541926	0.411564026498835
0.518100987344368	1.91316606793696
0.0647494061219265	0.121739710271252
-0.128192060826271	0.259963535826839
-0.103228074493572	0.184246349430591
-0.0994586124399951	0.12571103530184
-0.322918931907776	0.788738226587933
-0.807995001794873	1.05790254299827
-0.103437646807451	0.168194877496808
-0.0317140635797621	0.0512738260407582
0.249616306663008	0.508866766378145
0.123583088888973	0.247729832295765
0.102717519534425	0.21601373321767
-0.334774898317554	0.90838928619612
0.55454336541667	1.40336334427604
-0.304324235924855	0.603055162848885
-0.0469692631845611	0.0732680320006994
0.444389848370441	1.04441250635152
-0.333883969790946	0.647708703947401
-0.10895748189669	0.173117561298232
0.023175353234761	0.0275644174033879
-0.218136849900326	0.432246485242306
0.077383348616857	0.118211554564457
0.0332654801579524	0.050898780231063
0.131399250691681	0.210168158444429
-0.0354925388320967	0.0564411048871569
-0.467366088181241	1.25214726966234
-0.173149642184237	0.28655174576505
-0.210639821089394	0.509064646551359
-0.0681625836942893	0.112315084393488
-0.401093671013451	1.12834875191764
0.192359983536602	0.26815804548579
-0.0565809737831504	0.0742054311466776
-0.0457846499589048	0.0712925379775575
-0.118655349277015	0.199676145121091
0.0152640746879895	0.0200283416579948
-0.0441039145918396	0.0746412607941417
-0.169245601860883	0.239759476166131
-0.0428440302144374	0.0712478012904643
-0.394114911891676	0.362926912856181
0.143364600121593	0.287071353644022
-0.263586542878311	0.586757091095885
-0.272227363698185	0.536910477168212
0.0307381390401486	0.0581070895973949
0.0641434111752735	0.137227602927796
0.313177880636108	0.697906527693583
0.233232036643856	0.391852284573825
0.231905550030622	0.429946010742231
0.270483586799432	0.497185197022886
-0.385145433908071	1.04543477543347
0.168293844702618	0.293500144750772
0.123312732645659	0.211778032413769
-0.133935594157427	0.189257091367525
-0.0393381438149074	0.0610632957372094
-0.324898568513783	0.795587499993595
-0.239576740232538	0.479484249609643
0.0256412194770956	0.0381816771579944
-0.449863165515365	1.42457422118605
-0.402916650181343	1.29447836400524
0.00688476675207056	0.00997484508497915
-0.276254461753982	0.436401403907536
-0.236861223631238	0.472274302170956
-0.0687714364506909	0.102298465344137
-0.295031370228565	0.610620234763554
-0.241953043858108	0.450386363903501
-0.0683989904763927	0.129230966776937
0.161188078374451	0.304244020795324
-0.0978624495121636	0.150984821581344
-0.213875032961756	0.612041969285967
-0.43172444598541	1.28512876939942
-0.276131106091343	0.352486893601961
0.1580907579088	0.210198393978897
-0.164770753673524	0.272661771534662
0.120660903594199	0.184212835734676
-0.0948849735291421	0.1753197618702
-0.232687273286945	0.584870296146841
0.303596710863361	0.839848159249565
-0.0143762513608596	0.0234484633666461
0.210798865292457	0.418792712204045
-0.509618250913753	1.42441876690967
-0.0113595595563298	0.0174145771361986
0.079985552459635	0.141729004332824
-0.0297182033987875	0.0401275838011864
-0.121351236691827	0.213614690441946
-0.211212500976667	0.390217590957308
0.512239118409797	1.35347890534552
-0.17092451252469	0.333755651697324
0.0476662273325569	0.0804189311507848
0.263247163481614	0.641598141986544
-0.33612572791888	0.718161477519637
0.0483829243070039	0.0646915238420813
-0.135609477976786	0.227527372943178
-0.0931094497860851	0.147268957905191
-0.224047926964217	0.395016200946165
-0.114342262934432	0.145095165399672
-0.147703740581615	0.243805945935181
-0.234503093251567	0.13413368047263
0.0233696315068034	0.0195608296040229
-0.093263268194268	0.0656426743641117
-0.100768988948685	0.0900820522744452
-0.266647294116272	0.704732569947619
-0.113328479331044	0.265955566476257
0.203187100005801	0.511036605220715
-0.0137688835036118	0.025754882691644
-0.427106552540575	1.4389377761064
0.199140604573391	0.470971620773727
-0.0000373160549655358	0.000070799409282003
-0.0434840875085236	0.0766202229174585
-0.0195851925215393	0.0339617406454857
-0.158123723124085	0.330649467577728
-0.0128759017940142	0.0144020006557566
0.0634457843035943	0.0960806203691766
0.0894935427522166	0.153396587326117
0.706001831027408	2.32274549692839
0.079280191629216	0.0946172937596527
0.222080073328406	0.313262616452901
-0.00331019506921209	0.00401033281855538
-0.183987590265916	0.313699780283313
0.160898456500179	0.272292793829601
-0.0698139510954928	0.100681878403121
-0.125240770044488	0.215538529901333
-0.290020420541397	0.627148021999809
-0.142868235081792	0.258352254342695
-0.209146566283077	0.439742158022962
-0.618666740334251	1.32724283438941
-0.139708668306426	0.216813816692664
-0.0114023969906011	0.00972276697225541
0.333663284022969	0.354150068835449
-0.574583169239492	0.427680749101863
-0.0493877409493356	0.0599012713834524
-1.08341988265128	1.19935164431507
-0.0327183385194609	0.0529888893346416
-0.229089649175379	0.71225844982781
0.396630519572765	1.39176662131307
-0.0360384063310967	0.0719104766311128
0.272508656039231	0.704574667751589
-0.0942709558514797	0.180724662118751
0.0122503690602182	0.0205757410024022
-0.0910970509051829	0.177468555213186
-0.0731465565131783	0.133701262751678
-0.291734603914987	0.848008232244993
-0.165585781055739	0.359857432105444
-0.626913821533524	2.13293547914943
-0.0545697317734521	0.0969093909650905
0.433554848680294	0.775654006391993
-0.0919709729434868	0.129108272173732
0.297760389085299	0.58330575430801
0.39942840187475	0.825174070858937
-0.360465002277912	0.438194523558645
-0.155411292966341	0.205134258881315
0.0622517826924869	0.0708558470985587
-0.155827607097114	0.257493896175435
0.47739948270924	1.07842604056889
-0.0915022801686896	0.144337908494599
-0.273960367162904	0.527163246335152
0.160811206283609	0.27212520022226
-0.12789248327666	0.204583724807252
-0.534266060424257	0.886417176697324
0.0546215392343812	0.064473447884686
-0.11724883112555	0.0976051715818876
-0.229353334519121	0.24208535055363
-0.171675726165082	0.116683783854337
-0.21128001133334	0.300575339912226
-0.718447373982031	0.775067672346041
-0.201156971724923	0.421499977711364
-0.115161445401204	0.240030769185921
0.124007670022125	0.266429625888636
0.0458386623128895	0.0880952696002584
-0.0376620230980166	0.0647391108903385
-0.145163255536945	0.26874527035959
-0.376958407724489	1.03481210454227
-0.14969519778703	0.338550129843138
0.0220862923625439	0.0367767827800219
-0.610877247138739	2.36551869671783
-0.379072928839725	1.04270579110765
-0.147443558410865	0.284549085552906
-0.00311017499678781	0.00333532818742368
-0.540165219140329	1.29902722953522
0.372250416281465	0.730867348005499
-0.572599528609079	1.19545098090922
-0.673177309033598	1.00110290783024
0.62390111427332	1.08211747606071
0.304607738430236	0.500216925863681
0.0305673637147493	0.0417625510263961
-0.226081862585966	0.321960180270754
-0.162557850905962	0.268190719091269
-0.278218713978586	0.50747346288907
-0.469281400165755	0.847493525449782
0.077545781217929	0.118486507966993
-0.149120946307893	0.22521376498211
0.204774162728863	0.329938069542268
-0.281574760719629	0.295320784292743
-0.108417560865501	0.13213102636123
-0.439148953256065	0.48119803469314
-0.243768550254189	0.21376229567769
0.118965335946212	0.0689103346007592
-0.046501005810271	0.0249027969486094
-0.0893027097707147	0.179503151606657
-0.304251138908717	0.802446027764264
-0.140200285806668	0.306664013939428
-0.29061852100158	0.690151355577426
-0.0665137672482678	0.123464970311395
-0.430147657599012	1.0800603376427
-0.128108392449011	0.241021760379724
0.0373368115368964	0.0420457863622413
-0.300649238930489	0.490795941837176
0.278099375884917	0.460397474576604
0.545558477763774	1.24177116873101
0.185277981056143	0.197565724657753
-0.0141181264304183	0.0137028826437208
0.431760456238012	0.824015292324813
0.07257282650761	0.0998740418256607
0.0778644317080052	0.114190823100674
-0.0712823455005075	0.103006770626956
-0.218256607858806	0.353736275459114
-0.0397511066645081	0.0585970392956345
0.124520196108571	0.193186639882723
-0.0149397412163477	0.0188179306313868
-0.0636442285694841	0.0575004526586531
0.0812623914745851	0.0971406266261018
-0.297695884264102	0.23955025261466
0.13913099435432	0.126732300983103
-0.38775783342884	0.273170346093341
-0.217412435079919	0.162849875092744
0.059136539554202	0.0375949081879615
-0.410852634832076	1.11714818057297
-0.167763274814362	0.3596306460813
-0.301619662614146	0.78366741992496
-0.0753321939557463	0.135227037884819
0.0649218154858907	0.105720806209701
-0.285911524624554	0.666375528328033
-0.432574360298854	1.08926848791913
-0.33424273745807	0.648538989455011
0.010034137842372	0.0129333991927107
0.527562915373372	1.47729997747314
-0.398268320603991	0.900465554624643
-0.132612651756408	0.228700004986224
-0.120923617692277	0.202420818077413
0.029638682792673	0.0404568419938987
-0.0839659039609306	0.125294240768531
-0.258416030189336	0.506526818361178
-0.148111995400752	0.286143643476679
-0.276820160920889	0.594210276648172
0.00150644380083303	0.00219454064041818
0.0220280840488684	0.0334237853156209
-0.112692127502267	0.19735310040006
0.0795342432926881	0.100639528210134
-0.22358121641011	0.415508351128174
0.919465381091527	1.91195382389738
0.357259453897171	0.524157288684373
-0.141115350784253	0.108033013506902
0.113878273472426	0.0965146861914677
-0.320322619660466	0.752506424520282
-0.227956711405423	0.519322298750186
-0.106285254305747	0.194005959567214
-0.150131787081547	0.296329150749682
-0.354913085654499	0.812392439681951
-0.122638992323382	0.190080150415875
-0.295092664982335	0.568756099580217
0.133200940106917	0.201393547808866
-0.0108283483266928	0.0154405090521502
0.136393577333645	0.221903588296613
-0.0291204448452234	0.0417380069888678
0.204604787982709	0.392173700223201
-0.0272611672879147	0.0378479927573409
0.0888575120755011	0.13496462650909
-0.636307858986026	1.57660257410992
0.0110402621202094	0.0132890883798691
0.0857864243942035	0.098351935414541
-0.239271911144681	0.292604334962066
-0.583804903371103	0.599945459315168
-0.140890628431125	0.292554564673854
0.0540295090746438	0.0953512222868506
-0.361047671650412	0.956262925899565
-0.0659444116041005	0.115418267981743
-0.389478858883906	1.03924972281706
-0.161499493174217	0.29501930040459
0.0889474782748157	0.147243239617239
-0.358340448730858	0.869005695349629
0.271453908976759	0.583917678776758
-0.27893743435148	0.467979066283937
-0.0725498624635386	0.105031864834361
0.021646953923818	0.0289425042229026
0.206841299867346	0.3689093450691
0.104186453097281	0.117478336929423
-0.183633683701184	0.30465694683251
-0.106219217211741	0.164165298140314
-0.214833641024028	0.3682253982449
-0.14709044002595	0.221533309709588
-0.240766035175155	0.294802944695594
0.201511579182588	0.261223982294594
-0.443867275966474	0.777781735408036
-0.202378916164571	0.399627796853199
-0.162630948056471	0.334109890384832
0.00786039296408004	0.0125378614745069
-0.360254887127413	0.699473671409261
-0.0989827430235016	0.172348259507323
-0.0200673983352392	0.0261117086467034
-0.266551213770666	0.549218198761797
0.0297843704409662	0.0460775547594918
-0.324497363479424	0.691678034084054
-0.127110222509439	0.219348111314174
0.429487390047456	0.870831872704431
-0.356951187727661	0.639879863137293
-0.236736716780376	0.4605115679977
-0.119497710124542	0.162865040118399
-0.0412428333016389	0.0573992613892306
-0.0877965164493597	0.119255615506821
0.399629808444249	0.948303530567121
-0.0742243449429001	0.104027101575445
-0.168809483288649	0.302088779344705
-0.304243852515617	0.646683818012656
-0.273474587563849	0.471592248486727
-0.181288031237325	0.291511935654825
-0.378125378145168	0.696189778678043
-0.507100747902197	1.23863648145319
-0.042733042323472	0.0694679577548998
-0.204604397888835	0.468731057393011
0.0621358270452471	0.104008836527743
-0.0629955653861492	0.101133081324806
-0.16201409748219	0.308630864681117
0.377502496831165	1.00958277789175
-0.0525311489863798	0.0876492487400333
-0.0927630303902109	0.138771145830741
0.120117793425936	0.203536949128404
-0.0763570313134732	0.123194934890669
-0.39449786091371	0.831131475308892
-0.80624490696432	2.42194611028376
-0.125073415192602	0.199347745636238
-0.14531288566283	0.269074570607837
-0.323439967496641	0.763118539365921
-0.226212632256791	0.46921658666679
-0.314725001507949	0.594224705396609
0.0849271640817538	0.109547538186694
0.150487464082206	0.19560566264299
0.278424216306412	0.541969785326642
-0.182007142798403	0.301285115631833
0.000350057729313915	0.000502957715822104
-0.21407562489477	0.387054238409041
0.482567337287397	1.33053741123365
-0.302345262688655	0.707373050324397
-0.68855347760643	1.93855110092602
-0.424517936130927	0.897718820486002
-0.326989957193249	0.585234550269099
-0.466648032282652	1.06256591441394
-0.103933631070713	0.136407312517771
-0.38828482241776	0.578854586098924
-0.253696474633084	0.374531478398817
-0.293842807823141	0.493915433718025
-0.185724570713329	0.393672858585186
-0.105175393021217	0.19953198102804
-0.15669540970625	0.321328158186401
-0.015885351281074	0.0254495787227687
0.41789750340683	1.15322611452876
-0.419396416305001	0.929479491631366
0.270773662311324	0.570927481088252
0.124401980819546	0.213933427255222
0.068219005882188	0.108826167338539
0.171561873870958	0.322035355742731
-0.246425324002973	0.492749749546886
-0.499340517874002	1.29379039307874
-0.414651382876984	0.959131230274173
-0.326576052358345	0.616600860465149
0.0436752885100772	0.0667391606897393
0.028708066399408	0.0361686483936639
-0.192719980558579	0.301186567548228
-0.305261875432641	0.559565607183399
-0.442834303379675	1.02969068681451
-0.682982206235977	1.65958807489013
-0.119579514716848	0.16299777569552
-0.0851091842231368	0.111860417896746
0.309574796442288	0.542870702201802
-0.0790515156021466	0.107384088694072
0.212551647548279	0.354442548592143
0.250526964714162	0.356375937562516
-0.513276827915847	1.12189353729834
-0.25459847032561	0.462771277029797
0.203781583766452	0.296373852082172
-0.256159751547016	0.327285083402054
-0.263921824938473	0.364073491839797
0.256985356722812	0.245844524310977
-0.890831624091352	1.47199687441528
-0.13827608010383	0.175401870781039
-0.147272649593691	0.321898313776413
-0.245319360075991	0.602952352562187
-0.0967414805454414	0.195955039359564
-0.577778098504711	2.05840258914635
0.0762241460042003	0.129230245847392
-0.364735519380635	1.02710641229817
-0.01723185619516	0.026504880517048
-0.141670208641344	0.273068291234778
-0.0869127962488321	0.163097490107959
-0.159823618962051	0.241696934216757
-0.109655901559377	0.164507446518196
-0.297013367849718	0.529113639844665
-0.0279244091271111	0.037616894396714
0.00125360191734621	0.00162732869181248
-0.164213686988258	0.285248862515905
-0.236339411670094	0.405940807716279
-0.0789421464654781	0.107217879023351
-0.395435555492603	0.834072378459695
-0.160135308229185	0.256446460335466
-0.0784125586498165	0.106431475041428
0.0713169580238776	0.0831456429961412
-0.257696937606848	0.367651027204417
-0.490710003273224	0.564274383467764
0.00978816415589018	0.0163761309704028
-0.0603838394061222	0.105376744723832
-0.164261783278905	0.326283063082618
-0.643011622286704	2.064914908603
-0.164124058333735	0.325962457873866
-0.145920838171188	0.288138330286591
0.0960380734818333	0.185987070856771
-0.322905260889632	0.912833308988297
0.0223113223184814	0.0373891287134479
-0.0852393941079065	0.15099058126211
-0.274948729970352	0.529345463246643
-0.225657330874048	0.467708329598508
-0.0326388067373935	0.0396715676902954
-0.0740646895949387	0.0971641096298153
-0.16049371198292	0.292780798541466
-0.139629645888052	0.210765873680932
-0.513257878644339	1.09634585173115
0.10019386374459	0.135137823747125
-0.0903541453549297	0.126588083636963
-0.183882584717072	0.321530611797114
-0.129484190525382	0.195117760662169
-0.126536070619912	0.184706664329614
-0.151766139955773	0.243099818577558
0.144777682306093	0.169319005564582
-0.678718131501126	1.35064398718681
-0.222752622305661	0.413564579607637
-0.340833704581114	0.678685362313576
-0.372317721441523	0.667199375977904
-0.16111553636494	0.366938063267304
0.0904492548146526	0.177133323528098
-0.159559838695436	0.340099153066259
-0.250637308555836	0.616270084347628
-0.173224621221068	0.36561144992497
-0.0719715893866979	0.138772599792601
0.415958288023301	1.23142393814455
-0.19437263371269	0.390811428402801
-0.245747930309311	0.593609244368186
-0.086071588479196	0.135921579028369
-0.0571128107003321	0.0937697754808896
-0.0418242642510848	0.0724201599467717
-0.291302827792634	0.574963303225466
-0.2424722197151	0.345820217749909
-0.13601081991244	0.223230842181386
-0.368104665187581	0.735275432520282
-0.205690910635572	0.322346037587012
-0.251009994689462	0.383441381965833
-0.102252001287142	0.143918669406433
-0.0486647789313987	0.0678183901419435
-0.172950442459023	0.278458439306247
-0.0707906273921453	0.0961693774005628
-0.203650411070965	0.338478613963565
-0.141876003708601	0.220816045364286
-0.194869854696569	0.29586111160824
-0.168312633620714	0.238125105797621
-0.372373490147534	0.473350104376702
0.0612575714183986	0.0924944975570269
-0.014679172594624	0.0197474612907303
0.455373364477566	0.955351786918441
-0.240675801497067	0.459279692933225
-0.594781451202982	1.20968988939458
-0.246186016936346	0.339208215362548
-0.149008703694599	0.348412186389959
0.12206491854297	0.274739236682553
-0.25920136110408	0.700294381390785
-0.275405944630797	0.706158080644982
-0.0282749278444909	0.0504600437425816
-0.102572842078831	0.215809962983783
-0.067103411609408	0.126472226020442
-0.165292291327927	0.370777880444597
-0.200076160347102	0.44268215359549
-0.327387943496035	0.786613556795175
-0.371622455073493	0.834964958567152
-0.418419761572265	1.03197681032273
-0.393571923981019	0.76931976123824
-0.199036914797281	0.263521978989587
0.155808548885896	0.206691308874976
-0.360438444883779	0.737533395124627
-0.448014075379572	0.902720056528679
-0.0723694101342419	0.0880277984003866
-0.717500764390299	1.62472573411759
0.119327012455539	0.171029393060398
-0.198315688051489	0.272222380199284
-0.202491943185615	0.248125039054516
-0.499041750362958	0.418722638206924
-0.20411448030047	0.215783667375568
-0.562923848433548	0.329221733999932
-0.372041660797358	0.872714346843133
-0.222890853685256	0.413902283794252
0.217099492430039	0.373021194639311
-0.265485482799234	0.532799197266998
-0.464680469204985	0.694170122162182
-0.114287330656558	0.128244343032563
-0.0434725420663005	0.0606976052072996
-0.0464004677012574	0.086568509183804
-0.05888966237202	0.119606082114724
-0.133291227000682	0.312303648856107
-0.157709842857153	0.354005155272214
-0.380013996504497	1.17774872794779
-0.105394972506371	0.199982934478717
-0.177545908860994	0.354058397466352
-0.256370005734847	0.466967597478917
-0.305315900842222	0.452518825216836
-0.0289366492674135	0.0377412332827093
-0.361045189649316	0.611194527459081
-0.263183863962347	0.491493772287974
0.374138731442849	0.787725730419653
0.123488501195296	0.191327900726701
-0.0211083776192521	0.0255780698959289
-0.552775746313354	1.21222339666627
0.0511332932727342	0.0627404295113663
0.0941864738756368	0.110619064251932
-0.297610775670449	0.379633170011196
-0.049215740782557	0.0527325478993523
-0.491159593144665	0.564776859658661
-0.412127496768896	0.404283818660948
-0.260224482583616	0.258274555818508
-0.419280181910607	0.929109749794696
0.0656033904050759	0.096692705726554
-0.175846023625805	0.307361139552949
-0.270040741965156	0.399169340675966
0.0144733899747492	0.0203158865700092
-0.474718030601026	1.13200872151954
-0.148348164247759	0.281320962048504
-0.216881359736097	0.361930013713524
-1.08134787337681	2.22218914886852
-0.0589677130046135	0.0745635667470171
0.0311575168192359	0.0471576392292774
0.0735129113697975	0.130939698473571
-0.0628882057722169	0.111926296443103
-0.0305511363165722	0.0514175034896168
-0.0570466356246748	0.103249360453336
-0.154897963157505	0.305643889381995
0.00363656527311818	0.00572186067117804
-0.205328148888078	0.462720727577377
-0.518560458228257	1.57623519342469
-0.302059649871206	0.640287397117985
-0.0706203890586428	0.113835898219503
-0.146277024155797	0.271310259496319
-0.0886204769795226	0.13621433863774
-0.387785744665917	0.930480716943752
-1.00982520293606	3.2873927855071
-0.135820881648091	0.203960145115164
0.13707958701829	0.197616495556186
0.0156596678251995	0.0211882936395152
-0.121287647119189	0.198751502185463
-0.356062549955185	0.747427962531843
-0.0460104343885536	0.0601610841668825
-0.186075919479614	0.35775757150362
0.0902776265479748	0.13145131648553
-0.422921170633312	1.14038036650667
-0.057667657696249	0.0901205071679468
-0.347926472490021	0.74499071553069
-0.108640233783276	0.162745762510994
-0.177703988600944	0.146435258548462
-0.653168191106909	0.668446074498684
0.25735951892582	0.246234566808506
-0.124286367576871	0.132523561248285
-0.432362419806264	0.368189887962458
-0.14770779905338	0.249836042610758
-0.152036466122315	0.243632202906026
-0.388988351219873	0.799334816116796
-0.427476877770804	0.990185600934204
0.0229789667736849	0.0307734440133493
0.0224724104579383	0.0267084648023457
-0.812494166672577	2.3974345360874
-0.707327957555875	2.03429018525521
-0.129793152489651	0.238499255363243
-0.234030311519743	0.599516867827897
-0.046643766013007	0.0727257213094037
0.60527342646483	1.75680359545188
0.29306740328066	0.652001485562267
0.125966358154398	0.217082407418938
-0.11240701941887	0.196696435706575
0.158842932561384	0.298811908599167
-0.488808684928637	1.38668299712085
-0.37143178478162	0.797126155109363
-0.175172571751841	0.298372604453281
-0.195483954926855	0.296997426614798
-0.0553730469513838	0.0725206767527035
-0.178689299711657	0.35698865246165
-0.0332573618586921	0.0539077159308082
-0.110112905419893	0.179166925452789
-0.182984785682919	0.268626200360878
-0.0713545295898842	0.106518309357741
-0.015236139032976	0.0205095195701614
-0.129433252432823	0.176194975176818
0.0564585340466986	0.0838993474427769
-0.243438624919968	0.466104309523039
0.113157992767756	0.169258982356995
0.0227068008983406	0.0269939714868279
-0.00559194975065004	0.00702457811786129
-0.717297052500654	1.90490349323414
-0.0130468178832304	0.0164012482186264
-0.0785015860721907	0.0992801953932573
0.397218838276834	0.575602488565241
-0.0436105861157793	0.0394802308500125
0.496920734238741	0.732924572506813
-0.302643827128412	0.418472454435581
-0.185237796021409	0.217296886145205
-0.558596442950599	1.31753509451817
-0.123428824215195	0.174272838213345
-0.517660388611705	1.18653847997795
-0.290197581735167	0.627671555637402
0.00410436523831811	0.00557837893787435
-0.318832772202045	0.554006281364439
0.10330740173401	0.124362556401861
-0.460224789615181	1.09531011619107
-0.079603385942619	0.11526281043227
-0.782741793951803	1.95410215249382
-0.117868292503123	0.1768209830503
-0.340744295955291	0.894831028836471
-0.298626024279056	0.710438998423931
0.0630050575383781	0.120398954499166
-0.0540622539773026	0.0846374699243819
0.0618886882653933	0.0820544279370686
-0.0914463856631664	0.14859912722106
0.536510923123197	1.44465325013097
0.290736856285239	0.632559787124768
-0.169124128288895	0.32282936991077
-0.0987384132556772	0.168678792553996
-0.282924687462401	0.54391895394403
-0.245914641357435	0.387305141475809
-0.0853183508503065	0.12005802968204
-0.131163206553923	0.203489004579297
-0.0691439604617222	0.0937431210044901
-0.211115227978564	0.3003121574103
-0.343326310113666	0.783458806215091
0.0097891036143506	0.0126147096075367
0.0177787138199309	0.0226351867276376
-0.0284479714171502	0.0383498674937705
0.302261836969366	0.495430751170925
0.32869064438553	0.696746424040828
-0.118370888793981	0.18876221614046
0.0486018798782402	0.0728294417233074
-0.0340622987730007	0.0397964933461358
-0.537569721018504	0.921178305281288
-0.343855431137864	0.511033904427652
0.0868150061680844	0.105968413921141
0.0374458027787203	0.0376350621463062
-0.248856466312156	0.276425062714196
-0.267979725901923	0.355519476126237
-0.184179888393363	0.225513175699414
-0.0678350289581707	0.0952049802956411
-0.253063430969796	0.485166565204543
-0.595478194604392	1.37386697001472
-0.543162843755393	1.63466428640901
-0.183534361898437	0.320810699276512
-0.1488764658778	0.224776765148045
-0.306311858915872	0.373315918744654
-0.0206195609906764	0.0259255372051525
-0.452003992535749	1.09915669035503
0.0251893325687446	0.0374832086041178
-0.206352787224194	0.354010839919538
-0.261284367911544	0.450212086734317
0.0135433537951365	0.0157231410353607
-0.0713164405888022	0.125150231121197
-0.0409728812252345	0.0774038270001121
-0.0994702010127579	0.180868102880248
0.0833519376350382	0.13568601364237
-0.0566719543796323	0.0842708757018156
-0.103019464888487	0.167398199007659
0.117728971704029	0.215130407053941
0.0303388991306586	0.0484216242737246
-0.35945104961108	0.839696154793537
-0.33376665748751	0.614170403617558
-0.250077016649803	0.477723808480651
0.0539807315395509	0.0700572439345826
-0.123703242399618	0.191980127867525
0.0459106579194343	0.0582818089365784
-0.270544606964449	0.568248387786667
0.103171365873266	0.164540023652493
-0.0310032825317145	0.0391034193797457
-0.0207214028081484	0.0278779914163221
0.298647270445194	0.585809816658642
-0.456575105754438	0.871075414767368
0.333108370851515	0.551327931582862
-0.411280438452656	0.677246608489544
-0.0723985784755468	0.104803115125909
-0.105465018877321	0.138684645215307
-0.326371394087886	0.485356118610144
-0.333865368975264	0.443854246353184
-0.157742878243193	0.1584626969393
-0.71962492419691	1.06916729263486
-0.217027792754712	0.276795446513105
-0.00281491449958535	0.00288477937460233
-0.105507152148514	0.16297340723899
-0.421708437835597	0.736617786573242
-0.429170112465307	1.05983332915735
-0.220352154161904	0.438012223269483
-0.334413442820129	0.581889648798994
-0.181880045623511	0.292699486778213
-0.382205802676987	0.897317417414726
-0.159361487858366	0.284082278765417
-0.0101443737747132	0.0151776748886617
0.204158318344258	0.443443017824983
-0.213387415602031	0.474356590032234
0.00215490824834153	0.00338745921569846
-0.110671179860157	0.189521553743057
0.028335865703584	0.0412850321990177
0.146219012229449	0.28478719051335
-0.253783826153783	0.531686732691997
-0.16045547243509	0.298874870501742
-0.120264060445229	0.196792983191459
-0.295751840391515	0.570503935798321
-0.211741513559164	0.401071339609025
-0.600041614713307	1.82637933617574
-0.437015513833234	0.991552104773115
-0.0545672275619317	0.080904902907842
0.0663120809718371	0.0978641924446248
-0.131298244181403	0.20373891735028
-0.283467388050487	0.545339104945289
-0.206007025297313	0.322992802445949
0.233828651360877	0.393131361100775
0.0373369162997091	0.0481019750804429
-0.355993018054834	0.711326161354879
-0.260946924839724	0.41175507356636
-0.281668795479357	0.388619259577198
-0.184960053741307	0.235840841309923
-0.18319929658414	0.204567126398592
-0.010407262688022	0.00754763591568997
-0.51472526666911	0.709398336669107
-0.160105147385105	0.169870936234832
-0.203482249103501	0.337998528406941
-0.291494725497254	0.460951737175767
-0.346480650787466	0.706922189366614
-0.430093127129183	0.933199547244536
-0.510202420416416	1.25055063760113
-0.861469408599743	1.52666911707108
-0.344717903437137	0.398980735300286
-0.145696346188737	0.206192021153457
0.326540428060671	0.658203287134041
0.0851045915566894	0.148518764471444
0.231805228677842	0.577562021154592
-0.256007556381936	0.611227918586262
0.0660107553589687	0.117892675021623
-0.327316320431101	0.858957793481752
-0.246641355773229	0.50502137817912
-0.27522201781042	0.616661726514439
-0.245365347148614	0.501267576475632
-0.361270281872328	0.776026124685436
-0.160442384104535	0.279910690718055
0.113544053937475	0.1699249772389
0.0576360775606458	0.0890299902972741
0.49112255240266	1.26109614315848
-0.0527590175714036	0.082445620255979
-0.329993985927907	0.688737213111857
-0.194583408918208	0.314316064235757
0.206998664230708	0.306550662292815
0.0200987806186799	0.0247590447289204
-0.263375092133973	0.454975826850783
0.366249322865254	0.632820247200381
-0.153005428864558	0.194420739397482
-0.129103629210529	0.144636891174288
-0.0584347786587641	0.0563021182539276
0.0136594993805325	0.0129329695906512
0.0898860407302278	0.0889926601313069
-0.131421956216991	0.124798242637278
-0.0214733990256019	0.0260354703505997
-0.1572114018775	0.266785371108794
-0.0351248596071707	0.0252716144367766
-0.290898165694126	0.338450434777838
0.397280563418874	0.575731802880438
-0.0901143697898595	0.105395817793105
-0.0130946542520956	0.0208860475146581
-0.117101902076792	0.252049946012735
0.0549014563964271	0.0996480086889905
-0.089393971996817	0.164765854823501
0.239735382035815	0.507048946137023
-0.471756150459578	1.41740802350983
-0.400108889736445	1.28022404130834
-0.12159805337344	0.236020543724385
-0.256400148985496	0.570243443770315
-0.311124898821062	0.524757921696349
0.0183738171254046	0.0197006854311294
0.126048355625234	0.208852180935174
0.0078533844800409	0.0104133806118496
0.668779998420132	1.79845392817308
-0.205947152791798	0.35316265519154
0.0125864009514272	0.0169707790333655
0.214609718392317	0.363326554282124
-0.355499989991081	0.745606750842874
-0.195567402566425	0.297141156619211
0.299198202872357	0.58716651333528
0.0433867833176009	0.0413168431989098
-0.168733278397835	0.238894035206066
-0.0340112979813047	0.024462772035022
-0.673250997430947	0.541335184090869
-0.121669874995539	0.148375442141139
-0.256281331594208	0.51377624117079
-0.304645348015049	0.673766696748782
-0.347220398133341	0.674433774445331
0.154597619154867	0.12665337379644
-0.0402217063310502	0.0410932383184053
-0.374234641344562	0.672207963236535
-0.127616284445386	0.262627250571827
-0.11050966616994	0.240948085769369
-0.219438646067216	0.506706337379389
-0.149723037391795	0.333686967325273
-0.115486030206273	0.19351830896546
-0.277500809905488	0.596259097313116
-0.365550924264473	0.838139585558879
-0.159782049051622	0.284999997619933
-0.784712976300108	2.56986178083892
-0.239776669832999	0.40089276353076
-0.125248343402192	0.182525484325986
-0.27603130974588	0.51756800622056
0.44374454591509	1.12056310325558
-0.370949229331103	0.795531536980606
0.185116704463308	0.346691284698549
-0.2752548614363	0.515594916067037
0.0388972469836171	0.0483580613921049
-0.21481204386652	0.357485397080462
-0.384963570673642	0.868015995928919
0.181938533416093	0.336101549361752
0.0363263932311556	0.0525477419474886
0.322794640128035	0.487441622285883
-0.510621588679667	0.873342207353963
-0.314172809766309	0.328989351765061
-0.428251486350583	0.992795525588473
-0.0500997945362712	0.0699578606262026
-0.168310505238135	0.230135727121206
-0.196445296177894	0.298637230269931
-0.0494773526109287	0.071259906474059
0.968305067549398	0.702706078450038
-0.421394720348923	0.652044688792956
-0.463684641401571	0.691782400492438
0.0162737163561517	0.0229008566071896
0.0747546574345352	0.133394565525146
-0.0352066913795307	0.0606053334946141
-0.193930565768002	0.381694150889947
0.153752333111954	0.322005957660785
-0.104594239953065	0.190404752769515
-0.227301240278502	0.561269594790623
-0.311277925722216	0.838010621121225
-0.204446602662876	0.50054318112201
-0.256128726626112	0.599839116421439
-0.240273855449743	0.509876043136979
-0.17830359058458	0.334894023132543
-0.256287095964472	0.526419881235276
-0.245696721125636	0.447128583672169
-0.0224224103680413	0.0320674000295176
-0.550251931485176	1.49684361548126
-0.095976553364305	0.147681160378864
-0.304088417943353	0.629254864247745
-0.270222952345382	0.479565009683836
-0.212731596208869	0.373957409148316
-0.163043131127415	0.298486457484649
-0.281290986272323	0.5550264416055
-0.122344713230066	0.205186379525729
0.0246117368386322	0.0343827268441309
0.163327440190786	0.31173264143846
-0.358238325332873	0.835319234849217
-0.106100073359519	0.154269482823275
0.00594020189375301	0.0087979444267141
0.00272683058109447	0.00343995264624103
-0.518553043379866	1.21419391882282
0.243424087281371	0.384377619093676
-0.348944838239733	0.643247052529341
0.274738393460567	0.520052642936575
-0.136074485293528	0.19868915937244
-0.0594282026711534	0.0972578853773034
-0.196415345850746	0.354334253223759
-0.333190661082746	0.645786481781937
-0.154346823730731	0.254539156268644
-0.103984831293169	0.165499257219624
-0.140674563011519	0.243261395539523
0.187102832563899	0.199784669123642
-0.367230707867343	0.361185444965295
0.464983480615592	0.54690390236971
0.318640719592984	0.462865143929023
-0.436204354268746	0.90147512601426
-0.125109057644045	0.252368605773141
0.133886583576931	0.278460996530148
-0.126407577616964	0.269411942659379
0.0780712349693714	0.141999046693521
0.0795900966353467	0.140967600584353
-0.544697797478186	1.66617949379258
-0.193916331725334	0.35722402322203
0.188427970097507	0.42032273564563
-0.242014812753324	0.525774976374251
-0.0825997193975656	0.151491172661473
-0.147870483422745	0.28028456337001
-0.206780683360662	0.433188205440389
-0.265019238409636	0.578308286228399
0.0130101942130457	0.0191732636807757
-0.264909807092042	0.495976438245793
-0.233946193209809	0.412590831408442
-0.262105003626313	0.502767263197639
-0.0926219057557529	0.160867598961162
-0.396086007956887	0.988444585705712
-0.0300570489765147	0.0392574073375419
0.168784533429142	0.312869741667297
0.0471205962253288	0.0599032820905511
0.309210803214415	0.657655956774196
0.0245190880211589	0.0318413488500282
-0.215978282752334	0.360039193522596
0.150340725608335	0.243084738480635
-0.201185003385755	0.361428862937886
0.154684784450288	0.236455034762598
0.00227987424103666	0.00309967477972363
-0.23803134948967	0.350917723085682
-0.221082401878497	0.336523929989469
-0.347544980484132	0.362845052099896
-0.419746697630912	0.99312671359211
-0.183562867575392	0.296053891326517
-0.971973178023036	2.16781256400464
0.0871974255856486	0.0933923731803024
0.398329870912123	0.648457703147587
-0.141236431882833	0.186067272952426
-0.594532038038223	1.46636531071434
0.0443832568495487	0.0562228375981745
-0.221640278356791	0.421287684492868
-0.312016240177997	0.171936365194497
-0.167183022522218	0.212529944499711
-0.595418441296325	1.11689186629686
0.21232137545432	0.28729982589283
0.0150192792644403	0.0197004800622513
0.191150770324969	0.391514463521241
0.136742304294744	0.269068248523744
0.193446997046612	0.421129691425628
0.233089664754984	0.516300615415232
0.38154976404448	1.10831822644062
0.0532228082800952	0.0838390145904693
-0.301598418050798	0.638964551079259
-0.0230651628352578	0.0355849006561558
-0.0921381947476777	0.15989114506212
0.335272393280423	0.780344735810398
-0.0432154022453897	0.0703015565083063
-0.234165425983581	0.475858582937907
-0.306174001060151	0.561873969862023
-0.341202688974502	0.712848237282689
0.205074712964225	0.330513230558742
-0.32043017389297	0.797093675389508
0.0890925181954772	0.157560934524684
-0.0276855603629713	0.0447335377164081
0.498165209048521	1.43589454353371
-0.615730559129454	1.78606550840049
-0.598103824970961	1.60587534292378
-0.181286435369735	0.299801884446785
-0.282594312875272	0.542930703225067
-0.274014437175518	0.613057224034798
-0.378384905856826	0.870729113545925
-0.213915544175066	0.366243274180903
0.0313860023022504	0.041569042592962
0.259816614241094	0.513207942614865
-0.2111198258943	0.408935792029403
-0.00106320631693516	0.00137654629172793
-0.156067885802768	0.302862269529982
-0.13288469531752	0.229191328395106
-0.0149715087347184	0.020753200503145
-0.295634775791973	0.570170541969259
-0.0605173491275814	0.0924017592074592
0.172935407357977	0.265950311393378
-0.0132613483080613	0.0142120131018793
-0.432404245397381	0.547962380367799
-0.475338145737696	1.34311814111566
0.132493723254128	0.245007398528844
0.233863960209027	0.393218999405778
0.170710345368812	0.279203454470628
0.174672128667501	0.269189474262948
-0.227901315888833	0.380605340812662
-0.163199158708618	0.269497275521779
-0.313155880417328	0.59028498637062
-0.273009315873444	0.524641786376824
-0.477982589378417	1.04165078792554
-0.487176969292822	0.986116604585075
-0.370317758507681	0.607630757396997
-0.128639628059289	0.193664116338572
-0.194228513310568	0.284934472716154
-0.379351444701352	0.886925585147223
0.0435875003344609	0.0642740098936443
0.0786448331174507	0.0820175272881574
-0.345061306728246	0.477159275674894
-0.0780622069430006	0.11659575921177
-0.0485116434464023	0.0758368635713329
-0.0822146989548173	0.150679335189677
-0.185632991846002	0.40766404064058
-0.140222130322619	0.242289032867835
-0.0582322033455063	0.0951020332414659
-0.232324930781426	0.443237947265666
-0.165345577677405	0.287721635523024
0.157168619303246	0.261957038796958
-0.399651966043594	0.961519276860019
-0.235548805938848	0.479754061229116
0.0240336431119056	0.0357029369565842
-0.361563366995015	0.777023613236387
-0.169925286255527	0.318134893289993
-0.366661030076578	0.769245741740608
-0.231395072311076	0.429752106432003
0.289579166308258	0.616643291125247
-0.0303855754175692	0.0423595116217248
-0.265281789753256	0.579179771923914
-0.255336724971835	0.477916022516238
-0.0486332246272043	0.0740985133911824
-0.90994828321455	3.05473567189344
-0.105235299952947	0.17157740489383
-0.00537676522271012	0.00698488966169473
0.0773253026356921	0.113315661507326
-0.0781782097495733	0.123052879858385
0.106756653465611	0.14700720873106
-0.213008768674933	0.39456849956821
-0.489500242438742	1.29231935088098
0.378309896947008	0.994415224217785
0.42134225445693	1.01964968278505
0.304373522574192	0.629604838889487
0.317588165976059	0.594252131423734
0.195588112803464	0.359671503021687
-0.203938985675649	0.358475440354435
0.399100471134572	0.638588690290841
-0.166495637987191	0.203537645648174
-0.426463049603674	0.442882632526639
0.154329407506984	0.126399143959516
0.397884993685938	0.50180745671433
-0.594526509321905	0.921049586769556
-0.0603894202701801	0.0847089630065876
-0.472291809610573	1.29108260159751
-0.194756291689764	0.37573390930404
-0.200921001578494	0.378676084431861
0.181949961693363	0.290076938319118
0.138914040318076	0.214023436217054
0.092301116032247	0.128358358272663
-0.0233953590438231	0.0315783312201981
-0.29820851875306	0.531988055044303
-0.0440322551007281	0.0615087112933148
-0.152965237728962	0.24539855394004
-0.321101050640554	0.622110372397734
-0.409344931953041	0.864355080686624
-0.246064593941088	0.387615068867402
-0.402070403391653	0.928326657474424
-0.0375199726619973	0.047225338405598
0.182985856601529	0.338514822069724
-0.175931604758654	0.31492444361051
-0.0847774801822027	0.126635665503151
-0.473354990941917	0.879759371131621
-0.00640380601898576	0.0102107530104965
-0.325270953864109	0.693951597477084
-0.212159428357403	0.401993962171548
-0.0852139784038166	0.127368838412836
0.420771936053486	1.02949997019207
0.00323140381193506	0.00450319765079183
-0.0783496267032674	0.132606218574161
-0.0824707385460894	0.126780755373717
-0.156073290573533	0.270720881335361
0.0601781076661065	0.0907177928469275
-0.383328137370377	0.767798623124838
-0.436775314567744	1.05756765810125
-0.245745494705922	0.434330359423545
0.320019672235015	0.616620469148056
-0.236318176135585	0.481867432856129
0.045413623203202	0.0625847576813012
0.0348033310355402	0.0546701385436309
0.294375677212371	0.649773366012713
-0.349632759078262	0.608498925881713
0.0497715472890362	0.0609733239154553
-0.119865777703426	0.163402692488562
0.0104623604251577	0.0157233093259486
0.0856946654269765	0.134910530603923
-0.0488182505923013	0.0702483719991789
0.12446585673948	0.203865859516616
0.0621998272033794	0.0865624622175499
-0.257461349907084	0.455728463350641
0.0305999744669808	0.043506130532265
0.503691689693655	1.3983089071465
-0.246885566139409	0.49397668329361
-0.184411797377562	0.314511355385629
-0.415009738814007	1.02004178111484
-0.270957196460934	0.533745037262491
0.352563958559748	0.791372683296978
-0.00895530216824448	0.0130606366548433
0.24624823389478	0.390050505891434
-0.182867497005354	0.232745107706957
0.639277988567671	1.06805920720906
0.0946242100303166	0.085668849939801
-0.0528524935725279	0.0538526354943036
-0.524664048427812	0.783671513008034
-0.167640135377779	0.292647740426397
-0.31713850624355	0.732403612830383
0.313948349556984	0.714428411667452
-0.303393427097117	0.600665932616105
-0.0152576301994077	0.0192232686568599
0.424267351962762	0.919473552031451
0.499920835384926	0.969258388708875
0.260644357057263	0.449861553507714
-0.0801475703680585	0.126514705730068
-0.370740224919767	0.831262985597982
0.10041515383726	0.165807466940779
-0.132558404459008	0.181151214575852
-0.16873401789674	0.222824205541823
-0.326416306662221	0.550980940618241
-0.065052505927849	0.0940835755967839
0.114899338326053	0.182142673492649
-0.19401857012529	0.331475893785813
-0.0887359814233833	0.143529927341618
-0.333390443589545	0.729109428859934
-0.267972336862007	0.525751525391673
-0.0304509749438186	0.0522807399146921
-0.229864488906085	0.425909444500765
-0.107349268091639	0.166178610604234
-0.495673555656408	1.0823600981822
0.507111580696455	1.18988830585736
-0.0738178334695659	0.116366944459006
0.396686553511143	1.01132820622737
-0.192174793425143	0.336184789817611
0.200941038355651	0.347883313801171
0.0549982712794867	0.0714548452427801
-0.33260568807602	0.757010551105433
0.00489283358584347	0.00739772406219955
0.0989456963041974	0.180316451098754
-0.332517376817856	0.756719746342788
0.200056982976975	0.346008340271778
-0.405250907452083	0.835251422621969
0.174070177644669	0.289192386260452
-0.540833786992953	2.33378546494993
-0.146069393777831	0.259993428769573
0.192227639252096	0.394363610012706
-0.343295902631234	0.751563795766999
-0.0352873453007213	0.0570272393674996
0.0261823689586055	0.0412143646293734
-0.0635862177962393	0.0994790405550098
0.0442636297885983	0.0676915238243718
0.527468799130944	1.30889765412594
-0.138585282689428	0.256132559755695
0.233476568820945	0.433646980899046
0.204011406095686	0.358616066251374
-0.0297310101363071	0.0360203154763405
-0.0288436724456547	0.0413248598411045
0.167408863099333	0.309666533888627
0.502836732450785	1.20844775916741
-0.054431566229582	0.0635888416308258
-0.324607540815328	0.546772786055162
-0.041282436201685	0.0398265777119842
-0.0580898295044429	0.0650983865199122
-0.0739197166739527	0.0900608824522259
-0.594627046017421	1.17744565528138
0.0289503948592016	0.0410543612677346
0.153696408470076	0.252319536993755
0.33343867135711	0.766593423017131
-0.0751642365384098	0.111759616504298
0.21039533457452	0.414117560405087
0.180990583380379	0.310100700627058
0.159889477731491	0.284784786204785
-0.224937027087289	0.4187030957988
0.0703281536648332	0.117277210220412
0.232124064910655	0.473217022704232
-0.244007108462107	0.383312930913911
-0.0140968452734115	0.0195110936724426
-0.0786707208101578	0.0995225408826461
-0.0828980892151879	0.100778758480386
-0.184860576800103	0.35481326375556
-0.231945755159785	0.453187391169508
-0.236729591201552	0.493657589686563
-0.171910447850715	0.291343302164907
0.171208499291161	0.299732131142528
0.195893102121463	0.386060685388158
-0.194043791299704	0.322491668227637
0.369554177165635	0.682265984323265
0.277391605732615	0.539288139092365
-0.00516531902862179	0.0073509406318277
-0.182519038617195	0.293927496992483
0.481665012684823	1.09336474731237
0.187877414359352	0.305369881189643
-0.245802918463538	0.338560282632649
0.119582525938841	0.19267375564683
0.0894412074856441	0.178453251948323
-0.21287916485872	0.49029493454109
0.226830468190657	0.450591060218707
0.116530439365787	0.155479644978458
-0.110286447669344	0.165593377722832
-0.0444008442251678	0.0579152039039494
0.45990780041383	1.53245896834224
-0.184816844252904	0.331649643541452
-0.0955669657958782	0.162466602079148
-0.14393351460438	0.255470455143713
-0.0357060155692114	0.0615272569107734
-0.066470927061141	0.113817338298963
0.0272314146245629	0.0406182904564195
-0.0856042662889472	0.135074018540682
0.431810786041868	1.32063002171829
0.171922084776043	0.337736912506004
0.592302491124213	1.47499414151402
-0.181254142948919	0.282956944746973
0.251500192849663	0.652608010447524
0.0718184802909422	0.112069984122807
-0.0873315772541051	0.144972228458467
0.37022336202654	0.714968649208175
0.0865335629207736	0.111883471789801
-0.167487400281878	0.204963086234837
0.0784776082913933	0.104717253040693
-0.595647574823667	1.24472755612314
-0.0834690799323475	0.117172305505043
0.230573604885218	0.464712335591723
-0.211613977296137	0.419449233198906
-0.156052318107097	0.332988198297009
-0.202114003281119	0.415787582685853
-0.145854645388491	0.240247416120309
-0.300160685101429	0.715626501639844
0.381040025641533	1.1246607483276
-0.13086853095235	0.275125757947825
0.0940673696308853	0.163589464114105
-0.155393760625971	0.256554498322753
-0.116189949080157	0.16929588636388
-0.217783882625674	0.440871184188844
-0.124218491528507	0.213432400334829
-0.00489387670423327	0.00677631115744159
-0.0885227690438077	0.136032805637411
-0.770363532221557	1.58113302766608
-0.343962324773815	0.511186761278398
-0.243460785643284	0.55822303897584
0.000586578549636087	0.000854473457595331
-0.21192605804579	0.401614332088709
0.397219350176743	1.0133753018171
0.191531271044499	0.368586865768114
-0.244410887164378	0.550344280898222
-0.19422658186766	0.357947426663495
-0.0397394680315303	0.064687705435393
0.223572025447375	0.437866156932991
-0.0001175842375501	0.000163863883802902
0.238184890585449	0.503073573792926
0.180246839743413	0.351564284506596
0.0509270755776616	0.0714456621165046
0.249375499127879	0.51338104165236
0.118461855891411	0.232319021813892
-0.171512451899528	0.354490061593667
-0.225187003164036	0.466406768084564
0.327615019483922	0.701413076248642
0.0402176471426996	0.0544621931062693
0.504670756425644	1.19850509392414
-0.0763570313134732	0.123194934890669
-0.00486248524712217	0.00653678049407021
0.0669543955335158	0.0989032552972458
-0.280989505282918	0.628749427229591
-0.0016063573431373	0.00233626817039061
-0.580663437809022	1.55514747831167
0.110899379505366	0.190674920370792
0.0249279987474868	0.0370822257746484
0.138182532337959	0.261839946540088
-0.339223538013531	0.674177813448284
-0.0463946205613871	0.0741034362704073
-0.143670544595984	0.254918157449865
-0.169913289947263	0.232734496385755
0.0164568727987477	0.0216193398414534
-0.307615284861993	0.375311289859756
0.101517116338589	0.103662830875544
0.0790198629104092	0.0758488182491419
-0.397434382660061	0.673926775519363
-0.179833503499989	0.359869117324572
-0.0167598331355144	0.0285331803253932
0.021472923829299	0.0340482315522838
-0.365104931884529	0.800990303546339
-0.131231788773618	0.221012744742514
-0.142197115071999	0.227304055032428
-0.411731792485488	0.887842763832621
-0.581240467430679	1.58720655815002
-0.234840935200135	0.426531300663427
-0.0604876200782215	0.0923615339696201
0.035994872089358	0.0570582094677928
-0.20326120133694	0.347429033242069
-0.193801639081251	0.284120532611767
-0.312911889131203	0.589647757553402
-0.122644683387077	0.173017090157335
-0.193101921817965	0.320536881119753
-0.0976280406554469	0.150583188484323
-0.060285019533831	0.0816385836611324
0.0252005402011268	0.0352211309217477
-0.211014465119462	0.40870033714249
-0.614691722420383	1.8438797691061
-0.194103276095816	0.382165195263618
-0.316368084538352	0.548078442783233
-0.0235340149226236	0.0371690799640875
0.32251842684011	0.784989666216924
0.0160136073780722	0.0249945367641019
0.225876093869017	0.578513266623966
0.0320305319091225	0.0512574203675898
-0.233199320706362	0.504825939704674
0.0938897337247633	0.157854460940479
-0.109903472251073	0.200270267237759
-0.0772572011160942	0.133710748956636
-0.075012654882215	0.134581549049299
-0.157670464358136	0.318164801273796
-0.159266590435879	0.322161056660944
-0.0907633962515906	0.154324457390639
0.26924916773857	0.566608591016541
0.0406275348195332	0.0633421040962959
-0.0950907954025649	0.168739637046517
-0.0424359390031291	0.0689591456960959
-0.0015470221870832	0.00240990824028359
-0.647788550928212	1.91913008865356
-0.301838251962627	0.68097351154453
-0.132394779174566	0.223333258389609
-0.766169851663915	2.70487857189973
-0.263085094569799	0.565176317301775
-0.0529962169638724	0.0884966122248176
-0.0822948536307032	0.142627516907456
0.397508601697247	1.11526821221431
-0.0527985872610018	0.0934718435512686
-0.125300738721348	0.244715718441699
-0.144374089676524	0.203945124693983
0.12603239045022	0.246209311124822
0.396346886744826	0.632527000043593
-0.167895256806168	0.205550130869016
0.280335734267867	0.303965706174781
-0.0350817987085553	0.025239317155174
-0.291908349696245	0.339873801514152
-0.295629623430986	0.652856794070026
0.0693699640485109	0.128870472601099
-0.139042327057471	0.28781166660698
0.0707613314135814	0.121825190274287
0.148121199890291	0.207077183757968
0.281215784390239	0.480750644088909
-0.134335563390329	0.189896129805104
-0.0708997021051334	0.079491554663568
0.231096654967185	0.501883169896059
0.225097547173062	0.476806857405358
-0.29509593011691	0.651210123698276
-0.10675476112192	0.165148769760218
-0.36852089602163	0.811183843672435
-0.0564182010952037	0.0838457255623234
-0.0211824460087823	0.0318310272400673
0.0623424446899332	0.0906237492215583
-0.148528706644452	0.2305438563576
-0.173367278611019	0.294580594592379
-0.0950295063831204	0.158370261832501
-0.363260424941831	0.707899211222841
-0.461686028644552	1.25986806345908
-0.310533466553888	0.657607578994195
-0.137232000866795	0.24824508693055
0.082994026140758	0.143241573140683
0.441453342882837	1.09951836322474
-0.376722271320265	0.901710292841566
-0.483280794103401	1.22602783515735
0.351678402300084	0.76210649307325
-0.385712366054382	0.830676167268768
0.133042699961218	0.213250784770163
0.0112102571392611	0.0139931906847435
-0.206535511210552	0.313551478244156
0.605201548022302	1.8993351880219
-0.184958201722784	0.391578328976794
-0.0901886047777366	0.153236525131256
0.0979688497773425	0.179520586918104
0.127039161703381	0.176310296866364
-0.422100009019802	0.889941504347403
-0.168049960119329	0.229661506820609
-0.388488311319708	0.932919869801474
-0.369582161752151	0.899432073766562
0.276896612887555	0.537996752503946
-0.203298319613763	0.401955166508093
-0.115933386649055	0.20395399817025
0.141180039216757	0.233442122653807
-0.166964105329526	0.304656385646099
-0.150202995171026	0.260777572458014
0.0718516090186979	0.120103486723418
-0.299137800780268	0.647856824460824
-0.00833900393707734	0.0115371844879152
0.354397570938688	0.814175221186146
-0.0295314556613925	0.0478461571552993
0.164499968574273	0.30038365043225
-0.0471684862706035	0.0594390093219357
0.097434983815459	0.152695773795723
-0.543926757580601	1.0174562989521
0.0333316447870463	0.0351551916723242
-0.0154726623829032	0.0166090270887116
-0.323302618264859	0.511372938891369
-0.513801580616295	0.905164579452595
-0.00847942449398378	0.0130049996951159
0.0299444800909529	0.0452380084556585
0.137597761447122	0.238309405274056
0.140918656847225	0.258989357081785
0.205442234103805	0.394161317557838
-0.235424168741021	0.490165391910825
-0.0217181296191589	0.032651500814358
-0.271772239863218	0.619381581671741
-0.0724052957332506	0.113907393223939
-0.347779905080014	0.710650054817708
-0.173809716698236	0.310143767399376
-0.184791173340007	0.347010650329614
-0.204865350496803	0.340948387358476
0.282874633772364	0.572589243888464
-0.120589612846645	0.164566902697459
-0.14306473416935	0.19534675426122
0.00863669041383752	0.0122352340220479
0.0683565525903865	0.101165445763902
-0.594768230594577	1.37134835338642
-0.239288620056223	0.399843543712995
-0.134445299612482	0.258169603357802
-0.40883520685868	0.799703103707858
-0.290427788064971	0.45871216735196
-0.356188626837731	0.63789285486066
-0.289179486811844	0.543861053341204
-0.457053700600594	0.970107206227107
0.154548987957448	0.25399549600368
0.352067448252304	0.763259376307846
0.276387056071639	0.536627551097954
-0.0741936612466686	0.103972399987714
-0.087301348338355	0.126434684808011
-0.0773944748994174	0.104892044433101
0.117156735186975	0.167494279565725
0.0238138207415446	0.0283385994295943
-0.706230480041155	2.02942519950377
0.273314114948203	0.652109255000999
-0.454648278887086	1.2146298962369
0.0387430716100998	0.0582814684187573
0.0403880931604622	0.0482858083443679
-0.503295676579114	0.99240994870103
0.100884370309219	0.128659737624484
0.296257085613755	0.668299143112795
-0.743863199466488	2.18346970929136
-0.044460256103074	0.060126241157632
-0.317064743425373	0.785155352669762
-0.248526217733354	0.427628941876194
-0.107869629500896	0.161397426210407
-0.00633358714786758	0.00968637523164253
-0.1050534245742	0.194619652410896
0.235102511205511	0.44709778498771
-0.576527192019757	1.42095122200107
-0.413336272172416	0.893302627765864
0.16749621144945	0.373630380808037
-0.102911024587845	0.167195235551214
-0.0911213512908981	0.143654645277071
0.0853902105536884	0.134371297702388
-0.0149494582821047	0.0201181473249083
-0.172962595013476	0.286195296671901
0.0607519445226578	0.0942226796659796
-0.239430001772321	0.400148941765944
-0.0401385238251558	0.0592055678189341
0.0445373450738249	0.0612614016182604
0.0790932530876376	0.105623576038828
0.130282446693963	0.219263191087347
-0.0717000505951027	0.125904975825069
-0.383016916001282	1.03688002485379
-0.0652274869370017	0.106974133743783
-0.45128102572719	1.26698027863069
-0.0887006586591202	0.15024497016027
-0.276904171098806	0.572335520367182
-0.245666447688995	0.338319756646924
-0.203898856753829	0.39480062392507
-0.0168357363515996	0.0233932177765873
-0.0789096284136567	0.107170011187478
-0.0950717575272007	0.115665538153401
-0.0000996727728271922	0.000140170534312628
0.442579264232923	1.1164944002123
-0.291398981394869	0.575366491977134
0.114656205176677	0.152696623956116
0.221813549492199	0.4595846001813
-0.195295339409054	0.393159321756672
-0.214677314273124	0.388502238216167
-0.0269979670929857	0.028994222731789
-0.0373527023074175	0.0400525356721826
-0.0541722762341612	0.0552667886652226
-0.368719111523266	0.737303390805568
0.0280836003285151	0.0382581965555227
0.10911697411145	0.160525542025029
-0.5173770944187	1.1855432805156
-0.236609834779923	0.348075008412747
0.234313729657408	0.440497577910627
-0.220310310057214	0.346530803006378
-0.112684679927184	0.158871834439036
0.233371973402386	0.476527123028607
0.235689339043735	0.39701051806121
-1.00034654195533	3.13305994618388
-0.0159568619950051	0.016351576978571
0.255468622091283	0.371073416059963
0.206398281640765	0.273251600554049
-0.342537282893641	0.749251954478104
-0.0647903356529927	0.0905477786702429
0.131646133097821	0.173206714887345
0.161698770132649	0.255496106100831
0.175626659632538	0.334541178855383
0.11632887896145	0.194254233327483
0.0465698387307445	0.0591619531704424
0.012362178290452	0.0149011079997558
0.0832122097908	0.124172967021026
0.537766388586007	1.0699643338174
0.182441430385562	0.29104349480417
0.397925834203303	0.658695430965579
-0.272517341412585	0.573953714337904
0.036069939326608	0.0585101835275423
0.196118389044971	0.431869408369561
-0.506145142226665	1.36594477225364
-0.0911235914850962	0.147989415093841
-0.0779615286490268	0.122671468546225
-0.460624503878304	1.27550550707171
-0.124804888215794	0.229404024322794
-0.114827471703034	0.166998605413962
-0.271460795449369	0.570943222107321
-0.403379343947611	0.767813974961553
-0.116215290380023	0.184761834066774
-0.279760369389126	0.550905690083217
-0.400665551201223	1.07324075985272
-0.218739746177837	0.504543625218681
-0.0991283427104671	0.187414235152344
-0.107500837065614	0.199990076435842
0.061085137521159	0.0956289991617635
-0.30606134828198	0.454012561238122
-0.472251732654803	1.00162136550379
-0.40366218030132	0.643538497581161
-0.457489109363558	0.873833182145535
-0.129901406161276	0.229692826672992
-0.478978335254452	0.917384412392189
0.431114432751295	0.795603656117662
-0.108863781876969	0.190985567495829
0.324802808752089	0.828731384347904
-0.0139960940837634	0.0176119296960567
-0.182225345386725	0.203357580727321
-0.473947134662116	0.49107216202921
-0.313659682860054	0.449677427175043
-0.35461795674935	0.671082331652756
-0.496987470125188	0.926745315804315
-0.1508212200784	0.18427642415529
0.318031205099516	0.461740530452821
0.399016627498478	0.553934471764352
-0.182101924553752	0.231563978401087
-0.0646175215318356	0.0754200502086097
-0.568508669577844	1.09330120424623
0.0947059853816532	0.111293447532595
-0.254032411369015	0.520212610171717
0.334496472983971	0.769926926037681
-0.204627668093834	0.340549615683961
-0.743826046364816	1.23423552243779
0.100610401592098	0.102664516161496
0.0182915122644579	0.0163448361484835
0.15987899558721	0.232846393299294
0.0786690573012069	0.104980875532356
0.100350480451711	0.127893431332041
0.370694654347868	0.674324224099462
0.107601241341476	0.182640763115184
-0.160909639244343	0.293752589343224
0.0958082823250223	0.112712438695614
-0.130078145974889	0.145866817154597
0.0266248332606019	0.0346589328824708
-0.244339001135419	0.456266982813589
-0.139423212235771	0.177077899581854
-0.0280749676968236	0.0378268973803776
-0.0726219222224996	0.0951072226606124
0.0506012464875756	0.0620527233303631
-0.0297639181643988	0.0360630397664971
-0.0997594707683782	0.126147786701438
-0.518974109056382	1.79409427836287
0.349186876038266	0.971705176623731
0.0899420633716655	0.154274359153497
-0.0371292845078127	0.054927215155173
-0.267501477631262	0.683249499395136
-0.202007740239763	0.431733095188098
-0.299670856207938	0.800108296235245
-0.0600398005439779	0.0889552243014189
-0.475334844826454	0.761189496643493
-0.0632782267361421	0.108524141279735
-0.285153852993458	0.757381822108102
-0.0864647964646908	0.156046920443235
-0.155319980668299	0.295333486349657
-0.0402586025184932	0.0625846452817194
0.327590528424516	0.685582261466691
-0.333446606955874	0.478217385412212
-0.269808880772303	0.251878445440792
-0.223092914142745	0.260994909357482
-0.182636207351533	0.241273253838058
0.595061795327702	1.29159784681058
0.156583311813852	0.207852267123811
-0.19616111294404	0.288445000852706
0.0412896858296151	0.0606918591413001
0.0791782848041358	0.105748642051795
0.0233011721225232	0.0277149477564241
-0.850818222795845	1.35722925296525
0.450520812577343	0.61650229397529
-0.219391533451474	0.268340828317516
-0.510361845449828	0.674478785728782
-0.637118571742259	1.57940487789047
-0.181643743232513	0.275070035874225
-0.52086749569087	0.973327084813988
0.0469676997909943	0.0542168244757116
0.132991078784255	0.20104798749291
-0.0218714748087421	0.0294696631902601
-0.0608790586972906	0.0825021199919584
-0.0524324265852107	0.0818933680357842
0.0418751894654797	0.0592624304890125
0.000253947032386756	0.00033016480236837
0.0857053571967813	0.116795412000478
-0.00217144401461466	0.00233281719308674
-0.0724325739602035	0.0813345608799154
-0.0686544701302107	0.102108142146262
0.803107216082565	2.16315095984414
-0.0638056976509875	0.0890433211643021
-0.0578319740047585	0.0808638181997732
0.102555958155741	0.155034972472566
0.0303836972928737	0.0415106946787894
-0.136052297418938	0.198638750126088
0.432385185282564	0.812426804148053
0.15366961462194	0.219133751122473
0.192344917214434	0.293595261196658
-0.318803738336599	0.615671967947212
-0.339600566290764	0.641301636796214
0.0716492502577612	0.111789009803206
0.198994829572119	0.339778799816267
0.218230878385461	0.375606391778901
-0.0339471117305708	0.0396530116036868
-0.272835387295654	0.574690417599163
-0.385678459924093	0.960658550124854
0.543868811970638	1.59419213415781
-0.142121307350478	0.22125909426798
-0.0644612074741225	0.093154655235565
0.0166862072975643	0.0278923206909924
0.29573280438524	0.766916770003544
-0.0329606248899821	0.0522158453846902
-0.29081892011201	0.653047121053493
-0.627767297183668	1.94666126932094
-0.208762449391292	0.464340410552433
0.120276570786865	0.183578870863229
-0.0260740490420291	0.0279823922024753
-0.681539536409015	0.933873029446886
-0.759034542137926	1.16974684970062
-0.740987152375658	1.97076037866827
-0.233325055680549	0.422985506109443
-0.194173181026778	0.294556969030344
-0.13102738125132	0.178726546619032
-0.530964809486269	1.13423100171958
0.25113704311538	0.357478591545526
-0.114160155540427	0.165882667052772
-0.165818259266098	0.295464362987445
-0.0445979748079569	0.0603303578875865
-0.245697756773861	0.434328650929046
-0.16094622304573	0.2509814335811
0.756088730257047	1.46450254033547
-0.344803665858873	0.476703120325103
-0.057560966021873	0.055415438783857
-0.628626765834103	1.0451030284202
-0.658505679123819	1.59572541105651
-0.73109235414633	1.53650304270129
-0.280248166166171	0.47087749614072
-0.306430376263581	0.591065645413392
0.0866796147671565	0.118275515175245
-0.397683933327663	0.736146382281468
-0.058023519601856	0.0838480160311592
0.0616756483320479	0.0931827860593371
0.118501582663165	0.169716482084511
0.110173283181628	0.115714671946933
-0.00280591009826209	0.00272645398195672
0.0445494713820358	0.0424716486765791
-0.362400599331673	0.705775560814621
0.279147037462274	0.469380870390063
-0.533249688983987	1.19465341980881
0.00389551817767261	0.00459265735218896
-0.238952091092524	0.466521590164955
-0.0922184215620376	0.108082789441498
-0.0249401157946121	0.0279477224922706
0.137672738404738	0.198626173129317
-0.165417387017776	0.281003503945753
0.0721090411042796	0.0892476519409223
0.0228554175286619	0.0271746783751397
-0.0619891308210455	0.0754201647754621
-0.0147851659846017	0.0165630070484457
-0.167543041168688	0.228850172601603
0.0408515477585616	0.0657194445280247
0.0843963356298444	0.151697262869724
-0.111885266373237	0.191932228309564
-0.0800081013151112	0.126273282569708
0.235118918809927	0.517723449526676
-0.322451589690076	0.732165607151102
-0.100978250968071	0.127870115825663
0.0393342799212727	0.0592303477124921
0.0571707272735761	0.0715806509000164
-0.0233791257045021	0.0369152998648124
-0.0533873102620675	0.0912071202771954
-0.0492336879507394	0.0784553495856346
-0.135642130086171	0.244714044586881
-0.0410296337633188	0.0605811945200873
0.281870228565086	0.397650368866104
-0.347799860040319	0.363168622851488
-0.0445168311585367	0.0403374365167456
-0.487905938218882	0.701255246254966
-0.279739616624518	0.42700660011906
-0.547132747238284	1.08148721067237
0.0038515362797039	0.00470579942449774
-0.0732359772100784	0.0959887188051875
0.206446483199178	0.27341141963028
0.0447877747936123	0.0642680963150529
0.200191336072915	0.374117249254446
0.168314322660672	0.27123679890611
-0.184496281867587	0.306423582662826
-0.168597437190345	0.230597368448817
0.34605446090003	0.432972615885307
0.176543813925874	0.208111992025089
-0.0453025830414778	0.0410729310932168
-0.35884889634992	0.477112527392968
-0.404222869637377	0.832364928405022
-0.422688430666603	0.511810446971544
-0.357593615048769	0.641084712277469
-0.168016426119308	0.213781540741865
-0.0932811144952221	0.099897880610271
-0.024947789379108	0.0267445657133079
-0.0840260843681841	0.132265682631361
-0.175836010276694	0.314697133052807
-0.0483783874467372	0.0673874456473367
0.100932623969757	0.103025699070062
-0.589716762183786	0.743155252597105
-0.0686897330482802	0.0577328929402414
-0.0298320234082977	0.0361509744836529
0.194234463617097	0.296974217013641
-0.157980493980802	0.23116391986163
-0.299286386456099	0.487696978520928
-0.259386593786912	0.509117178428342
-0.0379815910325038	0.0407587866372348
-0.596189620463388	1.3115301511635
0.241844494843906	0.375749526786614
-0.0447384580018616	0.0605320059435379
-0.342085817539124	0.577573281542919
0.0810434322752068	0.12552928619046
-0.0754107316114116	0.0879059475249105
0.0317540433638513	0.0334444248738573
0.106226153304284	0.146191558895726
-0.134872743708843	0.233347796640162
0.0295470973591165	0.0481330404145313
-0.139610767507783	0.258400204242778
-0.0355473274851706	0.0524781381774908
-0.241974592205936	0.462510586191922
-0.303545141364656	0.775639659091786
0.138836129589604	0.286533343726259
-0.413144112091087	1.18342012552446
-0.0601856047709225	0.0675805611908288
0.0376110419826683	0.0597895566397728
-0.121425193741818	0.148044083618747
-0.443180352051262	1.0309734230117
-0.315166526239444	0.913093212320018
-0.400115932883886	1.26684869896464
0.0505636825531176	0.0946287524143562
-0.107943428457355	0.180428965438746
0.0490467446636818	0.0829449799159972
-0.112734865896501	0.184181314447823
0.290331621989328	0.434360031522749
-0.461657344948028	0.451036556049572
-0.297978900708836	0.239825017791658
-0.040459908692183	0.0413444329624137
-0.138843763008836	0.140074580797588
-0.502763361292085	0.990952272305673
0.428009101518417	0.918359463227019
-0.29346117479356	0.419792775787862
0.0681127216435615	0.0742941587201176
0.345583244975667	0.690442199991757
-0.244383883167976	0.521503482460012
0.33719619832023	0.58744032067612
-0.184605009538849	0.253326220527839
-0.663580824148561	1.1022082149209
-0.281544357234246	0.245495404602179
-0.396636282392025	0.365982957632927
-0.0929724011992833	0.0778177991671966
-0.235953389389952	0.220932660128352
-0.15629480834679	0.22103555957481
-0.164923535724272	0.272932586202566
-0.184566785076289	0.280404583803873
-0.275507613889688	0.516237260567698
-0.16909957395241	0.255412368589988
0.0209011773413914	0.0257628645190515
-0.0705638267105631	0.0790789125581775
-0.345563631491507	0.439790607429708
0.483845995420934	1.08460472606855
0.083572440211752	0.119297234178994
-0.427486013779231	0.838801746760261
-0.00188847136755347	0.00253304989505527
-0.0878600842736301	0.119358620401101
-0.323901203009924	0.512385316473458
0.236331641524239	0.403668871419094
0.079772107927979	0.106612768351193
-0.19558832928422	0.267634961714482
-0.0360157918271963	0.048613302498453
0.0539873900100807	0.0735178153878976
-0.353767726932636	0.668867484272025
-0.43922252392995	0.838595869875503
-0.2632228652162	0.362899543481429
-0.0412941829434443	0.0592676033678943
-0.0509569452540955	0.0833930502130903
-0.130541106626743	0.214645812568417
-0.337006368116344	0.811842473793221
-0.438856958676276	1.22691819069094
0.0274979173560984	0.044630971796017
0.0413339905693067	0.0584678174110014
-0.142053768930562	0.273964173480471
-0.0746683976210717	0.138912529349316
-0.256932924394485	0.63259154858351
-0.370070806902738	0.866140371490412
-0.148419999231416	0.173874570176295
0.0323938496307914	0.029921217866165
-0.230730647011593	0.305589153868206
-0.129364049124981	0.144974201131399
0.444278538173593	0.649509329496031
-0.0835987539316096	0.109709551917399
0.065984872095642	0.0932564495462361
0.108717164422219	0.141835909855439
-0.103476249186043	0.121054967127889
-0.380747020024542	0.800772893947636
0.019678346551081	0.0288116335085731
-0.109087966532044	0.169217551293242
-0.0229773026732662	0.0289673284695575
-0.200558812412606	0.255813104460755
-0.0914511318153725	0.0764781382218819
-0.300201410365712	0.331644167216501
-0.303626177209541	0.601296975929219
-0.374981133460641	0.729304833936713
-0.0359352042276261	0.0530799185141321
-0.36745380844089	0.640794687093097
0.292387798747316	0.534527530019485
-0.326042904468105	0.582870125431725
-0.539620942687722	0.952516675577814
-0.128672401034599	0.144072913495756
-0.0538640379770987	0.073046905136221
-0.24161212008087	0.461543518080407
-0.208120809359368	0.305807330227222
0.0947741123071962	0.125350879230708
0.146811206782595	0.233737817645556
-0.0440386739969279	0.0595301297915727
0.263762888934933	0.462931808680568
-0.540715559384998	1.30101903870646
-0.00223625980281221	0.00309168371989559
-0.0841275565840035	0.102432654972603
0.641123064517276	1.86171765250836
-0.121659456459373	0.188295865545381
-0.0283647850743196	0.0428137138209495
-0.166408097438089	0.28305098416607
-0.59809420709813	1.69812127844237
0.186684702248023	0.303045174162946
0.29141159633215	0.628303095735808
0.318929467440272	0.885412395108356
-0.12623876636203	0.2015405121519
0.127057370003006	0.176364552198324
-0.0416483121632686	0.0580032305473626
-0.21364120441399	0.365679087490653
-0.0426769764953166	0.0693687966633535
-0.115863088143148	0.203839923402242
-0.171317777328474	0.321351376881735
-0.085554977331859	0.0960658198501105
-1.07322867689903	2.07836546247575
-0.222336523031539	0.422955677572476
-0.317307253098939	0.550412934545145
-0.0352610039570764	0.0395099780969986
0.0484168548599121	0.0500565512679998
0.26274491787114	0.460630949683941
-0.414867422217652	1.0198079240194
0.288051159393759	0.51697993453639
-0.151249013387649	0.191787753843315
0.349827240707232	0.738712682133223
-0.0222254495744836	0.0317751833056937
-0.145835957126644	0.240217753178339
-0.085873467159412	0.128477541857152
0.12307622233496	0.179449446315536
-0.150871137274336	0.241352233066017
-0.213614514600825	0.293637446332896
-0.1200431073992	0.16372327876914
0.237018737928937	0.451921285662595
-0.171237937662169	0.275080499418786
0.0255357759999073	0.0332037150869066
-0.133565150332999	0.235448856439555
-0.195466031465646	0.360834979650899
0.0563071085527356	0.0665962110409781
-0.218618243745872	0.343239305891601
-0.239982408552448	0.401297370841629
0.0337670218837444	0.0395402429528724
0.476226143171572	1.12127980118971
-0.213513025859323	0.385846160658868
-0.244027543006871	0.549172806182754
-0.340880243664675	0.644870662603776
-0.146224225521225	0.240979264580291
0.240194985366654	0.417402100592812
-0.216677859652766	0.465861145871653
-0.226633114373233	0.389486724785133
-0.126022483850546	0.201140938876611
0.0660591147587189	0.101334057662925
-0.088623392449913	0.163133119328222
-0.0387837452686221	0.0616048773809787
0.202929416283682	0.294869631505562
-0.300703648391851	0.566045954064989
-0.521512416320271	1.22504817741008
-0.264823927259003	0.404436520064579
-0.0155023135770823	0.0150574335110591
-0.313567774324447	0.449506238455645
-0.251260563820802	0.480729519499614
-0.0671715567519816	0.0848232419026686
-0.0905282304396142	0.105916403534231
0.0106576611625124	0.0106300186973624
0.00773478027938523	0.0102552432331091
-0.615870289901534	1.48986249970241
0.0597691036913596	0.0790676377043174
0.307919033935939	0.523345326101609
0.422538117839405	0.976085516800101
-0.0343667433580054	0.0506363295658522
-0.421811774896551	0.804793118032759
-0.252321935584209	0.422401539131595
0.0488563419372664	0.0597750166765659
-0.0993173803022877	0.135293429512275
0.0642729784747338	0.0822059012743816
-0.396621305163893	0.733291383224317
0.102197814046093	0.154430771411435
-0.349404720997007	0.782491863483237
-0.324544902569699	0.482009765296517
-0.182149781209413	0.240450480891607
-0.0898841752780312	0.113811474581159
-0.276498236387542	0.47841193839592
0.43239414485405	0.799138656170778
-0.530948592131029	1.16042787584855
0.114678872984382	0.152730229651621
-0.184163299975782	0.297131142318777
0.200128430665852	0.346048194524794
0.0809501494973374	0.130249720842079
-0.136072151664438	0.217907986353635
-0.284359966330809	0.547682143233338
-0.227939282170047	0.380697129154312
-0.0579835424166683	0.100742948357307
-0.244086638622252	0.455663679817713
-0.0478879025727779	0.0688101711622142
0.110065714707511	0.162086190529251
-0.482662423060907	1.45380474207347
-0.0207967794791898	0.0361463696077068
-0.00847009703828654	0.0129903381710383
0.34888561535753	0.717987558683153
-0.218609216718783	0.45261611112062
-0.245332995082144	0.286767054215296
-0.475204162102455	0.760822445957101
0.193290608571028	0.212187840329111
-0.55300969117918	1.24125076867647
-0.096622384788622	0.140256266933297
-0.116332011009779	0.184987234841763
-0.119511736073767	0.16289000681347
-0.459651086892023	0.879836302620237
0.0858544851456657	0.0984424273741461
0.0849557668998386	0.115666449341537
-0.145214005205845	0.238984825862195
-0.0783973710514972	0.117146690150149
-0.150912327305265	0.184412512368856
-0.217794425479829	0.352797422155621
-0.166736887399563	0.227426425196511
-0.0376215532094311	0.040361521336146
-0.0268130538644503	0.0274192889953441
0.0940701091517551	0.117409002973563
-0.0778619428376456	0.0834475655194923
-0.014462103107742	0.0155129222454922
0.0658229725468827	0.0665387880476911
-0.330645725706479	0.364562657355435
-0.238978062692308	0.477855304511848
-0.0509639648516054	0.0712575991656773
-0.178217164084078	0.157622004580011
-0.336570711544953	0.925928743621843
-0.44799864751067	0.902603975259591
0.189011351981412	0.233875414769379
0.294595387085991	0.554192760274988
-0.676516191301961	1.71561408381079
0.0717440955406105	0.0887615943660992
-0.302753418284007	0.598903425112604
-0.125512119436863	0.211511583097192
-0.355091208976889	0.509625181317387
-0.0362918073804397	0.0702132686988422
-0.188150847572606	0.457317044502153
0.113189075583096	0.210534952527645
0.251197738717904	0.656210278253456
-0.0610276607583103	0.130057542877777
-0.151816862103855	0.243179080893113
0.195651037429888	0.406666752568059
-0.594419572115064	0.920884845919945
-0.45888618000815	0.877786667956107
-0.16949884440967	0.240210689634702
-0.205404483158369	0.192891951275911
0.699578008567618	0.892136114495873
-0.125403238192602	0.111846489491177
-0.392217277076233	0.705799677485664
0.146996437488787	0.205126497117716
-0.239123354179193	0.466976102252203
-0.0779623572892476	0.126123255873563
-0.0000179025186520981	0.0000306019450874354
-0.124849750608771	0.111293105297601
-0.193906263841603	0.303580966308372
0.43790584439936	0.706864483554035
-0.0611637636803844	0.0907790433038694
0.0824402103596619	0.151022530400993
0.0626459001678489	0.0910862539015635
-0.325884187575427	0.614686350599709
-0.0314153876362143	0.024700661564935
-0.207040079966503	0.194701382543378
-0.167657822235342	0.22110878953085
-0.314083675818281	0.450422548627199
-0.106714362161574	0.113863678060738
0.0147999594887228	0.017203880796042
0.951448462777743	2.61154027860735
-0.042631759995351	0.0631082036255204
0.0339171328976607	0.0397237139073659
0.0987174245621588	0.140049383336885
-0.286949772298977	0.424684360356884
0.0193906270954035	0.0327685072911876
-0.139102769576994	0.257297119009092
-0.205961961384693	0.322887536500214
-0.095397711788102	0.116128592364844
-0.137643497759713	0.207244342404316
0.000745962584581423	0.00096827642342196
-0.0885227690438077	0.136032805637411
-0.349798457668221	0.858925912841231
-0.118045475749758	0.17716631511163
-0.0730082432395379	0.105765572173217
-0.441930286811903	1.17641348876094
-0.135623468602865	0.289967039162268
-0.0605876371787349	0.0735939167359884
-0.366289308956456	0.80483237242021
-0.137946117478741	0.139088369186965
-0.524664048427812	0.783671513008034
-0.409151057849432	0.800544514227701
-0.172812760150411	0.270270864152468
0.0659232556485006	0.0972348600115226
-0.144933894521324	0.263000970583186
-0.217702492551097	0.277830770391466
-0.509314696851065	0.869779849133381
-0.398218664212983	0.615337512437057
0.0977772518881258	0.153243812236117
-0.0376645888737103	0.0611187948257271
0.0894455762232454	0.153305716437714
-0.236192879644542	0.417759695624423
-0.253406755584119	0.26645678573298
-0.313593354369447	0.449530094076894
-0.262357006886689	0.503409700653866
-0.523414393225594	1.44421336509564
0.537858796258108	1.05149579232717
0.399339855426494	0.893005669286941
-0.0622224821711541	0.0813234667534718
-0.209506802694903	0.431933478012061
-0.13568850740571	0.285603103454885
0.180377395532705	0.403946361300561
-0.041534992594751	0.0630762215216553
-0.214262285233843	0.467993541589904
-0.146407629041611	0.247137106942183
-0.134588668091483	0.215179380053252
-0.185129998634366	0.340206982775669
-0.368751865600623	0.930775214039116
-0.095444603860459	0.159145983441345
-0.252481485400763	0.372244522917986
-0.0993844397332693	0.148521892570314
0.0343043332642874	0.0475968138954411
-0.228254873628743	0.454312685057569
0.0225608802525443	0.0323163072909257
-0.0963749569479159	0.164050869672942
-0.0999243226491618	0.174246699083513
-0.169615971563985	0.248470171209686
-0.644151709620278	0.735936239764774
0.0663956032556091	0.0559319535724185
-0.0494653222970116	0.0530191609743906
-0.134209676842932	0.195450785938691
-0.169978923214836	0.37814728637065
-0.105059446617898	0.210246945495561
-0.110705545993274	0.225636693510675
-0.0432025029075068	0.0603013902897231
-0.0287036272672962	0.0422443526088768
-0.150662661648844	0.234568463623574
-0.031058797898646	0.0376965788278616
-0.0700350607695036	0.104362009946694
-0.301211402588317	0.637789188625454
0.00163652823493351	0.00262073966600298
-0.263216107183605	0.585702642686484
-0.385733575764286	1.01116626855063
0.0692624782225369	0.118106890197028
-0.13533315515178	0.255547149190701
-0.0991521250602978	0.17268114107551
0.11902466493988	0.191623829962418
0.123395137367853	0.22157681571395
-0.353150798876155	0.839282102887262
0.156893591061963	0.32006262429773
-0.142282276493635	0.274504827273208
-0.00609383033051015	0.00931758457718806
-0.0169844236515111	0.0289254022906379
-0.181771351679387	0.316857703325323
-0.376089553329506	0.434409057981263
-0.464524424554046	1.78949933393503
0.590345843874587	2.22675435810816
-0.192145368518728	0.481293213803316
-0.0414662961464613	0.0702876036581809
-0.170310512435746	0.338738248945109
0.208848115285202	0.377489084862111
0.0526479375877411	0.0800351883477686
-0.569437822555845	1.69425722131056
-0.203716114475096	0.338639140057194
0.581777127388805	1.79307129788867
0.497749069916364	1.22308561390512
-0.0366391016397367	0.0526700087250773
-0.0018658618618467	0.00302846119986679
-0.101717199927752	0.169859461712698
-0.503634912345584	0.808276541051693
-0.490455216498573	0.563865670308314
-0.237473100335441	0.22255474382974
-0.22405724755382	0.249091346941805
-0.254678510781	0.636372770466685
-0.213817922802199	0.484426555476568
0.0103744387990345	0.0147287356119566
0.026062115336372	0.0339087857528849
-0.158260083145079	0.231683385674133
0.0536840087830322	0.0696471946005415
-0.195883867198634	0.297695954600674
-0.154680395170092	0.255231702853614
-0.174103461419738	0.303442947647147
-0.614383773026503	1.55120587411262
-0.183661411271009	0.312919591307419
0.00567304572710756	0.00750779833288866
0.289700253075991	0.521089920825642
0.351310316039826	0.787208677352402
0.0919583200255204	0.174590868248468
-0.195993048389401	0.362033951982082
-0.154125979744381	0.280974545135973
-0.57677753682526	1.94548114400381
-0.339407913720416	0.994916465817799
0.111369437458932	0.183053779776957
-0.221602370629678	0.400162465345428
-0.128300958649153	0.230780731944552
-0.177092593793015	0.339085082682156
-0.19387533496077	0.435639677497291
-0.00636740546614245	0.0103548603866192
-0.0780757094445265	0.128732926529432
-0.0401027118855464	0.0743178831018773
-0.400398448056561	1.12541127765205
-0.0782490690103365	0.148671490451444
-0.368038038964554	0.92835140695637
-0.110862030540472	0.155924957052612
-0.137370374211443	0.167949064192961
-0.269993120377166	0.252063602096528
-0.230474072954384	0.229289695045684
-0.159962668235322	0.169694432215073
-0.202147645190474	0.236587244046644
-0.299798192465215	0.714362926865856
-0.417057593387905	1.1996556540045
0.189117462774664	0.422061517626523
-0.158809914868371	0.332460874285723
-0.223249580568138	0.480466467355589
-0.0464369728736562	0.0772000003747937
-0.0276225883097093	0.0416376429023464
-0.126644467883693	0.233419162157608
0.284340088733411	0.657169716502026
0.238118356129935	0.459450547873062
0.101066012589152	0.167052336040331
-0.331749038110969	0.754252210162788
-0.255722660422563	0.512289391733208
-0.171383530799821	0.26756364511828
-0.192117005706882	0.290557432172135
-0.0131991581603027	0.0171697965383788
0.215964062730136	0.406454651731394
0.308355372259354	0.66227098618148
-0.129588207714528	0.195311289754375
-0.195018853615447	0.368027501531503
-0.08443664662121	0.126062057235335
-0.152764514666237	0.278032842300958
-0.103615053655303	0.188314767223105
-0.228194660117587	0.510270713694746
-0.193611799299499	0.380847580478576
-0.128723006092724	0.169465921230633
-0.253316264493057	0.205816179391744
-0.0534635049087872	0.0417649199327813
-0.261797698428059	0.320315149563632
-0.323421602943961	0.479773959009567
-0.211431494593373	0.419021060097776
-0.0401205502059629	0.0782204288306061
-0.0323410584496963	0.052345441938313
-0.230915222812822	0.439740865757108
-0.151816862103855	0.243179080893113
-0.042914125059914	0.0579134196683418
0.0294649280209784	0.0444758551754626
-0.0721408587066246	0.0943998754446682
0.354245241389583	0.796406336884665
0.115152899495348	0.182605424820758
-0.340374468814383	0.608798216899971
-0.193493052162914	0.293250258452599
0.154781957109485	0.221085179700125
0.166358570407427	0.22979080039155
-0.500711723314502	1.14612545634772
-0.129013561738435	0.227802195398215
-0.135311618255246	0.239218207675776
0.0390268219049517	0.0607100820869357
-0.0475918542498145	0.0743055301527949
0.201785021521692	0.319703636460656
0.120498759393589	0.21371682998473
-0.0454501413828758	0.0724897927644938
0.0631441010453373	0.108308429200052
-0.200243925061343	0.418994717211951
-0.410876611273424	1.14351609979523
-0.0551954303896883	0.0903601453782268
0.104087618095637	0.188061706005197
-0.452002883135574	1.43516959402788
-0.19905376861832	0.423734788951754
0.190632971874655	0.318239708104281
-0.155357557959009	0.212264402450901
-0.627914260494405	1.04323287509058
-0.512114038169819	0.901015883083169
-0.180667515081769	0.255667317992066
-0.090137117309941	0.114150802093654
-0.275287810222351	0.351182017525518
-0.0371241782155151	0.0397965797186034
0.578784470762318	1.6467796148691
-0.323460595454784	0.871406968590888
-0.236245246481341	0.530173426414651
-0.177780015202726	0.37501626478874
-0.594641032828326	0.954882358642753
-0.281828590903854	0.688572983741359
-0.477841778155791	1.16398835812769
-0.333915179779565	0.546482483416306
-0.497692900338178	1.1348808174171
-0.461733106312648	1.10052363735515
-0.579728635571962	1.55161410651084
-0.206524971206869	0.334277031065849
-0.183211810004204	0.303812984583364
0.33412811839227	0.562563056980706
0.0180553413743688	0.0229955051085327
-0.792880618911764	1.88807146284085
-0.402746423804945	0.98727390014454
-0.261621065136066	0.501488230071286
0.267882518864128	0.419361388272434
0.176430682112439	0.207985317186548
-0.0698780621227222	0.0948268130427322
0.399542828810214	0.767237829616835
-0.33277062169454	0.611623559266996
0.27172204819122	0.366466604997008
-0.261445087188187	0.501058936124284
0.276348894977361	0.678349315410256
0.0530160793539336	0.0806527757106584
0.0243523677814511	0.0326671398130442
-0.182477858670748	0.203693734208752
-0.132321557054487	0.15495195088379
0.105202990041505	0.118751411374239
-0.539633201527976	0.952784336151773
-0.227553835204757	0.37988070233391
-0.117286113288068	0.227670816089075
0.00083049343688876	0.00105214555646665
-0.371447513446328	0.610073040238535
0.13383470611429	0.308779295274426
-0.0429019990120213	0.0500662513110116
-0.0934648489827045	0.13152579258851
-0.376053899562511	0.635065737293639
0.438317130901187	0.694024654577814
0.272467955207717	0.367781048311013
0.31715462821896	0.459837389434361
-0.323355632725709	0.762830177230877
-0.0799570127749949	0.157683764002939
-0.152711827837113	0.244908440831073
-0.0169291844146341	0.0260310096761332
-0.455790184341694	1.23670571557658
-0.268362837949418	0.588148394063993
0.30337632499844	0.612721549082372
-0.156304357980105	0.303419603063874
-0.629384056470395	1.92288738138307
-0.172227952175146	0.381969568688783
-0.201823207615641	0.42321939778098
-0.212779620363703	0.29226723354941
0.130417001087284	0.158582989519375
-0.304237017256166	0.450510730856977
-0.518336018292032	1.39912570091259
-0.0959951296197287	0.14770790136294
0.0315551573058394	0.0368324644654462
0.525649339584574	1.31938295963572
-0.0746987137172283	0.114552671895531
-0.0547335117955567	0.0787188307086005
0.371738713137237	0.739790129848145
0.0236062789075152	0.0316392330423265
0.00661425443443256	0.00958050931589892
0.0461656375176242	0.068935002643966
0.197295318637707	0.389506856949232
0.0261560429770538	0.0389692094446458
-0.104648949841082	0.161439767425888
0.0211796416083748	0.026120694124955
-0.131789158862605	0.204615330487804
-0.00848396486687424	0.0114039964157802
0.249477014810701	0.563419155458498
0.0318921653502571	0.0525004379634347
-0.161217564130157	0.258584694579003
-0.0669636168594982	0.110142240684662
0.0412185724177833	0.0627379639595711
-0.253134178478582	0.583432835876288
0.423316899090871	0.978677363239386
-0.36235261820319	0.961042067253158
-0.122537602805637	0.189899383933744
0.225221181221559	0.404863901298185
-0.0214705368079461	0.0270231373924468
0.604423590455182	1.60541905080916
0.0399755199237787	0.0622767103209658
-0.202282473648895	0.407852129069839
0.0730024801783168	0.114115286026362
-0.400378744462148	1.07237163910697
-0.245913776504866	0.434859313046111
-0.203298279832362	0.357045095448019
-0.160837575218057	0.305804223290817
-0.122808823155885	0.220866892860523
-0.0286018991183163	0.0431874904796146
0.00632600882957787	0.00937347705777579
-0.000273007524636608	0.000380637157035145
-0.114065476452731	0.186677196870489
-0.227534125869187	0.239910232039511
-0.323543464304904	0.447593492837362
-0.652999443012134	1.2282542939237
-0.220226856454861	0.346349616065907
-0.0984142337160545	0.133864817224999
0.00323563249922256	0.00395304629781807
-0.157744096655385	0.237890741520241
-0.0196454181093231	0.0255476062062749
0.153391291367531	0.26567552159123
0.112399325473797	0.193740300880558
-0.0707591495414865	0.102181932087082
0.0148163917194005	0.0200283351359381
0.146474469575146	0.261552715707981
0.103332177628431	0.179061464990405
-0.0638828183373984	0.107138341115791
-0.0376284391139297	0.0508945878590656
-0.106805094045991	0.169125347694718
0.219494381658185	0.378308695247561
0.032509614296993	0.0431244412164649
-0.133929404860312	0.21393017047924
-0.0595340322678915	0.0933055563636481
-0.0172807313265213	0.0259743872496084
-0.263975374291707	0.588028548659371
-0.177326447291376	0.325384899130934
-0.139530218098938	0.263162799630091
-0.0812163053705951	0.140521909501575
-0.25274669244982	0.423244728419227
-0.271460795449369	0.570943222107321
-0.270386857120019	0.647935990745221
-0.160415621134669	0.336620112775164
-0.350699476060386	0.9247372511098
-0.600384440760939	2.40639876728434
-0.379071205474404	1.20767153432943
-0.235494025814057	0.416059488574018
-0.0977927461029024	0.166836793042823
-0.270608887877264	0.581852592359338
-0.0467523251421286	0.0611899830916413
-0.0539014466343599	0.0821498353715119
-0.390524497779148	0.473889196023542
-0.411240871493179	0.474368895265842
-0.175108542531073	0.132708517974351
0.715394172276293	0.729382966844753
-0.292614946721453	0.289658896997261
-0.449381253032695	0.517801424945612
-0.183872968995297	0.215485122939476
-0.269588577781052	0.39832078529377
-0.0462005309432882	0.0517631483991213
-0.166733426204141	0.211836379111223
-0.202354187703314	0.399549931094121
-0.331049861177743	0.780797664430569
-0.362999322990524	0.851101458834152
-0.223609302290722	0.415564613626777
0.0955596371111773	0.134993100721425
0.236683327818566	0.404453753959645
0.224598942728738	0.440531129187105
0.300218036709405	0.596929095878379
-0.324230089422285	0.481380761640821
0.0196456344715477	0.0287619816984823
0.0849555470866651	0.157340968132255
-0.252922776085431	0.653064563231021
-0.0890278234657257	0.173848961960575
0.116982440024282	0.228902109356647
0.0257915068970079	0.0434913059581786
-0.300525570617302	0.740904244637873
-0.139139003193342	0.262274087487879
-0.24644616702531	0.388376295546909
-0.182858522122532	0.294637483809938
-0.0918666666697989	0.145015772212825
-0.334335360195923	0.681287910219709
-0.0114278155099263	0.0171290380467794
-0.386275330722892	0.832263002117688
0.261368068069658	0.517312314930423
-0.593376811184674	1.0166375379885
0.483310923817459	0.772254068450493
-0.0620251463580809	0.0441818662527136
0.00781040065659757	0.00629774400913472
-0.366851243555978	0.360695262193431
-0.463664601278065	0.691911473924508
-0.073701766268526	0.089781641844883
-0.0937096227906874	0.131909462641391
-0.226379082249266	0.322469821699964
-0.212205321952385	0.402278145179652
-0.308224545837748	0.641237963276802
-0.317051518173709	0.758701548712916
-0.154866308952269	0.294229504621278
0.135800278284558	0.232478259759505
-0.23773017394689	0.350331087557459
-0.0506868429944576	0.0615819697217356
-0.222879966123576	0.424302179711389
-0.17332823545032	0.30185490061349
-0.212921527025359	0.37422816098976
-0.167678462612916	0.299603817021503
-0.0399337177226629	0.0504143598944807
-0.222441024356595	0.327241275348573
-0.527017612559081	1.5294237356496
-0.328980425958195	0.875609204939137
0.184396937835703	0.364887199750893
0.366594604462656	1.08296465464772
-0.160109847761615	0.249380003959985
-0.124842769591831	0.257428775884091
-0.153416829405961	0.252705275748072
-0.245750160871087	0.447138822397138
-0.202774520999173	0.355860250037428
0.00259500355871259	0.00361556522344163
-0.110163291028378	0.175306349855644
-0.313113161928066	0.665274116719788
-0.319637072084109	0.618101944885169
-0.330769713064364	0.690957057725896
-0.0777248675885841	0.125695210853248
0.0331730076026541	0.0440364411862185
0.115917290198489	0.193509717985934
0.355461547947662	0.520633305690405
0.51659109154311	0.91212945200482
0.231759122030865	0.198781158150164
-0.0736839597289066	0.0706974246051578
0.396061533634439	0.585233230377865
-0.0745791699927137	0.0716095086165549
-0.315181320544242	0.483166256365268
0.0423195134650706	0.0682708032719738
-0.416944353029258	1.1583541646075
-0.703905106132701	1.7511089287061
-0.394562401123262	0.831453855575502
0.00915834849883795	0.0117948193008353
0.39805647742166	0.82105575262837
-0.134866441897853	0.190769871909573
0.024135038286517	0.0346433500994727
-0.117575531688214	0.187297620378274
-0.300583926185064	0.490640102665564
-0.226167784396917	0.376787321479404
0.42587891537911	0.937307824289307
-0.0367516225168218	0.0496551714090292
-0.4269649086817	0.922872044799334
-0.134453262416769	0.214924586293267
-0.0111560422075934	0.0139937097222967
-0.148913882478303	0.231278363724712
-0.070367866417719	0.0955467310635038
0.170492298842825	0.258095691245958
-0.221342618701354	0.409951051652452
-0.376196919871025	0.732873621460757
-0.615310179515295	1.81577834804876
0.0914361211307718	0.133332928812139
-0.00198848051523248	0.00266730932540558
0.039060486022604	0.0528249644635603
0.37472747031718	0.829288531642823
-0.046683534487749	0.0709219860438803
-0.413739599775428	0.955745913318108
-0.441556456832636	1.02526909045801
0.0530058353936312	0.0776599234627548
-0.954263234845054	2.17753265413865
-0.856541232394115	1.71600377123765
-0.493836002451924	0.737649784345136
0.0940431842618769	0.180359514257123
-0.0483783874467372	0.0673874456473367
-0.282886769044618	0.502573729883962
0.00746496280555009	0.00989457696530664
-0.239712742657274	0.400740944278466
-0.334833453616714	0.650195333584344
0.269851191752939	0.495663427705387
0.0230897686632848	0.0274601486533699
-0.180214981839707	0.395289637657055
0.0925841055810118	0.155347963082526
-0.203885161940895	0.376924523780671
0.578499526722911	1.50965975539996
-0.0741670254181655	0.0973178430681138
0.39658953824487	0.574369921966563
-0.0441432137340842	0.0596810886894507
0.0181007244932013	0.0255295122970394
0.0514342539434646	0.0752040479828045
-0.284129757237355	0.505709823713587
-0.0166055761820488	0.0260850420753071
0.684629523996527	1.94109809611541
-0.467394920360181	1.16061699946228
-0.0739358898476089	0.122053356813758
-0.632046668063523	2.42125623224193
-0.00149314787179365	0.00247124637812154
0.00755325050416984	0.0119428047886792
-0.12464998251653	0.22906712400951
-0.346050854120561	0.83427641390368
0.199102147530115	0.440275479428802
0.283119840345636	0.647724713861227
-0.0636002298707325	0.0832816271632698
-0.369100629433932	0.510659174535576
0.157328701215359	0.192764146628732
-0.571382532624434	1.13127083734963
0.0676096435546695	0.103952487240341
-0.596232386140159	1.5674363850431
-0.108214984103769	0.115654798883449
-0.348581559263098	0.678125500675736
-0.470536188640625	1.39288045067227
-0.467139249222559	0.943426946356808
0.20169207110812	0.227846655501809
-0.0326017211550646	0.0396350573909089
-0.388501104864848	0.637243705611081
-0.856321308253744	1.71477100899812
-0.42260849494367	0.511644227989724
0.0199058752003318	0.0213673771096748
-0.235872712039285	0.491343732629995
-0.219985305602028	0.427108688521213
-0.119066802048904	0.178935199204793
-0.10308549260796	0.154841521824332
-0.377029458941088	0.951966434380137
-0.12711972751053	0.238811228820856
-0.312244420941529	0.587865898649208
-0.0362780936055808	0.0521271326600066
-0.165663866083084	0.348091844737984
-0.05067792661381	0.0708256942796335
-0.216043887348089	0.360204332026644
0.192923291727762	0.319251553508716
0.0772222429400597	0.148115541035815
-0.480924662385355	1.29323942255269
0.0167067496237706	0.0261036711956207
-0.200093736185701	0.367724984802157
0.0457417892652739	0.0580561154194044
0.685422975092193	1.65069784765105
-0.217588443486576	0.352408400641879
0.279716743817701	0.557571910605807
-0.0556195914000002	0.0825774960850217
0.0513676568198968	0.0630447365133677
-0.00517622832527864	0.0079058908287987
0.0255621533265633	0.0292584333294066
-0.0153381680102443	0.0206509685897547
0.167899880800543	0.32804749353456
-0.0165616553423016	0.0297071864449234
-0.0358176980338873	0.0653412771544394
-0.302667896216667	0.77240485915909
-0.374032281873602	1.05685064580238
-0.162136782167985	0.315001371275993
0.603515396861333	2.36067720110981
0.189736388409226	0.384658946697835
-0.572036851888499	1.19354061128038
-0.756162968291472	1.4280721313935
-0.111644923951145	0.141259536039355
0.144315670806235	0.212553065985909
-0.115315841054445	0.167829411843052
-0.408030436825625	1.24096389040768
-0.281568617467522	0.593954123320704
-0.00299643926528237	0.00307046019799245
-0.311883496668942	0.41484695480589
-0.153405591817195	0.273567937446207
-0.112053549012721	0.22054918723302
-0.179688149417568	0.34531932765487
-0.179154876365659	0.351139576891508
-0.0936726556090088	0.131849358401426
-0.0894366365913414	0.129897526501818
-0.222167147939756	0.432725203966006
0.25646931413498	0.54797450799573
-0.182936746590264	0.27744586152838
-0.202694024422855	0.374130153197141
0.308582059925894	0.648532053112661
0.273554703438555	0.510807684776596
-0.310872578699403	0.631162218115839
-0.00424315931090572	0.00633241641631206
0.0727575866312459	0.109390252892986
0.0300273729661978	0.0410059739364913
0.137058106785924	0.170426063375491
0.267391568983527	0.418384907631827
0.575413838106085	0.971361635588378
0.117983055519394	0.148581134565894
-0.341689664001532	0.646908301729177
-0.325349927574193	0.515763917539201
0.36049977738284	0.560558964181698
-0.0155872170605508	0.0216246325665235
0.210938431665322	0.386343131784187
0.0560062219078381	0.0862949978284345
-0.034002322187008	0.0514103072788865
0.172523630887826	0.342168464932629
0.211478425680323	0.387640043258613
-0.0851071573856292	0.147100158938435
-0.0531841790960397	0.0786818124539025
-0.121360859214448	0.213608255168814
-0.0616392600477566	0.101245051704459
-0.465979620843833	0.817835365486673
-0.120192843489043	0.163955472023231
0.252773027896216	0.527701444443181
-0.314301924008944	0.593053126424229
-0.506505176106694	1.21345876084744
-0.313334404758714	0.666128470617116
-0.619268063068892	1.32923160000746
-0.346226164770889	0.635922106181005
-0.194118290076528	0.303948339815777
0.081464262125402	0.14030522833743
-0.156611823535836	0.321113652863936
-0.697482058683597	1.80998190676084
-0.256420869172061	0.51413097319236
-0.220122914129782	0.427596336660236
0.0739466386315501	0.124924799772895
-0.138797705980388	0.21511790813017
-0.44028581524298	0.841502376191394
-0.0936726556090088	0.131849358401426
0.0855154118738771	0.139686879041752
0.0597796737544806	0.082915069225204
0.87836006353821	2.73175304905194
-0.170329508551199	0.249676524697967
-0.414721324601693	0.959480731613267
0.206238041027433	0.396148868910265
-0.0433577784848791	0.0672378856269022
-0.663101423141222	1.53570751199919
-0.10349303868287	0.135681710053909
0.341739460463712	0.634916550731466
-0.0897687013627252	0.122227313636527
0.0429493704777132	0.0563869794045135
0.32592664257589	0.664805432443299
0.014605204467528	0.0169713953026299
0.153910132030283	0.269339419641582
-0.0645333697586129	0.0845977565281911
-0.0681680631114167	0.10130624843071
-0.0690127818196355	0.0935210603772926
0.00381577523169612	0.00576256576613139
-0.104144969782812	0.186138439273747
-0.119393763254878	0.21924418463679
-0.538943815742108	1.54178009041476
-0.119073257798888	0.194463388416475
-0.719782746867875	1.35828362125238
-0.426237408288445	0.680696811365449
-0.474663630818269	1.00955658784412
-0.206026311635834	0.3230386761313
-0.268085137768932	0.574219334458731
-0.284574561800062	0.548256627380535
-0.86672031754501	1.68397196588148
0.0730408369910517	0.0956192058169141
0.0401177903115543	0.0566515023520702
-0.124946245836759	0.229707199542678
-0.196134368192422	0.403227860009436
-0.075651365329161	0.11259482239825
-0.434594558230001	1.0322994093942
-0.241705481773442	0.392011036718109
-0.0729585251002292	0.105640422921891
-0.077682391625141	0.122177346219849
-0.271970663971214	0.483671692782981
0.0616756483320479	0.0931827860593371
0.0724366428953457	0.124962199211075
-0.273358645437666	0.525641193326569
0.0151653443859508	0.021307286259705
0.400775391303476	0.863715508999619
-0.114429151462893	0.191398785904367
-0.00720448243426202	0.00995425819494571
-0.0898493999278696	0.105049620916071
-0.0947280940840008	0.124469272800332
-0.33442800803664	0.44485004272801
0.462546970980361	0.559157667965453
-0.072067905531368	0.0876379895104543
0.118915350882858	0.14989957422701
0.195391908462738	0.2475728560521
0.217483894039624	0.300650952604174
0.185860584322585	0.327213605011055
0.0269959620153164	0.0415885663848237
-0.0217140240418584	0.0334371869139566
-0.510785050663021	1.45151251178026
-0.00541916620840538	0.00680818989585727
0.0735538188570122	0.101353107531444
-0.259671026524162	0.461045868628187
-0.0823051744463252	0.126477340829722
-0.0877906634705013	0.127238078335925
-0.493708403329197	1.07585844929854
0.368874551951452	0.680446607238315
-0.0856720440782353	0.12812784730109
0.0548996734057004	0.0748572365272315
-0.370809662852202	0.86865594892838
-0.155794911134634	0.263872704365902
-0.38253101560676	0.985746803067422
-0.062109620252386	0.0995630737564227
-0.582582748017941	1.6508174866165
-0.261962180133077	0.45195075061801
-0.0919479411712909	0.145169510914428
-0.441311088064775	1.17386949758192
-0.0894057271090708	0.144800817168276
-0.422012453355637	1.1369742263384
-0.202016859298274	0.247451155735544
-0.646249240076873	1.31715233923327
-0.202307313295879	0.364057826641638
0.0443973151921996	0.0611007585855284
-0.0505084536163152	0.0765546277056244
-0.104738889701565	0.170642056501877
-0.298575199220488	0.646154291725798
-0.185638855377806	0.400535975364443
-0.385603881037297	0.922740177311708
0.260181145775903	0.514157075196046
0.223956258143067	0.438816421577432
-0.202862978911939	0.374520507743652
-0.340896340318941	0.71184046002921
0.398515073266504	0.729436953501414
-0.184133615105171	0.215836424479975
-0.270648899906732	0.40029185932241
0.434776466495416	0.739428641217425
0.199107138049426	0.283896661590906
-0.15271017669486	0.193969171997988
0.180616288412608	0.287394117946685
-0.295891608790936	0.677585400185514
0.0855781683608301	0.14469011137425
0.329519906914644	0.860501555588834
-0.269001931588415	0.542501675673648
-0.0475972267399044	0.0761514424318624
-0.092005224601912	0.152522307158536
-0.32551893037793	0.694685530060133
-0.083150629999953	0.140771576170447
-0.509373824926426	1.05980010063449
-0.117969806276413	0.192345713087614
0.130096453940621	0.21673736567219
-0.25402727983976	0.425858028586587
-0.230123344279324	0.516032955057863
-0.394562401123262	0.831453855575502
-0.546750668518826	1.4299054207488
-0.62523202456906	1.1421478912123
-0.219990222915286	0.489948962181238
-0.203037934843936	0.383888583257138
0.0142531115399529	0.022189494825168
-0.0578564224162918	0.0730751408776104
-0.0849764920559156	0.111690288155127
-0.318665762318179	0.663895541881725
-0.328056289650848	0.652234084948469
-0.241836313239172	0.462181294285883
-0.354629085709995	0.707632404391333
-0.318694542023707	0.584989211645685
-0.176623703196662	0.351710520828074
-0.173183772378316	0.371917340423239
-0.256869106785836	0.602342215878592
0.420703219141953	1.01745581485806
0.376572761049949	0.855104926370291
-0.442050806209514	1.09449889001507
0.125485419463906	0.235603970209348
-0.286626394507511	0.668709850888837
-0.186514761246248	0.388567996431088
-0.267561882081424	0.619067106259554
0.0726669193553241	0.117631838152451
-0.137232000866795	0.24824508693055
-0.0131783392246452	0.0159773929622339
0.0399805176608166	0.0347140741122926
-0.0547607193397956	0.0559022345044005
-0.62343826222704	1.17117457707737
-0.269970465347565	0.399039827923827
-0.489996587849978	0.705237683519081
-0.620604983563091	1.26442962050821
0.434385852060246	1.24076754494176
0.381106930266462	1.06073427519656
-0.054581803421207	0.0983297587556965
0.436217866493973	1.20144100364406
0.330653339926818	0.726449609419826
-0.432687749205597	0.872099727586871
-0.0471250949516476	0.076649954943589
-0.0134323298766401	0.0206525831789465
0.130901926416507	0.241534828239941
-0.0295784787354724	0.0447207080942142
0.12422109916574	0.223323468503695
-0.284843627705199	0.626366925946896
0.143933863240181	0.211902154840974
-0.118993662786364	0.178837736714067
-0.142828384943966	0.247731318314981
-0.493304611411382	1.32895048860189
-0.306814802834153	0.637202637794415
-0.0231731236950801	0.0357640402373183
0.0920093752536094	0.147493312180847
-0.210871618533629	0.417594473760348
-0.0992837085495861	0.172958638940183
-0.324830362698596	0.74982701976648
-0.244269163490081	0.4680291880601
-0.0821978605518779	0.150648654534071
-0.20467519435882	0.330542065225095
-0.544282470743773	1.04561360830602
-0.0731398343043661	0.120573536447743
0.0276811141490265	0.0426909726273969
-0.162824368889531	0.310517618523922
0.0668524942769083	0.110051888813202
-0.0495153077468498	0.0789382793648249
0.0801983791327131	0.142180912522339
-0.256083712225991	0.652894634033687
0.00448533004504672	0.00706429314765683
-0.214972046504684	0.487843272976875
-0.212171160038911	0.291244586452354
-0.224172973990658	0.249223563952692
-0.177195714316222	0.145948994085072
-0.477091420177151	0.765140877482861
-0.21402921852922	0.28335392527572
0.595145659556892	0.949610389763579
-0.275374318081841	0.351322161087785
0.326346988427648	0.681817709963368
0.146600149708014	0.323741962423994
0.288593752931706	0.831525549274968
0.535340769964942	1.81755495245354
-0.0457362728766324	0.0597881260227627
0.0246566556778729	0.0366631072348604
0.141757125978166	0.249172435556926
-0.273668989936804	0.526299541246071
0.152064275449758	0.27603816615891
-0.0226683128293485	0.0333009168209136
0.0774082576668471	0.118254972185943
0.294444418406027	0.656378417104843
-0.0680137792867587	0.10105519742854
-0.123314664076479	0.19128993503608
-0.279130058924432	0.50977817046948
-0.386935679326151	1.06592373966619
-0.0732441866959991	0.138732921609825
-0.0538382671902256	0.0900253153974727
-0.0918420206020478	0.149297092317278
0.0166042318263442	0.0185569083384498
-0.23208392638976	0.231231876479844
-0.0428375206769515	0.0413868653855285
-0.294068723423011	0.420935256328045
-0.192311678076293	0.39322979280264
-0.232770527708332	0.444260748038567
-0.0730307150307543	0.115005749393119
-0.583856234645325	1.74174695502767
-0.15425464911952	0.287132876949579
-0.157292844953353	0.273284156316741
-0.862490488172728	2.20606113754161
-0.160691102482843	0.280427823466087
0.398892633443531	0.880515228488548
-0.327796082806848	0.619746684502462
0.0655873858018729	0.125889601262292
-0.146743623595334	0.220899972145198
-0.0591071416090758	0.0900581751855252
0.364042875459969	1.02944151536156
-0.0602943097502845	0.109722471681951
0.0868715829916796	0.1519800989954
-0.213263142207621	0.491471825228142
0.0242386453661412	0.0360150406156711
-0.0410933157498294	0.062362111903754
-0.00283874373333127	0.00451954200084123
0.112880239974544	0.209848542810174
-0.0718583244239627	0.103943592412993
-0.153302691413993	0.201880317736745
0.138562734482982	0.213375286627181
-0.389660454233403	1.04011083322534
-0.183211810004204	0.303812984583364
-0.0998642860334064	0.202159506948631
0.0930789143543321	0.166907013978388
-0.0422151746294467	0.0624619269191616
-0.110000451465343	0.208902780318076
-0.309498602594974	0.87144706422618
-0.151188197039288	0.304252530692438
-0.058998619524896	0.0826256767382369
0.00121166846398664	0.00169197407306467
-0.0613387709924365	0.100708381223587
-0.309506613730664	0.672050213020313
-0.388779696180083	0.985617665344155
-0.21128001133334	0.300575339912226
-0.0057456206234646	0.00670318371108341
-0.135620472149932	0.285548542767629
-0.0975185934835779	0.166292897482875
-0.0427702477166481	0.0679205088077099
-0.260572934692636	0.589850459675695
0.134852556620545	0.262676659422479
-0.352402918374276	0.900251817747323
-0.258937367362767	0.459372252041564
0.0359103866753466	0.0582294643948565
0.161631799621599	0.321379982577092
0.27444907522837	0.592671900824233
-0.324737392697958	0.547202135999238
-0.430337342142225	0.933934477515784
-0.102327910055863	0.144028536398616
-0.0105556211847569	0.0154311698876445
0.0326470770600842	0.0433088012795695
-0.0683965846559902	0.0960518171895931
-0.00181587147266058	0.00276860389751583
-0.186381740922783	0.366054253269091
-0.242678154362893	0.583214696062869
-0.127887404792178	0.240526033462861
-0.202663688421193	0.374040363065718
-0.374087149213377	0.475919276925573
-0.31232949323314	0.635371854411237
-0.219302286412871	0.444977254363776
-0.0178366737244465	0.0298479563906811
-0.140519489617178	0.265461750925965
-0.00431165223178621	0.00462212879815223
-0.0198420971958041	0.0266627913148962
-0.0501211549320186	0.0759137091488799
-0.15530345573785	0.256450735582256
0.0617291987710129	0.0932770590481873
0.067943858797667	0.104509681510002
0.0468658435150567	0.0674474087939684
-0.0421426514837554	0.0568033222468002
0.103879329902191	0.17390569891864
0.222116787616855	0.38866886924661
-0.0514015463095287	0.0742157464437946
-0.0233647060576037	0.0360690708896266
-0.398896581531074	0.800558224717853
-0.423090380367378	0.512432291920164
-0.281207653795592	0.294837338355477
-0.170264481272914	0.241503748551236
-0.297964582828178	0.531415052085968
0.0225747391765238	0.0424862037294537
0.147608515528223	0.278469243962141
-0.11096746103224	0.190111532441388
-0.345563631491507	0.439790607429708
-0.141173280302233	0.21947785344384
0.341259639728289	0.855194782664459
0.0841423330886626	0.13714977408773
0.0565948394121963	0.0807986694920861
-0.021537734786391	0.0280779929544856
-0.23836938576528	0.410446848350644
-0.0606755741050663	0.0926790951934488
-0.0442334791759168	0.0618226418400214
-1.07048549960939	2.5060726798436
-0.435819246741896	0.900327857063679
-0.227285189845083	0.323985707829294
-0.155366341657856	0.331158406584131
-0.244783240287926	0.551476735074146
-0.0489139089312576	0.0745561303663378
0.182373863231513	0.267748074473226
0.579173179849275	1.64867928284852
-0.321270542474832	0.622503941446179
-0.708237023123623	1.99618896974651
0.105482800453494	0.161764673165264
-0.264016546240459	0.493745176889151
-0.170694226402586	0.250370851515698
-0.285707849771509	0.590996165871047
-0.506574629962855	1.34510708412253
-0.458614990422001	1.16123092028029
-0.0388319624651382	0.0489620843813539
-0.295739382248362	0.525767563939302
-0.05906186332347	0.0798446458397091
0.120475442522567	0.204239369567885
0.0104680770421148	0.0144803922404752
-0.159125908569173	0.233174744537107
0.0709673416962265	0.106423949287978
-0.147088463601928	0.215093795134429
-0.121463031358526	0.17106100865423
-0.265938990374299	0.498479682926732
-0.0850411598131491	0.119634635699631
0.374619147762879	0.897048158024784
0.152883749371327	0.280267837037233
0.118348217811119	0.180183983051773
0.37198589853476	0.75047469478782
-0.316853859257988	0.629617096620978
-0.139849358311949	0.217066411710403
-0.210673766309362	0.426016377109506
-0.298796997284294	0.66208512343886
-0.463301973578783	1.03095489262836
-0.247935605823316	0.426284935223426
-0.184698342621906	0.323373500923408
0.3983588508255	0.954903710520738
-0.38252170816655	0.898491023309932
-0.329067189122656	0.654995366733622
-0.1734690947391	0.287217127372593
-0.439887284013423	1.00128172580274
-0.128988661729668	0.194269188897404
-0.358679231721199	0.94697934857353
-0.339662444932412	0.641592327140251
-0.0660062001450569	0.077157687295446
-0.106069591867858	0.154244141324726
-0.381609986547467	0.606841710811626
-0.266288896331672	0.310364688231435
-0.150068495118541	0.133231748476576
-0.228145696215421	0.31354542981498
-0.00705373256020617	0.0105601597390017
-0.0577067550957004	0.072874990200196
0.605307832239509	1.10659643148277
-0.0914511318153725	0.0764781382218819
-0.0422159909309655	0.0492235796383253
-0.194136176232144	0.366068540079571
-0.38520345391581	0.672533612187779
-0.250041780982147	0.381515153771344
-0.269292547903449	0.397745753861579
-0.289878987453504	0.457575052010607
-0.223388801230441	0.329050879170351
