x	y	clickSelects
0.0662422032662452	0.478776780466939	51
0.071958163573948	0.523136478276354	51
0.0734694471250576	0.404294432776711	51
-0.00850812804321788	0.0298400880252697	51
-0.0760081352277536	0.309372004144137	51
0.00286156981196608	0.00807070759057767	51
-0.00173131244247811	0.00457538689897997	51
0.0674926304737342	0.220593303168197	51
-0.0781830400517598	0.262557204480449	51
0.109036741367766	0.318511348521684	51
-0.0423511663632265	0.107076845696796	51
-0.107467329054308	0.237329920254696	51
0.102063107778811	0.154204744104441	51
-0.113203668772342	0.143475420702741	55
0.103604345826188	0.124761353396304	55
-0.0274820464650735	0.0266016079615773	55
-0.0805283713014977	0.0723406490946703	55
0.0769719732492142	0.0801489132721783	55
-0.122103523224252	0.148982243663762	55
0.118632876835373	0.22581012471716	51
-0.028830860365978	0.0466649483768947	51
0.0697289791292108	0.116149181958455	51
0.0996924869209226	0.170393037080025	197
-0.0371191262278702	0.0601782541186387	197
0.0944563730881436	0.139781915144168	197
0.0366030986242498	0.0367583100579887	98
0.056128471638954	0.0766378643996639	98
-0.0887718251933174	0.120735298158706	98
0.0518349419565572	0.0574894837644635	98
0.112829702582945	0.130476919380197	98
0.0438620132442381	0.0417892845253004	98
-0.00999454967530724	0.0149499611321917	17
-0.0773999468117237	0.164442824088883	17
-0.0371919003354191	0.0550090622960314	17
-0.0131862624307952	0.0147529560791946	17
0.10754693693337	0.140132831639156	17
-0.0697716878746894	0.0586714603730756	177
-0.1200431073992	0.16372327876914	27
-0.117932351649915	0.0717237984943397	27
-0.102032227747229	0.0280058495597649	27
0.0233696315068034	0.0195608296040229	162
-0.0500738172414542	0.0537065271070807	162
-0.0606707363775985	0.0822036119462395	162
0.0194785167809862	0.0174155726985338	226
-0.123918449613717	0.175060181997807	7
-0.0125313584221848	0.02311787886125	7
0.107018634751817	0.216414037651883	7
0.00277263025792287	0.00444215002671212	7
0.0189042196829596	0.0128568547367965	7
0.119096764690613	0.0689822920860239	7
0.105008756924291	0.0750606314199348	7
-0.0459289589348357	0.0245932429844792	15
-0.117366417050401	0.0713666391109375	15
-0.00786730036525672	0.0051136636882408	15
-0.117083381967748	0.0711840010319632	15
0.0872843254000892	0.0466041449504778	15
0.0815685293638003	0.0638046287719284	117
0.066482347685515	0.0560110601350744	7
0.011465596909564	0.00856148982513924	7
0.0135269850522538	0.016323820052786	7
0.0422837706737006	0.0717635117655182	7
-0.0911041093742489	0.168380001980594	7
0.0489258401290264	0.0890791335567644	7
0.0574066001692637	0.112533383167272	7
0.00386973526814179	0.00648963969668639	7
0.00178454675440207	0.00290886782058527	7
0.00852953251725808	0.00687722104470312	26
-0.0830660208180681	0.101016721917073	26
-0.00743668463752495	0.00483670804771437	32
-0.107465430285492	0.0828664325137562	32
-0.0747359843218044	0.0466467464262748	265
0.04446175040573	0.0140959642817302	120
0.0617090590720797	0.0858268093376291	120
-0.00699878940939578	0.00880271146455783	120
0.0373043020488592	0.0462799995616532	120
-0.045650663141562	0.061833999051941	120
-0.118064631208839	0.138309545229827	120
-0.0320488730552034	0.0252043688311895	1
-0.111752569002239	0.157358641566329	1
0.0436575865022035	0.0472665767649216	1
-0.0570936287147852	0.0549430681443959	1
0.00710752374358722	0.00573448944655826	1
0.00712722582617245	0.00316079582347128	54
0.124208594031485	0.0461543398984152	54
-0.00458029779542177	0.00575181089861466	54
-0.0444963816335512	0.0601685501490152	54
-0.0521544997748491	0.0869672625204919	54
0.038515429160596	0.0478617016769507	54
-0.0435972250279326	0.0421446943939826	215
0.0938163335327293	0.084882269097353	215
0.0297992439747206	0.0423218124766962	215
-0.00104532016634455	0.00260408504172878	215
0.0044729657336893	0.0111113662395614	215
0.0583143359279657	0.413266064342393	51
0.0614686765699608	0.394564118006022	51
-0.0942933045524832	0.467260577652395	51
-0.111268296118742	0.499915373378079	51
0.109471768117291	0.40668819547161	51
0.00491356637938129	0.0129632670910751	51
-0.0147441421772778	0.0404471278909483	51
0.124108395035694	0.513463970922391	51
-0.00352468611615597	0.0096869276837605	51
0.0715257383971124	0.233437063586721	51
-0.117414035034811	0.310412187262911	51
0.066910752869944	0.119689704609039	51
-0.0741513773593384	0.0462745214004995	119
-0.0337169132235161	0.0242477989790762	55
-0.0526207608216704	0.0613289815129814	55
0.0402370597761183	0.0349512213485716	55
0.0660341664714132	0.0556193233941224	55
0.0816291065127738	0.0713416512157749	55
0.012439469288486	0.00928707992669985	55
0.0416518497018878	0.0450138196695016	55
0.0445156333633875	0.04243742306272	55
0.112394441654245	0.138632750305953	51
0.10118102668387	0.152695649755799	51
0.0858004205583895	0.104581668749315	51
0.101413697603029	0.193899145718219	51
-0.0174805261473175	0.0290737620398003	51
-0.0226907580815217	0.0357918323463957	197
-0.0186403204593022	0.0280750142824548	197
0.120143238125185	0.283809383223636	197
-0.0814830727170048	0.135087116631777	197
0.101886247303058	0.130082822062815	197
-0.0280749676968236	0.0378268973803776	197
0.0209480783501192	0.0214736126461692	197
-0.0482842122717487	0.0407880253809769	98
0.0098249489241974	0.0126611747850009	98
-0.108274063367123	0.115740101252535	98
0.00583739744391288	0.00662562574388177	98
-0.0841322068680385	0.12961688830387	17
0.0378355240475422	0.0380382760647466	17
0.103966301855713	0.150207590893892	17
-0.114714032488732	0.166823731620899	17
0.032541240329838	0.0342935438620044	17
-0.00814675578822536	0.0109459704371761	17
-0.0615047464681059	0.0747853099680271	17
0.0949531084862801	0.0859709073391401	17
-0.00617054134399582	0.00748205678896119	17
-0.0838473951465224	0.117786926632162	27
0.0372095681980747	0.0418977575536452	27
0.00382727662466483	0.00578130858457804	162
-0.0913432915690788	0.0873420738385503	226
0.0564620410811194	0.0555127813559873	226
-0.00404257959930742	0.00471391475190458	162
0.107668517206152	0.266518140145057	7
0.0355512977124246	0.0748849627425497	7
-0.0555638620082203	0.0825027849987107	7
0.0326814951210321	0.0382182570550575	7
0.114381226161632	0.152271300838997	7
0.105292006512163	0.0752785613022193	7
0.0886329457435166	0.0473265298249757	7
-0.0990837030967008	0.0511740497596088	7
0.050363096006322	0.040838302570084	7
0.124313784612069	0.0461942332537848	15
-0.0536119954522746	0.0418860492728798	7
-0.0737218660134935	0.0459781007785175	7
0.01694705300759	0.0222805958667161	7
-0.0470123533061888	0.095048372015169	7
-0.0320847052888656	0.0252342185992909	32
0.018358370280854	0.012481598068311	32
0.0980525508098915	0.0798897547571788	32
-0.108475420890428	0.0836965882831584	32
0.0877515720102949	0.0468536940569961	120
-0.00378881322986301	0.00406175427576075	120
0.116731701850359	0.212982733434519	120
0.00106511137296544	0.00158248859045005	120
-0.055590859615975	0.082544558548024	120
0.0109595776746927	0.0109325446955057	120
-0.0804598587578206	0.0625191541797008	19
0.0494357955900367	0.0400636980381791	1
0.105437703545263	0.0753902423976455	1
-0.0378550476839742	0.0241631165304594	1
-0.0814997727738867	0.118293875518781	54
-0.0221243659578097	0.0371054891837544	54
-0.00855856567349301	0.013964433690271	54
-0.0455936830678553	0.0744339370107356	54
-0.0256008007361936	0.0274613528882011	215
-0.0485608038064132	0.0613100916154272	215
-0.0635295540825576	0.102074005121501	215
0.0662892496338987	0.17426382003437	215
0.0612702800569539	0.43611013179976	51
0.0615608446652024	0.396662348734814	51
0.0385851318788807	0.207508573079793	51
0.00821728523122786	0.0314640064101013	51
-0.0422640211713079	0.162365265889748	51
-0.0472790943852597	0.171015296654214	51
0.021719705957029	0.076860996507604	51
0.0196262631082493	0.0669978282144004	51
0.105655338934239	0.408758406520135	51
-0.022632126149652	0.0656732356872411	51
-0.056524601185906	0.129732824997358	51
-0.0347650131475741	0.0586003664455692	51
-0.0434511822609984	0.0507371579197424	55
0.0963516170084044	0.105985402874954	55
0.10600970396808	0.0992007881108911	55
-0.0932346432653134	0.0998579259576209	55
0.00994357786003394	0.00991533240027737	55
0.0890815106455215	0.0955596372142722	55
-0.108640270451423	0.116174740585781	51
-0.0139960940837634	0.0176119296960567	51
0.0211991567219573	0.0389730341347981	51
-0.0577377832718833	0.108215420010816	51
0.111316329776135	0.189907815632642	51
0.061614225633677	0.0965315843028602	197
-0.0849342330626767	0.140459160580604	197
0.0572050255774457	0.0606900352688967	197
0.00366805042752787	0.00416390333647502	197
-0.0226954248004417	0.0286020917222376	98
-0.0409299009248069	0.0497189678972941	98
0.102314261329311	0.123027535499647	98
-0.0581201799133106	0.0734248925366596	17
0.0439571339666678	0.0577608156088091	17
-0.112953574080802	0.184583295447559	17
0.112950352914027	0.150094328856088	17
0.0387407785803072	0.043689508532595	17
0.0197906931465236	0.0202655344936874	17
-0.0370368223049663	0.0397060611699983	27
-0.0997179317507688	0.0515156241751788	27
0.11808919449671	0.0683714032399027	27
0.00628733502322373	0.00279071231174821	162
0.0794637679954995	0.069349867743125	162
0.11903087293937	0.128530205328856	162
0.0671173647467479	0.0624005058882399	162
0.0882150375014026	0.094570653980121	162
0.0241328614830297	0.0202102135283453	226
-0.0162060466657683	0.0166088497572798	162
0.113665085610039	0.131577372269945	162
-0.0440901562631098	0.039934536121623	113
-0.0938371502557058	0.123192149124928	7
0.0441811420765076	0.0942388516176128	7
0.00937279143116401	0.0143779011448961	7
0.0198023817877903	0.0361235360134954	7
0.0230865354645093	0.0402434007203899	7
-0.0616017036928877	0.0438675325265522	7
-0.0751691022556552	0.0469238205001807	7
0.0295930304844631	0.017563091396708	184
-0.0388738432320906	0.0248186972396057	7
0.0601565482885838	0.0382541503214394	7
-0.124894399561694	0.111345042594378	7
0.0880217273516838	0.0469997850128657	7
-0.00658298481381316	0.0042872690441231	7
0.0613263022413665	0.0390076375971149	7
0.0932297912083115	0.150998752168167	7
-0.0244778292318246	0.0433895232871956	7
-0.0783603261527182	0.174416897253287	7
0.021727848292649	0.0474400459046014	7
0.104918553438221	0.283624698251697	7
0.0114707765569688	0.0229109881545333	7
-0.0140714570629704	0.0136493540967664	7
0.0622365205899477	0.0465871278688767	32
0.00766891376850918	0.00339500071140548	32
0.0443474817871651	0.0140662431554584	32
0.0844652946048766	0.0571574624204049	32
-0.0621935305961924	0.044301708709702	32
0.119841520765964	0.0694213782072357	6
0.0508024929397927	0.0248060923900728	6
-0.0320847052888656	0.0252342185992909	120
-0.0268320769080626	0.0274330687700532	120
0.00662746349278286	0.00722635556106524	120
0.0733608097102941	0.114724424414269	120
-0.105283797861355	0.183707770572439	120
0.110458845072959	0.196566952304038	120
-0.028372793251227	0.0394497216128115	120
-0.0839306453957872	0.0940834288609206	120
0.117106208315483	0.113192058625985	120
0.0953966642735424	0.0864036080300142	120
0.0880008691921881	0.0943175208789752	120
0.10854755798576	0.11380238411882	120
0.0810919164373458	0.0708702800732011	19
0.011878897372715	0.00886964572088169	1
0.0240639477983182	0.0312312731061214	1
0.072593679065958	0.0949683693942647	1
-0.0711922899019369	0.0798365497507029	1
-0.0289304973722587	0.0263275018211614	1
0.0950721520996731	0.118786215726076	54
0.111896229572201	0.184045011473473	54
-0.0269856270584603	0.0426053883709928	54
-0.106596318861607	0.206014625287609	54
0.00293595221024975	0.00370466798038718	215
0.124090389162009	0.159604135503757	215
-0.115189949348693	0.178519842102108	215
-0.00880672859335413	0.0128441802882875	215
0.0523788268317909	0.073603871501721	215
-0.0515113485858002	0.106245818471234	215
0.0183773806264476	0.105123019287219	51
0.0355678084302397	0.21984426022323	51
0.0403692410996242	0.214818924259382	51
0.0819169710183093	0.453087011026071	51
0.0373202364568995	0.156264577640362	51
0.0770310013315719	0.375963113194049	51
0.117982659843618	0.661455454410154	51
0.0347420764178852	0.135799379349197	51
-0.119044174294507	0.248355161002051	51
-0.0936212460268085	0.12288890277607	51
-0.000404702979193613	0.000522619231846861	55
0.0607971375819318	0.084452631780674	55
-0.0906703145453093	0.114893645418581	55
-0.0153266790140211	0.0148823130384702	55
0.00745374536053177	0.00778717927615751	55
0.0530302011905966	0.0588886797386359	51
0.0666910870767661	0.0726050138572306	51
0.0515382508368198	0.0632675620968357	51
-0.05614008452975	0.0978783904624006	51
0.0796875120925479	0.173502195972318	51
-0.098427254078322	0.215968913406168	51
-0.0785619539027082	0.149350102471106	51
-0.102836950812724	0.233194035580185	197
-0.116418351572135	0.221932814478936	197
-0.0353009287790647	0.0631630372100762	197
-0.0197940684789934	0.0248583675799189	197
-0.0163405391435644	0.0167482464266676	197
0.0788402737049408	0.0940496176158795	197
-0.107679866440644	0.156899813469364	197
0.00377014617740519	0.00512241028913925	98
0.0593813149137146	0.0745410982857406	98
0.0777760542658302	0.103677173476626	98
0.101034274965183	0.128872592433845	98
0.00975316758466714	0.0233304746136706	17
0.0303018144812854	0.0605382582134759	17
-0.0552036616361803	0.0794582381657892	17
-0.0344148618738316	0.0507206259472619	17
0.083501614247978	0.119191875900744	17
-0.0581459455971484	0.0560102626096771	27
0.08518972464493	0.0576629309620761	27
-0.118852477341252	0.0990382818219566	27
-0.0390950972780963	0.0398996861423141	27
0.0293899287641754	0.0428794141061648	27
0.0309653414562935	0.0376536657461295	27
-0.102151474316397	0.0280429520461372	27
0.0672547717477708	0.0732860874608451	162
-0.0274461583212499	0.0265664082768213	226
0.0313730344771693	0.0289542547859912	226
0.0126979882838847	0.0153129208926419	113
0.0835396145064217	0.101516664086899	113
-0.00685813885487472	0.00862502508740138	7
0.0389675479295233	0.043955703827639	7
-0.0178144404821664	0.0309427160063364	7
0.00388320066284601	0.00440773646070984	7
0.124965463084782	0.0939095754022913	7
0.0592812469106746	0.0376879883141465	7
0.0837393558155953	0.0566331788858589	15
0.0307627816145119	0.0182610632267809	15
0.00568513287908535	0.00253206472814146	15
-0.0096025609272379	0.0069668832542284	7
-0.0101390881930103	0.00735419692600798	7
0.0331899925693985	0.0588352352484304	7
0.0760092663561734	0.168737279420268	7
0.0759677069079299	0.201681044697807	7
-0.0141129037697243	0.0273185592375507	7
0.0645305517143558	0.132478535485639	7
0.0866323830753943	0.0927269697867808	26
0.00838696133340768	0.0107932858541665	26
-0.0135770601419203	0.0131721348432272	26
0.0396321500696462	0.0447351926913919	26
-0.0469404182485976	0.0251392913656734	32
-0.116907888824319	0.0710591189244981	32
-0.00357040228909144	0.005074292667539	120
-0.0507234012875995	0.0881577879822184	120
0.032857361412773	0.0346397150701056	120
-0.0291384470817118	0.0282419096462884	120
0.0175396183938723	0.01879162857057	120
0.0874459517425818	0.0466891154664991	19
0.106004346871011	0.0758191516322808	19
-0.0699654853108785	0.0588576363295729	19
-0.078885449534775	0.0612255911420235	1
0.072386552152989	0.108776481030212	54
-0.0711402048206217	0.127602995509896	54
-0.0779563134731055	0.145769574378751	54
-0.0931020050604754	0.154679883742223	215
-0.0695480302968373	0.10357256569149	215
-0.0547964084780284	0.0953203740173785	215
-0.092706935979931	0.181126604865393	215
0.0198765809526971	0.0342442142009377	215
0.04044665570274	0.262352152353874	51
0.0483810219781941	0.307053778148734	51
-0.00641660633554444	0.0265488324355313	51
-0.0813202896426754	0.395435980658141	51
-0.0432654671490518	0.197075127142221	51
0.0231308491937178	0.0926929706036945	51
-0.0555514742771063	0.216075188401833	51
-0.0325567876194129	0.110816732361101	51
-0.0623337403796695	0.174267641490737	51
-0.0397002607860433	0.0501073569631344	55
0.0314378992270859	0.0331024812129759	55
0.0177435986433638	0.0190134902749818	55
-0.092045772919494	0.0769952217170965	55
0.0396870495602341	0.0344618891056129	55
0.0330053148581815	0.0305030548009315	55
-0.0730689401706356	0.0889509157997632	55
0.0064654871475317	0.00521860226706516	55
0.0492518396979006	0.0399086609175313	51
-0.00685813885487472	0.00862502508740138	51
0.101418269001677	0.129418156543256	51
0.0597805556505753	0.102023328262988	51
0.0918014182866629	0.185045445302339	51
-0.036858520857983	0.0648982322765737	51
0.11564321222321	0.232437352741735	51
0.0444173265261373	0.08322091390765	51
0.116595415636903	0.258510379007417	51
-0.0646988409109982	0.128433617734039	197
-0.107064682756233	0.22136377854659	197
-0.0270283412075428	0.0276473962595569	197
0.123039807162575	0.179374864385564	98
-0.0923783510743773	0.0773138015352159	197
0.0523318414586222	0.0823155990387099	98
-0.114756894414968	0.145635570375597	98
0.0778351053496282	0.0927445608920096	98
-0.078337814048286	0.0839943751891262	98
-0.0610487901335583	0.0905951604686195	17
0.0874402124895467	0.138012355076479	17
0.0624357925552043	0.154833614189298	17
-0.0563721442646197	0.155068288611539	17
-0.0779268243504935	0.11637578340876	17
0.0157543020646757	0.0183254612291894	17
0.0939281747984071	0.124129100253754	17
0.0541067163475844	0.0702208015368944	17
-0.073302272231806	0.0892572462846861	27
0.122681862426399	0.145666689794439	141
-0.0952532386087289	0.0670962698970425	27
-0.0463890680569949	0.0248383732759625	27
-0.102676454877868	0.0281718932319488	162
-0.00428535750860662	0.00236798931715694	162
0.0426458721946233	0.0511341252300947	162
0.081894643252554	0.121973595408457	162
-0.112134098675462	0.27781581116266	7
-0.0350621291083202	0.045646682118336	7
0.0376694344513028	0.0833224035324024	7
0.0843441943377225	0.120535092021385	7
0.031727828886767	0.024703086284362	7
-0.0681355096783416	0.057235544681386	7
-0.0342630433918571	0.0246462858980319	7
-0.00802134775884579	0.00521150945351599	267
0.0872667199244646	0.0465906010897239	15
0.0318060161468823	0.0247680468821898	15
-0.117921688735023	0.119135597500286	7
0.0208476919546057	0.0455857066009232	7
0.0779501001008287	0.200330771735952	7
0.0777147898744209	0.174006765480299	7
-0.0168634115086083	0.033286101624645	7
0.114363734207052	0.132465305085151	7
0.0509386239511941	0.0248801213694553	32
0.0307601865423553	0.0182609747938185	32
0.0632899134234391	0.0474146993987468	32
0.00821067090057605	0.00362882312274306	251
-0.0793918273051595	0.0616565684239604	32
0.0437109725421712	0.0138706805505789	435
0.112391479592489	0.0951509714521771	6
0.0649053923193186	0.0830841308435598	120
0.0612528472389203	0.0851281722592695	120
0.0691698848503181	0.12501893102592	120
0.0264640876586846	0.046681512024199	120
0.0369827529966569	0.0663882510205654	120
0.107503214287609	0.196749825581093	120
0.0237173538576465	0.0231022137272862	120
-0.0652262249214878	0.0761877130482865	120
-0.0942584640744363	0.066380363524097	19
-0.0109242297154904	0.00931379860818388	19
0.120179335352469	0.212964713328325	19
0.0439394934522997	0.013940501174077	1
-0.0462357126948257	0.0247581024043639	1
-0.0282922482767778	0.0257375701629269	1
-0.114740041481598	0.230488950562722	54
0.00388320066284601	0.00440773646070984	54
0.0803746446579862	0.0702072060683423	54
0.0573827203824184	0.0718668511557999	215
0.0430801338972792	0.0591807550025733	215
0.0768320912601072	0.597031981007943	51
0.0629619226598618	0.440996117448038	51
0.0487353479820047	0.289046406105547	51
0.00908765941511813	0.0424274082496067	51
-0.00282014580200414	0.0125864684206676	51
0.0232051068903189	0.0975026529352057	51
0.0255867987178994	0.0937475173191545	51
0.045380298285634	0.132751443277621	51
-0.0956948894432112	0.265102669797433	51
0.0156190932006178	0.0374723872947301	51
0.0601585507558142	0.0964959140671774	55
0.108904716867425	0.213609429993068	55
-0.0894828867958591	0.113245057770422	55
-0.0872321365286908	0.157630524897109	55
0.0324218022559517	0.055982790687557	55
0.113803520989087	0.151403192318128	55
-0.00344874847942469	0.00402177670612565	55
0.123742878656813	0.191779492093669	51
0.0601761376423444	0.108676807239577	51
0.120469607104045	0.163706939159342	51
-0.0340867712696269	0.0565193179074845	51
0.0599707541289565	0.118131721846376	51
0.00282475858582899	0.00558899730719597	51
0.109575282446726	0.248603730115335	51
0.0365271496187168	0.0748870581170027	51
0.0682971029895398	0.096848483152924	197
-0.0803488293541329	0.116456849029786	197
-0.113544453075119	0.202831665996421	197
0.00380975151976672	0.00531086710849634	98
-0.0918190394275788	0.12893036613573	197
0.0534110856577437	0.102847640733422	98
-0.0384201966679862	0.0734280730641985	98
-0.0396199898096659	0.0710899560252051	98
-0.109315217141693	0.183081712693323	98
-0.0160054550121522	0.0208818728820294	98
-0.0379013879185873	0.0601294305275672	17
0.0931669562008157	0.245941671614977	17
0.0520784196449248	0.140132090954852	17
-0.08318143246426	0.249580227654312	17
0.105835876515354	0.247971400733728	17
0.048328318509136	0.0839205696218123	17
-0.0923832175787302	0.129813374147834	17
-0.123035528745807	0.248988897468703	17
-0.118833349777042	0.275454046657141	17
0.0511012979168706	0.0746715827766094	17
0.0102455255116546	0.0102174465088402	17
0.122312270073144	0.235869710589173	17
-0.0421575958994898	0.0640788713110803	17
0.0395035477065993	0.034296382939402	141
0.0820751835075101	0.0642279758944558	141
0.0588477568759476	0.0625409814617652	162
-0.0137611117878086	0.0220846687730581	162
0.109391016124766	0.235312745744911	162
0.0672014421094803	0.0907991781461466	162
-0.0131585839163956	0.0176675470583052	162
-0.00798543374146141	0.0158081209083541	162
-0.104062670665748	0.23941986746701	7
0.121779781262564	0.144476577534564	7
0.105607040769672	0.0987844948753141	7
-0.108644629062552	0.0837925385444769	7
-0.038726981877352	0.0247241402010152	184
-0.0620455540216011	0.0441957570263145	15
-0.00347040797337453	0.00355436238871967	15
-0.0036953592856475	0.0020482000899761	15
0.0967167924219974	0.106423874602635	7
-0.0994010633760612	0.148533860292793	7
0.0820927512143596	0.127384918210924	209
0.0606119075882328	0.11747252832555	209
-0.00609227112184849	0.0118541875723655	7
0.0458528859989591	0.0929472804561717	7
0.116537424820426	0.146500033911137	7
0.0491399606254858	0.0398160961938587	7
0.106203613626999	0.163018341413778	26
-0.122942077926475	0.173504781077755	32
0.0490785308151928	0.0239733057069617	26
-0.0747359843218044	0.0466467464262748	32
0.0315795478407072	0.0245872638404272	32
-0.00145935562072283	0.00157295589455667	32
-0.0288497281246053	0.0244823958148771	32
0.0323437595364981	0.0298792011687011	32
-0.0914511318153725	0.0764781382218819	32
0.00574584284462556	0.0025566395800045	175
-0.0348305477851762	0.0527324279946703	120
-0.115015912150445	0.239741349897065	120
0.109343150531974	0.206974064848959	120
-0.102415340087855	0.166251958406412	120
-0.0600285498192305	0.0673932694669403	120
0.0522860933381576	0.0580196682500326	120
-0.0108176580939485	0.00855312756653222	19
-0.0174826317096439	0.0262887105834244	1
0.0377333484565878	0.0379172567740699	1
-0.101694770002385	0.128876545126113	1
0.05433926515904	0.0488717122518668	1
-0.00443809175860059	0.00245057881061681	1
-0.111222842093611	0.156507889203088	1
0.115692293941837	0.193023341579971	54
0.0883283751338783	0.16088643668684	54
-0.117520557263645	0.240887306210578	215
0.0545944465977994	0.0491108114061737	54
-0.0971386763916564	0.131961615631532	215
-0.0690208257823996	0.113873499095901	215
0.119620579986954	0.202553661034554	215
-0.0368463386714375	0.0705559761393254	215
0.0677839009067113	0.507664030638359	51
0.0747613665516288	0.568372035581559	51
0.0983813899085044	0.789237497011111	51
0.0904246530279121	0.639317746618604	51
0.0962217353222427	0.536956300451607	51
0.0491158088731531	0.179472218145421	51
0.0379613180287505	0.123383978140965	51
-0.101136666459168	0.348710484123842	51
0.0556084145297741	0.16335938429033	51
-0.0216737686879375	0.0590115494920371	51
0.0991877067626686	0.233197617747295	51
0.105356242641214	0.235942915337912	51
0.103186443536528	0.234136838770589	55
0.0507645984927687	0.0885335779977062	55
0.0274133844861168	0.0486928426211378	55
0.0934781143449378	0.177883947489631	55
0.0627520071097629	0.113823598415671	55
-0.0632157578344688	0.119001171476273	55
0.105509015589518	0.224267296268619	55
0.0914155751344433	0.183017278103604	55
0.122038875809048	0.226205844457818	55
-0.0778340752960853	0.145594467090804	55
-0.0709213882767323	0.134585891513175	55
0.0993855606033948	0.222781531760264	51
0.0578427834740962	0.135685012299855	51
0.117779266481928	0.362126238975097	51
0.107359559040009	0.277387954214706	51
-0.113318119604695	0.251566488175506	197
0.050711635624084	0.092588493685532	98
0.0594140051258052	0.112148270091203	98
0.0211300985689046	0.0351243090329862	98
-0.0766155903124394	0.153060058979965	98
0.0750385795907332	0.160338003211879	98
0.0259066462241899	0.046466994988107	98
-0.107144971098544	0.218394568656934	98
-0.106510379142349	0.224414257134523	98
0.0888968357002813	0.181722622479354	98
-0.0459956919896284	0.0902558703152995	17
0.0630838850449836	0.114496415880883	17
-0.0770217594318749	0.16352652936782	17
0.0456637027451212	0.0891943762154117	17
-0.0447091233829188	0.103360282955914	17
-0.0770032644863404	0.18641520196363	17
0.0112171465088241	0.0199302120467801	17
-0.0935784973360904	0.209403393102658	17
0.0300591882357461	0.0591258916647454	17
-0.06887111309694	0.113605800765305	17
-0.0451908277964407	0.0702994770811321	17
0.0344252674500302	0.0686327000795705	17
-0.0526411296029685	0.0822410095493352	17
0.0717351998001754	0.140826065032215	141
-0.0943815728010402	0.181021900629103	27
-0.0701700872313483	0.130295327824213	27
0.0867430740324308	0.105867809113028	27
-0.0690505948659621	0.0580523526371485	162
0.0890582630368858	0.0880859924824879	162
-0.0556222839586348	0.0728626930472953	162
0.0127988059476978	0.0154335756256754	162
-0.0991766208830149	0.18025381213851	162
0.0377381602416032	0.0546951677824884	162
0.000819358829965773	0.0013585149823556	162
0.0840291039576932	0.125489755487372	162
-0.0128702819926583	0.0193293740004409	162
0.0635403888227634	0.0475953528959879	7
-0.0489341135576825	0.0945362318513992	7
0.0369061419133179	0.0534208562080747	7
-0.014714751259088	0.0150644380006237	7
-0.0401753982835441	0.0410433605469632	7
0.0462557948404858	0.0441486040880612	184
0.0684963633918362	0.0747408981138159	15
-0.0927812673218596	0.099340518102947	15
0.0426887066711068	0.0305328344044956	15
-0.00473225909764117	0.00484538959949871	216
-0.105324883672347	0.123484401665455	7
0.101015293552105	0.12882655913061	7
0.0560800749596995	0.0663108222999854	7
-0.118538907680749	0.138939276703881	7
-0.0683904678863533	0.117501003315315	7
0.0714548044271332	0.123165273105901	209
0.122154025422069	0.251436720302199	209
0.0516925791092922	0.0858640317351591	7
-0.0283594269315416	0.056433349276188	7
-0.0945864832895075	0.181447482819739	7
0.108907191446054	0.160194482327226	26
0.0790774259876016	0.110996591459463	32
-0.0618584214102535	0.0558093981218218	32
0.00710752374358722	0.00573448944655826	32
0.0935944903278564	0.109828320323056	32
-0.0149724962294049	0.0136809964664275	32
-0.030858478491768	0.0242543821916393	175
-0.111019132883028	0.105846397730764	175
0.0437516502395635	0.0416806986570669	65
-0.0156410460459253	0.0210616068463398	120
0.0954116233632305	0.155041989963223	120
-0.116904672559053	0.22303056403994	120
-0.0833527032040965	0.153075022666454	120
-0.118410662923524	0.217130713802249	120
-0.11724091770155	0.20107506753897	120
-0.0326374012744038	0.0528491746814964	120
-0.120990041329431	0.22675902446744	120
0.065551104686365	0.0966270278269826	120
-0.115344109056568	0.167888213086849	120
-0.0535883884297795	0.0700299697490058	120
0.0191854750978674	0.0205834438770719	19
0.0785755463295492	0.0993096659333446	19
-0.0326937115583088	0.0381449932013747	19
0.0818139351645836	0.115178015439324	19
-0.119961033965186	0.163593318582882	1
0.116503909654662	0.194607716376994	54
-0.0935779738955103	0.169698134872571	215
-0.120646008294633	0.216213555735466	215
0.0201615348977545	0.0277259049599319	54
-0.0289970040383966	0.0427044624116799	54
-0.124265556798295	0.223930353464214	54
-0.08912011299271	0.170462087040189	54
0.0478519390744246	0.0869531547221637	54
0.0709427965893654	0.539997834510824	51
0.0936969391160068	0.762667500219042	51
0.0495972849301707	0.296758878671158	51
-0.00646221866490449	0.0245807739249894	51
0.103041825183573	0.426894208641054	51
0.0922530629006135	0.350823368549502	51
0.0218308611856461	0.0567705114257937	51
0.0309082708872539	0.0845108868587611	51
0.079195856511186	0.254303567166613	51
0.120510345427844	0.387411709152008	51
0.111793225186598	0.27456768263199	51
-0.0329841929421428	0.0791312271412522	55
-0.0680760906763455	0.169588880935476	55
-0.0603657939355541	0.1264193285113	55
-0.0925706713085597	0.204337032439289	55
-0.0885614758754876	0.190316299179296	55
-0.0787040077066179	0.162792837203409	55
0.0343583800901474	0.0595290110891835	55
-0.0511020125658988	0.0869867861825044	55
0.118883404796768	0.226324417979752	55
0.0110881192208591	0.0185897862696042	55
-0.0283261317618993	0.0512231878438141	55
-0.0507585117582434	0.0882111190093339	55
0.0668089215805895	0.126080441942551	55
0.0397162783610709	0.077934680969249	51
-0.119954978706981	0.266644641539046	51
-0.00861182277466488	0.0177430925334037	51
-0.0985540307334905	0.238246583198154	51
0.123418268184074	0.326925772116271	51
-0.108268242280305	0.271520324477892	51
0.113737667196455	0.29592641031662	51
0.0723496240622395	0.166025291540565	51
-0.0281744941752027	0.0698791044613113	51
0.0237059981107062	0.056196561945934	197
-0.0892040886467509	0.211164487116578	197
0.0435535365090812	0.102507121875722	197
0.0221816188374214	0.0408583357773077	98
0.111447801244941	0.242045583816708	98
0.110817529921785	0.239142063502177	98
0.0813498018251634	0.15300539044489	98
0.0426955850520173	0.0793142472340506	98
0.0840810085793375	0.172596540400894	98
-0.0202674100832291	0.0378015770564299	98
0.0939254218354856	0.189990617382268	98
-0.0347892764543733	0.0641525437689885	197
0.0904086517412806	0.175998650446006	98
0.0621751305360484	0.131859262992995	98
0.0956534494799547	0.200144350856201	98
0.0898934163965073	0.179513633897101	98
-0.104738395003368	0.222832551008928	17
-0.117654495332322	0.303176481907868	17
-0.0298978772675381	0.0721647909886643	17
0.0586581227090507	0.127418931716845	17
0.102516763821836	0.226027355826845	17
-0.0858281048802605	0.22608407427657	17
-0.0547690047970183	0.125197312822326	17
-0.0804870355700231	0.155760796535098	17
0.0191026948604801	0.0308205165389172	17
0.116346793454501	0.242232542045966	17
0.105744583145877	0.212200602687731	17
0.000965069669990475	0.00174666434322192	17
0.108037690001374	0.204100962298184	17
0.0586596271036662	0.0991966586939788	17
-0.0379860945979469	0.0602710337436298	17
-0.0456942504080128	0.071101106714403	17
-0.0527067373429403	0.0713811052935424	27
0.0133334743708984	0.0126214993037887	162
0.0453547037925499	0.0778603997684158	162
0.072037268380183	0.112456200930765	162
0.065969814086983	0.117832985040795	162
-0.0891945954654969	0.164331425550813	162
0.0159516907582812	0.0271314668889368	162
0.120961378024811	0.223834347034797	162
-0.0952666422101098	0.158817643070462	7
0.121958140126992	0.252560136265587	162
0.0530450556379618	0.086247327945882	162
0.104247460010807	0.150677234884463	162
0.0605187841302203	0.0801203144750489	7
0.112937582942177	0.158667100979817	7
0.00120635170518901	0.00156614455814008	7
-0.0221392450454702	0.0258004213249744	7
-0.0397641476807066	0.0501927795315668	7
-0.0837968708672866	0.0939229310466362	7
0.0857864243942035	0.098351935414541	7
-0.0152001878928963	0.0147627270809406	7
-0.0715313923649162	0.0802568731296445	267
-0.0347222581523896	0.0388852809247946	15
0.0665790716389007	0.0673660101099838	15
0.00685407146235409	0.0074739447606167	7
-0.120227117521544	0.146341258169015	7
-0.0331611931708423	0.038709316517042	7
-0.112811963813087	0.159031081310483	7
0.119695150772905	0.243761299824462	209
-0.0767180463908928	0.123890212869348	209
0.117503599469028	0.214636501930143	209
0.0575935622223858	0.0972555079647288	7
0.0203969631020909	0.0366434634107152	7
0.0393342799212727	0.0592303477124921	7
-0.0820573077081593	0.107465547445599	26
0.0187830064220626	0.0231015986537334	26
-0.0262283812288631	0.026806901349774	32
0.0327466506735476	0.0345203418645292	32
-0.0267038098997581	0.0273065890237683	32
0.0865046894212577	0.105555243973426	32
0.113710205587819	0.131656715073921	32
-0.0691160691941757	0.070408985075418	32
0.0272394464127252	0.0266051898213794	32
-0.00328797091576023	0.00352478710425201	32
-0.0858939757540959	0.104737375991365	32
-0.0412386130809922	0.0421693469387099	32
0.0130453313658516	0.0123478017536505	32
0.0548881679470068	0.0493819018349932	32
0.0374458027787203	0.0376350621463062	175
-0.0140806272460949	0.0128625391623062	65
0.00947486445942929	0.0122054477552274	120
0.0173926778827622	0.0221338724634694	120
-0.0518997163822783	0.0809958926256757	120
-0.118079529184738	0.192548917875771	120
-0.00550247750283189	0.008763868721879	120
-0.0816611077352108	0.131795049387336	120
-0.084845569380228	0.103317560312852	120
-0.079033771855381	0.100003191322999	120
-0.0589905407478282	0.0661733264310317	120
-0.124710323174818	0.157987891310447	120
0.0722587425482596	0.0945128394634653	19
-0.0258261990897771	0.0277082112344683	19
0.117127552260925	0.113200954636517	1
0.120347438415534	0.151885922961608	1
-0.066088908297024	0.103817502146915	1
0.0926934785714101	0.142919789676923	54
0.0691265520046798	0.117813077965235	215
-0.0874784582564527	0.118778432059123	215
0.115197065980718	0.208070464127844	54
-0.0874140706048312	0.157946369914535	215
0.0720672711499698	0.550569566433193	51
0.0260511657836433	0.146539931092693	51
0.0570221937686335	0.286576036402542	51
0.0227986391413142	0.0740332542441573	51
0.0662872398466748	0.22768857086617	51
0.0329989946598674	0.0949954828191438	51
-0.0163840359290722	0.0450440923007214	55
-0.0515526150748854	0.123766813340591	51
0.0159111165283411	0.0361626369374554	51
-0.0566973261293714	0.146875880792308	55
-0.0702189900457885	0.14437681571212	55
-0.0937136657688132	0.19253239935175	55
-0.122395160186912	0.251345758107663	55
-0.0254817133509912	0.0435999325054744	55
0.0475381059820925	0.0879829068832935	55
-0.117139406347413	0.236264140117081	55
-0.00569809647377269	0.0101425680460599	55
0.0196762289279947	0.0347045076303284	51
0.106884370439557	0.226404128639934	51
-0.0793447649129837	0.166359907234757	51
0.102766557298804	0.243319987986421	51
0.108529032486559	0.244480012330564	51
-0.099309286354489	0.246760964108111	51
0.0563876026133283	0.117112679075103	51
0.00972704843611748	0.0232676384334066	51
0.0896415449970279	0.233014019700114	197
-0.0796547122259866	0.157008877507772	197
-0.00214085503619349	0.00420648202389841	197
0.102754242052229	0.266764028046339	98
0.0181100698300588	0.0368368847234703	98
-0.024395696604252	0.0424600439799544	98
-0.0170043163327837	0.0261495362299027	197
-0.0700804393415462	0.13280257768504	197
0.0677013339199951	0.143554679375621	98
-0.0691166814077959	0.144216529162168	17
-0.0644839935891582	0.137746906559322	17
-0.000756973867959051	0.00158301014079644	17
-0.0799604229932073	0.192099773980869	17
-0.120636284632744	0.256095788738329	17
-0.0681351583148289	0.168836291082236	17
0.0288481568127628	0.0591495147488936	17
0.037698706570003	0.0744588968175635	17
-0.0119866454016521	0.0218430595552159	17
-0.00280870508089807	0.00522287880199129	17
-0.038917057925644	0.0656672399039001	17
-0.00954698554496161	0.0170506222591373	17
-0.0239298013381335	0.0500904625360882	17
-0.0698942381246324	0.15436132971288	17
-0.0495251865733569	0.0907137458582121	17
-0.0367467578307517	0.0621527936523523	17
-0.0336757396711438	0.0508920692115537	17
-0.110128763541268	0.197197960308097	17
0.0446842077474936	0.0871220536138432	141
-0.106077139315083	0.215812984669391	141
0.0392819591677702	0.072516486553319	141
0.0905459940804143	0.0896988524131821	162
0.0870875533677157	0.112659006192834	162
0.0362540053739359	0.0466530643779997	162
0.115263216352234	0.172860983164656	162
0.0723031370865439	0.124794364836871	162
-0.113129448399929	0.219557824236056	226
-0.00807258024951932	0.0146078361448326	162
-0.0965969797445386	0.178974240415154	162
0.0269298590797014	0.0475404101213537	162
0.102503221429258	0.203255930228236	162
-0.0673530538701499	0.133675141332753	7
0.0530240997255732	0.0776806532244016	7
0.10834574652423	0.159222533791629	7
0.0897055964391636	0.153816771696169	7
0.114890752572215	0.153050691797233	7
0.0348515945632189	0.0408575123744128	7
-0.0656791346939622	0.0767555600442198	7
-0.0644071773068671	0.075147290907647	7
0.0862378400158491	0.0989253805080498	7
-0.0766083748954745	0.0819971314379298	7
-0.0269415575534552	0.0275561301848572	7
0.0126485825003306	0.0119698561597796	7
0.0461115659140598	0.044008354754542	15
-0.118866322675374	0.120191014577974	7
0.113258944334951	0.131068208516349	15
-0.063466150610435	0.0680354792983704	15
-0.0152807243327228	0.0156526051062502	7
0.0172245348529664	0.0184486641125516	7
0.0623866221257835	0.107619199512271	209
-0.060915668761303	0.0825610534734043	7
-0.0989228475833135	0.226472009699644	7
-0.096794335979994	0.140531751736962	7
0.0304184681835734	0.0369656709866347	32
-0.0451829581620711	0.040961040000845	32
-0.0119470073419243	0.0101865730914021	32
0.0623389110115942	0.0709584195552252	32
-0.0921535334684598	0.0986096350980728	32
-0.0443969885676478	0.0402234365406258	32
0.00896347982903524	0.00936890679574716	32
-0.0808952172232004	0.0726650039309557	32
0.00534694871699281	0.00461297039265452	175
0.0411904894864331	0.035795467719822	65
0.0323437595364981	0.0298792011687011	65
-0.0618392300969513	0.0752243974918043	120
0.0270627808208085	0.0393580175266424	120
0.0863151543835304	0.146063901850041	120
-0.109062929083051	0.195001235873193	120
0.0863603407970424	0.117796489060388	120
-0.013704636736953	0.0140207004168194	120
0.0851524570740681	0.115970171087647	120
-0.0739534472724536	0.0970033429597543	120
-0.0303923683211326	0.0368470591879265	19
-0.108487742319214	0.158211373546328	19
0.0317715823077108	0.0421021866678578	19
0.0673574202533172	0.0626343556981914	1
0.082806826515081	0.128655528887857	54
0.0387798427226509	0.0524273892434693	54
0.0735128372111761	0.115954638976796	54
-0.102224889808406	0.143854394645679	54
-0.0213173178232674	0.0304354001082426	54
0.0893966405040588	0.169004008678752	54
-0.0280021304401331	0.0389166459119785	54
0.0669399604689435	0.110207313490503	54
0.0546002931618628	0.091755891932717	54
-0.0254313300051898	0.0426621594149436	54
-0.0943941795153147	0.233199802123881	54
-0.00256190121153545	0.00423984913479384	54
0.0764250886775348	0.153017686804482	54
0.0487509098714842	0.331104358443767	51
0.0645755731302769	0.455749741837345	51
0.0491777961621191	0.259210652334469	51
0.0746120627360248	0.315233471023568	51
-0.0866077346711228	0.314423570057485	55
-0.0765867849663017	0.269057925284597	55
-0.0612856429783791	0.194693304819276	55
-0.00185761989570807	0.00307365880700764	51
-0.0856983669588932	0.180928293900504	55
-0.120488633010436	0.267992335518627	55
0.11782113520884	0.239205109909282	51
-0.0227118899794886	0.0315681759347162	55
-0.0788450691353415	0.124231338404209	55
-0.0892328296437436	0.161728941908708	55
0.024630678424234	0.0438111967345603	55
0.104331734991078	0.159742611395085	55
0.0824703087653252	0.147754200913809	55
0.0130538043342609	0.023394434946151	51
-0.0451836322571498	0.0986565337459341	51
0.122671369568343	0.278009005773947	51
0.093521540597657	0.22777857002177	51
-0.056937580951308	0.131316263081817	51
-0.123061704115693	0.340651852474668	51
0.0378000156666708	0.0803322313503051	197
0.0400181213068536	0.0977711955612623	197
-0.0435873608798948	0.103046313641936	197
-0.112848539299729	0.222411478131163	197
0.027057370023163	0.0505558621779103	98
0.0966064270752029	0.151170852754125	197
-0.0642540906938426	0.107820046096876	197
-0.119357427673577	0.245409007947787	197
-0.01699627316715	0.0289468322701468	197
-0.00228395738834969	0.00363424380705287	197
-0.0200491811429022	0.0341558651505393	197
-0.0684038595615823	0.11939799976066	197
0.0472937790756328	0.0966103995145417	17
-0.0962260044552167	0.163762891471822	17
-0.0143471989094719	0.0315879491063328	17
-0.016149581025798	0.04302338909571	17
-0.0296269627914549	0.0847419754513789	17
0.0268483203242179	0.0649792141440824	17
0.00397078718383776	0.00612591356671107	17
-0.0852965852722509	0.187525434513381	17
0.0474626169697026	0.100901128259583	17
0.02806792313385	0.038234997660319	17
-0.0335001295235743	0.0493011829653288	17
0.0101305934496963	0.0173594383326518	17
0.0508415431949288	0.0996344622831542	17
0.0905565812675696	0.165501498499054	17
-0.00281491449958535	0.00288477937460233	17
0.115824759546516	0.270035319105709	141
0.0884034548168989	0.156190546932299	141
0.037347137037955	0.0710902306494169	162
-0.0410135738311072	0.0844720978153734	162
-0.0516066781794697	0.0722157029856367	162
-0.0136395578732379	0.0152662875415593	7
-0.122747000747758	0.234745675538341	7
-0.0741126136196119	0.186456292953781	7
-0.107479886465745	0.247651212300473	7
-0.0643885448583298	0.103586217488822	7
-0.0367059465179607	0.041181513743936	7
-0.0612971993839373	0.134201821312664	7
0.0302853078466038	0.0563020203331792	7
-0.0688618903210099	0.0933234258622675	7
0.121596007076759	0.215990842393851	7
-0.101574079414497	0.0908818909830117	7
-0.0136534279090812	0.0124700714630857	7
0.0315095073392061	0.0245312669008515	7
-0.0313028737875034	0.0246100398575519	7
-0.0258487080560327	0.0277351218786154	7
-0.106778358978095	0.113959166948709	7
0.0770600145587446	0.0802512532231141	7
0.0420128809471803	0.0454252742359851	15
0.0987984542141026	0.133048306940777	15
0.115334751351352	0.13372466385501	15
-0.0242413560865614	0.0283174878903316	7
0.0614677268241472	0.0698980379742177	7
-0.124969627399275	0.133368586729442	7
-0.032848803513334	0.0554995075621531	209
0.0863437722858637	0.165867853219859	209
-0.0731739409102809	0.161875713247797	7
-0.0419389244566618	0.084318322271888	7
0.114573347867065	0.285687868738352	7
0.0234569900955628	0.0507834864935502	7
-0.104537176733313	0.190275563179622	7
-0.0578190296069377	0.0647715521296022	7
0.0713721769908324	0.0832349019698638	26
-0.00458568752488978	0.00684530318700032	26
0.024866993150764	0.0242493842448946	26
-0.0115491216391469	0.00984762497849326	32
0.0211914145452369	0.0217251038310304	32
0.0257293368079041	0.0251063085552313	32
-0.1181537307079	0.119382496577383	32
-0.116472068727041	0.0707644873369376	32
-0.0740041914463607	0.0461784471352803	6
-0.118816818989337	0.0989988901824064	65
-0.0429848154827891	0.0415219419473851	65
0.113208828425965	0.0959059849089793	26
0.0290286071881513	0.031938257802999	65
-0.0553851689885327	0.0943395091057852	120
-0.0194255268736903	0.0348779321242817	120
0.0442171993124791	0.0808842492289651	120
-0.0711262431469755	0.136937431671636	120
0.107397227067466	0.182251135014047	120
-0.069178267634724	0.102966906857444	120
-0.11230467974729	0.173355018835505	120
0.0432424788976191	0.0411737406184138	120
0.0520702885876802	0.0639540112151932	120
-0.0247267668092084	0.0277028019252978	120
-0.0657008497851473	0.103149198172044	19
0.118434610516901	0.11460152585869	1
0.0561171700989183	0.109777519003212	54
-0.0829314553397047	0.166684478252697	54
-0.0527277832395281	0.0823874908749208	54
0.109523587184724	0.114957391695305	54
0.0579200201742688	0.413030759637919	51
0.0665924869121237	0.475257496908876	51
0.074814067972015	0.477128765007806	51
0.0146889100401063	0.0538408340476935	51
-0.0651991500567012	0.227176968304532	55
0.0872922062745777	0.177829692931516	55
-0.0376284391139297	0.0508945878590656	55
0.0213283572848841	0.0263084052133045	55
-0.0989156444169716	0.1346900826042	55
-0.0040316196155275	0.00557646858118083	55
-0.0145675112588421	0.0189789022458955	55
0.115091783317534	0.231123154048641	51
-0.0429949170387692	0.0825299235245644	55
-0.0507495769738925	0.0544658818316036	55
0.0761596347944964	0.133181197596563	55
0.0120933766637909	0.0151064858557723	55
-0.0379902435042279	0.0761099571653858	51
-0.0401258856132337	0.0706830427501942	51
0.0381172450158523	0.0977073806546742	51
-0.10559728646551	0.301040076268	51
-0.0896316566098534	0.239413568534921	51
-0.000314583176359879	0.000637664235339541	197
-0.0418663180828337	0.0923730866125517	197
0.026648545413904	0.0714360159076935	197
0.107994601835484	0.158656553278265	98
-0.00944501452053621	0.0173963612004573	98
-0.00316325739948483	0.00339251513481752	197
0.0384140945743532	0.0433129424023715	197
0.086383310102952	0.11782721975331	197
-0.0817306324527518	0.179295859993513	197
-0.0735487094972749	0.162856271393589	197
0.0715937225758843	0.1157353488319	197
-0.0683236798937391	0.121966114979264	197
-0.0405566207552849	0.0630772798211088	17
0.110214263317953	0.374313402529152	17
0.0917210381615539	0.325603483071509	17
-0.0478460065750855	0.149622340292854	17
-0.114810575480588	0.298615324850225	17
0.0000565958052273301	0.0000754970938787549	17
-0.114137580577965	0.234007229708773	17
0.0152791990629375	0.0295019431661565	17
0.113506308940515	0.150954315457138	17
-0.0405016321086015	0.0629739524694042	17
-0.102518626079548	0.162881904988728	17
0.00439717778883208	0.00379656911428168	17
0.0391623996967484	0.0589542638789717	17
-0.0728785531618067	0.145347111600994	17
-0.102557225826584	0.0281488014234386	162
-0.105630067236276	0.263557361948838	162
-0.0228363674218362	0.0287848473307983	162
0.068428160047921	0.0636789146364583	162
-0.0724494629844163	0.12735743740031	7
-0.0612122849143559	0.104616256847082	7
0.102201405743389	0.307996840314291	7
-0.0570930832743455	0.0797277902219118	7
0.10458413010142	0.196398239096754	7
0.0425412032322285	0.0304245458574688	7
0.0394677014901956	0.0342602553593243	7
-0.0535296005283424	0.0418097811152079	15
-0.0336832913143267	0.026497982308917	7
-0.00915896194446775	0.00664699274026208	7
0.0594294728478807	0.0377880170844454	7
0.0241783586844728	0.0202481607155469	7
0.0548496620741775	0.0493491318949728	15
-0.0740349319961985	0.0710480195753411	7
-0.107947959723727	0.115362470015449	7
0.122820715388478	0.254701447397323	209
-0.0929072466424004	0.25217923897931	7
0.0369856768565291	0.0878178280897745	7
0.0417594814146546	0.0983006798036184	7
0.0279343544599584	0.0391874814034974	7
0.0938188981092164	0.17478124767065	26
0.0785428951579633	0.125895191364693	26
-0.0762178549854292	0.123002003193328	32
-0.000876275534007018	0.00117728628520555	32
-0.00918633722943391	0.00666663855279177	26
-0.102125983748486	0.0914165567148786	26
0.086432815245046	0.105457894146509	26
0.0540072638331096	0.0485554216264636	26
0.0541228837304681	0.0486621861047494	32
0.0498074653765097	0.040376021072933	32
0.0241328614830297	0.0202102135283453	32
0.0874459517425818	0.0466891154664991	6
-0.011326861232356	0.00965821501870048	6
0.0507751129625012	0.0741664724565244	120
-0.123339262777792	0.240124031096046	120
0.0226225429672001	0.0453892851042891	120
0.00200553953233011	0.0038873871885508	120
0.0875350363084339	0.163910110271123	120
0.105140168357349	0.161186256406343	120
-0.0996412751914794	0.135720809787633	120
0.0253941733743796	0.0318561117894904	120
-0.112239800566923	0.158163285409999	120
-0.103466114418065	0.135707475920485	120
-0.0135849207851815	0.0158443704517535	120
0.0425613754582034	0.0510285390325447	1
-0.0496904456387055	0.0532737246279976	1
0.0504474002220575	0.0246442871183347	1
-0.0385824599662991	0.0246319866790005	1
-0.0657813942364462	0.100404526613641	1
-0.0938946952363036	0.186481787858753	1
-0.0222440385252224	0.0394621398317225	54
0.0646691536025317	0.146272508289186	54
-0.000879741641243248	0.00143094173197698	54
-0.00745358336673111	0.00937842268215311	54
-0.0229202514366801	0.0318810941249852	1
-0.0574878198384525	0.106201258869216	54
0.0634005882583936	0.129867616021647	54
0.105142641014353	0.930114812589728	51
0.0145328433501011	0.0785808656520054	51
-0.0020892686761845	0.00836544401024208	51
0.0923209381599858	0.360596168072627	51
-0.116680111064981	0.238807119793214	51
0.113212791439095	0.159050511131816	51
-0.0883815281227098	0.186527070610323	55
-0.0434556502906852	0.0765690596094851	55
-0.0461882178421862	0.0701128323219536	55
0.00441522713665586	0.00740883335137457	51
-0.123279299517359	0.207122085951515	51
0.0873155305756658	0.212154025415837	51
-0.00257600602981324	0.00598711594910152	51
0.0318574668123611	0.0739714428534307	51
0.103016547240771	0.277413666013437	51
0.121328466162961	0.380721980228812	51
-0.00417351517272561	0.00879498398387022	197
-0.0510578011139004	0.112411825700239	197
-0.113975631200424	0.303571780516678	197
0.122545467685071	0.331747176637757	51
-0.00692872193034594	0.0140485236053287	197
-0.102393147962866	0.144144040306915	197
0.100565906176639	0.128199707133625	98
0.0811610538351949	0.173433058367686	98
0.0551392033965099	0.0927483990591815	98
0.117529207842861	0.147936264203607	197
0.0113444807425074	0.0212215481634049	197
-0.103323117846996	0.233298627649793	197
-0.0302556544573575	0.0434320347459455	197
-0.0447585675069008	0.0584321969509433	197
0.0462823466157596	0.0962625896110011	197
-0.117101587496665	0.154126124308832	17
-0.0299395664577816	0.0493103851066823	17
-0.0238977782335309	0.0629055006226281	17
-0.0419042388108917	0.124044804091424	17
0.0879365348161813	0.200625052941185	17
-0.0863993634618605	0.136506021132609	17
-0.0424085987633285	0.0591271839310909	17
0.00764767160531147	0.0134268381551362	17
0.118661807117233	0.270320015360147	17
-0.0108354334090676	0.0165980483367512	17
-0.0535679118163222	0.0546259828146903	17
-0.0633567931336496	0.112853816609027	17
0.118395940928291	0.0685662026129334	17
-0.0719855900066297	0.0875245180650475	162
-0.0290750671773748	0.0659316931890321	162
-0.0178684872974396	0.0268837661678475	162
-0.0143798346250247	0.0147201723819086	162
-0.0497342621264653	0.0603405732985799	162
-0.0738136136557621	0.113047658350377	7
0.0105659743863904	0.017371480207947	7
-0.0786891981505521	0.231268018951988	7
-0.0496935364650932	0.136939451890839	7
-0.112438899537523	0.347742487578167	7
-0.091163785153621	0.251713848412944	7
0.097742493313745	0.18984630347919	7
0.107008224695429	0.0765549042943629	7
-0.0289794455677664	0.0263745946163818	7
0.00731762930846833	0.00590382867912472	7
-0.117519232176159	0.0714613043386797	15
-0.0986320335255617	0.0509386894580957	15
0.0556155120571046	0.0500589625255448	7
-0.0295852804643784	0.0251173232221153	7
0.00766091606284958	0.00617832657522457	7
0.0669930140493384	0.0564575018667891	7
-0.124250173614648	0.132502578281908	7
-0.110804761198036	0.105625416998238	7
0.00788808423673052	0.0063606369774722	7
-0.00815199166333559	0.0174480774288193	7
-0.0585986704159751	0.162698863528043	7
-0.0484402219458108	0.1195937087697	7
0.0813319299261432	0.199931525291111	7
0.0935947570844391	0.0846651999093146	26
-0.0917726913219982	0.152165594032613	32
0.0659718088585116	0.0555601273095167	32
-0.0338428328453056	0.0243385578467598	26
0.0620883653409347	0.0464718786868025	26
0.00724901953096357	0.00320999950599823	32
0.0125045129424076	0.0118326050512186	6
0.00724901953096357	0.00320999950599823	65
-0.046082342988625	0.0246763553111563	26
-0.0486397534310224	0.0202300881284775	26
-0.0142855126691389	0.0213757685904504	120
-0.0788331779603146	0.173572852948931	120
0.0930149786475496	0.20389750947279	120
-0.0488794165560479	0.0881937928073129	120
-0.0674277288804969	0.133844800571228	120
-0.00475014024085843	0.00575455897185328	120
-0.091940874925556	0.107728491242881	120
0.0487583203585832	0.0756846034147706	19
-0.0553042381797001	0.0531097012842217	120
-0.0280209183755072	0.028682392048467	120
-0.0943843031966625	0.124003551169983	1
0.00712722582617245	0.00316079582347128	1
0.0713553290005167	0.144111454789729	1
0.0246514505560799	0.0395691296085179	1
-0.0272123615394783	0.0484782798872025	54
-0.0371908983223423	0.0788937108367272	54
-0.00455125990579359	0.00530640190702489	1
0.00806482701588279	0.0117005834122477	54
-0.0792737362846831	0.0928296503793748	54
0.0895584206449286	0.0960961643512875	54
0.0530209992225848	0.370566423660686	51
0.0396281140914661	0.231181068308774	51
0.0630508148642372	0.29547740600318	51
-0.0841860819685981	0.348127927955194	55
-0.0396192013192478	0.0987759433219086	51
0.101088638565897	0.233538237628674	51
0.07606773806605	0.169831689945241	51
-0.0719715893866979	0.138772599792601	55
0.0119758571930102	0.0176206010936601	55
-0.00946101807988861	0.015456923001509	51
0.119759994014954	0.354690718979403	51
0.00396549999639298	0.00734868158688291	55
-0.0408353043683591	0.0853405156548115	55
-0.115208423728303	0.312093574917245	51
-0.105964871281612	0.314474490401666	51
0.0995046869964705	0.217001187490359	51
0.00677685331342169	0.0141527004791773	51
0.110337086847388	0.365126440616525	51
0.112068442841938	0.398645948143933	51
0.0758947978110711	0.206741217914457	51
-0.000283145535643635	0.00069751656785035	197
-0.0304428485244129	0.0857216039423038	197
-0.0683714775987021	0.203961266656745	197
0.0642366569333084	0.169889538873438	197
0.0327171815923406	0.0875096270735814	197
-0.10720702977824	0.317990784727687	197
0.08491911824161	0.308890617763684	51
0.0953346711857158	0.308346290992534	51
0.0618948520428898	0.0935435994431291	98
0.0269230384856143	0.0338452589657663	197
-0.0177130727541827	0.0425624838076969	197
-0.105268481192187	0.285450027730512	197
-0.0746845927519947	0.141858244585168	197
-0.0600447115800392	0.114535414211467	197
0.0286143723063037	0.0417059053623114	197
-0.0814740003054684	0.224050021799434	197
0.118601492512574	0.294697596944185	51
-0.108640233783276	0.162745762510994	17
0.00946428127078839	0.018661203795175	17
0.0233185905250056	0.0461879211746154	17
0.0203696361153348	0.0373909242354026	17
-0.00399970335794074	0.0110075223431696	17
0.0118108484436905	0.035057136983442	17
0.0797317638656299	0.306004844432787	17
0.112377192587627	0.342789517889699	17
0.0130615707028789	0.0268696316444248	17
0.0330392388805229	0.0348389811761681	17
0.110173283181628	0.115714671946933	17
0.111176401572615	0.155872441958212	17
0.00586877371403254	0.0100386178949758	17
-0.0428061020392867	0.0885068848156129	17
0.0755305700401602	0.131971978881678	17
-0.0137312112268041	0.0125385614309642	17
0.056286861502498	0.0948550450580816	17
-0.0485753005095808	0.0202051671754692	363
0.0108442611240489	0.0258680235898457	162
0.106564275827548	0.226917361556282	162
-0.0453025830414778	0.0410729310932168	162
0.0502406166398299	0.0760938176116338	162
0.00288285389214566	0.00340052181045471	162
-0.0465376131691614	0.0422139818716952	162
0.0981831421907646	0.212467919189106	162
0.118495276674741	0.415984569886547	7
-0.00501278647559406	0.010532282874028	7
-0.049581741359205	0.0828430446436827	7
0.0261966966137838	0.0737599153673416	7
-0.107580033305147	0.341723958578585	7
-0.014793721441487	0.015872486268554	7
-0.053794790078162	0.0420271845956345	7
-0.118068484061104	0.0983443921675281	267
-0.092230308229359	0.0771801284415913	267
0.0323437595364981	0.0298792011687011	15
0.107143387162275	0.100334103964423	15
-0.0138705686667084	0.0148723944427933	7
0.0944692350245562	0.117947211015376	7
-0.0312257448538453	0.0245401641116047	7
0.0569058710605709	0.0846272625926089	7
-0.0643054859430465	0.0750223352485538	7
-0.059862381274609	0.0810115170462198	79
-0.0946334715058582	0.115087766811898	7
-0.0107068825971898	0.0194672100280814	7
-0.0719548836690999	0.212376959429995	7
-0.102868108306684	0.311709705686663	7
0.0751521244248919	0.229317341919203	7
-0.0570574621819607	0.145666075409428	7
0.00838666509804094	0.0179243215601899	7
-0.064448859042837	0.103688332357584	7
-0.121406255941767	0.187832021149283	26
-0.0391272428154354	0.0818322632622733	26
-0.0616392086421332	0.117943973724369	26
0.0691314056073427	0.12145060616724	26
-0.0443585851398215	0.0767093625444031	32
-0.0712180019083554	0.0865123484774811	32
-0.0372719725421598	0.0237843692634772	26
-0.0151788635021943	0.0170047285908829	26
-0.0753119515153907	0.0470114970000533	32
0.105791398877462	0.0989722262850255	32
0.050291463530821	0.0407730652226268	26
0.0648113388859619	0.0784511080574792	26
-0.0385824599662991	0.0246319866790005	26
0.0777317207940169	0.207903151780419	120
-0.104337751572682	0.308508568668844	120
0.0612179855195187	0.139455666234983	120
-0.0218882140275079	0.0437774864216511	120
0.0204596484244987	0.0252124178407238	19
-0.0404658772691879	0.0597132771765249	120
0.0771436762843894	0.139186023730771	19
0.0951154110433049	0.17234139654432	19
0.0550046669335997	0.0750104591169642	120
-0.00371624994509671	0.00205918124656746	1
-0.0367880044898221	0.0394329752160606	1
0.11433671954888	0.237205644983266	1
0.0175268286751327	0.0328411812904617	54
0.0861044901177614	0.22795171080486	54
0.0716261470472526	0.115788556810646	54
0.0772596400410546	0.0864432518096765	1
-0.121564710795374	0.171245453354946	1
-0.0113274309473366	0.0209386929214495	54
0.118401686845345	0.255463638393647	54
0.0577071976857178	0.405572525613822	51
0.042169953500476	0.254670018205671	51
0.115241695465954	0.864354897388098	51
0.112595777696755	0.753571290769189	51
-0.0187854642878691	0.0521123839517706	51
-0.0779333004280871	0.251639632118054	51
0.117459359601647	0.424658005785661	51
0.0306862496871959	0.09694385193737	51
-0.034195307325964	0.101062066378434	55
-0.0553113594364637	0.168691495612457	55
0.0466320081344329	0.113127591341559	55
-0.112539130957559	0.260494970668798	55
0.0468204763068877	0.102723438231756	55
0.097026480194182	0.284489294380039	51
-0.0583544912743004	0.13263896453248	55
-0.0501517188246401	0.114420039930062	55
-0.0207178133499557	0.0447402356990911	51
0.0483712310731666	0.106471902609899	51
-0.0665370798137438	0.166404697108513	51
0.0872146265106937	0.277919771833849	51
0.111612316611172	0.332826890529647	51
0.0489757702104514	0.131078401085548	197
-0.0415606554088909	0.106543303183022	197
-0.0300117226991899	0.0709348711998786	197
0.00742568319812065	0.0162529650921217	197
-0.0142319681852438	0.0291110535197699	197
-0.0445475261888961	0.101150974885478	197
0.102752773713868	0.291824163214555	51
-0.0352983035171042	0.0684832813918275	197
0.00570774116411748	0.0128844266238767	197
-0.12004569601125	0.367655418572487	197
-0.0692310423602272	0.155049650626382	197
-0.115662987742838	0.223886929737793	197
0.0930034857014656	0.193678556724502	197
0.00492278837726062	0.0114414707693082	197
-0.0279376007208772	0.0577552052626885	197
-0.0923101592001821	0.201239005698853	197
0.0933176875996192	0.221708519050917	51
0.025004134710416	0.0573901548398914	51
0.117107620319362	0.252081816566601	51
0.0337381465178174	0.0623963036372832	17
-0.00585964915279105	0.00970484148381603	17
-0.0232214259214066	0.0463809547500028	17
-0.0246156075466137	0.0690388534025324	17
-0.0946209844755624	0.32430271835673	17
0.043619473904769	0.0898269187857584	17
-0.0852254244439356	0.201033023518483	17
-0.0075686937857823	0.0138938940461023	17
0.113860665540044	0.170463451584208	430
0.0323821859671691	0.0684076435235698	17
-0.03535541602189	0.0814878943924046	17
0.056884585312157	0.148447453896621	17
-0.0560583384830336	0.129055366479847	17
0.0132463827483282	0.0159815459112232	17
0.10066847374557	0.128344053403594	162
-0.0689362804579211	0.13037078542624	162
0.00254109038389394	0.00453627100387536	162
0.0319797647643358	0.0526466268187539	162
0.0685209764717161	0.130472556485949	162
-0.0962035797153061	0.231366771707558	162
0.0200329893400652	0.0467655870052088	162
0.0282984306407933	0.0549483917688621	162
0.0758247778070839	0.151663073259957	162
-0.0466034035350584	0.0911586962503262	7
-0.0520259515487413	0.104023301768805	7
-0.0395206022290666	0.0769579551566906	7
0.119978286784536	0.203261964917931	7
-0.0395005893220517	0.0681279179205079	7
0.0909254265779894	0.193084530063736	7
0.0320234978351821	0.0337369959423937	7
0.0249670051106287	0.028548687107936	7
0.0931841063891051	0.116140781270755	15
-0.107319459085925	0.114614772803653	15
-0.0781450313143254	0.0837488711869091	7
-0.106691051190149	0.113858820349345	7
-0.108689365609311	0.147986937455589	7
0.0554681984541036	0.0790663415657122	7
-0.0230858375751755	0.0311492111844296	7
0.105289636865742	0.118848488658303	79
-0.058998619524896	0.0826256767382369	79
-0.048109391233197	0.0927787587496364	7
0.0902580889512715	0.190472049822375	7
0.0116718496113176	0.0232206047054915	7
0.00416033528687337	0.00808329767409419	7
0.0647494061219265	0.121739710271252	7
-0.103228074493572	0.184246349430591	7
0.0942165809492417	0.158489133205404	32
-0.118659859253068	0.119910516910309	26
-0.104221807698614	0.122070413981952	26
0.0569689153749186	0.056034644571872	26
-0.00331243193292289	0.00339308952226987	32
0.0770115769144	0.0861290725930375	26
0.0491399606254858	0.0398160961938587	164
-0.103644426144572	0.0928791330415871	164
-0.0845632794295123	0.0948628224481819	164
-0.115381564212192	0.167955111676263	164
0.0970689725551093	0.137427469403384	26
-0.0854878677476682	0.0959796631279942	26
-0.036477105671894	0.0508755120650767	120
0.0727617431981088	0.133166205715545	120
-0.0447180238973614	0.0789657483303577	120
-0.118761358862766	0.221796710144843	120
0.0514946062257749	0.0631960679019579	19
0.0565943571654745	0.0669529547272072	19
0.0234870850497852	0.0314738916062868	19
0.00412242496036175	0.00560285262453822	120
0.0545268673749815	0.0963113921023291	1
-0.0281907773163223	0.0391896690216527	1
0.0125357635104864	0.0184623134415075	1
-0.0559699177930682	0.0895115211507948	1
0.0427665717576007	0.0371774190147931	218
0.0491760803697521	0.0398447550872208	1
0.0695220308202548	0.122206334531568	1
0.0254268253259589	0.0419997538207016	1
-0.0274514626525005	0.0486531393490379	54
-0.010341100576929	0.00881575062472998	54
-0.111391876113694	0.156790703249058	1
-0.0298355968318262	0.0439836274962164	1
0.0514501608808438	0.0898306264306519	54
0.0846999552332195	0.687765524035839	51
0.0542417354506664	0.367710968339383	51
0.0842356047180671	0.63205919609217	51
0.0717286701341641	0.36763445776071	51
0.0668035469880985	0.288181749049781	51
0.11208823348013	0.534760309199107	51
0.0663969651392872	0.27420537591694	51
-0.0879017116706349	0.430682111174931	51
0.124858133983733	0.697963641657655	51
0.119775154793628	0.551557326239555	51
-0.0283705083888009	0.103560737599405	55
-0.0000264782215413717	0.0000772223670758674	55
-0.0239915357518019	0.0691465393819711	55
-0.101478342276528	0.337456655612476	55
-0.0896533659783605	0.295360397014044	55
0.0494424386191666	0.151093278165211	55
0.028346577298319	0.0873665095991967	55
0.103479020977558	0.383003072045944	51
-0.0832503516738033	0.267661765597981	55
0.0110712685342501	0.0273461432451423	55
-0.0452883097528936	0.124160584550407	55
0.0319490343807181	0.0849057378112526	51
0.122163287316521	0.436213732506113	51
0.11024444309406	0.379424044921222	51
0.0427659718408201	0.127077696799296	51
0.124674429390504	0.435839708031507	51
-0.0367773749377921	0.108410948139795	55
-0.0402828262866497	0.1146885362787	55
-0.0842859913311689	0.257074378766027	55
0.03651588169406	0.105604259928689	51
0.11773341686154	0.424596790509989	51
-0.00401042432528926	0.00998700991784933	197
-0.0867059030916812	0.2677635979501	197
-0.0429801861544478	0.117161178385979	197
0.0517631937943848	0.137525855222291	51
0.0490935542850301	0.129597731813492	51
0.0497363731773018	0.134209786238797	51
0.0616480339199092	0.177217257615359	51
0.0922314840314168	0.306529642698355	51
-0.0146950653442092	0.0378171689391728	51
-0.111511290153732	0.375323325655769	197
-0.0612439206471969	0.156888869140465	197
0.0236694221332712	0.0566701683458958	197
-0.0454103098515149	0.120635450780163	197
-0.0927318587132703	0.308137046313841	197
-0.093600671147787	0.300524833068784	197
0.10993894899841	0.378736237470806	51
0.050233066178701	0.134191015309334	51
0.0788650812996047	0.236300781848599	51
-0.0628518125918111	0.162362522578455	51
0.059435088747453	0.167790801170328	51
-0.0218477918462053	0.0510910356877752	17
-0.0287693811778075	0.0633970512206784	17
-0.114326795989531	0.332775471504002	17
0.108388139962644	0.274041166714253	17
0.0158886064158918	0.0351989188371408	17
0.0160326501369397	0.0403980934388526	17
0.0700493864497746	0.153069644392123	17
0.116570351451966	0.285728147920284	17
-0.105179832260287	0.287841349543401	17
-0.0150759942127337	0.0366122697152701	17
-0.0364590842569319	0.0970808543844466	17
-0.0450514203825653	0.108204029316799	17
0.0508528754637666	0.135905487377154	17
-0.0626850262668984	0.170503794537902	17
-0.0492239886849755	0.10689996996229	17
-0.117770360652516	0.265557814055064	17
-0.10163918105012	0.220360854299921	17
0.102432216067208	0.208670212491563	17
-0.0600318714188593	0.153342801538263	17
-0.0379818238352668	0.099372449875362	17
0.00190032070650418	0.00424010404108394	17
-0.119195256098755	0.205033457084517	17
0.099971706001442	0.224356134048298	17
0.0320373341858349	0.0600602404798664	162
-0.123591482915832	0.283794463539945	162
0.0599077345321631	0.120654785502389	162
-0.123767355515386	0.254775752812334	162
0.0110463301695529	0.0152883903527898	162
-0.114569695628086	0.191690272246711	37
-0.00916029773316937	0.0149595031431198	50
-0.0994586124399951	0.12571103530184	7
0.057038403303692	0.0560944178943093	50
-0.103437646807451	0.168194877496808	7
-0.0317140635797621	0.0512738260407582	7
0.123583088888973	0.247729832295765	7
0.102717519534425	0.21601373321767	7
-0.0469692631845611	0.0732680320006994	7
-0.10895748189669	0.173117561298232	7
-0.0677161882415656	0.0916110426151048	15
-0.0571755090686482	0.0721577293176498	267
0.0608773085979966	0.0806461394186553	267
0.023175353234761	0.0275644174033879	7
0.077383348616857	0.118211554564457	7
0.0332654801579524	0.050898780231063	7
-0.0354925388320967	0.0564411048871569	7
-0.119306728089945	0.179373505498011	79
0.000325955159946871	0.000424159039069815	79
0.0723643122215211	0.117111369528435	79
-0.0681625836942893	0.112315084393488	7
-0.0565809737831504	0.0742054311466776	7
-0.0457846499589048	0.0712925379775575	7
0.0370044072336993	0.0601011598596253	32
-0.0779684391878624	0.105766928228052	32
0.0282265342533011	0.0411189945891619	26
-0.0434560909673844	0.060676273220902	26
0.0743617094724152	0.102561328133795	26
0.0775795173961403	0.113729691338882	26
0.0803007046007739	0.101691516729012	26
-0.0542714709421118	0.0887123087088608	26
-0.0218900819424269	0.0265450209946925	26
-0.00717235904805593	0.00902230212622046	26
0.0793650262396785	0.0947300111934894	164
-0.11678379616374	0.153649015014268	164
0.0360768588003177	0.05216786333413	164
0.115627572638738	0.13410120009674	26
-0.0192321437074255	0.0282892072707534	26
0.030309736115573	0.0318711377603331	26
0.0380430636083715	0.0513673887033856	120
-0.0231975697959434	0.0349676781691091	120
0.0288600132422008	0.046962217275301	120
0.0777571682870509	0.103617572555561	19
-0.0120335313538397	0.0145719086872996	19
-0.100291038583882	0.174991073064371	120
0.0327466506735476	0.0345203418645292	19
0.0764336465499932	0.116591141927819	19
0.0733759091402342	0.130654368559075	19
0.0457499850452933	0.0724690738789214	19
0.0991782531237041	0.170699750838525	1
-0.0411260107162406	0.0624054436557652	1
0.0301615448943049	0.0428594468733498	1
0.103421166440811	0.164992295434449	218
0.0153325318705111	0.0178303800869545	1
0.0348033310355402	0.0546701385436309	1
-0.0937834555815168	0.166017925708621	1
0.0411312469914281	0.0729906118730105	1
0.0271808162890642	0.034181558676272	54
0.0188003196068328	0.0303183358650027	54
0.0243262845486046	0.0278055776721045	1
-0.049532376962107	0.0789665439048963	54
-0.0407390412313716	0.0494625584154796	111
0.0374461939491256	0.0505319452433896	111
0.10287146516093	0.909051503622992	51
0.0795509011651225	0.623169413601884	51
0.0265157433075762	0.114375757568595	51
-0.00339771276780164	0.0109841023743444	51
0.101437927424785	0.474436103099257	51
0.0777361531271379	0.388268219644056	51
0.0346287601677253	0.152488591879304	51
0.0848070720415191	0.376769707194027	51
-0.0627865255337787	0.269296031340363	55
0.122995760571508	0.51218795360773	51
-0.0109453853729052	0.0310721013281846	55
-0.0760593403955671	0.270018009416002	55
0.0855983158767646	0.346194834332336	51
0.117071068564624	0.493088767922099	51
0.016135710762209	0.0506523394550868	51
0.0317872535530542	0.0974421630895519	51
-0.0361616757597772	0.111291188068466	55
-0.0287396563109771	0.074506185572418	55
-0.0648606363887618	0.210040422556247	55
-0.0750527296667848	0.263213292245326	55
0.0394564582032638	0.101201630574737	55
0.107223635166394	0.351306345126861	51
0.00466265750486809	0.011826448723356	51
-0.0979054689455238	0.298808925510639	197
0.117109359514005	0.347812549937375	51
0.049985330226032	0.134146440873433	51
-0.038456214044406	0.100508499088187	51
0.0396315306253363	0.104652645478152	51
0.120557197187418	0.368837859107957	51
0.047751977122449	0.119619492114812	51
-0.0336009366634035	0.0838326330350967	51
0.0382957525254494	0.115327584908222	51
-0.0901240514818178	0.232496312056695	197
0.0493161043357148	0.158438078743291	51
0.0464838886041123	0.143035705276423	51
0.0134819709457716	0.0337559687731582	51
0.062983154320641	0.184822374685387	51
0.0986208381285389	0.370105213991769	51
0.0437330371065681	0.128076909830238	51
-0.0200840703195388	0.0469053006889611	17
0.00371052379516778	0.00729882494480935	17
-0.0569841655999186	0.150798608357175	17
0.0206247125135725	0.0461587033740355	17
0.0853202124618279	0.23693182505723	17
-0.0570311614389354	0.184822827400358	17
0.0608597234014763	0.166150170224884	17
-0.0245272773151546	0.0685426724113792	17
-0.0937211043552252	0.253924592135598	17
-0.0249406333587677	0.0528260269960143	17
-0.0457421263626496	0.130748020437152	17
-0.00850514649345798	0.0213976769628469	17
0.0937929276339537	0.204893902125951	17
-0.0623474110113697	0.154459686400016	17
-0.109743516304209	0.369521286248356	17
0.0528849258988415	0.138660490935713	430
0.0635927240601104	0.132442086334764	430
0.106065027562361	0.218750276632391	430
-0.0987195667289149	0.179288756736683	17
0.107561096596413	0.230737008734808	17
0.0504902737840706	0.143923853853379	17
-0.118088529554426	0.3440874873372	17
0.00425796028334157	0.00578739343270076	17
-0.0144445807809963	0.0140216247302925	37
0.0162261253832648	0.0265845133951846	162
0.00886407038925804	0.0148079064676558	162
0.0910103668073022	0.219547281328459	162
0.0669791888929468	0.0859411767941232	37
0.0827523945439382	0.157014076465946	50
0.0757459571565748	0.140212293192409	50
0.0242233035627965	0.0338208971097065	50
-0.118655349277015	0.199676145121091	7
0.0152640746879895	0.0200283416579948	7
-0.0441039145918396	0.0746412607941417	7
-0.0428440302144374	0.0712478012904643	7
0.0307381390401486	0.0581070895973949	7
0.0641434111752735	0.137227602927796	7
0.123312732645659	0.211778032413769	7
-0.0283370315001389	0.0369308359414112	15
-0.0112388662173564	0.0168411221315731	15
-0.0200814703543993	0.0243040976152361	15
-0.0393381438149074	0.0610632957372094	7
0.0256412194770956	0.0381816771579944	7
0.00688476675207056	0.00997484508497915	7
0.0705957486640524	0.10580423414348	79
-0.0687714364506909	0.102298465344137	7
0.0473579927335333	0.0708439635564952	79
-0.0291652317314335	0.0440755458744364	79
0.060130817883239	0.083439917916665	79
0.118094366045553	0.239872532255242	79
-0.0683989904763927	0.129230966776937	7
-0.0978624495121636	0.150984821581344	7
0.0122397707640564	0.0180188819413197	26
0.112397264595409	0.216811910180524	26
0.10815321474828	0.149120707139356	26
-0.08463786259736	0.139902902537249	32
0.0417705319410653	0.0708234711440773	32
-0.0145644525050145	0.0232914927616502	32
0.00658842510825374	0.00998215538437678	32
0.0998348457784199	0.150369527732321	26
-0.0955562411201381	0.169712918003656	26
-0.0293690130453534	0.0355672490660572	26
-0.0739211913132105	0.107210598924601	26
-0.00122906944467753	0.00164959002367312	26
0.0676310530401988	0.0958183268825678	26
0.0771480608087404	0.0803508806856695	26
0.0387619626096966	0.0562507037872546	26
-0.0288830024875388	0.036333454224164	26
0.0343673679152531	0.0402711516140512	26
0.0239188642748241	0.0284549140898568	26
-0.0837271422101886	0.0850306138156964	26
-0.104379637515882	0.122269561508493	26
-0.0232498927236756	0.033287960643115	120
-0.112376927005577	0.18350338748654	120
0.0341692799615446	0.0474014131378775	19
0.0855710790113554	0.139790083080354	19
-0.0942429076621972	0.149306318138544	120
-0.06123286310948	0.0936031051356475	120
0.0152068991384401	0.0242073115839041	120
-0.0934268660143709	0.172179324076842	1
0.0732133679093704	0.105615116264288	1
0.1090273984311	0.20623865324798	1
-0.0193021459992831	0.0304479904176575	1
0.0565713958081425	0.0556258987922377	218
-0.0732504364851411	0.0891864316772513	1
-0.00373060183266914	0.00500867656501515	1
-0.0368028633385954	0.0656750544951538	1
-0.0565781416389423	0.0928199320428135	1
0.0902615918108485	0.0893923883719211	1
-0.115842123521975	0.168698644702714	1
-0.107793543378486	0.170974288745453	1
0.124453526230404	1.20099336785748	51
0.069524399454921	0.434615631903947	51
0.0649514282647867	0.377890300101654	51
0.113918326649861	0.844689669748052	51
0.0453846325751012	0.25329824676011	51
0.056732918535018	0.33521379310435	51
0.0295950925637242	0.128035390215566	51
0.0376880950620467	0.168482466581405	51
-0.0220842629613904	0.0810702316062624	51
0.0136057118463693	0.0461044547695	51
-0.0404188021785834	0.144103697591598	51
-0.0325861789055534	0.111395387875476	55
0.0131959134916969	0.0403575487400671	55
-0.111073798792935	0.454260892778126	55
-0.0882741219076147	0.344215918659157	55
0.0765990157636604	0.296718569653293	51
-0.10307744693616	0.404592916234015	55
-0.0947828539875827	0.37130145578686	55
0.0193047316572612	0.0566803747681479	55
0.069054121858527	0.248231634361277	55
-0.0658334180000853	0.219879837829205	55
0.0928858411146712	0.342834061134812	51
0.0513353075864201	0.166304491990569	51
-0.0112529639919118	0.0328699837859503	55
-0.0757969927024423	0.255669199349111	55
-0.0514693479468228	0.167533043866582	55
0.102940449414768	0.388089785666452	55
-0.0803021169405927	0.276084713297643	55
-0.07337217628641	0.211361148694047	55
0.0575860776277653	0.149007802124896	51
-0.0753628681999245	0.203977697282634	197
-0.0622963816874714	0.16176812082789	197
0.0773783799668831	0.202874707716109	51
-0.122688338241811	0.366150740547215	51
-0.050248072643264	0.122773879650529	51
0.0335044577181664	0.0844226235591608	51
0.0575980362839709	0.159746451956622	51
-0.0870651004632203	0.276648933392439	51
-0.0129738029171876	0.0362346412944136	51
0.0390391280784747	0.113498955185504	51
0.081369325416568	0.268749298003966	51
0.061129642408791	0.180243567952962	51
-0.109451347662512	0.389919507839224	197
-0.0536749930581575	0.16770484483072	197
0.052902750720129	0.16316482010825	51
0.0634513733649618	0.19786184322187	51
0.0699793725676098	0.221626436476587	51
0.0976173605567475	0.341318354223159	51
0.107443164361906	0.40244469456815	51
-0.114245807332402	0.40139612657517	51
0.0510067873641186	0.161035669168188	51
0.113948374924218	0.424104258590148	51
0.0815739159458684	0.283466317504572	51
-0.0439205274284824	0.1279242280422	17
-0.0499664709218674	0.148656226354648	17
0.109380502523695	0.378690227749697	17
-0.0982419611889289	0.331939819205078	17
0.100103631451592	0.271477964254253	17
-0.0165665169357658	0.0384655168900423	17
0.0912331269399784	0.267692030757732	17
-0.00471895239336933	0.0124715807569106	17
0.0450925174528019	0.11931875105731	17
0.0369853103953083	0.0913277850240672	17
-0.0642898604388023	0.205121716071765	17
0.00479829157580712	0.0113065148016965	430
0.0684298633810629	0.187694386245846	430
0.0693975761782211	0.19139814528124	430
-0.0707515009179388	0.175024818532149	17
-0.00687852622779672	0.015458654362739	17
0.0503160052353548	0.138855752067486	17
-0.0369976564560709	0.102927308660967	17
0.0976601372952098	0.30142100620221	17
-0.0581250859864954	0.114469113176562	17
0.0892967209434182	0.129844855605883	37
0.073806880157178	0.155721727081126	162
0.0382903740228765	0.0761092103324976	162
-0.0245065262715832	0.041851535845325	37
-0.0538753540402067	0.093566704994539	37
0.0331558204826448	0.057322483162969	37
0.102797278186279	0.216222708150923	50
0.0840866798640192	0.151068603714156	50
-0.0167675177855142	0.0280098382580975	50
0.120660903594199	0.184212835734676	7
-0.0948849735291421	0.1753197618702	7
-0.0143762513608596	0.0234484633666461	7
-0.0113595595563298	0.0174145771361986	7
0.079985552459635	0.141729004332824	7
-0.0297182033987875	0.0401275838011864	7
-0.121351236691827	0.213614690441946	7
0.0752781887755534	0.135397992741108	15
-0.092750758074105	0.146617023727867	267
-0.0788423643171551	0.114034207913025	15
-0.0876821679246086	0.127070704116985	15
0.0476662273325569	0.0804189311507848	7
0.0483829243070039	0.0646915238420813	7
-0.0931094497860851	0.147268957905191	7
0.0196076191078767	0.0294089286057575	79
0.0242198605206155	0.0368707393169235	79
0.0609446727668744	0.0953901086884195	79
-0.114342262934432	0.145095165399672	7
-0.0194878443145344	0.031893965781165	26
0.0792119764535757	0.127103303303787	26
-0.0532334758257707	0.083245190265103	32
-0.0222144503401592	0.0326147536912709	32
0.0353440635590205	0.0528867501254117	32
-0.0641490013995566	0.100467430442389	32
-0.0776051330556703	0.122037610322637	32
0.0565626003797922	0.0807668912573191	26
0.074429454594308	0.102665478842603	26
-0.0401968991496181	0.0624793095373208	26
-0.0581241077720714	0.0839955823051643	26
0.0560830111286124	0.0864306226032447	26
0.00814158747649382	0.0104751353659301	26
-0.0138968786623443	0.0168593473980438	26
-0.0212970649586749	0.0267997123948896	26
0.0622282671828098	0.097580478291124	26
0.111324551283973	0.156109910436533	26
0.0237527846864786	0.03526007095455	26
0.0939204923232545	0.157924408534484	26
0.0311822262099798	0.0379265974989039	26
-0.0544145904998	0.071188170299441	26
0.0137596524215248	0.0166080741007357	26
-0.0549906623996804	0.0765534647172992	26
-0.00892025348010917	0.012688613213215	26
-0.116992939015426	0.175275372975204	26
0.0560221413706483	0.0700258426383109	26
-0.0280137802235083	0.035200553026207	26
-0.0106094005377455	0.0169481125218332	120
0.0166755340018074	0.0186370079461596	120
-0.0229103594263559	0.0288808385026909	120
0.0958642340452292	0.142149015773467	120
-0.015378207717007	0.0213269556113773	120
0.0841080078185281	0.137063929186694	19
-0.0135167385160044	0.019834593597488	19
0.0250418209786451	0.0372566492527858	19
0.0426213756334267	0.0687853542045222	19
-0.110077872888191	0.188318935974633	120
-0.0914886984836757	0.107150613554455	19
0.0978231865072891	0.166786903836927	1
0.0681076701284067	0.104786089327785	1
-0.0851055530523613	0.153233534976716	1
0.0230266469777608	0.027383109939732	218
-0.092590006753259	0.130149635927565	218
0.108802134998276	0.160023476016525	218
0.0675505269691131	0.0913103196730009	218
-0.0918340603544925	0.137206677815758	1
0.0998116083940965	0.164605991778555	1
0.0120770461677525	0.0167367279352046	1
0.0611718724308069	0.0695459253174358	1
0.117208215444055	0.167607421123757	54
0.0584674366384693	0.0733233545533065	54
-0.0659074496057171	0.103492828298661	1
0.0269847070837319	0.0339224473298715	1
0.105134046397777	0.169681470951907	111
0.00287769497008006	0.00351627235845787	111
0.0408921037219295	0.266479080513646	51
0.0475321459984957	0.308422375660887	51
0.0683009376944542	0.464760312769118	51
0.0345244193523428	0.199056807837056	51
0.076169280704501	0.517673506391588	51
0.113634771720177	0.863230595171538	51
0.0431505348882862	0.212331388444798	51
-0.0598465844991181	0.293017619662286	51
0.0639525497773924	0.263787441573422	51
0.0247500369138632	0.0893552249283957	51
0.105312676815663	0.514376170399401	51
0.0961738284486612	0.437835568328628	51
0.0860808577485257	0.346561339039559	51
0.107320053863182	0.409240917790263	51
-0.0267613072859771	0.0781652698669151	55
0.0320831377634783	0.102630304379381	55
-0.0364282621192782	0.126619797430419	55
0.0128256003374455	0.0400576458463677	55
0.041627300492433	0.131777747296055	55
-0.0510352094483577	0.178191704501071	55
0.11616372164694	0.467635046539138	51
-0.023096649779322	0.065623555112223	55
-0.0769573009325501	0.255008278894241	55
-0.0415972734323392	0.1160715997806	55
0.042233528698127	0.131109843846999	55
0.049608272741904	0.168603652594931	55
0.0291500113322667	0.0662444535786169	55
0.117029441114816	0.243938536285553	51
0.0923720907275104	0.195680011889989	51
0.0742130472528961	0.124476647361395	51
-0.052182850188481	0.122311972892073	51
-0.0975977107346854	0.226590329130308	51
0.076288640442216	0.263302076386578	51
0.062693907680954	0.151061616041763	51
0.0142690375034201	0.0376669104229882	51
-0.064322418249721	0.199860600024234	197
0.0543504491777661	0.187064511722981	51
0.123108024110625	0.505070020610123	51
-0.0172313235094628	0.0489041010718178	51
0.063921236230643	0.161599714262724	51
0.0763405912134553	0.194042478321733	51
0.067384428649992	0.170872803070457	51
-0.097527430681919	0.312355884678775	51
0.0566704751323813	0.166983502870702	51
-0.0301125179601729	0.0904971104875467	51
-0.104815973396086	0.301911515561488	51
0.122317029482518	0.439690708241885	51
0.0154475113700571	0.044350202104641	17
-0.0407030450309901	0.118731198253389	17
-0.0561335764727699	0.155253685808369	17
0.0201515872169493	0.0550273987061236	17
-0.0483399259340997	0.087143742579343	17
0.101702194074933	0.168244611260174	17
-0.0422458627858268	0.0911349036867119	17
0.0554697199890652	0.181106709107155	17
-0.0556729925519607	0.183928962838855	17
-0.00342868725408993	0.00962434471763511	17
0.100017091807836	0.353633290461923	430
0.00649861464469244	0.0180528298815958	17
-0.019138367715391	0.0546276342646812	17
0.0921725643600442	0.317698928056012	430
0.102180489840483	0.334909078043656	430
-0.0651205696331984	0.15106579166414	17
0.0201290825893095	0.0502303934154979	17
0.0466628724356683	0.117443394227852	17
0.00658743885421327	0.00747987424348245	17
-0.118922087571975	0.139438944416362	37
0.0534993846551024	0.0917624667535214	37
-0.108422811948832	0.147599327711839	37
-0.100045861337431	0.126540029407812	37
-0.0482524163061434	0.0804330904144373	37
0.0285218984837299	0.0495628196735226	50
0.0117433965761891	0.0227368378768718	50
0.0438208666428977	0.0916346095963481	50
-0.0354427155732442	0.0751567053734316	50
0.0233696315068034	0.0195608296040229	7
-0.093263268194268	0.0656426743641117	7
-0.100768988948685	0.0900820522744452	7
0.0676959436716822	0.0685739723379079	50
-0.113328479331044	0.265955566476257	7
-0.0137688835036118	0.025754882691644	7
-0.0000373160549655358	0.000070799409282003	7
-0.0434840875085236	0.0766202229174585	7
-0.0195851925215393	0.0339617406454857	7
0.0275614573981503	0.050711683746786	15
-0.0185868148988996	0.0323308931747303	15
0.0851763101315995	0.148652500931403	15
0.0992798835528837	0.182377565945889	15
-0.0126785542940544	0.0207280943373763	15
0.0982952608583854	0.139382892876239	15
0.0240909726850639	0.0357888873059348	15
-0.0128759017940142	0.0144020006557566	7
0.0634457843035943	0.0960806203691766	7
0.0894935427522166	0.153396587326117	7
0.079280191629216	0.0946172937596527	7
-0.00331019506921209	0.00401033281855538	7
-0.0698139510954928	0.100681878403121	7
-0.0114023969906011	0.00972276697225541	7
0.0333215890753131	0.0461542208061519	32
-0.0623261027675287	0.075837253687546	32
0.0599234026336817	0.0868013666004397	26
-0.0936831442098831	0.176677810161842	26
-0.0630642664236396	0.0938148032673818	26
-0.0436893557203278	0.0590267532660404	26
-0.116709002140063	0.170164966029402	26
-0.044332331180011	0.0688666488653659	26
0.00536839794257836	0.00633002831388328	26
0.0978525842901425	0.166843925484528	26
-0.0477670234729138	0.0813419949055461	26
0.0125159845354782	0.017354491610583	26
0.0677260564512792	0.111624223772829	26
0.0988020316563911	0.168694710215366	26
-0.0830092335136471	0.116478824896925	26
-0.0272659071655743	0.0366933563925953	26
-0.120505997676492	0.248206533085113	26
-0.0554031152412065	0.0999534109825111	26
-0.0340112979813047	0.024462772035022	120
-0.108475420890428	0.0836965882831584	120
-0.0730409528141712	0.105820006750345	19
0.0247666289922483	0.0321662340143191	19
-0.0250244635771172	0.0280446892232198	19
0.0921603223154115	0.165018481902378	19
0.00203278652042102	0.00185620005166354	1
0.0478378664046588	0.0784106659248619	1
-0.0999304086781183	0.209268244211091	1
0.0457940702382289	0.0824229549550435	1
-0.0245649094917307	0.0263238100703332	1
-0.0167601734276391	0.0274514117821281	1
0.106756653465611	0.14700720873106	54
-0.0281742174864859	0.0256280905209054	111
0.0979355287198215	0.840751272145871	51
0.0266940550139416	0.155889238538111	51
0.0785430789251362	0.575496032089436	51
0.0563866745466369	0.346814925625668	51
0.0492983439098991	0.271149594579772	51
0.0559589909981682	0.277667595167305	51
0.111315450816899	0.626897445035483	51
0.0915677881572276	0.424303285339235	51
0.0628956974136505	0.253193446817006	51
-0.00264702953127323	0.00897863182994315	51
0.123475896640275	0.618053395797957	51
-0.0641460785137439	0.242531913260266	51
0.0944459688608567	0.38176124511533	51
0.0192460459350425	0.0518746904075415	55
0.00380944463363217	0.00944467339564303	55
0.0641702233559986	0.18751527591043	55
0.00954327402823108	0.0266524102892234	55
0.0543951867526916	0.191367095887399	55
-0.00510677756714437	0.0163325144517765	55
0.115045346825008	0.491778739466399	55
-0.0188419887652687	0.0533717162933148	55
0.02741790772219	0.0859492849456326	55
-0.0928662722935112	0.322592745210019	55
-0.00719098048709033	0.0176156420813852	55
-0.0742007695465971	0.216712368609721	55
-0.0469456475435571	0.116797660604765	55
0.0101903326712312	0.0264438417014784	55
-0.0662252984037163	0.221429755822059	55
0.0185905827475956	0.0462019595533688	55
-0.000860726791142572	0.00124941241236538	51
0.0696816487658745	0.136309541794277	51
-0.0453506750872242	0.0592552683333973	51
0.00268817769664941	0.00504399900712457	51
0.0489842329319424	0.0913977750363235	51
0.0316171900306539	0.0555741193120626	51
0.0557762582537342	0.0761393283614481	51
-0.07513403499056	0.23906564742054	389
0.086726255846193	0.303805558651692	51
0.00437556205246842	0.0118791340224809	51
-0.0245187966575658	0.0464545897668385	51
0.0747526314340624	0.231557899111516	51
0.00997869126999588	0.0295539795008018	51
0.00959389939188752	0.0279432654696444	51
-0.0577579087978198	0.171525732164428	51
-0.124882405872168	0.332215744375007	51
-0.091437932531476	0.204838298029066	51
-0.0741651683604738	0.208752891019084	51
-0.097088971878235	0.237618983517331	51
0.0268812799703407	0.0703449097134943	51
-0.11162518569854	0.404607774136372	51
-0.117920787716007	0.340334786692345	17
-0.0418731482587052	0.124096671057174	17
-0.025238141510664	0.0734344445119857	17
0.0500587985723923	0.135842427609586	51
-0.0846844568525597	0.244886239633918	17
0.0077947875650288	0.0180793589317073	17
-0.0540789404201293	0.0707028836618151	17
-0.0805361973142653	0.19450712078621	17
0.106607785244371	0.364576160689691	17
-0.119671415185715	0.42038325885006	17
-0.0474255057321406	0.0955157946535998	17
0.0230809344161684	0.0387348618813965	17
-0.0106029247774039	0.0265222198010747	17
0.0416214971318014	0.124682450528855	17
-0.0664595133668625	0.177174149336296	17
-0.0950776034405456	0.320890311963986	17
-0.0828544599630917	0.281233200505149	17
-0.00184113478355758	0.00513006495400164	17
0.116674154785387	0.481024159148158	430
0.0475021128434512	0.120560509926562	430
0.0614373371514958	0.114157937173111	430
0.0669137119061685	0.190099704880742	17
0.0743397778976444	0.216875814354844	17
-0.0572897420136941	0.072284398456421	17
0.0057915410560665	0.00631365750047811	37
0.114297464956224	0.243339812575858	50
0.124313754586226	0.275760826751273	50
-0.10411630030449	0.232595587805858	37
0.0679595918884316	0.115658433046453	50
-0.0927461123848138	0.138751075286236	37
0.106639639142095	0.240543921763638	50
0.0939569541116994	0.205311263571403	50
-0.0493877409493356	0.0599012713834524	7
0.0551754059169942	0.0496436770135231	50
-0.0327183385194609	0.0529888893346416	7
-0.0360384063310967	0.0719104766311128	7
-0.0942709558514797	0.180724662118751	7
0.0122503690602182	0.0205757410024022	7
-0.0910970509051829	0.177468555213186	7
-0.0731465565131783	0.133701262751678	7
-0.0578752011921315	0.102739104550017	15
0.0879444650656053	0.154070414593351	15
0.0297284787429311	0.0517584627269014	15
-0.0545697317734521	0.0969093909650905	7
-0.0919709729434868	0.129108272173732	7
0.0622517826924869	0.0708558470985587	7
-0.0915022801686896	0.144337908494599	7
0.0765459445424159	0.116787537026879	79
-0.053406443728409	0.0723885696141084	79
0.0928280403834494	0.129160696281102	79
0.0546215392343812	0.064473447884686	7
-0.11724883112555	0.0976051715818876	7
0.0559090241263278	0.0503302267440214	32
-0.108162926265395	0.115611382355665	32
-0.00208492399460953	0.00224031252691752	32
0.0156844496723127	0.0261747695495903	26
-0.119795012285258	0.195896732702805	26
0.0407894798669871	0.0615328738432356	26
-0.0514093117855081	0.0625021835621078	26
-0.0791386549075742	0.100166677854333	26
-0.0130942392461342	0.0170318959555742	26
-0.00928648562210573	0.0138770570994538	26
0.10820814453952	0.141085279014075	26
0.114290016166127	0.181015438100138	26
0.048192881862866	0.0747425424830368	26
-0.00485454234559606	0.00740984157828391	26
0.00294980257111397	0.00518991282438767	26
-0.101029058121261	0.194670028482688	26
0.0799892542032622	0.128505427955348	26
-0.0625965102304874	0.0446012112237393	120
0.0600154707813399	0.0381705269152033	120
0.0588125790055202	0.0737553964417784	19
-0.0793883259124545	0.131160095438965	19
-0.0319392788137596	0.0527818039944324	19
0.112948879393349	0.168875682356655	19
0.0652872086326211	0.0836140597357509	19
-0.0304496884429526	0.0239257108233974	1
0.0494685376447289	0.0662368978043879	1
0.122005368808074	0.144777155163317	1
0.0331589613423439	0.0584391455339609	1
0.0336521294581025	0.0656615157066361	1
-0.00966711022031902	0.0157283126598983	1
0.0908664129242645	0.166135586247025	1
-0.0782949577514528	0.0607528297518423	1
-0.00966790594578353	0.00701269628749177	1
0.0678364096541888	0.111842300088996	1
-0.117104014566587	0.214289319364089	1
-0.0456606504741319	0.0692556575400744	1
0.00217698354007834	0.00198768263284694	54
0.0951944815196341	0.805845657685298	51
0.110229263341512	0.967012675676611	51
0.0855963787794346	0.615821834789824	51
0.067118445834391	0.322861608653577	51
0.12057137750438	0.557157674456816	51
-0.0123229444043681	0.0415978498671072	51
-0.00477077126711019	0.0160596024115572	51
0.118961408202923	0.584562330098119	51
-0.0373881340550616	0.130137404409848	51
-0.0680478126105071	0.250750498861195	51
0.116776042679003	0.409783230760249	51
-0.0170082135620204	0.0482859440206953	55
-0.0360221737998822	0.118063715854039	55
-0.0736843484663068	0.300522759880449	55
0.0693063826153184	0.257116726045907	55
0.0268487847599165	0.0753627620236049	55
0.122361683634989	0.494058847653368	51
0.0844782142634521	0.289328855942861	51
-0.050773084801084	0.138712496221716	55
0.0845321510969747	0.25320473019996	51
0.0293665520524542	0.0796096836011478	55
0.0229840231502983	0.0482709522457947	51
-0.0378138450936964	0.0722013061723714	51
-0.0419955319394884	0.0621114827528835	51
0.0811448051517351	0.15671583193171	51
0.0820452163405286	0.122226985315978	51
-0.0171158352684847	0.0463076235401833	389
-0.00222391025697012	0.0053152513661756	51
0.0853235791598023	0.275332134216434	51
-0.0763880397459058	0.279030055248439	51
-0.10048579778644	0.373887136803109	51
0.0420411669741	0.0841885350961086	51
0.0315542750808784	0.083367142617341	51
-0.0549885815795721	0.150774035903398	51
-0.0802539632716531	0.246731213975384	51
-0.035834811844032	0.102671719104705	51
0.100419354237199	0.31178232323978	51
0.0680072553829941	0.21132630212248	51
0.0201599630100896	0.0517311813440546	51
-0.0862505114955475	0.248892754323354	17
0.0572247162380395	0.0913813449252477	17
-0.095295053709482	0.151175467579192	17
0.00726031739165893	0.00962131363663599	17
-0.0323606919644057	0.0849704585251599	17
0.0558539065151392	0.151189576221981	17
-0.0737081292856737	0.24465380860373	17
-0.0828590080162536	0.285813205201257	17
0.0971939209146765	0.329592014168223	430
-0.0679461740501443	0.213667467471688	17
0.0154887347164475	0.0438102164799018	17
-0.00652243658787019	0.0179246844265639	17
0.117195833080546	0.453271207628396	430
0.0277852983270526	0.0837014442124449	17
-0.0297486097622725	0.0737017820819487	17
-0.0711322647177038	0.153215713376347	17
-0.00470623158676881	0.0113947212503661	17
0.0299668866536349	0.079777353851077	17
0.0146704129225102	0.0170502870746571	17
-0.0545854449119311	0.0714271359891297	17
0.0323540235958159	0.0579970876957148	17
0.0806799366529768	0.167554784673783	17
0.0411727925454883	0.0762805781589431	50
0.00926521360191204	0.0176782452715475	50
0.0746071690883497	0.155056689287902	50
0.107985573100946	0.244272901198453	50
0.00730981039197466	0.00323418149605664	193
0.0847572507649598	0.0573580685348082	50
0.0318497248321056	0.0294099068880718	50
-0.115161445401204	0.240030769185921	7
0.124007670022125	0.266429625888636	7
0.0458386623128895	0.0880952696002584	7
-0.0376620230980166	0.0647391108903385	7
0.0220862923625439	0.0367767827800219	7
-0.000875697202275545	0.00136473055203281	15
0.080090266429188	0.13324207787624	15
0.00671950705474231	0.00762915326755356	15
-0.0052313275010194	0.00610081218007285	15
-0.0248367355407849	0.0424487670581224	15
-0.00311017499678781	0.00333532818742368	7
0.0305673637147493	0.0417625510263961	7
0.077545781217929	0.118486507966993	7
-0.108417560865501	0.13213102636123	7
0.118965335946212	0.0689103346007592	7
-0.046501005810271	0.0249027969486094	7
-0.0931258999344216	0.0655437993659428	97
0.0325579605324952	0.0481363815756654	26
0.0871680273954654	0.132064317080814	32
0.0843390063683487	0.114727599944129	26
0.11482767242633	0.152956574422478	26
-0.0784424421764699	0.126982679027736	26
-0.052803573030456	0.0689281953256259	26
0.0843626726086584	0.126086018615632	26
0.0135861567667993	0.0128624818193084	26
0.0519213076457628	0.0637622803190855	26
0.0645937291826627	0.102465598825346	26
-0.113863439438581	0.224836419561756	26
-0.041622002506322	0.0560669864969236	26
0.0323757471080456	0.0447946002159215	26
0.015018258111618	0.019699605599581	26
-0.077102137164852	0.133410793438071	26
-0.104320975568893	0.197644532412712	26
-0.114983982463999	0.231080451336238	26
0.0942015758909753	0.139349902471991	26
-0.0486873951253423	0.0411415615466145	120
0.0881833785323973	0.04709090114677	120
0.0696287426285303	0.0810471642503165	19
-0.00428123046114725	0.00438384380405621	19
0.0882150375014026	0.094570653980121	19
-0.124934546391847	0.133294013951369	19
0.00231382993039978	0.00337295957046916	19
0.0826431561823337	0.152481535581921	19
-0.0428458113852233	0.0578227020168898	19
-0.0122076112933958	0.00965223120430372	1
-0.11630699832856	0.135940003897436	1
0.0521065460063967	0.0578084770632706	1
-0.0430452012125572	0.0757631489206349	1
0.0778595453958283	0.0746602851894943	1
-0.0651318959755126	0.102160827846313	1
0.0144669625221049	0.016134000105246	1
-0.110804761198036	0.105625416998238	111
0.0825491311608779	0.659224103700939	51
0.013384248995322	0.0719366451840809	51
0.0924787369041092	0.681034777866019	51
-0.0384507360125248	0.196158355700363	51
0.00449138201177707	0.0177619631826654	51
0.0222893391670574	0.0793785379821638	51
0.0560185803342627	0.239880633375013	51
0.0905779150129972	0.412292297120097	51
0.0992606077965721	0.478585253555121	51
0.0212236278845306	0.0754648005352723	51
0.112179413726955	0.400780710246007	51
-0.0528083244149493	0.155934016810805	55
0.0758782199088478	0.235146091324824	55
0.0172092125766949	0.0498527066282112	55
-0.0390823167316688	0.131399788187306	55
0.0107575658111821	0.0356522350475206	55
0.0562082297877597	0.198315901325783	51
0.0445588882179967	0.134154163894415	51
-0.0485021156314001	0.152351915386165	51
0.0880778396164842	0.275878845835632	51
0.0147244260778795	0.0367139969740124	51
-0.0881649400089368	0.314375283023153	51
0.0443573810496753	0.116132392418605	51
0.0376894935178844	0.0811958401948333	51
-0.122824776711969	0.265496997845214	197
-0.0174951665045896	0.0250158819939849	51
0.0651065518962362	0.121737702939727	51
0.0813379035096579	0.184320689314074	51
0.0669010721701971	0.135650564311475	389
-0.0867119659830826	0.282784088145739	389
0.011910126586317	0.0325036245624306	389
-0.0997428647754565	0.349297009598207	389
0.0411863723204759	0.0827252005632705	51
0.0106210478632058	0.0261357226411546	51
-0.120191935940488	0.476559113146968	51
0.0311089897696537	0.082680951089761	51
-0.0360792407605821	0.0763517466323505	51
0.0683771581673931	0.201378612900832	51
-0.0744987380711657	0.20496441656634	51
-0.051047027825794	0.159089381923766	51
-0.0388161838541134	0.0876632895704698	51
-0.0677232957860364	0.190931232653757	51
-0.0447696531497982	0.13306612201977	51
0.103118070927382	0.353860084912984	51
-0.0527528859701787	0.14618904655211	17
-0.0774677828650612	0.227581777628747	17
-0.0618574599768306	0.173792743950306	17
-0.063667252564496	0.0919110246013855	17
0.0578064517081124	0.151210310653425	51
0.0949479189917627	0.261145687861827	51
0.0847681591708744	0.262930375559142	17
-0.0336449982436875	0.0650590043381381	17
-0.0153331828564349	0.041028785346526	17
0.0554270486767632	0.168365900795477	430
0.0804521900285916	0.265490660701427	430
0.0179734361873154	0.0411873736642936	430
0.0317508312961634	0.0923966599567205	17
0.0271903955576337	0.0794480563873927	17
-0.0872761840963826	0.296897777934359	17
0.0308811177481323	0.0766668334292466	17
-0.058212063996149	0.134075172476116	17
0.0191104324985474	0.0491006125829823	17
0.0297618660770708	0.0687736852159938	17
0.0579653919809514	0.092690658071645	17
-0.069911631879144	0.112596414582356	37
-0.00361143803753878	0.0040409963226608	37
0.110629044197339	0.245787919877164	50
-0.016299750983741	0.0244670270158809	50
0.00572016827212421	0.00778267184430511	50
-0.0413350195843499	0.0829964880438026	50
0.0246846762891693	0.0206783882199361	50
-0.0893027097707147	0.179503151606657	7
0.071060673659855	0.114780513812941	50
-0.0665137672482678	0.123464970311395	7
-0.0762495136695654	0.128620524839373	15
-0.0212492370939229	0.0294895319823878	15
-0.0335280086581763	0.0506559197278774	15
0.0248063702769006	0.0398269716115745	15
-0.0715028618229656	0.103379629892008	15
0.070564720804737	0.117717280714438	15
0.0373368115368964	0.0420457863622413	7
-0.0141181264304183	0.0137028826437208	7
0.07257282650761	0.0998740418256607	7
0.0778644317080052	0.114190823100674	7
-0.0712823455005075	0.103006770626956	7
-0.0397511066645081	0.0585970392956345	7
0.124520196108571	0.193186639882723	7
-0.0149397412163477	0.0188179306313868	7
-0.0636442285694841	0.0575004526586531	7
0.0812623914745851	0.0971406266261018	7
0.059136539554202	0.0375949081879615	7
0.0201744492884028	0.0206663236023909	26
-0.00212589430703015	0.00293919207772565	26
0.0829106478545952	0.123668508435794	26
0.0530390381662611	0.0721226452060983	26
0.0669496996105786	0.0564190192250713	26
-0.0442097702404822	0.0400438109219668	32
0.00944416421568292	0.00941417139757363	32
-0.0127721879112304	0.0136791867216993	32
-0.091380223321173	0.148472300263244	32
0.100426087145356	0.135480898741337	32
-0.107947959723727	0.115362470015449	32
-0.055865006810694	0.077884562162005	32
-0.0366692183991734	0.0478509320034394	26
-0.0271788477053806	0.0365726024335751	26
0.07187685120577	0.0939665710999649	26
0.124803650252296	0.193730463073692	26
-0.0224525610653343	0.0272515583163293	26
0.0666015468200137	0.0899093582038969	26
0.0213497566546383	0.0218889023342596	120
-0.117519232176159	0.0714613043386797	120
0.0540028128572098	0.0636901251559989	19
0.0110318977734758	0.0137661860165156	19
-0.0241571079947404	0.028215500040393	19
-0.0645504579075892	0.0692757511228762	19
0.0702189048585565	0.117068347473583	19
-0.0286824644263153	0.045403824950205	19
-0.0614057737049733	0.0832747875852198	19
-0.0876909297913976	0.119100329649546	1
-0.0649295790424359	0.0758134003782836	1
-0.124999298856818	0.111446669061514	1
0.00318150376639058	0.00375173694604824	1
0.0882603722114171	0.155932117180813	1
-0.0505078815122115	0.0826082583428469	1
-0.101781501394117	0.0910846194544137	1
-0.11777947986585	0.071625190535411	1
0.066975249801594	0.0622609960789451	1
-0.094200022126478	0.156791788768129	1
0.0181726831362251	0.0162366689434355	1
-0.00322171161611553	0.00330055686373946	1
0.122478592683216	0.145409185402867	54
-0.0441035455308767	0.042647090144375	111
0.0246846762891693	0.0206783882199361	54
0.0811520214225695	0.646738479211173	51
0.102155202310768	0.868171173886427	51
0.0809573245354316	0.532914571994386	51
0.118178959875055	0.889513585978468	51
0.019008609424311	0.0700535643448099	51
0.0875451531100486	0.402679439176963	51
-0.108435745226127	0.540428658423904	51
-0.0171237113441121	0.0607574200471381	51
-0.0555475395984941	0.210134026803274	51
0.0603647466380279	0.240397252898973	51
-0.00506315787595907	0.0153055457483289	55
-0.00663300798743761	0.0197205304690836	55
0.019264535837415	0.0612580041229577	55
0.026348796815313	0.0912040217963371	55
0.0855591470410918	0.339982816926407	51
0.0507472005041884	0.177132444704914	51
0.0868097726951237	0.322467525343262	51
0.0466040630666555	0.147869945693593	51
-0.056548851833494	0.184535141571745	51
0.0783684436868491	0.287151593453767	51
0.0367658827416738	0.10948152171587	51
0.0878994021229501	0.255127946618476	51
0.104014170939687	0.295115922990867	51
-0.0368068171554847	0.0716163499721357	51
0.0367717614461843	0.0849516705646268	51
0.0637256192779506	0.156503064619694	389
-0.00769328277709926	0.0149643590695451	389
-0.0439526156687816	0.108420456553331	389
0.124058930685533	0.468581506933963	51
0.124557635244116	0.481290067177799	51
0.122317580391839	0.463008806556359	51
0.0288177678035539	0.089684584891115	51
-0.0315288303881388	0.0982310519178228	51
0.0399379402318605	0.119816158752829	51
0.00492346025970188	0.0122450878142221	51
0.120261186298364	0.409091204677202	51
0.00181013099665467	0.00431016100897274	51
0.0485258790370634	0.145723684238103	51
0.0159218520759213	0.043557592739913	51
-0.0501636284640379	0.155287024484802	51
-0.0322496819420275	0.0950130124146268	51
-0.0397859309497953	0.11340889550335	51
0.00890291626738238	0.0241966608026286	51
-0.117665112624347	0.411373068872242	51
0.021340871277024	0.0600250058187534	51
-0.106630523696149	0.363792962765583	17
-0.0628862224112576	0.188911573298166	17
0.0580094434675717	0.164095213432429	51
-0.0856620240113184	0.175341449405598	17
0.120361592044842	0.379680303309302	51
0.0458764182394947	0.122998266238636	51
0.0291505067229626	0.0774383854944149	51
-0.056311241851569	0.155834580864197	17
-0.0546308395855588	0.136003037194262	17
-0.0782172277799225	0.252186069923469	17
-0.0423915807714044	0.124229489874387	17
-0.0767097734529657	0.240245783622463	17
0.0999143965599407	0.339068551693341	430
-0.119271375472532	0.385620453951925	17
0.101409420313949	0.315613345763444	17
0.0406069810520047	0.111087633399743	17
0.0950752049895259	0.307276325422213	17
-0.0170978204514203	0.0440085842414525	17
-0.0904162849453809	0.207903319782797	17
-0.0184679303597454	0.0383410884516623	17
0.00589581803892946	0.00476182065093442	17
0.0694650343967436	0.0758616412189864	17
-0.109985968655595	0.174995894982361	17
-0.00367805721404559	0.00522772216142312	17
-0.00998155910352228	0.0186827294785391	17
0.0845337284208083	0.151951779430178	17
0.0985766960130029	0.139828817364006	50
-0.00613074216686591	0.00916776741410734	50
0.0742282210493318	0.14801429780132	50
0.0538973447930722	0.100156571161459	50
-0.112952081513191	0.210520731616139	50
-0.0731967700790409	0.123733584827917	50
-0.0708160126823223	0.119275487093427	50
-0.118591621714267	0.230681265302473	50
-0.0236138707288601	0.0439627687170623	50
-0.0655972824349722	0.091762873764429	50
0.0240290147502559	0.0201218437447933	50
-0.0986320335255617	0.0509386894580957	50
-0.049189607208009	0.0204532307058344	50
-0.0849465176955834	0.0953289376216514	50
0.109081078982471	0.142374705502171	50
-0.035542752654605	0.0538666595867841	50
0.12161136146978	0.250100210074384	50
0.0307054277198812	0.0501103514757134	50
0.0908988495549454	0.172253959462728	50
-0.0753321939557463	0.135227037884819	7
0.0649218154858907	0.105720806209701	7
0.0476856229149282	0.0738869388261926	15
0.0671740701375389	0.0992572770724795	15
-0.117911490474739	0.212093280769608	15
0.025312904626603	0.0376761077746511	15
-0.0957576073542998	0.155282207939679	15
0.010034137842372	0.0129333991927107	7
-0.120923617692277	0.202420818077413	7
0.029638682792673	0.0404568419938987	7
-0.0839659039609306	0.125294240768531	7
0.0362149414464831	0.0523775557645413	79
0.00150644380083303	0.00219454064041818	7
0.0220280840488684	0.0334237853156209	7
-0.112692127502267	0.19735310040006	7
0.0795342432926881	0.100639528210134	7
0.113878273472426	0.0965146861914677	7
0.0513166384134503	0.0750196587230464	26
-0.0640029876726344	0.0838459541561826	32
0.0320379370333407	0.0456391122378483	32
0.00824177415615787	0.0109325231012978	32
-0.0434082042511309	0.0586278104605346	32
0.0466637121584685	0.0697300544431684	32
0.0647237854841051	0.0952767410254472	32
0.103793145382303	0.14994892102884	26
0.0770459231642027	0.117638398827902	26
0.0969283091766236	0.151786634052424	26
0.0639198770068109	0.100478855023828	26
0.049962621082836	0.0749858121168006	26
0.022709353805852	0.030404314723586	26
-0.0914109138151857	0.13646222747776	26
0.0164566709044913	0.0216244154921681	26
-0.12349609193242	0.20756058307706	120
-0.117458658235988	0.187084533382811	120
0.0262706107103995	0.0341876132169517	120
0.072974018858984	0.105232771902627	26
-0.124183714388822	0.213354897563769	120
0.0465899968910425	0.0591941102268838	120
-0.10736624279389	0.0827941716206263	120
0.0775631467081626	0.0808073727839435	120
-0.0668973413703741	0.0782756275903611	19
0.0511966049517134	0.0718481302181434	19
0.0536523817712047	0.0816917521685122	19
0.100942904797649	0.168177644399299	19
-0.0345905211586833	0.0495787962253237	19
-0.0218389038334293	0.0264885120876733	1
-0.0562434592768896	0.0959577030376014	1
0.0419586979588798	0.0594007627644798	1
-0.00434874440216161	0.00445282310280011	1
-0.00215382400894189	0.00297750652151114	1
-0.040793337866012	0.0634676566787354	1
-0.0145493745358844	0.0156083442265249	1
0.0797619239044913	0.117267086739973	1
0.00518440193950104	0.00588371309982753	54
-0.00432588177796079	0.0044285613485599	54
0.0703236443251204	0.530293870135889	51
0.118641582147669	1.05963397424452	51
0.0491751028818422	0.312625381338464	51
0.0820347244638175	0.511762102633792	51
0.0805939726000502	0.457535682864772	51
0.11628303280329	0.670411812269249	51
0.0505961096159888	0.224725886668665	51
0.114687635509191	0.653829228414908	51
0.058874130678163	0.245626900966527	51
0.121101334243665	0.619391176157518	51
-0.0846735238264185	0.374713978110522	55
0.00998411018890679	0.032130855076397	55
-0.0305838413997836	0.106380693634607	55
0.0639125856948264	0.245617063733369	51
0.112106714851929	0.506191518528576	51
0.0180865888773246	0.0574676423441744	51
-0.103043063215916	0.419521095987973	51
-0.0364874590465304	0.1156663984785	51
0.110810758826063	0.432739276558091	51
0.0459533974247446	0.151044945714244	51
-0.116366414369539	0.453412665856529	51
0.0519763652873645	0.140199901924383	51
0.0164597604510717	0.0352457816468274	51
0.0593172302845518	0.151886830258391	51
0.0864899452135805	0.236528981004642	51
-0.00609736207965348	0.0123785885653891	51
0.101028900471178	0.364529539209935	51
-0.0303775277065577	0.087543582244446	51
0.0699055053529155	0.231116164016034	51
-0.00241708558454926	0.00671176878667845	51
0.0352953858701675	0.109924287544702	51
0.0991923233072008	0.362119314811282	51
0.0494484844633467	0.147331079804215	51
-0.0260237967705249	0.0739126453091626	51
-0.0814764937270616	0.258556639068065	51
-0.0566222260647162	0.160716379965119	51
-0.0312933621099389	0.0898120479856524	51
0.117165701000876	0.437285318375886	51
-0.0558201286763816	0.183162103576064	51
-0.117944106146893	0.440228555025015	51
-0.0228065334588949	0.0651566987545976	51
0.00852483050225962	0.0227980065495778	51
-0.103601497669291	0.367238664658236	51
-0.0218285740344896	0.0594590385069362	51
-0.0199211899741682	0.0545200756922831	51
0.0774077930618026	0.2346363615973	51
0.0778359192527647	0.239140448971691	51
0.0888713309920767	0.259337950722003	51
-0.0489869798673991	0.107402568041703	17
0.030181286944077	0.0776289297676213	51
-0.0279468505098269	0.0728420496054069	51
-0.101358157766186	0.327006705336798	17
-0.072915739693592	0.2103194979892	17
-0.0280887110259342	0.0701044371286183	17
0.0261324499248888	0.0728233713938293	17
-0.0958595706178172	0.303151513504229	17
0.0961727377019516	0.3064385056194	17
-0.109257058633673	0.372793639516045	17
-0.0859760721703172	0.263204872234925	17
0.00573938704590057	0.0137733459836587	17
-0.0613082383020298	0.166220508018284	17
0.043155206639392	0.113016422248604	17
-0.113248289858043	0.34110128512848	17
-0.0334566993716649	0.0779587737395095	17
0.0351639408620804	0.0870526275174139	17
0.108846293406524	0.3317641349848	17
0.0457122461631441	0.118217331862107	17
-0.0440097561232893	0.0884493266216603	17
-0.0626882954225732	0.0819854452474873	17
-0.033918269051803	0.0605556333767018	17
0.0761881845135574	0.145012624464333	17
-0.0166586183984369	0.0250164383116902	50
0.110260520118561	0.202645184296429	50
-0.106347608641697	0.205461746832701	50
-0.0000200791849841071	0.0000368548786865469	50
-0.0795520507809754	0.151498355080481	50
0.0939628629099904	0.0850273015680895	50
-0.0100187447780296	0.00726688465983257	50
0.0483532159488372	0.0499928823591345	50
0.095019959745968	0.17737216310896	50
-0.10401973385563	0.204619567285262	50
-0.00123690398513821	0.0019268537861032	50
0.00128027109176634	0.00212234152980862	50
0.0366103723867901	0.06242088467206	50
-0.106285254305747	0.194005959567214	7
-0.0952963198131038	0.158861590664354	15
-0.0163419115716668	0.0233290224882954	15
0.119875601348069	0.212414672049588	15
-0.122638992323382	0.190080150415875	7
0.0961041961364426	0.142553004503334	15
-0.0108283483266928	0.0154405090521502	7
-0.0291204448452234	0.0417380069888678	7
-0.0272611672879147	0.0378479927573409	7
0.0888575120755011	0.13496462650909	7
0.107660176784773	0.203284959443991	79
-0.0348983900561775	0.0541571457869923	79
0.0110402621202094	0.0132890883798691	7
0.0857864243942035	0.098351935414541	7
0.0455351616888432	0.0697594500243068	26
-0.0928642942263474	0.138952130842292	32
-0.0847251517882691	0.126564675019128	32
-0.0273220236143445	0.03905587409462	32
-0.0516195288668041	0.074556920477682	32
0.119211024255551	0.191968789170818	26
-0.123145996711263	0.190987828410155	189
-0.100246158275755	0.150014233858228	189
-0.0280489395054589	0.0412480309600332	26
-0.0886026333990746	0.111995693788488	26
-0.0110558238757152	0.0133719432587	120
-0.00646916810301214	0.00813148003299228	120
0.0445514162778591	0.0639066560172658	26
-0.0287062656533337	0.0278129844217864	19
0.119174640478865	0.12869670585878	19
-0.0576369574112784	0.0554968962389877	120
0.0892626619240402	0.135654615468677	19
-0.113010905204111	0.174633799993698	19
0.0810664791442678	0.10848218002741	236
0.0527263846435367	0.0683157085306356	236
-0.0839550051338045	0.144797190248148	1
0.121826949007283	0.198800716128401	1
-0.0454542042913605	0.0593989521677675	1
0.0986304552031509	0.132793654901136	1
-0.00394391096813907	0.00477782484694024	1
0.104407791798038	0.17492788483006	1
0.0964169379001665	0.113490739599312	1
-0.0706980587482341	0.0792509464497575	1
-0.0683618970833719	0.0695913819425287	1
0.0787963877231689	0.105186834109884	1
-0.0746977838757618	0.0980727165478877	1
0.104740645814882	0.143873380274521	1
0.00623066390949355	0.00679196036985837	1
-0.0500515150123053	0.0698939300924817	1
0.039862305101516	0.0600685212051374	54
0.123780829673207	0.159142459808598	54
0.0766050076279974	0.0856351157887355	54
0.0773123544111681	0.0804624855684324	54
0.0757696127955365	0.589968614226704	51
0.076395091497016	0.58311674341252	51
0.0606212904654484	0.374057447008604	51
0.11520017439852	0.849901851683113	51
-0.0269638966949983	0.122267395714133	51
0.0568083758403152	0.288517811928152	51
0.115905013681069	0.768053234150454	51
0.119553710259125	0.713032517959366	51
0.0794308873387345	0.393564805885635	51
0.0497112300628959	0.214453421721989	51
0.0220796718485075	0.0740562772378807	55
-0.00695586226415195	0.0216866778319009	55
-0.0188462038026098	0.0626937104529424	55
0.0227147154494985	0.078427280543612	55
0.0755847765544916	0.310049783322895	51
0.0286089168942477	0.0952611047362289	51
0.0672242866873727	0.251000298281122	51
-0.00197654759618828	0.00547382994613056	51
0.0690289748690898	0.22265098565904	51
0.0985675282686085	0.344081989696682	51
0.0786898211393739	0.265917976590651	51
0.107757165889817	0.361473329249748	51
-0.0258063429961353	0.0636331548137305	51
-0.121407998149755	0.298481919131987	51
-0.0296920763126518	0.0647440382723077	51
0.121147489056053	0.264113530703483	51
-0.0944060412559749	0.223810723738633	389
0.0968099286326381	0.25412827510217	51
-0.0444121150781613	0.0958615624316823	389
-0.0989005852976154	0.354177523696442	389
0.121977165977747	0.376868407980678	51
-0.0397167947617419	0.11334993431317	51
0.0104105764629893	0.029406491625015	51
0.0452951820535751	0.141016425014349	51
0.012571408916499	0.0330305045826161	51
0.0319674246299481	0.0805241073654865	51
-0.0195145081135741	0.0446952813912399	51
-0.033182968769544	0.0927820182513551	51
0.0768779602408269	0.253175616737571	51
-0.0530889831742773	0.167362440301253	51
-0.0516608590967191	0.144293680289538	51
-0.0546049662074194	0.166798257139001	51
0.116438029434719	0.414565987373817	51
-0.089005800334906	0.272779107079753	51
0.0432300762831626	0.115484484264186	51
0.0102153284573947	0.016019449539668	17
0.0711248957517368	0.177337649174102	51
0.0893478013710747	0.235189478849399	51
-0.0506160643858663	0.143030905720594	17
-0.12378535018093	0.365596147967221	17
0.0711871709297468	0.180485059763541	17
0.0964851520969755	0.322636945743372	17
-0.029433109089806	0.0821551083606085	17
0.0731645371426523	0.235752267946513	17
-0.00768738974525861	0.0175278118044003	17
0.110795994331511	0.335692852178356	51
-0.118544041720201	0.401993865701055	17
0.121912989547565	0.427460928613023	17
-0.0239739001049046	0.0635205042879803	17
-0.0657507667041387	0.191396344923615	17
-0.0680599270944402	0.19275542704105	17
-0.0171554711619274	0.0355153761029086	17
0.0154849956982184	0.0320153137965067	17
-0.0408216945625372	0.0770954238550826	17
-0.0387214904869133	0.0719379884662251	17
-0.0931258999344216	0.0655437993659428	17
-0.0743454315447032	0.128108392229411	17
0.015789595035509	0.0246388754370199	17
-0.0994167254039242	0.15369191595869	17
0.0300791180527354	0.0490379425739455	50
0.00259500355871259	0.00361556522344163	50
0.0539676805727896	0.0878880543403026	50
-0.0348304146321294	0.0250598803537906	50
0.0971510341819292	0.0790986076657441	50
0.0319009313332108	0.0571408407318538	50
0.102431723241219	0.183235213555086	50
0.0540295090746438	0.0953512222868506	7
-0.0659444116041005	0.115418267981743	7
0.100150506626191	0.165318659216971	15
0.0889474782748157	0.147243239617239	7
-0.0725498624635386	0.105031864834361	7
0.021646953923818	0.0289425042229026	7
0.104186453097281	0.117478336929423	7
-0.106219217211741	0.164165298140314	7
0.119669489715224	0.202633202583797	79
0.0565307062419833	0.080719439114973	79
0.074545364690627	0.107689394047162	79
0.114421544495661	0.171431914552884	79
-0.010286983657191	0.00746051249025635	26
0.0986118455930713	0.0803840241201644	26
0.0519223905027942	0.0759642832357443	47
0.100409174128079	0.135473815486424	26
0.0287852606704965	0.0316619817631014	26
-0.124605201547049	0.198487688330987	32
-0.121964926097598	0.148792758215626	32
-0.0639463827744579	0.0892611381885022	32
0.0832970763445554	0.140335205567651	26
0.0253811950172753	0.0368071296488003	26
0.0286143723063037	0.0417059053623114	26
0.0826103014927643	0.128306294261351	26
-0.123513765858055	0.174395162864123	26
-0.0725676840425458	0.119541429182977	120
-0.0606037176319582	0.0821034138402323	120
0.109639642670374	0.170796579544212	26
-0.00375847625030757	0.00519886625177543	120
-0.00187573125173077	0.00182544601131983	120
0.10600970396808	0.0992007881108911	19
-0.073302272231806	0.0892572462846861	19
0.11234431940848	0.15772518284965	19
0.0504035470616043	0.0706604082924079	19
0.0528341588582867	0.0773951492761199	19
-0.123673637245789	0.131811359371582	1
-0.0899807635572349	0.138559228130205	1
-0.0341714572428653	0.0489473320616471	1
-0.0879667838200705	0.119496180903974	1
-0.0340884007385807	0.050209201547825	1
-0.0234331032828139	0.0306061330835121	1
0.0246896204362262	0.0354638947485062	1
0.0685436660659352	0.106409179921602	1
-0.0289000171873271	0.0376936827766523	1
0.0105475398650783	0.0105190940353456	1
-0.0901824915048908	0.10548920421297	1
0.0843085163979486	0.120475132814085	1
0.100343465859578	0.151236702047887	1
0.0597246609937761	0.0749949769917814	1
0.00774678395390988	0.00809381774325993	1
-0.0284458049457	0.0241326595380982	54
0.0335248158667922	0.0309911104244138	54
0.0746945888649862	0.578180485227887	51
0.056552178607492	0.371141099503053	51
0.116486993944643	0.940413717997541	51
0.00173406791105831	0.0073757649721168	51
0.0710545226079241	0.408472320881468	51
0.0565791907525218	0.308349204518577	51
0.107913981297355	0.612150678874821	51
0.0816083176486804	0.386937417889087	51
0.10446713855566	0.567696265722784	51
0.0236494698792213	0.0892508749641889	55
-0.0306217728626391	0.110227743396048	55
-0.0923739295089876	0.391900312778891	55
0.0651622843598023	0.251611035261173	51
0.0216212406755079	0.068585680966878	51
0.0919196919905391	0.370084592916911	51
-0.0114926298054347	0.034990945219893	51
0.0541104120321099	0.189894707999107	51
-0.0316476040149111	0.095383620695885	51
0.0235257682541137	0.0691807688165121	51
0.0402135155743393	0.127078873136092	51
-0.104191534968675	0.384771370979074	51
0.00332318471179835	0.00767207747899098	389
-0.0380892883900454	0.0861905454738719	389
0.105433647077111	0.343928388259739	389
0.0853507130353954	0.279307828053099	51
0.0126421015288162	0.0349802256447191	51
-0.0776272234124146	0.255164541416882	51
0.0853079935247176	0.266159361795528	51
0.0276564881516521	0.0742821765449314	51
-0.0803755324437804	0.265210521394817	51
-0.101578768273527	0.343412333756024	51
-0.0240932606301627	0.0642530395772984	51
0.0453919476771609	0.129436841079429	51
0.0367859267635601	0.0996433356940005	51
-0.0153350321258228	0.0393903680529137	51
0.0358747032955138	0.0889678393182934	51
-0.0287451226861555	0.0754696530954088	51
0.0708827859751887	0.185330401475168	51
-0.0549236038514043	0.136823293222831	51
-0.0427182641668571	0.107443354866448	17
0.0737327641375085	0.189390780197843	17
-0.0985575014299786	0.322267926620465	17
0.0802260995455172	0.231136433585905	17
0.0655451219844377	0.189768425489646	17
0.11621255094693	0.354864443751833	51
0.00892289079912373	0.0217010947060069	17
0.0203570885750442	0.0480457423126792	17
0.11459453467473	0.312730774555167	17
0.00604944119382316	0.0130566234547987	17
0.0622830702778811	0.154385208975083	17
0.022943440558618	0.0494192799684534	17
0.0328091115976459	0.051384119487421	17
0.0214851207143723	0.0357400029606704	17
-0.0259388605009215	0.0278327343704296	17
0.087460583529381	0.0936843858230373	17
-0.0436019892522488	0.0509223600106338	17
-0.119030171376857	0.178891831556098	17
-0.0778120073625961	0.112367847822564	50
-0.110327740332069	0.175622647327584	50
0.0389197505407461	0.0526064170104212	50
0.101547844195877	0.175443781425802	50
0.0439344082962666	0.0604327926423102	50
-0.00195900655990441	0.00270897643408223	50
-0.0699038623947273	0.0588031042662522	50
0.00786039296408004	0.0125378614745069	7
-0.0989827430235016	0.172348259507323	7
-0.0200673983352392	0.0261117086467034	7
0.0297843704409662	0.0460775547594918	7
0.0684022693222302	0.0970079501908265	15
0.0195030513583317	0.0267948863120531	15
-0.119497710124542	0.162865040118399	7
-0.0412428333016389	0.0573992613892306	7
-0.0877965164493597	0.119255615506821	7
-0.0742243449429001	0.104027101575445	7
0.101031186570501	0.152449461106192	26
0.0609353191972697	0.0766012258310654	26
-0.0918340603544925	0.137206677815758	32
-0.0514397317143613	0.0719585025304848	32
-0.121149647416986	0.1984263776354	189
-0.0899277954691433	0.145809217033911	189
0.103329660919934	0.157981373961783	26
-0.100499633569	0.150448312109046	26
0.0154700310147223	0.0172715602024558	26
-0.0137829103329363	0.0154282774246848	26
-0.0347548322061645	0.0468280667456181	26
0.0281781080386131	0.0354793725282403	120
0.106948673081163	0.147254019765256	120
-0.0281656949194112	0.0366992702017088	120
0.101016166286238	0.152420903108448	26
-0.0970912277505431	0.131883462829749	120
0.0480133025179416	0.061077790511364	120
-0.00558661646922688	0.00725862382093738	120
-0.0326470170807818	0.0466480282449516	120
0.0809383837427574	0.0778073974938485	19
0.0596461403614909	0.0788917268855718	19
0.0785289532301227	0.0936495624156439	19
-0.107638048368356	0.170677399870262	1
-0.0579321391183454	0.0649122292511011	1
0.116558892513622	0.176972268021515	1
-0.0155268297339104	0.0150826492253578	1
-0.0429616415513817	0.0559309296726035	1
-0.0157953558700131	0.0206079507771203	1
0.0933446806377859	0.123259625670878	1
0.121554148836036	0.144174044883504	1
0.0699395692774596	0.076408280946886	89
-0.0401346301517379	0.0410035315146606	1
-0.00504833866192108	0.00564999627435415	1
-0.0846972865496393	0.0950257294141647	54
-0.0995039298137983	0.100720614667889	393
0.0583234177770708	0.417785264438827	51
0.0790419216526873	0.617666534372103	51
0.0735073005398707	0.498329820019368	51
0.0866745963925661	0.612264710278178	51
-0.000880039275448955	0.00412236273114635	51
0.114590203952557	0.703165742008196	51
-0.00733510736409808	0.0299607169380764	55
-0.00315728266245985	0.0123566772488767	55
0.0712413046251375	0.310975397243507	51
0.0995938189305395	0.450012389420162	51
0.0886882697281462	0.367436966627889	51
0.0853703980855952	0.361136552087402	51
0.0631306551614174	0.234493699065865	51
0.102599316947466	0.407224597075334	51
0.0849128570667829	0.326862234128313	51
0.0383157601741601	0.123009790750358	51
-0.0623415767912926	0.214953878719047	51
-0.0917861673130324	0.330297213288295	51
0.0342237610169106	0.101463790815452	51
0.110021208450484	0.403524532779479	51
0.086006583591489	0.254065435758583	51
0.0110492713643652	0.0262885487817437	389
-0.0152340521468644	0.0363794641944984	389
0.0993561278582676	0.305221685327789	51
0.063694431377218	0.186840945999094	51
-0.110618958920719	0.369604526936236	389
-0.0199395999966739	0.054693033736768	389
-0.0429955734431275	0.128005213703302	389
0.0913383145621878	0.298595404678376	51
0.0130224586346069	0.0346941362955068	51
0.061867302041279	0.194212224488777	51
-0.12302593319698	0.450918639444255	389
0.077775810630332	0.241107915906041	51
0.0101126478699854	0.0281497022083661	51
-0.0515155668266677	0.15755155418107	51
-0.0430418683055941	0.122554589989908	51
0.0928335640087928	0.329475361820063	51
-0.0836503579658401	0.273882394868831	51
0.0372864341739091	0.0944987279544542	51
-0.0938029886981205	0.267027957976032	51
0.120628919801949	0.380734333638923	51
-0.0487451948590197	0.0999995240164905	17
0.0146593109108338	0.0323847418981009	51
0.124738057795167	0.331254827023114	51
0.0196345794437717	0.0430190142206974	51
-0.0972553841609746	0.286689881604966	17
-0.0160247364943529	0.040652375496625	17
-0.0498547466514532	0.129483030248888	17
-0.0812493044692423	0.230697764144484	17
0.0695145024814333	0.19882451850258	51
-0.0403735074131293	0.0879520813956436	17
0.110916856941412	0.352732498354242	51
-0.0639648311612404	0.151519479645475	17
0.0178658615071188	0.0281691630432284	17
-0.117366417050401	0.0713666391109375	17
0.12485732571068	0.0938088487487985	17
-0.0782670219279545	0.0607261827260835	17
-0.0782280853528787	0.0838430423029982	17
-0.0688392205864846	0.0578650002883328	17
0.0619749507870592	0.0821851345672437	17
-0.111015331081827	0.226425689290418	17
0.0490610288708223	0.0805646314374956	17
0.00802118809338521	0.0106376355524425	17
0.023711678114364	0.0307566676705742	50
-0.0851578026417928	0.134294537168581	50
0.0572339417746723	0.0851403838093371	50
-0.0338870382504342	0.0379138861845083	50
0.101483890573885	0.129500391556771	50
-0.042733042323472	0.0694679577548998	7
0.0766527222030918	0.130068245202582	50
0.0621358270452471	0.104008836527743	7
-0.0629955653861492	0.101133081324806	7
-0.0525311489863798	0.0876492487400333	7
-0.0927630303902109	0.138771145830741	7
0.120117793425936	0.203536949128404	7
-0.0763570313134732	0.123194934890669	7
0.0808686471485962	0.134660772575067	15
0.0893993856457223	0.130012095645455	15
0.0849271640817538	0.109547538186694	7
0.000350057729313915	0.000502957715822104	7
0.0735174872860607	0.101293810950011	79
0.0857180660959072	0.140058669314859	79
-0.0480050638662013	0.0689877045150735	79
-0.103933631070713	0.136407312517771	7
0.055234837581633	0.0542373703262417	26
-0.0829690358502316	0.0841872056425143	26
0.0362149414464831	0.0523775557645413	26
0.0824193659021927	0.127985174532684	26
0.104351826734875	0.15083691159119	32
0.0863737250025497	0.0990981839338201	26
0.0703093102795969	0.0819073610325356	26
0.00523124862866869	0.00639328671179759	26
-0.00778532037451946	0.0101347166281175	26
-0.116220000271827	0.194978487033745	189
-0.00343801090112321	0.0050093947852806	26
-0.0299034859585704	0.0376590956122938	26
0.0792151504452208	0.100202287202839	26
0.111656884274872	0.137586507975253	26
-0.0833055838910015	0.101328981224349	26
-0.0341630718700062	0.0399192413465697	26
0.0867273725708642	0.1243018649549	26
-0.0541206937733015	0.0632042435368831	120
0.0360443426625745	0.0463706833833428	120
-0.0288371484866091	0.0262432706357418	151
-0.104987659658066	0.123052378106098	120
0.0608288587608879	0.0805687720839975	19
0.0726775794116908	0.10003276256602	19
-0.0803957522661894	0.123187286569374	19
0.122899088986255	0.179130142987946	19
0.059787529877338	0.0750829135110042	19
-0.11909791011564	0.179019933737564	1
-0.0276672487864211	0.0384342285943934	1
0.0714302275237	0.0933184965265658	1
0.000797278919923289	0.000728773408663212	1
-0.0414982318285936	0.061329142007676	1
0.101687878923505	0.14648476839501	1
0.0790801973472735	0.0943435599748125	1
-0.0759685234783956	0.0886010594332802	1
-0.0302114752001977	0.0275040866125118	1
-0.0401115063456444	0.0409797936815875	1
-0.104167503176771	0.13675552478533	1
0.0696287426285303	0.0810471642503165	1
-0.102465489366155	0.119765668989228	1
0.0496630177046918	0.0608288828736728	54
-0.0789069294155633	0.0923742935929855	54
0.0810961391101359	0.64440182933381	51
0.097645309698494	0.799782125782146	51
0.10379948454218	0.862372842880148	51
0.085100348995249	0.64087628462271	51
0.0778977372992011	0.496727139343666	51
0.0185241850550773	0.0802633251145528	51
0.121467278580252	0.79357953804464	51
0.00730279903240919	0.0268703411401429	55
-0.0177723693492157	0.0621775514791074	51
-0.0437777566554897	0.16778251058264	51
-0.0968198356769684	0.438382929228786	51
0.110182612148666	0.528449227628343	51
-0.0835824127207374	0.316905150057641	51
0.0557950581415359	0.201901901004731	51
0.0377213698236889	0.12163206806073	51
0.0594856744378741	0.203619149085321	51
0.0989496201055775	0.367764215477389	51
0.0883751730162855	0.309009510529111	51
0.0940187433281379	0.33411937753514	51
-0.00441763278268425	0.0114368223057311	389
-0.120996534470796	0.401653413043394	389
-0.0977367264773344	0.229593546772603	389
0.0118235704372375	0.0235328876553908	389
-0.112509301619497	0.274495139991809	389
0.0704297139651611	0.17980479796244	51
-0.0318531620720637	0.0885484081087091	51
-0.0247391495845678	0.0679236409955164	389
0.0595670782370302	0.189472810130224	51
0.0309576571190506	0.0864857055304728	51
-0.0487534891400347	0.121449485277367	389
-0.094236093163549	0.275534122305541	389
0.0462852070902183	0.135673122184411	51
-0.0100112098912301	0.0270352891456822	51
0.0396055937757856	0.106710080659287	51
-0.118219815467898	0.393077452999693	51
-0.0336092244791452	0.0871622427469665	51
0.0228045600844383	0.0605171270146673	51
0.0148879204858393	0.0345609270484467	51
0.0415567314018482	0.104703171021178	51
0.05230603543334	0.093934950040889	51
0.118124495828464	0.318800398945631	51
-0.0372841073508166	0.0849708939852051	17
0.0931243859894256	0.264238459581528	17
-0.0646217880608749	0.187985069304962	17
-0.10779321121356	0.352806463620206	17
0.104609985089154	0.349166476484465	51
0.0440129776526613	0.125800635533578	51
-0.00197217417861926	0.00422530353569175	51
0.0191812284372224	0.042314978640356	51
-0.0613782775413246	0.154146217710699	51
-0.0318007536750621	0.08010763381938	51
0.00957512686594831	0.0227027661189092	51
0.101826093405555	0.308702971123168	51
-0.10483144570966	0.318202648900818	17
0.101151339301373	0.305123026568389	51
-0.024834899551076	0.0576815726576145	51
-0.00959228704587618	0.0182046207479771	51
0.0763006849226973	0.179846601691799	17
0.0116704555023682	0.0207519242403656	17
0.031727828886767	0.024703086284362	51
-0.103409033879058	0.145752255282159	17
-0.0628369377537701	0.0821982133832525	50
-0.11860410401967	0.203838147533027	50
0.0445924458335704	0.0613956785614688	50
0.0325065694092816	0.0431127674404586	50
-0.0986320335255617	0.0509386894580957	331
0.0232583751726999	0.0194651273585823	50
-0.105175393021217	0.19953198102804	7
-0.015885351281074	0.0254495787227687	7
0.124401980819546	0.213933427255222	7
0.068219005882188	0.108826167338539	7
0.0436752885100772	0.0667391606897393	7
0.028708066399408	0.0361686483936639	7
-0.119579514716848	0.16299777569552	7
-0.0851091842231368	0.111860417896746	7
-0.0790515156021466	0.107384088694072	7
-0.0228713440781639	0.0298610705924619	79
0.044487539360593	0.0612391437469885	79
-0.071739832507491	0.10375755516971	79
0.122725100821426	0.189963213357889	79
-0.00987085422281047	0.00716060843138431	26
0.0671130984582449	0.08612591669804	26
-0.00661843053336336	0.00860658941794845	26
0.0659500324586253	0.0612360327982295	26
-0.0375982264112926	0.0403320061672296	32
-0.0282097206151909	0.0380145541839335	26
-0.0234245267870894	0.0262112821082758	26
0.060665703998199	0.0689282092394388	26
0.0844844972703484	0.1207612238075	26
-0.0572117044247357	0.0771110487019261	26
-0.0835775626232202	0.124641209215506	189
-0.0354095258682137	0.0461255300788811	189
0.00901845754441781	0.0119717072540566	26
-0.104316451198194	0.136980990081238	26
-0.055185768735091	0.0794255990777785	26
0.00754531472527293	0.00970260331532005	26
0.0603476667030319	0.0798890694744388	26
-0.109726448668223	0.164621079004986	120
-0.108258629989483	0.181050707576803	120
0.085044996950415	0.121630222083251	120
0.106394785481041	0.163372760682433	120
0.0785628641256476	0.104843216063079	120
0.100074654016611	0.134959710061251	19
0.0739758835756499	0.101984773558851	19
0.011659884496694	0.0145585226808239	1
-0.0144271736781756	0.0187921789597857	1
-0.0214449665904203	0.0269901769817378	1
-0.106626696802327	0.155154426401259	1
-0.0844849841411215	0.0858629663141827	1
0.0653533690751748	0.0837066012879269	1
0.0878387596775705	0.100920459478518	1
-0.112861795119626	0.126439074203714	1
0.0677616552796627	0.0630310302254287	54
-0.102677876303135	0.09193869082777	54
0.0595045580675141	0.427015576481828	51
0.0457377231485101	0.302318934679042	51
0.0806969820330699	0.594192948471203	51
0.0571019928540802	0.323378770250947	51
-0.00786161384681094	0.0318994631754061	51
0.0361067704079644	0.149589834184673	51
0.0533270866790213	0.208229540955222	51
0.0840379655912668	0.364786693151971	51
-0.0518455683902335	0.199855184756529	51
0.116572414872623	0.541764223302347	51
0.0298156157165488	0.0973761180716142	51
-0.0129317906639183	0.0410615390389587	51
0.088472562837182	0.340858554605665	51
0.115483679200404	0.463868190313074	51
0.0470420104562553	0.151315328457459	51
-0.0353838889776696	0.100337458569077	389
-0.086454837698418	0.247878053545971	389
-0.0572514017307194	0.128494161053548	389
0.0393282759541162	0.0834868031227185	389
0.0128378213937967	0.0263948518419167	389
-0.0352048988902932	0.0849218887904336	51
0.0678652896411097	0.220426823549494	51
0.0335757525548383	0.0976002225569307	51
-0.0775216200843746	0.239506147098013	389
-0.116093258937908	0.406871033141123	389
-0.048279623326417	0.154851045924658	389
-0.0833083903618707	0.280212436493101	389
0.00422953123355651	0.00966367157932428	389
0.0789499135191399	0.206741753798704	51
0.0743491608579979	0.21325238497491	51
0.00641565888776651	0.0167768329159855	51
0.0830232520379218	0.267486282928089	51
-0.0987993169364801	0.34101340221136	51
-0.0549862948751014	0.155242893096841	51
0.0268579193320965	0.0690696311574819	51
-0.027790859000472	0.0788214713809189	51
0.00491931897211218	0.0126949141248782	51
0.0340114807195266	0.090844380258507	51
-0.0968538704124233	0.278914523296779	51
0.0424755536600682	0.110386822023243	51
-0.115426176500633	0.267248195776442	51
0.0569821501242113	0.101699206405965	51
0.0198425365959711	0.0329154879170109	51
0.00187974560713309	0.00413341929773472	51
-0.0793119132293073	0.19572935323706	17
0.00362455982860812	0.00898475113606061	17
0.0565953924994046	0.128352442723048	17
-0.0059637610663025	0.0128490444382766	17
0.0105762980367629	0.0273753021088883	17
0.0300180521654782	0.0789904850317665	51
-0.110430010378435	0.310286506242994	51
-0.0317000767881101	0.0758146717127969	51
-0.0647319298280865	0.189798593113427	51
-0.0937989210571831	0.280520017989056	51
-0.0365815204961774	0.0979556219642118	51
-0.00507824191984169	0.0126192135469437	51
-0.00449822954572009	0.0106398070710501	51
-0.000722338831978711	0.00172501873158937	51
0.0138229584686675	0.0264916521102336	17
0.105292006512163	0.0752785613022193	51
-0.0571253328621835	0.0797965947123766	17
-0.0726398354369751	0.0951274932521453	17
0.0104092072261225	0.0143957058270199	17
0.00775162260549959	0.0109697797896448	17
-0.0222401565363591	0.025926941438032	17
-0.0537386424197323	0.0627300547870568	50
0.0920822132617494	0.154372069573832	50
-0.0748844871181804	0.12915107157313	50
0.0984653542655362	0.154532203369656	50
0.0865988777292467	0.105657800076087	50
0.0116128589118914	0.00867140346457332	50
0.104717328011645	0.074827651925663	50
0.0354722387013101	0.0355793023545138	50
0.0643919972021414	0.111488217152002	50
-0.0967414805454414	0.195955039359564	7
0.0762241460042003	0.129230245847392	7
-0.01723185619516	0.026504880517048	7
-0.0869127962488321	0.163097490107959	7
0.0860471327291252	0.140663989905558	15
0.0736173436512203	0.106249928397824	15
0.109995029947787	0.162006758837171	15
-0.109655901559377	0.164507446518196	7
0.0196898644818749	0.0270633771677362	79
-0.0279244091271111	0.037616894396714	7
0.00125360191734621	0.00162732869181248	7
0.00153934803988878	0.00199818342281578	79
-0.0789421464654781	0.107217879023351	7
0.109923843558365	0.161889288925868	79
0.051554369254517	0.072381968763368	79
-0.0784125586498165	0.106431475041428	7
0.0713169580238776	0.0831456429961412	7
-0.0579353388480592	0.081007627005458	325
0.124078512443734	0.203130519723613	26
0.0213366967756676	0.0218787475834375	26
-0.104245236761508	0.122069124666501	26
-0.0527751344211645	0.0714776426675532	26
-0.0619380478311604	0.0920379528005601	26
-0.05067792661381	0.0708256942796335	26
0.055852983413905	0.0660247738277717	26
0.0920378998796385	0.147550310028129	26
0.0262585014457938	0.0356745849356641	26
-0.0902712020055794	0.13907749935256	26
0.0389553180328912	0.052674405738182	120
-0.0830760048440253	0.116580179872622	120
-0.00614780055946194	0.00799109224214994	120
-0.0235780481778902	0.0318350766119961	120
-0.00510488972626149	0.00595360098219768	120
0.0181726831362251	0.0162366689434355	19
0.0821950331281391	0.0643226914926372	19
0.0725113671441622	0.0897864729950827	19
0.0290811465741724	0.0319933208489597	19
0.0353049777687099	0.045368389211159	1
-0.0239766361854173	0.0268395545915381	1
-0.0233397564434439	0.0261133274773448	1
-0.065347228585082	0.0914136358035781	1
0.122095242015823	0.144900112267522	1
-0.0898614169686786	0.145681258892672	1
0.120748319081298	0.194827366610864	1
-0.123297973916827	0.191267983047984	1
-0.00395830507055054	0.00562697059682416	1
-0.041779069156697	0.0427404122785545	1
-0.0922666890361865	0.0772126768014233	1
-0.107465430285492	0.0828664325137562	1
-0.0134018791706873	0.0130014462515125	1
0.0868467718403409	0.0996896008212427	1
-0.0775598098297169	0.0831019542061216	1
0.0680238867943849	0.0632856763475058	54
0.0634484550955353	0.464290988561066	51
0.108240091755121	0.923882225043825	51
0.0948188762008869	0.653235491090426	51
0.041346197071989	0.196766156561048	51
0.0123759287585446	0.0509827165090994	51
-0.0147670778595154	0.0552963756908529	51
0.120363872411354	0.583674451920651	51
0.00758798341426588	0.0250942606806109	51
0.0664506580833311	0.272571414909302	51
0.0774077026928129	0.333643791610008	51
0.0290164468030835	0.101298169094903	51
0.0235218701203166	0.0731282063552334	51
0.0867845325579422	0.353553042925052	51
0.0347036004976909	0.11097845397372	51
0.0790222597355644	0.288345218751005	51
-0.024942735874551	0.0742942344936172	51
0.0238788102807741	0.0669950160100575	51
-0.0467229374696608	0.146169654005042	51
0.01651819560896	0.0474588472884457	51
0.0929062158891498	0.290049043339492	51
0.0916013964653625	0.252261097134922	51
0.0206756841661476	0.0443184010805871	389
-0.115347577320269	0.271709531489739	389
-0.0161469079874375	0.0339077683419944	389
-0.0675982990118825	0.15316219770858	51
0.0608437225674736	0.196272634429469	51
-0.0463990189239229	0.139837256949086	51
0.0579448537569045	0.177805305530149	51
-0.0826146762655929	0.209341409753105	389
0.0805816194947323	0.248625034732231	51
-0.0460006214785718	0.128325457738296	389
-0.0646437513540632	0.188503292868684	389
-0.0561389659679419	0.140870200733789	389
-0.0762329192666177	0.219959440209221	389
-0.0465076805539947	0.112457259217967	389
0.0671620606695789	0.199645212338337	51
0.119172820934185	0.41903250127591	51
0.0906726013596319	0.278565555947275	51
-0.00666211775240776	0.0173165341277714	51
0.0204912907060405	0.0500382595570375	51
0.0325797315765907	0.0849983135582731	51
0.0559426974669731	0.130721679586844	51
-0.0113802287462855	0.0278714656701365	17
-0.0117999239991932	0.0282410846776359	17
-0.0642690708453245	0.146705669389709	17
0.124607946712172	0.395232846383421	51
-0.11842004183777	0.406850897081319	17
-0.0935020011259677	0.302253153318009	17
0.0605116944290222	0.177736766213505	51
0.055889477697993	0.138877501334311	51
0.021383313168792	0.0502469019936576	51
-0.0314540319888069	0.0813080131827496	51
-0.0239191242768103	0.0618050812719104	51
0.0294833095093444	0.0782098588207115	51
0.120197055754828	0.4023744741201	51
0.0313792836729854	0.0826010115376241	51
0.109936512828481	0.33343146071851	51
-0.0455964021554513	0.098670557972983	17
-0.0521855464437315	0.114670643728281	17
0.0330579376652216	0.0610546122385591	17
-0.0205210092245278	0.026717763647531	17
0.073110544869526	0.0905772288104776	17
-0.114949428316811	0.192488555101681	17
-0.124549324164158	0.198342875978697	17
0.0263764391917608	0.0257495024603696	50
-0.0936877956056814	0.148303178172541	50
-0.0497814966688542	0.069486646808779	50
0.0767918344734769	0.130325928623937	50
0.0103965243482968	0.0103683331758619	50
-0.0737179526732819	0.045989882715821	50
0.0497472037488195	0.0243012771391565	50
-0.0886671597653425	0.150249395511708	50
0.00978816415589018	0.0163761309704028	7
-0.0603838394061222	0.105376744723832	7
0.0960380734818333	0.185987070856771	7
0.0223113223184814	0.0373891287134479	7
-0.0852393941079065	0.15099058126211	7
0.031841388585632	0.0497915521027814	15
-0.0326388067373935	0.0396715676902954	7
-0.0740646895949387	0.0971641096298153	7
0.0735344041746717	0.110670585094826	79
0.10019386374459	0.135137823747125	7
-0.0903541453549297	0.126588083636963	7
0.0411987548843604	0.058267895030989	79
-0.0137054879601594	0.0125172010303616	26
-0.117213588119108	0.0712681209590314	26
0.031491255215197	0.018693743959601	26
0.0843193692493489	0.0570506366276657	26
-0.0942757617591532	0.0663908468738513	325
-0.116952062476495	0.0973269687395484	325
0.00767917749048052	0.00802323448542986	325
0.0903487846475063	0.131574529614462	26
0.0424864434167665	0.0459574078911558	32
0.120416723727666	0.183825331022	26
-0.0884534610615752	0.128327609698383	26
0.0147150960022586	0.0171034894085467	26
0.0794116487231855	0.106090447522025	26
0.0443827706942776	0.0610749787500172	26
0.00519782304991682	0.00751651087400878	26
0.0784897957422833	0.0991834823154542	26
-0.0164481614525754	0.0228433798267075	26
-0.0173364132588737	0.0247832396441373	120
-0.0682662885574978	0.101470040140444	120
-0.097461326593911	0.141634591408492	120
-0.049770955259271	0.0603981293274758	120
0.0533883489386912	0.0479768387516541	19
0.114329858667599	0.0969093056436457	19
-0.0504165701085458	0.0612098840272084	19
0.00754819002101735	0.00823287277425861	19
-0.113401395427059	0.127105899648813	1
-0.0155391490546034	0.0195814336960021	1
0.0894711689521231	0.130138613282361	1
-0.0536514217663562	0.0701197497579614	1
-0.0127119640797034	0.0148155133717682	1
0.061955657909048	0.0704972491811012	375
0.0722557749716719	0.0993893731890319	217
0.112852319201692	0.158529593433115	1
-0.097023803225845	0.149514610148754	1
0.0851983797436458	0.134000509098483	1
-0.0501539820992288	0.0700381961157103	1
0.0865046894212577	0.105555243973426	1
0.0684720124114539	0.0637152171765127	54
0.0696985590585227	0.525288706465117	51
0.0557548546048775	0.374900604457149	51
0.0636066362343309	0.409325463356101	51
0.0104837492040021	0.0509870240147886	51
0.0719188065672917	0.394722089530679	51
0.0672944557069522	0.300565310912249	51
-0.0692726350983662	0.307746237728651	51
0.106983894802993	0.547419128687702	51
0.0735894453908039	0.346829790088222	51
0.0273440174145271	0.103430251188945	51
0.093917780907947	0.402519507483241	51
-0.0825391884519687	0.349064413534662	51
0.0116819905461945	0.0360011196387363	51
0.0238730531156798	0.076719280680557	51
-0.0122808700997946	0.0340893088862179	51
0.0481021815308604	0.145242512211226	51
-0.0667399487707886	0.155334212499549	51
0.114845305048316	0.421831135713457	51
0.0623951941380102	0.190462721422067	51
-0.0355953126638734	0.113947184399243	389
-0.0439346750377163	0.144630874328499	389
-0.108507480158007	0.352917341554105	389
-0.0844979790770266	0.241108974957771	389
-0.0236234430633566	0.0532498770042034	389
0.0998506930485746	0.33155404626929	51
0.0877817999301483	0.289639532536234	51
0.027632274909194	0.0789636262129947	51
0.00751862922795962	0.0166988144026808	51
-0.0551096811065809	0.154140239001542	51
-0.0310834058493352	0.0914250036038936	51
0.115681074222863	0.421423587771567	51
0.0117424578036028	0.0298699927498171	51
0.0174327293603463	0.043857587282598	51
0.0826642782543023	0.249989846377124	51
0.0109674306188309	0.027080932092222	51
-0.0104514391065204	0.0160009405216745	51
0.107854809615184	0.284191555415579	51
-0.0955310182825975	0.293205772569592	17
-0.00349416507871035	0.00725033106817432	17
0.0943862544251321	0.28757718623335	51
-0.0439356272489869	0.130228522850261	17
0.122534096675341	0.370899117769634	51
-0.105544151385483	0.310475892347394	51
-0.0719049773827758	0.217030572144068	51
-0.0309780375675766	0.0852253293401187	17
0.115347703315308	0.366827778089374	51
-0.00245160469821415	0.00448884523507683	17
-0.0785172030597155	0.184254684269474	17
0.0471333491061526	0.0962573263159647	51
-0.0543295268905693	0.0424477992740226	51
0.0442948313487954	0.0422192696410401	51
0.110560468565544	0.154881319752143	51
-0.0390143361922714	0.0605316570002223	17
-0.0762487553935611	0.117175984653394	17
0.0305354587154025	0.0321180404232693	50
0.0916199632622338	0.152248773173	50
0.0848349642940322	0.121305978495456	50
0.0342535735972337	0.0581595336296965	50
-0.0790050901792584	0.0613334011404001	50
-0.0483519139669744	0.0788127133187756	50
0.0904492548146526	0.177133323528098	7
-0.0719715893866979	0.138772599792601	7
-0.00768573046391325	0.0122785738655259	242
-0.086071588479196	0.135921579028369	7
-0.0571128107003321	0.0937697754808896	7
-0.0418242642510848	0.0724201599467717	7
0.0916334183054574	0.127334019586282	79
0.0924180861174222	0.134917771997165	79
-0.0704059168767801	0.0788913657986709	79
-0.102252001287142	0.143918669406433	7
-0.0486647789313987	0.0678183901419435	7
0.0981772436926354	0.154015075965567	79
-0.0707906273921453	0.0961693774005628	7
0.118563784340237	0.127964889263852	26
0.0197398276083023	0.0176509290984373	26
-0.0370131526179312	0.0396841877363085	325
-0.0877278654922659	0.134655509055919	325
0.056536759117677	0.0555866920920323	26
-0.0541086550841027	0.0552052195657847	32
0.0389462993284839	0.0586139667960536	26
0.124328535030454	0.203604089408922	26
-0.0271788477053806	0.0365726024335751	26
0.0612575714183986	0.0924944975570269	7
-0.014679172594624	0.0197474612907303	7
0.0964017202466206	0.136354996459306	26
0.106496930685973	0.146542551146245	26
-0.111135086861018	0.181129583313463	120
-0.0265286298772802	0.0399243832796976	120
0.0412158637643241	0.0582888374016771	120
0.0368592008668997	0.0585190451192941	120
-0.0926686383129925	0.146444841181184	120
-0.0275726235188891	0.0425798375179002	120
-0.0790630098000733	0.133929747239886	120
-0.120325048622454	0.185860357979455	120
0.00587446744709198	0.00613514554826583	120
-0.103092499373202	0.092354256811625	151
-0.0543472048797148	0.0554612714075489	19
-0.0671390849398356	0.0682468064952909	1
0.0902086184256349	0.13134468758463	1
-0.115821568992646	0.152177544174254	1
0.0943667945658747	0.0854203541961817	375
0.0550404213436567	0.0897912287707121	1
-0.0211211678980609	0.0301490340443568	1
0.0331943345017185	0.0491235991717376	1
-0.120707654096855	0.197640223269851	1
0.083920366018568	0.14152894392601	28
-0.0109277934010174	0.00864130520332424	1
0.0656547973252492	0.0552532674287051	1
-0.0409935400998621	0.049798002159727	1
-0.0990262588122248	0.138705504458782	1
-0.0412079719467692	0.0397419612416322	54
0.0803853207843574	0.101803906870046	54
0.0442271441299822	0.0421479320003436	54
0.0814489242206325	0.06369722752742	54
0.0790741499282287	0.623113443215105	51
0.100059749795677	0.85055324552909	51
0.086889767793141	0.6720866882125	51
0.00993823969171445	0.0479294230179734	51
0.0769620534103011	0.404112398719645	51
0.0564669534276717	0.264245446190434	51
0.0370245437261768	0.168863500650362	51
0.104285943902872	0.553141431751025	51
0.0282271837298523	0.100685559040601	51
-0.0739856060359156	0.313302970675061	51
0.108922717108284	0.466725182139501	51
-0.0261664455192411	0.0856700406479556	51
0.0442666077278659	0.146626528818149	51
0.0724164507293375	0.245202662153109	51
0.1090999969228	0.388846170882433	51
-0.0518494890148525	0.163571850202142	51
0.0288475354958886	0.089227897188255	51
-0.0762600756234531	0.180726077720643	389
0.0740380654353292	0.135784325380256	389
0.104535897013297	0.285687868307354	389
-0.0941126793772685	0.222970240830485	389
0.102748358334987	0.241998064984878	51
-0.0561022060868988	0.133858863536704	389
-0.081831917141652	0.208927888829616	389
0.021796013384497	0.0636882155092897	51
-0.10170031996745	0.349777885062699	389
-0.0213949472903638	0.0564781876192575	51
0.0450375395093251	0.13488917790567	51
-0.112097597311589	0.448461600189731	389
-0.108964489680447	0.310144748658822	389
-0.0477589407658798	0.121647313057441	389
-0.0145973613855482	0.0365172323533808	51
-0.00768523199043953	0.0211367769330189	51
-0.0610994138457484	0.161168309011687	51
0.107733626217708	0.356140758782089	51
0.0277174267152017	0.0806811831630347	51
-0.0187466273164083	0.0528859195872372	51
0.00799920356171241	0.0194073508514864	51
0.0101036739324179	0.0240556799517172	51
-0.0516705853835342	0.0784749838086848	51
0.0382798041575529	0.0825759341459534	51
0.00511807118475268	0.0114952159852324	51
-0.0240571029937842	0.066181286932816	51
0.123494366616781	0.325664204592404	51
0.0799742180851311	0.177934407442367	51
0.0196309650362094	0.0539124915252768	17
-0.0950736120665583	0.339523040249631	17
-0.0524923085082152	0.130458052956924	51
0.0443464167930447	0.101145521400067	51
0.0129065209823952	0.0309300653413678	51
0.0702535007894663	0.214291276749649	51
0.0685491890009222	0.227441786336357	51
-0.0439329991740822	0.128142647111533	17
-0.0603651413558206	0.181752037204918	17
0.0335184352585891	0.0959315302821693	17
-0.0544250090432949	0.140174436367586	17
-0.016797438394123	0.030641461529485	17
-0.062991040836994	0.140473341336566	17
-0.0728022011998985	0.140590848972369	17
0.0305869727807	0.0590351249900045	51
0.0257654393010241	0.0251439496432805	51
-0.0491488576931723	0.0526594368467262	51
-0.0401430795830709	0.0487137617452571	51
0.0663683728113145	0.0938653556961696	51
-0.116447159385946	0.234608528065542	17
-0.111131123964545	0.167026000447139	17
-0.0843809591318787	0.094632357433273	17
-0.0872226270972101	0.157595721553514	17
-0.0177073746761954	0.024623893662183	50
-0.107094362782547	0.0825666339812582	196
0.0608903610864727	0.0387312894723091	50
-0.0111408110136967	0.00881062616291739	50
0.0930802402758214	0.0841539259908553	50
0.0895758744550199	0.183334413815591	50
0.12206491854297	0.274739236682553	7
-0.0282749278444909	0.0504600437425816	7
-0.102572842078831	0.215809962983783	7
-0.067103411609408	0.126472226020442	7
0.0369452040208553	0.0586607983953071	242
-0.0143104783649661	0.0233406610146252	242
0.113801573009671	0.205124946173055	242
-0.04524033546182	0.0685722964204529	79
0.123321156008868	0.191033993045979	79
-0.0725220593142056	0.0949463356281665	79
0.0967406757586878	0.106456966714384	79
0.0113806416015945	0.0157595430770403	79
-0.0723694101342419	0.0880277984003866	7
0.119327012455539	0.171029393060398	7
0.106287736391487	0.0760298661032661	26
-0.0144637737723456	0.0161984602552355	26
-0.0682544203007247	0.0694720040081221	26
0.0566462406074364	0.0556947202406621	26
0.111729182835781	0.156748997894939	26
0.0439490488491015	0.0604562809978254	26
0.0419633518480177	0.0502714684041768	26
0.0305680412019158	0.0371536013641457	26
-0.0269110571117253	0.042483206585098	120
-0.0478000418566088	0.0746512807727996	120
0.0726222971070561	0.109165904800377	120
-0.104290268358719	0.169804252446091	120
0.000647599127751829	0.000802945302412345	120
0.077006899771215	0.122139841958418	120
-0.100613824261968	0.183249390860414	120
0.100371676837296	0.157897762461919	120
-0.0458871666735705	0.0513922175948116	1
-0.0302556544573575	0.0434320347459455	1
-0.107126960400146	0.199196802097674	1
-0.100415620314069	0.185962538178742	1
0.102332546047316	0.154655192468104	1
0.0814210557163707	0.0636857260743224	375
-0.124342755525452	0.157448444710028	1
-0.0153757145160478	0.014934497786136	217
-0.117658669742319	0.0979774823651982	1
-0.111422830043397	0.203586270437406	1
-0.0892991116388988	0.144617334471648	1
0.0323396212422568	0.0340816172446001	28
-0.0541086550841027	0.0552052195657847	28
-0.0615261100523468	0.0555021579156402	28
-0.0793636569163986	0.0616332963392852	28
0.081285711343853	0.0710510608511556	54
0.0493240114596003	0.0399668667054586	54
0.0946041984919413	0.802935608656482	51
0.0671700530185943	0.481398842930516	51
0.0552755722277707	0.34113692590242	51
0.0949590348411422	0.569451439036325	51
-0.00244357369589858	0.00970267175439034	51
-0.00409903466249104	0.0158764677097635	51
-0.0881297408082813	0.477096024638188	51
0.094953603249945	0.421964334833213	51
0.0747347847545248	0.28302479257072	51
-0.0978824701847559	0.381541181440397	51
-0.119070540868603	0.452128609948923	51
-0.0521905496719242	0.153230680674048	51
-0.0034187545793031	0.00814259347574039	51
0.0971067054626118	0.273627640029694	51
-0.0334559009285799	0.0792071795804153	389
0.0222971627337706	0.0475488862618078	51
-0.0653123621896643	0.16434163189332	389
-0.0523167281837418	0.136815288920048	51
0.0605045836026461	0.1871896330786	51
0.109929727324351	0.365270246663105	51
-0.00401453223563758	0.00934747807358362	51
-0.0247207570748668	0.0722600634660554	389
0.0924121591809101	0.3001079007981	389
-0.0389235782189702	0.101852819122868	389
-0.101145698264065	0.298708097574111	389
0.00445426555111524	0.0105078020136795	389
0.0898576089045609	0.28205213363094	51
0.0743096374435408	0.227954251173101	51
-0.121483361047014	0.416486829945531	51
0.0737354222743029	0.217725119981621	51
-0.0425277702345556	0.117188921907654	51
-0.0753440114549799	0.240525904201002	51
-0.0914677808641454	0.304098982390741	51
0.107452473347584	0.353789124560123	51
0.0433517160973895	0.124909149213345	51
0.0852796556551272	0.26982916792032	51
-0.0208754908417541	0.0515303171766832	51
0.0135790722581429	0.0283177643591889	51
-0.101378229943124	0.242624270404455	17
0.0710132145724012	0.227939989179736	51
-0.00261381173693336	0.00578940891725671	51
0.122420806007312	0.431606743018642	51
0.01836160232084	0.0481374494871588	51
-0.0414922115893143	0.107402737792171	51
-0.025053752519852	0.0641090501568917	51
-0.0305553140712029	0.0756357251619475	51
0.0380756341972973	0.0993108976843418	17
-0.0135579367640248	0.0327964908282085	17
0.0056113093281553	0.0128159653233934	17
-0.0871430202371123	0.20542470509762	17
-0.0230692582552515	0.0364071472517152	17
0.0293913620221027	0.0536298730949195	51
-0.0288854941455202	0.0245101673834271	51
-0.0134466627013749	0.0122791973065895	51
-0.0841275565840035	0.102432654972603	51
-0.0098023432051304	0.0131941335058682	51
0.109290071100083	0.170186151785225	50
-0.116855567894361	0.196215366013652	17
-0.120963059317448	0.230578274829336	17
0.108202592439393	0.183842411098778	50
-0.00767588439203979	0.0106118971055105	50
0.0920669016164459	0.16987563531823	50
0.101815908931814	0.176031139858238	50
-0.0488089365472135	0.0723474434656684	50
-0.0774836748910513	0.0978489946885573	50
-0.114287330656558	0.128244343032563	7
-0.0434725420663005	0.0606976052072996	7
-0.0464004677012574	0.086568509183804	7
-0.05888966237202	0.119606082114724	7
0.0665272537680066	0.128672861822405	242
0.116703808375052	0.243100520855679	242
0.0894039981078078	0.1737516733285	242
-0.0674844839777319	0.12291017900091	242
-0.105394972506371	0.199982934478717	7
0.116210098820605	0.1659572342632	79
0.0209499754458473	0.0307272402566061	79
0.0992601281290955	0.155926079267725	79
0.0528341588582867	0.0773951492761199	79
-0.0289366492674135	0.0377412332827093	7
0.000595417527088479	0.000773277938727799	79
0.123488501195296	0.191327900726701	7
-0.0211083776192521	0.0255780698959289	7
0.0511332932727342	0.0627404295113663	7
0.0941864738756368	0.110619064251932	7
-0.049215740782557	0.0527325478993523	7
0.0666317661262249	0.0561386408691827	26
-0.0939345548238735	0.123349181986892	32
-0.0377523154152418	0.0493335949527187	32
-0.0124991616893773	0.0162465676968259	26
0.0656033904050759	0.096692705726554	7
0.0317379327764074	0.0420607384309113	26
0.0734493535238982	0.101196098926021	26
0.0144733899747492	0.0203158865700092	7
-0.00131734123608073	0.00170664170069338	26
-0.0166839997799953	0.0244569397800661	26
-0.114065476452731	0.186677196870489	120
0.0138599162651548	0.0181543493340145	120
-0.118660533174665	0.189260275726687	120
-0.100388291352562	0.159022401361043	120
0.0607862627309411	0.0917038487992646	120
-0.0619897205077759	0.0809918220596996	120
0.0816966900742357	0.126730902944858	120
-0.0991056659936201	0.100268871433776	151
0.0353855695068663	0.0415069385676677	479
0.0526238036643707	0.0681740601006576	479
0.0500506567034705	0.0757956940540409	1
-0.0294609765055281	0.0434165176267776	1
-0.0329109088727153	0.0384078401599937	375
-0.041755619850011	0.042714823490839	375
0.0544822406522699	0.088803486156751	1
-0.110041381924798	0.165171286672416	28
0.0745998750856638	0.112401632527077	28
-0.102229745209962	0.0915235338904499	28
0.0312798474413122	0.0329307986569875	28
-0.0838213944031821	0.0939411742506501	1
0.0954428241598998	0.112212826802682	1
-0.0393561220837046	0.0401748051475482	54
0.073039409799994	0.560523038795236	51
0.070375953881758	0.515434289900572	51
0.0681804385492098	0.414128482900202	51
0.0496291102792031	0.253208893959476	51
0.0529665983593838	0.265271784424539	51
0.0792626387460946	0.430963455694373	51
0.0437690913518257	0.192865147380575	51
0.0580386562759193	0.246377617644021	51
0.0630541122377377	0.266757152844619	51
-0.0841484363037025	0.351987814988135	51
0.102980442129088	0.440685968701626	51
0.00122381024504732	0.00371437547366891	51
0.0323069221368981	0.100104020606736	51
-0.0199866218011795	0.0599501892395047	51
-0.0948635635872501	0.366562869032445	51
-0.0810548318584326	0.265537405207766	51
-0.114262900334528	0.301410749102952	389
-0.0602102993031569	0.160126769250862	389
-0.0444807664785555	0.110385582688856	389
0.0239679450215496	0.051951993842573	51
0.119780758707801	0.35222236495401	51
-0.0627533111183644	0.160175034313698	51
-0.0855372109700915	0.212194715574755	51
-0.0961275598100769	0.279407130054976	51
0.101839757723176	0.356065251635561	51
0.0661142725153843	0.206517351461701	51
-0.00391725053623377	0.0104514670319294	51
0.114701695207211	0.421892860534008	51
-0.0102768133752139	0.0288594780406711	389
-0.0289265719974836	0.0759847338207317	389
0.0364312323339158	0.0999531162634207	51
0.0502746636870702	0.148071874229759	51
-0.04537997074032	0.132702797393032	51
0.0675834227622118	0.211817770288428	51
0.0298511909584822	0.0846224040867397	51
0.123999323053043	0.429386569172068	51
0.0942815406460829	0.277562792883368	51
0.0399855144920407	0.108953562563195	51
0.10947806132984	0.294627237318498	51
0.0280396218169757	0.0486782340994957	51
0.0366762842067154	0.0625368662169108	51
0.078264070586996	0.197169637291395	51
0.0916492196604977	0.2308850701882	51
0.028368502352833	0.0658468668674673	51
0.104207756226221	0.348209104202249	51
-0.0516501643793673	0.132005064962759	51
0.0560305151625927	0.149888837290744	51
0.0496783349449642	0.132530431737694	51
0.0335194308848356	0.085007525582783	51
-0.0433928972913308	0.114285456520976	51
0.084777167718695	0.251223408230754	51
0.0371069901489727	0.0925462268494395	17
0.0136831436825345	0.0312595431559497	17
-0.120392418536437	0.315438334103712	17
-0.112863500081219	0.289364399120037	17
-0.0821767152550722	0.144841567315046	17
0.0710849829484538	0.146024582958095	51
-0.0998480151780016	0.136099039446922	51
-0.0502009206659053	0.0609471536480684	51
-0.00270756010566986	0.00448164733137588	51
0.0904087949604546	0.149972739319051	17
-0.0129801040934064	0.0163159226321649	17
0.00228856096985267	0.0031886369238946	17
0.0752672912219046	0.119064449745817	17
0.0622602724027386	0.0976434458095286	17
-0.10536925632446	0.183879573336712	50
0.0603085349657237	0.0383598889079069	50
0.0440062811899339	0.041933445059294	50
-0.117921688735023	0.119135597500286	50
-0.0589677130046135	0.0745635667470171	7
0.0311575168192359	0.0471576392292774	7
0.0735129113697975	0.130939698473571	7
-0.0628882057722169	0.111926296443103	7
-0.0305511363165722	0.0514175034896168	7
-0.0570466356246748	0.103249360453336	7
0.00363656527311818	0.00572186067117804	7
0.0366381851464846	0.0641196616547345	242
-0.0706203890586428	0.113835898219503	7
-0.0886204769795226	0.13621433863774	7
0.0279680656978593	0.0431441453815585	79
-0.0513527527350305	0.0718370963239873	79
0.0985402754940299	0.139770162331995	79
-0.0847426811751438	0.126595289665818	79
-0.0514155821349	0.0694970214491407	79
0.0445924458335704	0.0613956785614688	79
-0.02867046571029	0.0386576893304377	79
0.0156596678251995	0.0211882936395152	7
-0.121287647119189	0.198751502185463	7
-0.0460104343885536	0.0601610841668825	7
0.0902776265479748	0.13145131648553	7
-0.057667657696249	0.0901205071679468	7
-0.108640233783276	0.162745762510994	7
-0.124286367576871	0.132523561248285	7
0.0766699681429809	0.0798116060564156	26
0.00424432884390399	0.00500340306173538	26
-0.0207049377004661	0.02785297616088	26
0.00595891509256652	0.00788808559579091	26
0.0229789667736849	0.0307734440133493	7
0.0224724104579383	0.0267084648023457	7
0.0846594329303656	0.121013227307504	26
0.0624655354575233	0.0979968029001053	26
0.0187830064220626	0.0231015986537334	26
0.0314074547433125	0.0502063993567847	26
0.0619074893297033	0.100321766922339	257
-0.0605442095446981	0.0897758218544702	120
0.0666382196885789	0.0899713662375926	120
0.0801806539431333	0.0700254376348038	151
0.0137302251476835	0.0129990783275559	151
0.1005845118744	0.128228659904771	1
0.0137936760177431	0.016648039814989	1
-0.0290098080402079	0.0365020914551917	1
0.0921237784661557	0.128097734702074	1
-0.0894702500522929	0.129972098517623	1
0.0560229563917063	0.0799397614580489	1
0.0865159336259712	0.105561707275183	375
-0.124710323174818	0.157987891310447	1
0.0201962126737385	0.0277770518538928	1
0.0890131272810663	0.129379401244895	28
0.0510310596618879	0.071596040675254	28
0.0573664483239321	0.0564416456903516	28
0.0967406757586878	0.106456966714384	28
-0.00227343413057275	0.00233212043193333	1
0.0179907457941709	0.0192834792716432	1
0.0689004705799691	0.518201521262834	51
0.0217539387601664	0.123985854841844	51
0.0712147891797238	0.511858372197279	51
0.0521933867964457	0.314931127334763	51
0.012145068341259	0.0547988301590603	51
0.00243779023300734	0.00948615091591211	51
0.0532920418366892	0.246324332834188	51
-0.00224197330881416	0.0084546293978778	51
0.0412102740503161	0.161638410686217	51
-0.0529527537197445	0.2119545880379	51
0.0819300037977192	0.337902627500756	51
0.0125620951055714	0.041797281962433	51
0.0968226279343008	0.403936372244836	51
0.0864868071502421	0.325493664763529	51
-0.0948805431085948	0.360788228813869	51
-0.121411848817441	0.446540860512988	389
-0.0637384924168687	0.193734439250542	389
0.0422516097721513	0.124113139678727	51
0.105290233476005	0.344442469882748	51
0.0998202578420294	0.323760434811997	51
-0.110691067054065	0.364055976188659	51
-0.0134217812799235	0.0367178315650053	51
0.00572659014508125	0.014116084528369	51
-0.00463661274745988	0.0126372624081757	51
-0.0110123003750297	0.0305565127551067	51
-0.0574560866588636	0.169002815539916	389
0.06058668397983	0.185104840703695	389
0.11749508658924	0.445384798479687	51
0.0871528820304984	0.29864044475814	51
0.00725994821026001	0.0192528716437424	51
0.0847154129752414	0.277947947513197	51
0.099277423443938	0.367231640177944	51
-0.0284763406163056	0.0802832491261894	51
-0.0669342842376099	0.196928807447209	51
-0.0962211652261799	0.348345685165607	51
-0.0132754058970638	0.0357417329867126	51
0.0742293443168377	0.224510464420811	51
-0.0267846759955004	0.0673718545615481	51
-0.119977770239393	0.354147616642022	51
-0.092740654815947	0.231677883876408	51
0.0766950778953681	0.191009611183576	51
-0.0271334839937414	0.0705589757764035	51
0.105664719228262	0.359119146061041	51
-0.0491700872765884	0.142203790604706	17
-0.0904206318954995	0.233460713507112	17
-0.108894647612005	0.285279348637425	17
0.0460831173663656	0.121159582147307	51
0.00869591704213015	0.0164223802622349	51
0.112294881708124	0.268971692857161	51
0.0591458856875646	0.131110538798951	51
-0.124555850820389	0.260707111693874	17
0.00163781940086241	0.00368822994672335	17
-0.0709170661016887	0.20174549216997	17
-0.0789310396710064	0.170208389503762	17
0.105120050261289	0.176285598780725	51
-0.0675541533905576	0.085346683717934	51
-0.117649407013487	0.0715465805440754	51
0.0306507544583355	0.0372582521399942	51
0.0982580798382517	0.178899323078558	51
-0.0616110021760934	0.11173573145926	17
0.00648274472879308	0.00858507644904327	17
-0.0531649877851619	0.0720280826713929	17
-0.0805354594527192	0.139200408837877	17
-0.0645969154423883	0.084688878777988	17
-0.118045475749758	0.17716631511163	17
-0.00823057609953248	0.0110604823637265	50
-0.0150343752969954	0.0202311847278899	50
0.0193135122611019	0.0172658751494637	50
0.0603035939670201	0.0836913027793186	50
-0.046643766013007	0.0727257213094037	7
-0.11240701941887	0.196696435706575	7
0.0776332985307312	0.118633506769662	79
0.108398743062916	0.141381285780259	242
-0.0553730469513838	0.0725206767527035	7
0.0873849354317043	0.11308422416339	79
0.020523098253091	0.0252896220696801	79
-0.112419450309201	0.205723063265917	79
0.0818346226246724	0.131839013405521	79
0.0297946093529118	0.0328021155932557	79
0.0378754457910787	0.0426804754886672	79
0.0848001070336567	0.12126119766609	79
-0.0332573618586921	0.0539077159308082	7
-0.110112905419893	0.179166925452789	7
-0.0713545295898842	0.106518309357741	7
-0.015236139032976	0.0205095195701614	7
0.0564585340466986	0.0838993474427769	7
0.113157992767756	0.169258982356995	7
0.0227068008983406	0.0269939714868279	7
-0.00559194975065004	0.00702457811786129	7
-0.0130468178832304	0.0164012482186264	7
-0.0785015860721907	0.0992801953932573	7
-0.0436105861157793	0.0394802308500125	7
0.0393448505440221	0.0489371499583276	26
-0.0604931668447694	0.081936016824354	26
0.00551612973775085	0.00798056426209229	32
-0.0480712390185564	0.0731751466750642	32
-0.11265159663225	0.19725014113349	32
0.0942573345276174	0.124596499496283	26
0.0777902638923863	0.0745743096917766	26
-0.123428824215195	0.174272838213345	7
0.0228683299604917	0.0327637596487894	26
0.00410436523831811	0.00557837893787435	7
0.10330740173401	0.124362556401861	7
-0.079603385942619	0.11526281043227	7
-0.117868292503123	0.1768209830503	7
0.0883832627844121	0.134152501826856	26
-0.116004441775723	0.168940609116665	120
-0.108990248933344	0.116567612314012	120
-0.0554250248969774	0.0907689736227121	257
0.109334303776066	0.142727924232695	120
0.0111975505758457	0.0111707867352441	120
-0.0685058798093596	0.0697464751005037	120
0.122852886901952	0.20077731091626	120
0.103166782163727	0.172525000154278	120
0.0459750287009405	0.0583694690886811	120
-0.0439862603966135	0.0513917586849452	151
-0.0138184187160296	0.0173858582331667	1
0.0630758092503597	0.0878720791053058	1
-0.0365282977310504	0.04765884173187	1
0.119294201925312	0.181872720261897	479
0.0513004070428757	0.07200290244863	479
-0.0507066105009862	0.0731531089131788	375
0.0453702704496006	0.0625296976887945	375
-0.0886234336448066	0.12051269191999	375
0.0388137784557381	0.0482490737573459	1
0.0310738971100407	0.0442128021798415	1
0.0687878257214869	0.0976005947120346	1
0.0202473613741943	0.0249463632828347	1
-0.0258713255896647	0.0277568018969976	1
0.0973641891010106	0.152538225681678	1
0.0611891030151043	0.0695700523499987	28
-0.109854903349231	0.104623093627529	28
-0.0051951933682657	0.00629572346457378	28
0.0250949714340557	0.0287093152737917	28
0.0160074644229043	0.017880218211756	28
0.108184273407762	0.141048699899203	28
-0.0132872155457447	0.0154910046551054	1
-0.0956420619248087	0.125809689647346	1
-0.0637521746225873	0.057601867743798	1
0.0775286226602535	0.609779546859269	51
0.108036474280805	0.953941283500652	51
0.0483560468896973	0.294006351458455	51
0.049287598988606	0.271885846539937	51
0.0823681177762633	0.456948779304522	51
0.121599922000376	0.728118890067812	51
0.0713838896902166	0.360533440160102	51
0.024674176038463	0.0880295195600314	51
0.0560486193613226	0.209846280398282	51
0.118524996664472	0.537140599887412	51
-0.0827581320923788	0.329697645084358	51
0.0737345916499053	0.260180321829692	51
-0.102627334265922	0.339257218502563	389
-0.0803468586897264	0.255307839474541	389
-0.0444503935806162	0.128943156651646	389
0.0215828263178646	0.056356061748866	51
-0.107699552916958	0.358769530260371	51
0.0441791510563939	0.130413726178075	51
-0.0286142484239142	0.0737514455394014	51
0.00150197051785226	0.00402942220572894	51
-0.0849054478874188	0.270779392231669	51
-0.0622508434030008	0.168715138026553	51
0.0290680258189272	0.0724997172616091	51
0.027360339052079	0.0765120320938019	51
0.0548509671189518	0.167220334375774	51
0.099601911365001	0.335709896706322	51
-0.0441580641718435	0.122830910934319	389
0.104982661664925	0.33855067219029	389
-0.0304364546995615	0.0880231323226631	389
0.0545809758218076	0.17428164013646	51
-0.0156589948601974	0.0438613204198071	51
0.0755467011974488	0.265956955976299	51
-0.0440910374818848	0.130581175058161	51
0.00108873560032108	0.00294227415965376	51
0.0326472671237353	0.0907512676116921	51
0.0663233441453998	0.209850614200016	51
-0.00499569672979684	0.012253001657507	51
-0.0301587433411464	0.0767960688065185	51
0.114961291213424	0.352676187401942	51
0.0487916611926833	0.13064446164004	51
0.108044308600366	0.303808841196276	51
-0.0714840999423202	0.180388002533161	51
-0.0232209517667811	0.0580109819221679	51
0.114955693378963	0.273585946555639	51
0.0953352264980165	0.234092854819339	51
0.0555346138626648	0.127943923644389	51
-0.0468579887011988	0.112074117524556	51
0.0338838854627175	0.0836154719973973	51
0.10283365464189	0.336838324565851	51
0.0955034272677606	0.249032825413382	51
0.110955867395534	0.265131129202945	51
0.0871188872072391	0.167589599788533	51
0.122149330423768	0.26003595779617	17
-0.0499825516472436	0.121032246768025	17
-0.0236820989491196	0.0550434741156085	17
-0.0291796402779542	0.036723158842795	51
-0.0683206026966063	0.124611019185676	51
-0.0180194852984872	0.0264634204252648	17
0.117026059502947	0.222158556060616	51
-0.0203237411792273	0.0255428159174659	17
0.102486092916808	0.130910616048526	50
0.0630050575383781	0.120398954499166	7
-0.0540622539773026	0.0846374699243819	7
0.0618886882653933	0.0820544279370686	7
-0.0914463856631664	0.14859912722106	7
-0.0987384132556772	0.168678792553996	7
-0.0853183508503065	0.12005802968204	7
-0.0691439604617222	0.0937431210044901	7
0.0853625451601624	0.116292551062112	79
-0.0839227168367037	0.142256384489441	79
-0.0588792703097836	0.0824458008242873	79
-0.0854640184514976	0.0959579671943125	79
-0.111489775005419	0.141035460956318	79
0.0097891036143506	0.0126147096075367	7
0.0177787138199309	0.0226351867276376	7
-0.0284479714171502	0.0383498674937705	7
-0.118370888793981	0.18876221614046	7
0.0486018798782402	0.0728294417233074	7
-0.0340622987730007	0.0397964933461358	7
0.0868150061680844	0.105968413921141	7
0.0374458027787203	0.0376350621463062	7
0.0817107238731732	0.116303795157072	26
-0.0475164761253195	0.0599186915238367	26
0.0562431745043542	0.0835590094110565	26
-0.124100328610913	0.208749284889179	32
-0.0285671038421858	0.0385165520070601	26
0.0273738370781054	0.0344213559311872	26
-0.0678350289581707	0.0952049802956411	7
-0.0206195609906764	0.0259255372051525	7
0.0251893325687446	0.0374832086041178	7
-0.0173796671878412	0.0267366534573252	26
-0.0344099307766682	0.0385215442199116	120
0.0249071875349446	0.0323523624985309	120
0.0141378741360039	0.0164223783336566	120
0.108802134998276	0.160023476016525	120
-0.105280243549467	0.123435943780101	120
0.00410842775076956	0.00502039698322095	120
-0.0778987414624408	0.122552922362043	120
-0.00446360790435	0.00499410868733394	120
-0.108041100618364	0.147002112073742	120
-0.0483071663736016	0.0715441978638104	1
0.00623066390949355	0.00679196036985837	1
0.0982582413948872	0.146047816042316	479
-0.00298082290510634	0.00289573864718063	1
0.0920313687368655	0.134278910799418	375
0.0215414029904119	0.0265761169578649	1
-0.100762187319523	0.141507393504782	1
0.109999026006398	0.13528465734999	28
-0.0519719123520363	0.0703173066464442	1
0.0533653350910171	0.069207174555124	28
0.0786647011510191	0.0754981363405874	1
-0.0304496884429526	0.0239257108233974	1
0.0732923683210445	0.563416873597602	51
0.0780501950488526	0.599866038123187	51
0.0397341799080596	0.236429803366396	51
0.0980002575294078	0.686618494880323	51
0.0567923699572228	0.309667913065641	51
0.0581787911747171	0.30477536781493	51
0.0714069898191083	0.337252929528788	51
0.110230580188629	0.546934168980494	51
0.0436928079783029	0.168116615935884	51
0.095562681977495	0.42794601493068	51
-0.119267557577565	0.560712978992313	51
-0.0442366917838535	0.145725592326632	51
0.0753942253035128	0.255891083636134	51
0.00228726233534759	0.0065790284172779	51
0.120520199944726	0.461728044753465	51
0.0589302753521959	0.186865864914961	389
-0.0704233358024051	0.226756677815743	389
-0.0878663833401953	0.285370469185319	389
0.107096887593077	0.364357313717423	51
-0.0859669754746398	0.25816858762263	51
-0.0551243967588374	0.167147965969686	51
0.118349675823922	0.430667570059683	51
0.110792639293909	0.352234145130678	51
0.00916989223927011	0.0231630421559132	51
0.00684228862043058	0.0186656303743843	51
-0.0220300230561659	0.0634616607728197	51
-0.0722038281635914	0.213154721660832	389
0.0134200191609761	0.0350055198184178	389
-0.0503843495593103	0.159392255783561	389
0.0702588192328845	0.231386182399895	51
0.0910927823306891	0.321913006548615	51
0.0250136095381042	0.0736137933415643	51
-0.0472470318213364	0.140246304337533	51
-0.11780990954733	0.442905052066993	51
0.0341069191428127	0.0989577115295743	51
0.0503371898224428	0.144433682464362	51
0.0352304331713679	0.10608536135275	51
0.0425266841217075	0.123450774863609	51
0.0893424976008543	0.286813755585232	51
-0.112320649841947	0.334860270834029	51
-0.0285504235332597	0.0723985734254433	51
-0.0989264237617452	0.242986362948158	51
-0.020525032088459	0.0439213481459553	51
0.0847181339785992	0.229983464298913	51
0.118398516468802	0.312327815282521	51
0.0384813237359153	0.0930617822568578	51
-0.0726835782398004	0.208210694241421	51
-0.00134196015363647	0.00339133722098172	51
0.0625227800369211	0.18286026716157	51
-0.123729841836091	0.309175510297217	17
-0.00111587857031902	0.00249371988561697	51
0.0857079409098387	0.25228566079225	51
-0.0857685462582965	0.242957230477888	51
-0.0474739342183552	0.101227634425876	51
-0.0660099565577945	0.154912147145733	51
0.0519348979930419	0.130375082366553	17
-0.037208069749188	0.0931447088157558	17
0.121359593669486	0.357965772648906	51
-0.0613203061708844	0.0910376405316673	51
-0.107807074803589	0.0831379279350081	51
0.0493637876826955	0.0399991490323907	51
0.0072734255341273	0.00586797936424386	51
0.0308131120024479	0.0582775417146699	51
-0.0353217384562276	0.0608246249111156	51
0.0137461725934698	0.0197873004522388	51
-0.0902262571640182	0.162705483756826	51
-0.117089279680033	0.186399375114951	51
0.0987521470745321	0.174316265366016	51
0.040791075691175	0.0599132070098145	50
0.0116328835599462	0.0166959267887121	50
0.0163896633510236	0.0183131766295971	50
-0.0291070320570457	0.0247052995062251	50
-0.00801345453639875	0.00520749879867183	50
0.0135433537951365	0.0157231410353607	7
-0.0713164405888022	0.125150231121197	7
-0.0409728812252345	0.0774038270001121	7
-0.0994702010127579	0.180868102880248	7
0.0833519376350382	0.13568601364237	7
-0.0566719543796323	0.0842708757018156	7
-0.103019464888487	0.167398199007659	7
0.117728971704029	0.215130407053941	7
0.0303388991306586	0.0484216242737246	7
-0.0420945014980644	0.0604970142642692	79
-0.0224954474500229	0.0312690333855606	79
0.0539807315395509	0.0700572439345826	7
0.0968041515614592	0.106533549472511	79
0.0321465633168403	0.0391192188228035	79
-0.0346008206300385	0.0510056120653836	79
0.0421758295688048	0.0620744899325913	79
0.0067043068817951	0.0097118925646161	79
-0.123703242399618	0.191980127867525	7
0.0459106579194343	0.0582818089365784	7
0.103171365873266	0.164540023652493	7
-0.0310032825317145	0.0391034193797457	7
-0.0207214028081484	0.0278779914163221	7
-0.0723985784755468	0.104803115125909	7
-0.105465018877321	0.138684645215307	7
-0.00281491449958535	0.00288477937460233	7
-0.105507152148514	0.16297340723899	7
-0.0231975595189437	0.0332109702549639	26
0.115913320468343	0.183984983339845	26
0.0891531979036136	0.129605420593751	26
-0.104706212908907	0.151963867117546	26
-0.0153221386056777	0.0171700861082345	26
-0.00315444236311976	0.00323178533053336	26
0.0957296886110795	0.141926633270381	26
0.0521099696404875	0.0674601408754785	26
0.0407595891088418	0.0576088849386267	26
-0.0209157293818067	0.0290092031683335	26
-0.109807775926152	0.133996616256177	120
0.0866357993323194	0.105699146588081	120
0.0950071354942061	0.146942152360637	120
0.0398216136101077	0.0583932310496361	120
-0.124889827712906	0.181915070615218	120
0.012446393957418	0.0150048134703215	120
-0.0114783199514156	0.0133606874451024	120
-0.10993236452528	0.13417603425085	120
-0.0821746113138692	0.0997918026100353	120
0.0235582424437583	0.0280304829454198	1
0.0659677683882229	0.0845551204838446	1
-0.0721653122661438	0.0877655522944246	1
-0.0582533669953985	0.0736144368471408	1
-0.00178832430413194	0.00239834978215535	1
0.051554369254517	0.072381968763368	1
-0.108024689992748	0.146988579676916	1
0.110877774205537	0.136560563580438	1
-0.122284233554954	0.189440691520089	1
-0.109964202644152	0.165009967224505	1
-0.0608149742538728	0.0929114788181849	1
-0.0623866515677564	0.0927537203498384	1
-0.071396849911214	0.0800873125094946	28
0.0273112357318243	0.026677733963568	28
-0.0742972612134994	0.0974969283613493	1
0.1198276258473	0.162728689057919	1
-0.112155995468371	0.106999525294176	1
-0.0907727983088432	0.106248265311187	1
0.0295715433619448	0.0358983330583198	1
-0.0662175082544104	0.077430389365068	1
0.0302842968769875	0.0367934669956854	1
-0.0588336683263097	0.0567019497111288	1
0.0995983250086042	0.865648475873225	51
0.0717352324500545	0.530713049304897	51
0.00259902396803233	0.0124810507102697	51
0.0630376242016533	0.379080782851646	51
0.046227323836085	0.234650580280477	51
-0.0234334610074834	0.0993397299663439	51
0.0782831581178262	0.36291621606225	51
0.121789385402434	0.594077748528121	51
0.0398846921817575	0.148910396552577	51
-0.0835418949725114	0.317293082813878	51
0.0311167390751256	0.0990154423081965	51
-0.0387854494531426	0.119087631211859	51
0.0623584713641118	0.198918546017195	51
-0.0870102378386257	0.257356046537456	389
-0.00300720811914424	0.00704402134664917	389
-0.0532923475541497	0.149511087616279	389
0.00528312381094645	0.0128517742241263	51
0.0392066407008202	0.105063369848106	51
-0.0106306272596996	0.026552346135923	51
-0.0112849486235594	0.0294023294586495	51
-0.101606849990564	0.345040762132831	51
-0.023241166881332	0.0643326864216531	51
0.0183765005539995	0.0505408390273925	51
0.104579771279479	0.37205760926212	51
0.0182387607035545	0.0500615076110481	389
0.00532066209951248	0.0137243958663202	389
-0.0623752207756656	0.195915580224394	389
0.0354095753522759	0.105199857781842	51
0.0353369242120795	0.0993202746002876	51
0.112741563409396	0.420318125232184	51
0.0463347875058056	0.145968906823395	51
0.117253351219169	0.426856830982375	51
0.118581859508032	0.415315790926942	51
-0.113508132206086	0.390638932832464	51
0.0932209434342089	0.297699771964678	51
0.0240814137465308	0.0623965317101836	51
-0.0824656503032166	0.258774993154313	51
-0.0794967467506688	0.215834889831283	51
-0.00581799568415128	0.0135779627693849	51
-0.0772004022196515	0.159232437639674	51
-0.0350783438782338	0.0827327470581682	51
-0.0225198175686413	0.052357806825987	51
-0.0882679725450966	0.246927969890197	51
0.0472731739030216	0.132455167351372	51
-0.0193194823439864	0.046373530593506	51
0.122178345397806	0.380530913241143	51
-0.0166204321720278	0.0409919614651067	51
0.0894955046007703	0.262341133275492	51
-0.0469157123774763	0.120110422534255	51
0.056726754938105	0.144991742768116	51
0.0324989721844942	0.0746948911381403	51
0.015116055015108	0.0316224725334235	51
0.0920708271930548	0.226871885696672	51
-0.0881621655051504	0.213687038377549	17
0.0714779209555056	0.197401297810049	17
-0.120784516816749	0.355776296558499	17
-0.0588625094809153	0.133936658232466	17
0.0753001743835518	0.135434594078263	17
-0.0469107705102366	0.0395850771660534	51
0.0397968876140514	0.0345606897846042	51
-0.0133632924397955	0.0136684597588388	51
-0.0487457057080527	0.0615606708757861	51
0.0435480989976392	0.0703865148667524	51
0.116000020438751	0.174083963219732	51
-0.0223093150158683	0.028103270643363	51
0.0329865297565457	0.0470499533167986	51
-0.0951869743240657	0.168947072683189	51
0.0814919576261577	0.131202052056581	50
0.0658077802749179	0.0610981139688733	50
-0.0153117881884523	0.0171584145722223	50
0.118455854862237	0.127839315421482	50
0.0719266102322462	0.103572864023289	50
-0.0101443737747132	0.0151776748886617	7
0.00215490824834153	0.00338745921569846	7
-0.110671179860157	0.189521553743057	7
0.028335865703584	0.0412850321990177	7
0.087009311856427	0.14738398519882	79
-0.120264060445229	0.196792983191459	7
0.0985022787069883	0.15457373775871	79
-0.0415789778137018	0.0614644593312137	79
0.0871901555753459	0.112796890864538	79
-0.0232205071825705	0.0332418203567021	79
-0.110680193427785	0.198377282480815	79
-0.0545672275619317	0.080904902907842	7
0.0663120809718371	0.0978641924446248	7
0.0373369162997091	0.0481019750804429	7
-0.010407262688022	0.00754763591568997	7
-0.0219235828032111	0.0285944519289154	26
0.0461665575488867	0.0586097543998239	26
-0.074809114200827	0.114737518577852	26
-0.120260596608761	0.164050474306147	26
0.0047995415183831	0.00523234228534504	26
0.0239186464209893	0.0284662414051144	26
0.0794045750721332	0.116688139648285	26
-0.028373647538165	0.0369816799369854	26
0.0430943815033011	0.0516976040510988	26
-0.0323933213822525	0.0377792098202743	26
0.0739619262614647	0.11675789454055	26
-0.0480624817322035	0.0731694487267196	26
-0.00359522199920923	0.00402347459325245	120
-0.0488627306867703	0.0724349818467567	120
-0.0401430795830709	0.0487137617452571	257
0.0783201233549865	0.0989439117304791	257
0.10688545478609	0.139120541183187	257
-0.0843065631462974	0.118492381863025	120
-0.0542444208348097	0.0709441028892111	120
0.0316464477796925	0.0385107748816372	1
0.105828876285102	0.119532570568748	1
0.00463817846532018	0.00566899757227443	1
-0.119841596165626	0.163358743905061	1
0.00556820504708265	0.00631975639058887	1
0.0737306991082068	0.10161580694647	1
-0.0167351491272152	0.0162567487027903	1
-0.103748237516289	0.1214597218651	1
0.0550782861220129	0.0650540281869446	1
-0.0140214106893009	0.0156985232899623	1
-0.0377795102966586	0.0405367385411267	1
-0.0680372905881431	0.0692303991242724	1
-0.0432349998074771	0.0417825827306709	1
0.075546828372561	0.586686106452979	51
0.106574863750242	0.923829646727213	51
0.0716294682897839	0.489048864786594	51
0.0889055505875751	0.571238125144562	51
0.0348343817494329	0.168346105499815	51
0.061178199013263	0.273145000258481	51
0.0749969034560928	0.357756370491883	51
0.109028124491523	0.528599711568091	51
0.0794451714743489	0.326369615741561	51
0.0349934263790388	0.119897135623373	51
-0.0680716535446581	0.249505975043652	51
-0.0276833256788975	0.0823424266370894	51
-0.103880123133519	0.344511609689401	389
-0.102715063903204	0.300222470460323	389
0.089683994625727	0.27486236139781	389
-0.0388961566052811	0.104558107074791	389
0.0731749816148837	0.209266472116061	51
0.059307723298936	0.151317334463281	51
-0.0312860298608931	0.0702092646214427	51
-0.0725720887777811	0.205451835497562	51
0.0440965367464843	0.13171152911201	51
-0.0196730091870548	0.0496777903138073	51
-0.0515965411163668	0.162366458532222	51
-0.0613660842896032	0.200161562260396	389
0.067786146174213	0.207653016864135	51
0.101044304656003	0.316968150362937	51
-0.064038109076573	0.194014339307328	51
-0.0298217449440244	0.0879562754720578	51
0.0869451394648258	0.313776497451537	51
0.0691797060646679	0.201008751558115	51
-0.00637826918886004	0.0172569838039258	51
-0.0136300450149417	0.0369077949927603	51
0.0174342579864026	0.0482741383724231	51
0.0778426190797664	0.254898106563575	51
-0.0963270376133128	0.30884864623271	51
0.0116476074826631	0.0302367096075233	51
0.0934460378304098	0.288035991128152	51
-0.0656288470136343	0.163201315054264	51
-0.105309782188132	0.30714883403936	51
-0.0887392327460569	0.286607175003132	51
0.0778078412437176	0.224916417219489	51
-0.0206528444194427	0.0483021084266569	51
0.100649321613436	0.277847629577377	51
0.0635334345071186	0.176059962553748	51
-0.039952397698202	0.108484560365076	51
-0.072605154778899	0.210508406962429	51
0.0130034256529636	0.0310945709486591	17
-0.106327898559989	0.227016897125967	17
0.0215273808727486	0.0287787770087993	51
-0.0505044082767183	0.0681830159735164	51
0.0454236224558782	0.0576265656267087	51
0.0411511912327755	0.0604756667202428	51
-0.0027339056195944	0.00377763636327797	51
-0.033438578791965	0.0505146070777543	51
-0.0417621666594207	0.05999471471279	51
0.0540940610001548	0.0769649835574982	51
0.027715293612195	0.0437302739601164	50
-0.0332965888681623	0.0239389594492154	383
0.0851045915566894	0.148518764471444	7
0.0660107553589687	0.117892675021623	7
-0.017844065181794	0.0274731854965774	79
0.104620233088331	0.202430935659281	79
-0.051363109352388	0.0925473705526248	79
-0.00312307025255715	0.00443579616984035	79
0.0973143922544967	0.137821021116657	79
0.0698989847068306	0.112671424192788	79
-0.0766801195344159	0.114296901977086	79
0.113544053937475	0.1699249772389	7
0.0576360775606458	0.0890299902972741	7
-0.0527590175714036	0.082445620255979	7
0.0200987806186799	0.0247590447289204	7
-0.0584347786587641	0.0563021182539276	7
0.0136594993805325	0.0129329695906512	7
0.0898860407302278	0.0889926601313069	7
-0.0214733990256019	0.0260354703505997	7
-0.00787484004945397	0.0102512870488774	26
0.0603750737004315	0.0838143384673775	26
0.0588621881843204	0.0842881623126337	26
0.0163556265937068	0.023824785946827	26
0.0498542200413209	0.0667844978296655	26
-0.00240277098834923	0.00332142986275672	26
0.0017428640849075	0.00248391118513694	120
0.00773478027938523	0.0102552432331091	120
0.030436668420871	0.0432673868773064	120
0.0926767853847146	0.142876466702931	257
0.0019515517800254	0.00246291318032647	120
-0.0372075759570634	0.0502988129678574	120
0.0980794587273806	0.131944646165648	250
0.0638926346069109	0.0772718844703263	250
0.00746299818892584	0.00813969977783817	1
-0.0178632885809774	0.0223726290804132	1
-0.020163650468039	0.0244067715037104	1
0.120086914959726	0.163104125921611	211
0.122971799225623	0.1792772403037	1
-0.0177741147080074	0.0247250953524035	1
-0.0213284390511052	0.0277979695986953	1
-0.032309845640767	0.0376800130877639	1
0.0319477488328279	0.0423497755985089	1
-0.0729222231217424	0.105628703842662	28
-0.101951732612333	0.152912460992939	28
0.103973120015609	0.159125388965718	28
0.0680516236843055	0.0964712467816716	28
0.0594905983337348	0.0746852004547907	28
0.0874241463176472	0.106779054074824	28
-0.0130048052520669	0.013297782164282	1
-0.0480755980546881	0.0406111175597017	1
0.0313962137917606	0.0244430345864365	1
-0.0134727579951119	0.0150761835601189	1
-0.105465018877321	0.138684645215307	1
-0.0637671022053789	0.0743344834868277	1
-0.0694040937555233	0.0707182591887221	1
-0.0785901847239922	0.0609935512044333	1
0.105028363453075	0.934088208710149	51
0.0606998756567724	0.417924773448496	51
0.109260611956787	0.796402957288629	51
0.0832552909212142	0.437696141838181	51
-0.000524143012372515	0.00199742560477284	51
0.0228722762688287	0.0845265747863682	51
0.0610663596650743	0.233666431857309	51
0.0865178015771915	0.370898667015746	51
0.0174137193852662	0.0536969402102582	51
0.0250357389554888	0.052114932875773	51
-0.0982788124633636	0.280787501019161	389
-0.00477259407457811	0.0104832714496385	51
0.0473808846450891	0.11142485232449	51
-0.118039081430746	0.229386226974908	51
0.0340835270103011	0.076720063456821	51
0.120047187499117	0.477242277464709	51
0.0421599814992644	0.139614614280377	51
0.0807137315021521	0.29766893332696	51
0.0332493663064092	0.0777321625401925	51
-0.0612823324565145	0.190854697365813	51
0.0611546739545482	0.204548149660406	51
0.0705669324158239	0.187712868852327	51
-0.120149080343765	0.41481070440987	51
0.0462682710651293	0.140569471767674	51
-0.0209294971776664	0.0605532173823214	51
0.115360354857874	0.464966228387041	51
-0.0510778726875841	0.151595787191023	51
0.115935544052184	0.434342736775596	51
0.0828949426204225	0.287958114394022	51
-0.0514966104413893	0.150907600379252	51
0.107060265916674	0.215307396976127	51
0.116834398479034	0.327489434153495	51
-0.00082498647016536	0.00166464543357144	51
0.111030157249212	0.417402186258969	51
-0.115303333755206	0.422194581694412	51
0.00114157153258995	0.00253161238304499	51
0.0235206393657912	0.068736779494951	51
0.0891322613882596	0.304949669571196	51
0.121962860094072	0.479355727766778	51
0.110985766766532	0.291415099223628	51
0.0495749155450088	0.131009485553883	51
-0.0364611494341448	0.0872382553593387	51
0.0522087744775451	0.140023178922556	51
-0.0418462832927126	0.0778086817490729	51
0.0852249697189554	0.134064460894152	51
0.0833987722336183	0.16781784019634	51
0.0339778135653028	0.0520509019555433	51
-0.116582687407466	0.277151007698071	51
0.0254473433024462	0.0439784237477293	51
0.0204651428353766	0.0387612170916302	51
-0.0629075809758137	0.10097741064757	51
0.0959975704678547	0.156155866705563	51
0.0742402157402261	0.147196514253212	50
0.124704475935254	0.283609047053243	50
-0.0351248596071707	0.0252716144367766	7
-0.0901143697898595	0.105395817793105	7
-0.0130946542520956	0.0208860475146581	7
-0.117101902076792	0.252049946012735	7
0.0549014563964271	0.0996480086889905	7
-0.089393971996817	0.164765854823501	7
-0.0484322213578592	0.0789560029169114	79
0.0224078450312942	0.0412920117432774	79
0.0813326630856154	0.152963864411803	79
-0.0883018488383411	0.149560992243951	79
0.103445592167402	0.199749044224261	79
0.0284532504923607	0.0439333651943287	79
0.103863508235031	0.187626073748401	79
-0.12159805337344	0.236020543724385	7
-0.00538281531731189	0.00676193142358297	79
-0.0142357629381889	0.0179157133238472	79
-0.0603341721873177	0.107566273310585	79
0.0881608144567421	0.150808097489713	79
0.059885188682726	0.0830703432628656	79
-0.0725007470093014	0.104963926730198	79
0.0183738171254046	0.0197006854311294	7
0.0078533844800409	0.0104133806118496	7
0.0125864009514272	0.0169707790333655	7
0.0433867833176009	0.0413168431989098	7
-0.0340112979813047	0.024462772035022	7
0.0600185621807334	0.0381679184655973	109
-0.121669874995539	0.148375442141139	7
-0.0297320187511256	0.0252448009093779	26
0.0659676865339511	0.0667012431288989	26
0.0533231545476508	0.0592259711829891	26
0.0124832663306115	0.0150500263883711	26
0.115499303962037	0.217213688665031	26
0.0585204573407629	0.0905085790692028	26
-0.114717693711434	0.177689987614113	26
-0.0465040698214212	0.0585630997305808	26
0.00505299423544369	0.00573469135593518	26
-0.00582788850425814	0.00624875448210379	26
0.000480272120038748	0.000612278441103813	26
-0.0690712828669609	0.0994893703185277	26
0.0613232513816455	0.0852467156843663	120
0.111511813723021	0.19198194818765	120
0.0758271203223661	0.12003042578234	120
-0.124724079718155	0.229232638317943	120
0.0446912263512699	0.0706676131989749	120
-0.0590011941789041	0.0746110623918548	120
0.0288033441858392	0.0419916817948219	257
-0.0217500832225455	0.0283598745528362	257
-0.0251491985891943	0.0413242392832823	120
-0.0697636529830604	0.112335195820009	120
-0.107657136113321	0.179875488926033	120
-0.0302826215158173	0.0257193056358076	1
-0.00122420563635141	0.00119540168972374	1
0.049364109324648	0.0660887704284539	1
0.020395936095919	0.0251334509149623	1
0.103221170582098	0.131932627968477	1
0.0965528215076537	0.113673735350167	211
-0.108921351069985	0.163232284042047	1
0.0237131822402632	0.0307599295156821	1
-0.0891755416517045	0.121339336196982	1
-0.0847075356126182	0.12652720180208	1
-0.0805545628244422	0.109602807955536	1
0.0853608879832863	0.110211995182574	1
-0.0405006949155146	0.0413915015421164	1
0.0849401138466723	0.121473263211077	28
-0.0157651934677328	0.0236454571813577	28
0.108052720474819	0.191541865184673	28
0.0139087662172173	0.0167896201167686	1
-0.0137829103329363	0.0154282774246848	1
0.116296371295627	0.1123138667772	1
0.119854681657967	0.116057499499498	1
0.0319193538220942	0.0248565882063122	1
0.0824555304468361	0.6606204754386	51
0.0790437745040212	0.61332903374142	51
0.0910309732726843	0.722588104027597	51
-0.0096960858113974	0.0450139302529311	51
-0.00273964302395509	0.0120414719103103	51
0.0801406707590656	0.440459329013896	51
-0.0191041373715612	0.0774449651702035	51
0.00690090497632569	0.024481338157608	51
0.060506470280311	0.25212988929297	51
-0.0683055549102863	0.28619393026926	51
0.0286011502126421	0.0878184558655094	51
0.0673307420305781	0.179979720550644	51
-0.0620510412379803	0.178788877232661	51
0.0225784527684852	0.0507660391905987	51
0.0471493070719736	0.130185340867818	51
0.105036314000351	0.342137193089935	51
0.0890416930965919	0.275448635252627	51
-0.0436204469352058	0.119302451632143	51
-0.113340042440577	0.376357917732348	51
0.0313463011067432	0.0983149739858466	51
0.0135068560289572	0.0406482482773793	51
-0.0863226049276928	0.275742798413689	51
0.00581069888376949	0.0160860380099167	51
0.0281377525822012	0.0860991871912999	51
0.0114138758203608	0.0358514421863774	51
0.115763484950869	0.482204377172231	51
-0.00332513834229704	0.00830322422216154	51
0.0110343619872051	0.0273849583793124	51
0.104053263825662	0.352186275131599	51
-0.119746938915404	0.45322343644576	51
-0.0943726125191852	0.305669341103264	51
-0.0688543795353716	0.217892732108877	51
0.0650000755797363	0.219986245982025	51
0.0324663830954806	0.0915103704593879	51
-0.00894102256919453	0.0188899295234993	51
0.0747887134118702	0.13732593631351	51
-0.101830964308264	0.298009914106994	51
0.0772275933515755	0.21172266384655	51
-0.0508050505716842	0.145736961547947	51
0.0828133018901991	0.220337390431197	51
-0.0156424879154037	0.0348284722398876	51
-0.00733722624953942	0.0197242231088275	51
-0.104963085074416	0.373649272208702	51
0.0293279906085117	0.0766641392373472	51
0.00899982673929981	0.0221612325707893	51
0.120881685770263	0.396110027491114	51
0.121705282525373	0.407800638049444	51
0.0981922466683466	0.306932773167312	51
0.0387792593795328	0.107023190616909	51
-0.0837362119418127	0.273657919769948	17
-0.0279911342974869	0.0718665627292562	17
-0.111306826443179	0.349441278388277	17
-0.0900316404782685	0.224545203566804	17
-0.0581226096154191	0.157384268642779	51
-0.0681903628803673	0.164624307303619	51
0.0506582044419913	0.110957433353565	51
-0.048431977953305	0.0518356793930052	51
0.0432565906996947	0.0637512816475583	51
0.0115294487318813	0.0143963781540771	51
-0.0854296954231646	0.157356000074721	118
-0.0733160413412474	0.112199741606769	51
0.0194836109075182	0.0239839642566678	51
0.0224400694189701	0.0340721190142859	51
-0.0575494199676366	0.0983967337874934	51
-0.0161604817619972	0.0253723332673857	51
0.00278577129304132	0.00454509419059853	51
0.0268837842515857	0.0482997236575687	50
-0.0148674441959024	0.0187226381750894	50
-0.0402217063310502	0.0410932383184053	7
-0.11050966616994	0.240948085769369	7
-0.115486030206273	0.19351830896546	7
-0.0653462710236971	0.10253714908156	79
0.00479561816902437	0.00755577892684301	79
0.0431074050277786	0.0752571666397022	79
0.0117800873123192	0.0186567431467808	79
0.0985315067790942	0.173848148223387	79
-0.0489174422677885	0.0703998671079151	79
-0.0355505305344184	0.0463176718481719	79
-0.0225752117164917	0.0339980391765146	79
0.0189134612844201	0.0276520653094296	79
0.0388972469836171	0.0483580613921049	7
0.0363263932311556	0.0525477419474886	7
-0.0842323996311838	0.0855867208521681	109
-0.0500997945362712	0.0699578606262026	7
0.11169990785535	0.137690280292289	26
0.0471814555882072	0.054472499984299	26
-0.0967246439799925	0.136564796582032	26
0.0604716240097053	0.0800712488254243	26
-0.120114191870982	0.180780406204252	26
0.0960134793608669	0.142379937994657	26
-0.0722581193955761	0.0945759281016185	26
-0.0630271332845683	0.082441917886283	26
-0.0301615282146166	0.0393998183699941	26
-0.0494773526109287	0.071259906474059	7
-0.0740472906887509	0.122266900571357	120
0.0586488584006498	0.0938432870291523	120
-0.0436057539760432	0.0627919924391747	120
0.011534141369169	0.0173598142609334	120
0.123262761180077	0.190969308793221	257
-0.124740729856611	0.198740850039597	120
0.00710892713767855	0.00942000222987657	120
-0.0924566813268076	0.121160300737978	120
0.0453473479260883	0.0432576762311839	120
0.0548496620741775	0.0493491318949728	1
0.117886312809764	0.114027665766997	1
0.0961698656604682	0.113186736023266	1
0.0972018897761509	0.152270662023521	211
0.11270405345889	0.158299140201614	211
-0.00300688238879433	0.00322523895925091	1
0.0414783815980808	0.0543509764333182	1
0.013544736746946	0.0163462332847413	1
-0.108200914587687	0.171720067847304	1
0.0707483625903382	0.106047490444389	28
-0.00207627597213479	0.00278373358089953	28
-0.0975415248121462	0.109267449146342	1
-0.0834334606086821	0.109467210041263	1
0.00328248500164572	0.00401022945451086	1
0.0684963633918362	0.0747408981138159	1
-0.0887191890965113	0.103583639637403	1
0.0512907321163261	0.0416043777982341	1
0.0810568961253828	0.0779277936069127	1
0.0627901417612845	0.459848713662982	51
0.0588496293994493	0.402943241564335	51
0.00744128988620641	0.0343624165165942	51
0.0744487591057291	0.4497379142696	51
0.0792310114353976	0.449668485734946	51
0.11975510015154	0.732505190652633	51
0.0918924263896791	0.487767264742293	51
0.1085933678834	0.532095903032134	51
-0.0964812703827971	0.415676133379384	51
0.0406317013836342	0.13744480386887	51
0.0114010984602586	0.0332543235140722	51
-0.0584595213667864	0.186084416702421	51
-0.0113210881573133	0.0320127104230386	51
-0.00837002754850305	0.0228679487549699	51
-0.0619685889459868	0.191430613882908	51
-0.0480055446814271	0.143311895193241	51
0.0998985785859081	0.387345705993592	51
0.0283386779219282	0.0847419389943584	51
-0.00352369635358441	0.00968441307807727	51
-0.0556895805562381	0.181972697959007	51
0.0371127221960767	0.11471621342132	51
-0.010925978575084	0.0316692444504948	51
-0.0202522552052617	0.0602433378286362	51
0.108087806330984	0.386342075828744	51
0.0609150436700159	0.19764563735725	51
0.0191343920936616	0.056915046129688	51
0.0681415186712515	0.229061838788956	51
0.0504678576690476	0.154881761628341	51
0.118418086547605	0.455998036723386	51
0.0743903190011865	0.259461920636845	51
0.0442695776966957	0.135575793053806	51
0.0489465622440214	0.14640922315433	51
0.00838879005227898	0.0212843857573648	51
-0.0480524719157748	0.142673994049898	51
-0.0338397822896563	0.0933946736577531	51
0.0890596409744179	0.279645955107027	51
0.122379938242415	0.299855020022418	51
-0.103139529248454	0.282133993074487	51
0.0700805087901363	0.194775162686711	51
-0.0709277283272416	0.183864642334929	51
0.0817700003369157	0.251850201707253	51
-0.0218227257517136	0.0601571966014588	51
0.0295004469145551	0.0842407828084055	51
0.0828148323027063	0.257519794956214	51
0.0314862291237547	0.0863929731740523	51
-0.0272767759864017	0.0644499718078854	17
0.0602091499958478	0.174660713581427	51
0.0332047449575634	0.0862989144464666	51
-0.0617427754498862	0.126124626724243	51
0.117731919884313	0.230668471648942	51
-0.0338428328453056	0.0243385578467598	51
0.124080416020291	0.159581806273766	51
-0.0867024713242981	0.125472530186085	118
0.0519315060712692	0.0788756833507126	51
0.107321480446444	0.182063972834376	51
-0.0521709663711354	0.0889639548077807	51
-0.0995092605489279	0.198418215242107	51
0.0513848236692946	0.0897064901209353	51
0.0475002394290637	0.0915649528129931	51
0.0330655744231623	0.0518007700237258	51
0.115570381469452	0.201822377570577	51
0.0162737163561517	0.0229008566071896	7
0.0747546574345352	0.133394565525146	7
-0.0352066913795307	0.0606053334946141	7
-0.104594239953065	0.190404752769515	7
0.0221442696909832	0.031702960641487	79
0.12029072280438	0.21326521886547	79
-0.042244226297184	0.0625025084127057	79
-0.0224224103680413	0.0320674000295176	7
-0.095976553364305	0.147681160378864	7
0.0900916912857338	0.154564783577326	79
0.0294371546585505	0.0444392929005189	79
-0.122344713230066	0.205186379525729	7
0.0246117368386322	0.0343827268441309	7
-0.106100073359519	0.154269482823275	7
0.00594020189375301	0.0087979444267141	7
0.00272683058109447	0.00343995264624103	7
-0.0122077184579455	0.0104102742642346	109
-0.00173530011223568	0.00232777258264956	109
-0.0594282026711534	0.0972578853773034	7
-0.103984831293169	0.165499257219624	7
0.0684917849275727	0.101381278820098	26
-0.073526838169946	0.102946434473414	26
0.100206948617742	0.178658716644609	26
0.0856064926177645	0.122540249982423	26
-0.00318178115726006	0.00356098855837244	26
0.0668984436283226	0.0946577311291024	26
0.0641331358419036	0.0934312783834099	26
-0.0495315661772319	0.076986667247548	26
-0.11983737280455	0.180256618669759	26
0.0314570895534406	0.0416732671283613	26
0.0148010381007067	0.0194068757230387	26
0.00383419457686487	0.00468402341237583	26
0.0316838634887718	0.0433476557002936	26
0.0946941461163435	0.153731902690366	26
0.104019682759661	0.142727661996494	120
0.067087310944078	0.106842250496303	120
-0.052833070681389	0.080391299879813	120
-0.0683831861864115	0.101659754122177	120
-0.0138611666330023	0.0161724571832137	120
0.120342416195881	0.194090549801309	120
0.0160791501962826	0.0179619330318937	120
-0.0407621208591102	0.0416678964065092	120
-0.0639929718171394	0.0686442329972638	1
0.0261344769890376	0.0340007649088671	1
0.00409659894582887	0.00556397663024295	211
-0.108024689992748	0.146988579676916	1
0.109819949824464	0.153657013800824	1
-0.0695480981291424	0.0708706952929176	1
-0.0267055782290809	0.0402000033769396	1
-0.0366624382222571	0.051141041168737	28
0.118267577057723	0.169337110455193	28
0.105799353653426	0.145487071448201	28
0.102783200629748	0.123646892666693	28
0.0459043387107202	0.0529208607075975	125
0.00852445194874442	0.00930090940719887	125
-0.0526207608216704	0.0613289815129814	1
-0.11024831619973	0.150413288094229	1
0.0177930170562936	0.0158918109091312	1
0.0251911178852103	0.0211075288666536	1
0.117729988933596	1.10017279814277	51
0.0708818061641743	0.523877053624349	51
0.00383456433067254	0.0183124016940377	51
-0.038220540282659	0.189761039083543	51
0.0501342776269104	0.224759633581244	51
0.0209268301206004	0.0816260172046831	51
0.0301896759785397	0.112200664717832	51
0.00500346479296599	0.015407972400805	51
0.0569627715619935	0.19570487175214	51
-0.11348993501773	0.392375158575832	51
-0.076521952898242	0.207025571426811	51
-0.0663139348565067	0.191687525804337	51
0.0399288010974861	0.115749470083797	51
0.110913851173194	0.35226106496929	51
0.0441966556496367	0.128591955770093	51
0.0256971299201704	0.0847279125328876	51
0.0228107622435691	0.0737843376822029	51
-0.0620110204594602	0.181242293662618	51
0.123235397520274	0.492145153413845	51
0.110505721649107	0.465549933262361	51
-0.0947863159134914	0.303751801531301	51
0.0608930621410608	0.201380992221475	51
-0.00957013422104389	0.0270355748212813	51
-0.089279078478899	0.317570002505094	51
0.060487253766857	0.203916073209723	51
-0.113649753432222	0.371283457454598	51
-0.00798951818208485	0.0210475188605874	51
-0.0746201670753264	0.245368791798904	51
-0.087550327682375	0.300637507304334	51
-0.0068741694795061	0.0186445421248323	51
0.084698855131122	0.275233681808151	51
0.110916525631116	0.387990990610722	51
0.0906399608943843	0.185841011770185	51
0.00854949062324552	0.0199250931390696	51
0.0513310662731192	0.125771653068986	51
0.0567073709656791	0.162291973184026	51
-0.0684452688532884	0.178543263293104	51
-0.112840451797563	0.421873046494	51
0.082872445378203	0.285245292801289	51
-0.0688817474952571	0.23544561021686	51
-0.0539969374060326	0.148015995681508	51
-0.00790490239649516	0.0201846742602522	51
0.0000322083553078793	0.0000761567692847086	51
-0.0443484578021805	0.131439183394483	51
0.0189363616165874	0.051102457959487	51
0.0803038930717403	0.241477911306577	51
-0.100100874759892	0.32202789369697	51
-0.00587030628043921	0.0143752882517906	51
-0.00979998965171949	0.0218136259792432	51
0.0270642149525306	0.0655383951158833	51
-0.122359525931873	0.347245710015936	51
0.0615624677108121	0.092976782122413	51
-0.0832607358930855	0.143391393389925	118
-0.0881446825765579	0.127742760384653	51
-0.0745670933856676	0.128521243511108	51
-0.0260832218270227	0.0438073573524165	51
0.0783572858963825	0.114996124896192	50
-0.0789770437100493	0.0613176919021926	383
0.0780712349693714	0.141999046693521	7
0.0795900966353467	0.140967600584353	7
-0.0825997193975656	0.151491172661473	7
0.0549912916343767	0.0783498374607617	79
0.124044909729379	0.222964212743286	79
0.0130101942130457	0.0191732636807757	7
-0.0926219057557529	0.160867598961162	7
0.0487699792354918	0.0730966235705109	79
0.0948142600264529	0.153935193572734	79
0.0725113671441622	0.0897864729950827	79
-0.0300570489765147	0.0392574073375419	7
0.0471205962253288	0.0599032820905511	7
0.0245190880211589	0.0318413488500282	7
0.00227987424103666	0.00309967477972363	7
-0.0741513773593384	0.0462745214004995	109
-0.0441741385199484	0.0427096953006502	220
0.0537562520225209	0.084746837474489	109
0.0871974255856486	0.0933923731803024	7
0.0239876137716466	0.0334818765088135	26
-0.105824942191025	0.153836787822006	26
-0.0575168858409032	0.0830621530572998	26
-0.119379155248633	0.179506882794262	26
0.00293974582322355	0.0035919639211586	26
0.0651207136393851	0.0833840378899252	26
-0.0140268672075258	0.0176511472760789	26
-0.0415375938042961	0.0613738618626816	26
0.0443832568495487	0.0562228375981745	7
-0.00647073292105301	0.00922170663881597	120
0.0325820365556126	0.0450890338759658	120
-0.0722228802617875	0.113604613927661	120
0.0375736163509292	0.0544446344337392	120
0.0733181554163902	0.105773358448353	120
-0.00655895360597129	0.00981289172807366	120
-0.0701707306780718	0.104586738831425	120
-0.105856148819489	0.172696154739026	120
-0.0703167285278743	0.1102737670775	120
0.0393204329867294	0.0341221852709658	120
0.111104702535393	0.136875190139741	1
-0.0382571094465288	0.0481954477140929	1
-0.0885227690438077	0.136032805637411	1
0.070223645297313	0.0818023382817466	211
-0.0505102098263119	0.0705496931040222	1
-0.023221762661549	0.0303314998591699	1
0.0590846664981588	0.0741479737353215	1
-0.089734477061324	0.113603194384503	1
-0.0142056304348618	0.0190984138930782	1
-0.0184047159236583	0.0270432639750649	28
0.0304908038560298	0.0335832728574393	28
0.0188703500554511	0.0202383946745276	1
-0.0955093018164146	0.125564859146356	1
-0.0494416459424441	0.0689803140627762	1
0.102053741451481	0.130316024827749	1
-0.0849896135303505	0.0953748443900092	1
0.0813752668207306	0.0711056251281715	1
0.0838378111279198	0.679144393253412	51
0.0610573035935579	0.43281537045409	51
0.0173145445099982	0.0931101728368684	51
0.0511231212596485	0.289957161133793	51
0.0165213121985798	0.0754070099042551	51
0.0125429908777468	0.0505928560579538	51
-0.0203190976741425	0.079813185989514	51
-0.0107936682161515	0.0389531564542816	51
0.10178197514508	0.455047599285087	51
0.0939538076013738	0.369582770025287	51
-0.064032398357142	0.215112117376879	51
0.0652641251599096	0.210038562113734	51
-0.00230618810036372	0.00597177156075501	51
0.043869803391973	0.12803355268701	51
0.0261594942348039	0.0735181231909608	51
0.0667844625549279	0.203243891528357	51
-0.0723998717831047	0.250031423551189	51
0.0635227384575667	0.229612692745513	51
-0.0309584192726079	0.0996470033909189	51
0.111625549935765	0.459002614340983	51
0.0639800805114871	0.221885203798461	51
0.062695102521565	0.216427833965955	51
0.12164351064429	0.527636738562687	51
-0.115537734830013	0.473569492727551	51
-0.0696013291800063	0.225150900193324	51
-0.0425907357319565	0.130078169988549	51
-0.0681710982070528	0.243663453577296	51
-0.0494267443346747	0.156090248757679	51
0.0277274603394501	0.0814867773021554	51
-0.077929404863192	0.248620116694576	51
-0.0113956945069619	0.0299337666769331	51
-0.0875946414328055	0.275125942231508	51
-0.0214884284275444	0.0577101161794976	51
-0.042248053607424	0.109571289649297	51
0.0103578935590376	0.0210968715780791	51
0.00177413697039768	0.00365439024648429	51
-0.0260875123244912	0.0649437788207345	51
0.0412012470675089	0.123102181974755	51
-0.0485910558903278	0.138190891920726	51
0.114370353888359	0.398485270163679	51
0.00441671455271878	0.0117068420674044	51
0.091072921408356	0.301792542992382	51
0.113318441249538	0.396351377772473	51
-0.00105502171735089	0.0024030325941821	51
0.0812406521737169	0.24082013510465	51
0.0301769201206768	0.0747899892419348	51
-0.11986875106116	0.369728873690801	51
0.0755709158998366	0.22647697434567	51
0.0840048901319705	0.243299248071882	51
0.0376237847400723	0.103563065953408	51
0.00570369665939496	0.0129181800717938	51
0.0975549302597387	0.237041448426225	51
0.0730473343180343	0.154723075624039	51
-0.0543991660932378	0.0425224111031178	118
-0.116435209888086	0.195399969328115	118
0.0432904093336275	0.0661132535029745	51
-0.0258437652765673	0.0357994496813117	51
0.0634406397720125	0.106424466553981	51
0.0099189150058538	0.0155515316978823	51
-0.0403562161684248	0.0682827092869464	51
0.0261543874510034	0.0432541882205784	51
-0.0589379561510467	0.089783838422959	51
-0.0903221489601385	0.0862760863550282	383
0.0150192792644403	0.0197004800622513	7
0.0532228082800952	0.0838390145904693	7
-0.0230651628352578	0.0355849006561558	7
-0.0921381947476777	0.15989114506212	7
-0.0432154022453897	0.0703015565083063	7
-0.004561796743754	0.00648833219366652	79
0.0755158958030752	0.119505656200862	79
0.0890925181954772	0.157560934524684	7
-0.0276855603629713	0.0447335377164081	7
0.0795321278746766	0.111691867285029	79
0.0313860023022504	0.041569042592962	7
-0.00106320631693516	0.00137654629172793	7
-0.0149715087347184	0.020753200503145	7
-0.0605173491275814	0.0924017592074592	7
-0.0132613483080613	0.0142120131018793	7
-0.0509077544877241	0.0546439768464784	109
0.0433347718930352	0.059553994661863	26
-0.00856400168550846	0.0121762339797064	26
-0.0493239611988507	0.0710281879327923	26
0.0878308893924261	0.113711002987178	26
-0.00509010757878968	0.00724336481840053	26
-0.0560625079816526	0.0807837974277629	26
0.0435875003344609	0.0642740098936443	7
0.03557260792166	0.0494402702709712	26
0.0423736587503174	0.0646204614693302	120
0.0647186457150703	0.102692420840618	120
0.0345580760751439	0.0479658697910399	120
-0.0414909704815324	0.0595820087373454	120
-0.0403199275527677	0.0626868218026407	120
-0.0420702196713237	0.0586226621779679	120
0.122657853070178	0.178735563629117	120
0.0528725560863961	0.0587042111411719	1
-0.0454917250634187	0.0594494277590349	1
-0.0877906634705013	0.127238078335925	1
0.020395936095919	0.0251334509149623	1
-0.0689992349477796	0.0873014895388227	1
0.120475442522567	0.204239369567885	1
-0.0610741002238055	0.0959227538322445	1
-0.104565281435427	0.15172858792235	1
0.0781167851766033	0.087479215183657	1
-0.0671715567519816	0.0848232419026686	1
0.0466350236666691	0.0739594168895103	1
-0.0833828849676099	0.109387989735697	28
0.0581467149428979	0.0728916361548573	28
0.0554681984541036	0.0790663415657122	28
0.0719609406236627	0.0940838791186729	28
-0.0528191065651838	0.0615823351135768	1
-0.0792034966908859	0.0927452703301918	1
-0.0836186157076533	0.0849063569783831	1
-0.0551115721670791	0.064428363729533	1
0.0852587856313647	0.127566250940067	1
0.0970965405970011	0.836148230918037	51
0.10741284681099	0.921023258420341	51
0.027600930653514	0.150326981214109	51
0.100901922521899	0.692944949116258	51
0.0739116766758748	0.344137441501746	51
0.0495232933293263	0.187473492960458	51
0.0957624676833819	0.366281381236726	51
0.11462790753329	0.442456755955675	51
0.0337176235635872	0.105931034839111	51
-0.0306301498942421	0.0898153195499097	51
-0.00902611141877885	0.0246327953289019	51
-0.0911568957113915	0.301420799234555	51
-0.0567166656418764	0.173663564457094	51
-0.0803163785572413	0.304940521087999	51
0.0617618076441965	0.225960521511207	51
-0.0733128375049972	0.250341242458421	51
-0.0636221352526046	0.22171273085076	51
0.0393932686598457	0.128552104497574	51
0.0914799587985548	0.357533450878065	51
-0.00187139373611069	0.00555297852852327	51
0.0600613497892036	0.215184451312833	51
-0.035558578502378	0.106344208688506	51
-0.0827320532788206	0.292463862612224	51
-0.0468609703974911	0.140159307894555	51
0.0188424557661662	0.055874578285648	51
-0.00293452847818272	0.00846363454525889	51
0.000441021588369013	0.00125662103844457	51
-0.0329234637773195	0.103059919340527	51
-0.07680328359459	0.25407650394101	51
-0.0628964033265426	0.201909678964235	51
0.0436302203074137	0.131640359337081	51
0.0589943154013709	0.180875007255636	51
0.11431090258843	0.413920539408447	51
-0.0961256007943082	0.298347234916916	51
0.00564986949787724	0.0150085073839142	51
0.0206089832174228	0.0415591541322207	51
0.0874740513817489	0.275572691641013	51
0.0870040379309322	0.260666228085051	51
-0.0605977045402769	0.169095339573067	51
-0.0533049374970642	0.135893245861981	51
0.0316996334629896	0.0833444805741902	51
-0.100341115077718	0.335178937466651	51
0.0980016189260907	0.340518970314902	51
-0.0223285128656752	0.063475726514144	51
0.0945568422931625	0.316686222373365	51
0.0107347436956754	0.0263446423247471	51
-0.0143608752275617	0.0348757502762737	51
-0.0229516707873199	0.0589683823643096	51
-0.0445979358999254	0.114964625217009	51
0.100701926082433	0.318341968048581	51
-0.00287941472677705	0.00663973873746502	51
0.00967626986779148	0.0239838624368726	51
-0.103469539154186	0.300565579697898	51
0.0482572303293724	0.0987606055499088	51
0.103349701594173	0.24611182340645	51
-0.095976553364305	0.147681160378864	118
-0.0809957857008869	0.130598380276094	118
-0.0990041668069356	0.204189045234578	118
-0.119474874429541	0.2194321921202	118
-0.00670225543391724	0.0104763446908397	51
0.00885481186014099	0.0138626098733283	51
-0.0910464233484812	0.154896015360912	51
-0.042458574292939	0.0591955647223982	51
0.0786448331174507	0.0820175272881574	7
-0.0780622069430006	0.11659575921177	7
-0.0485116434464023	0.0758368635713329	7
-0.0822146989548173	0.150679335189677	7
-0.0582322033455063	0.0951020332414659	7
0.0240336431119056	0.0357029369565842	7
-0.0303855754175692	0.0423595116217248	7
-0.0486332246272043	0.0740985133911824	7
-0.105235299952947	0.17157740489383	7
-0.00537676522271012	0.00698488966169473	7
0.0773253026356921	0.113315661507326	7
-0.0781782097495733	0.123052879858385	7
0.106756653465611	0.14700720873106	7
-0.0603894202701801	0.0847089630065876	7
0.092301116032247	0.128358358272663	7
-0.0233953590438231	0.0315783312201981	7
-0.0440322551007281	0.0615087112933148	7
-0.0225317601419314	0.0313247283210989	26
-0.0640727546604834	0.0925456766426405	26
0.0141744591103826	0.0191469646316259	26
-0.0375199726619973	0.047225338405598	7
-0.0847774801822027	0.126635665503151	7
0.0364379310725572	0.0527172291577659	120
0.0858277202664108	0.129757000781526	120
0.0573079954102041	0.0819132416340871	120
-0.0605667411046517	0.0820520974260101	120
0.00110300954562053	0.00143193226991588	1
-0.09918294651014	0.161648952388312	1
0.0271227602224388	0.0394451491498658	120
0.0392795266291838	0.0443145189962743	120
0.071042137393932	0.0878212323881659	1
-0.0456786980771389	0.0511474716826548	1
-0.00438966668576754	0.00531782666267833	1
-0.0788176115678515	0.107036446522222	1
-0.0262943793954404	0.0364355652093131	1
0.00661778461566007	0.00876470922675434	1
0.00599751941574128	0.008472708432327	1
0.00381279434998648	0.00449528515477938	1
-0.018017633764387	0.0271138043083802	1
-0.047178968232666	0.0717306211284269	1
0.0687363606865797	0.0930239894001861	28
-0.101537201032413	0.169509249361507	1
0.0493191925635444	0.0791493937385981	1
-0.060427254551288	0.0922664016269627	1
-0.037329097045828	0.0400349122938838	1
-0.0162825745533174	0.0232453138449826	1
-0.0542036639599391	0.0708924309796785	28
-0.0287767057706794	0.0361973896923888	28
-0.013876921778441	0.0168361293235309	1
-0.0460966473107392	0.0516254577658163	1
-0.11625106240438	0.152857156588097	1
-0.0883266681869304	0.120062932058742	1
-0.119416082069311	0.162728499593853	1
-0.0726170524529453	0.0883638769673784	1
0.0632996852383639	0.465119159269096	51
0.0863773073211401	0.660252324797444	51
0.0485777861190572	0.291298711953903	51
0.0533115502037197	0.278112620036235	51
-0.104271105864459	0.597878269995651	51
0.0461280256967733	0.184477995592691	51
0.0310011191441004	0.106031930710319	51
0.0809693963108648	0.296696894510949	51
-0.0335676157171259	0.1100092982014	51
0.0602538754457066	0.196560984790816	51
0.0354645868665271	0.110760250779996	51
0.00619710970299347	0.0170937996368681	51
0.0866319529600976	0.348081204723125	51
0.0563647976564836	0.206075222013298	51
0.0217323846727195	0.0670639602909974	51
-0.0280852742489609	0.0888819681485757	51
-0.000819502350912782	0.00229689344312942	51
0.0967813001623749	0.376616903573828	51
0.0252364635104931	0.0768578992786213	51
0.117958492112399	0.467963600695825	51
0.0187563999766379	0.0551077012553209	51
-0.114478753539256	0.439409639935659	51
-0.0336811341590686	0.100129072833338	51
-0.0825501999149407	0.281395774749042	51
-0.0144891117929276	0.0419486793498073	51
0.0193243952171614	0.0575727932108801	51
0.0635776326322861	0.205801693120733	51
0.0864942974165113	0.287172601546598	51
-0.124556279791158	0.430270020951798	51
0.0299057988880151	0.0823671301431897	51
0.047772294502816	0.131417452759106	51
0.0962153354555469	0.303490437485017	51
0.017592505924493	0.0486565762951717	51
-0.0225088186321971	0.0602800111940508	51
-0.124193002946503	0.348901302572732	51
-0.0795558069127007	0.216062035193671	51
0.0536359368105816	0.148128658798458	51
-0.0589343840776421	0.148928640994649	51
-0.0602490898818724	0.166564005065127	51
-0.124415130251814	0.410147384116013	51
-0.110279057960094	0.388826436507195	51
-0.0765695724145713	0.239408609389026	51
0.0113834870428262	0.0297572325532546	51
0.0138394629007652	0.0332502785824378	51
0.103776854142698	0.273808779285244	51
0.0211150357175309	0.0453021666995349	51
0.0471330924360631	0.128428323946876	51
0.0226388316062658	0.0537203746156904	51
-0.022489057884004	0.0450443374302139	51
0.0798669474085977	0.0697287565054576	118
-0.0487138875026153	0.0843698298255387	51
0.00506683364961268	0.00880182694400282	51
0.0567230668969757	0.105956886297393	118
-0.0215499485345655	0.033929540417906	118
-0.00997517953236833	0.0142082361662457	51
-0.0568661681423199	0.0887484004042001	51
-0.0614323294039679	0.105024754177236	51
0.116962069007976	0.213482066515826	50
-0.0861976970197038	0.149257650800694	51
-0.0224082128269959	0.0261276998274992	50
-0.00640380601898576	0.0102107530104965	7
0.0712114226519102	0.118908545535111	51
0.0988337683113364	0.174488917017589	51
-0.0852139784038166	0.127368838412836	7
0.00323140381193506	0.00450319765079183	7
-0.0783496267032674	0.132606218574161	7
-0.0824707385460894	0.126780755373717	7
0.0601781076661065	0.0907177928469275	7
0.045413623203202	0.0625847576813012	7
0.0348033310355402	0.0546701385436309	7
0.0497715472890362	0.0609733239154553	7
-0.119865777703426	0.163402692488562	7
0.0104623604251577	0.0157233093259486	7
0.0856946654269765	0.134910530603923	7
-0.0488182505923013	0.0702483719991789	7
0.12446585673948	0.203865859516616	7
0.0621998272033794	0.0865624622175499	7
0.0305999744669808	0.043506130532265	7
-0.00895530216824448	0.0130606366548433	7
0.0946242100303166	0.085668849939801	7
-0.0528524935725279	0.0538526354943036	7
0.0559204757360779	0.0549535803902198	109
-0.0152576301994077	0.0192232686568599	7
-0.0801475703680585	0.126514705730068	7
0.10041515383726	0.165807466940779	7
-0.0955701026675445	0.138516465105606	26
0.0896826076439121	0.130480196103691	26
0.0185413398681766	0.0254461182763614	26
-0.0680251785114621	0.0920824427476825	26
-0.00461725208837789	0.00579801888393038	26
-0.065052505927849	0.0940835755967839	7
0.114899338326053	0.182142673492649	7
-0.0887359814233833	0.143529927341618	7
0.0790080473605555	0.10549591793611	26
0.0224095200388062	0.0266316721410679	26
-0.0593802962486195	0.0878770830905448	120
-0.118080823676649	0.188226067544272	120
-0.0279833662108584	0.0411390694588374	120
0.0509422520173906	0.0624901276114098	120
-0.0210731028553368	0.0245297690373328	120
-0.00448627284985772	0.00638006114326318	120
0.102486092916808	0.130910616048526	1
0.0678753593652019	0.0961901294117013	1
-0.117279931249482	0.171029981004435	1
-0.111628371349776	0.172146248792139	1
0.0155860961142222	0.0181292624014602	1
-0.0473190200767938	0.071956919329205	1
-0.0786278944639349	0.123842625083693	1
-0.0859913177660173	0.113129918145416	1
0.0560214809744849	0.0764971516707046	1
-0.029447832797263	0.0433896316260966	1
-0.0503179402685326	0.0725544594168287	1
0.024364077160294	0.023747817823832	28
0.0160343086564564	0.0186571401488207	28
0.00496902559881093	0.00563940422565788	28
-0.0368788620244786	0.0395318162537257	1
0.0564273331482141	0.0554766473886246	1
-0.0450698308439609	0.0504281365426955	1
0.0977687978143051	0.138542358026045	4
-0.0898683339551762	0.105085214932687	4
0.0253266876164069	0.0329228780775061	4
-0.0441632631087783	0.0616863131810945	1
-0.114373908171332	0.128354162202509	1
0.100627441876076	0.880853915837874	51
0.0455150492861419	0.29564697508093	51
0.0204028215023693	0.0970858258041449	51
0.0392565587390452	0.173170671007663	51
0.0106368598474331	0.043162570538065	51
0.0979169802537229	0.490405118491267	51
0.051932259027871	0.197057525634907	51
0.0808226303112365	0.315134174938781	51
0.0542251612196391	0.194513182253998	51
0.095081945322413	0.367246916791978	51
-0.0266493583937899	0.0827221427875981	51
-0.0769164640401653	0.28535771741333	51
0.0200285882949594	0.060056572990794	51
0.00490365279792363	0.014115630184872	51
0.0172411970681144	0.0512599671707807	51
0.0435661360171248	0.148973156817088	51
-0.0316272166696488	0.100516072825718	51
-0.017580530135709	0.0546487027752931	51
-0.0739294582306639	0.249172647862648	51
0.0984744380271458	0.379953620931472	51
0.0499857893542142	0.169445934925932	51
-0.00475906058245069	0.0137519945303423	51
-0.026018614685064	0.0776401634860446	51
0.0698734302779279	0.250247054273241	51
0.0970026399292959	0.377044403110167	51
-0.0804191984532685	0.281179762828224	51
0.0335082792870845	0.0987006600027687	51
-0.06899976761502	0.236896442941852	51
-0.0543443401743652	0.167564813989181	51
0.0538939962820058	0.150495571253629	51
-0.0535585544456931	0.148184802947355	51
0.0369656403398509	0.107378864464506	51
0.0299501792552196	0.0869535925592604	51
-0.0998847862594384	0.335397014819235	51
0.00418323963924612	0.00984289259270946	51
-0.0804459965594497	0.244104700478657	51
0.0455124328043494	0.13365180419763	51
0.0358513517748314	0.104498859438051	51
0.0977630391177576	0.349851797874564	51
0.0844114320043358	0.218104997373753	51
0.0641475798441769	0.142180581341362	51
-0.027467475789706	0.054560532498824	51
-0.0494768698984261	0.136986095663251	51
-0.0201842738209592	0.0521902175384469	51
-0.0673195804148384	0.118107144943645	51
-0.11109882246977	0.105922481373063	118
-0.0397223336828933	0.0405671122018816	118
-0.103300294895661	0.176337584196833	118
-0.0985733697979874	0.193342720758552	51
0.0458590816012499	0.0846187589834105	51
-0.114858732320313	0.239303466286153	51
-0.121672373294923	0.218436999516105	51
0.0115334041010077	0.0138927990036365	51
-0.117997654010498	0.138225755469638	51
-0.0623930810345974	0.113317941705765	51
0.115184412334636	0.20102748060184	51
-0.0304509749438186	0.0522807399146921	7
-0.107349268091639	0.166178610604234	7
-0.0738178334695659	0.116366944459006	7
0.0549982712794867	0.0714548452427801	7
0.00489283358584347	0.00739772406219955	7
0.0989456963041974	0.180316451098754	7
-0.0352873453007213	0.0570272393674996	7
0.0261823689586055	0.0412143646293734	7
-0.0635862177962393	0.0994790405550098	7
0.0442636297885983	0.0676915238243718	7
-0.0297310101363071	0.0360203154763405	7
-0.0288436724456547	0.0413248598411045	7
-0.054431566229582	0.0635888416308258	7
-0.041282436201685	0.0398265777119842	7
-0.0580898295044429	0.0650983865199122	7
-0.0739197166739527	0.0900608824522259	7
0.0289503948592016	0.0410543612677346	7
-0.0751642365384098	0.111759616504298	7
0.0703281536648332	0.117277210220412	7
0.0329154614804706	0.0385032384003017	26
0.0774178388409659	0.127256966582689	26
-0.0860053685437073	0.124322319302023	26
0.120460382514742	0.194310158104316	26
0.0787421041379375	0.120474953124028	26
-0.0140968452734115	0.0195110936724426	7
-0.0786707208101578	0.0995225408826461	7
-0.0828980892151879	0.100778758480386	7
0.0743515889995379	0.0974623923673716	26
-0.0299451100418688	0.0417300973588741	120
-0.0212599882747319	0.0303536686206688	120
-0.121136109224389	0.187352622013655	120
-0.0220998225498704	0.0288295281924907	120
-0.0129514249235909	0.0162741117174219	120
-0.0783676685221111	0.0916954817140434	120
-0.0279568769131316	0.0286185862325565	120
-0.121720546883817	0.148450080449718	1
-0.0431219394973407	0.050331527070168	1
-0.0636644428498987	0.0833703849304309	1
0.0020259423084569	0.00288787022045851	1
-0.0944444260302742	0.133055360498918	1
0.0475376854501409	0.0736436389319394	1
0.0186671022177342	0.020020263675751	1
0.0635083763726472	0.0767743209979525	1
0.0264259520520165	0.0383947474916909	1
0.0774590024065971	0.118326332219149	1
0.0989539667083627	0.155398017052069	28
-0.0268932652800031	0.0361735516638778	1
0.0273198772627449	0.0421078251792537	28
-0.00202681391185511	0.00197172498414698	28
-0.00259366091939113	0.00290518888300472	28
0.043004898677638	0.046543163456857	28
-0.0585685672261225	0.0740371378840295	28
0.0679464211937687	0.096282905143699	28
-0.00201918076084196	0.00287081514226185	28
0.112173947350375	0.157463078115775	28
0.0293009028440545	0.0369358415640862	1
0.0501800403338931	0.0703229233151835	1
0.0103303142129251	0.0142874139527159	1
0.10353412002795	0.124666278481827	4
0.0610776878926794	0.0848774413262481	4
-0.0294582296249576	0.038446931326548	4
0.0793732927416936	0.11663918249867	4
0.0997444541827199	0.150240529844013	1
0.0310995633346535	0.0378212757926954	1
0.0124314988251626	0.0117619184283338	1
0.0804984575885373	0.641705468492508	51
0.0657621074987167	0.461609163801533	51
0.0439025207625829	0.236320550450439	51
0.0648748890558824	0.400766160539778	51
0.0328418061498285	0.15369640606352	51
0.0278451071968229	0.104499412543082	51
0.0418644931852632	0.16163848724194	51
0.0531427767269255	0.206198258194049	51
0.0776301503921551	0.314117274773567	51
-0.00702793438548954	0.0206993953381527	51
-0.0566607732050441	0.199560498409447	51
0.086697234612868	0.35683215386912	51
-0.0723704773662145	0.273452118316307	51
0.123709324270047	0.507319080679103	51
0.0735884026659717	0.270946483533567	51
0.0393914352846145	0.136349756649518	51
-0.11307795741003	0.456997796376893	51
-0.0364912423313676	0.115269380048758	51
0.102026919486133	0.431225872723002	51
0.0357385353663313	0.115212364222231	51
0.056224569113564	0.181557668022728	51
-0.0234126544204302	0.067132741450113	51
0.124332167590548	0.518425691124608	51
-0.114919174043506	0.454169061382867	51
-0.0355297655698933	0.105463446719316	51
0.0977260303913352	0.354964725159835	51
0.091637448757063	0.257915276742392	51
0.0392034573458952	0.107594314300449	51
0.0381516204946333	0.108867619130627	51
0.0573648996163408	0.185642619006366	51
-0.11566764321197	0.406047159800621	51
0.0578009586541779	0.173658246593939	51
0.00385650554738558	0.00758696688800705	51
-0.0443619868865981	0.111246733129714	51
0.111595200451066	0.378515902204749	51
0.110383286713226	0.412771431993186	51
-0.0541118066413166	0.169477307237149	51
-0.0374375484902685	0.102687335415295	51
-0.101496542955942	0.287690129185743	51
-0.0946948682013191	0.233004034486344	51
-0.0282102485521722	0.0552855106965147	51
0.124197704902104	0.326359777676065	51
-0.0851478537966805	0.19557485524933	51
0.0560985823453103	0.175861237015699	51
0.101341766392994	0.356940616500645	51
-0.0865193206712754	0.271056433930129	51
-0.0837685508953477	0.148011719256004	51
-0.10667550929477	0.082215679597106	118
-0.0225948588543591	0.0500451144699405	51
-0.0998838650745272	0.222501408923953	118
-0.0986946916855575	0.238664499682981	118
0.119841802843277	0.262209816870782	51
-0.0168095207474166	0.0240142531669463	51
0.0128662706035417	0.0216305465053358	51
0.120754384508385	0.204787965091583	50
-0.0538560412622512	0.0842934443768885	51
-0.0645450621153879	0.11518287415335	51
-0.0128779419349652	0.0184088977286029	51
0.108169485980674	0.15892319037488	51
0.100612468995241	0.151715212528474	51
-0.00516531902862179	0.0073509406318277	7
0.119582525938841	0.19267375564683	7
0.0894412074856441	0.178453251948323	7
0.116530439365787	0.155479644978458	7
-0.110286447669344	0.165593377722832	7
-0.0444008442251678	0.0579152039039494	7
-0.0955669657958782	0.162466602079148	7
-0.0357060155692114	0.0615272569107734	7
-0.066470927061141	0.113817338298963	7
0.00852640021656875	0.0136128775994198	79
0.0272314146245629	0.0406182904564195	7
-0.0856042662889472	0.135074018540682	7
0.0718184802909422	0.112069984122807	7
-0.0873315772541051	0.144972228458467	7
0.0865335629207736	0.111883471789801	7
0.0784776082913933	0.104717253040693	7
0.10735507971117	0.139826348692409	109
-0.0834690799323475	0.117172305505043	7
0.0940673696308853	0.163589464114105	7
-0.100856165694959	0.159832146158295	26
0.00785587119670096	0.0127741017063717	26
0.00719264213267977	0.0101736937984756	26
0.0186252969950824	0.0255625477830536	26
-0.116189949080157	0.16929588636388	7
-0.124218491528507	0.213432400334829	7
-0.00489387670423327	0.00677631115744159	7
-0.0885227690438077	0.136032805637411	7
0.0021329101365032	0.00304057947169923	120
-0.0727053048790638	0.0952268469478031	120
-0.1089651407569	0.206645723798807	120
0.0638779474717878	0.100405591427278	120
-0.0895194359561525	0.113292670876746	120
-0.0245649094917307	0.0263238100703332	120
0.061834999980664	0.117218852606593	1
-0.0504008788412537	0.0703676487751459	1
0.0428405447991861	0.0631091242376811	1
0.0418160289463229	0.0615122950175827	1
-0.0485472907236159	0.0698308368190978	1
-0.0891524161029444	0.144378108559991	1
-0.024622618347763	0.0395800861060187	1
0.114409678517393	0.132557312965337	1
-0.110002859071248	0.134262119110184	1
-0.123992062486026	0.208538765820251	1
0.0917237947373946	0.174082454170048	28
0.120764373286521	0.239394900004777	28
0.0632298024358013	0.10272221677819	28
-0.0100281710426793	0.0160033894602753	28
-0.0960362765393692	0.116937126934166	28
0.00904109814335361	0.0128163511394685	28
-0.00389779697280633	0.0039915923765781	28
-0.0357258350653123	0.0512897251559505	28
0.00247774402309461	0.00312655178399445	1
-0.11019787588189	0.200941764839197	1
-0.0540212102245663	0.0551082233897741	4
0.121918661272508	0.177488378999714	4
0.0545356087473368	0.090971822241144	4
-0.0220366312139712	0.0277494718367375	1
-0.0132689047260386	0.0172584430974511	1
-0.0844721157539741	0.0947515889363712	1
0.0866813588699948	0.708530757408322	51
0.0936312572178134	0.765160295437635	51
0.0172243777675225	0.0927210007176455	51
0.114671089275468	0.812516863828284	51
-0.0118092695471181	0.0445112033102419	51
0.0355492203823214	0.132678029775252	51
0.0786189050956746	0.322866631240207	51
-0.00825866514266422	0.0253106779304593	51
0.0222488899973709	0.0704846403847201	51
-0.0116393303144012	0.0356658150519282	51
0.0903546508119731	0.342529104753916	51
0.117605855266335	0.526027212534579	51
-0.00109612526765794	0.00350303812246563	51
-0.0779284796295752	0.309729311816166	51
-0.117012607375389	0.479190808409115	51
0.0994417080438582	0.409652533942107	51
-0.0327803455056071	0.106988350695739	51
0.0117807627279887	0.0361948037234774	51
0.0295130878379393	0.097777963090744	51
-0.0353860028859626	0.114949724693189	51
0.0765331723654835	0.268708477702829	51
-0.0594364875014092	0.178059782230225	51
0.0821743367488192	0.284442752798083	51
-0.0507274903702084	0.164093055927275	51
-0.109307134898882	0.409384619574598	51
0.0800674133221752	0.277192368136457	51
0.0323956263206217	0.0956945888213184	51
0.00781540666757356	0.0206929856163896	51
-0.0844825924274895	0.265142555164753	51
0.0500277692152265	0.137650342392818	51
-0.0540623362054681	0.15883475751919	51
-0.0154968729520506	0.0411046747144353	51
0.0413732819179503	0.0999620953761968	51
0.0206719083796836	0.0529662481201905	51
-0.00570594013474229	0.0137716745422475	51
0.115712415258661	0.334719866760154	51
-0.0609682526331004	0.167364105327286	51
0.00410316401100498	0.00957091026735288	51
-0.0233941192266787	0.0612038430183885	51
0.0107566374700212	0.0296029141496605	51
0.0175404880138524	0.0453153119753466	51
0.115779855348837	0.391744330349036	51
0.0433087978071521	0.124238570174838	51
0.0980955412844325	0.327910505799079	51
0.124179658475332	0.444415968031798	51
0.119451959304837	0.385736415070057	51
-0.0464238689736163	0.116975447691414	51
-0.0954314040506214	0.281835705060199	51
0.0441184448958965	0.116465166496299	51
0.120654891587334	0.397706846816986	51
-0.114656889614841	0.387182357495591	51
0.0694268098575509	0.215368427379292	51
-0.0144801874000644	0.0284536986740229	51
0.0200411274723873	0.0215156410096731	51
0.0581805789333855	0.0617850235443118	51
0.0974884574659535	0.144846104405374	51
0.0967735167710509	0.157586738018329	51
-0.0398140047204963	0.0788172728388349	51
-0.0271960838580841	0.0499101682304089	51
-0.061528868596219	0.101043908758237	51
0.0150535571096752	0.0275118740952612	51
0.120427843214882	0.222656852277371	51
0.022897257687063	0.0374224680252555	51
0.0151712521258424	0.0218810761676081	51
0.0594379551053427	0.103606751510624	51
0.0748489991486944	0.134506341537025	51
-0.0825518794854031	0.145588782953656	51
0.0783069473948233	0.134176957121427	51
-0.0554536711389975	0.0847038110094304	51
0.109483875984872	0.142948404917983	51
-0.0336818938211264	0.0409883116987495	51
-0.00342375682154263	0.00350661847721731	51
0.0178324031567628	0.0292940986499075	51
-0.00131963314919985	0.00196648149489264	51
0.000586578549636087	0.000854473457595331	7
-0.0397394680315303	0.064687705435393	7
-0.0001175842375501	0.000163863883802902	7
0.0509270755776616	0.0714456621165046	7
0.118461855891411	0.232319021813892	7
0.0402176471426996	0.0544621931062693	7
-0.0763570313134732	0.123194934890669	7
-0.00486248524712217	0.00653678049407021	7
0.0669543955335158	0.0989032552972458	7
-0.0016063573431373	0.00233626817039061	7
0.0878875813831687	0.120069168748847	79
0.110899379505366	0.190674920370792	7
0.0249279987474868	0.0370822257746484	7
-0.0463946205613871	0.0741034362704073	7
0.0164568727987477	0.0216193398414534	7
0.101517116338589	0.103662830875544	7
0.0790198629104092	0.0758488182491419	7
-0.0167598331355144	0.0285331803253932	7
0.021472923829299	0.0340482315522838	7
-0.0604876200782215	0.0923615339696201	7
0.035994872089358	0.0570582094677928	7
0.108848069254163	0.185097667651808	26
-0.00212589430703015	0.00293919207772565	26
-0.00408953649515237	0.00565807217588331	26
0.0903477699423564	0.144477274454347	26
-0.122644683387077	0.173017090157335	7
-0.0976280406554469	0.150583188484323	7
-0.060285019533831	0.0816385836611324	7
0.0252005402011268	0.0352211309217477	7
-0.123666757139305	0.207883548326682	120
0.114950945738399	0.191618213429175	120
0.099864266563708	0.150445804535105	120
-0.0928833317607902	0.146830571919919	1
-0.112448094855163	0.193060989564437	1
-0.0851818903624989	0.119847741315554	1
-0.0378468309390147	0.0406118744270972	1
-0.0356830491289693	0.0497176560342291	1
0.0214313305643346	0.0264332742688883	1
-0.0981282168981831	0.142722096836237	1
0.0255719101323202	0.0332516918541732	1
-0.105859840893137	0.176362334642876	1
0.009555482999971	0.0132031898515494	28
-0.101967550087215	0.103445038490288	28
0.118556598240094	0.180575703733598	28
-0.0694922880632023	0.0942565681214258	28
0.0726749079051038	0.109238871194123	28
0.0290021704772333	0.0422927231182008	28
-0.123165474744436	0.150429581315426	1
0.0693136335787673	0.098407049823966	4
-0.100594283596733	0.167684926152397	1
0.0381254989995762	0.0552836584712017	1
0.0341709474319834	0.0438553042462626	1
-0.0671938757983969	0.0848520044401706	1
0.0760590198822471	0.59396623948279	51
0.0675661745476568	0.486351739554446	51
-0.0179204377488309	0.0849508534572844	51
0.0657555089309197	0.305712505868223	51
0.0210223783838226	0.0721979713849024	51
0.123156992464867	0.619509738203504	51
-0.12466673908817	0.572048350449886	51
0.044768855336776	0.15939141878448	51
-0.0740391897345716	0.265449931235597	51
0.0138612222044564	0.0367509745042381	51
0.017119281962026	0.0534910664170003	51
-0.0305815380618232	0.115713334729492	51
-0.0688336732572177	0.285882724354047	51
0.0853023305869762	0.375010214491106	51
-0.0114529401941892	0.0318203811470686	51
-0.0056108692154847	0.0174266312137055	51
-0.00364742874760353	0.0118706374327275	51
0.0256863244096605	0.0890726595447229	51
-0.0480670934767112	0.144560053561986	51
0.0805485277349182	0.276453192846202	51
0.0596929956601056	0.176839419673791	51
0.0948948384252082	0.348010473540277	51
-0.00329595636422331	0.00949158936886614	51
0.0785432745386904	0.300225124676151	51
0.00474182893198376	0.0127624729632378	51
0.0468963029403673	0.151054475394925	51
-0.120004890283093	0.471513872999628	51
0.0151501222084593	0.0421555255697822	51
0.104979950056895	0.355227433885882	51
0.0608685825684217	0.187885169430172	51
0.0469756561735745	0.143925887537573	51
-0.0621553543020175	0.124938387714481	51
-0.0358980481213629	0.0980412519745643	51
0.0271733540322801	0.0726262719000533	51
0.116704464678531	0.335245705953655	51
-0.0194657169955659	0.055982419612684	51
0.0758569845549303	0.255506815597022	51
0.0861456761998547	0.280817017561892	51
0.10964009996861	0.400171206283416	51
-0.0550297438284925	0.175495067986147	51
0.0029586335023355	0.00777782536664201	51
0.0771589362671367	0.252895513967175	51
0.00907003990284992	0.0230555168741053	51
0.0776489612491606	0.247880431004341	51
-0.0385502713058521	0.112027336376845	51
0.0236760514797669	0.0582919760587837	51
-0.0906902436217125	0.28530067504656	51
-0.0373743672293685	0.09104067978528	51
-0.0344522858867998	0.0934718085445298	51
0.110169440944035	0.135574189516224	51
-0.100504945098022	0.167522013782879	170
0.0594440668376069	0.10432694683067	170
-0.0427728184794439	0.061536297219563	51
0.113972749655586	0.196899353167425	51
0.0221420116214654	0.0336036567770985	51
0.113250445778957	0.240764573773559	51
-0.0661665720164534	0.120225586444656	51
-0.0824913850147123	0.154599873514619	51
-0.00912339357844329	0.0160178439265129	51
0.0381769727526701	0.0743406749071717	51
-0.0432208329878121	0.0686913650297645	51
0.0532415070833507	0.0478364760659379	51
-0.116803676342659	0.0971828656265416	51
0.0442331964767312	0.0140330820329107	51
0.0417682856250757	0.0760708298629315	51
0.0591943646673538	0.106058078796874	51
0.0944158886011002	0.15320340408762	51
-0.0235340149226236	0.0371690799640875	7
0.0160136073780722	0.0249945367641019	7
0.0320305319091225	0.0512574203675898	7
0.0938897337247633	0.157854460940479	7
-0.109903472251073	0.200270267237759	7
-0.0772572011160942	0.133710748956636	7
-0.075012654882215	0.134581549049299	7
-0.0907633962515906	0.154324457390639	7
0.0406275348195332	0.0633421040962959	7
-0.0950907954025649	0.168739637046517	7
-0.0424359390031291	0.0689591456960959	7
-0.0015470221870832	0.00240990824028359	7
0.0995952428965259	0.156531387405602	79
0.0949085965521529	0.166498857794667	79
0.106409644954759	0.172075748100125	79
-0.0529962169638724	0.0884966122248176	7
-0.0822948536307032	0.142627516907456	7
-0.0527985872610018	0.0934718435512686	7
-0.0350817987085553	0.025239317155174	7
0.10754609776642	0.100738706443922	109
0.0693699640485109	0.128870472601099	7
0.0707613314135814	0.121825190274287	7
0.111792079949109	0.156856213332177	77
-0.0708997021051334	0.079491554663568	7
0.023869762382803	0.0333115757319245	26
-0.10675476112192	0.165148769760218	7
-0.0564182010952037	0.0838457255623234	7
-0.0211824460087823	0.0318310272400673	7
0.0623424446899332	0.0906237492215583	7
-0.0950295063831204	0.158370261832501	7
0.0816005666073485	0.131386279957653	26
0.11718530194386	0.220947893392994	26
-0.0521471608361056	0.0869506011811917	26
0.114638813733496	0.206903203062586	26
0.0673007433789369	0.110870082239693	120
-0.0792485818744469	0.136630683119154	120
0.0897455623706653	0.153878075970682	120
0.0762039018245275	0.14503622729704	120
-0.00570061038325424	0.00851982948450838	120
0.0480513103457516	0.0496676962904459	4
-0.0443921125668959	0.0496222340213186	4
-0.119548741200343	0.209866055462804	1
0.118391522753118	0.207492979689912	1
0.0991803425804143	0.133627942996266	1
0.0725369705845447	0.0998193958528191	1
-0.0637912097237836	0.0835313669493656	1
-0.052342910619575	0.0817397845815563	1
-0.123062168990751	0.206667762054116	1
-0.0384743152255542	0.0581424179104392	1
0.0125887170377334	0.0189718456414357	1
0.0789808859174425	0.0998787483585007	28
-0.0917641192820784	0.0981523989416089	28
0.0927825766096055	0.12245998745313	28
0.0803106886995309	0.138082650990004	28
-0.0954011223677532	0.169389874085345	1
-0.119429712726382	0.162763400775813	1
0.0786975306602466	0.0938517129214396	28
-0.096163699741048	0.139491139915717	4
0.123125817421166	0.246631552905961	4
-0.0461556009423512	0.0736699590739911	4
0.0939773480642442	0.180204917286159	4
-0.0164994589076595	0.0229168116112579	1
-0.0343822848518642	0.0478135444099615	1
0.0708022023245605	0.537345183899046	51
0.038648543985186	0.23941314415193	51
0.00567423695981457	0.0240146482390267	51
-0.0459607152012272	0.197322069957173	51
0.0942856847247848	0.440228927159026	51
0.0424539741434513	0.163373695181078	51
0.0305431078422291	0.114182142075192	51
-0.0303716642433098	0.10661607840062	51
0.061667141040369	0.240740967499565	51
0.102404074035724	0.440208981512628	51
0.0767739909080235	0.302743335867461	51
0.0466622064615295	0.176100700344497	51
-0.0059481476038487	0.0190912454921506	51
0.00491661413332652	0.0153076722168459	51
0.101771668953657	0.438032309534568	51
-0.039111236926008	0.131525199736498	51
-0.123019810164363	0.520032880378795	51
0.110706511778049	0.441360801364222	51
-0.0493147243889167	0.166258714859354	51
0.088577366535939	0.352243118123392	51
0.0331577595856018	0.103900751713957	51
-0.066725577603199	0.227333746137585	51
-0.0905801470605125	0.339874962270886	51
-0.0748181563816941	0.261889623257295	51
-0.0431057595918528	0.129797959278395	51
0.0196146000549977	0.0581505456311686	51
0.0760659566513347	0.257181788828161	51
-0.0492758784262373	0.143478230305298	51
-0.0381318125200915	0.105468070594807	51
-0.0996041775822829	0.321628531991039	51
0.10991638045644	0.389745229360753	51
-0.0665784930855972	0.189957821820572	51
-0.0107081467471879	0.0257694074248643	51
0.0763470081439635	0.19402290382543	51
-0.0246529073553351	0.066027992952143	51
-0.0350086347732623	0.091634483326272	51
0.0524675550470102	0.137426784983369	51
-0.0301382667196216	0.075410022556484	51
0.0236270535047874	0.0540544314883325	51
0.0136918003023473	0.0356665519597874	51
0.0384327326305629	0.107607376367401	51
0.00899763794482325	0.0238629209345554	51
-0.00988077757197939	0.018763468313996	51
0.0904131685562802	0.190842455434386	51
0.105729054980569	0.0756045834341703	51
-0.11440427749316	0.166299536293902	170
-0.0780277282153283	0.148186146347557	170
-0.0632062260669892	0.134655752942405	170
-0.022838673372483	0.0464248090991349	51
0.0841612671703095	0.164399567564972	51
-0.0902522063893819	0.157235774874	51
-0.113250419705961	0.198507285907458	51
-0.0615945606392874	0.101168141068282	51
-0.0431036960359966	0.0743645115309095	51
-0.00654731037500516	0.0100154845365727	51
-0.108261271775976	0.131915064870557	51
0.0483604018194617	0.0857114630082509	51
0.0422222205476413	0.0801678314014227	51
0.0389462993284839	0.0586139667960536	51
0.082994026140758	0.143241573140683	7
0.0112102571392611	0.0139931906847435	7
-0.0901886047777366	0.153236525131256	7
0.0979688497773425	0.179520586918104	7
0.0575505215195883	0.0919712068736927	79
0.0136393311233647	0.0212136270230734	79
0.0113532837818301	0.0162872687990619	79
-0.115933386649055	0.20395399817025	7
0.0718516090186979	0.120103486723418	7
-0.00833900393707734	0.0115371844879152	7
-0.0295314556613925	0.0478461571552993	7
-0.0471684862706035	0.0594390093219357	7
0.097434983815459	0.152695773795723	7
0.0333316447870463	0.0351551916723242	7
-0.0154726623829032	0.0166090270887116	7
-0.00847942449398378	0.0130049996951159	7
0.0299444800909529	0.0452380084556585	7
-0.0217181296191589	0.032651500814358	7
0.123312732645659	0.211778032413769	77
-0.0724052957332506	0.113907393223939	7
0.0779573010776747	0.0984502232375352	26
0.00233291657540824	0.00317143781419191	26
-0.120589612846645	0.164566902697459	7
0.00863669041383752	0.0122352340220479	7
0.0683565525903865	0.101165445763902	7
0.108791242363542	0.184998152353965	26
-0.0299878317041011	0.0405052519930529	120
0.0507923495324446	0.0712434602292206	120
-0.0841835042988868	0.125640612107116	120
0.0632841934827578	0.099394881482279	1
0.118416581039583	0.180328456902447	4
0.0927236559648372	0.12901087535728	4
-0.0771320625802562	0.11506587968794	4
-0.0001175842375501	0.000163863883802902	4
0.113895752409405	0.189567822154951	4
-0.0976704277980189	0.141966765135076	1
0.0157119226133565	0.0239662002043715	1
-0.0976947856578647	0.158885544129073	1
0.123818472509067	0.222419809847075	1
-0.123769754939207	0.17482973833193	1
0.0194069139310297	0.0198645174393381	1
0.118674449436242	0.200669077200799	28
0.0474580307278629	0.0777334272410976	28
0.0751936037134506	0.12318013976409	28
0.0791225922229146	0.0825402872273859	28
0.012240473947483	0.0169673382996492	28
0.0451159892178167	0.0621588246728222	28
-0.0350412876565184	0.0487790187225197	1
-0.0232551604511628	0.0260137954476797	1
-0.0127922748945002	0.0143068744969773	1
0.0149326114538306	0.0166626284401545	4
0.0415532057746887	0.0587970162620244	4
0.0707628855284207	0.118056766579566	4
0.0931722114676325	0.149589136512468	4
0.0873849354317043	0.11308422416339	4
0.0782569243196709	0.615563471077955	51
0.0655876932945135	0.475769738191391	51
-0.0380502967760456	0.212470613814085	51
0.0605310641703565	0.362398495379423	51
0.0413928395225123	0.213730118748625	51
0.0915356598561298	0.495325025525624	51
0.0674439385652631	0.299481205874522	51
0.0911217742203352	0.419037297100014	51
0.0768144198480845	0.336257382051115	51
0.111435395261118	0.546405393802218	51
0.082367331035326	0.309002282050876	51
-0.00737753212481246	0.0218348367481283	51
0.0339829117090956	0.106714000759751	51
-0.0790057412682608	0.26106251349444	51
0.0811682130689308	0.281030224167348	51
-0.0202170574757273	0.0632518612369793	51
0.074689441573564	0.268861975875167	51
-0.109252382033415	0.409674497128283	51
0.116913303964112	0.437504458950286	51
0.0367948217606131	0.105947805052887	51
0.0763702000970872	0.24977079163261	51
-0.0366070851512426	0.107927879719819	51
-0.0393473006098874	0.104522005328513	51
-0.0578346366066656	0.16342367810712	51
0.111654604079036	0.348068749578386	51
0.119062549559725	0.394345448107356	51
0.0486255206189187	0.136590596635158	51
0.00722076012661452	0.0195283390990461	51
-0.0969204801577631	0.300603132458758	51
0.099028743773994	0.304844564688145	51
0.0465350377816198	0.119042877898006	51
0.12369179570633	0.363528355605076	51
0.0295661297560525	0.0653911648781401	51
0.0396723320226432	0.0989137678976373	51
0.00628940170823051	0.0158631708566214	51
0.0178446327498459	0.0496085218600925	51
0.0104970900309603	0.022188359866669	51
-0.0245597364417829	0.0576466526229177	51
-0.122138053511832	0.397863227141013	51
-0.0164003980865582	0.0421331551596387	51
0.0952842230243452	0.290546794038376	51
0.0694977456975727	0.16837561338343	51
0.0936804521091	0.195318837318285	51
0.0153506413607378	0.0373434080765981	51
0.0985135878612023	0.154556476879417	51
-0.106332270735823	0.205416756897795	51
0.0826689770142991	0.128416002250635	51
0.0160365535998265	0.0250253197183688	51
0.0771426142627207	0.147934644460209	51
-0.108189007929249	0.25995231840926	51
0.0678341659009916	0.108154846382345	51
0.0783292430444032	0.104498625241084	51
0.105904212151581	0.185681430156312	51
0.0835201383125467	0.158682008821303	51
-0.0748621544472897	0.134277665294407	51
-0.0691657554033	0.118983011989387	51
-0.0504402576599577	0.0704753971813698	51
0.0773498488503736	0.086553110639621	51
-0.106308719344063	0.154583826654035	223
0.0623554490715463	0.124680143103214	51
0.0107619377071466	0.0161804226839963	51
0.0265622699181865	0.0418402252366903	51
0.0175198377158508	0.0246944668617598	51
-0.0741936612466686	0.103972399987714	7
-0.087301348338355	0.126434684808011	7
-0.0773944748994174	0.104892044433101	7
0.117156735186975	0.167494279565725	7
0.0238138207415446	0.0283385994295943	7
0.0387430716100998	0.0582814684187573	7
0.0403880931604622	0.0482858083443679	7
0.100884370309219	0.128659737624484	7
-0.044460256103074	0.060126241157632	7
-0.107869629500896	0.161397426210407	7
-0.00633358714786758	0.00968637523164253	7
-0.1050534245742	0.194619652410896	7
-0.102911024587845	0.167195235551214	7
-0.0911213512908981	0.143654645277071	7
0.0853902105536884	0.134371297702388	7
-0.0149494582821047	0.0201181473249083	7
0.0607519445226578	0.0942226796659796	7
-0.0401385238251558	0.0592055678189341	7
0.0445373450738249	0.0612614016182604	7
0.0790932530876376	0.105623576038828	7
-0.0717000505951027	0.125904975825069	7
-0.0652274869370017	0.106974133743783	7
-0.0887006586591202	0.15024497016027	7
0.0428108192369917	0.0587906317818911	26
0.0380083330853997	0.0513319069273721	26
-0.0168357363515996	0.0233932177765873	7
-0.0789096284136567	0.107170011187478	7
-0.0950717575272007	0.115665538153401	7
-0.0000996727728271922	0.000140170534312628	7
0.114656205176677	0.152696623956116	7
-0.0269979670929857	0.028994222731789	7
-0.0373527023074175	0.0400525356721826	7
-0.0541722762341612	0.0552667886652226	7
-0.0211136850836281	0.0292953627349115	120
-0.0551153319413233	0.0721677517802721	120
0.099867821199222	0.141837780937306	120
0.12290329896578	0.179151497896947	120
-0.0278422611822727	0.0269594239267724	120
0.0815850922881236	0.144957989439966	1
-0.114532231300677	0.20112022639108	1
0.0489124022874574	0.0712378939933895	1
-0.0975507213339715	0.173799181227343	1
-0.122016017564728	0.23691209166557	1
0.0158091900929167	0.0241313336929834	4
-0.078199502367843	0.128973068193499	4
0.106080056766762	0.171457467039982	4
0.118067341852134	0.199463198045044	4
0.0645251995622877	0.0978594911461969	1
0.0370536672105488	0.0417156227292671	1
-0.0523940104298045	0.0709200842918258	1
0.0634406397720125	0.106424466553981	28
0.063742536873386	0.106975625283932	28
-0.0131861167816685	0.0210369085981732	28
0.102152209600158	0.154336789354297	28
-0.020596160489823	0.0258949985723745	28
-0.0486810826984026	0.0678386718096104	28
-0.0997751663627384	0.126151623858211	28
-0.0212492370939229	0.0294895319823878	1
0.0386746966648184	0.0522781065346988	4
0.109417743325188	0.134530795625428	4
-0.0263894809788883	0.0283277353381187	4
0.0384278552656664	0.0519050140938782	4
-0.0438424021595853	0.0697522428171803	4
-0.0520894375823421	0.0791623970061539	4
-0.0621776776808262	0.0843997748173078	4
-0.0329109088727153	0.0384078401599937	4
0.109796931675271	0.999393589367457	51
0.0438331196636677	0.283183875550484	51
0.0192222572497081	0.10411967296467	51
0.0287537126073842	0.157743479933359	51
0.0123419981462423	0.0580411255764401	51
0.0736423424752571	0.425182352916267	51
-0.0545916507036322	0.253297533180487	51
0.0359095154424208	0.135926360797335	51
0.114225634184896	0.522793610555963	51
0.0854191897737415	0.285861658319816	51
-0.0394080880328172	0.123523502818347	51
-0.113950782563432	0.406079075504297	51
0.122422502732198	0.41300483028372	51
0.0734314841202447	0.247638299701693	51
-0.0554148159873199	0.180904157600171	51
0.123980995537803	0.459951875686037	51
-0.0141193780360493	0.0378418500550314	51
0.0824856415213247	0.254958993682634	51
-0.0202763064377713	0.0543407185121283	51
0.095610259851207	0.297718388282065	51
-0.0636824108296949	0.178101003299532	51
0.116823029063209	0.331782723375559	51
0.0248847985170657	0.0542588029196891	51
-0.0751601264197268	0.205570960917264	51
-0.00685930138687919	0.015721973132174	51
0.0465183692128239	0.12243930831485	51
0.0215976568437295	0.0507773658540592	51
0.0612257383935334	0.13687326427537	51
0.0722087379526176	0.216175158300359	51
-0.0364297438087139	0.103196121562077	51
-0.0511977898767199	0.132067512464298	51
-0.0840490694754818	0.192611520728215	51
0.00985717361385391	0.0177496351900092	51
0.0613724452453023	0.137275990307381	51
0.0888034191668825	0.256547571288025	51
-0.0473620727358247	0.132696930301491	51
0.00501500256936889	0.0105585564880789	51
-0.0486575962112084	0.0998097352063647	51
-0.0664796066821328	0.111949765395142	51
0.0312487232277302	0.071343854113609	51
-0.0519736364949238	0.128565707129028	51
-0.0324059891425038	0.0692500460847754	51
-0.0330504843185121	0.0401998554435948	51
0.114336390520428	0.190418545548093	51
-0.00433958973123785	0.00506018415395438	51
0.105283857213252	0.0752609092100529	458
0.0713610556924808	0.119190887839249	51
0.0456984693701074	0.0858332123819187	51
0.0244764266471802	0.034186265342707	51
0.0176497745469189	0.0263971495616143	51
0.00590426576711848	0.00874330965659883	51
0.0387798427226509	0.0524273892434693	51
-0.0113618082463097	0.0126895995576622	51
0.0388637191390978	0.0712985568557322	51
0.0116803742384056	0.0188720075984341	51
-0.0428445802518607	0.0521461638451347	51
0.0518517464681643	0.0861529404858291	31
0.0244678057945699	0.0445251265938505	31
-0.0997315815733154	0.198976518623142	223
-0.112522465721421	0.17376573570238	223
0.0280836003285151	0.0382581965555227	7
0.10911697411145	0.160525542025029	7
-0.112684679927184	0.158871834439036	7
-0.0159568619950051	0.016351576978571	7
-0.0647903356529927	0.0905477786702429	7
0.11632887896145	0.194254233327483	7
0.0465698387307445	0.0591619531704424	7
0.012362178290452	0.0149011079997558	7
0.0832122097908	0.124172967021026	7
0.036069939326608	0.0585101835275423	7
-0.0911235914850962	0.147989415093841	7
-0.0779615286490268	0.122671468546225	7
0.0646524654445879	0.120795947509408	109
-0.124804888215794	0.229404024322794	7
-0.114827471703034	0.166998605413962	7
-0.116215290380023	0.184761834066774	7
-0.0991283427104671	0.187414235152344	7
0.0716239739039389	0.123427827438148	77
0.0466369256601006	0.0802529701194471	77
-0.107500837065614	0.199990076435842	7
0.061085137521159	0.0956289991617635	7
0.0118933394902586	0.0148527157089393	26
-0.0294550537035478	0.0370813966637266	26
0.0331376965381759	0.0459026292873669	26
-0.108863781876969	0.190985567495829	7
-0.0139960940837634	0.0176119296960567	7
0.106705807862623	0.0999077453721912	26
-0.010461313400074	0.0140892884105375	120
0.0668669602655996	0.0676685387794082	262
0.0651378407809941	0.0834053828741865	1
0.0496247339948467	0.082144296824138	4
0.113427797333333	0.211066021930663	4
-0.0501211301175799	0.0699645766379627	4
0.110842698217181	0.182055188506591	4
0.0957152180161045	0.141902998535451	4
0.0366612649318574	0.0530540467827625	4
-0.0402334999159567	0.0609770993088806	1
0.117373852982067	0.147709048483729	1
0.0142531115399529	0.022189494825168	28
-0.103912048601003	0.174026184056589	1
0.0460741399257282	0.0730157259715517	28
0.116275144755802	0.112285515231799	28
-0.0709231580127386	0.0795239520928823	28
-0.0231552873366495	0.0322166775771879	1
-0.0000816754157288541	0.000116357852018649	1
0.0697905798482995	0.112477584723277	1
-0.00870916511194937	0.0133614605714737	1
0.116062410796791	0.165707213318234	4
-0.0844480031205506	0.094706004547974	4
-0.102083714635469	0.143636842397486	4
-0.0424638656755373	0.0628523555481353	199
-0.00349457796218391	0.0050915710676314	199
-0.103764247805182	0.13615600296923	4
0.0734106750078164	0.567541594586317	51
0.0879526464109747	0.711634901315782	51
0.0717774517271628	0.496450501371554	51
0.0753654396017218	0.491382703115969	51
0.0382081668697928	0.190781839438746	51
-0.0107086717085217	0.0413812818797207	51
-0.0340751574158116	0.1366012157453	51
0.0824725665113354	0.380352091881485	51
-0.0622055801529464	0.238072877046698	51
-0.0292870390578707	0.0841209007880007	51
-0.00895951502048735	0.0235776192317464	51
0.0368406662629963	0.0955365061579831	51
-0.102612848703354	0.26754352638761	51
0.0754716627088119	0.184987783095154	51
-0.0752675095393111	0.241529737714762	51
0.102055026418349	0.360672327573836	51
-0.0602136857311044	0.173954721525593	51
0.0781404900581708	0.242464302344846	51
0.0235632533611407	0.0543095110462717	51
0.0731150413483285	0.21727135387412	51
0.10030123317602	0.236306144266101	51
0.0376708885174535	0.104800558112246	51
0.0387961431931008	0.083781628837113	51
-0.0706029116680547	0.166691290474767	51
0.0774019933632257	0.2392032523393	51
0.0358349662894117	0.0968620939648653	51
-0.017930483630263	0.0418907312711863	51
0.051493774918007	0.114581705673859	51
0.0347789272994747	0.0680086177533367	51
-0.052235991003687	0.120857738577238	51
0.0839267704244064	0.247521913359409	51
-0.121672980090196	0.373954531321366	51
-0.0128317689586075	0.0293931957940089	51
-0.0404507996220406	0.0726819715023813	51
0.0341562029850205	0.0523378718848574	51
0.108986016437839	0.176828343147706	51
0.0863603407970424	0.117796489060388	51
0.0775687715188012	0.108650185375613	51
0.0500606921027401	0.0244553141996509	57
-0.0347260723723859	0.0249782927813198	170
-0.0793918273051595	0.0616565684239604	170
0.00407467558810071	0.00351905223980649	170
0.0074816693987265	0.0101966648287125	51
0.0496427869053831	0.102370136105553	51
-0.115522560301271	0.168190736187033	51
-0.0637018148686484	0.0888843060592629	51
-0.0537996627725241	0.070327041400842	51
-0.12016209603771	0.275717770368486	51
0.0761599692341429	0.148734830362049	31
-0.0559331250498641	0.0953768658271629	223
0.100898604187205	0.192745461000257	223
-0.052216774523031	0.0706721608447543	51
-0.10036138287986	0.126999182624587	51
-0.0646175215318356	0.0754200502086097	7
0.0947059853816532	0.111293447532595	7
0.100610401592098	0.102664516161496	7
0.0182915122644579	0.0163448361484835	7
0.0786690573012069	0.104980875532356	7
0.100350480451711	0.127893431332041	7
0.107601241341476	0.182640763115184	7
0.0958082823250223	0.112712438695614	7
0.0266248332606019	0.0346589328824708	7
-0.0280749676968236	0.0378268973803776	7
-0.0726219222224996	0.0951072226606124	7
0.0506012464875756	0.0620527233303631	7
-0.0297639181643988	0.0360630397664971	7
-0.0997594707683782	0.126147786701438	7
0.0899420633716655	0.154274359153497	7
-0.0371292845078127	0.054927215155173	7
-0.0600398005439779	0.0889552243014189	7
-0.0632782267361421	0.108524141279735	7
-0.0864647964646908	0.156046920443235	7
-0.0402586025184932	0.0625846452817194	7
-0.0274397149909041	0.028075846419727	26
0.0738039616365388	0.0967022333159568	26
0.00655414281336203	0.00529038888979812	26
0.0412896858296151	0.0606918591413001	7
0.0791782848041358	0.105748642051795	7
0.0233011721225232	0.0277149477564241	7
0.00905392100264243	0.00946406558366129	120
-0.00552355581405449	0.0069395789097046	262
-0.0588336683263097	0.0567019497111288	1
-0.113163851214904	0.126800687340752	1
-0.108816629196002	0.132663044019334	1
-0.0376843601426249	0.0597589505093696	1
-0.00874548497530469	0.0153433555257765	1
0.0320705974889871	0.0553394910363525	4
-0.0212300924923376	0.0311158261540678	4
0.0462415986855016	0.0664894767488448	4
0.0727098876510057	0.100059819714593	4
-0.101771337542814	0.161535580089884	1
-0.122757253680032	0.190285574496244	1
-0.0623017511858889	0.102436825882837	1
-0.0600552446061424	0.104736082454843	1
-0.0897129972678663	0.145403404770798	1
0.0358173937144611	0.0550239619862691	28
0.0974077637877567	0.107238075575097	28
-0.0929341024302301	0.0778048814458294	4
-0.106840691670201	0.155518578359268	1
0.00402831252949409	0.00634107990424025	1
-0.0514947192654908	0.0946420017354956	1
0.109571640863751	0.201186677771742	4
0.12498290962045	0.196046789942081	4
0.0253858316692852	0.0212695083805574	4
-0.0274171195007265	0.0280545973887975	4
0.0832444203071548	0.12419720418149	4
0.0298087667446465	0.0461145802221735	4
0.0784776082913933	0.104717253040693	4
-0.0723531390822952	0.12215765125151	199
0.0704502771008874	0.0820860853983683	4
0.100197518528819	0.873275189342221	51
0.0648837885266551	0.464409085052767	51
0.0341351274496566	0.191997773376152	51
0.0327964907874568	0.17047917393218	51
0.108043521050089	0.663640009422073	51
0.030719694558648	0.130036913596489	51
0.0848866724855458	0.410980264701752	51
0.0499203125924215	0.198173069100363	51
0.0838828999280546	0.348731052060146	51
-0.0442017587887734	0.140478165015774	51
0.100905485352339	0.358669131399123	51
-0.117648780350947	0.430839494433011	51
0.0471687313972225	0.140397920978557	51
0.0671675956929854	0.189990325019448	51
0.054268090463363	0.157232875591102	51
0.0549781491173557	0.170200442363711	51
-0.0518640544968557	0.140035966943059	51
0.0806285476276642	0.242606723567617	51
-0.0403115756914248	0.110446482737822	51
0.0731896490990841	0.206879310355259	51
0.0179308635572973	0.0449667413036729	51
0.0745832068578867	0.207486662400674	51
-0.0613947610420567	0.148492397721866	51
-0.0788857394350634	0.185259961059959	51
-0.0486250578642219	0.128277829595246	51
-0.10292021682498	0.297553822636113	51
0.0626758335749975	0.150409468501808	51
-0.0576034813866624	0.125700842574237	51
-0.0454077443792755	0.111690432281616	51
0.117066514851646	0.300680025138049	51
0.0149592099875094	0.0331844304912354	51
-0.00196644833047874	0.00451937893690221	51
0.0865714581628239	0.217880144263173	51
-0.0446442125619859	0.0829855346894464	51
0.023238190664001	0.0353256917206741	51
0.11275979136334	0.298435203336764	51
0.101461547491382	0.280637899174508	51
0.115240243059189	0.254821368348433	51
-0.0808944650843232	0.0726913088605272	170
-0.0853968788297708	0.0958766673640493	170
-0.105836223022684	0.219628648470818	51
0.101485070416681	0.167842270283275	51
0.000782455004713389	0.00116167846239702	51
0.0884895416336374	0.161224937586914	51
-0.0944339624709437	0.16441247711253	478
-0.103620100140402	0.159607757898018	478
-0.101707254862296	0.173156883562865	478
-0.0971924417342439	0.197029627258191	51
0.042705080279961	0.0745035696220233	51
-0.052780774196774	0.088086337973995	223
-0.0617273891684073	0.091694623309606	223
0.0372720374460436	0.0502678384565096	31
0.0723009147712638	0.104165719722741	31
0.0469676997909943	0.0542168244757116	7
-0.0218714748087421	0.0294696631902601	7
-0.0608790586972906	0.0825021199919584	7
-0.0524324265852107	0.0818933680357842	7
0.0418751894654797	0.0592624304890125	7
0.000253947032386756	0.00033016480236837	7
0.0857053571967813	0.116795412000478	7
-0.00217144401461466	0.00233281719308674	7
-0.0724325739602035	0.0813345608799154	7
-0.0686544701302107	0.102108142146262	7
-0.0638056976509875	0.0890433211643021	7
-0.0578319740047585	0.0808638181997732	7
0.102555958155741	0.155034972472566	7
0.0303836972928737	0.0415106946787894	7
0.0716492502577612	0.111789009803206	7
-0.0339471117305708	0.0396530116036868	7
0.0729170968793375	0.125974544330953	171
-0.0644612074741225	0.093154655235565	7
0.0166862072975643	0.0278923206909924	7
-0.0329606248899821	0.0522158453846902	7
0.0889624198540235	0.141950093029136	77
0.000734756908757303	0.00111248832282654	77
0.0798006915594047	0.128127794640469	77
0.120276570786865	0.183578870863229	7
-0.0260740490420291	0.0279823922024753	7
0.00105774164351937	0.000967196916103551	26
0.053570865677178	0.0595165390217535	26
0.0660339541583838	0.0846422066442637	26
-0.0660615897723189	0.0772350151354886	26
-0.114160155540427	0.165882667052772	7
-0.0445979748079569	0.0603303578875865	7
-0.057560966021873	0.055415438783857	7
0.012738118234237	0.0171789638113723	120
-0.0977751408747976	0.142128693089124	120
-0.0551623921826955	0.0881027545094938	1
-0.0527741565080496	0.088088083442998	1
0.0123702047831913	0.0186379248100873	4
-0.0382228907972047	0.0592031332513099	4
-0.0792316291132432	0.130899989197104	4
0.0356746709735813	0.0495862117691174	4
-0.0161984597453532	0.0224897150893382	1
0.0790932530876376	0.105623576038828	1
0.0384285249244581	0.0519164550107357	1
-0.116738803147526	0.185723927832631	1
0.0483657091179463	0.0817067246306068	1
0.0211796416083748	0.026120694124955	1
-0.0535694721355349	0.0769003919173482	1
-0.0982828917313426	0.110200940027976	1
-0.097461326593911	0.141634591408492	4
0.0440443813228385	0.0631288937615851	1
0.0716601918307263	0.0984911072161905	4
0.0359117343123568	0.0499246015073324	4
0.0972784404965504	0.137762070414933	4
0.0857904624673298	0.110804427070127	4
0.123219866264802	0.190810769773779	4
0.0382383842806903	0.246180907427415	51
0.0523139528008275	0.356308695831516	51
0.0179421404266999	0.094655071018979	51
-0.010959887033078	0.0495323913250087	51
-0.0207448069247553	0.0891211334360776	51
0.0238882367946607	0.0964648026367196	51
0.0559121285525706	0.240103980165201	51
-0.0197026793551906	0.0531441315285254	51
0.00957792596392638	0.026612925565868	51
0.0309545632883153	0.0881578509739576	51
0.068908289678862	0.18605542560123	51
0.0255536436536955	0.0674166406617014	51
0.00616860345882788	0.0154899943621264	51
0.0736799432214987	0.210265797896852	51
-0.0666546565983581	0.178409284324768	51
0.0845042317590626	0.249349533405173	51
-0.0290346733796124	0.0732815695103388	51
0.0792975679445095	0.201025200670124	51
-0.0334179062418917	0.0725248299992575	51
-0.121601962273052	0.333005823470063	51
-0.051811202538354	0.130029953670342	51
0.102194086463982	0.302977508099716	51
0.0795263998433983	0.210278768634723	51
0.11126444058402	0.346475042197119	51
0.0398967510178258	0.0878901690578775	51
0.111612059497088	0.287888754954892	51
-0.011952880034759	0.0246422542853498	51
0.11143809631648	0.333334576486748	51
-0.0522699404348131	0.122980021812707	51
-0.123886143569033	0.284700525780591	51
-0.0313919127366364	0.0529066627726802	51
0.0157838951130196	0.0258379481708435	51
-0.0350066022078769	0.0487233915410715	51
-0.018944085813318	0.0278451619346062	51
0.0942693124478589	0.225470309642698	51
0.0909766983932065	0.202069886371814	51
0.0171112985290538	0.0217691911760981	170
-0.0540573833037747	0.0823831280928592	170
-0.055149070875504	0.0818346726523443	170
0.0997152946778491	0.164508028692257	51
0.0842815514577533	0.142201681010684	51
-0.124599128929445	0.193571397753522	51
-0.00833900393707734	0.0115371844879152	51
-0.0857889061822997	0.145820163515228	478
-0.115424354085131	0.215802555864269	51
0.103126275162251	0.148854327250485	51
0.0139809903700758	0.0232649413539641	31
0.057262516217392	0.109696310143119	223
-0.0124151012750468	0.0150401681202564	223
-0.0321596206509193	0.0374969789947435	223
0.0593257656115893	0.0784358003850244	31
0.0866796147671565	0.118275515175245	7
-0.058023519601856	0.0838480160311592	7
0.0616756483320479	0.0931827860593371	7
0.118501582663165	0.169716482084511	7
0.110173283181628	0.115714671946933	7
-0.00280591009826209	0.00272645398195672	7
0.0445494713820358	0.0424716486765791	7
0.00389551817767261	0.00459265735218896	7
-0.0922184215620376	0.108082789441498	7
-0.0249401157946121	0.0279477224922706	7
0.0721090411042796	0.0892476519409223	7
0.0228554175286619	0.0271746783751397	7
-0.0619891308210455	0.0754201647754621	7
-0.0147851659846017	0.0165630070484457	7
0.101051816285621	0.167004892780694	171
0.0408515477585616	0.0657194445280247	7
0.0843963356298444	0.151697262869724	7
-0.111885266373237	0.191932228309564	7
-0.0800081013151112	0.126273282569708	7
-0.100978250968071	0.127870115825663	7
0.0393342799212727	0.0592303477124921	7
0.0571707272735761	0.0715806509000164	7
0.0664988605781979	0.0981429202320983	77
-0.0233791257045021	0.0369152998648124	7
-0.0533873102620675	0.0912071202771954	7
-0.0492336879507394	0.0784553495856346	7
-0.0410296337633188	0.0605811945200873	7
-0.0445168311585367	0.0403374365167456	7
-0.0405006949155146	0.0413915015421164	26
0.0500692076488367	0.061361974714915	26
0.0038515362797039	0.00470579942449774	7
-0.0732359772100784	0.0959887188051875	7
0.0447877747936123	0.0642680963150529	7
-0.0453025830414778	0.0410729310932168	7
0.0372070877638953	0.0373872163026531	1
0.0569874114857674	0.0909871278735294	1
-0.100623302272186	0.186406743825554	1
0.0716153327186962	0.119663030735068	4
0.013918753199791	0.0200375265449132	4
0.0525415534100061	0.0826758985705469	4
-0.0495768814394697	0.071417811325891	1
-0.0794845301327342	0.115068870723767	1
-0.0952196927295975	0.161781605409442	1
0.00919396512793726	0.0118409678558045	1
-0.103282654069392	0.145494847620854	1
-0.0437485171678504	0.0712378172402801	1
0.0184776639279028	0.0235455597775949	1
0.0787780410006118	0.120561384968089	1
-0.00417883811240654	0.00623609435147243	1
0.105892558296051	0.119622876013064	4
0.0783429017538366	0.0816792019623498	4
-0.100381217587227	0.150247482625785	4
0.073344776648214	0.101036836352645	4
-0.102462743051407	0.162749218036606	199
-0.073785179007264	0.0967727006305361	199
0.0759031925849517	0.591783418444067	51
0.120584289067228	1.08975464510443	51
0.0488360834075192	0.271424122431723	51
0.0669579444587119	0.360503379916116	51
0.0865296290189512	0.461099530238665	51
0.0357843095943528	0.151544753478345	51
0.0605205360404857	0.250964790062932	51
0.0229513497766219	0.0634047355787469	51
0.0564734069806819	0.16152998673447	51
0.0322197133010751	0.100019244206766	51
-0.0260752207839565	0.0715520674222642	51
0.0578136366956035	0.127775803537573	51
0.0903033452969039	0.221709738045341	51
-0.085806546325529	0.296101329980368	51
-0.0416120977447151	0.113259804587138	51
0.0449533862390336	0.130124771970114	51
-0.10818810538367	0.267138594480288	51
0.0386259849526416	0.103883817923266	51
-0.035400052236034	0.0914732379903407	51
0.0211660286228394	0.047787926176121	51
-0.113132028669401	0.328463980639977	51
-0.0361604376007365	0.0817539975631073	51
0.101842648173962	0.339221836248828	51
-0.115974059409422	0.340492530655707	51
0.101628032263955	0.24511446771164	51
0.0534096398617178	0.105195927338163	51
-0.0812871832676661	0.181135256012049	51
0.0749006080752542	0.207066413451986	51
0.0758979412780749	0.213694731139581	51
0.0465822370765352	0.0696040676673498	51
0.124374928889307	0.289316506420583	51
0.0536542943929134	0.092051681741372	51
0.0204878270976819	0.0300291280852428	51
0.10457725125387	0.23265971046928	51
-0.00991564613242905	0.0207420172977594	51
-0.0584577769261762	0.0938463033135843	170
-0.12242084449693	0.21583175361498	170
-0.0921178436557494	0.156959862342447	170
0.0939316144972666	0.229925793295844	51
0.0704057420543993	0.128313335530494	51
0.124977190482473	0.160834875659984	51
-0.0175356235929824	0.0275900832903263	51
0.0140766197003829	0.0207735622637315	51
0.00612006884143247	0.0069478364352727	51
0.0559067875512125	0.0830202497933851	51
0.102322151792657	0.162937846226501	51
0.0470465015909966	0.0890703717126747	51
-0.0528473878263863	0.0715831253138512	51
-0.120182221711209	0.234326577937026	31
0.0494081642683805	0.0900178302482431	223
0.0245698644815611	0.0456944830479778	223
0.113619896355639	0.131531112109505	223
-0.105019229996068	0.162106058199208	223
-0.0932811144952221	0.099897880610271	7
-0.024947789379108	0.0267445657133079	7
-0.0840260843681841	0.132265682631361	7
-0.0483783874467372	0.0673874456473367	7
0.100932623969757	0.103025699070062	7
-0.0686897330482802	0.0577328929402414	7
-0.0298320234082977	0.0361509744836529	7
-0.0379815910325038	0.0407587866372348	7
-0.0447384580018616	0.0605320059435379	7
0.0810434322752068	0.12552928619046	7
-0.0754107316114116	0.0879059475249105	7
0.0317540433638513	0.0334444248738573	7
0.106226153304284	0.146191558895726	7
0.0295470973591165	0.0481330404145313	7
-0.0355473274851706	0.0524781381774908	7
-0.0601856047709225	0.0675805611908288	7
0.0376110419826683	0.0597895566397728	7
-0.121425193741818	0.148044083618747	7
0.0505636825531176	0.0946287524143562	7
-0.107943428457355	0.180428965438746	7
0.0490467446636818	0.0829449799159972	7
-0.112734865896501	0.184181314447823	7
-0.0496480083150314	0.0532166961567138	26
-0.110776813018602	0.166434461166415	26
-0.040459908692183	0.0413444329624137	7
0.0681127216435615	0.0742941587201176	7
-0.0929724011992833	0.0778177991671966	7
0.0793241161225557	0.111347182554389	262
0.0809426855684569	0.0707286225117035	262
-0.11241032751338	0.107259919983649	1
0.0718280970151301	0.08887027760182	1
-0.0881206001960535	0.168249626806907	1
0.08405414222611	0.159841434387909	1
-0.0117770320601315	0.020054314998575	1
0.024552382577609	0.0431582541109031	4
-0.0869046823001069	0.137363009525512	4
-0.107294030661882	0.156265815289613	4
-0.102074917924044	0.162076861929124	4
0.0918707191280938	0.147238722202081	4
-0.0835775626232202	0.124641209215506	1
0.119875681717192	0.162787258892808	1
0.00687154706600174	0.00910300673622473	1
-0.112110402505052	0.141918641890788	1
0.00714169033595185	0.0094625338297183	1
-0.012316832516484	0.0105042943691272	1
0.0458921148174221	0.0529057282429182	28
-0.076885625007448	0.118248547328211	4
0.108015259445863	0.140818840566736	4
-0.0161516755504263	0.0236578406330681	1
-0.120359361070979	0.181202509027145	1
0.0377483090781185	0.0425279342655508	4
0.0313987377637071	0.0381944968110883	4
-0.0111533828222546	0.0159092521866108	199
0.118663389909282	0.149534592213557	4
0.0693027475694873	0.522091948004271	51
0.0613994816362408	0.437834379181786	51
0.054925175364117	0.344347702136709	51
0.0392178052548964	0.20592985247753	51
0.0898375080268156	0.517324375344842	51
0.0111836387791119	0.040941651521303	51
-0.0566910818935691	0.191401423676053	51
-0.0504014359485009	0.170542339851386	51
0.0754657933353574	0.257592357012012	51
-0.0239646620447603	0.0594828487584194	51
0.000739137737415096	0.00183434427500159	51
0.121134125004558	0.470555565157326	51
-0.0998890295111275	0.368273190913859	51
-0.0211489183396955	0.0604110602361045	51
-0.0737922103770536	0.240725295640831	51
0.0944954956064362	0.314494848743569	51
-0.0797352307261147	0.255119614414083	51
0.116644637347639	0.372115879290662	51
0.10858429799866	0.315765340140688	51
0.0451248237736845	0.127177781584845	51
-0.0136205689159544	0.0309393287664139	51
-0.0801166999763841	0.233402120606693	51
0.0522962415427266	0.139521158136026	51
0.116476900163263	0.372451509943179	51
0.0677058291828871	0.179184938377882	51
0.0286648495570576	0.066057914980122	51
0.0491737033149972	0.110383211598532	51
0.0384854438232771	0.0895809998715733	51
0.0198910370538407	0.0484987693983412	51
-0.0540001633323663	0.107908798885151	51
-0.119049628413729	0.24834912666567	51
-0.00163887933679031	0.00238340811696586	51
0.104212257690122	0.207262039821228	51
0.0901959957552109	0.154728168857744	51
-0.0217992976047898	0.0335726206528313	51
0.0217290617914408	0.0455024129856619	51
0.124968825467402	0.332004968723669	51
0.00484110487160103	0.00885403777434176	51
0.0650372002972068	0.083265831381237	51
0.0293073030792494	0.032247556394898	51
-0.0770100092558681	0.148991617706706	51
0.0312664406048242	0.0582319647782363	51
0.0459376139311289	0.0810844857205679	51
0.0473739576881904	0.0775971360856106	51
0.100017797545258	0.171068978909069	51
-0.0887017723308056	0.128701305311119	51
0.0516925791092922	0.0858640317351591	51
0.0113917119541246	0.0191075653965303	223
0.0554235419522572	0.0756066951952176	31
-0.0891062885267183	0.137055508973522	223
0.114070281417766	0.170825044149928	31
-0.0899041583424963	0.0959162729531546	31
0.114772423594606	0.172030042518423	359
0.0680219720231847	0.0741881426011918	359
0.0209011773413914	0.0257628645190515	7
-0.0705638267105631	0.0790789125581775	7
0.083572440211752	0.119297234178994	7
-0.00188847136755347	0.00253304989505527	7
-0.0878600842736301	0.119358620401101	7
0.079772107927979	0.106612768351193	7
-0.0360157918271963	0.048613302498453	7
0.0539873900100807	0.0735178153878976	7
-0.0412941829434443	0.0592676033678943	7
-0.0509569452540955	0.0833930502130903	7
0.0274979173560984	0.044630971796017	7
0.0413339905693067	0.0584678174110014	7
-0.0132622037761718	0.0160805527739541	77
0.114736775285128	0.171948143109557	77
-0.0746683976210717	0.138912529349316	7
0.0323938496307914	0.029921217866165	7
-0.0958504868724681	0.116740870760273	26
-0.0747814804977512	0.114675876556863	26
-0.0835987539316096	0.109709551917399	7
0.065984872095642	0.0932564495462361	7
0.108717164422219	0.141835909855439	7
-0.103476249186043	0.121054967127889	7
0.019678346551081	0.0288116335085731	7
-0.109087966532044	0.169217551293242	7
-0.0229773026732662	0.0289673284695575	7
-0.0914511318153725	0.0764781382218819	7
0.0846809746936708	0.109234616695733	262
0.051516517628323	0.0753178750558729	262
0.0299526844076683	0.0463295610916617	1
0.107947863592788	0.18979609071354	1
-0.0252641922304819	0.0423724430022224	1
0.0561034920885992	0.0972791166250303	4
0.122534493265178	0.219728629439536	4
0.119582525938841	0.19267375564683	4
0.0769922145703387	0.134845539288938	4
-0.0212641851252418	0.0311709381059609	1
0.0475768524404376	0.0549558367216999	1
0.00000783806717699419	0.00000665854375550497	1
-0.122581257763086	0.205744184299381	1
0.0194105343153325	0.0319617502334047	1
0.097750130154106	0.159342864824698	1
-0.0266395787984674	0.027239728575225	1
0.0345174135479008	0.0404526288647294	1
0.0290479083924344	0.0366052043943651	1
-0.0112884806202226	0.0136566304236077	4
0.00950773996710393	0.0134843119977091	4
0.0726927443988318	0.121653823837611	4
0.0995190610897265	0.17720874412947	4
0.0180803497561106	0.0193799396328538	4
0.0726898541135192	0.1047843093461	4
0.0968820542157966	0.143845966988334	4
0.0754716349931758	0.588318520504208	51
0.0817094638939878	0.632670818875867	51
-0.037411364543848	0.210093736734834	51
0.101860783533829	0.638484328522368	51
0.0737560233501518	0.35912066975183	51
0.0553912726792737	0.225187772881233	51
0.121201557351001	0.540960656077839	51
-0.102331332903271	0.41529724802372	51
-0.0176142882418719	0.0529148056696721	51
-0.110426687898891	0.440894609481838	51
0.0264290741738386	0.0758801756683601	51
-0.0727530811968854	0.248819674150039	51
-0.0693140713756783	0.216730957384379	51
0.0203022509391471	0.0588317327827877	51
0.0702227993344429	0.207549219251291	51
0.084746469312001	0.241714021276156	51
0.0442691908681942	0.117887818976637	51
-0.10656573007194	0.315693833420865	51
0.0820837242301557	0.257765496094171	51
0.0216329174777047	0.0540447986236789	51
-0.0238605142652321	0.0598200152614724	51
0.112183041362557	0.332230696590559	51
0.0443622813486761	0.104165126075498	51
0.118746355498867	0.36818357164639	51
0.0314228196006234	0.0758354962721314	51
0.0350752958127771	0.0982595525686859	51
-0.0932118354756889	0.271892918855109	51
-0.0394436733404369	0.0845680398788369	51
0.0468907775864679	0.0991041096804004	51
0.0539323384904783	0.125958597816999	51
-0.0192144365951812	0.0423641238867195	51
0.0441082716318061	0.118961471889503	51
-0.107189714458935	0.30769364101142	51
-0.0700600669233544	0.190470336457831	51
-0.0105006901558354	0.0219932253976624	51
-0.0266469363426607	0.0512682491630067	51
-0.00750515060764512	0.0100771505309433	51
-0.0385848290756747	0.0246311392439735	51
-0.0845632794295123	0.0948628224481819	170
0.066034870732657	0.117959585759308	51
-0.0587454731061232	0.106637904824032	51
-0.0250840248314983	0.0428913597677448	51
0.0229619327427528	0.0375309414565774	51
0.0300974566696214	0.0427537247123899	51
0.120594252712916	0.238999605861538	51
-0.111808593655539	0.216527872517936	221
0.0932852581614559	0.143889992099107	31
0.10405822632531	0.166143416610938	31
0.0430055968429405	0.0694479611663787	31
0.0313028961831629	0.032952456624429	359
-0.0359352042276261	0.0530799185141321	7
-0.0538640379770987	0.073046905136221	7
0.0947741123071962	0.125350879230708	7
-0.0440386739969279	0.0595301297915727	7
-0.00223625980281221	0.00309168371989559	7
-0.0841275565840035	0.102432654972603	7
-0.121659456459373	0.188295865545381	7
-0.0283647850743196	0.0428137138209495	7
-0.0416483121632686	0.0580032305473626	7
0.0563807788758596	0.0837820306007474	77
0.100687556020264	0.151827671481721	77
-0.0426769764953166	0.0693687966633535	7
-0.115863088143148	0.203839923402242	7
-0.085554977331859	0.0960658198501105	7
-0.00289336899841689	0.00281114045647112	26
-0.0923179223314839	0.129679411457716	26
-0.0352610039570764	0.0395099780969986	7
0.0484168548599121	0.0500565512679998	7
-0.0222254495744836	0.0317751833056937	7
-0.085873467159412	0.128477541857152	7
0.103517989875248	0.124641647001021	262
0.0719779268035498	0.0890732112895039	262
-0.00555527004585737	0.0067335756259921	262
-0.0794523645769778	0.115017387739855	262
0.0344511138108703	0.0403734752597225	262
0.0660908767739002	0.121345290049584	4
0.0665595116896509	0.119721986613343	4
-0.0996901793775526	0.181300932297664	4
0.00750714286056554	0.0108843640909746	4
-0.0165362792852045	0.0248310309592641	4
0.025336906462481	0.0377096317859883	4
-0.112062982193723	0.192298372345043	1
0.0950041092810514	0.118687625484553	1
-0.112599847834225	0.158727114118647	1
-0.0293382458223232	0.0408502793847463	1
-0.0289402734574203	0.0390378359520169	1
-0.107611928719139	0.156781828362829	1
0.0699454786502249	0.103680294557035	1
-0.022037382940101	0.0246162620996373	28
-0.0300448563466502	0.0273586086663879	28
-0.00605521507763626	0.00760903773246119	4
0.0271865922561091	0.0369896752331147	4
-0.0491884804800235	0.0708194361038005	4
0.0699533453104488	0.104733937810088	4
0.0123162299459875	0.0148472454367123	4
0.033748467067273	0.0432899735251232	4
0.0317109300154774	0.0451579328994823	4
0.0631966466915047	0.0956703650125099	4
-0.104997190496101	0.137993299001911	199
-0.0644335420414865	0.096054341523566	199
0.0920394051143488	0.776578971881121	51
0.0301362939527627	0.177462145318848	51
0.000775932684405012	0.00349988882902151	51
0.0552860178839553	0.274622972087037	51
0.00740730556536039	0.0270163304870337	51
0.074003226055258	0.29498041815223	51
-0.000610184667975578	0.00179693665666187	51
0.0722860420243682	0.262046022413115	51
-0.0754231429326993	0.269937747858761	51
-0.0175878895807157	0.0510039038952145	51
-0.0161864058875404	0.0445355016249254	51
-0.10484835039786	0.366084831245869	51
-0.0478052012848414	0.149141921086554	51
-0.0225308777959654	0.0680614112230008	51
-0.0923220454407327	0.321790567068108	51
-0.070327613941372	0.235640054994789	51
-0.11839178842285	0.418393580867541	51
-0.0395349643634983	0.113497563522577	51
0.0517346432357442	0.150263698031509	51
-0.0601308682975506	0.167169760293865	51
0.00143711893384171	0.00348417772478903	51
-0.0362627272630717	0.101865100105504	51
-0.0725865561099842	0.211687964343445	51
0.0321138400120392	0.0786561032239731	51
0.00523426422911735	0.0125459895510431	51
0.0573375003863715	0.154321642123258	51
0.0331634603343933	0.0917708622848279	51
0.0370839856737148	0.0978294375544286	51
-0.0206728052437579	0.0448003943828013	51
-0.0477236921544002	0.100754878750406	51
0.0214761790863466	0.0524392244540364	51
0.0564253755654406	0.156793649099152	51
0.070883986830889	0.129286378376366	51
-0.0790915855603341	0.150499456328784	51
-0.071703484143714	0.193634209969425	51
-0.0653843300396102	0.147452102204522	51
0.0269145317999827	0.0513331261509376	51
-0.0404960809199309	0.0597651989699571	51
-0.0472472593466105	0.0253015033438288	51
-0.111206157796614	0.10604110638657	170
-0.0841965916187292	0.0855456308754512	170
0.0863219457072458	0.11157085542141	170
0.0468892815827591	0.0725712832004864	170
0.0146955003629678	0.0211764644481733	170
0.0584803141702411	0.117490039963998	170
0.0485581403498986	0.0883503540595428	170
0.0161935256916142	0.0282251165367085	51
0.0915717584470253	0.184505075544264	51
-0.0374146744905797	0.0728767923612706	51
-0.107239266500915	0.22935281226688	40
-0.0122034285892225	0.0187308369643571	51
0.0485755719125055	0.0947478015282919	51
0.0187577229625149	0.0316625146889476	51
0.0251778980979721	0.0288068409457363	221
-0.019933756568519	0.0319781332653122	223
0.0703882228237166	0.135245883900205	31
0.0687239823425612	0.117089650324994	31
0.0807131253729409	0.134405533292569	31
0.12307622233496	0.179449446315536	7
-0.1200431073992	0.16372327876914	7
0.0255357759999073	0.0332037150869066	7
0.11308588373834	0.158897711375308	31
0.0563071085527356	0.0665962110409781	7
0.0337670218837444	0.0395402429528724	7
0.103054906882588	0.191812112733041	171
0.0753940571236752	0.119282260488069	171
0.0660591147587189	0.101334057662925	7
-0.088623392449913	0.163133119328222	7
-0.0387837452686221	0.0616048773809787	7
-0.0602659438820802	0.0987762145457801	77
0.0941464324454769	0.152706677903801	77
0.083920366018568	0.14152894392601	77
0.0439184425431054	0.0693607618007458	77
-0.0155023135770823	0.0150574335110591	7
-0.0671715567519816	0.0848232419026686	7
-0.0905282304396142	0.105916403534231	7
0.0106576611625124	0.0106300186973624	7
0.00773478027938523	0.0102552432331091	7
0.0597691036913596	0.0790676377043174	7
-0.0343667433580054	0.0506363295658522	7
0.10447284862664	0.175039522504329	262
0.119961355020624	0.182994352466493	262
-0.0323768355481112	0.0377622347822747	262
-0.0741482634896173	0.0972882179481672	262
0.11194106459249	0.138018900952927	262
-0.00983553656439922	0.0140070072750852	1
-0.0757671442168439	0.106406492952063	1
-0.0107187527943655	0.0160495402669242	1
-0.0825124358744662	0.133378291862294	1
0.0724563932944722	0.12121875920491	1
-0.108694208736831	0.206006650593679	1
0.0524322150401861	0.0922691760872583	4
0.00185238446709399	0.00296639181620634	4
-0.0437295789998818	0.0739547823415031	4
-0.0611723016610225	0.0935035184405365	4
0.0849557668998386	0.115666449341537	1
-0.0749755945534403	0.115022831973153	1
0.104167110307643	0.159380782729432	1
-0.0916046678584591	0.155965787755889	1
0.0425634419764629	0.0626788018589339	1
-0.0496095973718615	0.0736152786617303	1
-0.0843622156632808	0.1108101004937	1
0.00473047318046383	0.0040825708314425	1
-0.074365049628853	0.104246234215514	1
-0.00387472957264923	0.00396740213786061	28
-0.0629784290905824	0.0674867398891025	1
0.0853449600036567	0.127701097047543	4
0.0297575321914584	0.0406256480324907	4
-0.0649602103906241	0.109133156598826	4
0.0901268368114149	0.14408285620927	4
-0.0877219610586872	0.152284411434963	199
0.117773615397505	0.168504155726825	4
-0.117926174836853	0.187915329004855	199
-0.119905266960576	0.180410720196972	199
0.0701608465503154	0.529617988858368	51
0.0534215133124651	0.357752237810066	51
0.0108431451474187	0.0518995098937094	51
-0.058224194417662	0.265028700544368	51
0.0278046345001932	0.10017512252671	51
0.124775298375798	0.595236347426142	51
-0.0471403977424162	0.17397259904207	51
0.0902537867663525	0.355778275850853	51
0.103187395262851	0.41756564050414	51
0.00277529427994989	0.00740379388859314	51
-0.00690139458389883	0.019931352310463	51
-0.124342977630155	0.509145076842725	51
-0.0575528314733394	0.183508292002542	51
-0.00307881148145931	0.00818533309974322	51
-0.050150868469329	0.153345221213497	51
0.00473235728986994	0.0124011711413992	51
0.11419061724824	0.388822961835765	51
0.0851153395897731	0.262272561463802	51
-0.0194419087120858	0.0536826841484518	51
-0.0172068061404555	0.0445131697351201	51
-0.0953316425106228	0.285373920429709	51
-0.0926773878825344	0.265155858967673	51
-0.0330087205675326	0.0869792193990645	51
0.073608449018074	0.224801935715646	51
-0.0856788635365181	0.264503444964692	51
0.121024801759824	0.388495191979625	51
-0.0333387606371333	0.09051290285553	51
-0.0671670941426257	0.141943874805144	51
0.046335576009058	0.106559503715911	51
0.110099977525788	0.256902561846505	51
0.0473060168451263	0.0951401581914362	51
0.0287889856275642	0.0434110015059835	51
0.0723758899279204	0.128696615938124	51
-0.11700257741949	0.315412646924278	51
0.123977477453895	0.358275904711887	51
-0.0891356580952852	0.234776230160365	51
-0.0298837852987473	0.0403562114128478	51
-0.0845115971555361	0.11102331777609	51
0.00425030096949313	0.00367028117082196	170
-0.0887075631670979	0.163312254827193	170
-0.0690047448307206	0.150423232248373	170
0.0421473376692601	0.080020328117837	170
-0.00503658256058493	0.00752224971040968	51
-0.0574183140460275	0.109605435311158	40
-0.0675546221429785	0.118562309970987	40
0.0628439732394399	0.102035817981665	40
0.113995842096493	0.198549932579576	51
0.0765023972519294	0.129782542744398	51
0.118986936439824	0.150005748533856	51
-0.0938576291183888	0.190220720207877	51
-0.0924899442604765	0.0774108021494316	221
0.0639028495265785	0.116858915070402	31
-0.0284490987293357	0.043992005819179	31
-0.072873873145348	0.111430317427887	31
0.00499836718508079	0.00679763440910992	31
0.0488563419372664	0.0597750166765659	7
-0.0993173803022877	0.135293429512275	7
0.0642729784747338	0.0822059012743816	7
0.102197814046093	0.154430771411435	7
0.0984814952063303	0.132568022700513	31
-0.0898841752780312	0.113811474581159	7
0.0987410285321268	0.148492233400165	31
0.114678872984382	0.152730229651621	7
0.0809501494973374	0.130249720842079	7
-0.0579835424166683	0.100742948357307	7
0.0728282651363083	0.125789271314578	171
-0.0478879025727779	0.0688101711622142	7
0.110065714707511	0.162086190529251	7
-0.0207967794791898	0.0361463696077068	7
-0.00847009703828654	0.0129903381710383	7
-0.113955496036789	0.18645956979573	77
0.121894622660002	0.225808223231283	77
0.0530869274949729	0.0777895636241147	77
-0.096622384788622	0.140256266933297	7
-0.116332011009779	0.184987234841763	7
-0.119511736073767	0.16289000681347	7
0.109702535814607	0.11516863282971	106
0.0287708526400145	0.0362489216353698	106
0.0858544851456657	0.0984424273741461	7
0.0849557668998386	0.115666449341537	7
-0.0783973710514972	0.117146690150149	7
-0.115033795193629	0.167365079202766	262
0.0544429424358515	0.0741782886143337	262
-0.0129053058998114	0.0173215788847012	262
0.0508512724558153	0.0742777006746681	262
-0.0866953090330044	0.117584177039949	262
-0.103474327799234	0.15549268465811	1
-0.0400279897713575	0.062189618213007	1
-0.0544955378035139	0.094748575655378	1
0.000567313150973616	0.000857747117792564	4
-0.0744727183213552	0.146237764376086	4
-0.0592926363301584	0.103272348520924	4
0.0278482590200852	0.0439179608780353	4
-0.0937235352142678	0.155862381936936	1
-0.12464998251653	0.22906712400951	1
-0.102948387688706	0.145009194257906	1
-0.00132964586348918	0.00137142368672046	1
-0.040942972023169	0.060466828741473	1
-0.0756739230255768	0.127494798356485	1
-0.124494815429281	0.213900353641126	1
0.113753169485973	0.140424737906893	104
0.00503465301448461	0.00571378140750634	1
0.0675456942959296	0.0998511908725298	1
0.0670302628919516	0.106748669819249	4
-0.0120743238625247	0.0181149896850864	4
0.112813975205779	0.209732903075733	4
0.00423984288777588	0.00576293754975385	4
-0.0141648679323371	0.0158608926979537	4
-0.0767502942379273	0.123960492234264	4
-0.0878110483515214	0.139008628484653	4
0.079913287436436	0.132913293702121	4
-0.0414104626547242	0.06120182203085	4
0.108876227344363	0.989893053316237	51
0.0844608400071597	0.652416160532001	51
0.0372680655688352	0.149977035350089	51
0.115509255579751	0.523369185495878	51
0.0349007448071907	0.122416806233102	51
0.0634418922106804	0.275037589803856	51
0.109402183235333	0.484739763395193	51
0.0303373327455117	0.0979881533594906	51
-0.0184433152212976	0.04691418903	51
0.103918777415676	0.318506373967836	51
-0.0479163031426508	0.173061855479638	51
0.035558036963758	0.124164175984212	51
0.0838141021156466	0.307368910241045	51
-0.0775646350322637	0.257116705091067	51
0.081599024679279	0.251839689075179	51
-0.0369815004299647	0.118618671367091	51
-0.0694830796971303	0.211854845902327	51
0.112131347847237	0.312701853435708	51
-0.00798418323111268	0.0195643904649857	51
-0.0281997326484118	0.0656228416251605	51
0.1188931939454	0.481409807300246	51
-0.0259744418895435	0.0771450244969487	51
-0.0650957775627416	0.183429228173083	51
0.00477215175870865	0.0118119044279181	51
-0.122852929247127	0.470536315155472	51
0.0402042798917704	0.0725972301184117	51
0.0897089147873683	0.286285560312123	51
-0.055113785752102	0.151535253141712	51
-0.0150175484137161	0.0302486487168156	51
-0.00819248501616943	0.0209623219382752	51
-0.0164240685833017	0.0400225431099739	51
0.0519257622729153	0.116133311448138	51
-0.0398964669455389	0.0407514212984498	51
0.124732583518512	0.0463476837879672	408
-0.074441595744637	0.0464612553911572	170
0.0875728760975415	0.132772019052891	170
-0.0916349773896031	0.178697552375165	170
0.0301606570177537	0.05287342980883	170
-0.0753982413048177	0.195422805423716	170
0.123740281327033	0.392790880434203	170
0.0726211009186611	0.095023910274867	51
-0.111447019222297	0.212185365697899	40
0.0797446813155453	0.199642832331597	51
-0.0143631699970481	0.0289994065885703	51
0.055586079955961	0.0855957980455312	51
0.0968365950823569	0.214879198655529	31
-0.0376215532094311	0.040361521336146	7
-0.0268130538644503	0.0274192889953441	7
0.0940701091517551	0.117409002973563	7
-0.0778619428376456	0.0834475655194923	7
-0.014462103107742	0.0155129222454922	7
0.0658229725468827	0.0665387880476911	7
-0.0509639648516054	0.0712575991656773	7
0.0177469252356916	0.0243290670853718	31
0.0717440955406105	0.0887615943660992	7
-0.0362918073804397	0.0702132686988422	7
0.111503634652581	0.221130349427241	171
-0.030958141555973	0.0607443562431618	171
0.113189075583096	0.210534952527645	7
-0.0610276607583103	0.130057542877777	7
-0.0113845654492988	0.020724613767554	77
-0.0779623572892476	0.126123255873563	7
-0.0000179025186520981	0.0000306019450874354	7
-0.124849750608771	0.111293105297601	7
-0.0611637636803844	0.0907790433038694	7
0.0824402103596619	0.151022530400993	7
0.0626459001678489	0.0910862539015635	7
0.0287852606704965	0.0316619817631014	262
-0.0314153876362143	0.024700661564935	7
-0.0917466407259607	0.0877626063357071	262
0.0661844128677716	0.089307206057839	262
0.0383839524631273	0.0610911859506747	262
-0.106714362161574	0.113863678060738	7
0.00802042498067587	0.00646801410459192	262
0.029505058562081	0.0358144345857045	1
-0.0875104309511645	0.176375839067653	1
-0.0375069870273691	0.069508586829448	1
-0.0401474950056187	0.0770114242816747	1
0.0232150217603254	0.0430545197521905	4
0.0709169866296694	0.146359766298097	4
0.0604396149276947	0.122490175297926	4
0.0786937433459526	0.134946844752557	4
0.0168974571318384	0.022197890840425	4
-0.0841169073834572	0.13629848619471	1
-0.0169018635400234	0.0293126662444629	1
-0.0766293741550954	0.148155091137016	1
0.0340868337004679	0.0491287797020498	1
-0.0982249700976739	0.236123957555758	1
-0.0853351286331071	0.151137828449496	1
-0.0867368692000918	0.137092775875219	104
-0.00212589430703015	0.00293919207772565	1
-0.0217992976047898	0.0335726206528313	1
-0.0715028618229656	0.103379629892008	1
-0.124894399561694	0.111345042594378	1
-0.0543199294767234	0.0424547642602251	1
-0.0918589221839565	0.0768473583978003	1
0.0601758632238805	0.0796498355215809	4
-0.103176419734936	0.21314303889979	1
-0.00794366273054879	0.0116269541527499	4
-0.0233573675982261	0.0422406780232855	4
0.0284071917375374	0.055438408342812	4
-0.0330775951493622	0.0386095325757608	4
0.0640890614087677	0.104248083761522	4
0.00702491641358012	0.00733735301146421	4
0.0354036442156462	0.0618178944688077	4
0.020257558553692	0.117941040454978	51
0.0532963033629297	0.348465539239954	51
0.0571549512388802	0.328395263090747	51
0.07093271601766	0.405835265675413	51
0.122056107827801	0.692722814784595	51
-0.0317969256755267	0.124874448394017	51
0.0910023180104649	0.377019214580621	51
-0.0687789510536347	0.25640618904136	51
0.0894033187972893	0.35170443753486	51
0.00238376072904319	0.00784435382395328	51
0.0727651657383371	0.266937411610199	51
0.0727967178387663	0.269030957528903	51
0.120175505449781	0.469252172635404	51
-0.00815087410741104	0.0219866886989381	51
0.0267379736626207	0.0858990891863559	51
-0.061087428182092	0.176417153144337	51
0.105026106507808	0.315372149203799	51
0.0106660934570256	0.0314844246422773	51
-0.0251065644682665	0.0746434977213019	51
0.103741375272627	0.387773364895296	51
0.097753009811331	0.351774923561866	51
0.0440629933090841	0.1393390438568	51
-0.0625381857516665	0.195135884697721	51
0.00829161896469111	0.016015259425961	51
0.0319271015947727	0.0763388096881753	51
-0.0195905789466447	0.0551086290934658	51
-0.031436871584752	0.0981721990659002	51
0.118444732132897	0.423721581142966	51
0.00525156661641821	0.0110135610054183	51
-0.108675534084151	0.250973527321664	51
0.0755793655510912	0.128028483320253	51
-0.0274856606980875	0.072032497872037	51
-0.091391940407191	0.321977805914684	51
-0.103818122802381	0.15995519409918	51
-0.033973332573576	0.0380122997674934	170
0.0997861977716328	0.234891078947307	51
0.0554219194087809	0.103285576773723	51
0.0160058938204388	0.0345181562850834	170
-0.10424997557993	0.278079426087764	170
0.0663081737456162	0.121780198979093	51
-0.087641516442411	0.152123310226212	40
-0.117369725789651	0.227866581148125	40
-0.0302793252989023	0.0539716789411902	40
-0.0922118774035197	0.209326412179332	40
-0.0702632122080079	0.155287892537425	40
0.111397444228765	0.19173851426782	40
-0.0382975203651835	0.041111596233639	51
0.00180988827850506	0.00269393249577252	31
-0.0848918932821326	0.184304401267765	31
0.0732724791038624	0.100926479381839	31
-0.0614677743581632	0.100925537695451	31
0.0337695536834916	0.0500086172745073	31
0.0147999594887228	0.017203880796042	7
-0.042631759995351	0.0631082036255204	7
0.0339171328976607	0.0397237139073659	7
0.0987174245621588	0.140049383336885	7
0.108034806892575	0.197891343198886	31
0.123328263365383	0.201700479876748	31
0.0782747259216222	0.0876664868344039	31
0.0369928016314828	0.0371640882893435	31
-0.00298308495854116	0.0041243595740746	31
0.0193906270954035	0.0327685072911876	7
-0.095397711788102	0.116128592364844	7
0.000745962584581423	0.00096827642342196	7
-0.0885227690438077	0.136032805637411	7
0.0944667077129915	0.145986363780013	171
0.0792568611652889	0.127187963548736	171
0.0949802977836401	0.140655197238595	171
0.0270396622890696	0.0485943266624187	171
-0.118045475749758	0.17716631511163	7
-0.0730082432395379	0.105765572173217	7
-0.0605876371787349	0.0735939167359884	7
-0.0235340149226236	0.0371690799640875	77
0.00267233313305438	0.00435871147168484	77
0.0635388513477309	0.124461099801674	77
0.0659232556485006	0.0972348600115226	7
0.0977772518881258	0.153243812236117	7
-0.0376645888737103	0.0611187948257271	7
0.0894455762232454	0.153305716437714	7
0.0928095331943393	0.129132437913323	262
-0.0622224821711541	0.0813234667534718	7
0.0385756703779311	0.0387978747405083	262
0.0971830128731196	0.114453686318159	262
-0.065243001503516	0.0912523964911214	262
0.0171008114062046	0.0261436899314507	1
0.121427394783368	0.224856775437589	4
0.040707069828794	0.070334010866209	4
0.11547872488419	0.208573185116403	4
-0.0670448354846006	0.110253778639448	4
-0.0865089959940765	0.165695186042225	4
-0.0559974127372366	0.095485676501831	4
0.0827307635308513	0.147235802775724	4
0.0373081890351063	0.0606269382225068	4
0.114018912825528	0.205595040111799	4
-0.00132948551583715	0.00223821067819584	4
0.043230250132568	0.0467962721736974	1
0.0434779039515905	0.0521781539628796	1
0.0228259432885056	0.0346783887007574	1
-0.0758821405775023	0.127920050038934	1
0.0861375228185279	0.179420923493762	1
-0.0964654551612434	0.18566248820739	1
-0.0998642860334064	0.202159506948631	1
0.052068755394691	0.0839022458979713	104
-0.12041038712923	0.164275379123552	1
0.111749701584379	0.192462828559051	1
-0.0622521168712591	0.0561842082051104	1
0.0254425687103324	0.0248202251742783	1
0.092353187532187	0.154867985780504	4
0.068162625352847	0.108724913918964	4
-0.0344758132139557	0.0508090865007869	4
-0.069382748412923	0.13388901801821	4
-0.0217070635073632	0.0252897416881276	395
-0.00785574462597542	0.0125527333830535	4
-0.0667689756840091	0.121448566649542	4
-0.0633967891098014	0.0914830554620014	4
0.00234160424074213	0.00388578802141727	4
0.0614260035481592	0.446204210602403	51
0.0483443580829545	0.319482230063633	51
0.0584294055982388	0.384782060707845	51
0.0859359272019376	0.477203578906318	51
0.00277042337675676	0.0103865123201717	51
0.00242358688351675	0.00943868116794501	51
-0.0160878823902392	0.0614993166538082	51
0.023611416412996	0.0874449191541554	51
-0.0592121155583833	0.222820979524184	51
0.117876924939098	0.498535387068481	51
0.0618477785064802	0.224217603565691	51
0.0755241540545321	0.275481349156559	51
0.0649993018150059	0.243897395016897	51
0.0702550251963434	0.263477637408698	51
0.0593050130967021	0.216440147680922	51
0.0170861723052011	0.051887364999941	51
-0.0366398530493347	0.120203780155622	51
0.095813739328228	0.377473195795589	51
0.0180530589456679	0.0544195865076098	51
0.0276241519920458	0.0836040051277703	51
-0.0905434952792916	0.342539489018275	51
-0.0682221219022361	0.186532718429089	51
-0.0411785104484187	0.0898598855471616	51
0.0646496967440213	0.217472638928656	51
-0.0639529594044317	0.210023468437433	51
-0.0559311777920827	0.191513710188656	51
0.107712019842046	0.414752294565276	51
0.0257099954768625	0.0795990710865958	51
-0.0276171241733877	0.0869101679319493	51
-0.0685908649108819	0.230391368210981	51
0.084518557861494	0.310132521924475	51
0.10383173202551	0.384340417927525	51
-0.034319111723006	0.0971817792648054	51
0.0212258537271139	0.0595946897181237	51
-0.0771382794288351	0.253337021295841	51
0.0602543799083834	0.18222680085907	51
0.051917888081856	0.149488898235008	51
-0.0218859545372781	0.0535607189504504	51
-0.038162723222888	0.0409618126235901	51
0.0655572685842924	0.113685320755786	408
-0.0517140138680704	0.0881188517340993	170
-0.0785276694387482	0.164299129835499	170
-0.0764406261652627	0.134380883182344	51
0.114475269771268	0.190696216948377	51
0.058584126882223	0.10766919161903	51
0.104230947575602	0.29585470146017	40
0.0221017433249378	0.0463303603561063	40
-0.0410568244898324	0.0904241466741513	40
-0.112831311714836	0.328513027332111	40
0.0345020095794816	0.0780455533229321	40
0.042758601798489	0.0652473580969923	31
-0.103910602144756	0.207526266295171	31
0.07625309166802	0.148877595061139	31
0.104666479864524	0.208327839990041	31
-0.041534992594751	0.0630762215216553	7
0.0268941820011034	0.0391013864427834	31
0.0445083476299961	0.074211599253035	31
-0.095444603860459	0.159145983441345	7
-0.0993844397332693	0.148521892570314	7
0.0343043332642874	0.0475968138954411	7
0.0225608802525443	0.0323163072909257	7
-0.0963749569479159	0.164050869672942	7
-0.0999243226491618	0.174246699083513	7
0.0070024590228346	0.01137223137758	171
0.0663956032556091	0.0559319535724185	7
-0.0494653222970116	0.0530191609743906	7
-0.0421867147792078	0.0407357966917341	77
0.0321815527645142	0.0339095516391538	77
-0.105059446617898	0.210246945495561	7
-0.110705545993274	0.225636693510675	7
0.055475584718256	0.0876683513907205	77
-0.0394066797526316	0.0596370902149875	77
-0.0432025029075068	0.0603013902897231	7
0.0952642417587399	0.141090274004233	106
0.0373059865663885	0.0503338745444671	106
0.0846947883750658	0.121085740392716	106
-0.0287036272672962	0.0422443526088768	7
-0.031058797898646	0.0376965788278616	7
-0.0700350607695036	0.104362009946694	7
0.00163652823493351	0.00262073966600298	7
0.0692624782225369	0.118106890197028	7
-0.0991521250602978	0.17268114107551	7
0.11902466493988	0.191623829962418	7
0.123395137367853	0.22157681571395	7
-0.00609383033051015	0.00931758457718806	7
-0.0169844236515111	0.0289254022906379	7
0.103517999983296	0.205646210057167	262
0.0934481530998386	0.0845223667749168	262
0.113043581657597	0.21023362429554	4
-0.00567847983741527	0.00994676320985274	4
0.0705276883206581	0.113822381908221	4
-0.0332650625004431	0.0527222508160495	1
0.0917859786163142	0.169239472646855	1
-0.102295746589053	0.129714014696491	1
0.0632079746903724	0.0763878870965381	1
-0.0454346146748728	0.050859702145929	1
0.0626070756532478	0.101614241125301	104
0.102992584948172	0.204386288504337	104
-0.0538076865406723	0.0878797385192313	1
0.0784860037172942	0.124653227038337	4
-0.0845250729983875	0.155535312953884	1
-0.124876327032323	0.251791768054101	1
-0.0349638476323644	0.0471247511966513	1
0.0913518424887307	0.126899010953755	4
-0.0716840415314973	0.0871322453866231	4
-0.0100206442188454	0.0142733309194902	4
-0.082765533303609	0.16080926803323	395
0.118573401186914	0.279302972715205	4
-0.113130728052474	0.203428825541007	4
-0.0607717226963481	0.0971924807315853	4
0.0358194370979664	0.0460669390829021	4
0.0789855597662762	0.622886242835714	51
0.0472800499228364	0.312242355885641	51
0.0752834897578394	0.408726989552642	51
0.0300830848834757	0.12695724046203	51
0.0482887536863833	0.194582989423934	51
0.0797341695793223	0.297833553295881	51
0.0753770269210735	0.289039809888891	51
-0.0524043326235917	0.182534947391565	51
0.115538095384479	0.486032366088872	51
0.111690200268811	0.48200872937173	51
-0.0188566708288679	0.0522228242923098	51
-0.0605382450554781	0.206868896899562	51
-0.0592822090837918	0.212969336199932	51
-0.0150608938446894	0.0454145034372708	51
-0.0593118841650664	0.196696821750941	51
0.110622689449301	0.408973415362716	51
-0.0570083833650742	0.184625613702984	51
-0.109148921303053	0.262767586596493	51
0.0304203458787048	0.0849918451003992	51
0.0485186599246205	0.142856508499524	51
0.0335791926605203	0.0996367508456573	51
0.0997695024128347	0.363746398514347	51
-0.0512934392388499	0.151450321252568	51
-0.0256194292363232	0.0775593499893707	51
0.119755441566584	0.488000166125787	51
0.0562974056816997	0.195870110410886	51
0.00679660479774614	0.0178795788837935	51
-0.0333628854938046	0.0988927328618625	51
-0.0397691160006456	0.12498111532588	51
0.0890073583104074	0.309944029587859	51
0.021219230797717	0.0519179522808858	51
-0.0776471505530026	0.226859879758477	51
-0.00790979044612092	0.0201101508325232	51
-0.0447968490992989	0.119678673595932	51
-0.105613919436198	0.138902581028332	51
-0.0264885644083361	0.0270808754335126	408
-0.0830799527941158	0.166983638507128	170
-0.0717728443242847	0.103803868007571	51
0.0466576708491179	0.0780539697217388	51
0.0781176263237187	0.104179219561478	51
-0.0335431487381969	0.0519509869357082	51
0.0347281826111436	0.0716869448713471	51
0.00443534031567677	0.00932637911680361	51
-0.0966456765141531	0.241274731855526	40
-0.0785296498968034	0.176811952700022	40
-0.0406350372794634	0.0827414211964838	40
-0.0791219229357382	0.192471278952753	40
-0.102941779065425	0.167252385086656	40
0.0989427300330162	0.0806617074577344	31
-0.0348304146321294	0.0250598803537906	31
-0.063845747160717	0.116235600820249	31
-0.0930040573668716	0.194388273331331	31
0.116586513134611	0.25075867633886	31
0.119715276471634	0.228278404627182	31
0.0643088271988029	0.113753020501148	31
-0.0414662961464613	0.0702876036581809	7
0.0526479375877411	0.0800351883477686	7
0.0739464962307773	0.12088875749327	31
0.102147503702727	0.176690559082368	31
0.0572246589406074	0.091401695365659	31
0.0636758312256779	0.076998013169548	31
-0.0366391016397367	0.0526700087250773	7
0.0929233890244289	0.149143647561973	171
0.055214045832021	0.0849527558888129	171
0.0679097623701094	0.122483654002582	171
-0.0018658618618467	0.00302846119986679	7
-0.101717199927752	0.169859461712698	7
0.0526692609988583	0.0584663115554282	171
0.031992071783238	0.0295428248734151	77
0.0103744387990345	0.0147287356119566	7
0.106566511835798	0.146674420847663	77
0.0353855695068663	0.0415069385676677	77
0.0254420732753933	0.0355797886898701	77
0.0973008122322149	0.158552680037369	77
-0.0293530337031161	0.0432513294018251	77
0.026062115336372	0.0339087857528849	7
0.0536840087830322	0.0696471946005415	7
0.00567304572710756	0.00750779833288866	7
0.0919583200255204	0.174590868248468	7
0.111369437458932	0.183053779776957	7
-0.00636740546614245	0.0103548603866192	7
-0.0780757094445265	0.128732926529432	7
-0.0401027118855464	0.0743178831018773	7
-0.0782490690103365	0.148671490451444	7
-0.110862030540472	0.155924957052612	7
-0.0476458417466011	0.0534567997302753	4
0.0313909301680612	0.0490515694123828	4
0.107159057411014	0.18177776571367	4
0.0130736550553464	0.0207481569392531	1
0.00872316210561523	0.0144686742863772	1
0.00590426576711848	0.00874330965659883	1
0.100212197546628	0.165448551162746	1
0.0176790016810206	0.0197750070037699	104
-0.000272893198596274	0.000439764393511056	104
0.0472511931199395	0.0852533897805175	104
-0.0129429376860103	0.0162689523949775	4
-0.00215921579634489	0.00289616167975837	4
0.076489263499755	0.129720458357922	4
0.0583981301868878	0.101648045303487	4
-0.0337847959166779	0.0580167421348767	1
-0.0395779574716838	0.0696511560222503	1
0.11557903827663	0.217387226484606	1
-0.0761170617573843	0.106941926537806	1
-0.0917641192820784	0.0981523989416089	1
0.0589580600678749	0.0626609672133121	4
0.0941094138697455	0.0851702185031576	4
0.0533558676157513	0.0984878863192144	4
0.00980522964349675	0.0135522961236952	4
-0.0671822444794234	0.117835709255858	51
0.0912551934014649	0.161920727088867	51
0.0148647903133149	0.0252386732618911	51
-0.0427686240400481	0.0897506840935253	40
0.0884012371776041	0.224268440322706	40
-0.0264470643720526	0.0478800429704645	40
0.066037531823682	0.135935989235047	40
-0.0761427809393321	0.169486452323923	40
-0.124440707935389	0.27352815801623	31
0.0314573935315738	0.0538894209298124	31
-0.0270202814751326	0.0454540629963705	31
-0.0430551474779938	0.0700353025490234	31
-0.0470705727255033	0.0782981237944767	31
0.0813687389174316	0.135621913969389	31
-0.0464369728736562	0.0772000003747937	7
-0.0276225883097093	0.0416376429023464	7
0.101066012589152	0.167052336040331	7
-0.0131991581603027	0.0171697965383788	7
-0.08443664662121	0.126062057235335	7
0.0516532202239249	0.0784143947829674	171
-0.103615053655303	0.188314767223105	7
-0.0534635049087872	0.0417649199327813	7
0.013515472486697	0.01279543582272	77
-0.0401205502059629	0.0782204288306061	7
-0.0323410584496963	0.052345441938313	7
-0.0406958438388123	0.0494208090248651	77
0.0170874130878712	0.0224687978015518	77
0.11792625912922	0.189553050408049	77
0.0212614065377964	0.0292749699816182	77
0.0492588432934597	0.0765109480538298	77
-0.042914125059914	0.0579134196683418	7
0.0294649280209784	0.0444758551754626	7
-0.0721408587066246	0.0943998754446682	7
0.115152899495348	0.182605424820758	7
0.0390268219049517	0.0607100820869357	7
-0.0475918542498145	0.0743055301527949	7
0.120498759393589	0.21371682998473	7
0.124697078065357	0.226051335938533	4
-0.0454501413828758	0.0724897927644938	7
0.0631441010453373	0.108308429200052	7
0.0572149955739478	0.096559553013534	262
-0.0551954303896883	0.0903601453782268	7
0.104087618095637	0.188061706005197	7
-0.0347716925083323	0.0512743037400073	1
0.00926306162605644	0.0119306590939738	4
0.0218075602619115	0.0338478985543982	1
-0.0162825745533174	0.0232453138449826	1
-0.0901338886770938	0.162497904047612	1
-0.0499826132997238	0.0536016178274915	104
0.00215293165411326	0.0034478827187779	104
0.0365533288014422	0.0508555222516717	4
0.0652833426781632	0.109821561838755	1
0.103189888962181	0.197859231363851	1
-0.0532067338527222	0.0694932319997687	1
-0.0838393898934362	0.0939585994425247	443
0.0506130097970673	0.0929639262632804	4
-0.00539801190875395	0.00876657471468847	4
0.0164854378565169	0.0280639763884798	4
-0.116187506621607	0.194917361583376	4
0.0474702694283541	0.063391595300035	4
-0.0136483920203331	0.0159207496970229	4
0.07090336477299	0.0826507124633407	4
0.0356298826562775	0.0661320121804354	51
-0.018987549487766	0.0353326675839649	51
0.101508578922379	0.266591553089219	51
0.0162702002729813	0.0314792501812557	51
-0.0427357461189247	0.0614748273078212	40
-0.0726234501038976	0.111003916499769	40
0.00620422669875389	0.00939571361099618	40
0.0421208334771685	0.0619834301629924	40
-0.0821399714001185	0.136291655510393	40
-0.0603790550198701	0.111511036024198	40
-0.029073600027887	0.0365837980450277	31
0.0503916038457197	0.0810036955461993	40
-0.0772723465263756	0.136019373191776	31
-0.0778127486979226	0.131591367496699	31
-0.0162220292510188	0.0231558183840442	31
-0.0478956993105301	0.0709030192379871	31
-0.0749956759227256	0.10521984798574	31
0.057615363393967	0.0721801918945966	31
-0.090137117309941	0.114150802093654	7
-0.0371241782155151	0.0397965797186034	7
-0.074809114200827	0.114737518577852	31
0.10917937858518	0.178864042304415	31
0.122895462491149	0.220470409899617	31
0.0668572942618947	0.0946210680406306	171
0.0180553413743688	0.0229955051085327	7
0.0852227768074044	0.172075908701303	77
0.0444953155607064	0.0799052210673764	77
0.100288273948835	0.184519581801802	77
0.0593643023015225	0.0744961166335744	77
0.109609163340509	0.161368616959147	77
0.0573568048917369	0.105179424484681	77
-0.0698780621227222	0.0948268130427322	7
0.0530160793539336	0.0806527757106584	7
0.0243523677814511	0.0326671398130442	7
0.105202990041505	0.118751411374239	7
-0.117286113288068	0.227670816089075	7
0.00083049343688876	0.00105214555646665	7
-0.0429019990120213	0.0500662513110116	7
-0.0934648489827045	0.13152579258851	7
-0.0799570127749949	0.157683764002939	7
0.0675625552791126	0.0998854803797064	4
0.0557376475342855	0.0794904983926834	4
0.0916216825843181	0.146790626142428	4
0.0329589749966241	0.0516317545487387	1
-0.0488936580886115	0.0778644966838027	1
0.0805991849840393	0.102098858703564	1
0.110185397625997	0.202491299500378	104
-0.0856978085829763	0.157983440289391	1
0.0613171164834104	0.104902841433728	104
0.113090725500905	0.178800595038002	104
-0.0406749838193201	0.0415770839480495	1
0.0465725622324162	0.0537325648009804	1
-0.053423518794025	0.096632017780903	1
-0.123956807864782	0.19243423002189	443
-0.0256425653148513	0.0394678549260844	4
-0.0337472037510116	0.0377482143627376	4
-0.0710343287229855	0.0796404046761669	4
0.0718391363220649	0.123905746771357	4
0.0872144163480604	0.2037719147523	51
0.0673094540904105	0.173330586295334	51
0.106662705468907	0.244807574260674	51
-0.105343644742144	0.19991776642785	40
0.0777900306870372	0.145421028944965	40
0.0311146185418443	0.0579335515881985	40
0.0184759090023085	0.029772831485917	40
-0.038007060880091	0.0692753462765561	40
-0.0603708057689833	0.0733102710628785	31
0.0556732881874691	0.0937277429012728	31
0.0861634857342448	0.182679200458379	31
0.112563178057023	0.238996740201904	31
-0.00562932041074197	0.00860190655329961	31
-0.0792327071235365	0.124913378177637	258
-0.0318090100599823	0.0514366307652194	258
0.123621039383483	0.247875229463169	31
-0.0169291844146341	0.0260310096761332	7
0.0983443132910671	0.160437175659394	31
-0.0767421961580877	0.134976024950356	31
-0.014590159175711	0.0183713285248545	31
0.0210380469519805	0.030069383884195	31
0.0173274203318193	0.0259035371002389	31
-0.0886850075198552	0.160611604564773	31
-0.0982541274543576	0.17831466541985	31
0.0273663896345036	0.038362265896705	171
0.0410192624744524	0.0694666432951864	171
0.0487595209737446	0.0781772869898811	171
0.107781136787373	0.140476610197637	77
0.0871755973678066	0.15371403105634	77
-0.00030501271191867	0.000440946816797914	77
0.101020022754966	0.166960890408268	77
-0.0999900866008417	0.174385360963886	77
0.0222314943558002	0.0318238633136477	77
0.0670222618767322	0.0989989311872867	77
-0.0959951296197287	0.14770790136294	7
0.0315551573058394	0.0368324644654462	7
-0.0746987137172283	0.114552671895531	7
-0.0547335117955567	0.0787188307086005	7
0.0236062789075152	0.0316392330423265	7
0.00661425443443256	0.00958050931589892	7
0.0461656375176242	0.068935002643966	7
0.0261560429770538	0.0389692094446458	7
-0.104648949841082	0.161439767425888	7
0.0211796416083748	0.026120694124955	7
-0.00848396486687424	0.0114039964157802	7
0.0318921653502571	0.0525004379634347	7
-0.0669636168594982	0.110142240684662	7
0.0412185724177833	0.0627379639595711	7
-0.122537602805637	0.189899383933744	7
-0.0214705368079461	0.0270231373924468	7
0.0399755199237787	0.0622767103209658	7
0.103652605026983	0.1497188584957	4
-0.00472887528426118	0.0059357007444063	4
0.0356746709735813	0.0495862117691174	4
0.0307378057050103	0.0437088269970934	4
0.045308070493829	0.0675649921073214	4
-0.0295629594706463	0.042394207990389	1
0.0315639021425774	0.0493345027320323	1
0.106301545773512	0.186498889486684	1
-0.096191741104108	0.148047199792217	1
-0.0955713602099782	0.173823115229159	1
0.11599879588446	0.226622551019074	1
-0.0941526113223473	0.163909280199184	1
-0.0918381129868129	0.144970068113873	1
0.0203519354788582	0.0250747845143221	4
0.00340750708121089	0.00416325962151049	4
-0.0772974231395309	0.139171842302269	1
-0.0293447908776903	0.0396052519224354	1
-0.0451211765060036	0.0504862097676648	443
0.0422318896319201	0.0621528849051755	4
0.0170488552619093	0.0240160181574946	4
0.0401511662740937	0.0567078422430009	4
0.0823722277535469	0.137475667190586	4
0.0454308231409459	0.0989684287284472	51
-0.0875967634997799	0.168077105940293	51
-0.0056905977892036	0.0104106657566387	51
-0.0254271282804794	0.0490114987632151	40
0.00128037583883105	0.00221786541869759	40
0.0176883412034822	0.0321405620199439	40
0.114975512374091	0.279604606632654	40
-0.0141784382785897	0.0270478943097813	40
0.0733393699624892	0.152822148481199	40
0.0214876211744112	0.022035564514678	31
0.0638426020570032	0.0772131973408353	40
0.021646953923818	0.0289425042229026	31
-0.0101404904313233	0.0161868099804632	31
-0.0893542599000596	0.200364228873254	31
0.0309045228851357	0.0552634141552451	258
-0.120032932621265	0.254471691369668	258
-0.081903818393368	0.147674943117519	258
-0.0704178462208157	0.126156917764256	258
0.0943062319674486	0.169410608651771	31
0.0287719427201679	0.0512522214902841	31
0.0594017216316423	0.101306867214212	31
0.0730024801783168	0.114115286026362	7
-0.113985896006783	0.233649250963265	31
0.0879956075191974	0.138961642073475	31
0.021492660017718	0.0325845081706269	31
0.053251715624522	0.0838774756635567	31
0.116507703211532	0.219406176977917	31
0.00736257129249879	0.00975842625809979	31
-0.0401968991496181	0.0624793095373208	31
0.089409176546224	0.158244199451536	171
0.120396960995006	0.204081569991355	171
-0.122808823155885	0.220866892860523	7
-0.0286018991183163	0.0431874904796146	7
0.00632600882957787	0.00937347705777579	7
-0.000273007524636608	0.000380637157035145	7
-0.114065476452731	0.186677196870489	7
0.0792151504452208	0.100202287202839	171
-0.0250151993196841	0.0268194670412874	171
0.0862770738129699	0.135950015302449	77
-0.0984142337160545	0.133864817224999	7
0.00323563249922256	0.00395304629781807	7
0.0961129859236946	0.179722096688942	77
0.0129749649165468	0.01750316689049	77
0.0443991327181219	0.063671857655857	77
-0.0196454181093231	0.0255476062062749	7
0.112399325473797	0.193740300880558	7
-0.0707591495414865	0.102181932087082	7
0.0148163917194005	0.0200283351359381	7
0.103332177628431	0.179061464990405	7
-0.0638828183373984	0.107138341115791	7
-0.0376284391139297	0.0508945878590656	7
-0.106805094045991	0.169125347694718	7
0.032509614296993	0.0431244412164649	7
-0.0595340322678915	0.0933055563636481	7
-0.0172807313265213	0.0259743872496084	7
-0.0282982897526862	0.0447700703665116	4
-0.0812163053705951	0.140521909501575	7
0.0821697247649694	0.127553539854142	4
-0.0692849844054787	0.0939513266813811	4
0.00754819002101735	0.00823287277425861	4
-0.084771965277309	0.137468232463684	4
-0.076365485365303	0.123267886408186	1
-0.121233117792058	0.198631094685418	1
0.108531817415308	0.184483682581259	104
0.0435799209263552	0.0572563895377284	1
0.0592701538151541	0.0949637443226197	1
-0.100383556347273	0.167298033305646	1
-0.0879449193216345	0.119484129395276	1
0.038639532266255	0.052227879094097	4
-0.0630082735055611	0.0908689411959088	4
0.00739539502265267	0.00980119192249721	4
-0.071819634931449	0.118146534614795	4
-0.0402334999159567	0.0609770993088806	4
0.0859786488121155	0.111094855752691	4
-0.0230423552955288	0.0257728193249633	443
0.066779014322112	0.0901798040667273	4
-0.035260549289048	0.0547531925681071	4
0.0763647174253862	0.13355939974008	4
0.0506012168327773	0.0738835078653427	4
0.0464036374905733	0.0535077474758476	4
-0.0600899885175021	0.116705208702209	51
-0.0146945038495259	0.0185046487910849	51
-0.00476617099243519	0.0067793881448693	51
0.0852764110756228	0.116159742484019	51
0.0230167506251407	0.0497859586407838	40
-0.0599691122635622	0.136780895447857	40
-0.023111936341145	0.0487522105740552	40
-0.0207409563235032	0.0379538899680132	40
-0.0451713263568227	0.0855911942379873	40
0.0118779321366146	0.0228940169905101	40
0.0713202338814051	0.180866490941499	40
-0.12137182275325	0.340303903622782	40
0.0889812145268775	0.147303467234502	40
-0.0345466469971939	0.0669250294711639	31
0.0936461586928162	0.199922803754241	31
0.105342042791113	0.241258842527249	31
-0.0900953229750466	0.184913847009801	258
0.108055952449317	0.217667691997198	31
0.0895550723493708	0.164542751895795	31
0.0180673088390978	0.0237805063352105	31
-0.0147320139143925	0.0240479562700647	31
-0.0305421635259287	0.0534677922489365	31
-0.11041059291368	0.179724474143359	31
-0.022486356472262	0.0346686971351837	31
-0.020600300952679	0.0316625760728611	31
0.0275707923129698	0.0425088719612397	31
-0.039526698492653	0.0479268663222599	31
0.0878843583274614	0.13877650724796	171
0.0351348411954664	0.0539221395501786	171
-0.0977927461029024	0.166836793042823	7
-0.0467523251421286	0.0611899830916413	7
-0.0539014466343599	0.0821498353715119	7
-0.118562982725417	0.138950739478727	77
0.0567845149842828	0.0811085594392307	77
0.0122535418182135	0.0202016926141914	77
0.0787958238244012	0.0821844515692468	77
-0.0462005309432882	0.0517631483991213	7
0.0971414399021287	0.171083979619275	77
0.0955596371111773	0.134993100721425	7
0.0196456344715477	0.0287619816984823	7
0.0849555470866651	0.157340968132255	7
-0.0890278234657257	0.173848961960575	7
0.116982440024282	0.228902109356647	7
0.0257915068970079	0.0434913059581786	7
0.0343181096127757	0.0578982559654073	4
0.0755029757394944	0.143537965837115	4
0.11484079140007	0.230503756364939	4
0.101103187601744	0.204210764498567	4
0.0566608385014066	0.0983253774299209	4
0.0904893138255939	0.180895334375189	4
0.0240094884721734	0.0429153640240259	4
0.0674932410285893	0.124203230009982	4
0.0580704221482567	0.103842813715589	4
-0.0377330289821557	0.0404738516805597	4
0.050363096006322	0.040838302570084	4
-0.0287191113898928	0.0261329481496475	4
0.0744818454258816	0.121882762251751	4
0.100028766791807	0.150716793857532	4
-0.00487662049002262	0.00590903388384092	4
0.118317387852904	0.149020089390812	4
-0.0210670036426529	0.0345688203035957	1
-0.0269820114620372	0.0460265179563058	1
-0.059243600848813	0.0992878650726981	1
0.0871974255856486	0.0933923731803024	104
-0.0145675254048429	0.0156269902787925	1
0.0251517219769075	0.036469227846363	1
-0.0201039398362245	0.0261591937556082	4
0.0873407317582661	0.154068762531481	4
-0.094125887346218	0.170844994982378	4
0.0516784961430217	0.0951112339108777	4
0.0458434560779569	0.0861277778311195	4
-0.0578744791881488	0.110569009984604	4
-0.103418308987388	0.216670045959729	4
0.00924048648079183	0.0111050243465074	4
-0.00396385161969853	0.00443556755112729	4
-0.12458234510919	0.228878185372574	4
0.099776575130019	0.134522580391035	4
-0.0471843830320806	0.105929484687729	51
-0.00931843840906711	0.0158057195890463	51
0.0914925635600257	0.127103474440304	51
0.060692677838815	0.1037257525721	51
-0.104866643429003	0.234595172171831	40
0.0241155765680678	0.0471447903299976	40
-0.00637253823127731	0.0115372675317984	40
0.0518431663385394	0.117525091393477	40
-0.0331574627010389	0.0513218289355673	40
-0.107094362782547	0.0825666339812582	40
0.117952621899121	0.127224345662205	31
-0.117036511152798	0.154026054352002	31
0.0573477702036818	0.114957653563229	31
-0.0790561843624001	0.160721025287505	31
-0.0943699308574978	0.200389539090081	31
0.093348030331278	0.199150178041494	31
-0.0514757135001667	0.0914406062161454	258
-0.0132720276091153	0.0225648767857993	258
-0.0689519327103615	0.12775970752027	258
-0.0217544022272527	0.0342503833750314	31
-0.103146374044495	0.202631568283221	31
-0.0297725306256641	0.0520501577131093	31
-0.0237595950606255	0.035843309658926	31
-0.0647288762454478	0.115571796024143	31
0.0660753908774304	0.118031575032726	31
-0.106353926709453	0.177334297411541	31
-0.0279023568259844	0.0399171196165975	31
-0.0918666666697989	0.145015772212825	7
0.0941272378975391	0.158312518652587	171
-0.0433210258929153	0.0604770787464065	171
0.0757281064680232	0.124169169874791	171
-0.0562936933023376	0.0900807172381735	171
-0.0114278155099263	0.0171290380467794	7
-0.0620251463580809	0.0441818662527136	7
0.00781040065659757	0.00629774400913472	7
0.0404186894047749	0.0683754004869656	77
-0.00698597851697565	0.0102067795641103	77
-0.073701766268526	0.089781641844883	7
-0.0937096227906874	0.131909462641391	7
-0.0506868429944576	0.0615819697217356	7
-0.0399337177226629	0.0504143598944807	7
0.122832157066061	0.245967354503703	323
0.070585369767043	0.13139243361744	4
0.0274849633101515	0.0446201982755672	4
0.119328459654881	0.242855088014009	4
0.120679295229565	0.239198841879657	4
-0.0164858407513222	0.0295698031639567	4
-0.124842769591831	0.257428775884091	7
-0.068328662454139	0.0574066571779665	4
-0.074365049628853	0.104246234215514	4
0.082688286124526	0.123302900193659	4
-0.00468427916517974	0.00588266850943716	4
-0.030963978150663	0.0390490935722433	4
0.0207777912273111	0.0256144722729053	4
0.0893329207009855	0.147968887582334	104
-0.0283463550069825	0.0274585463625208	104
-0.113187009688403	0.198367578096953	1
0.0663599400392652	0.0938474362899517	1
0.0971402444296304	0.165445818996667	4
-0.0626073514673882	0.107234196024464	4
0.0698850430674906	0.129946539651048	4
0.0478765059980514	0.0494762042340773	4
-0.10887897577249	0.116454075336433	443
-0.00623630491639001	0.00932592102161534	4
-0.0526193720892393	0.0897857980788797	4
0.0766874903044912	0.0912332610337899	4
-0.0383715442512981	0.0781148608072284	51
-0.0142064445050506	0.025896561749265	51
0.107445165786979	0.217562146008718	51
0.0520513529399857	0.0890568271044792	51
0.109271007026936	0.200536965162946	40
-0.0727289600116407	0.129930269983221	40
0.0797609227518882	0.153696485500939	40
-0.109299044072671	0.215584151534038	40
-0.0440481410377168	0.08181683585126	40
-0.0476690517991179	0.0198264618841839	40
-0.0288141171155437	0.0279173133334449	40
0.0531187999151877	0.0979963205500057	31
-0.121177353408164	0.198543966291656	258
0.0231365044889344	0.0395845268125618	258
-0.0349233089062975	0.0486060600388331	258
-0.035916464277372	0.0530324701550609	258
-0.0158646334060036	0.0226352950037506	258
0.112504798799922	0.185204963708198	31
-0.103238674961006	0.176202672611217	258
-0.0520899436244132	0.0833749256815662	31
0.108825732823805	0.185067919298565	31
0.0759969271563841	0.124640267501307	31
0.00259500355871259	0.00361556522344163	7
-0.110163291028378	0.175306349855644	7
0.0560707446805226	0.0800008441738827	171
0.0431651535610364	0.065903794800381	171
-0.0777248675885841	0.125695210853248	7
0.0331730076026541	0.0440364411862185	7
0.115917290198489	0.193509717985934	7
-0.0736839597289066	0.0706974246051578	7
-0.0745791699927137	0.0716095086165549	7
0.0423195134650706	0.0682708032719738	7
-0.098784415873429	0.179430697481453	77
0.0639929971690772	0.0774096336109729	77
0.00915834849883795	0.0117948193008353	7
0.024135038286517	0.0346433500994727	7
-0.117575531688214	0.187297620378274	7
-0.0367516225168218	0.0496551714090292	7
-0.0111560422075934	0.0139937097222967	7
-0.070367866417719	0.0955467310635038	7
0.0914361211307718	0.133332928812139	7
-0.00198848051523248	0.00266730932540558	7
0.039060486022604	0.0528249644635603	7
-0.046683534487749	0.0709219860438803	7
-0.112630380045843	0.183879725456258	399
0.0130101942130457	0.0191732636807757	4
0.0433937429173131	0.0639677652607631	4
0.0530058353936312	0.0776599234627548	7
0.0449930712391338	0.0619604493672917	4
-0.102379134761059	0.0916647281436334	4
0.0807928269222437	0.11892349607739	4
0.0232501137669135	0.033335681487831	4
-0.0829184460208271	0.123523681753824	4
-0.0735646682093738	0.106642753649827	1
0.123842909606139	0.159196124563185	1
0.119683468389114	0.192866067291553	1
-0.07101315549023	0.0862348326818147	1
-0.00509010662065762	0.00777267815867675	104
0.0847455286992281	0.138267407496554	1
0.0591088934839599	0.0628321030322063	4
-0.0140268672075258	0.0176511472760789	4
-0.0797222462991527	0.11545450928269	4
0.0134659945658042	0.0193774014800679	4
-0.102957660498768	0.145026784684332	4
0.0827807927462278	0.12860527346796	4
-0.0347925594398707	0.0389664792375662	4
-0.062507006595809	0.0564233984533105	4
-0.0170873061941493	0.0341060057632036	51
-0.0814119838879195	0.163181828326548	51
-0.0079115262950695	0.0148016852410358	51
0.0891276915482814	0.222372004701498	51
0.0901919108640498	0.137208707431919	40
0.0110627445531778	0.0199641152208568	40
-0.11799395186553	0.257848883357724	40
-0.119200820669978	0.235922770863673	40
-0.0292492670124588	0.0381663437390588	40
-0.0893001470005424	0.179488035224487	40
-0.00494025209720566	0.00598628685585994	40
0.11121094076332	0.226663382989816	31
0.0786915459513676	0.110397929989234	31
-0.115337003278958	0.193249128281373	258
0.0346491269511002	0.0406019346918717	31
0.0723963691053721	0.0996049360666166	31
0.0256712894210525	0.0333747812317216	31
0.109609163340509	0.161368616959147	31
-0.0499489089280139	0.0697403165702034	31
-0.0141547240054111	0.0144870225744684	31
0.0982952608583854	0.139382892876239	31
0.108037690001374	0.204100962298184	31
-0.115652846590226	0.151947404480111	261
0.0215330267113015	0.0220790831456614	31
0.00950773996710393	0.0134843119977091	31
0.0731460111609123	0.110031145240127	31
0.0940431842618769	0.180359514257123	7
-0.0483783874467372	0.0673874456473367	7
0.00746496280555009	0.00989457696530664	7
0.0230897686632848	0.0274601486533699	7
0.0925841055810118	0.155347963082526	7
-0.0741670254181655	0.0973178430681138	7
-0.0441432137340842	0.0596810886894507	7
0.0181007244932013	0.0255295122970394	7
0.0514342539434646	0.0752040479828045	7
-0.0166055761820488	0.0260850420753071	7
-0.0739358898476089	0.122053356813758	7
-0.00149314787179365	0.00247124637812154	7
0.00755325050416984	0.0119428047886792	7
-0.12464998251653	0.22906712400951	7
-0.0636002298707325	0.0832816271632698	7
0.0676096435546695	0.103952487240341	7
0.104481589606015	0.18891878717865	77
-0.108214984103769	0.115654798883449	7
0.0521757673973199	0.0640839359595082	77
0.0333135561993852	0.0442314475305701	77
-0.0422273941858178	0.0513649048159798	77
-0.00684583408530076	0.010007015338806	77
0.0687509869041451	0.109751872824628	323
-0.0326017211550646	0.0396350573909089	7
0.0199058752003318	0.0213673771096748	7
0.120223532809323	0.263235485779009	4
0.0131898357825618	0.0204981798595631	4
-0.119066802048904	0.178935199204793	7
-0.10308549260796	0.154841521824332	7
-0.00445095976027586	0.00615972653215785	4
-0.0629987785298245	0.101102492640777	4
0.10953820367387	0.161247285965128	4
0.0332563575100971	0.0492187710752964	4
-0.0731266193483769	0.123590132990013	4
-0.0475547316515079	0.0682957095362655	4
0.075364344458581	0.119213842455648	4
-0.0531150244413986	0.0851422659682309	4
-0.0078667755705908	0.0123128045981223	1
-0.114023458939609	0.161004170407404	1
0.081090226413075	0.130500746741578	1
0.0558059214036008	0.082834093431602	1
0.0116487517872477	0.0195457343078285	1
-0.00799445360665468	0.0107405027085286	104
-0.0488068401030485	0.0814557451683523	1
-0.045295853828658	0.0506959305237297	4
0.0987009113257227	0.154950389390818	4
0.0726049309108052	0.10913122287861	4
-0.00223344285994434	0.00348081145429109	4
-0.00561887561235818	0.0068105070599421	443
0.058980956483269	0.102743994006577	4
-0.00385362621153859	0.00394596809754275	4
-0.0739502008368814	0.113220755510812	4
0.0965898527270737	0.106272295530116	4
0.102184024410005	0.176702113856141	4
0.068144827870898	0.122958026114147	51
0.0839755406225096	0.177336281713885	51
0.112545447969128	0.231368030786719	51
0.0984303559184129	0.154463541084801	40
-0.0907952527082393	0.139981014951946	40
-0.119419522021644	0.236425796454745	40
0.0252531615890926	0.0353101576268007	40
0.0941452877769549	0.085197992026512	40
0.016105049528012	0.0211483819800814	31
-0.0293964746771254	0.0503699262719165	31
0.107706804596247	0.254535123681714	31
0.0444670313831531	0.0719676379281058	31
0.00719524805204603	0.0095339697827438	31
-0.0305173584716794	0.0450394545660065	258
-0.0941651354039789	0.141133577873989	258
0.0687450304503283	0.101788687343195	31
-0.089365450081043	0.121609785696923	31
0.0868467718403409	0.0996896008212427	31
0.037515093426456	0.0522547993559731	31
-0.0220571617591741	0.0369871904801501	31
0.0701096906463363	0.113073777364419	31
0.035723360946519	0.0516147327166201	31
-0.0266604077261631	0.0286221724348952	31
0.0988362270616935	0.155191617342786	31
-0.0362780936055808	0.0521271326600066	7
-0.05067792661381	0.0708256942796335	7
0.0772222429400597	0.148115541035815	7
0.0167067496237706	0.0261036711956207	7
0.0457417892652739	0.0580561154194044	7
-0.0556195914000002	0.0825774960850217	7
0.0513676568198968	0.0630447365133677	7
-0.00517622832527864	0.0079058908287987	7
0.0255621533265633	0.0292584333294066	7
-0.0153381680102443	0.0206509685897547	7
-0.0165616553423016	0.0297071864449234	7
-0.0358176980338873	0.0653412771544394	7
-0.111644923951145	0.141259536039355	7
-0.115315841054445	0.167829411843052	7
-0.0790798655440829	0.114420009457181	77
0.1047358363563	0.160471884024993	323
-0.00299643926528237	0.00307046019799245	7
0.106140863138113	0.162932437006325	4
-0.00483017548243553	0.00704510270940963	399
0.0390956399236386	0.0528718152655944	4
-0.0429806551842854	0.0699028404307875	4
0.010242891932174	0.0132041970715136	4
-0.0620362336483801	0.0559874362455302	4
0.077765752245137	0.074560331393852	4
-0.112053549012721	0.22054918723302	7
0.0296212678225289	0.0482580984317742	4
0.0264180285542111	0.0369958539064771	4
0.0272937345252337	0.0382608265237363	4
0.0683028346383348	0.105116548504294	4
0.0425313712483585	0.070188346643258	4
0.0642493762150702	0.111197228879512	4
-0.00605019838716925	0.00760425686040871	4
0.105579416745993	0.18503032584951	4
0.110445341580983	0.196462414592162	4
-0.106725235567674	0.174361414793537	1
0.0202068914480492	0.0296071096756878	1
0.104615652603118	0.196523840324005	104
0.0705369913666656	0.109854127433896	1
-0.074440038983383	0.130363775495262	1
0.0530946869001439	0.0476949116741656	219
0.08217974331348	0.132432461382482	4
-0.0865684296824711	0.136806889663023	4
0.0126542813045962	0.0186383447355745	4
0.0101816278810635	0.010153605654436	4
-0.0737032050749033	0.112859909422653	4
0.0374701962799047	0.0376580049271708	4
0.0434203793209313	0.0738283754355484	40
-0.0630114086661518	0.103685643283325	40
0.0586597013548538	0.105004374819134	40
-0.0543186045391165	0.0929298898155002	40
-0.00706973871047197	0.0115092491818019	40
0.0724916734575733	0.0948444792325374	40
0.0578026661634706	0.0953986242504917	31
0.05474023057864	0.0892577535603343	31
0.111241201375553	0.234284547908753	31
0.0111910438622571	0.0154930764019247	31
0.0786069815737129	0.125994934287574	31
0.0809821936974082	0.130303059493737	31
0.104247460010807	0.150677234884463	31
-0.0805155261374805	0.116721047402588	31
0.100774885388741	0.144968699574927	31
0.0469412687180634	0.0701770713227868	31
0.0159153621890352	0.0242991292730431	31
-0.0889202226156309	0.120956352790354	261
0.114175852028002	0.171010706776653	31
-0.0936726556090088	0.131849358401426	7
-0.0894366365913414	0.129897526501818	7
0.0951746069651579	0.140981544978328	171
-0.0602139604509082	0.0892274148094482	171
-0.00424315931090572	0.00633241641631206	7
0.0727575866312459	0.109390252892986	7
0.0300273729661978	0.0410059739364913	7
0.117983055519394	0.148581134565894	7
-0.0155872170605508	0.0216246325665235	7
0.0560062219078381	0.0862949978284345	7
-0.034002322187008	0.0514103072788865	7
-0.0851071573856292	0.147100158938435	7
-0.0531841790960397	0.0786818124539025	7
-0.121360859214448	0.213608255168814	7
-0.0616392600477566	0.101245051704459	7
0.0729384370696517	0.0954799062139555	77
-0.120192843489043	0.163955472023231	7
0.0928454307274752	0.143192993683426	77
0.0569057830112771	0.0878041413481903	77
0.0217815994246084	0.0291282843632345	77
0.118382734818977	0.190416339714813	77
-0.0364421543592316	0.0523732237915738	77
0.0338994431661297	0.0397012058735007	77
0.112553506291148	0.19407547627678	323
-0.0736979925408786	0.103207193421667	399
-0.0291854318715647	0.0406311948477111	4
-0.0604628564498714	0.0818990803022872	4
-0.0717430476686407	0.107148191943241	4
0.0280070541467098	0.0352565022727257	4
-0.0734899327634028	0.102890313121226	4
0.081464262125402	0.14030522833743	7
0.0445923333441237	0.0705067755561623	4
0.0789168722959468	0.09978819119527	4
-0.0080096385774749	0.0104284387715557	4
-0.0216375658623435	0.0300450258381063	4
-0.0873938854685375	0.118651195796627	4
0.0558811094711334	0.0829789555712239	4
0.101031186570501	0.152449461106192	4
0.0830454828175896	0.123896863672248	4
-0.0846549437554447	0.103101204058465	1
0.0420128809471803	0.0454252742359851	4
-0.0396707743133543	0.0616123669348879	1
-0.110840390854825	0.198676184016917	1
-0.0863464577958889	0.149565469516085	1
0.033756907818312	0.0584273536767372	1
-0.0171591001946898	0.0251701557210723	4
0.0513620832164077	0.0569378083212935	4
-0.116167165489906	0.152727301179471	219
0.113826860399085	0.151441704437317	4
-0.0126472995813055	0.0189860779604521	4
-0.108083661523708	0.161757307471296	4
0.00960049059009169	0.0119653087488014	4
0.109409191821236	0.170386102176549	4
-0.0305597050992862	0.0438782278642711	4
-0.109070624649144	0.148569400027534	4
-0.114410800512356	0.145180473221252	4
-0.0328486862036376	0.0585308235487702	51
-0.0833953065924755	0.169994165621485	40
0.0768018063639319	0.138460090071669	40
0.0744597122818818	0.154718155674069	40
-0.121921673721036	0.214788475490871	40
0.076416676804804	0.129622085972841	40
-0.121306417427642	0.147835152926324	40
0.0216530918236099	0.033599968216986	31
-0.00669496014385365	0.0111027100909605	31
0.0746340626410337	0.107854594857657	31
0.00208953420240023	0.00255533634266859	31
0.0671052435998978	0.0950010422856085	31
-0.0466113674102815	0.0609968556104971	31
0.0802796365094173	0.107341847382287	31
0.0466543933843826	0.0592781701434756	31
-0.0222254495744836	0.0317751833056937	261
0.0777333285212331	0.0870173021171793	31
-0.0718416597803893	0.103908656973114	261
0.0739466386315501	0.124924799772895	7
-0.0936726556090088	0.131849358401426	7
0.0855154118738771	0.139686879041752	7
0.0597796737544806	0.082915069225204	7
-0.0433577784848791	0.0672378856269022	7
-0.10349303868287	0.135681710053909	7
-0.0897687013627252	0.122227313636527	7
0.0429493704777132	0.0563869794045135	7
0.014605204467528	0.0169713953026299	7
-0.0645333697586129	0.0845977565281911	7
-0.0681680631114167	0.10130624843071	7
-0.0690127818196355	0.0935210603772926	7
0.00381577523169612	0.00576256576613139	7
-0.104144969782812	0.186138439273747	7
-0.119393763254878	0.21924418463679	7
-0.119073257798888	0.194463388416475	7
0.0490142949837123	0.0655899462114733	77
0.0556670915709222	0.0546910006998305	77
0.0951003996234768	0.140864900187496	77
0.105844351282436	0.145600900190763	77
0.123997783873867	0.159438644528712	77
0.00412242496036175	0.00560285262453822	77
0.0581571379960741	0.0617670034685231	4
-0.0217057309003227	0.0263242757477451	4
0.0730408369910517	0.0956192058169141	7
0.0401177903115543	0.0566515023520702	7
-0.124946245836759	0.229707199542678	7
-0.075651365329161	0.11259482239825	7
0.0464214524478955	0.0693320421098683	4
0.102499382872377	0.17740542030963	4
0.00307149407977248	0.00387630368992237	4
0.102078422758502	0.154223138483804	4
0.0807570542017288	0.125096230213467	4
-0.035391841548859	0.0507908143771742	4
0.110650787222029	0.136244295752276	4
-0.053719028020448	0.0547877784022658	4
0.0405735147585349	0.0505285360922626	4
-0.121239620239118	0.217446920072899	1
0.0103915470150278	0.0143703888438201	1
0.0571296423821393	0.0964008431737748	104
0.0854485067881105	0.116422552886652	104
0.119735126362015	0.192933902233859	104
-0.10342239196719	0.17658097974257	1
0.0677290568143247	0.0738454851046886	4
0.0898422909765436	0.148922498577504	4
0.0328811255988115	0.0346683221631451	219
0.0333594990840423	0.046221296166405	219
-0.0604703899429753	0.101537325140483	4
0.0802314955539754	0.124174004527012	4
0.0607988721615085	0.098387047627651	4
-0.116017534189857	0.152505499592206	4
-0.0141301965895024	0.0144621852986974	4
0.0979504817785876	0.131756159708532	4
-0.066572541028145	0.0932853808064444	271
-0.112641165444293	0.142691624090478	271
-0.0522337783706072	0.0731485613027014	4
-0.0911365213536864	0.0974108167019092	4
-0.0130820577895086	0.0230322755339536	51
-0.0810322306933131	0.160088477470947	51
0.0313279905230784	0.0550330470205463	40
-0.0514989517687333	0.101201085287354	40
0.0303714385619588	0.0519359325134454	40
0.0493539588079405	0.0858654436348719	40
-0.0776975837903805	0.150505623455351	40
-0.0301330827879645	0.0537041958175598	40
0.0379608313522639	0.0550338180258631	31
0.0668829617204391	0.106492104013351	31
0.104160026209322	0.219634460723054	31
0.0626117193597692	0.107322669203879	31
0.0733901129910252	0.114779990492376	31
0.0118794821378238	0.0164600615478466	31
0.116166706616714	0.18444181593916	31
-0.0585269264243564	0.0819126679233335	31
-0.0156216574604987	0.0239713004422171	31
0.0331412532474371	0.0502893526476438	31
0.108416276959923	0.159374539917386	31
-0.0483071663736016	0.0715441978638104	261
-0.0553985098032231	0.088514513096341	261
-0.040132432048619	0.0608156666174714	261
0.0135922985906451	0.0164018460483696	261
-0.109634019197146	0.149475970332303	261
0.0334077672841568	0.0462937175910643	31
0.0135922985906451	0.0164018460483696	31
-0.0729585251002292	0.105640422921891	7
-0.077682391625141	0.122177346219849	7
0.0616756483320479	0.0931827860593371	7
0.0724366428953457	0.124962199211075	7
0.0151653443859508	0.021307286259705	7
-0.114429151462893	0.191398785904367	7
-0.00720448243426202	0.00995425819494571	7
-0.0898493999278696	0.105049620916071	7
-0.0947280940840008	0.124469272800332	7
-0.072067905531368	0.0876379895104543	7
0.118915350882858	0.14989957422701	7
0.0269959620153164	0.0415885663848237	7
-0.0217140240418584	0.0334371869139566	7
-0.00541916620840538	0.00680818989585727	7
0.0735538188570122	0.101353107531444	7
-0.0823051744463252	0.126477340829722	7
-0.0877906634705013	0.127238078335925	7
0.0137688626686386	0.0185917607059382	77
-0.0856720440782353	0.12812784730109	7
0.0548996734057004	0.0748572365272315	7
0.100118660334376	0.150882881710843	77
0.108782168690681	0.169274340187152	77
-0.0126240405077421	0.0158610089177079	77
-0.0480341973667449	0.071121533281474	77
0.00940352225599096	0.0121133594494509	77
-0.062109620252386	0.0995630737564227	7
-0.0919479411712909	0.145169510914428	7
-0.0439773682464379	0.0573410214525911	399
0.0441170790999812	0.0606838325552466	4
0.0421481791790393	0.0620301325448714	4
0.00788615681521697	0.0104574134441607	4
-0.0170282113789231	0.0243343832574424	4
-0.119728519260125	0.180114518254712	4
-0.0337845967110447	0.0483646535583348	4
-0.0894057271090708	0.144800817168276	7
-0.0580737475293024	0.0733551973421959	4
0.0794646003144097	0.11155560498903	4
0.0796428124736315	0.117076361759676	4
0.0871006193211723	0.11888391607438	4
-0.0342332532420905	0.0517744123581199	1
-0.0303163696176433	0.0422659462528505	1
-0.0780067898120156	0.12273734934371	1
-0.0388130017279843	0.0489294571993183	4
0.120841770391256	0.206728771667173	4
0.045729121715557	0.0630522001884168	4
0.00247774402309461	0.00312655178399445	219
-0.052434162774968	0.063812894443655	219
0.0476068296653224	0.0712416704635232	219
0.0617989122262684	0.0703090596231654	4
-0.114952042618027	0.150889306326317	4
0.0206463023982894	0.0211586517233693	4
0.103900952494252	0.1251514125961	4
0.0937408964660734	0.144754113536093	4
-0.0325271475790498	0.0379439159741459	4
-0.0414615827657773	0.0503943380444975	4
-0.0880319866598075	0.127632378437666	4
0.0684290149000972	0.0746588752138906	4
-0.111166270075956	0.106001981914782	4
-0.028079426887844	0.0498553462974666	51
0.0450968489017421	0.0846058583006271	51
0.122730066440853	0.269774093237994	51
0.10932383086689	0.194185196292095	40
0.074201164071036	0.151460097050383	40
-0.113424076819963	0.235733562462175	40
0.103446664190214	0.205469751279664	40
0.112699969920823	0.149673760091842	31
-0.00482263782013346	0.00493793062652638	31
0.0309100138007959	0.0183466172637868	31
-0.0326774759129948	0.0381251530048949	31
-0.0389267679880239	0.0710639782174008	31
0.0952120946275967	0.188030786597852	31
-0.0331715094854604	0.0549182878230343	31
0.0311824032213824	0.0498348831539384	31
-0.0619262883760263	0.108334082235567	31
0.0333339009197545	0.0493405820555661	31
0.111503634652581	0.221130349427241	31
0.0124003611692342	0.0196569172413404	31
-0.101951732612333	0.152912460992939	31
0.0156785943041261	0.0249807839242375	31
-0.0296034807168807	0.0372737464464784	261
-0.0649153114600641	0.085135999412406	261
-0.093126165027634	0.161838469018505	261
-0.0299643869828921	0.0483022288546224	31
0.101732587465955	0.187588512023748	31
0.0443973151921996	0.0611007585855284	7
-0.0505084536163152	0.0765546277056244	7
-0.104738889701565	0.170642056501877	7
0.0389910126182228	0.06536091526971	4
0.0855781683608301	0.14469011137425	7
-0.0475972267399044	0.0761514424318624	7
-0.092005224601912	0.152522307158536	7
0.0903911287287607	0.155142353725847	483
-0.083150629999953	0.140771576170447	7
-0.117969806276413	0.192345713087614	7
0.112419836660648	0.167974272495142	77
0.0279824278185061	0.0364747805826889	77
-0.0600395745078307	0.0916205584806323	77
0.0142531115399529	0.022189494825168	7
-0.0578564224162918	0.0730751408776104	7
0.090929533422814	0.126235502216618	4
-0.0849764920559156	0.111690288155127	7
-0.0304980502249117	0.0469881068441904	399
-0.0174594255717297	0.0268652828958186	399
-0.0869466368575711	0.144252582358951	4
-0.00472818737452101	0.00572875907381661	4
0.00498685027926809	0.00565915899268944	4
-0.00331077548867812	0.00370455603550223	4
0.00393733815452518	0.00481094399772093	4
0.0254339824108106	0.0330539125320374	4
0.0292506079201771	0.0426693546742724	4
0.0327284623299243	0.0484011431041396	4
0.0436448305368388	0.0689026341874847	4
-0.10919184056967	0.186540586644063	1
-0.0888748673568835	0.12900966630905	1
-0.120597924225918	0.225899370739085	1
0.100501374430547	0.184956501904775	1
0.112000079371456	0.214427182814062	1
0.111729182835781	0.156748997894939	4
0.000896736906960273	0.00116356243775854	4
0.0226218775189948	0.0279373834815368	4
-0.0900550141322038	0.152941477510077	4
0.0866429660704637	0.0994110273416089	4
0.0287932851631367	0.0362792600665123	4
-0.0413025116036607	0.0422395656267028	4
-0.121160771852333	0.269890697107449	51
-0.026174061664716	0.0489669980925929	51
0.0139034916522878	0.022681013680384	51
-0.0256251095941134	0.0421294121250974	51
-0.119939999904075	0.220435967529775	40
0.104557056313371	0.189084555782471	40
0.107881974867717	0.211264512509185	40
0.0514354848517211	0.10311098480647	40
0.081818589033481	0.167248505407417	40
-0.0910970509051829	0.177468555213186	31
-0.102830450489843	0.183398976128817	31
-0.117604020385654	0.228410061868906	31
0.033657941991892	0.0597198942734651	31
0.079806372465847	0.145589739567334	31
0.093069920356203	0.166867473744295	31
-0.0114556805122381	0.0194953633134745	31
0.0901565872949348	0.138456357768743	31
0.104623850822257	0.17533703740135	31
-0.0839480945732727	0.148397248561416	31
0.0706108099066986	0.121536395355109	4
0.0726669193553241	0.117631838152451	7
-0.0131783392246452	0.0159773929622339	7
0.0399805176608166	0.0347140741122926	7
-0.0547607193397956	0.0559022345044005	7
-0.054581803421207	0.0983297587556965	7
0.110855926940883	0.190638344039083	483
0.00835998843026035	0.0136019122680574	77
0.0820060363571724	0.127260335856598	77
-0.0471250949516476	0.076649954943589	7
-0.0134323298766401	0.0206525831789465	7
-0.0295784787354724	0.0447207080942142	7
0.12422109916574	0.223323468503695	7
-0.118993662786364	0.178837736714067	7
-0.0231731236950801	0.0357640402373183	7
0.0920093752536094	0.147493312180847	7
-0.0992837085495861	0.172958638940183	7
0.00622910839770652	0.00901880528149748	4
0.0329153562285356	0.0486888258881256	4
-0.0216738282602227	0.030094614870668	4
-0.00435612955960956	0.00635074230893118	4
0.0853680008380823	0.14427954290529	4
-0.0877023037688536	0.161174407367391	4
-0.0821978605518779	0.150648654534071	7
0.0965024452385699	0.106169986963162	4
-0.094960561814356	0.150583629294735	4
0.0712207321823654	0.106844966964423	4
0.012791705758084	0.0177415688679868	4
0.0090680503535779	0.0139044869805941	4
-0.0200355726033948	0.0334817679460169	4
-0.120924473177286	0.226559035724655	4
0.0806888502886673	0.113475811721375	4
0.123853264967246	0.202699753608282	4
0.0127523594275654	0.0206378770518028	1
0.123645118075405	0.229641538028422	1
-0.00811251268958133	0.0109005563714893	4
-0.0318831025687539	0.0515646293999595	4
0.0382827264533201	0.0475590473307381	4
-0.0473825195454603	0.0680310389417636	4
-0.0311223842843616	0.0502654968437624	4
0.0342556182214005	0.0475230845122089	4
0.0866211719086973	0.0994057944001093	4
0.113790754937908	0.170299137153594	4
-0.00215013075368755	0.00297249575763506	4
0.100176646251089	0.135127186371127	4
0.0847802795496914	0.143171913887321	4
-0.111331376680065	0.181453981572776	271
-0.054595167156373	0.0855294823303258	271
-0.0890902633778499	0.121214146929885	4
0.098250710328143	0.219741045526309	51
0.116799200830711	0.243369384767814	51
0.0157838951130196	0.0258379481708435	51
-0.0994461529616787	0.135491201484974	40
-0.0875670827772789	0.151979156368043	40
-0.105000814962138	0.213188656510467	40
0.0869292805877343	0.186369118154862	40
-0.0516438351952932	0.0985298948379987	40
0.0565297729091381	0.126427310892783	31
0.0611502719513719	0.13671653282653	31
-0.0410642661384408	0.0419884584608066	31
-0.01511241704231	0.0146761331529729	31
0.0177171230372485	0.0271196065867691	31
-0.119836040354459	0.298568044822909	31
0.0100916861006312	0.0168922851698068	31
0.0629860871349232	0.114289580750986	31
0.0078058902552935	0.0129294247603189	31
0.0474720107565203	0.0878485920273666	31
0.0228564176398079	0.0398261684616677	31
0.0432265980617744	0.0734743748661961	31
-0.025681191896415	0.0430975761050471	31
-0.0876253644817272	0.145537374577983	31
-0.0917949777684541	0.156333316595457	31
-0.00157893320234962	0.00251161814605005	261
-0.026149867075303	0.0421463495668315	261
0.117885684000193	0.168717424991216	31
-0.0731398343043661	0.120573536447743	7
0.0276811141490265	0.0426909726273969	7
0.0668524942769083	0.110051888813202	7
-0.0495153077468498	0.0789382793648249	7
0.0801983791327131	0.142180912522339	7
0.00448533004504672	0.00706429314765683	7
-0.0131620540817838	0.0120187950397868	4
-0.0457362728766324	0.0597881260227627	7
-0.0596035841865213	0.0908888245262568	482
-0.0255911013207707	0.0354348131230872	482
0.113504584694741	0.195966711197085	77
0.0246566556778729	0.0366631072348604	7
-0.0226683128293485	0.0333009168209136	7
0.0774082576668471	0.118254972185943	7
-0.0680137792867587	0.10105519742854	7
-0.123314664076479	0.19128993503608	7
0.11567654988764	0.183561927467636	77
-0.0732441866959991	0.138732921609825	7
0.0542959403204227	0.0905292876488626	4
0.0434030143256373	0.0662916715166347	4
0.0599353233541906	0.102313167088553	4
-0.00569042340247341	0.0088812989919225	399
-0.0608875837632019	0.0998968190211518	399
-0.0560436687344617	0.0918660441430028	4
-0.0355029956637626	0.0611443572694062	4
0.0913171857939481	0.158161816555695	4
0.0654991830359871	0.110996075565671	4
-0.0538382671902256	0.0900253153974727	7
-0.0918420206020478	0.149297092317278	7
0.0166042318263442	0.0185569083384498	7
-0.0428375206769515	0.0413868653855285	7
0.022613738996972	0.0323955664698552	4
-0.072819666054182	0.105446798367853	4
0.0575190204876412	0.09996137658025	4
0.0740562256469581	0.132900291559075	4
-0.0245002153610841	0.0274428781585259	4
-0.0119571035606499	0.0133624685330175	4
-0.0340606335397171	0.0515054921135449	4
-0.122104964482944	0.246748204652623	4
0.101328656554611	0.193702212816982	4
0.00761887816621008	0.0083102640426611	4
0.0788589580556378	0.0822501865416257	4
0.110240247376497	0.135661947688751	4
0.0634898116605915	0.0997452441836461	4
0.0376025698737767	0.0466719845874758	4
-0.0732184197589348	0.0959535803610454	4
-0.0277417685518259	0.0283938761841747	4
-0.012539954778982	0.0265331091811038	51
-0.0555969778867248	0.120771297750062	51
0.0833714551938192	0.135725254898207	31
0.10288527144371	0.178175215501044	31
0.0956942564437661	0.201360058444557	31
0.124240088817117	0.275544325406964	31
0.100957329295378	0.166851550341028	31
-0.0803063865286224	0.13875205950171	14
0.11903368926127	0.235295970649074	31
-0.065728548436168	0.0951457880293173	31
-0.0115170311564108	0.024315312313578	31
-0.0852213621629278	0.162909839774979	31
-0.0895721999845817	0.171450796317803	31
0.00175423899650576	0.00207511524156499	31
-0.03016825797002	0.0407432549218537	31
0.0553077420840298	0.0653306267742615	31
0.0698010129853472	0.119121196994293	31
-0.0575123716169452	0.104178522753116	31
0.0141791276832973	0.0215837221907809	261
-0.0730307150307543	0.115005749393119	7
0.0398714883049009	0.0687940356131161	4
0.0620453883187785	0.100611662237648	4
0.0490102133894153	0.0655735435108937	4
0.122240033134123	0.199577344902209	4
0.0655873858018729	0.125889601262292	7
-0.0591071416090758	0.0900581751855252	7
-0.0602943097502845	0.109722471681951	7
0.0868715829916796	0.1519800989954	7
-0.0394526308071745	0.0637623377006831	483
0.0342264319499664	0.0537139218614516	483
0.0205671354342618	0.0282996839101904	482
0.087230040207481	0.10016628286383	482
-0.0369459876351073	0.0396085574678366	482
0.105648383631041	0.162078876689941	77
0.0242386453661412	0.0360150406156711	7
-0.0410933157498294	0.062362111903754	7
-0.00283874373333127	0.00451954200084123	7
0.112880239974544	0.209848542810174	7
-0.0718583244239627	0.103943592412993	7
-0.0998642860334064	0.202159506948631	7
0.0930789143543321	0.166907013978388	7
-0.0422151746294467	0.0624619269191616	7
0.0133302008751214	0.0179874310186471	4
-0.0907915483297886	0.106272660088565	4
0.108249304926184	0.141159492696068	4
0.092754688991136	0.129072721785927	4
-0.084060232012591	0.16365475119114	4
-0.0574228828481698	0.0724876140120066	4
-0.110000451465343	0.208902780318076	7
-0.058998619524896	0.0826256767382369	7
0.00121166846398664	0.00169197407306467	7
-0.0613387709924365	0.100708381223587	7
0.0896848906222724	0.13634685294377	4
0.0907927366155841	0.145294269096274	4
-0.0606316645906465	0.0994321864776995	4
-0.0176054035923067	0.0264765098311948	4
-0.0583202959242353	0.0935775573901499	4
0.0274209040167942	0.0472527249067622	4
-0.00600055377706751	0.00727459748923447	4
-0.0138611666330023	0.0161724571832137	4
-0.0498551932301581	0.0795284474534106	462
0.00352657593844528	0.00532492742831353	4
-0.057624988004622	0.0924035079832985	4
-0.0602366960851523	0.11121886247912	4
0.0106587283490143	0.0147455100413296	4
0.0933967834804455	0.123358539192018	4
-0.0116691437580964	0.0178980866345417	4
-0.0149469481127568	0.0174556449321783	4
0.0449782578658777	0.0711612184813637	4
0.0479968740698956	0.0641420225184249	4
0.012541545310666	0.0198873803119117	4
-0.0351295496533221	0.0531952261175537	4
-0.0544108142864526	0.0555236212697552	4
-0.0988269378878349	0.124809962560029	4
0.0558007271584787	0.0795924131132292	4
-0.117864419033388	0.215942043659993	4
0.0977232254277935	0.184395503707809	4
0.00425350343946917	0.00695346882393256	4
-0.0684076373759101	0.133555136983336	51
0.0611481751140978	0.13668917462342	51
0.0471726744095949	0.0928829678324757	31
0.0329962564817536	0.0662722064010964	14
-0.0916841630164329	0.194704232227576	14
-0.115422550057	0.267251796546429	14
0.0032278726622579	0.00438577367133528	31
0.0375339448904367	0.0563692064241949	31
0.0686289991166506	0.142705840254637	31
0.0396252367089994	0.0650906554190739	31
-0.11924541957541	0.239771390479064	31
0.124466203427549	0.257040113501718	31
-0.0850909088299373	0.168407543463159	31
0.03960883967871	0.0650645608205189	31
0.0204280750108632	0.0316398637400075	31
-0.0513474823667281	0.0874239160455992	261
0.0766102576833851	0.129964024114223	261
-0.0259133145196159	0.0417453630282676	261
-0.123159066952565	0.253257349102575	4
0.099968036991826	0.18383932500647	4
0.0496798158079722	0.0882449827431455	4
-0.025927501084597	0.0379981396068311	4
0.0103558112822646	0.0103270296442915	4
0.0201937631631731	0.0206840194321788	4
-0.0057456206234646	0.00670318371108341	7
-0.0975185934835779	0.166292897482875	7
-0.0427702477166481	0.0679205088077099	7
0.051804193011579	0.0786590617892983	483
0.0164347529666277	0.0245385436580563	483
0.0430092320294955	0.06945872662809	482
0.0450281809731946	0.0620213787738044	482
0.0359103866753466	0.0582294643948565	7
-0.102327910055863	0.144028536398616	7
-0.0105556211847569	0.0154311698876445	7
0.0326470770600842	0.0433088012795695	7
-0.0683965846559902	0.0960518171895931	7
-0.00181587147266058	0.00276860389751583	7
0.0358405043631978	0.0581171930695631	4
0.0798473984050513	0.137187628252352	4
0.0179902768570122	0.0253687607156456	4
-0.0183472734446052	0.0269554652934557	4
0.0561915793475977	0.0866128609502954	4
0.0689526603021298	0.110991088345626	4
0.00584004614478638	0.00772978870142738	4
0.103695747995318	0.173544886385266	4
0.123297426289116	0.211665516298674	4
-0.0973450011009202	0.165963265250504	4
-0.0854912609070245	0.147865408015947	4
0.00794914466280415	0.0115317100461457	4
0.0371657866630527	0.0501353472463844	4
-0.0784406178803441	0.12347965676062	462
0.00683901720565839	0.00906006704741679	4
0.000614219133851371	0.000894674613961643	4
-0.0805711005471222	0.133377864590869	4
-0.0558140266416993	0.0914563822325854	4
-0.0133414508250214	0.014928232129391	4
-0.0626980454307256	0.100606196674577	4
0.100409174128079	0.135473815486424	4
0.0870801162216873	0.137374014880781	4
0.10047496506221	0.135572115822629	4
-0.0144971837482654	0.0188879434787034	4
0.0453435165639469	0.0624902201371178	4
-0.0647770933917136	0.101540801350537	4
0.0150186734536753	0.0216558193172492	4
-0.0350890201472728	0.0503290670474477	4
-0.0950461030213883	0.150729899470449	4
0.0652786840305966	0.0921779838965591	4
-0.084236532197801	0.125747003004943	271
-0.093527739265609	0.210407802768995	14
0.0443419336305428	0.0739057436792088	51
-0.0134119057700033	0.0180137211083689	14
0.00896605034761966	0.0188914475078269	31
0.0138175955933445	0.0264819940130826	31
0.00294983300397072	0.00518982572804073	31
-0.00888272767284367	0.016894406164569	14
0.0523764417781005	0.127101725881648	31
0.019770463894862	0.0212165988423947	31
-0.0374789564819908	0.0773036489472403	14
-0.100345896922517	0.230355725848536	31
0.0521382452535724	0.106364869170477	31
0.0276977432624252	0.0489564406055829	31
0.102805518429449	0.209540880347051	31
0.0847660430651539	0.166770472328321	31
-0.0347899067991619	0.064152821306903	31
0.0767375445453406	0.14619030474196	31
0.102974611335135	0.197390846268355	31
0.0533835611530347	0.0889058776787062	31
-0.0457246579883436	0.0711921126132601	261
0.112032351902806	0.215957459415053	261
-0.00166429802400839	0.00248042320066076	4
-0.108816629196002	0.132663044019334	4
0.0662895361168999	0.0558430366529707	4
-0.0178366737244465	0.0298479563906811	7
-0.00431165223178621	0.00462212879815223	7
0.0305515623592221	0.0371276299617172	483
0.0735057445377774	0.0962735200099152	483
-0.122643996729451	0.205862951317538	482
0.0954471620791952	0.167612016656559	77
-0.0198420971958041	0.0266627913148962	7
-0.0501211549320186	0.0759137091488799	7
0.0617291987710129	0.0932770590481873	7
0.067943858797667	0.104509681510002	7
0.0468658435150567	0.0674474087939684	7
-0.0421426514837554	0.0568033222468002	7
0.103879329902191	0.17390569891864	7
-0.0514015463095287	0.0742157464437946	7
0.0667874928817461	0.132351272287213	4
0.117107783012279	0.212049067157477	4
0.106638680901009	0.193384702060382	4
-0.0239355852391587	0.0361151883374506	399
-0.0794497069344594	0.125294532794325	399
-0.0195163871220924	0.0325798120703169	4
-0.0910819875301823	0.157768892584579	4
-0.0462632534869621	0.0702403903735725	4
-0.0233647060576037	0.0360690708896266	7
0.077211020176969	0.0804192585291822	4
-0.113534784871611	0.175582105140155	4
0.0212083865110209	0.0292039775219824	4
0.0930431070501551	0.129487189951969	4
-0.0386541772764195	0.0613977929225558	462
0.0469800431356485	0.054225068702851	4
0.0132630810003688	0.0159991123367355	4
0.068120434461265	0.100779141570654	4
-0.00232152141738052	0.0036937878995696	219
-0.0225703267908936	0.0386208753788261	4
-0.0131626274228356	0.0147235994007638	4
0.0436798805137485	0.0312494379439266	4
-0.0741598602620167	0.140711819595628	73
-0.000509689031507712	0.000778396965752053	4
-0.0147309636873173	0.0185509937032732	271
0.108498174603637	0.244334307715186	14
0.0730224260382121	0.0956002958774878	14
0.0585524350059856	0.0905555793042068	14
-0.0924531327428379	0.153471172608847	14
0.0535021195359012	0.118864348942619	31
-0.124196110875152	0.341865656898694	31
0.0926695589309176	0.211013719866514	31
-0.0828299584447284	0.176969210103175	14
-0.0700095009556922	0.0588981241121163	31
-0.0691381585430836	0.0581241896681101	31
-0.00730609905739096	0.00475167529670249	31
0.00916550928060791	0.00913651400912426	31
0.0118176653732192	0.0245500305704714	14
-0.0664974298227566	0.140330214708567	14
-0.0240891627143488	0.0470132325963437	31
0.0574980554454179	0.115290549190768	31
-0.0222484771220161	0.0387687511197774	31
0.0113677468601878	0.0202012124997867	31
0.022613738996972	0.0323955664698552	31
-0.0863190262899649	0.155750459374232	31
0.0800489476679397	0.14188750170297	31
0.11862827355237	0.180693203222359	31
-0.104738889701565	0.170642056501877	4
0.0473872639432393	0.0708879157040649	4
-0.0144596851132836	0.0216421664135685	4
0.0225747391765238	0.0424862037294537	7
-0.11096746103224	0.190111532441388	7
-0.112810544828378	0.174273365054732	77
0.0841423330886626	0.13714977408773	7
0.0565948394121963	0.0807986694920861	7
-0.021537734786391	0.0280779929544856	7
-0.0606755741050663	0.0926790951934488	7
-0.0442334791759168	0.0618226418400214	7
-0.0235611280916881	0.0346461335230077	4
-0.0677962871557908	0.127926905084218	4
0.00256807143300633	0.00374537806253225	4
-0.0193342032211929	0.0322690059891669	4
0.0811447618079034	0.1257727707	4
-0.0303961868121447	0.050101902141774	4
-0.0715873081917158	0.112496188579859	4
-0.084242628567321	0.148995682903691	4
0.0712313629930961	0.0830524526731158	4
-0.109393455447644	0.133443799374415	4
-0.0125726677140147	0.0107229747565773	4
-0.0350412876565184	0.0487790187225197	4
-0.0047978168671605	0.00682373312292829	4
-0.01494965433858	0.0213009578183123	4
-0.096601069965125	0.117740328314923	4
0.103054631624724	0.148699703208828	4
-0.0445498235072772	0.0709591192819921	4
0.0712026395079829	0.111014908740606	462
-0.100842994302518	0.102210171461241	462
-0.0547335472405637	0.0716347449683465	462
-0.00745330263094362	0.0100075915650633	4
-0.116561226621327	0.234807396434683	4
0.0246846762891693	0.0206783882199361	4
-0.0457297339783356	0.0792587360593267	219
-0.0272285468323428	0.0448983997284649	219
-0.00480068488899456	0.00716820259696936	4
-0.122877710749907	0.173394941319075	4
-0.0435972250279326	0.0421446943939826	73
0.0635417625431178	0.0768171588252771	73
0.020797541818492	0.0361069270432984	4
-0.0623711946112902	0.081536047398391	4
-0.0988613989565365	0.186863319159879	4
-0.11325950827036	0.159787127767393	271
0.107312659866563	0.139787529057295	4
-0.00655533648111653	0.0122344346441137	14
-0.0345146724088137	0.0657924778551438	14
-0.0503526521590996	0.0855855986927267	14
-0.0791131502106251	0.178353563687804	14
0.0437084330899967	0.0763888123222429	14
-0.051137267260078	0.095730344827238	14
-0.0746842356160432	0.173788786099712	14
-0.0573537443247981	0.1218499187928	14
0.103957103081392	0.254250803580137	14
0.0749444543710616	0.179474516655351	14
0.0918662213166122	0.0910886001203884	31
-0.117510276145207	0.097843122895613	31
0.0865046894212577	0.105555243973426	31
-0.0243954983553669	0.0432413514021039	14
-0.0532480156223517	0.0962742566060888	14
0.100095644939404	0.208281096732969	31
-0.0182023454335702	0.0314834194382461	14
-0.102794946939252	0.212210558771835	14
-0.094683041485584	0.181692317020417	31
0.00149652439480279	0.00239676906171424	31
0.0294854778363576	0.0455954872175726	31
-0.00494796752740848	0.00721793661919748	31
0.120541309947073	0.231750688433659	31
0.0533012360557276	0.0893624335769127	31
0.0338305188635227	0.0501105853287704	31
0.0213797876173128	0.0324021801227913	31
0.00377373873497707	0.0055780534960576	31
0.122385149583652	0.219410512891863	31
0.0240673200070857	0.0357556041940171	4
0.121139527586191	0.197468768890133	4
0.00563930354069047	0.00767347271518612	4
0.111562729792287	0.183421453354466	4
0.0583124254168473	0.101481542675225	4
-0.117082989166655	0.154081134686719	4
0.0801094007778455	0.0769743083589816	4
-0.0430198097766603	0.038921935046184	4
0.0292695514329935	0.0466299673716971	4
-0.0234658767845497	0.0353816722947595	482
-0.0789772128539517	0.114248876968317	482
-0.0219951648673606	0.0286882620966763	77
-0.0489139089312576	0.0745561303663378	7
0.105482800453494	0.161764673165264	7
0.042996657006212	0.0656341938371663	4
0.0483636702922813	0.0793270888734313	4
0.0338295144147783	0.0518108870889462	4
0.115669322264157	0.209054106293569	4
-0.0233461849670809	0.0351991975775629	4
-0.0181305349417773	0.0272862576956327	91
-0.016421784519782	0.0234482588824463	4
0.00298625045650593	0.00364816929773324	4
-0.0584551533003261	0.0738658963440946	4
0.0802360030878001	0.10159673745049	4
0.111300836472352	0.156057251019082	4
0.0468835679441558	0.0541139842744583	4
-0.0222596348756099	0.035846483932504	4
0.0181542631305585	0.0271751008240268	4
-0.0770060369259413	0.138585248148163	462
-0.0913225403880317	0.155419097403014	462
0.0588823743311337	0.0777960328011818	462
0.0299504632909515	0.0477662645011611	4
0.00748318651765702	0.011103089714402	4
0.124309701208663	0.192856034687985	4
-0.00213148591461688	0.00345948831288831	4
0.0642909326295664	0.0822301181541015	73
-0.10825682305885	0.147350098662238	73
-0.0428515558355898	0.0712598096057307	4
-0.119435934340084	0.209619176144979	4
-0.0749116296752438	0.0983682077839931	271
-0.0608860083528827	0.108642611533809	14
0.00247655659555086	0.00418100005673276	14
0.0434233730877705	0.1029233567793	14
-0.0972413536012036	0.228052313726276	14
0.0734234511210412	0.181584474755974	14
0.0299792402859241	0.0693111398168278	14
0.0680159132494268	0.163572802328395	14
-0.0506861899044387	0.111527259869531	14
0.00375058545545558	0.00831541930873499	14
0.117567980688794	0.186950686586451	31
0.0276481687619188	0.03478908849026	31
0.110064292979182	0.115591605434623	31
-0.109268973299296	0.133281893417237	14
-0.118448930166962	0.161193100631483	14
0.0594711080879499	0.101441881938616	31
0.0626645067492938	0.125396172059383	14
0.0458850858916906	0.0841646547425516	31
0.00350627773442997	0.00540693696060653	31
0.100395170705264	0.207787426343597	31
0.102281745607582	0.190103955925668	31
-0.00586735933791602	0.00856765558578558	31
0.0688784103490869	0.11738360536702	31
-0.0657341894879407	0.103204952456284	31
0.071439786641479	0.107194292136636	4
-0.00853436505868845	0.0118104012156636	4
-0.00542193709623571	0.0079131405679983	4
-0.118843462364506	0.221980037856026	4
-0.054569242596686	0.0832512426358522	4
0.119683468389114	0.192866067291553	4
-0.123820646689771	0.208188932408148	4
-0.0928642942263474	0.138952130842292	4
0.0234311123665014	0.0278723119235108	4
0.013228426468222	0.01785038316975	4
0.120040535175137	0.221806810554508	4
-0.0755968722157542	0.112519737688835	4
0.0851784343507691	0.149652418004933	4
-0.0441432137340842	0.0596810886894507	482
0.0251657631438618	0.0374487362461523	482
-0.123155458451373	0.173838998426603	482
-0.120983861555068	0.187079501596131	482
-0.0388319624651382	0.0489620843813539	7
-0.05906186332347	0.0798446458397091	7
0.120475442522567	0.204239369567885	7
0.0104680770421148	0.0144803922404752	7
-0.0662783094237891	0.101244671000128	4
0.0455186042134919	0.0627326713594767	4
-0.0481792628680715	0.0608023574556136	4
-0.112376927005577	0.18350338748654	4
0.0459750287009405	0.0583694690886811	4
0.0212581018896039	0.0284073021605304	4
-0.0722330484456227	0.0878588182300165	4
0.0675604291646729	0.0957145250169617	4
-0.117846935648492	0.187801495787817	4
0.12168984171289	0.258856756001242	4
0.0249625735733772	0.0371320642709009	4
0.0906998564393808	0.132143381205648	4
-0.117334543314585	0.191100921330018	329
0.0382369822616173	0.0626674560638676	4
0.0919584067303848	0.169652079889402	4
-0.00708952004857617	0.0113138853318169	4
-0.0758611841975237	0.116522195160576	462
-0.124334067884793	0.197974465341566	462
0.0605078819629019	0.0801029188230982	4
-0.0485783003581637	0.0613393253489496	4
-0.0460693030694566	0.0680012958872135	4
-0.0109904591244519	0.0172074817230314	4
-0.0676074636647935	0.0687654174489879	73
0.00406043500292609	0.00478651269967249	4
0.0784920603745841	0.115214770264136	4
-0.0901656922584305	0.153188670867487	4
0.0787328537881704	0.105087319379117	4
-0.0710809392764325	0.102702276211587	271
0.0135154284246059	0.0182440312089337	4
0.0736305021714863	0.159474515892359	14
-0.0262492586751313	0.0491097754871249	14
0.06671447111253	0.13217977183666	14
0.0566441530688407	0.10579436586869	14
0.0238125850530249	0.0478917901548034	14
-0.103675139831542	0.261554894919436	14
0.0698250356424211	0.151770498782033	14
0.0872218058771784	0.206928893102297	14
-0.095874154767409	0.227960164850221	14
0.0670529004147625	0.150179805667713	14
0.0997392258433886	0.244522525390524	14
-0.0300860970390056	0.0624881128665436	14
-0.00446838391182476	0.00741201890957667	31
0.00281538574698857	0.00344008845318065	14
0.0160007835556642	0.0230914999455818	14
-0.00345852436599431	0.0059356903790335	14
-0.0817233733247553	0.152966758370279	14
-0.119735719438037	0.237188809338544	14
0.0909356751019443	0.172368973019847	31
-0.116699336433618	0.226277487400862	31
0.0899010573599012	0.155274830607401	31
-0.118983587239946	0.20455513264614	31
-0.0112672534541992	0.0164866127651418	31
0.0299013823329459	0.0440194132908663	31
-0.020709288545444	0.0310960915493634	138
0.071831303699124	0.116160317409228	4
0.021093844592047	0.028172194590606	4
0.00191820189181191	0.00307184204499262	4
-0.12189035937599	0.242258620182286	4
0.0379864510398491	0.0570870201233484	4
0.118281233274414	0.190237911830539	4
0.0709673416962265	0.106423949287978	7
0.0363891182648888	0.0636539248369726	4
0.1164488641601	0.235886545713779	4
-0.00381415750316968	0.00527552684947911	482
0.0357289186092839	0.0548782769853697	4
0.112533088345816	0.158016511707634	4
-0.121463031358526	0.17106100865423	7
-0.0850411598131491	0.119634635699631	7
0.118348217811119	0.180183983051773	7
-0.0140705792280338	0.0189140618292594	4
0.114596533353777	0.171716676063748	4
0.0345788278341737	0.0459677229153477	4
0.114753183184216	0.191246404651554	4
0.0489057911318369	0.0759299834135918	4
0.0922559594174107	0.128294278448335	4
-0.0350240366637187	0.0543673112216726	4
-0.0551282199836246	0.0841655768135343	4
0.102811349961489	0.148341559089192	4
-0.0608156986325581	0.090217567402058	91
0.0765883038101595	0.125739944178556	4
0.118771284102031	0.191150946902319	4
0.0625514587719779	0.107958570953908	4
0.112714080285744	0.202805724596281	4
0.0930789143543321	0.166907013978388	4
0.0555126217380921	0.0906251259518392	4
0.0828598138955884	0.128739200103513	4
-0.0825660437941608	0.122936276921904	462
-0.0376366731545938	0.0624229015431908	4
0.109568001188275	0.143060142765916	4
-0.0537782625248952	0.0702879419640449	4
0.0907633743225396	0.155825589714787	4
-0.0334996585956014	0.0531155797485688	4
0.0442223067044105	0.060830443292854	4
-0.00444874645958141	0.00518756024564769	4
-0.0349598739945811	0.0577214130909984	73
0.0972317811534006	0.165586960862749	4
-0.0126966945827948	0.0207603810316575	4
0.0841166595677104	0.168518038446361	4
-0.0668327092984636	0.109889748041444	4
0.0711641309772322	0.110871080704933	4
0.123529824002765	0.202064928138323	4
-0.0520718449855248	0.0704435250545506	4
-0.0755272763854918	0.132560737651372	14
-0.0285614594784469	0.0601673104681473	14
0.014075097093583	0.0273739354925361	14
-0.116568941333234	0.310806021700611	14
0.0783401501478866	0.187882015829827	14
-0.0443272109303175	0.100602827502007	14
0.0126560881583978	0.0253428028520719	14
0.0414517822695884	0.0947772501669685	14
0.120953537939414	0.306680796831113	31
0.0394800242650818	0.0614497452624546	14
-0.0355590185093714	0.0479655766978877	14
-0.063303067582491	0.0828586343914198	14
-0.0765474656025605	0.163160605120755	14
-0.0896139730563663	0.145226139260473	14
-0.0891924128641126	0.144431139557789	31
-0.0317443127698422	0.0469132639924946	31
0.101899663450054	0.182143196370598	31
0.0685473142583326	0.109395867843656	31
-0.0294165320266498	0.0433459166987734	31
0.00439407010416897	0.006128796197119	31
-0.0569252250227693	0.0911401817410826	138
-0.10808414402491	0.18070712132087	138
0.111867844549677	0.184002278942824	4
0.0678764773282974	0.0961950675121657	4
-0.0458731222380705	0.0714403284429023	4
-0.0700895267651798	0.112918214983775	4
0.0872348740794558	0.163264614915766	4
0.069261826433368	0.132044641325263	4
0.028337561459328	0.038617356637136	4
0.0383102212007955	0.0576034136794404	4
0.0421778382723736	0.0505458732883599	4
-0.0143087649420943	0.016022255780108	4
0.076843671033766	0.138575426084371	4
0.0919219155840864	0.164527325608124	4
0.0519618916280301	0.0672568718056921	4
-0.040041434499968	0.0505484332351044	4
0.056689077307449	0.0670727744872496	4
0.050299449743742	0.0705042545291241	4
0.105482800453494	0.161764673165264	4
-0.0115571643572953	0.0164917551914117	91
-0.0540145767564292	0.0800159335578501	4
0.0919150232971424	0.127763154357401	4
0.090852372963103	0.16233024015965	4
0.0317732824278877	0.0421074805679184	4
-0.104104405836773	0.177919697855188	91
0.0826099256010428	0.142505507215935	4
0.00472578603352112	0.00557236179168518	4
-0.0124337290563018	0.0150620721853307	4
-0.0597913449801987	0.0912074712712622	4
-0.0476617685890372	0.0811495055698528	329
-0.0919789407598625	0.166378641994082	329
-0.118322622274802	0.229955585461381	329
-0.0617248333387712	0.101402262707267	329
-0.0275350698696726	0.0435065045508318	329
-0.0806670753580927	0.145125270129198	329
-0.0423138930302844	0.0625966906405845	329
0.0352188327258556	0.0413053069288136	4
0.0254804328421319	0.0400656746272104	4
-0.0449566386678222	0.0716485921705592	4
0.0142989581480098	0.0227358285226675	4
-0.0144093590478719	0.0230375378449457	4
0.0284890382049373	0.0313284443067411	4
-0.110875915183074	0.202396199170588	4
0.0659705599161659	0.0932455568964808	4
0.071485279816666	0.0982174674692255	4
-0.0726193501639102	0.105147943963293	4
0.0716197211306308	0.111739513554221	4
-0.00590256877102564	0.00767072761796234	4
-0.00217671691241951	0.00291932184329637	4
-0.0293305321960621	0.0492619614341163	4
-0.0159875558171704	0.0281732116285759	4
0.0215895180471525	0.0308833754239611	4
0.0675756340676587	0.130899926494144	4
0.108047561858212	0.217667040204678	4
-0.00908036553432132	0.0142394832238715	4
0.0340410114165461	0.0562421589984032	4
-0.0281947766976329	0.0435833705243904	4
0.0920472627538569	0.2191813595608	14
-0.112359118420626	0.278496190525129	14
0.0528373902705267	0.116757211455116	14
0.0664136874654701	0.0980298403275975	14
-0.00168569512330974	0.00251277239894646	14
-0.0759210923967801	0.170790659985672	14
-0.121768836160522	0.330207680307005	14
-0.053631687374493	0.121144293697076	14
-0.0962529430947473	0.156212095610307	14
-0.0239937823159648	0.0461193133717454	14
-0.117177441104105	0.304939536904006	14
0.0266804284597486	0.0498161477105064	31
-0.101479879681274	0.169405158806105	14
-0.00739632463158374	0.0096249117452735	31
-0.0724664559851519	0.0881656565428098	31
0.0627917605236566	0.0715039512398905	31
0.0656180729418084	0.0840477371292701	31
0.0321142580007905	0.0338373627494407	31
0.001111548411719	0.00140535784749633	31
0.0777106287335571	0.0869880447738081	31
-0.0622912443554138	0.0562286880126513	138
0.0771583116418098	0.117831366308492	4
0.0953842500030547	0.141307575230583	4
0.0616682756233076	0.138023718623874	4
0.120952759096204	0.296887101877272	4
-0.0782893737258077	0.169439400873109	4
0.00838036336620954	0.0144883819107009	4
0.121274100684163	0.288531416156707	4
0.0867016811330553	0.171092009221186	4
0.0516356944114898	0.111208052915748	4
0.119975720486328	0.162963247179855	4
0.0392387612731672	0.0553447993841772	4
-0.0690055975400658	0.13051521895515	482
-0.0291745256115461	0.0282761267843731	4
-0.0660062001450569	0.077157687295446	7
0.0180239684503973	0.0229543488109258	4
0.0363858257148567	0.0526307478930176	4
0.0805774470972327	0.147186887901939	4
0.0859784482461921	0.117222658271118	4
0.017833188793543	0.0191118899378989	91
-0.0953272439897198	0.116030242611722	4
-0.107796716965805	0.115180541252439	4
0.0330053148581815	0.0305030548009315	4
-0.0636667169579915	0.0682354829877341	91
0.0836834404438873	0.141074484446093	4
0.0076864125883933	0.0139238794494278	4
-0.101839107215006	0.227653516201746	91
-0.000337577280483542	0.000601078209142645	4
0.0975832431857025	0.206054666051043	4
0.0669805821238011	0.127176724574457	4
0.0347530169973447	0.0654891167114704	4
-0.0744323187041893	0.110573277757458	329
0.115136385754295	0.182564275718805	329
-0.112313400399829	0.229605673192239	329
0.0398231221527248	0.071860674134672	4
0.0895031588828096	0.18416425934443	4
-0.03721690488228	0.0535391696871327	4
-0.0930566803752177	0.168624392117947	4
-0.0901035059146588	0.175211554961025	4
0.0714910756731172	0.0884210087333644	4
0.0129964099713889	0.0162493296895628	4
0.0222231430497136	0.0228010480145715	4
0.0510549676776146	0.0914897224214166	4
-0.0248183146605419	0.0470514662975734	4
0.00966983088821656	0.0193309607010415	4
0.0869587447884672	0.198046792737741	4
0.00130187502183499	0.00212204690509611	4
-0.0156146074747776	0.0151681391922427	4
-0.0620504492606873	0.0664177057454044	4
0.0511529478899311	0.0940482220671349	4
-0.00916025428895775	0.0176828060451119	4
-0.0213037625550103	0.0396564307299958	4
0.0818888526646451	0.167448878050591	14
-0.0639764346922598	0.145948192895042	14
0.0199597469310328	0.0515370154965932	14
0.114223119622654	0.377278303628917	14
0.00765060250149715	0.0098389751665762	14
-0.0910749984710859	0.140392842329199	14
0.00860557865365295	0.0121919009833734	14
-0.0133863968906401	0.0251256682036517	14
-0.0218185437765582	0.0398207036474656	14
0.104613592446274	0.307406435829853	14
0.0540481327383426	0.13576010919988	14
0.0163329650041728	0.0284725406372231	31
0.0793785046823028	0.0947388963864948	31
0.0477494713907079	0.04933921047991	31
-0.00306676552313226	0.00423939750866535	31
0.0730224260382121	0.0956002958774878	31
0.0899283082663106	0.130880800155608	31
0.0135836323616266	0.0183277792322009	138
-0.0683728153205948	0.0925989417021834	138
0.0537871277208072	0.0697713565763728	4
-0.0870637326772109	0.144486859470212	4
0.106794755909208	0.147023961045464	4
-0.0506289395858895	0.11452932499162	4
0.0131044750663632	0.0304969117587759	4
0.0249887230888417	0.058813673270152	4
0.00768951323793202	0.0171479565934434	4
-0.109064679638357	0.305511413323228	4
0.106791822575702	0.227499414306779	4
-0.0541811518102642	0.0734862395741191	482
-0.023784224385686	0.0413483069896125	482
-0.0346691031002849	0.0584238908509641	482
0.0317785118166974	0.0533949752175904	482
0.00938027536944857	0.0093512627368975	4
-0.0417541213854889	0.0403014265505089	4
-0.0640795295429327	0.0687430407006591	4
-0.106069591867858	0.154244141324726	7
-0.00216286105670243	0.00221993897432563	4
0.0814962850684571	0.114711070891436	4
-0.0631591642400517	0.0769274075241693	4
-0.0110343418496358	0.00872620086119957	4
0.00776591860497587	0.00626338591743732	4
-0.0908796769121047	0.106374587000169	4
-0.0927812673218596	0.099340518102947	91
-0.0276260375704228	0.0267435811177026	91
-0.0853363229155633	0.176848061081648	4
-0.00416848916636117	0.00776911760176424	4
-0.114129298220455	0.216746345519294	4
-0.0361427881552743	0.0471311754306941	329
0.0524508996923871	0.0825004213078915	4
-0.0376850347051809	0.0492395588466049	329
-0.0394241919972331	0.0641511150411229	329
0.0932285581724852	0.12980244414135	4
-0.0849105449021268	0.111594365651242	462
-0.0164621607628747	0.0280102980871129	462
0.00372419933925589	0.00680232173024635	4
-0.0382906132357599	0.0723072423790974	4
-0.0054556435650239	0.00685426317469287	4
-0.0752246092078465	0.115445184046101	4
0.0184337535122028	0.0164726737633734	4
-0.037988659682828	0.0717004473380148	4
0.0596233661403984	0.112601162741185	4
0.0150658387855348	0.027664399543137	4
-0.0611212549384358	0.0742875453649822	4
0.120707074596969	0.271060344242745	4
-0.100959969245944	0.244125677909332	14
0.0595911293184867	0.117324985805941	14
-0.0643482053185013	0.146920301416863	14
0.0635705675031607	0.208592793378789	14
-0.0368767737955214	0.0481362001340504	14
-0.0107337076181326	0.0181694886023298	14
0.00499825931653579	0.00847373278439575	14
-0.00833900393707734	0.0115371844879152	14
0.0231659543033582	0.0552253594923712	14
0.0872998796362843	0.177942372311389	14
-0.0518591773030196	0.132616371104259	14
0.0930305501430609	0.122813517141059	31
-0.118816573663501	0.1617962490828	14
-0.0434082042511309	0.0586278104605346	14
0.100136227130038	0.102140662800953	31
-0.0456318943298856	0.0413627337309527	31
0.101695076246128	0.103865771571938	31
-0.113008299558635	0.201679305921207	130
0.00411173244490179	0.00484774415789267	31
0.0547028600981629	0.0492119083759878	31
-0.0226423810239977	0.0323922672951464	4
0.00399298090081684	0.00470619811461339	4
0.072809624185098	0.10497098586867	4
0.00849239115393768	0.0177295257065145	4
-0.0962532473606738	0.226472129291312	4
-0.108781660676352	0.336938142836089	4
-0.101799028295492	0.284800429104579	4
-0.0906605308291092	0.15414894785828	4
0.0892682171275191	0.178083904155323	4
0.086671793700464	0.171092109707999	4
0.0810919164373458	0.0708702800732011	4
0.0666683606596027	0.072593544726368	4
-0.00705373256020617	0.0105601597390017	7
-0.0577067550957004	0.072874990200196	7
-0.0914511318153725	0.0764781382218819	7
-0.0422159909309655	0.0492235796383253	7
0.0938716504206058	0.110202175960053	4
0.10601236176936	0.0758203092196996	4
0.00399574201394474	0.00345163349652497	4
-0.0142659357334073	0.0166503522491715	4
0.0671204641768908	0.0679470050396127	4
0.0401646457264713	0.0348740230314679	91
0.039270497268158	0.0531226896051249	4
0.0794908576677304	0.16095181293601	4
-0.0377402612064027	0.0831615026094478	4
0.0640090934721297	0.142467332406694	4
0.0705728654781434	0.151217472139632	4
-0.0636528256147438	0.129869198826023	91
0.0284724192254911	0.0388081076444031	4
0.0948169735345846	0.140396754699705	4
0.0938520680174966	0.0849184914830323	4
-0.0312327755749078	0.0622546208640435	462
-0.0485450638258879	0.0921037292129852	462
0.117828358366293	0.289522056206274	4
0.0820751835075101	0.0642279758944558	4
-0.00659066732224804	0.00429138563843327	4
0.117773615397505	0.168504155726825	4
0.0198354482870411	0.038088135752476	4
-0.0504389279088412	0.0925496478477417	4
0.101701128906977	0.230143267164036	4
-0.0136332738586692	0.0303917605924286	4
0.103969949714347	0.255368858260339	4
0.0765512031953724	0.194667987370324	4
-0.093794232830414	0.172979237745747	4
0.100101036629892	0.157418454326777	4
-0.0272942899189552	0.0440715458715721	4
0.0502708745508081	0.0899521939328737	4
-0.12408662164362	0.281572503419816	4
0.0441317664971164	0.0529869507639662	4
-0.0508077847155539	0.107483811121077	4
-0.0288522714985068	0.0389136856072004	4
-0.0647164980312168	0.147879951041777	14
-0.0635659547466649	0.125920951245125	14
-0.0895430176852223	0.245346669343504	14
-0.0484583149326606	0.109490519480199	14
-0.0161126286440523	0.0311952746951564	14
0.0395553132981546	0.0908415664519734	14
0.0520634531430331	0.11808405661567	14
-0.0106486934573444	0.0225142410264452	14
-0.0218320172555628	0.0497218281472555	14
-0.00570804129283397	0.0125953850092981	14
0.0557260758938101	0.0858294700463367	14
-0.0840293579580957	0.148546913013258	14
0.0426248666503126	0.0687966118961896	14
-0.0294913015083534	0.0445885839883719	14
0.0738265084606838	0.106572667762616	31
0.110454658552531	0.181314545103901	31
-0.0636328305185419	0.0918471751000358	31
-0.0214689945744619	0.0279855330914646	31
0.11228418909804	0.184774590594686	31
-0.0988714218924909	0.161076293089584	138
-0.0609844193085111	0.0931895652011485	138
-0.079500482580161	0.115084830631363	4
0.0513344956208569	0.0750450000075845	4
0.0916163332666341	0.188128724340442	4
-0.0301490028656711	0.0527409101891212	4
-0.115495751054275	0.228679208841222	138
0.122370898756449	0.283682747696113	4
0.0655838823962424	0.134908488356075	4
0.104518405905482	0.182855747358153	4
-0.0976173325748913	0.158706795148819	4
-0.0702584442538679	0.127741741575041	4
-0.087482776164627	0.155376647731797	4
-0.0413878295500715	0.0628387469553236	4
0.0082957929879835	0.0117495445500726	4
-0.0893777818214359	0.13753101949259	4
0.0896951139055253	0.148642022363581	4
0.0118026149179759	0.0147394690113488	4
0.0622691320887493	0.0708704501936745	4
-0.0392978607521545	0.0495777199738696	4
0.0953310940862811	0.154916190848668	4
0.0421045488060514	0.0552130588483941	4
-0.0830010516225062	0.108831328907161	4
-0.10103063646424	0.141962187139387	4
-0.0307299729438787	0.0387446995400261	4
-0.0839804684793738	0.110260866649433	4
0.0389851369017199	0.0549666566037472	91
0.0506729871621563	0.071065191046601	91
-0.0163268605462623	0.0261859125526909	4
0.107488182296488	0.18243259422066	4
0.0510610112754803	0.0821598468090058	4
-0.0508823986044822	0.0865738333750546	462
0.09252773968388	0.165704726125315	4
0.0671260879817175	0.117501470756391	4
0.0406762994896422	0.0721248760286055	4
0.0127430838160997	0.018772158962824	4
-0.0732184197589348	0.0959535803610454	4
0.0815583583701551	0.162660235714755	4
-0.0494299771153929	0.0807137994112462	4
0.121826927008751	0.188327953240461	4
-0.00762214244141336	0.0108715990373063	4
-0.0349619606288982	0.055554283132717	4
0.0471451717976101	0.0794709381365178	4
0.063355226581412	0.106240082467492	4
-0.0402694450073726	0.0695458174469677	4
0.0405967621216959	0.0719737638446741	4
-0.0732561302023218	0.141570642314173	4
0.0235348945309874	0.0420299427865696	4
0.0409299436709535	0.0658641105777354	4
-0.0477864738681678	0.0963035080783085	14
-0.0230896310302537	0.0446253758648361	14
0.00806382626352094	0.0136976144249048	14
-0.0615210723071848	0.144154286806275	14
0.098114829092437	0.250123438119015	31
0.0336529122018349	0.0715744052005991	31
0.112851524741791	0.296063350321357	31
0.116929201412908	0.301644285997605	31
-0.068687324079399	0.152935520494276	14
0.04244581272136	0.096385888603073	14
-0.0635629255140271	0.153057492524567	14
0.0977192682311278	0.159305651288636	14
0.0393397060293877	0.0532146671490467	14
-0.0306094576584722	0.0371279463181944	14
0.00249039696133229	0.00431144789602143	14
-0.084204977092727	0.136458539276482	14
-0.0346008206300385	0.0510056120653836	31
0.0228133155144978	0.0305482968885182	31
-0.0405204841476638	0.0614413999353356	31
0.109397786460764	0.1610085274465	31
-0.105335880870589	0.153019069789951	31
-0.0526471839349706	0.0800682989738599	130
-0.116047314662739	0.194641625151791	138
0.0855838520132676	0.134707330790508	138
-0.0136588778706506	0.0177711664056709	138
-0.0400822675540071	0.0506110578433049	4
0.0839738917314396	0.125443031401585	4
0.104807170861015	0.167485474523633	4
0.0770376053185363	0.154402172333231	4
-0.0920894524789329	0.0985287782453063	4
-0.100663733122798	0.102016543940468	4
0.066364055046113	0.101858282179804	4
0.0103709070033928	0.0159313118008047	4
-0.116718348115281	0.153556457163814	4
0.0979717994805146	0.167075779404019	4
-0.055149070875504	0.0818346726523443	4
0.0391368380605462	0.0551939429666965	4
0.00531614557080184	0.00703381772954705	4
-0.0530585162642196	0.0692828598979127	4
-0.0344802908529481	0.0386015852419384	4
0.117600782424524	0.148032225101731	4
0.111028245827973	0.155633060426655	4
-0.075100117990378	0.1053785623905	4
-0.00115916290397107	0.00168413491930489	4
0.0796236612570602	0.106398635733371	4
0.0380783650067101	0.0514250646529067	4
-0.0357706717314479	0.0482659228003445	91
-0.0935686967626937	0.131688907716632	91
-0.0222547031621482	0.0318199984504072	91
0.110565415267464	0.181526235249742	91
-0.120186414712722	0.1808794380808	91
0.0224893195416979	0.0374719571284057	91
0.0757281064680232	0.124169169874791	4
-0.109666413935129	0.178296442799061	4
-0.114874023480595	0.192319519968762	462
-0.0971040560788805	0.157800448510603	4
-0.0719768206716208	0.104127670924935	4
0.0122847312702887	0.0147999628072013	4
-0.0626726690905302	0.076304058202401	4
-0.0217141135544568	0.028313733348393	4
-0.0303825445281499	0.0511117597212345	4
0.0143825174443253	0.0207211459318992	4
-0.079090174936104	0.107434200360964	4
0.0921237784661557	0.128097734702074	4
0.0545994050235968	0.100981370430507	4
0.00868102047338654	0.0130132021318927	4
0.0243386231073729	0.0381971455501781	4
-0.0425967637274566	0.0692351332341006	4
-0.0171824199188733	0.0252038269319877	4
-0.00625579455565863	0.00758590951858309	14
-0.0225145811677898	0.0339029463538534	14
-0.11147694747902	0.227547387511296	14
-0.120496956828889	0.352945357774811	31
-0.0559348571015811	0.141238243646284	31
-0.101062545411877	0.251969373433485	14
0.0588463581537616	0.157248862605504	14
0.0380382703400659	0.0894941956276224	14
0.0408466307034337	0.0672369877274759	14
0.0836335308578058	0.124839312995275	14
-0.018423726418347	0.0368740754899646	14
-0.0161942866326054	0.0295099437828722	31
0.0617789113458238	0.117794378529368	31
0.0734414208220513	0.149674023762409	31
-0.0784534135574468	0.159308831779549	31
-0.111833964105245	0.236541292137666	31
0.0963746803319912	0.169527177597422	31
0.0458380656712127	0.0861101201738038	31
-0.0411887690023943	0.0712395989507157	31
0.0139313693496506	0.0182498798190498	130
-0.0353260679276696	0.0583633558263231	31
0.027409945164585	0.0301045069341977	138
-0.0734263677682039	0.112386829090331	138
-0.104684251625208	0.190603655100487	138
-0.0719624976248868	0.113117691804327	138
0.0858169250950317	0.146213791308663	4
0.107501872027258	0.1400204504084	4
-0.0296959600102356	0.0437714956304263	48
0.119262057497035	0.227224370838977	48
0.0433054715909219	0.0595157137287386	4
-0.0976690227985676	0.132772023613713	4
0.0679340598512265	0.100479154791169	4
0.10942616694831	0.19441264730184	4
0.0191763832016763	0.0309424447935185	4
-0.0698007687340786	0.103985624860543	4
0.0676807736076357	0.100072512203791	4
-0.0452472582352052	0.0591105379296401	4
-0.080737710358268	0.117080881886042	4
0.12148925575969	0.19810744915704	4
-0.0923746729865684	0.138117199848831	4
0.0234870850497852	0.0314738916062868	4
0.033510459909497	0.046444323617845	4
0.12279834732097	0.220299283270842	4
0.0765618067412609	0.110864103735621	4
0.104248038769886	0.188437816596497	4
-0.0942277999646361	0.164061412019004	91
-0.0855451600354151	0.13498612586229	91
0.0970560945430748	0.181738390197986	91
0.0536976253165701	0.0846470895699028	91
-0.114146232978932	0.204101514019953	91
-0.0190518751489791	0.0247551494158965	91
-0.0597825862121175	0.100276229873635	91
-0.0301172203076793	0.0432252779457143	4
0.0730634840037933	0.100615229897387	4
-0.105670505746402	0.172391491467672	4
-0.0268729043241275	0.0372866073511633	329
0.00381217082792991	0.00465783292550576	4
0.0406249740356571	0.0596532073114569	4
0.0710377829831919	0.118595913197878	4
0.0887912026128345	0.156996772493693	4
0.122481267663773	0.178451455517515	4
0.0265640053289934	0.03043460205474	91
-0.0383723784735972	0.0609233254929586	91
0.0953405883624304	0.141276057948176	4
0.0188605532584586	0.027578561236171	4
0.0372717261053497	0.0724416293536814	4
-0.0757647863042538	0.1360860397971	4
0.0879522079461338	0.0942521170562301	4
0.0428324262888841	0.0513494997617302	4
0.0250776441541243	0.0325846179002355	4
-0.0787831176825362	0.149825281248795	4
0.0146868721185021	0.0253812837167469	4
-0.0764421796067751	0.150608804411912	4
0.0467836156816356	0.0864715944218143	4
-0.0422114915066278	0.060671598617963	4
-0.0578994432671965	0.0809217044725065	4
0.0356784836477398	0.0458795424101367	4
-0.100459681874569	0.127139483695382	4
-0.0101368361514673	0.0203568297166699	14
0.0669728033993108	0.129619914406656	14
0.0517719202804556	0.095283513743205	14
-0.0143493187208265	0.0330769351173817	14
0.0643119095645132	0.160755449301386	31
-0.0415069240346205	0.0960015412944422	31
0.00986771475608937	0.0221927817307342	14
-0.0937360321028164	0.250774529556423	14
-0.0527553711898238	0.14581520268067	14
0.0843132269035086	0.232906735281473	14
-0.0127980707614894	0.0276572576960173	14
0.0312468812475907	0.0413826803338231	14
0.0198364219010833	0.0177357654500333	14
0.0228320199826133	0.0271425891706142	31
0.114593275855723	0.152604517077529	31
-0.112462650884554	0.241449790280774	14
0.0823259315628961	0.180163841583388	31
-0.0419411890710362	0.0891188187688225	31
-0.0013932873695574	0.00270169867101537	31
0.120472573524577	0.262413290462879	31
0.108305233812797	0.212180493685245	31
0.108973655660535	0.221271359499247	31
-0.109736068131441	0.183864872280328	130
-0.08219291458365	0.132788711029943	130
0.00902101677610311	0.0135287021461905	31
-0.0626262973774979	0.120053247499145	31
0.0412290446621951	0.0540024787266127	138
0.121534667975437	0.176824696455759	138
-0.0040005247614263	0.00568711918089769	138
0.0929906611761772	0.166685105558364	4
0.0860999590504098	0.160802436146785	4
0.0545085279122705	0.0962625192811499	4
0.0997438219915223	0.183374158782433	138
0.0834880395995236	0.145324212154446	138
-0.0564865699387162	0.0814593904091774	4
-0.100084574506447	0.112399439246762	4
0.0773681038522103	0.0921223349973729	4
-0.00451109974518428	0.00526051656218314	4
-0.0654350156743883	0.121232435542023	48
0.0227251462669041	0.0363594208242616	4
0.115888204672548	0.193449726559093	4
-0.0410798512642756	0.0681131267688508	4
0.12454140708206	0.203968444257396	4
0.0754543787530917	0.11940377935179	4
0.0185161978163601	0.0261298923593224	4
-0.00644360663730394	0.0102759658561621	4
0.0735048684622523	0.123171169586601	4
0.107830182574451	0.209682023256295	4
-0.00681753880033759	0.0102035750584212	4
0.0657274107453112	0.104466457592635	4
-0.12191077633006	0.214752886515226	91
-0.00329994032020753	0.00492182309144857	91
0.0124674429688153	0.0197675088112302	91
-0.0283340016576788	0.0427604057754271	91
0.0281781080386131	0.0354793725282403	91
0.0854228106373641	0.110293776984858	91
-0.0638130798131573	0.0835783287911933	91
-0.0193822989757359	0.0305774173740017	4
-0.0465106616249167	0.0773326230969362	4
0.0167332487905728	0.0268931683801195	91
-0.0169898820896263	0.0261144386916054	91
-0.121545346688083	0.218113683324837	91
-0.0997229657640542	0.100958201306313	4
-0.0653825855220383	0.0857903941913672	4
-0.0922226070123265	0.160065322687996	4
0.0952833981256625	0.189388741010135	4
-0.073531078512952	0.134491864108128	4
0.0457636983655629	0.0630876099332754	4
0.111877443701646	0.156988951080553	4
0.0551451165700152	0.0752165892622737	4
-0.0760647524231285	0.144813963849517	4
0.0346762971987771	0.0667358176839966	4
0.114557806953608	0.206732023932464	4
0.10984534638194	0.171215495040325	4
0.0571296423821393	0.0964008431737748	4
0.0958935514017933	0.142167722879549	4
0.0214124685457735	0.0264137817146645	4
-0.0598700521687495	0.0810257476041034	4
-0.00677689035950388	0.010369536624477	4
-0.104739377649397	0.122745370267043	4
-0.124120668146821	0.276402249723801	14
-0.111532006695818	0.235781601178516	14
-0.109298331595779	0.210731508952566	14
0.00794456802019601	0.0166318930534512	14
-0.101080287870378	0.241772433770735	14
-0.100570595847408	0.230967049566488	14
0.0994350373927425	0.243476461943997	31
-0.00604362081923732	0.0123831097943315	14
0.084769026196061	0.20307538860802	14
-0.0167114767822894	0.0323943297910001	14
0.017473103619985	0.0322441597977386	14
-0.0361993958242507	0.0598766956637005	14
0.119948081837241	0.203195868869352	31
-0.0810256353409439	0.172500517019322	14
0.0651724021922489	0.119472101360539	31
-0.0407796536015025	0.0756796040386029	31
-0.0298257581949391	0.0531251220105209	31
-0.0324457357813478	0.0476626303611544	31
-0.0783724385638088	0.0991120909431153	31
-0.0624629878421109	0.0928899479935917	130
0.0642811635466493	0.107973071002955	31
-0.0282167907899284	0.0425811355025517	138
-0.107282372459604	0.199540061776124	138
-0.079031024354253	0.144981346799364	138
-0.119163475964114	0.204948774156043	138
-0.104011179500522	0.169269319252946	138
-0.121679925487196	0.274892534490039	138
0.0372464268712484	0.0539315205373601	4
0.102034142406535	0.16246851829028	4
-0.107802661474296	0.180148978355136	48
0.00710892713767855	0.00942000222987657	48
0.0111445516323884	0.0171371432808453	48
-0.0269797662677261	0.0425909895118803	48
-0.0219951648673606	0.0286882620966763	4
-0.0039149458548691	0.00525842479792493	4
-0.0725493994669268	0.0882723108330544	4
-0.0413740327898878	0.0594031716556768	4
-0.0356486000997054	0.0496627144260698	4
0.106176677951337	0.186259964198095	4
-0.110215013030334	0.134497744584652	4
0.0231115564723464	0.0331302982728057	4
0.0510773405606158	0.0716675518728351	91
-0.103027173799025	0.134963070712283	91
-0.0887561650314991	0.136449386842067	91
0.0195054481509478	0.0285504986517785	91
0.0792697372153888	0.116472642441678	91
0.0769336213590182	0.117443539920087	91
0.0975287614647029	0.17185893993293	91
-0.107748432792447	0.200560155323678	91
-0.0278942954350911	0.0430957355908304	91
-0.0183767264124052	0.0276655287121003	91
-0.0667256069295666	0.116945766520901	91
0.10751924001735	0.174149911831774	4
-0.0635320337151321	0.0916975195062079	462
-0.0219498977386947	0.0353329734595205	91
0.101550973632121	0.175508461970982	4
-0.0416589993348289	0.0615915366111057	4
0.0214770669335698	0.0264958657407324	4
0.0667977853001094	0.0856888117626415	4
-0.066788978154199	0.0842982892601161	4
0.00662746349278286	0.00722635556106524	4
0.038896746876219	0.0438691478652567	4
-0.043946921503667	0.0614001239828824	4
0.0263763608538416	0.0447848479043357	4
0.0341910267732921	0.0492960518342631	4
0.00936684060651083	0.0140553056062654	4
0.0164690548444526	0.0275173307579531	4
0.0585200026105907	0.107512232613314	4
-0.0341652535286529	0.0529659333013499	4
0.0232584935177566	0.0372438428537314	4
0.0178832294725658	0.0227719723908677	4
0.0136958723417046	0.023629449231526	14
-0.022018257330386	0.0452972643225878	14
0.0865022033699032	0.191727160564458	14
-0.0531337618401363	0.101131021426305	14
0.0973538960922224	0.210365595308078	14
-0.0900656247214737	0.23548686964736	14
-0.0793039034112794	0.191055005367204	14
-0.0706697941674194	0.141097311984116	14
-0.0963093277882943	0.201467300409943	14
-0.0663203021270846	0.143800900816025	14
0.0315276796799329	0.0417680339719046	14
-0.0650472026267332	0.116203378084169	14
-0.0479471391869966	0.0863739706905581	14
0.0785154061944847	0.093625885585155	14
0.0351715190707848	0.0625695019907643	31
-0.000269847132841433	0.000347968181686296	31
-0.043622660102484	0.0676825813140021	31
0.0819102959105251	0.122001797324721	31
-0.0357173314115035	0.0527393301997414	130
0.0999072903697479	0.189213452654025	31
0.124382861456633	0.172035791234562	31
-0.0945376063397327	0.164684643778667	31
-0.100205826367616	0.174815835762013	31
0.118628288161709	0.225759126453042	31
0.0242145605406073	0.0359826444690292	31
0.0325424883327495	0.0547493061133956	138
-0.0972439659503235	0.158062510379428	138
-0.0231190365105822	0.0321581967719887	138
0.0403358685599691	0.0746148884891529	4
-0.0288927777011121	0.0389558954973312	48
-0.114558805656458	0.238599592009646	48
-0.0905219339229739	0.160609907893143	48
0.0391155781572543	0.0608538335904511	48
-0.0752752132781066	0.129898195547108	48
0.12442953246737	0.193069886344997	4
-0.0439704305596211	0.0398235300654178	4
-0.0279862787106934	0.027102061669148	4
-0.0157065560094244	0.0251663409744051	4
0.0597792269220335	0.0933893934349279	4
0.0914050825333427	0.167236819697782	4
-0.0900756180436465	0.105339608724523	91
-0.0123928598194014	0.0181619877146145	91
0.0670580286814973	0.103019800477693	91
-0.0409685907185376	0.0637540580301486	91
0.0236370806893412	0.0378677411403814	91
-0.044124335395326	0.0762721931056937	91
0.0661102176450809	0.124611575507687	91
-0.0364040815813444	0.0576031472257181	91
0.00373549366496754	0.00576149221250668	91
-0.0462584234430589	0.0720831703852215	91
-0.094078567077381	0.163774582476443	91
0.0893120654076392	0.168819599550431	4
0.114702703296578	0.132934485333667	4
-0.0703994925146915	0.126103337366187	4
-0.00669505971087007	0.0104646230434655	4
0.0486283410253338	0.065041524958954	4
-0.0489655467995304	0.0798939809069606	4
0.104084317803131	0.174293341864806	4
0.00741692383836662	0.0107527764780466	4
-0.087586132540969	0.173062358595352	4
-0.105374537432993	0.171833278265761	4
-0.0733851129729196	0.0893684344956258	4
-0.0153493692153869	0.0317625541081369	14
0.052942210398669	0.11484532433699	31
0.0377503469723604	0.078759128709125	31
-0.04976179286495	0.115345130473625	14
0.116241049471053	0.300657406610416	14
0.000117563921273136	0.000244882390136754	14
-0.0342843952363394	0.0246624288453553	14
-0.115550706958254	0.151798134103856	14
0.122301035999969	0.275398676276751	31
-0.0919927360708699	0.197961352591187	31
0.106152245308299	0.244683974287612	31
-0.0378653686676915	0.0628253353962912	31
-0.0391569160573614	0.0688292748394483	31
-0.0334495131188972	0.0596665610741403	31
-0.0964336642098795	0.178473984174492	31
-0.0725406018841465	0.127555899295759	130
0.00525585728610807	0.00777844928660466	130
-0.091376358599245	0.165115410011991	130
0.0719783067895118	0.112354726566564	31
0.0131888539969707	0.0194403163909449	138
0.0199365261149363	0.0315399644562123	138
0.02431190228422	0.039824421822208	138
0.00517643042026678	0.00884640228935037	138
0.034926172290959	0.064375604358686	4
0.116878542381127	0.235367841019388	4
-0.0830359217081636	0.12371469170369	138
-0.0932246023362993	0.184969895694155	48
0.0257595348412977	0.0373864236211553	48
-0.106808460978325	0.178201843014122	48
-0.0669048909319167	0.102264785184014	48
0.0100067712584222	0.0156913828900329	4
0.0331943345017185	0.0491235991717376	4
0.0664072138928689	0.105657585517125	4
0.0624094907959983	0.086870308400796	4
-0.0851382550553782	0.140849245527649	4
-0.0366391016397367	0.0526700087250773	4
0.0615641757781109	0.0930028388807575	4
0.116110253004109	0.234981465154487	4
0.0785703549943865	0.120213752993797	4
0.0313369907561313	0.0474397388547229	4
0.106695780634041	0.163898167127665	4
0.0965244084853674	0.169822660716278	4
-0.105016977629754	0.179728456979367	4
-0.0902520948396334	0.153359424682951	4
0.0992149850876463	0.17525258881838	91
0.00506265615246309	0.00618802259008597	91
0.0692580763206299	0.111508587683186	91
0.0616862402684368	0.0999716258721339	91
-0.0565994741325374	0.0790000821806872	91
-0.0614624043555365	0.103348516782929	91
0.106717432314864	0.180901637121134	4
0.0170870121826346	0.0287566605145679	91
-0.0594156737989641	0.103516927499838	91
-0.0164487247463337	0.0246958678633209	91
-0.0429818955166972	0.0599640587824086	91
0.044645172702224	0.0781493235822713	91
-0.112842657071442	0.242403019284649	91
-0.0465952183876549	0.0688387034200341	4
-0.0824234861135399	0.139376738172635	4
0.0449423115886763	0.0663797297452054	4
0.0775687715188012	0.108650185375613	4
0.0863849745648838	0.111670612377136	4
0.0486309882024475	0.0728759281242846	4
-0.00533095895893463	0.00814364813457503	4
-0.114412940520675	0.213720520676109	4
0.0314924998518403	0.0586787581854548	4
0.00566104011433048	0.00856692452724456	4
0.0141425169255611	0.0185301734684355	4
0.012446943577112	0.0217995392626438	14
0.0895424821403824	0.130246318910824	14
-0.0787352882452863	0.0996042054007087	14
0.114747201195266	0.317608510776294	31
-0.0600155167888565	0.155026436446402	14
0.115864539141482	0.311255481662007	31
-0.0992737930513056	0.252910894974445	31
0.0466485765331892	0.0917366164023834	31
-0.0739876015865227	0.156943313284103	14
0.0451084200633462	0.110690693003825	14
0.0132883778750158	0.0319820398115474	14
-0.0384355549819577	0.0245366228626416	14
-0.0486397534310224	0.0202300881284775	14
-0.0121700292271517	0.0103791972714709	14
-0.10359659534788	0.231181523805938	31
0.124372378833066	0.300691628017312	31
0.0300587391791343	0.0558574312293854	31
-0.0786596367972407	0.175180766981711	31
-0.0435139540812395	0.0850074498801271	31
-0.0769238486360654	0.150839375664373	31
0.088821164521968	0.166641622269649	31
-0.115467162877384	0.240815843678654	130
0.0242818000183124	0.0369665337882007	130
0.00529437670123579	0.00873652227798049	31
-0.0654280351375314	0.123656830554657	31
0.0985193916451705	0.162231060350144	31
-0.087802271518452	0.152438891712191	31
-0.103978106402274	0.136462476011429	138
0.0929320688816798	0.122677978987466	138
0.0249825427716082	0.0349168649700585	138
-0.0586097053686127	0.0820393239623683	138
-0.0223657592186724	0.0336705711054592	138
0.0840303235564241	0.146398229117875	138
-0.00818561651481328	0.013859008057778	138
0.0235027506818284	0.0314920943677725	4
0.116370697747592	0.135019245821719	4
0.049771562572725	0.0403425035040089	4
-0.00918633722943391	0.00666663855279177	4
0.0731104684468356	0.133830544172199	48
-0.0744622838097275	0.0714933329768793	48
0.104877494725532	0.118352055066807	48
0.0782352567077578	0.0988343754512926	48
0.109702535814607	0.11516863282971	48
0.0734550187746596	0.127864934518058	4
0.0202701523994653	0.0313862788231275	4
-0.0924489967739074	0.129927855252168	4
0.102770653330888	0.177934380490703	4
-0.109692900944528	0.187539756965751	4
0.103624149525024	0.179617983648837	4
-0.0529962347142124	0.0828455200781772	4
-0.0556633650917681	0.100488516058136	4
-0.0156169091597596	0.0274993752995855	4
0.0393022782234831	0.0591778279689206	4
0.0607971375819318	0.084452631780674	4
0.110951167687503	0.219815324970397	4
-0.0721983530093278	0.121868040659707	91
-0.108997390179328	0.214884364892703	91
0.0601944418780197	0.118625287357258	4
0.0935818776245275	0.180395831961846	4
-0.0889050280021612	0.143919826447326	4
0.0831962336466766	0.124151576880528	91
-0.0308550646176361	0.0389106781051815	91
-0.0425907858109436	0.0692289008036542	91
0.00724224056354841	0.0119860800297406	91
-0.0650135551675496	0.106583709183728	91
0.113495800244321	0.179559161908144	91
0.0434970494565087	0.0414274623031501	91
-0.093677245407313	0.169896788407505	91
0.0722165810268092	0.108486947123433	4
-0.0565312244591663	0.0788921883456738	4
0.0641208165629654	0.116575400720041	4
0.0509208877053927	0.0912283308015	4
0.0467836156816356	0.0864715944218143	4
-0.0527515834017455	0.100355548262851	4
-0.00136970053160669	0.00234829714948215	4
0.0725876498564874	0.109091251126478	4
0.121475680305989	0.131405897921337	4
-0.0321970499726776	0.0253231783634413	4
-0.121077783334343	0.230929601862044	4
-0.0132622037761718	0.0160805527739541	4
0.073590022639954	0.101406506764247	4
0.117598394980744	0.238685544115258	4
-0.0631513502795099	0.067682033512623	4
0.0867868596960058	0.118413384641067	4
-0.0888186008186991	0.169796948204287	14
0.0433554946134035	0.0776927913845986	14
-0.067320224296003	0.0850253499909149	14
-0.0784787490214049	0.0992393091808941	14
0.0737918450670495	0.116455720602822	31
0.103435055993097	0.260345523772454	31
0.115003706651665	0.294166671766239	31
0.0953416377610148	0.20995108901897	31
-0.0352540820312718	0.0819326300589234	14
-0.0778380941092094	0.203806745936147	14
0.00685842714502103	0.0145533255775719	14
-0.0341585094943372	0.0245689952121798	14
-0.110256302343941	0.105050051517117	14
0.00238522466572994	0.00291543119450383	31
-0.0290089657711115	0.0566923357228356	31
0.0796863391402327	0.168943997833913	31
0.00369199160527437	0.00703311838460956	31
-0.100207677236513	0.241901572124432	31
0.10267526981832	0.244244862563058	31
-0.0363503094771641	0.0787961956255931	31
0.0659444424623826	0.124235176746767	31
-0.0359539507009355	0.0709455383394793	31
-0.00411488590491511	0.00742104936603789	130
0.0332802878541524	0.0549132817523157	130
-0.0403724112171017	0.0774741885212757	31
-0.10492075045852	0.191089318075652	31
0.0112304952044153	0.0172665216711001	31
-0.108151756029519	0.180840224151062	138
-0.0774265488644305	0.130859175531957	138
-0.0955427199590244	0.162423715566542	138
-0.0848677968487163	0.152747820032995	138
-0.0698158639993875	0.124958891061326	138
-0.0883930228012402	0.177347773815598	138
0.10863231764083	0.213007431920741	4
0.0848995617669734	0.0574607370289221	4
0.0221061306900438	0.0384674349932916	48
-0.0768708707041209	0.124171195601605	48
-0.064230534978554	0.0689142593741591	48
-0.0647735475512685	0.0756172726981734	48
-0.117997654010498	0.138225755469638	48
0.107142283536358	0.139531981678438	48
0.0369429222028632	0.0568476857375422	4
-0.0242484380947974	0.0413971933621824	4
-0.103037382831981	0.175817316869161	4
0.0802390202630456	0.107296678779085	4
-0.0222072840831362	0.0414101692831487	4
0.0102790930376612	0.0132520744715979	4
0.0505877248373319	0.0905754658025372	4
-0.110009988045274	0.2318156083824	91
-0.0842995525743879	0.149053963097853	91
0.0606917848680443	0.0842957485964806	91
-0.0480619489908385	0.088283787031422	91
0.0715606081014724	0.143803219281522	4
0.00880856909235742	0.0127911804659959	4
0.060601423305234	0.038547713791257	91
-0.0725103753159879	0.135204866405448	91
-0.0542894439379333	0.0827892333158608	91
-0.0846266115685715	0.137209821208665	91
-0.108220454205588	0.193231252886613	91
-0.049165277837637	0.0852193219002027	4
0.12022444528435	0.193867219787654	4
-0.022983515513582	0.027909821645452	91
-0.0174464233830261	0.0286084337422305	4
0.0655772137169715	0.123492552148777	4
0.0674155114599989	0.139851168952687	4
-0.0245175331685551	0.0457259885181083	4
-0.0759998645656894	0.156381130301009	4
0.0251458834200163	0.0210681069871369	4
0.119343670317948	0.259386641695362	4
0.10780493587133	0.197399089071981	4
0.0260290225190786	0.0298065694513093	4
0.115948663052603	0.20964665187637	4
0.0793277536405082	0.0761802114519286	4
-0.0498230772314713	0.112512473390763	14
0.0385006316015393	0.0777327061726164	14
-0.0138060588637291	0.0255446335318121	14
0.122161349010987	0.23550760836194	14
-0.017609132599318	0.0282976266439704	31
-0.0168029943608298	0.0383484087609622	31
-0.00695310962125276	0.0153065769761405	31
0.123914434003845	0.337862943924576	31
-0.107569259740272	0.30418118183305	14
-0.0418315495148796	0.0971942856247016	14
0.037470988290294	0.0562598318176906	14
-0.0476690517991179	0.0198264618841839	14
0.0604012892633364	0.0910802976178876	31
-0.0655457898089346	0.136378684525577	31
0.0551719083781241	0.107177201697825	31
0.0203316776475861	0.0404181888303115	31
0.0970372674077755	0.220243295330173	31
0.0834691450663424	0.172059838686481	31
-0.0039582878887444	0.00668173224363439	31
-0.110016410114378	0.242790449378013	130
-0.0857991414860056	0.154656782282769	130
-0.0997315848395726	0.188756756267116	130
0.0558505786520403	0.101516722955873	130
-0.105690130257664	0.184528496532531	31
0.0925166623505402	0.170833894462692	31
-0.0625104594749619	0.107072091940766	31
0.0193472010902861	0.031223854342593	31
0.104272847467208	0.143132478157217	138
0.0763310679970845	0.129459928617915	138
0.0428623908234255	0.0728005173496272	4
0.00164242267845759	0.00276924413558837	4
0.0426556905122709	0.0796693519386596	4
0.0254909399357673	0.0429618441764541	4
0.087483593374248	0.106850301519505	4
0.0314479515524821	0.0290301482840722	4
0.0371193947686589	0.0372945563690662	4
0.0318877703788916	0.0584529900885312	48
-0.011861211839828	0.0148901836068009	48
-0.014446739120551	0.0147898012212791	48
0.00381217082792991	0.00465783292550576	48
-0.0673424227822589	0.0850574780286947	48
-0.0403750879766547	0.0683133579523752	4
-0.00000945111566132672	0.0000160615118777365	4
0.0311626947983448	0.0547323288031401	4
-0.094935619607938	0.150523580628346	4
-0.0409293139510534	0.058714896931677	4
0.0197817130088779	0.0312876568471876	4
0.0110994487611156	0.0179152942939887	4
-0.00824437765773669	0.0129125256452596	4
0.0891948508412201	0.182434898405863	4
0.0790053013689256	0.1355485172829	4
-0.104124016039766	0.200375835043634	91
0.120450858148843	0.254087699357569	91
0.00991174267750727	0.0152162336119631	91
-0.0295330338831362	0.0496130481535923	4
0.00260393555201275	0.00417126673910955	4
0.0804444457478889	0.0628671884006316	91
0.0682729166754462	0.116246049082053	4
0.113544053937475	0.1699249772389	4
0.102034142406535	0.16246851829028	4
0.0113512180822921	0.0141713511010392	91
-0.0157963385310007	0.0253115713822134	91
-0.0173803668318377	0.027920578880408	91
-0.0780757094445265	0.128732926529432	91
0.104877494725532	0.118352055066807	105
0.075916278054067	0.148194257094109	91
0.103064874375356	0.124039644640884	91
-0.023784224385686	0.0413483069896125	4
0.0462160793022822	0.088882340060275	4
0.100047903755152	0.184019461218114	2
0.0933846132982027	0.116451121707177	4
0.0709767517762762	0.0877295185314528	4
-0.104089184771481	0.16045008006761	2
0.10340509246082	0.20401188918241	4
-0.0985510121398652	0.203073055549412	2
-0.0657522644655086	0.100357589700548	4
0.116832298748318	0.195269017893139	4
0.0556140792011023	0.123029988242652	14
-0.122810679403125	0.278062559078098	14
-0.008172253308984	0.0167674138685225	14
0.0472282012103347	0.0949685744890102	31
0.0767984864998991	0.161110507110755	31
0.0513375309152388	0.114673392823489	31
-0.0278741409319965	0.0615245390169404	14
-0.0878780121736327	0.207471490058248	14
0.102325733001075	0.252122667621826	31
-0.0685764870186517	0.0867423073383635	14
-0.0926941003320306	0.0992383287240738	14
-0.00426711503126545	0.00622019810223515	31
-0.0432638364730852	0.0731048318630354	31
-0.115975106915404	0.211732175518114	31
0.0687582105517993	0.113509743216366	31
0.0334145675241025	0.0551454413861575	31
0.0254035033843277	0.037815223285175	31
0.114257029261046	0.180963276458528	31
-0.102861523359761	0.175454808541941	31
-0.108011306749455	0.180569962363553	31
0.110845216494863	0.197366724998703	31
-0.0327259752135842	0.060417865761923	130
0.0500272557209449	0.0612947510833243	31
-0.0524763129921029	0.0840418574628664	31
0.0812756155542841	0.144340659651088	31
-0.0652274869370017	0.106974133743783	138
0.119548287634216	0.192611029594829	138
-0.0589117122267692	0.0922449108368313	138
0.103420048838134	0.179238360805578	4
0.108809234471091	0.207133399395296	4
0.0536407864060449	0.0920096771160044	48
-0.0111317646124075	0.0174329738840103	48
-0.0905166631902728	0.17354663391219	48
0.121171035176275	0.231549384921398	48
-0.100556937589432	0.181711181504317	48
0.0628920881050155	0.0951862826058195	48
0.12237272835412	0.178226567287486	4
0.0874429958753636	0.119414857372747	4
0.123624979229345	0.212382833334023	4
0.0718487464704895	0.112108461027247	4
-0.0387044773165715	0.0638953433405021	4
0.0631016369474783	0.0990838360665435	4
-0.0828056173490542	0.108536274955353	91
-0.021924864799042	0.0313329929456922	4
-0.0356560565486286	0.0526465728555514	4
0.0464546492433877	0.0759768756520298	4
-0.0938528059607403	0.123229407994825	91
-0.101882054456631	0.161732385307679	4
-0.0993067945942748	0.172930737904749	91
-0.0624146366636703	0.0955585493887117	91
0.0429448945573181	0.0515104200475014	91
0.0159038290450484	0.018502273261554	91
0.0426326805185419	0.0688006821037046	91
0.0721587075054749	0.135539988074531	105
-0.041936621108453	0.069631647710077	91
-0.0547964084780284	0.0953203740173785	91
-0.0159578825810823	0.0285917661405892	91
-0.038182574353392	0.0717398840036422	91
0.0772165152435421	0.13527729964445	4
0.0670971547166165	0.0906439098805915	4
-0.0837378621455264	0.117573161416609	2
0.0613501789251115	0.113987806966134	2
-0.100768062272875	0.168037153376563	2
-0.0223986030058794	0.0337220727197968	2
0.113529247140336	0.196030266980881	4
0.0617272536352761	0.120522301651551	4
0.041160852336368	0.0642309946340817	4
0.0523445852451539	0.0915062440999313	4
0.111729182835781	0.156748997894939	4
-0.0806241130561066	0.219520687416806	14
-0.112122893394567	0.331385277986748	14
-0.0994533725957523	0.237105160837694	14
-0.0520263442578343	0.0790619821740488	14
-0.113299545957222	0.159853539781619	14
0.108952956937719	0.193419295274034	31
0.0745057180666051	0.164997771461827	31
-0.0118811495446323	0.0208743319298745	31
0.104212257690122	0.207262039821228	31
-0.051051680135617	0.0955621797380213	31
-0.104254538096722	0.197512113906345	10
0.0316239934670452	0.0555881976810101	31
-0.00594174065230111	0.00927792493152439	31
-0.035450637984678	0.0598224123662753	31
0.0604633849476855	0.103297482573327	31
-0.00909123722519074	0.0129343663328629	31
0.110584682437043	0.218967427298531	31
-0.10021808869236	0.192890841381615	130
0.118162913125897	0.190013168454468	31
0.0617471489707311	0.100081683428567	31
-0.0142096484540205	0.0217522970011444	31
-0.11391065050045	0.199846789252525	31
-0.107602449815631	0.200234261791932	138
0.0447760836295063	0.0724995415502681	138
0.115089654886751	0.245437215659167	31
-0.0359468695207263	0.0594558066235384	48
-0.109802392291961	0.24970480471518	48
-0.0924474407886796	0.171196491958358	48
-0.0784558339183123	0.159295561150096	48
-0.101847023349182	0.181384168049631	48
0.0854097630342108	0.149119472302296	48
-0.0646507227548501	0.108564079912023	4
0.0239433622812401	0.0355626173123614	4
-0.00502146795113401	0.00766816115710902	4
0.0790216939652268	0.13122922735455	4
0.0424702000047038	0.0664112862429741	4
-0.113124474543765	0.214460933123149	4
-0.0653658923163323	0.0823134891858169	185
0.00675285025441398	0.00894435328363215	4
-0.0375231578188805	0.0507449347677596	4
0.0845896975601747	0.120924823041248	4
-0.0589689790048595	0.0923418596633488	4
0.0285488931287764	0.0450963698319623	4
0.00512814114015787	0.00924961209661962	4
-0.119218132133352	0.222819281806973	4
0.123372672064052	0.238269300166987	4
0.023004158763038	0.0376020735135474	91
-0.0144256315553377	0.0194003523770061	91
0.099126953778401	0.204784649830528	105
0.0552686949328346	0.0977407161980817	105
0.0478970858312284	0.0784714689619447	91
0.0881047751530043	0.139180702812821	105
-0.00168248925181755	0.0027303887535236	91
0.0889410877694496	0.162158092203232	4
0.0838664412035584	0.163753088509546	4
-0.0876717985937842	0.138761685092845	4
-0.0970912277505431	0.131883462829749	2
-0.0397439870519275	0.0501619930096924	2
0.0234311123665014	0.0278723119235108	2
-0.119901119383692	0.237588842523756	2
-0.0164704803095041	0.0235181794483867	2
-0.00578868130557706	0.00701746048887892	2
0.110266488317203	0.171946715559252	2
-0.0557461901407662	0.0851658788612767	2
-0.0932989216358095	0.178598231234245	2
-0.0203920929703316	0.0320465489962371	4
0.0779897999081503	0.171159737676816	4
-0.0576942050559223	0.119401244156179	4
0.0336292739177156	0.0618335450489171	4
0.100778568970077	0.173955739401053	4
0.09534851186061	0.13463857722289	4
-0.113051332449229	0.298684422634198	14
-0.0589606107292462	0.130943294221195	14
-0.100002135768551	0.209442476676165	14
-0.0299757938271965	0.0613700058663251	31
-0.0193935167908806	0.0469813479635219	31
0.0784109728218364	0.220501579838459	31
-0.0972251975061955	0.264522258707843	14
0.0548862860260433	0.143579402622025	31
0.00471610477287987	0.00535176456985025	14
0.00749815132396479	0.00746977916253912	14
-0.108308138988303	0.147401170096444	14
-0.061825085335251	0.0918564299943675	31
0.0857403120441968	0.177518325976201	31
0.114159281566516	0.243080751473532	31
0.0468065844295211	0.0827259821716162	31
0.0276811141490265	0.0426909726273969	31
0.118246727020607	0.23184983941092	31
-0.0349399179255321	0.0644494206017805	31
0.0400877908149287	0.0691925026505794	31
-0.0773247674471014	0.141442154120386	31
-0.120752366960348	0.239603770959469	31
0.102050700784389	0.182460166566352	31
0.10193711452031	0.17628180855131	31
-0.079323030075747	0.147834739972641	130
0.0993064831150136	0.169686939794213	31
-0.0524455363040981	0.079753018571788	31
0.0950404180026971	0.172180963335427	138
-0.0515779645035483	0.0897683074306656	138
-0.113831792363431	0.221163126871128	48
-0.122620925561009	0.243984345507336	48
-0.121087884851201	0.25724308864489	48
0.124941152349761	0.268867564669467	48
-0.0565845016568294	0.0544254161648496	48
-0.0649647609449445	0.122690188770718	48
0.0730786558072697	0.144642446244698	48
-0.00118013869949747	0.00179878162325621	48
-0.0367729404739619	0.0479939578639351	48
-0.00789784171694705	0.0109213640152371	48
0.0262303343618671	0.0390737289399339	4
0.0388848805157027	0.0525755452413021	4
-0.0541812871533272	0.0826129651899636	4
0.0354211713196439	0.0492187333433756	4
0.100353868452997	0.157860032489605	4
0.0676531157578254	0.107837332985284	4
0.0801821603489368	0.117936884060557	4
0.0702828703425004	0.123693600373344	4
0.0876098158308498	0.144709451990909	4
0.0951721800785384	0.15461326064257	4
-0.0686133168844282	0.0698648378631621	4
-0.0132577215821606	0.0148341026123734	91
-0.0243166800846526	0.0260509302952612	91
0.119620579986954	0.202553661034554	91
0.00749755797725818	0.00993853461044993	91
-0.0679494645454551	0.11193764506387	91
-0.061132880460955	0.113007487371683	91
0.0756116823846638	0.12393185269802	2
-0.0300063086282729	0.0378031927961408	2
0.0151238537129754	0.0198414827131097	2
-0.0129153708310316	0.0215391838490096	4
0.0466861798746368	0.0862525031681241	4
0.0516699647696071	0.0991880517569277	4
-0.0117587244993763	0.0191972741001036	4
-0.105683682841012	0.242647795090017	2
0.070323146671351	0.113443213964379	4
0.0619653061479949	0.159621154377384	14
0.0496184824261859	0.0771147855037283	14
-0.0152130293339322	0.0389577574976904	31
0.111148636173557	0.350422898050482	31
-0.0345649935368917	0.0885883724626676	31
0.0138292722366513	0.0292053401301784	31
0.0962084952294347	0.260063718752089	31
0.0490882577934893	0.143362843423608	31
-0.0281975339724229	0.0710068045471213	31
-0.124235951320021	0.110684214117646	14
-0.118216886318087	0.0984720827548605	14
-0.0289315903780426	0.0377321943062721	31
-0.0726622765247963	0.147500761809847	31
0.0202659993197525	0.0415855348044015	31
-0.119802938949525	0.305295671182235	31
-0.121682312086225	0.326522723410708	31
-0.103291700240609	0.210399111797476	31
-0.0595463089941957	0.109806291251108	31
-0.0370143736444498	0.0673392422103482	31
0.111620877078017	0.235237033937475	31
0.00553781312158956	0.0101446628963687	31
0.0383236394522735	0.051772060209252	31
0.124166101794394	0.213496563433662	31
-0.11818172298543	0.216631767716089	31
-0.035349505577799	0.0663870939409156	31
0.0152014502886288	0.0269066567040266	31
0.108553291005417	0.184528929546588	31
0.0195196548651894	0.0292727002354371	31
0.10987349707531	0.180179340864128	31
0.0436465930497923	0.0523901139711921	31
0.0152217658303188	0.0176971092007032	31
-0.0297571439429548	0.0426879932837617	31
-0.0767202568728897	0.12951736328891	138
-0.0824647740265957	0.136898012423958	138
0.112530616022645	0.237508152371045	31
0.0495969588759903	0.0903642648640777	31
0.0644209748527847	0.0482882362204012	31
-0.117546797031489	0.118710430342154	48
0.0781669847370698	0.0814894934448248	31
0.111229707104071	0.241559259284339	31
0.0251778980979721	0.0288068409457363	48
0.026169717228239	0.0411924494480442	4
0.0715919873853962	0.129878999826467	4
-0.0306533477929177	0.0516051793177473	4
0.0766187627446053	0.134089119738589	4
-0.0543449713173349	0.0805431754423647	4
0.0925534335935733	0.155271607460942	4
0.0114368540352071	0.0153988361008544	4
-0.0709623002267557	0.0964124744453133	4
-0.0819207905215503	0.0994714674253052	4
0.074956304229562	0.134742204297446	185
0.0735538188570122	0.101353107531444	185
-0.0157032437927344	0.0235498745869064	185
0.0763231561630063	0.146129436898138	4
-0.00643366809873203	0.0104607905735658	4
-0.0497289337980905	0.0793130255943922	4
-0.0481347265114435	0.0406535019364359	4
0.0980319737984438	0.167182091676886	4
-0.038515079192173	0.0597077533613979	4
-0.0228099648360418	0.0326390964383214	4
0.0649219413733049	0.0830930269846635	91
-0.0473335063330289	0.0596702859292503	91
0.0583673509959664	0.0986684166274888	91
0.0474916632690583	0.0840584777825834	91
-0.0605740790507251	0.0950694731988291	91
-0.0896232404978361	0.104758575526337	91
-0.0596175329764808	0.0806538099351679	91
0.000253947032386756	0.00033016480236837	91
0.032653567900674	0.0538242069413994	2
0.0510972596312111	0.0962418007011699	2
0.0100540279964666	0.0100236065285341	2
0.111176401572615	0.155872441958212	2
-0.0926379984542611	0.0775445430150428	2
-0.0530035941027363	0.0540141510639572	2
-0.0689650242611359	0.147948871263658	4
0.0575928509270658	0.114909198632573	4
-0.101189484729867	0.224752488351463	2
0.0721159206146031	0.108329325369782	4
-0.104933239236031	0.137897904533686	4
0.0802444939596374	0.167398134384383	31
-0.0336863970756526	0.0578390890928636	31
0.0543564852173802	0.146156603386437	31
0.00925631619053896	0.021866334971234	31
0.087478971213184	0.199437621618167	31
0.0579549127335213	0.134203721380082	31
0.0100590701022173	0.0207334281596268	31
0.0888682011525953	0.274846532038222	31
0.122237352633732	0.404193127000331	31
0.0765459445424159	0.116787537026879	31
-0.0754591827284403	0.0471055052061953	14
0.0318845298058359	0.0248241052995924	14
0.0877487236676044	0.100812192324507	31
0.0957329825670263	0.215581574354263	31
0.0743229646222671	0.157801996256413	31
-0.0920037172734294	0.218079524562781	10
-0.0155862759102584	0.0301428491406575	31
0.0399750503333158	0.0895953981324545	31
0.0225411227963537	0.0479065376159528	31
-0.00198772820541271	0.00369266130023296	31
0.0081376804303336	0.0164271989717721	31
-0.0509046548709111	0.0952635559972337	31
-0.0106144232245964	0.0155190026479014	31
0.014885350273546	0.0226902643117124	31
0.0834001558925598	0.170997424371147	31
0.0630813533831323	0.131272419999921	31
0.0899628809343165	0.130943715362864	31
0.120233187490396	0.213158436239326	31
0.0720672010577806	0.112500058521069	31
0.0722686730070672	0.108578886674259	31
0.0570765184323639	0.0880961016120164	31
0.041953186047337	0.0639372085732713	31
0.0582583607301522	0.109750241882981	31
-0.00931728648860513	0.0151509781878401	31
0.0118214103155885	0.0163749867403612	31
-0.11777947986585	0.071625190535411	31
0.0329707838258018	0.0456552592733528	31
-0.117921199027826	0.219905208068042	48
0.102887815844584	0.131486990667968	48
-0.0502562456495683	0.053902941389207	48
-0.0421687698179095	0.060609453676251	4
0.029747393802857	0.0434223300292686	4
-0.0869280716320266	0.117940643606349	4
-0.0686088908261303	0.110275679618792	4
0.0596529087857657	0.0987431316298452	4
0.0111995078953232	0.015074892511326	4
0.00201126883995342	0.00280263792712848	4
0.0736369616315176	0.096470711034568	4
0.0632610604574489	0.117933599532186	185
0.0676122566802385	0.137927773532611	185
0.0554361349589826	0.10829738595554	185
-0.0304483457609077	0.0512204162689354	185
-0.0360601608725996	0.0609175329404176	185
0.117442275272695	0.167989536245325	4
0.00356176300958258	0.00607265619153394	4
0.118058628907434	0.277804670103429	4
0.00772296433901327	0.0135586128358494	4
-0.116790420181712	0.196085530764153	4
-0.0617496405472916	0.0439786131697369	4
0.0846946541775481	0.121087967353151	4
0.0105536244610089	0.0176786501724488	91
-0.0932358969031495	0.139577001564067	91
-0.083835613161841	0.0851516708280207	91
-0.0301256157579442	0.0477815365556934	91
-0.107643223880445	0.146392039348067	91
0.0824899678179198	0.0645670200204307	4
0.0137331081367489	0.024644289229487	2
0.0637063067637216	0.130571026351085	2
0.0602674901060574	0.0998526429344422	2
0.0461790845482452	0.0440635775805622	2
-0.0134466627013749	0.0122791973065895	2
-0.0796306841764414	0.0618496153704963	2
-0.0417939042044598	0.0840041509239749	4
0.120012279797003	0.277071376365757	4
-0.108745367563328	0.240692811944314	2
-0.0507553793224566	0.0931612853916623	2
-0.0227916889260015	0.0265863066969447	2
-0.0902326044463782	0.105547824093372	2
0.10604333009078	0.119811242762274	4
0.00936855324207271	0.0212610031773084	14
0.111778618340734	0.235637051489317	31
0.0449738371020699	0.0670155905003593	31
0.0725552917507392	0.104568705257244	31
0.112646761285336	0.209300215374722	31
0.10288952139636	0.30648900921727	31
-0.0573733446169019	0.161935138067272	31
0.0531275341553599	0.123845367268752	14
-0.118303376739239	0.289008497239813	14
-0.0940947323711334	0.232319206917052	14
-0.041263673036709	0.106060040864319	31
-0.0516230333795439	0.0879422701175559	14
-0.116315874418802	0.096739766677696	14
0.0580986866103549	0.136944371406636	31
-0.0609790192232801	0.131983162948316	10
-0.0178329045712896	0.0346457675922078	10
0.0549030457389198	0.12458591806758	31
-0.101088779806911	0.25745052652651	31
-0.0584835646851745	0.129183575685222	31
0.0491428785849411	0.122163480749727	31
0.0261363578350542	0.0402075881663605	31
0.0392610180089571	0.0794006975261126	31
-0.124453081522194	0.246758858453956	53
-0.0612128139621087	0.106970026654817	53
-0.11640065633958	0.153079017473164	53
0.0274999907408514	0.0345952972485389	53
0.0472987984954884	0.0774638580008918	31
0.111227567257797	0.226621850932988	31
0.0826002561117766	0.0722409659944496	31
0.0533883489386912	0.0479768387516541	31
-0.0620455540216011	0.0441957570263145	31
0.121744859939876	0.177200104919176	31
-0.0406981332404425	0.0415952024826628	48
-0.120888862717023	0.165033967335604	48
-0.0316725711196003	0.0384688972647079	48
0.042142652913273	0.0768003916595381	4
-0.0653835936398951	0.0914657415954128	4
0.0738713829311399	0.10182398723694	4
-0.0968990477762426	0.157383544026315	4
-0.0101410070009354	0.0140585414927881	4
-0.0191564427430554	0.0349500229581566	185
-0.114869853148624	0.214729394977138	185
-0.104555594190339	0.19816609054925	185
-0.111785252132684	0.239689938606014	185
0.122141301050923	0.274962788376162	4
0.11241255864858	0.200481833304529	4
0.0997365761808516	0.201009582910193	4
-0.0339900075251147	0.0244473495533142	4
0.0499913735505045	0.0405251634035447	4
-0.0363965275397381	0.0696266442542972	91
0.00332421658005155	0.00576020297713725	91
0.0328995826952545	0.0486627320790773	91
0.0143187111293954	0.0206289231818512	91
-0.0911365213536864	0.0974108167019092	91
0.0175750615215865	0.0282861914112039	4
0.0505572940264107	0.073826840743581	4
0.101474945391017	0.103616133398372	4
-0.0851473550076462	0.187138789689236	2
-0.0632343637059882	0.131073815133123	2
-0.0180573131875471	0.0366127125872004	2
-0.014557732832801	0.0269722017189256	2
0.0880797797668873	0.139070270833621	2
0.113416888202752	0.131273126331689	2
-0.103755462529546	0.15984453621753	2
-0.0865905638763696	0.201704331215265	2
-0.0685557170369302	0.185121437314421	14
-0.0685580261865265	0.136380612995933	31
-0.0888568003463731	0.12086381796981	31
0.084137718664686	0.24741168642159	31
0.0983205966044654	0.310799694891678	31
-0.0453484434891112	0.114790062148779	31
0.00766928623564985	0.0137569518132522	14
-0.0539972545844511	0.107885332210223	14
0.0519343927640594	0.10370278479583	14
-0.0750261766431101	0.0468319373056076	14
0.023138759454624	0.053275547366117	31
-0.0838019313836855	0.194983794983341	31
0.0937939012401078	0.219634698042289	31
-0.0579872977193905	0.11420369231019	10
0.0404208881361601	0.0895027156787067	10
0.0353010395286203	0.0799991298498679	31
0.0294159894164247	0.065026527227622	31
-0.0733171170047412	0.184131820898249	31
0.111387024409928	0.2477648821905	31
0.118181616786475	0.278124463449593	31
0.0806620151425647	0.175072497795847	31
0.0522290220433549	0.0764472532955044	31
0.0672220720362239	0.103299601069947	31
-0.104972111081572	0.247715027506762	53
-0.0446858023615936	0.0913235385124958	53
-0.108679914856155	0.181856481886279	53
0.0804209900361105	0.133845989936719	53
-0.0247133193602302	0.0276882750486787	53
0.0119812580532654	0.0149666864746567	53
0.122484750194029	0.189552088701192	31
-0.0732821056210533	0.126048657752978	2
-0.0539725122572444	0.0844830762317468	2
0.0408235002639869	0.0354743126434918	31
-0.00929610624681655	0.0156957967442523	48
0.0128900635873108	0.0173858902657612	385
0.0786647011510191	0.0754981363405874	385
-0.118471902419263	0.138847599152379	48
-0.11590803231853	0.168835382684253	48
-0.0951516471868076	0.195983065689407	4
0.0503937713981957	0.0835285521854485	4
0.0165328193724392	0.0184762297428032	4
-0.0199997319553869	0.0299947526061033	4
-0.089370601876297	0.158280114194754	4
-0.110391153461779	0.165773377745565	155
0.11616430839211	0.203018031911552	154
-0.00680034015039421	0.0114882758666798	154
-0.0803249145606579	0.165772103209978	154
0.0546335616131238	0.0777972517158166	154
0.0830310633250222	0.144420736306179	154
-0.0374354310443317	0.0693853081249536	185
-0.0405240516534359	0.0777889242551609	185
0.0876556101435201	0.204995636917501	4
-0.11391065050045	0.199846789252525	4
-0.030858478491768	0.0242543821916393	4
-0.00882454085228925	0.00640260772697442	4
-0.092230308229359	0.0771801284415913	4
0.0646230776214668	0.0826657059966771	4
0.0513892750653712	0.063074379112475	4
0.0259312495022202	0.0296889906807085	4
0.0808378921345214	0.0706372309066735	4
0.0954932740020391	0.112315688357564	4
0.0649946840330362	0.136427765511766	4
0.0597809924393834	0.112933531985093	4
-0.11276968302387	0.15901311620482	91
0.117390353814033	0.113486687569603	91
-0.0845223220564207	0.133156809231072	91
-0.110391153461779	0.165773377745565	91
-0.0701009261438782	0.101139468525419	91
0.0798571308942972	0.106740948742119	4
0.0397179474911716	0.0448351422243032	4
-0.11550081289974	0.244453590156836	2
0.0798209388041928	0.172989066538703	2
0.0177388327222849	0.026531939538338	2
-0.0293281338256329	0.024895761883804	81
-0.0115096860102647	0.0215226613002759	2
-0.0689639514966586	0.146227704093814	2
-0.0140930843731833	0.0157798318154275	2
0.0330243909964277	0.0488556168414519	4
-0.0921499754549275	0.0881798219259954	4
-0.0539785182410861	0.0630267602945707	14
0.0440480349192575	0.119423041614887	31
0.0848521692012567	0.276347880416437	31
0.0934299517921353	0.282197294125241	31
0.0152201641221257	0.0325016801865268	31
-0.0276639506660122	0.0729176694387958	14
-0.00414049756902139	0.0100648714122607	14
-0.0659817655789559	0.103631957851556	14
0.0303210967694324	0.0179992539808241	31
0.070350939309178	0.14108454253927	31
-0.0109583732680197	0.0240113749837647	31
0.0688280547959472	0.174428718072288	31
0.104917113451261	0.246419914571573	31
-0.0781155072395701	0.19039775428929	10
-0.0925493852889616	0.239053068337594	10
-0.057752381086593	0.139063200215675	31
0.103436424385507	0.241231894582073	31
-0.0926573239759085	0.214987544714615	31
-0.00970534399402672	0.019724707704467	31
-0.00912339357844329	0.0160178439265129	31
0.0811983415514118	0.130696458264355	31
0.0849297161205216	0.191727012455335	53
0.0328811255988115	0.0346683221631451	53
0.100181203255184	0.165387143455794	31
0.050399316770333	0.0878341127664556	2
-0.103635708678574	0.135950813951939	2
-0.109054601890558	0.173295854666189	2
-0.0382934448955177	0.0244445061354826	2
0.123773869884913	0.159124766048067	385
0.0547387044969424	0.101883422340124	4
-0.0190990152028436	0.0359533186203147	4
0.00734109278754117	0.0135633637194376	4
-0.0664170487949169	0.101476985242384	155
0.0713875631802781	0.0832419803726692	4
0.0719209969106916	0.0940189613920102	4
-0.0864318276429243	0.129395472977775	4
0.0849028289774533	0.126958923235329	4
0.0973546731823119	0.130823665920582	155
-0.0930767984606732	0.226926663743211	154
0.00529547887868087	0.00800852939198246	154
-0.124118730775693	0.180582971820971	185
-0.0113597397089894	0.0195989992247237	185
-0.00912589734535117	0.0165456650200941	185
-0.0566208975017018	0.111204558377094	185
-0.00497453468221761	0.00925805843726927	185
0.0796120873751063	0.0764688280504865	4
-0.0785622207724358	0.0609753134462731	4
-0.113294124587874	0.126996445350271	4
0.0274531812662918	0.0345335131540256	4
0.118293842848259	0.149029454432867	4
0.0507531941112176	0.0562204813543946	4
-0.0130294050619294	0.0157945314860005	4
0.124617226418675	0.160383272262331	4
-0.0370079417291735	0.0613152728845113	4
0.100889576700591	0.242981808160666	4
0.072614807336867	0.113449182555517	4
-0.0355478111508335	0.0495197298674114	91
-0.0929267584531041	0.154376914110847	91
0.0904899983559036	0.165344962670869	4
-0.083958055720181	0.117940142579729	4
-0.0115462662834998	0.00913060325506912	4
-0.0340339599530305	0.0540064073707421	4
-0.00951681625338713	0.0154802966476558	4
0.0127726858908229	0.0274482128068206	2
-0.0572037347783989	0.0550509057139279	81
0.0774751077485685	0.0807145392646554	81
-0.0818477898924839	0.0736101772144279	81
0.0808378921345214	0.0706372309066735	81
-0.0729723030720243	0.168235809928531	2
0.0931555299950553	0.213344099817542	31
-0.107801968311279	0.200626409489817	14
0.0000311495347413259	0.0000832099385793513	31
-0.0811075950121316	0.263202813213345	14
0.00809869134669726	0.0181970258358468	31
0.0907476030898415	0.223028173980873	14
0.0829868222359852	0.276698363428212	14
-0.103740671691145	0.328293616584706	14
-0.0620455540216011	0.0441957570263145	31
-0.00960214315748051	0.0165816131625152	31
0.0959555453199378	0.250242317854861	31
-0.113700180829264	0.26698756660883	10
0.00769706369811006	0.0148493260673041	10
-0.0214768514598219	0.0466200009234337	10
-0.0827753674060024	0.225740535900819	10
0.0470162433938038	0.121626437150857	31
0.0996745746141496	0.27807168166999	31
-0.0832619938896779	0.17278425822721	31
-0.0202347858298568	0.0296145467231151	53
-0.0903152097588672	0.153474854774737	53
-0.00485454234559606	0.00740984157828391	53
-0.046132048300025	0.080016352366704	2
-0.0703491530171255	0.110330221278614	2
-0.100163863482952	0.177865240403343	2
-0.0873012382075579	0.133895091495633	2
-0.100011700649251	0.101290234229982	2
0.118373913404151	0.0685448759915157	2
0.00706310213204359	0.00569932345158906	48
-0.097686935999768	0.132811847898391	48
0.0127176073849277	0.0231426552072489	48
0.00232118537370919	0.00211915071275828	48
-0.0262317717046116	0.0281552760855737	48
0.074427972917527	0.15199014249908	4
0.0101579335502426	0.0180125849084736	4
-0.0784853252923284	0.129481007396017	155
0.114217638568229	0.19737089495451	4
0.105005365383585	0.160949766535169	155
0.0944171960802812	0.216790352236465	154
-0.0291309011896404	0.046882618186664	154
-0.0484553304747635	0.0856410488789897	154
0.07095388291913	0.142450735689414	154
0.00714169033595185	0.0094625338297183	154
0.0572053435632481	0.104869557289791	154
0.0673836287201686	0.154612791389909	185
-0.0946034457016844	0.215809788493468	185
0.08537987387599	0.17241843387393	4
0.0303210967694324	0.0179992539808241	4
-0.00773684409834527	0.00502832862498957	4
0.101364963716998	0.103485357454192	4
0.0605161042904446	0.106408732236312	4
0.073356626791686	0.0960574136403245	4
-0.0288494947726367	0.0401377720728858	4
0.00584325013535979	0.00865135783056214	2
0.0254897040280204	0.0213590371770573	81
-0.102513201897271	0.129994856087812	2
-0.0347984785706447	0.0724104015931579	2
0.117816159440955	0.290874589033997	81
-0.0999687604678652	0.235882842149866	2
-0.0426008918294788	0.0574718078973757	2
-0.0589075156382125	0.0897336297010042	2
-0.0264732325450496	0.0255972324762319	2
-0.0415017941541277	0.127604982027726	31
0.0575051338340715	0.183021119899577	31
-0.0806733233479597	0.245162395682458	31
-0.122792123921958	0.399178366010451	14
-0.0179570710102231	0.0434526439651081	14
0.122817156184911	0.406667949064769	31
0.0398101665803375	0.111884311292985	14
0.110004327972098	0.373523890559742	14
0.0161230870393158	0.0422857288270356	14
0.0458981975466956	0.13072563154654	14
-0.0911107323716301	0.29941077315981	14
0.0545137383817176	0.0742915534387951	14
-0.0292029537126607	0.0406555496093448	14
-0.00177212855677998	0.00190649316522752	14
-0.0718348075885719	0.087329011135711	10
0.087357236095299	0.137858019207098	31
0.102418348009837	0.209811433230028	31
0.0936700807931071	0.228202197544189	31
-0.0970103840294202	0.22495702088007	10
-0.0624619193358151	0.125616503863137	10
-0.025896019340855	0.0520242649169248	10
-0.00861598985128845	0.016848614027868	10
0.0618090495069659	0.140947625241887	31
0.113950344844289	0.269305754696664	31
0.0181388734146528	0.0303902447462479	31
-0.0241425674668428	0.0449894100067244	31
0.104800544209416	0.227878004051223	31
-0.120648874325998	0.25238048291684	31
-0.114661774664183	0.250507292863271	53
-0.048965783602271	0.0848388944514104	53
-0.0596225216104185	0.114260824441199	53
-0.0497547089976631	0.0911740022188958	53
0.111164565069541	0.212548742684854	31
0.0988912401123825	0.168860140953007	53
0.0592327475758495	0.108242956170328	31
-0.0789312516901816	0.163333829346186	2
-0.00939622299408856	0.0167764993049445	2
0.0385123582974088	0.0777722246429115	2
0.123397626477091	0.27325040937697	2
0.00301427736963166	0.00355460041258442	2
-0.048923770704703	0.0524045615620626	48
0.0621300738759379	0.0864559411771672	48
0.0424140820747282	0.0734821109805949	48
-0.00571894691469932	0.00834953366526977	48
-0.0971710648905517	0.18315049267314	4
-0.0888122666619692	0.179263196290136	4
-0.0580466375152465	0.105244167924918	155
-0.0939864500133796	0.186748500757692	155
0.0535779741825845	0.084438775552411	155
-0.0870279389774661	0.150913816995705	155
-0.106890349222489	0.195268635116676	155
0.0989807700877863	0.16904709474635	154
-0.0558206556621374	0.0972724063403915	155
-0.0928101853974755	0.168096232373221	154
0.0655907248653297	0.120307851096434	154
0.0472362785342129	0.0873794966532233	154
-0.0259219174211544	0.0452401760127212	154
-0.0955905557618339	0.193171067961022	154
0.0790344929247243	0.159885730729308	154
0.123921186643405	0.24859006553087	185
-0.00482263782013346	0.00493793062652638	4
-0.0724517869496859	0.0881418933378421	4
-0.0672141582865171	0.0848542889800818	4
0.0795342432926881	0.100639528210134	4
-0.049490972021938	0.0625522023626071	4
-0.0790869502259166	0.150474679712646	161
0.0575750569088307	0.094989054672743	4
0.0561457123761708	0.0973609625963277	4
0.0721799092667705	0.131971186057957	4
-0.111956982597344	0.20831339695743	4
0.021960543583949	0.0333098320267364	4
0.0766771152162996	0.125895839643041	4
0.110783093537335	0.23169813879673	4
0.00999974582659364	0.015680536073409	4
0.0720393796804306	0.1316547449584	4
0.0170865473087841	0.0255356139625732	2
-0.0552475296412478	0.096173277408553	2
0.00764490861519604	0.0143393823243674	2
0.023201284130823	0.0371484097805991	2
0.0155589583841689	0.0224516633590524	2
-0.0304405178087959	0.0449173167999767	2
0.0497454128283948	0.0696682670705044	81
0.122845333121835	0.23709956555528	81
0.0664461463966868	0.134590246713954	81
0.0901401158046611	0.193524049834837	81
-0.0433390693770411	0.0946355613974156	2
-0.0270726799698611	0.0437005766787805	2
0.0229048162858151	0.0381820425033005	2
-0.0528473878263863	0.0715831253138512	2
0.066972641562519	0.214174672292065	31
0.0421642029225517	0.136638757812863	31
0.0704331014752568	0.22884006853653	31
-0.110968786424803	0.408546009579534	14
-0.0365597915924681	0.108853029004881	31
-0.114565441047141	0.399264918863001	14
0.0757157817464249	0.217159849772508	31
-0.0278012896069639	0.0613531992807284	14
-0.0793453275193354	0.208524826668969	14
0.0178416160598401	0.0472722514767196	14
-0.0509740215788196	0.154638446508348	14
-0.0109492231369638	0.0248473419344698	14
-0.0494730814562414	0.0733910516122067	14
0.0998239736311775	0.164714653436231	31
-0.0591991110453656	0.103088869726072	31
0.00607053811967537	0.0122027370487924	31
-0.055330124725068	0.117080488466651	31
0.0660492631528903	0.138921563788576	10
-0.0850891351119079	0.174787094641494	10
-0.06022244315338	0.111179620350399	10
-0.0365118547975863	0.0617322185722257	10
0.0488981914905205	0.0826788784828931	10
0.090586324711852	0.166735234200167	31
0.0561954675673433	0.09246750452629	31
0.0111480595546838	0.0167698944116153	31
0.0861811461810835	0.14087748924333	31
0.0921944967632493	0.170152494457435	31
0.0472021172182839	0.0914113852198126	31
0.0620940150471228	0.118455153536011	31
0.11637807770939	0.257830961624084	31
-0.0291062499180869	0.0392696407058702	53
-0.108463364381195	0.162427030468072	53
-0.0895701920627002	0.183632459848983	53
-0.118130930884105	0.233369489459582	53
0.124337595088166	0.251254293698915	31
-0.0255089253772031	0.0436332051378189	2
-0.0157623715375271	0.0273958029709936	2
0.0917419477376595	0.240510611787139	2
0.0437809460582969	0.0645716773683108	2
-0.0993930423686106	0.157198241065291	2
0.0460842303088178	0.0688072744406115	48
0.058407293406842	0.1173098086204	48
-0.0951523520834088	0.213648282913352	48
-0.095172693918457	0.198686542513891	48
-0.0800342315722111	0.163016975004024	48
0.0609441309872926	0.107235277101762	4
0.110741070427902	0.225545310309221	4
-0.0400448114330516	0.0793078632254842	4
-0.00274422493888558	0.0030731765987326	4
-0.0618392300969513	0.0752243974918043	4
-0.0767387940775218	0.12954962642944	155
-0.0526195590775267	0.101869684636477	155
0.0248720379221577	0.0418742014856538	155
0.0644601534426606	0.0780130922700363	155
0.0270263616313319	0.0425985089248975	154
-0.0386253636442885	0.0641624061932949	154
0.0626238926312018	0.127450909422478	154
0.0407633957620526	0.0598700759429005	154
0.0724868022247424	0.135345509846286	154
0.0582327456258939	0.0931405469673667	154
0.108194417768957	0.190346483220414	154
0.103916078805784	0.217673039847049	154
0.0797295076416958	0.106551251088203	185
-0.0256863844099005	0.0448048244781597	4
0.106275606222679	0.163171276660841	4
-0.048123787146116	0.0849939481735743	4
-0.0784429190615322	0.164174049667486	4
0.0543799997143056	0.103596447384481	4
0.11817796632273	0.240061699482784	4
-0.0720448856902726	0.134234039735238	4
-0.0102260840949029	0.0182850084046598	4
-0.0906704931996187	0.147177473489876	4
-0.0785606100423379	0.106650422248958	2
-0.020710126029659	0.0250859108588905	2
-0.031740062758121	0.0385535508167634	2
-0.00219486832526863	0.00334813234320375	2
-0.00627631084460904	0.0107816315836401	2
0.00753131612817677	0.0127818053735504	2
0.120084361211576	0.21285085828453	81
-0.013575234359794	0.023092712853141	81
-0.107730254059127	0.180023852930556	81
0.0486691123214462	0.0822606484544258	81
0.0155339719159685	0.0317102765405317	2
0.0605531022801936	0.13715778768301	2
0.0125518286338019	0.0239931285744756	2
-0.0231060602885283	0.0746094410551716	31
0.0873546696286621	0.379179305525956	31
0.112969613773739	0.472878977838438	31
0.0786884568804371	0.287420156662557	31
-0.0131504484728068	0.0382298999347148	31
-0.100976090562644	0.366558165829985	14
0.101914896816437	0.312932505745011	31
-0.0731915875779059	0.195565124094306	14
-0.0134560938543919	0.0341342710486028	14
-0.0767981931403073	0.215531013512072	14
-0.0446354118275722	0.121273561953375	14
0.0804833966138962	0.24402545128931	31
0.0278661431340218	0.0495470904264023	14
-0.0638419715415898	0.0684730985247199	31
-0.0232352861928242	0.0366803087266982	31
0.00408383299312848	0.00864134373425476	31
-0.0790509419185946	0.168503678721768	31
0.0523128928456252	0.0981935231211327	10
0.0768734570738978	0.146480950395697	10
-0.0593119902091959	0.103319338991709	10
0.079963307102211	0.150058091719411	10
-0.00874821883115047	0.0145528606582541	10
-0.0681692488665514	0.117079984917917	10
-0.0644215342661505	0.108137151448971	10
0.0923225873830434	0.214535394323101	31
0.108759812703697	0.220750340560957	31
-0.116248513308077	0.22520140478978	53
0.0638214532931264	0.107126838952805	53
-0.122090544912172	0.255996540031208	53
0.0318320279069858	0.057333800014023	31
0.124264938715631	0.298881038656489	31
0.0843741346226995	0.18231230445447	31
0.0362909397901507	0.0634608095386812	31
-0.113985449444388	0.248716833146877	2
-0.0212178794883909	0.0419491858996522	2
-0.0295057675165701	0.0720506963014209	2
0.0611623354565932	0.146860540665118	2
0.0626160926475456	0.0946855005479631	2
-0.0959316075238282	0.152304983901646	48
-0.094746973502442	0.210064577534252	48
-0.0303831484539188	0.0521575668498499	48
-0.0259817176091903	0.0409461200707522	48
0.118038456755891	0.262286682876338	4
0.114175588253079	0.220898664870239	4
-0.0686265773599727	0.107297583928016	4
0.0447414809849654	0.0707605300939489	4
-0.0289457633774504	0.0505126069904837	155
-0.0135811160461385	0.0231011432670083	154
0.0573564976783121	0.0819731668875552	154
0.0792673168331449	0.160414338938255	154
0.11796896830162	0.217145594637819	154
-0.0299498308057691	0.0503579610553139	185
0.0493265707865068	0.0995824558766164	154
-0.051544866643626	0.0803930972723798	185
0.0369614851100264	0.0554591827847271	185
-0.0358522485313628	0.0499574191440669	185
-0.0328789448444896	0.0555495186623716	185
-0.102232098844178	0.231560330489338	185
0.0800582941578616	0.112507779640797	4
0.111825450225002	0.166923876806217	4
-0.119415551792826	0.179557738472933	4
0.109817159186202	0.178372429292156	4
-0.121635446669764	0.232091231559298	161
-0.0299351331121804	0.0523439265728048	4
0.00260612472234606	0.00409649906018395	4
-0.0489205675675173	0.092874739504503	4
0.0945567550077475	0.218157096217559	4
0.0928714426895125	0.129243914016927	4
0.0912125076191573	0.197257658947516	4
0.0815088014264146	0.166546654424679	4
0.00284553252248285	0.00515745586871193	4
-0.103269835104514	0.21629758441093	2
-0.0216660755266948	0.0291842693467923	2
0.116906216705757	0.204566363282534	2
-0.0425376534142477	0.0918228807924193	2
-0.0963688172331138	0.185430779693493	2
0.118035183647329	0.215776159713516	81
-0.113394687502175	0.251782161463496	2
-0.00494160620537319	0.0103803631097441	2
-0.092514350113274	0.241267841140448	2
0.0214519060085712	0.0488167260216909	2
-0.115064914237545	0.291736818683908	2
-0.0856042662889472	0.135074018540682	2
-0.0583770615265155	0.225318624453691	31
0.0439066991129254	0.143894730764879	31
0.0077755579943238	0.0213556071431193	31
-0.0095092490820555	0.0254763323381817	31
0.00888427831320308	0.0230194904051631	31
-0.0266357791423832	0.0789347840805174	14
0.116968361398408	0.438497971396959	31
-0.0337626593214268	0.095599765876892	14
-0.0226949333688606	0.0686795822963678	14
-0.110522995381299	0.412112213421154	14
-0.0489009082797861	0.151686780043463	14
0.0190779662028325	0.0354847285254007	31
0.080994777259976	0.188038283833981	31
0.0897613521079847	0.188205397326682	31
-0.0776829198273814	0.152558504846799	10
-0.117167808712325	0.227358291934395	10
-0.0778277588351192	0.142502236852812	10
-0.0121629367199621	0.0225174925797963	10
-0.0421610043105135	0.0821465587014638	31
-0.0775001936901581	0.159940356520363	53
0.000964919971032997	0.0016254194549847	53
0.114173907113117	0.243118467038671	31
0.117028638112433	0.235723896835763	31
-0.040662384070958	0.0740851512668642	31
-0.0338089811667342	0.0536311082202344	31
0.0513881133006284	0.0921397641582075	31
0.0787090818146712	0.147382034534104	31
0.121276119912372	0.224501744633007	31
-0.0122982151806187	0.0204891744802231	2
0.0232217967223786	0.0475032510480051	2
0.0664485295601607	0.143485388805241	2
0.030016412708589	0.0647881080632917	2
0.11420262280825	0.236887711819987	2
0.0922941520962946	0.195478411325507	4
-0.0188587319193773	0.0343763008990718	48
-0.0258547734689254	0.04164843131428	48
-0.100781535504834	0.175970472072103	48
0.0725900364046455	0.129113313870628	4
-0.0112258297554335	0.0175802212280299	4
-0.0177315308602944	0.0283364086935609	4
-0.0636444192001059	0.102270802122766	4
-0.0892434402403327	0.164448510972616	155
-0.0535655484356393	0.0874508427315898	155
-0.118167411266468	0.220424624707677	155
0.0166613061835176	0.0234583335030675	154
0.0807055429577198	0.107976348783997	154
0.0545310990101492	0.080777004745608	154
-0.0333490302796108	0.0503723591733865	154
-0.0590130632302346	0.104978931050763	154
-0.0429061425500053	0.0697693871258717	154
0.0654232912716314	0.119977750195764	154
-0.0397671809960218	0.0632778547940545	185
-0.0469571837930045	0.0888120317340335	154
0.0606980508702532	0.103744176517859	154
0.0904179562363902	0.170047430029059	154
-0.0814015157715943	0.160935275521302	185
-0.0631603670314442	0.121193718572358	185
-0.0842661186229965	0.142898647693078	185
0.058978689436374	0.0779284142560977	4
-0.0440566148930575	0.0701147548592703	161
-0.0775233781992567	0.125323126556678	161
0.00841976700299146	0.0119228462726928	161
-0.0485749903292628	0.0858484152147959	4
0.0681574438967697	0.136124007681414	4
0.112415087100993	0.249073023161688	4
-0.0219815306202119	0.0409720424097586	4
0.0383249238271356	0.0641853194167103	4
-0.115002168216824	0.205932952061934	4
0.0360603003014614	0.0717639324331604	4
-0.0159611782681608	0.0304415608468828	4
-0.0600707395804335	0.0729126427207573	2
-0.0265298486087461	0.0480394518924294	2
0.0331000423532499	0.058305559486257	2
0.111305572161091	0.247599385855774	2
0.0675505269691131	0.0913103196730009	2
0.0225489644549614	0.0430829737046641	81
-0.117656216812637	0.307840124257088	2
-0.0161115655845427	0.031645219899342	2
-0.0268686743291142	0.0533056811890498	2
-0.0126043264818013	0.0232677543990832	2
-0.0498403483325815	0.0964515369097355	2
0.0848885511881471	0.342247187340103	31
-0.10108498697247	0.358008504577784	31
0.0262548777956669	0.0391228009900753	31
0.0284154508819609	0.0438694681293977	31
0.0119641859873379	0.0202127403754708	31
0.0887973454468795	0.3075688040981	31
0.0888415403404689	0.286719006249382	31
0.0766551162776364	0.22350807519703	31
0.0915927287350543	0.202666172760116	31
-0.0476967827288917	0.10574297683939	14
0.108041297546927	0.408651914717151	14
-0.0974654328254486	0.322233047352026	14
-0.114515395456486	0.24192891869226	10
0.0202403183022518	0.0320357802748171	10
-0.111463312320937	0.181760626069686	10
0.0497921610270435	0.0799687926003495	10
-0.0847704850938245	0.133601413250336	10
0.110038874049401	0.180514209266002	10
0.0898922104069419	0.17834566759434	10
0.0588943164290558	0.0996348359205528	31
0.100750644511924	0.231414578798465	31
0.0266817404276631	0.0462153148152139	53
0.0329284219393852	0.0580108308250829	53
0.0524121002144554	0.0678662055120571	53
0.0287932851631367	0.0362792600665123	31
0.0108571794679945	0.0181958631074655	2
-0.015535495113142	0.0268784213486645	2
0.082342505232924	0.0644459007137958	48
-0.0712234877867274	0.0599441930320906	48
0.0600496730675614	0.110623044087575	4
0.0416666522717648	0.0362208502779061	4
-0.0431496178668788	0.0503648473689141	4
-0.057602635330424	0.0554576214244391	4
0.106123045762601	0.0992752431914173	4
-0.102385871766088	0.182501185329377	4
-0.0878190684422436	0.167581543705525	4
0.0681670952883214	0.126386564558766	4
-0.00958740731629225	0.0136492130363431	4
-0.0831861616339797	0.0844341461764474	155
-0.071891418887925	0.0806858899951062	84
0.00688734181221681	0.00782118724555664	154
0.067446452810333	0.0911580182799953	154
-0.055873582060383	0.0994364731095923	84
0.112457357429052	0.168028401899179	154
-0.0941112403956484	0.156628552097155	154
0.102284816611095	0.147476341337419	154
0.0790298138551729	0.105529465240268	154
0.0481427977254827	0.0853055370191781	185
-0.0837705350154141	0.17086948750878	185
0.0510282374906256	0.0955806021873142	185
-0.121562432494755	0.214062445157664	185
0.0309100138007959	0.0183466172637868	4
-0.0841155402066088	0.1024043830745	161
0.0906627287010021	0.0898214204848528	4
-0.0457322093739378	0.077620461718962	4
0.0251458834200163	0.0210681069871369	4
0.0818984878295704	0.0716096771028776	4
0.115119957103862	0.182513686982579	4
-0.11114566287454	0.211511107214926	2
0.0519585627747341	0.0729877320668916	2
-0.095397711788102	0.116128592364844	2
-0.0152378568693009	0.0156050436065379	2
0.0863424968497687	0.166837129838405	2
-0.0826261831642036	0.160508596009026	2
0.0545574914324375	0.0861090259115279	2
0.119606373176392	0.129223305043077	2
-0.0674145738745153	0.156494182402377	2
0.12232155388951	0.307622739152383	81
-0.0637903655556294	0.126408772167607	2
0.107138418639105	0.147590084481294	81
-0.0846073662558699	0.126369262030359	2
0.0175678620357664	0.0282734979968139	2
0.0824992725571689	0.360196223371177	31
0.0107429890542478	0.0326745945184616	31
0.0973678617207242	0.31560135485438	31
0.104331019591923	0.421576485182291	31
-0.0873788609524996	0.314456161601848	14
-0.0718172749495068	0.175729996289486	14
-0.0677178604754458	0.252184134339931	14
-0.073395719933512	0.266554711950478	14
0.122372656335583	0.27562725332309	31
-0.0134466627013749	0.0122791973065895	31
-0.0875930597777907	0.182289671745183	10
0.076905293178445	0.165714883110702	10
-0.0382084598799165	0.0670745102530692	10
-0.064579508591221	0.121875986709784	10
-0.0920819059408227	0.182293882883489	10
0.0586888218462387	0.124979885799786	10
-0.00579453772921062	0.0112687393711078	10
0.0923799441158998	0.215712863560937	10
-0.0668081516938197	0.130009338211562	10
0.0493020186730459	0.0979583220151341	31
-0.0420169250936163	0.062151164142323	31
0.0180058133340232	0.0269468865492253	31
-0.0697312113717072	0.144952799117155	53
0.0455547220091369	0.0941577125039292	53
-0.0841781539804831	0.142725667566139	53
-0.0427652981432328	0.0498929116882494	31
0.0118831705684667	0.017484605310577	31
-0.0549507419065207	0.0790635069385102	2
0.0720672010577806	0.112500058521069	341
0.0356074289090529	0.0697375006458696	2
-0.0959658236070694	0.224599482816708	2
-0.0897130168910858	0.165443675978982	2
-0.124696309929929	0.299626276774737	2
-0.0127350282961261	0.011626511653579	48
-0.1079319439478	0.0832523696637235	48
-0.0519176088796077	0.0986089700435527	4
0.0960742259498163	0.105603557490256	4
-0.0609180705965685	0.120665039291518	4
-0.0387939169835739	0.077488919037185	4
0.0929242856106867	0.166591532589886	4
-0.0519509779060445	0.0885526259167127	4
0.0430884335062766	0.0695945237234659	84
0.0720104823597535	0.0990190644528349	84
-0.0730082432395379	0.105765572173217	84
0.0675245435018288	0.121705083816815	154
-0.0886634623460232	0.150244195903818	185
-0.0824951736645508	0.145473779009262	185
-0.0684035369737297	0.124781022630784	185
0.078375091350599	0.109891058523048	154
0.0397007390676816	0.0791376562230131	185
0.0241910870549937	0.0511431695679808	185
0.122443590156029	0.267508189661381	185
-0.0432909126691159	0.0735963969524173	185
0.115913424437728	0.154572174442984	4
0.114363734207052	0.132465305085151	4
0.0848995617669734	0.0574607370289221	4
0.116817069643847	0.204380491599964	4
0.068706554944542	0.0798849735688877	4
0.0593186833458593	0.121935273242206	4
0.0206580723229414	0.0320077858470703	4
0.0801420106901565	0.128788459866032	4
-0.0916961915769814	0.107427870800651	4
-0.0783686026003168	0.132641654129363	2
0.0917013087919613	0.127442055176053	2
-0.0472865953186291	0.0719075422150913	2
0.0137902500256485	0.0233713593354208	2
-0.108684496182939	0.246662018917345	2
-0.082228428271369	0.185663903700283	2
0.0506425267534552	0.119546554768402	2
-0.0273431055284942	0.0540562969571087	2
-0.0660615897723189	0.0772350151354886	2
0.117779586513518	0.148270064858352	2
-0.00701374954457465	0.00456438047842142	81
0.106004346871011	0.0758191516322808	81
-0.110442991479236	0.105238387220631	2
0.107155173979138	0.319846219814539	81
0.00927951671784644	0.0193319861998926	81
0.0734526971349342	0.105989380054106	81
-0.0304517794344577	0.0424627170328154	81
-0.048965783602271	0.0848388944514104	2
-0.104283345461487	0.205215061119931	2
0.123265769244914	0.0457854630912431	259
0.0569328451736678	0.197614339118985	31
0.0184598210271809	0.0418973779264698	31
-0.0467316037380995	0.0709694516778813	31
0.0138034455167418	0.0233950172227808	31
0.0675681840868356	0.223868481416842	31
-0.105315041093472	0.383273660435495	14
-0.0923646933864371	0.301904636374292	14
-0.0769513366375961	0.221602483967533	14
-0.0590779165043371	0.122039370728543	14
0.0504765823569607	0.106357344318581	14
-0.0580669202386366	0.188936039195318	14
0.123387384197906	0.438980382586538	31
-0.117895240901767	0.119094295964753	10
-0.0810099513259634	0.134211730748167	10
-0.00109751763428156	0.00178320828149839	10
-0.115456353544843	0.232192398241573	10
-0.0824171457387438	0.183136718448805	10
-0.0220267142608379	0.0453028565249567	10
-0.0267787142779055	0.0509528954409511	10
-0.0968562872324569	0.157339255767019	10
0.022065291492563	0.0474354763541142	31
0.0449963109486123	0.0619827539553648	31
0.0835816242572947	0.129990992156579	31
-0.0448100854218328	0.0759322289508106	53
-0.0733104190848494	0.115483660058945	53
0.0868318099139674	0.124458257825205	53
-0.0451589158316966	0.061119820652673	53
-0.0823063724910315	0.15651973453327	2
0.0190368661066932	0.0307098484234978	2
0.10414298214777	0.150514038301188	2
0.102559523962818	0.163425932577416	4
-0.0810004532392537	0.145820441078938	4
0.0152207551640951	0.0226798649145232	4
0.0655860963492108	0.0552139405230821	4
-0.011984245461813	0.0109364005039455	4
0.00279573267098323	0.00439584521562621	4
-0.0841531775088955	0.154666733272938	4
0.0928861274020558	0.161283014314986	4
0.0662001631943086	0.0848754046724636	4
-0.0137324944192891	0.014721455536677	84
-0.00748006659617888	0.0103375061880631	84
-0.0535351220061598	0.0894746117044964	84
-0.117311284137833	0.175877304072782	84
0.094454370559328	0.117939320183609	84
0.0906423660489584	0.125776882316059	84
0.0445834005446313	0.0425018007857904	84
-0.0897163877311368	0.113571987674067	84
0.006701685870838	0.0108791563705725	84
0.110511464201892	0.238345361642894	154
0.0972956767310796	0.19402090606066	84
0.110412288790196	0.210848665720925	154
-0.0104355672025618	0.0152537498658727	185
-0.0475151282611454	0.0773385879989193	185
-0.0563238289729489	0.114387670266831	185
0.0222396505340668	0.0437447871916432	185
0.00711828513076164	0.0124865102459929	185
0.120829103688986	0.214371811718025	185
0.0375579088616007	0.0377457734866856	4
0.100744993555538	0.203350607983488	4
-0.00618315219740232	0.00803664699295032	4
-0.0662624762077149	0.104110670369605	4
0.0498074653765097	0.040376021072933	4
0.118171549586436	0.114276822837439	4
0.0310892761871364	0.0507655287713136	4
-0.0803488293541329	0.116456849029786	2
-0.0369807183442597	0.048277655910513	2
0.0248472715236739	0.0347198831625192	2
0.0664992260528479	0.125431803870527	2
0.0937152974293106	0.214753731616037	2
-0.0336905445820567	0.0689222172311802	2
0.0454638480508587	0.0719731321450714	2
0.058720149488444	0.0623959560731457	2
0.0624821988883742	0.140075252098798	2
-0.0974469545360687	0.217150067882051	2
0.0877283298030386	0.183280638840635	81
0.0102001173868492	0.0135545590287491	81
-0.0699921684927167	0.143850202310385	81
0.0950208610205327	0.111707528895457	2
-0.103911922671599	0.180854950653827	2
-0.103658867750962	0.177051366807667	31
-0.0278059136897405	0.0284612928516381	31
-0.0571666635024907	0.0850465692071581	14
-0.0850617080989536	0.0864751077010094	14
0.0849464848200345	0.148202151473608	31
0.0966044177716451	0.157270706123349	31
0.0314664177283584	0.0244950721964875	10
0.0120261447118598	0.00897935874042113	94
0.116296371295627	0.1123138667772	94
-0.0539535917807984	0.0421543909770497	10
-0.107241292593226	0.0826846680753677	10
-0.00297353474910947	0.00165680146641202	53
0.105146295299452	0.0751637417629158	2
0.0428361970915417	0.0306400320236243	341
-0.0107063117433937	0.00846354233752504	2
-0.103197845506001	0.0924486140373242	4
-0.0740041914463607	0.0461784471352803	4
0.0310546222525311	0.0184347197553435	84
-0.00327894440294441	0.00182215368933502	84
-0.0634432045704509	0.0452117729104018	84
-0.0484788186554914	0.0409639894064286	84
0.0191950638206531	0.0130549592187961	154
-0.107241292593226	0.0826846680753677	185
0.111145724655706	0.116827764303489	185
0.00388814563882406	0.00335925048938014	185
0.0441188945224491	0.0139963470376049	4
-0.117083381967748	0.0711840010319632	4
0.00526505749505683	0.00234693323230779	4
0.0498517351973327	0.0243544042422653	4
-0.0792723093905496	0.0615544275666994	2
0.0327391191808297	0.0255038462079775	2
-0.0817381541144177	0.0735046713379022	2
0.0311993047865769	0.0185213216979058	2
-0.113769384128795	0.127587488403271	2
-0.10227073557106	0.02806607332857	2
-0.00161743175880133	0.0030940304974535	31
0.0589275037343611	0.100407327332143	31
0.0207863685608854	0.0296953102045191	31
0.0371889749201398	0.0479039181005363	31
-0.101745792835083	0.0279298194799862	10
0.101330842730658	0.103462848311905	10
0.0539691745632883	0.0485085921147157	10
0.0321768466797699	0.0297179260515977	31
0.0484098314510986	0.0236381913986675	53
-0.00743668463752495	0.00483670804771437	31
0.0657788286045582	0.0553945014109008	341
0.0446410889454706	0.0141571835144028	2
0.0071881579807394	0.00318552533350526	2
0.0983834948747962	0.0801855009063589	60
0.0307576938957453	0.0182566481779697	4
0.0943667945658747	0.0854203541961817	4
-0.0338428328453056	0.0243385578467598	4
-0.00325809258339371	0.00181109300925657	84
-0.0978921624521477	0.0505400265563502	84
0.0509386239511941	0.0248801213694553	84
-0.00441707436405673	0.00243956381160339	84
-0.0737179526732819	0.045989882715821	84
0.0303210967694324	0.0179992539808241	154
-0.0432062812399978	0.0390991550342258	154
-0.102438011533771	0.0281116749422536	4
0.00712722582617245	0.00316079582347128	4
0.08518972464493	0.0576629309620761	2
-0.0294002418718406	0.0249566873230504	2
0.0187766386468399	0.0127690993732917	2
0.117338030912592	0.11344131663602	2
-0.0983438447563331	0.0507887139409581	2
0.0506562751969823	0.0247386038195903	2
-0.011620566978124	0.00990976750079257	2
-0.0141968773151673	0.0129694360490784	2
0.117484869433189	0.113600503366714	81
0.0197590657605359	0.0134379850733911	287
-0.0951143961820994	0.189308521391397	31
0.0785321532391701	0.0818815055768896	31
0.0614082773100697	0.0961878348341046	31
0.12378977785765	0.0459966022633113	31
-0.10227073557106	0.02806607332857	43
0.0443474817871651	0.0140662431554584	10
-0.0104793708004817	0.0082882050453568	10
-0.0858194122421964	0.0872973116926928	10
-0.0786642018953122	0.0920651492159196	10
0.0434630980514902	0.0413916726278074	10
-0.0287670488075105	0.026166689272269	10
0.0941603563179395	0.12446637877783	31
-0.0628513100259037	0.0447842036278167	31
0.0820475515200717	0.0641972987666921	31
0.0801806539431333	0.0700254376348038	31
0.0447554074469217	0.0141903619788234	2
0.0463704355035902	0.053483338521564	60
0.110282329113364	0.115833450054509	4
0.0881833785323973	0.04709090114677	4
-0.011396739650968	0.0090127065950399	84
-0.0377105438126128	0.0240689464976066	84
0.0418868927862126	0.0299407780105724	84
-0.117213588119108	0.0712681209590314	84
0.0133334743708984	0.0126214993037887	84
0.0327705359687848	0.0302800316542109	84
0.0189042196829596	0.0128568547367965	154
0.0875898947788814	0.0467709124687922	2
-0.102557225826584	0.0281488014234386	4
0.119118691771114	0.0690021480147865	4
0.0200411346127865	0.0136290152576704	4
0.113991066966895	0.0966215344417158	4
-0.0677307768669081	0.056869195767057	4
0.0636099776201131	0.0476618577577734	2
-0.0612186811374488	0.0435777683079121	2
0.0601601813513414	0.0382637180165125	2
-0.116628052525061	0.117654296185179	2
-0.0137946996495972	0.0154417060872085	2
-0.0240915447543862	0.0258033363323659	127
0.0323190214683188	0.029853940552481	81
-0.0744457424237704	0.0464599414052184	287
0.063906179996713	0.0478811812255828	287
-0.110920140302689	0.214487323743916	31
0.115141258964873	0.192003600024787	31
-0.0351048502448857	0.0393293397522298	31
-0.0260902588822691	0.0531905004460679	31
0.0438252413491488	0.0139073612622664	10
-0.0485109069838694	0.0201784103238478	10
0.119118691771114	0.0690021480147865	10
-0.0816944562036529	0.0991646136625312	94
-0.100952480594168	0.102335482714214	94
0.111076039835747	0.116749317784766	31
0.0539807315395509	0.0700572439345826	31
-0.0363501914033762	0.0474144204446411	31
-0.0375308847087137	0.0402593947529046	31
0.0442331964767312	0.0140330820329107	4
0.0986459995053179	0.0804143923561071	4
-0.0256008007361936	0.0274613528882011	4
0.00567031954351438	0.00643624186990569	4
-0.101787954996576	0.103235444651058	4
0.0981554208826489	0.0799692555336924	4
0.00479861677265068	0.00414161458927015	4
-0.0291070320570457	0.0247052995062251	84
-0.0475164761253195	0.0599186915238367	84
0.0533883489386912	0.0479768387516541	84
-0.0620362336483801	0.0559874362455302	84
-0.114714032488732	0.166823731620899	154
-0.0989589100141254	0.0511184848514912	2
0.0871403741731022	0.0465223815735074	4
0.0664989867697377	0.0852842201558114	4
-0.0112556507270041	0.0095976893522797	4
-0.047093845998762	0.0252211497520882	2
0.0144884176326565	0.0137219451883016	2
0.0637313104207424	0.0477589289988392	2
-0.00457428535557886	0.00468357497784728	127
-0.0212751267175581	0.0257803383434294	127
-0.0348304146321294	0.0250598803537906	2
-0.107613704222541	0.0829950463889598	2
0.0716235293218015	0.0936004312478643	2
0.0975962565076818	0.0794876202068806	81
0.0572493272950632	0.140996517593124	31
0.0465975676275188	0.0537613051733017	31
-0.116653189939246	0.153453279083593	31
0.0334373576879747	0.064888507067463	31
0.108240493574754	0.159073513630951	31
-0.0687268644176326	0.110473433631806	31
-0.00243293086016862	0.00509825475659353	31
-0.0139719048799767	0.014298095315226	31
-0.0990837030967008	0.0511740497596088	31
-0.0491251664365696	0.0204302076270705	10
0.0433029880988438	0.0137425103525912	10
-0.0476690517991179	0.0198264618841839	10
-0.0933239038358285	0.131305330974607	10
-0.0607536031314092	0.0927996532077339	10
0.0624773653790631	0.0945074682335083	94
-0.0284479714171502	0.0383498674937705	10
0.0557424143717161	0.0760769603628107	10
0.0452023195224754	0.0754496688093475	10
-0.036888643231463	0.0530456266068476	10
0.0457761713367527	0.0725073557659199	10
-0.054218641031967	0.0633144620955432	10
0.107749774193319	0.158237949417492	10
-0.0334223732324408	0.0464026613361212	10
0.0573318722003131	0.0564050452808092	31
0.118520726345461	0.149349445137005	31
-0.0812515185045337	0.124694431057407	31
-0.00856400168550846	0.0121762339797064	31
0.0952962843468875	0.104634419582164	31
0.0542421278141507	0.0639977748810984	31
-0.0492400521886206	0.0416248253598023	2
0.0677336030450162	0.0685914101807568	2
-0.0659910135754577	0.0771473036087432	2
-0.0406323417811545	0.0493393385579855	2
0.0661148478186938	0.101437830159849	2
-0.0924109012466256	0.0884459738791073	2
-0.0315902939013515	0.0383655614963209	4
0.0853357828355248	0.0577637776080205	4
-0.0820667339602233	0.0738109884176815	4
-0.106954679635922	0.178508176521389	84
0.0485041937551407	0.0501542315584672	4
0.105812439994652	0.119512671645517	84
0.0670476331836552	0.0678774938243376	84
-0.0577470533541606	0.0556063748813978	84
-0.0975858551925811	0.132633863516053	84
0.0410076813826131	0.067509427260432	84
0.0475492599842535	0.0711446940608937	84
0.022613738996972	0.0323955664698552	84
0.0713562180390839	0.0832113105836048	154
-0.0131626274228356	0.0147235994007638	154
0.0366357294362074	0.0471639949013829	154
0.0379608527986021	0.0427821309891413	154
-0.0480898571641224	0.0200038873976644	4
-0.0852058763755463	0.0866228242869714	2
0.0904947971600813	0.125539047124506	4
-0.0131043770130632	0.0140419738459348	4
0.0313465122832943	0.01860779303652	2
0.0986106196596977	0.132745862514329	2
0.0962641923707771	0.105881555605633	2
-0.00672914243751858	0.00438110026149717	127
-0.016136120509469	0.0224010558077038	127
0.0431651535610364	0.065903794800381	127
-0.0812611758765854	0.113726512510966	127
0.0873483487234159	0.0935676908666205	127
-0.0332965888681623	0.0239389594492154	2
-0.0536119954522746	0.0418860492728798	2
0.0313465122832943	0.01860779303652	81
0.0197761246005942	0.0312774814442601	81
-0.0478666698443273	0.0404263783165724	2
0.110410240218921	0.135919766566662	2
-0.00243151416769028	0.00249349105253065	2
0.0989590877340363	0.611450709251399	31
0.0596951741574701	0.274773879497074	31
-0.00506385202119712	0.0144871127811736	31
0.0221771236441797	0.0444524338950418	31
0.0806263289307081	0.16357308811657	31
0.0213340037120499	0.0457948528299994	31
-0.0536726730455165	0.180938379018	31
-0.0552657495998692	0.180763588094506	31
0.0628641797702891	0.197873694489839	31
-0.089707912591768	0.285027279618174	31
0.0484799630105646	0.163286731489867	31
0.113681434139254	0.454115698137277	31
0.0400415825938986	0.126057843808088	31
-0.12361170085986	0.254378039657784	31
0.113582279133365	0.0962530067810587	31
0.0970180474707684	0.198509793212676	10
0.0306851518637995	0.0654618801599831	10
-0.0517846937208425	0.100053914914443	10
0.0972336424548277	0.230313356088353	10
-0.0888077245279578	0.253421771800807	10
0.0548543659935951	0.127343651448167	31
-0.0574244749934121	0.10610226558877	31
0.0883195960142568	0.215965163006953	31
0.0600852284079976	0.0931115283088505	31
0.117146639768004	0.167494054623037	2
-0.095976553364305	0.147681160378864	2
-0.0295859430682717	0.0570038679198313	2
0.071355882878792	0.139993527968436	2
0.120630444740492	0.194597820804977	2
-0.0194201337945223	0.0311296817578362	2
0.0178881666775001	0.0159807790996412	4
-0.0914856428334994	0.0874936736031265	4
-0.0699038623947273	0.0588031042662522	4
0.112270752809746	0.208547686255278	4
-0.0160624503336949	0.0273097051081905	84
-0.122723141880612	0.190169909136627	84
0.10112837680296	0.167170073601361	84
0.0465836469860911	0.0779183085093303	84
-0.107994486116507	0.146890722276985	84
0.0013208824246943	0.00166872978962648	154
-0.0604695618539694	0.119685694281617	84
-0.075416922207595	0.121552213471943	154
0.106200150063965	0.198603981242556	154
0.0814996649413047	0.154299947622192	154
0.057257007440625	0.0716938292958936	154
-0.0321459376424246	0.0619635848315869	154
0.0771760967653211	0.162020604954271	154
0.0218909368850166	0.0339795714068209	154
-0.0467401852062159	0.0523970783956607	2
0.0522860933381576	0.0580196682500326	2
0.0291324385455388	0.0367118270884025	4
-0.0916745599919624	0.0766735709340212	2
-0.0873377619375448	0.151527664759598	2
0.0303558410022982	0.0458895464044459	2
0.111351901704496	0.206541771436848	2
0.114995545302614	0.133301321521241	127
-0.0477359780625859	0.0795335726552485	127
0.105180546331733	0.246125901049068	127
0.116134904024303	0.278391634432358	127
0.0182915122644579	0.0163448361484835	2
0.0866733161575947	0.0462643924799202	81
-0.0103728324021117	0.00820371525870334	81
-0.0362464341658588	0.0472731856303358	81
-0.00790079133786796	0.0147818673760417	81
-0.107825387773665	0.251612243862381	81
0.12232008143219	0.166547784273479	81
-0.066406140033076	0.116335242360731	81
-0.110470602424175	0.105263737797591	2
0.0981802265137251	0.603202890322276	31
0.0397328267956042	0.14914599597398	31
-0.113293491231357	0.351449018906809	31
-0.00305826641796355	0.00728801708721316	31
0.0569451311168451	0.157621028154505	31
0.0968317269683283	0.397874424493585	31
-0.0412447129380083	0.140582904279172	31
0.0696034470341955	0.233538659031114	31
0.0386764028028088	0.0911537756031076	31
-0.101490702753266	0.294438719662467	31
-0.0778574822964296	0.241881035316993	31
0.0855384263223551	0.343614160930798	31
0.0209691243445909	0.0672447923503042	31
0.0381840968192539	0.127043979903946	31
-0.0310833619923582	0.0244297072944734	31
-0.118626686254138	0.0988296315515425	10
-0.0551999754264628	0.122140080212836	10
0.0353037501271898	0.0800052526143428	10
-0.0627762537281092	0.137859413302736	10
-0.111718810239717	0.258141707782394	10
0.00886784616014568	0.0200979701202228	10
0.0454313629674703	0.121949516954542	10
-0.0345133694376072	0.065788969509156	10
0.0667423386123997	0.146473028925001	10
0.121881005275032	0.328038500213655	10
-0.0833883721076091	0.169892619685339	2
0.0895802063748972	0.18879805930499	2
0.0563367703165717	0.148345492650408	31
-0.0779407860964706	0.219274873190451	2
-0.0804756406043061	0.155715496328515	2
0.0636450174292522	0.127601086832604	31
0.0535979055591479	0.101427964336455	31
-0.0482436326267595	0.0914768378731667	2
-0.0789611126530904	0.114228223368457	2
0.0845396852498539	0.177746640000741	2
0.00719816185401494	0.011469892863403	2
0.0412307468069863	0.067909317576097	2
0.106166344815885	0.192463911762006	2
0.0934157361055112	0.188813060293345	2
-0.0583246775367766	0.0561897178241186	2
-0.00384809956951055	0.00213095078558209	2
-0.0297682042549724	0.0252761111579216	4
0.110280630617801	0.294556416250388	4
-0.0388151986283857	0.0668649790441027	4
-0.0925429634980174	0.0990638734080237	4
0.00988797122220459	0.0186226088980193	4
0.11494378568304	0.286819618349063	4
0.0726211009186611	0.095023910274867	4
-0.0795316972918128	0.164750651067807	84
-0.111711615579185	0.182233627821444	84
-0.074493226177393	0.128385494812297	84
0.0563056714150846	0.114520705216482	154
-0.122854981724078	0.330410117583852	84
0.0249365464541045	0.0570167707354205	84
-0.0478836294798613	0.0797960780383696	84
-0.0346803079729715	0.062002014957345	2
-0.117769250696329	0.300335995247462	2
0.0996246368569636	0.150032314628298	154
0.0948690276548108	0.261820258319503	154
0.016397282343135	0.0345429666529492	154
0.0922000331994618	0.219551526963608	154
0.0789027079601239	0.110714299370524	154
-0.0431259237351521	0.0416709568182468	154
-0.0353761994267117	0.0254547626706992	4
0.113807984785428	0.0964498906635563	4
-0.0383015600335701	0.0482621616790152	2
0.0497715472890362	0.0609733239154553	2
0.00836847724240967	0.00912992004087389	4
0.0931480736147957	0.213340027566963	4
-0.0106728414333934	0.0156056681675055	2
-0.0624382374840985	0.0563689518084585	2
0.0584817796057931	0.107443018740201	2
-0.0104520323604046	0.0186875166203958	2
-0.00892025348010917	0.012688613213215	2
0.0231932398824644	0.048275937211933	127
0.0665097428333887	0.172372828726628	127
-0.118582053173437	0.138973049075052	2
0.0676250778964181	0.0684845390923208	2
-0.0875332206712237	0.227610137897651	81
0.0189440655920393	0.0407892574304114	81
-0.111782807354548	0.262829788039628	81
0.0373773071484663	0.222705732118175	31
0.0211254823150769	0.102477686953313	31
-0.00121226291226448	0.00421991909607275	31
0.044310325935864	0.138603855663181	31
-0.00577486500689037	0.0160601284248172	31
0.0810679843225951	0.265485208518088	31
-0.0285606419072333	0.0863612618589392	31
0.0372998963528344	0.111389599540382	31
-0.037787324646163	0.106426912539317	31
-0.111945350276285	0.319611323065569	31
0.00587956655990851	0.0145968806039764	31
-0.0560602269846962	0.186646022120057	31
0.0365171969131526	0.0798433467600751	31
-0.0426581114743555	0.0412072772782865	10
0.00636936332843418	0.0117466403280661	10
-0.0690730017810542	0.158628040822091	10
0.0396294657208299	0.0789882993710436	10
-0.0412586881918073	0.0802406561909629	10
0.012161133166743	0.0227865202469937	10
-0.0729707159797133	0.171641527513431	10
0.0386884218084765	0.0823618828861327	10
0.029366953662542	0.0602691793022949	10
-0.067334027593327	0.169594381854699	10
-0.0716543277047843	0.165422645907642	2
0.0584357410230439	0.121850858324933	2
-0.110439425154646	0.254603058749125	2
-0.120496088318494	0.260802456940304	2
-0.100099500198802	0.174564785825156	2
0.0168701899464176	0.0294391496625771	2
0.0507990438788064	0.0951131511883705	2
0.055191851248615	0.102812837124386	2
-0.0683089807021078	0.117337849110818	2
-0.0263839110095224	0.0443324837062124	2
-0.0503609189832103	0.0923925847969725	2
0.0371993960812057	0.0722956463506595	2
0.0459827826908727	0.0868665546307495	2
-0.0225354695886949	0.0273557725185867	4
-0.0448012074170046	0.0406014527919647	4
0.043002263305215	0.0799242792664577	4
0.00209215809612597	0.00264016662758083	4
-0.100744839792758	0.159612242079322	4
-0.0132133781617732	0.0219336864376848	4
0.0191134699721972	0.0359217632344586	4
0.0991563310889296	0.16344372998718	4
-0.0786897054910668	0.135581295247929	84
0.0250813851496082	0.0325939009653731	154
0.0346899297726812	0.0532023956868969	84
0.0978140368603426	0.189900339341176	154
0.00883230492759732	0.0150211554095225	154
0.0171844658066176	0.0294725374297127	154
-0.0983273953916393	0.167873174891132	84
0.118522481303674	0.180512801714282	154
-0.0817196691670669	0.135523957432695	2
0.0307945460319069	0.0540409210297042	154
-0.055875286520621	0.113367037608573	154
0.0226442718550793	0.0432806157383661	154
-0.0149302950623352	0.0258016252943754	154
-0.0471841680855476	0.0594724692481056	154
0.0186948721505711	0.0167085810973144	4
0.0141825248345125	0.0164771130356077	2
0.112394441654245	0.138632750305953	2
-0.00967954227943412	0.0137780784488026	2
-0.0424345446723411	0.0761165398065545	2
0.0577035935977159	0.103130355380663	4
0.0744618449599066	0.129868592889618	2
0.000688022987242445	0.000983043576292369	2
-0.0203259049968001	0.0377673096821093	2
0.0137939807643604	0.0214596565463946	2
-0.0924769045764422	0.121198598719382	2
-0.0854825946413792	0.18263146420806	81
-0.106666252074632	0.221679488286326	81
-0.0845586539934444	0.137103067722152	2
-0.0781082285885805	0.116645464652388	2
0.0868347479310729	0.124468692614579	2
0.0712837357343743	0.541737194508176	31
0.0806272591728861	0.611060169617843	31
-0.0461197405951078	0.245108768178231	31
0.0890184867619284	0.400608915885284	31
0.022421595673233	0.0772674917205351	31
0.0418428586579995	0.152717470707341	31
0.0715788213205533	0.26252097067248	31
-0.0213083385854872	0.0645463921323349	31
-0.0234788203147469	0.0792305076431341	31
0.0396049508030538	0.143216634479691	31
0.0754211661314809	0.30329248899555	31
-0.0890274645581538	0.136915085780184	31
0.05893731686561	0.100439091475171	10
-0.0778587342430052	0.240097732109094	10
0.119771060404505	0.408828734074622	10
-0.0351269917963091	0.0932044860974821	10
0.103765442846797	0.296401656793948	10
0.0592750246854929	0.156078285241042	10
0.084345057174183	0.217895979151893	10
0.000122721240236482	0.000273195195426142	10
-0.0866493288790939	0.242262458498698	10
0.0678448534895714	0.20099745089239	10
0.0930841175126142	0.30083214741053	10
-0.0385033580190236	0.0901503360190118	10
0.00361228729686798	0.00834491147910592	10
-0.0428029124707778	0.111162881743327	10
-0.0317153275454529	0.0874074393178064	10
-0.0379047184016919	0.112622350402223	10
0.0251805968550167	0.0707875793412558	2
-0.0480156602879844	0.129196328559669	2
-0.0240748129178399	0.0601354327723078	2
-0.0377859277323882	0.0928233322325425	2
-0.0798621483242176	0.227304770199213	2
-0.0150820619555862	0.0324909608149338	2
0.114080483278727	0.302749791384265	2
-0.105196611542348	0.285216769189127	2
0.0204846096731833	0.0433330587344162	2
0.0262532303229435	0.0621740126375267	2
0.0140239480863799	0.0323888937638116	2
-0.0881896324575216	0.268856217179629	2
0.0191539584693771	0.0459480613101885	2
0.0347656901651926	0.0446564925719602	4
0.0363080206325596	0.0814391125664215	4
-0.0397891592716641	0.0961240868370979	4
0.0894867478791174	0.248951823894948	4
0.0685498148285105	0.123768420344607	4
0.0969924892604309	0.182855676217267	4
0.0837684235277096	0.207840620424825	4
-0.0221204297073068	0.0558642578448123	4
-0.043048597516069	0.111576550527938	4
0.0787134750268661	0.169349251108352	4
-0.107239266500915	0.22935281226688	84
-0.0383636672214365	0.0780959654262001	84
-0.0858499894158244	0.199669755007251	84
-0.0121759479933783	0.0206557619454905	154
-0.0790358476041269	0.147221920853118	154
0.0450510267095203	0.0809701953464655	154
-0.0637852403567471	0.143980308523155	84
0.00835218726066238	0.0164275473299689	84
-0.105190254014359	0.262223322218104	154
0.109654736795612	0.297852019394978	154
-0.0253184196531398	0.0502748861843163	154
-0.00906114109738919	0.0184540514728782	154
-0.103681963797089	0.264344525154757	2
-0.0284950438732824	0.0645315431913421	2
-0.0986223783231216	0.238456720110213	2
-0.00240255523142105	0.00558225660946861	154
0.0725761894641387	0.193990116121444	154
-0.0948370119606921	0.242767031077513	154
0.0805583412758572	0.218398591827557	154
-0.0365773072051138	0.0494002352442723	4
0.108229177349527	0.141135179095129	4
-0.122689281886766	0.205952956459922	2
-0.116341581278247	0.246524333499766	2
0.0108824114912068	0.0182372666827427	2
-0.0378937069677224	0.0664846236266518	2
-0.102852307791431	0.191223667780024	2
0.0633341765736978	0.129666869664206	4
0.034147765820384	0.0642599469911457	4
0.111865012354388	0.301007108873743	4
-0.0572987783189978	0.113289545532799	2
-0.0770494336649001	0.158873255187362	2
0.00117503336582656	0.00241332754027474	4
-0.00251571429479335	0.00501747100393035	4
-0.0762948732105201	0.128677197270872	2
-0.0374080099958629	0.0620204795237677	2
0.0359090979817685	0.079445976663401	2
-0.0873209764599677	0.216532930098137	2
0.0317873951361691	0.0751465655023654	127
-0.0323048678184553	0.0765403648238311	2
0.0166126932592044	0.0315433994507804	2
0.0255245559573176	0.0548066555945024	2
-0.0498331018958049	0.103585340817241	2
-0.0324613298219341	0.0638849732450198	2
0.0398400121803252	0.0673231247052574	2
-0.00598010582665582	0.00697753992118238	2
0.0302835608555356	0.0679027225137853	81
-0.0197909856368362	0.0436970899786536	81
0.119452331166479	0.289600191763257	81
-0.0773870985768942	0.176579119537143	2
0.0270324346163842	0.0496915899317526	2
0.10680629789303	0.945462670930196	31
0.100277746567592	0.814904969160642	31
0.107832233158263	0.660789544448328	31
0.0188876001908371	0.0754207852922288	31
0.0706386795999774	0.326272946613494	31
0.0951798732909744	0.448230749039288	31
0.0182202223584872	0.0559697935017917	31
-0.00253684947726161	0.00718575469603788	31
0.0314292850164422	0.0990020109297525	31
-0.0469752393347431	0.15990254026193	31
0.0708768690058563	0.266120212865245	31
0.013016721250538	0.041024227698918	31
0.0160346821877113	0.050208509560066	31
-0.109257802177578	0.431202286144338	31
0.0383717224326664	0.073542588234002	31
0.0152434337586087	0.0274295650807106	10
-0.0895551086258746	0.22853107520882	10
-0.116994098556766	0.393104246488077	10
-0.118293452441312	0.332258505311083	10
-0.0347037973310996	0.0859842774567041	10
0.0612047234508076	0.16357561370007	10
-0.10388409911168	0.298568476139738	10
0.0507910611896673	0.132972664195193	10
0.0351376204959432	0.0818247160576062	10
0.00104236779572022	0.00241781154373443	10
-0.0881230542447518	0.25289459561448	10
-0.027707830190358	0.0738914051493738	10
-0.0276081093195067	0.0778824487142751	133
-0.104209551065116	0.288360048807852	2
-0.0190743473777476	0.0416894579604515	2
-0.0320868466526072	0.0721394833468837	2
-0.0808606517924552	0.229069174779233	2
-0.0346168870228617	0.0892695978565484	2
0.0273430456226478	0.0707507133747844	2
-0.0158098828672137	0.039087159891115	2
0.0242240328943893	0.0609043912943208	2
0.0950185486931835	0.24096653830331	2
-0.0775868472638588	0.197790360456843	2
-0.0275426288762056	0.0632611465555935	2
0.0893053306999562	0.241945892914959	2
0.0273940506261885	0.06436834180006	2
-0.0445930897719072	0.119525298267159	2
0.0841829001304007	0.194602307665615	4
0.103636006086185	0.218272635393109	4
0.00287298126142419	0.00400298191626158	4
-0.106769159536464	0.183157881523167	4
0.0863617119640352	0.142334791469215	4
-0.0243130925064459	0.0430870188704582	4
0.0444820482635164	0.0984323279734615	4
-0.0654188965666859	0.151848879317265	4
-0.0139055003344756	0.0269017114899938	4
0.0654745546270271	0.151772306931354	4
0.0785683456240385	0.192716760141276	4
-0.112945577790408	0.280259590608941	4
-0.0216865034653268	0.054512968670256	4
-0.105092307938475	0.228119348828406	84
0.00806838433003028	0.0155774717671904	84
-0.0165722502548812	0.0347037844190117	84
-0.00139092579768036	0.00297864536779791	84
-0.053992731338091	0.129868692822812	84
0.091020802993161	0.21529983445058	84
0.0661889854409364	0.130272459401231	154
0.00212270482794037	0.00345985209264003	154
0.087330054870853	0.199042219099817	154
-0.111024493407592	0.237712100130754	154
0.0626238926312018	0.127450909422478	154
0.0720444174399926	0.148998556021211	154
0.098896035892482	0.220367983903311	154
-0.100725582797544	0.240640094225272	154
0.124840976661956	0.292304647579067	154
-0.0670833405517476	0.15183347113663	2
0.0316773936056491	0.0643872811573734	154
-0.0121482576467872	0.029409439059905	2
0.0468316553313591	0.110566787058573	154
-0.119857867975388	0.274807043690771	154
0.092023071702039	0.249641013850807	154
0.0813780215739037	0.181564470883296	2
-0.109974111604695	0.178901060054772	2
-0.0579933059202672	0.0882032403409741	2
-0.0542894439379333	0.0827892333158608	2
-0.0250798746931487	0.0420492269350162	2
-0.0993675253288848	0.217186738212699	2
0.00627195856630801	0.0103647655322532	2
0.00857331196975304	0.016875537359863	4
-0.0948979466572062	0.204282602850546	2
0.0410211656175245	0.0893779261970961	4
-0.119049245588047	0.336833778559305	4
0.014888945105133	0.0330220531511196	4
-0.010258688121766	0.0180439108202103	2
0.0620603511680258	0.123401630572908	2
-0.0386791719055104	0.0924504346351565	2
0.0384385250079545	0.0891371561556754	2
0.0459479837419753	0.100201453906023	2
0.0310076152924348	0.0696355245133515	2
0.0439811583418315	0.0694600510223618	2
-0.0918495972774974	0.182874603351926	2
0.0763037280670476	0.149059428306472	127
-0.105693355574952	0.259688155366344	2
0.0850470758034298	0.240449031959817	2
0.111266560854495	0.311106104507825	2
0.00592586332752975	0.0117952641946838	2
-0.10463092858817	0.21971149552038	2
-0.124287407693537	0.224016632241686	2
-0.0569180213024935	0.106453763988983	81
0.0863482136784876	0.178966505801637	81
-0.0313938014992604	0.0648237606052888	81
0.0404672736519551	0.100040430639583	81
-0.0631195695993847	0.142283185192852	2
-0.0363383355152352	0.0846717371501156	2
0.0527696736082979	0.124064654028062	2
-0.0244433114458646	0.0463065174961049	2
-0.11392667153872	0.186422789126434	2
0.0766113456721751	0.586049637992763	31
0.0975457959545784	0.675189394177666	31
0.0520032191638787	0.2300767266542	31
0.0722348530846932	0.322019720379783	31
0.110954580572198	0.480019131143587	31
-0.0255545563363232	0.0783254537239084	31
-0.0300443343531091	0.0921664676601073	31
-0.070249867722101	0.246623655221895	31
0.0503177736986731	0.170071578932733	31
-0.0333569045037218	0.103489418700667	31
0.0927352938506145	0.363062202002067	31
-0.0636209646023639	0.231060469267153	31
0.107557071242887	0.42067264732409	31
-0.0657880495358349	0.132502084290706	31
0.0537605376313274	0.110554933812797	31
0.020186546503276	0.0137274515054882	10
-0.0656531413975736	0.12413663349716	10
-0.0746468966757936	0.201740840047155	10
-0.0746111235898293	0.187187953237071	10
0.0905486327199069	0.227580470607358	10
-0.0424923501196577	0.107466278102375	10
-0.00724467671914408	0.0168145608609819	10
-0.0798984446471189	0.221975228147336	10
0.0101009823934851	0.0236314062865422	10
-0.124708113215046	0.362536802137957	10
0.113073145057463	0.339443132689548	10
0.0150848315950694	0.0390441658385743	10
-0.116982824115109	0.394286239722522	2
0.0185247933024069	0.0411096830636807	2
-0.0804853681158321	0.188812513962082	2
-0.0361996834600241	0.0794945027086777	2
0.0199452082617325	0.0464036903232659	2
-0.0601713998409484	0.154242762117004	2
0.044239112778936	0.110722960409194	2
0.0700138237191437	0.176383436133326	2
0.113496347325335	0.281063231244485	2
-0.0267824610176841	0.0584413289135429	2
-0.0116696858354636	0.0253165872181706	2
0.0311649192003293	0.0702879565401452	2
-0.0325571365128404	0.084402930285797	2
-0.040801799595548	0.0618947382442523	4
0.0916768030234301	0.257239462518728	4
0.0128046582748382	0.0256487029372325	4
0.0522705603444219	0.120178672023882	4
-0.0457956457904573	0.0962921729877504	4
0.0316441720473087	0.0602433977253402	4
0.122297351423778	0.313899135350293	4
0.0821092904962088	0.191054117199965	4
-0.072710752296805	0.153835345504561	84
-0.0944203792075913	0.178260323306971	84
0.0923059477754322	0.175335611964081	84
-0.0325936201227755	0.0628873827948135	84
0.0568189856733202	0.113770495262955	84
0.0433376380767944	0.0935902373225946	84
-0.0290548725255333	0.0602048588728061	84
-0.021750695716099	0.0390292780592212	84
0.0970712996961765	0.170899446909202	154
-0.0680715854657815	0.124091288209545	154
-0.00583768617014549	0.00911143968418916	154
0.0254437888831558	0.0456014457561649	154
0.00832744722450024	0.0151854621060451	154
0.0602581956112356	0.136402083679726	154
-0.0129686111785417	0.0246851251130505	154
0.0646194155460032	0.135541162918137	154
-0.0389201090188564	0.0848448693773628	2
-0.0207104300810968	0.0413136378548162	154
0.119594791519668	0.337101276734498	154
0.0864416389310984	0.170569188021411	2
-0.103562155490941	0.17682968969892	2
-0.0426331949985409	0.0648441054661835	2
0.0289389241365917	0.0480819849808514	2
-0.00694229005722622	0.0106264772877422	2
-0.00354399477860283	0.00564719610186032	2
-0.0164089961624499	0.0294305906533804	2
0.01390816817225	0.0262719731062741	4
0.0907138403281979	0.191592169152119	4
-0.00702756864646456	0.0136509972263122	4
-0.0927356418766233	0.220133732439833	2
0.000511699750549464	0.00103475650287929	2
0.0531691345506314	0.12926654628219	2
0.0734305203741068	0.119002635148283	2
0.0854247844262851	0.172546037696944	2
0.108716713475097	0.213204044869437	2
-0.0925178307079579	0.167503977777005	2
0.0817549367892426	0.149604251870151	127
-0.0721077289085298	0.139032604391032	2
0.103970742709446	0.243855203055828	2
0.0402767310953859	0.0844630020824198	2
-0.0914679842827971	0.158547861607761	2
0.0153198109280622	0.0260288044761691	2
0.0702763568303489	0.140908605735759	81
-0.0700328514422292	0.130025689165949	81
0.0682487888769376	0.164883040051269	81
-0.0202105479774051	0.0387174954217475	2
-0.0999687323484718	0.238583242474634	2
0.0918910696992142	0.134044858150339	2
0.0834816625410054	0.653407351641217	31
0.053794698803948	0.351557957800198	31
0.0614760016775592	0.390683685328944	31
0.0276486369784987	0.124352935801451	31
-0.0181601650337712	0.0562182158897968	31
0.0534661187853265	0.167991952613789	31
0.00616199804133102	0.0170811079703689	31
-0.0243707546131735	0.0708120474405421	31
0.123541481756947	0.544726430346791	31
0.0872401819636447	0.29799299941744	31
-0.0601267222132398	0.195773554989297	31
0.0637891830828998	0.208032451689813	31
0.106817160343288	0.451836236235097	31
-0.0807936940373082	0.232116870531661	31
0.0182633272026556	0.0493329023679869	31
-0.0366111017251639	0.0836120752141424	10
0.00576753438341174	0.0124891586180576	10
-0.0533165712125748	0.154701542288992	10
-0.0246430786847794	0.056149850139096	10
-0.117265725823108	0.282515104265176	10
0.0730275762481774	0.151344661483994	133
0.0418561205775744	0.0953933509801257	133
0.0652989305665356	0.137148193279769	133
0.118793956779053	0.292361412991221	10
0.0315464496906262	0.0622360852414492	10
-0.0694579726112727	0.146743482857772	10
0.118573844808016	0.291758190623546	10
0.0387719749999888	0.0727693125042506	10
0.0694111209196471	0.157614083738146	10
-0.058320046994106	0.130675730979376	10
0.00359989929060529	0.00894293279753567	10
0.104039116246701	0.311619877194015	133
0.115359610075417	0.309547494674972	133
0.00110587338998397	0.00167741336452233	2
0.0763103269992178	0.156371708241252	2
-0.103444486307744	0.230792608096339	2
-0.0240888687347402	0.050433898984346	2
0.00097244454254548	0.00198850466223553	2
-0.0924824292416434	0.195639438635158	2
-0.00203088993991664	0.00366069665879976	2
0.0409349582015345	0.0788451885288609	2
0.0134253603290995	0.0299038453871519	2
-0.0962943334798251	0.247279710824749	2
0.0565177811495174	0.0871521528826322	4
-0.109997750552897	0.19691985522623	4
-0.0680040831812879	0.123963081597171	4
0.0245285305552584	0.0547420674856278	4
0.0189489531803178	0.0325991500113668	4
0.110991659245521	0.252490324424393	4
-0.0896897335990312	0.210166125478221	4
0.00819363836267643	0.0155998727253884	84
-0.114415363978149	0.261085098557291	84
-0.0748012838428855	0.148897501472847	84
-0.0424695952315107	0.0746975752305868	84
-0.0668784376294687	0.137283706691766	84
-0.0278337567571223	0.0528259839367863	84
-0.0284437562235588	0.0395560742649772	154
-0.124149290048563	0.255721950630732	154
0.0510042651636132	0.0913890779495226	154
0.00579317937760751	0.00788370560488313	154
-0.066944412802194	0.11473461475028	2
-0.121089711525722	0.213082771312864	2
-0.0555582409825788	0.0946735108853626	154
-0.0542910073671221	0.0804620171211012	154
0.103514369960942	0.241457137519871	154
0.0918569532621551	0.228199393476798	154
-0.112006591195415	0.228854698373181	2
0.0441480475900778	0.0751517452282147	2
-0.0562014085918127	0.103620851396599	2
0.0748675638176473	0.122570823216638	2
-0.0887075631670979	0.163312254827193	2
0.0115288324212606	0.017737067207229	2
-0.0119269751070407	0.0194781797034232	2
-0.118979875568462	0.268955999058703	2
-0.0535288782218306	0.108626825680869	2
-0.00443435451252499	0.00864840615889272	4
-0.0461219055299077	0.0603202930704071	2
-0.0641025739651754	0.130905532644992	4
0.0649774235505365	0.127609308900849	4
-0.0702093227778937	0.163879583094866	2
-0.0438978054383493	0.0885908869523599	2
0.101233030597866	0.249967247499021	2
-0.044918380976138	0.0946802371867873	2
-0.0930511988807887	0.122011544240978	2
0.0900684596327273	0.13111344743759	2
-0.0534808358201382	0.118377251149249	2
0.00923053626287798	0.0168604199672808	2
0.0523564166653336	0.102903539457536	81
0.0270291983954756	0.0567285768188584	81
-0.0948239061511793	0.204091259702602	81
0.0646776560262324	0.144161621040361	2
-0.0337892333280577	0.0750452086566091	2
0.0442979205512303	0.0635178961577647	2
0.0661694201817329	0.493949036842342	31
0.000329673362366901	0.00168084190061819	31
0.0680056897343816	0.425637296683949	31
0.0515039634694022	0.192626435475348	31
0.10352758783792	0.41136979759492	31
-0.124464647914998	0.528278075882084	31
-0.00644898592026229	0.0198026923871615	31
-0.030382160609085	0.0951708417698219	31
0.106637466735597	0.426487402803318	31
0.0199999596810828	0.0710954108700086	31
0.114052240173259	0.449164636652588	31
0.0363515391843176	0.110107321809446	31
-0.0948307101961986	0.239280330338354	10
-0.071708625198558	0.243742939733019	10
-0.0163148802760947	0.0383436357437987	10
0.119313223312709	0.433495506172765	10
0.112389511508197	0.452754387297976	10
-0.114785718309706	0.292232987711521	133
0.0921518420864129	0.282449390324139	133
-0.0935229845493933	0.239745802560991	133
-0.028288789289708	0.0617177373371827	10
-0.0965781465551554	0.26239893074154	10
-0.00394265201200505	0.0083625679722362	10
0.0836770660019164	0.20842688880285	10
-0.0554764188660049	0.117428467429102	10
-0.01378529705717	0.0225787028642181	10
0.0890829012013839	0.242152630726424	133
0.107247609729426	0.356750867021469	133
0.0968191681418127	0.28077625058117	133
0.109897345934856	0.223511434820883	133
-0.0846618488295781	0.161669223493901	2
-0.068810056950211	0.181134711841224	2
-0.0950653787907674	0.225682647462963	2
0.0049661007977618	0.00996232880021129	2
-0.0308712287169691	0.0731160176172124	2
0.0886968462076691	0.207873994609168	4
-0.0791539216140831	0.254819001591512	2
-0.114886430857576	0.386980537216194	2
0.010895792261703	0.0260643412382046	4
0.107455123149216	0.301781304737624	4
-0.0835132815684218	0.199230755197628	4
-0.0123756850909609	0.0281076458796688	4
0.0555133760842328	0.147727252382713	4
0.0868560442668294	0.201864583112284	4
0.096251701769973	0.246876079684287	4
0.0887588325342489	0.266076605022088	4
0.0705206553883164	0.203907117491427	4
0.100361223908267	0.282500495631302	4
-0.123440627450686	0.240378995462486	84
0.0181064960716339	0.0316617443367202	84
-0.0763595319613303	0.192289894735721	84
0.124904829197676	0.224785941170202	154
-0.105329975039527	0.203138860379768	154
0.089120330431983	0.182259379668998	154
0.0605584498737857	0.106484600771068	154
0.114560393200637	0.244078661046691	154
-0.0984297414802258	0.263953686958732	154
0.0356903178692595	0.0702495968004261	154
0.0139447740343099	0.0258262616987263	154
0.0209245276167226	0.0428016418715407	154
0.0211479742992921	0.0351589326766093	154
-0.0717029176802497	0.133485773663833	2
-0.0147319441883293	0.0209852317581397	154
0.000833574590435284	0.00108229959872894	154
-0.0755475703178558	0.225197997345027	2
-0.0460635934798947	0.122897399267678	2
0.0154520238811558	0.0379082208398193	2
-0.0441205426532177	0.106114512721734	2
0.0215206620081522	0.048646937688197	2
-0.0450500540596454	0.104676991019264	2
-0.0324898625581371	0.0656263861578153	2
-0.0823815726056799	0.186082456190364	2
-0.0804132857066493	0.163892637692028	2
-0.0562720719193018	0.130861632145407	2
0.113532672381542	0.219430549568569	4
-0.052216774523031	0.0706721608447543	2
0.0292522161882085	0.0648937711505762	2
0.0520983316679075	0.133157275037256	2
-0.0893679327139698	0.278726569180687	2
-0.0895946249167568	0.203307901775654	2
-0.0389366983345911	0.0901869059127049	2
0.0908225266023092	0.167235856266429	92
0.00894896005389812	0.011517034784263	92
0.00174258868468312	0.00219957806458904	92
0.107182522821228	0.240826337937485	2
-0.00199557348221627	0.00476765806945509	2
0.00651816793638398	0.0157944820713615	2
-0.111138109716303	0.245764978748641	2
-0.109427588798651	0.316208056011518	2
0.0352736956679534	0.086470212182753	81
-0.0506093728625869	0.123766296188729	2
-0.0908172908105418	0.189103615648464	2
0.0703831515064552	0.195192099902415	2
0.0123690496001035	0.0216607613897245	2
0.00867675519797358	0.013855606413602	2
0.0729675123430147	0.564026861594841	31
0.0378065674600561	0.224203252424166	31
-0.070012935434148	0.269364053015718	31
-0.0121448633435154	0.0363281137693285	31
0.0380571108153762	0.131039606154063	31
0.116528909068457	0.585831623891056	31
-0.0492843438706562	0.194683738030132	31
0.115027278079671	0.449959567229613	31
-0.0401619945898225	0.124631211604202	31
-0.0347416552301717	0.105583500469676	31
0.0620978856125031	0.270225991747993	31
0.110771412142545	0.475547896807844	31
-0.0387271073879612	0.148947079722772	31
-0.0805114198294579	0.304731910823536	31
0.055704125060157	0.189211088995703	10
0.0297110683946728	0.0713765112564379	10
0.101897196255285	0.38105890584844	10
0.0869848202423691	0.342266625014223	10
-0.046303755836404	0.109262955505487	10
0.105639319930944	0.230082325815249	133
-0.0633753683004106	0.166300989446692	133
-0.0753932304481031	0.154934553750788	10
0.0209897423381786	0.0397950670495076	10
0.0140934717411085	0.0306258661658845	10
0.0058056541466935	0.0104833653136568	10
0.0457362893690689	0.0785762517787105	10
-0.0938917488983772	0.305243052661213	133
-0.107255276114831	0.202793502940111	133
0.0415722768513596	0.100807044494485	2
-0.0229073329065462	0.0478515421901368	2
-0.00426991423440817	0.0116607926999335	2
0.0395222094657997	0.108217221610292	2
0.075146692700263	0.17752401697646	2
-0.0173171423578803	0.0266409777392125	2
0.0916018034552463	0.203717187104682	2
-0.0233500831442601	0.0476901493699637	2
-0.121262366014804	0.328459554119387	2
0.0586319227771885	0.117823200875295	4
0.0281521931431769	0.0777216200618088	4
0.100198184090061	0.287266738367704	4
-0.103011001369586	0.327364834038899	2
-0.00520333488176094	0.0133459190140564	4
0.00231408641779654	0.00329905512022949	4
0.0394728356204873	0.0857189521291768	4
-0.0280100276937106	0.0655826239738517	4
0.00911237922155989	0.0214573208231821	4
0.0475337858847017	0.141134882807375	4
0.000908205031401649	0.00179316496410601	4
0.0475745794961727	0.0491513221923838	4
0.0806890166835915	0.138802695531923	4
-0.0408995098673706	0.0772461191415209	84
0.016150725539	0.018043098522555	84
-0.0837023193275536	0.153757666831888	154
-0.0919118667586797	0.197769848831212	154
0.106018519012833	0.205519668257167	154
0.0429639874054723	0.0515310678126215	154
-0.0381725609919208	0.0480871688088203	2
-0.0541079398837673	0.0631802677983323	2
-0.0626493587385502	0.122307587419288	154
0.0676175532814774	0.149352751596457	154
0.0755197655100884	0.123785864552514	154
0.0485883331202342	0.07538534383204	154
0.0312020124683575	0.0666316533779806	154
0.0535356384062338	0.0694410016449632	154
-0.112572138645746	0.142594554049778	154
-0.0548624144791669	0.117767274750144	2
0.0000648802322230234	0.000163016381855817	2
0.0576513860545157	0.16293018231192	2
0.00697916878965183	0.0178535501115012	2
-0.00176447747717791	0.00409392666044183	2
0.0773350732323897	0.207376429565791	2
-0.0740985099087663	0.202135524671468	2
-0.0401991668828844	0.0817772191280873	2
-0.00588450333835146	0.0113227720007056	2
-0.107362133252764	0.298038265718464	2
-0.0731115072108308	0.123557779418996	2
0.0216900592778899	0.0267626398763058	2
0.0448181786116136	0.133478412635062	2
0.119749422368997	0.387995213887589	2
0.110068731589953	0.390428187085963	2
-0.0927300010151291	0.222510481080137	2
0.00452899113791584	0.00727099835398977	2
0.0552058791611872	0.102833679828797	2
-0.0898821666200664	0.224121553557583	2
-0.0219497642782829	0.033812806713391	2
-0.0793954486423535	0.151151807238799	2
0.0764249637809379	0.0854242473429695	92
-0.0845115971555361	0.11102331777609	2
0.00825229643033936	0.0145019944247691	2
0.0504538180778895	0.149871209687597	2
-0.114153009892461	0.268313847437763	2
0.106020669941663	0.354885420749168	2
-0.0269043283420111	0.073708571386416	2
0.06839344981718	0.217662284623573	2
0.118416581039583	0.180328456902447	2
0.0872978372814018	0.100253484823585	2
-0.0114522976966972	0.0248347047649588	2
0.0781643837106812	0.129616817740992	2
-0.0823551952768251	0.154309558922908	2
0.0726773732319059	0.132987664159555	2
0.0517319901843959	0.352485695840043	31
-0.0556243335353144	0.352461393720229	31
0.0212473266393963	0.101717704701302	31
0.086773730862844	0.543542658617789	31
0.0276135393779566	0.143115529774007	31
0.037260955676568	0.19968200245939	31
0.00719870119488962	0.0327784381965868	31
0.0459456638043585	0.214553519687202	31
0.0133935740111179	0.0558669608591223	31
0.122668910271604	0.783318679751102	31
0.0568429727188063	0.185884454146229	31
0.0111245174789496	0.0310059560225375	31
0.000741020107629702	0.00172838746534011	10
-0.0149967998346151	0.0367840180398357	10
0.0301051169441979	0.0891897736384079	10
0.0778371308587876	0.253400854498727	10
-0.0338239181083799	0.0857681981123511	10
-0.121623872096295	0.352596758886051	10
-0.00362835093716871	0.00760217145967689	133
0.0432720133232425	0.102201896742727	133
-0.103374446991095	0.288116867497437	10
-0.0137709199199874	0.0302743070602164	10
0.0535457605949894	0.130250028590559	10
0.0815105022905476	0.197592003821708	10
-0.121518271507777	0.314236138384575	10
-0.0422072944084136	0.0956979686813912	10
-0.0000768550894199111	0.000132606955106091	10
-0.121700215220852	0.338200322113383	10
-0.0754131498138903	0.205743773352899	133
-0.0915264978992841	0.248941838597946	133
0.0663798649169629	0.137434121224639	133
0.00371829779016536	0.00623462677842992	133
-0.0751663276792304	0.191302159922898	2
0.00471727218210632	0.0110789053680447	2
-0.0462357370017879	0.0846406532623396	2
0.0558168865844276	0.104087818556239	2
-0.0839720252563788	0.176701342588274	2
-0.123209614776876	0.298839775389265	2
-0.122370147452708	0.309940285716581	2
-0.013420138207086	0.0327863872499438	2
-0.0216764536932077	0.049752665090681	2
0.00714939590164098	0.0151809454862039	2
-0.0266930059348195	0.0411647985596882	2
-0.0137312295162885	0.0254017889317468	2
-0.0164094897719356	0.0294320761815661	2
0.00894359304306425	0.0176185322540851	4
-0.0639695324486997	0.145897503699742	2
0.0551420792060993	0.133487009673726	4
-0.0206835046290249	0.0425889873862353	4
0.0677891897196759	0.146785327137471	4
0.0385144407378051	0.0834591038761256	4
-0.0103299452302386	0.021890663600194	4
-0.0387707293753601	0.0753807335675857	4
-0.0585092602792423	0.115382370430332	84
-0.0594902020278166	0.117533374572087	84
0.0736804766987754	0.145975277074457	154
-0.0536900377308008	0.0897547529845262	84
0.0069739593157067	0.00924002645004607	84
0.0970630894419562	0.170920207007068	154
0.116962069007976	0.213482066515826	154
-0.113965954632867	0.264454629588781	154
-0.0138980819560366	0.0230986494899016	154
0.070004867093385	0.120337845299905	154
0.0753713067595686	0.12351657334451	154
0.123281201150223	0.211714661394183	154
-0.112225247085771	0.217498734988059	2
0.0869591650760589	0.1897856470366	154
-0.00788748266252779	0.0128528948902612	2
-0.0780520355620791	0.156339716218752	2
-0.0483399259340997	0.087143742579343	2
0.0075426536266058	0.0155893785509236	154
-0.0217733947731914	0.0342956652278145	154
0.061723093885135	0.12050541318751	154
0.0817251545229702	0.229354062170734	2
0.0862081850378877	0.187871837603043	2
-0.111534127432333	0.265235133424784	2
-0.0968466530341283	0.2092223540313	2
-0.0255951445641659	0.0448274816765496	2
-0.0493114555026372	0.108629414185036	2
-0.0268514256799131	0.0633764662193822	2
-0.0724661944152807	0.15578762314229	2
-0.0816565933003366	0.192039172476283	2
-0.109595926991417	0.280346252611173	2
0.0891171924396915	0.222362857914915	2
-0.0419429647923861	0.0843291174927058	2
0.000836652854009307	0.0015956392877671	2
-0.0795618672660759	0.172584665282632	2
0.0700455811152633	0.103862087092054	92
0.0671776262786787	0.107004488134505	92
0.0870652130464787	0.162902567241541	2
-0.0757615526257407	0.173022613423682	2
-0.0377437816321047	0.0874709440938238	2
0.116896887055577	0.228714006789636	335
-0.0970849503339438	0.225054462278735	2
-0.054169539157124	0.0961312110294321	2
-0.0147576681051414	0.0320420137535251	2
-0.0024721808845258	0.00511784990447352	2
0.0537734166742528	0.133413787895695	2
-0.00954703403485187	0.0170509073944055	2
-0.0875738666766844	0.215111087671273	2
0.0677565117454344	0.508398301344155	31
0.0497155007015906	0.331110859482064	31
0.0368904717671701	0.221923559257653	31
0.0967701992719388	0.758787973580903	31
0.0876675737218802	0.622290678472367	31
-0.0298677763456704	0.159349883445345	31
0.0191577050173012	0.097370215352247	31
0.0960713420801035	0.670676900519307	31
0.088154431692756	0.52986589988081	31
0.00269367794796832	0.00487906231148178	31
0.00597507404557693	0.00790915065899238	31
0.0065209645044393	0.00740402872355384	31
0.0152065924874012	0.0269148908335028	10
0.0267842365301936	0.0579146872071213	10
-0.0312441407359139	0.098328014168856	10
-0.109816045730213	0.407965872257854	10
0.067373130000162	0.210731662642182	133
0.0968820270834866	0.293309799343343	133
0.103645989003769	0.337722898497406	133
-0.0740120135694279	0.230968343062584	10
0.00362569693450133	0.00955992306011808	10
-0.0223759006863099	0.0640269397166215	10
-0.0469061654625893	0.119230421243271	10
0.000652918732276231	0.00161195313363273	10
0.0587465146843261	0.172138959826732	133
0.064535585728838	0.19958061489799	133
0.103469392152621	0.367052779993272	133
0.00306693710150557	0.00640325276704336	133
0.117282594736014	0.304081213310564	133
0.0678141624035321	0.174200614617605	133
0.0705281641969793	0.198653473945078	133
-0.0126484231287344	0.031575458088871	133
0.0545435249328702	0.148456491499789	133
-0.0278436903507057	0.0591350125905152	133
-0.064193445029473	0.114513536257142	2
-0.0207286579799541	0.0339981869362093	2
-0.0997184534908061	0.201822619753097	2
-0.0814368830592598	0.165355822791454	2
-0.0265391238719764	0.0463685917868649	2
-0.123991933302832	0.272357610132389	2
-0.00303123129896864	0.00581467275758321	2
-0.0235535152352096	0.0553144191758027	2
-0.0758448838095504	0.170612046191655	2
0.06529052782468	0.171228628631311	2
-0.0277724366388159	0.0418812726013211	2
-0.0259073766318162	0.0408260954614897	2
-0.117673484723375	0.187453354956453	2
0.0856853110553517	0.139975490630533	2
-0.0563655409583859	0.0837813883373984	2
0.0960258545012077	0.264758257311262	4
-0.0527719075000259	0.130290912717012	2
0.0233822212628837	0.0503983211487884	2
0.0234989465650088	0.0337031082219653	2
-0.0327286219456574	0.0552842696185031	4
0.0640824444538586	0.110894611099266	4
0.0599544371073168	0.0831830359205152	4
-0.0817970450701188	0.179454749244569	84
-0.0974871608076858	0.27112281501848	84
-0.115746247807884	0.34942734715338	84
0.0744008072631947	0.157992115582325	84
0.047102514600105	0.0854728821347915	154
-0.0756046339484965	0.143830068123641	84
-0.0185249425601014	0.033354342058359	84
-0.0131685158124115	0.0231905824818765	154
-0.0289088759079378	0.0514025909286963	2
-0.0113739685298493	0.018557787719259	154
-0.046040852786661	0.0929088124924635	154
-0.0310203955581806	0.0636440096774106	154
0.0218478079988914	0.0515494416903741	154
-0.089291453506369	0.208150733479473	2
0.0459364004118019	0.100567071130382	2
-0.0179724240677638	0.0383711132679757	2
0.0655732551646054	0.129624977102425	154
0.107597498889358	0.26626327838319	154
-0.0229381384208074	0.0562903624128072	154
0.0474175411771939	0.116059644264283	154
-0.0231916466911727	0.0491166044278072	2
-0.0911230291737929	0.232401712758978	2
0.0541877144423072	0.126146909347225	2
-0.0246701331695203	0.0276283870606354	2
-0.0711093969602196	0.0966224725716213	2
0.0531085816008311	0.0688436500565357	2
0.00629950571588774	0.00834048037260349	2
-0.0191246494388491	0.0387160189186917	2
0.00327229678031619	0.00712712569725383	2
0.124208600961245	0.283801400799059	2
0.0860271539533742	0.172894388407961	2
0.0985130818846272	0.198119744846184	2
-0.108810598533314	0.225692205736783	2
0.0160521939193135	0.026805590548074	2
0.0118491181013157	0.0277489274405322	2
0.0504615475213406	0.112041981567157	2
-0.00705240935370277	0.0114795752767806	2
0.00285980721109513	0.00579997185985524	92
0.00393267534419045	0.00927412322768101	2
-0.0877725005974528	0.245257916222338	2
-0.0438619618420948	0.10747699323431	2
0.10335092159466	0.172877176145228	335
-0.0226812820074827	0.0305920430983443	335
0.105196670741234	0.176400155715993	335
-0.0645121840362793	0.08456807171315	2
-0.036416026480663	0.052335227331412	2
0.0347903762025831	0.0683508514712275	2
0.0789728946484918	0.263423237787635	2
-0.105014446860068	0.362142807354584	2
-0.041694966574364	0.0850838530944394	2
-0.0965356387329105	0.204687323599315	2
0.0637073528182159	0.143813220472325	2
-0.00701848603519768	0.0112001944324769	2
0.0657358238488984	0.123826025444068	2
0.0785527719618052	0.621431000899591	31
0.0302776373430751	0.182833530809231	31
0.0399253845482676	0.245269546687321	31
0.0896180929976928	0.667872694485714	31
0.0687235019808817	0.447942217563979	31
0.11520973506176	0.885682472571223	31
0.0453521106902468	0.255749700823226	31
0.0141706101238445	0.0669470774432082	31
0.0797020413923997	0.444897374978197	31
0.073270148599587	0.294407196398234	31
0.023967580354773	0.0445215942040689	31
0.0845943132429416	0.170627021205943	31
-0.108893639956454	0.0840260616952507	10
-0.0986377916042732	0.179123225650759	10
0.0811155147318798	0.144006084387896	10
-0.0661635367085146	0.137910479349625	10
0.0935530916355813	0.327298320924848	10
0.0509139321129133	0.158612143603178	133
0.103836024989927	0.362124028550296	133
-0.0148579541131896	0.0384248858497357	10
-0.0176802425280616	0.0470530751029328	10
0.0754796115456312	0.244592392117402	133
0.0155649639961696	0.0441938573258349	10
-0.024593819881591	0.0689774055361402	10
-0.0667629955178861	0.187782533709494	10
0.0114565205300021	0.030278329469404	10
0.0532628593668742	0.151515223123393	133
-0.0860551850670019	0.278958859284693	133
0.104279842239638	0.338613998552561	133
0.0660031242643914	0.146829053981005	133
0.107336649860831	0.276079243844592	133
0.091112921309205	0.210183383988298	133
0.0261027457839844	0.0410865176526178	2
-0.0804239187891654	0.158719428612109	2
0.0713254661150216	0.150552560994173	2
-0.0808956193873759	0.202231158115904	2
-0.1176121458275	0.261729581434753	2
-0.00644738843765275	0.0143272137937477	2
-0.11802687628473	0.192468077788859	2
-0.00314979034635134	0.0043550013476719	2
-0.0680059867053166	0.173692704650548	2
0.0346667265828984	0.0794141605427387	2
-0.0943583356137659	0.227198514342388	2
-0.123418752197991	0.207390822603586	2
0.0653602291928383	0.10649077640881	4
-0.0166852920564342	0.0250601097862772	4
-0.0950096212327729	0.258174078246558	84
0.0226009889973074	0.0459721636969549	84
0.0080031004050489	0.0162208262109203	84
-0.11251849525962	0.274494314209507	84
-0.0706413539399055	0.147088492083413	84
-0.0187044531302111	0.0340950034130317	84
0.0589153786151904	0.135428651697175	154
-0.0698880710720961	0.127791762144461	2
0.0164929202102534	0.0282506476960663	2
0.0176456473665045	0.0241866697124846	154
0.0925780922187025	0.206277578837892	154
0.118330958364261	0.352404870264331	154
0.0279921491817443	0.0687925190815867	2
0.119898841037942	0.290906694168453	154
-0.0908733699853714	0.221491285433515	2
-0.0287957903377891	0.0620913424956128	2
-0.083568088534747	0.207285166843287	2
-0.0947041130131691	0.218561636112661	2
-0.0918188152762073	0.260166529044281	2
0.00964475839695372	0.0211383369769173	2
0.0243383845580216	0.0514701983292614	2
0.0993711600860936	0.200109533942872	2
0.00424737062235169	0.00872044855131931	2
-0.115238640826654	0.334907723340859	2
-0.114894585089787	0.374202864882291	2
-0.113260246405695	0.326081366664449	2
-0.042622009206157	0.0894090086775529	2
-0.0900746788281134	0.138708854779737	2
0.0654082834241774	0.135140953215513	2
-0.0751370890073911	0.175025238555857	2
-0.0919149348634656	0.166236360677904	2
0.0248312684513577	0.0469390971149758	92
0.00511241906566685	0.0110111512323307	92
0.0628072040365514	0.165565105420614	92
0.0420206543434216	0.110991064056222	2
0.0459041827170552	0.123391250769446	2
-0.0165005535400101	0.0373298751925578	2
-0.0792697112347644	0.142296503392227	2
-0.0411585699820967	0.0572770367424355	2
0.0851238055645411	0.127345791216937	335
0.123001517791545	0.211141496776668	335
-0.0244744775280593	0.0262248800866384	335
-0.0557441485041099	0.116204728268154	2
-0.0219838689630772	0.0611910311947779	2
-0.0149440551751199	0.0408388042061469	2
-0.0209421873875588	0.0579191044412602	2
-0.105215177944204	0.210604511999471	2
0.105726034480308	0.287404671915705	2
-0.0831875752591746	0.164071768299553	2
0.091619310738509	0.189276426291232	2
0.111493441034211	0.268034745062733	2
0.0821578860314362	0.141628602562802	2
-0.0870949880229339	0.137736375943391	2
0.060499280826217	0.438368987620694	31
0.0403470115787121	0.256542870610187	31
0.0491316494216836	0.312392834764104	31
0.0514816447109955	0.314086921237868	31
-0.047288447193597	0.270122354087407	31
0.0828316923041441	0.530726173952451	31
-0.0172525731652034	0.0724228050281831	31
-0.0297517200091694	0.101666450319899	31
-0.11988435230574	0.266408350221444	10
-0.043115782464205	0.0918724230760538	10
0.0486723304586843	0.155342205838867	10
0.00571409730201691	0.015510047417295	10
-0.0368917591952128	0.103034300367398	10
-0.0623715915036303	0.177487718202383	10
0.0955025865110096	0.311187484453616	133
0.0469292749926614	0.140291460230821	133
-0.118089197096619	0.419984025084478	133
-0.0444780229099154	0.135148198746525	10
0.0726485308464209	0.207544516289443	133
-0.099411840549273	0.322540734827151	10
0.0997888050100137	0.341839566281534	133
-0.121192570937053	0.409397212943335	133
-0.101123187299635	0.339207288526991	133
0.0402557696911224	0.106106187816415	133
-0.0997586271052736	0.236710865625943	133
0.096818866971675	0.293658447144898	133
-0.0214427847072083	0.0544667740047204	133
0.0294108535678355	0.0716179907607771	133
-0.00479503949384714	0.010069927595848	133
-0.0941049954811759	0.24630142979966	133
0.0445440675863784	0.0968545665783961	133
0.000450676309059911	0.000738024130838915	2
-0.111686073525706	0.265763247306831	2
0.0363037318681218	0.0726496650532538	2
-0.0368522539936346	0.0736422175090174	2
-0.0833065564357066	0.20069732443461	2
0.0131692729249108	0.0267397029169643	2
-0.0218675301675964	0.0483469117033096	2
0.0970543482696407	0.255945094595735	2
0.0206849449736082	0.0284650515776964	2
-0.0497480704081415	0.0716705733510258	2
-0.0549562035925337	0.0642363101254193	2
0.103446708075287	0.165038378772886	2
-0.00875252584917895	0.0121139646900988	2
0.0159017840156969	0.0265478994163696	2
-0.112877190720521	0.318822793979055	2
-0.119290549509971	0.327888295294198	2
0.0324028554073047	0.0478907273477673	4
-0.0993804847261173	0.205106271049749	4
-0.0379680375142453	0.0616423653639292	4
0.108206287774179	0.308327677780866	4
-0.0233187806479021	0.0440716880937046	84
0.00477770476494194	0.00773583868924469	84
0.121299960064795	0.249324016231741	154
-0.0219890411489584	0.0394723482023669	2
-0.0160483933700423	0.0310613152960792	154
-0.0178102474205002	0.0374005388762016	2
-0.0812976460351173	0.210875537334813	2
0.0100784867110089	0.0168668867716309	154
0.11848640641506	0.286727101574779	154
-0.11907178439174	0.30293199109936	2
0.10200036184723	0.24619442873219	2
0.111895148047823	0.2141353607064	2
-0.0069086909703031	0.0134642824324181	2
-0.0528252004431811	0.111719736387544	2
0.0836310214640228	0.227239457166203	2
-0.0464224726533877	0.110890656096456	2
-0.0366372904105926	0.0653813200101788	2
-0.097461326593911	0.141634591408492	2
0.124280429182068	0.192788070460591	2
0.0301653256785293	0.0440522716076782	2
0.00177438337093476	0.00346113704705113	2
0.00421783301010053	0.00826063101125773	2
-0.11696332549987	0.274970838267278	2
-0.0411653063284348	0.0726192781421836	2
-0.0685452694504506	0.132086028436385	2
-0.0820372957397099	0.208404780827396	2
0.113308758332213	0.318130672464003	2
-0.0662270602005913	0.145806579339507	2
0.0931154545490907	0.149463985328506	2
0.0184727596059263	0.0269964321605283	2
0.115981500831453	0.270468271245733	2
0.0116155118688373	0.0237182688483508	2
0.119162624144745	0.288740713316664	2
0.0727220364008824	0.157944758094296	92
-0.0447313155800437	0.108986708874837	2
-0.00710079375929774	0.01643505196851	2
0.0214753631479246	0.0373257022545983	2
0.0148785780523215	0.021450498066087	2
0.101596442255653	0.161647467535822	335
-0.0909451107940604	0.127538700418635	335
-0.0647187165382917	0.144225558678494	2
0.117067742066292	0.40766503620771	335
-0.00916892201208008	0.0232514812278371	2
0.0864464535239248	0.272995953829135	2
-0.0395801386978013	0.103118829273282	2
0.0152485774656567	0.0297240222397787	2
-0.100945549992723	0.201784450885	2
0.00988068622517066	0.0192380768297494	2
0.117427738024176	0.214460714081755	2
0.0902184390745646	0.754653626380725	31
0.0517405224760778	0.348817492260716	31
-0.0123081620628942	0.0625126586521754	31
0.0583832684262819	0.351778630294609	31
0.106859073723211	0.753617050392378	31
0.0549248010168648	0.296112698097126	31
-0.0401552844089875	0.18267278662643	31
-0.037441104650247	0.130660628662516	31
0.108682458744321	0.282719949252122	31
-0.122609939807849	0.261172905138474	10
-0.0706752950396521	0.153878929577192	10
0.0609020911522546	0.185582285304304	10
0.0515914784504072	0.154574818750579	10
-0.00901272360202321	0.0238383900642123	10
-0.0233532489946812	0.0610901523432593	10
-0.1080659565112	0.354653331747965	10
0.0058501450021103	0.0152218948885688	10
-0.0283118061370322	0.0743923849606389	10
-0.0361832569055824	0.100001707181505	10
0.106394326793076	0.354949167088922	133
-0.101829191901566	0.332373668866076	133
-0.0392175220220201	0.10470954784376	10
0.0162087216400901	0.0367317905851822	133
0.0199712834100659	0.0498203615693443	133
0.00695304142776007	0.0133935690224898	133
0.0548305803466184	0.123892378334993	133
-0.023176602530847	0.0537935629352605	133
0.0979774069628787	0.256772348451509	133
0.101429604074886	0.216849988457563	133
-0.116334980783705	0.298950303822147	133
0.0283302684255223	0.0624529447614477	133
0.0457040976367819	0.0926204105905212	133
-0.0801303733898245	0.173215347648207	2
-0.100896042622477	0.218448395378205	2
-0.0382969393054576	0.0791216693707569	2
0.116050355682541	0.304712629343292	2
-0.0507346462764093	0.108926058964471	2
0.00556602101320284	0.0107850205008025	2
-0.115009899627323	0.317720261983467	2
0.0353815356385192	0.0573308731288294	2
-0.0796879497790586	0.188130566317828	2
0.121185262466171	0.310441682627544	4
0.00464217491609265	0.00890525349443113	4
-0.124574384434162	0.277621374888969	4
0.0329263229621043	0.0614984380012462	4
0.0186929122070798	0.0329080187606615	4
-0.0661597271711052	0.145660598546804	4
0.0294724530086417	0.0632794828835854	4
0.111966172855231	0.295781874084961	4
-0.111107046716944	0.223235394969169	84
-0.0119240818212298	0.0224007778049287	84
-0.064025689388089	0.11417692196727	84
0.0800711556213742	0.169860674447596	154
0.0449408121574729	0.0842955873372909	154
0.101527393476492	0.206495463215345	154
-0.0820813148716636	0.159304194489251	2
0.0107612751186068	0.0194107662840872	2
-0.0225375437090673	0.0433713313721518	2
-0.0222227680950404	0.0401056764734027	2
-0.0754711410418332	0.15786682334241	154
0.100590709563477	0.204218466087641	154
0.102391292898426	0.242259396113016	154
-0.0521737241480996	0.102653261520799	2
-0.0476641128895608	0.0907113183797581	2
0.0483678763020256	0.0974735718260309	2
0.0102061443511484	0.0215615642042213	2
0.0302824461107024	0.0540827213720491	2
-0.00401640435575358	0.00767858089271323	2
0.124430489405447	0.292671361911359	2
0.0969924064207774	0.182792773585245	2
0.0935333168061248	0.167829800088338	2
-0.102925227566112	0.26466664707358	2
-0.0770315749206253	0.173690430817354	2
0.121620122681528	0.250125453108612	2
0.0221811796602308	0.0408589253486895	2
-0.0211649978840503	0.0381230889963127	2
-0.0360285984321427	0.0677489566923183	2
0.0240823644796994	0.0578753245049162	2
-0.0811448705660605	0.21419854824807	2
0.0578702011006341	0.110980312811999	2
0.0135401198089869	0.0223670424575732	2
0.0887616435063859	0.212179082101955	2
0.0134724127733904	0.0245487358142817	2
-0.0393184996480489	0.0849318917425709	2
-0.0446529725759514	0.100462078812571	2
-0.00729418981197359	0.0148007139692126	2
-0.101392928414422	0.198569678216411	2
-0.040319164008726	0.0696197069060507	335
0.0512818346419839	0.0977882346855765	335
0.0319785669146182	0.0643921737894538	335
0.101584317706777	0.331766330176497	335
-0.0144092652900158	0.0349329657322143	2
0.0967814589758163	0.29276649997578	2
0.109715469673247	0.260213710227501	2
-0.0218367784135975	0.0424146040309388	2
-0.0285722819570175	0.0615810948113462	2
-0.120855589192595	0.269098728395376	2
0.066758658522072	0.144222410754345	2
0.0889451491864163	0.737684087211156	31
0.0902101634722645	0.715630665722845	31
0.0103822261014348	0.0520617908931066	31
-0.0171442179366877	0.077287465064192	31
0.0164031600847724	0.0708295447302533	31
0.115324210192454	0.646572411373493	31
0.0190871508098692	0.0678777609231958	31
-0.0879263923588875	0.262385914038603	31
0.0599232813513315	0.172800572062762	31
-0.0721778163259855	0.161887775624396	10
-0.0672498011012806	0.209448175348399	10
-0.0382815011916897	0.113894972828208	10
0.00494411717506767	0.0127599919482376	10
0.0708120321399555	0.227909600975978	133
-0.0538827994615981	0.154814149284388	133
-0.0705205917988268	0.200961180488148	10
0.0251874171444862	0.0663850043879894	133
0.0104017033758488	0.0247858856699274	133
0.0794781186828762	0.2249957078824	133
0.0571853887013374	0.130414498975045	133
-0.00139550407588119	0.00270555038525236	133
0.0564499059516663	0.128547172887842	133
-0.00725882314999878	0.0163720415476849	133
-0.121868150791676	0.303379871048903	2
-0.106370155246679	0.251729514525313	2
0.0617905949696711	0.153006063237904	2
0.0682239005970885	0.162631988916688	2
-0.0732817576334704	0.164754223086289	2
0.0947620055978741	0.222301800519735	103
-0.0445612649509328	0.105101825549693	2
0.0348757702209066	0.0646239809714047	2
0.033224833323122	0.0585606539441103	2
0.0370600678184867	0.0499839601717959	2
-0.0936673141174725	0.176649723517721	2
-0.0606942442191439	0.120187876991883	2
0.013448421766401	0.0261185689504184	2
0.00486099034055881	0.00962346275330871	4
-0.059943874919625	0.138037407371436	4
0.00759729756454908	0.0151231905074543	4
-0.115778489008516	0.28750577056138	4
0.109985111784519	0.297669248511075	4
0.0486763605628873	0.0907764495580745	4
-0.0355062100834421	0.0599293163502445	84
-0.0936493411538007	0.208142817913628	84
-0.0917048134089817	0.234183267877448	84
-0.0396784501076635	0.0909262529510594	84
-0.103192355107174	0.216100294821497	84
0.0132145951084001	0.0255345515626686	154
0.076831134932827	0.158413545294024	154
0.0884379130298048	0.180644872879891	154
0.0527051987091106	0.0927992097430072	154
0.118603486448606	0.285655718116162	154
-0.00854396419887878	0.0175436132007858	2
0.10567396547016	0.22883870680045	2
0.0572564897219028	0.109688647972402	2
-0.112161163848887	0.245216603213364	2
0.00430556003188466	0.0083233505190285	154
0.11245900478954	0.296130380704151	154
0.100340116549408	0.219157782859189	154
-0.0769283608681944	0.148788301529466	2
0.00459937647942076	0.00906108614142672	2
-0.081640732929759	0.152788130957739	2
-0.0446468410562011	0.0803943774038698	2
0.0232899719879427	0.0487283765812463	2
-0.05780737556044	0.147361131710465	2
0.0460107574249576	0.10071590904045	2
0.00245564480603902	0.00350110118911989	2
-0.0889004917136319	0.169977137058084	2
-0.0341136874470615	0.0541404245724619	2
-0.0537006807071202	0.129090022595566	2
0.0726164870615808	0.169910290882289	2
-0.114543855639402	0.296306201665947	2
-0.119997823272449	0.305840250914668	2
0.0586900689593537	0.136675558536432	2
-0.0569402160546893	0.134378112724972	2
-0.10379908723842	0.255246648217373	2
-0.022787347682413	0.0456696612965712	2
0.023978169999187	0.0528134507129992	2
0.0295194449810022	0.0617205693276554	2
0.0633790375377235	0.131965027314963	2
0.112649583951812	0.239224763412328	2
0.0298878313793327	0.0605345727181808	2
-0.0124340525920586	0.0254217818485515	2
-0.00978550270662212	0.0131717559321036	2
0.0691106866070034	0.131726099813778	2
-0.0928330688857828	0.177551625854838	2
0.0801995601331812	0.154621537402972	2
-0.0522923094631209	0.107035035069735	2
0.0164936188583636	0.0292612794619537	2
-0.0507386100685126	0.0966091448790505	2
-0.0286997163235372	0.0500756647258488	335
0.0399271967064489	0.0796259067906453	335
0.117462774906214	0.310582371508391	335
-0.0944376577428626	0.239179389984819	2
0.0957807700484842	0.23532578820251	2
0.0517262091668146	0.114009303751691	2
0.114577776021757	0.285683289829676	2
-0.0474320085822302	0.100062049487534	2
-0.00779855897631949	0.0131959677993826	2
0.0120387702946086	0.0218785683316416	2
0.0752580366997321	0.585004825932278	31
0.112173336675992	1.00093623095206	31
0.0575076318099428	0.32451712639722	31
0.0795578203027441	0.479552351127635	31
0.0201408359521721	0.0827950074464533	31
0.106163666672852	0.344064274819352	31
-0.0911011554787961	0.222124919640848	10
0.0143647303177242	0.0206932597184058	10
-0.115549692192149	0.337272534049235	10
0.114822446893779	0.432417208765958	10
-0.116310330797909	0.438236625869336	10
0.109356560656577	0.399091930101319	133
0.0870219775171781	0.286394898050772	133
0.0240110769503662	0.0701771822974436	133
0.0442197413978651	0.127247786306761	133
-0.046589173641535	0.136773424256317	133
0.0772771033857605	0.248445125691344	133
0.0723075407387698	0.22408298570061	133
-0.093504204312417	0.270945086263549	133
0.0307925012299396	0.0674346579452898	133
0.0713259727507543	0.171874295878206	133
-0.0102290496306465	0.0231743812513333	133
-0.0160636161205729	0.0349842228136896	133
-0.0338702631994696	0.0771301575447626	133
-0.0660334655160031	0.136954234419427	2
-0.0290695983263039	0.0576831906108382	2
0.0481760736662524	0.113521588715707	2
-0.0902989696666923	0.221073874215189	2
0.0186490760190671	0.0417283537495138	2
0.00675404457647219	0.015029230813913	2
0.0361083426992815	0.0696803295057289	2
-0.0661778603883611	0.115891556871496	2
-0.00411307161151672	0.00498270359052743	2
0.0207830670655898	0.037979300550225	2
-0.0697348646190527	0.160368202613415	2
0.0100817324653584	0.0195341928681938	4
0.0812811616136589	0.204196877260135	4
0.00786005703539634	0.0145356466051951	4
-0.0762993735839229	0.178946414796571	4
-0.00983787515911022	0.0218031418586202	4
0.0995208038774045	0.243854238123667	84
0.0881335794226344	0.175463030646704	4
0.0936788944476755	0.190533170861522	4
-0.115350553180251	0.267042485465382	2
-0.0173111204938462	0.0331058124709424	2
-0.106064375965736	0.220180228758481	2
-0.040943384863468	0.0834280309014334	2
0.0889095638504808	0.224857208994442	2
-0.0724521003235049	0.171026289443015	2
-0.104995774913794	0.244861499179453	2
0.120718348671492	0.271100163632295	154
0.109440238291378	0.274306528044632	154
-0.0084717228842291	0.0158120007957704	154
0.124695986052507	0.314995263491633	154
0.0034205860123326	0.00568557851080266	2
0.105993470743547	0.218578479514184	2
-0.0397665403189039	0.0749524383139329	2
0.0891487914998058	0.201575895186481	451
-0.0369455851233575	0.0872313201436445	2
0.0218525204474192	0.0353987544346115	451
0.106597841397947	0.199405768613202	451
-0.0912816130391986	0.184155858898383	2
0.0770453288620216	0.211831775888977	2
0.123288228596876	0.310594191471273	2
-0.0509480112093825	0.106172545826686	2
0.061442131289178	0.136819393406543	2
-0.0384773147810954	0.0834143256555477	2
0.105876845459127	0.277858607917808	2
-0.0677737351380995	0.157467494604948	2
0.0115172178632041	0.0232131292811411	2
-0.0581968307017963	0.112667401763221	2
0.039992299201539	0.0797474242914618	2
-0.0399927107905156	0.07541204860093	2
-0.0158640467906853	0.0264574550953241	2
0.0289245251269358	0.0524558722298089	2
0.120707074596969	0.271060344242745	2
-0.102234632794506	0.231576546619727	2
0.0823737641271542	0.20744034159992	335
0.0764754499616301	0.174348104758263	335
0.0315667865235675	0.0748900436959046	2
-0.00148280000278641	0.00310591846696594	2
-0.0728814186177781	0.172126756803205	2
0.0803800074991453	0.236495011466556	2
0.0525994504651927	0.117299350321531	2
0.069519402058738	0.148650319360422	2
-0.0715356601979192	0.149244687794786	2
0.0990593505177113	0.215867055435326	2
0.0656644459945611	0.48454433375209	31
0.0773741716152956	0.569771695335992	31
0.0504708617235655	0.319097974969997	31
0.0421313714307389	0.22370013185238	31
0.0710016504354296	0.380414461060302	31
0.108550307304759	0.380029552731568	31
0.0689213028621483	0.216795457168073	31
0.0875162645262098	0.207730947649173	10
-0.0356244563386507	0.106353813477827	10
0.0298349993857741	0.0924638649737801	10
-0.0142631288644368	0.0400292491022068	10
0.11263398446682	0.388981970608648	133
0.00985525773986258	0.0270858123430975	133
0.045229934699026	0.12777830247556	133
-0.0193581151265355	0.0521105616821673	133
0.00300009892505998	0.00760280722268626	133
0.0978873631345556	0.303842406293224	133
0.0970988694504919	0.293135377562777	133
0.0955857379611398	0.29023051123824	133
0.119557330591663	0.393171916840916	133
0.0991651813170311	0.305247835600223	133
-0.013474134667534	0.0312175644395536	133
-0.0584517670346924	0.158857375654691	133
-0.0422846105348094	0.0967543011192503	133
0.0185280750888055	0.0408137831179254	133
0.00173891819267768	0.00354047398754954	133
0.0199788746324597	0.0455073236440531	133
-0.110878533814067	0.281373626428333	2
-0.0712157330537719	0.164252515960894	2
-0.121935120336311	0.279201035079621	2
0.0403323197863156	0.0833685514393984	103
0.0332836847021441	0.0707300912537701	103
0.105887526711065	0.261160912976661	103
-0.00283113895865195	0.00541816540813928	103
0.0542961627363161	0.128562820378176	103
0.045028141749095	0.111320671657892	2
0.0991803425804143	0.133627942996266	2
-0.0179277370091162	0.0276074173040273	2
-0.116757713574943	0.239004963422207	2
-0.0458224868611204	0.0987827492525435	2
0.0993181331705954	0.263213222534416	4
0.0234282968736504	0.0492474272448486	4
0.105745980898219	0.298622358279343	4
-0.0371419565144133	0.0838696102206601	84
0.0638193238740679	0.132971739363403	84
0.0802453048768062	0.162685793902342	84
0.053152237779644	0.10050662187708	84
0.0668297381326286	0.149620958408619	84
-0.0229761810332522	0.0486332553485328	84
-0.0694537773413796	0.151534840195083	84
0.11323405108151	0.305570354514864	2
-0.0111686924598297	0.0224792621113668	2
0.00564646351740347	0.0100376082851681	2
-0.0413935215996944	0.0844210035538383	2
-0.00660810472279736	0.0128707675314026	2
-0.0598655004074164	0.129278829088789	2
0.0488292066384191	0.0964180389684075	2
0.0971120426869558	0.22522699632638	2
-0.031685322803032	0.0613061599235907	2
-0.0952751937720795	0.24414176923303	2
0.050320720528838	0.118204980125168	451
-0.0327055859090653	0.0742820203622989	2
-0.122062552298121	0.233189874202432	2
-0.0392478141479023	0.097060259272053	2
-0.106383379607815	0.281219899539105	2
-0.007022544083887	0.0138749517538365	2
0.00425194869716056	0.0084765928633296	2
-0.000334925281854156	0.000618865701494456	2
-0.0614955637896166	0.142119545174745	2
0.0202652288905785	0.0428536902537632	2
0.0227142678142497	0.044933731528215	2
-0.075238368031721	0.191519195382823	2
-0.0652680882708465	0.151455769468428	2
-0.101276850392139	0.151779515281195	2
-0.0461062943146499	0.0859650546804071	2
-0.0337140896159707	0.0709792382741123	2
0.0881081449141669	0.188486881530171	2
-0.0727391565336428	0.189632684403205	2
0.12005921033322	0.237733030082265	335
0.0636504864761499	0.118737692117677	335
0.0682893491814007	0.119806330317097	335
-0.0327913284143782	0.0625851470617646	2
-0.0622246449468598	0.140572195190602	2
-0.0891961519085534	0.235843669806869	2
0.0061510608489184	0.0126756885539313	2
0.0281259893007254	0.0697833104348072	2
-0.119697204255797	0.309786212927816	2
0.0333347623851484	0.0695881259197215	2
-0.0250875766443348	0.0403597148208601	2
0.0663663854291772	0.495829353187209	31
0.0557683028395384	0.382889950608547	31
0.0818780027931157	0.565582516996314	31
0.105966131462503	0.595757080492312	31
0.0399178621267566	0.100582865320337	10
0.121182354040203	0.498219092485705	133
0.12048718574996	0.511586740814936	133
-0.0576139455136402	0.184291008081579	133
0.0120721182503281	0.0324525539640706	133
-0.00511918759302534	0.0141245684797852	133
0.0951579145490402	0.363339885398524	133
0.0800340804448586	0.249540924174632	133
0.0852715602863347	0.278924951450856	133
-0.115182293574636	0.429206592444445	133
0.0804290555103116	0.276701007107045	133
-0.00140799951993822	0.00395361719236979	133
0.0713225645028465	0.224012126089228	133
0.124763287347244	0.350026335312873	133
-0.0780165713213419	0.226690438985566	133
-0.0528397796306551	0.162567785649246	133
0.0810072845260428	0.261094284450701	133
-0.0403947897036827	0.088830096604298	133
0.0462439980730213	0.109452297977086	133
0.050139193992397	0.123946553670768	133
0.0187974926150415	0.0323300454637237	2
-0.0744421165706958	0.158050626313823	2
-0.0227413233741963	0.0442612369869246	2
-0.11066037066626	0.273367984823984	2
0.0371578464235279	0.0872669176267771	103
0.0666088167541338	0.149018934953199	103
0.0841308495706754	0.220066167148895	103
0.00470872300493393	0.0106051022540467	103
-0.0956436507639764	0.218625225827669	2
-0.0736995950401489	0.121616897067843	2
0.0393397060293877	0.0532146671490467	2
-0.0914473194224236	0.151541977587932	2
0.000618187336006791	0.000785529946577581	2
0.0710168759589333	0.154712262817834	4
-0.00381211059192036	0.00888716792042029	4
0.0281612706438765	0.0685843926553356	4
-0.00935630255930816	0.0213085115519046	4
0.0461803339495831	0.0771940365527477	4
-0.0378845610653279	0.0641959501325724	84
0.0126544013425382	0.0256756122065074	84
-0.0686298684378944	0.196329706448814	84
0.0751562192911617	0.21655642505847	84
-0.0728867161496073	0.180484702563882	84
0.0949838900097189	0.238500818752384	84
0.115537005967719	0.322930867396785	4
-0.0619472010825049	0.130174700505424	4
-0.0974330335244146	0.204221909166774	4
0.0693631742732703	0.145157616007512	4
0.0840791016030683	0.173552422520798	4
-0.0883400401950735	0.168725469585223	2
-0.011776027463376	0.0240416325046609	2
0.0471432719521657	0.118274111061524	2
0.0470530072305532	0.123239010792897	2
0.0624091678208412	0.122012080907946	2
-0.0652685705793098	0.166204079097819	2
-0.0154275374699802	0.0343300502080954	2
-0.0362194234539755	0.0700548101583169	2
0.0660761628381729	0.163724435039088	2
-0.0505684954348965	0.146175167960248	2
0.0545138068640081	0.142486677692517	2
0.0165400030176177	0.0349930687953544	451
0.0740611161696702	0.157936687705098	451
-0.0492694609437941	0.0709306573965649	2
0.0447993633038007	0.100554644918352	2
-0.027757949702765	0.0666303265791881	2
0.0692007326963767	0.147156643617946	2
-0.0291851416952281	0.0573045846265824	2
0.122416520926305	0.262277877557803	2
-0.0994014441885021	0.20795163823028	2
-0.0226023304004829	0.0525470646682154	2
-0.0386541772764195	0.0613977929225558	56
0.0380902070531705	0.0668307059999097	56
0.114463555298424	0.283906419063566	56
0.0396607837487449	0.0493488091360157	2
-0.111003046449422	0.324674396031426	2
0.0469653179231654	0.121822709903784	2
-0.0688732621237493	0.195467966530794	2
-0.0155528419470066	0.0383455776303065	2
-0.0420682910480767	0.0713830754995545	2
0.0159954318279989	0.0178668678322323	335
0.114976455877221	0.15318085705622	335
0.0844805976178426	0.291113124927702	335
0.0840685125050153	0.294182739558921	335
-0.0390948865542253	0.113123011686049	2
-0.122228174896797	0.292325827786921	2
-0.0621996822115138	0.12716315524105	2
-0.0554058440072407	0.0985285493992104	2
-0.0546144312239016	0.115929099156145	2
0.010692831105861	0.0238421649899997	2
0.112408070217026	0.215326164592859	2
0.0970433505506357	0.833253767574718	31
0.0271763182333392	0.158841598849833	31
0.0259864754912576	0.128820729999867	31
0.0422623959270508	0.0506512821497604	31
0.0811332993149142	0.152539719475337	10
-0.0776148144806371	0.172488513375402	10
0.0201085265836673	0.0459711476753446	10
-0.00301359233430303	0.00910383272501528	133
0.0981776414595621	0.387730163573006	133
0.0891170077212009	0.322274563189201	133
0.0353532954213059	0.107770567968158	133
-0.0766194137505877	0.259993537772401	133
-0.0601385862436298	0.206381193737101	133
0.0992173334616445	0.379911930894693	133
0.0749417838349309	0.228060483424656	133
0.0157101680718223	0.0441704526625789	133
-0.00462724746673782	0.0129726085401279	133
-0.0284554922334396	0.0808582806659413	133
-0.0641829038881345	0.17427811969618	133
0.0763147120003155	0.193169955645045	133
-0.073448643201856	0.21286764958813	133
-0.0180645348860599	0.0465354794403704	133
-0.124112475303437	0.441451731743193	133
0.0491457680846684	0.147603993042876	133
-0.0818616767745629	0.216453993519386	133
0.0774711817141105	0.191402945802691	133
0.115362713279309	0.239740158971763	133
-0.0242188688201606	0.045857351648459	2
-0.0943941795153147	0.233199802123881	2
0.049640282377746	0.111998564952492	103
0.0995579106992405	0.259306991741058	103
0.00815505568642819	0.0212012264332715	2
-0.0552662595133043	0.0962163701343996	2
-0.0551743033305074	0.0563320735536708	2
0.0809334467980873	0.18042430497166	4
0.0198185432942212	0.0502871604449273	4
0.0924181437647402	0.285810998713608	4
-0.119163282197971	0.378976068522039	4
0.0135056856965836	0.0242260798840925	4
-0.10098624567773	0.194616763630766	84
0.0670086876318711	0.183796055939781	84
-0.0611821117173458	0.166951675408354	84
-0.061346351906432	0.138341186873032	84
0.0109267031333739	0.0223739511009482	84
-0.0623873846096936	0.125440804929461	84
0.098510130362224	0.269714617149187	4
0.0855172295122806	0.176985866571514	4
-0.121643534999214	0.299190322730958	4
0.0455637826699078	0.0840291272523128	4
0.0147658358001235	0.0291619774570895	2
-0.0980381755838886	0.25775926047006	2
-0.0233957302181454	0.054344301580959	2
-0.078936971536964	0.228689037886669	2
-0.0573864805960138	0.154528883868047	2
0.115380693919567	0.382176880645864	2
0.0718366415354916	0.193242439268555	2
0.0876178199292187	0.22975555614063	2
0.0849914137844325	0.18879442796432	2
0.0672530360209548	0.170473880817257	2
-0.0721668123916347	0.214271037508908	2
-0.0526413883025209	0.139910054597835	2
-0.0933912048276027	0.290305708529502	2
-0.114306998342567	0.345106931630121	2
0.122087132290567	0.298948725633582	451
0.0651288690531296	0.0788691291664741	2
-0.0440206163435674	0.101497897381729	2
0.104498090655281	0.207914853892484	56
-0.0949366927354122	0.280035226415197	2
0.072709690390921	0.207752283128568	2
-0.0275473830810417	0.0642206847804135	2
0.0123264596298736	0.0170869558846323	56
0.106542690665637	0.307330374258332	56
-0.106023062576152	0.332355725939956	56
0.108260123226379	0.250566872872825	56
-0.0712989290371711	0.141795093572902	2
0.0348799722588814	0.0631748114743571	2
0.0668471088569383	0.16037914423909	2
-0.0424446411712922	0.122612349087643	2
0.0108853510235126	0.0280899051850201	2
0.0431975096917466	0.120316198048283	2
-0.040756536390544	0.110657321716845	2
0.0815548960218964	0.241305905847322	2
0.0524608138267843	0.0872468117497012	2
-0.113963120611768	0.127831636427743	2
0.0395115108985596	0.0491554756843087	335
0.122832124508674	0.486717179862171	335
0.05918019158897	0.187058290968643	335
-0.0157441689424999	0.0456026493646438	2
-0.0289120350067891	0.079326673291232	2
0.0267568991196184	0.0525722711943637	2
0.0416607684059832	0.114021298020348	2
0.116940463548612	0.228828426989506	2
0.00528296051719788	0.0105554685578202	2
-0.0173589101573579	0.0395508419541583	2
-0.0237337796254343	0.0349222436360677	2
0.044233362719972	0.07156094256436	2
0.0691975298685907	0.522886186239024	31
-0.00389214955094835	0.0192944313078873	31
0.00360962740738929	0.00975273491322931	31
-0.0373655945530833	0.0968040104444662	31
-0.045227661504653	0.0409896671755256	10
0.100871477206142	0.226756485978167	10
-0.110261062317956	0.261595548368921	10
0.0571441317465131	0.220666923112037	133
0.0774860279350995	0.266012378155093	133
0.048559707442585	0.147317699080228	133
0.0211196673375626	0.0617426309677969	133
0.0136456916518113	0.0394671979180158	133
0.0763712544043282	0.281312630691951	133
0.052999044057771	0.175699494840056	133
0.0643889776092572	0.199101313817438	133
0.0682510022994622	0.226629816795542	133
0.0000143830093734626	0.0000452121369449809	133
-0.00476672289213591	0.0132835421422118	133
-0.0400512613712641	0.111660544434047	133
0.0522719138114095	0.155686615481727	133
-0.0662512576469482	0.216456142444006	133
0.0391601888123576	0.105933326452001	133
0.0874907044933764	0.191132264267774	133
-0.0684802192957028	0.144391503149324	133
-0.119661900241696	0.335773785440883	2
0.0715048762547505	0.169303767400764	103
-0.00716992532535505	0.0154452897192857	103
-0.000156000588808724	0.000328852594358587	103
0.00652486736550987	0.015308126899513	103
-0.0933854338139111	0.2902918375325	2
-0.0595543750594239	0.183732571329923	2
0.0576147377781842	0.142535997088625	103
-0.0749720363197351	0.129305395179114	2
0.0769970938559278	0.0801798577468034	103
0.0443386556432236	0.0678088543803725	2
-0.077224859385701	0.135927088575755	2
-0.053566350800746	0.125914325942301	2
0.038619693687199	0.109725255613222	4
-0.0194787306946525	0.0472019298541747	4
-0.0221857330041053	0.0364754697081149	84
-0.00895769371956784	0.0222749628689939	84
0.118929592550762	0.377751716164245	84
-0.000175016144321855	0.000405696408123835	84
0.02082931101073	0.049540852659695	84
-0.0230457972647028	0.0494184858491463	84
-0.0047452974286507	0.0103352661053951	84
0.0785544643329408	0.170632100913951	84
0.0332734590910227	0.0747739146658185	4
-0.106444469469594	0.231609059348348	4
0.0808950797391209	0.171884538338943	4
-0.0722412540091322	0.155231704210321	4
0.0973802282048684	0.227056104519052	4
0.0247531136281987	0.0559314772579116	2
-0.0815631712852215	0.213565514569213	2
0.0450925174528019	0.11931875105731	2
-0.0175494568627231	0.0443916338702398	2
0.0175114537893439	0.0431807698514746	2
0.025332586230431	0.0561792062469908	2
-0.124649725633157	0.376784614958899	2
0.0361529173707818	0.0897164220714029	2
0.0455964951242318	0.116387900106974	2
0.0512147052755939	0.119521087848616	2
0.0365702151636614	0.091733912098293	2
-0.0835230134087766	0.218871617942146	2
0.0134216927521199	0.0340680627823057	2
-0.0624932627173492	0.184332477125083	2
-0.00639906560312479	0.0155596674378365	2
0.0496861086804355	0.140715521803066	2
0.00881344850509171	0.0215364270772764	2
-0.100699013220206	0.141421308074649	2
-0.0130352904760141	0.0139669062315269	2
0.0419927860253686	0.108986310217282	2
0.0132891872501141	0.0254422877865509	2
-0.0559094231007183	0.128675268239067	2
-0.0975360992392417	0.296216989965187	2
0.00945002600009953	0.0226524883038052	56
0.0305456691507188	0.0825102494509188	56
-0.115616736663393	0.287083954819614	2
0.0717146673577598	0.175975890327897	2
-0.051572090244379	0.139664944180014	2
0.084771915347376	0.269702848144513	2
-0.0566461464827649	0.15724916056379	2
-0.0855058130587986	0.260370791789628	2
-0.0918591693857013	0.203553793230408	2
-0.0747519996096982	0.136993269200213	2
-0.0374290581565275	0.0607136639636072	2
-0.0831504642121985	0.0843900071151144	2
-0.068085550362777	0.168097276088405	2
-0.0306683454660995	0.0927662285208731	2
0.0162430254669489	0.0441167844579647	2
0.00698897597467992	0.0191759392644754	2
-0.0458223769105352	0.102968216750001	2
-0.0444495653066419	0.0973042871154983	2
0.0159678387114426	0.0428859006392866	2
-0.107553225518147	0.294720850745459	2
0.106583174803997	0.200892607261005	2
0.0941481839278951	0.776237168332665	31
0.0996823959152278	0.590530547267031	31
0.0365000042672172	0.154224528402552	31
-0.0172658227524986	0.0434087597341663	10
0.0652880854818454	0.164158140660414	10
0.0340163698074701	0.108675767525886	10
-0.0360647866963539	0.116730636389637	10
-0.000300280226926778	0.000808516352268454	10
0.116468604491797	0.49056271338059	133
-0.0297351087728433	0.0906226175524341	10
0.0557944381341662	0.145817782733402	133
-0.00127199457297228	0.00309946013187384	133
0.108116560385069	0.312942667817568	133
0.0765355972036424	0.197087973866633	133
0.0159560763490119	0.0335790880260251	133
0.123396696851543	0.312416155556305	133
-0.112688197014362	0.340096019773941	133
0.0767324060749108	0.223785100008132	133
-0.0993547801056932	0.289098194866729	133
0.117647424032964	0.261323695801351	133
0.000138623899009072	0.000309086619380208	133
-0.0354064281043037	0.0860951455962215	207
-0.0877273377820872	0.235386620588286	207
0.110816486484009	0.324998651863516	133
0.0268043517545383	0.0492464832689185	2
0.086247768353773	0.201117482534442	103
0.048285798334663	0.118424246029676	103
0.113232290653772	0.389001224920498	103
0.114385479846314	0.251193041727698	103
-0.111864731937952	0.269446228969461	2
0.0733592007153744	0.155466758621328	2
-0.0566741396001459	0.120267930084004	2
0.0857401022814742	0.202803315093492	2
0.074529915484841	0.182978794869987	4
0.0769880946435276	0.191853055992095	4
-0.0153409314205366	0.0325590024635612	84
-0.0399217672228681	0.076545179885982	84
-0.0249138719484317	0.0409209522127678	84
-0.0276192049625509	0.0532422033550788	84
0.00930602346737696	0.0170006937567047	4
0.0572149955739478	0.096559553013534	4
0.0469895918425527	0.0769205465578847	4
-0.0201773949824174	0.0374741377437514	4
-0.110374872949002	0.188873666619847	2
0.0777155298673503	0.132061063875979	2
-0.0339189946512937	0.0648612700280288	2
-0.0033517382939533	0.00632751165861553	2
-0.0104807036171569	0.0178100683635409	2
0.00362686972034601	0.00581610971937555	2
-0.00612439014463403	0.00872360911860036	2
-0.0738207310933417	0.127087378497015	2
0.0243584361376495	0.0585911238821856	2
-0.0145229918841341	0.0358533716587617	2
0.112432557069019	0.32173843672081	451
0.056979524349659	0.121442658931037	2
-0.00575139847567477	0.0109061634693323	2
0.00393559528355807	0.0079405299004378	2
0.00600903327889848	0.0116113488782522	2
-0.10470178849152	0.248158284418382	2
0.061934612367041	0.128578410268156	56
-0.0702673579341577	0.174226917264918	2
-0.0494562229340691	0.120603449054348	2
0.0842041478397573	0.229109731966537	56
-0.0521062009537879	0.117792280849728	56
0.0420990537242479	0.0947948163811646	56
-0.00927546469247283	0.0191370424406048	56
-0.0349212179666751	0.0676995067695182	56
0.0454999472071564	0.0940485322336188	56
0.0814702281998414	0.174959856735859	2
-0.0825200601935658	0.133365465307249	2
-0.059594894850498	0.160430946564039	2
0.123324501051938	0.271530306644175	2
0.0774094498467023	0.173276556340316	2
0.0080937110730057	0.0157032703737113	2
-0.0861955578959338	0.198408259936434	2
0.0132276437836326	0.0302936630257525	2
-0.103166547322099	0.213033020374164	2
-0.0168348125822716	0.0264540116175005	2
0.0423992379015719	0.0904519573216289	2
-0.0811239962633506	0.195394428996988	2
0.0211488624468224	0.0402951523107309	2
-0.096346137997856	0.192229525607026	2
0.0108966651749771	0.0209639318311474	2
-0.0252957909517096	0.0382275997776292	2
0.044019727340976	0.277102425170567	31
0.113817663451765	0.904718800120073	31
-0.00470030791762104	0.0172256651723853	31
0.0296179887925917	0.0830446239203157	10
-0.101622020003642	0.142912027072049	10
-0.0995109320291238	0.135577180473648	10
0.0104761576198568	0.0130679321969606	10
-0.0324362620579422	0.0394289232700468	133
-0.0591482008143164	0.0663587333963514	133
-0.0935686967626937	0.131688907716632	133
0.0942046534335964	0.117584156447663	133
-0.0680906385082247	0.0921754026318802	207
-0.0784980957308407	0.106560852953551	207
0.0870257813526882	0.137243930947688	207
0.0716895080493615	0.127329413454782	133
0.0573240766723311	0.0819372167145595	103
-0.121317740631632	0.372617130430301	2
0.0692554884135363	0.153472892604085	2
-0.0285301637565416	0.0630612838082301	2
0.0845695226848764	0.142768979791962	4
-0.0632159154206032	0.0677588117896212	2
-0.0784821627658646	0.162258803579677	4
-0.0610302942848676	0.122413655957903	4
0.00958871458915467	0.0163285115462388	84
-0.00911653257339475	0.0148155684090401	84
-0.118696972753251	0.139144077534389	84
-0.00787516028947682	0.00511810003178576	84
-0.0103298719711625	0.00817008854636658	84
-0.0592835087536392	0.087721941534046	84
0.0685701683902037	0.0638172315783307	4
0.100657262994434	0.151806440389087	4
-0.0555178905190762	0.0434139298265851	2
-0.00377249942615486	0.00404454487175859	2
0.0487900918718369	0.0504526717517718	2
0.0196206756045415	0.0175432259830894	2
0.0797755420804438	0.191099332533903	2
-0.0663172547418717	0.133698469466311	2
0.0913862165705614	0.173344861119006	2
0.0308257394684501	0.0408018936590217	2
-0.0811100008769488	0.128204439010056	2
0.058499233439636	0.0936225383657548	56
-0.0808944650843232	0.0726913088605272	2
-0.0212569485587168	0.0362909955244647	56
-0.0307745581761536	0.0358161896841236	56
0.0945696020701922	0.111120447518802	2
0.112675401048249	0.217460276923394	85
0.044877729994372	0.0806469232263381	2
0.0116929813886485	0.0233655770246337	2
-0.0906639277835085	0.217621708647064	2
0.0953696096160856	0.141304512418799	2
-0.0330080073663993	0.0510777025577385	2
0.019365312978995	0.0283389419300804	2
0.060927330014343	0.441964760661957	31
0.0121500224938277	0.0654098278306102	31
0.0708445681989675	0.421082327353527	31
0.0629263972389551	0.265609708931833	31
-0.0848605786484375	0.508728607571422	31
0.0504538804619401	0.243258291843465	31
-0.0321251645579718	0.107605448594984	10
-0.0664087327738326	0.137838109585286	10
-0.0453704718914844	0.070596937095958	10
-0.00936276912417301	0.012969027814573	10
-0.0141482856207689	0.0264848589529306	10
-0.0100580144660976	0.0150469189374605	10
0.037782180870395	0.0600763006287011	10
-0.104446896814597	0.12236395173043	133
-0.111392556582538	0.106222618626477	133
-0.0466706194173849	0.0523139595739031	133
-0.107675451043052	0.200398681425875	207
0.0108295172720494	0.0230002774314717	133
0.0241800548133417	0.0379415408574893	103
0.0256171825933329	0.0629916934262411	103
0.0534158024833079	0.189361827618133	103
-0.0996293967487454	0.376225394015547	2
-0.0855155253918339	0.303077628859607	2
-0.0251102778433816	0.0755411623596257	2
0.00736398502372455	0.020408540278379	2
0.0518082871032501	0.0727605731259793	4
0.0664081194397435	0.121993373814371	4
0.0438316691650156	0.114260280259483	4
-0.0383987313863606	0.0917199900594724	84
0.00168503895915205	0.00340966509275851	84
0.0681909176476165	0.164726943893495	84
-0.116749030795719	0.23533729225863	84
0.0119977432807059	0.00895778749827377	84
-0.00237407663342843	0.00337397684757226	84
-0.0687573103122797	0.0700200195819994	84
0.0679462525390603	0.0963087954000114	4
-0.0422734443178319	0.0589259176990728	4
-0.102224889808406	0.143854394645679	4
0.0950465439665167	0.198676096016518	4
-0.0234107731096041	0.0261935001717372	4
-0.118712365640578	0.178346613393716	2
-0.0259163129923272	0.0278091016916776	2
0.0510126957371022	0.0846347473160852	2
0.117484869433189	0.113600503366714	2
-0.113507145455063	0.360613883768954	2
0.0783004707521375	0.273105087002396	2
-0.029597985994676	0.0842662919832466	2
-0.0941802577695276	0.307828721220316	2
-0.00832418591929618	0.0206614047863035	2
0.0946549793029042	0.272258825662649	2
-0.0398283311766757	0.0724442435249633	2
-0.0600102340042806	0.0983117005009675	2
0.0528935061799398	0.0906298381734171	2
0.0774815942171397	0.143857703382005	56
0.00806838433003028	0.0155774717671904	56
0.0127073182059692	0.0248761806378858	56
0.0837765751247304	0.136454406194787	56
0.0587006754496421	0.162294491471149	56
0.0575194252094939	0.135365007129467	56
-0.111215038536056	0.181286605571084	2
0.0953747093645003	0.167493003020476	56
0.123215601840906	0.201482082269691	56
-0.117017402520085	0.153998099573832	2
-0.0302828585895319	0.0753255676195178	85
0.0684302233745195	0.179327699866416	85
0.0338484971258952	0.0726857823659223	85
0.0305553763103971	0.0890076415222679	2
0.0832309207457261	0.272639310017226	2
-0.029723128567144	0.0735047252523061	2
0.0426293743967731	0.0889327562846283	2
-0.0603783328307422	0.0921748877794161	2
0.0390738347145535	0.0733786217277374	2
0.121390048269393	0.282391993349488	2
0.0625244400764842	0.152554469927106	2
-0.0369671012338308	0.0515946920467786	2
-0.0218450247410014	0.0303289352591426	2
0.0510365738989133	0.352880291079113	31
0.0618108334568793	0.432035521937843	31
0.010642924539401	0.0503982071716879	31
0.0119587646987679	0.0504024295917428	31
-0.0857015940021079	0.323084391276973	10
0.0124728623782298	0.0353184919596977	10
0.0982949236914364	0.173409748073479	10
0.0793397602233135	0.100324994038522	10
-0.115195851864828	0.21917351262271	10
-0.100225593183478	0.174859404151788	10
-0.0271554327105293	0.0388015616540255	10
-0.110577204105428	0.176074726643279	10
0.0702080592826837	0.0817741866401613	10
0.0475507056482521	0.0491183132921392	133
0.0196048158583809	0.0133306071492466	133
0.0889934759430249	0.0880208846984619	133
-0.0295852804643784	0.0251173232221153	133
0.0802253192466912	0.0700693915283371	133
0.123602752579073	0.180332145552612	133
0.1063104414096	0.146317727280934	133
0.0451763852797527	0.0648638525007734	133
0.0935463418982183	0.123575294639196	103
-0.012647890370258	0.0147392794520004	103
-0.124898272817343	0.133275366628975	103
0.0517452789772658	0.0573877323267903	103
0.0874000510961435	0.316580768391201	103
-0.119242810467945	0.452355404158968	2
-0.0325535852782634	0.103268716634909	2
0.0800878115049779	0.277280557078386	4
0.118079529239494	0.447379905098035	4
0.0959320178606597	0.341153780905901	4
0.00313928074623466	0.0065554108126324	4
0.0235490495914016	0.046664593017726	84
0.0607782231758304	0.103894730554199	84
-0.039724691604553	0.0501243676221049	84
-0.0538847835467112	0.0704470584474117	84
0.114038261315315	0.151761989953006	4
0.110426215892271	0.116004995172816	4
-0.0451829581620711	0.040961040000845	4
-0.0990249919338146	0.11111054969499	4
0.0796869109432938	0.106481965069709	4
0.0309048955850963	0.0183458201174731	4
0.124118445969821	0.0932309769445021	4
0.0408370446216399	0.0508631015664501	2
-0.100808109308624	0.102177147749219	2
0.0327453757319514	0.0637763809697294	2
0.075447834895701	0.188160181971166	2
0.0253079644361931	0.071764938443775	2
-0.0587184626809235	0.176729748978476	2
0.0283590349756023	0.0792402184982775	2
-0.0440959588210345	0.108810788781185	2
-0.0214358393921694	0.0329880891677068	2
-0.101384049082586	0.177186258551472	2
0.107434104292336	0.216215716619925	56
0.0597234607487232	0.10486099682218	56
0.103526286654408	0.283948784408421	56
-0.0698992402641727	0.187336645066099	56
0.088390281220152	0.0947669403473729	56
-0.0527697841268634	0.0802868779777515	2
0.0307576938957453	0.0182566481779697	85
-0.0150744046092438	0.0176038380305421	85
0.0471890651937767	0.0998041185231568	85
-0.00825255798252512	0.0167789238689236	2
0.0474079413329981	0.0839008717155473	2
-0.0625462209126524	0.0564690129298646	2
0.043063644589437	0.0711199127374414	2
-0.0956543845375529	0.190616078832647	2
0.0618374528226853	0.435056357603716	31
0.0881180999412851	0.545266421953397	31
0.0217631930807025	0.104167470879221	31
0.0564731048387169	0.260992232858814	31
0.11428662624472	0.370257883849341	31
0.00910023443200505	0.0235416371766981	10
-0.058789735524481	0.160922064402553	10
-0.118816818989337	0.0989988901824064	10
0.0641489258836793	0.0480793907739996	133
-0.093263268194268	0.0656426743641117	133
0.112990305685535	0.0956951788281461	133
0.0869587874555942	0.0931134765016761	133
-0.0620750486525435	0.0560240589385581	207
0.0392959284479526	0.0488729656663867	207
-0.0629784290905824	0.0674867398891025	207
-0.0840882165516341	0.0854290314595278	103
0.030386299476632	0.0334673219431764	103
0.0136760197030224	0.0323711081240088	103
-0.0681631420737428	0.187652681846478	2
-0.00312655426618897	0.00769190305236633	2
-0.0175737511010295	0.0410219402543318	2
0.101225311597178	0.285444115121785	4
0.0175595051794615	0.0223396955349213	4
0.0116347107369622	0.0204549557663326	4
-0.104738889701565	0.170642056501877	84
-0.117920080561272	0.0982132443149622	84
-0.0991222627495076	0.0511997909496297	84
0.0880394424583326	0.047014532261063	4
-0.124025782160192	0.11045941101676	4
-0.0289603947547748	0.0245786796763053	4
-0.00193942794615402	0.00188717449995856	4
-0.0140544531544087	0.012838521187011	4
-0.0121321139080845	0.0103467487910533	2
-0.0742985610207276	0.0463683887185551	139
0.117084858904482	0.204928702959828	2
0.0877238971008392	0.183278983421819	2
0.0165183079345143	0.0356618100565344	2
0.0473459334434728	0.089673040302427	2
-0.047433136372044	0.059808764278258	2
-0.0912253826872993	0.106823360842158	2
-0.0719484073483509	0.100482783668278	56
-0.0539535917807984	0.0421543909770497	56
0.0319892857627386	0.0249106813976311	56
0.0430899543763248	0.0308225471160368	56
-0.091390322161224	0.0873931828445117	2
0.109088222191342	0.114435373564565	56
-0.108573855458187	0.132344852358418	2
-0.0251501378178716	0.0269671819910753	2
0.124313784612069	0.0461942332537848	85
-0.00382707291732807	0.00211958439536811	85
0.050811541771537	0.0411997199956275	85
0.066261949179333	0.097774677372251	85
-0.0422481612506553	0.0642239725694733	85
0.00693633834495993	0.0141392192853349	2
-0.0903580950375819	0.196199398036685	2
-0.0278211360698961	0.0374712902812993	2
0.119381569869361	0.0691459287096924	2
0.0926403337316753	0.083719382962072	234
0.0260698121735465	0.133240142139074	31
0.0592395676906143	0.377623370953919	31
0.0706815837765097	0.339204987691981	31
0.00371247570191548	0.00730026144891888	10
0.000261172727981351	0.000241850177815232	31
0.0816291065127738	0.0713416512157749	31
-0.107241292593226	0.0826846680753677	10
-0.0449210165427757	0.0407157893448123	133
0.123453358606478	0.0458656682974777	133
-0.0788294250700622	0.0611961719074386	207
-0.0930989907248215	0.0891475617454996	207
-0.00729055508656078	0.0047425830304559	207
0.039100264151579	0.0339334130664404	103
0.0594294728478807	0.0377880170844454	103
0.114989207209019	0.246614212491394	103
-0.0526031743935787	0.111191825569258	2
-0.0352456699913426	0.0394914172409885	84
-0.103637574297318	0.121277981274513	84
0.0437109725421712	0.0138706805505789	84
-0.0625554422758048	0.044559837506007	2
0.035856301345953	0.0461105529207999	2
-0.0822344561201111	0.162785215565686	2
0.0371204311820566	0.064978475373844	2
0.123715794481762	0.202440175477738	2
0.0559495278230694	0.0763817049694255	2
0.0778400588492758	0.0811233256716199	56
0.00378929374691643	0.00462994713254935	56
0.0848995617669734	0.0574607370289221	2
-0.0938467165178486	0.0660788955728858	2
-0.0485753005095808	0.0202051671754692	85
-0.102151474316397	0.0280429520461372	85
0.0935242900346797	0.109725570273963	85
-0.0841289991161094	0.118225985120163	85
0.0435324185476598	0.0311443877158171	234
0.0304093441847088	0.188262780866031	31
0.0407272288977235	0.255194349884144	31
0.0761795050598229	0.341941380544659	31
-0.026228237922766	0.0992484685286477	10
0.0208347248610796	0.0698516196172389	10
0.0570001116506229	0.10174492727923	31
0.038327113891476	0.0746549272565806	31
-0.0671681824086838	0.1222668123666	10
0.0260656291756985	0.0364845142958406	10
0.0429510137896724	0.0632826452170644	10
0.103998315024622	0.142713489436634	133
0.0340342523363307	0.0472056409914912	133
0.0627222436216434	0.110688129005456	133
0.118730579585855	0.217290650477647	133
-0.061576247991532	0.0986233368144984	133
0.0186671022177342	0.020020263675751	133
-0.0754109512973782	0.160388588767746	207
0.0619084315108328	0.123054685246003	207
0.11895756019968	0.191490584387826	207
0.065834450121399	0.0887892719950464	207
0.0137567041612606	0.0180151992519136	207
-0.0461099813547519	0.0718353300213247	103
-0.064046017840108	0.0839086943509686	103
0.00559249957511468	0.0159210544572816	103
-0.0208358479238019	0.0629963167530228	2
0.0950073691876369	0.355662347642698	4
-0.0348016346457432	0.0706291422222509	2
0.0818124467835384	0.190257778833053	4
0.0333169586441474	0.0442317593884475	459
-0.124754130452932	0.133109765481638	84
0.0105130697821138	0.0131145595855575	4
-0.0241571079947404	0.028215500040393	4
0.0897672523727806	0.143426851206949	4
0.0358457611717162	0.0581252222206175	4
0.00656921008761443	0.00870021528489382	4
0.0191177836759998	0.0205106769173623	4
0.087185376272678	0.106461733475692	4
-0.100265541301043	0.101572726990842	2
0.12477063435926	0.324894391383892	2
0.0650174391984384	0.208540658557087	2
0.119774086327914	0.443669357869694	2
0.0734030404128921	0.213555859684114	2
-0.070066650063921	0.134622224015615	2
-0.0350415796322889	0.0578608671171122	2
0.00908902355491826	0.0117042909433541	56
-0.0287604798842505	0.041200077389175	56
-0.0687385231668732	0.169957035443887	56
0.0287439200479176	0.0696216834028431	56
0.0547500463083111	0.14643179574082	56
-0.0885844946374794	0.181313614387316	2
0.052707169396756	0.0801468422988643	2
0.0954702835744189	0.119317755459926	85
-0.11855560174547	0.0987723913136109	85
0.0306448076901428	0.0692987518827921	85
0.0476711232815095	0.113595378285991	85
0.0428889006454572	0.109170047593209	85
0.0346681334559545	0.0929553272189432	2
0.0420151811389197	0.0779568690491856	234
-0.063755430835458	0.0683734594744317	234
0.0461470849567854	0.0776469181410179	234
-0.0313631455032885	0.0570284515131839	234
-0.0375384398277836	0.0490312649750535	2
-0.114424128594513	0.246498134917362	2
0.065091934748508	0.480468256843742	31
0.0935088721274778	0.654984973798992	31
0.0545080658726452	0.304569397192521	31
0.0741246498805108	0.378484306939277	31
-0.07015849969831	0.215228570806671	10
0.0621757319795565	0.14129294744893	31
0.112997745519376	0.293558405459585	31
-0.114139767055854	0.271529310788262	31
0.0957808539942476	0.311655255099701	31
0.0521367714330079	0.142906060989792	31
-0.0733662632728275	0.158010361955542	10
-0.0353225517158675	0.0620331517482961	10
-0.0359454667466518	0.0558706441280788	10
0.0481017873296703	0.0642924366945251	10
0.074211873141248	0.164958824641458	133
0.0978843423204072	0.19541774573459	133
-0.0250244635771172	0.0280446892232198	133
0.0858122315206828	0.104620130162918	133
-0.0940677802170921	0.163730899810438	207
-0.00106337819722502	0.00158420790896934	207
0.0887185694433534	0.161701202172672	207
0.0434214721579791	0.0997103836576719	207
-0.120551312448116	0.319316941733955	207
-0.0880371526337066	0.152884810646494	207
0.0992001763848887	0.182194700327901	103
0.109223825816514	0.214325991304055	103
0.0391465950684085	0.0486772884026369	103
-0.0775205227470327	0.11570818922944	103
0.023775002696353	0.0544119885457127	103
0.00838639418701903	0.0196560483415121	103
0.109578415142936	0.425820020299809	103
0.0870174451379875	0.298522979358388	103
-0.0491348767287914	0.153893490301269	2
0.11051026070737	0.408985335290666	4
-0.103417774022286	0.371816067870881	2
-0.0513938256945801	0.117580734537516	2
0.0660123828785197	0.180100936230909	4
0.0655613700355642	0.185819453679546	4
0.0782215417587482	0.202969268879678	4
0.0734224157966727	0.0961616439517581	459
0.044923013264963	0.0644760192985803	459
0.0070429643128862	0.00995775738753968	4
-0.0810879355530093	0.16547349451681	4
-0.123322270246873	0.221899866139779	4
0.120656464342599	0.164023716008072	4
0.0400534890765374	0.0347899091889132	2
0.0325110001723418	0.0300346133791403	2
0.11501872139062	0.360903830883209	2
-0.0999606861762403	0.340887278668447	2
0.0578818356206199	0.183847149447934	2
-0.0862019009552295	0.28535578735326	2
-0.0343932052816122	0.0881136356460106	2
0.102308759288735	0.213785450309067	2
0.0922240370077586	0.159920356078057	2
0.0150509152415208	0.0266327865524709	2
-0.01798018626203	0.0339156278966037	2
-0.016773690185128	0.0320406825350135	56
-0.0400475490037829	0.0409125201167456	2
-0.0208854535049927	0.0342445449547774	56
0.0281835621999643	0.0663469348878735	56
0.068396838801941	0.176584821567652	56
0.0816194379475066	0.240625897298142	56
-0.00687700185960427	0.0135843663035634	2
0.0818159275260848	0.136437791699849	2
0.109905746200776	0.223528724574232	2
-0.0776466271955834	0.0832004407940259	85
0.00893351843834678	0.00720145412439327	85
-0.0102490333734743	0.0226707126284531	85
-0.0242275701434571	0.0635257499879467	2
-0.1199645439851	0.383297345768187	2
-0.0216310328881049	0.0505588932031026	2
-0.0557076844602271	0.0729867146516904	2
0.0285503679765465	0.0464332787187997	2
-0.00431737266413445	0.00503334857426251	2
0.0273719399139188	0.0533025189772131	2
-0.0443197362257663	0.0599282016057965	2
0.0363461514822598	0.216984066523074	31
0.0596951170447091	0.388133771912732	31
-0.0120587122348655	0.0502913194737722	31
0.0785663658070915	0.303926765786336	31
-0.0269321941670935	0.0785249955049616	31
0.115262450007944	0.41641967369325	31
-0.00880362392318456	0.0204636900844514	31
0.110069328705983	0.287208789701816	31
-0.0326059405083464	0.0678125395219137	10
0.11602158539043	0.26917569642677	10
0.016716999568886	0.0296692674577274	10
0.0140632536785059	0.0223509361800555	10
-0.106596318861607	0.206014625287609	10
-0.101377714540625	0.128437366295975	10
0.0562728959987197	0.0996765455934115	133
0.0251840304788034	0.0404584815731938	133
0.103530020388485	0.241494097811674	207
-0.0615223112250609	0.122006022028933	207
-0.0132864880207973	0.020425906118405	207
-0.0981808474539788	0.178157749786237	207
-0.0504768873289249	0.0806012625452234	207
-0.0202384872361402	0.028045268691078	103
0.0200768855770765	0.0294053324093525	103
-0.0517686242923473	0.111367717636672	103
0.0418460819773847	0.0824530145158333	103
-0.0929458828288387	0.214838668222073	2
-0.0627619864704342	0.132081322243995	2
0.0897279354123115	0.184717192434642	2
0.124832883918515	0.277112163446664	4
0.05619526792251	0.109940029097788	4
-0.01126585904769	0.0197715241791031	4
-0.0180656160272361	0.0345979703032929	4
0.0420805267110764	0.0455009416001958	459
0.0719593519625876	0.0890497773388686	459
-0.101171880041396	0.142187012982801	84
0.101052341416363	0.128894891718086	4
-0.0476749247821215	0.0705479999697969	84
-0.0675501720320628	0.10338559025804	4
-0.082981968759545	0.100901322742082	4
-0.0914992485148559	0.12840908564411	4
-0.0407404822700503	0.0514715433489519	4
0.114231176460607	0.16067255407876	2
-0.0829334805340364	0.0841532219304034	2
0.0741802740322827	0.117146419357643	2
-0.0852697700323406	0.185261597891	2
-0.118873701080545	0.276979073655527	2
-0.0917067768259842	0.199678186207968	2
-0.0800095503450474	0.138146021054179	2
0.0227241260259973	0.0325575311798841	2
-0.0767751473268523	0.123977808708294	2
0.0277293275659989	0.0403656748221195	2
-0.116466475992235	0.153163999965801	2
0.0879522079461338	0.0942521170562301	2
0.0853236998368715	0.116215265087957	2
0.0873293887472295	0.137815597484165	56
0.101409356223418	0.21026749126291	56
0.0780660628217313	0.149972835959265	56
-0.0355478111508335	0.0495197298674114	2
-0.0372624671378937	0.0486639532848548	2
-0.0916514887590669	0.0876652861733833	85
0.094255986424752	0.0853110482580753	85
-0.0569060912879807	0.0547503641926667	2
0.119559281315788	0.162269549273666	85
-0.0889560772719871	0.170089190476518	2
0.00392747910513785	0.00630059078745204	2
0.0880641134085812	0.0943967954387335	234
-0.0703374602781099	0.10152139199353	2
0.0977687978143051	0.138542358026045	2
0.0675625552791126	0.0998854803797064	2
-0.04852903499322	0.069799922513428	2
0.0764912061042096	0.591612492881978	31
0.100570027552128	0.837915044221144	31
0.0402274061403255	0.178219418082206	31
0.109235020858794	0.453722088677594	31
0.00819357383175352	0.0267387723939594	31
0.0495368289032351	0.17615860902446	31
0.0811635417646774	0.294484665727487	31
0.0247337310780609	0.0715648762251146	31
-0.10327265642398	0.336317215942623	10
-0.0402375887969444	0.0931484849484084	10
0.115103653358072	0.360197386322657	10
-0.0905157065787064	0.217201708169321	10
0.00973435707570244	0.01832688458608	10
0.0849753449605443	0.157392927735866	10
0.0233822944901614	0.0506174693169547	10
0.0275535348380801	0.0611755954170267	133
0.00725060929683388	0.0146105972091012	133
0.0488321478479903	0.109976489294697	133
-0.0665201795977454	0.18290975781496	207
-0.0166991168314054	0.0405226283727115	207
-0.0945061311218189	0.219106854904288	207
-0.0437487613540304	0.0882640287786332	207
-0.0546158446063741	0.0949554488011996	103
-0.055081871374168	0.146491754215186	2
0.0175583409214534	0.0366178325723788	2
0.0154497481858985	0.0430397225198073	2
-0.0667853447586695	0.181968273477947	2
0.0000614173839991538	0.0000894749511297584	2
0.0406838387721502	0.081259549706472	2
-0.103153544653094	0.324008599160598	2
-0.0300201990706325	0.0717305694988947	2
0.00383252843211673	0.00846417257118444	2
-0.0507456360969678	0.131130726866429	2
0.0726980763842818	0.196583246092566	4
-0.0369825916172914	0.0927840796802207	4
-0.100285121461931	0.226300592018842	84
-0.061231595770235	0.108630453575093	84
0.0231209646425235	0.0395620985379373	84
-0.0853196422427381	0.168927229902345	84
-0.0909567250593084	0.135710282702861	84
-0.115121947063129	0.243484532124784	84
-0.0669445836458345	0.128638057745516	4
0.103135088123137	0.191987124345115	4
0.00693908676771374	0.00756685514667257	4
0.0220816161082687	0.0295382528389708	4
-0.00462656125996737	0.00767614676266801	4
0.0128626922486252	0.018947781949821	4
-0.0773276563279882	0.118966633767228	4
0.0513041144830948	0.0629647482817942	2
0.0343845189060213	0.0402913559196506	2
-0.0436584840402019	0.0509834695554665	2
0.0630011710073917	0.0916577535782423	2
-0.0343675834339642	0.0614089530414418	2
0.0941220765756842	0.256487852668516	2
-0.0172124725336792	0.0413050507213907	2
-0.0133024857547442	0.030277427179537	2
-0.0263019504031264	0.0563967765102682	2
0.0913130715618913	0.239117534893259	255
0.0240761652841302	0.0394239199554094	2
0.055811993004737	0.106635831364517	2
0.0142061261269541	0.0289197973351433	2
-0.0737436107430164	0.158947739134266	2
0.036873296238529	0.0513251599929736	2
-0.0707460825256532	0.136109082346912	56
0.0730730640721917	0.186043888004892	56
0.032004349679003	0.0743358065887223	56
0.0945199500116856	0.266942248698456	56
-0.0428788858197511	0.0886729688359454	2
-0.114171064300886	0.200402085861529	2
-0.00303399657241986	0.00529483564375719	2
0.0275900071278543	0.0401554479284142	2
-0.0274178845201973	0.0503459754095033	2
0.00436137638634574	0.00673076737028227	2
0.00821249705437917	0.00895885620771398	2
0.00779176806907256	0.00813968307408868	85
-0.0629564465688829	0.067452353902823	2
-0.116680130507073	0.199909260430068	2
-0.0331812317958878	0.0707466775174294	2
-0.0492850521036979	0.0836055898837324	2
-0.057992467729589	0.120087228083435	2
-0.0214362080495954	0.0430046148583872	2
0.0390907579506413	0.0844639151159139	2
0.0852981641414456	0.167978229292703	2
0.00332312463459419	0.00575809383596757	2
-0.069387870981436	0.138240607391701	2
0.086256602966708	0.706087296175268	31
0.0679528441807442	0.470779999345501	31
0.0765982055026917	0.487131959471262	31
0.0973043920636753	0.656983012407376	31
0.111962186588261	0.665971610319048	31
0.0830952724339289	0.415911963778083	31
0.0403073484407126	0.1588626638054	31
0.0749300111134954	0.308456155609054	31
0.107327206509076	0.468140944933277	31
-0.0565773334306857	0.177965893327183	10
-0.119315678399722	0.371581501261362	10
-0.028365051060696	0.0547539488378298	10
-0.0545499363638101	0.150653622527437	10
0.0385524323494165	0.124897409890478	10
0.0554221251767153	0.169725872205774	10
0.0373478858451303	0.076373412046507	133
0.0114443188950136	0.0200074240350538	133
0.0984102803839153	0.191317976054328	133
0.09437694216536	0.299438528719766	133
-0.0329562166440169	0.0799079841764907	133
-0.0986008550407657	0.312505600130747	133
0.0136521960252866	0.0386975517914494	133
0.114282429595291	0.284763938929281	133
0.0389602188028649	0.0969677389918836	133
0.000496675774237669	0.00102629263910896	133
-0.011365229185696	0.0280435386911478	2
0.0138361320137957	0.0281451127236353	103
0.0761456635440785	0.205249517451568	103
-0.123831261859505	0.417439398573885	2
-0.0611870052979411	0.14464337610445	2
0.00956239226339689	0.0186862164829283	2
-0.0725024607361528	0.144513303993136	2
-0.0612550235827852	0.127074990449974	2
-0.111924066942614	0.280247667737077	2
-0.0233865556972227	0.0462491510865539	2
-0.00818067352686634	0.0174593566929023	2
0.0935862584507815	0.294029935716113	2
-0.0410332531844024	0.0951653173623856	2
0.0229961719369965	0.0653759349666761	2
0.122834502289689	0.430521237821104	4
0.0893015442934312	0.265563548118119	4
-0.050917486458981	0.149593473978328	4
-0.0734832620063177	0.151271698593585	84
-0.0731590458363637	0.215545862203804	84
-0.0907203996910877	0.253154251474836	84
-0.0745440407418769	0.13861982728343	84
-0.121144826369337	0.313025043412746	84
-0.120693926652003	0.319813281188155	84
-0.118520651558018	0.282912675825448	84
0.114987537104633	0.392048521286259	4
-0.0146325832844077	0.0304388885864246	4
0.0169147491621052	0.0252668912302828	4
-0.0324479336760928	0.0727557728248679	4
0.0301854290174954	0.0620581228833054	4
-0.0593852130211155	0.109474285848437	4
0.100657262994434	0.151806440389087	2
-0.0537478219626591	0.0818933919226343	2
0.0678341659009916	0.108154846382345	2
0.0190880376771719	0.0411033380140296	2
-0.118859165588598	0.400291671477669	2
0.0554509926985195	0.145268764072407	2
-0.0870879876181081	0.254321865848154	2
0.10172118151154	0.277900549862181	255
0.110750220163227	0.356150756267427	255
0.0542333255644855	0.109322125801363	2
-0.092064749879425	0.198161595656524	2
0.00590975532756781	0.0113617363546555	2
-0.108099636217884	0.265470292520082	2
-0.0275350265574165	0.063685116625445	2
-0.0312785186621024	0.0785008404650663	2
-0.120376941813614	0.356886781319443	2
-0.0513303970830734	0.0874094049482044	2
-0.0372763280451196	0.0536305353954214	2
0.0154408712930975	0.0208878131172061	2
0.00900562391396359	0.0190495494379568	56
-0.0466209974975939	0.13493383612252	2
-0.0291897787246887	0.0827192323211135	2
0.0129286297220615	0.0320888740386781	2
-0.0834599081468896	0.167891604826198	2
0.0431083963787628	0.0851580374813136	2
0.0455538221217891	0.0627916708981606	2
-0.0583824144011766	0.0654507305780432	85
0.041878901570385	0.0501676721458617	2
0.0956384694046477	0.287720941287984	85
0.0927732933037476	0.238503393270654	85
0.107520241697827	0.255230390511199	85
-0.0336188871731185	0.0577162731989156	2
0.0866685206934145	0.24152269074776	2
0.105678159364389	0.119337848166444	2
-0.0164818639440507	0.0264405455425398	2
-0.106444469469594	0.231609059348348	2
0.0512278347228859	0.0718823990000457	2
-0.0896816251753249	0.205873009994859	2
-0.0405624531798261	0.082585848178191	2
-0.067743833964751	0.136944030832095	2
0.0798533232333167	0.632129126921509	31
0.0648969211461723	0.46616041964416	31
0.0421703681042101	0.259616355924169	31
0.0157613323557128	0.0791225822552123	31
0.0929296776494229	0.608765136743461	31
0.0916749761100151	0.507583028631115	31
-0.020408798201329	0.0813161058117732	31
0.108151281468066	0.584048487692873	31
0.0786680842152329	0.338919555477569	10
0.0676493586069184	0.265076499119129	10
0.0892465818671884	0.329935999664751	10
-0.0512859415545597	0.173076390286213	10
0.0297997182446337	0.0947975445050913	10
0.00723577251987425	0.0204560857920558	10
-0.0234678406762232	0.0672233180497891	10
-0.107991259806341	0.385997731151965	10
-0.049552446873871	0.149945024706688	10
0.0432070107109678	0.124664980977281	133
0.0411180795950439	0.117345939363107	133
0.0695956205187359	0.214629072285073	133
0.0267810230538592	0.0619349715895773	133
-0.0810078986579977	0.228970557481596	133
-0.0762257301565935	0.220564923368223	133
-0.0878487404534695	0.27557472616849	2
-0.0148512701312477	0.0327334724318454	103
0.0205465906710399	0.0341251734726284	2
-0.0538938248331842	0.05497538315561	2
-0.0140456235140681	0.0170427971913353	2
0.0984586317857448	0.319312788770122	4
-0.102805511793251	0.344552657630862	2
-0.0522634975694613	0.135155975599955	2
-0.0610323209561456	0.159757172906011	84
0.0621929798614164	0.16923989785775	84
0.0383318867271306	0.091313155408312	4
-0.109442055568907	0.313574132275618	84
0.0181839840004814	0.0416921104056745	4
0.104435419808704	0.284239750754012	4
-0.0737920445703784	0.202672803295321	4
-0.0584173834294334	0.156209788308681	4
0.0601252437316871	0.167263638502323	4
0.093233571503916	0.260327291002795	4
0.0102408813066288	0.0256633187567783	4
0.0589372187541665	0.154098481338716	4
0.0447631031827044	0.121612414184137	4
-0.0385671971376534	0.0934914510977059	2
-0.0516066931316346	0.132852605986947	2
0.0589235155026892	0.161141401416502	2
0.00106847059197181	0.0024052922325192	2
0.082353893914141	0.222355842943709	2
0.105227602410027	0.320344495073632	2
-0.0842854096966175	0.241107228941862	2
-0.0301140637425001	0.0379410917747388	2
0.1006634479232	0.17370798469355	255
0.101135790726753	0.152619685585624	255
0.119240080977819	0.32395814253634	255
0.0496967368016128	0.108621552415199	2
-0.0159808906853587	0.0295697269132367	2
0.0799227633801365	0.191502463026374	255
-0.0933808553007351	0.232555964569463	2
-0.0625435188393464	0.131586072494368	2
0.00723480858811693	0.0142021656134739	2
-0.0838589440817489	0.208133908390863	2
-0.0825456989732116	0.203426464760412	2
0.101676114414263	0.282432602896742	56
-0.104949341715339	0.280500996351573	56
0.0605344965968485	0.147577427505031	56
-0.0866519176148524	0.16853528876606	2
-0.0117282638440652	0.0262370164652874	2
-0.124644151937401	0.390447972995919	2
0.0369587242369607	0.0780756113233766	2
-0.0973206615455431	0.240845820737679	2
-0.0549052684690949	0.125560982842567	2
0.0213335696497525	0.0398589398344737	85
0.0399876830858533	0.0586579345160238	2
-0.10571426562824	0.204012001686286	2
-0.0374781110337499	0.0669888360619868	2
-0.113194239086338	0.207344744827274	2
0.0109897631338197	0.0168959078699402	87
0.0624257956797064	0.0828304494220733	87
0.0229769400713209	0.135944177868765	31
0.0874573466690607	0.692093545206014	31
0.0488131739776207	0.295704567172217	31
0.108943239529326	0.755540607743339	31
0.117957616385481	0.739911898479826	31
-0.0297002281883707	0.127063474871711	31
0.121465739210229	0.725675352342804	31
0.063037818622805	0.291256052130628	31
-0.0385367320561217	0.163919080198292	10
-0.0332668765049104	0.127707541556557	10
0.035521993411456	0.134348806514494	10
0.0483855479127159	0.165363015215274	10
-0.0222030009332364	0.0741623848821338	10
-0.0266730805829557	0.0888008267523644	10
0.0141781408932261	0.0455934113667005	10
0.0209334314578365	0.0582528398566333	10
0.0911977544753758	0.313905346733086	10
-0.0206687230074353	0.056681083670522	10
-0.0669419924883779	0.223760852801722	10
0.0874911308403005	0.276446311868121	133
0.0599827657138124	0.143092179159435	133
0.0786850055196648	0.244500783863652	133
-0.00499536779444691	0.0124112002351215	133
-0.0943101333308327	0.27087601339262	2
0.0112765670530881	0.0275912266623188	2
-0.00162302990967115	0.0039070706171638	2
0.0660969717831068	0.0556598932820248	2
0.0539759333288503	0.0485272790559594	2
0.0520387047880157	0.057731244636679	2
0.0297594403355123	0.0327548703892989	2
-0.108314096650549	0.115783435108533	2
0.0522727007684012	0.109368086538225	4
0.0639842606541339	0.18064244364952	4
0.0982008776037828	0.191999863903308	4
-0.0791744259185203	0.150677943754335	84
-0.0610910280744368	0.110692929186692	84
0.0967533772338369	0.266102510067357	4
-0.0104220047633755	0.0247514142626687	84
0.104576712696697	0.314608421764352	84
-0.0571655489801983	0.150892057087075	84
0.00146660977109163	0.00296664902458389	4
0.103843223735961	0.352007393374101	4
-0.0788902437179664	0.212182423052281	84
0.029584712103171	0.0691066794557128	4
0.0803716177486167	0.221031079267803	4
0.0720233830986614	0.193125142965463	4
0.0672693580566977	0.204119285609749	4
0.0974443229588835	0.33442570062879	4
-0.0317167482797842	0.0750231452204557	4
0.0452261960415412	0.123560038275581	4
-0.0425977695442256	0.116001877530208	4
-0.0180419249343464	0.043162489671151	4
-0.00686779083669746	0.0143106861871376	4
0.112039937359076	0.346124008119197	4
-0.0376290020638629	0.103459531012647	2
0.00794438625089523	0.0197426347781944	2
-0.0457293438347772	0.0414681616283545	2
0.0706922419089523	0.0823854597624071	2
0.0414094534822097	0.0542452272398014	255
0.110560468565544	0.154881319752143	255
-0.0395912363415724	0.0480038403904665	255
-0.06515558924296	0.139373935075429	2
0.115520963257544	0.254223746560763	255
0.0567527839433681	0.115524906395564	255
0.0426009408307308	0.0757891732356148	2
-0.0531981962770126	0.0961833196429273	2
0.0369888130051334	0.0910549066376105	2
0.0175274846564311	0.039691979309901	2
0.0198762225004346	0.0459084995816786	2
-0.116943490700588	0.291101843601409	56
-0.0868066874575134	0.125640610492252	56
0.030166603750355	0.0491911526885666	56
0.108030300658777	0.283430532210295	56
0.0000948372417234367	0.000192128559195463	56
-0.0245917343362441	0.0533981224890491	56
-0.0455940575545488	0.0986612584661148	2
0.0306249945879429	0.0724749726004436	2
-0.00725586457630293	0.0167569030404129	2
0.0206027652224914	0.0497469809910742	85
0.029663026629122	0.0600530576661687	85
0.0417237486361656	0.0546912399456322	2
-0.040975288219926	0.0497620622316291	2
-0.0354100318739375	0.0549973036340418	2
0.0970810712341535	0.229796972931243	2
0.0243938344918018	0.0340680237413011	2
-0.00505767035500839	0.00719705261446769	87
-0.0036627289849696	0.00409898532968839	87
-0.0404410288177379	0.0490894006916786	87
0.0600013008063703	0.429879472098977	31
0.0627452656773189	0.334407703323861	31
0.114746462616896	0.726908862010333	31
-0.0960683717154814	0.535010585067005	10
0.0206596157045465	0.0784849771579719	10
0.032069360715677	0.122606885162392	10
0.124874524655177	0.551311103700381	133
-0.00114875886999424	0.00348104032593057	10
-0.0471985752618166	0.158021573632676	10
-0.0754212613566218	0.275900442051092	10
0.111743968332494	0.412254437065984	10
0.0426845926847758	0.129610404584356	10
-0.0566802069392359	0.17064747272856	10
-0.0573779442339519	0.17975104169496	10
-0.0603679387580046	0.194386869188093	10
-0.103404428543066	0.351199110661412	10
0.091013734744913	0.293957751177817	133
-0.0258063666765995	0.0618284291668312	133
-0.0494995784435091	0.140157581675838	133
-0.0569715258215107	0.159728788106165	133
-0.0348626044162256	0.0888552680871049	133
0.0693636886105887	0.194287062914895	133
-0.0845239800425182	0.252294285798909	2
0.0257756175937279	0.0480444057404823	2
-0.0102044534031965	0.0145349746866823	2
0.0610323943378771	0.069380043702752	2
0.0481382057850651	0.0789407189137	4
0.120020995871418	0.277095600624381	4
-0.0635076988190544	0.178723269826399	84
0.0040658626579578	0.00914437250482021	84
-0.0959490024649326	0.180434044635377	84
0.0607924670199533	0.112144477621383	84
0.0453928701300113	0.0942407805603686	84
-0.055480691736368	0.135101198317612	84
0.0157987093355168	0.0381499772017553	84
-0.0739650775878115	0.214614323205754	84
-0.0189847233900895	0.0470148065068856	84
-0.112003633777753	0.338897234639565	84
-0.0850252092472151	0.232282865715167	4
0.111163139272015	0.359699323831791	4
-0.122122361426067	0.362199969967592	84
-0.0839575743220853	0.195390534749879	4
0.0613711776087333	0.137267985169639	4
0.0564426873541037	0.150163340856863	4
-0.0109119950301483	0.0282894151042317	4
-0.108848254942082	0.379303010597753	4
-0.0294605722582156	0.0740552894149786	4
0.0394004512322863	0.101326125126329	4
0.0744328645217517	0.185222592457711	4
0.0460359000607075	0.129176799719661	4
-0.0485829704927564	0.127818619592585	2
-0.12046230066803	0.394491686700402	2
0.0716236238883307	0.197874510780828	2
0.040684447687607	0.0924995386370481	2
0.0468658435150567	0.0674474087939684	255
0.0137937814110978	0.0242068927818835	255
0.0885101573066809	0.180794076290875	255
0.0145365662968906	0.0330492342498207	2
0.118523265468787	0.232486982155988	56
-0.0334608186026559	0.0636461057856766	56
-0.0633052163499151	0.150346403657342	56
0.0875015552609374	0.182731935492211	56
-0.118235054781722	0.255008230961264	2
0.00402317640059226	0.0054669650705052	2
0.00886986063730389	0.0198985672547925	2
-0.0884872752759173	0.249583296190979	2
0.0911504696463178	0.256606743644475	85
-0.0297035393312901	0.0387781571913358	2
-0.0145833669166924	0.020204598376424	2
-0.0412429015659708	0.0765903531586204	2
-0.122243785456203	0.172362792868841	2
0.111534948925906	0.156434827218079	87
0.106374855224706	0.146421220982078	87
0.0706124319185266	0.535833794143562	31
0.0647964767302736	0.452172233136009	31
0.0205397485057219	0.103031508128772	31
0.11378624630537	0.834642004495609	31
0.0561839120340654	0.302433385132834	10
0.0352777709507211	0.159890574723381	10
-0.0247973159256806	0.109742406920162	10
-0.0478414435037194	0.213175944811217	10
0.0644186616087507	0.280995405919569	10
-0.0751141511979399	0.290617601804238	10
0.0997284396723592	0.440362549118914	133
0.0111207008921337	0.0360513739515468	10
0.00085761473192892	0.00268440351863038	10
-0.0128096906443763	0.0405690551499758	10
0.0521802814910856	0.179830171705383	10
-0.0484813936280637	0.14796300575137	10
-0.0910463093556715	0.328727651220545	10
0.0747350552212776	0.261262953364643	133
0.082554188980813	0.289702592339394	133
-0.0567243085924045	0.164664771625722	133
0.0420564691706765	0.115674746392435	133
0.10172160736958	0.334747139273125	133
-0.00301792053208312	0.00733720910231327	133
0.0624023615197691	0.165526473788995	133
0.0906965290481056	0.278626121312947	133
0.0172152193657575	0.0422851515567392	133
0.099418959854258	0.29193474126582	133
-0.109672542642538	0.345846510608671	2
-0.0962467449038034	0.210301231627244	2
0.022199995494236	0.0388410495026852	133
0.031774933657705	0.0293365223671443	2
-0.00228579350705164	0.00449135177470586	84
0.0273613009553472	0.0716880106403385	84
-0.0764958337885178	0.224744716965231	84
-0.0500538544289823	0.113664391868506	84
-0.0204726494229782	0.0321774397795457	84
-0.0248930439490786	0.0479312072951541	84
0.0843816203556205	0.182338361437721	84
0.065349113684698	0.116605577868169	84
-0.0514822066258145	0.126122811255585	84
-0.0287414697096713	0.0716398020007138	84
0.053358126577449	0.141823608301869	4
0.0576671049849794	0.13218739828049	4
0.0396639676380323	0.0899812211908106	4
-0.072338693219172	0.152937847110215	4
0.105388127261699	0.273879706489976	4
0.0788231329652348	0.244481689179361	4
-0.103066898220761	0.281907127719205	84
-0.0563031682225793	0.146172305733951	4
-0.122663247703451	0.402705658198058	4
0.0610607690429436	0.190573299611761	4
0.0481179428554116	0.129302826547502	4
-0.0413592749282739	0.11166529669383	4
-0.0703461611076483	0.164309714845225	4
-0.0320206907506723	0.0847922740191902	4
0.113463909777861	0.349088528087739	4
-0.0482257705264905	0.134369522054733	2
-0.114753563215013	0.375863693580006	2
-0.0411547361543855	0.0764270914344447	255
0.0326552570447251	0.0522924432952037	2
-0.0672688076111271	0.13341270113843	2
0.065048904628959	0.116010211220333	255
-0.0602138753724337	0.105037425637519	2
-0.11789847683214	0.241785372403456	2
-0.029306885559982	0.0540142425243465	2
-0.0509468055731653	0.0866997274290359	2
0.0232312754992356	0.0389979851061155	2
0.0193765147289713	0.0429302360290563	2
0.0554509926985195	0.145268764072407	2
0.00202597645784964	0.00397702771797817	56
-0.0133272794421651	0.0161601383029967	56
0.0502292590719927	0.0875192064169745	56
0.0324214376216322	0.0595013672886226	2
-0.0288067327252036	0.0681110392924826	2
0.0555632653471999	0.134071893317188	85
0.00263600660634897	0.00586453793511601	85
-0.0950882077102444	0.158477886408252	2
0.109397786460764	0.1610085274465	2
-0.120621018577776	0.307795140754057	2
0.0431083963787628	0.0851580374813136	2
0.100820956678147	0.204777428379934	2
0.123965845458481	0.20291696062838	2
0.023590727891835	0.0316186884547293	2
-0.0566994239665041	0.115237242040218	2
0.078656974955845	0.11033084326916	87
-0.10947929510512	0.133571097064915	87
0.0659575391278951	0.490617482060244	31
0.0763612530009432	0.573774475715405	31
0.0135834489198296	0.0699257719612142	10
0.038579760747528	0.216363998589873	10
0.0255895954392503	0.129080975324919	10
0.0892320740386436	0.560335826265503	133
-0.0489846860789915	0.200132072664297	10
0.0939138815922597	0.410105723351322	133
-0.0485293789534168	0.17619709515925	10
0.123951276339187	0.505946941909019	10
0.0168679244720283	0.051586274353575	10
0.0145218924262495	0.0438402419048401	10
-0.0458168328034823	0.141953455449366	10
-0.0324760423433614	0.0974953208835108	10
-0.00408792176165288	0.0107483014608693	133
0.10075811242712	0.337539708844593	133
0.0216179552333846	0.0583351776435374	133
0.0202788790866292	0.0555954585064196	133
0.047516956290547	0.132842238140092	133
0.00121010914650329	0.00287735941292027	133
0.0317958992943638	0.078359766248505	133
0.0140681709082642	0.0335259450824693	133
0.0986800857222662	0.255469782390551	133
0.119556485206668	0.283537135922712	133
0.0488751410851253	0.0889569809204748	133
0.0201625875856532	0.0248392684838726	2
-0.04518572200336	0.114676631602175	84
0.106325543789266	0.31778648648955	84
0.0533283920916975	0.129659295173238	84
-0.0211004618503436	0.0483635724118771	84
0.0498282247152105	0.115933162801479	4
-0.000367507908093227	0.000818365248027895	4
0.0814975270170411	0.214584577839106	4
0.0925936805894187	0.260379443263346	4
0.0552263765393909	0.140673386033651	4
-0.0513415410045996	0.124268332088386	84
0.0558449929272747	0.134358359968896	4
0.0294021747093822	0.064194030284018	4
0.0058964953207179	0.0134442525420304	4
-0.105283081779245	0.318444401379479	4
0.10833784327209	0.348425489822593	4
0.121807046066721	0.392770414703181	4
0.0449384722572708	0.1164173991676	4
0.0481984250443594	0.132735513095068	4
-0.0548456278487458	0.149410612167454	4
-0.0829149706660084	0.224346080253299	4
-0.0745343278937255	0.21540661786822	4
-0.0988037080443902	0.272199919317052	4
-0.0391251037966558	0.100664933049495	4
-0.109414457587401	0.309514245731609	2
0.114686982595514	0.298985780104526	255
0.114995440637219	0.163915490963814	255
0.0305504600546983	0.0498462958625078	255
-0.107150003657653	0.278008094396315	2
0.0331710821175324	0.0636472202382763	56
-0.0414066680924317	0.0818608865127616	2
-0.0626082917606539	0.133212019029238	2
-0.0451166414628383	0.104829859558422	2
-0.082184352129123	0.208831103570261	2
0.0605893456836167	0.15783833743494	56
0.117286090296984	0.301393638118115	56
0.0199048989997918	0.0370867924514849	56
0.0468558868477714	0.086617545819475	56
0.0544438249248825	0.101266184053364	56
0.0198359994728569	0.0422688398617169	56
-0.0992519048189825	0.218111005188235	56
0.0682879259925631	0.151037901387031	56
0.0673082250583676	0.162317915374104	56
-0.0251146621858908	0.0527122645469308	2
0.0548879005567889	0.114880398478639	85
0.0667886787754764	0.0945219633961287	2
-0.102652414725585	0.175051642762029	2
0.0879408024356491	0.199588338846358	2
0.0555182680649882	0.100875781761459	2
0.0422037847174963	0.0621165300966146	2
0.0946915469509972	0.159400586982535	2
0.0850777973390426	0.153086584193213	2
-0.0400946310449978	0.055699499691824	2
0.0242586586804705	0.0277249719348446	87
0.0333759002898008	0.208686851287212	31
0.0941271021426064	0.784800031729966	31
0.0484600374340381	0.302607470932053	10
-0.00772949410672703	0.0374241373869853	10
0.0815683140347551	0.534948278897405	133
0.0294155214399095	0.127428537422265	133
-0.0460786120374363	0.193994897333552	10
-0.000639529581616355	0.00206684485742741	133
0.0663733526441223	0.265217350552073	133
-0.00590923168935936	0.0186489933098468	10
-0.10874508108884	0.426278300476575	10
-0.0929839476486098	0.345950069686529	10
0.0679272869448763	0.229699972611476	10
0.0206603177976548	0.059568851648858	10
-0.0504720651819652	0.147111988490425	133
0.0393664411134343	0.111816161424883	133
-0.110875501645638	0.37174689084217	133
0.035146003121531	0.100914116172271	133
0.0694773295485651	0.212861535076163	133
0.0310901471967269	0.0814291034622757	133
0.0266628387421403	0.0722145321710163	133
-0.0602894942865951	0.161945070437316	133
0.038799303808021	0.101973719241244	133
-0.0489411121333185	0.124645555423533	133
-0.122210617242356	0.396756685771491	133
0.0893424655953022	0.274456778826839	133
0.0942656030585137	0.262073082646941	133
-0.0767863221847985	0.193602101186429	2
0.0183828317407072	0.0400106636409998	133
-0.119450895055831	0.312321340776915	2
0.0375377752694875	0.0756549574020854	133
0.0211000371715718	0.0309479019682202	133
-0.0233902737856263	0.0273007134466492	2
-0.0145123654619389	0.0176162443918301	2
-0.0675735314398632	0.172417584563768	84
-0.036865480833921	0.0862939098466268	84
0.108074347736394	0.280775393338678	4
0.0261401365770609	0.0545239157441726	4
0.115823094076315	0.315549573626872	4
0.0353518179790679	0.0833361781744923	4
0.0156850969906386	0.0339346824854739	4
0.123988158160644	0.347796296732897	4
0.0467784494407271	0.115643822994526	4
-0.115959991524527	0.317788411996086	4
-0.0137600969682477	0.0325213152925117	4
0.0402718364361457	0.0977976878438919	4
-0.0850842775064636	0.227772049656862	84
-0.0439327265623894	0.110054410850929	84
-0.114479713785587	0.305267591752315	84
0.0820418262226848	0.246929474090617	4
0.00835308533989115	0.0209181248645974	4
-0.115079933797705	0.352196611950118	4
-0.0519684509464794	0.142084757534304	4
0.00131911520977695	0.00299669496650867	4
-0.118360886654323	0.342009769090845	4
-0.0199069452225479	0.0446280631805524	4
-0.0123345057408197	0.0285025540129573	4
0.0766672308712138	0.18505788394535	4
-0.0770896294280225	0.207190399758321	2
-0.0239964195690811	0.0545900826513817	2
-0.0620685575440012	0.146387638058853	2
-0.0260810868743345	0.0536723208325547	2
0.02120956381535	0.042422874184049	255
0.0854416097267617	0.168283717303942	255
0.05539589376352	0.0789743291285911	255
0.0566112923983689	0.0873150204258261	255
-0.0857634319394037	0.135373480620044	255
0.0584105335643544	0.0934692261151322	255
0.0325806014176764	0.0587465090506542	255
-0.0724749122881244	0.155821500161156	2
0.118252021501314	0.270678878686549	56
0.0404115925263407	0.0794107373841481	56
0.0908035403959259	0.199519839017167	56
0.100037232296525	0.223335584910507	56
0.074510967498014	0.182230233600841	56
0.0871086762559635	0.227286794910682	56
0.0990503456327296	0.265877580259248	56
-0.00173036724337232	0.00311807155415772	56
0.0606210006284546	0.114688417277333	56
0.0983794499410939	0.223868491625645	56
-0.014518604693156	0.0293176299514598	56
0.0963211436748487	0.197955597553247	56
0.0350375010864393	0.0579794386851794	56
0.0304083982475144	0.0616603808414811	2
-0.0459740931661522	0.0991406921152866	2
-0.0900424812608927	0.221384526095276	2
0.0829647127729801	0.209163854057558	85
-0.0831871671354828	0.128003931520666	2
0.0794741462555908	0.127570124416363	2
-0.0631923737824469	0.125082701676075	2
-0.0763187136490011	0.147447038562622	2
-0.0721151241661816	0.113416648729007	2
-0.114925679595006	0.214854884100976	2
-0.12123582196531	0.182702186454761	2
0.0424310063204745	0.0508578105659503	87
0.0388115501395508	0.0437753207360268	87
0.0888389298290779	0.736247461029386	31
0.0566624426167517	0.379491022446642	10
0.018418629397737	0.0967448517493917	10
0.104960019024792	0.809860494858599	133
0.0791405444688381	0.444939930022141	133
-0.0188601082954518	0.0761904514172445	10
0.0915778775576315	0.426586866055187	133
0.0710043340175378	0.304762109085778	133
0.0990012009293018	0.466573358681893	133
-0.0619517081760917	0.246927743238951	10
0.0781450713046897	0.275032923298553	10
0.0886654232151818	0.314369082893807	10
-0.0179801616408937	0.0527387297023333	133
0.00226190250195022	0.00595952999099632	133
0.0496901451835829	0.155567251893271	133
-0.0492839265461444	0.143538378416978	133
0.0594258537326371	0.181087709510327	133
-0.04186448664136	0.101642336037653	133
0.00771849550425417	0.0186653666378571	133
-0.00354218141157388	0.00869744622430056	133
-0.0475170517008484	0.127237685393476	133
0.025089403150684	0.0633733743683346	133
-0.107439850409217	0.309000734043949	2
0.0290805347612548	0.0548237775979239	2
-0.112754077910853	0.253328693308136	2
0.0756247035124324	0.119702168744839	133
0.0177652044225194	0.0190376144965644	133
0.070848429459278	0.0825774145424489	2
0.0219930743509262	0.0333693302346773	84
-0.00369686451456594	0.00727939821957608	84
0.0631253420752893	0.172147479698878	84
-0.111069854402492	0.245599997958765	84
0.0323522882106287	0.0651968256483357	84
0.00738457860671793	0.0145027259186782	4
-0.0864215603187049	0.190428542157243	4
-0.0160570352867733	0.0366783721123747	4
0.0372548815468622	0.0956299141956812	4
-0.0938141464827312	0.269146132823744	4
0.0114416172410412	0.0249024943312678	4
0.0240182176614723	0.0535475727543306	4
-0.036038933899402	0.0829095174813683	4
-0.0417922189697115	0.107261661238093	84
0.0533131678477013	0.127581444407067	4
-0.00049545925804106	0.00106902976042877	4
-0.0775159086924675	0.197579867994486	84
-0.0699131447971446	0.210428870570428	4
-0.0551327353060222	0.155397304142236	4
0.0665526065824376	0.185806751003329	4
0.0578560369605816	0.171305758553209	4
-0.0659057807055968	0.174778260139943	4
-0.0893383246697689	0.233187094520861	4
-0.0110482005322281	0.0268212957372917	4
0.0276336918247692	0.0711542429956928	4
0.104279834765045	0.292426952735183	4
0.0998240214239894	0.304180541426865	2
-0.0318086431075481	0.0687899068133738	2
-0.0121171215146006	0.0146742663634787	255
-0.0284084472463565	0.0395069271125231	255
-0.0103088730519248	0.0164603373834821	255
-0.0799021436921617	0.132101920832008	255
-0.122295632796197	0.264112728791922	2
-0.068084096221615	0.131095828079591	2
0.00439169210628943	0.00762083733814551	2
0.0479963135401972	0.0986499020463377	56
0.0731647802952224	0.158322364170593	56
0.0376995352316585	0.0797695204156225	56
0.0415814818719267	0.0835851443752375	56
-0.0382491448241693	0.0634993886147708	56
0.00945244617989201	0.0145017111951011	56
-0.0295592392825683	0.0560555706749654	56
-0.0961529132608622	0.238388965730489	2
0.00868449666414063	0.0195414480968044	2
0.029078452308442	0.0660690979384124	2
0.0777646138341012	0.208732830557896	2
0.0827073919751194	0.181108209619819	2
-0.0544705445508047	0.0967109993083114	2
-0.0935398404189799	0.140072575864697	2
-0.0128764595163373	0.0161831231144345	2
0.066779014322112	0.0901798040667273	2
-0.0947117410972124	0.15014088374253	2
0.0944563730881436	0.139781915144168	2
-0.0237285607192202	0.0320395694065461	2
-0.0970729610387679	0.131864919517024	87
-0.0293756678698867	0.0396437693403218	87
0.105500828824754	0.942863742616051	133
0.111800037025846	0.975394651096578	133
0.0604790381964581	0.40428389991045	133
0.0926981998591527	0.592379169263638	133
-0.0163434696564845	0.0596080424634152	133
-0.00472413526605565	0.0163789339377416	133
0.109786398918557	0.539054363585059	133
0.048905995738109	0.179059796301089	133
-0.091830530087672	0.337479805503252	10
-0.0920945294979296	0.33317302855676	10
0.0233413760848311	0.0676413059107925	133
0.0273874175942172	0.0719177166579229	133
0.025460177672815	0.0721166278819505	133
0.0667107999845009	0.202505102993126	133
-0.0000610974482275049	0.000152551084951465	133
0.12360323767799	0.442891152184693	133
-0.108480636779406	0.376104399072881	133
0.114133245751183	0.392081756834891	133
-0.0302026930263475	0.0753889499013404	133
-0.0428935116781098	0.117226159995008	133
-0.0639696502629102	0.187190740463565	133
-0.0167435964868615	0.0413912621153598	133
-0.0243359014037025	0.0626263290508044	133
-0.0048210594342231	0.00896980340864896	2
-0.113889679373095	0.144458746063097	2
0.092849012289401	0.122552059397915	4
0.0278072289111421	0.0587146546857811	84
0.0167535134127861	0.0398335934196775	84
-0.0665857164430671	0.174938377015861	84
0.0673370390695049	0.175451634270602	84
0.0164041859886888	0.030677961388583	4
0.0476440360722523	0.106153508790324	4
0.0453679758923015	0.0970028090086264	4
-0.0364360748190537	0.0904061932721243	4
-0.038021126053421	0.0917660984222208	4
0.0479251263773685	0.11879778516146	4
0.0449602590570505	0.104005281694559	4
0.0623673419527309	0.164222969530945	4
0.0923966956429401	0.246663779309985	4
0.117893129346317	0.33242490862507	4
-0.0103649305733441	0.0241860458455706	4
0.0827236257354604	0.230205750028873	4
-0.0974576384957121	0.285368547726214	84
0.121303854182315	0.414672129493014	4
-0.0324050117549072	0.0827951699517981	4
-0.103977423876676	0.341466965077471	4
0.0736672818728569	0.226570217646722	4
-0.0155851644766662	0.0409063304165421	4
0.0440946160795314	0.117684734859631	4
-0.0046020531310439	0.0116750287802185	4
0.0678213654567879	0.186385914999383	4
-0.118291688872286	0.350746561388774	2
0.0171261564623493	0.0429595520642624	2
-0.0323514039897664	0.0819377047530294	2
-0.0385176227511838	0.0760027782077898	2
0.0327864808622089	0.0513483613549084	2
0.0234636742102522	0.0327246317156003	255
0.121921027119025	0.177477714227213	255
0.0993473756971306	0.200085408286928	255
-0.124038517340295	0.285155207972924	2
-0.017839701722289	0.0341506978579386	2
-0.0500433669423904	0.10132280715628	2
-0.0266830251362274	0.0601763532884345	2
0.118602247986667	0.329073142591215	56
0.0246601668064752	0.0620675054030821	56
-0.0391894425069935	0.0863006132377126	56
0.0948614118726993	0.217992107272798	56
-0.116934076802124	0.226761054060196	56
0.0417027477623816	0.0773346539003018	56
-0.0915852122944815	0.205248133167756	56
-0.0316705468206646	0.0619386903295812	56
-0.0199035069900222	0.0381048764124817	56
0.0679971746161116	0.104604167035006	56
0.0995093008560752	0.182865749392314	56
-0.0357413790094592	0.0867114609725827	2
-0.00425585388909808	0.00757772317984821	2
-0.0822375572049032	0.142443008846633	2
-0.0091981115064918	0.0127391455566841	2
-0.0083915957501716	0.0116083126190834	2
0.0509107784832029	0.0564058058228837	2
-0.117482418954925	0.253044692894531	2
0.0866462152650549	0.179671106270709	2
-0.0785879003102918	0.138651166116591	2
0.00520474327681621	0.00613764445287201	87
-0.123385338037714	0.131448389910493	87
0.117982614275707	1.10934462443709	133
0.104841569231731	0.90429661824242	133
0.067428631489404	0.413102036633124	133
0.113940304844641	0.61506072685301	133
0.059033889207285	0.268385968545042	133
0.0612583329075832	0.267438661493388	133
-0.0319927069689474	0.120623443520228	133
0.05650348880961	0.186972454405005	133
-0.112235185965954	0.428208376203232	10
0.0199134482359559	0.0593641456162539	10
0.0914381253184625	0.334822259063552	133
0.0352447705598937	0.101287245331496	133
0.0922666951162798	0.325054307486902	133
0.0915935068631104	0.271361424727087	133
0.0560917243513673	0.161443256055917	133
0.0691908185189203	0.222135629408801	133
-0.026614269210989	0.0734197912602468	133
0.104759331832988	0.348063896388893	133
-0.00851337910396643	0.0211416971477353	133
0.0805925922590692	0.229428432228233	133
-0.0744329671786601	0.166966888459012	2
-0.0411782520822994	0.0773720482302888	2
0.041428232602123	0.0609076491085019	2
0.0807529133120508	0.0964892168410745	2
-0.0556871849168633	0.126358116286406	84
0.121727874994325	0.327599264144641	4
-0.0733882329743629	0.199881094532457	4
-0.0763501047891447	0.212537952542097	4
-0.0794355585962	0.23450358488074	4
0.117562169949905	0.348251793843714	4
-0.0707795023817143	0.183472516697377	2
-0.0880781124147062	0.239434498292609	2
0.0625679675201623	0.168285124879795	4
-0.0198647985074347	0.0448892647128628	2
-0.0436643470021237	0.112605787974136	2
0.0794053964329183	0.213965420888704	4
0.102635611325731	0.309635989147567	4
0.0527961635412642	0.13371030656269	4
0.0704901775611836	0.200303587711721	4
-0.0575514879686956	0.173683802698133	4
-0.0314467407668029	0.0862502052437849	4
0.0746186289951923	0.246182935902834	4
-0.0218216336375689	0.0584243192637594	4
0.0977974217854915	0.301167997635068	4
-0.0587008873936111	0.158572981223842	4
0.104980451536205	0.300702093554908	4
-0.0495100473404811	0.126268661306849	2
0.0154707576450449	0.0334549977652603	2
-0.027468558235561	0.0471620211204783	2
0.0191225928849657	0.0214092963639627	2
0.020572554244715	0.0301503119706852	255
-0.113223006534808	0.257800984314713	255
-0.106977195938982	0.2179301786657	255
0.0355807761471501	0.0686009774852644	2
0.0633749790479147	0.129147521032139	2
0.0501127720200317	0.101830795671954	2
0.0489789717223107	0.120325886001647	2
0.107083253775482	0.310347479992533	56
-0.0909989589129478	0.24150616262608	56
0.0623589620912313	0.0906486676481552	56
-0.00631807725838424	0.00900043550328366	56
0.112981938538886	0.238614120553535	56
-0.10858186666642	0.278371441165302	56
-0.0211824460087823	0.0318310272400673	56
0.0210703717472673	0.0440686726577608	56
0.106649517617729	0.285494420524874	2
-0.00488578966105143	0.010383147318335	2
0.0163009288716959	0.0375959078903118	2
-0.1070637467349	0.207068514817264	2
0.089111054833395	0.135394090181	2
-0.0098616058799772	0.0136683065591829	2
0.0764185703328632	0.121093590222025	2
-0.0347004493210313	0.0538388852755826	2
0.0302601670967086	0.0613398088778495	2
-0.0507016397900482	0.11044115036387	2
0.0976604084304306	0.211127403276277	2
0.0438439141042876	0.0602996772793064	2
-0.0331444192890489	0.0386903899984138	87
0.0278754506670561	0.169231407241485	133
0.0760614080769894	0.569518294937028	133
0.0775613749568832	0.399777440827412	133
0.0775212428562784	0.403293947267446	133
0.0100810027981516	0.0357447794046436	133
0.0678020538338906	0.256901765692539	133
-0.103615246870029	0.430868225773072	10
0.0302404792450867	0.0902275088252077	133
0.0943102887035736	0.338873596450134	133
0.0274610616514453	0.081401288934587	133
0.0300089730428632	0.0880553334884837	133
-0.116898685211373	0.400164038531368	133
-0.0440621593758622	0.130063184647386	133
0.00676795259670958	0.0181190431284146	133
0.0895964625848255	0.289728573115992	133
-0.0814360880585564	0.252409069606623	133
-0.0275913594989471	0.077294291816819	2
-0.0541742313835607	0.0778476287690355	2
0.0719790384819889	0.116423965101601	2
-0.0479261721468065	0.0404789577268067	2
-0.119116315594929	0.162266972990946	4
-0.10512088898595	0.279369205988122	84
-0.0711356666440184	0.191849639531639	4
-0.123839779617073	0.307920083680281	4
-0.111658599733468	0.364953028705843	4
0.029293919604823	0.0780116889727756	4
0.0493701494821003	0.133093254400041	4
-0.0401958770830017	0.109525046094542	2
-0.0627981984584327	0.168734976511172	2
-0.0550233371380319	0.149966062945997	2
0.0331995846064826	0.0727184323188433	2
-0.0989526179948935	0.331471316356913	2
0.055385266386755	0.160201099188024	4
0.0163509434421545	0.0398797160083182	4
-0.0170362417720033	0.044440376982092	4
0.0607487242832929	0.156065731648654	4
-0.0439664922674592	0.109312490213344	4
0.0595145417234012	0.177036004460691	4
-0.102380059152083	0.345423350249148	4
0.00997183807679246	0.0281301283471344	4
0.00594459400804393	0.016623512994069	4
0.00281892705922878	0.00756048784284503	4
0.0414423606574288	0.122723032747712	4
0.063636815726579	0.197486591295241	4
0.0406214908264979	0.0990735079249553	4
0.0782152335056887	0.243126009947956	4
-0.107648222784181	0.355921523312469	4
0.111116969738464	0.327229632825415	4
-0.0726617472006519	0.22297575935149	2
-0.111636658627947	0.38245536703872	2
0.0332656127500511	0.0964260207460275	2
-0.0939549582380639	0.3034296168321	2
-0.0735781488275116	0.210713930149255	2
-0.0689609491867806	0.180125042474428	2
0.117605389443826	0.276496654781421	2
-0.0921535334684598	0.0986096350980728	2
-0.115948193407779	0.268743685827218	255
-0.0166300994051463	0.032696435837923	2
0.0452869065576095	0.0829877315331851	2
0.0762029667764192	0.152525533443783	2
-0.0172961027532886	0.0325803345112196	2
0.00504836635495633	0.0107516138395149	2
0.0893272264799059	0.267448495748797	56
0.102198567277011	0.279481680072406	56
0.036116249921994	0.0830029625040706	56
-0.0671627373687974	0.102734925690644	56
0.0579627552918715	0.106413590132838	56
0.0798826035972087	0.212961337410721	56
-0.0227465630667812	0.0460315861422674	56
-0.0762652659613379	0.164415082344031	56
0.0492553149747018	0.0941056748903695	56
0.0954848914843735	0.286352028333968	56
-0.121374031212108	0.381417906896504	2
0.0501350944275641	0.131456040344498	2
0.0894270186930259	0.254415410930089	2
0.0797716681853477	0.137041025821902	2
-0.0342332532420905	0.0517744123581199	2
-0.0890051570413421	0.121086489171032	2
-0.0349193784918098	0.0500769783512005	87
-0.0508916880742145	0.0884737955682007	87
-0.0966538459012979	0.161343605771184	87
-0.0580883428137844	0.0733891639325145	87
0.0866601298743126	0.70603025536121	133
0.0126040185622286	0.054220567491193	133
0.0851324060917998	0.519650277767768	133
0.0338607372840377	0.160695834312574	133
0.0947452367158172	0.579299613190073	133
0.0718533530419606	0.362151646256235	133
0.0706446518250522	0.336431395727469	133
0.0647363673247928	0.2542419447493	133
-0.00143888771697728	0.00444503462277176	133
-0.0601748040824152	0.203237591556098	133
-0.00346287629729506	0.00964445601444361	133
-0.0734232436132592	0.244968821671549	133
-0.00159721440454784	0.00417265706322525	133
0.0522646672935068	0.16560950800237	133
-0.104833837772238	0.355980124211334	2
-0.109747899111505	0.370339572522425	2
-0.0499399171422045	0.0535522071766561	4
0.116934970362545	0.30753774935268	4
0.0191802697692919	0.0516059826917092	4
-0.0420356264879953	0.119872332586863	4
-0.0728452915861138	0.137899799133018	4
-0.0648155553829584	0.134760488584298	4
0.103393384522194	0.261500519715699	4
0.0266149843583755	0.0507318380328503	4
0.07886971617043	0.216127614651059	4
-0.0727610872000629	0.220806294127312	4
-0.0719493551322092	0.229208034326195	4
0.106477684539476	0.348244301212685	4
-0.080303413291006	0.225003674605824	2
0.0138674254910293	0.0305772001140238	2
-0.0565653840092719	0.144226876558811	2
-0.0547164932422847	0.160065486769879	2
-0.0509060478093771	0.154622381423322	2
-0.013766103140133	0.0350087909435513	2
0.0535211363825438	0.148577518569224	4
0.112607068316633	0.332742369140548	4
0.00341534577201302	0.00828686875888055	4
-0.00979099025309258	0.0254416400757539	4
0.0414552903925925	0.114707002330464	4
0.0799849142121084	0.267284079363317	4
0.116148250779056	0.448147372681674	4
0.0264770042344105	0.0791884843413377	4
-0.00757959071159275	0.0188393608642802	2
-0.0895959563056598	0.2277239250881	2
0.0387708051676751	0.111780397499517	4
-0.01206076247887	0.0318054936790546	4
-0.0357564865252374	0.0876705295200084	4
-0.0407824210783986	0.109342602293862	2
-0.00659950484822788	0.0173796434393756	2
-0.10422843382305	0.348314764072154	2
0.00033104570587322	0.000490016796760633	2
0.0219842965154866	0.0365966037182911	255
0.00476172684129204	0.00839914178982038	255
-0.122400103853624	0.256764814583633	2
0.120658194894931	0.393101945360962	56
0.102078422758502	0.154223138483804	56
0.0397296349153412	0.0930842157354172	56
0.0841171178380687	0.209727848326428	56
0.0564063893779473	0.0838245564110831	56
0.0571842806950527	0.109533851591838	56
0.096900891575175	0.239761976226316	56
0.0733179700562636	0.206555036874691	56
-0.0430517808780262	0.117977346702837	2
0.00145753593264401	0.00354674569967537	2
-0.0367208882261539	0.0393569387138659	2
-0.0157314379196597	0.0161186359880818	2
-0.0905157065787064	0.217201708169321	2
0.0123440806634414	0.0223269570963113	87
0.0559745257518126	0.086247177007991	87
0.021949144080463	0.031412240331453	87
-0.0420467186588045	0.0621998479719025	87
-0.10887897577249	0.116454075336433	87
0.124330255836687	1.19452991968212	133
0.109654455426596	0.92272605103637	133
0.114504511118192	0.972495160170296	133
0.0813255319229908	0.587588113751225	133
0.0937286584458542	0.688735875258978	133
0.108873717279043	0.730455422641808	133
0.00806060144814584	0.0324982720000729	133
0.0197356832370327	0.072706902503498	133
-0.0124030573243404	0.0416096301958717	133
0.0827405480707062	0.336755967975023	133
0.0755943531769949	0.311030042965492	133
0.0739300434531401	0.30322101002619	133
0.0213875364774137	0.0725534622059237	133
-0.0320365848083498	0.101515221529769	133
-0.0378230737907863	0.121431390966299	133
0.0631660634022358	0.220485271938463	133
0.052988799347362	0.171193762533396	133
-0.00397828325324477	0.0100661832443362	133
0.0599903158615949	0.193881051428854	133
-0.00974897806327165	0.0274371955473271	133
0.0900546119442281	0.298846950170256	133
0.121877861809927	0.453984071230186	133
0.0308838003909882	0.0885205677593682	133
0.0692961810745694	0.217868311493971	133
0.06092319669914	0.190722377481419	133
0.0941362089884214	0.317414359993858	133
0.0902450224990439	0.283616597543077	133
-0.103455359751579	0.247455255183243	133
0.00602742283746462	0.00892796136801138	133
0.0220271876389221	0.0225963622946141	2
0.0546234333697845	0.125083918135898	4
0.0960870044278759	0.196259501352477	4
-0.100121296292924	0.299336442617994	4
0.0723868796173331	0.234338281714861	4
-0.0467453482248234	0.131295212012603	4
0.0757310678654217	0.241090576536105	4
0.0430594363437368	0.119374527398815	4
-0.0651124492432923	0.185623442732013	2
-0.112712400377966	0.314063882407335	2
-0.0872985339924742	0.235953866115919	2
-0.0156945761981977	0.0420666588904685	2
-0.00928158164274719	0.0252962044244511	2
0.0204460218372733	0.0539140023690977	2
-0.0310225749488654	0.0838556717345225	2
0.0387927614685163	0.107564726609979	4
0.0350096249274387	0.0899080501460462	4
0.041402145161586	0.118942914222466	4
-0.0402739323856837	0.127831474119766	2
-0.0642052118657579	0.192918482029178	2
-0.0210970371458675	0.0508845599504699	2
-0.0369324042733712	0.10291107559504	2
0.0949843456294981	0.312336321748789	4
0.00314642622751961	0.00822751208489249	4
0.102419591208723	0.346820472922657	4
0.0562019161301788	0.133642470571487	4
-0.106456314437551	0.36466138770716	2
-0.123247106449528	0.41850000312404	2
-0.0509087444442234	0.148922756683039	2
0.0204683436717358	0.0558613135446617	2
-0.0347950498500482	0.0889810738494185	2
0.0874121557360674	0.106761414182161	255
-0.012964334584895	0.0224285422303409	255
0.112287101601283	0.25020765331799	255
0.0945479232954128	0.202171653034719	2
-0.0747221369107065	0.163907895443043	2
-0.0680935345163561	0.150485614366678	2
0.0733343514352441	0.207358546840217	2
0.0423478366839411	0.121001639891262	2
0.0436663516138611	0.104854334011229	2
-0.065678402985532	0.145037024702944	2
0.0787076784226992	0.188917233215617	2
-0.0578219263856598	0.0835198169940065	56
-0.113644400191684	0.22433796097028	56
0.112275723328037	0.257339138873763	56
0.0274441512348451	0.0399187441385339	56
0.0622565068226144	0.138843325370478	56
0.0726220920236273	0.20306179098587	56
-0.0947895389618949	0.279516367421423	2
-0.00988080599430417	0.0237820962971256	2
0.000404656943186992	0.000929231990241786	2
0.113463335634459	0.179480092297739	2
0.0567299313678319	0.0810003194726502	2
0.0422358863445483	0.0983223367893337	2
0.0256263673202546	0.0534082155925613	87
-0.0382422221019032	0.0742858512635236	87
0.0805407623285096	0.138528223825898	87
-0.0273634488235899	0.0487599848131752	87
0.103266781824315	0.149087603699757	87
0.0905601677023927	0.751860686667734	133
0.0654487331671466	0.471327648591093	133
0.122941253541798	0.777137052192556	133
0.0595765157748248	0.253712402043752	133
0.0528939385077894	0.200906085359533	133
-0.00176534942888596	0.00534480196676808	133
0.106921988061247	0.452053237782404	133
-0.00946734040416821	0.0285294847370736	133
-0.026683364799968	0.0831527025180103	133
0.0655946235945183	0.232555736786168	133
0.0020948870172188	0.00608777623849891	133
0.0221950948979162	0.0673612255326951	133
-0.00177204114348684	0.004741050293846	133
-0.052430410116185	0.166479303123062	133
-0.0520058179746186	0.15626364422899	133
0.0637858070176065	0.201889855756103	133
0.0789884656911616	0.261519348944575	133
0.014918218535075	0.0401657766343904	133
-0.0433566806038902	0.124055482670768	133
0.0748341241746947	0.23086282344391	133
-0.051098208096346	0.137018020358542	133
-0.0474322888768777	0.107958185640076	133
-0.016122051893883	0.0263797171897888	133
0.116505457057823	0.166451091018268	133
0.106664283593353	0.16384904898521	4
-0.0036919562442586	0.00633963356590614	4
0.0222306177442239	0.0567830315011091	4
0.0336435461623082	0.0807757549469436	4
0.0822640319978967	0.196080968708295	4
-0.0743634259440522	0.214735185189791	4
0.0832521714673441	0.245121918470872	4
0.0543080625703765	0.141454541805353	4
0.0890566765360579	0.267043635983028	4
-0.024554852722016	0.0570113000819946	2
-0.0786662795655963	0.223308826909251	2
-0.0637650196814449	0.174639260566664	2
-0.0921367737152842	0.257018767775985	2
0.0705229350412432	0.199885394066951	4
-0.0144157795672275	0.0379255264837217	2
-0.108761878896854	0.331113620847415	2
0.0897181104860693	0.282106504469771	4
-0.0636091617105219	0.184022842995679	4
0.0736668836582142	0.231809386556857	4
-0.0452025786346906	0.129017894478395	2
-0.0392443006661756	0.109846270236363	2
-0.112914074242454	0.369811580905612	2
0.00616449198410633	0.0142409008840499	4
0.0504931875638103	0.141265643228587	4
-0.0709963246028393	0.196764994687825	2
-0.0700913796679478	0.19197500358427	2
0.0619601210034974	0.162488088714824	2
-0.0559376744935001	0.145516040966007	2
-0.0139627770336341	0.0302565064208304	2
-0.114864477621235	0.239365553972694	2
0.0450048280176974	0.0711984029945602	255
0.0184202278981571	0.0275810466276308	255
0.0461401930925374	0.0887215684224135	255
-0.0792031048973552	0.161068791978299	2
0.0473808660179123	0.09483040144022	2
-0.0398770217851758	0.0922321201645719	2
0.112620606987517	0.319889608816642	56
-0.052925861275195	0.135671683930935	2
-0.0421039628473561	0.0987234116306137	2
-0.0774526904375603	0.192984761635326	2
-0.0658051618841356	0.126176794245912	2
0.113507630400015	0.211227083704165	56
0.0288363908037692	0.0599473370547445	56
0.0965925298317561	0.219026438307592	56
0.00312516396329214	0.00532609882603712	2
0.0402052584063248	0.0785729647564224	56
0.103442861760386	0.256636570390567	56
-0.0400188635553591	0.0925947945052206	2
0.0487225109489555	0.114083937540791	2
-0.016638867340673	0.037427659809229	2
-0.0927160627419035	0.214208172160422	2
0.119402461972358	0.24976374321238	2
0.0307127499049962	0.0501178137692244	2
-0.122581257763086	0.205744184299381	2
0.0367418483838565	0.0413496854952908	2
-0.116361217474573	0.261728011951959	2
-0.0823170051772376	0.165247119615996	2
0.124778305287531	0.28379745352415	87
0.0998185416736006	0.183531796301421	87
0.000611134303568233	0.000793486376712245	87
0.0264033285781169	0.0424931053764894	87
-0.00392953307042203	0.00626479666778821	87
0.0258485810462789	0.0336191933343778	87
0.0159307744367128	0.0209202881770805	87
-0.0371956228400409	0.0485689892745496	87
0.0688350821201744	0.517178058537329	133
0.0735020873570727	0.529891162733946	133
0.0385194411554574	0.222941958410599	133
0.003625804719237	0.0143768141398444	133
0.0563847526009966	0.239592923902259	133
0.0704228379792628	0.276946628728072	133
0.0849199816913421	0.359915245983363	133
-0.020677955351698	0.0694804682472578	133
-0.120581353737895	0.541430197975893	133
-0.0689096207807354	0.238898610099027	133
0.0242113431782782	0.0778138295129423	133
-0.0775312873781301	0.23831975105016	133
-0.0330405738430865	0.09337169592723	133
0.109795492844895	0.395684193840375	133
0.0346548501909826	0.105784051480827	133
0.0493682195857552	0.154511079180165	133
-0.00717110880653362	0.0193677374446934	133
-0.0503681178904429	0.144564744377052	133
0.123705370351509	0.438408501547307	133
0.0104913838905969	0.0266599274449283	133
-0.101587189258412	0.239311606350655	133
0.0947465266787108	0.227866745826011	133
-0.0768792888930375	0.132989409982392	133
0.0461357876927911	0.0731224262950108	133
-0.0145080528505483	0.0140849789825345	2
-0.119264741407169	0.19039657000747	2
-0.043902248982989	0.0946539369294393	2
0.0460588245978117	0.125215459513807	4
-0.0264976527297825	0.0509650826907722	4
0.0688300684812979	0.15003453738759	4
0.0380584734159632	0.0820542663607577	4
0.0367367987952962	0.0775779377180812	4
0.0941312379786908	0.321533149899496	4
-0.0245192423218232	0.0668378924554097	4
0.0575157568189875	0.143970928043432	4
-0.0398169649788075	0.111131453122822	4
-0.0512554526235254	0.149420783309657	2
-0.0475010291945327	0.133435945270973	2
0.0659833550950768	0.196025428722234	4
0.0123421177326498	0.0305103009510343	4
-0.0224181065532266	0.0588780167213773	4
0.0754639342145002	0.245466809649605	4
0.00861195104586403	0.0239569046206071	2
0.00997735692086031	0.025879768746519	2
-0.00772861894567511	0.0174061573213566	2
0.0990701274526548	0.320145520862021	4
0.042563913318749	0.117295450671809	4
-0.0691771272194503	0.208822360463588	2
0.0406768180246154	0.112087057867517	2
-0.0332149003408344	0.0869301240985003	2
0.102869461333449	0.309536959510378	2
-0.00250199181430512	0.00602652831811341	2
-0.0204315167586292	0.0507881049121625	2
0.0717090426384855	0.144155731158284	2
0.0736007553650233	0.127288609682731	2
0.0242603821342984	0.0288842741336924	255
0.0319477488328279	0.0423497755985089	255
-0.0250612773529665	0.0460269280684338	2
0.11029636633669	0.237676995850893	255
-0.00154359704721791	0.0027372631499873	2
-0.00142509885639973	0.00244629484700687	2
0.0419036306019749	0.105357695655063	2
-0.0453423387726868	0.105806279741956	2
-0.0325015414690726	0.0514503641327588	2
-0.0454131263320668	0.0688512232599715	2
-0.0877086450426259	0.134620472414189	2
0.115710985811109	0.240634740555314	56
-0.114440301778682	0.320077825456378	2
0.0696159655459192	0.166450502634744	56
-0.0440026824305283	0.0594803719481981	2
0.056823741975865	0.108712117449365	2
-0.0653798170523695	0.142100666225476	2
0.0139734640748149	0.0318415261801052	56
0.0857393637910339	0.237648400116552	56
-0.0063888950948679	0.0139309296306624	2
-0.0301421464635338	0.0735155874385688	2
0.0172971042895109	0.0390171051319631	2
0.062664556115534	0.162250114111371	2
0.0406712578588469	0.0828693150126893	2
-0.040000908763283	0.0690466183668841	2
0.103415043287931	0.173007657007928	2
0.00175596380352253	0.00214890570936201	2
0.0329304936430414	0.0683882290996631	2
0.0653159740903839	0.1463668781929	2
0.0958786206504951	0.200703218913942	87
0.0150359120580636	0.0229246265150618	87
-0.0680216700208276	0.116790946112453	87
0.016377507672999	0.0183000646963408	87
0.0995967907491482	0.134205359620307	87
0.0117235385203204	0.0157904148863641	87
-0.0310447547093096	0.0376775261730393	87
0.0764709600963452	0.595971634112107	133
0.0937153462319681	0.665215135461045	133
0.0730671400194195	0.438162997793909	133
0.0459445224007278	0.208542975647661	133
0.0209980952241516	0.0740078193694825	133
0.0731686425047107	0.309786169946231	133
0.00470949529863288	0.0152016573826725	133
0.0748378290434568	0.281354829412153	133
-0.0152660438702833	0.0492445769087575	133
0.0559385907670766	0.196101583428052	133
0.0993824296221738	0.396415533790763	133
-0.0854379794378408	0.285501254596414	133
0.109726067096073	0.421152712629439	133
-0.110865377666292	0.435537134114576	133
-0.0217929128735488	0.0625130322725367	133
0.0466824763621722	0.147731960669543	133
0.111510530656546	0.416496585118135	133
-0.0100190791274779	0.0263844133752564	133
-0.0740545936134	0.240939528627759	133
-0.0035089269983044	0.00927937190037739	133
-0.0986072365730829	0.25344253976043	133
0.00408537666832634	0.00499193824080132	4
-0.000404607729084002	0.0010684608695748	2
0.00344768886724276	0.0089186147535624	2
0.122935245382781	0.397493377997903	4
0.0215872392882022	0.0426013924270826	4
0.104038308747804	0.265778339040631	4
0.106336150901808	0.370224031255936	4
0.0891181800688655	0.293819549284524	4
0.0237253625147168	0.0618499434643919	4
-0.0144875463137534	0.0372659962102443	4
0.0962759767120221	0.290096564551917	4
-0.0627366718211626	0.179135222589618	4
-0.0982554973330296	0.266925241406511	4
-0.065020463770101	0.20965749975922	4
-0.103849929714667	0.337382026400682	2
0.071950416953961	0.202666053053575	4
-0.010892027707052	0.0286040494737933	4
-0.0564805651317365	0.163846043891056	2
-0.0400061378703373	0.121029482795528	4
0.120664192621951	0.446256497543579	4
-0.121243090318252	0.463221742463947	2
-0.0957872361313154	0.322138183499386	2
0.103763170618006	0.319956689507874	4
0.0634122896175787	0.19814368413553	4
0.104643649506985	0.345120062722897	4
-0.0232053026360414	0.0621003136564593	2
-0.00888761824233853	0.0223830625171335	2
0.0739169726204241	0.221759741562709	2
-0.100872937615049	0.296827471024942	2
0.0308483755410852	0.0714632691106572	2
-0.0465436269040369	0.0939502284784087	2
0.102209204562143	0.176796261917781	2
-0.0507519913016604	0.0616638247278761	255
-0.0678591637229146	0.130609630332677	2
0.00847924406385878	0.0149074065863153	2
0.000662788120822551	0.00127894491884492	2
0.0783190041264838	0.172868748173506	2
-0.0150479644244917	0.0283306457446648	2
-0.113168062905024	0.352105068043888	2
0.024096852497081	0.0539280240326655	2
-0.00595700880133599	0.012866250707792	2
0.113704544946363	0.308450614364967	56
-0.0939409248770015	0.267478992589908	2
-0.106078192808649	0.237790262003132	2
0.00550428551738621	0.00993335162035355	2
-0.0339145107250617	0.0794880746123153	2
-0.103267384475866	0.300760716046528	2
0.0214528973980427	0.0504115832470043	2
-0.0177656947739026	0.0434734829793436	2
-0.11170867881935	0.329962676288339	2
0.036297288220852	0.0901091341446591	2
0.0858368887214712	0.207021524065957	2
0.0112167601474642	0.0155298285915278	2
-0.00234068702275191	0.00240038632452117	2
-0.0596485762204749	0.0754841543216086	2
0.0226442718550793	0.0432806157383661	2
-0.101211400169497	0.238258375109232	2
0.0667753814010407	0.143603125617089	87
-0.0682150740318733	0.104494490785897	2
0.0411061378772455	0.076143867781071	87
-0.0934648489827045	0.13152579258851	87
0.0519030504363117	0.35708990217514	133
0.0382301670446096	0.233480918397304	133
0.024761176401127	0.1319687118812	133
-0.0334885180397437	0.139039035258557	133
0.124674188173446	0.674564711096241	133
-0.00867881826193981	0.0303722347551013	133
0.0282767025348526	0.106514429132813	133
0.0208883347157463	0.0685416505744767	133
-0.0424312187539194	0.147652946652794	133
0.0408486354890145	0.138314384156008	133
0.0539488571270689	0.167113907097574	133
0.0540175339815056	0.159792681891985	133
0.0461588885124645	0.14963371186468	133
-0.0469412755775632	0.156008925872085	133
0.0430729680668706	0.134958923567497	133
0.0964222040676774	0.335878258503737	133
-0.0784383116891994	0.265841537993731	133
-0.0815924824268357	0.280317651699615	133
0.0814629689489872	0.192989946104655	133
0.0238499943333577	0.0565563851226707	133
0.118265340425456	0.216266137899431	133
0.0480351738451014	0.0769143473942264	4
-0.0621391597075736	0.152501062538928	2
0.00931394434525616	0.024885650121023	2
-0.028821662797401	0.0824189929505635	2
-0.116627458141024	0.384982487711307	2
-0.124416224382721	0.277237116391775	2
0.0661988610778789	0.153013444870284	4
0.0553217176736068	0.121119365203565	4
-0.0627982309632785	0.139362220409268	2
0.0931720845755392	0.330336614543461	4
0.0557036115056816	0.173385539747038	4
0.046539394933086	0.137271563817133	4
0.0529430512404415	0.145573481212185	4
-0.00876097584842567	0.0215117708745402	4
0.0576947460722941	0.142766840696964	4
0.0555778633739406	0.165404935252239	4
0.0157788127280221	0.0451833309127735	4
-0.0220334061738283	0.056472305853778	2
0.0541093626173058	0.146717639308024	4
-0.0808436492189022	0.211350036180557	2
-0.0215197294645442	0.0564820544222667	2
-0.112333386924251	0.397471746201299	2
0.103283206319246	0.385586649352761	4
0.0519643555555293	0.165215867886316	4
0.00873826647733021	0.0250339042476746	2
-0.0559048435940162	0.140722761107919	2
-0.00709716899970122	0.0187580225314569	2
-0.0872028567745851	0.28596762426627	2
0.0167017637055826	0.0447863845166996	2
-0.0429919185592718	0.104303864327134	2
-0.10619304063613	0.350685153199844	2
0.0271959058619584	0.0731519917553283	2
-0.0793675847351549	0.230832397974761	2
-0.0429748205790488	0.0698977520201667	2
-0.0462240971452344	0.0888350007780744	2
-0.0614517513359881	0.12543827718502	2
0.000224569395170188	0.000382670853632337	2
-0.000570094834440955	0.00128702652729462	2
0.0798233097977623	0.242163699971568	56
0.111131388531347	0.344945227074548	56
0.121481807436145	0.350617387098502	56
0.102526625829893	0.269833582101139	56
0.0202771970364405	0.0313971040490107	2
0.122391499020968	0.199885714338674	2
0.123320988548374	0.247153828037787	56
0.00860454959683192	0.0183297304618377	2
-0.0816068277046732	0.218266876388361	2
0.0593486013214463	0.138410762996864	2
-0.0237019656923478	0.0434231576507542	2
-0.0304132711447559	0.0655708932840431	2
-0.0805053890141865	0.234159919147611	2
-0.0417484992127798	0.111334208911985	2
-0.0622663857867074	0.161154156836363	2
-0.102990807327013	0.245971868933781	2
0.123000051346831	0.237456097069091	2
0.0517429031415736	0.0785701700403046	2
0.0311972939811375	0.0379451302543991	2
0.026092170870809	0.0440203195336075	2
-0.0903414884062737	0.222241574667208	2
0.039786835941347	0.0852677132254726	2
-0.0690004409678776	0.154440989232884	2
-0.0837802223685215	0.117680174487227	2
0.10243891397589	0.177276934491649	87
0.0458010289526601	0.0658171179682068	87
0.114613355127876	1.05768926717411	133
0.0715199085732923	0.517377427864515	133
0.0417699414463181	0.220149167590218	133
0.118386434693681	0.738095071724288	133
0.000140913227373049	0.000528150611571034	133
-0.0518326692287492	0.242164042263794	133
0.0601912495990455	0.230522035193838	133
0.0125424821595793	0.0415121114006355	133
-0.0315644437132599	0.107049231514706	133
0.024818216873175	0.066195349232704	133
0.0852082649699712	0.306873416638806	133
0.080065277080141	0.305732675613567	133
0.049550629323003	0.157088454896863	133
0.0274168946891339	0.0820522480506634	133
0.0713451207825507	0.225346033766735	133
-0.107638904354727	0.359592684058914	133
0.0841986852296455	0.299056342369472	133
-0.0243679932145972	0.0501857353935587	133
-0.12257696062176	0.348047911394229	2
0.080886951617809	0.130127011236284	133
0.0647577963753135	0.0544846922512909	133
-0.0109997312018642	0.00937878780439628	2
-0.0777060855725861	0.0908458940379193	2
-0.0236651874780821	0.0264852922574523	2
-0.108517148911503	0.278235856713139	2
0.116621049264606	0.442462420970317	2
0.0837777788551574	0.281825710971848	2
0.098436971798147	0.312684569163832	2
-0.122652931606051	0.2385254061671	2
-0.00923979726882547	0.0156696999074962	2
0.0835575625446599	0.316766404087924	4
0.099549429269385	0.362697914016982	4
0.0186353732281887	0.0538116663150289	4
0.106926117330859	0.370533973597605	4
-0.090987671586595	0.253238623736009	2
-0.0771635722187468	0.171335416508886	2
-0.0728790239202697	0.19884930548573	2
0.0677382851716438	0.233920066456651	4
-0.10201604652665	0.306342743646316	2
-0.101577747081713	0.304705055055575	2
-0.124304989643126	0.435689489882061	2
-0.111833197472716	0.266122748311719	2
0.124360643518649	0.43532954728561	2
-0.0357320140809654	0.100236045304476	2
0.0120884052427634	0.036484894046897	4
0.0485683276384569	0.160574471276796	2
0.0107449776783446	0.0282441473192637	2
0.0951085966662229	0.328675130385504	2
-0.0390576368367768	0.108795331217501	2
-0.067658730659128	0.210931531589327	2
0.0510562762137546	0.151910663178218	2
-0.0884982093632102	0.312099937782102	2
0.0380666646050676	0.0605552245983356	2
-0.102709406701482	0.219082510655402	2
0.0207004666670724	0.0357134804873598	2
-0.0930658371662818	0.277041487710335	2
0.0879792764282289	0.282773931507446	56
-0.0870262036064201	0.202873306950979	2
-0.0518265148013037	0.070090611364951	2
-0.105174109171122	0.171465247956655	2
0.00308347048223825	0.00618056388611357	56
0.0689392797113305	0.106181562087693	2
-0.000560469146883693	0.00110185370589839	2
-0.00370779938277988	0.00966234005552161	2
-0.0334610270898664	0.0896709672068436	2
0.017148466804227	0.0348103170914997	2
0.113617538566614	0.0962761167205772	2
0.0477817629479973	0.118404019659556	2
-0.0144273246295395	0.0187951986048248	2
-0.0703793525984686	0.10490344298347	2
-0.0101635192460928	0.0140892753078362	87
0.0550840421332637	0.0898608493687028	87
-0.0463399531156365	0.0519231776809952	87
0.0541769590447779	0.378630040820156	133
0.098673906556553	0.824596435733431	133
0.0408823540530391	0.232691622112594	133
0.0487325747370829	0.260128561258103	133
0.0805669746133917	0.452322740484359	133
0.066659655408936	0.331409034890517	133
0.0761048961326768	0.387098259629264	133
0.112043376139393	0.60822757472682	133
-0.00053955522381805	0.00183979655101002	133
-0.110608782296424	0.523928514190443	133
-0.0976192073657859	0.448135097499365	133
0.107892553670304	0.470980941574381	133
0.0305823567781414	0.102800868222305	133
-0.0184661568960091	0.060984277599064	133
-0.0878773646327839	0.354602396996409	133
-0.0468841567441726	0.157095178310198	133
0.117282996101983	0.495825019233764	133
0.098297159198491	0.396009990911717	133
0.114613038492669	0.446564994376106	133
-0.112576948982169	0.437792923516081	133
0.0307874915331908	0.095914554380006	133
0.0848181171470223	0.315873121314195	133
-0.03308441776434	0.0905975785436039	133
0.0580641503366083	0.0727774818576015	2
-0.0710973451759515	0.244504089165796	2
0.0401927782113416	0.122007122486924	2
-0.0176036369221513	0.0380141300362679	2
0.0331418487347604	0.0735274194246185	2
-0.00945569665902906	0.0219603571748541	2
-0.0524849524377979	0.14451711733255	2
-0.122668498121874	0.457033943291565	2
-0.0561645571979594	0.178401500682046	2
-0.0382426058067486	0.113933857729583	2
0.013108468287928	0.033613246004969	2
-0.0485927373485541	0.144318303251719	2
0.0546978015142887	0.175127357687852	4
-0.0685693389745409	0.210790558782111	2
0.117642237645265	0.412157664220781	2
-0.124081516013442	0.393983312604874	2
-0.0063248937417038	0.0165039925100721	2
-0.0562696970260986	0.154791180857052	2
0.116252233243466	0.385345849156673	270
-0.0416263879055211	0.125676086795961	2
-0.0134117975666772	0.0371434445584729	2
-0.00954417573762121	0.0261142252070184	2
0.120768988346236	0.457904476119681	4
0.0556359201008973	0.176372852036877	2
-0.0179821449102222	0.0512915727093075	2
0.0897073369681492	0.314849832616696	2
0.0566943984584596	0.160691721090301	2
0.0798005687476208	0.254038668486808	2
-0.0345809064985169	0.0991084137216422	2
0.0620731193579762	0.191504638556715	2
-0.0775735918651559	0.245617362032223	2
0.0437980166538362	0.130259842491597	2
-0.0810048135016083	0.260622973501769	2
-0.100818270330041	0.33079024328316	2
-0.0816752221117393	0.23976419678319	2
0.107264495257345	0.275852535926228	2
-0.121397451075158	0.170966506485779	2
0.000880816667375555	0.00114315775441433	2
-0.0238410287033898	0.0350847597047404	2
-0.0727888618247126	0.0953445552581712	2
-0.0371898966805555	0.0720844904490273	87
0.055648556677488	0.114859684706605	87
-0.0168813235071502	0.033071508600793	2
0.0276800647852082	0.0547531276553155	2
-0.0952279588623319	0.274099783262137	2
0.0614911536545267	0.159965319729284	2
-0.0901080042485809	0.269599737231639	2
0.0659064066920468	0.132685265295163	56
0.093410430575646	0.212993508203947	56
0.0463106151976386	0.121389799154597	56
0.0946226108585812	0.275958671184396	56
-0.0729919408436775	0.210055774308521	2
0.0490687055252387	0.121952442862913	56
-0.00400447106557063	0.00831720078646245	56
-0.0145194464961948	0.0272008450054688	2
0.121123980921033	0.383951300932136	2
-0.00933771842074132	0.0223541454418026	2
-0.0168890024132474	0.0400201962048709	2
0.0257475765466538	0.0472153242612267	2
0.0932847142535586	0.193273418748231	2
0.0858762491229613	0.206181728072463	2
-0.0979524238706721	0.177673986289335	2
-0.0337318221272534	0.0482867049098782	2
0.0817213312290864	0.136283366372628	87
0.104881048201427	0.933254595963363	133
0.0922798050396803	0.748955916895021	133
0.0345498641077593	0.195289057913389	133
0.122865307450059	0.794563574304838	133
0.119281946950276	0.670123155374422	133
0.0919382375905833	0.462906946624003	133
-0.0130629707505915	0.0545954806660901	133
0.0322159468119312	0.130760983319885	133
0.0412888545448043	0.164238932786422	133
0.078687790949952	0.384142015320474	133
-0.030824060644814	0.11816103905995	133
0.0435657430039779	0.169249767680876	133
0.0879739984188932	0.333266589847815	133
0.0955328242393065	0.382772960506488	133
0.0938410691225252	0.347230944805039	133
0.0256605961672258	0.0617375702822165	2
-0.00211299280661907	0.00452788888062039	2
-0.0853721548654942	0.16323852634004	2
0.114324104100927	0.243505750740393	4
0.0936229575304589	0.167995274992157	4
-0.0856658765876778	0.221732493349896	2
0.110624073698716	0.437074062851271	2
0.0241184908137369	0.0660137698817079	2
-0.0674193363008994	0.224204965709476	2
0.0497963846760945	0.153747916762283	2
-0.0400519170900943	0.114410124282646	2
0.0560674073751728	0.171218153569094	2
0.0552285020513301	0.162196510065151	2
-0.0307888499595234	0.092309920200167	2
0.0452429370803017	0.146315590746324	2
-0.0165331135031214	0.0477637489109029	2
0.0972563734189193	0.236161073554037	2
0.029398035241677	0.0701500162488952	2
0.0237816628257682	0.0637932324078245	2
-0.0617502197445556	0.194576694637378	2
0.112705664498856	0.418897865443437	270
-0.016347781424359	0.0458947571668309	2
-0.0882499651694459	0.285155182439914	2
0.115371633044705	0.34927266060133	4
-0.11984191874823	0.400037370335697	2
-0.0662960019130551	0.196676357745067	2
-0.017109145723539	0.0442463453517653	2
0.0954902295533996	0.340803671387073	270
-0.0204279375290492	0.058158839915764	2
0.11799299668856	0.429961989713092	2
-0.0419605489084393	0.10302441835323	2
-0.0292641340982129	0.0719265068960122	2
-0.00513546685500045	0.0135994518030434	2
0.0098468564008131	0.027026707237019	2
0.0148358996791447	0.0380563323857775	2
-0.00403182527819224	0.0102981278736992	2
-0.0698668755490815	0.191661810940174	2
-0.0906440818366099	0.251160207845885	2
-0.112236224939901	0.370503466374563	2
-0.0279632683322046	0.0596084566114638	2
-0.0671394614695694	0.171131561731548	2
0.00958750284460023	0.0245539848128116	2
-0.0118831218109391	0.0291406599540199	2
0.0723435840070611	0.146388971186223	87
0.0745784129575041	0.152343566879987	87
0.101937829109545	0.267933346334225	87
0.00937170406836459	0.0198388720501782	2
-0.00586493999587339	0.0135968876751212	2
-0.109117553620126	0.32896731149565	2
0.0264848513810183	0.0502173246416616	56
-0.0877442476409171	0.182658481936731	2
-0.0553446662229298	0.147284674328501	2
0.0000461648278042364	0.000112155509037541	56
-0.0853348271576445	0.198252369302885	56
-0.0917394698104406	0.235194391365087	56
-0.00227751770244486	0.00514895483001872	56
-0.0300128792351514	0.0705781022304832	56
0.00973069986428321	0.0240026761498665	56
0.0895327305757951	0.264212398423606	56
0.110919639958899	0.349494023397846	56
-0.0500378943075781	0.136144271181372	56
0.0697691538708719	0.201836329370026	56
0.00559042656863262	0.00987537602814801	2
0.0474992473717112	0.0862314516406141	2
-0.105662756177627	0.232544622991655	2
-0.0786250197630565	0.207837312731191	2
-0.0361798836745066	0.0714228147561563	2
0.0801236539648053	0.14203518018835	2
-0.0040194600362061	0.00666280019554368	2
-0.0510590462703598	0.0816065907340804	2
0.0637752656151067	0.14126037723975	2
-0.0864747978972885	0.162111753105262	2
0.0107227953578039	0.016118860055498	2
0.0702609316011084	0.144079434287092	2
0.0643877332185704	0.114691047117887	87
-0.0814156674656275	0.124967723921386	87
-0.116739318158807	0.200047401706218	87
0.0799486364510417	0.636287420645222	133
0.070552433769609	0.518990357679665	133
0.030159460549164	0.158565940562381	133
0.0261935285877236	0.121407904636267	133
0.0412729661089737	0.20007347953465	133
0.102948017519424	0.687826011383327	133
-0.00968568431705098	0.0384027941500124	133
0.0599889075080945	0.27371752774101	133
0.0474312973274707	0.192900265672142	133
0.0414341826752344	0.16446461834587	133
0.0912046138671608	0.39018546512487	133
0.024940192035389	0.0824428658102091	133
0.0835633969226403	0.331263424177229	133
0.119951789238183	0.500243260162942	133
-0.0417680873188595	0.140287824879951	133
0.091681220042048	0.348277797334172	133
-0.0343486504672763	0.107532122993252	133
0.0311484234578027	0.0942479190485801	133
-0.057319655245109	0.172117453622781	133
-0.0917957313174207	0.172577951144779	2
0.0158933351610959	0.0456949284525475	2
-0.079602347887132	0.274496239365834	2
0.0220140095188447	0.0646833187566437	2
0.00726442271991479	0.01845072683403	2
0.0673015491341504	0.214664753655957	2
-0.077896391465943	0.266536637083393	2
0.119120282371406	0.440779334594505	270
-0.00848647443228906	0.0205546971329888	2
-0.0219929765235369	0.055643078102523	2
-0.0519982788453394	0.140119911593221	2
-0.0223118983511418	0.0610812562521528	2
-0.0510570140990933	0.150911594643446	2
-0.0137257305890457	0.0373016811156673	2
0.0877517478021223	0.306913538328504	270
0.0501860838706118	0.157971085415031	270
-0.10459719614907	0.364967582474774	2
-0.0642358307809993	0.190855869302914	2
-0.0215986388860611	0.0563385842412805	2
-0.124515050992864	0.440106718488324	2
-0.0298835842460824	0.0790916759875254	2
0.0502388013459527	0.150755751620384	270
0.0889086424821107	0.304608811552666	270
-0.0562095682767653	0.17333938707519	2
-0.105036059031581	0.369759366865663	2
-0.0967898114957018	0.311045420090399	2
0.00725297257291075	0.0181868391200769	2
-0.0802372092700324	0.266577207961431	2
-0.0755890117390251	0.236014320873914	2
0.09699948600251	0.317920235865416	2
-0.0118800849215327	0.0303924745634963	2
0.0496557358084697	0.153936393108574	2
-0.124992977387384	0.394813638098125	2
-0.0780390247483802	0.216505225711667	2
-0.0090421704777722	0.020684785886742	2
0.0811824981478159	0.260456156729513	2
-0.105947126029336	0.185049319616406	2
0.00710658585804253	0.0117592328486607	87
0.105692161605186	0.2178421459164	87
0.104619556705383	0.220732923887291	87
0.0338477856104075	0.0636776942893633	87
0.00621960810336954	0.0125074356588055	87
0.0803229058105189	0.171359536354158	87
-0.0497460877931782	0.121397146296877	2
0.0196512145600099	0.0358295575477806	56
0.0433927882497064	0.0910657224816638	56
0.11635586072885	0.37736090652036	56
-0.0816602643677876	0.182098722854345	56
-0.0576709746543715	0.138822606946848	56
-0.0236590625979535	0.0608927999928438	56
0.106193089740981	0.311788825710704	56
0.0360139422330578	0.0893453288256862	56
0.00608700723667141	0.0147337272631124	56
-0.0729951557111063	0.158906283399109	56
-0.0796644060340292	0.157001239133576	2
0.107782882892542	0.230031177197355	2
0.0635672632278573	0.127429555388895	2
0.0418595348560811	0.0674779175245611	2
0.00754789252357489	0.013032389122649	2
0.0109634597198389	0.0204951365027049	2
0.0699632963786136	0.12739859197165	87
-0.0387972642372211	0.0681791675189891	87
0.0840639307747674	0.679106322099147	133
0.0771412589950538	0.584132307336607	133
0.0482907429731486	0.28804071410651	133
0.0158008380538707	0.0800904390972427	133
0.0854158546348589	0.606518311448876	133
0.109346878166468	0.721463185712466	133
0.103256380745466	0.583337756689486	133
0.0740613765335974	0.353551939366948	133
0.0780885626993278	0.359073440910475	133
-0.0239347189756905	0.0832068051795402	133
0.00290091716426499	0.0089951282773896	133
-0.0141004867394	0.0459199008587296	133
0.0717215997364117	0.272430472313001	133
0.103934445230813	0.429919771114225	133
0.0814536560568049	0.295761089216385	133
-0.110319144715453	0.41826305929952	133
0.00458369841142727	0.0123142038977591	133
0.024711519892018	0.0545251731725833	133
0.0555986745373627	0.0907746865448673	133
-0.0614448319659259	0.200935798988471	2
-0.000643419363460421	0.00177557170567514	2
-0.0332570141270834	0.102443953683222	2
0.0735911446581312	0.205447914566852	2
-0.0957570780577459	0.314137061064629	2
0.0576210240172917	0.189744911928797	270
0.049387047578358	0.148925299491666	270
-0.0797036762588838	0.243975383924819	2
-0.0118355005360183	0.0285695644085455	2
0.049176402932231	0.147442389232311	270
0.0870245197214906	0.284349473185588	270
0.0655816622272247	0.205217129505334	270
0.0324770663316621	0.0944080946177976	270
0.0353159865830683	0.104266867985254	270
0.0377258671215332	0.10473954150577	2
0.0564278692172269	0.165861952060602	2
0.0809465179128714	0.248702616774105	2
0.00817236380807008	0.0205479054302706	2
0.0990809398589349	0.336209820980268	270
0.0802294796157241	0.270090880851398	270
0.0422596600836019	0.128130079511045	270
-0.0902148708907835	0.31157000795681	2
-0.07221775425486	0.242927537581433	2
0.0643380334581422	0.188497948945275	270
-0.00980652826993944	0.0251340732939815	2
0.0166552004897867	0.0413084834387634	2
0.0434856922237064	0.123583200480537	2
-0.0545982788855594	0.167665236163812	2
-0.0073103372439554	0.0196509763207388	2
0.00955739393851487	0.0252589671669642	2
0.0600456517203732	0.179966339769614	2
-0.0926483699414656	0.280691505141665	2
0.109855419843491	0.349172754636685	2
-0.0116884028993419	0.0293678211844716	2
-0.0327709787875486	0.0799959090058297	2
-0.062173959101468	0.15586914998855	2
-0.121107874998647	0.409076067159943	2
-0.011502509780624	0.0221482932034685	2
-0.0766442878953301	0.114258225717137	2
-0.0888318424195804	0.157186559803437	87
0.0410097916490663	0.079004224836903	87
0.0213427080523592	0.044070877541818	87
0.11245519675249	0.277929929174675	87
0.0165439491859213	0.034862418838548	87
-0.118521632029632	0.328497640926277	2
-0.0250134099787768	0.0558729797240698	2
0.0157810241951547	0.0370786115078312	2
0.0706010962869546	0.19337556059871	56
0.0830410076934305	0.232596296429602	56
0.00460510950889262	0.00895444665454731	56
0.0449722966270541	0.0928648400205093	56
0.0986805382397805	0.214897471355836	56
-0.0582753862660919	0.134283217315284	56
0.0962428757730431	0.272852587854895	56
-0.0173545353118858	0.0440958145411393	56
-0.123385430967344	0.253827259593741	2
0.11252805670764	0.27814343365507	56
-0.0673534878975941	0.188044228652345	2
0.117628896324182	0.324416032727939	56
-0.0525225246740254	0.111006961193425	2
-0.109843861839228	0.29546662784175	2
-0.12470811331852	0.34721273941232	2
0.00488560284784541	0.0090701326619607	2
0.0789015735825301	0.139583232409276	2
0.0717218510302904	0.137324198490007	2
-0.0825576983958154	0.11576026844872	2
-0.118538256724614	0.255795983642497	2
0.0668664425480588	0.119579044055348	2
-0.0479524097552236	0.0863882996288161	2
0.118077883962383	0.263877020612689	2
-0.0241718486970848	0.0435768602720912	2
-0.038490563269646	0.0735937839513779	87
-0.0661035399431697	0.137106095021455	87
-0.0363037758571773	0.055060790065254	87
-0.109484784110805	0.149247662581024	87
0.100969289962107	0.879905807324543	133
0.0836819941409474	0.649807853685513	133
0.0657969784409191	0.457410081778935	133
0.0929688608514128	0.677159938884454	133
0.00280301944956566	0.0119642417512701	133
0.0609601190014746	0.288105173564288	133
0.037640354770385	0.130252995541895	133
0.0507663964001255	0.196163770300318	133
0.114237104959717	0.530703631179839	133
0.0549327524481983	0.192198003832543	133
0.0590821291971032	0.213432542414067	133
0.0148772857939396	0.0471359993611995	133
0.00873892148930508	0.026210202853926	133
0.0581419489212673	0.205882715571371	133
0.0867991868716517	0.259925480942981	133
-0.0783533635928221	0.157032103278652	133
-0.0785215717315465	0.0993179885993777	2
0.11142297728271	0.417853702580768	2
-0.0825304706757737	0.264210155563469	2
0.00974253008841616	0.0184366089955959	2
0.0293097946669348	0.0522607831373952	2
-0.0588811492338647	0.149983404133724	2
0.0376015884631172	0.0784252461968772	270
0.093695057614468	0.338221755446791	270
-0.012545965083408	0.0355146580262345	2
0.0797776196313272	0.265068546455608	270
-0.0656990107720265	0.194065354966993	2
0.0403474744753065	0.117294304064076	270
0.122095446578047	0.471021815294629	270
-0.0518063467897054	0.145094065011195	2
0.0252955717899055	0.0666900852912162	2
-0.0649228430137393	0.183380521177181	2
0.0333722042525551	0.0817529648940328	270
0.0166358385482449	0.0360692781373415	270
0.100932645429042	0.328309891127347	270
-0.0188594951302345	0.0519121569139662	2
-0.0450824324348442	0.143351096394648	2
0.0721871038163026	0.2459862574996	2
0.0241562900466782	0.0672994199332116	2
0.105921873344964	0.366128366580784	2
0.00610417226779661	0.0158360903315123	2
0.0656403061296457	0.197939083935083	2
0.0697007201889306	0.188546035445946	2
0.0742520746299802	0.226008153776886	2
-0.0214583228479842	0.0581695135274749	2
-0.00371735230978848	0.00930517184169796	2
0.0258777449951453	0.0416164754238416	2
-0.0847375391157564	0.0861380029237269	2
0.0515229214296671	0.101119748925804	2
0.0834536999070069	0.176034658498067	2
0.018222050548237	0.0305333287162267	2
-0.08031874482252	0.168721411532406	2
0.0516967807662411	0.130159758694356	2
-0.0807036674883445	0.219748723049538	2
-0.109231843599726	0.326966861290596	2
-0.0226024938490928	0.0340388146660257	56
0.0701596339638275	0.19057305041033	56
0.0183723948580467	0.042584114879375	56
-0.10059427643107	0.25215262149269	2
0.113509564955798	0.273859368160578	56
0.00778215004498539	0.0115503312880414	2
0.0803183781309446	0.16757593142239	56
-0.0812329787098877	0.21967944580888	2
-0.0349509927760113	0.0748117918586468	2
-0.119871407385348	0.237468884978688	2
0.0223280606765479	0.0328060725387703	2
-0.106018556917874	0.139493009493169	2
-0.0595696279034941	0.128557133883019	2
-0.0131410136916529	0.0253878747045111	2
-0.111337232550623	0.243102449715734	2
0.0362739473795017	0.0524636165461284	87
0.0451935666947105	0.0648902859790503	87
0.0262283812759176	0.0380910793610954	87
0.121891437804641	0.144602698897371	87
0.0795656503661164	0.629765328406684	133
0.0672825055752477	0.487324529522699	133
0.0694379929979026	0.446809377334361	133
0.112773258500959	0.764155922056559	133
0.0499865697274775	0.233458051402362	133
-0.0250827314764144	0.0849568173888062	133
0.0193263230483958	0.0610586963360607	133
-0.0265319278206369	0.0926154102219974	133
0.0482653662075151	0.18406014966108	133
0.123383235382648	0.539971967636676	133
-0.0629913201385229	0.22835607428159	133
0.0955357630283046	0.395310852938951	133
0.121330668234879	0.503342797636338	133
0.043927943798842	0.138670849572691	133
0.0826816050091229	0.312660620941608	133
0.0466274551830602	0.157720427233355	133
0.0770823386233506	0.278691977881791	133
0.0394618698205585	0.097012899230555	133
-0.0774301308850844	0.125176111429096	133
-0.0756261337716732	0.190183006099743	2
0.0721954184289863	0.252434463365463	2
0.0740337038995279	0.247474201953246	2
-0.0172938088691037	0.0294689671543589	2
-0.0404375418738089	0.0736407419049304	2
-0.108378801878004	0.273636247414598	2
0.117627988263571	0.317124599680385	270
0.00469691915442943	0.0116922144644884	2
-0.116973727080899	0.46687518632904	270
0.0387407760911833	0.121929852113849	270
-0.073832939330864	0.23090399267795	2
0.0179985354826319	0.0465434229324366	2
0.0135130133034929	0.0293269242468241	270
0.111171858425732	0.333423991285535	270
0.0091490344453418	0.0261349060468251	270
0.000224441312024985	0.000522782519119508	2
0.0530269602535291	0.153854987384595	270
-0.120125817421066	0.311177675321449	270
-0.0407361764454981	0.110622433579394	270
-0.0370074528715738	0.117872986259043	2
0.029060334143749	0.0910607507215956	2
-0.0343021352363389	0.0944876547528239	2
0.117040742116343	0.347568958875461	270
0.0407768931126071	0.118241087948955	2
0.112581911898292	0.404795723782322	2
0.00900593936244715	0.0179785562576508	2
-0.0538678058548946	0.162443937524008	2
0.0413984226556265	0.10888679885252	2
0.0543361197551882	0.173888472046367	2
-0.0419295986323569	0.123669494054582	2
-0.0982113821061536	0.280575715477833	2
0.0551044395594273	0.100050983867711	2
-0.0172162601052648	0.0252563296361191	2
0.0860391730524513	0.104924240247292	87
0.00194994569970103	0.00328944388146153	87
-0.0960674874619005	0.18477185701809	87
-0.0182842963080769	0.0317882592186599	87
0.0536889337204038	0.15289689967871	87
-0.0376659282690627	0.0597324533303627	2
-0.0876481194706463	0.119025623408498	2
-0.0720655199638967	0.126600666592175	2
-0.0916887992921248	0.225188381399615	2
-0.0464917744335815	0.0993586015364653	2
-0.00471101882835535	0.00687072503202112	2
-0.101175115799735	0.260346534476782	2
-0.0816705264783611	0.240905969059518	2
-0.0641096663372675	0.180707877255754	2
-0.0933201446269276	0.30145976028064	2
-0.0988588670654506	0.315238307804619	2
-0.0570107987769661	0.122940074604622	2
-0.0281241453528696	0.0402511247180218	2
-0.112176684123369	0.15805562015143	2
0.0874992885236113	0.093741343048518	87
-0.0907829066651775	0.163815863531213	2
0.0745449275818171	0.199539810914728	2
-0.0926395131179625	0.248162484329358	2
-0.00486775837248561	0.00879028582921521	87
0.0590102472990857	0.0853541767227129	87
0.0378322854945673	0.0510795243451225	87
-0.0491703421150867	0.0707889965423676	87
0.0620425357351537	0.07059549673464	87
-0.076820680372024	0.0969559662729316	87
0.0572981681225164	0.405907404324174	133
0.0709717052453377	0.500357457040016	133
0.028385756218768	0.147693287153183	133
0.0833114177786091	0.488927603730676	133
0.0849864416332671	0.472798265251672	133
-0.0701593396827277	0.284129515447314	133
-0.00868703097437991	0.0293507228469168	133
-0.000920634032623191	0.00306829434427263	133
0.0915914530762237	0.377320666648344	133
0.0791455219180736	0.317648748067956	133
0.0842547224121588	0.308616777467471	133
-0.0543710692163342	0.192524231962487	133
-0.00789492570179997	0.0237291970946207	133
-0.0293666919265769	0.0716995328211362	133
0.0515238195238674	0.144841696847661	133
-0.0502407241234896	0.0801928210238077	133
-0.0930129920276753	0.130805190906833	2
-0.124465830174167	0.132769555818616	2
0.0199831076230638	0.0455153847602002	2
0.108777628429893	0.427701914817306	2
-0.0193162615602542	0.0566981513150772	2
-0.0258568314677259	0.07192745863005	2
0.0762550487833239	0.151688107555055	2
-0.0283559377597165	0.0538945407384872	2
-0.0472283216317987	0.110291468806554	2
-0.111035279532097	0.271395172347355	2
0.0315776629285071	0.0632499360740615	270
-0.103821349982264	0.343225404320933	2
-0.0666202162544472	0.219872274952647	2
0.0637328376285623	0.227802261592312	270
0.0146462668738886	0.0442400822867989	270
0.0242238082034531	0.0704787444642831	270
0.0855427380380112	0.297466998810515	270
-0.0300647319812783	0.0792101375276376	2
0.00804863739457147	0.016373915360971	270
0.0895484862037468	0.265785065279016	270
0.0520187159063383	0.171166777496109	270
-0.0669042862837366	0.187737614389457	270
0.0416583965575165	0.100717973505098	270
-0.104200769326375	0.348178175260606	270
0.0701179350665866	0.213215069479204	270
0.0564941066809173	0.184118819797913	2
-0.056310316030454	0.187377011832884	2
-0.0202321954589131	0.0606762970367447	2
-0.00179876715313844	0.00446399920591621	2
0.0246369238522363	0.0709677339146307	2
0.0996897905936745	0.333986082940416	2
-0.0194072623464649	0.0530374136023953	2
0.107713057112719	0.381965986170864	2
-0.085838276604674	0.258617524354517	2
0.0714156410842758	0.241824238941634	2
-0.0719603079220568	0.225245024063006	2
0.0300664456539405	0.0769089436927306	2
0.0779360558412532	0.0872587747671653	87
0.120656464342599	0.164023716008072	87
-0.0392472295653555	0.0751337705232274	87
0.0369651186335239	0.0675862183654928	87
0.0842300141401309	0.151345299484442	87
-0.00296104765539612	0.00499288796242055	87
0.110784948272391	0.353177479187285	87
-0.0714251671874054	0.212775083553333	87
0.0544015152556992	0.132635848275481	87
0.0944136827687487	0.139708478358451	87
0.0603476667030319	0.0798890694744388	87
-0.0673948901871609	0.164583966271327	2
-0.117138665678282	0.306228962259742	2
-0.0833193182971239	0.180326868210964	2
0.030049547893899	0.0579420793568975	2
-0.0322292698727784	0.0824935546842178	2
0.00212354280980902	0.00515730553892927	2
-0.0118428986675486	0.0302398478415733	2
-0.0507480429631172	0.133675238643451	2
0.0906259258714893	0.221647690716103	87
0.108331495431729	0.206158364300082	87
-0.115974421737479	0.16894642918171	2
-0.0344102323986863	0.0247542942190312	87
0.0880641134085812	0.0943967954387335	87
-0.0117987120921354	0.02756172560205	2
0.108518254432887	0.315498812155169	87
0.0975461227769226	0.226419950976923	87
-0.0218524965323873	0.0284953426251793	87
-0.0303386345249052	0.0435533908645304	87
0.0945696020701922	0.111120447518802	87
0.123773869884913	0.159124766048067	87
0.0738068434509358	0.567926966601236	133
0.0899332478713969	0.712013321077254	133
0.0674351426039394	0.44103345382266	133
0.0613501998290994	0.378805151800879	133
-0.0225631565782898	0.107361385932595	133
0.0966478490708784	0.548605169887925	133
-0.0502578845794836	0.202812616571273	133
0.0360129242821295	0.13041102819466	133
-0.00644888580719748	0.0212589020157818	133
-0.0763863268075765	0.307259569091777	133
-0.0393344971880988	0.136935427933221	133
0.0572561632963197	0.203415235384742	133
0.121774422490574	0.506828938274683	133
-0.0914251366946146	0.339586410467017	133
-0.101266365864367	0.334971009934602	133
0.107637310383547	0.321700800705163	133
-0.020658545452842	0.0462462746224825	133
-0.111554412699164	0.227727911175095	2
-0.10469104025588	0.278009967033144	2
0.0298194107517055	0.0910361809436665	2
0.0223178479007646	0.0619372139158702	2
0.0324542654447093	0.0973267350231031	2
-0.0451709040868866	0.134654031986534	2
0.00884943711218897	0.0220445143813366	2
-0.0196093641469075	0.0519665250448827	2
-0.077296869593474	0.231451768327208	2
0.0737012546399097	0.231120795995852	270
-0.0155331045665387	0.0415313130853338	2
0.0460371562358214	0.141463945552751	270
-0.0570949840950846	0.153630540537648	270
-0.0193489626366275	0.0452375120086921	270
-0.0616324497331422	0.16562886301094	270
0.090287896858723	0.283782187512608	270
-0.0784517416880627	0.254198291260568	2
0.0163918497930472	0.043684094254439	2
0.0821140820376958	0.254870068219563	270
0.107409124189875	0.347615898187006	270
0.0812058906859402	0.249666880943419	270
0.112828650688141	0.369609339471329	270
-0.0667190921977374	0.184789610843638	270
-0.0883544314109209	0.303900710390354	270
0.102536454687688	0.335634153060737	270
0.11644653498763	0.409417814712723	270
-0.00904988825410308	0.0216064797086268	270
0.0781380763124348	0.250204173887792	270
-0.0607318632141709	0.165060068385114	2
0.0696159655459192	0.166450502634744	2
0.0945324646165744	0.293879863570997	2
-0.0343389664572391	0.0532478105483654	2
-0.0610869495486508	0.109035413390664	2
0.0877046900519883	0.16426878769506	87
0.00572918755471414	0.00885645693831823	87
-0.0156126714138816	0.0274935877740207	87
-0.0572261971043586	0.132065813598747	87
0.0763753809568351	0.194784669145455	87
0.000456109596571373	0.00098218476971129	87
0.103138794948798	0.244370770248912	87
-0.0251114543719407	0.0585624307173041	87
-0.0419779791698349	0.0975614317929645	87
-0.0389952453252262	0.0791366842566934	87
-0.0524107893540038	0.130783710208167	2
-0.0634808176913804	0.164776636249495	2
0.07313816079033	0.183833404445597	2
0.0591433688318763	0.146833759388625	2
-0.122236330474065	0.250955147044971	2
0.108953458117665	0.239987712645643	2
-0.0331211109421858	0.0800888194980287	2
-0.0230149985713875	0.0434756741360285	2
0.1224208247203	0.269101470800989	2
-0.00762641541933208	0.0144657971905334	2
0.10419578698387	0.28009985349677	87
0.00392747910513785	0.00630059078745204	87
0.0334588088717201	0.042887742726029	87
0.110555443176839	0.245580608439429	87
0.0593169111334813	0.119923111423182	87
0.00291791752703594	0.00528850685035915	87
-0.108123998669785	0.22712692498569	87
-0.0804132857066493	0.163892637692028	87
0.0519179073195444	0.0862557593296785	87
0.0888740134769678	0.134995209129117	87
0.0988720311238363	0.857545087647124	133
0.0906731907571594	0.72690941001338	133
0.104674248899882	0.847809582911266	133
0.108172224346752	0.759495010577693	133
0.101939242533282	0.577723003177767	133
-0.0810856268413061	0.426905249411045	133
0.0647858578061235	0.286218866716731	133
0.0687051064352011	0.287556779119017	133
0.0736055554365175	0.316351034780396	133
0.0738014973936865	0.302850944603419	133
0.1165324916257	0.507700008281621	133
-0.000186411021398813	0.000548530359168636	133
0.0339079974912905	0.109487101746223	133
0.0734371985079065	0.237182136761501	133
0.0147709272716761	0.0391177366262656	133
0.0529968431434198	0.124644164122852	133
-0.112146612179677	0.277802329995818	133
-0.0498477797158301	0.0718335055836289	2
-0.0737481109004775	0.12171363389665	2
-0.0191066257328502	0.0280953014863942	133
-0.0905071005863688	0.292737088859602	2
0.113686655179653	0.427494073696358	133
0.0667494374082051	0.220876839523238	133
-0.117984233407607	0.377816846883608	2
-0.0569841655999186	0.150798608357175	2
0.034725520405075	0.0948624723426103	270
0.076050595733754	0.225177787728601	270
-0.0778635860497426	0.274693183879828	2
0.0929643913446825	0.291599610123288	270
0.0445230373668217	0.127100863669335	2
-0.000236253186346624	0.000612851725160181	2
0.0150699885925348	0.041315756112444	2
0.0819165086031117	0.243215598386637	270
0.0836574497836651	0.278888921759705	270
-0.0706034653857845	0.222872832458399	270
0.0652507548524989	0.198530393270456	270
0.00414778728618895	0.0109196620004503	270
0.104074033034058	0.339465736984894	270
0.0781612622192371	0.255120174203497	270
-0.0760539498042005	0.240627132177858	2
0.0384256470291664	0.102985038471449	2
0.00409850226838511	0.0101029107430371	2
-0.0712545519668153	0.21431346243949	2
-0.0409305151666855	0.107653854640191	2
-0.100570848943478	0.303067844344774	2
-0.0109816877692956	0.0265928169773948	2
0.0861176560319151	0.228003372458377	2
-0.11746854086445	0.353171370365261	2
-0.0302289009952889	0.0756674744496913	2
-0.0548004941570452	0.087455216733746	2
-0.0238595995370116	0.0368583167372556	2
0.064821195856346	0.121898280556915	87
-0.0395971664564884	0.0852526894488759	87
0.0377755758895637	0.0956062851403667	87
0.0122854179485856	0.0274956998650238	87
-0.0118289988734183	0.0259707722114646	2
0.0665878550933553	0.168539104608705	2
-0.091747436354915	0.187788748934711	2
0.065539500028762	0.158890530587352	2
0.10741547231747	0.282788511350484	87
0.115130696187418	0.260666801398431	87
-0.0495129673177261	0.0712958524585982	87
0.108763852244441	0.23251678613507	87
-0.0740492163902961	0.161519387954874	87
0.114609025916685	0.278519417037124	87
0.0102232263099796	0.0150072529341715	87
-0.027404377699048	0.0391733540448874	87
0.0166311543020869	0.0227616240317413	87
0.0859307851179017	0.702773475468132	133
0.083323962439269	0.662639409773295	133
0.0535038097705986	0.321351236697784	133
0.108027932232344	0.677783920660164	133
0.0319664600286183	0.147589402836019	133
0.0851206741946522	0.4471622388082	133
0.0687775740328746	0.283780193366325	133
0.119439508498345	0.590042510111479	133
0.032243496350629	0.112643910958518	133
-0.00122732633843795	0.00375622879626719	133
0.0327178856280273	0.109065394901313	133
-0.00983163490512357	0.029109836447657	133
0.111953451262929	0.404181616657112	133
0.0718534685956129	0.179445558621046	133
0.0395298354911673	0.0870154793289909	133
0.0327227094626418	0.0512430021003422	133
0.0587769650140582	0.130146729927747	133
0.0519824754092867	0.168550495420332	133
0.0502819592034699	0.156623896970271	133
0.114756179273573	0.421788952899909	133
0.0783785615301669	0.233995789819938	133
-0.0516869978169976	0.136684772005308	2
0.018438589757071	0.0479583639694488	270
-0.105551761263266	0.34437577284542	2
-0.0340735527515401	0.0999202078598903	2
-0.0369094462242998	0.103865104359461	2
0.0139374934677686	0.0378538314751858	2
-0.0387773274323131	0.105504872434622	2
-0.0287871195595897	0.0803749337136627	2
-0.0896229180999724	0.2534831610256	270
0.114677997828322	0.35636746780712	270
-0.0491746221188014	0.144029627257218	270
-0.0790857100386149	0.249867867241039	270
-0.02014873590223	0.0551781980558906	270
0.0220219296849994	0.0602379626888458	270
0.108711940750181	0.386509631898453	270
0.0675645045214013	0.197074269970384	270
-0.0563886515164221	0.17059406888763	2
-0.0884262372411466	0.280579843369581	2
0.0720854718819943	0.220886470129334	2
-0.106527373650217	0.34565314099744	2
-0.058953724093431	0.178543432798998	2
-0.0539185764867263	0.146546162677086	2
-0.028676868061753	0.072740658801927	2
0.0634102478346001	0.17353992898346	2
-0.095973789256368	0.297758151254345	2
-0.0587680374988049	0.16461426153413	2
-0.0235804169475411	0.0588236933650917	2
0.0719376688751017	0.120267526786881	87
0.0353974381620944	0.0731657203341517	87
0.112555849402032	0.263934233467213	87
-0.114837525315082	0.287914768471795	87
0.0668061693589922	0.168556522116871	87
-0.0114049097491633	0.0270941346981978	87
0.0373766724178049	0.0826280544153931	87
-0.0551269700252852	0.138530555325779	87
0.0444721280493001	0.10893903052514	87
0.0239534226430365	0.057391517935236	87
0.0283358193870699	0.0590922243843547	87
0.0442680715907149	0.0926520736869299	87
-0.079639529115063	0.151663252869318	87
0.0682823464271332	0.17950055768269	87
0.00334120933668861	0.00694549990340165	2
0.0400539210200604	0.083958917339287	87
0.0880806436174834	0.23887899125218	87
0.0257219551761294	0.0559633691071973	87
0.0817946026609425	0.210092626669334	87
-0.103024676778526	0.250162790585025	2
-0.0720101923240447	0.165683029061758	2
0.0204120885920748	0.0431792467031362	2
0.106408101556637	0.280710738822021	87
-0.0693670204533403	0.15865683104674	87
-0.112956688866018	0.227619861728637	87
0.00443556164069582	0.00684604576282025	87
-0.0284538650421425	0.0429546759398073	87
-0.035020496037614	0.0602724792973215	87
-0.0723816464377705	0.158079251296213	87
-0.00484714868595433	0.0084796297103613	87
0.0729754883243902	0.140892162108276	87
0.0158957373451121	0.0208727780116	87
0.0776777032547405	0.609448316910056	133
0.105409768844042	0.892364032198388	133
0.0441188143791094	0.244748973611506	133
0.00579239089712514	0.0203287648562466	133
-0.0626433911745866	0.256560822849195	133
0.0876691558692591	0.373700347278547	133
-0.036850143382872	0.123366675068001	133
0.118780370206924	0.488099014684791	133
0.0357846617924991	0.10952223500997	133
0.0527431487743458	0.142533298880351	133
0.00924412005008033	0.0150617147756619	133
0.0774719012870974	0.144737917902407	133
0.0749884143197491	0.250795745482456	133
0.0415003309527119	0.11380024289871	133
-0.0508426792452827	0.140809375903096	2
-0.0959554086471555	0.314452021134369	2
-0.0745580068765918	0.232542704745686	2
0.0429370962401125	0.131952339693709	2
-0.121507644497207	0.451363511525134	2
0.0268331687060342	0.0708392520566129	2
0.119497916909411	0.427633646062672	2
-0.0671692076508927	0.202999198099534	2
0.0753508949635743	0.249587167235322	2
0.123829410212995	0.447675539964162	2
-0.0142868727475477	0.0396241397811668	2
0.0392632481591522	0.116684379058148	2
-0.029310026829179	0.0810300825241358	2
0.0628144111341075	0.18204701273581	270
0.0299319817304042	0.0829207113648951	270
0.0410453442607776	0.120941033521602	270
0.0644421333961536	0.197667523301125	270
-0.0569048766913439	0.172104505977083	2
-0.0944602592985182	0.307703373949833	2
-0.049004180435749	0.14433857096418	2
-0.119617065103377	0.391993103218389	2
-0.0123961679172076	0.0338703378930134	2
0.104480026889288	0.351714352534495	2
-0.100640345325379	0.330128778602655	2
-0.114064347008742	0.366239461342973	2
-0.0387721734149907	0.107490117160896	2
-0.0913100485163283	0.267828060060608	2
-0.0838163276066603	0.255369624148048	2
-0.00593734577787128	0.0144983093235567	2
-0.104616026993342	0.295026268054858	2
-0.0406387071974943	0.0983635046059951	2
0.121421291006783	0.399667285267087	87
-0.0704152749552589	0.113497483630055	2
-0.118120986309491	0.216388457503012	2
0.0665930506287176	0.122328385453463	87
0.108247673245795	0.21211813003524	87
0.0862006584818192	0.145870792320654	87
0.0109471893715466	0.0203587996695544	87
-0.0132852874888379	0.0260380711054184	87
-0.0479408214264927	0.0908512525805158	87
0.00296934674088452	0.00583439348275708	87
-0.0702304608920482	0.170278817451488	87
0.0340042937079979	0.0839037343317119	87
0.118699658225738	0.335335539965442	87
0.0426962478346976	0.0950098553705927	87
-0.00867404878863761	0.0157133380706468	87
0.0461196665114133	0.111768733383694	87
0.119632290915358	0.365256602702062	87
-0.0414225094183338	0.0993268820031634	2
-0.0766233649002836	0.181726455496584	2
0.0755151416941189	0.178525883996149	87
-0.0502827725893915	0.112100090401144	2
0.101363842453007	0.266129881009516	87
0.11748140076846	0.274747876427568	87
-0.00964913049773505	0.0137361548448983	87
-0.0316592242024285	0.0522799972083381	87
-0.0112090770241432	0.0216520695953889	87
-0.0685112894142029	0.142788589411978	87
0.00988249657647084	0.0183394087730339	87
-0.103247911880087	0.217488429870611	87
-0.120502210455938	0.248202005688162	87
-0.0501417431343062	0.0970866986907515	87
0.0794483278259647	0.122791296475125	87
0.0319521186033983	0.0471974463993309	87
-0.0570187822226008	0.0973979450751108	87
0.0602361261245381	0.0835925337137361	87
0.0897666737875236	0.747960750401928	133
0.0774006790977624	0.573842693215543	133
0.115601782853136	0.694997715137224	133
0.0817337631527196	0.427774022836732	133
0.0288938702987333	0.115815952804492	133
0.0377648188449747	0.153692706619292	133
0.0175874016392165	0.0617313378367943	133
-0.0905787238552375	0.364834754791281	133
0.00239402831655085	0.00727974591666451	133
0.0602983819311974	0.236843211939775	133
0.0468308568298077	0.142049209729997	133
0.0228505935368462	0.0540527040438503	133
0.0394274812246789	0.075724927012177	133
0.065195944965105	0.145470850823281	133
-0.0426895824594357	0.131836931486925	133
-0.0381289327957868	0.129833929171535	133
-0.0802962077630263	0.291575824167348	133
0.0389723673691519	0.118223307577672	133
-0.0142712059205829	0.0433608680095904	2
0.00485886661199533	0.0147553378595861	2
-0.0402917815415802	0.0807378087862274	2
0.109041631064635	0.337876895766931	2
-0.0833720999454035	0.25027542903975	2
0.115632865983476	0.458399461480368	2
0.00288813454378029	0.00783927893750908	2
-0.0130578285625724	0.0329297547315566	2
-0.0591027462045404	0.151128909949397	2
0.00706295910614643	0.0162028725737502	2
0.026020569742825	0.0575776691438586	2
-0.0527060268206328	0.157735089083051	2
-0.00258377198388482	0.0061331504189964	2
-0.0344585763712341	0.0726724834973612	2
0.104330703897511	0.266703968213989	2
-0.0560033007607018	0.167467303629877	2
-0.0454129124096026	0.109548037549909	2
-0.116770442225108	0.368779078289623	2
-0.0153348710133002	0.0349653763277276	87
0.00529788588560171	0.0123938678046312	2
-0.0795727622776725	0.17670383355604	2
0.0224811891490361	0.0391482308409612	87
-0.060770553258671	0.132881396688326	87
0.00428116378415923	0.010466474957443	2
-0.0724538839509754	0.187895766267621	2
-0.0669344005055008	0.145893370712904	2
0.123324398266565	0.31721297753582	87
-0.0813843984817826	0.187157919929051	87
-0.0305966146048468	0.0545758533435332	87
-0.0756245474944112	0.172689447341573	87
0.0276611627828997	0.0616732111744521	87
-0.0797429603504569	0.266780410097523	87
0.104540495524667	0.319919753329963	87
0.0259541579487617	0.0550825149171951	2
-0.100511862990974	0.255632268575737	2
0.0251596109057175	0.0604552394423819	2
0.0829959667426597	0.174933466570888	87
-0.0420527781091389	0.075378211922557	2
-0.0775200382094125	0.125341978882687	2
-0.102139497806096	0.322000748703261	87
0.0236002897173141	0.0575712959702481	87
-0.0705239330578916	0.153507467885027	87
-0.0413055589388387	0.0714606442072763	87
-0.0276780521555685	0.0541801320762356	87
-0.0197373191457632	0.0361997733653652	87
0.074409690571293	0.175504458617864	87
-0.0242441265541124	0.0421845157635289	87
-0.11563839113202	0.253081216648849	87
0.0826761572647065	0.189677063264227	87
-0.105465018877321	0.138684645215307	87
0.104281929659679	0.226546158847904	87
0.0838425932939833	0.680029893697195	133
0.0990502566034231	0.833436395800392	133
0.0949781032057691	0.612891057562735	133
0.121491963218824	0.726509976747545	133
0.0636336888249805	0.293250458978907	133
0.0765059288838171	0.335192566510704	133
0.0929088299178775	0.390770562508446	133
0.0815468867397889	0.343999579112763	133
-0.0570076685252319	0.20176713734136	133
-0.0525124595569936	0.180734706222032	133
-0.0872142322440486	0.268226806653447	133
-0.111493483264719	0.316878917991646	133
0.114254890872921	0.262824768825959	133
-0.048338299646625	0.104779322240809	133
0.112057355138735	0.346146952118632	133
0.0896279927437897	0.351349411661998	133
-0.0192075473436376	0.0534193336724843	133
-0.0172395932784014	0.0490270942926113	133
0.0687893511214825	0.242203693578886	133
0.0298717588650921	0.0879674650223619	133
0.110678362528011	0.443786912942624	133
0.0118628621468176	0.0361245196283167	2
-0.123035462834217	0.310587946921643	2
-0.0873348042530202	0.203735095542553	2
-0.108559071214714	0.288338239715043	2
0.0403823255741679	0.105045319021809	2
0.0476502214465277	0.138869062548981	2
-0.0853847184569402	0.304025912883182	2
0.0679564295011478	0.196846647385043	2
0.0431355290879755	0.119301083601198	2
-0.124381262989893	0.428011847381973	2
0.0585064448052069	0.160249286474043	2
-0.120563513644843	0.340780121632233	2
-0.0782762533240413	0.246152175572759	2
-0.0962950472453252	0.324280073627984	2
-0.104721857000849	0.351370338868296	2
0.109374202181605	0.28901007973087	2
0.0183969648549615	0.0364272121023642	2
0.035120622407154	0.104566450682439	87
0.118692359030187	0.372983612850081	87
0.0196550007312599	0.044075481313243	87
0.0889563818667491	0.315153006096542	87
-0.0308486602285324	0.0676819083291893	87
-0.107799109451727	0.33082936264438	2
-0.120833826268099	0.305126578167717	2
0.0889417932411888	0.198986444161624	87
-0.0725509365467974	0.156003512923827	87
0.086230358763061	0.261319831482231	87
0.0310848558310299	0.0842967778559679	87
-0.073254844265369	0.166476337729666	2
-0.0875969348175198	0.182307880847195	2
-0.10784551241368	0.238319847249979	87
-0.0665388784286964	0.138785854158636	87
0.0335807570775383	0.074573751052556	87
0.103268018534277	0.272179481449943	87
0.0222305320819442	0.0553133957876034	87
-0.0767465234901533	0.197803549028278	87
0.101648357789944	0.2670220187121	87
-0.105984355012694	0.27714582004515	87
0.0727195302673369	0.205880194872862	87
-0.0246337395376671	0.0630892081438312	87
0.0943903241168698	0.22127012139946	87
-0.0882421194734189	0.244828303084355	87
0.00823662022267047	0.0172544569765712	2
-0.0708240221583191	0.192308941938374	2
-0.0139631207633687	0.0237662142188218	2
0.0848047113225506	0.179368858329414	87
-0.0369599933714904	0.0921673739154071	2
-0.028092759363208	0.0489596632386739	2
0.0356898784067717	0.0607589765981712	87
0.0186406574489248	0.0306573770285905	87
0.0405587356320608	0.0894699697457963	87
0.0555116557277954	0.137813309036508	87
0.101125927933972	0.212013392498921	87
-0.0356557646793118	0.0703180541160013	87
0.0802365133715898	0.196777637349666	87
-0.0472782617659732	0.0910532235271197	87
-0.00374258513895981	0.00531903086799468	87
-0.0470240585094754	0.100172191624777	87
0.0723206380896273	0.142946527452138	87
0.0729548192604317	0.100426457266159	87
-0.00601029165635016	0.00995673211864357	87
0.0420052223111411	0.0550765733983874	87
0.117646275269006	1.09930316881072	133
0.104572427568199	0.876343057109256	133
0.0905644533423429	0.664837816276937	133
0.0407971194530254	0.216513983220322	133
0.104548465350706	0.644812339035537	133
0.117862582280913	0.654479458119467	133
-0.00423930871141671	0.0150381847689639	133
0.111430505423954	0.543459776446294	133
-0.0780287617374491	0.289288825102119	133
-0.0402128417173854	0.111644575789581	133
0.0181984429863131	0.0447144444583523	133
-0.00111109717502686	0.00186937530387842	133
-0.0344767320002615	0.0521646208480073	133
-0.00078938847379887	0.00131102057976538	133
0.0495383832620653	0.0902909634949161	133
0.0630665215317229	0.111350320260464	133
-0.066197211612414	0.237181055352695	133
0.0739396572145711	0.262349686298714	133
-0.119205985389736	0.478590521441276	133
0.120150340288002	0.46050979799169	133
-0.054568806272321	0.156317254829937	133
-0.0588906212666146	0.180468055718168	133
0.0561700616384991	0.179325051053885	133
0.0360333713418195	0.107395219641049	133
0.114100311299864	0.438620446883982	133
0.0441794487722664	0.132000154601788	133
0.10381506842131	0.318072153791258	2
-0.0533968009112871	0.157668193599413	2
0.00543924215186528	0.0145067148342316	2
0.11811881262946	0.420505051691774	2
0.0851508387710622	0.281268349953054	2
-0.0746685354749932	0.217656911587611	2
-0.0837979087423233	0.250325038317332	2
0.100808031791284	0.32050534949699	2
-0.0137694233258	0.0366834141307094	2
-0.0804288225133826	0.265949954175227	2
-0.0142145149496396	0.0389992516731971	2
-0.0611440163022402	0.194960203954768	2
0.0211110253467965	0.054679418421522	2
-0.0225675228176412	0.058033837125501	2
0.0980434398439024	0.300270748276614	87
0.104930725411364	0.366124028393607	87
0.0442483266806366	0.132862581337132	87
-0.0410766647448161	0.117501794168446	87
0.0411814171437935	0.116157473828695	87
-0.0293860797775988	0.0764630509809076	87
-0.019128378116174	0.0496494821437145	87
0.00341164211692167	0.00900626310965131	87
-0.00444161723961721	0.010439008958126	87
-0.00777813621769483	0.0186562956369823	87
0.0193436226439797	0.0423539864804381	87
-0.0307730327732006	0.0666414209381897	2
-0.0895993558227106	0.15874617725617	2
0.0893472969777098	0.178268690023221	87
0.0187974926150415	0.0323300454637237	87
0.112466270411492	0.237357407812643	87
0.0213637949955631	0.0377904911246213	87
-0.0216574246603616	0.0434723999449284	87
-0.091200708861514	0.218064008113251	87
0.0733850206147711	0.162929769437329	87
-0.0193481335329452	0.045233642415588	87
0.0305689581818965	0.0691157239249713	87
0.0196645327491347	0.0457109398324129	87
-0.0172169647164458	0.0387864110221655	87
0.0696159655459192	0.166450502634744	87
0.0645205228288133	0.161357505488322	87
-0.0169085954227327	0.0415900641734951	87
-0.00618128148866735	0.0142101258373519	87
-0.0391363672432196	0.08301827598997	2
0.00976829291648118	0.0201228818210452	2
0.0684468336118891	0.148365193040467	87
0.0604246196003283	0.111399175808871	87
0.0670419878033178	0.153062820524025	87
-0.109008157010267	0.27262900255484	34
-0.0285302212568223	0.0630661607711335	34
0.108163273223899	0.211919270616689	87
-0.0284612816879916	0.0395775733036243	87
0.0527523940002682	0.102008552607315	87
-0.0371915870973229	0.0642400653305525	87
0.0609977613572742	0.118298219072566	87
0.0858378068534324	0.169205867142788	87
-0.0344934637080531	0.0547725280310623	87
-0.085502231508864	0.127862764377763	87
-0.113486376440087	0.198992946029727	34
0.0380783650067101	0.0514250646529067	87
0.0768448909132158	0.598140562626366	133
0.110591087527562	0.976857622203953	133
0.107535214539979	0.839397881650371	133
-0.0025915684267296	0.0123043575071644	133
-0.0288253091331642	0.144250563138514	133
0.0189291546344264	0.0767435438064185	133
0.050101906235371	0.231985592739095	133
0.0387799983350106	0.166594910505597	133
-0.0381151325791571	0.154036156756057	133
0.057005222134786	0.196077875354911	133
0.0163287333220506	0.0375416737739866	133
0.0681809975711578	0.092229816032252	133
-0.11190969626735	0.178435638099963	133
-0.0965357340738411	0.242036402812345	133
-0.0815702365578553	0.270984140866795	133
0.0882608229448458	0.331510635200843	133
-0.0466750334380414	0.143694737754928	133
-0.039023382930415	0.0954364470510293	133
-0.124072803184114	0.374646389624784	133
0.119395036648852	0.339121694005997	133
0.0950081942814749	0.292367801140053	133
-0.00726192364419182	0.0200860717540462	2
0.0802855161931973	0.274495728765426	133
-0.0474366730917059	0.140633632367999	2
-0.0808524825863988	0.257278980933891	2
-0.0438806745775519	0.121129207574366	2
-0.0164185207324195	0.0442441780182414	2
0.110958829285886	0.364801168179345	2
0.054431783659442	0.154174199894511	2
0.0670554643766556	0.199276319015163	2
0.111516954448653	0.384034773428977	87
0.0795557989420707	0.257728983810183	87
-0.00686885580606692	0.0182404772604731	2
0.0645988223954493	0.207937488201958	87
0.124021493384642	0.459343446758613	87
0.114111307076366	0.416286199285652	87
0.0891444280531837	0.3179530373896	87
0.0281478888028183	0.0765147878607443	87
-0.0630086105788855	0.190365503587685	87
0.081775140298807	0.265309852979116	87
-0.0142102550515496	0.0371675079733601	87
0.041567075363936	0.114003335687853	87
0.0254461972434013	0.0682852868670687	87
-0.0306367671701216	0.0823433849150622	87
-0.0993908161951954	0.292366705798519	87
0.0172274162848205	0.0432292004814085	87
0.0963065487633736	0.156717213318079	87
0.0369293342604016	0.0554094122433773	87
0.0920014473960687	0.121301783311767	87
-0.00867266759325915	0.0138745799542695	87
0.0681107943096758	0.125459166262235	87
0.082176408632226	0.187435255332592	87
0.0743110529018748	0.174487363063575	87
0.0165471168490513	0.0371171664075117	87
-0.00889846564991268	0.0187392761289702	87
-0.0638645541838052	0.146273652135987	87
0.0998953719957234	0.201378766223523	87
-0.0153858595941366	0.0241249736703008	87
0.017311148495638	0.0324305364499534	87
-0.0452699004639829	0.112565682858654	87
0.100291590502993	0.261627744270364	2
0.0600391031544172	0.147529898289176	2
0.100121697188174	0.289350619046499	2
-0.118265046877046	0.317772855408189	2
-0.0125068231493601	0.0271036013914382	87
0.103304636229197	0.278349205836321	87
0.088549677117501	0.232685247457108	87
0.00151570852255024	0.00313714093891033	34
0.091506673767392	0.198001214716787	87
0.0533743053949918	0.0960206500624752	87
0.0179775340029108	0.0269035298470389	87
0.0578842582145223	0.0894458740681787	87
0.00715288209066591	0.011618913271404	87
-0.0881514623107068	0.205954003054804	87
-0.00393998989626539	0.00688320316204334	87
-0.109731001219639	0.249553257373926	34
0.0551264460165454	0.0899417462635216	87
0.102421349622759	0.154803835175455	87
-0.110583528212056	0.150902749302941	34
-0.0950796554516192	0.125017131436083	34
0.0717942181335093	0.546840745837486	133
0.108737366669234	0.941211080938357	133
0.0951876071850177	0.765842964726311	133
-0.0100144480409962	0.0495539965803085	133
0.0318418760274351	0.140641144981989	133
0.0655125974238329	0.321370659102968	133
0.0373365285255459	0.150676026660594	133
-0.0108440989340038	0.0351862274999659	133
0.00504792478373233	0.0132563557441603	133
0.00166402797117931	0.00397304422052723	133
-0.108520297245449	0.224829894522068	133
-0.0387916814601511	0.0898216681099076	133
0.0995323304035068	0.371282823998464	133
-0.00281144110937177	0.0079659316512885	133
-0.0933367820368166	0.305205774175288	133
0.0756907651246015	0.230805262965791	133
0.117174726868504	0.404532807817599	133
-0.0079907137490843	0.0225762955710654	2
-0.00909106524639424	0.024983667492754	2
-0.00680483691690791	0.0166475511201076	2
0.110868874512828	0.362278370518157	2
0.0797341832232463	0.262203480585946	2
0.115024090040785	0.415333048701551	2
-0.0621281128503522	0.182198335272703	2
0.0255483725387538	0.0723877014174778	2
0.0477213838146994	0.132239583251537	2
0.0859602300973504	0.256885764113425	2
-0.0474908519926751	0.134302092770648	2
0.087810733426898	0.288024482064937	87
0.0014661840662264	0.00374967215898447	2
-0.115090019620753	0.38584678733752	87
-0.0326064599454967	0.0890027022322241	87
0.0119733912934406	0.0330607401351452	87
0.0110869635825644	0.0294713396643264	87
0.00477017951278333	0.0117800607194495	87
-0.0456286992612753	0.12497858459624	87
0.0672890634722406	0.177292485218614	87
-0.0122713141709217	0.029154897576526	87
0.0963036908780883	0.266677145566233	87
-0.050660823623838	0.106640466980919	87
0.0381684877247362	0.0607274562533149	87
0.0545681250657636	0.0889559779867996	87
-0.112816240987103	0.2389884193526	87
0.017311148495638	0.0324305364499534	87
0.120238584410813	0.301136286649798	87
0.00170420046310217	0.00348850866155936	87
-0.0220098977357434	0.0454467328293593	87
0.0378422737865019	0.0851680780896422	87
-0.0998024426996696	0.222277836311804	87
-0.0125025800009365	0.0258943989332053	2
0.0603285666336649	0.129497708706775	2
0.057638329938564	0.129210929594327	2
0.0234669571274987	0.0464957382445894	87
-0.0193508601576835	0.0397307996394549	34
-0.0240007718398528	0.0509190916646651	34
0.112208546343094	0.250004231669018	87
0.0363943589522196	0.0620314775402695	87
-0.122161520419817	0.246883388055793	34
-0.0262678679470419	0.0441326669881073	34
0.00814305024319438	0.012729475229333	87
-0.0645840093288791	0.105784884180621	34
-0.087894911426453	0.127414761307018	34
0.0370174207640551	0.0476743356363646	34
0.0697317784880426	0.527869659379159	133
0.107955131442815	0.962957639970145	133
0.0578109078835271	0.369886527491775	133
0.0606053498604385	0.31657644350328	133
0.096568746450727	0.581396576394322	133
0.0118166835986044	0.0477909269432081	133
0.0470262797621252	0.164700512346014	133
0.00309336408127236	0.0080131177844203	133
-0.0293226616826338	0.0512160854558186	133
0.0487838668748225	0.0757182640136509	133
0.00894985861173932	0.0155781425090272	133
0.0903851122207917	0.195174563300678	133
0.066116826882095	0.112177286650884	133
0.0185629123066176	0.0536615013893915	133
0.0807118103592982	0.294563745693789	133
-0.0152480946465928	0.0456452253444152	133
0.0759853385484938	0.271025244747576	133
-0.0698386305222873	0.216877007998979	133
-0.0327857975891519	0.0872707696993733	133
0.0143937938015103	0.0362964225900219	133
0.0430686129070772	0.12472012025305	133
-0.0114627898767267	0.0325107055903941	2
-0.0879088477484433	0.281245916792457	2
-0.00787972857148519	0.0194722296465388	2
-0.0481799007827134	0.142923762574312	2
0.0335818630200294	0.0983828047369292	2
0.0595868065316092	0.179984077358043	2
0.100010432251071	0.317397216350639	2
0.0512560456716035	0.145018053418216	2
-0.0458261397810936	0.122183807178131	2
0.041445551684445	0.109026560690075	2
-0.0571577636775921	0.161612264666771	2
-0.0308811307670524	0.0833010229451963	87
0.0261114164853708	0.0719947197710922	87
0.0575290328410043	0.173726745809957	87
-0.000344289571215652	0.000904492833807486	87
0.114356053736247	0.407476866895052	87
-0.0389535285934285	0.108270978190773	87
0.0715097362175655	0.211640644093361	87
0.00659151157431408	0.0171571032441321	87
0.0258471668424196	0.0615897439742309	87
0.0577290207394839	0.148407634217963	87
-0.0490497709984462	0.129206752540966	87
0.0186164049495051	0.0406967947365389	87
0.00465518048768388	0.00672984781013774	87
0.0219569185821299	0.0350820357875719	87
0.0343084740129378	0.055492570070467	87
0.0175388859383314	0.0318625325161029	87
-0.100361721251451	0.217096935959691	87
0.029371242511558	0.0613829779314838	87
-0.0418761105649158	0.0936440997340923	87
0.0720918138370689	0.188367208075059	87
0.0608604758215452	0.143550005467339	87
-0.0152379461200692	0.0340010535102076	87
-0.0858287542931431	0.223177730326715	87
-0.000300090352692975	0.000574617880964396	87
0.11363872517544	0.268375088311047	87
0.0102210120356946	0.0177247557403366	87
-0.0978039553268699	0.250943373159127	2
-0.0514681703581371	0.117770310800605	2
-0.00370346388356814	0.0060204207246279	2
-0.0454613740123485	0.100704481828124	34
-0.0334505404845628	0.0706680653677678	34
0.0221659896664814	0.0484449694318806	34
-0.0990628319508524	0.257410097217568	34
0.00978136562833741	0.017612325140259	87
0.0849975318974225	0.152914361041685	87
-0.076390640915098	0.123289425998825	34
0.0000317926748431952	0.0000520209549261167	34
-0.104631163710275	0.243853712873927	34
-0.0437031107895352	0.0770408101864419	34
-0.0161760123730268	0.0242760952696499	34
-0.117575531688214	0.187297620378274	34
-0.0545230730222161	0.0713354382789245	34
0.0886000467079249	0.733860978258504	133
0.124656131403887	1.13576660031623	133
0.0977866222244264	0.656279414971133	133
0.0691047035069184	0.399213283484018	133
0.068166215787567	0.371538380910652	133
0.0483697139074507	0.224932381907337	133
-0.00678444777766523	0.0236340621337847	133
-0.0771550234835832	0.302292870268542	133
-0.0836813738011427	0.268365744820011	133
0.107595516205552	0.235146851518632	133
0.0228978919343709	0.0553967182753239	133
-0.036268376225132	0.112850619381724	133
-0.0871732868627048	0.33332079769027	133
-0.0494444013843692	0.160147710268816	133
0.0433656149811034	0.123733542035177	133
0.0111939633329737	0.0292258991955116	133
0.124123288677495	0.458820086279879	133
0.0348079165255101	0.110215589892869	133
-0.0491242606243487	0.145965317968964	2
-0.115999694445974	0.41713940069684	2
-0.0256720876636234	0.070202689807303	2
-0.00168234023798331	0.00427367545840812	2
-0.0617993746095957	0.186759363513744	2
0.0526482665482981	0.157591516604456	2
-0.0113092396357745	0.0288021559739263	2
-0.0976627022237458	0.301601145273358	2
-0.0386920958206504	0.101774222421053	2
-0.0475904413937187	0.136680257956825	2
0.0671601981200533	0.217711046765361	87
-0.059195726866918	0.188567754495868	87
0.0355901902401143	0.0995113516549614	87
0.0908968492062025	0.304121270487043	87
0.102168261016683	0.363814586046857	87
0.0174097211044659	0.0455392420276401	87
-0.0356653169234677	0.101607293746305	87
0.0316026468454935	0.0919199352524043	87
0.0474316243082538	0.134757986653168	87
0.069895931567377	0.214720308676842	87
-0.0181770099911698	0.0450230564257659	87
-0.0328375577746533	0.0856683014691376	87
-0.0749304327698292	0.198720294158741	87
-0.0416025308285505	0.11298891868493	87
-0.120257192921277	0.318359930565658	87
0.0195523610916602	0.0309136769126329	87
0.0300958993297413	0.0612483375229266	87
-0.0111108949411168	0.0226536571194826	87
-0.00912961151795548	0.0185301708411774	87
-0.103372082037538	0.267191983113505	87
-0.0858090669908653	0.232074543356746	87
-0.000893644045261475	0.00177942478188049	87
0.00509668249637309	0.0106077558455625	87
0.0984046412626223	0.263763320790353	87
0.0000695448310922805	0.000145443327190499	87
-0.0324210862951023	0.0683503095815209	87
0.012783259832171	0.0220199104636285	87
0.029818653044699	0.0738361816072835	87
0.00148330740001971	0.00303573195209012	87
0.0176382826072106	0.0374043693196276	87
0.113856554473711	0.302017428359634	87
0.070383311720304	0.177439828529131	34
-0.00637987316005609	0.0131220601307403	34
-0.0496592461996535	0.0879338208723127	34
-0.120377810755572	0.225400551677249	34
0.11672803854296	0.204191515119699	34
0.0226939532088726	0.0303841134683132	34
0.0102259791379292	0.0153630351402108	34
-0.104849195104052	0.2202540906235	34
-0.0536727996217827	0.103548550047539	34
-0.0794882450823847	0.179342761061202	34
-0.0225671442290216	0.0427720144802911	34
0.0246452590854764	0.0395590785081893	34
-0.117756563896038	0.245047712292993	34
-0.0541044000719942	0.0824844583841205	34
-0.0881569891623671	0.11980807643266	34
-0.060697961570024	0.156505241129309	87
0.0360285032173861	0.0613658569469484	87
-0.109736113050753	0.208374644576548	87
0.0687920449426081	0.124235382404571	87
0.0548055635562896	0.114697440246994	87
0.0169459558183516	0.0312415251521021	87
0.063634601729639	0.143633160476516	87
0.116288242179418	0.27743292745564	87
0.00874048275466394	0.0179661817101748	87
-0.0870339031324253	0.223833363973608	87
-0.0319839495825553	0.0725250290816958	87
0.0221386343007441	0.047602158766479	87
-0.0882424267585825	0.188499331648676	87
-0.104772229426126	0.304192533504232	2
-0.0417217826032194	0.101263190316958	2
0.0336844221750451	0.084907524131194	87
0.0207153927177292	0.0344143499729701	87
-0.0512578493959317	0.108039808785707	87
0.0865216789667288	0.224554608804661	87
0.101671176883433	0.255102987473961	87
0.120788251253463	0.307727674110014	87
0.078583466904538	0.185058632973147	87
0.00261903732195341	0.00501603417605484	34
-0.0176368366122442	0.0410613150984785	34
0.0459185712837868	0.0882211487666196	34
-0.123650783733673	0.296524127369705	34
-0.0310862336644865	0.0581794534882512	34
0.111679488404545	0.248585567197799	34
-0.0375232550998446	0.0719357623448044	34
-0.0475843450316922	0.0873027831917544	34
-0.0552367874451814	0.0843464893907325	34
0.118019682426692	0.390118136955058	87
0.115668922443006	0.238991266396072	87
0.0805309492516292	0.167207768177077	87
0.020762640589463	0.0414958802045596	87
-0.0905116207750737	0.235973023446489	87
-0.0835625633146123	0.206412748896746	187
0.0513633190548887	0.123434924702192	87
0.10732692038022	0.297830794319562	87
-0.0699478729441452	0.168852180515383	87
-0.0409679861341442	0.102490705209075	87
-0.107022830845721	0.333247695113307	87
0.00374885599338087	0.00704452356982314	87
0.0464482987069024	0.118807549886065	87
-0.0557359394657411	0.151769934263242	2
-0.0803391024767238	0.254178951579429	2
-0.0225682120064711	0.0579250846202251	87
0.0379112291064782	0.0956716346424924	87
-0.0067785564077725	0.0139121030300823	87
-0.0488026765871181	0.102805437021671	34
0.107555638912341	0.304886199386418	34
-0.122387863320868	0.388296025325883	34
-0.0091095949038483	0.0203708969274072	34
0.0402647507260633	0.0887695852964052	34
0.083629838223191	0.172461875084497	34
0.0233721841146843	0.0447203659963623	34
-0.105007116581662	0.206906478001868	34
0.0375559751552565	0.0844485441788722	34
0.0561998732476893	0.131926983522242	34
-0.035988231034259	0.0739969755417141	34
-0.103023783182564	0.256822497125741	34
0.109857710044953	0.268853852647809	34
-0.105372350696572	0.245977316798405	34
-0.0653839935854851	0.149603967056745	34
-0.0994022504260081	0.21186405019272	34
-0.0983928374045295	0.185836142334685	34
0.108345889116649	0.226962402737257	34
0.0356044841611741	0.0514458295408002	34
0.00955617492645692	0.0220535211470435	87
-0.00788467057205151	0.0160186734497038	87
0.022326864078017	0.0338909675054451	87
0.034749206855031	0.0532984795539155	87
0.0536219770837268	0.0816431821842768	87
0.0406593171447256	0.0702426686998873	87
0.117291847328782	0.205351424337328	87
0.0176121492094124	0.034170016736377	87
0.109234898337246	0.285727592017316	87
-0.0683407483970001	0.152780383054112	187
-0.0486172843785461	0.124992537824464	87
-0.0316658316001042	0.0726186706545711	87
-0.0826850252482274	0.228013677274805	87
0.117541135884894	0.267264552677733	87
0.0414008598803644	0.0753401951281629	87
0.0787353003509684	0.151370564703317	87
-0.0277152957459256	0.0712669588389089	87
0.0689541764113249	0.190574810339172	87
0.00805619916933136	0.0203340705589339	87
0.0592675005337292	0.14771961436787	87
-0.0419873617469279	0.101126187214398	87
0.0817263690669683	0.198258663497659	87
-0.0543040927014091	0.131159218427917	34
0.057773253786234	0.131924009716699	34
0.0651057821599608	0.119334028969011	34
0.0652282832312154	0.0999392768011593	34
-0.017853787744326	0.0287042432136701	34
0.0497679158570456	0.106299596487636	34
0.037027422008158	0.0848025402221388	34
0.0917446173228646	0.184879286705355	34
0.0451959392850267	0.0754431275033173	34
-0.0152038067205773	0.0359706892540509	87
-0.0344322010111822	0.0736197627184244	87
-0.00426970767969166	0.0055428344130105	87
-0.0158512624563931	0.0243324010468947	87
-0.116119080754302	0.283928728118811	187
0.0457868271163529	0.100233502899672	87
0.0264612023582548	0.0564467821795305	87
0.0692700890844826	0.144920993421638	87
0.0584826283846647	0.142098290621885	87
0.0948796076039777	0.241642929361168	87
0.0371904706850293	0.0896669873268989	87
-0.0235290045779087	0.054826946408462	87
0.0415492172023209	0.0930499943866342	87
0.0809824008960903	0.165314550793293	87
0.0717609716093004	0.138244028430132	87
0.0160818771220892	0.0400347401367607	87
-0.0258938558331279	0.0694571302935915	87
-0.0910116066013589	0.166967132770405	87
0.018342124799811	0.0446923304448309	87
0.0800543537015621	0.214254070557152	87
0.05337184563779	0.140892633216004	34
0.0257264385492348	0.0667723962176567	34
-0.0205455972752701	0.052060292862	34
0.0687834710876397	0.161886628836757	34
-0.107170954775984	0.236534308604652	34
0.0348890668559658	0.0620421689679806	34
0.0581827412147615	0.116790359438252	34
-0.0110300185773597	0.016134601575565	34
-0.0548419642141848	0.0918412752144958	34
0.0210469349329708	0.0434393593055065	34
-0.105040543607289	0.302631127410225	34
-0.052403682085917	0.117371091558784	34
0.0647538018998328	0.127142979482658	34
0.106494213260302	0.172241226988776	34
0.115542604448463	0.201758913160011	87
0.0832122097908	0.124172967021026	87
-0.0770438212271709	0.135567497717206	87
-0.0418719937148471	0.0936323721059035	187
-0.0773877308417142	0.17191253075862	187
-0.0533348176835662	0.113382146017173	187
0.0297676777895863	0.0650466689330277	87
-0.0675993713100614	0.150889553380318	87
-0.0247123318989823	0.0495200850882858	87
-0.11645775109021	0.319467631952569	87
0.0651892642343591	0.156465269558097	87
-0.113361261958994	0.316287218372589	87
0.070640395424353	0.186763303369073	87
-0.11227675434555	0.232877980676534	87
-0.0978038648106174	0.198483036842672	87
-0.00910125283768922	0.0223233341526955	87
0.0352595367077903	0.0985076763544477	87
-0.117942145891557	0.350861774729922	87
-0.0401377949778903	0.0951638608914513	87
-0.00298640929186131	0.00465743880442487	87
0.040302509809694	0.0804329536779648	87
-0.0412782265929986	0.0977869902868564	34
0.0217569997315455	0.0573283194352729	34
0.0391567053251384	0.0623921211267228	34
-0.0309767487010903	0.0375934544942552	34
0.105433370235873	0.211457390338046	34
-0.116079150977366	0.337984805439894	34
-0.0387672383598631	0.0974287338374688	34
0.0773251905103699	0.187678332645555	34
0.0449963135675288	0.0961007904177097	34
0.0418228549399597	0.0853918215689578	34
0.0388637191390978	0.0712985568557322	34
0.103810485644312	0.242282327221249	34
-0.00906616071536517	0.0144474245257501	34
0.100893588447036	0.367276224192078	87
0.0143352972814004	0.0396327876147663	87
-0.0219051206602591	0.0532689068093467	87
0.0131095080589524	0.0298074926569662	87
-0.115304487199789	0.319875280985338	187
0.104335232176877	0.298425076074991	87
0.0518364713376278	0.135547960507493	87
-0.0471842510785273	0.12208885161039	87
0.00735491058504193	0.0158051659328249	87
0.0332082030982957	0.0823501684761033	87
-0.0378755699789341	0.0996642448102748	87
0.0352517349779618	0.0703983071477875	87
0.00419990950563995	0.00634493363234391	87
-0.0912639648001314	0.260230128200729	87
-0.0141732506507114	0.0376626484113189	87
0.0594875691507783	0.183176399592125	87
0.0444205410920571	0.123881450416174	87
0.0904791142727171	0.28495327634579	87
0.101532487849345	0.200961337679444	87
0.118568443994226	0.358687768137169	87
-0.0790075458347468	0.163510797843955	34
0.121149331963662	0.240303620137892	34
-0.104692163561806	0.19059863299239	34
0.118996086169429	0.278985209800271	34
0.080188157808645	0.230295316063437	34
0.106547818435897	0.306204666193719	34
-0.0582019686058756	0.118636279967714	34
0.0147446815744379	0.0260763233194096	34
-0.0602753435077501	0.159828839462106	34
-0.00268537070609731	0.00655873623481654	34
0.0248498682177946	0.0655616071125775	34
0.0883603983204092	0.2810174519881	34
-0.0118074335427785	0.0249441981842221	34
0.0271775726554676	0.0570671912046673	34
-0.0808406622008343	0.229898963298586	34
0.108297861756549	0.37736023214482	87
-0.0583721385962316	0.18149103787676	87
0.0138400928391774	0.0365537860590471	87
-0.0392566151036728	0.101545809360057	87
-0.0201287808773238	0.0534970359629982	87
0.0509637386704249	0.140583478070368	87
0.106874046289227	0.317811832359916	87
-0.00101596358037093	0.00215027722268294	87
-0.0224071677490086	0.0491865063402094	87
0.0626784594580306	0.150414694978539	87
0.0293017638090578	0.0500186814190625	87
-0.0935741792231275	0.251186849914741	87
0.00929644547950922	0.0220898206183912	87
-0.123928470269823	0.424123693319706	87
0.0743678401779109	0.238967501979237	87
-0.0585106850625509	0.167784110389658	87
0.0453913536595235	0.1315467923269	87
-0.0347874497962816	0.0867988656686429	87
-0.0377445445778284	0.0874815423078455	34
0.0220094811181099	0.0447220003324494	34
-0.120328076560659	0.267666797311625	34
-0.0801562447375015	0.183061796231025	34
0.0242643684900719	0.0549460752570484	34
-0.0208429445268337	0.0573098166953862	34
0.0879173990080453	0.281217668505856	34
-0.0580965058523657	0.145306192400044	34
-0.122039663625301	0.405034223234523	34
0.0134361488048789	0.0319674986280389	34
0.0795863841145316	0.240763992184438	34
-0.0843097172353689	0.246847584416329	34
0.0716108925731278	0.164060407404542	34
-0.0833011808027068	0.215386947289841	34
-0.100749073846489	0.311515967002876	34
0.0843413754937876	0.264372887885342	34
-0.0557850629381241	0.171257554202509	34
0.0584223202752073	0.175834022747826	34
-0.0971223010418577	0.317084599212318	34
-0.00119051931539889	0.00299572344764395	34
0.0304003423712865	0.0741502471685931	34
0.113946628222653	0.249967018307258	34
-0.0189680494616893	0.0504619110131546	87
0.0686805353319971	0.230022624582927	87
-0.113354601561029	0.418134705105994	87
-0.0134132589966622	0.0350111625272022	87
-0.0195303149988228	0.048039048166819	187
-0.110245109873061	0.244615458040415	187
-0.107109671009451	0.246555540161828	187
-0.106668802921992	0.224825523209344	87
-0.015047417016346	0.0315205852023785	87
0.0259619043037368	0.0558023717553936	87
-0.070117628873079	0.101157349059626	87
0.0509844607936335	0.0625492642557886	87
-0.0622615866140229	0.128796909546106	87
0.0230314818948932	0.0655849380760637	87
0.0986205295893824	0.338187562834107	87
0.08411820095794	0.259908060671694	87
-0.0294261100239459	0.0649448784661024	87
0.0428380566185063	0.0982470622355194	87
0.0254062781447291	0.0355324233930248	87
-0.0989094036648624	0.124928917566197	34
0.0394806213794255	0.0786691806229052	34
-0.0758454031032027	0.242044403711269	34
0.0715277817773887	0.24523586768572	34
0.0664737548523999	0.202146211871841	34
-0.0273342019341544	0.0636935644277178	34
-0.0172361140894682	0.0508408782654422	34
-0.101251094033196	0.360558780840153	34
0.084062601773459	0.120080666479297	34
-0.105933514552558	0.369425652250647	34
0.00841756328847139	0.0140504256668266	34
-0.117994177688278	0.220067219656684	34
-0.0032995354612533	0.00779567734407129	87
-0.0188563209670626	0.0460203808847222	87
0.00682195357781261	0.0179489012696186	87
0.0493275873223279	0.153492511608342	87
0.0715299419428042	0.224779312293376	87
0.118823852995132	0.368401296307389	87
-0.048345894060995	0.112736800862502	187
-0.076450892233175	0.160204990802769	187
-0.0630603843989313	0.126984451841964	187
0.0141825248345125	0.0164771130356077	87
0.0903384898424493	0.180550384793151	87
0.0460970940962215	0.117813949621294	87
0.117031220231763	0.374722714593804	87
0.0290068083816471	0.0658923642833819	87
-0.0274611457025527	0.055353032988435	87
-0.0140817292466519	0.015765569957446	34
-0.109418953688581	0.14914082380081	34
0.0266747832584162	0.0387710407777373	34
0.0276643559789586	0.0672905345695384	34
-0.0632977000370668	0.201431655667693	34
-0.0759777438956812	0.230353145334669	34
0.0866280682903456	0.234197011734614	34
0.0173117040126017	0.0458184164974159	34
0.0711369747252002	0.21970446835223	34
0.00508871734374654	0.0117263942888848	34
-0.0782051062214629	0.126560387407044	34
0.00283144621647623	0.00357238689938778	34
-0.0207038376127059	0.0384885402800069	34
0.0856502266874315	0.197645032594907	34
-0.0442918121229469	0.0765848097891702	34
0.0574467821746149	0.148524500939201	34
-0.0856345312867403	0.154335010729715	34
0.00452276309852012	0.00913644553508337	34
0.0254244191788941	0.0608864071376694	87
0.0555905748218382	0.179994647841246	87
0.0923953673048217	0.304566295529584	87
0.0301888500068424	0.0836931096622528	87
0.0629270282755634	0.16173529696824	87
0.0231264213643351	0.0526620376537657	187
-0.0377969772039105	0.0599509552166589	187
-0.103078393773065	0.158642649467811	187
0.0876894565781002	0.138452090107531	87
0.0317100170962344	0.05574280070634	87
-0.0147403163325618	0.0134680159723634	87
0.0496445644774422	0.0723932755797863	87
-0.00373979708963051	0.00382994924288948	87
-0.00891793047728478	0.00647271866307609	34
-0.068944947232391	0.0579601504600935	34
0.0893677770160376	0.129935759253098	34
0.0384402522139892	0.0919099639906686	34
-0.0977833460756792	0.288628812622347	34
-0.0443602949576059	0.1365657212919	34
-0.0351405172397711	0.0792642361602959	34
0.109920379866215	0.115422559870279	34
-0.0278896459031976	0.0253630805775134	34
-0.0142587763057053	0.0173056750634958	34
0.0470514260626488	0.070351056728857	34
-0.111306047229016	0.253876904697739	187
0.104596351966621	0.28374015454457	87
-0.0895129220885411	0.208767186628416	187
-0.041534992594751	0.0630762215216553	187
-0.0472311749070637	0.0698488023033952	187
-0.0280731000606487	0.0390173107981922	87
0.0244768888926781	0.0279826069300099	87
-0.0944717044578103	0.194358551590555	34
-0.0119535457067071	0.0252618003409059	34
0.090103028726168	0.131173380769384	87
-0.0423844853093743	0.0609444985635893	87
0.00686945182384693	0.00554327558544419	34
-0.0794547918517552	0.0616862783909857	34
0.021940810443375	0.0260611125655622	34
-0.0128065811971956	0.0291153767768347	34
-0.0123733136435965	0.030147986586103	34
-0.0788350570051803	0.26488818972677	34
0.0563767269681646	0.153216607934042	34
-0.105438043042413	0.123633002527582	34
-0.100081257741525	0.101356963298085	34
0.0402442127566862	0.0627304038990948	34
-0.11165328780012	0.178008832509787	34
0.119264440511278	0.28885626062514	34
0.0108295301059883	0.0149867173319661	34
0.0598718368578971	0.137905979285135	187
-0.119878073464126	0.376502480279565	187
0.117109535409488	0.434158845045658	87
-0.0799428655012598	0.246112295851347	187
0.0947321996711166	0.284354478897567	187
0.0792320370091432	0.200786091679241	187
-0.083570648558245	0.178765090662783	187
0.0518267379863398	0.101776901770077	87
-0.107664971142184	0.214992234142716	87
-0.0558545596491963	0.108239062017103	87
-0.0829889568591562	0.14397288344356	34
0.00237257916085894	0.00516924170409652	34
-0.0152246400248969	0.0346146220326036	34
0.117914724735643	0.206615924560195	87
-0.0956934859023645	0.15515826074245	87
-0.116867867326135	0.153778428904176	34
-0.100888844627221	0.137631514036468	34
-0.0292152638259037	0.0265932723875949	34
0.0189560389655884	0.0169443778033884	34
0.0516175091041152	0.0857311222610946	34
0.0585598833043435	0.16752598971721	87
0.0974190820539969	0.137988503379573	34
0.0435623326638508	0.0522848609876269	34
-0.0265872326614002	0.04379269855852	34
-0.0404106696723675	0.0800840801930202	34
0.0942494188087233	0.201432114360187	34
0.0590878398703356	0.110805843522916	34
-0.100793986071044	0.260226120568097	34
-0.00407618855002922	0.00700385197506005	34
-0.0828107485928613	0.163207131230672	34
-0.0754976172380556	0.13033335452625	34
-0.0868963442837068	0.244975342024777	187
0.0338958664280441	0.102364328656084	187
0.0685957883622197	0.213975464262922	187
-0.0843942752992698	0.25093497830157	187
-0.0774672754554524	0.164617512462493	187
0.10995940439237	0.231046675720628	87
0.0333463251566582	0.0629658450366014	87
0.0781071411740598	0.172306402535806	87
0.0583268549476132	0.119677513370889	87
0.0572223969692597	0.0562944289605388	87
-0.058469145196323	0.091485207755858	34
-0.063136211520485	0.168026332791777	34
-0.0183543041036852	0.0382387629562517	34
0.0735441320570802	0.131023106202646	87
-0.0512009152445228	0.069201517013511	34
0.0319171177264369	0.0294731063799465	34
-0.0630560713118831	0.05694681804898	34
0.0536225299266034	0.0632033648995444	87
-0.0783832230673189	0.208105103049059	87
0.0440293915168442	0.112384966313076	87
0.0347075686356752	0.0752929871505321	87
-0.0598814870574384	0.177234236221887	34
0.0996970934382122	0.329577243180866	34
-0.0768357913379078	0.212580152018404	34
-0.0608499053771062	0.133094480121467	34
-0.0383537268300745	0.0552520444102915	34
-0.121789960925924	0.148537508182036	34
0.122831097979482	0.179039325437552	34
-0.0384383976853976	0.0624429637337193	34
0.083948141880809	0.180309816968745	34
0.0319480296358002	0.0536998375536649	34
0.0316400133928061	0.0676333431254701	34
-0.0688923687242136	0.138827591818754	34
-0.0801446787706558	0.138432525719101	34
0.00887349442619624	0.0188338192802339	187
-0.113230531943673	0.354779323653974	187
-0.0164988857134527	0.0467749130774111	187
0.0293876832190532	0.0866361229656516	187
0.0437499666868088	0.130369106105111	187
0.0233416853124655	0.0579217898847357	187
-0.0131191541929046	0.0306679541661073	187
-0.0875750024836471	0.17060221027738	187
-0.095637562688325	0.202417310611788	187
-0.0955030021853724	0.18631346316579	187
0.113639474230051	0.227642260941849	87
-0.0294550537035478	0.0370813966637266	87
0.0159598569930032	0.0243659954001509	34
-0.041645664027231	0.106854281599468	34
-0.0438141073778241	0.0903428327859843	34
0.114973508885929	0.191663459893418	87
0.0477174878090435	0.0739496052876949	87
0.110040977625654	0.20362173694137	87
0.0656233017440784	0.120389796741033	87
-0.0847595908193159	0.156025938611245	87
0.0519561728654769	0.132745385689364	87
-0.0885205038418531	0.237952026025712	87
-0.118886320049015	0.288742776735728	87
0.0105934400469197	0.0272047290135483	34
-0.0196918619608756	0.0467316378324014	34
0.0927423335218815	0.197652877417423	34
-0.0941808668290105	0.123692185956605	34
0.0388295563016283	0.0390543883591998	34
0.1116057146769	0.24839803486912	34
-0.078266004680537	0.197202328457117	34
0.0289229459339592	0.051535950786602	34
-0.0799920650173191	0.172800362955029	187
-0.0889028093947396	0.199139655233033	187
-0.0742416753474947	0.133022473439106	187
0.0501646686623737	0.0915292872175105	87
0.00899743230700685	0.0143749610977538	87
-0.00685504325729336	0.0119886268537655	87
0.0938673984934943	0.219841761077984	87
-0.0504081499780401	0.0612112604558989	87
0.0997224456068479	0.207417581375041	87
-0.0283619479308672	0.0594987700718897	34
0.0990523248043503	0.22076981247272	87
0.107054559933514	0.222484078608566	87
-0.0326678247818176	0.0613283898217515	87
0.0280872758441545	0.0409085543015322	87
0.0218548790708036	0.025956399129827	87
0.0859227299524245	0.123041529098547	87
-0.016513240593433	0.0342661392031697	87
0.0553041289301912	0.0930327591719552	87
0.101976072045126	0.219422320799732	87
0.0098249489241974	0.0126611747850009	34
-0.103220899329537	0.210227852457514	34
0.118328201718335	0.233607098878641	34
-0.098029127284546	0.167298459433235	34
-0.103211015317095	0.223234359181714	34
-0.0882834178845595	0.276659272069439	187
0.119422725747655	0.350903747291054	187
0.124285939274362	0.387229989967983	187
-0.089040931888845	0.23833554604331	187
-0.0102086745000187	0.0223955937027905	87
-0.0330872216492674	0.0875043811235498	87
0.0908724591466693	0.202729843910461	87
0.0361595470282944	0.0616073371521368	87
-0.0612390845742144	0.167094018143122	34
0.103854033641072	0.358034235379983	34
-0.076058772458765	0.202271749842457	34
0.0146556621190701	0.0358769415857512	34
-0.106623658075015	0.335965880771918	34
-0.0301038085544442	0.0759803674065124	87
0.0251699997725436	0.0642903015622321	87
-0.11489159531363	0.337777492484021	87
0.111916464895576	0.229818514379079	87
-0.0556323241653762	0.147140237712037	34
0.10995940439237	0.231046675720628	87
-0.10364049666853	0.203628515800872	34
-0.108123998669785	0.22712692498569	34
-0.088303293363788	0.292200848758822	87
0.0845250088271095	0.26998406064109	87
0.0716690789804197	0.187739009683122	87
-0.123212634299279	0.320998059801053	34
-0.0959585995789787	0.228233023239053	34
0.0338922348957556	0.0731058925976771	34
0.070932085046704	0.19298881107514	34
0.043355644077168	0.0824874267022921	34
0.0107652900849128	0.0237490315239389	34
-0.119096043610144	0.296310961316526	34
-0.0795293926164783	0.219064162879311	34
0.0273352861290776	0.0494314331757957	34
0.114433146964109	0.221455391034367	34
0.081661974577838	0.192630903781924	34
0.0459993418548295	0.0864448861172427	34
-0.0086856762218803	0.017898855333936	187
0.0787468361878349	0.139273108474423	87
-0.109458344234794	0.18705014474749	187
-0.118850768613374	0.326358867718242	87
-0.108325270096825	0.300164033114816	87
-0.0411363692192349	0.0860213523978447	87
-0.0612940804532584	0.134192499950193	87
-0.0210016339873664	0.0419298653120483	87
0.0182875963257779	0.0453078546926471	87
-0.119676968325401	0.387292250842431	87
0.102982188560362	0.305832098397417	87
0.0215329697241303	0.0358216790479021	34
-0.0483558941233488	0.0806435383175552	34
-0.114116399679338	0.260276874741913	34
-0.0225691398431488	0.0612645919381704	87
-0.00717940602406558	0.0178815888715582	87
0.0396968322026354	0.107193505025802	87
0.0180173947096144	0.0275911909425526	87
-0.0611017924774964	0.173731820336904	34
-0.0702654825155503	0.201834672928108	34
-0.0924315836068747	0.288180802129347	34
-0.0855695707768925	0.266094168954842	34
-0.0854599334798691	0.263010054413872	34
0.0908828849061617	0.280948142792554	87
0.0224810058264015	0.0463446889769478	87
-0.0182222406646909	0.0310992892828337	87
-0.00525753643105803	0.00856570908692162	87
0.0420370359896422	0.0551263228753723	34
-0.0179005453220154	0.0305314285054821	34
-0.041700345969901	0.118807256084786	34
0.0506054741509788	0.141293813547455	34
-0.025384683118956	0.0450770293783068	34
-0.0420025823131342	0.0712616791822478	34
0.0193641902180073	0.0464764766765217	187
0.0416733949789086	0.0953306815382365	187
-0.0660950137680245	0.115715931990609	187
0.00625556755053898	0.00995418249248931	187
0.0404808118576068	0.0779073488020801	87
-0.0525465490632509	0.135990199318401	87
-0.000376811474862626	0.000777279004761412	87
-0.0523154978003578	0.134918748004599	87
-0.116754608228792	0.300370177947411	87
0.0767063772505823	0.188503144493906	87
0.0079455713652447	0.0189746751872936	87
0.0639522608322786	0.159115064781977	87
0.0362023377462486	0.0988358871157565	87
0.0623899842669837	0.137156312558463	87
-0.0398978847601545	0.0725820855935551	34
0.0199190643696115	0.0438200116513025	34
-0.0283164759152399	0.0752856076851601	87
-0.087969577947243	0.28410042293723	87
-0.0825630401729717	0.217818648950202	87
0.0619303935199903	0.106050764700079	87
-0.0153973672975634	0.03239009275795	87
0.0177033827839552	0.0424483683607028	87
0.0107194233082697	0.0255614124406241	87
0.0693538902621768	0.19186092320642	87
-0.00984433097262991	0.0251521669343966	87
0.0537614347057412	0.134950632202833	87
-0.118724761344354	0.31471538934382	34
0.0648988367227613	0.11571154746555	87
0.0568988654814066	0.113959693957425	87
-0.0733111581562068	0.112131370425337	34
-0.0530344937744671	0.0807036888745508	34
0.0650023048757184	0.170373642949691	34
-0.0028509188676922	0.00663012054289413	34
-0.0597648015570855	0.13950556648998	34
-0.0343153933049133	0.0795662928769949	34
0.00678890421573269	0.0128953763057865	34
-0.0207960375105843	0.0486542435216754	187
-0.120036612031849	0.250859441405315	187
-0.00127225874598633	0.00239832702355755	87
0.00486355544389938	0.00889954415200736	87
-0.0729811321860958	0.194916614592894	87
-0.0987590327308241	0.268608785656775	87
0.106992140332321	0.304089226471128	87
0.0160237839224688	0.0371885861943647	87
0.0943945778592708	0.261537643464292	87
0.022524737390256	0.0536147317514452	87
-0.0761002349096271	0.205645975776991	87
0.0697155476009778	0.203292134174944	87
-0.0116862897224681	0.0277239746964872	87
-0.0198035780595	0.0317654180924794	87
-0.0980927808375558	0.275535818399644	34
-0.107151496019715	0.280881852074002	34
-0.00337920393022882	0.00682416100332714	87
-0.0235675143046215	0.0493038382317486	87
0.11653482500777	0.338990302615529	87
0.0516895028028477	0.117602214388958	87
-0.0879398676685504	0.196638137433143	34
0.103066448478137	0.210146979463237	87
0.0924070583284203	0.276926488651847	34
-0.018736574891524	0.0432939605556777	34
-0.0818664495934853	0.199484523747192	34
-0.0204528765455693	0.0437576015223154	34
0.0124952692164986	0.0277727610236324	34
-0.00454293628126372	0.00956029470354917	34
0.0176589791811323	0.0337647773589283	34
-0.0167313832192728	0.0310052318740223	34
-0.0402737506689575	0.120165335130667	187
0.104587149256165	0.365146592329936	187
0.0895258595297318	0.296128384800267	187
-0.0205157002405693	0.0549501262367223	187
0.0426255644790094	0.114893975969031	87
0.119948570476541	0.408684596164825	87
-0.0879746834008451	0.225832202735067	87
-0.0596324118954182	0.139673488374491	87
0.00377593042061525	0.00853832677745161	87
0.0679201695372808	0.191902781447175	87
0.0319863246004589	0.0856139250386651	87
0.0112979614625568	0.0169987606867125	87
0.0997474968800025	0.356927077157938	87
0.0161888366174542	0.0453268871331823	34
-0.0591266681779346	0.169018502673363	34
0.0416536819822954	0.0968426790061989	87
0.0030307438403232	0.00714863868988325	87
-0.0976381475306091	0.173966673588941	87
-0.0514114995219492	0.0993014893809358	87
0.0876054914370029	0.132827797631559	87
0.0217292737774106	0.0258013541257353	87
-0.0620383507588745	0.075471943973268	34
0.0195719358600789	0.0268966760979566	87
0.0619557318111851	0.131346973347637	87
0.10092594750975	0.339109885891969	87
0.00311351319666495	0.00661743877793785	34
-0.0986533366486126	0.216553038176909	34
0.0994432553793834	0.269305045327762	34
0.0870452009340648	0.250386978580483	34
0.0148042682230319	0.037013074309634	34
-0.0550495111438868	0.165900760646388	34
-0.0687473271268273	0.0965847942517924	34
-0.00351671165448733	0.00746750613358652	34
0.0161780287715874	0.0369098738439301	34
-0.015769905735062	0.0247428747343394	34
-0.0941541031460124	0.318635658988065	187
0.0191030358677634	0.0511008931183248	187
0.0304902256579427	0.0818548056290915	87
0.0320114324114313	0.0862711103238879	87
0.0137660642762216	0.0358653503391769	87
0.0974100075035891	0.262574578688748	87
0.124059366314519	0.351085267339191	87
0.117219679886214	0.321567325484621	87
-0.00674450306866423	0.0162630599923419	87
-0.0540761951793698	0.108075912854423	87
-0.0640910793895955	0.103062854035165	87
0.0196499533148175	0.0420219935958191	87
0.0825052247267	0.270281944596943	87
0.0649819502831472	0.204079347291093	34
0.118986948897447	0.420699240718998	34
-0.0383141202880041	0.0799881721499795	87
0.0319831066678763	0.0705061124550835	87
0.0169658018669704	0.0408450641898317	87
0.106187797134441	0.163009507440326	87
0.0611125881911079	0.0849285997031732	87
0.0749923033447464	0.108412238678557	87
-0.0814739042313325	0.125075186084118	34
-0.101407161702876	0.269943912395597	34
-0.111867328331719	0.315298784760954	34
-0.00660471934330828	0.0147224810702808	34
0.0124181323480736	0.0327367487105987	34
0.0540457322443005	0.125765535963319	34
0.0904542769252813	0.131744583323831	34
-0.0378941230828408	0.0843059614470853	34
0.00721292353292658	0.0151401676416658	34
-0.0925414361890333	0.160699942361248	34
-0.0178159868034534	0.0476893448749226	187
0.116244356654852	0.405873920001999	187
-0.114125206452849	0.364998323442248	187
-0.033769674838084	0.0892454891057668	187
-0.0863058215962499	0.216549651139211	87
0.0135939589967571	0.028811864546217	87
0.0852984206599284	0.201591636202149	87
0.0352372322448461	0.0899968808123125	87
-0.108129437908148	0.358737128322868	34
-0.0632406492607567	0.185071713504514	34
0.0377003769771484	0.092964452184453	34
0.0183714759403363	0.0390260039179295	87
0.00388070263744714	0.00796283747554366	87
0.0717378265938709	0.200151806305064	87
-0.0612082850576184	0.100471893261176	87
0.0523315697364542	0.0735436713572421	87
0.0519444813134641	0.141668540939727	87
0.0643603228812066	0.165966499000219	87
-0.0390677643110426	0.0851921329899214	34
-0.0978008732882269	0.223395155549047	34
-0.114652306353372	0.280900209240723	34
-0.0388905891793795	0.0827807532805443	34
0.00767818155203837	0.0156815887253596	34
-0.0927749770141467	0.217745182579309	34
-0.0230004375191542	0.0362979554178688	34
-0.0692812928141687	0.186603920299449	187
0.0642781263600264	0.185054366212065	187
-0.0530064154498876	0.140233220271759	187
0.00596724730221791	0.0132543196202094	87
-0.0929422570664211	0.245900281893708	87
-0.0333223785515153	0.074856505253258	87
0.0383407635550404	0.094991488271557	87
-0.124349813273996	0.362593623014531	87
0.0870248333833182	0.25129376928846	87
0.0920670065915305	0.259389962319582	87
0.0121152876817485	0.022021964572879	87
-0.0828403871358148	0.157695922415687	87
0.0692276201968192	0.180467488848521	87
0.0714120379550377	0.216409070409358	34
0.0835235322673727	0.258829879651119	34
0.0530586484811765	0.117298031506664	34
0.0892736982732333	0.251151298692328	34
0.0928245655783285	0.211417246708074	87
-0.0536735797470932	0.0984844355321056	87
-0.0234251206218111	0.0507244289778846	87
0.0240929893660566	0.0537269827357873	87
-0.0477993984260202	0.100929105965103	34
-0.094956595180652	0.264834911222662	34
-0.0574940061632229	0.140106667026196	34
-0.0807989394004937	0.226654939871905	34
0.0854031076928546	0.206637194093151	34
-0.0810198246368953	0.156951035554668	34
0.062252836043564	0.129344287852225	34
-0.0649649135846654	0.135111062135479	34
0.0323073608176344	0.0543338323113575	34
-0.0609474474541479	0.18721840859215	187
0.0322513067163316	0.0873433030844401	187
0.0650509114429034	0.191883660286101	187
0.0459507728256372	0.122883280275228	187
-0.101636260481979	0.307865231293172	187
-0.054904194503899	0.148288299210191	187
-0.0256087431212966	0.0536081496743442	87
-0.00189888807794001	0.00424914860188866	87
0.00756534176155396	0.0171502817138064	87
-0.0589552267233122	0.150203011312539	87
-0.0165070009897112	0.0411957069081108	87
-0.0359929222706447	0.0909439242495874	87
0.0323377572971007	0.0532636789384942	87
0.0481341888138831	0.0830253638080671	87
0.0868639206083361	0.233211525776716	87
-0.0886624891146188	0.240483785810103	34
-0.0674114074825383	0.182663152137057	34
-0.107896761036899	0.355152195643367	34
-0.00345251385635681	0.00844778822564284	34
0.0126522885897391	0.0328047000883737	34
0.0961773843641465	0.246655364880793	34
-0.105688805966342	0.298779314357835	34
-0.0894329676320218	0.225026930705753	34
-0.0798302370404605	0.203746268598023	34
-0.106347052020571	0.333923056936993	34
-0.0988274465354091	0.186746156459134	34
0.0166127143951562	0.0372785812576385	87
0.0457289585272216	0.0822999576440722	87
-0.0359334420274141	0.056808586669207	87
0.0418036668058149	0.107143153043516	87
-0.0172846674053128	0.0369612255643252	87
0.101994983643952	0.258350861795293	87
-0.124425614541112	0.34280864752097	34
-0.0547835097959894	0.147497767445241	34
0.000715005108367422	0.00125830685375081	34
-0.0500671394962428	0.0969255215147049	34
-0.122959410158665	0.32236050792012	34
0.0915182703586363	0.173603391054258	34
0.0577281474525672	0.0922782485251749	34
-0.0577943418183953	0.187560963638942	187
-0.0934115356106014	0.287016001355852	187
-0.0449384548164074	0.119838619597964	187
0.0149133256385599	0.032086426640957	87
0.0437089190249798	0.0987366844114593	87
-0.0231566716254001	0.0531684991706655	87
-0.0285992905903947	0.0721027424552288	87
0.00978168780052361	0.0219193370158871	87
0.0174854955509347	0.0445499456072714	87
-0.0378995624201258	0.104564704751917	87
0.0876393840522282	0.191513184015515	87
-0.0878533159869156	0.158907130053527	87
0.117726927163282	0.261561276440132	87
0.0907343465674253	0.317894510357975	34
0.0891423387571113	0.280789763241405	34
-0.0605132303581323	0.186488631747544	34
0.0142549553042191	0.0305007913866166	34
-0.00962313393087868	0.0201179496923042	34
-0.109664223882539	0.219791932209748	34
0.0628894294017118	0.104569750002523	87
-0.0543975169324061	0.0829640433119359	34
-0.0826150701911909	0.15810606213684	34
0.107474060301875	0.358383173735327	34
-0.113757622834802	0.371693835913239	34
-0.0259258592489407	0.061049811405042	87
0.101845812570574	0.246903423424473	87
0.0203884483282584	0.0482732059851751	87
-0.0888516354683073	0.230755294782596	34
-0.0837578749033078	0.186660833067129	34
-0.109687268500811	0.280623869506466	34
-0.0740498002260371	0.183845161880751	34
0.105305207066897	0.203995118314679	34
0.0637275161535828	0.163531929546897	34
-0.109814188486456	0.200110296233199	34
0.0931541825225475	0.194047702261846	187
-0.00965091055177312	0.0183169019095425	187
0.0718665076929333	0.158336310411387	187
-0.0675428649207608	0.144479845458426	87
-0.00671689431801804	0.0136089684546055	87
0.0462928520305637	0.119519825182145	87
0.100080974129286	0.294286472838726	87
0.0405574209248476	0.106722982821554	87
-0.0938092621860426	0.250982141625003	34
0.0529465039451717	0.140584221201384	87
0.0427651835695266	0.115924839703942	87
-0.0218189173771506	0.0495422393773709	34
-0.104033775677642	0.317387777458327	34
0.0100113589496279	0.0251785645176949	34
0.0904639750190832	0.262347780508465	34
-0.0440088144346264	0.107047209727327	34
-0.0461878821083272	0.109897239637488	34
0.0657855252231232	0.187054251260078	34
0.085216762052891	0.248924299040041	34
-0.0208517500767278	0.044491503179577	34
0.0991497168331098	0.24277924835219	34
0.00665118652175126	0.0135548777280087	34
-0.0908665858000332	0.281331305496888	34
-0.105218363334978	0.329245284973872	34
-0.0514652672131968	0.0976623262776883	34
0.102583080736516	0.215533468547383	87
-0.115139375135921	0.288843259985234	34
-0.0498863197059487	0.122217714843755	34
-0.120063641983337	0.343591616076493	34
0.0325459815629956	0.064337491566663	34
0.0548827154955447	0.1177689832945	34
0.113473158997947	0.324185216356219	34
-0.0628450068369463	0.140109497042867	34
-0.115572952184504	0.336072897026122	187
0.0853686522854661	0.139415001951332	87
0.0264639985005773	0.0527410715960421	87
-0.0912350781043666	0.22944273654115	87
0.121851398568621	0.325059411840086	87
-0.0422794263826515	0.0958684420152749	34
-0.00108551621966924	0.00224488453810949	34
-0.0538517425650103	0.133329116356391	34
-0.0121109390861655	0.0280459628116206	34
-0.0537536206757569	0.161444896248939	34
-0.1188355754406	0.41465262501133	34
0.0173020357079294	0.0400027472602991	34
-0.102617088579711	0.242250339003338	34
0.0784085805708565	0.146743016151228	34
-0.121360936083076	0.317125356858728	34
-0.014186712804076	0.0326039172838567	34
-0.114676872927182	0.30446917571926	34
-0.0467838353932169	0.132922519533634	34
0.0298016336459299	0.0822011498871234	34
0.0760481349376272	0.159319934463639	34
0.0797300171906501	0.146299192351659	87
-0.0924911539470396	0.187019543723829	34
-0.0720995464828394	0.220934902626157	34
0.0254436288118339	0.0611767937814026	34
0.0801428424739279	0.154533262757258	34
0.0608373194103796	0.107034686283302	34
-0.0969639155375057	0.179749323323646	34
0.0459883109424893	0.0661011009982269	34
-0.0412801615583663	0.0756655849718113	187
-0.0889895768015784	0.136855964202857	187
0.056014383020094	0.0593276770055871	187
-0.0470362722393237	0.0527439827952591	87
0.0766324320089062	0.0797475303927498	476
-0.0377180105986191	0.0625620268898931	87
0.123621039383483	0.247875229463169	87
0.0893393897885283	0.177096055716013	87
-0.094491788922787	0.255531380063377	34
-0.0408342862551683	0.0878044726907235	34
0.0192121052926991	0.0245007936363913	34
0.0590318802886509	0.0976234831346157	34
0.0201064446213017	0.0423359520704721	34
-0.00840004779444991	0.0112895048858779	34
0.0853952348476522	0.205758511963832	34
0.0383356097865192	0.0926790923375216	34
0.100674960983212	0.37275072464098	34
-0.100449753889562	0.385049157637486	34
0.0268293117204889	0.0840296905836546	34
0.104183467252603	0.390402263000939	34
-0.0474054510343588	0.142787278646332	34
0.00777818294461392	0.0169814967658935	34
0.0429791745323703	0.0633236295056185	87
0.0649072655199221	0.0546165021402089	34
-0.00344823713101082	0.00916946039646369	34
0.088083971694643	0.288613897680626	34
0.060099096264901	0.180139329306907	34
0.0283907202746337	0.0634016100143048	34
-0.102275987460751	0.165985446942462	34
0.0242213990985391	0.0473314019728005	34
-0.0467873163738163	0.0729461619089911	34
0.00502483091383117	0.00592536439368444	34
0.0161731528879092	0.0247004585758431	34
-0.0717561782011434	0.13361688890388	34
0.0784559940915314	0.150834738485522	187
-0.113070304063456	0.194290766116039	187
0.0255621533265633	0.0292584333294066	87
-0.107293468944957	0.218780156549194	87
0.0080699642784952	0.0137072448979239	87
0.0781937669417878	0.161660559107847	87
-0.0789786146527982	0.190884863991286	34
-0.0803847638980671	0.200766539879209	34
-0.0760032821395841	0.113195304709973	34
0.10076191279364	0.151987134033301	34
-0.0805260771252346	0.217412066982632	34
-0.0768917222839913	0.180569924190699	34
-0.0979983549754663	0.221280767715069	34
0.0846585221463755	0.203682786192609	34
0.00152822299854597	0.0040205558508428	34
-0.0088385684346701	0.0239165451643194	34
0.0424937027318994	0.12968091448071	34
-0.0354815537602567	0.102427747634517	34
0.0958746572450762	0.173915356262885	87
0.0916501048551452	0.146849053486444	87
0.042566031832639	0.0649058126849305	87
0.0249119740291871	0.0284851519681116	34
-0.012066046803756	0.0301383341161883	34
-0.0577042551767331	0.143565250782238	34
0.0133561759440618	0.0263078176381476	34
0.120656464342599	0.164023716008072	34
-0.08130915078019	0.106359994777959	34
0.119930757050375	0.129568585674973	87
0.00449353845789903	0.0052981693309144	476
0.12090278703296	0.265064510727328	87
-0.114124406357039	0.225463684173357	87
-0.0622615866140229	0.128796909546106	87
-0.0313671827214638	0.0577574297678428	87
-0.0631455374518459	0.178996827080313	34
-0.0618452306795827	0.183636471483217	34
-0.120869167760932	0.358726593290112	34
0.0509920163919565	0.0820312437542231	34
0.0154714494484526	0.0217472440434945	34
-0.0102049693935548	0.0214786027655276	34
0.113636166038428	0.327250568556775	34
0.0101267614365186	0.0234751772075013	34
-0.030173786212608	0.0812369548343519	34
-0.0571019512077802	0.169975734076343	34
0.0152328249376584	0.0417844318794487	34
-0.0794253856083039	0.24777526041663	34
-0.0212841989066614	0.0578823392041949	34
0.0342409079401985	0.0929585024347441	87
-0.0707708149768062	0.114126068532676	87
-0.0992142401667015	0.161694252702502	87
0.000349804124878004	0.000510157197753122	87
0.0365785580569119	0.0367341108783526	87
-0.122061179178179	0.381327579646457	34
-0.103978148430217	0.312749525008117	34
-0.108899319134327	0.203056572280284	34
0.0405062271331782	0.0572321666335692	34
0.0654365702424125	0.0838217202874866	34
0.107492042334553	0.190362749071237	34
-0.103913338207312	0.136377429728248	34
-0.0668525931182103	0.084380973170455	87
-0.0178041288238363	0.0254688051047043	476
-0.0819353519582922	0.198464686482902	476
0.101097255404588	0.256609758683525	87
0.119843774921655	0.30328336685205	87
-0.0602106866672867	0.145812867572892	87
-0.0893382017773587	0.20916686217857	87
0.0477021196252125	0.11143215137761	87
0.0909850928910184	0.27095075461669	87
0.081372958164234	0.230541056079129	87
0.0272822194962727	0.0681527068853144	87
-0.0765964952054697	0.16054285307176	34
0.0808533232689866	0.164095751690829	34
-0.0839246971559968	0.242244926127626	34
-0.0499087539921523	0.120835035871066	34
-0.00575411565036897	0.0100807457173128	34
0.0945909987028209	0.288334597368545	34
-0.0815265362138625	0.233002747180673	34
0.00818899627837791	0.0205007963189558	87
0.0317796787370169	0.0614838414440081	87
0.0918723501400178	0.169466293792416	87
-0.079159940113115	0.100189469315436	34
-0.0212274744952001	0.0458988717787913	34
-0.0718481959288289	0.197608088441147	34
0.124408009253234	0.339489513670036	34
-0.00950148767071692	0.0166909531364511	34
0.0838564858091482	0.204337039751286	34
0.11773539282088	0.261504089798343	34
0.115190121094077	0.21652170781905	34
0.103540835827677	0.294577426998541	87
-0.0524040483264884	0.081842322047527	476
0.113565228687258	0.217811811199642	87
0.070497758969373	0.147852662299372	87
-0.0826074633276494	0.189642144212621	476
0.0287377967230141	0.0616061452937334	87
-0.0776559933327941	0.196161183463061	87
0.0396974330237023	0.0962781689712104	87
0.112807616102831	0.334658763513347	87
0.0579631967216014	0.160876597128457	87
-0.0867986992553157	0.258949881273714	34
-0.0897259110870642	0.212653207486465	34
0.0192382524568332	0.0477731068414291	34
0.0585854517974879	0.15814566136109	34
-0.0526079075065217	0.134336576662186	34
-0.0702890574375463	0.159462181040617	34
0.0822366909007849	0.251676548519144	34
-0.0612279315031844	0.165515791749317	34
-0.0837274230999815	0.237422783480641	34
-0.115698447268301	0.333639889148579	34
-0.0453246041885026	0.115097454575918	34
-0.0460647105690979	0.111295021106778	34
0.0106690507265066	0.0249949445504409	87
-0.0825766258562386	0.145623954699525	34
-0.0102790192849422	0.0198848951122551	34
-0.0744427369494221	0.17824701163355	34
0.035935171249547	0.072940336198168	34
-0.110562589920182	0.230037176058135	34
-0.0119931948260394	0.0195876655775814	34
0.108795631748693	0.31652615988567	87
0.120385788619485	0.356983997183587	87
0.0866540407519942	0.175431759903652	87
-0.0495088415104002	0.087649201341844	87
0.0858085351807697	0.21081275683557	87
0.0743569776618395	0.177851402969154	87
-0.0672091004905961	0.171307984998703	87
-0.0671867352327699	0.170609513163661	87
0.0137547728933493	0.0302121182943591	87
0.00499917156154721	0.012184513699211	87
0.0986128192238968	0.317568285779105	87
-0.0938185787439033	0.286060497309479	34
-0.00320616412683901	0.00613892743142401	34
0.0470073356728098	0.124866541703249	34
-0.012071452703224	0.0302059564413893	34
-0.119696955219949	0.384852327095384	34
-0.0384953735057688	0.0991549259254319	34
0.0067745166967471	0.0116057788210738	34
-0.0795695491010352	0.249462094103449	34
0.0954457722772169	0.282565187725837	34
0.118023835950902	0.338729747544408	87
-0.0864141179748326	0.190378915799743	34
0.0805947351720212	0.197792069879217	34
-0.12368251241039	0.347107921528121	34
-0.0829203839577035	0.19257950815197	34
0.0110749156470236	0.023813765124176	34
0.0752938210196993	0.177928308839464	34
-0.0155308126019828	0.0253804726910208	34
-0.0234640532635737	0.0649178818266608	87
0.0605322466171154	0.132584230788643	87
-0.119812771043903	0.278213924559006	87
-0.0487209448932951	0.102618002594748	87
0.0349261229315409	0.0764957511483996	87
0.0926722312025751	0.230586214642798	87
-0.0562074582014362	0.129424723422674	87
-0.0196355567273005	0.0512710758639867	87
-0.0454564227451047	0.128924863059796	87
-0.0848457665248843	0.270336964198297	34
0.0334624564931439	0.0909104863165367	87
0.00521707525935737	0.0131506086844714	87
-0.0688602798550229	0.19294027626992	34
0.0432281396306834	0.12307602903999	34
0.0955160366174813	0.263067528408962	34
0.123883513277988	0.351884532482287	34
0.0240937333271267	0.0616834639264378	34
-0.0558870215858446	0.165428223606961	34
0.0320545826425844	0.0706725981406614	34
-0.113802112122992	0.241437216618502	34
0.0649658233357811	0.147039537851176	34
-0.0808785462264609	0.240436020569051	34
-0.0941581826312759	0.304194074864133	34
-0.0402134566261456	0.10307621058119	34
-0.105782739137386	0.244139779936486	34
0.0110198857373058	0.02179794613184	34
0.0272297917138125	0.0599115592075999	34
-0.027668898034855	0.0695879643179469	34
-0.0180299334450437	0.0343858399914049	34
0.0458263912632159	0.0970841416303547	34
-0.0212091662106678	0.0361990649391236	34
-0.01174220403693	0.0262654218069887	34
-0.0580441427505412	0.150354728598889	34
-0.0704763293452825	0.123495853388401	34
0.0553375699753477	0.0851778973105921	34
0.0185502713614475	0.0382695547483322	87
0.0276634604628708	0.0470803786574113	87
0.0520135321894107	0.0981405839394566	87
-0.0679210790431652	0.123789329734869	87
-0.0440097561232893	0.0884493266216603	87
-0.0350407354917124	0.0722011752899386	87
0.0869694782311092	0.230671511554219	87
0.111347840234209	0.292568547054465	87
0.0652912710135629	0.168734099253702	87
-0.0876116396266363	0.217382423040245	87
-0.00452470311292878	0.010930811759085	87
-0.0351574560791496	0.080025025422942	34
0.0567117876814296	0.165377136297615	34
0.0129835623456282	0.031221895298524	34
0.0094407258721931	0.02068950110207	34
-0.0228488909686569	0.0535620340356325	87
0.00272377486960459	0.00561809265407404	87
-0.0102998582613999	0.0212314159548472	34
-0.0863168757480604	0.221747868418224	34
0.0934445315130695	0.297329042205894	34
0.0877401369199182	0.208363159643091	34
0.0791311141457981	0.140045275988165	34
-0.026593258390089	0.0481458350295132	34
0.0130538043342609	0.023394434946151	34
0.042832217343599	0.0781583414718368	34
-0.0876391237668157	0.208993671772726	34
-0.0776511596148733	0.160300112099143	34
0.0937869907240012	0.163070743835085	34
0.0144270119946306	0.0207877531779897	87
0.122831097979482	0.179039325437552	87
-0.0191039932485187	0.0338523087827992	87
0.0501063462557264	0.105003530529481	87
0.0221406593819437	0.0477956521636586	87
-0.00711033760032524	0.0158684879179103	87
0.0643176724579235	0.160157085455344	87
-0.00949980930377418	0.0247921678017882	87
0.119065890910069	0.401924420425842	87
-0.0308285659152514	0.0795519508663227	34
-0.0879279501560682	0.191047141940788	34
0.051202018793816	0.140532895878434	34
0.092009051622593	0.293207405198261	34
-0.109072382618178	0.328795544999939	34
-0.075808950933197	0.194968841698198	34
-0.123447598460529	0.426227850788299	34
0.0418073409431762	0.118348425808129	87
0.117367453398946	0.384035549090043	34
-0.0537467360659501	0.109110827464148	34
0.0155837173029875	0.0271321052549913	34
-0.096698427834474	0.164694004637793	34
-0.0437905367571662	0.0591678911225343	34
0.1046400901788	0.245783901957803	34
0.098297282706218	0.180239603768635	34
0.000112197397821389	0.000165533405930772	34
-0.0664854123976006	0.111968520755478	147
-0.0622052685838123	0.0756981320962706	147
-0.0115523400602982	0.0212827006448884	87
-0.0431111616933768	0.0864801342556024	87
-0.0357171551875287	0.0682458107031213	87
0.0718218206718479	0.155005265928276	87
0.0140746165080275	0.0256769205415035	87
-0.0871060786254659	0.203119019780121	87
-0.0125783119976116	0.0334400048440145	34
-0.00283479971826582	0.00668014098733331	34
0.0850277541157611	0.249878452812392	34
-0.0293671468409923	0.0503223401928935	34
-0.0289322927243062	0.0402649336861194	34
0.0316707745027144	0.0577047029721038	34
-0.0619123047421918	0.169253694918288	34
0.108701309521698	0.331211927507139	34
0.0704165170314802	0.21049214082378	34
-0.0773233013057242	0.232822365097463	34
0.0106324858671143	0.0297203438792353	34
0.0442157693236793	0.137115579404351	87
0.0871212538225934	0.304962541136977	87
-0.0948421729344397	0.335257000214665	34
-0.107404458828987	0.384185003096919	34
-0.107499118335067	0.321535322232102	34
0.011247943442241	0.0193235733190548	34
0.0369127926323987	0.0586131691519292	34
0.0149691841454573	0.0174029516465892	34
0.0563179628786372	0.0553646556360048	34
-0.117629734277369	0.176442152153596	34
-0.0070314187128957	0.0120944828209298	34
-0.0976971614792389	0.301795948968101	34
-0.109059482121803	0.341531094452418	34
-0.0983371438934304	0.273994879837953	34
0.122488621721167	0.228853765903093	34
0.0624415250507419	0.104577340798215	34
-0.093539361849128	0.162696659632012	34
0.0999440198347227	0.134779088717932	34
-0.0626260006359769	0.162239169035634	147
-0.0997837563734989	0.184587736600255	147
-0.0647534244473609	0.119816078960165	147
-0.124919009257913	0.300285056268841	147
-0.00739568556087657	0.014624053011144	87
-0.106261816096671	0.271138539112186	87
0.00318544750130229	0.00680433059680524	87
-0.0990041577562896	0.27184029203026	87
0.0602144033408599	0.152198372444778	87
-0.0639887816873696	0.168908215152808	87
0.0523372939485766	0.142522836963061	34
0.0124590296434741	0.0289488674264051	34
0.00134437118785386	0.00301159723144677	34
0.116341630678979	0.270073245096472	34
-0.0222565458549297	0.0494287257517533	34
-0.0714452104941741	0.207759031017701	34
0.0852818657626307	0.224514015827512	34
-0.117366110678437	0.244070115221464	34
-0.0543131726782113	0.15435942766258	34
-0.0905965347326424	0.246833178406643	34
0.0761703150356946	0.196005936968424	87
-0.00191996536288214	0.004372880288556	87
0.0978903873163431	0.284584397254424	87
0.051825418493556	0.136840434597264	34
0.0777377220802565	0.222636142360986	34
-0.050339478713926	0.115952748979161	34
-0.0597298359269005	0.11236077720507	34
-0.00708411632754067	0.0113069295097061	34
-0.0648568705761304	0.10167764953162	34
-0.119886422992006	0.23754087897967	34
0.0441647413420654	0.0874157406110675	34
-0.0658597878317791	0.158177361035148	34
-0.0871456034892761	0.181216229822372	34
-0.10152230069125	0.161085007295424	34
0.0515035930531695	0.0874368906054351	34
0.103266781824315	0.149087603699757	34
-0.00259011510603428	0.00596941250177513	147
-0.0301902457501185	0.0661430874096698	147
-0.0775292592214796	0.131039721852194	147
-0.0609452115363449	0.114901090011671	147
-0.0832601528883005	0.17279614493179	147
-0.0744963062630658	0.168925515618323	87
-0.0988365053381772	0.251572207812389	87
-0.0142078176339474	0.0310042135875637	87
-0.0679272109532722	0.185606061236445	87
-0.0874742469408115	0.238267592588372	34
0.122521232622714	0.357685778600709	34
-0.0167291263670955	0.0402429735551398	34
0.106111331678709	0.313933434876125	34
-0.027201624920357	0.064259540866191	34
0.0687108815517542	0.169085632513681	34
0.0741741075770906	0.157444124532483	34
-0.107610602732518	0.265436633004981	34
-0.053711645941352	0.12633264381996	34
-0.0374721537049416	0.0934640627142666	34
0.120590926223805	0.380604193901056	34
-0.0334975421587645	0.0629827128709318	34
0.0868450274650678	0.248899438415694	87
-0.106462033306909	0.298767569159439	34
-0.0859010637578085	0.241600244354353	34
-0.0149753111571253	0.0359590836793115	34
0.0678133536751006	0.168683928635829	34
0.0731538991755438	0.131061328063333	34
0.0168035686007349	0.0330167779335128	34
-0.0218150365616537	0.0411096876417876	34
0.0964234008667813	0.223279402113937	34
0.00470078368005146	0.00968548532367551	34
0.0173226653022316	0.0319567707681561	34
0.0316865549577109	0.0546372397281241	34
0.0683342535992253	0.112742662324059	34
0.108678638932062	0.16910605225248	34
-0.0193030558796686	0.0440493541496742	147
-0.102731329944607	0.249299285843683	147
-0.0746965776535995	0.130892789922564	147
-0.108190688491626	0.180906869779405	147
0.0228745429153466	0.0366043268439479	147
0.0336986758762447	0.068100738576653	87
0.007305221104294	0.0130230488063545	87
-0.0396407682128163	0.082981232639864	87
-0.0361962559418966	0.0776766094695921	87
0.0795897351396855	0.201894824372854	87
0.0831510108397896	0.230116746415633	34
-0.108461075509542	0.319087515246193	34
0.0420575559675048	0.105791167416212	34
-0.0631676261346999	0.147941440503009	34
0.0518620132183347	0.115453753037462	34
0.0818293550612415	0.212935867876105	34
0.0973103109521293	0.274299957903081	34
-0.066668946673256	0.181608636206521	34
-0.0861451914284971	0.254304538479273	34
-0.0311364391118079	0.0799463335169065	34
-0.0680066137029371	0.130926788603837	34
0.0720409324893022	0.180665380101351	87
0.0852904110929799	0.257280319316913	87
0.0131109947247266	0.0299099861915264	87
0.0633413994703382	0.16481838731418	87
-0.035756056157913	0.0723931480049614	87
-0.0144427385980184	0.0350142431689681	34
-0.0588119692315399	0.154747302322205	34
-0.0595817869750237	0.0975044457525671	34
-0.07822702212216	0.166469891698887	34
0.117266086909417	0.258770114826449	34
0.0126930194497496	0.02186023984721	34
0.0724620551494606	0.128869817722909	34
0.115659890565727	0.18352661425719	34
-0.0211511960891616	0.0266068059784201	147
-0.0349423720951252	0.0576894297668052	87
-0.0594814949191189	0.090680433985361	147
0.0245926021464855	0.0488359390150956	87
-0.0485471741872702	0.0980087391143583	87
-0.00416321054577327	0.00775925236840845	87
-0.0215439570883141	0.0473543803055053	87
0.109977495272016	0.338090072655684	87
-0.0581610136674753	0.157957046355099	34
-0.0966868636715803	0.205071191368973	34
0.0926101768201424	0.160693785520009	34
-0.0514990438531861	0.104084090862728	34
0.117213565927866	0.314394216999736	34
-0.0950487361927037	0.300013891888553	87
-0.0509620699865128	0.14010659899145	34
0.0989054948558514	0.294011743851202	87
-0.0684250545453295	0.189760568786641	34
0.103000588716544	0.326285943571246	34
0.0626709818095304	0.180670922521588	34
-0.0172295884741102	0.0265029272153186	87
-0.078432703300773	0.13834280662975	34
-0.020084330027576	0.0443739627131538	34
-0.0232625662203795	0.0492709353096008	34
0.0861799825146098	0.156397423034253	34
0.0769363186974753	0.112679487717925	34
0.0732041266497155	0.100826580717242	34
-0.0624801595853807	0.15865424074858	147
0.0711636021947565	0.146185181137913	87
0.111692420083971	0.235405011874827	87
0.0403058060406733	0.0791661404804735	87
-0.0970683913342101	0.22506342740861	87
-0.0116580436354678	0.024017800754198	147
0.097602302674447	0.256690688896154	87
0.11984126680055	0.391976622707073	87
0.0339100521574793	0.0860610045681577	87
-0.110080378711232	0.323908178424586	34
0.0874404842303278	0.238766900979973	34
-0.0300810420095612	0.0675511701932952	34
-0.0409571489969476	0.101688201123613	34
-0.040082951505509	0.108094485684762	34
0.0602104810561484	0.121350844642576	34
-0.0843133738808477	0.26143490433689	87
-0.0884746037850581	0.230541235384257	34
0.0239109224361052	0.0511740299317622	34
-0.0472903517939053	0.107626947698158	34
0.0166884031392512	0.0370368710932641	34
0.0805324083273802	0.22994434931104	87
0.116495199108131	0.285517633541948	87
0.0561677981019778	0.118449150804848	87
0.039801827471205	0.0764985327967329	87
0.0446698356993282	0.0921857050317188	34
0.0448074382868608	0.0943174338099592	34
-0.0690837904762454	0.150625807362801	34
0.109290769381983	0.253437887529113	34
-0.116602752108942	0.301241687581508	34
0.0978105459622628	0.21151348345355	34
-0.103570739413508	0.376725149139696	147
-0.0293435077696143	0.081135874362365	147
0.0693201484359914	0.165645314819036	87
-0.0808757735500858	0.19748679143059	147
0.0428164935326176	0.0998054885231341	147
0.0938663633293509	0.276883235776828	87
0.0535740574950561	0.14246602003004	87
-0.0386899339789665	0.105763571297939	87
-0.0618794823625589	0.185943448546118	87
-0.00514763996509823	0.0111930949699139	87
-0.0365995196105345	0.0775438985984506	87
-0.0827273092888916	0.254594678148259	34
-0.056032915250284	0.165636193927075	34
-0.00104325396570354	0.00252566177143046	34
0.0752829381339152	0.229296744770249	34
0.0296946450475069	0.0829726159876091	34
0.0797357554154929	0.218938568029388	34
0.049360058161196	0.142188318389368	34
-0.0916048322078417	0.289440099242198	34
0.0346074224916704	0.09799661248298	34
-0.036789907648163	0.0798291799550693	34
-0.0480113563154561	0.117091230665529	34
-0.0636369824177766	0.143603628758683	87
-0.0958229002687162	0.215444455078655	34
-0.00374878034032515	0.00687843931384365	34
-0.0416527252111983	0.0787879005380705	34
-0.000883271506090103	0.00217480398178701	87
0.00314871190844936	0.00787689793599789	87
-0.0808082673532576	0.24491417402623	34
-0.0798258460645212	0.183036010202858	34
0.0941985120566722	0.225236555884049	87
0.101610180661087	0.314655303597188	34
0.102538022506612	0.202037037992015	34
-0.063182167799878	0.158770458988208	34
-0.0922958784364329	0.246101195580291	34
0.0568555909026598	0.13416880047213	34
-0.0220828448556167	0.0518252726004907	34
-0.065778631460253	0.110614980682695	34
-0.0675302136471594	0.151341362114368	34
-0.120789983915405	0.197804583649511	34
0.0141432640215889	0.0353810976715824	87
0.0536101507243613	0.116452576497805	87
0.0863402833002039	0.174688579780836	87
0.0353752126768295	0.0692495401190894	87
-0.00491091808595801	0.00981999087483077	87
-0.10461159179799	0.29853692909693	147
0.0733473343351481	0.203458634770185	87
0.0925341915777152	0.267728192727731	87
-0.0131902872760842	0.0323137121756312	87
-0.114340930827561	0.354216261064757	87
0.0828579882910422	0.2552243511794	87
0.102245431887969	0.315111884729681	87
0.0403476575495705	0.116849738630733	87
0.0975724567859048	0.330610861535745	87
-0.0124924684770643	0.0326093813443974	34
0.0320210201218496	0.0714835889608582	34
0.042080555991453	0.113241336667909	34
-0.0228419085738409	0.0653148883445396	34
-0.0614301952456833	0.187452755132265	34
0.0728421006610024	0.226978264491236	34
-0.0426199057096614	0.0858036352008054	34
-0.0354555919718666	0.0923794156625365	34
0.065080777532084	0.209772364578801	87
0.0953143082323167	0.295850680090045	87
-0.121290348778656	0.389119455862795	34
0.0150554812324283	0.0362852496470955	34
0.0477297608206185	0.13747278639523	87
-0.0908070001185768	0.289314889009971	34
-0.0234693274385411	0.054525344957511	34
-0.0900062994738203	0.212435448988788	34
-0.0350253994250819	0.0729207191523082	34
-0.0522494630045563	0.104536360734084	34
0.0931970058585387	0.239807845039123	34
-0.0163287962916362	0.0368227227145713	34
-0.0453270416305585	0.113046198388744	34
-0.0288081788482045	0.0658386809936874	34
0.0760714664662605	0.194642541334382	34
-0.0460017230056624	0.0913567344772696	34
0.0924945638006636	0.170782821437591	34
0.0643757981700139	0.126315895868808	34
0.0981554373400039	0.287350696402716	87
-0.115164419663971	0.240084009315899	87
0.0927191928555879	0.206657468597788	87
0.047095916165204	0.0927149055008837	87
0.022256756944181	0.0410036980698354	87
-0.12310965604071	0.278878754602592	147
-0.103245492784562	0.296301198952213	87
0.0273882606575942	0.0667570200967831	87
-0.0494859430327068	0.129972269715645	87
-0.115333198913371	0.342259561417351	87
-0.0282356729784365	0.0748857449372484	87
0.112156332484592	0.409142249855441	87
0.0893377844605581	0.305348562655905	87
0.0994169447110587	0.326245196887895	87
-0.00317587638257275	0.00739080495116876	34
-0.0766929965077971	0.199389356798787	34
0.0808288855236027	0.223160851747982	87
-0.0361617208700089	0.101886123368761	34
0.093189857522829	0.309206026880009	34
0.0999459764786079	0.36615024870792	34
-0.0285356183019657	0.0777678067755639	34
-0.036867845606772	0.110131785885184	34
0.0899221502983408	0.301791904740662	87
0.0469513843237007	0.133246084273628	87
0.0694562266320362	0.207081752239638	87
-0.0473188851414732	0.124708798378663	34
-0.0772596871658162	0.228137575564115	34
0.0688969034992546	0.212974018093277	87
-0.0866651997024778	0.217662149268531	34
0.0011007867525993	0.00222548498096463	34
0.0258333043308766	0.0427009594674593	34
0.00484949042972329	0.00847633058890906	34
-0.0160154711998451	0.0331793994921432	34
0.00129903806289992	0.00264510103841228	34
-0.0865478625385611	0.225418714712279	34
0.0314256697766963	0.0750503979052093	34
0.0685725782748138	0.186327844266907	34
0.0265667415102091	0.0581393159384606	34
-0.030864420955091	0.0723030557406265	34
-0.0889952607275885	0.224618139594209	34
-0.0733695926161453	0.148350119193417	34
0.0525104013270825	0.0826244940831015	34
-0.0793231801875697	0.239510543075233	87
-0.0345427646874908	0.0765567865254738	87
-0.0550555524472125	0.0978062894872181	87
0.0608567224647048	0.120737323182683	87
-0.057367319009933	0.110868589218477	147
-0.0890928837850867	0.164129930362969	147
-0.0192352694310138	0.0457247960423732	87
-0.104295471657814	0.318382378425226	87
0.058593311808239	0.166768028878281	87
0.0390628663414019	0.105091176055041	87
0.0366286448252028	0.103304838559362	87
0.103275197884462	0.364973235980114	87
0.0771459757825254	0.209168030296087	87
0.0846400643329467	0.190979559636191	87
0.0621009799189498	0.134398154425062	87
-0.093939152821576	0.319517327537667	34
0.0578559344221923	0.192419824327772	34
-0.0444216037471021	0.133497133662145	34
0.0653820866122988	0.156387489792772	87
0.0947521888746488	0.280098665470121	87
-0.017013982069738	0.0468220799330353	87
0.0151306339537014	0.040182677530117	87
0.112385197094553	0.374564851973827	87
0.11692585049294	0.406188345609745	87
-0.0229626959363627	0.060945436997854	87
0.117102579502652	0.368194505026945	87
-0.0866435105314159	0.198667785500454	34
-0.0368090756747021	0.0596413490897783	34
0.0808318117579289	0.16792017468782	87
-0.0995067047813178	0.273520930735159	34
-0.0679872887095731	0.185796646556071	34
-0.0926827070165728	0.202191962431629	34
-0.062473705658077	0.149496828575864	34
0.0585608332698609	0.132094407224963	34
-0.0481161310514011	0.0712528783631116	34
0.0115592414998956	0.0245879501962298	87
-0.0934645608796485	0.188111643622414	87
0.0416071128164781	0.0449604354656868	87
-0.0473411839457491	0.0700220692204212	87
0.0859782713557227	0.140507183122985	87
0.0630310522631207	0.139382968244799	87
0.00548678048158355	0.0119525051089487	87
0.08210084337347	0.211001274579811	87
-0.108606639346421	0.291382176521823	87
-0.0014286598896485	0.00309624797160248	87
-0.0610788330328329	0.201902170764172	87
-0.0115207015238337	0.0326492146734551	87
0.0234618567361101	0.063861770364617	87
0.0531491874299213	0.155880657223544	87
-0.0240647575028542	0.0612152003133224	87
-0.0576339002403279	0.0923638096842228	87
-0.109541642408334	0.380080235491976	34
0.0571198115777504	0.150698649122417	87
-0.00154826529637629	0.00398372971424488	87
0.0634727372095233	0.217541778825616	87
0.119279350023797	0.47776409075721	87
-0.0284445630753283	0.0856283992913283	87
0.0251647289018901	0.0509784292126612	87
0.00554219211683667	0.00914973574240335	87
0.0702349743602128	0.16515119030025	87
0.0149162107489624	0.0397920537660948	87
0.0440695436191034	0.123613957791504	34
-0.0609137453664017	0.161776968044739	34
0.0654052651840822	0.133712526867075	34
-0.0647309833944519	0.122191929788601	34
-0.0905267561174161	0.244430879999679	34
0.0735048684622523	0.123171169586601	34
0.105330870040642	0.229275698698732	34
-0.0688920571266664	0.14777429820183	34
-0.00509744326346435	0.0109614306455878	87
0.00550256535857974	0.00624554692416701	87
0.098126172361516	0.232819300516686	87
-0.103375799546931	0.260653927718253	147
0.000398656261226341	0.000849469660716705	87
-0.113230064087596	0.298018017022882	87
0.0731125614270304	0.252487170394454	87
0.0980678842007153	0.391348279348875	87
-0.0218461029740789	0.0664904305827417	87
0.0919094357686683	0.312321769137443	87
-0.0566187464250403	0.165088930189239	87
-0.0176318003968645	0.0265187283936924	87
0.0321658828830488	0.0967298810693397	87
-0.0664802244514606	0.231700235643644	34
0.00763388260462886	0.0205485934773994	34
-0.00964691932865442	0.0249572737907962	34
0.0348296633460042	0.065639559907714	34
-0.0325936406465576	0.0958292946994126	87
-0.0306486891658069	0.095744520518419	87
0.0203661337212182	0.0645513461187283	87
0.0858556042246043	0.341808749407929	87
0.0951693234524739	0.37162624424998	87
-0.102517416195718	0.394823951490223	87
-0.07762947204615	0.243710626924138	87
0.0578962373872216	0.130409582377002	87
-0.0412744668479696	0.0780151159788213	87
0.0973517824626481	0.187663282790458	87
-0.0253754469874231	0.0272143406778592	87
0.094201591621988	0.331991782785125	87
-0.0873654047926384	0.301354734532181	34
0.0029521907629604	0.00503016759267942	34
-0.0396439575458222	0.0600181935806714	34
-0.102797936273105	0.194288211932319	34
0.10312260480307	0.239181652883192	34
0.0235497312925091	0.0450888720684696	87
0.0766728690753581	0.0857240972465372	87
0.0792569801194554	0.100238387056567	87
-0.0224692597887912	0.0272740292842624	87
0.0917889269265569	0.147100927360027	87
-0.0949605827951389	0.115512724781157	87
0.067855561215336	0.161627144029484	87
-0.0751354927915984	0.186987554612357	147
-0.0852497318680222	0.22140905660274	147
0.123300739422242	0.37649464360828	87
0.00799471211936018	0.0184381436623154	87
0.0639382695381056	0.154481938352135	87
-0.0235038691773334	0.074658846656462	87
0.0165756764877915	0.0451319691480425	87
0.0256459339961543	0.0699515718995775	87
-0.0118902863030586	0.0201690763851125	87
-0.095555054009362	0.199616993486087	87
0.0102675994642669	0.0270966043787084	87
0.0725649891163201	0.251428310266412	87
-0.0545145484552679	0.110813895492743	34
0.0598223686478791	0.164389403137706	87
0.0864688272619718	0.322472660357739	87
-0.0145521275521903	0.0438191100671286	87
0.0743709161812343	0.287990825786419	87
0.0676445381415141	0.2535569987501	87
0.111859503449651	0.402201258174043	87
-0.109079381572857	0.215072095878981	87
0.0834047087565508	0.149655627852429	87
-0.0556681379627552	0.102537821078777	87
-0.0273380502342776	0.0264591534480565	87
-0.0167416889724577	0.0437128223981101	87
-0.0485695510363671	0.0991338877494912	34
0.0425895016341431	0.0840544327251813	34
-0.0421413675146983	0.0860754967027855	87
-0.00747067145148506	0.0100313604006189	87
0.0148465888985428	0.021404366805706	87
0.0269279767670229	0.0454900262304504	87
0.0182720805779246	0.027352435996162	87
-0.0836336599361992	0.232950552620185	147
-0.070279165992878	0.198907494194888	87
-0.00667901861884013	0.0156517775530487	87
0.00742160425420805	0.0176522472879088	87
-0.0908581539527773	0.35885777089758	87
-0.0465296288925579	0.163607786607599	87
0.0558217052497779	0.179640774939372	87
-0.0287707666614695	0.0824553607176306	87
-0.0899519866980004	0.20999817946993	87
-0.0207112822254345	0.0372770476854807	87
-0.0338393404353673	0.108183482398202	87
0.0572518711580561	0.183903404682764	87
0.106565859520078	0.425932461418677	87
0.094492858459174	0.338159281338255	87
0.103796365498215	0.381822949644053	87
-0.0208016908680252	0.0644242470771103	87
0.0488562232711111	0.165012342373744	87
-0.0198656486648381	0.0639634525179057	87
0.0255638567330048	0.0841573588672088	87
-0.0183317291020904	0.0519063828728501	87
-0.00861704731889678	0.0168497295084023	87
0.0252884609174564	0.0436900095434521	87
-0.0662097421815865	0.122831039991153	87
0.0473625020158881	0.0546878078399045	87
-0.0752047257188549	0.124390302604936	34
-0.0525398940532264	0.174627903327713	34
-0.045564697079026	0.143765238848011	34
-0.0606555251496597	0.200294894960097	34
0.0569517765889414	0.153148245732658	34
0.120323129449979	0.279331348987641	34
0.0386196956301259	0.0600237956930466	34
0.113165871662506	0.436935738616722	87
0.0333148312365306	0.0902938275066159	87
-0.0679584215530647	0.149473171237802	87
-0.00640636701985689	0.011953036765857	87
0.114648623182829	0.366457341510909	147
-0.104387252340636	0.311977234173752	147
-0.00230744637327606	0.00578864607987021	87
-0.0574255389257145	0.176908926568613	87
0.000920647548612555	0.00245585634972833	87
0.00917651789106184	0.0260687584142218	87
-0.0394833713996871	0.124262566000168	87
0.105137931657816	0.388017762261538	87
0.00792316803876672	0.0226218876199244	87
0.0788541754112861	0.27100012612092	87
-0.0855169538528939	0.22428351384063	87
0.00887692421468443	0.0234541240764583	87
-0.0377281597599234	0.11653108612194	87
-0.0879418923328483	0.32194979058286	87
-0.0333507062114266	0.0825784900736885	87
-0.0320773457544167	0.0990843053141027	87
0.0985713510025795	0.359904481955801	87
0.0841322909280181	0.278208955115446	87
-0.0360598058005851	0.107491851182252	87
0.0332546327278159	0.0974850679388418	87
-0.104113091387128	0.381267502701023	87
-0.0596531371843554	0.144797965235084	87
-0.0665087435714531	0.123456256885006	87
0.0329556770628186	0.0605383491571679	87
-0.0519790061668748	0.134334214396256	34
0.0198399679097646	0.0504956016116197	34
0.000872542573759869	0.00205745708402015	34
0.0635808391557166	0.163108719062378	34
0.0818098131992604	0.229610917878158	34
0.0557315019309653	0.13790800938563	34
-0.0949972383111451	0.22549577579479	34
0.0401040024257692	0.0771269265401105	34
0.101764650717621	0.22405988824858	34
0.0836924402387576	0.289446810955748	87
0.0426122962935246	0.0960228414265792	87
-0.0622621896999739	0.150898996827731	87
-0.102423042095304	0.257743925546764	147
0.0276643559789586	0.0672905345695384	147
0.0436232598357877	0.12430645393758	147
0.0354550704480478	0.10484658103108	87
0.110111003337222	0.414066358857102	87
-0.0106327755040862	0.0305983984139722	87
0.00495874035949552	0.0130020541704163	87
-0.0933669589256783	0.295045175272342	87
-0.00108789362221119	0.00295244335152869	87
-0.0181111428986002	0.0515943032049237	87
0.0145445966571549	0.0368621976189506	87
0.0540736982097101	0.163980109953659	87
0.108942980160542	0.408982727797281	87
0.0848463489465329	0.297070038062347	87
-0.0137609642817478	0.0400998058124194	87
0.118203575347564	0.472343819334948	87
0.105374589833427	0.333671702004428	87
0.0476660159878593	0.125378585628645	87
-0.0322564837449916	0.0801994352174021	87
-0.115292865153367	0.364373229214089	87
-0.114832274995607	0.381746313925775	87
0.0988434492590465	0.351368720123131	87
0.0400947079977631	0.0940161150733647	87
0.055254533100897	0.118653658637037	87
0.0544463696327522	0.114432047837772	87
-0.0451347677906488	0.118337515927659	34
0.00805332121935588	0.0190238091131382	34
0.0613582858303552	0.156574185517584	34
-0.0423238489826367	0.0887320046677598	34
0.00849608153238432	0.0167210900899401	34
0.108894884130194	0.317990611773648	34
-0.100274794367383	0.239430263883036	34
0.0539826638376996	0.145035920232053	34
0.0369708149796337	0.0878000793045082	34
0.0429580565124235	0.0769214664487712	34
-0.123065133354686	0.221429335778078	34
-0.0329084020831388	0.0967799985134357	87
0.0733562944090238	0.206677108293474	87
0.110830859898435	0.190600377414627	87
0.0938188981092164	0.17478124767065	87
-0.106409674738686	0.329928534694183	147
0.0819534157199925	0.247445168792236	147
-0.0395945757061565	0.105825404442641	87
-0.000684753186640993	0.00169539136900534	87
0.0318574763850811	0.0963827456854736	87
-0.0255651092981722	0.0744532268961225	87
-0.08996499788302	0.32252208993149	87
-0.00198492651478881	0.0053544345373125	87
0.0286904993605499	0.0710554653535516	87
0.0551263595586114	0.124662093208374	87
-0.0599458864186217	0.206706874927251	87
0.123003854082871	0.491068355958375	87
-0.0585564903174905	0.193531397232526	87
0.000414106335868716	0.00115656009883446	87
0.119668083534629	0.474170881460048	87
-0.0589653097544252	0.202109806803525	87
0.112460346028395	0.45581673752497	87
-0.0731981762388015	0.257939056086069	87
-0.0252907859110771	0.0738031097952125	87
0.0117516791814115	0.0281701516966053	87
0.0732899322052098	0.18499853880565	87
-0.0214798770116817	0.0380553721638457	87
0.0243680107275659	0.0326886654606642	87
-0.00189063940861092	0.00471290415952651	34
0.124600822316394	0.257377488847729	34
0.0612451752342237	0.216120704205318	87
-0.0716651785994906	0.230705401829248	87
0.0116409664404188	0.0200115528066549	87
-0.00892671530331336	0.0163598910414069	87
-0.0292309119135078	0.0529488553941255	87
0.10749076361157	0.223543442496566	87
-0.0713138600328523	0.221503521757118	147
-0.0812967244400369	0.253562528701467	147
0.0889512757379903	0.292641136275339	87
0.0925446214587284	0.31551252321672	87
0.1190375010387	0.412686473704862	87
0.00178396065329523	0.00527634391919892	87
0.0377964158876402	0.121901595727412	87
-0.0544514353890702	0.180225020268041	87
0.0747324199362953	0.262448252093953	87
0.107374283408937	0.411216578056662	87
0.0674605452156893	0.200680037711484	87
-0.05537480001927	0.162249862390596	87
-0.0737849199017478	0.258800766752626	87
-0.0557070520213688	0.189848337052252	87
-0.0949936434369448	0.357971084963852	87
0.042283534168184	0.133307744171259	87
-0.0939451177514184	0.332163977655751	87
-0.0534829545253369	0.128495985803175	87
0.0047603846776256	0.0125538072004376	87
0.0747434654108845	0.264806727541969	87
0.0922000884383079	0.342629080700145	87
0.116201202088451	0.465976908338379	87
0.0413307883266355	0.131948597436628	87
-0.0842593210303471	0.302936178855644	87
0.0612995461307024	0.200547671260735	87
-0.0605403686660607	0.196569008994657	87
0.0240342257023415	0.0648808968974363	87
-0.0827753279538521	0.20698576028106	87
0.0211020086587104	0.0571791824188576	34
0.0493232713815675	0.13951499040373	34
-0.0630985305215234	0.162327347386314	34
-0.036979619751495	0.0852613943461561	34
-0.0351754995772245	0.0905973076409617	34
-0.11616842304176	0.342496414019595	34
-0.0955120296011188	0.226962429220533	34
0.0907925677998971	0.219884704246526	34
0.0625165462756111	0.124400337352367	34
0.000257191690851726	0.000722405657247155	87
0.0383170478155023	0.071854927381352	87
-0.113547835463521	0.22407664529061	87
0.0158621410805051	0.0398618262019793	87
0.0858551962587466	0.267674115355366	87
-0.00903794646971186	0.0228396905273579	87
0.117082232032918	0.411443889523312	87
0.0281984721700505	0.0768500586491926	87
0.0344329217729479	0.109932621829467	87
0.0754620422352823	0.276194301287556	87
0.0580859144098914	0.20766244214539	87
-0.0298397782982109	0.090651049003016	87
0.0796260354906676	0.281244098097397	87
-0.0106703064879684	0.0208781437730924	87
0.0777900949832771	0.242766237905101	87
0.0465279189588453	0.15390619814958	87
0.0772678828431748	0.263253461040895	87
-0.0459927915869109	0.138636412461884	87
-0.0732777726032055	0.225811656804949	87
0.0820899768763902	0.296487884938913	87
-0.10812865681008	0.418101653652281	87
-0.0545773191325546	0.1887453362154	87
-0.0629644517669624	0.225132827487893	87
0.0630135409168677	0.217479380422569	87
-0.0312787991447757	0.091042813930864	87
0.0855044246779244	0.260806554362162	87
-0.0340569146243194	0.0697341735728532	87
-0.0586108167925228	0.0892263284859167	34
0.103633408881838	0.187138754719954	87
0.00485672138212284	0.00914321923966856	34
0.00445849998679528	0.0103194296207833	34
0.0803902224071575	0.266976213297937	34
-0.0311318579820962	0.0876306839497832	34
0.0632648172025919	0.142687169415136	34
0.0566896661901039	0.112922292120529	34
0.0508169187543429	0.168314291587756	87
-0.0110565153714658	0.0286314436488595	87
-0.112801394310123	0.197567271579824	87
-0.0449103458844383	0.0744551822947059	87
-0.0730094166719674	0.154553831398797	87
0.0987757387964602	0.33078836168371	87
0.0554799860803062	0.164068486380888	87
0.0708075334054949	0.225503760332233	87
0.0424692571297506	0.120928594189049	87
-0.00214690408846947	0.00563014859018619	87
0.0643234616525341	0.235072372673133	87
-0.0362886328924045	0.113753479051167	87
0.0630791950664425	0.21285349627426	87
0.0447033082248567	0.0989848734824125	87
0.0400630241216041	0.0871113613185057	87
0.00960780656784519	0.0227169167706211	87
-0.0292225104078443	0.0922148722602739	87
-0.0672353572480922	0.237763590178468	87
0.107471565252424	0.443780176997815	87
0.0177030359520839	0.0503352835237414	87
0.0590678903003137	0.205093656367685	87
0.0614760863091762	0.216277157117881	87
0.0670291263022509	0.241393430885047	87
-0.0194833708498912	0.0605724681039695	87
-0.121321450080133	0.236943260838353	34
-0.0763529139673757	0.214668330350394	34
0.0484805196028751	0.156216503225009	34
-0.0787992647237615	0.26474462447091	34
0.0836341566285473	0.282641315660143	34
-0.0066927564386107	0.0133877655232699	34
-0.010599856466425	0.0165868500090432	34
0.0136193830590122	0.0442005480783743	87
-0.0312501444268172	0.0756791263960256	87
0.0097829236151507	0.0246467914358374	87
-0.022938804354091	0.0582964074512938	87
0.0312472330168955	0.0830529540961483	87
-0.0932218465445702	0.278424928622894	87
0.069476479104537	0.192799903508763	87
0.124520147765772	0.456393425239322	87
0.0156083503276827	0.0422382987549794	87
0.107658582810289	0.39511818250061	87
0.119490063985497	0.512231559593566	87
-0.042039648840124	0.138375804172793	87
0.117075061829576	0.503012977895395	87
-0.0353654224558642	0.107430457500331	87
-0.0136619157305338	0.036871270633292	87
0.059805256066843	0.192940857731353	87
-0.00582015974642488	0.0170634554017601	87
0.0285877410391955	0.0930714239575167	87
0.0614646990542503	0.187477027297377	87
0.01049723911803	0.0285263207078402	87
-0.052687805957966	0.183200170941	87
-0.124576895981122	0.509350760372242	87
0.080995057893259	0.312393083483949	87
0.104198922932944	0.423720484252271	87
0.0501744866309735	0.143516432318152	87
0.0631571011687714	0.204124727109338	87
0.0815878152505741	0.323567629882148	87
0.0991038827495203	0.362228212494948	87
0.049987060718075	0.142904434613526	87
-0.0871276222460537	0.291366224759958	87
-0.061518045961375	0.208815174542218	87
0.0498203014364477	0.151384638236042	87
-0.040450190699034	0.111842030454589	34
-0.114936338820128	0.317461412417364	34
-0.11732230486953	0.352569842444219	34
0.00373432598202495	0.00716848897803623	34
0.0281586032868211	0.0728334212605843	34
-0.0113229664690915	0.0289240481859727	34
0.104203022372303	0.275168598796819	34
-0.0772286643869713	0.23492130946666	34
-0.00898183499601934	0.022650908794639	34
-0.0845232687532488	0.255055355280888	34
-0.0531149864049707	0.151100437060428	34
0.091822152378793	0.271442706515198	34
-0.0904758972444029	0.206633405776948	34
-0.0926798075180621	0.26176873207604	34
-0.069832783771154	0.147647133726059	87
0.117539202766991	0.394124431031381	87
-0.0227313364041313	0.0617473931666753	87
-0.0516071490363214	0.14578914872396	87
-0.0426535065976124	0.119357872738282	87
-0.0933767308882017	0.303180936750781	87
0.00810019240934683	0.0213932679553687	87
0.0460726022475036	0.132653846473414	87
0.0529407867589734	0.16383411669645	87
-0.0468099552180124	0.162620388559414	87
0.018174854251711	0.0582628292731487	87
0.00529463804146491	0.0160893331088837	87
-0.0769368271940041	0.264284299017593	87
0.0272775928602422	0.0638529631345382	87
-0.0401429971388561	0.10163138762092	87
0.073559669627682	0.2709989572507	87
0.105614230932135	0.40573199489998	87
-0.116641194885886	0.472946344523947	87
-0.00733967765158214	0.0204385980505397	87
-0.0862761140768761	0.322329886573184	87
0.0298637882800693	0.0955048727205503	87
-0.0218877603448151	0.0688566309946612	87
0.0781362227359272	0.285966858704385	87
0.0421656119831611	0.103559405748701	87
-0.0341263557503191	0.0574486321944063	34
-0.109280156727036	0.186718792461712	34
0.0258729414541352	0.044478834305127	34
-0.0641926556937245	0.16247462184728	34
0.0323584492544313	0.0961249331875979	34
0.0222261301428518	0.064446050347319	34
0.00634591759708481	0.0168086431834894	34
-0.0813600255282113	0.191216784333875	34
-0.119521165764892	0.385578283125026	34
0.122790334396792	0.329688265733268	34
-0.0116583954910909	0.0208163755978616	34
0.112458423733571	0.223371859806156	34
0.069492435984868	0.257665136488992	87
-0.0344250400419631	0.071566389832245	87
-0.0186292884049993	0.038689656000455	87
-0.0617449108946746	0.154656344259838	87
-0.00502608836580525	0.0101490400806169	87
-0.0625495506214478	0.135205080070899	87
0.0893406992206488	0.308852803710456	87
-0.0476648755083915	0.148925992302695	87
-0.0111614798779946	0.0314778654791636	87
-0.00793214709755995	0.0227427623004704	87
0.00619074940466566	0.019258156063571	87
0.120109423850211	0.509991143626334	87
0.0581979848916246	0.204004160195278	87
-0.0606633356331178	0.212964081405715	87
0.0616946347690292	0.184937208497147	87
-0.001559334347162	0.00355690553332803	87
-0.0541367055003715	0.163986700541574	87
0.120279118616564	0.511317509021682	87
-0.0472722685734187	0.161759561964547	87
0.0246663800852966	0.0740199843050688	87
-0.0160903686609669	0.0390824771298369	87
0.00741584527699945	0.0215158579320538	87
0.0558990714030039	0.189811066315586	87
0.0406503367629095	0.129393732662749	87
-0.0152385786276397	0.0444666572103647	87
0.09194466582543	0.341905056040571	87
0.077540168817029	0.278516584372647	87
-0.0348787653876202	0.104529269577404	87
0.0535152254895835	0.157431287915914	87
-0.0765211767527174	0.129121939875223	34
0.100307183385535	0.236371329705286	355
0.00726160430863979	0.0198056895573773	34
0.115142226985192	0.402736984827353	34
0.0193433115024851	0.0532497790719013	34
-0.0564221198881674	0.168053754741132	34
0.093435472475562	0.209563493874224	34
0.0273402910948114	0.0768059811063255	87
0.0579063782992773	0.178017099422553	87
-0.0179512584405246	0.0482461040974923	87
-0.0425962492557172	0.126018539537562	87
-0.0912443724054734	0.316629169542331	87
0.024435594273395	0.067899061963159	87
0.0105993885769354	0.0287777414790532	87
0.0313643751485441	0.0919734244170947	87
0.0491923314192525	0.195358662580073	87
0.0869144396742567	0.377377279539158	87
-0.105659743229979	0.424228175717929	87
-0.0548279380964233	0.121223718682484	87
0.03778284895296	0.128920810548561	87
0.110222662638364	0.457108592829637	87
0.00888358328511093	0.0273373896975641	87
0.0822088233267444	0.29764736885358	87
0.119105227090459	0.446751085702892	87
-0.0469991214113593	0.106893245330376	87
0.0512289992899248	0.188884701216028	87
0.00442170261408368	0.0137729679222397	87
0.118798193472426	0.563540953628104	87
0.0818550543593135	0.341900606324678	87
0.0666942883649776	0.219434718516579	87
0.117410209094625	0.3606965645174	87
-0.0204087380042219	0.0367125488691279	34
-0.00154260857785169	0.0044984990225408	34
-0.050274388850982	0.169977204816272	34
0.117639122604528	0.449417620859313	355
0.0751648970902649	0.180085415749384	355
0.0163397017851031	0.0426958824926733	34
0.123060405837189	0.262361797593473	34
0.074818819723872	0.283429937106103	87
-0.032586056047553	0.0558278863489574	87
0.0720079880237332	0.146323923361252	87
-0.0718685452604257	0.156858164389565	87
-0.114779281054443	0.214546842712129	87
-0.104503306162862	0.366539287116186	87
0.0283248824696164	0.0835863303717832	87
0.0750359023484187	0.250290334186916	87
-0.0033528486786514	0.0083542355592389	87
-0.0321540966450499	0.12245594761821	87
0.0976627118388971	0.390103081248591	87
-0.0849082269262038	0.305039930189979	87
-0.0881344433515786	0.214485510258095	87
0.0439848449597502	0.152573992187843	87
0.0786437433674681	0.290954910875093	87
0.0753953731616584	0.294899077919796	87
0.0597327188640191	0.204624527276903	87
0.121914669102574	0.464980033797044	87
-0.0650054960529728	0.152196374589551	87
-0.0291967554748007	0.080209944905871	87
0.0102430010630459	0.0298034351228988	87
0.0864342115978522	0.347328083470895	87
0.0810407934625934	0.344101850125086	87
0.0671340029384293	0.271915180902752	87
0.100274959884225	0.454403768514209	87
0.0890072408743832	0.36607032837455	87
0.0462023092220181	0.148231098695236	87
0.0464529295680833	0.110910996634854	87
-0.0552711596652781	0.0982686344443488	34
0.0722245523276082	0.162498763189182	355
0.110235210837625	0.312750975473618	355
-0.0748224363466704	0.285698522891074	34
0.019335024289659	0.0605536546957956	34
-0.0585695366884111	0.184699535628775	34
0.00961636942776194	0.0197979115271029	34
0.12416851853058	0.305207793062202	34
0.0593905154918057	0.189933460078107	34
-0.0201637736550389	0.0441839437611346	34
-0.0500673956652702	0.0869034465991536	34
0.102141511098048	0.247764633439704	34
-0.0539185137630485	0.129679620815985	34
-0.115144066153835	0.219021970050201	34
0.0971995121019301	0.521475311930258	87
0.00604553601729028	0.0190122402742148	87
-0.0939794883919413	0.186746258939727	87
-0.0204272647181985	0.0391475523905752	87
0.0275111415543088	0.0562464505933088	87
-0.0809871036523078	0.140076702767801	87
-0.0319477083984302	0.0977264512387317	87
0.0608236070670935	0.191335856436467	87
-0.0174854681526838	0.0497130427275739	87
-0.0501740648527044	0.159077095463921	87
-0.0146593373368472	0.0400290380785362	87
0.0411199020117373	0.116664133728398	87
-0.0675078773452053	0.207287002358398	87
-0.117275398756017	0.532468520841335	87
0.0623418268699809	0.254264694866567	87
-0.0410259346126961	0.146480287800148	87
0.0389270650940281	0.123568903600496	87
-0.0214165620167717	0.06619823301888	87
-0.109641216952928	0.43923808798783	87
0.054049455353373	0.130038658081617	87
-0.0536358056658192	0.121146353159908	87
0.0646063605570426	0.132654572997604	87
0.0948218938267929	0.361857907060588	87
-0.042570750615648	0.136415744595377	87
-0.028493131354109	0.0865187649646848	87
0.0144259373653593	0.0459155173081068	87
0.0744876189596165	0.288512261809618	87
0.122633790948457	0.575064117885717	87
0.0506288812756852	0.185991425275451	87
-0.083643187487275	0.32765814617977	34
-0.0279314806181698	0.0538734985296974	34
0.115287960039352	0.182853784440084	355
0.112699114283366	0.45855026630445	355
0.105018849645938	0.408327338699726	355
0.104474686081602	0.412047879677215	355
0.106891728681039	0.395673053002846	355
-0.0704556426116514	0.166290808648985	34
-0.0193632262237806	0.0331084214176114	34
0.0590725368415857	0.130913097113469	34
0.0690365363740264	0.412941427368254	87
-0.0622510828487093	0.294385395255485	87
-0.0943632765622808	0.256066272253024	87
0.04972177025979	0.127657345730911	87
0.0745766384368215	0.200276944511655	87
0.0734736563614264	0.208964724584268	87
0.121851295111604	0.535425182672554	87
-0.108996366051773	0.461890025350339	87
0.0147838457896729	0.0441169018860093	87
0.0818872269811701	0.315053040856152	87
0.0134353274210163	0.037857362025256	87
0.123270640142387	0.500295480855815	87
-0.121788869726245	0.495445975136162	87
-0.0363623621056018	0.131677569395917	87
0.0757657383097823	0.301956297565227	87
-0.0202974104793538	0.0663442779827814	87
-0.0159170851339206	0.0509075363337755	87
-0.119310070917146	0.334407955711978	87
0.0797494077890485	0.194558889689714	87
0.0658701856179928	0.247990728931767	87
0.114112761445248	0.4360340295762	87
0.0625006517411074	0.155582585281972	87
-0.0216377843697286	0.0660165169669733	87
-0.0015823660011797	0.00463980498631164	87
-0.0895769749379036	0.351618057355271	87
-0.0596599329315697	0.219563869587873	87
0.016280528621025	0.050156860223403	34
0.105844110989331	0.301110773391737	34
0.120587649471774	0.322386115535784	355
0.0317286619626905	0.0386140718826465	34
-0.026173331682169	0.0691866967613152	34
0.112067738345419	0.467628027407048	355
-0.0830578596580735	0.302219589439276	34
0.0285225638453915	0.0868491370493868	355
-0.0429839644109227	0.137465834303688	34
-0.0520010734120169	0.132000985337315	34
-0.0269675570562161	0.0789552550929768	34
0.0576599557166984	0.135785413801955	34
0.121919197072592	0.242113707350946	34
-0.00353468662917293	0.0178658436983022	87
0.0501714946989493	0.293182278929178	87
0.0891063216296618	0.355708183767967	87
0.103681925509082	0.440997593661004	87
0.0188434494049556	0.0583123611175078	87
0.0216673271933345	0.0692040592554274	87
0.0749031644176564	0.274300645964491	87
0.0591344405680898	0.192252940156076	87
0.0702353088827486	0.277152179997605	87
0.012027655958602	0.0381682579087928	87
-0.0265164934019036	0.0899241853256716	87
0.0616707385620449	0.23056437323774	87
0.0588405728403201	0.222723926287942	87
-0.0672518525376825	0.258266608071945	87
-0.0248628546528847	0.0771883430263172	87
0.0193827778197088	0.059484058541844	87
0.0473595189561099	0.170642579651726	87
0.0718288832131839	0.293768849691538	87
-0.026167381592369	0.0811279844545767	87
0.0212882992810078	0.0613089192438257	87
0.0156564748218178	0.0424533200276043	87
0.0384008778707693	0.125561112203784	87
0.00284322450569	0.00900339509561662	87
0.024855593730503	0.0828727560526084	87
-0.118463881975536	0.365474607247638	87
-0.0297120350820253	0.0884872899337395	87
0.101059161493529	0.41121220800422	87
0.108052314068128	0.423188882767377	87
0.114398652354007	0.441304301115688	87
-0.024928430440753	0.0761383342616026	87
0.0708511788574419	0.243083265357789	87
0.122462075522503	0.512699640960385	87
-0.0467794116173296	0.162864959993657	34
0.0930933944607289	0.330156127609673	34
-0.0446889390662512	0.10148698403468	34
0.00613935080050041	0.0152514240712382	34
0.120741254617301	0.458438955116211	34
-0.0698650260105468	0.236910627508983	34
-0.124316237157696	0.438086907349697	34
0.096820989655086	0.349880272277221	355
0.0691147879459835	0.22457867616519	355
-0.0704639860196362	0.198230394592082	34
0.116635541377833	0.343535167238204	34
0.077262532427155	0.607544617802762	87
0.0313952838007453	0.192157552204136	87
0.0189631923640061	0.0826618456416464	87
0.10289889427042	0.544456272019573	87
-0.122962886481062	0.658473387343472	87
0.0537167929707685	0.221177977854721	87
-0.0222588633204135	0.0800405691084482	87
0.0980671531834359	0.430239966382957	87
0.0140229530209637	0.0467994839247499	87
-0.000557264527654495	0.00172344532287873	87
0.0350129968042365	0.127656798808764	87
-0.0669305463259905	0.257907906930604	87
-0.121430169965025	0.574685453153527	87
0.0261510686043404	0.0927306370891936	87
0.0111423169710026	0.0320952882881779	87
0.050202492179843	0.193197835591005	87
-0.0432345846473411	0.152888991865869	87
0.0783622561736766	0.317012703251719	87
0.00573676543234563	0.0168885387140124	87
-0.0219578383206274	0.0703322363031904	87
0.0200591762230565	0.0606058660416547	87
0.0115450415834249	0.0255065005873337	87
-0.0263858950689953	0.0774628276010061	87
-0.055805518996726	0.144708380437278	87
-0.0121352400806753	0.0268799553226819	87
-0.0535076713519974	0.120109169404447	87
0.106172938066784	0.267195798141451	87
-0.00730541318853075	0.0177743660988191	34
-0.0368264766666101	0.110984221927393	34
0.010936030999548	0.0316854718069289	34
-0.11013861580629	0.383884767890719	34
0.0519481740778689	0.166936777367925	34
0.0910784430253713	0.353108962598076	34
-0.114044714694018	0.439387786079333	34
0.00282780934020087	0.0063196541262307	34
0.00759637780449385	0.0163932272309514	34
0.104964587686345	0.278826073302501	355
0.11976671918006	0.431424002791737	355
0.0823940651074384	0.282458659811953	355
-0.0728728014117948	0.196743580885049	355
0.0769641727692268	0.217231443773533	34
0.0809332761963913	0.643854302132982	87
0.0718274422726198	0.504280770311495	87
0.013994065690208	0.06608922163331	87
-0.0384814451715738	0.182009554181612	87
0.0729784386613999	0.357643151573207	87
0.0734324851026869	0.344460723870462	87
0.0593356571129762	0.253120900279939	87
0.086839122653536	0.38861435359762	87
0.0406894216279578	0.143034724972281	87
0.0579274105380203	0.218689821356743	87
0.114356146465927	0.495723219575549	87
-0.0443457882536816	0.154011048059065	87
0.0908690000013938	0.365083631157432	87
0.0435352621122576	0.152418753003253	87
0.0720830383414506	0.28097517756842	87
-0.0273450642743423	0.0752167099506983	87
0.0627389730661604	0.153149842582191	87
0.103811790297582	0.301145765276651	87
0.1248417798442	0.50067882066956	87
0.00139835714094253	0.00402268709092789	87
0.0858209901110584	0.367151454652651	87
0.0714332251872616	0.275557453967619	87
0.0854101639184636	0.310134186235354	87
-0.0537977481743346	0.160180740268288	87
-0.0291214260728775	0.0869003416569007	87
-0.120659450812141	0.287639326650851	87
0.0452388465536831	0.124918376274742	87
0.0426760055664865	0.0811007925735784	87
-0.0800282635919763	0.154741343252059	87
-0.00502809819982226	0.00992508815422312	34
0.0244230107536352	0.0656350269388	34
0.0440327341934151	0.14472322443629	34
0.0914259515012481	0.282105053039578	34
0.124861164119675	0.452328252925224	34
-0.0755061645098786	0.263351763706057	34
0.0682108466846201	0.241124039023824	34
0.0205848653992177	0.0610252103807169	34
0.0488205615157911	0.0910781245480088	34
-0.0853679105937828	0.237979189368013	355
0.0445581864155852	0.130562769898031	355
0.0912418173346419	0.246149180708828	355
0.119784975857553	0.423581050324835	355
0.00556618973460407	0.0114575908361203	34
0.0269126822644387	0.0466342944962764	34
0.0492719652666361	0.335574524520464	87
0.0958240075355103	0.788323245713773	87
0.0446203393749654	0.262644598563459	87
0.0182485508531346	0.0817427891995538	87
0.0194215847182883	0.0827462744146373	87
0.0274075290720828	0.114452165471183	87
-0.0290883842845999	0.0999137008486488	87
-0.0180832611440029	0.0534706651987608	87
-0.0308291543221333	0.0944132104841572	87
-0.0786479652108424	0.275801982963978	87
0.0279290767180294	0.0807641424843321	87
0.115895093029874	0.44554766792811	87
0.0957065212813268	0.359759665391796	87
-0.0709307648406836	0.147799639280834	87
0.0662326975170174	0.252506297100748	87
-0.098433116827193	0.425428535567403	87
0.0476149496817397	0.153747241408703	87
-0.100036087810026	0.222888206646093	87
0.0463717857040541	0.0964666420734378	87
0.114402386988695	0.270598993150262	87
0.0544067099908661	0.136776864656632	87
-0.113509899521819	0.127276343706472	34
-0.104897208250931	0.122947005503875	34
-0.0849684436146407	0.119524507903973	34
0.0200967869739937	0.0360806893051683	34
0.0200243733933411	0.0580678835468206	34
0.0689968504369419	0.184848430202005	34
0.0391236146525827	0.128379024381678	34
-0.106346891690545	0.422777974477819	34
-0.0505071722112756	0.170365014534586	34
0.0137348401053613	0.0159501652771642	34
0.0683863149747128	0.133452561439968	355
-0.120217481962169	0.329690813001864	34
0.023338894724436	0.0399523625994268	355
0.101369540405838	0.320975505064193	355
-0.0199779751014304	0.044796293383101	34
0.0762379147940666	0.597419456696524	87
0.0430750922701652	0.278578594286265	87
0.0930439711238891	0.681869822638975	87
0.0884249531844079	0.598585358796866	87
0.040647767981287	0.146857486659701	87
0.0520760916245504	0.193722265949142	87
-0.0216645720889147	0.0721186158846272	87
-0.0163928623497692	0.0508253789483968	87
0.088842562974794	0.33309444385804	87
0.0652866476559883	0.153391900793886	87
-0.104550798493954	0.326638702542194	87
0.117661480507943	0.52149399014751	87
-0.03755739637085	0.129826261056872	87
-0.0406423578013928	0.143210483850194	87
-0.0592304121853569	0.129686553653103	87
0.0184549884290576	0.0370591462410357	87
-0.0461418989237164	0.107484745306867	87
-0.0591897359531068	0.111246492818314	34
-0.0521440606119306	0.0705652714538717	34
0.0102862924897198	0.0270518123308656	34
-0.024959726364182	0.0726405730500173	34
0.0759946701508191	0.21802219151059	34
0.101192869581009	0.390015193562653	34
0.0733364051058464	0.263290339309548	34
-0.108921351069985	0.163232284042047	34
-0.0196226065379793	0.0246397341303115	34
0.11599120712474	0.256876111671744	355
0.105273999043029	0.319530760292464	355
-0.00989818636280349	0.0226335534292647	34
0.0650691790034829	0.482790029372977	87
0.0375430799486303	0.2307464015081	87
0.0943711268880485	0.71806019279607	87
-0.0182874992305921	0.0722191750097312	87
0.122174647475725	0.578431682472896	87
-0.00877739392338973	0.0288728901635818	87
0.0926141153772328	0.384353944174754	87
0.0675375404038818	0.253035214335249	87
0.095355991643302	0.400372673991832	87
0.0597776436408262	0.141390282836135	87
-0.0222491080672883	0.0392581055829098	87
0.00816616420665748	0.0250142252774266	87
-0.0312515372786882	0.103125453307975	87
0.112990214368492	0.488209108234316	87
0.00789007395129422	0.0221444092474811	87
-0.116389482193479	0.336106322554773	87
-0.0231452268495736	0.0550115847624215	87
-0.108889570851763	0.265025693320361	87
-0.00443881121809651	0.00984374435010219	87
0.110393987016495	0.239347026231039	34
0.0927203960372013	0.299389974748713	34
-0.0505642947436295	0.151243970368385	34
-0.0864493382574634	0.24850967916582	34
0.11936798725402	0.435091431968616	34
-0.0447811087819577	0.138112543873268	34
-0.104648949841082	0.161439767425888	34
0.0980608580390923	0.28916745506827	355
-0.0990270107563388	0.207009176113337	34
-0.026266545323844	0.043238864166571	34
-0.0569071113874959	0.106488304970355	34
0.0470208633048041	0.317840336142383	87
0.107772414577856	0.958571539818244	87
0.0552609969126884	0.343172100229455	87
0.0726859975589142	0.4139960376327	87
-0.0233028139282031	0.0898439810395992	87
-0.0643590170761234	0.273696631615696	87
0.114633299786555	0.584373750161546	87
0.108832044285696	0.502249522966533	87
-0.0688784267978645	0.287943774448999	87
-0.0566052435592541	0.213775221008624	87
0.00261941302980078	0.00813533676677499	87
-0.101053189009738	0.298375860475397	87
-0.00484717530292788	0.00958915976086987	87
0.0229092726309781	0.0586155247012071	87
0.0856360296297115	0.282767338830537	87
0.107679946730454	0.450518901682398	87
0.000385782776563702	0.00112570497027685	87
0.00261244644202376	0.00766686351564432	87
-0.0215157043717098	0.0531982249392834	87
0.0629455341793537	0.17679060663338	87
-0.00409267388675529	0.00848095343732149	87
-0.0115344556605083	0.0253043227790301	87
0.041566552364173	0.108743632443109	87
0.0267124630683504	0.0420868701598471	87
0.0574116552182055	0.0997740259310882	87
0.117269532251528	0.167710159713906	87
-0.118491553539679	0.217291856411538	34
-0.0296085987191578	0.080452702565012	34
0.124446281915525	0.454984202568347	34
0.0932428481122138	0.293595238563436	34
0.106023277185382	0.34557149694707	34
0.0799158507643838	0.267516052320508	34
-0.112958254256683	0.416779183968242	34
-0.0304949337600409	0.058858265376518	34
-0.0671950850464467	0.155908355930964	34
0.0704908288850689	0.177011778820021	34
0.0289429385219807	0.0708266807056367	355
0.0931020057346583	0.278655459513693	355
0.0796648461311081	0.141116922022453	34
0.0591303021984475	0.423704896258655	87
0.0453261051592228	0.295257408450244	87
0.0471155004264646	0.265784713356983	87
-0.031968630830791	0.126895908489396	87
0.108129823027232	0.56098629459365	87
-0.00926393305574692	0.0318553500195184	87
0.031023616324586	0.108859421527959	87
-0.0368175272955771	0.118979790518791	87
-0.113114881408989	0.340482625644989	87
0.0212569302675564	0.0409279136843781	87
-0.00520401433527009	0.0104120035269009	87
0.0419939514433503	0.118940581072628	87
0.0663472339754434	0.20210752680647	87
-0.0672282170865531	0.202318409792712	87
0.123673958395557	0.51900878443888	87
-0.00630581120192742	0.0187307071353861	87
-0.000170331425778889	0.00044753904252427	87
0.000297513845189938	0.000696101087714538	87
0.0412227430876212	0.0926340308393956	87
0.0909545566017926	0.237079044034111	87
0.0752770974932488	0.139235197066166	87
-0.121378392477274	0.231625124478533	87
-0.0091981115064918	0.0127391455566841	87
0.065906759076876	0.15072968884373	34
-0.109368416683974	0.359342809423381	34
0.0071291089457454	0.0180626463169211	34
-0.0286317857647304	0.0798516267454059	34
0.036716571126486	0.0912201067323003	34
0.105703106242351	0.191487961529061	34
-0.0345931942352928	0.0523542822665612	34
-0.0773313605784453	0.168991834873024	34
0.12038802071693	0.312631215684323	34
0.0959247349616318	0.241354649315001	34
-0.0629836569861853	0.162725807397515	34
-0.0654007896425755	0.175056065469787	34
0.00120141279173406	0.00199157180464392	34
0.0652184090097005	0.485428376682848	87
0.0750724272181386	0.530546970647887	87
0.0654037136070076	0.34424313690491	87
0.0801500405786355	0.415501516627825	87
0.0252445260137468	0.102468417399801	87
0.0131993894311589	0.0478782784427032	87
-0.00710205343057238	0.0254611029516741	87
0.0432800377086372	0.171238728757767	87
0.0513054825445707	0.195664580614707	87
-0.0199472901734327	0.0637303196934469	87
0.11691295698455	0.329041292328237	87
0.0854428971414499	0.176798103022047	87
-0.10909484618524	0.255230630451155	87
0.077376132236655	0.223438025974595	87
0.0613543059452854	0.174907695200787	87
0.0927854217258099	0.368142135501137	87
-0.0416954210648508	0.129164890660454	87
-0.0400870314519018	0.0982842862377418	87
0.0216145221214875	0.0524669955230015	87
0.0345893234899696	0.0543176216060404	87
-0.00831864706670584	0.0130307841808119	87
-0.0609909271330634	0.139389771730058	87
0.0305097561821081	0.040360375570871	87
-0.011027835612248	0.01530330975562	34
0.0917692058742922	0.306511682906223	34
-0.0931805204505607	0.293978234333344	34
-0.097271475162023	0.338928601835536	34
0.0118265197150073	0.032997270048768	34
0.100143477541796	0.281738366910071	34
0.0676544884663532	0.0914605328492255	34
0.0734344133355925	0.187112692736409	34
0.00324099866150975	0.00782432697758097	34
0.0879901586746936	0.233911285913714	34
0.0534168412911221	0.372017667380945	87
0.027303917669828	0.161385351824294	87
0.0745247320719904	0.525893073629272	87
-0.0400075302471837	0.225810768657188	87
0.0655233049738525	0.399040184969166	87
0.0561239331683479	0.335422548379188	87
0.0234972509100497	0.0980932399558553	87
0.104787582436446	0.534762795575955	87
0.0188315758461451	0.0657742883876066	87
0.0312995103402431	0.10693695243003	87
-0.0629439724257541	0.217588723572141	87
0.0529865541891701	0.184264665926147	87
0.0575009615689964	0.204774126696044	87
0.107329337543169	0.416830495015778	87
0.00996492398968282	0.0268850707988425	87
0.0186646245749975	0.0544276950187508	87
0.041629731856925	0.141520442667493	87
-0.0743422935413867	0.250516239999105	87
0.0175654316025745	0.0464336777834938	87
0.0826644412431743	0.251212435655134	87
-0.0693865569808705	0.138228852333277	87
0.00643994170252079	0.0129559475079519	87
-0.0737196415150013	0.212546625775086	87
0.0172037852400069	0.0363018677202948	34
-0.0341671717515041	0.0912694696252703	34
-0.060454676881476	0.19565757989222	34
0.0300633198445773	0.0812966215096034	34
0.0827407509808383	0.233477220572043	34
0.0631650502779999	0.163727173772746	34
-0.0846504573905543	0.247346457595895	34
0.0835056141328237	0.246704636390336	34
-0.109620706305684	0.335432224843514	34
-0.100103491270955	0.328610902928515	34
0.0716744332101508	0.236603804081676	34
0.0607090480750916	0.172779772387193	34
0.0453256673117092	0.1178655159545	34
-0.00556222485522713	0.0134404563950819	34
-0.00872553415116698	0.021684525378905	34
-0.0839589547202872	0.232208899455695	34
0.101489125504567	0.228419392861678	34
0.0743929407427696	0.5775631761791	87
0.0333413637546405	0.203122150134425	87
-0.0438703991534251	0.265231296087166	87
0.0978517772289714	0.717336524533823	87
0.106394696742544	0.805704658487245	87
0.00924728913763569	0.0374113598540324	87
0.0999106083131881	0.506650448640842	87
0.0578519649518772	0.233113292044976	87
-0.0122797139564528	0.0399355489820521	87
0.0219884440869255	0.0693459865714058	87
0.0490263638991442	0.170164549780083	87
-0.0133070710622623	0.0413270720087121	87
-0.0652998673217576	0.213053283715525	87
0.0377643660584187	0.115142009988252	87
0.0970303365022565	0.334521639885844	87
-0.0186752326196295	0.0585805374282774	87
0.098588112624916	0.350709758379334	87
-0.00526688719312079	0.0151341921434534	87
0.0755203897892761	0.237848637796562	87
0.10750475109873	0.289485903314649	87
-0.0121952308312922	0.0274677603775679	34
-0.0670822807272221	0.179746827513971	34
0.122679983318321	0.47108062588707	34
0.0966394110349484	0.292182956952595	34
-0.00681586485156837	0.0151997902326484	34
0.063892244684658	0.173417244890672	34
0.051011417257183	0.120993279679275	34
0.0166687960447942	0.0416683270739964	34
0.0974572704385467	0.337278652324881	34
-0.055219013476811	0.158886870571869	34
0.0669269842741443	0.21783003942101	34
0.0536681214936644	0.137222420016136	34
-0.082979770070622	0.250275183284969	34
-0.0924430448361943	0.298581278180391	34
0.0499873145467559	0.118269411810613	34
0.0624090243733897	0.454940783356255	87
0.104116929946631	0.901143901435904	87
0.0763588411296448	0.552613350480672	87
0.116682071471183	0.98633716289473	87
0.0679527693020285	0.36294302634433	87
0.11803525788833	0.683804496240973	87
0.118222604793947	0.613073365832987	87
-0.0551908892673037	0.208985689761387	87
-0.0189941569436339	0.0563358945272176	87
-0.0741146623732466	0.266338050081599	87
0.0409353681368562	0.139955703444876	87
0.0600841105998147	0.20199325610066	87
0.0205962279459946	0.0602647354682697	87
-0.0482868428114722	0.146801343315244	87
0.100149488483076	0.387468369189896	87
0.0276780460718926	0.0816660079715869	87
0.0193168601032902	0.0564322497821556	87
0.0655265335064735	0.204002838134227	87
0.0516715945465436	0.153642490041079	87
0.116319156630788	0.338199032327831	87
-0.0788029928499253	0.255042064178519	34
-0.1095164755219	0.317659768810524	34
0.0732825490255317	0.184263485205403	87
0.0220257252839798	0.0467565625199628	87
-0.122405297386322	0.323994019058026	34
0.104351178397091	0.320090329211474	34
-0.0798670095921547	0.253945635659113	34
0.062333885017372	0.185991620898795	34
0.103156511374049	0.292156859448893	34
0.104966880856996	0.305273760112667	34
-0.111477776458099	0.261885447263867	34
0.0515529135530581	0.129758071189929	34
-0.0632934865864315	0.188355019611388	34
0.0476637227465713	0.126519376955316	34
-0.0231720921468082	0.0513897219584333	34
0.0868289830261337	0.226410844785431	34
-0.0366631946323449	0.0974547234920818	34
-0.0367566313397989	0.0958715982153484	34
-0.0216692186392715	0.0587731667417334	34
0.03403066452289	0.0864015783619205	34
0.0433145226880756	0.103911472068821	34
0.0551408823853018	0.133003979852847	34
0.10613006119841	0.949899342891784	87
0.0599490936632896	0.421415033151533	87
0.0696721656535128	0.495624547820361	87
0.0168725217319919	0.0777225846201823	87
0.00927736460310564	0.0376860210784794	87
0.0407984375854576	0.174018826519037	87
0.0599740378184441	0.235310286456167	87
-0.027311785365316	0.0846491725169771	87
0.0745319511950687	0.292405547569712	87
0.0720799242541066	0.272454617169064	87
-0.0574475481717433	0.193735303005277	87
0.0101161947755416	0.0286871299939252	87
-0.0151301702809949	0.044856603154402	87
0.0637600128315146	0.211918238473256	87
0.10889524700064	0.315697167899087	87
-0.0440814559666473	0.112392435922895	34
0.0438429612568037	0.0981848054784798	34
0.0787358651865538	0.220322041686909	34
-0.0673800155037351	0.209937311322696	34
-0.0941241229046582	0.304912350615287	34
-0.0796607930851382	0.225092290833248	34
-0.0138306812470848	0.0275212412122789	34
-0.0610162438645494	0.153104824015346	34
-0.0296161049821371	0.0645678089191796	34
0.088097377306133	0.257345270481962	34
-0.0128349268717194	0.0325619473988284	34
0.0604983004047846	0.151215718902255	34
-0.0276622691368698	0.0695745784285425	34
-0.083786220770091	0.246469873942188	34
0.074888968976985	0.206375881345499	34
-0.0187833650662846	0.0410238018510818	34
0.0908018461961592	0.75730658434874	87
0.0489198323333049	0.321856079820781	87
0.00798517290088482	0.0353119590682159	87
-0.015302811413697	0.0626121627049098	87
0.113696792020274	0.602465647009349	87
-0.052939364810969	0.207802879674709	87
0.0724037760762017	0.275196214824689	87
0.101425047298669	0.433044927977611	87
0.119993631076825	0.498913712524517	87
0.0478555759670246	0.152534888028582	87
-0.0247560624237657	0.0699243224306968	87
0.0813333902980569	0.283266527702977	87
-0.0526384672792701	0.178386309672506	87
0.0554862109542655	0.185858857163667	87
-0.0206758447428856	0.0617289947212929	87
0.0345313374250789	0.0953046164919822	87
-0.0689367342264657	0.14546797181059	87
-0.0323819028484321	0.0783956351390515	87
0.111471451500362	0.39740047744915	87
0.117063208231108	0.364278187329911	87
-0.0609434739970686	0.173610372253672	34
-0.00520835372267278	0.013812977665801	34
-0.0597310687601755	0.171034795040033	34
-0.0564301868584456	0.133027791385073	34
0.0902737975604437	0.211095521666443	87
-0.027553508588414	0.0622574172425277	34
0.0296779282411276	0.073907314416968	34
0.114418125484504	0.361064010615084	34
-0.061461268353726	0.171023528660118	34
0.0771258523591977	0.195502249131671	34
0.0982072845402743	0.287545168592377	34
-0.00000724377771221837	0.0000132625891795294	34
-0.124712909701614	0.286986352747736	34
0.0148121568055232	0.0288540649035522	34
-0.085168573072681	0.153370159720784	34
0.054720552861755	0.384336163890246	87
0.0754329135438661	0.554346383698011	87
0.0555070833098533	0.334877581225209	87
0.00862901917227908	0.0370827361719937	87
0.0172597862653325	0.0563823314859985	87
-0.0168765775735562	0.0565183913828509	87
0.0718958026096536	0.259295203411173	87
0.0860961826693719	0.327713331095174	87
0.0947383523250965	0.355902618848611	87
0.117912925191573	0.458303415022559	87
-0.052827787808155	0.167113614915754	87
0.0418812179674979	0.0926383152503136	87
0.011307383410802	0.0280835696536298	87
-0.0500496393904777	0.157470862795316	34
-0.0243360762768999	0.062145697550886	34
-0.0697985958042002	0.184708543915479	34
-0.0431873893956267	0.101529384118473	34
-0.0924984247559771	0.265410530524414	34
-0.0320450740339717	0.0844031048539477	34
0.0988925944820829	0.340696961877773	87
0.0810159024895109	0.257097875240743	87
0.00185880909250428	0.00446019584193746	87
0.0327147327767624	0.0703834885420527	87
-0.0721999351791947	0.195204127236498	34
-0.0740268170448931	0.166667513534421	34
-0.068897195801626	0.200666715093471	34
-0.0843529838859605	0.261992479391592	34
0.00511744077359929	0.012166993969941	34
0.0665720990852774	0.191694226710143	34
0.00011465210556961	0.000293247074304062	34
0.0466333321160399	0.118129159651184	34
-0.0770379098366826	0.20289787348609	34
0.0384683540338184	0.0792111706115231	34
0.0339746564823755	0.0614377697264542	34
0.0846855536892329	0.69017235736009	87
0.0415124100505784	0.265157613182757	87
0.0288422404197191	0.128812372749059	87
0.0697013239642308	0.289894138191439	87
0.0123576482807513	0.0422483969736936	87
-0.0421767726275424	0.140052480632374	87
0.101678745806554	0.401665961762877	87
-0.000688388330700639	0.00193488813752121	87
0.0718142019681166	0.254892377085233	87
0.0195638298589575	0.0577996075929078	87
-0.0119269262114275	0.0332723743538455	87
0.0211840695241245	0.0633345903322082	87
-0.017911723933847	0.0372819027418461	87
-0.0308914731849349	0.0803630508390119	87
0.0167685634274891	0.0394913680017604	87
0.0938451217580465	0.265560424254114	87
-0.0231117501764611	0.0518556164594789	34
-0.0377448293099366	0.0831558994824067	34
0.00605087101180343	0.0160663402556033	87
0.0629961579111795	0.188985714890134	87
0.0861723012758287	0.204888033861655	87
0.00729771606283255	0.0156152324499897	87
0.00590863291298578	0.0137658394741017	87
-0.104342476649822	0.325755374265316	34
0.121158424532172	0.407498498401308	34
-0.030379781874302	0.0820393975605154	34
-0.118981359026884	0.363503267233765	34
-0.0881722128243392	0.266493141518451	34
-0.0439687331031677	0.104447263395167	34
-0.0115013705596184	0.0222295312997925	34
-0.0920646875572928	0.23521304367057	34
0.0531161992019046	0.133124673606163	34
-0.00215862826828581	0.00395139515914754	34
0.0704065697335178	0.534087882961727	87
0.0491754129955071	0.324146546032888	87
-0.0842333274568545	0.401599936882297	87
-0.0483052601860391	0.205170385123322	87
-0.0314710078953616	0.13529971289639	87
0.0875774247177765	0.4069409054515	87
0.0265640631240714	0.100777344568977	87
0.00700679874299642	0.0216453953690512	87
-0.088582150245143	0.361272653822362	87
0.0140405565815877	0.0463197633429068	87
0.0673476654069119	0.235232915713157	87
-0.107041027492367	0.419262975813065	87
-0.0627058750660535	0.166758236843417	87
0.0301918748991141	0.0940756660547949	87
0.00881379741953875	0.0210323722329516	87
-0.101494894326223	0.291159174045688	34
-0.0327699427478934	0.0726053181183428	34
0.0372965571517071	0.0873030569731033	87
0.00310635543700755	0.00835997108555364	87
0.0414331592404576	0.134486733671079	87
-0.0244085505188669	0.0718017086600978	87
0.032211336087984	0.0897418071806212	87
-0.0975285738407891	0.253625268172519	87
0.124654812674368	0.405754146466068	87
0.115075982689397	0.355392498553032	87
-0.0769329630643435	0.228902277691739	34
0.0164878689390023	0.0454559510601143	34
0.0862634262428473	0.281290348117506	34
-0.0971475739700459	0.266666408698513	34
0.00128086164971335	0.00244574186885545	87
0.0218595943114584	0.0451974846452124	87
0.0625278854423334	0.179202014134379	34
0.0145712658083746	0.0279672987198295	34
-0.0798452408089787	0.226626990319677	34
-0.00241373235533283	0.00368302093713279	34
0.0753580941638038	0.58526929362105	87
0.0569666850608747	0.383871717681338	87
0.0493159503647293	0.269148394039339	87
0.0575454071245412	0.317841974517307	87
-0.00600497034681866	0.0266308481136033	87
-0.0089975410176071	0.0348695528504555	87
0.0122003260338833	0.0471488373790995	87
0.0653175382720475	0.303891653414894	87
-0.0298449595071374	0.100150678813423	87
-0.0613998751872725	0.23289096645681	87
-0.00789101838337925	0.0237050054580026	87
0.0919537632618498	0.369175404180787	87
-0.101692071605821	0.297500411908542	87
-0.0316284426341776	0.0920645328685086	87
0.095092925989275	0.377616750441167	87
-0.0661034650222738	0.184479201789882	34
0.120781642405584	0.370780978882435	87
-0.0336285735208344	0.0790281750418404	87
0.0318171294231159	0.0824010231022464	87
0.00546060658687472	0.015456560640897	87
-0.112248276659724	0.448601186286963	87
0.0761763874645475	0.264205474031599	87
-0.0631835678817237	0.187969307681625	87
-0.0841238530253481	0.225538829591559	87
-0.105096603094715	0.383894110646867	34
0.0812788351459264	0.273476189477058	34
-0.112069078960683	0.321721858574462	34
0.103652581377869	0.274592354289361	87
0.0640300348265183	0.168721873746405	87
-0.0394723634964164	0.111757155994166	34
0.0619717503035894	0.170616340522192	34
-0.0134583091598393	0.0272149958163227	34
0.0299307472424492	0.0750149562391725	34
-0.00172166105691042	0.00411613701206175	34
-0.108807049309197	0.277853859780411	34
-0.00190499174395575	0.00452692882609048	34
0.100139364223047	0.868827844063935	87
0.0973184023661739	0.798514106131052	87
0.070741122287047	0.48854274769742	87
0.0215864807998927	0.110053266291762	87
0.0649943264843783	0.334042138471539	87
-0.103572658148915	0.351916692292836	87
-0.0556405390233151	0.146761007093234	87
-0.00839191885385272	0.0272098935945549	87
-0.0471806363732027	0.173737208290317	87
0.0175257408501941	0.0549040004593118	87
0.0424059679074575	0.137186145761722	87
0.0435243993382463	0.108747379007589	87
-0.0789635947672287	0.266802414823272	87
-0.042875037445257	0.146911455992432	87
-0.0150912631062244	0.0483136881118075	87
0.0139107298354975	0.0448110059803943	87
0.0271981838858403	0.0926079766083331	87
0.017453130760891	0.0563690076920919	87
0.0295974626093332	0.0954468840685157	87
0.0319562777602521	0.0827856246278954	87
-0.109341431338801	0.309160258493962	87
-0.0982779474684754	0.24003025552944	87
-0.087733911734919	0.164856645129282	87
-0.113225957127295	0.246706584494731	87
0.0573589650706631	0.0968201711017565	87
-0.0418549551604948	0.14330484248356	34
0.0946731447209802	0.371578443822775	87
-0.0883885656526143	0.338368751053651	87
0.0278597607296165	0.0826670145387664	87
0.12409320960981	0.404567841158794	87
-0.118371662116615	0.282478487796869	34
-0.0502311647316741	0.117646636928971	34
0.0773834386226512	0.605158391808738	87
0.0678438534545631	0.490127119647263	87
0.0826573658588479	0.568760103951433	87
0.0022931042308884	0.00924865080813955	87
0.0732854089705973	0.370282607210657	87
-0.0581928383226661	0.196176780780881	87
-0.0557093685471724	0.154621963633742	87
-0.0719384474851658	0.1800989128418	87
-0.000253572169244514	0.000822195254795856	87
0.016997883535335	0.0548429104827852	87
-0.0462666005354926	0.157217855523558	87
-0.0532901119732523	0.129577533914949	87
0.0720562756301799	0.30020205590982	87
0.0467259283697409	0.184745095604912	87
0.0919793937532983	0.426202730245307	87
-0.0923566093199304	0.397755747032857	87
0.0949811620362201	0.380904705957065	87
0.0286769550680751	0.0842635319933413	87
-0.00524093123027453	0.0112740240584108	87
0.00103463144591734	0.00184646897917713	87
0.0754465714574249	0.150799973661507	87
0.124853159309592	0.20459782503303	87
0.0142689185803448	0.0222099146256087	87
-0.113466891752201	0.494497161774625	34
0.0635514000477157	0.233994808873535	87
-0.114873472020682	0.476352620335795	87
0.016189111513408	0.0302644531900152	87
-0.0672432858168603	0.129272274264161	87
0.0641340300032136	0.174180201218864	87
0.120220031518297	0.263227598262682	87
0.116894319751127	1.09094163293637	87
0.10868580210497	0.91649062961189	87
0.0349496284446181	0.179090182108966	87
-0.0113212987746512	0.036052769123906	87
0.0473634083656004	0.191076160385233	87
0.0674679910752787	0.267210777762369	87
-0.0320093256999153	0.108286265597815	87
0.112382541036934	0.453214819272965	87
-0.113939191375837	0.306546521418802	87
-0.0738622568058933	0.248221084534418	87
-0.0193831995919324	0.0658151904533369	87
-0.0142738753749114	0.0488011013954807	87
0.0519068617413744	0.198855198275302	87
0.109293499936316	0.499823263581337	87
0.0199693570483765	0.0636858791783345	87
0.0897787039454145	0.193660892297029	87
-0.0183299418864567	0.033384288986185	87
-0.054183912037842	0.141802645702587	34
0.077155739391312	0.295999627501513	87
-0.0401143845006853	0.131858746214171	87
-0.0608643306416614	0.126106616946179	87
-0.0265347264814472	0.0472102599754959	87
0.0935027441649738	0.204152324291916	87
0.110847396787376	0.290938182673942	87
-0.124589128556731	0.247111004244311	87
0.0491906344000155	0.335939421488579	87
0.113941799078251	1.0106435627325	87
0.0550500197805668	0.354375632560129	87
0.0389301230462687	0.19012648719619	87
-0.0895438208543224	0.407781622337089	87
0.114391370867539	0.544620510661848	87
-0.0355710281014065	0.148873206340666	87
0.00135336169490153	0.004797530635935	87
0.0250035414973409	0.0952126056269146	87
0.118237499706978	0.576429854655174	87
0.0763913085510309	0.311009190750514	87
0.0749635253923568	0.293962601757778	87
-0.0629780271541321	0.217988179539371	87
-0.0627335701783003	0.209477930202821	87
0.105959337426677	0.411490378200998	87
-0.0290812232654663	0.0818549383120164	87
-0.0313495587799664	0.0805486014670703	87
-0.0218774733474566	0.043933505181073	34
0.0000651442648988073	0.00014667680398102	34
-0.0876144360139902	0.265726996859907	34
0.10805921398783	0.390520047290816	87
0.0441176318076066	0.139116991727641	87
-0.011222092986284	0.0300346315137706	87
0.0844321970908244	0.296978926730537	87
0.022399516611996	0.0605715165425731	87
0.082493706114586	0.24031048998508	87
0.107475816833137	0.32884967726344	87
-0.0677680348314833	0.191097651296298	87
0.00912574616422975	0.0218584841937951	87
-0.0102862319853502	0.0223150215276084	87
0.0122342096179497	0.0263702218862139	87
0.114953109635809	0.288146996332183	87
0.0612468320585166	0.445397221702735	87
0.0613424481624228	0.438705157476322	87
0.0066795904041799	0.0304817281586717	87
0.0474317698021323	0.204701698539399	87
0.0758265639542903	0.33740621729123	87
0.0293597528864713	0.116080416992643	87
0.0405023083272521	0.174053566649869	87
0.0144496300822965	0.0547194858519216	87
0.0336159755663092	0.136575154103586	87
0.0217583229981555	0.0776084021319173	87
-0.0216102353908155	0.0747168681014982	87
-0.0204579354876072	0.0544722597464746	87
0.0148921773162614	0.0448779853175069	87
0.0404896445027051	0.141870639807481	87
0.00972439214337943	0.0288053488084848	87
0.0530183255133576	0.173681729853476	87
-0.0795010435090294	0.282493196996321	87
0.00529289983633719	0.015920847877287	87
0.0887419134370625	0.334223704901185	87
-0.0682094912338581	0.217078659936601	87
0.123790585402344	0.407132986317129	87
0.0475097674297161	0.106671876474792	87
0.0482066916638634	0.129247561319222	87
-0.0185145457710478	0.0510561442426508	87
-0.0929954768953079	0.281976660855335	87
0.0111473632088326	0.0286710581989049	87
0.00483792883890938	0.0115840294432432	87
-0.0362585987314725	0.0922708258307157	87
-0.0595387917066242	0.147091063206131	87
0.0230883629125864	0.0412015587633398	87
0.059995582680971	0.432812571957173	87
0.0617918065563889	0.419546609565228	87
-0.0129510112380204	0.0495629746094089	87
-0.0208136581998863	0.0848087152459428	87
0.0663299608764611	0.339077839887622	87
-0.0179467379444189	0.0730888552627032	87
0.0170146167347753	0.0649442144695562	87
0.110037675347451	0.542069686126129	87
0.0000705679147914349	0.000224670294837041	87
0.124477865175248	0.441967909384899	87
-0.0956604074238593	0.365181608736887	87
-0.0383298618883663	0.135248308669618	87
0.0991985232369467	0.382154505253454	87
0.000136056701327205	0.000364777467590546	87
0.0240088156921371	0.0709770191484127	87
-0.00247371014995266	0.00733714725467553	87
0.0999474655355555	0.398677424711405	87
-0.101985126503812	0.368293869877494	87
0.0656780006069294	0.159921839146964	87
0.0495745444956278	0.136257601412118	87
0.115095781815991	0.411547212020282	87
0.0326053814733745	0.0966555749373452	87
0.00690596118414673	0.0178931787425376	87
0.0222382176207334	0.0642298872508296	87
0.120527474255365	0.430567209882199	87
-0.0218465213558471	0.0546185797337279	87
-0.122024733786964	0.363509043556512	87
0.0926867514627136	0.780618824178311	87
0.0555117989812435	0.369076570543039	87
0.11010944587797	0.910441718327922	87
0.00603745509669194	0.0277337340520858	87
0.088782911415871	0.465107976182679	87
-0.0126115560769296	0.05101789981599	87
0.0305331164568198	0.113735772100541	87
0.0871679900589811	0.368204713836833	87
-0.0233612718073395	0.0825224750778036	87
0.0520270089737313	0.14782831387333	87
-0.0976786926309489	0.328654318972324	87
0.0300256991466522	0.094657107883104	87
-0.0290818637411528	0.0709553101322698	87
0.0215968230916831	0.0475224031273162	87
-0.0208576648907693	0.0406079611110053	87
0.0509382450271937	0.120800810913886	87
0.0703833760983799	0.278296973019168	87
-0.0723976833510356	0.253820713534869	87
-0.0417856363793116	0.115510547496861	87
-0.0907876118776518	0.311290750603992	87
0.0603061179348636	0.205327128952021	87
0.00225235675393062	0.00676244366417759	87
-0.093073312840564	0.194614187496998	87
-0.0635884293579242	0.109109998512995	87
0.0875993672845339	0.17862121382409	87
-0.100067055337301	0.330924118988933	87
0.0502839929978128	0.151463823443596	87
0.0884119964941297	0.309773873557089	87
0.0725919125043526	0.172956925902091	87
-0.0406256652826347	0.113938774357431	87
0.100958548458127	0.888620297356174	87
0.0631004722724827	0.451005542562914	87
0.00750208797500108	0.0350305036816319	87
0.0137410718440534	0.0538480817923935	87
0.0146079079377304	0.0567323412501464	87
0.0320458965605325	0.117893747101191	87
0.0823679598326649	0.247465476823181	87
0.0333431727747568	0.0705822709399163	87
-0.120459885284531	0.28855402534058	87
-0.0550510041951204	0.103209276347044	87
-0.0891883680109162	0.182754677905951	87
0.0983536650514303	0.383675242774761	87
0.0943252130181296	0.330322191290788	87
0.0954791650920067	0.317836854804789	87
0.111648958234438	0.419676708680807	87
-0.0221578118370981	0.0593788949733693	87
-0.079593724539911	0.134953784104655	87
-0.017537850846957	0.0369415128886301	87
-0.00066129716295391	0.00168882011321927	87
-0.0876738676005269	0.236093209608406	87
-0.0688953713667687	0.16432811661198	87
0.0683138272059955	0.142652709829429	87
-0.017448832588661	0.0408907390000721	87
0.0777642159713676	0.614939674941336	87
0.0363773093733211	0.220382274371211	87
0.0290650747144456	0.134191014849399	87
-0.0083371985199663	0.0347549254948569	87
0.0437491455655836	0.166279085840631	87
0.095178455681396	0.408933138339401	87
0.0636178077710799	0.262960950650995	87
-0.103000307782695	0.303564978550329	87
0.100924876943423	0.325146826923626	87
0.0245647990717924	0.0489957795474293	87
0.099434500610624	0.182711004938551	87
-0.0432737378264488	0.119507531464138	87
-0.0534138443960459	0.186750560814115	87
-0.0397079452584938	0.122505059699793	87
0.00927466041971286	0.0239165822651349	87
0.0965996684206152	0.375092422180149	87
0.11861545965346	0.495211582670344	87
-0.0870921942778123	0.278565676144957	87
-0.026614940806557	0.0429294832943674	87
0.00104381752573321	0.00145929656913133	87
0.0155659510584884	0.0331297978511875	87
-0.0668503002599778	0.197665369937173	87
0.0797991992882798	0.249186889456155	87
-0.0220973569778909	0.0624257761720359	87
0.0866219014921972	0.31152864701263	87
0.104506548710336	0.207953246574532	87
0.0555389811436373	0.391907548846253	87
0.00931678167294534	0.0490475338398355	87
0.0770352585807613	0.546565596475134	87
0.0909296689767034	0.534634511171471	87
-0.0494624028500389	0.216485262823873	87
-0.0155839347050674	0.0570963850268645	87
-0.118661402679662	0.469721788964483	87
0.0660843828492205	0.246139049287033	87
-0.0764282296964365	0.222620650966102	87
-0.00278954129712569	0.00579061946922936	87
-0.00857665065374993	0.0201517523790883	87
-0.0809699678850757	0.308938929909627	87
0.0225662807503971	0.0592094826189619	87
-0.0630162451679399	0.195401338531523	87
-0.0601849611630999	0.188195880261253	87
0.0912691730808514	0.333592434340241	87
0.116558168814076	0.440139061936704	87
-0.0324909996079883	0.08802134929429	87
-0.120244547916722	0.406288893272091	87
-0.0146231586923925	0.0407106744224832	87
-0.00774101192142615	0.0210479405642402	87
-0.101956862839226	0.265458274697568	87
0.123736846883371	0.424148558054879	87
0.0858040942610715	0.173426150060566	87
0.0843128217622377	0.685550905973336	87
0.0828121779276585	0.638916402619863	87
0.0136070680248858	0.0663272135327006	87
-0.00132334132876979	0.00529127946698775	87
0.0619528853475964	0.275589442937437	87
0.122727755528904	0.482021249721246	87
-0.103681293442352	0.450315492039423	87
0.109154065581393	0.49445814769035	87
-0.107448600042733	0.462370582360645	87
-0.0668876261180538	0.247916825872961	87
0.0818106917739503	0.316979535444858	87
0.0754198943441835	0.28929583993268	87
0.0178978133462632	0.0584883239233394	87
0.118391990180838	0.425128204558713	87
-0.0893204388498283	0.2760642946792	87
-0.0971333725445666	0.257301971408235	87
-0.00846391979147325	0.021019227456568	87
-0.0726125118539237	0.163027585826297	87
-0.0702686222422974	0.187672478956381	87
0.118415075921063	0.488862411577503	87
-0.0278845810264585	0.0855170448452313	87
-0.0432230251170147	0.138803769832813	87
-0.0617419758978698	0.192515278982417	87
-0.102790062261264	0.337334941413678	87
-0.0770189326872882	0.267820097212572	87
0.0861364987828704	0.270663709351657	87
0.001306671521993	0.00320163720216241	87
-0.0205286824163118	0.0546726460631753	87
-0.119606174649001	0.332237606918624	87
-0.106435012114872	0.244693914527143	87
0.0901608864051512	0.74924163178098	87
0.0663237657422883	0.469105232646553	87
0.0509668728473919	0.285621556341288	87
-0.0115193773558026	0.0366479837892163	87
0.00232739329158602	0.00766450931746478	87
0.0219073206434588	0.0795413780390476	87
0.0143360779447354	0.0435026213887333	87
0.0699801556285967	0.244874031439993	87
-0.0287921906348232	0.0940959684603053	87
-0.0997798487030549	0.422175552533604	87
0.0135218637740477	0.0422934929820337	87
0.0550830278808271	0.149712979419247	87
-0.0203440585274652	0.0498378588541556	87
-0.0900843446599301	0.295242000995969	87
0.0878376992231078	0.313080693551927	87
-0.114094226332948	0.399684054319603	87
0.0714175698882063	0.226575478275369	87
0.0155630098797445	0.0434947626839566	87
-0.0566657701055392	0.177170680984699	87
-0.0582446082149726	0.171368235248599	87
0.100402890469421	0.297264957373796	87
0.0294108535678355	0.0716179907607771	87
-0.00246525021721095	0.00464923724244022	87
0.0777267405236274	0.611696687117908	87
0.0145433678614314	0.0788924070923972	87
0.0809629171393916	0.543900090509146	87
-0.0544468900914599	0.214947198864799	87
-0.0342366804199424	0.135853607039547	87
0.0816191284807224	0.395547666152072	87
0.113878002380328	0.573430503115897	87
0.0434166645786552	0.165110705986595	87
0.0572985815265288	0.225772926182915	87
-0.00509255065611869	0.0162210815593943	87
-0.104874103703919	0.435499911491143	87
-0.0912302960111067	0.308066255814711	87
0.017101927589361	0.0424695000232331	87
0.0556367062482088	0.15518457316202	87
0.0358963733242239	0.108737633109883	87
-0.0580782893853383	0.200059994664822	87
-0.0255659961366286	0.0721445471686277	87
-0.030757203010415	0.0932886292002584	87
-0.0483974683510183	0.143560229580825	87
0.0438407736458574	0.127009768943048	87
0.00482807738415691	0.0117892371497109	87
-0.0971461166246936	0.266644299943169	87
0.0787770962400308	0.62402913710058	87
0.0854542694231516	0.673223186952691	87
0.0179727781130058	0.072976074366434	87
0.0713955483809369	0.351241058682708	87
0.0807969213888233	0.416080089560749	87
-0.0527473472367789	0.221446984322666	87
0.0534618059649469	0.214527143389968	87
-0.021862218802021	0.0771002837533489	87
-0.0115542337342209	0.0366290307072474	87
0.101232154626765	0.464316493795094	87
-0.100720096780894	0.43454278564224	87
0.0344852771468135	0.108363599236142	87
-0.120337226362124	0.438733101633337	87
0.016086009521503	0.037079931283454	87
0.109479082420962	0.364990186079901	87
0.0726558387690405	0.251169072278649	87
-0.117573421946377	0.443213256501344	87
0.0147628540538168	0.0392417135081664	87
-0.11136480579651	0.40471819096906	87
0.0261902477576708	0.0804402065919554	87
-0.0164197593599857	0.0464607923022512	87
0.050602525979675	0.155059089069179	87
0.0548087685237799	0.16902820429591	87
0.068010998596492	0.193292046825807	87
-0.0759506971028645	0.198785353275317	87
0.111079846999537	0.324741492436474	87
0.0909066782759232	0.19650575084839	87
0.0520479041108762	0.361358795028361	87
0.0728911427841171	0.476786952877571	87
0.0897384418575169	0.538824969235305	87
0.025205856068293	0.110312067505496	87
0.0617305006062716	0.268778726277395	87
0.0266184341837455	0.0960275673726773	87
-0.09892454526802	0.43848617676845	87
0.0144805704202376	0.0444170520611122	87
-0.0107981255062587	0.0341225621261387	87
-0.0210845357357772	0.0735187227258835	87
0.0887895571621856	0.391464916986805	87
0.0470119748366495	0.171301200882501	87
0.0458177567449086	0.149606588152541	87
-0.10926324665394	0.394018395479238	87
-0.0972139435755921	0.318236371891933	87
0.0537365755159161	0.172063353231679	87
0.108242754361128	0.391193409567685	87
-0.0632398976363779	0.188681924406723	87
-0.0164372500391481	0.0460923902178124	87
0.00465117442460477	0.0127703837037273	87
-0.103547661805671	0.359523037302441	87
0.117830083157249	0.239250562931072	87
0.118731349732546	1.00101780855116	87
0.0248131403290107	0.133988387863064	87
-0.101093295489407	0.450830424656819	87
0.0915177559718057	0.292539692106861	87
-0.0294779672507182	0.0851111806952514	87
-0.0127256764217671	0.03679853485826	87
-0.0446563805946399	0.135173106436892	87
0.0578184943967969	0.166315788878905	87
-0.112782989433078	0.332749977674575	87
-0.087879099331933	0.208391978144489	87
-0.0749368602709811	0.145231757593137	87
0.0409407008485359	0.0775534221498644	87
0.0648503785568821	0.130313814245315	87
0.0744332781005944	0.184497881247693	87
-0.00902420685823409	0.0179027809107437	87
0.0784749605908038	0.146880975591528	87
-0.0247755848046416	0.0439462898404928	87
-0.0910350736577571	0.143505442162873	87
-0.0971710648905517	0.18315049267314	87
0.122462010685289	1.13723488764238	87
0.0402767220667231	0.240745258762387	87
0.0427389028300725	0.226756547375606	87
0.0432187137864155	0.204944989653194	87
0.0695246036241483	0.353914600417746	87
0.0447951334474496	0.177184676150634	87
0.0399855441389791	0.146875657760547	87
0.0385384140926946	0.144074368912589	87
0.0939912545567521	0.444528837857884	87
0.115122875364778	0.513404839058044	87
-0.0770899646399357	0.166463599700329	87
-0.112271149498325	0.309579390694732	87
0.112770594426352	0.377878558997063	87
0.110322941219478	0.372168862471644	87
-0.0102126901069152	0.0239828334944318	87
-0.0654298938451595	0.176442563938976	87
0.0393457602015516	0.101796736340141	87
0.118268305607751	0.299830765820611	87
0.0924370841554998	0.205875846319321	87
0.070004867093385	0.120337845299905	87
0.112926347411741	1.04014660413532	87
0.0731271322795346	0.537174918205992	87
-0.0397201542615453	0.231456478969648	87
0.0245393772348423	0.129404101354072	87
0.0506065215991147	0.261074609407494	87
0.0625278524908479	0.311237184804399	87
-0.0241735127169642	0.102059425172372	87
-0.0103886897634674	0.0439234398857781	87
-0.0307198548575618	0.109199870459232	87
-0.0428070095471325	0.140697909196676	87
-0.110822220434809	0.385755320935796	87
-0.012044601977026	0.0270398486687546	87
-0.00953189529281536	0.0253695286171859	87
0.0389803773218186	0.126120664030729	87
-0.0825521170324253	0.292846587768186	87
-0.0246116248962846	0.077516648981493	87
0.0948788576855286	0.326972614024253	87
0.0768244760804411	0.239214428648247	87
-0.101962217012949	0.351762074479805	87
-0.0500900472212804	0.152862612789406	87
-0.0757407670247677	0.220793754944753	87
-0.100122536678502	0.265865621944628	87
-0.041570253772094	0.0985448345380908	87
-0.0663936094871014	0.133862728954138	87
0.0801502705680942	0.63622857012172	87
0.0773797941251833	0.589742879745134	87
0.108467160564099	0.898655092127625	87
0.0535872969369894	0.314050289761051	87
-0.00926828655196765	0.0407371658621278	87
0.063532786132341	0.334925128639026	87
0.00891901537224643	0.0367204212223752	87
0.0483260724182422	0.181251584678348	87
0.0156837367740288	0.0435974717553402	87
-0.0415295525186637	0.116021776807794	87
0.0514340008496344	0.109094290290262	87
0.106456799673751	0.371127334118178	87
-0.0301426115176296	0.105537183306529	87
0.0156729924275329	0.0514611263897994	87
0.0491261954910508	0.177037966948935	87
0.0649782290383459	0.227743567642951	87
0.0511689176827259	0.138929818519827	87
0.0835502736849446	0.222697017644627	87
0.0393131873451329	0.0979253319812123	87
0.0954830912076447	0.234531342603828	87
-0.00310781478237172	0.00680289191838045	87
-0.0393425856796343	0.0977338444668636	87
0.0858504473575188	0.164772750129272	87
0.0805929883184556	0.64027715885491	87
0.0823366763609265	0.626963369790233	87
0.109675085669577	0.838382791635031	87
0.101917940956974	0.678860648606546	87
0.0683299792686405	0.361724788074354	87
0.046980637435131	0.222128443780055	87
0.0356248066815953	0.126326153040435	87
-0.0462028115095068	0.12740367014773	87
0.0193546076786676	0.0358392147406697	87
-0.0738625598539436	0.226948258383648	87
-0.105375475900093	0.473140272615283	87
0.065282353704306	0.254022838929866	87
-0.0341212303457076	0.083577827598371	87
-0.0199571427150591	0.0452565332037623	87
0.0748348100868243	0.241663991700953	87
0.112089720024328	0.296182290157708	87
0.0451080125308481	0.109065744031936	87
0.0700818289218461	0.529280169273368	87
0.0909985604747444	0.723569248045928	87
0.037783810713299	0.214335466229539	87
0.0636879883099017	0.384163505418296	87
-0.0362803843664992	0.179133064190347	87
0.0653043845523775	0.223992338598758	87
-0.0312943271568808	0.0873325360360238	87
0.102663080630535	0.282119350946909	87
0.0709289223387468	0.217163853076352	87
0.108804789800557	0.228130695084709	87
0.0493188631837716	0.150870754619063	87
0.0744232761727316	0.333263672652065	87
0.0434838332040903	0.167360733987621	87
-0.0981096505854034	0.401394236680979	87
0.0330692071090713	0.0893760093005333	87
0.0937346384774076	0.284053995948779	87
-0.0658223406835315	0.122035686961125	87
0.0973301227121922	0.834462784599235	87
0.121163433957924	1.09357545091587	87
0.029563882692806	0.162683909780329	87
0.0403552031855061	0.221726033225076	87
0.0438190608620645	0.180046054532298	87
0.0773777468362538	0.251452978584243	87
-0.00612954428108796	0.016283051884792	87
0.122525876630952	0.467974430600971	87
0.115783533603083	0.618000507834546	87
0.0497064139330398	0.202239266053641	87
-0.0795876422927917	0.298774481424485	87
-0.0747540934314204	0.21279031163496	87
0.0913308768486685	0.263482547336526	87
-0.000657246551483069	0.00165039442411414	87
0.0348727469102435	0.0646357571741107	87
0.051788083710885	0.097130722118213	87
0.0660374541348104	0.489065147366254	87
0.0503219125722566	0.334396618181769	87
0.0238942926277961	0.131946746204682	87
0.0238249222491709	0.100983472911558	87
0.0626148375447903	0.245675794254186	87
0.0767561287919859	0.241942626048703	87
0.0305466298633631	0.0920570867575147	87
0.0798446315362373	0.137172416413784	87
0.115455149353789	0.282366942580342	87
-0.0302416143942066	0.0914418697499895	87
-0.0522880619934134	0.227972621551718	87
0.0714440576492161	0.326616454828745	87
0.0843518536044755	0.389461178324988	87
-0.0217487421103897	0.0592255235856153	87
-0.0370871899150498	0.101145325739685	87
0.0665788955086915	0.196183504001326	87
-0.0478425355810119	0.107567193859384	87
-0.0890306715215993	0.176410006694109	87
-0.0972182253682539	0.216543735654744	87
0.0804941730901692	0.640888905653198	87
0.0979730092308207	0.628143764216947	87
0.110273538948028	0.549444682245294	87
0.0217042039578132	0.0684010747417363	87
0.00180777831375826	0.00515100599277979	87
-0.0164213884272606	0.0299302118647569	87
-0.03230667362927	0.0674059655807346	87
0.0063597699742318	0.015242574814614	87
0.032198216090959	0.10680873105736	87
0.106941019671227	0.558671259004474	87
0.0484601107498405	0.196622733703848	87
0.0814863016466943	0.350944092379494	87
-0.0841006285448008	0.280167668759835	87
-0.00631356763052572	0.0196172609691345	87
0.0405098165021644	0.0935920525666266	87
-0.0756978981622121	0.240920247807125	87
-0.0774611575593344	0.167367778386196	87
0.0546469729299651	0.382689155910071	87
0.0407208732441194	0.25233568975259	87
0.0271458138777025	0.130076389183994	87
0.104077083658171	0.545092245315196	87
0.0392486917243532	0.138092963503399	87
0.053295051655504	0.162107419133493	87
-0.0347211136853708	0.107548548261501	87
0.0762734152054855	0.285779254204005	87
0.0155244723396783	0.0549984101617938	87
-0.109284941746521	0.493801751663921	87
-0.0931765680374692	0.41166070036707	87
-0.0361541682885141	0.117128277229474	87
0.0285127759168059	0.0964427114054081	87
-0.0524768365044731	0.17801221258389	87
0.00250559725279859	0.00696551513350835	87
0.0487398679696574	0.154129271697564	87
-0.0812037471534301	0.212489068919109	87
0.0627688978512891	0.460853925982694	87
0.0517902166771182	0.340663246873732	87
0.032197263845932	0.156526627011143	87
0.112380086581403	0.571331190332408	87
-0.00674680294763129	0.0239935223493462	87
0.116339321068523	0.589873681314216	87
0.0719650989552062	0.314359644301529	87
0.0416645400420417	0.174102711024689	87
-0.0039189521322805	0.0137431967665483	87
0.0493301377960399	0.164090586295375	87
0.0845478548229922	0.291767532860559	87
-0.0622259243571719	0.201344410465805	87
-0.018393169968764	0.0587528867254713	87
0.0633925374206559	0.199435098619093	87
0.0431310859554759	0.146232657435911	87
0.0556251041397158	0.180117207467755	87
0.057032863425977	0.404157407726915	87
0.0920126090561732	0.732212529643659	87
-0.0059135632794246	0.0251757459856669	87
0.112949300002142	0.71671866533862	87
0.0274120550800169	0.120414222694412	87
0.116838981580993	0.669428103373296	87
0.0370286717241005	0.1568943100504	87
0.0270517368773701	0.101491718369236	87
-0.0967240867922829	0.342465711854154	87
-0.0846557659969749	0.259884189371193	87
-0.079469018205113	0.319256203527835	87
0.107019080977186	0.439614449482184	87
0.113169474723553	0.478334611583342	87
0.0609453040752512	0.222349797992162	87
0.00517471186612841	0.012204688592856	87
0.073578186841718	0.179540749594081	87
0.0563324953605704	0.182490002169006	87
0.0604392210522944	0.433003231214918	87
0.0899745030030243	0.6896461334188	87
0.0335664575654254	0.185417541904648	87
0.0442936515155328	0.228162024660116	87
-0.0963440916357432	0.507775949467532	87
0.0723243188574817	0.337244706514983	87
0.0433881060462248	0.180349211103779	87
0.00255387815737976	0.0070798310940473	87
0.0729012456534021	0.232963571744687	87
0.00394576006558501	0.0116003251576308	87
0.12192138265245	0.525425879242936	87
-0.034575083031379	0.104345966552315	87
0.0465053965954961	0.156188838209527	87
-0.0203658220701558	0.0486781342369949	87
-0.0848164145468962	0.20285353081761	87
0.0095107478893903	0.0511655101024051	87
0.0309295115633775	0.184611023897891	87
0.0751033255960054	0.449966617604492	87
0.105896806707394	0.552964764090257	87
-0.074633093158484	0.325148047275501	87
0.0170858198955825	0.0588935448355275	87
0.098108573038628	0.341536115785294	87
0.10838187423859	0.423909854880113	87
0.0926698895689861	0.325755468305491	87
-0.122651326226218	0.485240869878689	87
-0.00178900973780795	0.00486363971578066	87
-0.0215422828739013	0.0592777451212826	87
0.0572529503438992	0.182574571042913	87
-0.0420550468980548	0.078195323322411	87
0.0856683888578545	0.700553623744646	87
0.067128298888991	0.463000282466489	87
-0.00642433401895358	0.0263778111032099	87
-0.0404452296261376	0.159004435621385	87
-0.0514631480976854	0.1616931048785	87
0.0573274525163086	0.185498629087408	87
-0.0114666001137337	0.0344750761966508	87
-0.0380841802091588	0.127807309196135	87
0.0379576401743663	0.12145680847468	87
-0.0456166332395216	0.152390966884269	87
-0.0706210110351717	0.213555224820608	87
-0.0563047154475171	0.126150426280816	87
0.0156404316964846	0.0887063757761007	87
0.0537078828366975	0.360656144335231	87
0.107534965683313	0.783923431833136	87
0.0190070867331918	0.0479089848272892	87
0.0637574257520942	0.172986218122856	87
0.000953718652043189	0.00257306104916286	87
0.0422030981417987	0.144484152022657	87
-0.0398582654179606	0.111562161126485	87
0.0610060252420821	0.221166569458253	87
0.117315967709649	0.324601329265227	87
0.0149758518496358	0.0432986742953267	87
0.0915047376212182	0.212290881432049	87
0.0792927547722784	0.628720726491094	87
0.0701380111341754	0.502550651218029	87
0.048028063534787	0.267042190671204	87
-0.0302000193983617	0.0982231414814665	87
0.104314713361138	0.38074880198671	87
0.00148267717114384	0.00460476784011135	87
-0.0581578108268962	0.224191190271591	87
0.0998897044164118	0.429788080935005	87
-0.120455303840522	0.450164073088959	87
0.00976632858869579	0.0304483584510899	87
0.113638364582999	0.494692966943553	87
0.0750832266631501	0.224740340483527	87
0.114109588335435	0.451384011982287	87
0.0741237644156337	0.571521997989786	87
0.0720077185514893	0.536180941558465	87
0.114376126795368	0.598210057551333	87
0.00742348487458809	0.0262287900191885	87
0.119042193836113	0.467171995324249	87
-0.0131633049932759	0.0433712882304268	87
0.0650163397024638	0.257786840252687	87
0.0129206825599884	0.0343429938078085	87
0.0171802593092117	0.0513957475817109	87
0.0388914424638449	0.249034397838113	87
0.0524723799982239	0.328492213548441	87
-0.000819186052047623	0.00343087714561578	87
-0.0257752605285311	0.122054062479171	87
0.0668002278037739	0.388475394274846	87
0.00778319842894472	0.0297409636714248	87
0.0757238649474632	0.339133626363624	87
-0.0478495280805627	0.180758722290977	87
0.0940426108911126	0.408050338568907	87
-0.096529292530136	0.388170344654421	87
-0.122508974142961	0.473771269396606	87
0.0761266810697512	0.271638611229678	87
-0.00373128700704699	0.0197477861387948	87
0.0988414406828843	0.822365792455722	87
0.0596476528993524	0.394340363332584	87
0.0899307229661756	0.634101651003412	87
0.0762638825295424	0.353370592072415	87
0.072499098881034	0.293439360270419	87
0.0537826165736455	0.232856212812147	87
0.0198065284256071	0.0623066895740776	87
0.0188341678970657	0.0600408284286443	87
0.0979594457065698	0.311845751152844	87
0.0864769901130233	0.703345812149672	87
0.0861586177998644	0.651162634003677	87
0.119551655471424	0.618814770525182	87
0.0791686423314745	0.35714673400523	87
-0.0217997220454728	0.0661964849534195	87
0.10148261394598	0.414514795675205	87
0.0757450017720207	0.585515127724336	87
0.119040272258716	1.04668502547339	87
0.0376141663558406	0.162020159570718	87
0.0280977720229546	0.103253813632229	87
-0.0706653982848047	0.266479146400546	87
0.0727725049556993	0.237864291984227	87
0.0225776968151804	0.0780159329488551	87
-0.0647087366610819	0.188304893679191	87
0.054336587285161	0.378462917993408	87
0.121503511382494	1.08383957207539	87
0.0819424819183607	0.531657016430517	87
0.101588589531254	0.66722047236115	87
-0.113450336573104	0.659384104230514	87
0.0832975098892406	0.394614478987355	87
0.0599295152713265	0.262323687255545	87
0.0317290491514109	0.12314688777362	87
0.0439046260840398	0.13944360514213	87
0.108401423672007	0.972337864120356	87
0.0882473560010517	0.674687729492637	87
0.0921189982148149	0.606120593613096	87
0.0153935083603497	0.0659354758945196	87
0.0393611595690123	0.168437410499379	87
0.0802012530142318	0.355922099006365	87
-0.0156006195168221	0.0540814353032646	87
0.0270282280682361	0.0808813213355764	87
0.0860138681116622	0.697171370080003	87
0.0254774510834343	0.146008309429312	87
0.0177861372992115	0.0955408098850441	87
0.0711821096747197	0.446643873371955	87
0.0646744504035747	0.326955603387866	87
0.00457339126109743	0.0162918104638353	87
0.0228537209850466	0.0837728445633227	87
-0.0413018301637298	0.131370201465678	87
0.0435402870613248	0.288542271531379	87
0.00973926765457191	0.0514434133860935	87
-0.0218691902831601	0.104037590783021	87
0.0791518868414317	0.459339334125192	87
0.0439830880415938	0.164810075929233	87
0.0815458191318698	0.651183880510474	87
0.0258518840587685	0.149604503128205	87
0.00664209724337475	0.0284379455374766	87
0.0523983311717503	0.236618589656006	87
0.122352755636359	0.705027814583673	87
0.0184601407887528	0.0569155840536881	87
0.0773715314376073	0.605112747841824	87
0.0169252126891811	0.089159260746104	87
0.0538337839556928	0.293950633465023	87
0.116321972277572	0.795312802581191	87
0.0589491984331404	0.237661108723419	87
0.0928438150151188	0.770460332104058	87
0.0652741926081133	0.443671895691177	87
0.00950556550692819	0.0400434946987556	87
-0.0048824912435542	0.018121691866089	87
0.05116584469687	0.344676400477904	87
0.0421028273401111	0.246305615107879	87
-0.0304893763763766	0.133364572926213	87
0.0580706381151388	0.412694132996002	87
0.0605431391311258	0.393946175264305	87
0.056467234589488	0.385750807157799	87
