group	fill	colour	clickSelects
2	#FFFFFF	#D3D3D3	87
3	#FFFFFF	#D3D3D3	87
4	#FFFFFF	#D3D3D3	34
5	#FFFFFF	#D3D3D3	34
6	#FFFFFF	#D3D3D3	34
7	#FFFFFF	#D3D3D3	34
8	#FFFFFF	#D3D3D3	34
9	#FFFFFF	#D3D3D3	34
10	#FFFFFF	#D3D3D3	34
11	#FFFFFF	#D3D3D3	34
12	#FFFFFF	#D3D3D3	34
13	#FFFFFF	#D3D3D3	34
14	#FFFFFF	#D3D3D3	87
15	#FFFFFF	#D3D3D3	34
16	#FFFFFF	#D3D3D3	34
17	#FFFFFF	#D3D3D3	34
18	#FFFFFF	#D3D3D3	34
19	#FFFFFF	#D3D3D3	34
20	#FFFFFF	#D3D3D3	34
21	#FFFFFF	#D3D3D3	355
22	#FFFFFF	#D3D3D3	355
23	#FFFFFF	#D3D3D3	34
24	#FFFFFF	#D3D3D3	355
25	#FFFFFF	#D3D3D3	87
26	#FFFFFF	#D3D3D3	34
27	#FFFFFF	#D3D3D3	34
28	#FFFFFF	#D3D3D3	34
29	#FFFFFF	#D3D3D3	34
30	#FFFFFF	#D3D3D3	34
31	#FFFFFF	#D3D3D3	34
32	#FFFFFF	#D3D3D3	34
36	#FFFFFF	#D3D3D3	87
46	#FFFFFF	#D3D3D3	87
47	#FFFFFF	#D3D3D3	87
48	#FFFFFF	#D3D3D3	87
49	#FFFFFF	#D3D3D3	87
50	#FFFFFF	#D3D3D3	87
52	#FFFFFF	#D3D3D3	87
53	#FFFFFF	#D3D3D3	87
54	#FFFFFF	#D3D3D3	34
55	#FFFFFF	#D3D3D3	34
56	#FFFFFF	#D3D3D3	34
57	#FFFFFF	#D3D3D3	34
58	#FFFFFF	#D3D3D3	34
59	#FFFFFF	#D3D3D3	34
60	#FFFFFF	#D3D3D3	34
61	#FFFFFF	#D3D3D3	34
62	#FFFFFF	#D3D3D3	34
63	#FFFFFF	#D3D3D3	34
64	#FFFFFF	#D3D3D3	87
65	#FFFFFF	#D3D3D3	34
66	#FFFFFF	#D3D3D3	34
67	#FFFFFF	#D3D3D3	34
68	#FFFFFF	#D3D3D3	34
69	#FFFFFF	#D3D3D3	34
70	#FFFFFF	#D3D3D3	34
71	#FFFFFF	#D3D3D3	34
72	#FFFFFF	#D3D3D3	355
73	#FFFFFF	#D3D3D3	34
74	#FFFFFF	#D3D3D3	34
75	#FFFFFF	#D3D3D3	87
76	#FFFFFF	#D3D3D3	34
77	#FFFFFF	#D3D3D3	34
78	#FFFFFF	#D3D3D3	34
79	#FFFFFF	#D3D3D3	34
80	#FFFFFF	#D3D3D3	34
81	#FFFFFF	#D3D3D3	34
82	#FFFFFF	#D3D3D3	34
83	#FFFFFF	#D3D3D3	34
86	#FFFFFF	#D3D3D3	87
97	#FFFFFF	#D3D3D3	87
98	#FFFFFF	#D3D3D3	87
99	#FFFFFF	#D3D3D3	87
100	#FFFFFF	#D3D3D3	87
101	#FFFFFF	#D3D3D3	87
103	#FFFFFF	#D3D3D3	87
104	#FFFFFF	#D3D3D3	87
105	#FFFFFF	#D3D3D3	87
106	#FFFFFF	#D3D3D3	87
107	#FFFFFF	#D3D3D3	34
108	#FFFFFF	#D3D3D3	34
109	#FFFFFF	#D3D3D3	34
110	#FFFFFF	#D3D3D3	34
111	#FFFFFF	#D3D3D3	34
112	#FFFFFF	#D3D3D3	34
113	#FFFFFF	#D3D3D3	34
114	#FFFFFF	#D3D3D3	34
115	#FFFFFF	#D3D3D3	87
116	#FFFFFF	#D3D3D3	34
117	#FFFFFF	#D3D3D3	34
118	#FFFFFF	#D3D3D3	34
119	#FFFFFF	#D3D3D3	34
120	#FFFFFF	#D3D3D3	34
121	#FFFFFF	#D3D3D3	34
122	#FFFFFF	#D3D3D3	34
123	#FFFFFF	#D3D3D3	355
124	#FFFFFF	#D3D3D3	355
125	#FFFFFF	#D3D3D3	34
126	#FFFFFF	#D3D3D3	87
127	#FFFFFF	#D3D3D3	34
128	#FFFFFF	#D3D3D3	34
129	#FFFFFF	#D3D3D3	34
130	#FFFFFF	#D3D3D3	34
131	#FFFFFF	#D3D3D3	34
132	#FFFFFF	#D3D3D3	34
133	#FFFFFF	#D3D3D3	34
134	#FFFFFF	#D3D3D3	34
137	#FFFFFF	#D3D3D3	87
147	#FFFFFF	#D3D3D3	87
148	#FFFFFF	#D3D3D3	87
149	#FFFFFF	#D3D3D3	87
150	#FFFFFF	#D3D3D3	87
151	#FFFFFF	#D3D3D3	87
153	#FFFFFF	#D3D3D3	87
154	#FFFFFF	#D3D3D3	87
155	#FFFFFF	#D3D3D3	87
156	#FFFFFF	#D3D3D3	87
157	#FFFFFF	#D3D3D3	87
158	#FFFFFF	#D3D3D3	87
159	#FFFFFF	#D3D3D3	34
160	#FFFFFF	#D3D3D3	87
161	#FFFFFF	#D3D3D3	34
162	#FFFFFF	#D3D3D3	87
163	#FFFFFF	#D3D3D3	87
164	#FFFFFF	#D3D3D3	87
165	#FFFFFF	#D3D3D3	87
166	#FFFFFF	#D3D3D3	87
167	#FFFFFF	#D3D3D3	87
168	#FFFFFF	#D3D3D3	87
169	#FFFFFF	#D3D3D3	87
170	#FFFFFF	#D3D3D3	87
171	#FFFFFF	#D3D3D3	87
172	#FFFFFF	#D3D3D3	87
173	#FFFFFF	#D3D3D3	87
174	#FFFFFF	#D3D3D3	87
175	#FFFFFF	#D3D3D3	87
176	#FFFFFF	#D3D3D3	87
177	#FFFFFF	#D3D3D3	87
178	#FFFFFF	#D3D3D3	87
179	#FFFFFF	#D3D3D3	34
180	#FFFFFF	#D3D3D3	34
181	#FFFFFF	#D3D3D3	87
182	#FFFFFF	#D3D3D3	87
183	#FFFFFF	#D3D3D3	34
184	#FFFFFF	#D3D3D3	34
185	#FFFFFF	#D3D3D3	34
186	#FFFFFF	#D3D3D3	34
187	#FFFFFF	#D3D3D3	87
188	#FFFFFF	#D3D3D3	34
189	#FFFFFF	#D3D3D3	34
190	#FFFFFF	#D3D3D3	34
191	#FFFFFF	#D3D3D3	34
192	#FFFFFF	#D3D3D3	34
193	#FFFFFF	#D3D3D3	34
194	#FFFFFF	#D3D3D3	34
198	#FFFFFF	#D3D3D3	87
199	#FFFFFF	#D3D3D3	87
200	#FFFFFF	#D3D3D3	87
201	#FFFFFF	#D3D3D3	87
202	#FFFFFF	#D3D3D3	87
204	#FFFFFF	#D3D3D3	87
205	#FFFFFF	#D3D3D3	87
206	#FFFFFF	#D3D3D3	87
207	#FFFFFF	#D3D3D3	87
208	#FFFFFF	#D3D3D3	87
209	#FFFFFF	#D3D3D3	87
210	#FFFFFF	#D3D3D3	87
211	#FFFFFF	#D3D3D3	87
212	#FFFFFF	#D3D3D3	87
213	#FFFFFF	#D3D3D3	87
214	#FFFFFF	#D3D3D3	87
215	#FFFFFF	#D3D3D3	87
216	#FFFFFF	#D3D3D3	87
217	#FFFFFF	#D3D3D3	87
218	#FFFFFF	#D3D3D3	87
219	#FFFFFF	#D3D3D3	87
220	#FFFFFF	#D3D3D3	87
221	#FFFFFF	#D3D3D3	87
222	#FFFFFF	#D3D3D3	87
223	#FFFFFF	#D3D3D3	87
224	#FFFFFF	#D3D3D3	87
225	#FFFFFF	#D3D3D3	87
226	#FFFFFF	#D3D3D3	87
227	#FFFFFF	#D3D3D3	87
228	#FFFFFF	#D3D3D3	87
229	#FFFFFF	#D3D3D3	87
230	#FFFFFF	#D3D3D3	34
231	#FFFFFF	#D3D3D3	87
232	#FFFFFF	#D3D3D3	87
233	#FFFFFF	#D3D3D3	87
234	#FFFFFF	#D3D3D3	34
235	#FFFFFF	#D3D3D3	34
236	#FFFFFF	#D3D3D3	34
237	#FFFFFF	#D3D3D3	34
238	#FFFFFF	#D3D3D3	87
239	#FFFFFF	#D3D3D3	34
240	#FFFFFF	#D3D3D3	34
241	#FFFFFF	#D3D3D3	34
242	#FFFFFF	#D3D3D3	34
243	#FFFFFF	#D3D3D3	34
244	#FFFFFF	#D3D3D3	34
245	#FFFFFF	#D3D3D3	34
248	#FFFFFF	#D3D3D3	87
249	#FFFFFF	#D3D3D3	87
250	#FFFFFF	#D3D3D3	87
251	#FFFFFF	#D3D3D3	87
252	#FFFFFF	#D3D3D3	87
254	#FFFFFF	#D3D3D3	87
255	#FFFFFF	#D3D3D3	87
256	#FFFFFF	#D3D3D3	87
257	#FFFFFF	#D3D3D3	87
258	#FFFFFF	#D3D3D3	87
259	#FFFFFF	#D3D3D3	87
260	#FFFFFF	#D3D3D3	87
261	#FFFFFF	#D3D3D3	87
262	#FFFFFF	#D3D3D3	87
263	#FFFFFF	#D3D3D3	87
264	#FFFFFF	#D3D3D3	87
265	#FFFFFF	#D3D3D3	87
266	#FFFFFF	#D3D3D3	87
267	#FFFFFF	#D3D3D3	87
268	#FFFFFF	#D3D3D3	87
269	#FFFFFF	#D3D3D3	87
270	#FFFFFF	#D3D3D3	87
271	#FFFFFF	#D3D3D3	87
272	#FFFFFF	#D3D3D3	87
273	#FFFFFF	#D3D3D3	87
274	#FFFFFF	#D3D3D3	87
275	#FFFFFF	#D3D3D3	87
276	#FFFFFF	#D3D3D3	87
277	#FFFFFF	#D3D3D3	87
278	#FFFFFF	#D3D3D3	87
279	#FFFFFF	#D3D3D3	87
280	#FFFFFF	#D3D3D3	87
281	#FFFFFF	#D3D3D3	87
282	#FFFFFF	#D3D3D3	87
283	#FFFFFF	#D3D3D3	87
284	#FFFFFF	#D3D3D3	34
285	#FFFFFF	#D3D3D3	34
286	#FFFFFF	#D3D3D3	34
287	#FFFFFF	#D3D3D3	34
288	#FFFFFF	#D3D3D3	87
289	#FFFFFF	#D3D3D3	34
290	#FFFFFF	#D3D3D3	34
291	#FFFFFF	#D3D3D3	34
292	#FFFFFF	#D3D3D3	34
293	#FFFFFF	#D3D3D3	34
294	#FFFFFF	#D3D3D3	34
295	#FFFFFF	#D3D3D3	34
296	#FFFFFF	#D3D3D3	34
299	#FFFFFF	#D3D3D3	87
300	#FFFFFF	#D3D3D3	87
301	#FFFFFF	#D3D3D3	87
302	#FFFFFF	#D3D3D3	87
303	#FFFFFF	#D3D3D3	87
305	#FFFFFF	#D3D3D3	87
306	#FFFFFF	#D3D3D3	87
307	#FFFFFF	#D3D3D3	87
308	#FFFFFF	#D3D3D3	87
309	#FFFFFF	#D3D3D3	87
310	#FFFFFF	#D3D3D3	87
311	#FFFFFF	#D3D3D3	87
312	#FFFFFF	#D3D3D3	87
313	#FFFFFF	#D3D3D3	87
314	#FFFFFF	#D3D3D3	87
315	#FFFFFF	#D3D3D3	87
316	#FFFFFF	#D3D3D3	87
317	#FFFFFF	#D3D3D3	87
318	#FFFFFF	#D3D3D3	87
319	#FFFFFF	#D3D3D3	87
320	#FFFFFF	#D3D3D3	87
321	#FFFFFF	#D3D3D3	87
322	#FFFFFF	#D3D3D3	87
323	#FFFFFF	#D3D3D3	87
324	#FFFFFF	#D3D3D3	87
325	#FFFFFF	#D3D3D3	87
326	#FFFFFF	#D3D3D3	87
327	#FFFFFF	#D3D3D3	87
328	#FFFFFF	#D3D3D3	87
329	#FFFFFF	#D3D3D3	87
330	#FFFFFF	#D3D3D3	87
331	#FFFFFF	#D3D3D3	87
332	#FFFFFF	#D3D3D3	87
333	#FFFFFF	#D3D3D3	87
334	#FFFFFF	#D3D3D3	34
335	#FFFFFF	#D3D3D3	34
336	#FFFFFF	#D3D3D3	34
337	#FFFFFF	#D3D3D3	34
338	#FFFFFF	#D3D3D3	34
339	#FFFFFF	#D3D3D3	87
340	#FFFFFF	#D3D3D3	34
341	#FFFFFF	#D3D3D3	34
342	#FFFFFF	#D3D3D3	34
343	#FFFFFF	#D3D3D3	34
344	#FFFFFF	#D3D3D3	34
345	#FFFFFF	#D3D3D3	34
346	#FFFFFF	#D3D3D3	34
347	#FFFFFF	#D3D3D3	34
349	#FFFFFF	#D3D3D3	87
350	#FFFFFF	#D3D3D3	87
351	#FFFFFF	#D3D3D3	87
352	#FFFFFF	#D3D3D3	87
353	#FFFFFF	#D3D3D3	87
355	#FFFFFF	#D3D3D3	87
356	#FFFFFF	#D3D3D3	87
357	#FFFFFF	#D3D3D3	87
358	#FFFFFF	#D3D3D3	87
359	#FFFFFF	#D3D3D3	87
360	#FFFFFF	#D3D3D3	87
361	#FFFFFF	#D3D3D3	87
362	#FFFFFF	#D3D3D3	87
363	#FFFFFF	#D3D3D3	87
364	#FFFFFF	#D3D3D3	87
365	#FFFFFF	#D3D3D3	87
366	#FFFFFF	#D3D3D3	87
367	#FFFFFF	#D3D3D3	87
368	#FFFFFF	#D3D3D3	87
369	#FFFFFF	#D3D3D3	87
370	#FFFFFF	#D3D3D3	87
371	#FFFFFF	#D3D3D3	87
372	#FFFFFF	#D3D3D3	87
373	#FFFFFF	#D3D3D3	87
374	#FFFFFF	#D3D3D3	87
375	#FFFFFF	#D3D3D3	87
376	#FFFFFF	#D3D3D3	87
377	#FFFFFF	#D3D3D3	87
378	#FFFFFF	#D3D3D3	87
379	#FFFFFF	#D3D3D3	87
380	#FFFFFF	#D3D3D3	87
381	#FFFFFF	#D3D3D3	87
382	#FFFFFF	#D3D3D3	34
383	#FFFFFF	#D3D3D3	87
384	#FFFFFF	#D3D3D3	34
385	#FFFFFF	#D3D3D3	34
386	#FFFFFF	#D3D3D3	34
387	#FFFFFF	#D3D3D3	34
388	#FFFFFF	#D3D3D3	34
389	#FFFFFF	#D3D3D3	87
390	#FFFFFF	#D3D3D3	34
391	#FFFFFF	#D3D3D3	34
392	#FFFFFF	#D3D3D3	34
393	#FFFFFF	#D3D3D3	34
394	#FFFFFF	#D3D3D3	34
395	#FFFFFF	#D3D3D3	34
396	#FFFFFF	#D3D3D3	34
397	#FFFFFF	#D3D3D3	34
398	#FFFFFF	#D3D3D3	34
400	#FFFFFF	#D3D3D3	87
401	#FFFFFF	#D3D3D3	87
402	#FFFFFF	#D3D3D3	87
403	#FFFFFF	#D3D3D3	87
404	#FFFFFF	#D3D3D3	87
406	#FFFFFF	#D3D3D3	87
407	#FFFFFF	#D3D3D3	87
408	#FFFFFF	#D3D3D3	87
409	#FFFFFF	#D3D3D3	87
410	#FFFFFF	#D3D3D3	87
411	#FFFFFF	#D3D3D3	87
412	#FFFFFF	#D3D3D3	87
413	#FFFFFF	#D3D3D3	87
414	#FFFFFF	#D3D3D3	87
415	#FFFFFF	#D3D3D3	87
416	#FFFFFF	#D3D3D3	87
417	#FFFFFF	#D3D3D3	87
418	#FFFFFF	#D3D3D3	87
419	#FFFFFF	#D3D3D3	87
420	#FFFFFF	#D3D3D3	87
421	#FFFFFF	#D3D3D3	87
422	#FFFFFF	#D3D3D3	87
423	#FFFFFF	#D3D3D3	87
424	#FFFFFF	#D3D3D3	87
425	#FFFFFF	#D3D3D3	87
426	#FFFFFF	#D3D3D3	87
427	#FFFFFF	#D3D3D3	87
428	#FFFFFF	#D3D3D3	87
429	#FFFFFF	#D3D3D3	87
430	#FFFFFF	#D3D3D3	87
431	#FFFFFF	#D3D3D3	87
432	#FFFFFF	#D3D3D3	34
433	#FFFFFF	#D3D3D3	34
434	#FFFFFF	#D3D3D3	34
435	#FFFFFF	#D3D3D3	34
436	#FFFFFF	#D3D3D3	34
437	#FFFFFF	#D3D3D3	34
438	#FFFFFF	#D3D3D3	34
439	#FFFFFF	#D3D3D3	34
440	#FFFFFF	#D3D3D3	87
441	#FFFFFF	#D3D3D3	34
442	#FFFFFF	#D3D3D3	34
443	#FFFFFF	#D3D3D3	34
444	#FFFFFF	#D3D3D3	34
445	#FFFFFF	#D3D3D3	34
446	#FFFFFF	#D3D3D3	34
447	#FFFFFF	#D3D3D3	34
448	#FFFFFF	#D3D3D3	34
449	#FFFFFF	#D3D3D3	34
450	#FFFFFF	#D3D3D3	87
451	#FFFFFF	#D3D3D3	87
452	#FFFFFF	#D3D3D3	87
453	#FFFFFF	#D3D3D3	87
454	#FFFFFF	#D3D3D3	87
456	#FFFFFF	#D3D3D3	87
457	#FFFFFF	#D3D3D3	87
458	#FFFFFF	#D3D3D3	87
459	#FFFFFF	#D3D3D3	87
460	#FFFFFF	#D3D3D3	87
461	#FFFFFF	#D3D3D3	87
462	#FFFFFF	#D3D3D3	87
463	#FFFFFF	#D3D3D3	87
464	#FFFFFF	#D3D3D3	87
465	#FFFFFF	#D3D3D3	87
466	#FFFFFF	#D3D3D3	87
467	#FFFFFF	#D3D3D3	87
468	#FFFFFF	#D3D3D3	87
469	#FFFFFF	#D3D3D3	87
470	#FFFFFF	#D3D3D3	87
471	#FFFFFF	#D3D3D3	87
472	#FFFFFF	#D3D3D3	87
473	#FFFFFF	#D3D3D3	87
474	#FFFFFF	#D3D3D3	87
475	#FFFFFF	#D3D3D3	87
476	#FFFFFF	#D3D3D3	87
477	#FFFFFF	#D3D3D3	87
478	#FFFFFF	#D3D3D3	87
479	#FFFFFF	#D3D3D3	87
480	#FFFFFF	#D3D3D3	87
481	#FFFFFF	#D3D3D3	87
482	#FFFFFF	#D3D3D3	87
483	#FFFFFF	#D3D3D3	34
484	#FFFFFF	#D3D3D3	34
485	#FFFFFF	#D3D3D3	34
486	#FFFFFF	#D3D3D3	34
487	#FFFFFF	#D3D3D3	34
488	#FFFFFF	#D3D3D3	34
489	#FFFFFF	#D3D3D3	34
490	#FFFFFF	#D3D3D3	87
491	#FFFFFF	#D3D3D3	34
492	#FFFFFF	#D3D3D3	34
493	#FFFFFF	#D3D3D3	34
494	#FFFFFF	#D3D3D3	34
495	#FFFFFF	#D3D3D3	34
496	#FFFFFF	#D3D3D3	34
497	#FFFFFF	#D3D3D3	34
498	#FFFFFF	#D3D3D3	34
499	#FFFFFF	#D3D3D3	34
500	#FFFFFF	#D3D3D3	34
501	#FFFFFF	#D3D3D3	87
502	#FFFFFF	#D3D3D3	87
503	#FFFFFF	#D3D3D3	87
504	#FFFFFF	#D3D3D3	87
505	#FFFFFF	#D3D3D3	87
507	#FFFFFF	#D3D3D3	87
508	#FFFFFF	#D3D3D3	87
509	#FFFFFF	#D3D3D3	87
510	#FFFFFF	#D3D3D3	87
511	#FFFFFF	#D3D3D3	87
512	#FFFFFF	#D3D3D3	87
513	#FFFFFF	#D3D3D3	87
514	#FFFFFF	#D3D3D3	87
515	#FFFFFF	#D3D3D3	87
516	#FFFFFF	#D3D3D3	87
517	#FFFFFF	#D3D3D3	87
518	#FFFFFF	#D3D3D3	87
519	#FFFFFF	#D3D3D3	87
520	#FFFFFF	#D3D3D3	87
521	#FFFFFF	#D3D3D3	87
522	#FFFFFF	#D3D3D3	87
523	#FFFFFF	#D3D3D3	87
524	#FFFFFF	#D3D3D3	87
525	#FFFFFF	#D3D3D3	87
526	#FFFFFF	#D3D3D3	87
527	#FFFFFF	#D3D3D3	87
528	#FFFFFF	#D3D3D3	87
529	#FFFFFF	#D3D3D3	87
530	#FFFFFF	#D3D3D3	87
531	#FFFFFF	#D3D3D3	87
532	#FFFFFF	#D3D3D3	87
533	#FFFFFF	#D3D3D3	34
534	#FFFFFF	#D3D3D3	34
535	#FFFFFF	#D3D3D3	34
536	#FFFFFF	#D3D3D3	34
537	#FFFFFF	#D3D3D3	34
538	#FFFFFF	#D3D3D3	34
539	#FFFFFF	#D3D3D3	34
540	#FFFFFF	#D3D3D3	34
541	#FFFFFF	#D3D3D3	87
542	#FFFFFF	#D3D3D3	34
543	#FFFFFF	#D3D3D3	34
544	#FFFFFF	#D3D3D3	34
545	#FFFFFF	#D3D3D3	34
546	#FFFFFF	#D3D3D3	34
547	#FFFFFF	#D3D3D3	34
548	#FFFFFF	#D3D3D3	34
549	#FFFFFF	#D3D3D3	34
550	#FFFFFF	#D3D3D3	34
551	#FFFFFF	#D3D3D3	87
552	#FFFFFF	#D3D3D3	87
553	#FFFFFF	#D3D3D3	87
554	#FFFFFF	#D3D3D3	87
555	#FFFFFF	#D3D3D3	87
557	#FFFFFF	#D3D3D3	87
558	#FFFFFF	#D3D3D3	87
559	#FFFFFF	#D3D3D3	87
560	#FFFFFF	#D3D3D3	87
561	#FFFFFF	#D3D3D3	87
562	#FFFFFF	#D3D3D3	87
563	#FFFFFF	#D3D3D3	87
564	#FFFFFF	#D3D3D3	87
565	#FFFFFF	#D3D3D3	87
566	#FFFFFF	#D3D3D3	87
567	#FFFFFF	#D3D3D3	87
568	#FFFFFF	#D3D3D3	87
569	#FFFFFF	#D3D3D3	87
570	#FFFFFF	#D3D3D3	87
571	#FFFFFF	#D3D3D3	87
572	#FFFFFF	#D3D3D3	87
573	#FFFFFF	#D3D3D3	87
574	#FFFFFF	#D3D3D3	87
575	#FFFFFF	#D3D3D3	87
576	#FFFFFF	#D3D3D3	87
577	#FFFFFF	#D3D3D3	87
578	#FFFFFF	#D3D3D3	87
579	#FFFFFF	#D3D3D3	87
580	#FFFFFF	#D3D3D3	87
581	#FFFFFF	#D3D3D3	87
582	#FFFFFF	#D3D3D3	87
583	#FFFFFF	#D3D3D3	34
584	#FFFFFF	#D3D3D3	34
585	#FFFFFF	#D3D3D3	87
586	#FFFFFF	#D3D3D3	34
587	#FFFFFF	#D3D3D3	34
588	#FFFFFF	#D3D3D3	34
589	#FFFFFF	#D3D3D3	34
590	#FFFFFF	#D3D3D3	34
591	#FFFFFF	#D3D3D3	87
592	#FFFFFF	#D3D3D3	34
593	#FFFFFF	#D3D3D3	34
594	#FFFFFF	#D3D3D3	34
595	#FFFFFF	#D3D3D3	34
596	#FFFFFF	#D3D3D3	34
597	#FFFFFF	#D3D3D3	34
598	#FFFFFF	#D3D3D3	34
599	#FFFFFF	#D3D3D3	34
600	#FFFFFF	#D3D3D3	34
601	#FFFFFF	#D3D3D3	34
602	#FFFFFF	#D3D3D3	87
603	#FFFFFF	#D3D3D3	87
604	#FFFFFF	#D3D3D3	87
605	#FFFFFF	#D3D3D3	87
606	#FFFFFF	#D3D3D3	87
608	#FFFFFF	#D3D3D3	87
609	#FFFFFF	#D3D3D3	87
610	#FFFFFF	#D3D3D3	87
611	#FFFFFF	#D3D3D3	87
612	#FFFFFF	#D3D3D3	87
613	#FFFFFF	#D3D3D3	87
614	#FFFFFF	#D3D3D3	87
615	#FFFFFF	#D3D3D3	87
616	#FFFFFF	#D3D3D3	87
617	#FFFFFF	#D3D3D3	87
618	#FFFFFF	#D3D3D3	87
619	#FFFFFF	#D3D3D3	87
620	#FFFFFF	#D3D3D3	87
621	#FFFFFF	#D3D3D3	87
622	#FFFFFF	#D3D3D3	87
623	#FFFFFF	#D3D3D3	87
624	#FFFFFF	#D3D3D3	87
625	#FFFFFF	#D3D3D3	87
626	#FFFFFF	#D3D3D3	87
627	#FFFFFF	#D3D3D3	87
628	#FFFFFF	#D3D3D3	87
629	#FFFFFF	#D3D3D3	87
630	#FFFFFF	#D3D3D3	87
631	#FFFFFF	#D3D3D3	87
632	#FFFFFF	#D3D3D3	87
633	#FFFFFF	#D3D3D3	87
634	#FFFFFF	#D3D3D3	34
635	#FFFFFF	#D3D3D3	34
636	#FFFFFF	#D3D3D3	87
637	#FFFFFF	#D3D3D3	34
638	#FFFFFF	#D3D3D3	34
639	#FFFFFF	#D3D3D3	34
640	#FFFFFF	#D3D3D3	34
641	#FFFFFF	#D3D3D3	34
642	#FFFFFF	#D3D3D3	87
643	#FFFFFF	#D3D3D3	34
644	#FFFFFF	#D3D3D3	34
645	#FFFFFF	#D3D3D3	34
646	#FFFFFF	#D3D3D3	34
647	#FFFFFF	#D3D3D3	34
648	#FFFFFF	#D3D3D3	34
649	#FFFFFF	#D3D3D3	34
650	#FFFFFF	#D3D3D3	34
651	#FFFFFF	#D3D3D3	34
652	#FFFFFF	#D3D3D3	87
653	#FFFFFF	#D3D3D3	87
654	#FFFFFF	#D3D3D3	87
655	#FFFFFF	#D3D3D3	87
656	#FFFFFF	#D3D3D3	87
658	#FFFFFF	#D3D3D3	87
659	#FFFFFF	#D3D3D3	87
660	#FFFFFF	#D3D3D3	87
661	#FFFFFF	#D3D3D3	87
662	#FFFFFF	#D3D3D3	87
663	#FFFFFF	#D3D3D3	87
664	#FFFFFF	#D3D3D3	87
665	#FFFFFF	#D3D3D3	87
666	#FFFFFF	#D3D3D3	87
667	#FFFFFF	#D3D3D3	87
668	#FFFFFF	#D3D3D3	87
669	#FFFFFF	#D3D3D3	87
670	#FFFFFF	#D3D3D3	87
671	#FFFFFF	#D3D3D3	87
672	#FFFFFF	#D3D3D3	87
673	#FFFFFF	#D3D3D3	87
674	#FFFFFF	#D3D3D3	87
675	#FFFFFF	#D3D3D3	87
676	#FFFFFF	#D3D3D3	87
677	#FFFFFF	#D3D3D3	87
678	#FFFFFF	#D3D3D3	87
679	#FFFFFF	#D3D3D3	87
680	#FFFFFF	#D3D3D3	87
681	#FFFFFF	#D3D3D3	87
682	#FFFFFF	#D3D3D3	87
683	#FFFFFF	#D3D3D3	87
684	#FFFFFF	#D3D3D3	34
685	#FFFFFF	#D3D3D3	34
686	#FFFFFF	#D3D3D3	87
687	#FFFFFF	#D3D3D3	87
688	#FFFFFF	#D3D3D3	87
689	#FFFFFF	#D3D3D3	34
690	#FFFFFF	#D3D3D3	34
691	#FFFFFF	#D3D3D3	34
692	#FFFFFF	#D3D3D3	87
693	#FFFFFF	#D3D3D3	34
694	#FFFFFF	#D3D3D3	34
695	#FFFFFF	#D3D3D3	34
696	#FFFFFF	#D3D3D3	34
697	#FFFFFF	#D3D3D3	34
698	#FFFFFF	#D3D3D3	34
699	#FFFFFF	#D3D3D3	34
700	#FFFFFF	#D3D3D3	34
701	#FFFFFF	#D3D3D3	34
702	#FFFFFF	#D3D3D3	34
703	#FFFFFF	#D3D3D3	87
704	#FFFFFF	#D3D3D3	87
705	#FFFFFF	#D3D3D3	87
706	#FFFFFF	#D3D3D3	87
707	#FFFFFF	#D3D3D3	87
709	#FFFFFF	#D3D3D3	87
710	#FFFFFF	#D3D3D3	87
711	#FFFFFF	#D3D3D3	87
712	#FFFFFF	#D3D3D3	87
713	#FFFFFF	#D3D3D3	87
714	#FFFFFF	#D3D3D3	87
715	#FFFFFF	#D3D3D3	87
716	#FFFFFF	#D3D3D3	87
717	#FFFFFF	#D3D3D3	87
718	#FFFFFF	#D3D3D3	87
719	#FFFFFF	#D3D3D3	87
720	#FFFFFF	#D3D3D3	87
721	#FFFFFF	#D3D3D3	87
722	#FFFFFF	#D3D3D3	87
723	#FFFFFF	#D3D3D3	87
724	#FFFFFF	#D3D3D3	87
725	#FFFFFF	#D3D3D3	87
726	#FFFFFF	#D3D3D3	87
727	#FFFFFF	#D3D3D3	87
728	#FFFFFF	#D3D3D3	87
729	#FFFFFF	#D3D3D3	87
730	#FFFFFF	#D3D3D3	87
731	#FFFFFF	#D3D3D3	87
732	#FFFFFF	#D3D3D3	87
733	#FFFFFF	#D3D3D3	87
734	#FFFFFF	#D3D3D3	34
735	#FFFFFF	#D3D3D3	34
736	#FFFFFF	#D3D3D3	87
737	#FFFFFF	#D3D3D3	87
738	#FFFFFF	#D3D3D3	87
739	#FFFFFF	#D3D3D3	34
740	#FFFFFF	#D3D3D3	34
741	#FFFFFF	#D3D3D3	34
742	#FFFFFF	#D3D3D3	34
743	#FFFFFF	#D3D3D3	87
744	#FFFFFF	#D3D3D3	34
745	#FFFFFF	#D3D3D3	34
746	#FFFFFF	#D3D3D3	34
747	#FFFFFF	#D3D3D3	34
748	#FFFFFF	#D3D3D3	34
749	#FFFFFF	#D3D3D3	34
750	#FFFFFF	#D3D3D3	34
751	#FFFFFF	#D3D3D3	34
752	#FFFFFF	#D3D3D3	34
753	#FFFFFF	#D3D3D3	87
754	#FFFFFF	#D3D3D3	87
755	#FFFFFF	#D3D3D3	87
756	#FFFFFF	#D3D3D3	87
757	#FFFFFF	#D3D3D3	87
759	#FFFFFF	#D3D3D3	87
760	#FFFFFF	#D3D3D3	87
761	#FFFFFF	#D3D3D3	87
762	#FFFFFF	#D3D3D3	87
763	#FFFFFF	#D3D3D3	87
764	#FFFFFF	#D3D3D3	87
765	#FFFFFF	#D3D3D3	87
766	#FFFFFF	#D3D3D3	87
767	#FFFFFF	#D3D3D3	87
768	#FFFFFF	#D3D3D3	87
769	#FFFFFF	#D3D3D3	87
770	#FFFFFF	#D3D3D3	87
771	#FFFFFF	#D3D3D3	87
772	#FFFFFF	#D3D3D3	87
773	#FFFFFF	#D3D3D3	87
774	#FFFFFF	#D3D3D3	87
775	#FFFFFF	#D3D3D3	87
776	#FFFFFF	#D3D3D3	87
777	#FFFFFF	#D3D3D3	87
778	#FFFFFF	#D3D3D3	87
779	#FFFFFF	#D3D3D3	87
780	#FFFFFF	#D3D3D3	87
781	#FFFFFF	#D3D3D3	87
782	#FFFFFF	#D3D3D3	87
783	#FFFFFF	#D3D3D3	87
784	#FFFFFF	#D3D3D3	34
785	#FFFFFF	#D3D3D3	34
786	#FFFFFF	#D3D3D3	34
787	#FFFFFF	#D3D3D3	87
788	#FFFFFF	#D3D3D3	34
789	#FFFFFF	#D3D3D3	87
790	#FFFFFF	#D3D3D3	34
791	#FFFFFF	#D3D3D3	34
792	#FFFFFF	#D3D3D3	34
793	#FFFFFF	#D3D3D3	87
794	#FFFFFF	#D3D3D3	34
795	#FFFFFF	#D3D3D3	34
796	#FFFFFF	#D3D3D3	34
797	#FFFFFF	#D3D3D3	34
798	#FFFFFF	#D3D3D3	34
799	#FFFFFF	#D3D3D3	34
800	#FFFFFF	#D3D3D3	34
801	#FFFFFF	#D3D3D3	34
802	#FFFFFF	#D3D3D3	34
803	#FFFFFF	#D3D3D3	34
804	#FFFFFF	#D3D3D3	87
805	#FFFFFF	#D3D3D3	87
806	#FFFFFF	#D3D3D3	87
807	#FFFFFF	#D3D3D3	87
808	#FFFFFF	#D3D3D3	87
810	#FFFFFF	#D3D3D3	87
811	#FFFFFF	#D3D3D3	87
812	#FFFFFF	#D3D3D3	87
813	#FFFFFF	#D3D3D3	87
814	#FFFFFF	#D3D3D3	87
815	#FFFFFF	#D3D3D3	87
816	#FFFFFF	#D3D3D3	87
817	#FFFFFF	#D3D3D3	87
818	#FFFFFF	#D3D3D3	87
819	#FFFFFF	#D3D3D3	87
820	#FFFFFF	#D3D3D3	87
821	#FFFFFF	#D3D3D3	87
822	#FFFFFF	#D3D3D3	87
823	#FFFFFF	#D3D3D3	87
824	#FFFFFF	#D3D3D3	87
825	#FFFFFF	#D3D3D3	87
826	#FFFFFF	#D3D3D3	87
827	#FFFFFF	#D3D3D3	87
828	#FFFFFF	#D3D3D3	87
829	#FFFFFF	#D3D3D3	87
830	#FFFFFF	#D3D3D3	87
831	#FFFFFF	#D3D3D3	87
832	#FFFFFF	#D3D3D3	87
833	#FFFFFF	#D3D3D3	87
834	#FFFFFF	#D3D3D3	87
835	#FFFFFF	#D3D3D3	34
836	#FFFFFF	#D3D3D3	34
837	#FFFFFF	#D3D3D3	87
838	#FFFFFF	#D3D3D3	34
839	#FFFFFF	#D3D3D3	87
840	#FFFFFF	#D3D3D3	34
841	#FFFFFF	#D3D3D3	34
842	#FFFFFF	#D3D3D3	34
843	#FFFFFF	#D3D3D3	34
844	#FFFFFF	#D3D3D3	87
845	#FFFFFF	#D3D3D3	34
846	#FFFFFF	#D3D3D3	34
847	#FFFFFF	#D3D3D3	34
848	#FFFFFF	#D3D3D3	34
849	#FFFFFF	#D3D3D3	34
850	#FFFFFF	#D3D3D3	34
851	#FFFFFF	#D3D3D3	34
852	#FFFFFF	#D3D3D3	34
853	#FFFFFF	#D3D3D3	34
854	#FFFFFF	#D3D3D3	87
855	#FFFFFF	#D3D3D3	87
856	#FFFFFF	#D3D3D3	87
857	#FFFFFF	#D3D3D3	87
858	#FFFFFF	#D3D3D3	87
860	#FFFFFF	#D3D3D3	87
861	#FFFFFF	#D3D3D3	87
862	#FFFFFF	#D3D3D3	87
863	#FFFFFF	#D3D3D3	87
864	#FFFFFF	#D3D3D3	87
865	#FFFFFF	#D3D3D3	87
866	#FFFFFF	#D3D3D3	87
867	#FFFFFF	#D3D3D3	87
868	#FFFFFF	#D3D3D3	87
869	#FFFFFF	#D3D3D3	87
870	#FFFFFF	#D3D3D3	87
871	#FFFFFF	#D3D3D3	87
872	#FFFFFF	#D3D3D3	87
873	#FFFFFF	#D3D3D3	87
874	#FFFFFF	#D3D3D3	87
875	#FFFFFF	#D3D3D3	87
876	#FFFFFF	#D3D3D3	87
877	#FFFFFF	#D3D3D3	87
878	#FFFFFF	#D3D3D3	87
879	#FFFFFF	#D3D3D3	87
880	#FFFFFF	#D3D3D3	87
881	#FFFFFF	#D3D3D3	87
882	#FFFFFF	#D3D3D3	87
883	#FFFFFF	#D3D3D3	87
884	#FFFFFF	#D3D3D3	87
885	#FFFFFF	#D3D3D3	87
886	#FFFFFF	#D3D3D3	87
887	#FFFFFF	#D3D3D3	87
888	#FFFFFF	#D3D3D3	87
889	#FFFFFF	#D3D3D3	34
890	#FFFFFF	#D3D3D3	34
891	#FFFFFF	#D3D3D3	34
892	#FFFFFF	#D3D3D3	34
893	#FFFFFF	#D3D3D3	34
894	#FFFFFF	#D3D3D3	87
895	#FFFFFF	#D3D3D3	34
896	#FFFFFF	#D3D3D3	34
897	#FFFFFF	#D3D3D3	34
898	#FFFFFF	#D3D3D3	34
899	#FFFFFF	#D3D3D3	34
900	#FFFFFF	#D3D3D3	34
901	#FFFFFF	#D3D3D3	34
902	#FFFFFF	#D3D3D3	34
903	#FFFFFF	#D3D3D3	34
904	#FFFFFF	#D3D3D3	34
905	#FFFFFF	#D3D3D3	87
906	#FFFFFF	#D3D3D3	87
907	#FFFFFF	#D3D3D3	87
908	#FFFFFF	#D3D3D3	87
909	#FFFFFF	#D3D3D3	87
911	#FFFFFF	#D3D3D3	87
912	#FFFFFF	#D3D3D3	87
913	#FFFFFF	#D3D3D3	87
914	#FFFFFF	#D3D3D3	87
915	#FFFFFF	#D3D3D3	87
916	#FFFFFF	#D3D3D3	87
917	#FFFFFF	#D3D3D3	87
918	#FFFFFF	#D3D3D3	87
919	#FFFFFF	#D3D3D3	87
920	#FFFFFF	#D3D3D3	87
921	#FFFFFF	#D3D3D3	87
922	#FFFFFF	#D3D3D3	87
923	#FFFFFF	#D3D3D3	87
924	#FFFFFF	#D3D3D3	87
925	#FFFFFF	#D3D3D3	87
926	#FFFFFF	#D3D3D3	87
927	#FFFFFF	#D3D3D3	87
928	#FFFFFF	#D3D3D3	87
929	#FFFFFF	#D3D3D3	87
930	#FFFFFF	#D3D3D3	87
931	#FFFFFF	#D3D3D3	87
932	#FFFFFF	#D3D3D3	34
933	#FFFFFF	#D3D3D3	34
934	#FFFFFF	#D3D3D3	87
935	#FFFFFF	#D3D3D3	87
936	#FFFFFF	#D3D3D3	87
937	#FFFFFF	#D3D3D3	87
938	#FFFFFF	#D3D3D3	87
939	#FFFFFF	#D3D3D3	87
940	#FFFFFF	#D3D3D3	34
941	#FFFFFF	#D3D3D3	34
942	#FFFFFF	#D3D3D3	34
943	#FFFFFF	#D3D3D3	34
944	#FFFFFF	#D3D3D3	34
945	#FFFFFF	#D3D3D3	87
946	#FFFFFF	#D3D3D3	34
947	#FFFFFF	#D3D3D3	34
948	#FFFFFF	#D3D3D3	34
949	#FFFFFF	#D3D3D3	34
950	#FFFFFF	#D3D3D3	34
951	#FFFFFF	#D3D3D3	34
952	#FFFFFF	#D3D3D3	34
953	#FFFFFF	#D3D3D3	34
954	#FFFFFF	#D3D3D3	34
955	#FFFFFF	#D3D3D3	87
956	#FFFFFF	#D3D3D3	87
957	#FFFFFF	#D3D3D3	87
958	#FFFFFF	#D3D3D3	87
959	#FFFFFF	#D3D3D3	87
961	#FFFFFF	#D3D3D3	87
962	#FFFFFF	#D3D3D3	87
963	#FFFFFF	#D3D3D3	87
964	#FFFFFF	#D3D3D3	87
965	#FFFFFF	#D3D3D3	87
966	#FFFFFF	#D3D3D3	87
967	#FFFFFF	#D3D3D3	87
968	#FFFFFF	#D3D3D3	87
969	#FFFFFF	#D3D3D3	87
970	#FFFFFF	#D3D3D3	87
971	#FFFFFF	#D3D3D3	87
972	#FFFFFF	#D3D3D3	87
973	#FFFFFF	#D3D3D3	87
974	#FFFFFF	#D3D3D3	87
975	#FFFFFF	#D3D3D3	87
976	#FFFFFF	#D3D3D3	87
977	#FFFFFF	#D3D3D3	87
978	#FFFFFF	#D3D3D3	87
979	#FFFFFF	#D3D3D3	87
980	#FFFFFF	#D3D3D3	87
981	#FFFFFF	#D3D3D3	87
982	#FFFFFF	#D3D3D3	87
983	#FFFFFF	#D3D3D3	34
984	#FFFFFF	#D3D3D3	87
985	#FFFFFF	#D3D3D3	34
986	#FFFFFF	#D3D3D3	87
987	#FFFFFF	#D3D3D3	87
988	#FFFFFF	#D3D3D3	87
989	#FFFFFF	#D3D3D3	87
990	#FFFFFF	#D3D3D3	87
991	#FFFFFF	#D3D3D3	34
992	#FFFFFF	#D3D3D3	34
993	#FFFFFF	#D3D3D3	34
994	#FFFFFF	#D3D3D3	34
995	#FFFFFF	#D3D3D3	87
996	#FFFFFF	#D3D3D3	34
997	#FFFFFF	#D3D3D3	34
998	#FFFFFF	#D3D3D3	34
999	#FFFFFF	#D3D3D3	34
1000	#FFFFFF	#D3D3D3	34
1001	#FFFFFF	#D3D3D3	34
1002	#FFFFFF	#D3D3D3	34
1003	#FFFFFF	#D3D3D3	34
1004	#FFFFFF	#D3D3D3	34
1005	#FFFFFF	#D3D3D3	34
1006	#FFFFFF	#D3D3D3	87
1007	#FFFFFF	#D3D3D3	87
1008	#FFFFFF	#D3D3D3	87
1009	#FFFFFF	#D3D3D3	87
1010	#FFFFFF	#D3D3D3	87
1012	#FFFFFF	#D3D3D3	87
1013	#FFFFFF	#D3D3D3	87
1014	#FFFFFF	#D3D3D3	87
1015	#FFFFFF	#D3D3D3	87
1016	#FFFFFF	#D3D3D3	87
1017	#FFFFFF	#D3D3D3	87
1018	#FFFFFF	#D3D3D3	87
1019	#FFFFFF	#D3D3D3	87
1020	#FFFFFF	#D3D3D3	87
1021	#FFFFFF	#D3D3D3	87
1022	#FFFFFF	#D3D3D3	87
1023	#FFFFFF	#D3D3D3	87
1024	#FFFFFF	#D3D3D3	87
1025	#FFFFFF	#D3D3D3	87
1026	#FFFFFF	#D3D3D3	87
1027	#FFFFFF	#D3D3D3	87
1028	#FFFFFF	#D3D3D3	87
1029	#FFFFFF	#D3D3D3	87
1030	#FFFFFF	#D3D3D3	87
1031	#FFFFFF	#D3D3D3	87
1032	#FFFFFF	#D3D3D3	87
1033	#FFFFFF	#D3D3D3	87
1034	#FFFFFF	#D3D3D3	34
1035	#FFFFFF	#D3D3D3	87
1036	#FFFFFF	#D3D3D3	34
1037	#FFFFFF	#D3D3D3	34
1038	#FFFFFF	#D3D3D3	87
1039	#FFFFFF	#D3D3D3	34
1040	#FFFFFF	#D3D3D3	34
1041	#FFFFFF	#D3D3D3	34
1042	#FFFFFF	#D3D3D3	34
1043	#FFFFFF	#D3D3D3	34
1044	#FFFFFF	#D3D3D3	34
1045	#FFFFFF	#D3D3D3	34
1046	#FFFFFF	#D3D3D3	87
1047	#FFFFFF	#D3D3D3	34
1048	#FFFFFF	#D3D3D3	34
1049	#FFFFFF	#D3D3D3	34
1050	#FFFFFF	#D3D3D3	34
1051	#FFFFFF	#D3D3D3	34
1052	#FFFFFF	#D3D3D3	34
1053	#FFFFFF	#D3D3D3	34
1054	#FFFFFF	#D3D3D3	34
1055	#FFFFFF	#D3D3D3	34
1056	#FFFFFF	#D3D3D3	87
1057	#FFFFFF	#D3D3D3	87
1058	#FFFFFF	#D3D3D3	87
1059	#FFFFFF	#D3D3D3	87
1060	#FFFFFF	#D3D3D3	87
1062	#FFFFFF	#D3D3D3	87
1063	#FFFFFF	#D3D3D3	87
1064	#FFFFFF	#D3D3D3	87
1065	#FFFFFF	#D3D3D3	87
1066	#FFFFFF	#D3D3D3	87
1067	#FFFFFF	#D3D3D3	87
1068	#FFFFFF	#D3D3D3	87
1069	#FFFFFF	#D3D3D3	87
1070	#FFFFFF	#D3D3D3	87
1071	#FFFFFF	#D3D3D3	87
1072	#FFFFFF	#D3D3D3	87
1073	#FFFFFF	#D3D3D3	87
1074	#FFFFFF	#D3D3D3	87
1075	#FFFFFF	#D3D3D3	87
1076	#FFFFFF	#D3D3D3	87
1077	#FFFFFF	#D3D3D3	87
1078	#FFFFFF	#D3D3D3	87
1079	#FFFFFF	#D3D3D3	34
1080	#FFFFFF	#D3D3D3	87
1081	#FFFFFF	#D3D3D3	87
1082	#FFFFFF	#D3D3D3	87
1083	#FFFFFF	#D3D3D3	87
1084	#FFFFFF	#D3D3D3	87
1085	#FFFFFF	#D3D3D3	87
1086	#FFFFFF	#D3D3D3	34
1087	#FFFFFF	#D3D3D3	34
1088	#FFFFFF	#D3D3D3	34
1089	#FFFFFF	#D3D3D3	34
1090	#FFFFFF	#D3D3D3	34
1091	#FFFFFF	#D3D3D3	34
1092	#FFFFFF	#D3D3D3	34
1093	#FFFFFF	#D3D3D3	34
1094	#FFFFFF	#D3D3D3	34
1095	#FFFFFF	#D3D3D3	34
1096	#FFFFFF	#D3D3D3	87
1097	#FFFFFF	#D3D3D3	34
1098	#FFFFFF	#D3D3D3	34
1099	#FFFFFF	#D3D3D3	34
1100	#FFFFFF	#D3D3D3	34
1101	#FFFFFF	#D3D3D3	34
1102	#FFFFFF	#D3D3D3	34
1103	#FFFFFF	#D3D3D3	34
1104	#FFFFFF	#D3D3D3	34
1105	#FFFFFF	#D3D3D3	34
1106	#FFFFFF	#D3D3D3	34
1107	#FFFFFF	#D3D3D3	87
1108	#FFFFFF	#D3D3D3	87
1109	#FFFFFF	#D3D3D3	87
1110	#FFFFFF	#D3D3D3	87
1111	#FFFFFF	#D3D3D3	87
1113	#FFFFFF	#D3D3D3	87
1114	#FFFFFF	#D3D3D3	87
1115	#FFFFFF	#D3D3D3	87
1116	#FFFFFF	#D3D3D3	87
1117	#FFFFFF	#D3D3D3	87
1118	#FFFFFF	#D3D3D3	87
1119	#FFFFFF	#D3D3D3	87
1120	#FFFFFF	#D3D3D3	87
1121	#FFFFFF	#D3D3D3	87
1122	#FFFFFF	#D3D3D3	87
1123	#FFFFFF	#D3D3D3	87
1124	#FFFFFF	#D3D3D3	87
1125	#FFFFFF	#D3D3D3	87
1126	#FFFFFF	#D3D3D3	87
1127	#FFFFFF	#D3D3D3	87
1128	#FFFFFF	#D3D3D3	87
1129	#FFFFFF	#D3D3D3	34
1130	#FFFFFF	#D3D3D3	34
1131	#FFFFFF	#D3D3D3	87
1132	#FFFFFF	#D3D3D3	87
1133	#FFFFFF	#D3D3D3	87
1134	#FFFFFF	#D3D3D3	87
1135	#FFFFFF	#D3D3D3	34
1136	#FFFFFF	#D3D3D3	87
1137	#FFFFFF	#D3D3D3	34
1138	#FFFFFF	#D3D3D3	34
1139	#FFFFFF	#D3D3D3	34
1140	#FFFFFF	#D3D3D3	34
1141	#FFFFFF	#D3D3D3	34
1142	#FFFFFF	#D3D3D3	34
1143	#FFFFFF	#D3D3D3	34
1144	#FFFFFF	#D3D3D3	34
1145	#FFFFFF	#D3D3D3	34
1146	#FFFFFF	#D3D3D3	34
1147	#FFFFFF	#D3D3D3	87
1148	#FFFFFF	#D3D3D3	34
1149	#FFFFFF	#D3D3D3	34
1150	#FFFFFF	#D3D3D3	34
1151	#FFFFFF	#D3D3D3	34
1152	#FFFFFF	#D3D3D3	34
1153	#FFFFFF	#D3D3D3	34
1154	#FFFFFF	#D3D3D3	34
1155	#FFFFFF	#D3D3D3	34
1156	#FFFFFF	#D3D3D3	34
1157	#FFFFFF	#D3D3D3	87
1158	#FFFFFF	#D3D3D3	87
1159	#FFFFFF	#D3D3D3	87
1160	#FFFFFF	#D3D3D3	87
1161	#FFFFFF	#D3D3D3	87
1163	#FFFFFF	#D3D3D3	87
1164	#FFFFFF	#D3D3D3	87
1165	#FFFFFF	#D3D3D3	87
1166	#FFFFFF	#D3D3D3	87
1167	#FFFFFF	#D3D3D3	87
1168	#FFFFFF	#D3D3D3	34
1169	#FFFFFF	#D3D3D3	34
1170	#FFFFFF	#D3D3D3	34
1171	#FFFFFF	#D3D3D3	34
1172	#FFFFFF	#D3D3D3	34
1173	#FFFFFF	#D3D3D3	34
1174	#FFFFFF	#D3D3D3	34
1175	#FFFFFF	#D3D3D3	87
1176	#FFFFFF	#D3D3D3	34
1177	#FFFFFF	#D3D3D3	34
1178	#FFFFFF	#D3D3D3	34
1179	#FFFFFF	#D3D3D3	34
1180	#FFFFFF	#D3D3D3	34
1181	#FFFFFF	#D3D3D3	34
1182	#FFFFFF	#D3D3D3	34
1183	#FFFFFF	#D3D3D3	34
1184	#FFFFFF	#D3D3D3	355
1185	#FFFFFF	#D3D3D3	34
1186	#FFFFFF	#D3D3D3	87
1187	#FFFFFF	#D3D3D3	355
1188	#FFFFFF	#D3D3D3	34
1189	#FFFFFF	#D3D3D3	34
1190	#FFFFFF	#D3D3D3	34
1191	#FFFFFF	#D3D3D3	34
1192	#FFFFFF	#D3D3D3	34
1193	#FFFFFF	#D3D3D3	34
1194	#FFFFFF	#D3D3D3	34
1195	#FFFFFF	#D3D3D3	34
1197	#FFFFFF	#D3D3D3	87
1208	#FFFFFF	#D3D3D3	87
1209	#FFFFFF	#D3D3D3	87
1210	#FFFFFF	#D3D3D3	87
1211	#FFFFFF	#D3D3D3	87
1212	#FFFFFF	#D3D3D3	87
1214	#FFFFFF	#D3D3D3	87
1215	#FFFFFF	#D3D3D3	87
1216	#FFFFFF	#D3D3D3	87
1217	#FFFFFF	#D3D3D3	34
1218	#FFFFFF	#D3D3D3	87
1219	#FFFFFF	#D3D3D3	34
1220	#FFFFFF	#D3D3D3	34
1221	#FFFFFF	#D3D3D3	34
1222	#FFFFFF	#D3D3D3	34
1223	#FFFFFF	#D3D3D3	34
1224	#FFFFFF	#D3D3D3	34
1225	#FFFFFF	#D3D3D3	34
1226	#FFFFFF	#D3D3D3	87
1227	#FFFFFF	#D3D3D3	34
1228	#FFFFFF	#D3D3D3	34
1229	#FFFFFF	#D3D3D3	34
1230	#FFFFFF	#D3D3D3	34
1231	#FFFFFF	#D3D3D3	34
1232	#FFFFFF	#D3D3D3	34
1233	#FFFFFF	#D3D3D3	355
1234	#FFFFFF	#D3D3D3	355
1235	#FFFFFF	#D3D3D3	355
1236	#FFFFFF	#D3D3D3	355
1237	#FFFFFF	#D3D3D3	87
1238	#FFFFFF	#D3D3D3	34
1239	#FFFFFF	#D3D3D3	34
1240	#FFFFFF	#D3D3D3	34
1241	#FFFFFF	#D3D3D3	34
1242	#FFFFFF	#D3D3D3	34
1243	#FFFFFF	#D3D3D3	34
1244	#FFFFFF	#D3D3D3	34
1245	#FFFFFF	#D3D3D3	34
1246	#FFFFFF	#D3D3D3	34
1248	#FFFFFF	#D3D3D3	87
1258	#FFFFFF	#D3D3D3	87
1259	#FFFFFF	#D3D3D3	87
1260	#FFFFFF	#D3D3D3	87
1261	#FFFFFF	#D3D3D3	87
1262	#FFFFFF	#D3D3D3	87
1264	#FFFFFF	#D3D3D3	87
1265	#FFFFFF	#D3D3D3	87
1266	#FFFFFF	#D3D3D3	87
1267	#FFFFFF	#D3D3D3	87
1268	#FFFFFF	#D3D3D3	87
1269	#FFFFFF	#D3D3D3	87
1270	#FFFFFF	#D3D3D3	87
1271	#FFFFFF	#D3D3D3	87
1272	#FFFFFF	#D3D3D3	87
1273	#FFFFFF	#D3D3D3	87
1274	#FFFFFF	#D3D3D3	87
1275	#FFFFFF	#D3D3D3	87
1276	#FFFFFF	#D3D3D3	87
1277	#FFFFFF	#D3D3D3	87
1278	#FFFFFF	#D3D3D3	87
1279	#FFFFFF	#D3D3D3	87
1280	#FFFFFF	#D3D3D3	87
1281	#FFFFFF	#D3D3D3	34
1282	#FFFFFF	#D3D3D3	87
1283	#FFFFFF	#D3D3D3	87
1284	#FFFFFF	#D3D3D3	87
1285	#FFFFFF	#D3D3D3	87
1286	#FFFFFF	#D3D3D3	87
1287	#FFFFFF	#D3D3D3	87
1288	#FFFFFF	#D3D3D3	34
1289	#FFFFFF	#D3D3D3	34
1290	#FFFFFF	#D3D3D3	34
1291	#FFFFFF	#D3D3D3	34
1292	#FFFFFF	#D3D3D3	34
1293	#FFFFFF	#D3D3D3	34
1294	#FFFFFF	#D3D3D3	34
1295	#FFFFFF	#D3D3D3	34
1296	#FFFFFF	#D3D3D3	34
1297	#FFFFFF	#D3D3D3	34
1298	#FFFFFF	#D3D3D3	87
1299	#FFFFFF	#D3D3D3	34
1300	#FFFFFF	#D3D3D3	34
1301	#FFFFFF	#D3D3D3	34
1302	#FFFFFF	#D3D3D3	34
1303	#FFFFFF	#D3D3D3	34
1304	#FFFFFF	#D3D3D3	34
1305	#FFFFFF	#D3D3D3	34
1306	#FFFFFF	#D3D3D3	34
1307	#FFFFFF	#D3D3D3	34
1308	#FFFFFF	#D3D3D3	34
1309	#FFFFFF	#D3D3D3	87
1310	#FFFFFF	#D3D3D3	87
1311	#FFFFFF	#D3D3D3	87
1312	#FFFFFF	#D3D3D3	87
1313	#FFFFFF	#D3D3D3	87
1315	#FFFFFF	#D3D3D3	87
1316	#FFFFFF	#D3D3D3	87
1317	#FFFFFF	#D3D3D3	87
1318	#FFFFFF	#D3D3D3	87
1319	#FFFFFF	#D3D3D3	87
1320	#FFFFFF	#D3D3D3	87
1321	#FFFFFF	#D3D3D3	87
1322	#FFFFFF	#D3D3D3	87
1323	#FFFFFF	#D3D3D3	87
1324	#FFFFFF	#D3D3D3	87
1325	#FFFFFF	#D3D3D3	87
1326	#FFFFFF	#D3D3D3	87
1327	#FFFFFF	#D3D3D3	87
1328	#FFFFFF	#D3D3D3	87
1329	#FFFFFF	#D3D3D3	87
1330	#FFFFFF	#D3D3D3	87
1331	#FFFFFF	#D3D3D3	34
1332	#FFFFFF	#D3D3D3	34
1333	#FFFFFF	#D3D3D3	87
1334	#FFFFFF	#D3D3D3	87
1335	#FFFFFF	#D3D3D3	87
1336	#FFFFFF	#D3D3D3	87
1337	#FFFFFF	#D3D3D3	34
1338	#FFFFFF	#D3D3D3	87
1339	#FFFFFF	#D3D3D3	87
1340	#FFFFFF	#D3D3D3	87
1341	#FFFFFF	#D3D3D3	34
1342	#FFFFFF	#D3D3D3	34
1343	#FFFFFF	#D3D3D3	34
1344	#FFFFFF	#D3D3D3	34
1345	#FFFFFF	#D3D3D3	34
1346	#FFFFFF	#D3D3D3	34
1347	#FFFFFF	#D3D3D3	34
1348	#FFFFFF	#D3D3D3	34
1349	#FFFFFF	#D3D3D3	87
1350	#FFFFFF	#D3D3D3	34
1351	#FFFFFF	#D3D3D3	34
1352	#FFFFFF	#D3D3D3	34
1353	#FFFFFF	#D3D3D3	34
1354	#FFFFFF	#D3D3D3	34
1355	#FFFFFF	#D3D3D3	34
1356	#FFFFFF	#D3D3D3	34
1357	#FFFFFF	#D3D3D3	34
1358	#FFFFFF	#D3D3D3	34
1359	#FFFFFF	#D3D3D3	87
1360	#FFFFFF	#D3D3D3	87
1361	#FFFFFF	#D3D3D3	87
1362	#FFFFFF	#D3D3D3	87
1363	#FFFFFF	#D3D3D3	87
1365	#FFFFFF	#D3D3D3	87
1366	#FFFFFF	#D3D3D3	87
1367	#FFFFFF	#D3D3D3	87
1368	#FFFFFF	#D3D3D3	87
1369	#FFFFFF	#D3D3D3	87
1370	#FFFFFF	#D3D3D3	87
1371	#FFFFFF	#D3D3D3	87
1372	#FFFFFF	#D3D3D3	87
1373	#FFFFFF	#D3D3D3	87
1374	#FFFFFF	#D3D3D3	87
1375	#FFFFFF	#D3D3D3	87
1376	#FFFFFF	#D3D3D3	87
1377	#FFFFFF	#D3D3D3	87
1378	#FFFFFF	#D3D3D3	87
1379	#FFFFFF	#D3D3D3	87
1380	#FFFFFF	#D3D3D3	87
1381	#FFFFFF	#D3D3D3	34
1382	#FFFFFF	#D3D3D3	34
1383	#FFFFFF	#D3D3D3	34
1384	#FFFFFF	#D3D3D3	87
1385	#FFFFFF	#D3D3D3	34
1386	#FFFFFF	#D3D3D3	87
1387	#FFFFFF	#D3D3D3	87
1388	#FFFFFF	#D3D3D3	87
1389	#FFFFFF	#D3D3D3	34
1390	#FFFFFF	#D3D3D3	87
1391	#FFFFFF	#D3D3D3	87
1392	#FFFFFF	#D3D3D3	34
1393	#FFFFFF	#D3D3D3	34
1394	#FFFFFF	#D3D3D3	34
1395	#FFFFFF	#D3D3D3	34
1396	#FFFFFF	#D3D3D3	34
1397	#FFFFFF	#D3D3D3	34
1398	#FFFFFF	#D3D3D3	34
1399	#FFFFFF	#D3D3D3	87
1400	#FFFFFF	#D3D3D3	34
1401	#FFFFFF	#D3D3D3	87
1402	#FFFFFF	#D3D3D3	87
1403	#FFFFFF	#D3D3D3	34
1404	#FFFFFF	#D3D3D3	34
1405	#FFFFFF	#D3D3D3	34
1406	#FFFFFF	#D3D3D3	34
1407	#FFFFFF	#D3D3D3	34
1408	#FFFFFF	#D3D3D3	34
1409	#FFFFFF	#D3D3D3	34
1410	#FFFFFF	#D3D3D3	87
1411	#FFFFFF	#D3D3D3	87
1412	#FFFFFF	#D3D3D3	87
1413	#FFFFFF	#D3D3D3	87
1414	#FFFFFF	#D3D3D3	87
1416	#FFFFFF	#D3D3D3	87
1417	#FFFFFF	#D3D3D3	87
1418	#FFFFFF	#D3D3D3	87
1419	#FFFFFF	#D3D3D3	87
1420	#FFFFFF	#D3D3D3	87
1421	#FFFFFF	#D3D3D3	87
1422	#FFFFFF	#D3D3D3	87
1423	#FFFFFF	#D3D3D3	87
1424	#FFFFFF	#D3D3D3	87
1425	#FFFFFF	#D3D3D3	87
1426	#FFFFFF	#D3D3D3	87
1427	#FFFFFF	#D3D3D3	87
1428	#FFFFFF	#D3D3D3	87
1429	#FFFFFF	#D3D3D3	87
1430	#FFFFFF	#D3D3D3	87
1431	#FFFFFF	#D3D3D3	34
1432	#FFFFFF	#D3D3D3	34
1433	#FFFFFF	#D3D3D3	34
1434	#FFFFFF	#D3D3D3	34
1435	#FFFFFF	#D3D3D3	34
1436	#FFFFFF	#D3D3D3	34
1437	#FFFFFF	#D3D3D3	87
1438	#FFFFFF	#D3D3D3	87
1439	#FFFFFF	#D3D3D3	87
1440	#FFFFFF	#D3D3D3	87
1441	#FFFFFF	#D3D3D3	87
1442	#FFFFFF	#D3D3D3	87
1443	#FFFFFF	#D3D3D3	34
1444	#FFFFFF	#D3D3D3	34
1445	#FFFFFF	#D3D3D3	34
1446	#FFFFFF	#D3D3D3	34
1447	#FFFFFF	#D3D3D3	87
1448	#FFFFFF	#D3D3D3	34
1449	#FFFFFF	#D3D3D3	34
1450	#FFFFFF	#D3D3D3	87
1451	#FFFFFF	#D3D3D3	87
1452	#FFFFFF	#D3D3D3	87
1453	#FFFFFF	#D3D3D3	34
1454	#FFFFFF	#D3D3D3	34
1455	#FFFFFF	#D3D3D3	34
1456	#FFFFFF	#D3D3D3	34
1457	#FFFFFF	#D3D3D3	34
1458	#FFFFFF	#D3D3D3	34
1459	#FFFFFF	#D3D3D3	34
1460	#FFFFFF	#D3D3D3	87
1461	#FFFFFF	#D3D3D3	87
1462	#FFFFFF	#D3D3D3	87
1463	#FFFFFF	#D3D3D3	87
1464	#FFFFFF	#D3D3D3	87
1466	#FFFFFF	#D3D3D3	87
1467	#FFFFFF	#D3D3D3	87
1468	#FFFFFF	#D3D3D3	87
1469	#FFFFFF	#D3D3D3	87
1470	#FFFFFF	#D3D3D3	87
1471	#FFFFFF	#D3D3D3	87
1472	#FFFFFF	#D3D3D3	87
1473	#FFFFFF	#D3D3D3	87
1474	#FFFFFF	#D3D3D3	87
1475	#FFFFFF	#D3D3D3	87
1476	#FFFFFF	#D3D3D3	87
1477	#FFFFFF	#D3D3D3	87
1478	#FFFFFF	#D3D3D3	87
1479	#FFFFFF	#D3D3D3	87
1480	#FFFFFF	#D3D3D3	87
1481	#FFFFFF	#D3D3D3	87
1482	#FFFFFF	#D3D3D3	34
1483	#FFFFFF	#D3D3D3	34
1484	#FFFFFF	#D3D3D3	34
1485	#FFFFFF	#D3D3D3	34
1486	#FFFFFF	#D3D3D3	34
1487	#FFFFFF	#D3D3D3	87
1488	#FFFFFF	#D3D3D3	87
1489	#FFFFFF	#D3D3D3	87
1490	#FFFFFF	#D3D3D3	87
1491	#FFFFFF	#D3D3D3	87
1492	#FFFFFF	#D3D3D3	87
1493	#FFFFFF	#D3D3D3	87
1494	#FFFFFF	#D3D3D3	34
1495	#FFFFFF	#D3D3D3	34
1496	#FFFFFF	#D3D3D3	34
1497	#FFFFFF	#D3D3D3	87
1498	#FFFFFF	#D3D3D3	87
1499	#FFFFFF	#D3D3D3	87
1500	#FFFFFF	#D3D3D3	87
1501	#FFFFFF	#D3D3D3	87
1502	#FFFFFF	#D3D3D3	87
1503	#FFFFFF	#D3D3D3	34
1504	#FFFFFF	#D3D3D3	34
1505	#FFFFFF	#D3D3D3	34
1506	#FFFFFF	#D3D3D3	34
1507	#FFFFFF	#D3D3D3	34
1508	#FFFFFF	#D3D3D3	34
1509	#FFFFFF	#D3D3D3	34
1510	#FFFFFF	#D3D3D3	34
1511	#FFFFFF	#D3D3D3	87
1512	#FFFFFF	#D3D3D3	87
1513	#FFFFFF	#D3D3D3	87
1514	#FFFFFF	#D3D3D3	87
1515	#FFFFFF	#D3D3D3	87
1517	#FFFFFF	#D3D3D3	87
1518	#FFFFFF	#D3D3D3	87
1519	#FFFFFF	#D3D3D3	87
1520	#FFFFFF	#D3D3D3	87
1521	#FFFFFF	#D3D3D3	87
1522	#FFFFFF	#D3D3D3	87
1523	#FFFFFF	#D3D3D3	87
1524	#FFFFFF	#D3D3D3	87
1525	#FFFFFF	#D3D3D3	87
1526	#FFFFFF	#D3D3D3	87
1527	#FFFFFF	#D3D3D3	87
1528	#FFFFFF	#D3D3D3	87
1529	#FFFFFF	#D3D3D3	87
1530	#FFFFFF	#D3D3D3	87
1531	#FFFFFF	#D3D3D3	87
1532	#FFFFFF	#D3D3D3	34
1533	#FFFFFF	#D3D3D3	34
1534	#FFFFFF	#D3D3D3	34
1535	#FFFFFF	#D3D3D3	34
1536	#FFFFFF	#D3D3D3	34
1537	#FFFFFF	#D3D3D3	34
1538	#FFFFFF	#D3D3D3	87
1539	#FFFFFF	#D3D3D3	87
1540	#FFFFFF	#D3D3D3	87
1541	#FFFFFF	#D3D3D3	87
1542	#FFFFFF	#D3D3D3	87
1543	#FFFFFF	#D3D3D3	87
1544	#FFFFFF	#D3D3D3	87
1545	#FFFFFF	#D3D3D3	34
1546	#FFFFFF	#D3D3D3	34
1547	#FFFFFF	#D3D3D3	87
1548	#FFFFFF	#D3D3D3	87
1549	#FFFFFF	#D3D3D3	87
1550	#FFFFFF	#D3D3D3	87
1551	#FFFFFF	#D3D3D3	87
1552	#FFFFFF	#D3D3D3	87
1553	#FFFFFF	#D3D3D3	87
1554	#FFFFFF	#D3D3D3	34
1555	#FFFFFF	#D3D3D3	34
1556	#FFFFFF	#D3D3D3	34
1557	#FFFFFF	#D3D3D3	34
1558	#FFFFFF	#D3D3D3	34
1559	#FFFFFF	#D3D3D3	34
1560	#FFFFFF	#D3D3D3	34
1561	#FFFFFF	#D3D3D3	87
1562	#FFFFFF	#D3D3D3	87
1563	#FFFFFF	#D3D3D3	87
1564	#FFFFFF	#D3D3D3	87
1565	#FFFFFF	#D3D3D3	87
1567	#FFFFFF	#D3D3D3	87
1568	#FFFFFF	#D3D3D3	87
1569	#FFFFFF	#D3D3D3	87
1570	#FFFFFF	#D3D3D3	87
1571	#FFFFFF	#D3D3D3	87
1572	#FFFFFF	#D3D3D3	87
1573	#FFFFFF	#D3D3D3	87
1574	#FFFFFF	#D3D3D3	87
1575	#FFFFFF	#D3D3D3	87
1576	#FFFFFF	#D3D3D3	87
1577	#FFFFFF	#D3D3D3	87
1578	#FFFFFF	#D3D3D3	87
1579	#FFFFFF	#D3D3D3	87
1580	#FFFFFF	#D3D3D3	87
1581	#FFFFFF	#D3D3D3	87
1582	#FFFFFF	#D3D3D3	87
1583	#FFFFFF	#D3D3D3	87
1584	#FFFFFF	#D3D3D3	34
1585	#FFFFFF	#D3D3D3	34
1586	#FFFFFF	#D3D3D3	34
1587	#FFFFFF	#D3D3D3	34
1588	#FFFFFF	#D3D3D3	34
1589	#FFFFFF	#D3D3D3	87
1590	#FFFFFF	#D3D3D3	87
1591	#FFFFFF	#D3D3D3	87
1592	#FFFFFF	#D3D3D3	34
1593	#FFFFFF	#D3D3D3	87
1594	#FFFFFF	#D3D3D3	87
1595	#FFFFFF	#D3D3D3	34
1596	#FFFFFF	#D3D3D3	34
1597	#FFFFFF	#D3D3D3	34
1598	#FFFFFF	#D3D3D3	87
1599	#FFFFFF	#D3D3D3	87
1600	#FFFFFF	#D3D3D3	87
1601	#FFFFFF	#D3D3D3	87
1602	#FFFFFF	#D3D3D3	87
1603	#FFFFFF	#D3D3D3	87
1604	#FFFFFF	#D3D3D3	87
1605	#FFFFFF	#D3D3D3	87
1606	#FFFFFF	#D3D3D3	34
1607	#FFFFFF	#D3D3D3	34
1608	#FFFFFF	#D3D3D3	34
1609	#FFFFFF	#D3D3D3	34
1610	#FFFFFF	#D3D3D3	34
1611	#FFFFFF	#D3D3D3	34
1612	#FFFFFF	#D3D3D3	87
1613	#FFFFFF	#D3D3D3	87
1614	#FFFFFF	#D3D3D3	87
1615	#FFFFFF	#D3D3D3	87
1616	#FFFFFF	#D3D3D3	87
1618	#FFFFFF	#D3D3D3	87
1619	#FFFFFF	#D3D3D3	87
1620	#FFFFFF	#D3D3D3	87
1621	#FFFFFF	#D3D3D3	87
1622	#FFFFFF	#D3D3D3	87
1623	#FFFFFF	#D3D3D3	87
1624	#FFFFFF	#D3D3D3	87
1625	#FFFFFF	#D3D3D3	87
1626	#FFFFFF	#D3D3D3	87
1627	#FFFFFF	#D3D3D3	87
1628	#FFFFFF	#D3D3D3	87
1629	#FFFFFF	#D3D3D3	87
1630	#FFFFFF	#D3D3D3	87
1631	#FFFFFF	#D3D3D3	87
1632	#FFFFFF	#D3D3D3	87
1633	#FFFFFF	#D3D3D3	87
1634	#FFFFFF	#D3D3D3	34
1635	#FFFFFF	#D3D3D3	34
1636	#FFFFFF	#D3D3D3	34
1637	#FFFFFF	#D3D3D3	34
1638	#FFFFFF	#D3D3D3	34
1639	#FFFFFF	#D3D3D3	34
1640	#FFFFFF	#D3D3D3	87
1641	#FFFFFF	#D3D3D3	87
1642	#FFFFFF	#D3D3D3	34
1643	#FFFFFF	#D3D3D3	34
1644	#FFFFFF	#D3D3D3	34
1645	#FFFFFF	#D3D3D3	87
1646	#FFFFFF	#D3D3D3	34
1647	#FFFFFF	#D3D3D3	34
1648	#FFFFFF	#D3D3D3	87
1649	#FFFFFF	#D3D3D3	87
1650	#FFFFFF	#D3D3D3	87
1651	#FFFFFF	#D3D3D3	87
1652	#FFFFFF	#D3D3D3	87
1653	#FFFFFF	#D3D3D3	34
1654	#FFFFFF	#D3D3D3	34
1655	#FFFFFF	#D3D3D3	87
1656	#FFFFFF	#D3D3D3	87
1657	#FFFFFF	#D3D3D3	34
1658	#FFFFFF	#D3D3D3	34
1659	#FFFFFF	#D3D3D3	34
1660	#FFFFFF	#D3D3D3	34
1661	#FFFFFF	#D3D3D3	34
1662	#FFFFFF	#D3D3D3	87
1663	#FFFFFF	#D3D3D3	87
1664	#FFFFFF	#D3D3D3	87
1665	#FFFFFF	#D3D3D3	87
1666	#FFFFFF	#D3D3D3	87
1668	#FFFFFF	#D3D3D3	87
1669	#FFFFFF	#D3D3D3	87
1670	#FFFFFF	#D3D3D3	87
1671	#FFFFFF	#D3D3D3	87
1672	#FFFFFF	#D3D3D3	87
1673	#FFFFFF	#D3D3D3	87
1674	#FFFFFF	#D3D3D3	87
1675	#FFFFFF	#D3D3D3	87
1676	#FFFFFF	#D3D3D3	87
1677	#FFFFFF	#D3D3D3	87
1678	#FFFFFF	#D3D3D3	87
1679	#FFFFFF	#D3D3D3	87
1680	#FFFFFF	#D3D3D3	87
1681	#FFFFFF	#D3D3D3	87
1682	#FFFFFF	#D3D3D3	87
1683	#FFFFFF	#D3D3D3	87
1684	#FFFFFF	#D3D3D3	34
1685	#FFFFFF	#D3D3D3	34
1686	#FFFFFF	#D3D3D3	34
1687	#FFFFFF	#D3D3D3	34
1688	#FFFFFF	#D3D3D3	34
1689	#FFFFFF	#D3D3D3	34
1690	#FFFFFF	#D3D3D3	34
1691	#FFFFFF	#D3D3D3	87
1692	#FFFFFF	#D3D3D3	34
1693	#FFFFFF	#D3D3D3	34
1694	#FFFFFF	#D3D3D3	34
1695	#FFFFFF	#D3D3D3	87
1696	#FFFFFF	#D3D3D3	34
1697	#FFFFFF	#D3D3D3	34
1698	#FFFFFF	#D3D3D3	34
1699	#FFFFFF	#D3D3D3	87
1700	#FFFFFF	#D3D3D3	87
1701	#FFFFFF	#D3D3D3	87
1702	#FFFFFF	#D3D3D3	87
1703	#FFFFFF	#D3D3D3	34
1704	#FFFFFF	#D3D3D3	34
1705	#FFFFFF	#D3D3D3	34
1706	#FFFFFF	#D3D3D3	87
1707	#FFFFFF	#D3D3D3	34
1708	#FFFFFF	#D3D3D3	34
1709	#FFFFFF	#D3D3D3	34
1710	#FFFFFF	#D3D3D3	34
1711	#FFFFFF	#D3D3D3	34
1712	#FFFFFF	#D3D3D3	34
1713	#FFFFFF	#D3D3D3	87
1714	#FFFFFF	#D3D3D3	87
1715	#FFFFFF	#D3D3D3	87
1716	#FFFFFF	#D3D3D3	87
1717	#FFFFFF	#D3D3D3	87
1719	#FFFFFF	#D3D3D3	87
1720	#FFFFFF	#D3D3D3	87
1721	#FFFFFF	#D3D3D3	87
1722	#FFFFFF	#D3D3D3	87
1723	#FFFFFF	#D3D3D3	87
1724	#FFFFFF	#D3D3D3	87
1725	#FFFFFF	#D3D3D3	87
1726	#FFFFFF	#D3D3D3	87
1727	#FFFFFF	#D3D3D3	87
1728	#FFFFFF	#D3D3D3	87
1729	#FFFFFF	#D3D3D3	87
1730	#FFFFFF	#D3D3D3	87
1731	#FFFFFF	#D3D3D3	87
1732	#FFFFFF	#D3D3D3	87
1733	#FFFFFF	#D3D3D3	87
1734	#FFFFFF	#D3D3D3	87
1735	#FFFFFF	#D3D3D3	34
1736	#FFFFFF	#D3D3D3	34
1737	#FFFFFF	#D3D3D3	34
1738	#FFFFFF	#D3D3D3	34
1739	#FFFFFF	#D3D3D3	34
1740	#FFFFFF	#D3D3D3	34
1741	#FFFFFF	#D3D3D3	34
1742	#FFFFFF	#D3D3D3	87
1743	#FFFFFF	#D3D3D3	34
1744	#FFFFFF	#D3D3D3	87
1745	#FFFFFF	#D3D3D3	87
1746	#FFFFFF	#D3D3D3	87
1747	#FFFFFF	#D3D3D3	34
1748	#FFFFFF	#D3D3D3	34
1749	#FFFFFF	#D3D3D3	34
1750	#FFFFFF	#D3D3D3	87
1751	#FFFFFF	#D3D3D3	87
1752	#FFFFFF	#D3D3D3	34
1753	#FFFFFF	#D3D3D3	87
1754	#FFFFFF	#D3D3D3	34
1755	#FFFFFF	#D3D3D3	34
1756	#FFFFFF	#D3D3D3	87
1757	#FFFFFF	#D3D3D3	87
1758	#FFFFFF	#D3D3D3	34
1759	#FFFFFF	#D3D3D3	34
1760	#FFFFFF	#D3D3D3	34
1761	#FFFFFF	#D3D3D3	34
1762	#FFFFFF	#D3D3D3	34
1763	#FFFFFF	#D3D3D3	87
1764	#FFFFFF	#D3D3D3	87
1765	#FFFFFF	#D3D3D3	87
1766	#FFFFFF	#D3D3D3	87
1767	#FFFFFF	#D3D3D3	87
1769	#FFFFFF	#D3D3D3	87
1770	#FFFFFF	#D3D3D3	87
1771	#FFFFFF	#D3D3D3	87
1772	#FFFFFF	#D3D3D3	87
1773	#FFFFFF	#D3D3D3	87
1774	#FFFFFF	#D3D3D3	87
1775	#FFFFFF	#D3D3D3	87
1776	#FFFFFF	#D3D3D3	87
1777	#FFFFFF	#D3D3D3	87
1778	#FFFFFF	#D3D3D3	87
1779	#FFFFFF	#D3D3D3	87
1780	#FFFFFF	#D3D3D3	87
1781	#FFFFFF	#D3D3D3	87
1782	#FFFFFF	#D3D3D3	87
1783	#FFFFFF	#D3D3D3	87
1784	#FFFFFF	#D3D3D3	34
1785	#FFFFFF	#D3D3D3	87
1786	#FFFFFF	#D3D3D3	34
1787	#FFFFFF	#D3D3D3	34
1788	#FFFFFF	#D3D3D3	34
1789	#FFFFFF	#D3D3D3	34
1790	#FFFFFF	#D3D3D3	34
1791	#FFFFFF	#D3D3D3	34
1792	#FFFFFF	#D3D3D3	87
1793	#FFFFFF	#D3D3D3	34
1794	#FFFFFF	#D3D3D3	34
1795	#FFFFFF	#D3D3D3	87
1796	#FFFFFF	#D3D3D3	34
1797	#FFFFFF	#D3D3D3	34
1798	#FFFFFF	#D3D3D3	34
1799	#FFFFFF	#D3D3D3	34
1800	#FFFFFF	#D3D3D3	34
1801	#FFFFFF	#D3D3D3	34
1802	#FFFFFF	#D3D3D3	34
1803	#FFFFFF	#D3D3D3	87
1804	#FFFFFF	#D3D3D3	34
1805	#FFFFFF	#D3D3D3	34
1806	#FFFFFF	#D3D3D3	87
1807	#FFFFFF	#D3D3D3	87
1808	#FFFFFF	#D3D3D3	34
1809	#FFFFFF	#D3D3D3	34
1810	#FFFFFF	#D3D3D3	34
1811	#FFFFFF	#D3D3D3	34
1812	#FFFFFF	#D3D3D3	34
1813	#FFFFFF	#D3D3D3	34
1814	#FFFFFF	#D3D3D3	87
1815	#FFFFFF	#D3D3D3	87
1816	#FFFFFF	#D3D3D3	87
1817	#FFFFFF	#D3D3D3	87
1818	#FFFFFF	#D3D3D3	87
1820	#FFFFFF	#D3D3D3	87
1821	#FFFFFF	#D3D3D3	87
1822	#FFFFFF	#D3D3D3	87
1823	#FFFFFF	#D3D3D3	87
1824	#FFFFFF	#D3D3D3	87
1825	#FFFFFF	#D3D3D3	87
1826	#FFFFFF	#D3D3D3	87
1827	#FFFFFF	#D3D3D3	87
1828	#FFFFFF	#D3D3D3	87
1829	#FFFFFF	#D3D3D3	87
1830	#FFFFFF	#D3D3D3	87
1831	#FFFFFF	#D3D3D3	87
1832	#FFFFFF	#D3D3D3	87
1833	#FFFFFF	#D3D3D3	87
1834	#FFFFFF	#D3D3D3	34
1835	#FFFFFF	#D3D3D3	34
1836	#FFFFFF	#D3D3D3	34
1837	#FFFFFF	#D3D3D3	34
1838	#FFFFFF	#D3D3D3	34
1839	#FFFFFF	#D3D3D3	34
1840	#FFFFFF	#D3D3D3	34
1841	#FFFFFF	#D3D3D3	34
1842	#FFFFFF	#D3D3D3	34
1843	#FFFFFF	#D3D3D3	87
1844	#FFFFFF	#D3D3D3	34
1845	#FFFFFF	#D3D3D3	34
1846	#FFFFFF	#D3D3D3	34
1847	#FFFFFF	#D3D3D3	34
1848	#FFFFFF	#D3D3D3	34
1849	#FFFFFF	#D3D3D3	34
1850	#FFFFFF	#D3D3D3	34
1851	#FFFFFF	#D3D3D3	34
1852	#FFFFFF	#D3D3D3	34
1853	#FFFFFF	#D3D3D3	34
1854	#FFFFFF	#D3D3D3	87
1855	#FFFFFF	#D3D3D3	34
1856	#FFFFFF	#D3D3D3	34
1857	#FFFFFF	#D3D3D3	87
1858	#FFFFFF	#D3D3D3	34
1859	#FFFFFF	#D3D3D3	34
1860	#FFFFFF	#D3D3D3	34
1861	#FFFFFF	#D3D3D3	34
1862	#FFFFFF	#D3D3D3	34
1863	#FFFFFF	#D3D3D3	34
1864	#FFFFFF	#D3D3D3	87
1865	#FFFFFF	#D3D3D3	87
1866	#FFFFFF	#D3D3D3	87
1867	#FFFFFF	#D3D3D3	87
1868	#FFFFFF	#D3D3D3	147
1870	#FFFFFF	#D3D3D3	87
1871	#FFFFFF	#D3D3D3	87
1872	#FFFFFF	#D3D3D3	147
1873	#FFFFFF	#D3D3D3	87
1874	#FFFFFF	#D3D3D3	87
1875	#FFFFFF	#D3D3D3	87
1876	#FFFFFF	#D3D3D3	87
1877	#FFFFFF	#D3D3D3	87
1878	#FFFFFF	#D3D3D3	87
1879	#FFFFFF	#D3D3D3	87
1880	#FFFFFF	#D3D3D3	87
1881	#FFFFFF	#D3D3D3	87
1882	#FFFFFF	#D3D3D3	87
1883	#FFFFFF	#D3D3D3	87
1884	#FFFFFF	#D3D3D3	87
1885	#FFFFFF	#D3D3D3	34
1886	#FFFFFF	#D3D3D3	34
1887	#FFFFFF	#D3D3D3	34
1888	#FFFFFF	#D3D3D3	34
1889	#FFFFFF	#D3D3D3	34
1890	#FFFFFF	#D3D3D3	34
1891	#FFFFFF	#D3D3D3	34
1892	#FFFFFF	#D3D3D3	34
1893	#FFFFFF	#D3D3D3	87
1894	#FFFFFF	#D3D3D3	34
1895	#FFFFFF	#D3D3D3	34
1896	#FFFFFF	#D3D3D3	34
1897	#FFFFFF	#D3D3D3	34
1898	#FFFFFF	#D3D3D3	34
1899	#FFFFFF	#D3D3D3	34
1900	#FFFFFF	#D3D3D3	34
1901	#FFFFFF	#D3D3D3	34
1902	#FFFFFF	#D3D3D3	34
1903	#FFFFFF	#D3D3D3	34
1904	#FFFFFF	#D3D3D3	87
1905	#FFFFFF	#D3D3D3	34
1906	#FFFFFF	#D3D3D3	34
1907	#FFFFFF	#D3D3D3	87
1908	#FFFFFF	#D3D3D3	87
1909	#FFFFFF	#D3D3D3	34
1910	#FFFFFF	#D3D3D3	34
1911	#FFFFFF	#D3D3D3	34
1912	#FFFFFF	#D3D3D3	34
1913	#FFFFFF	#D3D3D3	34
1914	#FFFFFF	#D3D3D3	34
1915	#FFFFFF	#D3D3D3	87
1916	#FFFFFF	#D3D3D3	87
1917	#FFFFFF	#D3D3D3	87
1918	#FFFFFF	#D3D3D3	87
1919	#FFFFFF	#D3D3D3	87
1921	#FFFFFF	#D3D3D3	87
1922	#FFFFFF	#D3D3D3	87
1923	#FFFFFF	#D3D3D3	147
1924	#FFFFFF	#D3D3D3	87
1925	#FFFFFF	#D3D3D3	87
1926	#FFFFFF	#D3D3D3	87
1927	#FFFFFF	#D3D3D3	87
1928	#FFFFFF	#D3D3D3	87
1929	#FFFFFF	#D3D3D3	87
1930	#FFFFFF	#D3D3D3	87
1931	#FFFFFF	#D3D3D3	87
1932	#FFFFFF	#D3D3D3	87
1933	#FFFFFF	#D3D3D3	87
1934	#FFFFFF	#D3D3D3	87
1935	#FFFFFF	#D3D3D3	34
1936	#FFFFFF	#D3D3D3	34
1937	#FFFFFF	#D3D3D3	34
1938	#FFFFFF	#D3D3D3	34
1939	#FFFFFF	#D3D3D3	34
1940	#FFFFFF	#D3D3D3	34
1941	#FFFFFF	#D3D3D3	34
1942	#FFFFFF	#D3D3D3	34
1943	#FFFFFF	#D3D3D3	34
1944	#FFFFFF	#D3D3D3	87
1945	#FFFFFF	#D3D3D3	34
1946	#FFFFFF	#D3D3D3	34
1947	#FFFFFF	#D3D3D3	34
1948	#FFFFFF	#D3D3D3	34
1949	#FFFFFF	#D3D3D3	34
1950	#FFFFFF	#D3D3D3	34
1951	#FFFFFF	#D3D3D3	34
1952	#FFFFFF	#D3D3D3	34
1953	#FFFFFF	#D3D3D3	34
1954	#FFFFFF	#D3D3D3	34
1955	#FFFFFF	#D3D3D3	87
1956	#FFFFFF	#D3D3D3	34
1957	#FFFFFF	#D3D3D3	34
1958	#FFFFFF	#D3D3D3	87
1959	#FFFFFF	#D3D3D3	87
1960	#FFFFFF	#D3D3D3	34
1961	#FFFFFF	#D3D3D3	34
1962	#FFFFFF	#D3D3D3	34
1963	#FFFFFF	#D3D3D3	34
1964	#FFFFFF	#D3D3D3	34
1965	#FFFFFF	#D3D3D3	87
1966	#FFFFFF	#D3D3D3	87
1967	#FFFFFF	#D3D3D3	87
1968	#FFFFFF	#D3D3D3	87
1969	#FFFFFF	#D3D3D3	87
1971	#FFFFFF	#D3D3D3	87
1972	#FFFFFF	#D3D3D3	87
1973	#FFFFFF	#D3D3D3	87
1974	#FFFFFF	#D3D3D3	147
1975	#FFFFFF	#D3D3D3	147
1976	#FFFFFF	#D3D3D3	87
1977	#FFFFFF	#D3D3D3	87
1978	#FFFFFF	#D3D3D3	87
1979	#FFFFFF	#D3D3D3	87
1980	#FFFFFF	#D3D3D3	87
1981	#FFFFFF	#D3D3D3	87
1982	#FFFFFF	#D3D3D3	87
1983	#FFFFFF	#D3D3D3	87
1984	#FFFFFF	#D3D3D3	87
1985	#FFFFFF	#D3D3D3	87
1986	#FFFFFF	#D3D3D3	34
1987	#FFFFFF	#D3D3D3	34
1988	#FFFFFF	#D3D3D3	34
1989	#FFFFFF	#D3D3D3	34
1990	#FFFFFF	#D3D3D3	34
1991	#FFFFFF	#D3D3D3	34
1992	#FFFFFF	#D3D3D3	34
1993	#FFFFFF	#D3D3D3	34
1994	#FFFFFF	#D3D3D3	87
1995	#FFFFFF	#D3D3D3	34
1996	#FFFFFF	#D3D3D3	34
1997	#FFFFFF	#D3D3D3	34
1998	#FFFFFF	#D3D3D3	34
1999	#FFFFFF	#D3D3D3	34
2000	#FFFFFF	#D3D3D3	34
2001	#FFFFFF	#D3D3D3	34
2002	#FFFFFF	#D3D3D3	34
2003	#FFFFFF	#D3D3D3	34
2004	#FFFFFF	#D3D3D3	34
2005	#FFFFFF	#D3D3D3	87
2006	#FFFFFF	#D3D3D3	34
2007	#FFFFFF	#D3D3D3	87
2008	#FFFFFF	#D3D3D3	87
2009	#FFFFFF	#D3D3D3	87
2010	#FFFFFF	#D3D3D3	34
2011	#FFFFFF	#D3D3D3	34
2012	#FFFFFF	#D3D3D3	34
2013	#FFFFFF	#D3D3D3	34
2014	#FFFFFF	#D3D3D3	34
2015	#FFFFFF	#D3D3D3	34
2016	#FFFFFF	#D3D3D3	87
2017	#FFFFFF	#D3D3D3	87
2018	#FFFFFF	#D3D3D3	87
2019	#FFFFFF	#D3D3D3	87
2020	#FFFFFF	#D3D3D3	87
2022	#FFFFFF	#D3D3D3	87
2023	#FFFFFF	#D3D3D3	87
2024	#FFFFFF	#D3D3D3	87
2025	#FFFFFF	#D3D3D3	147
2026	#FFFFFF	#D3D3D3	147
2027	#FFFFFF	#D3D3D3	87
2028	#FFFFFF	#D3D3D3	87
2029	#FFFFFF	#D3D3D3	87
2030	#FFFFFF	#D3D3D3	87
2031	#FFFFFF	#D3D3D3	87
2032	#FFFFFF	#D3D3D3	87
2033	#FFFFFF	#D3D3D3	87
2034	#FFFFFF	#D3D3D3	87
2035	#FFFFFF	#D3D3D3	87
2036	#FFFFFF	#D3D3D3	34
2037	#FFFFFF	#D3D3D3	34
2038	#FFFFFF	#D3D3D3	34
2039	#FFFFFF	#D3D3D3	34
2040	#FFFFFF	#D3D3D3	34
2041	#FFFFFF	#D3D3D3	34
2042	#FFFFFF	#D3D3D3	34
2043	#FFFFFF	#D3D3D3	34
2044	#FFFFFF	#D3D3D3	34
2045	#FFFFFF	#D3D3D3	87
2046	#FFFFFF	#D3D3D3	34
2047	#FFFFFF	#D3D3D3	34
2048	#FFFFFF	#D3D3D3	34
2049	#FFFFFF	#D3D3D3	34
2050	#FFFFFF	#D3D3D3	34
2051	#FFFFFF	#D3D3D3	34
2052	#FFFFFF	#D3D3D3	34
2053	#FFFFFF	#D3D3D3	87
2054	#FFFFFF	#D3D3D3	34
2055	#FFFFFF	#D3D3D3	87
2056	#FFFFFF	#D3D3D3	87
2057	#FFFFFF	#D3D3D3	87
2058	#FFFFFF	#D3D3D3	87
2059	#FFFFFF	#D3D3D3	87
2060	#FFFFFF	#D3D3D3	34
2061	#FFFFFF	#D3D3D3	34
2062	#FFFFFF	#D3D3D3	87
2063	#FFFFFF	#D3D3D3	87
2064	#FFFFFF	#D3D3D3	34
2065	#FFFFFF	#D3D3D3	34
2066	#FFFFFF	#D3D3D3	87
2067	#FFFFFF	#D3D3D3	87
2068	#FFFFFF	#D3D3D3	87
2069	#FFFFFF	#D3D3D3	87
2070	#FFFFFF	#D3D3D3	87
2072	#CD1076	#000000	431
2073	#FFFFFF	#D3D3D3	87
2074	#FFFFFF	#D3D3D3	147
2075	#FFFFFF	#D3D3D3	147
2076	#FFFFFF	#D3D3D3	147
2077	#FFFFFF	#D3D3D3	87
2078	#FFFFFF	#D3D3D3	87
2079	#FFFFFF	#D3D3D3	87
2080	#FFFFFF	#D3D3D3	87
2081	#FFFFFF	#D3D3D3	87
2082	#FFFFFF	#D3D3D3	87
2083	#FFFFFF	#D3D3D3	87
2084	#FFFFFF	#D3D3D3	87
2085	#FFFFFF	#D3D3D3	87
2086	#FFFFFF	#D3D3D3	87
2087	#FFFFFF	#D3D3D3	87
2088	#FFFFFF	#D3D3D3	87
2089	#FFFFFF	#D3D3D3	34
2090	#FFFFFF	#D3D3D3	34
2091	#FFFFFF	#D3D3D3	34
2092	#FFFFFF	#D3D3D3	34
2093	#FFFFFF	#D3D3D3	34
2094	#FFFFFF	#D3D3D3	34
2095	#FFFFFF	#D3D3D3	87
2096	#FFFFFF	#D3D3D3	34
2097	#FFFFFF	#D3D3D3	34
2098	#FFFFFF	#D3D3D3	34
2099	#FFFFFF	#D3D3D3	34
2100	#FFFFFF	#D3D3D3	34
2101	#FFFFFF	#D3D3D3	34
2102	#FFFFFF	#D3D3D3	87
2103	#FFFFFF	#D3D3D3	87
2104	#FFFFFF	#D3D3D3	34
2105	#FFFFFF	#D3D3D3	87
2106	#FFFFFF	#D3D3D3	87
2107	#FFFFFF	#D3D3D3	87
2108	#FFFFFF	#D3D3D3	87
2109	#FFFFFF	#D3D3D3	87
2110	#FFFFFF	#D3D3D3	87
2111	#FFFFFF	#D3D3D3	87
2112	#FFFFFF	#D3D3D3	34
2113	#FFFFFF	#D3D3D3	87
2114	#FFFFFF	#D3D3D3	87
2115	#FFFFFF	#D3D3D3	34
2116	#FFFFFF	#D3D3D3	34
2117	#FFFFFF	#D3D3D3	87
2118	#FFFFFF	#D3D3D3	87
2119	#FFFFFF	#D3D3D3	87
2120	#FFFFFF	#D3D3D3	87
2121	#FFFFFF	#D3D3D3	87
2123	#CD1076	#000000	431
2124	#FFFFFF	#D3D3D3	87
2125	#FFFFFF	#D3D3D3	147
2126	#FFFFFF	#D3D3D3	147
2127	#FFFFFF	#D3D3D3	147
2128	#FFFFFF	#D3D3D3	87
2129	#FFFFFF	#D3D3D3	87
2130	#FFFFFF	#D3D3D3	87
2131	#FFFFFF	#D3D3D3	87
2132	#FFFFFF	#D3D3D3	87
2133	#FFFFFF	#D3D3D3	87
2134	#FFFFFF	#D3D3D3	87
2135	#FFFFFF	#D3D3D3	87
2136	#FFFFFF	#D3D3D3	87
2137	#FFFFFF	#D3D3D3	87
2138	#FFFFFF	#D3D3D3	87
2139	#FFFFFF	#D3D3D3	34
2140	#FFFFFF	#D3D3D3	34
2141	#FFFFFF	#D3D3D3	34
2142	#FFFFFF	#D3D3D3	34
2143	#FFFFFF	#D3D3D3	34
2144	#FFFFFF	#D3D3D3	34
2145	#FFFFFF	#D3D3D3	34
2146	#FFFFFF	#D3D3D3	87
2147	#FFFFFF	#D3D3D3	34
2148	#FFFFFF	#D3D3D3	34
2149	#FFFFFF	#D3D3D3	34
2150	#FFFFFF	#D3D3D3	34
2151	#FFFFFF	#D3D3D3	34
2152	#FFFFFF	#D3D3D3	34
2153	#FFFFFF	#D3D3D3	87
2154	#FFFFFF	#D3D3D3	34
2155	#FFFFFF	#D3D3D3	34
2156	#FFFFFF	#D3D3D3	87
2157	#FFFFFF	#D3D3D3	87
2158	#FFFFFF	#D3D3D3	87
2159	#FFFFFF	#D3D3D3	34
2160	#FFFFFF	#D3D3D3	34
2161	#FFFFFF	#D3D3D3	87
2162	#FFFFFF	#D3D3D3	87
2163	#FFFFFF	#D3D3D3	34
2164	#FFFFFF	#D3D3D3	87
2165	#FFFFFF	#D3D3D3	34
2166	#FFFFFF	#D3D3D3	34
2167	#FFFFFF	#D3D3D3	87
2168	#FFFFFF	#D3D3D3	87
2169	#FFFFFF	#D3D3D3	87
2170	#FFFFFF	#D3D3D3	87
2171	#FFFFFF	#D3D3D3	147
2173	#CD1076	#000000	431
2174	#CD1076	#000000	431
2175	#FFFFFF	#D3D3D3	87
2176	#FFFFFF	#D3D3D3	147
2177	#FFFFFF	#D3D3D3	147
2178	#FFFFFF	#D3D3D3	147
2179	#FFFFFF	#D3D3D3	87
2180	#FFFFFF	#D3D3D3	87
2181	#FFFFFF	#D3D3D3	87
2182	#FFFFFF	#D3D3D3	87
2183	#FFFFFF	#D3D3D3	87
2184	#FFFFFF	#D3D3D3	87
2185	#FFFFFF	#D3D3D3	87
2186	#FFFFFF	#D3D3D3	87
2187	#FFFFFF	#D3D3D3	87
2188	#FFFFFF	#D3D3D3	87
2189	#FFFFFF	#D3D3D3	34
2190	#FFFFFF	#D3D3D3	34
2191	#FFFFFF	#D3D3D3	34
2192	#FFFFFF	#D3D3D3	34
2193	#FFFFFF	#D3D3D3	34
2194	#FFFFFF	#D3D3D3	34
2195	#FFFFFF	#D3D3D3	34
2196	#FFFFFF	#D3D3D3	87
2197	#FFFFFF	#D3D3D3	34
2198	#FFFFFF	#D3D3D3	34
2199	#FFFFFF	#D3D3D3	34
2200	#FFFFFF	#D3D3D3	34
2201	#FFFFFF	#D3D3D3	34
2202	#FFFFFF	#D3D3D3	34
2203	#FFFFFF	#D3D3D3	34
2204	#FFFFFF	#D3D3D3	87
2205	#FFFFFF	#D3D3D3	87
2206	#FFFFFF	#D3D3D3	34
2207	#FFFFFF	#D3D3D3	87
2208	#FFFFFF	#D3D3D3	87
2209	#FFFFFF	#D3D3D3	87
2210	#FFFFFF	#D3D3D3	34
2211	#FFFFFF	#D3D3D3	87
2212	#FFFFFF	#D3D3D3	87
2213	#FFFFFF	#D3D3D3	34
2214	#FFFFFF	#D3D3D3	87
2215	#FFFFFF	#D3D3D3	87
2216	#FFFFFF	#D3D3D3	87
2217	#FFFFFF	#D3D3D3	34
2218	#FFFFFF	#D3D3D3	87
2219	#FFFFFF	#D3D3D3	87
2220	#FFFFFF	#D3D3D3	87
2221	#FFFFFF	#D3D3D3	87
2222	#FFFFFF	#D3D3D3	87
2224	#CD1076	#000000	431
2225	#CD1076	#000000	230
2226	#FFFFFF	#D3D3D3	147
2227	#FFFFFF	#D3D3D3	147
2228	#FFFFFF	#D3D3D3	147
2229	#FFFFFF	#D3D3D3	147
2230	#FFFFFF	#D3D3D3	87
2231	#FFFFFF	#D3D3D3	87
2232	#FFFFFF	#D3D3D3	87
2233	#FFFFFF	#D3D3D3	87
2234	#FFFFFF	#D3D3D3	87
2235	#FFFFFF	#D3D3D3	87
2236	#FFFFFF	#D3D3D3	87
2237	#FFFFFF	#D3D3D3	87
2238	#FFFFFF	#D3D3D3	34
2239	#FFFFFF	#D3D3D3	34
2240	#FFFFFF	#D3D3D3	34
2241	#FFFFFF	#D3D3D3	34
2242	#FFFFFF	#D3D3D3	34
2243	#FFFFFF	#D3D3D3	34
2244	#FFFFFF	#D3D3D3	34
2245	#FFFFFF	#D3D3D3	34
2246	#FFFFFF	#D3D3D3	34
2247	#FFFFFF	#D3D3D3	87
2248	#FFFFFF	#D3D3D3	34
2249	#FFFFFF	#D3D3D3	34
2250	#FFFFFF	#D3D3D3	34
2251	#FFFFFF	#D3D3D3	34
2252	#FFFFFF	#D3D3D3	34
2253	#FFFFFF	#D3D3D3	34
2254	#FFFFFF	#D3D3D3	34
2255	#FFFFFF	#D3D3D3	87
2256	#FFFFFF	#D3D3D3	87
2257	#FFFFFF	#D3D3D3	87
2258	#FFFFFF	#D3D3D3	87
2259	#FFFFFF	#D3D3D3	87
2260	#FFFFFF	#D3D3D3	34
2261	#FFFFFF	#D3D3D3	87
2262	#FFFFFF	#D3D3D3	34
2263	#FFFFFF	#D3D3D3	87
2264	#FFFFFF	#D3D3D3	34
2265	#FFFFFF	#D3D3D3	87
2266	#FFFFFF	#D3D3D3	87
2267	#FFFFFF	#D3D3D3	87
2268	#FFFFFF	#D3D3D3	87
2269	#FFFFFF	#D3D3D3	87
2270	#FFFFFF	#D3D3D3	87
2271	#FFFFFF	#D3D3D3	87
2272	#FFFFFF	#D3D3D3	87
2274	#FFFFFF	#D3D3D3	87
2275	#FFFFFF	#D3D3D3	87
2276	#FFFFFF	#D3D3D3	87
2277	#FFFFFF	#D3D3D3	34
2278	#FFFFFF	#D3D3D3	87
2279	#FFFFFF	#D3D3D3	87
2280	#FFFFFF	#D3D3D3	87
2281	#FFFFFF	#D3D3D3	34
2282	#FFFFFF	#D3D3D3	34
2283	#FFFFFF	#D3D3D3	34
2284	#FFFFFF	#D3D3D3	34
2285	#FFFFFF	#D3D3D3	34
2286	#FFFFFF	#D3D3D3	87
2287	#FFFFFF	#D3D3D3	34
2288	#FFFFFF	#D3D3D3	34
2289	#FFFFFF	#D3D3D3	34
2290	#FFFFFF	#D3D3D3	34
2291	#FFFFFF	#D3D3D3	34
2292	#FFFFFF	#D3D3D3	34
2293	#FFFFFF	#D3D3D3	34
2294	#FFFFFF	#D3D3D3	355
2295	#FFFFFF	#D3D3D3	34
2296	#FFFFFF	#D3D3D3	355
2297	#FFFFFF	#D3D3D3	87
2298	#FFFFFF	#D3D3D3	34
2299	#FFFFFF	#D3D3D3	34
2300	#FFFFFF	#D3D3D3	34
2301	#FFFFFF	#D3D3D3	34
2302	#FFFFFF	#D3D3D3	34
2303	#FFFFFF	#D3D3D3	34
2304	#FFFFFF	#D3D3D3	34
2305	#FFFFFF	#D3D3D3	34
2306	#FFFFFF	#D3D3D3	34
2307	#FFFFFF	#D3D3D3	34
2308	#FFFFFF	#D3D3D3	87
2319	#FFFFFF	#D3D3D3	87
2320	#FFFFFF	#D3D3D3	87
2321	#FFFFFF	#D3D3D3	87
2322	#FFFFFF	#D3D3D3	87
2323	#FFFFFF	#D3D3D3	87
2325	#FFFFFF	#D3D3D3	87
2326	#FFFFFF	#D3D3D3	87
2327	#FFFFFF	#D3D3D3	34
2328	#FFFFFF	#D3D3D3	34
2329	#FFFFFF	#D3D3D3	34
2330	#FFFFFF	#D3D3D3	87
2331	#FFFFFF	#D3D3D3	34
2332	#FFFFFF	#D3D3D3	87
2333	#FFFFFF	#D3D3D3	34
2334	#FFFFFF	#D3D3D3	34
2335	#FFFFFF	#D3D3D3	34
2336	#FFFFFF	#D3D3D3	34
2337	#FFFFFF	#D3D3D3	87
2338	#FFFFFF	#D3D3D3	34
2339	#FFFFFF	#D3D3D3	34
2340	#FFFFFF	#D3D3D3	34
2341	#FFFFFF	#D3D3D3	34
2342	#FFFFFF	#D3D3D3	34
2343	#FFFFFF	#D3D3D3	34
2344	#FFFFFF	#D3D3D3	355
2345	#FFFFFF	#D3D3D3	34
2346	#FFFFFF	#D3D3D3	34
2347	#FFFFFF	#D3D3D3	34
2348	#FFFFFF	#D3D3D3	87
2349	#FFFFFF	#D3D3D3	34
2350	#FFFFFF	#D3D3D3	34
2351	#FFFFFF	#D3D3D3	34
2352	#FFFFFF	#D3D3D3	34
2353	#FFFFFF	#D3D3D3	34
2354	#FFFFFF	#D3D3D3	34
2355	#FFFFFF	#D3D3D3	34
2356	#FFFFFF	#D3D3D3	34
2357	#FFFFFF	#D3D3D3	34
2358	#FFFFFF	#D3D3D3	34
2359	#FFFFFF	#D3D3D3	87
2369	#FFFFFF	#D3D3D3	87
2370	#FFFFFF	#D3D3D3	87
2371	#FFFFFF	#D3D3D3	87
2372	#FFFFFF	#D3D3D3	87
2373	#FFFFFF	#D3D3D3	87
2375	#CD1076	#000000	431
2376	#CD1076	#000000	230
2377	#FFFFFF	#D3D3D3	147
2378	#FFFFFF	#D3D3D3	147
2379	#FFFFFF	#D3D3D3	147
2380	#FFFFFF	#D3D3D3	147
2381	#FFFFFF	#D3D3D3	87
2382	#FFFFFF	#D3D3D3	87
2383	#FFFFFF	#D3D3D3	87
2384	#FFFFFF	#D3D3D3	87
2385	#FFFFFF	#D3D3D3	87
2386	#FFFFFF	#D3D3D3	87
2387	#CD1076	#000000	49
2388	#FFFFFF	#D3D3D3	87
2389	#FFFFFF	#D3D3D3	87
2390	#FFFFFF	#D3D3D3	34
2391	#FFFFFF	#D3D3D3	34
2392	#FFFFFF	#D3D3D3	34
2393	#FFFFFF	#D3D3D3	34
2394	#FFFFFF	#D3D3D3	34
2395	#FFFFFF	#D3D3D3	34
2396	#FFFFFF	#D3D3D3	34
2397	#FFFFFF	#D3D3D3	34
2398	#FFFFFF	#D3D3D3	87
2399	#FFFFFF	#D3D3D3	34
2400	#FFFFFF	#D3D3D3	34
2401	#FFFFFF	#D3D3D3	34
2402	#FFFFFF	#D3D3D3	34
2403	#FFFFFF	#D3D3D3	34
2404	#FFFFFF	#D3D3D3	34
2405	#FFFFFF	#D3D3D3	34
2406	#FFFFFF	#D3D3D3	34
2407	#FFFFFF	#D3D3D3	87
2408	#FFFFFF	#D3D3D3	87
2409	#FFFFFF	#D3D3D3	87
2410	#FFFFFF	#D3D3D3	87
2411	#FFFFFF	#D3D3D3	87
2412	#FFFFFF	#D3D3D3	34
2413	#FFFFFF	#D3D3D3	34
2414	#FFFFFF	#D3D3D3	87
2415	#FFFFFF	#D3D3D3	87
2416	#FFFFFF	#D3D3D3	87
2417	#FFFFFF	#D3D3D3	87
2418	#FFFFFF	#D3D3D3	87
2419	#FFFFFF	#D3D3D3	87
2420	#FFFFFF	#D3D3D3	87
2421	#FFFFFF	#D3D3D3	87
2422	#FFFFFF	#D3D3D3	87
2423	#FFFFFF	#D3D3D3	87
2424	#FFFFFF	#D3D3D3	87
2426	#CD1076	#000000	431
2427	#CD1076	#000000	230
2428	#FFFFFF	#D3D3D3	87
2429	#FFFFFF	#D3D3D3	87
2430	#FFFFFF	#D3D3D3	87
2431	#FFFFFF	#D3D3D3	147
2432	#FFFFFF	#D3D3D3	87
2433	#FFFFFF	#D3D3D3	87
2434	#FFFFFF	#D3D3D3	87
2435	#FFFFFF	#D3D3D3	87
2436	#FFFFFF	#D3D3D3	87
2437	#FFFFFF	#D3D3D3	87
2438	#CD1076	#000000	49
2439	#FFFFFF	#D3D3D3	87
2440	#FFFFFF	#D3D3D3	34
2441	#FFFFFF	#D3D3D3	34
2442	#FFFFFF	#D3D3D3	34
2443	#FFFFFF	#D3D3D3	34
2444	#FFFFFF	#D3D3D3	34
2445	#FFFFFF	#D3D3D3	34
2446	#FFFFFF	#D3D3D3	34
2447	#FFFFFF	#D3D3D3	34
2448	#FFFFFF	#D3D3D3	34
2449	#FFFFFF	#D3D3D3	87
2450	#FFFFFF	#D3D3D3	34
2451	#FFFFFF	#D3D3D3	34
2452	#FFFFFF	#D3D3D3	34
2453	#FFFFFF	#D3D3D3	34
2454	#FFFFFF	#D3D3D3	34
2455	#FFFFFF	#D3D3D3	34
2456	#FFFFFF	#D3D3D3	34
2457	#FFFFFF	#D3D3D3	87
2458	#FFFFFF	#D3D3D3	87
2459	#FFFFFF	#D3D3D3	87
2460	#FFFFFF	#D3D3D3	87
2461	#FFFFFF	#D3D3D3	87
2462	#FFFFFF	#D3D3D3	87
2463	#FFFFFF	#D3D3D3	34
2464	#FFFFFF	#D3D3D3	34
2465	#FFFFFF	#D3D3D3	87
2466	#FFFFFF	#D3D3D3	87
2467	#FFFFFF	#D3D3D3	87
2468	#FFFFFF	#D3D3D3	87
2469	#FFFFFF	#D3D3D3	87
2470	#FFFFFF	#D3D3D3	87
2471	#FFFFFF	#D3D3D3	87
2472	#FFFFFF	#D3D3D3	87
2473	#FFFFFF	#D3D3D3	87
2474	#FFFFFF	#D3D3D3	87
2476	#CD1076	#000000	431
2477	#CD1076	#000000	431
2478	#FFFFFF	#D3D3D3	87
2479	#FFFFFF	#D3D3D3	87
2480	#FFFFFF	#D3D3D3	87
2481	#FFFFFF	#D3D3D3	147
2482	#FFFFFF	#D3D3D3	147
2483	#FFFFFF	#D3D3D3	87
2484	#FFFFFF	#D3D3D3	87
2485	#FFFFFF	#D3D3D3	87
2486	#FFFFFF	#D3D3D3	87
2487	#FFFFFF	#D3D3D3	87
2488	#CD1076	#000000	230
2489	#FFFFFF	#D3D3D3	87
2490	#FFFFFF	#D3D3D3	87
2491	#FFFFFF	#D3D3D3	34
2492	#FFFFFF	#D3D3D3	34
2493	#FFFFFF	#D3D3D3	34
2494	#FFFFFF	#D3D3D3	34
2495	#FFFFFF	#D3D3D3	34
2496	#FFFFFF	#D3D3D3	34
2497	#FFFFFF	#D3D3D3	34
2498	#FFFFFF	#D3D3D3	34
2499	#CD1076	#000000	49
2500	#FFFFFF	#D3D3D3	34
2501	#FFFFFF	#D3D3D3	34
2502	#FFFFFF	#D3D3D3	34
2503	#FFFFFF	#D3D3D3	34
2504	#FFFFFF	#D3D3D3	34
2505	#FFFFFF	#D3D3D3	34
2506	#FFFFFF	#D3D3D3	34
2507	#FFFFFF	#D3D3D3	87
2508	#FFFFFF	#D3D3D3	87
2509	#FFFFFF	#D3D3D3	87
2510	#FFFFFF	#D3D3D3	87
2511	#FFFFFF	#D3D3D3	87
2512	#FFFFFF	#D3D3D3	87
2513	#FFFFFF	#D3D3D3	87
2514	#FFFFFF	#D3D3D3	34
2515	#FFFFFF	#D3D3D3	34
2516	#FFFFFF	#D3D3D3	87
2517	#FFFFFF	#D3D3D3	87
2518	#FFFFFF	#D3D3D3	87
2519	#FFFFFF	#D3D3D3	87
2520	#FFFFFF	#D3D3D3	87
2521	#FFFFFF	#D3D3D3	87
2522	#FFFFFF	#D3D3D3	87
2523	#FFFFFF	#D3D3D3	87
2524	#FFFFFF	#D3D3D3	87
2525	#FFFFFF	#D3D3D3	87
2527	#CD1076	#000000	431
2528	#CD1076	#000000	230
2529	#FFFFFF	#D3D3D3	87
2530	#FFFFFF	#D3D3D3	87
2531	#FFFFFF	#D3D3D3	87
2532	#FFFFFF	#D3D3D3	147
2533	#FFFFFF	#D3D3D3	87
2534	#FFFFFF	#D3D3D3	87
2535	#FFFFFF	#D3D3D3	87
2536	#FFFFFF	#D3D3D3	87
2537	#FFFFFF	#D3D3D3	87
2538	#FFFFFF	#D3D3D3	87
2539	#CD1076	#000000	49
2540	#FFFFFF	#D3D3D3	87
2541	#FFFFFF	#D3D3D3	87
2542	#FFFFFF	#D3D3D3	87
2543	#FFFFFF	#D3D3D3	34
2544	#FFFFFF	#D3D3D3	34
2545	#FFFFFF	#D3D3D3	34
2546	#FFFFFF	#D3D3D3	34
2547	#FFFFFF	#D3D3D3	34
2548	#FFFFFF	#D3D3D3	34
2549	#FFFFFF	#D3D3D3	34
2550	#CD1076	#000000	49
2551	#FFFFFF	#D3D3D3	34
2552	#FFFFFF	#D3D3D3	34
2553	#FFFFFF	#D3D3D3	34
2554	#FFFFFF	#D3D3D3	34
2555	#FFFFFF	#D3D3D3	34
2556	#FFFFFF	#D3D3D3	34
2557	#FFFFFF	#D3D3D3	34
2558	#FFFFFF	#D3D3D3	87
2559	#FFFFFF	#D3D3D3	87
2560	#FFFFFF	#D3D3D3	87
2561	#FFFFFF	#D3D3D3	87
2562	#FFFFFF	#D3D3D3	87
2563	#FFFFFF	#D3D3D3	87
2564	#FFFFFF	#D3D3D3	87
2565	#FFFFFF	#D3D3D3	34
2566	#FFFFFF	#D3D3D3	87
2567	#FFFFFF	#D3D3D3	87
2568	#FFFFFF	#D3D3D3	87
2569	#FFFFFF	#D3D3D3	87
2570	#FFFFFF	#D3D3D3	87
2571	#FFFFFF	#D3D3D3	87
2572	#FFFFFF	#D3D3D3	87
2573	#FFFFFF	#D3D3D3	87
2574	#FFFFFF	#D3D3D3	87
2575	#FFFFFF	#D3D3D3	87
2577	#CD1076	#000000	431
2578	#CD1076	#000000	431
2579	#FFFFFF	#D3D3D3	87
2580	#FFFFFF	#D3D3D3	87
2581	#FFFFFF	#D3D3D3	87
2582	#FFFFFF	#D3D3D3	87
2583	#FFFFFF	#D3D3D3	147
2584	#FFFFFF	#D3D3D3	87
2585	#FFFFFF	#D3D3D3	87
2586	#FFFFFF	#D3D3D3	87
2587	#FFFFFF	#D3D3D3	87
2588	#FFFFFF	#D3D3D3	87
2589	#CD1076	#000000	230
2590	#FFFFFF	#D3D3D3	87
2591	#FFFFFF	#D3D3D3	87
2592	#FFFFFF	#D3D3D3	87
2593	#FFFFFF	#D3D3D3	87
2594	#FFFFFF	#D3D3D3	87
2595	#FFFFFF	#D3D3D3	34
2596	#FFFFFF	#D3D3D3	87
2597	#FFFFFF	#D3D3D3	34
2598	#FFFFFF	#D3D3D3	34
2599	#FFFFFF	#D3D3D3	34
2600	#CD1076	#000000	49
2601	#FFFFFF	#D3D3D3	34
2602	#FFFFFF	#D3D3D3	34
2603	#FFFFFF	#D3D3D3	34
2604	#FFFFFF	#D3D3D3	34
2605	#FFFFFF	#D3D3D3	34
2606	#FFFFFF	#D3D3D3	34
2607	#FFFFFF	#D3D3D3	34
2608	#FFFFFF	#D3D3D3	87
2609	#FFFFFF	#D3D3D3	87
2610	#FFFFFF	#D3D3D3	87
2611	#CD1076	#000000	49
2612	#FFFFFF	#D3D3D3	87
2613	#FFFFFF	#D3D3D3	34
2614	#FFFFFF	#D3D3D3	87
2615	#FFFFFF	#D3D3D3	34
2616	#FFFFFF	#D3D3D3	34
2617	#FFFFFF	#D3D3D3	87
2618	#FFFFFF	#D3D3D3	87
2619	#FFFFFF	#D3D3D3	87
2620	#FFFFFF	#D3D3D3	34
2621	#FFFFFF	#D3D3D3	34
2622	#FFFFFF	#D3D3D3	87
2623	#FFFFFF	#D3D3D3	87
2624	#FFFFFF	#D3D3D3	87
2625	#FFFFFF	#D3D3D3	87
2626	#FFFFFF	#D3D3D3	87
2628	#CD1076	#000000	230
2629	#CD1076	#000000	230
2630	#FFFFFF	#D3D3D3	87
2631	#FFFFFF	#D3D3D3	87
2632	#FFFFFF	#D3D3D3	87
2633	#FFFFFF	#D3D3D3	147
2634	#FFFFFF	#D3D3D3	87
2635	#FFFFFF	#D3D3D3	87
2636	#FFFFFF	#D3D3D3	87
2637	#FFFFFF	#D3D3D3	87
2638	#FFFFFF	#D3D3D3	87
2639	#FFFFFF	#D3D3D3	87
2640	#CD1076	#000000	49
2641	#FFFFFF	#D3D3D3	87
2642	#FFFFFF	#D3D3D3	87
2643	#FFFFFF	#D3D3D3	87
2644	#FFFFFF	#D3D3D3	87
2645	#FFFFFF	#D3D3D3	34
2646	#FFFFFF	#D3D3D3	87
2647	#FFFFFF	#D3D3D3	87
2648	#FFFFFF	#D3D3D3	34
2649	#FFFFFF	#D3D3D3	34
2650	#FFFFFF	#D3D3D3	34
2651	#CD1076	#000000	49
2652	#FFFFFF	#D3D3D3	34
2653	#FFFFFF	#D3D3D3	34
2654	#FFFFFF	#D3D3D3	34
2655	#FFFFFF	#D3D3D3	34
2656	#FFFFFF	#D3D3D3	34
2657	#FFFFFF	#D3D3D3	34
2658	#FFFFFF	#D3D3D3	87
2659	#FFFFFF	#D3D3D3	87
2660	#FFFFFF	#D3D3D3	87
2661	#FFFFFF	#D3D3D3	87
2662	#CD1076	#000000	21
2663	#FFFFFF	#D3D3D3	34
2664	#FFFFFF	#D3D3D3	87
2665	#FFFFFF	#D3D3D3	87
2666	#FFFFFF	#D3D3D3	34
2667	#FFFFFF	#D3D3D3	87
2668	#FFFFFF	#D3D3D3	87
2669	#FFFFFF	#D3D3D3	87
2670	#FFFFFF	#D3D3D3	87
2671	#FFFFFF	#D3D3D3	34
2672	#FFFFFF	#D3D3D3	87
2673	#FFFFFF	#D3D3D3	87
2674	#FFFFFF	#D3D3D3	87
2675	#FFFFFF	#D3D3D3	87
2676	#FFFFFF	#D3D3D3	87
2678	#CD1076	#000000	433
2679	#CD1076	#000000	230
2680	#FFFFFF	#D3D3D3	87
2681	#FFFFFF	#D3D3D3	87
2682	#FFFFFF	#D3D3D3	87
2683	#FFFFFF	#D3D3D3	147
2684	#FFFFFF	#D3D3D3	87
2685	#FFFFFF	#D3D3D3	147
2686	#FFFFFF	#D3D3D3	147
2687	#FFFFFF	#D3D3D3	87
2688	#FFFFFF	#D3D3D3	87
2689	#FFFFFF	#D3D3D3	87
2690	#CD1076	#000000	49
2691	#FFFFFF	#D3D3D3	87
2692	#FFFFFF	#D3D3D3	87
2693	#FFFFFF	#D3D3D3	87
2694	#FFFFFF	#D3D3D3	87
2695	#FFFFFF	#D3D3D3	87
2696	#FFFFFF	#D3D3D3	87
2697	#FFFFFF	#D3D3D3	87
2698	#FFFFFF	#D3D3D3	87
2699	#FFFFFF	#D3D3D3	34
2700	#FFFFFF	#D3D3D3	34
2701	#CD1076	#000000	49
2702	#FFFFFF	#D3D3D3	34
2703	#FFFFFF	#D3D3D3	34
2704	#FFFFFF	#D3D3D3	34
2705	#FFFFFF	#D3D3D3	34
2706	#FFFFFF	#D3D3D3	34
2707	#FFFFFF	#D3D3D3	34
2708	#FFFFFF	#D3D3D3	34
2709	#FFFFFF	#D3D3D3	87
2710	#FFFFFF	#D3D3D3	87
2711	#FFFFFF	#D3D3D3	87
2712	#CD1076	#000000	49
2713	#FFFFFF	#D3D3D3	34
2714	#FFFFFF	#D3D3D3	34
2715	#FFFFFF	#D3D3D3	34
2716	#FFFFFF	#D3D3D3	87
2717	#FFFFFF	#D3D3D3	34
2718	#FFFFFF	#D3D3D3	87
2719	#FFFFFF	#D3D3D3	87
2720	#FFFFFF	#D3D3D3	34
2721	#FFFFFF	#D3D3D3	87
2722	#FFFFFF	#D3D3D3	87
2723	#CD1076	#000000	21
2724	#FFFFFF	#D3D3D3	87
2725	#FFFFFF	#D3D3D3	87
2726	#FFFFFF	#D3D3D3	87
2727	#FFFFFF	#D3D3D3	87
2729	#CD1076	#000000	433
2730	#CD1076	#000000	230
2731	#FFFFFF	#D3D3D3	87
2732	#FFFFFF	#D3D3D3	87
2733	#FFFFFF	#D3D3D3	147
2734	#FFFFFF	#D3D3D3	147
2735	#FFFFFF	#D3D3D3	147
2736	#FFFFFF	#D3D3D3	147
2737	#FFFFFF	#D3D3D3	87
2738	#FFFFFF	#D3D3D3	87
2739	#FFFFFF	#D3D3D3	87
2740	#FFFFFF	#D3D3D3	87
2741	#CD1076	#000000	230
2742	#FFFFFF	#D3D3D3	87
2743	#FFFFFF	#D3D3D3	87
2744	#FFFFFF	#D3D3D3	87
2745	#FFFFFF	#D3D3D3	87
2746	#FFFFFF	#D3D3D3	87
2747	#FFFFFF	#D3D3D3	87
2748	#FFFFFF	#D3D3D3	87
2749	#FFFFFF	#D3D3D3	87
2750	#FFFFFF	#D3D3D3	87
2751	#FFFFFF	#D3D3D3	34
2752	#CD1076	#000000	49
2753	#FFFFFF	#D3D3D3	34
2754	#FFFFFF	#D3D3D3	34
2755	#FFFFFF	#D3D3D3	34
2756	#FFFFFF	#D3D3D3	34
2757	#FFFFFF	#D3D3D3	34
2758	#FFFFFF	#D3D3D3	34
2759	#FFFFFF	#D3D3D3	87
2760	#FFFFFF	#D3D3D3	87
2761	#FFFFFF	#D3D3D3	87
2762	#FFFFFF	#D3D3D3	87
2763	#CD1076	#000000	21
2764	#FFFFFF	#D3D3D3	87
2765	#FFFFFF	#D3D3D3	34
2766	#FFFFFF	#D3D3D3	34
2767	#FFFFFF	#D3D3D3	87
2768	#FFFFFF	#D3D3D3	34
2769	#FFFFFF	#D3D3D3	87
2770	#FFFFFF	#D3D3D3	34
2771	#FFFFFF	#D3D3D3	34
2772	#FFFFFF	#D3D3D3	87
2773	#CD1076	#000000	21
2774	#FFFFFF	#D3D3D3	87
2775	#FFFFFF	#D3D3D3	87
2776	#FFFFFF	#D3D3D3	87
2777	#FFFFFF	#D3D3D3	87
2779	#CD1076	#000000	433
2780	#CD1076	#000000	230
2781	#FFFFFF	#D3D3D3	87
2782	#FFFFFF	#D3D3D3	87
2783	#FFFFFF	#D3D3D3	87
2784	#FFFFFF	#D3D3D3	87
2785	#FFFFFF	#D3D3D3	147
2786	#FFFFFF	#D3D3D3	147
2787	#FFFFFF	#D3D3D3	147
2788	#FFFFFF	#D3D3D3	87
2789	#FFFFFF	#D3D3D3	87
2790	#FFFFFF	#D3D3D3	87
2791	#CD1076	#000000	230
2792	#FFFFFF	#D3D3D3	87
2793	#FFFFFF	#D3D3D3	87
2794	#FFFFFF	#D3D3D3	87
2795	#FFFFFF	#D3D3D3	87
2796	#FFFFFF	#D3D3D3	34
2797	#FFFFFF	#D3D3D3	87
2798	#FFFFFF	#D3D3D3	87
2799	#FFFFFF	#D3D3D3	87
2800	#FFFFFF	#D3D3D3	87
2801	#FFFFFF	#D3D3D3	87
2802	#CD1076	#000000	49
2803	#FFFFFF	#D3D3D3	34
2804	#FFFFFF	#D3D3D3	34
2805	#FFFFFF	#D3D3D3	34
2806	#FFFFFF	#D3D3D3	34
2807	#FFFFFF	#D3D3D3	34
2808	#FFFFFF	#D3D3D3	34
2809	#FFFFFF	#D3D3D3	87
2810	#FFFFFF	#D3D3D3	87
2811	#FFFFFF	#D3D3D3	87
2812	#FFFFFF	#D3D3D3	87
2813	#CD1076	#000000	49
2814	#FFFFFF	#D3D3D3	87
2815	#FFFFFF	#D3D3D3	34
2816	#FFFFFF	#D3D3D3	34
2817	#FFFFFF	#D3D3D3	87
2818	#FFFFFF	#D3D3D3	87
2819	#FFFFFF	#D3D3D3	34
2820	#FFFFFF	#D3D3D3	34
2821	#FFFFFF	#D3D3D3	34
2822	#FFFFFF	#D3D3D3	34
2823	#FFFFFF	#D3D3D3	34
2824	#CD1076	#000000	21
2825	#CD1076	#000000	21
2826	#FFFFFF	#D3D3D3	87
2827	#FFFFFF	#D3D3D3	87
2828	#FFFFFF	#D3D3D3	87
2830	#CD1076	#000000	433
2831	#CD1076	#000000	230
2832	#FFFFFF	#D3D3D3	87
2833	#FFFFFF	#D3D3D3	87
2834	#FFFFFF	#D3D3D3	87
2835	#FFFFFF	#D3D3D3	87
2836	#FFFFFF	#D3D3D3	147
2837	#FFFFFF	#D3D3D3	147
2838	#FFFFFF	#D3D3D3	87
2839	#FFFFFF	#D3D3D3	87
2840	#FFFFFF	#D3D3D3	87
2841	#FFFFFF	#D3D3D3	87
2842	#CD1076	#000000	49
2843	#FFFFFF	#D3D3D3	87
2844	#FFFFFF	#D3D3D3	87
2845	#FFFFFF	#D3D3D3	87
2846	#FFFFFF	#D3D3D3	34
2847	#FFFFFF	#D3D3D3	87
2848	#FFFFFF	#D3D3D3	87
2849	#FFFFFF	#D3D3D3	87
2850	#FFFFFF	#D3D3D3	34
2851	#FFFFFF	#D3D3D3	34
2852	#FFFFFF	#D3D3D3	34
2853	#CD1076	#000000	49
2854	#FFFFFF	#D3D3D3	34
2855	#FFFFFF	#D3D3D3	34
2856	#FFFFFF	#D3D3D3	34
2857	#FFFFFF	#D3D3D3	34
2858	#FFFFFF	#D3D3D3	34
2859	#FFFFFF	#D3D3D3	34
2860	#FFFFFF	#D3D3D3	87
2861	#FFFFFF	#D3D3D3	87
2862	#FFFFFF	#D3D3D3	87
2863	#FFFFFF	#D3D3D3	87
2864	#CD1076	#000000	21
2865	#FFFFFF	#D3D3D3	34
2866	#FFFFFF	#D3D3D3	34
2867	#FFFFFF	#D3D3D3	34
2868	#FFFFFF	#D3D3D3	34
2869	#FFFFFF	#D3D3D3	34
2870	#FFFFFF	#D3D3D3	34
2871	#FFFFFF	#D3D3D3	34
2872	#FFFFFF	#D3D3D3	34
2873	#FFFFFF	#D3D3D3	34
2874	#CD1076	#000000	21
2875	#CD1076	#000000	21
2876	#FFFFFF	#D3D3D3	87
2877	#FFFFFF	#D3D3D3	87
2878	#FFFFFF	#D3D3D3	87
2880	#CD1076	#000000	433
2881	#CD1076	#000000	230
2882	#FFFFFF	#D3D3D3	87
2883	#FFFFFF	#D3D3D3	87
2884	#FFFFFF	#D3D3D3	87
2885	#FFFFFF	#D3D3D3	87
2886	#FFFFFF	#D3D3D3	147
2887	#FFFFFF	#D3D3D3	87
2888	#FFFFFF	#D3D3D3	147
2889	#FFFFFF	#D3D3D3	87
2890	#FFFFFF	#D3D3D3	87
2891	#FFFFFF	#D3D3D3	87
2892	#CD1076	#000000	49
2893	#FFFFFF	#D3D3D3	87
2894	#FFFFFF	#D3D3D3	87
2895	#FFFFFF	#D3D3D3	87
2896	#FFFFFF	#D3D3D3	87
2897	#FFFFFF	#D3D3D3	34
2898	#FFFFFF	#D3D3D3	34
2899	#FFFFFF	#D3D3D3	87
2900	#FFFFFF	#D3D3D3	34
2901	#FFFFFF	#D3D3D3	34
2902	#FFFFFF	#D3D3D3	34
2903	#CD1076	#000000	49
2904	#FFFFFF	#D3D3D3	34
2905	#FFFFFF	#D3D3D3	34
2906	#FFFFFF	#D3D3D3	34
2907	#FFFFFF	#D3D3D3	34
2908	#FFFFFF	#D3D3D3	34
2909	#FFFFFF	#D3D3D3	34
2910	#FFFFFF	#D3D3D3	34
2911	#FFFFFF	#D3D3D3	87
2912	#FFFFFF	#D3D3D3	87
2913	#FFFFFF	#D3D3D3	87
2914	#CD1076	#000000	49
2915	#FFFFFF	#D3D3D3	87
2916	#FFFFFF	#D3D3D3	34
2917	#FFFFFF	#D3D3D3	34
2918	#FFFFFF	#D3D3D3	34
2919	#FFFFFF	#D3D3D3	34
2920	#FFFFFF	#D3D3D3	34
2921	#FFFFFF	#D3D3D3	34
2922	#FFFFFF	#D3D3D3	34
2923	#FFFFFF	#D3D3D3	34
2924	#FFFFFF	#D3D3D3	34
2925	#CD1076	#000000	21
2926	#CD1076	#000000	21
2927	#CD1076	#000000	21
2928	#FFFFFF	#D3D3D3	87
2929	#FFFFFF	#D3D3D3	87
2931	#CD1076	#000000	230
2932	#CD1076	#000000	230
2933	#FFFFFF	#D3D3D3	87
2934	#FFFFFF	#D3D3D3	87
2935	#FFFFFF	#D3D3D3	87
2936	#FFFFFF	#D3D3D3	147
2937	#FFFFFF	#D3D3D3	87
2938	#FFFFFF	#D3D3D3	147
2939	#FFFFFF	#D3D3D3	87
2940	#FFFFFF	#D3D3D3	87
2941	#FFFFFF	#D3D3D3	87
2942	#FFFFFF	#D3D3D3	87
2943	#CD1076	#000000	49
2944	#FFFFFF	#D3D3D3	87
2945	#FFFFFF	#D3D3D3	87
2946	#FFFFFF	#D3D3D3	87
2947	#FFFFFF	#D3D3D3	87
2948	#FFFFFF	#D3D3D3	34
2949	#FFFFFF	#D3D3D3	87
2950	#FFFFFF	#D3D3D3	87
2951	#FFFFFF	#D3D3D3	34
2952	#FFFFFF	#D3D3D3	34
2953	#FFFFFF	#D3D3D3	34
2954	#CD1076	#000000	49
2955	#FFFFFF	#D3D3D3	34
2956	#FFFFFF	#D3D3D3	34
2957	#FFFFFF	#D3D3D3	34
2958	#FFFFFF	#D3D3D3	34
2959	#FFFFFF	#D3D3D3	34
2960	#FFFFFF	#D3D3D3	87
2961	#FFFFFF	#D3D3D3	87
2962	#FFFFFF	#D3D3D3	87
2963	#FFFFFF	#D3D3D3	87
2964	#FFFFFF	#D3D3D3	87
2965	#CD1076	#000000	21
2966	#FFFFFF	#D3D3D3	87
2967	#FFFFFF	#D3D3D3	87
2968	#FFFFFF	#D3D3D3	34
2969	#FFFFFF	#D3D3D3	34
2970	#FFFFFF	#D3D3D3	34
2971	#FFFFFF	#D3D3D3	34
2972	#FFFFFF	#D3D3D3	34
2973	#FFFFFF	#D3D3D3	34
2974	#FFFFFF	#D3D3D3	34
2975	#CD1076	#000000	21
2976	#CD1076	#000000	21
2977	#CD1076	#000000	21
2978	#FFFFFF	#D3D3D3	87
2979	#FFFFFF	#D3D3D3	87
2981	#CD1076	#000000	68
2982	#CD1076	#000000	230
2983	#FFFFFF	#D3D3D3	87
2984	#FFFFFF	#D3D3D3	87
2985	#FFFFFF	#D3D3D3	87
2986	#FFFFFF	#D3D3D3	87
2987	#FFFFFF	#D3D3D3	87
2988	#FFFFFF	#D3D3D3	87
2989	#FFFFFF	#D3D3D3	147
2990	#FFFFFF	#D3D3D3	87
2991	#FFFFFF	#D3D3D3	87
2992	#FFFFFF	#D3D3D3	87
2993	#CD1076	#000000	49
2994	#FFFFFF	#D3D3D3	87
2995	#FFFFFF	#D3D3D3	87
2996	#FFFFFF	#D3D3D3	87
2997	#FFFFFF	#D3D3D3	87
2998	#FFFFFF	#D3D3D3	87
2999	#FFFFFF	#D3D3D3	34
3000	#FFFFFF	#D3D3D3	34
3001	#FFFFFF	#D3D3D3	34
3002	#FFFFFF	#D3D3D3	34
3003	#FFFFFF	#D3D3D3	34
3004	#CD1076	#000000	49
3005	#FFFFFF	#D3D3D3	34
3006	#FFFFFF	#D3D3D3	34
3007	#FFFFFF	#D3D3D3	34
3008	#FFFFFF	#D3D3D3	34
3009	#FFFFFF	#D3D3D3	34
3010	#FFFFFF	#D3D3D3	34
3011	#FFFFFF	#D3D3D3	87
3012	#FFFFFF	#D3D3D3	87
3013	#FFFFFF	#D3D3D3	87
3014	#FFFFFF	#D3D3D3	87
3015	#CD1076	#000000	49
3016	#FFFFFF	#D3D3D3	87
3017	#FFFFFF	#D3D3D3	87
3018	#FFFFFF	#D3D3D3	87
3019	#FFFFFF	#D3D3D3	34
3020	#FFFFFF	#D3D3D3	34
3021	#FFFFFF	#D3D3D3	34
3022	#FFFFFF	#D3D3D3	34
3023	#FFFFFF	#D3D3D3	34
3024	#FFFFFF	#D3D3D3	34
3025	#FFFFFF	#D3D3D3	34
3026	#CD1076	#000000	21
3027	#CD1076	#000000	21
3028	#CD1076	#000000	21
3029	#CD1076	#000000	21
3030	#FFFFFF	#D3D3D3	87
3032	#CD1076	#000000	68
3033	#CD1076	#000000	230
3034	#FFFFFF	#D3D3D3	87
3035	#FFFFFF	#D3D3D3	87
3036	#FFFFFF	#D3D3D3	87
3037	#FFFFFF	#D3D3D3	87
3038	#FFFFFF	#D3D3D3	87
3039	#FFFFFF	#D3D3D3	147
3040	#FFFFFF	#D3D3D3	147
3041	#FFFFFF	#D3D3D3	147
3042	#FFFFFF	#D3D3D3	87
3043	#FFFFFF	#D3D3D3	87
3044	#CD1076	#000000	49
3045	#FFFFFF	#D3D3D3	87
3046	#FFFFFF	#D3D3D3	87
3047	#FFFFFF	#D3D3D3	87
3048	#FFFFFF	#D3D3D3	87
3049	#FFFFFF	#D3D3D3	87
3050	#FFFFFF	#D3D3D3	34
3051	#FFFFFF	#D3D3D3	34
3052	#FFFFFF	#D3D3D3	34
3053	#FFFFFF	#D3D3D3	34
3054	#FFFFFF	#D3D3D3	34
3055	#CD1076	#000000	49
3056	#FFFFFF	#D3D3D3	34
3057	#FFFFFF	#D3D3D3	34
3058	#FFFFFF	#D3D3D3	34
3059	#FFFFFF	#D3D3D3	34
3060	#FFFFFF	#D3D3D3	34
3061	#FFFFFF	#D3D3D3	34
3062	#FFFFFF	#D3D3D3	87
3063	#FFFFFF	#D3D3D3	87
3064	#FFFFFF	#D3D3D3	87
3065	#FFFFFF	#D3D3D3	87
3066	#CD1076	#000000	49
3067	#FFFFFF	#D3D3D3	87
3068	#FFFFFF	#D3D3D3	87
3069	#FFFFFF	#D3D3D3	34
3070	#FFFFFF	#D3D3D3	34
3071	#FFFFFF	#D3D3D3	34
3072	#FFFFFF	#D3D3D3	34
3073	#FFFFFF	#D3D3D3	34
3074	#FFFFFF	#D3D3D3	34
3075	#FFFFFF	#D3D3D3	34
3076	#CD1076	#000000	49
3077	#CD1076	#000000	21
3078	#CD1076	#000000	21
3079	#CD1076	#000000	11
3080	#FFFFFF	#D3D3D3	87
3082	#CD1076	#000000	68
3083	#CD1076	#000000	230
3084	#FFFFFF	#D3D3D3	87
3085	#FFFFFF	#D3D3D3	87
3086	#FFFFFF	#D3D3D3	87
3087	#FFFFFF	#D3D3D3	87
3088	#FFFFFF	#D3D3D3	147
3089	#FFFFFF	#D3D3D3	147
3090	#FFFFFF	#D3D3D3	147
3091	#FFFFFF	#D3D3D3	147
3092	#FFFFFF	#D3D3D3	87
3093	#FFFFFF	#D3D3D3	87
3094	#CD1076	#000000	49
3095	#FFFFFF	#D3D3D3	87
3096	#FFFFFF	#D3D3D3	87
3097	#FFFFFF	#D3D3D3	87
3098	#FFFFFF	#D3D3D3	87
3099	#FFFFFF	#D3D3D3	87
3100	#FFFFFF	#D3D3D3	87
3101	#FFFFFF	#D3D3D3	87
3102	#FFFFFF	#D3D3D3	34
3103	#FFFFFF	#D3D3D3	87
3104	#FFFFFF	#D3D3D3	34
3105	#CD1076	#000000	49
3106	#FFFFFF	#D3D3D3	87
3107	#FFFFFF	#D3D3D3	34
3108	#FFFFFF	#D3D3D3	87
3109	#FFFFFF	#D3D3D3	34
3110	#FFFFFF	#D3D3D3	34
3111	#FFFFFF	#D3D3D3	34
3112	#FFFFFF	#D3D3D3	34
3113	#FFFFFF	#D3D3D3	87
3114	#FFFFFF	#D3D3D3	87
3115	#FFFFFF	#D3D3D3	87
3116	#CD1076	#000000	49
3117	#FFFFFF	#D3D3D3	87
3118	#FFFFFF	#D3D3D3	87
3119	#FFFFFF	#D3D3D3	34
3120	#FFFFFF	#D3D3D3	34
3121	#FFFFFF	#D3D3D3	34
3122	#FFFFFF	#D3D3D3	34
3123	#FFFFFF	#D3D3D3	34
3124	#FFFFFF	#D3D3D3	34
3125	#FFFFFF	#D3D3D3	34
3126	#FFFFFF	#D3D3D3	34
3127	#CD1076	#000000	49
3128	#CD1076	#000000	21
3129	#CD1076	#000000	21
3130	#CD1076	#000000	11
3131	#CD1076	#000000	11
3133	#CD1076	#000000	68
3134	#CD1076	#000000	230
3135	#FFFFFF	#D3D3D3	147
3136	#FFFFFF	#D3D3D3	147
3137	#FFFFFF	#D3D3D3	87
3138	#FFFFFF	#D3D3D3	147
3139	#FFFFFF	#D3D3D3	147
3140	#FFFFFF	#D3D3D3	147
3141	#FFFFFF	#D3D3D3	147
3142	#FFFFFF	#D3D3D3	87
3143	#FFFFFF	#D3D3D3	87
3144	#FFFFFF	#D3D3D3	87
3145	#CD1076	#000000	49
3146	#FFFFFF	#D3D3D3	87
3147	#FFFFFF	#D3D3D3	87
3148	#FFFFFF	#D3D3D3	87
3149	#FFFFFF	#D3D3D3	87
3150	#FFFFFF	#D3D3D3	87
3151	#FFFFFF	#D3D3D3	87
3152	#FFFFFF	#D3D3D3	87
3153	#FFFFFF	#D3D3D3	34
3154	#FFFFFF	#D3D3D3	87
3155	#FFFFFF	#D3D3D3	87
3156	#CD1076	#000000	49
3157	#FFFFFF	#D3D3D3	87
3158	#FFFFFF	#D3D3D3	87
3159	#FFFFFF	#D3D3D3	87
3160	#FFFFFF	#D3D3D3	87
3161	#FFFFFF	#D3D3D3	34
3162	#FFFFFF	#D3D3D3	34
3163	#FFFFFF	#D3D3D3	34
3164	#FFFFFF	#D3D3D3	87
3165	#FFFFFF	#D3D3D3	87
3166	#FFFFFF	#D3D3D3	87
3167	#CD1076	#000000	49
3168	#FFFFFF	#D3D3D3	87
3169	#FFFFFF	#D3D3D3	34
3170	#FFFFFF	#D3D3D3	87
3171	#FFFFFF	#D3D3D3	87
3172	#FFFFFF	#D3D3D3	34
3173	#FFFFFF	#D3D3D3	34
3174	#FFFFFF	#D3D3D3	34
3175	#FFFFFF	#D3D3D3	34
3176	#FFFFFF	#D3D3D3	34
3177	#CD1076	#000000	49
3178	#CD1076	#000000	21
3179	#CD1076	#000000	21
3180	#CD1076	#000000	11
3181	#CD1076	#000000	11
3183	#CD1076	#000000	68
3184	#CD1076	#000000	68
3185	#CD1076	#000000	11
3186	#FFFFFF	#D3D3D3	147
3187	#FFFFFF	#D3D3D3	147
3188	#FFFFFF	#D3D3D3	147
3189	#FFFFFF	#D3D3D3	147
3190	#FFFFFF	#D3D3D3	147
3191	#FFFFFF	#D3D3D3	147
3192	#FFFFFF	#D3D3D3	147
3193	#FFFFFF	#D3D3D3	87
3194	#FFFFFF	#D3D3D3	87
3195	#CD1076	#000000	52
3196	#FFFFFF	#D3D3D3	87
3197	#FFFFFF	#D3D3D3	87
3198	#FFFFFF	#D3D3D3	87
3199	#FFFFFF	#D3D3D3	87
3200	#FFFFFF	#D3D3D3	87
3201	#FFFFFF	#D3D3D3	87
3202	#FFFFFF	#D3D3D3	87
3203	#FFFFFF	#D3D3D3	34
3204	#FFFFFF	#D3D3D3	87
3205	#FFFFFF	#D3D3D3	87
3206	#CD1076	#000000	49
3207	#FFFFFF	#D3D3D3	87
3208	#FFFFFF	#D3D3D3	87
3209	#FFFFFF	#D3D3D3	87
3210	#FFFFFF	#D3D3D3	87
3211	#FFFFFF	#D3D3D3	87
3212	#FFFFFF	#D3D3D3	87
3213	#FFFFFF	#D3D3D3	34
3214	#FFFFFF	#D3D3D3	34
3215	#FFFFFF	#D3D3D3	87
3216	#FFFFFF	#D3D3D3	87
3217	#CD1076	#000000	49
3218	#FFFFFF	#D3D3D3	87
3219	#FFFFFF	#D3D3D3	87
3220	#FFFFFF	#D3D3D3	87
3221	#FFFFFF	#D3D3D3	87
3222	#FFFFFF	#D3D3D3	34
3223	#FFFFFF	#D3D3D3	34
3224	#FFFFFF	#D3D3D3	34
3225	#FFFFFF	#D3D3D3	34
3226	#FFFFFF	#D3D3D3	34
3227	#FFFFFF	#D3D3D3	34
3228	#CD1076	#000000	21
3229	#CD1076	#000000	21
3230	#CD1076	#000000	21
3231	#CD1076	#000000	21
3232	#CD1076	#000000	11
3234	#CD1076	#000000	68
3235	#CD1076	#000000	52
3236	#CD1076	#000000	11
3237	#FFFFFF	#D3D3D3	147
3238	#FFFFFF	#D3D3D3	147
3239	#FFFFFF	#D3D3D3	147
3240	#FFFFFF	#D3D3D3	147
3241	#FFFFFF	#D3D3D3	147
3242	#FFFFFF	#D3D3D3	147
3243	#FFFFFF	#D3D3D3	87
3244	#FFFFFF	#D3D3D3	87
3245	#FFFFFF	#D3D3D3	87
3246	#CD1076	#000000	49
3247	#FFFFFF	#D3D3D3	87
3248	#FFFFFF	#D3D3D3	476
3249	#FFFFFF	#D3D3D3	87
3250	#FFFFFF	#D3D3D3	87
3251	#FFFFFF	#D3D3D3	87
3252	#FFFFFF	#D3D3D3	34
3253	#FFFFFF	#D3D3D3	34
3254	#FFFFFF	#D3D3D3	87
3255	#FFFFFF	#D3D3D3	87
3256	#FFFFFF	#D3D3D3	87
3257	#CD1076	#000000	49
3258	#FFFFFF	#D3D3D3	87
3259	#FFFFFF	#D3D3D3	87
3260	#FFFFFF	#D3D3D3	87
3261	#FFFFFF	#D3D3D3	87
3262	#FFFFFF	#D3D3D3	87
3263	#FFFFFF	#D3D3D3	34
3264	#FFFFFF	#D3D3D3	34
3265	#FFFFFF	#D3D3D3	34
3266	#FFFFFF	#D3D3D3	87
3267	#FFFFFF	#D3D3D3	87
3268	#CD1076	#000000	49
3269	#FFFFFF	#D3D3D3	87
3270	#FFFFFF	#D3D3D3	87
3271	#FFFFFF	#D3D3D3	87
3272	#FFFFFF	#D3D3D3	87
3273	#FFFFFF	#D3D3D3	34
3274	#FFFFFF	#D3D3D3	87
3275	#FFFFFF	#D3D3D3	34
3276	#FFFFFF	#D3D3D3	34
3277	#FFFFFF	#D3D3D3	34
3278	#CD1076	#000000	21
3279	#CD1076	#000000	21
3280	#CD1076	#000000	313
3281	#CD1076	#000000	11
3282	#CD1076	#000000	11
3284	#CD1076	#000000	68
3285	#CD1076	#000000	52
3286	#CD1076	#000000	11
3287	#CD1076	#000000	11
3288	#FFFFFF	#D3D3D3	147
3289	#FFFFFF	#D3D3D3	147
3290	#FFFFFF	#D3D3D3	147
3291	#FFFFFF	#D3D3D3	147
3292	#FFFFFF	#D3D3D3	147
3293	#FFFFFF	#D3D3D3	147
3294	#FFFFFF	#D3D3D3	87
3295	#FFFFFF	#D3D3D3	87
3296	#CD1076	#000000	52
3297	#FFFFFF	#D3D3D3	87
3298	#FFFFFF	#D3D3D3	476
3299	#FFFFFF	#D3D3D3	87
3300	#FFFFFF	#D3D3D3	87
3301	#FFFFFF	#D3D3D3	87
3302	#FFFFFF	#D3D3D3	87
3303	#FFFFFF	#D3D3D3	34
3304	#FFFFFF	#D3D3D3	87
3305	#FFFFFF	#D3D3D3	87
3306	#FFFFFF	#D3D3D3	87
3307	#CD1076	#000000	52
3308	#FFFFFF	#D3D3D3	87
3309	#FFFFFF	#D3D3D3	87
3310	#FFFFFF	#D3D3D3	87
3311	#FFFFFF	#D3D3D3	87
3312	#FFFFFF	#D3D3D3	87
3313	#FFFFFF	#D3D3D3	87
3314	#FFFFFF	#D3D3D3	34
3315	#FFFFFF	#D3D3D3	34
3316	#FFFFFF	#D3D3D3	34
3317	#FFFFFF	#D3D3D3	87
3318	#CD1076	#000000	49
3319	#FFFFFF	#D3D3D3	87
3320	#FFFFFF	#D3D3D3	87
3321	#FFFFFF	#D3D3D3	87
3322	#FFFFFF	#D3D3D3	87
3323	#FFFFFF	#D3D3D3	87
3324	#FFFFFF	#D3D3D3	87
3325	#FFFFFF	#D3D3D3	34
3326	#FFFFFF	#D3D3D3	34
3327	#FFFFFF	#D3D3D3	34
3328	#FFFFFF	#D3D3D3	87
3329	#CD1076	#000000	21
3330	#CD1076	#000000	21
3331	#CD1076	#000000	21
3332	#CD1076	#000000	313
3333	#CD1076	#000000	313
3335	#CD1076	#000000	68
3336	#CD1076	#000000	52
3337	#CD1076	#000000	313
3338	#CD1076	#000000	11
3339	#FFFFFF	#D3D3D3	147
3340	#FFFFFF	#D3D3D3	147
3341	#FFFFFF	#D3D3D3	147
3342	#FFFFFF	#D3D3D3	147
3343	#FFFFFF	#D3D3D3	147
3344	#FFFFFF	#D3D3D3	87
3345	#FFFFFF	#D3D3D3	87
3346	#FFFFFF	#D3D3D3	87
3347	#CD1076	#000000	52
3348	#FFFFFF	#D3D3D3	87
3349	#FFFFFF	#D3D3D3	476
3350	#FFFFFF	#D3D3D3	87
3351	#FFFFFF	#D3D3D3	87
3352	#FFFFFF	#D3D3D3	87
3353	#FFFFFF	#D3D3D3	34
3354	#FFFFFF	#D3D3D3	87
3355	#FFFFFF	#D3D3D3	87
3356	#FFFFFF	#D3D3D3	87
3357	#FFFFFF	#D3D3D3	87
3358	#CD1076	#000000	52
3359	#FFFFFF	#D3D3D3	87
3360	#FFFFFF	#D3D3D3	87
3361	#FFFFFF	#D3D3D3	87
3362	#FFFFFF	#D3D3D3	87
3363	#FFFFFF	#D3D3D3	34
3364	#FFFFFF	#D3D3D3	34
3365	#FFFFFF	#D3D3D3	34
3366	#FFFFFF	#D3D3D3	34
3367	#FFFFFF	#D3D3D3	34
3368	#FFFFFF	#D3D3D3	87
3369	#CD1076	#000000	21
3370	#FFFFFF	#D3D3D3	87
3371	#FFFFFF	#D3D3D3	87
3372	#FFFFFF	#D3D3D3	87
3373	#FFFFFF	#D3D3D3	87
3374	#FFFFFF	#D3D3D3	87
3375	#FFFFFF	#D3D3D3	87
3376	#FFFFFF	#D3D3D3	87
3377	#FFFFFF	#D3D3D3	87
3378	#FFFFFF	#D3D3D3	87
3379	#CD1076	#000000	21
3380	#CD1076	#000000	21
3381	#CD1076	#000000	21
3382	#CD1076	#000000	313
3383	#CD1076	#000000	313
3385	#FFFFFF	#D3D3D3	87
3386	#FFFFFF	#D3D3D3	87
3387	#FFFFFF	#D3D3D3	87
3388	#FFFFFF	#D3D3D3	87
3389	#FFFFFF	#D3D3D3	34
3390	#FFFFFF	#D3D3D3	34
3391	#FFFFFF	#D3D3D3	34
3392	#FFFFFF	#D3D3D3	87
3393	#FFFFFF	#D3D3D3	87
3394	#FFFFFF	#D3D3D3	34
3395	#FFFFFF	#D3D3D3	34
3396	#FFFFFF	#D3D3D3	34
3397	#FFFFFF	#D3D3D3	87
3398	#FFFFFF	#D3D3D3	34
3399	#FFFFFF	#D3D3D3	34
3400	#FFFFFF	#D3D3D3	34
3401	#FFFFFF	#D3D3D3	34
3402	#FFFFFF	#D3D3D3	34
3403	#FFFFFF	#D3D3D3	34
3404	#FFFFFF	#D3D3D3	34
3405	#FFFFFF	#D3D3D3	355
3406	#FFFFFF	#D3D3D3	34
3407	#FFFFFF	#D3D3D3	34
3408	#FFFFFF	#D3D3D3	87
3409	#FFFFFF	#D3D3D3	34
3410	#FFFFFF	#D3D3D3	34
3411	#FFFFFF	#D3D3D3	34
3412	#FFFFFF	#D3D3D3	34
3413	#FFFFFF	#D3D3D3	34
3414	#FFFFFF	#D3D3D3	34
3415	#FFFFFF	#D3D3D3	34
3416	#FFFFFF	#D3D3D3	34
3417	#FFFFFF	#D3D3D3	34
3418	#FFFFFF	#D3D3D3	34
3419	#FFFFFF	#D3D3D3	87
3420	#FFFFFF	#D3D3D3	34
3430	#FFFFFF	#D3D3D3	87
3431	#FFFFFF	#D3D3D3	87
3432	#FFFFFF	#D3D3D3	87
3433	#FFFFFF	#D3D3D3	87
3434	#FFFFFF	#D3D3D3	87
3436	#FFFFFF	#D3D3D3	87
3437	#FFFFFF	#D3D3D3	87
3438	#FFFFFF	#D3D3D3	87
3439	#FFFFFF	#D3D3D3	87
3440	#FFFFFF	#D3D3D3	34
3441	#FFFFFF	#D3D3D3	34
3442	#FFFFFF	#D3D3D3	34
3443	#FFFFFF	#D3D3D3	87
3444	#FFFFFF	#D3D3D3	87
3445	#FFFFFF	#D3D3D3	34
3446	#FFFFFF	#D3D3D3	34
3447	#FFFFFF	#D3D3D3	34
3448	#FFFFFF	#D3D3D3	87
3449	#FFFFFF	#D3D3D3	34
3450	#FFFFFF	#D3D3D3	34
3451	#FFFFFF	#D3D3D3	34
3452	#FFFFFF	#D3D3D3	355
3453	#FFFFFF	#D3D3D3	34
3454	#FFFFFF	#D3D3D3	355
3455	#FFFFFF	#D3D3D3	355
3456	#FFFFFF	#D3D3D3	34
3457	#FFFFFF	#D3D3D3	34
3458	#FFFFFF	#D3D3D3	34
3459	#FFFFFF	#D3D3D3	87
3460	#FFFFFF	#D3D3D3	34
3461	#FFFFFF	#D3D3D3	34
3462	#FFFFFF	#D3D3D3	34
3463	#FFFFFF	#D3D3D3	34
3464	#FFFFFF	#D3D3D3	34
3465	#FFFFFF	#D3D3D3	34
3466	#FFFFFF	#D3D3D3	34
3467	#FFFFFF	#D3D3D3	34
3468	#FFFFFF	#D3D3D3	34
3469	#FFFFFF	#D3D3D3	34
3470	#FFFFFF	#D3D3D3	87
3471	#FFFFFF	#D3D3D3	34
3480	#FFFFFF	#D3D3D3	87
3481	#FFFFFF	#D3D3D3	87
3482	#FFFFFF	#D3D3D3	87
3483	#FFFFFF	#D3D3D3	87
3484	#FFFFFF	#D3D3D3	87
3486	#CD1076	#000000	68
3487	#CD1076	#000000	52
3488	#CD1076	#000000	313
3489	#CD1076	#000000	313
3490	#CD1076	#000000	11
3491	#FFFFFF	#D3D3D3	147
3492	#FFFFFF	#D3D3D3	147
3493	#FFFFFF	#D3D3D3	147
3494	#FFFFFF	#D3D3D3	87
3495	#FFFFFF	#D3D3D3	87
3496	#FFFFFF	#D3D3D3	87
3497	#FFFFFF	#D3D3D3	87
3498	#CD1076	#000000	52
3499	#FFFFFF	#D3D3D3	87
3500	#FFFFFF	#D3D3D3	476
3501	#FFFFFF	#D3D3D3	87
3502	#FFFFFF	#D3D3D3	87
3503	#FFFFFF	#D3D3D3	87
3504	#FFFFFF	#D3D3D3	87
3505	#FFFFFF	#D3D3D3	34
3506	#FFFFFF	#D3D3D3	87
3507	#FFFFFF	#D3D3D3	87
3508	#FFFFFF	#D3D3D3	87
3509	#CD1076	#000000	52
3510	#FFFFFF	#D3D3D3	87
3511	#FFFFFF	#D3D3D3	87
3512	#FFFFFF	#D3D3D3	87
3513	#FFFFFF	#D3D3D3	87
3514	#FFFFFF	#D3D3D3	87
3515	#FFFFFF	#D3D3D3	34
3516	#FFFFFF	#D3D3D3	34
3517	#FFFFFF	#D3D3D3	34
3518	#FFFFFF	#D3D3D3	34
3519	#FFFFFF	#D3D3D3	34
3520	#CD1076	#000000	100
3521	#FFFFFF	#D3D3D3	87
3522	#FFFFFF	#D3D3D3	34
3523	#FFFFFF	#D3D3D3	87
3524	#FFFFFF	#D3D3D3	87
3525	#FFFFFF	#D3D3D3	87
3526	#FFFFFF	#D3D3D3	87
3527	#FFFFFF	#D3D3D3	87
3528	#FFFFFF	#D3D3D3	87
3529	#FFFFFF	#D3D3D3	87
3530	#FFFFFF	#D3D3D3	87
3531	#CD1076	#000000	21
3532	#CD1076	#000000	21
3533	#CD1076	#000000	21
3534	#CD1076	#000000	21
3535	#CD1076	#000000	313
3537	#CD1076	#000000	68
3538	#CD1076	#000000	52
3539	#CD1076	#000000	11
3540	#CD1076	#000000	11
3541	#CD1076	#000000	11
3542	#FFFFFF	#D3D3D3	147
3543	#FFFFFF	#D3D3D3	147
3544	#FFFFFF	#D3D3D3	147
3545	#FFFFFF	#D3D3D3	87
3546	#FFFFFF	#D3D3D3	87
3547	#FFFFFF	#D3D3D3	87
3548	#FFFFFF	#D3D3D3	476
3549	#CD1076	#000000	52
3550	#FFFFFF	#D3D3D3	476
3551	#FFFFFF	#D3D3D3	87
3552	#FFFFFF	#D3D3D3	87
3553	#FFFFFF	#D3D3D3	87
3554	#FFFFFF	#D3D3D3	87
3555	#FFFFFF	#D3D3D3	87
3556	#FFFFFF	#D3D3D3	34
3557	#FFFFFF	#D3D3D3	87
3558	#FFFFFF	#D3D3D3	87
3559	#FFFFFF	#D3D3D3	87
3560	#CD1076	#000000	100
3561	#FFFFFF	#D3D3D3	87
3562	#FFFFFF	#D3D3D3	87
3563	#FFFFFF	#D3D3D3	87
3564	#FFFFFF	#D3D3D3	87
3565	#FFFFFF	#D3D3D3	87
3566	#FFFFFF	#D3D3D3	34
3567	#FFFFFF	#D3D3D3	34
3568	#FFFFFF	#D3D3D3	34
3569	#FFFFFF	#D3D3D3	34
3570	#FFFFFF	#D3D3D3	34
3571	#CD1076	#000000	100
3572	#FFFFFF	#D3D3D3	87
3573	#FFFFFF	#D3D3D3	34
3574	#FFFFFF	#D3D3D3	87
3575	#FFFFFF	#D3D3D3	87
3576	#FFFFFF	#D3D3D3	87
3577	#FFFFFF	#D3D3D3	87
3578	#FFFFFF	#D3D3D3	87
3579	#FFFFFF	#D3D3D3	87
3580	#FFFFFF	#D3D3D3	87
3581	#CD1076	#000000	21
3582	#CD1076	#000000	21
3583	#CD1076	#000000	21
3584	#CD1076	#000000	313
3585	#CD1076	#000000	11
3587	#CD1076	#000000	68
3588	#CD1076	#000000	52
3589	#CD1076	#000000	11
3590	#CD1076	#000000	11
3591	#CD1076	#000000	11
3592	#CD1076	#000000	11
3593	#FFFFFF	#D3D3D3	147
3594	#FFFFFF	#D3D3D3	87
3595	#FFFFFF	#D3D3D3	87
3596	#FFFFFF	#D3D3D3	87
3597	#FFFFFF	#D3D3D3	87
3598	#FFFFFF	#D3D3D3	87
3599	#CD1076	#000000	52
3600	#FFFFFF	#D3D3D3	476
3601	#FFFFFF	#D3D3D3	476
3602	#FFFFFF	#D3D3D3	87
3603	#FFFFFF	#D3D3D3	87
3604	#FFFFFF	#D3D3D3	87
3605	#FFFFFF	#D3D3D3	87
3606	#FFFFFF	#D3D3D3	87
3607	#FFFFFF	#D3D3D3	87
3608	#FFFFFF	#D3D3D3	87
3609	#FFFFFF	#D3D3D3	87
3610	#CD1076	#000000	100
3611	#FFFFFF	#D3D3D3	87
3612	#FFFFFF	#D3D3D3	87
3613	#FFFFFF	#D3D3D3	87
3614	#FFFFFF	#D3D3D3	87
3615	#FFFFFF	#D3D3D3	87
3616	#FFFFFF	#D3D3D3	34
3617	#FFFFFF	#D3D3D3	34
3618	#FFFFFF	#D3D3D3	34
3619	#FFFFFF	#D3D3D3	34
3620	#FFFFFF	#D3D3D3	34
3621	#CD1076	#000000	100
3622	#FFFFFF	#D3D3D3	34
3623	#FFFFFF	#D3D3D3	34
3624	#FFFFFF	#D3D3D3	34
3625	#FFFFFF	#D3D3D3	87
3626	#FFFFFF	#D3D3D3	87
3627	#FFFFFF	#D3D3D3	87
3628	#FFFFFF	#D3D3D3	87
3629	#FFFFFF	#D3D3D3	87
3630	#FFFFFF	#D3D3D3	87
3631	#FFFFFF	#D3D3D3	87
3632	#CD1076	#000000	21
3633	#CD1076	#000000	21
3634	#CD1076	#000000	21
3635	#CD1076	#000000	313
3636	#CD1076	#000000	313
3638	#CD1076	#000000	68
3639	#CD1076	#000000	52
3640	#CD1076	#000000	11
3641	#CD1076	#000000	11
3642	#CD1076	#000000	11
3643	#CD1076	#000000	11
3644	#FFFFFF	#D3D3D3	87
3645	#FFFFFF	#D3D3D3	87
3646	#FFFFFF	#D3D3D3	87
3647	#FFFFFF	#D3D3D3	87
3648	#FFFFFF	#D3D3D3	476
3649	#FFFFFF	#D3D3D3	476
3650	#CD1076	#000000	52
3651	#FFFFFF	#D3D3D3	476
3652	#FFFFFF	#D3D3D3	476
3653	#FFFFFF	#D3D3D3	476
3654	#FFFFFF	#D3D3D3	87
3655	#FFFFFF	#D3D3D3	87
3656	#FFFFFF	#D3D3D3	87
3657	#FFFFFF	#D3D3D3	87
3658	#FFFFFF	#D3D3D3	87
3659	#FFFFFF	#D3D3D3	87
3660	#FFFFFF	#D3D3D3	87
3661	#CD1076	#000000	100
3662	#FFFFFF	#D3D3D3	87
3663	#FFFFFF	#D3D3D3	87
3664	#FFFFFF	#D3D3D3	87
3665	#FFFFFF	#D3D3D3	87
3666	#FFFFFF	#D3D3D3	34
3667	#FFFFFF	#D3D3D3	34
3668	#FFFFFF	#D3D3D3	34
3669	#FFFFFF	#D3D3D3	34
3670	#FFFFFF	#D3D3D3	34
3671	#FFFFFF	#D3D3D3	34
3672	#CD1076	#000000	100
3673	#FFFFFF	#D3D3D3	34
3674	#FFFFFF	#D3D3D3	87
3675	#FFFFFF	#D3D3D3	87
3676	#FFFFFF	#D3D3D3	87
3677	#FFFFFF	#D3D3D3	87
3678	#FFFFFF	#D3D3D3	87
3679	#FFFFFF	#D3D3D3	87
3680	#FFFFFF	#D3D3D3	87
3681	#FFFFFF	#D3D3D3	87
3682	#CD1076	#000000	21
3683	#CD1076	#000000	21
3684	#CD1076	#000000	11
3685	#CD1076	#000000	11
3686	#CD1076	#000000	11
3688	#CD1076	#000000	68
3689	#CD1076	#000000	52
3690	#CD1076	#000000	11
3691	#CD1076	#000000	11
3692	#CD1076	#000000	11
3693	#CD1076	#000000	11
3694	#CD1076	#000000	11
3695	#FFFFFF	#D3D3D3	87
3696	#FFFFFF	#D3D3D3	87
3697	#FFFFFF	#D3D3D3	87
3698	#FFFFFF	#D3D3D3	476
3699	#FFFFFF	#D3D3D3	476
3700	#CD1076	#000000	52
3701	#FFFFFF	#D3D3D3	476
3702	#FFFFFF	#D3D3D3	87
3703	#FFFFFF	#D3D3D3	476
3704	#FFFFFF	#D3D3D3	87
3705	#FFFFFF	#D3D3D3	87
3706	#FFFFFF	#D3D3D3	87
3707	#FFFFFF	#D3D3D3	87
3708	#FFFFFF	#D3D3D3	87
3709	#FFFFFF	#D3D3D3	87
3710	#FFFFFF	#D3D3D3	87
3711	#CD1076	#000000	52
3712	#FFFFFF	#D3D3D3	87
3713	#FFFFFF	#D3D3D3	87
3714	#FFFFFF	#D3D3D3	87
3715	#FFFFFF	#D3D3D3	87
3716	#FFFFFF	#D3D3D3	87
3717	#FFFFFF	#D3D3D3	87
3718	#FFFFFF	#D3D3D3	34
3719	#FFFFFF	#D3D3D3	34
3720	#FFFFFF	#D3D3D3	34
3721	#FFFFFF	#D3D3D3	34
3722	#CD1076	#000000	100
3723	#FFFFFF	#D3D3D3	87
3724	#FFFFFF	#D3D3D3	87
3725	#FFFFFF	#D3D3D3	87
3726	#FFFFFF	#D3D3D3	87
3727	#FFFFFF	#D3D3D3	87
3728	#FFFFFF	#D3D3D3	87
3729	#FFFFFF	#D3D3D3	87
3730	#FFFFFF	#D3D3D3	87
3731	#FFFFFF	#D3D3D3	87
3732	#FFFFFF	#D3D3D3	87
3733	#CD1076	#000000	11
3734	#CD1076	#000000	21
3735	#CD1076	#000000	21
3736	#CD1076	#000000	11
3737	#CD1076	#000000	11
3739	#CD1076	#000000	68
3740	#CD1076	#000000	68
3741	#CD1076	#000000	11
3742	#CD1076	#000000	11
3743	#CD1076	#000000	11
3744	#CD1076	#000000	11
3745	#CD1076	#000000	11
3746	#FFFFFF	#D3D3D3	87
3747	#FFFFFF	#D3D3D3	87
3748	#FFFFFF	#D3D3D3	476
3749	#FFFFFF	#D3D3D3	476
3750	#FFFFFF	#D3D3D3	87
3751	#CD1076	#000000	100
3752	#FFFFFF	#D3D3D3	87
3753	#FFFFFF	#D3D3D3	87
3754	#FFFFFF	#D3D3D3	476
3755	#FFFFFF	#D3D3D3	87
3756	#FFFFFF	#D3D3D3	87
3757	#FFFFFF	#D3D3D3	87
3758	#FFFFFF	#D3D3D3	87
3759	#FFFFFF	#D3D3D3	87
3760	#FFFFFF	#D3D3D3	87
3761	#FFFFFF	#D3D3D3	87
3762	#CD1076	#000000	100
3763	#FFFFFF	#D3D3D3	87
3764	#FFFFFF	#D3D3D3	87
3765	#FFFFFF	#D3D3D3	87
3766	#FFFFFF	#D3D3D3	87
3767	#FFFFFF	#D3D3D3	87
3768	#FFFFFF	#D3D3D3	87
3769	#FFFFFF	#D3D3D3	34
3770	#FFFFFF	#D3D3D3	34
3771	#FFFFFF	#D3D3D3	34
3772	#FFFFFF	#D3D3D3	87
3773	#CD1076	#000000	11
3774	#FFFFFF	#D3D3D3	87
3775	#FFFFFF	#D3D3D3	87
3776	#FFFFFF	#D3D3D3	87
3777	#FFFFFF	#D3D3D3	87
3778	#FFFFFF	#D3D3D3	87
3779	#FFFFFF	#D3D3D3	87
3780	#FFFFFF	#D3D3D3	87
3781	#FFFFFF	#D3D3D3	87
3782	#FFFFFF	#D3D3D3	87
3783	#CD1076	#000000	11
3784	#CD1076	#000000	21
3785	#CD1076	#000000	21
3786	#CD1076	#000000	11
3787	#CD1076	#000000	11
3789	#CD1076	#000000	68
3790	#CD1076	#000000	68
3791	#CD1076	#000000	11
3792	#CD1076	#000000	11
3793	#CD1076	#000000	11
3794	#CD1076	#000000	11
3795	#CD1076	#000000	11
3796	#CD1076	#000000	311
3797	#FFFFFF	#D3D3D3	87
3798	#FFFFFF	#D3D3D3	87
3799	#FFFFFF	#D3D3D3	87
3800	#FFFFFF	#D3D3D3	476
3801	#CD1076	#000000	100
3802	#FFFFFF	#D3D3D3	87
3803	#FFFFFF	#D3D3D3	87
3804	#FFFFFF	#D3D3D3	87
3805	#FFFFFF	#D3D3D3	87
3806	#FFFFFF	#D3D3D3	87
3807	#FFFFFF	#D3D3D3	87
3808	#FFFFFF	#D3D3D3	87
3809	#FFFFFF	#D3D3D3	87
3810	#FFFFFF	#D3D3D3	87
3811	#FFFFFF	#D3D3D3	87
3812	#CD1076	#000000	100
3813	#FFFFFF	#D3D3D3	87
3814	#FFFFFF	#D3D3D3	87
3815	#FFFFFF	#D3D3D3	87
3816	#FFFFFF	#D3D3D3	87
3817	#FFFFFF	#D3D3D3	87
3818	#FFFFFF	#D3D3D3	87
3819	#FFFFFF	#D3D3D3	34
3820	#FFFFFF	#D3D3D3	34
3821	#FFFFFF	#D3D3D3	34
3822	#FFFFFF	#D3D3D3	34
3823	#CD1076	#000000	29
3824	#FFFFFF	#D3D3D3	87
3825	#FFFFFF	#D3D3D3	87
3826	#FFFFFF	#D3D3D3	87
3827	#FFFFFF	#D3D3D3	87
3828	#FFFFFF	#D3D3D3	87
3829	#FFFFFF	#D3D3D3	87
3830	#FFFFFF	#D3D3D3	87
3831	#FFFFFF	#D3D3D3	87
3832	#FFFFFF	#D3D3D3	87
3833	#FFFFFF	#D3D3D3	2
3834	#CD1076	#000000	29
3835	#CD1076	#000000	11
3836	#CD1076	#000000	21
3837	#CD1076	#000000	11
3838	#CD1076	#000000	11
3840	#CD1076	#000000	68
3841	#CD1076	#000000	68
3842	#CD1076	#000000	11
3843	#CD1076	#000000	11
3844	#CD1076	#000000	11
3845	#CD1076	#000000	11
3846	#CD1076	#000000	11
3847	#CD1076	#000000	311
3848	#FFFFFF	#D3D3D3	87
3849	#FFFFFF	#D3D3D3	87
3850	#FFFFFF	#D3D3D3	87
3851	#FFFFFF	#D3D3D3	87
3852	#CD1076	#000000	100
3853	#FFFFFF	#D3D3D3	87
3854	#FFFFFF	#D3D3D3	87
3855	#FFFFFF	#D3D3D3	87
3856	#FFFFFF	#D3D3D3	87
3857	#FFFFFF	#D3D3D3	87
3858	#FFFFFF	#D3D3D3	87
3859	#FFFFFF	#D3D3D3	87
3860	#FFFFFF	#D3D3D3	87
3861	#FFFFFF	#D3D3D3	87
3862	#FFFFFF	#D3D3D3	87
3863	#CD1076	#000000	29
3864	#FFFFFF	#D3D3D3	87
3865	#FFFFFF	#D3D3D3	87
3866	#FFFFFF	#D3D3D3	87
3867	#FFFFFF	#D3D3D3	87
3868	#FFFFFF	#D3D3D3	87
3869	#FFFFFF	#D3D3D3	87
3870	#FFFFFF	#D3D3D3	87
3871	#FFFFFF	#D3D3D3	87
3872	#FFFFFF	#D3D3D3	34
3873	#FFFFFF	#D3D3D3	87
3874	#CD1076	#000000	29
3875	#FFFFFF	#D3D3D3	87
3876	#FFFFFF	#D3D3D3	87
3877	#FFFFFF	#D3D3D3	87
3878	#FFFFFF	#D3D3D3	87
3879	#FFFFFF	#D3D3D3	87
3880	#FFFFFF	#D3D3D3	87
3881	#FFFFFF	#D3D3D3	87
3882	#FFFFFF	#D3D3D3	87
3883	#FFFFFF	#D3D3D3	2
3884	#CD1076	#000000	29
3885	#CD1076	#000000	11
3886	#CD1076	#000000	21
3887	#CD1076	#000000	11
3888	#CD1076	#000000	11
3890	#CD1076	#000000	68
3891	#CD1076	#000000	68
3892	#CD1076	#000000	11
3893	#CD1076	#000000	11
3894	#CD1076	#000000	11
3895	#CD1076	#000000	11
3896	#CD1076	#000000	311
3897	#CD1076	#000000	311
3898	#CD1076	#000000	311
3899	#FFFFFF	#D3D3D3	187
3900	#FFFFFF	#D3D3D3	187
3901	#FFFFFF	#D3D3D3	187
3902	#CD1076	#000000	100
3903	#FFFFFF	#D3D3D3	187
3904	#FFFFFF	#D3D3D3	87
3905	#FFFFFF	#D3D3D3	187
3906	#FFFFFF	#D3D3D3	87
3907	#FFFFFF	#D3D3D3	187
3908	#FFFFFF	#D3D3D3	87
3909	#FFFFFF	#D3D3D3	87
3910	#FFFFFF	#D3D3D3	87
3911	#FFFFFF	#D3D3D3	87
3912	#FFFFFF	#D3D3D3	87
3913	#CD1076	#000000	100
3914	#FFFFFF	#D3D3D3	87
3915	#FFFFFF	#D3D3D3	87
3916	#FFFFFF	#D3D3D3	87
3917	#FFFFFF	#D3D3D3	87
3918	#FFFFFF	#D3D3D3	87
3919	#FFFFFF	#D3D3D3	87
3920	#FFFFFF	#D3D3D3	87
3921	#FFFFFF	#D3D3D3	87
3922	#FFFFFF	#D3D3D3	87
3923	#FFFFFF	#D3D3D3	34
3924	#CD1076	#000000	100
3925	#FFFFFF	#D3D3D3	87
3926	#FFFFFF	#D3D3D3	87
3927	#FFFFFF	#D3D3D3	87
3928	#FFFFFF	#D3D3D3	87
3929	#FFFFFF	#D3D3D3	87
3930	#FFFFFF	#D3D3D3	87
3931	#FFFFFF	#D3D3D3	2
3932	#FFFFFF	#D3D3D3	2
3933	#FFFFFF	#D3D3D3	87
3934	#FFFFFF	#D3D3D3	2
3935	#CD1076	#000000	29
3936	#CD1076	#000000	29
3937	#CD1076	#000000	11
3938	#CD1076	#000000	11
3939	#CD1076	#000000	11
3941	#CD1076	#000000	68
3942	#CD1076	#000000	100
3943	#CD1076	#000000	11
3944	#CD1076	#000000	11
3945	#CD1076	#000000	11
3946	#CD1076	#000000	311
3947	#CD1076	#000000	311
3948	#CD1076	#000000	11
3949	#CD1076	#000000	11
3950	#FFFFFF	#D3D3D3	187
3951	#FFFFFF	#D3D3D3	187
3952	#FFFFFF	#D3D3D3	187
3953	#CD1076	#000000	100
3954	#FFFFFF	#D3D3D3	187
3955	#FFFFFF	#D3D3D3	187
3956	#FFFFFF	#D3D3D3	187
3957	#FFFFFF	#D3D3D3	187
3958	#FFFFFF	#D3D3D3	87
3959	#FFFFFF	#D3D3D3	87
3960	#FFFFFF	#D3D3D3	87
3961	#FFFFFF	#D3D3D3	87
3962	#FFFFFF	#D3D3D3	87
3963	#FFFFFF	#D3D3D3	87
3964	#CD1076	#000000	100
3965	#FFFFFF	#D3D3D3	87
3966	#FFFFFF	#D3D3D3	87
3967	#FFFFFF	#D3D3D3	87
3968	#FFFFFF	#D3D3D3	87
3969	#FFFFFF	#D3D3D3	87
3970	#FFFFFF	#D3D3D3	87
3971	#FFFFFF	#D3D3D3	87
3972	#FFFFFF	#D3D3D3	87
3973	#FFFFFF	#D3D3D3	87
3974	#FFFFFF	#D3D3D3	87
3975	#CD1076	#000000	100
3976	#FFFFFF	#D3D3D3	87
3977	#FFFFFF	#D3D3D3	87
3978	#FFFFFF	#D3D3D3	87
3979	#FFFFFF	#D3D3D3	87
3980	#FFFFFF	#D3D3D3	87
3981	#FFFFFF	#D3D3D3	2
3982	#FFFFFF	#D3D3D3	2
3983	#FFFFFF	#D3D3D3	2
3984	#FFFFFF	#D3D3D3	2
3985	#CD1076	#000000	29
3986	#CD1076	#000000	29
3987	#CD1076	#000000	11
3988	#CD1076	#000000	11
3989	#CD1076	#000000	11
4042	#FFFFFF	#D3D3D3	87
4043	#FFFFFF	#D3D3D3	87
4044	#FFFFFF	#D3D3D3	87
4045	#FFFFFF	#D3D3D3	87
4046	#FFFFFF	#D3D3D3	34
4047	#FFFFFF	#D3D3D3	34
4048	#FFFFFF	#D3D3D3	34
4049	#FFFFFF	#D3D3D3	34
4050	#FFFFFF	#D3D3D3	87
4051	#FFFFFF	#D3D3D3	87
4052	#FFFFFF	#D3D3D3	87
4053	#FFFFFF	#D3D3D3	34
4054	#FFFFFF	#D3D3D3	87
4055	#FFFFFF	#D3D3D3	34
4056	#FFFFFF	#D3D3D3	34
4057	#FFFFFF	#D3D3D3	34
4058	#FFFFFF	#D3D3D3	34
4059	#FFFFFF	#D3D3D3	355
4060	#FFFFFF	#D3D3D3	355
4061	#FFFFFF	#D3D3D3	355
4062	#FFFFFF	#D3D3D3	355
4063	#FFFFFF	#D3D3D3	355
4064	#FFFFFF	#D3D3D3	34
4065	#FFFFFF	#D3D3D3	87
4066	#FFFFFF	#D3D3D3	34
4067	#FFFFFF	#D3D3D3	34
4068	#FFFFFF	#D3D3D3	34
4069	#FFFFFF	#D3D3D3	34
4070	#FFFFFF	#D3D3D3	34
4071	#FFFFFF	#D3D3D3	34
4072	#FFFFFF	#D3D3D3	34
4073	#FFFFFF	#D3D3D3	34
4074	#FFFFFF	#D3D3D3	34
4075	#FFFFFF	#D3D3D3	34
4076	#FFFFFF	#D3D3D3	87
4077	#FFFFFF	#D3D3D3	34
4078	#FFFFFF	#D3D3D3	34
4087	#FFFFFF	#D3D3D3	87
4088	#FFFFFF	#D3D3D3	87
4089	#FFFFFF	#D3D3D3	87
4090	#FFFFFF	#D3D3D3	87
4091	#FFFFFF	#D3D3D3	87
4093	#FFFFFF	#D3D3D3	87
4094	#FFFFFF	#D3D3D3	87
4095	#FFFFFF	#D3D3D3	87
4096	#FFFFFF	#D3D3D3	87
4097	#FFFFFF	#D3D3D3	34
4098	#FFFFFF	#D3D3D3	34
4099	#FFFFFF	#D3D3D3	34
4100	#FFFFFF	#D3D3D3	87
4101	#FFFFFF	#D3D3D3	87
4102	#FFFFFF	#D3D3D3	87
4103	#FFFFFF	#D3D3D3	87
4104	#FFFFFF	#D3D3D3	34
4105	#FFFFFF	#D3D3D3	87
4106	#FFFFFF	#D3D3D3	34
4107	#FFFFFF	#D3D3D3	34
4108	#FFFFFF	#D3D3D3	34
4109	#FFFFFF	#D3D3D3	355
4110	#FFFFFF	#D3D3D3	355
4111	#FFFFFF	#D3D3D3	355
4112	#FFFFFF	#D3D3D3	355
4113	#FFFFFF	#D3D3D3	355
4114	#FFFFFF	#D3D3D3	34
4115	#FFFFFF	#D3D3D3	34
4116	#FFFFFF	#D3D3D3	87
4117	#FFFFFF	#D3D3D3	34
4118	#FFFFFF	#D3D3D3	34
4119	#FFFFFF	#D3D3D3	34
4120	#FFFFFF	#D3D3D3	34
4121	#FFFFFF	#D3D3D3	34
4122	#FFFFFF	#D3D3D3	34
4123	#FFFFFF	#D3D3D3	34
4124	#FFFFFF	#D3D3D3	34
4125	#FFFFFF	#D3D3D3	34
4126	#FFFFFF	#D3D3D3	34
4127	#FFFFFF	#D3D3D3	87
4128	#FFFFFF	#D3D3D3	34
4129	#FFFFFF	#D3D3D3	34
4137	#FFFFFF	#D3D3D3	87
4138	#FFFFFF	#D3D3D3	87
4139	#FFFFFF	#D3D3D3	87
4140	#FFFFFF	#D3D3D3	87
4141	#FFFFFF	#D3D3D3	87
4143	#FFFFFF	#D3D3D3	87
4144	#FFFFFF	#D3D3D3	87
4145	#FFFFFF	#D3D3D3	87
4146	#FFFFFF	#D3D3D3	87
4147	#FFFFFF	#D3D3D3	87
4148	#FFFFFF	#D3D3D3	87
4149	#FFFFFF	#D3D3D3	87
4150	#FFFFFF	#D3D3D3	87
4151	#FFFFFF	#D3D3D3	87
4152	#FFFFFF	#D3D3D3	87
4153	#FFFFFF	#D3D3D3	87
4154	#FFFFFF	#D3D3D3	34
4155	#FFFFFF	#D3D3D3	87
4156	#FFFFFF	#D3D3D3	34
4157	#FFFFFF	#D3D3D3	34
4158	#FFFFFF	#D3D3D3	34
4159	#FFFFFF	#D3D3D3	34
4160	#FFFFFF	#D3D3D3	34
4161	#FFFFFF	#D3D3D3	355
4162	#FFFFFF	#D3D3D3	355
4163	#FFFFFF	#D3D3D3	34
4164	#FFFFFF	#D3D3D3	34
4165	#FFFFFF	#D3D3D3	34
4166	#FFFFFF	#D3D3D3	87
4167	#FFFFFF	#D3D3D3	34
4168	#FFFFFF	#D3D3D3	34
4169	#FFFFFF	#D3D3D3	34
4170	#FFFFFF	#D3D3D3	34
4171	#FFFFFF	#D3D3D3	34
4172	#FFFFFF	#D3D3D3	34
4173	#FFFFFF	#D3D3D3	34
4174	#FFFFFF	#D3D3D3	34
4175	#FFFFFF	#D3D3D3	34
4176	#FFFFFF	#D3D3D3	34
4177	#FFFFFF	#D3D3D3	87
4178	#FFFFFF	#D3D3D3	34
4179	#FFFFFF	#D3D3D3	34
4180	#FFFFFF	#D3D3D3	34
4188	#FFFFFF	#D3D3D3	87
4189	#FFFFFF	#D3D3D3	87
4190	#FFFFFF	#D3D3D3	87
4191	#FFFFFF	#D3D3D3	87
4192	#FFFFFF	#D3D3D3	87
4194	#FFFFFF	#D3D3D3	87
4195	#FFFFFF	#D3D3D3	87
4196	#FFFFFF	#D3D3D3	87
4197	#FFFFFF	#D3D3D3	87
4198	#FFFFFF	#D3D3D3	87
4199	#FFFFFF	#D3D3D3	87
4200	#FFFFFF	#D3D3D3	87
4201	#FFFFFF	#D3D3D3	87
4202	#FFFFFF	#D3D3D3	34
4203	#FFFFFF	#D3D3D3	34
4204	#FFFFFF	#D3D3D3	34
4205	#FFFFFF	#D3D3D3	34
4206	#FFFFFF	#D3D3D3	87
4207	#FFFFFF	#D3D3D3	34
4208	#FFFFFF	#D3D3D3	34
4209	#FFFFFF	#D3D3D3	34
4210	#FFFFFF	#D3D3D3	34
4211	#FFFFFF	#D3D3D3	34
4212	#FFFFFF	#D3D3D3	355
4213	#FFFFFF	#D3D3D3	34
4214	#FFFFFF	#D3D3D3	34
4215	#FFFFFF	#D3D3D3	34
4216	#FFFFFF	#D3D3D3	34
4217	#FFFFFF	#D3D3D3	87
4218	#FFFFFF	#D3D3D3	34
4219	#FFFFFF	#D3D3D3	34
4220	#FFFFFF	#D3D3D3	34
4221	#FFFFFF	#D3D3D3	34
4222	#FFFFFF	#D3D3D3	34
4223	#FFFFFF	#D3D3D3	34
4224	#FFFFFF	#D3D3D3	34
4225	#FFFFFF	#D3D3D3	34
4226	#FFFFFF	#D3D3D3	34
4227	#FFFFFF	#D3D3D3	34
4228	#FFFFFF	#D3D3D3	87
4229	#FFFFFF	#D3D3D3	34
4230	#FFFFFF	#D3D3D3	34
4231	#FFFFFF	#D3D3D3	34
4238	#FFFFFF	#D3D3D3	87
4239	#FFFFFF	#D3D3D3	87
4240	#FFFFFF	#D3D3D3	87
4241	#FFFFFF	#D3D3D3	87
4242	#FFFFFF	#D3D3D3	87
4244	#FFFFFF	#D3D3D3	87
4245	#FFFFFF	#D3D3D3	87
4246	#FFFFFF	#D3D3D3	87
4247	#FFFFFF	#D3D3D3	87
4248	#FFFFFF	#D3D3D3	87
4249	#FFFFFF	#D3D3D3	87
4250	#FFFFFF	#D3D3D3	87
4251	#FFFFFF	#D3D3D3	87
4252	#FFFFFF	#D3D3D3	87
4253	#FFFFFF	#D3D3D3	34
4254	#FFFFFF	#D3D3D3	34
4255	#FFFFFF	#D3D3D3	34
4256	#FFFFFF	#D3D3D3	87
4257	#FFFFFF	#D3D3D3	34
4258	#FFFFFF	#D3D3D3	34
4259	#FFFFFF	#D3D3D3	34
4260	#FFFFFF	#D3D3D3	34
4261	#FFFFFF	#D3D3D3	87
4262	#FFFFFF	#D3D3D3	34
4263	#FFFFFF	#D3D3D3	355
4264	#FFFFFF	#D3D3D3	355
4265	#FFFFFF	#D3D3D3	34
4266	#FFFFFF	#D3D3D3	34
4267	#FFFFFF	#D3D3D3	87
4268	#FFFFFF	#D3D3D3	34
4269	#FFFFFF	#D3D3D3	34
4270	#FFFFFF	#D3D3D3	34
4271	#FFFFFF	#D3D3D3	34
4272	#FFFFFF	#D3D3D3	34
4273	#FFFFFF	#D3D3D3	34
4274	#FFFFFF	#D3D3D3	34
4275	#FFFFFF	#D3D3D3	34
4276	#FFFFFF	#D3D3D3	34
4277	#FFFFFF	#D3D3D3	34
4278	#FFFFFF	#D3D3D3	87
4279	#FFFFFF	#D3D3D3	34
4280	#FFFFFF	#D3D3D3	34
4281	#FFFFFF	#D3D3D3	34
4282	#FFFFFF	#D3D3D3	34
4289	#FFFFFF	#D3D3D3	87
4290	#FFFFFF	#D3D3D3	87
4291	#FFFFFF	#D3D3D3	87
4292	#FFFFFF	#D3D3D3	87
4293	#FFFFFF	#D3D3D3	87
4295	#FFFFFF	#D3D3D3	87
4296	#FFFFFF	#D3D3D3	87
4297	#FFFFFF	#D3D3D3	87
4298	#FFFFFF	#D3D3D3	87
4299	#FFFFFF	#D3D3D3	87
4300	#FFFFFF	#D3D3D3	87
4301	#FFFFFF	#D3D3D3	34
4302	#FFFFFF	#D3D3D3	34
4303	#FFFFFF	#D3D3D3	87
4304	#FFFFFF	#D3D3D3	34
4305	#FFFFFF	#D3D3D3	87
4306	#FFFFFF	#D3D3D3	34
4307	#FFFFFF	#D3D3D3	87
4308	#FFFFFF	#D3D3D3	87
4309	#FFFFFF	#D3D3D3	34
4310	#FFFFFF	#D3D3D3	34
4311	#FFFFFF	#D3D3D3	34
4312	#FFFFFF	#D3D3D3	87
4313	#FFFFFF	#D3D3D3	355
4314	#FFFFFF	#D3D3D3	355
4315	#FFFFFF	#D3D3D3	34
4316	#FFFFFF	#D3D3D3	34
4317	#FFFFFF	#D3D3D3	34
4318	#FFFFFF	#D3D3D3	87
4319	#FFFFFF	#D3D3D3	34
4320	#FFFFFF	#D3D3D3	34
4321	#FFFFFF	#D3D3D3	34
4322	#FFFFFF	#D3D3D3	34
4323	#FFFFFF	#D3D3D3	87
4324	#FFFFFF	#D3D3D3	87
4325	#FFFFFF	#D3D3D3	34
4326	#FFFFFF	#D3D3D3	34
4327	#FFFFFF	#D3D3D3	34
4328	#FFFFFF	#D3D3D3	34
4329	#FFFFFF	#D3D3D3	87
4330	#FFFFFF	#D3D3D3	34
4331	#FFFFFF	#D3D3D3	34
4332	#FFFFFF	#D3D3D3	34
4333	#FFFFFF	#D3D3D3	34
4339	#FFFFFF	#D3D3D3	87
4340	#FFFFFF	#D3D3D3	87
4341	#FFFFFF	#D3D3D3	87
4342	#FFFFFF	#D3D3D3	87
4343	#FFFFFF	#D3D3D3	87
4345	#FFFFFF	#D3D3D3	87
4346	#FFFFFF	#D3D3D3	87
4347	#FFFFFF	#D3D3D3	87
4348	#FFFFFF	#D3D3D3	87
4349	#FFFFFF	#D3D3D3	87
4350	#FFFFFF	#D3D3D3	87
4351	#FFFFFF	#D3D3D3	34
4352	#FFFFFF	#D3D3D3	34
4353	#FFFFFF	#D3D3D3	34
4354	#FFFFFF	#D3D3D3	34
4355	#FFFFFF	#D3D3D3	87
4356	#FFFFFF	#D3D3D3	87
4357	#FFFFFF	#D3D3D3	87
4358	#FFFFFF	#D3D3D3	87
4359	#FFFFFF	#D3D3D3	87
4360	#FFFFFF	#D3D3D3	34
4361	#FFFFFF	#D3D3D3	87
4362	#FFFFFF	#D3D3D3	87
4363	#FFFFFF	#D3D3D3	34
4364	#FFFFFF	#D3D3D3	34
4365	#FFFFFF	#D3D3D3	34
4366	#FFFFFF	#D3D3D3	34
4367	#FFFFFF	#D3D3D3	87
4368	#FFFFFF	#D3D3D3	87
4369	#FFFFFF	#D3D3D3	87
4370	#FFFFFF	#D3D3D3	34
4371	#FFFFFF	#D3D3D3	34
4372	#FFFFFF	#D3D3D3	34
4373	#FFFFFF	#D3D3D3	34
4374	#FFFFFF	#D3D3D3	87
4375	#FFFFFF	#D3D3D3	34
4376	#FFFFFF	#D3D3D3	34
4377	#FFFFFF	#D3D3D3	34
4378	#FFFFFF	#D3D3D3	34
4379	#FFFFFF	#D3D3D3	87
4380	#FFFFFF	#D3D3D3	34
4381	#FFFFFF	#D3D3D3	34
4382	#FFFFFF	#D3D3D3	34
4383	#FFFFFF	#D3D3D3	34
4384	#FFFFFF	#D3D3D3	34
4390	#FFFFFF	#D3D3D3	87
4391	#FFFFFF	#D3D3D3	87
4392	#FFFFFF	#D3D3D3	87
4393	#FFFFFF	#D3D3D3	87
4394	#FFFFFF	#D3D3D3	87
4396	#FFFFFF	#D3D3D3	87
4397	#FFFFFF	#D3D3D3	87
4398	#FFFFFF	#D3D3D3	87
4399	#FFFFFF	#D3D3D3	87
4400	#FFFFFF	#D3D3D3	87
4401	#FFFFFF	#D3D3D3	87
4402	#FFFFFF	#D3D3D3	34
4403	#FFFFFF	#D3D3D3	34
4404	#FFFFFF	#D3D3D3	34
4405	#FFFFFF	#D3D3D3	87
4406	#FFFFFF	#D3D3D3	87
4407	#FFFFFF	#D3D3D3	87
4408	#FFFFFF	#D3D3D3	87
4409	#FFFFFF	#D3D3D3	87
4410	#FFFFFF	#D3D3D3	34
4411	#FFFFFF	#D3D3D3	87
4412	#FFFFFF	#D3D3D3	87
4413	#FFFFFF	#D3D3D3	34
4414	#FFFFFF	#D3D3D3	34
4415	#FFFFFF	#D3D3D3	34
4416	#FFFFFF	#D3D3D3	34
4417	#FFFFFF	#D3D3D3	34
4418	#FFFFFF	#D3D3D3	87
4419	#FFFFFF	#D3D3D3	87
4420	#FFFFFF	#D3D3D3	34
4421	#FFFFFF	#D3D3D3	34
4422	#FFFFFF	#D3D3D3	34
4423	#FFFFFF	#D3D3D3	34
4424	#FFFFFF	#D3D3D3	87
4425	#FFFFFF	#D3D3D3	87
4426	#FFFFFF	#D3D3D3	34
4427	#FFFFFF	#D3D3D3	34
4428	#FFFFFF	#D3D3D3	34
4429	#FFFFFF	#D3D3D3	34
4430	#FFFFFF	#D3D3D3	87
4431	#FFFFFF	#D3D3D3	34
4432	#FFFFFF	#D3D3D3	34
4433	#FFFFFF	#D3D3D3	34
4434	#FFFFFF	#D3D3D3	34
4435	#FFFFFF	#D3D3D3	34
4440	#FFFFFF	#D3D3D3	87
4441	#FFFFFF	#D3D3D3	87
4442	#FFFFFF	#D3D3D3	87
4443	#FFFFFF	#D3D3D3	87
4444	#FFFFFF	#D3D3D3	87
4446	#FFFFFF	#D3D3D3	87
4447	#FFFFFF	#D3D3D3	87
4448	#FFFFFF	#D3D3D3	87
4449	#FFFFFF	#D3D3D3	87
4450	#FFFFFF	#D3D3D3	87
4451	#FFFFFF	#D3D3D3	87
4452	#FFFFFF	#D3D3D3	34
4453	#FFFFFF	#D3D3D3	34
4454	#FFFFFF	#D3D3D3	34
4455	#FFFFFF	#D3D3D3	87
4456	#FFFFFF	#D3D3D3	87
4457	#FFFFFF	#D3D3D3	87
4458	#FFFFFF	#D3D3D3	87
4459	#FFFFFF	#D3D3D3	87
4460	#FFFFFF	#D3D3D3	87
4461	#FFFFFF	#D3D3D3	87
4462	#FFFFFF	#D3D3D3	87
4463	#FFFFFF	#D3D3D3	87
4464	#FFFFFF	#D3D3D3	87
4465	#FFFFFF	#D3D3D3	34
4466	#FFFFFF	#D3D3D3	34
4467	#FFFFFF	#D3D3D3	34
4468	#FFFFFF	#D3D3D3	87
4469	#FFFFFF	#D3D3D3	87
4470	#FFFFFF	#D3D3D3	34
4471	#FFFFFF	#D3D3D3	34
4472	#FFFFFF	#D3D3D3	34
4473	#FFFFFF	#D3D3D3	34
4474	#FFFFFF	#D3D3D3	87
4475	#FFFFFF	#D3D3D3	34
4476	#FFFFFF	#D3D3D3	34
4477	#FFFFFF	#D3D3D3	34
4478	#FFFFFF	#D3D3D3	34
4479	#FFFFFF	#D3D3D3	34
4480	#FFFFFF	#D3D3D3	87
4481	#FFFFFF	#D3D3D3	34
4482	#FFFFFF	#D3D3D3	34
4483	#FFFFFF	#D3D3D3	34
4484	#FFFFFF	#D3D3D3	34
4485	#FFFFFF	#D3D3D3	34
4486	#FFFFFF	#D3D3D3	34
4491	#FFFFFF	#D3D3D3	87
4492	#FFFFFF	#D3D3D3	87
4493	#FFFFFF	#D3D3D3	87
4494	#FFFFFF	#D3D3D3	87
4495	#FFFFFF	#D3D3D3	87
4497	#FFFFFF	#D3D3D3	87
4498	#FFFFFF	#D3D3D3	87
4499	#FFFFFF	#D3D3D3	87
4500	#FFFFFF	#D3D3D3	87
4501	#FFFFFF	#D3D3D3	87
4502	#FFFFFF	#D3D3D3	87
4503	#FFFFFF	#D3D3D3	34
4504	#FFFFFF	#D3D3D3	34
4505	#FFFFFF	#D3D3D3	87
4506	#FFFFFF	#D3D3D3	87
4507	#FFFFFF	#D3D3D3	87
4508	#FFFFFF	#D3D3D3	87
4509	#FFFFFF	#D3D3D3	87
4510	#FFFFFF	#D3D3D3	87
4511	#FFFFFF	#D3D3D3	87
4512	#FFFFFF	#D3D3D3	87
4513	#FFFFFF	#D3D3D3	87
4514	#FFFFFF	#D3D3D3	87
4515	#FFFFFF	#D3D3D3	87
4516	#FFFFFF	#D3D3D3	87
4517	#FFFFFF	#D3D3D3	87
4518	#FFFFFF	#D3D3D3	87
4519	#FFFFFF	#D3D3D3	87
4520	#FFFFFF	#D3D3D3	87
4521	#FFFFFF	#D3D3D3	34
4522	#FFFFFF	#D3D3D3	34
4523	#FFFFFF	#D3D3D3	34
4524	#FFFFFF	#D3D3D3	34
4525	#FFFFFF	#D3D3D3	87
4526	#FFFFFF	#D3D3D3	34
4527	#FFFFFF	#D3D3D3	34
4528	#FFFFFF	#D3D3D3	34
4529	#FFFFFF	#D3D3D3	34
4530	#FFFFFF	#D3D3D3	34
4531	#FFFFFF	#D3D3D3	87
4532	#FFFFFF	#D3D3D3	34
4533	#FFFFFF	#D3D3D3	34
4534	#FFFFFF	#D3D3D3	34
4535	#FFFFFF	#D3D3D3	34
4536	#FFFFFF	#D3D3D3	34
4537	#FFFFFF	#D3D3D3	34
4541	#FFFFFF	#D3D3D3	87
4542	#FFFFFF	#D3D3D3	87
4543	#FFFFFF	#D3D3D3	87
4544	#FFFFFF	#D3D3D3	87
4545	#FFFFFF	#D3D3D3	87
4547	#FFFFFF	#D3D3D3	87
4548	#FFFFFF	#D3D3D3	87
4549	#FFFFFF	#D3D3D3	87
4550	#FFFFFF	#D3D3D3	87
4551	#FFFFFF	#D3D3D3	87
4552	#FFFFFF	#D3D3D3	87
4553	#FFFFFF	#D3D3D3	87
4554	#FFFFFF	#D3D3D3	34
4555	#FFFFFF	#D3D3D3	34
4556	#FFFFFF	#D3D3D3	34
4557	#FFFFFF	#D3D3D3	34
4558	#FFFFFF	#D3D3D3	34
4559	#FFFFFF	#D3D3D3	87
4560	#FFFFFF	#D3D3D3	34
4561	#FFFFFF	#D3D3D3	34
4562	#FFFFFF	#D3D3D3	34
4563	#FFFFFF	#D3D3D3	34
4564	#FFFFFF	#D3D3D3	34
4565	#FFFFFF	#D3D3D3	34
4566	#FFFFFF	#D3D3D3	355
4567	#FFFFFF	#D3D3D3	355
4568	#FFFFFF	#D3D3D3	355
4569	#FFFFFF	#D3D3D3	34
4570	#FFFFFF	#D3D3D3	87
4571	#FFFFFF	#D3D3D3	355
4572	#FFFFFF	#D3D3D3	34
4573	#FFFFFF	#D3D3D3	34
4574	#FFFFFF	#D3D3D3	34
4575	#FFFFFF	#D3D3D3	34
4576	#FFFFFF	#D3D3D3	34
4577	#FFFFFF	#D3D3D3	34
4581	#FFFFFF	#D3D3D3	87
4592	#FFFFFF	#D3D3D3	87
4593	#FFFFFF	#D3D3D3	87
4594	#FFFFFF	#D3D3D3	87
4595	#FFFFFF	#D3D3D3	87
4596	#FFFFFF	#D3D3D3	87
4598	#FFFFFF	#D3D3D3	87
4599	#FFFFFF	#D3D3D3	87
4600	#FFFFFF	#D3D3D3	87
4601	#FFFFFF	#D3D3D3	87
4602	#FFFFFF	#D3D3D3	87
4603	#FFFFFF	#D3D3D3	87
4604	#FFFFFF	#D3D3D3	87
4605	#FFFFFF	#D3D3D3	87
4606	#FFFFFF	#D3D3D3	34
4607	#FFFFFF	#D3D3D3	34
4608	#FFFFFF	#D3D3D3	34
4609	#FFFFFF	#D3D3D3	34
4610	#FFFFFF	#D3D3D3	87
4611	#FFFFFF	#D3D3D3	34
4612	#FFFFFF	#D3D3D3	34
4613	#FFFFFF	#D3D3D3	34
4614	#FFFFFF	#D3D3D3	34
4615	#FFFFFF	#D3D3D3	34
4616	#FFFFFF	#D3D3D3	355
4617	#FFFFFF	#D3D3D3	355
4618	#FFFFFF	#D3D3D3	355
4619	#FFFFFF	#D3D3D3	355
4620	#FFFFFF	#D3D3D3	34
4621	#FFFFFF	#D3D3D3	87
4622	#FFFFFF	#D3D3D3	355
4623	#FFFFFF	#D3D3D3	34
4624	#FFFFFF	#D3D3D3	34
4625	#FFFFFF	#D3D3D3	34
4626	#FFFFFF	#D3D3D3	34
4627	#FFFFFF	#D3D3D3	34
4632	#FFFFFF	#D3D3D3	87
4642	#FFFFFF	#D3D3D3	87
4643	#FFFFFF	#D3D3D3	87
4644	#FFFFFF	#D3D3D3	87
4645	#FFFFFF	#D3D3D3	87
4646	#FFFFFF	#D3D3D3	87
4648	#FFFFFF	#D3D3D3	87
4649	#FFFFFF	#D3D3D3	87
4650	#FFFFFF	#D3D3D3	87
4651	#FFFFFF	#D3D3D3	87
4652	#FFFFFF	#D3D3D3	87
4653	#FFFFFF	#D3D3D3	87
4654	#FFFFFF	#D3D3D3	87
4655	#FFFFFF	#D3D3D3	87
4656	#FFFFFF	#D3D3D3	34
4657	#FFFFFF	#D3D3D3	34
4658	#FFFFFF	#D3D3D3	34
4659	#FFFFFF	#D3D3D3	34
4660	#FFFFFF	#D3D3D3	87
4661	#FFFFFF	#D3D3D3	34
4662	#FFFFFF	#D3D3D3	34
4663	#FFFFFF	#D3D3D3	34
4664	#FFFFFF	#D3D3D3	34
4665	#FFFFFF	#D3D3D3	34
4666	#FFFFFF	#D3D3D3	34
4667	#FFFFFF	#D3D3D3	355
4668	#FFFFFF	#D3D3D3	355
4669	#FFFFFF	#D3D3D3	355
4670	#FFFFFF	#D3D3D3	355
4671	#FFFFFF	#D3D3D3	87
4672	#FFFFFF	#D3D3D3	355
4673	#FFFFFF	#D3D3D3	34
4674	#FFFFFF	#D3D3D3	34
4675	#FFFFFF	#D3D3D3	34
4676	#FFFFFF	#D3D3D3	34
4677	#FFFFFF	#D3D3D3	34
4682	#FFFFFF	#D3D3D3	87
4693	#FFFFFF	#D3D3D3	87
4694	#FFFFFF	#D3D3D3	87
4695	#FFFFFF	#D3D3D3	87
4696	#FFFFFF	#D3D3D3	87
4697	#FFFFFF	#D3D3D3	87
4699	#FFFFFF	#D3D3D3	87
4700	#FFFFFF	#D3D3D3	87
4701	#FFFFFF	#D3D3D3	87
4702	#FFFFFF	#D3D3D3	87
4703	#FFFFFF	#D3D3D3	87
4704	#FFFFFF	#D3D3D3	87
4705	#FFFFFF	#D3D3D3	87
4706	#FFFFFF	#D3D3D3	87
4707	#FFFFFF	#D3D3D3	87
4708	#FFFFFF	#D3D3D3	34
4709	#FFFFFF	#D3D3D3	34
4710	#FFFFFF	#D3D3D3	34
4711	#FFFFFF	#D3D3D3	87
4712	#FFFFFF	#D3D3D3	34
4713	#FFFFFF	#D3D3D3	34
4714	#FFFFFF	#D3D3D3	34
4715	#FFFFFF	#D3D3D3	34
4716	#FFFFFF	#D3D3D3	34
4717	#FFFFFF	#D3D3D3	355
4718	#FFFFFF	#D3D3D3	34
4719	#FFFFFF	#D3D3D3	355
4720	#FFFFFF	#D3D3D3	355
4721	#FFFFFF	#D3D3D3	355
4722	#FFFFFF	#D3D3D3	87
4723	#FFFFFF	#D3D3D3	34
4724	#FFFFFF	#D3D3D3	34
4725	#FFFFFF	#D3D3D3	34
4726	#FFFFFF	#D3D3D3	34
4727	#FFFFFF	#D3D3D3	34
4733	#FFFFFF	#D3D3D3	87
4743	#FFFFFF	#D3D3D3	87
4744	#FFFFFF	#D3D3D3	87
4745	#FFFFFF	#D3D3D3	87
4746	#FFFFFF	#D3D3D3	87
4747	#FFFFFF	#D3D3D3	87
4749	#FFFFFF	#D3D3D3	87
4750	#FFFFFF	#D3D3D3	87
4751	#FFFFFF	#D3D3D3	87
4752	#FFFFFF	#D3D3D3	87
4753	#FFFFFF	#D3D3D3	87
4754	#FFFFFF	#D3D3D3	87
4755	#FFFFFF	#D3D3D3	87
4756	#FFFFFF	#D3D3D3	87
4757	#FFFFFF	#D3D3D3	87
4758	#FFFFFF	#D3D3D3	87
4759	#FFFFFF	#D3D3D3	34
4760	#FFFFFF	#D3D3D3	34
4761	#FFFFFF	#D3D3D3	87
4762	#FFFFFF	#D3D3D3	34
4763	#FFFFFF	#D3D3D3	34
4764	#FFFFFF	#D3D3D3	34
4765	#FFFFFF	#D3D3D3	34
4766	#FFFFFF	#D3D3D3	34
4767	#FFFFFF	#D3D3D3	355
4768	#FFFFFF	#D3D3D3	34
4769	#FFFFFF	#D3D3D3	34
4770	#FFFFFF	#D3D3D3	355
4771	#FFFFFF	#D3D3D3	355
4772	#FFFFFF	#D3D3D3	87
4773	#FFFFFF	#D3D3D3	355
4774	#FFFFFF	#D3D3D3	34
4775	#FFFFFF	#D3D3D3	34
4776	#FFFFFF	#D3D3D3	34
4777	#FFFFFF	#D3D3D3	34
4783	#FFFFFF	#D3D3D3	87
4794	#FFFFFF	#D3D3D3	87
4795	#FFFFFF	#D3D3D3	87
4796	#FFFFFF	#D3D3D3	87
4797	#FFFFFF	#D3D3D3	87
4798	#FFFFFF	#D3D3D3	87
4800	#FFFFFF	#D3D3D3	87
4801	#FFFFFF	#D3D3D3	87
4802	#FFFFFF	#D3D3D3	87
4803	#FFFFFF	#D3D3D3	87
4804	#FFFFFF	#D3D3D3	87
4805	#FFFFFF	#D3D3D3	87
4806	#FFFFFF	#D3D3D3	87
4807	#FFFFFF	#D3D3D3	87
4808	#FFFFFF	#D3D3D3	34
4809	#FFFFFF	#D3D3D3	87
4810	#FFFFFF	#D3D3D3	34
4811	#FFFFFF	#D3D3D3	34
4812	#FFFFFF	#D3D3D3	87
4813	#FFFFFF	#D3D3D3	34
4814	#FFFFFF	#D3D3D3	34
4815	#FFFFFF	#D3D3D3	34
4816	#FFFFFF	#D3D3D3	34
4817	#FFFFFF	#D3D3D3	34
4818	#FFFFFF	#D3D3D3	355
4819	#FFFFFF	#D3D3D3	34
4820	#FFFFFF	#D3D3D3	355
4821	#FFFFFF	#D3D3D3	355
4822	#FFFFFF	#D3D3D3	355
4823	#FFFFFF	#D3D3D3	87
4824	#FFFFFF	#D3D3D3	34
4825	#FFFFFF	#D3D3D3	34
4826	#FFFFFF	#D3D3D3	34
4827	#FFFFFF	#D3D3D3	34
4834	#FFFFFF	#D3D3D3	87
4844	#FFFFFF	#D3D3D3	87
4845	#FFFFFF	#D3D3D3	87
4846	#FFFFFF	#D3D3D3	87
4847	#FFFFFF	#D3D3D3	87
4848	#FFFFFF	#D3D3D3	87
4850	#FFFFFF	#D3D3D3	87
4851	#FFFFFF	#D3D3D3	87
4852	#FFFFFF	#D3D3D3	87
4853	#FFFFFF	#D3D3D3	87
4854	#FFFFFF	#D3D3D3	87
4855	#FFFFFF	#D3D3D3	87
4856	#FFFFFF	#D3D3D3	87
4857	#FFFFFF	#D3D3D3	87
4858	#FFFFFF	#D3D3D3	87
4859	#FFFFFF	#D3D3D3	34
4860	#FFFFFF	#D3D3D3	34
4861	#FFFFFF	#D3D3D3	34
4862	#FFFFFF	#D3D3D3	87
4863	#FFFFFF	#D3D3D3	34
4864	#FFFFFF	#D3D3D3	34
4865	#FFFFFF	#D3D3D3	34
4866	#FFFFFF	#D3D3D3	34
4867	#FFFFFF	#D3D3D3	34
4868	#FFFFFF	#D3D3D3	34
4869	#FFFFFF	#D3D3D3	34
4870	#FFFFFF	#D3D3D3	34
4871	#FFFFFF	#D3D3D3	355
4872	#FFFFFF	#D3D3D3	355
4873	#FFFFFF	#D3D3D3	87
4874	#FFFFFF	#D3D3D3	34
4875	#FFFFFF	#D3D3D3	34
4876	#FFFFFF	#D3D3D3	34
4877	#FFFFFF	#D3D3D3	34
4884	#FFFFFF	#D3D3D3	87
4895	#FFFFFF	#D3D3D3	87
4896	#FFFFFF	#D3D3D3	87
4897	#FFFFFF	#D3D3D3	87
4898	#FFFFFF	#D3D3D3	87
4899	#FFFFFF	#D3D3D3	87
4901	#FFFFFF	#D3D3D3	87
4902	#FFFFFF	#D3D3D3	87
4903	#FFFFFF	#D3D3D3	87
4904	#FFFFFF	#D3D3D3	87
4905	#FFFFFF	#D3D3D3	87
4906	#FFFFFF	#D3D3D3	87
4907	#FFFFFF	#D3D3D3	87
4908	#FFFFFF	#D3D3D3	87
4909	#FFFFFF	#D3D3D3	87
4910	#FFFFFF	#D3D3D3	34
4911	#FFFFFF	#D3D3D3	34
4912	#FFFFFF	#D3D3D3	34
4913	#FFFFFF	#D3D3D3	87
4914	#FFFFFF	#D3D3D3	34
4915	#FFFFFF	#D3D3D3	34
4916	#FFFFFF	#D3D3D3	34
4917	#FFFFFF	#D3D3D3	34
4918	#FFFFFF	#D3D3D3	34
4919	#FFFFFF	#D3D3D3	34
4920	#FFFFFF	#D3D3D3	355
4921	#FFFFFF	#D3D3D3	355
4922	#FFFFFF	#D3D3D3	355
4923	#FFFFFF	#D3D3D3	34
4924	#FFFFFF	#D3D3D3	87
4925	#FFFFFF	#D3D3D3	34
4926	#FFFFFF	#D3D3D3	34
4927	#FFFFFF	#D3D3D3	34
4935	#FFFFFF	#D3D3D3	87
4945	#FFFFFF	#D3D3D3	87
4946	#FFFFFF	#D3D3D3	87
4947	#FFFFFF	#D3D3D3	87
4948	#FFFFFF	#D3D3D3	87
4949	#FFFFFF	#D3D3D3	87
4951	#FFFFFF	#D3D3D3	87
4952	#FFFFFF	#D3D3D3	87
4953	#FFFFFF	#D3D3D3	87
4954	#FFFFFF	#D3D3D3	87
4955	#FFFFFF	#D3D3D3	87
4956	#FFFFFF	#D3D3D3	87
4957	#FFFFFF	#D3D3D3	87
4958	#FFFFFF	#D3D3D3	87
4959	#FFFFFF	#D3D3D3	87
4960	#FFFFFF	#D3D3D3	34
4961	#FFFFFF	#D3D3D3	34
4962	#FFFFFF	#D3D3D3	34
4963	#FFFFFF	#D3D3D3	87
4964	#FFFFFF	#D3D3D3	34
4965	#FFFFFF	#D3D3D3	34
4966	#FFFFFF	#D3D3D3	34
4967	#FFFFFF	#D3D3D3	34
4968	#FFFFFF	#D3D3D3	34
4969	#FFFFFF	#D3D3D3	34
4970	#FFFFFF	#D3D3D3	34
4971	#FFFFFF	#D3D3D3	355
4972	#FFFFFF	#D3D3D3	355
4973	#FFFFFF	#D3D3D3	34
4974	#FFFFFF	#D3D3D3	87
4975	#FFFFFF	#D3D3D3	34
4976	#FFFFFF	#D3D3D3	34
4977	#FFFFFF	#D3D3D3	34
4985	#FFFFFF	#D3D3D3	87
4996	#FFFFFF	#D3D3D3	87
4997	#FFFFFF	#D3D3D3	87
4998	#FFFFFF	#D3D3D3	87
4999	#FFFFFF	#D3D3D3	87
5000	#FFFFFF	#D3D3D3	87
5002	#FFFFFF	#D3D3D3	87
5003	#FFFFFF	#D3D3D3	87
5004	#FFFFFF	#D3D3D3	87
5005	#FFFFFF	#D3D3D3	87
5006	#FFFFFF	#D3D3D3	87
5007	#FFFFFF	#D3D3D3	87
5008	#FFFFFF	#D3D3D3	87
5009	#FFFFFF	#D3D3D3	87
5010	#FFFFFF	#D3D3D3	34
5011	#FFFFFF	#D3D3D3	34
5012	#FFFFFF	#D3D3D3	34
5013	#FFFFFF	#D3D3D3	34
5014	#FFFFFF	#D3D3D3	87
5015	#FFFFFF	#D3D3D3	34
5016	#FFFFFF	#D3D3D3	34
5017	#FFFFFF	#D3D3D3	34
5018	#FFFFFF	#D3D3D3	34
5019	#FFFFFF	#D3D3D3	34
5020	#FFFFFF	#D3D3D3	34
5021	#FFFFFF	#D3D3D3	355
5022	#FFFFFF	#D3D3D3	34
5023	#FFFFFF	#D3D3D3	34
5024	#FFFFFF	#D3D3D3	34
5025	#FFFFFF	#D3D3D3	87
5026	#FFFFFF	#D3D3D3	34
5027	#FFFFFF	#D3D3D3	34
5036	#FFFFFF	#D3D3D3	87
5046	#FFFFFF	#D3D3D3	87
5047	#FFFFFF	#D3D3D3	87
5048	#FFFFFF	#D3D3D3	87
5049	#FFFFFF	#D3D3D3	87
5050	#FFFFFF	#D3D3D3	87
