x	y
0.137089392538033	0.210757911228621
0.209703213889489	0.311365128758265
0.333721273994379	0.561583177604718
0.207147516610073	0.306836525405424
0.792177635974475	1.88889967358398
0.0977687978143051	0.138542358026045
-0.0898683339551762	0.105085214932687
0.0253266876164069	0.0329228780775061
0.466377648597575	0.86859020418509
0.398752365155683	0.660758518713444
0.10353412002795	0.124666278481827
0.0610776878926794	0.0848774413262481
-0.0294582296249576	0.038446931326548
0.0793732927416936	0.11663918249867
0.320021114057072	0.473773988900476
-0.0540212102245663	0.0551082233897741
0.121918661272508	0.177488378999714
-0.239430001772321	0.400148941765944
0.0545356087473368	0.090971822241144
0.157867464533743	0.280405779073592
0.314266098679711	0.561857521701293
0.280583808046064	0.560120422819396
-0.19296115274182	0.320248559164265
-0.181666895968349	0.257438748448431
0.153736266094686	0.234807661814639
0.0693136335787673	0.098407049823966
-0.249831069522254	0.489598386999569
0.153651582549473	0.252211107232182
0.0480513103457516	0.0496676962904459
-0.0443921125668959	0.0496222340213186
0.304614116464978	0.396509912401122
0.194008975727442	0.325451832916417
0.649749249815728	1.21735186544053
-0.096163699741048	0.139491139915717
0.123125817421166	0.246631552905961
0.307596142269899	0.652909561804654
-0.147176108119919	0.278651092594607
-0.0461556009423512	0.0736699590739911
0.428675262444403	0.920201114544289
0.376026278853013	0.813495527169847
0.0939773480642442	0.180204917286159
0.142988867925594	0.196008035723092
0.118416581039583	0.180328456902447
0.0927236559648372	0.12901087535728
-0.0771320625802562	0.11506587968794
-0.0001175842375501	0.000163863883802902
0.31424863598753	0.569938041853686
0.113895752409405	0.189567822154951
0.335850794237219	0.797774995185118
0.162766712119707	0.326658302294515
0.24166516023601	0.478085405864866
0.187000841694392	0.303660327151968
-0.341936149494774	0.577200481892743
0.0149326114538306	0.0166626284401545
-0.43353808024941	0.803951609997491
-0.302050244658207	0.640252221675586
-0.326373820652318	0.726590862329678
0.0415532057746887	0.0587970162620244
0.0707628855284207	0.118056766579566
0.0931722114676325	0.149589136512468
0.209119407782429	0.434460253491183
0.0873849354317043	0.11308422416339
0.215978508753277	0.298046126156678
0.155512772410939	0.328859236829525
0.0158091900929167	0.0241313336929834
-0.078199502367843	0.128973068193499
0.106080056766762	0.171457467039982
0.118067341852134	0.199463198045044
0.377520999247047	0.916279344973018
0.161940593432216	0.322131812977284
0.0386746966648184	0.0522781065346988
0.109417743325188	0.134530795625428
-0.0263894809788883	0.0283277353381187
0.189025144177543	0.233834907510653
0.0384278552656664	0.0519050140938782
-0.0438424021595853	0.0697522428171803
-0.0520894375823421	0.0791623970061539
-0.0621776776808262	0.0843997748173078
0.376374692954607	0.94084799746458
0.291517667519334	0.44377010874742
-0.181466919936599	0.291861238318211
-0.0329109088727153	0.0384078401599937
0.0496247339948467	0.082144296824138
0.113427797333333	0.211066021930663
-0.243186512851135	0.557467625583355
-0.0501211301175799	0.0699645766379627
0.110842698217181	0.182055188506591
0.0957152180161045	0.141902998535451
0.0366612649318574	0.0530540467827625
0.452764843795362	1.2901745029697
0.279878354494807	0.552003540014988
-0.247673789311452	0.274859724353412
-0.249623410755161	0.331303086534327
0.174685289516617	0.290395802320518
0.395529788756823	1.0272625420894
0.229665908691413	0.419867227899878
0.116062410796791	0.165707213318234
-0.474849652249669	0.759722131032785
-0.0844480031205506	0.094706004547974
-0.275362986519197	0.393507249680225
-0.102083714635469	0.143636842397486
0.137892095035495	0.250222310166977
0.244618223452053	0.38675977348345
-0.103764247805182	0.13615600296923
-0.363132372227978	0.931270575497832
-0.344080393812258	0.546419101077212
0.142775248990516	0.298634011399721
0.0320705974889871	0.0553394910363525
-0.0212300924923376	0.0311158261540678
-0.650635678276295	1.7154212142655
0.0462415986855016	0.0664894767488448
-0.153533905162738	0.252939634634245
-0.143351851022996	0.235206712408742
0.0727098876510057	0.100059819714593
-0.3674928337373	0.361521206473091
-0.0929341024302301	0.0778048814458294
-0.544252044728537	0.686299486777137
0.156883100607932	0.208343012617911
0.490747456236977	1.25972412739597
0.213470507875868	0.396368009874406
0.109571640863751	0.201186677771742
0.12498290962045	0.196046789942081
0.296076840966245	0.358212460655362
0.0253858316692852	0.0212695083805574
0.160611897474184	0.156441320267632
-0.0274171195007265	0.0280545973887975
0.0832444203071548	0.12419720418149
0.0298087667446465	0.0461145802221735
0.0784776082913933	0.104717253040693
0.477273075486853	1.12464416015194
-0.454629986466588	0.749885646815611
-0.615169317183388	1.81512397380042
0.0704502771008874	0.0820860853983683
0.256709121952522	0.600513065381175
0.0123702047831913	0.0186379248100873
-0.0382228907972047	0.0592031332513099
-0.0792316291132432	0.130899989197104
0.351821173254737	0.797704679303445
0.257075696321208	0.5498502187689
0.0356746709735813	0.0495862117691174
0.418765818965168	1.05684874129696
-0.293868809000963	0.42060099276518
0.133063913794926	0.188475164662237
-0.097461326593911	0.141634591408492
0.505228728304837	1.20035402661859
0.1368690028208	0.222789387730049
0.0716601918307263	0.0984911072161905
0.537858796258108	1.05149579232717
0.781238499588	1.88378773121651
0.716547487749561	1.33247902798914
-0.689923961700511	1.55975742170844
0.473107349159205	1.14017383452831
0.0359117343123568	0.0499246015073324
-0.253259966675455	0.472879464916453
0.413844516380261	1.14709361658057
0.0972784404965504	0.137762070414933
0.0857904624673298	0.110804427070127
0.123219866264802	0.190810769773779
0.26845037385583	0.354328746774321
0.360595923086653	0.930946276363158
0.0716153327186962	0.119663030735068
0.013918753199791	0.0200375265449132
0.0525415534100061	0.0826758985705469
0.259079295655919	0.325889882254027
0.495933992246328	1.21596973535531
0.374872013437059	0.810118556069833
0.169520266019907	0.296207037338212
0.244233462075503	0.437114033742744
0.373584034006822	0.734393610268525
0.165837499554464	0.320431167132285
0.105892558296051	0.119622876013064
-0.421391301695799	0.58231550618227
0.0783429017538366	0.0816792019623498
0.137069842410889	0.184036604260991
-0.100381217587227	0.150247482625785
0.249252042984633	0.502715863803978
0.073344776648214	0.101036836352645
0.83194509426371	2.02270144235912
0.236678599717184	0.4509936659441
0.181652288790011	0.219187137876228
0.350439624392349	1.02455934366936
0.024552382577609	0.0431582541109031
-0.0869046823001069	0.137363009525512
-0.107294030661882	0.156265815289613
-0.102074917924044	0.162076861929124
-0.326337702515285	0.726319158347376
0.309172001282943	0.650190021839267
0.0918707191280938	0.147238722202081
0.566124625680928	0.805473840682989
0.753942058131105	2.04216453813934
0.160406263631256	0.271278580696754
0.191879843799355	0.37266863836812
-0.076885625007448	0.118248547328211
0.108015259445863	0.140818840566736
0.169584417652167	0.296342340962758
0.137585619418396	0.271108935793961
0.127477884180357	0.141372901033151
-0.125298357972	0.11174385839304
-0.31849655866642	0.370017505681177
0.0377483090781185	0.0425279342655508
-0.314264562735878	0.592817204564662
-0.405446517055025	0.896672005647808
0.0313987377637071	0.0381944968110883
0.161962023719188	0.274525503622235
0.118663389909282	0.149534592213557
0.285093142406028	0.748059667319362
0.0561034920885992	0.0972791166250303
0.38031290195971	1.0485243956476
0.122534493265178	0.219728629439536
0.119582525938841	0.19267375564683
-0.226042756880504	0.468770398953248
0.0769922145703387	0.134845539288938
0.358722206486506	0.889906897565936
0.149914231536937	0.141237563951893
0.200708604021353	0.226545386236192
-0.0112884806202226	0.0136566304236077
0.243243732216555	0.477292048246518
0.352090534988508	0.754269221052374
0.302808857743147	0.611126760430479
-0.637906286013608	1.47321922931768
0.00950773996710393	0.0134843119977091
0.0726927443988318	0.121653823837611
0.0995190610897265	0.17720874412947
0.376758211390169	0.960805446375908
0.357734532242378	0.535243621591174
0.226728561833838	0.32637568662569
0.0180803497561106	0.0193799396328538
-0.433767446564249	0.874940679349455
-0.342833750455315	0.781870319598799
0.0726898541135192	0.1047843093461
0.0968820542157966	0.143845966988334
0.315655578022533	0.727010542762772
0.307569300461079	0.868550573003697
0.0660908767739002	0.121345290049584
0.0665595116896509	0.119721986613343
0.178397061881247	0.380669535378392
-0.0996901793775526	0.181300932297664
0.00750714286056554	0.0108843640909746
-0.0165362792852045	0.0248310309592641
0.025336906462481	0.0377096317859883
0.139793929652209	0.230770730175134
-0.00605521507763626	0.00760903773246119
-0.735915592839505	1.9961790100131
0.0271865922561091	0.0369896752331147
0.231232206911622	0.428229105838301
0.211204650652255	0.419913772171107
-0.177614023276131	0.326084168803449
0.328478514284716	0.849332582390801
-0.18582569563442	0.349584769040753
-0.0491884804800235	0.0708194361038005
0.0699533453104488	0.104733937810088
0.0123162299459875	0.0148472454367123
0.033748467067273	0.0432899735251232
0.236763295836474	0.494679699073854
0.0317109300154774	0.0451579328994823
0.0631966466915047	0.0956703650125099
0.15779783442267	0.324652980775279
0.24376240451193	0.488406212256044
0.225571571670746	0.478119992759061
0.0524322150401861	0.0922691760872583
0.1376153041497	0.269133757363529
0.151062117273723	0.351585464780257
0.00185238446709399	0.00296639181620634
-0.0437295789998818	0.0739547823415031
-0.0611723016610225	0.0935035184405365
0.179465637980177	0.365349607003967
0.619353325810228	2.17008601986264
0.234655076880321	0.441267361473864
0.307472226863014	0.652576864815008
0.420432949457746	0.980696372559749
0.30411929824903	0.628874079870249
0.0853449600036567	0.127701097047543
0.232024978700784	0.430215911004466
-0.244727218384901	0.457180465937849
0.160382560366294	0.268423354158672
0.508938326398636	1.58450999203219
-0.253821318274297	0.519602377508339
-0.522980173986289	1.27958740793505
0.0297575321914584	0.0406256480324907
-0.147237040760863	0.215345310573695
0.484532729767811	1.05533524864997
-0.155863697085428	0.257560010533032
-0.0649602103906241	0.109133156598826
0.0901268368114149	0.14408285620927
0.140205447059245	0.255255725177518
0.257938452289713	0.437894100773419
0.117773615397505	0.168504155726825
0.271482826733278	0.705975212881919
0.151013460692831	0.328652214214654
0.221209259542217	0.51949597472834
0.000567313150973616	0.000857747117792564
-0.0744727183213552	0.146237764376086
-0.0592926363301584	0.103272348520924
0.0278482590200852	0.0439179608780353
0.132566086906531	0.212371520292268
0.49424282563634	1.24161838521584
0.540471200806671	1.44289645322692
0.0670302628919516	0.106748669819249
-0.0120743238625247	0.0181149896850864
0.212732302595433	0.451776247536017
-0.171615402867159	0.322040630225768
0.112813975205779	0.209732903075733
0.00423984288777588	0.00576293754975385
-0.0141648679323371	0.0158608926979537
0.340074901085435	0.62164516020421
-0.302869686511311	0.599227556932966
-0.0767502942379273	0.123960492234264
-0.0878110483515214	0.139008628484653
0.079913287436436	0.132913293702121
0.19281121823581	0.294449147107667
-0.701745218487646	1.74222312848299
-0.0414104626547242	0.06120182203085
0.396850462914211	0.644897736901201
0.0232150217603254	0.0430545197521905
0.0709169866296694	0.146359766298097
0.0604396149276947	0.122490175297926
0.1754391301849	0.482814844618051
0.0786937433459526	0.134946844752557
0.0168974571318384	0.022197890840425
0.301882657767301	0.7181239134931
0.256984864851567	0.549632807624639
0.200374167224499	0.426119262882198
0.468415932911707	0.536010509812611
0.0601758632238805	0.0796498355215809
0.236713988453763	0.535631176967496
-0.00794366273054879	0.0116269541527499
-0.725701995868617	3.16965358472203
-0.0233573675982261	0.0422406780232855
0.255571931619514	0.780151316934068
0.0284071917375374	0.055438408342812
0.148115868397089	0.25219676153462
-0.0330775951493622	0.0386095325757608
0.0640890614087677	0.104248083761522
0.226622130794054	0.518973917751453
0.189715872495794	0.446130956686323
0.490043593725035	1.00706708374948
0.00702491641358012	0.00733735301146421
0.0354036442156462	0.0618178944688077
0.342087672703014	0.635796714949401
0.121427394783368	0.224856775437589
0.040707069828794	0.070334010866209
0.11547872488419	0.208573185116403
-0.0670448354846006	0.110253778639448
0.189350603419497	0.383695970965368
-0.0865089959940765	0.165695186042225
-0.373394544396205	0.973054522011682
-0.0559974127372366	0.095485676501831
0.0827307635308513	0.147235802775724
0.0373081890351063	0.0606269382225068
0.114018912825528	0.205595040111799
0.379030887419152	1.05231842900542
0.157357345902656	0.321248546696954
-0.00132948551583715	0.00223821067819584
0.22705783167757	0.368900468914343
0.354304045689007	0.498409676558571
0.303543344220958	0.505795952017967
0.092353187532187	0.154867985780504
0.068162625352847	0.108724913918964
0.424290012467398	0.957351561944147
-0.0344758132139557	0.0508090865007869
0.328903520074716	0.858234740206621
-0.069382748412923	0.13388901801821
0.164288088460983	0.375164268645773
0.451263007236016	1.34631937628355
-0.00785574462597542	0.0125527333830535
-0.0667689756840091	0.121448566649542
-0.0633967891098014	0.0914830554620014
0.215000802062952	0.516180765982941
-0.323596481694296	0.941921382846108
0.153059394519219	0.295727589362787
0.138709235771567	0.228609819202144
0.00234160424074213	0.00388578802141727
0.310912752484209	0.545867183755918
0.350746392569367	0.47165486284117
0.326550090683518	0.511673253856545
-0.39621168065656	0.611197367673763
-0.371371307025271	0.514668350918497
0.113043581657597	0.21023362429554
-0.00567847983741527	0.00994676320985274
0.0705276883206581	0.113822381908221
-0.171459273915213	0.33504759038286
0.400395325095482	0.873957835591419
0.203405498815896	0.327172229293854
0.131335171139882	0.242449638059856
0.0784860037172942	0.124653227038337
0.327160305773612	0.51293749010458
0.0913518424887307	0.126899010953755
-0.28109739571383	0.294671079457039
0.308491378156861	0.411087832589774
-0.0716840415314973	0.0871322453866231
-0.0100206442188454	0.0142733309194902
0.131601892880503	0.30073138944384
0.118573401186914	0.279302972715205
-0.113130728052474	0.203428825541007
-0.0607717226963481	0.0971924807315853
-0.128356622322972	0.30498289552058
-0.28432209379208	0.547606232501562
0.255315716433317	0.426272242908203
-0.324463844752479	0.766406804234743
-0.216915989202787	0.466545615720458
0.0358194370979664	0.0460669390829021
0.337606967764431	0.588480961185507
0.136426797924458	0.155480379563004
-0.0476458417466011	0.0534567997302753
0.0313909301680612	0.0490515694123828
0.193596767219226	0.421544404548469
0.107159057411014	0.18177776571367
0.847535476655863	2.85382180460359
0.209506652836894	0.379029531263508
0.172166307132408	0.22116161853752
-0.0129429376860103	0.0162689523949775
-0.00215921579634489	0.00289616167975837
0.076489263499755	0.129720458357922
0.0583981301868878	0.101648045303487
0.0589580600678749	0.0626609672133121
0.0941094138697455	0.0851702185031576
-0.718527076590753	1.06682451353964
0.617982761189416	1.09197289903346
0.472086269339652	1.12119541173038
0.151387872983999	0.327638615454591
0.0533558676157513	0.0984878863192144
0.145738080879276	0.330191318297049
-0.23754487335465	0.420804473868026
0.00980522964349675	0.0135522961236952
0.15821316199582	0.338389080539425
0.486003049816125	1.05996884781072
0.651334030820416	1.22166651394622
-0.217938505940086	0.34190158007905
-0.419903503413456	0.866275161242224
0.292032792670236	0.437330805024636
-0.23886012712453	0.29199032082582
0.263420217376961	0.589172741034651
0.124697078065357	0.226051335938533
0.127508663412341	0.127175596836901
0.397244670366435	0.513104484305054
0.718983667690643	1.62076708571444
0.315436853531724	0.448583998620858
0.153444151015043	0.265796493312846
-0.460208494105962	1.35943298293674
0.138188317626488	0.250886152182506
0.300494518024307	0.484038901391297
0.00926306162605644	0.0119306590939738
0.457580524538973	0.962426538694492
0.41976911567878	1.02597741508652
0.228409226949476	0.291945906769974
0.0365533288014422	0.0508555222516717
0.158682918986597	0.194700834244059
0.138893919429771	0.126498964080274
0.206615902947836	0.239484475429444
0.0506130097970673	0.0929639262632804
-0.00539801190875395	0.00876657471468847
0.0164854378565169	0.0280639763884798
-0.116187506621607	0.194917361583376
-0.179428156470093	0.337500134738435
-0.179187820160677	0.385553409936117
-0.747621833588688	2.39716873657
0.0474702694283541	0.063391595300035
0.374338991846017	0.79823891333181
0.53400050544974	1.27788478301409
-0.0136483920203331	0.0159207496970229
0.07090336477299	0.0826507124633407
0.375731929269854	0.822730153508774
0.335269191565538	0.574031547298896
0.259901072313289	0.615609734526732
0.0675625552791126	0.0998854803797064
0.0557376475342855	0.0794904983926834
0.265834394760169	0.47376128736369
0.0916216825843181	0.146790626142428
0.195867996129906	0.333117481059887
-0.203924536536376	0.385796130700345
-0.130735469396532	0.220024225729559
0.400389115736045	0.862590744901939
0.32228319132287	0.646576461085389
0.209764862284649	0.466456714685156
0.147807565514116	0.278892285747497
0.605219436874032	1.10632317439812
0.235134801644666	0.485720807860576
0.276199535853787	0.449511740727944
0.569578034638047	1.3579147414122
0.268289824787143	0.558349869074199
0.271455591311435	0.365955333102191
0.137525981985351	0.141436587206524
0.311419510920968	0.678493486331901
-0.0256425653148513	0.0394678549260844
-0.0337472037510116	0.0377482143627376
-0.22793796688606	0.55359988153465
0.242756934050218	0.558402894353292
-0.381379213015422	0.705488219614154
-0.0710343287229855	0.0796404046761669
0.0718391363220649	0.123905746771357
-0.196195793541943	0.26868033672818
0.293273591359411	0.646503058850502
0.328596941302125	0.857134523895699
0.168748252027727	0.312778203690204
0.103652605026983	0.1497188584957
-0.168312633620714	0.238125105797621
0.482743773738905	1.06544802208584
0.196041153289668	0.329538321246372
-0.00472887528426118	0.0059357007444063
0.710532911044828	1.62272574708787
0.0356746709735813	0.0495862117691174
0.0307378057050103	0.0437088269970934
0.045308070493829	0.0675649921073214
0.485925901680331	1.51003902239541
0.239255226543476	0.506054993083247
0.125608146478552	0.161833698843508
0.642226759106982	1.7016522159608
-0.237030821958548	0.349038573263819
0.132464881755756	0.200106229754662
0.0203519354788582	0.0250747845143221
0.00340750708121089	0.00416325962151049
0.166803197262148	0.248062711284395
0.0422318896319201	0.0621528849051755
0.504577465570163	1.38668119554565
0.0170488552619093	0.0240160181574946
0.0401511662740937	0.0567078422430009
0.0823722277535469	0.137475667190586
-0.12753390108566	0.220201134208595
-0.297964582828178	0.531415052085968
-0.403487656267636	0.705039524179109
0.599366947668785	1.91214215504355
0.136814529739516	0.170049809511819
-0.0282982897526862	0.0447700703665116
0.376780237408829	0.951635990948872
0.435175330077913	1.19667627447641
0.0821697247649694	0.127553539854142
0.445358881754929	1.0879437823237
-0.0692849844054787	0.0939513266813811
-0.344263520146097	0.475651513292199
-0.197544487166538	0.261087600574021
0.215640347902644	0.297477174750198
0.00754819002101735	0.00823287277425861
-0.402639057105595	0.702899979883568
-0.485238905096409	0.828391396252071
-0.211085435859098	0.408932022419796
-0.325575718670059	0.752307578922068
-0.084771965277309	0.137468232463684
0.236787210620631	0.499052928520554
0.674208245763719	2.22197927183414
0.229843317750344	0.462719359832325
0.396993466204936	0.950310910077318
0.481793205175776	0.785184466394187
0.319488781290036	0.760396238925143
0.038639532266255	0.052227879094097
-0.0630082735055611	0.0908689411959088
0.00739539502265267	0.00980119192249721
0.19647633514567	0.361764407853875
-0.071819634931449	0.118146534614795
-0.0402334999159567	0.0609770993088806
0.0859786488121155	0.111094855752691
0.151455425006379	0.181414482622719
0.340244459270503	0.61301669022802
0.066779014322112	0.0901798040667273
0.461045133307729	1.23447199375647
0.295254835909955	0.652372086637823
0.313864682731125	0.700122400748741
-0.25172327994046	0.48193645100243
0.264890144880036	0.471472907840245
-0.035260549289048	0.0547531925681071
0.0763647174253862	0.13355939974008
0.0506012168327773	0.0738835078653427
-0.228283888888556	0.313778528609741
-0.306494854075685	0.56263639653874
-0.20603642523669	0.333299514319741
0.0464036374905733	0.0535077474758476
0.228306131852949	0.411994732640938
0.249045884029508	0.610052174513127
0.0343181096127757	0.0578982559654073
0.0755029757394944	0.143537965837115
0.11484079140007	0.230503756364939
0.223560105001592	0.46846462256182
0.101103187601744	0.204210764498567
0.0566608385014066	0.0983253774299209
0.0904893138255939	0.180895334375189
0.0240094884721734	0.0429153640240259
0.0674932410285893	0.124203230009982
0.0580704221482567	0.103842813715589
0.263408941412599	0.468028491313619
-0.0377330289821557	0.0404738516805597
0.717712437502889	0.732531878682553
0.050363096006322	0.040838302570084
-0.0287191113898928	0.0261329481496475
-0.884448082217093	1.30685964840699
0.566912433843411	0.993272827212455
-0.30742485499758	0.286036831763428
-0.167320598782354	0.284907591475017
0.0744818454258816	0.121882762251751
0.100028766791807	0.150716793857532
-0.00487662049002262	0.00590903388384092
0.229852322399838	0.294223831103508
0.118317387852904	0.149020089390812
0.584553524302937	1.13725421346939
0.306728551319568	0.408313551179458
-0.0201039398362245	0.0261591937556082
0.0873407317582661	0.154068762531481
0.224593250397788	0.541781766311466
-0.094125887346218	0.170844994982378
0.0516784961430217	0.0951112339108777
-0.292972736083266	0.766102222316796
0.0458434560779569	0.0861277778311195
-0.0578744791881488	0.110569009984604
0.396319740423637	0.609475285061019
0.598035019658412	0.774511562101242
0.893245705207019	1.05609254379181
0.242035351114644	0.275366024116366
-0.103418308987388	0.216670045959729
0.271335332071191	0.700344642043373
0.384088106270908	1.1842272387145
0.343423980399719	0.870768087441546
0.00924048648079183	0.0111050243465074
-0.00396385161969853	0.00443556755112729
-0.12458234510919	0.228878185372574
-0.128655944381818	0.169374563423982
-0.227298224631683	0.324028412158734
0.099776575130019	0.134522580391035
0.314275683361792	0.569998966480382
-0.246028779739824	0.338939593391191
0.513472648272758	0.692275850444554
0.302863436112905	0.625161056215739
0.311841204708559	0.693936196822306
0.196391486564521	0.411900843049344
-0.380279366754665	0.963897514691721
0.070585369767043	0.13139243361744
-0.265731372180677	0.580463329411009
0.505368610946073	1.61238808618225
0.0274849633101515	0.0446201982755672
-0.177472364427511	0.367520921802376
0.119328459654881	0.242855088014009
0.120679295229565	0.239198841879657
-0.0164858407513222	0.0295698031639567
0.176299013003597	0.296962567395748
0.398345459580381	0.625451308653034
0.329827646383157	0.339390011864476
0.275446581903665	0.289958469988287
-0.345987920159772	0.400902743653717
0.232324616849117	0.199336912189793
-0.068328662454139	0.0574066571779665
0.459793306264065	0.570508993096365
-0.074365049628853	0.104246234215514
0.082688286124526	0.123302900193659
-0.00468427916517974	0.00588266850943716
0.39937776915886	0.766932013348065
0.472632889735506	1.12357761068055
-0.030963978150663	0.0390490935722433
0.0207777912273111	0.0256144722729053
-0.169015237457506	0.255263996734556
0.24446897906647	0.386481316778011
0.0971402444296304	0.165445818996667
-0.0626073514673882	0.107234196024464
-0.165538705855559	0.341634043768304
0.414352526861695	1.13888188357813
-0.307193063869331	0.707165663414289
0.0698850430674906	0.129946539651048
0.160551947247448	0.318668438325294
0.197423043998667	0.363996517488891
0.398344327767504	0.682617301038483
0.0478765059980514	0.0494762042340773
0.517676671223924	0.681046490904441
0.509337704501104	1.18051467652035
-0.242719319013276	0.556040556634455
-0.00623630491639001	0.00932592102161534
-0.0526193720892393	0.0897857980788797
0.263682815440899	0.589955701082102
0.0766874903044912	0.0912332610337899
-0.439212421129223	0.838584572759091
-0.170584298348303	0.34586182390722
0.302475055420634	0.603044695621724
0.331593382028231	0.539365612116223
0.188002548153457	0.257083197911008
0.180010148739781	0.282713164535253
0.269228785698108	0.355605263955238
0.208669176890998	0.204723180119086
0.397361235514441	0.897648549116721
0.145344267891938	0.25673319195632
0.331516429015263	0.752491372282439
0.395800636890197	0.987713072750821
0.0130101942130457	0.0191732636807757
0.191450597048828	0.31635247416388
0.0433937429173131	0.0639677652607631
0.13424029877159	0.215485217490153
0.415292919457939	1.11004798872006
0.488460544157349	1.2808756293865
0.0449930712391338	0.0619604493672917
-0.102379134761059	0.0916647281436334
0.762097334234373	1.60614243118808
-0.505336900605057	0.639160843694765
0.0807928269222437	0.11892349607739
-0.318817684216405	0.553899179231465
0.0232501137669135	0.033335681487831
-0.638937484317329	1.5498966913955
-0.353269454867691	0.739248749754547
0.244406099434259	0.437501413456026
0.398591739464378	0.753135015339417
-0.0829184460208271	0.123523681753824
0.341209411974871	0.633541366483532
0.0591088934839599	0.0628321030322063
-0.0140268672075258	0.0176511472760789
-0.462085169373233	1.12119754049165
-0.548133294776416	1.46164209566653
0.423067885427672	1.00183680934428
0.144174289150561	0.241854221398559
0.308713433562177	0.53310189481655
0.354307472626599	0.84044154509248
-0.0797222462991527	0.11545450928269
0.239621175819545	0.463239122227347
-0.181005993842974	0.290927052385726
0.436544103206676	0.717082646409908
0.541633313153993	1.04395881833317
0.243756815723815	0.333281860779207
0.0134659945658042	0.0193774014800679
-0.102957660498768	0.145026784684332
-0.201625464125359	0.343807287209548
0.0827807927462278	0.12860527346796
-0.31834890296584	0.584097122573169
-0.389080209062812	0.896061802716012
-0.141526189384426	0.220184322405232
-0.211955497109279	0.372164315062506
0.277400199630874	0.458902630244761
-0.0347925594398707	0.0389664792375662
-0.209567041240016	0.297591053643445
-0.062507006595809	0.0564233984533105
0.194555766598989	0.353761347245049
0.261686163405683	0.394719611030916
-0.246806135920767	0.596999265246692
0.230437276558843	0.338172688862922
0.299813984165756	0.58177806002068
0.120223532809323	0.263235485779009
0.0131898357825618	0.0204981798595631
0.328438399143646	0.703697290847961
-0.00445095976027586	0.00615972653215785
0.130504660863754	0.250606775511693
-0.0629987785298245	0.101102492640777
0.10953820367387	0.161247285965128
0.0332563575100971	0.0492187710752964
-0.0731266193483769	0.123590132990013
-0.0475547316515079	0.0682957095362655
0.075364344458581	0.119213842455648
-0.0531150244413986	0.0851422659682309
0.140363872792416	0.268877565867776
0.541568856097045	1.04359970683391
-0.045295853828658	0.0506959305237297
0.0987009113257227	0.154950389390818
0.251681544356712	0.412732697819783
0.150936756499164	0.180716708652034
0.333787152812489	0.5615797711583
0.0726049309108052	0.10913122287861
0.308798903055297	0.77420935190663
-0.00223344285994434	0.00348081145429109
0.21577697686931	0.405912292099664
0.398787918083678	0.846363774397273
0.058980956483269	0.102743994006577
-0.00385362621153859	0.00394596809754275
0.169157343476986	0.295410235859915
0.209900456485255	0.412849815409644
0.267643192534882	0.561905773113168
0.206357207798539	0.305370770255641
0.217119796238326	0.443118757224566
-0.0739502008368814	0.113220755510812
-0.343402955452315	0.544991735057081
0.0965898527270737	0.106272295530116
0.102184024410005	0.176702113856141
-0.219737141811991	0.268863347312248
0.238131973219216	0.318431158393994
0.106140863138113	0.162932437006325
0.0390956399236386	0.0528718152655944
-0.142661926213903	0.194720521742273
-0.0429806551842854	0.0699028404307875
0.131129181286106	0.172429939601173
0.010242891932174	0.0132041970715136
0.285564061683032	0.418312644615658
-0.0620362336483801	0.0559874362455302
0.077765752245137	0.074560331393852
0.296161513111475	0.467384576214316
0.0296212678225289	0.0482580984317742
0.0264180285542111	0.0369958539064771
0.0272937345252337	0.0382608265237363
0.0683028346383348	0.105116548504294
0.0425313712483585	0.070188346643258
0.0642493762150702	0.111197228879512
-0.00605019838716925	0.00760425686040871
0.171138745045761	0.338710598634111
0.492837935276253	1.25225332489714
0.105579416745993	0.18503032584951
-0.410616811513417	1.1020607847125
-0.221810238114076	0.421692166743797
0.110445341580983	0.196462414592162
0.293860008590816	0.455513605639682
0.197804411398085	0.281633447959488
-0.128743711984242	0.193841818323064
0.08217974331348	0.132432461382482
0.197625637064864	0.415247594206679
0.217125625045394	0.442990467707951
0.298582831493644	0.675234310859796
0.189272972411455	0.334740168536321
0.324402143477176	0.668368009827341
0.251179225966584	0.56393813305034
-0.0865684296824711	0.136806889663023
0.0126542813045962	0.0186383447355745
0.0101816278810635	0.010153605654436
0.570712630799449	0.981782223736537
-0.429448162073163	0.617401974805051
-0.172862075736902	0.286004553423043
-0.159361487858366	0.284082278765417
0.22176211405652	0.429049414245651
0.497972717808328	0.980715860135236
-0.0737032050749033	0.112859909422653
0.194814860832834	0.32713020611892
0.164659029489656	0.24435519356378
0.0374701962799047	0.0376580049271708
-0.302733844502016	0.598842624130258
-0.506069386532604	0.838172173956425
0.253506550828349	0.529670305871581
0.236727564398365	0.455818984419063
0.156624750660176	0.224120052549263
-0.205673158466068	0.322213914110175
-0.0291854318715647	0.0406311948477111
-0.0604628564498714	0.0818990803022872
-0.0717430476686407	0.107148191943241
0.0280070541467098	0.0352565022727257
-0.577579664384408	1.42481406777585
-0.0734899327634028	0.102890313121226
0.373016044769618	0.763991968307285
0.0445923333441237	0.0705067755561623
0.0789168722959468	0.09978819119527
-0.0080096385774749	0.0104284387715557
-0.0216375658623435	0.0300450258381063
-0.328416673883129	0.732648926300167
0.292367860537724	0.541599158219752
-0.0873938854685375	0.118651195796627
0.0558811094711334	0.0829789555712239
0.101031186570501	0.152449461106192
-0.367676444379322	0.809128066473411
-0.144609898908915	0.262279397013826
-0.312667976132713	0.589005141750124
0.214771288244259	0.399532347357074
0.0830454828175896	0.123896863672248
0.0420128809471803	0.0454252742359851
0.560328119720441	0.997175689443259
-0.567265711421779	1.0603216886148
-0.0171591001946898	0.0251701557210723
0.372791805257868	0.752981589709326
0.0513620832164077	0.0569378083212935
0.17202436483417	0.323176792470154
0.113826860399085	0.151441704437317
0.271997045067311	0.507065633763101
-0.0126472995813055	0.0189860779604521
-0.108083661523708	0.161757307471296
0.00960049059009169	0.0119653087488014
0.109409191821236	0.170386102176549
-0.0305597050992862	0.0438782278642711
0.217022645101178	0.334459706035556
-0.137737615375032	0.174596143611953
-0.249458916939453	0.380524550722681
-0.295936392306567	0.526513261294693
0.350261950614229	0.730615307939888
0.210176425247849	0.384513684603889
0.22358595944847	0.396612658329268
-0.581369626671606	1.55856323593194
-0.24083021431635	0.403112968611392
-0.109070624649144	0.148569400027534
-0.114410800512356	0.145180473221252
0.18581497658832	0.323765887316139
-0.321593525271127	0.410122300050614
0.0581571379960741	0.0617670034685231
0.142763542731044	0.209883325966345
0.397465546264823	0.749837840916387
-0.196212844301835	0.278642250262215
0.17119764516899	0.302697861240301
-0.454332485721539	0.844633177652441
-0.0217057309003227	0.0263242757477451
-0.228440638267788	0.314052554425397
-0.388350534994808	0.57905101319396
0.43362807270512	0.775783821270746
0.29005581300279	0.611228644066877
0.151972431628061	0.246263214707213
0.0464214524478955	0.0693320421098683
0.102499382872377	0.17740542030963
0.00307149407977248	0.00387630368992237
0.219949001177661	0.379252477499089
0.603123228773318	1.88814165463021
0.236683327818566	0.404453753959645
0.102078422758502	0.154223138483804
-0.306331321156262	0.590714367438299
0.0807570542017288	0.125096230213467
0.283356268660849	0.654353411976537
-0.035391841548859	0.0507908143771742
0.110650787222029	0.136244295752276
-0.053719028020448	0.0547877784022658
0.0405735147585349	0.0505285360922626
0.676383563785194	1.20597498000282
0.0677290568143247	0.0738454851046886
0.0898422909765436	0.148922498577504
0.216036948135752	0.298206370185021
-0.380824287014868	0.60499010092686
0.196001183389433	0.248482918745805
0.350384734992654	0.470994291202228
0.284341799903049	0.582894449082934
-0.185551796348765	0.325190156418386
-0.409730055091492	0.865528689034149
-0.0604703899429753	0.101537325140483
0.14078939536968	0.267716561448323
0.0802314955539754	0.124174004527012
0.0607988721615085	0.098387047627651
0.287101482980127	0.59688621047443
-0.116017534189857	0.152505499592206
-0.0141301965895024	0.0144621852986974
-0.436877078285014	0.65191429130954
0.0979504817785876	0.131756159708532
0.398302339560028	0.900607987972257
0.305819327087725	0.640792199600543
-0.0522337783706072	0.0731485613027014
-0.258513299385025	0.369125403552567
0.179569655444858	0.186213873292422
-0.326520619798646	0.551218930957706
-0.0911365213536864	0.0974108167019092
0.135238991724012	0.217315037857097
0.353625680058855	0.803589992476397
0.334016641379629	0.760604042561291
0.451852112037236	1.01583244315282
0.0441170790999812	0.0606838325552466
0.0421481791790393	0.0620301325448714
0.00788615681521697	0.0104574134441607
-0.0170282113789231	0.0243343832574424
-0.119728519260125	0.180114518254712
-0.0337845967110447	0.0483646535583348
0.276214907157564	0.529985612795144
0.667992194459991	1.94876303936485
-0.0580737475293024	0.0733551973421959
0.696991256686857	1.93746861952595
0.0794646003144097	0.11155560498903
-0.170392470106192	0.257833428892807
-0.159296756079109	0.240736038655445
0.0796428124736315	0.117076361759676
0.244872080480333	0.491419483122321
0.294308751725541	0.553485099777083
-0.482603745751333	1.22315181673457
0.211204650652255	0.419913772171107
0.0871006193211723	0.11888391607438
0.328980181621956	0.713363278358747
0.399581277499905	0.837312654168748
0.376386684438	0.88398880300896
-0.449933900365237	0.812569344402151
0.428322034489362	0.854360074941781
-0.0388130017279843	0.0489294571993183
0.120841770391256	0.206728771667173
0.045729121715557	0.0630522001884168
0.283620119012099	0.574505944034777
0.144310005537268	0.242121859083747
0.302343301437917	0.609911331333202
0.422986974637766	0.953050126279087
0.0617989122262684	0.0703090596231654
-0.114952042618027	0.150889306326317
0.0206463023982894	0.0211586517233693
0.212656812834328	0.354688198559941
-0.202863221362795	0.237561803578215
0.103900952494252	0.1251514125961
0.56571927316164	1.36486862726021
0.342322045676031	0.63637894297619
0.0937408964660734	0.144754113536093
-0.0325271475790498	0.0379439159741459
-0.0414615827657773	0.0503943380444975
-0.0880319866598075	0.127632378437666
-0.145861659198214	0.206459886537124
0.398784282207325	0.902352538133536
0.710630111822111	1.76205584942453
0.0684290149000972	0.0746588752138906
0.210686843829369	0.284713381647339
-0.111166270075956	0.106001981914782
0.0389910126182228	0.06536091526971
0.090929533422814	0.126235502216618
0.286670484353839	0.601955763084923
0.374309391839472	0.818408623561227
-0.0869466368575711	0.144252582358951
-0.00472818737452101	0.00572875907381661
0.128710014349405	0.202994183569
0.396967985609845	0.622529248738319
0.00498685027926809	0.00565915899268944
-0.00331077548867812	0.00370455603550223
0.00393733815452518	0.00481094399772093
0.0254339824108106	0.0330539125320374
0.537151443513222	1.44735765558131
-0.258063375094104	0.457325781992536
-0.194584234318373	0.304857469752599
-0.193731006282124	0.356775244210013
-0.175874787847871	0.336097039354652
0.0292506079201771	0.0426693546742724
0.302656543984554	0.617722721301244
0.229451857155864	0.378682059361016
0.0327284623299243	0.0484011431041396
0.0436448305368388	0.0689026341874847
-0.228629179489271	0.37021640796265
-0.269246314782741	0.43782388173818
0.298149692143321	0.471691493311349
0.441094025439859	1.12348556023443
0.326572962039588	0.835280364209446
0.111729182835781	0.156748997894939
0.161792154846507	0.337409845442649
0.000896736906960273	0.00116356243775854
0.0226218775189948	0.0279373834815368
-0.0900550141322038	0.152941477510077
-0.13917666407415	0.234761982431897
0.204491216501701	0.363547455817567
0.337398322263971	0.588010666098942
-0.261898057150339	0.451837907611615
-0.169824992594377	0.224451294601518
-0.689118581714775	1.59911449181534
-0.204919046314954	0.331046378843077
0.246410802801573	0.447483855456537
0.435516535122175	0.741069482965952
0.0866429660704637	0.0994110273416089
0.0287932851631367	0.0362792600665123
-0.0413025116036607	0.0422395656267028
0.16207115094119	0.393412899083851
0.0706108099066986	0.121536395355109
0.371160368114822	0.727895964353218
0.00622910839770652	0.00901880528149748
0.0329153562285356	0.0486888258881256
-0.0216738282602227	0.030094614870668
-0.00435612955960956	0.00635074230893118
0.251065030360411	0.522894912970155
0.251325921015741	0.464408450279453
0.0853680008380823	0.14427954290529
-0.0877023037688536	0.161174407367391
0.259204270418156	0.506142593942218
0.312919068172778	0.711155143971109
0.14785113603377	0.251711912664988
0.416320415029117	1.15784330586887
0.274619887855318	0.6617639450037
0.0965024452385699	0.106169986963162
0.143457916821994	0.196761090075846
0.272376744962469	0.441401462897588
0.465628223003024	0.896402180301264
0.635677833321614	1.55855058128911
-0.094960561814356	0.150583629294735
0.0712207321823654	0.106844966964423
0.837318235283264	2.97996719496897
-0.185519843593546	0.38592213455725
0.012791705758084	0.0177415688679868
0.0090680503535779	0.0139044869805941
0.187582755246194	0.331107957386344
-0.231063067219841	0.45098762330219
-0.0200355726033948	0.0334817679460169
-0.135734387492388	0.198076188183503
0.149603506372828	0.209442429140782
0.63421334042167	1.85571204793087
-0.120924473177286	0.226559035724655
0.164984823048599	0.361512651251219
0.540026104628725	1.61153179978858
0.0806888502886673	0.113475811721375
0.165494597945493	0.302630166917009
0.447722658126312	1.04319382102994
0.123853264967246	0.202699753608282
-0.00811251268958133	0.0109005563714893
-0.0318831025687539	0.0515646293999595
0.208687580917	0.346281385116071
0.0382827264533201	0.0475590473307381
0.350981287442844	0.742080735766634
-0.0473825195454603	0.0680310389417636
0.126422466366543	0.227967474154293
-0.0311223842843616	0.0502654968437624
0.0342556182214005	0.0475230845122089
0.535372889918643	1.06347474215106
0.282651225127809	0.406079248954559
-0.669932593381527	1.44070717584217
0.244254220301211	0.386097116236787
0.314306846169034	0.446490726225232
0.0866211719086973	0.0994057944001093
0.113790754937908	0.170299137153594
-0.00215013075368755	0.00297249575763506
0.431592646885949	0.810333410877782
0.100176646251089	0.135127186371127
0.0847802795496914	0.143171913887321
0.174593707165362	0.290244871418609
0.365814471333497	0.621716462663153
-0.0890902633778499	0.121214146929885
0.440450932562534	0.68470806310532
0.158278629740713	0.338548862996023
0.329821488076787	0.716033467720619
0.452802695074061	1.35302720673279
-0.0131620540817838	0.0120187950397868
0.166672025600271	0.339083127649073
0.0542959403204227	0.0905292876488626
0.0434030143256373	0.0662916715166347
0.0599353233541906	0.102313167088553
0.16843961082216	0.343571318818834
0.156575915844737	0.306513735004457
-0.0560436687344617	0.0918660441430028
-0.193966754190914	0.397357522466455
-0.0355029956637626	0.0611443572694062
0.0913171857939481	0.158161816555695
0.339040713897476	0.831941455494712
-0.186381740922783	0.366054253269091
0.0654991830359871	0.110996075565671
0.203234451853563	0.46248417554772
0.637791139073552	1.23494870557939
0.558825295458348	1.18444504262367
-0.672799097575266	1.00011610354591
0.292795554474033	0.645059002008968
0.438085479785717	1.1851764161771
0.022613738996972	0.0323955664698552
0.147488191795676	0.250978888756488
-0.072819666054182	0.105446798367853
-0.196972015669792	0.346594469293616
-0.215451974026521	0.358947317219392
0.233863960209027	0.393218999405778
-0.466266474513338	1.04066902098817
-0.283127838693224	0.692847758434911
0.375756427483955	0.929272300848629
0.0575190204876412	0.09996137658025
0.256630949241691	0.600250905556689
0.298351699343904	0.687383145665301
0.0740562256469581	0.132900291559075
-0.0245002153610841	0.0274428781585259
0.371850439367274	0.69838112847022
-0.0119571035606499	0.0133624685330175
0.255291540484033	0.426147962447597
0.365481968268379	1.11123503265481
0.308173203204601	0.410742805801219
-0.186002552926947	0.309361109382052
0.281335497729319	0.642201445720204
-0.0340606335397171	0.0515054921135449
-0.122104964482944	0.246748204652623
0.101328656554611	0.193702212816982
0.169340448998699	0.276487985062657
0.155798026020813	0.206671815524461
0.00761887816621008	0.0083102640426611
-0.306456482884426	0.373542254550815
0.164999329307672	0.244970735825385
0.0788589580556378	0.0822501865416257
0.271811876915089	0.366569254725544
0.110240247376497	0.135661947688751
-0.135212470989255	0.216348393357927
0.194080687441582	0.32553349007774
0.236693880677859	0.451033565452748
0.0634898116605915	0.0997452441836461
0.145629362035695	0.231506532187303
0.0376025698737767	0.0466719845874758
-0.0732184197589348	0.0959535803610454
-0.0277417685518259	0.0283938761841747
0.171017253053335	0.219431286098925
0.232603120106068	0.478781044776665
0.415129888945916	1.07621563734802
0.254782816388167	0.589492574609439
0.17460094148833	0.347239307076032
0.136068530060591	0.318541639388014
-0.203066752122812	0.426615739034093
0.0398714883049009	0.0687940356131161
0.0620453883187785	0.100611662237648
0.0490102133894153	0.0655735435108937
0.122240033134123	0.199577344902209
0.0133302008751214	0.0179874310186471
0.156800337781542	0.208235325303301
-0.0907915483297886	0.106272660088565
-0.409342489357018	0.736627552077092
0.311273668378246	0.546875218425532
0.454099875650364	1.27059816608487
0.108249304926184	0.141159492696068
0.092754688991136	0.129072721785927
-0.084060232012591	0.16365475119114
0.159962979961975	0.232988507463957
0.248289868341285	0.451819266079454
-0.0574228828481698	0.0724876140120066
-0.3448239642732	0.476715776417548
-0.215838053892291	0.274871823039517
0.154992736451332	0.236974975904239
0.0896848906222724	0.13634685294377
-0.916914833107111	3.32516677250251
0.203243017932949	0.411761331475599
-0.493954094614496	1.20740443435832
0.0907927366155841	0.145294269096274
-0.0606316645906465	0.0994321864776995
-0.0176054035923067	0.0264765098311948
-0.0583202959242353	0.0935775573901499
0.397056770790824	1.13315515292095
-0.179301955111627	0.358529147283329
0.0274209040167942	0.0472527249067622
0.29048470701578	0.791414524123877
-0.00600055377706751	0.00727459748923447
-0.0138611666330023	0.0161724571832137
0.359437779095412	0.558361709908854
0.00352657593844528	0.00532492742831353
-0.15524484201502	0.341744968590866
-0.057624988004622	0.0924035079832985
0.208031029198864	0.457876225397814
-0.0602366960851523	0.11121886247912
0.0106587283490143	0.0147455100413296
0.323227042470773	0.808583585082467
0.0933967834804455	0.123358539192018
0.156325596696846	0.223637145159178
-0.0116691437580964	0.0178980866345417
-0.0149469481127568	0.0174556449321783
0.399011553520041	0.672773358486637
0.734976236065171	1.61488247732718
-0.161267735807059	0.288209146261939
-0.25658407670614	0.643181426092
-0.248323259558651	0.591009403349997
0.0449782578658777	0.0711612184813637
0.0479968740698956	0.0641420225184249
0.220762773610042	0.422441344637752
-0.227553835204757	0.37988070233391
0.012541545310666	0.0198873803119117
0.157651624185337	0.309141463988375
-0.0351295496533221	0.0531952261175537
-0.0544108142864526	0.0555236212697552
-0.0988269378878349	0.124809962560029
0.0558007271584787	0.0795924131132292
-0.117864419033388	0.215942043659993
0.475825031443395	1.10445290589654
0.0977232254277935	0.184395503707809
0.00425350343946917	0.00695346882393256
0.291348731133625	0.53896935678581
0.250419312300202	0.516190096850981
0.157646217524143	0.26287998218319
0.161030441192566	0.287209076668466
0.331850394991743	0.74591213991985
0.297827719162074	0.679545496254494
-0.123159066952565	0.253257349102575
-0.149785317118314	0.284672710272216
0.099968036991826	0.18383932500647
0.17084407912767	0.369200503331387
0.0496798158079722	0.0882449827431455
-0.025927501084597	0.0379981396068311
-0.335820011687228	0.71727241754115
0.0103558112822646	0.0103270296442915
0.0201937631631731	0.0206840194321788
0.332928909227664	0.55961200043569
0.186649911448522	0.302977394341709
0.0358405043631978	0.0581171930695631
0.0798473984050513	0.137187628252352
-0.175775995757959	0.314623185781891
-0.193294993115704	0.329869949610699
-0.212931578688584	0.384401164156784
0.0179902768570122	0.0253687607156456
-0.0183472734446052	0.0269554652934557
-0.508503555149509	1.39785222583909
-0.306937517045628	0.664140891392914
0.487078855768003	1.51558520616764
0.0561915793475977	0.0866128609502954
0.0689526603021298	0.110991088345626
0.00584004614478638	0.00772978870142738
0.172524510792566	0.324275265624535
0.303060492784116	0.618915563600938
0.262094727745872	0.524753541912711
0.183437843601579	0.400250276116639
0.125719520758573	0.208246605018834
0.136221645446147	0.16923261373791
0.267540708208432	0.418692338372887
0.178221261152847	0.256782019442694
0.226441457752558	0.367619584736475
0.654841511040657	1.96630611807487
0.180510661540528	0.287194689495804
0.103695747995318	0.173544886385266
-0.127487317494267	0.239608603873486
0.123297426289116	0.211665516298674
-0.0973450011009202	0.165963265250504
0.217446855171534	0.443844240921276
-0.416570861255782	1.21328033019526
-0.140214209495047	0.259775994174025
0.125776875940794	0.218603414983382
-0.0854912609070245	0.147865408015947
0.00794914466280415	0.0115317100461457
0.0371657866630527	0.0501353472463844
0.234671558928274	0.394908690842104
0.311397053174545	0.685529474342395
0.00683901720565839	0.00906006704741679
0.378034138165869	0.984112719648682
0.000614219133851371	0.000894674613961643
-0.0805711005471222	0.133377864590869
0.316846393674376	0.870320301463326
-0.0558140266416993	0.0914563822325854
0.154555778559372	0.284058088839859
-0.0133414508250214	0.014928232129391
0.322562185405849	0.639477393438558
0.152246828021764	0.303830737715936
-0.0626980454307256	0.100606196674577
0.100409174128079	0.135473815486424
0.346572682317424	0.684192847483866
-0.169242281657113	0.303040618892975
0.2152347696598	0.434164564561492
-0.335496289008008	0.776954495217763
0.0870801162216873	0.137374014880781
0.159497010124495	0.232184969195216
0.493061873256213	1.01602212595526
0.10047496506221	0.135572115822629
-0.0144971837482654	0.0188879434787034
0.143046952762282	0.251949753800197
0.0453435165639469	0.0624902201371178
-0.0647770933917136	0.101540801350537
0.0150186734536753	0.0216558193172492
-0.0350890201472728	0.0503290670474477
-0.482565636777771	1.2024294966756
-0.0950461030213883	0.150729899470449
0.235718111854617	0.448679743764442
0.0652786840305966	0.0921779838965591
0.236929174726681	0.404992590694471
0.349805453164206	0.729643044937372
0.425140609601249	0.959805112030675
0.185941083459779	0.348648982952592
0.443184974181922	1.09314416191876
-0.382268455206933	0.984263800752764
0.184221700005548	0.364435009694898
-0.148291576750875	0.275825080260729
0.261144974015788	0.629488847767431
-0.00166429802400839	0.00248042320066076
0.146496921237071	0.300925593980556
0.337701674737281	0.779688757519217
-0.108816629196002	0.132663044019334
-0.200808197452969	0.245598128158784
-0.700958047879332	0.839856838033065
0.0662895361168999	0.0558430366529707
0.207622501573156	0.275172099468767
0.212610607040365	0.252862617555406
0.233781185810054	0.34949808219032
0.160468082592189	0.288620908763278
0.148588637787795	0.31793495519237
0.264549735933698	0.597804806299098
0.0667874928817461	0.132351272287213
0.117107783012279	0.212049067157477
0.106638680901009	0.193384702060382
0.234720138108469	0.556515188684428
0.377849003261342	0.992674320686385
0.157034331227192	0.307461551626317
-0.467831358753864	1.46795534886293
-0.0195163871220924	0.0325798120703169
-0.0910819875301823	0.157768892584579
0.280451632597265	0.697992487927129
-0.0462632534869621	0.0702403903735725
0.192207255835552	0.437453650717598
0.201583905349689	0.478679062531115
0.168744524705344	0.344352816452243
0.316516178605791	0.855643117843642
0.237522628451031	0.317411949236991
0.077211020176969	0.0804192585291822
0.58794119123591	0.956311832565328
0.157848237748719	0.193517486403351
-0.460800467811376	0.784558552795203
-0.630210861454817	1.01203721193773
0.230027352602228	0.294465963568514
-0.113534784871611	0.175582105140155
-0.533730254089189	1.67867215669263
0.0212083865110209	0.0292039775219824
0.129820371753731	0.216225345114524
-0.194965315851339	0.376265561134312
0.137518564669137	0.235934650697869
-0.517518745402495	1.18605270054171
0.0930431070501551	0.129487189951969
-0.20343093630242	0.347776243112272
0.15842755290177	0.311015773021191
-0.131603114229812	0.242570405145979
0.34967880011275	0.997640276724942
0.0469800431356485	0.054225068702851
0.0132630810003688	0.0159991123367355
-0.259523671423664	0.598727596035868
-0.381280566816809	0.931012255620376
0.155547179456215	0.331096202531529
0.068120434461265	0.100779141570654
0.274806564332985	0.520126839273438
-0.288771885788482	0.335221525441084
-0.442017027954227	1.02693166310302
-0.255863972507624	0.525228117530096
0.283313390408769	0.724650223507489
0.194578584810567	0.403686999704786
-0.0225703267908936	0.0386208753788261
0.20834203389083	0.513472411179204
0.134864123994718	0.282883794277083
0.198872402423732	0.463632241457132
0.34815715135783	0.715710543239721
-0.0131626274228356	0.0147235994007638
0.0436798805137485	0.0312494379439266
0.201437721865108	0.227527580921171
0.131507865304621	0.274129746152234
0.332804106376436	0.909460812760913
0.54194427752833	1.94718120715384
0.244887486485837	0.387378552727161
-0.464276332994844	0.91386175090905
-0.000509689031507712	0.000778396965752053
0.471800234869852	1.15014262330794
0.529311757069401	0.870171798941601
0.298016537724003	0.471310024693831
-0.466935772439051	0.942979033604056
-0.202947057211623	0.365552358222312
-0.104738889701565	0.170642056501877
0.0473872639432393	0.0708879157040649
0.156155699647751	0.274152421587494
-0.409614291188842	1.02727026359079
-0.0144596851132836	0.0216421664135685
-0.237644915283805	0.534204181488629
0.238634067512951	0.541486525490759
0.285017386670994	0.665453624441384
0.31097062296995	0.807870431656966
0.144805397601705	0.21334482087512
0.226380012284011	0.453377074113072
0.252324197008768	0.302716321027655
-0.252395969464953	0.372036400875744
0.938552134709451	1.21875433145439
0.528472819719858	0.661370530157426
0.189413699246035	0.234413527438185
0.504146815902766	1.17937516247869
-0.0235611280916881	0.0346461335230077
-0.0677962871557908	0.127926905084218
0.00256807143300633	0.00374537806253225
0.324539490503008	0.942750052035624
-0.0193342032211929	0.0322690059891669
-0.354510352300536	1.04458000073743
0.163550115132024	0.357666062237482
0.0811447618079034	0.1257727707
-0.612651828555592	1.86448490279496
-0.0303961868121447	0.050101902141774
-0.125689724835514	0.249732891371538
-0.0715873081917158	0.112496188579859
0.19647633514567	0.361764407853875
-0.084242628567321	0.148995682903691
0.220933864738636	0.546549818365776
0.185494242568265	0.367597478037665
0.178184855402208	0.279294770036582
0.0712313629930961	0.0830524526731158
0.517016060919215	0.679761805146688
-0.446247218205133	0.690758698840385
0.183082855256212	0.221239829158505
-0.234439856119964	0.29878906641694
-0.109393455447644	0.133443799374415
-0.0125726677140147	0.0107229747565773
-0.143876030736375	0.255360796280731
-0.426610149339802	1.18623030372686
0.420553659367455	0.981197459276086
-0.0350412876565184	0.0487790187225197
-0.0047978168671605	0.00682373312292829
-0.01494965433858	0.0213009578183123
-0.096601069965125	0.117740328314923
0.266936774749105	0.482519595766044
0.103054631624724	0.148699703208828
-0.0445498235072772	0.0709591192819921
-0.137594073202206	0.279516141562072
0.20966879122207	0.492329891598346
0.399547372865613	0.466092717161177
0.240742482550381	0.373441619867534
0.215209083630574	0.493457178753506
-0.00745330263094362	0.0100075915650633
-0.116561226621327	0.234807396434683
0.0246846762891693	0.0206783882199361
0.319729310703542	0.599460468192003
0.323413257407043	0.649781586262864
0.394878524557866	1.24993999037987
0.133980819484549	0.327476664987808
-0.00480068488899456	0.00716820259696936
-0.122877710749907	0.173394941319075
0.445889142778959	0.637921805103472
0.281205834728542	0.567933720774277
0.262396042861109	0.69511053420302
0.555185377786	2.05132696900368
0.020797541818492	0.0361069270432984
0.203234451853563	0.46248417554772
-0.643484428907963	1.38091893532929
-0.0623711946112902	0.081536047398391
-0.0988613989565365	0.186863319159879
-0.812979840999993	2.39958366090205
0.247080144048824	0.344655713233955
0.107312659866563	0.139787529057295
0.289721599504473	0.433214244595458
0.228173440941233	0.489422885172289
0.187582755246194	0.331107957386344
0.0240673200070857	0.0357556041940171
0.121139527586191	0.197468768890133
0.00563930354069047	0.00767347271518612
-0.331068832086027	0.751996270332353
-0.135991002675116	0.240614589061721
0.111562729792287	0.183421453354466
-0.235954219758642	0.405059280617792
0.192228774943008	0.394361440581847
-0.142587928590204	0.270171378928265
0.268613367207729	0.620961638517287
0.0583124254168473	0.101481542675225
0.567033707219592	1.85357944563631
-0.354429982356434	0.843608312419348
0.170071033570998	0.333351724223207
0.236508294150115	0.404040795773793
-0.117082989166655	0.154081134686719
0.0801094007778455	0.0769743083589816
-0.0430198097766603	0.038921935046184
1.00690799295394	3.21889376203692
0.0292695514329935	0.0466299673716971
0.415698834507252	1.15529043274611
0.245705184078806	0.440491118526713
0.30551423517186	0.625693666951004
0.042996657006212	0.0656341938371663
0.0483636702922813	0.0793270888734313
0.466265329087067	1.18664367657268
0.17808406342044	0.361800501267519
0.139869523602198	0.265669954636305
0.200873260753738	0.379346984090495
0.164997342794646	0.301511406419129
0.0338295144147783	0.0518108870889462
0.115669322264157	0.209054106293569
0.176241861439473	0.316956755399255
-0.405562451334539	0.897102603037827
-0.0233461849670809	0.0351991975775629
0.206706308232703	0.401044736787476
-0.134749196610877	0.238009343840706
-0.167060842461213	0.291406190196998
-0.479018128100199	1.04520890121141
0.466378986572312	1.18714336928428
0.159763109501772	0.269917025821944
0.350782117670202	0.767891565107957
-0.016421784519782	0.0234482588824463
0.00298625045650593	0.00364816929773324
0.483515924784481	0.77279305890981
-0.0584551533003261	0.0738658963440946
0.0802360030878001	0.10159673745049
0.111300836472352	0.156057251019082
-0.256166278907693	0.416527563900746
0.0468835679441558	0.0541139842744583
-0.675706060621716	2.18356361720388
0.379433611332843	1.03564672972611
-0.458088372562979	1.24668094393592
0.341552989188228	0.887273508981096
-0.185718254419915	0.393644124585875
-0.0222596348756099	0.035846483932504
0.128743234543516	0.191307157444671
0.322057463645843	0.621849681131237
-0.207504336449354	0.443810507662043
0.17333448178338	0.287646440317439
0.0181542631305585	0.0271751008240268
0.257627596474298	0.6033349993465
0.0299504632909515	0.0477662645011611
0.478147850146205	1.58157730287644
0.00748318651765702	0.011103089714402
0.124309701208663	0.192856034687985
0.137876292888678	0.261125765153271
0.195219016604622	0.355215924209924
0.261772380847032	0.57904962489111
-0.409829473410512	1.04310759147371
-0.284396510257834	0.732950752174783
-0.00213148591461688	0.00345948831288831
0.625565943076986	1.57039132740598
0.135598908224064	0.294621438197329
0.415211189581858	1.28108611215103
0.167103561497323	0.356469096446018
-0.0428515558355898	0.0712598096057307
-0.119435934340084	0.209619176144979
0.175131353009421	0.314489537270268
-0.281459064456335	0.630222325859734
-0.786442182428208	2.52851332687387
0.571985818667082	1.52434577141342
0.317647622023504	0.461009610334268
0.140614297021492	0.244552067117353
0.071439786641479	0.107194292136636
0.205019545020066	0.330424920164008
-0.133321563536609	0.188244235032881
-0.146823153445951	0.248026843526961
-0.00853436505868845	0.0118104012156636
-0.327782924866533	0.730904557597945
0.492168090870427	1.48228621564537
0.290894157654161	0.702435489970422
0.23769319585421	0.534249594408357
-0.00542193709623571	0.0079131405679983
-0.118843462364506	0.221980037856026
-0.054569242596686	0.0832512426358522
0.119683468389114	0.192866067291553
-0.233063537459703	0.530655723907698
-0.123820646689771	0.208188932408148
-0.0928642942263474	0.138952130842292
0.341939681064036	0.644410979399068
0.0234311123665014	0.0278723119235108
0.678226923856091	1.65277438260138
0.249059248423386	0.401435583765837
0.22032148456489	0.310202788305367
0.013228426468222	0.01785038316975
0.120040535175137	0.221806810554508
0.225272365230154	0.477277682690054
-0.242906358857241	0.517417567805796
-0.0755968722157542	0.112519737688835
0.0851784343507691	0.149652418004933
0.448165321287711	1.03096306952593
0.457801531298912	0.977379293817851
0.375667381555363	0.910105860173612
-0.305604965112409	0.63381152397187
-0.262934243862448	0.552228103782294
-0.0662783094237891	0.101244671000128
0.0455186042134919	0.0627326713594767
0.232179738467705	0.473348316127511
-0.0481792628680715	0.0608023574556136
0.173238197162202	0.307243480150406
-0.131888957569068	0.21002657483608
0.331989062901957	0.746364617855769
0.599274494089647	1.91153812328199
0.178229356482865	0.30097501173666
-0.112376927005577	0.18350338748654
-0.241224911882376	0.460553893589781
0.0459750287009405	0.0583694690886811
0.349697704074284	0.729361990340182
0.0212581018896039	0.0284073021605304
0.556829382821159	1.73647679896836
-0.0722330484456227	0.0878588182300165
0.33576421428245	0.575202719148283
0.0675604291646729	0.0957145250169617
0.556667560451801	1.19827930835041
0.219623003858528	0.344260446563972
-0.117846935648492	0.187801495787817
-0.159427983059328	0.334083050108949
0.12168984171289	0.258856756001242
0.217802987523048	0.444932481876587
0.0249625735733772	0.0371320642709009
0.156709963050193	0.275313857170034
0.0906998564393808	0.132143381205648
0.0382369822616173	0.0626674560638676
0.0919584067303848	0.169652079889402
0.291509098956395	0.704404179592445
-0.00708952004857617	0.0113138853318169
0.137610398393199	0.291859578080617
0.266796825912618	0.482187898794133
0.502892118465781	1.60068796122514
0.300889664397108	0.598895718212698
0.196111773505615	0.407880185607328
0.219774548294902	0.378906480050077
-0.2716708765099	0.442794776019918
0.0605078819629019	0.0801029188230982
-0.127057292097826	0.207928523989237
-0.0485783003581637	0.0613393253489496
-0.391184730122727	0.805629340374295
0.184946076172471	0.346317874227879
-0.0460693030694566	0.0680012958872135
0.252731042204934	0.57829014656884
-0.0109904591244519	0.0172074817230314
0.207950037833161	0.404189685162964
0.615421670081384	1.42108210991659
0.461030685422511	0.913439162282965
0.431216217753522	0.782738326368582
0.00406043500292609	0.00478651269967249
0.0784920603745841	0.115214770264136
0.215649686257742	0.521976830157927
-0.299498526183863	0.83750750070466
0.186348973542944	0.433105575491736
-0.316352961117723	0.851020349313144
-0.293434700648661	0.580814731803161
0.245532128421784	0.440152334580451
-0.0901656922584305	0.153188670867487
0.538887560236443	1.43604258024656
0.0787328537881704	0.105087319379117
0.0135154284246059	0.0182440312089337
0.220210639109113	0.421033808672975
0.265656882832265	0.467017317901883
0.071831303699124	0.116160317409228
0.398691874139996	0.92379797685931
0.155956336452296	0.289700693920452
-0.368655110415067	0.737084649833072
0.021093844592047	0.028172194590606
-0.238520102814637	0.465377094682816
0.204276155738687	0.391322895726552
0.298303783156234	0.68104275938813
0.190892419538859	0.407704417917432
-0.230577333095204	0.552781000792636
-0.229424106400022	0.493685111458567
0.00191820189181191	0.00307184204499262
-0.129959201950816	0.253962071838122
-0.12189035937599	0.242258620182286
-0.187101892004188	0.418989202960305
0.0379864510398491	0.0570870201233484
0.118281233274414	0.190237911830539
-0.154065931867825	0.203063714502228
0.471649621066496	0.837815021373743
0.523969989840855	1.31328498629626
0.258966345617687	0.383539263229852
0.271814610054731	0.636162197590152
0.142253743358513	0.261970658143327
0.0363891182648888	0.0636539248369726
0.1164488641601	0.235886545713779
0.483497479213751	1.30595096422398
0.20314047301158	0.41498292081661
0.525016051071001	1.67303828019583
0.0357289186092839	0.0548782769853697
0.212516787079631	0.354414213775962
0.112533088345816	0.158016511707634
0.148379451236509	0.222382176997228
0.348745765025221	0.70846818543152
-0.405964931423396	1.01324743303214
-0.663837839771388	2.00496051667868
-0.0140705792280338	0.0189140618292594
0.255836837726514	0.486592359165449
0.2330411295989	0.432586168888297
0.22739351986788	0.409946249188451
0.114596533353777	0.171716676063748
0.0345788278341737	0.0459677229153477
-0.221391956823021	0.43080781394465
0.114753183184216	0.191246404651554
0.505546139406244	1.37464717675796
0.647205846183981	1.98017788374974
0.0489057911318369	0.0759299834135918
-0.49650521355176	1.08502213630848
0.0922559594174107	0.128294278448335
-0.0350240366637187	0.0543673112216726
-0.0551282199836246	0.0841655768135343
0.130202087937877	0.219069400499652
0.555218535627603	1.55259883783394
0.102811349961489	0.148341559089192
0.282533579327938	0.483740077114828
0.0765883038101595	0.125739944178556
0.398350418701847	0.69411192942908
0.125596009712082	0.195138859980566
0.367074233972107	0.645108630938933
0.42310520275726	0.96555375786245
0.399501898204376	0.94781004975612
0.118771284102031	0.191150946902319
0.0625514587719779	0.107958570953908
0.202401542926186	0.383084153813956
0.112714080285744	0.202805724596281
0.171216258192956	0.338906352965998
0.0930789143543321	0.166907013978388
0.283706680923344	0.655314436637204
-0.301236725768528	0.67907416907496
0.0555126217380921	0.0906251259518392
0.0828598138955884	0.128739200103513
0.312410679653983	0.702673243277761
0.504919871119314	1.37124560341638
0.145569529962753	0.271600780588235
-0.0376366731545938	0.0624229015431908
0.109568001188275	0.143060142765916
-0.30897708967087	0.643262543516454
-0.224436283325387	0.395902718168804
-0.0537782625248952	0.0702879419640449
-0.418096571986256	0.925065559356862
-0.245833041647495	0.38715344878801
0.355884150704405	0.828255969701167
0.0907633743225396	0.155825589714787
-0.0334996585956014	0.0531155797485688
-0.170676845223348	0.339591684317027
0.422593597301515	0.988357158481646
0.0442223067044105	0.060830443292854
0.325085955700925	0.500267689273677
-0.00444874645958141	0.00518756024564769
-0.170857148609977	0.266575599026973
0.13889533862209	0.240941619708648
0.0972317811534006	0.165586960862749
-0.151313654528378	0.338174747930979
-0.0126966945827948	0.0207603810316575
0.216364060243736	0.469468991848653
0.0841166595677104	0.168518038446361
0.447936067666484	1.36732555604033
0.20919035518732	0.378120181431906
-0.0668327092984636	0.109889748041444
0.0711641309772322	0.110871080704933
0.129484365623365	0.238370215169751
0.123529824002765	0.202064928138323
0.63334333208229	2.13554689334176
-0.0520718449855248	0.0704435250545506
0.150555428135249	0.299692359190534
0.111867844549677	0.184002278942824
0.0678764773282974	0.0961950675121657
-0.0458731222380705	0.0714403284429023
0.264534707206269	0.536867812109015
-0.0700895267651798	0.112918214983775
-0.295363772315488	0.56948061888868
0.160687165266653	0.305551972926126
0.185272690976755	0.386438681686422
0.323420878965056	0.937820881415169
0.0872348740794558	0.163264614915766
0.196401495941627	0.432676835070019
0.303505995268891	0.821111046875152
0.069261826433368	0.132044641325263
0.256771477322144	0.747272517779812
0.028337561459328	0.038617356637136
0.0383102212007955	0.0576034136794404
0.0421778382723736	0.0505458732883599
-0.0143087649420943	0.016022255780108
0.376160542786258	0.813874854982073
0.348203674252014	0.715709708678487
-0.478136717080271	1.16516806933539
0.076843671033766	0.138575426084371
0.0919219155840864	0.164527325608124
0.256517499684474	0.645119887989324
0.220858258381856	0.385894362997921
0.400570507732886	0.862973573125693
0.185736187077918	0.387615780320068
-0.424620696311215	0.897909541503834
0.0519618916280301	0.0672568718056921
-0.040041434499968	0.0505484332351044
0.323802571435199	0.650886329432985
0.056689077307449	0.0670727744872496
0.050299449743742	0.0705042545291241
-0.141385113637557	0.225700720041872
0.660886257758805	1.6704771564045
0.138738045516324	0.213668169688791
0.344927689017363	0.670513172665138
0.341123768756056	0.846975483411797
0.149367858852331	0.270188508847195
-0.238307481560412	0.476180726564504
0.321320031236781	0.628034889044432
-0.387897084268925	0.796045979577639
0.105482800453494	0.161764673165264
0.276619646157515	0.610621532930946
0.215159068131224	0.400457594506165
0.213389734586731	0.392105541086708
-0.0540145767564292	0.0800159335578501
0.175158334537919	0.314541148471596
0.305076858080977	0.721722779143466
0.0919150232971424	0.127763154357401
0.090852372963103	0.16233024015965
0.0317732824278877	0.0421074805679184
-0.27419859889894	0.473333074803858
0.246046310686565	0.58684774207096
0.0826099256010428	0.142505507215935
0.00472578603352112	0.00557236179168518
-0.0124337290563018	0.0150620721853307
-0.493702762950433	1.20647405925062
-0.187366144081236	0.353109277442429
-0.0597913449801987	0.0912074712712622
0.367240473761182	0.655716761888048
0.221941205236581	0.553727209553003
0.185384115440087	0.326200919435248
0.0352188327258556	0.0413053069288136
0.196993523802068	0.30636619452161
-0.12811619965929	0.24103819408534
0.0254804328421319	0.0400656746272104
-0.162205740664587	0.267490101526722
-0.0449566386678222	0.0716485921705592
0.0142989581480098	0.0227358285226675
0.167184200305985	0.372745709907094
-0.0144093590478719	0.0230375378449457
0.0284890382049373	0.0313284443067411
0.223627352491662	0.391905037191161
-0.110875915183074	0.202396199170588
0.277368931052391	0.526287173331063
0.0659705599161659	0.0932455568964808
-0.193530259581273	0.330417830997959
0.071485279816666	0.0982174674692255
-0.0726193501639102	0.105147943963293
0.168508452761235	0.346341551227522
0.166142812015032	0.398221773440192
0.142839492498101	0.285791988455674
0.0716197211306308	0.111739513554221
-0.326044703180091	0.696163345320501
-0.00590256877102564	0.00767072761796234
0.196603952125957	0.330714973853405
0.326849294361057	0.512271842776637
-0.00217671691241951	0.00291932184329637
-0.0293305321960621	0.0492619614341163
-0.0159875558171704	0.0281732116285759
0.0215895180471525	0.0308833754239611
-0.150689403352323	0.267702285124348
0.0675756340676587	0.130899926494144
-0.272926546108206	0.742419373519762
-0.347182770916705	0.869766984689376
0.108047561858212	0.217667040204678
-0.00908036553432132	0.0142394832238715
0.0340410114165461	0.0562421589984032
0.189201011107683	0.403158069956925
-0.533925082937709	1.6789812938224
-0.0281947766976329	0.0435833705243904
0.236858231018924	0.404814855029426
0.0771583116418098	0.117831366308492
0.330963734395337	0.902084058883011
0.418913773177941	1.11325688939202
-0.160491822671164	0.286536079003769
-0.256848211577806	0.502272064312074
-0.27594364926277	0.605407220853097
0.415948710619323	1.17797704788461
0.0953842500030547	0.141307575230583
-0.459180833390965	1.16340845150757
-0.16875715896665	0.301854167779396
0.0616682756233076	0.138023718623874
0.120952759096204	0.296887101877272
0.150612964671176	0.429213520285334
-0.317425428289217	1.08702998088577
-0.16839535061791	0.403324759277071
0.167595558197019	0.341427522288767
-0.0782893737258077	0.169439400873109
0.00838036336620954	0.0144883819107009
0.121274100684163	0.288531416156707
0.0867016811330553	0.171092009221186
0.0516356944114898	0.111208052915748
0.119975720486328	0.162963247179855
0.0392387612731672	0.0553447993841772
0.368867613280125	1.1360259956099
0.552231482362665	1.88281936589264
0.267149592922588	0.4830450205323
-0.23754762511978	0.222705512628735
-0.310566769619141	0.412680986701514
-0.0291745256115461	0.0282761267843731
0.137461556015144	0.198268077709179
0.332235834085368	0.352313719371713
0.317342114710816	0.593628046576139
0.0180239684503973	0.0229543488109258
0.184248977809903	0.271011840789342
0.749508705408055	1.74778228042765
0.0363858257148567	0.0526307478930176
0.0805774470972327	0.147186887901939
0.16223210914424	0.275071156755431
0.0859784482461921	0.117222658271118
0.346980098819616	0.694164665556181
0.398289157188852	0.502495880725089
0.508288118167943	0.701214725377598
-0.687615103097022	0.903204479524065
-0.203022879429727	0.214483518046642
0.155488339831854	0.237905541265695
0.29289414512653	0.542929992725041
0.364147269843209	0.607815217874226
-0.0953272439897198	0.116030242611722
0.210983350930664	0.415546037253282
-0.107796716965805	0.115180541252439
0.0330053148581815	0.0305030548009315
0.0836834404438873	0.141074484446093
0.0076864125883933	0.0139238794494278
-0.000337577280483542	0.000601078209142645
0.185019466273819	0.444344381609512
-0.273325581921405	0.724170977412584
0.0975832431857025	0.206054666051043
0.0669805821238011	0.127176724574457
0.0347530169973447	0.0654891167114704
0.145199998428374	0.272808264947046
0.235100328486776	0.485659949314643
0.211459594817253	0.251230110076598
0.269555183107314	0.356134563288763
0.246983966356916	0.546730579497779
0.0398231221527248	0.071860674134672
0.0895031588828096	0.18416425934443
0.13412896953161	0.327924323571557
-0.270967435017589	0.481231994752144
0.198546900497119	0.417754732909503
-0.03721690488228	0.0535391696871327
-0.0930566803752177	0.168624392117947
-0.0901035059146588	0.175211554961025
-0.243025148941894	0.346863321220081
0.0714910756731172	0.0884210087333644
0.0129964099713889	0.0162493296895628
0.0222231430497136	0.0228010480145715
0.280114465298874	0.303732450712075
0.130380930159353	0.330823292617066
0.142304997804239	0.360590580827022
0.189800278375522	0.507259358327024
-0.172146938201815	0.336698336530787
0.0510549676776146	0.0914897224214166
-0.0248183146605419	0.0470514662975734
0.00966983088821656	0.0193309607010415
0.0869587447884672	0.198046792737741
0.00130187502183499	0.00212204690509611
-0.0156146074747776	0.0151681391922427
0.143096820877696	0.181782779430653
-0.0620504492606873	0.0664177057454044
0.2179806821165	0.474052454402307
-0.216861558831177	0.576649807178125
0.0511529478899311	0.0940482220671349
0.162051250988313	0.219618934640185
0.281327572735137	0.841057341183131
-0.00916025428895775	0.0176828060451119
-0.39330500877916	0.827540049994968
0.508034050480132	0.924069742987972
-0.0213037625550103	0.0396564307299958
-0.30427611051105	0.528055588986303
0.362212753452934	0.583745618334493
0.125835107660162	0.162160537201888
0.0537871277208072	0.0697713565763728
0.761750184604903	2.44561187672659
-0.0870637326772109	0.144486859470212
0.106794755909208	0.147023961045464
0.616505584164124	1.42480124656657
0.363441908601283	0.615964549497939
0.162899118870609	0.481069750197304
-0.0506289395858895	0.11452932499162
0.0131044750663632	0.0304969117587759
0.0249887230888417	0.058813673270152
0.00768951323793202	0.0171479565934434
-0.109064679638357	0.305511413323228
-0.171552923594508	0.581408325988877
-0.146015435768427	0.433343942686125
-0.129158726456287	0.339715735223744
-0.186286288345045	0.430788996762124
0.106791822575702	0.227499414306779
-0.250524758004948	0.382544038499366
0.751907136377106	2.03288855637667
0.239262966999164	0.619618079043207
0.225207047867548	0.404847649611305
0.00938027536944857	0.0093512627368975
-0.5890394031325	0.708489643714878
-0.125552778920726	0.111993516144494
0.342941481453594	0.407537486697239
-0.0417541213854889	0.0403014265505089
-0.0640795295429327	0.0687430407006591
0.504775477263118	0.949441801231073
-0.00216286105670243	0.00221993897432563
-0.297295736770155	0.379060085428588
-0.539868208961229	0.649866476827805
0.163471426753356	0.221897778795871
0.0814962850684571	0.114711070891436
0.366517515699216	0.623257471271252
-0.0631591642400517	0.0769274075241693
-0.181952392143034	0.192862664734578
-0.346735646462382	0.36181926399847
-0.0110343418496358	0.00872620086119957
0.00776591860497587	0.00626338591743732
-0.562246182799618	0.872336898679176
-0.0908796769121047	0.106374587000169
0.398588235570412	0.776448658358411
0.205247167926136	0.237562346020819
0.165647692504156	0.266133643429396
0.764094548524261	1.32383185749215
-0.367941696756047	0.773074432658343
-0.0853363229155633	0.176848061081648
0.125561248170018	0.287596393099843
-0.00416848916636117	0.00776911760176424
-0.253432742537682	0.760621894008339
0.154611931096149	0.364169781120493
0.129116444470603	0.283245158110125
-0.114129298220455	0.216746345519294
0.522850096668511	2.02774243335851
-0.162438333614862	0.309598051276422
0.160263682691563	0.268189035009598
0.0524508996923871	0.0825004213078915
0.325853711575708	0.672493555174412
0.201196370512017	0.260715142554531
0.0932285581724852	0.12980244414135
0.00372419933925589	0.00680232173024635
-0.0382906132357599	0.0723072423790974
-0.0054556435650239	0.00685426317469287
-0.0752246092078465	0.115445184046101
-0.38182802240631	0.763405468254
0.507306851373032	1.57731374643169
-0.226343027631811	0.469585960927527
-0.411889344721934	0.546202186485677
0.284027545489474	0.408590917568235
-0.183141342416018	0.242039362500596
-0.389312027053422	0.471913186072417
0.589553499614614	0.601216530685187
0.0184337535122028	0.0164726737633734
0.612025459504359	1.74201245175332
-0.1865652232194	0.445427541529719
0.157568162516824	0.416133064719373
-0.386750306935447	1.36483861340764
0.126027884890198	0.236804738891264
-0.037988659682828	0.0717004473380148
-0.317976441362937	1.21274722566293
-0.197776361120227	0.5810458289868
-0.361573494494775	1.24507153929926
-0.372932359966937	1.07417144435045
0.261235335916444	0.329171471111655
-0.26036529652213	0.31798135593291
-0.399418712636262	0.438588807993731
-0.415607709578116	1.02240314429855
-0.161779473478769	0.340128570964086
0.0596233661403984	0.112601162741185
-0.306944956536442	0.563745099722855
-0.43093242009256	1.28132639342969
0.0150658387855348	0.027664399543137
0.255871829563229	0.54133178143585
-0.0611212549384358	0.0742875453649822
0.120707074596969	0.271060344242745
0.320999416951739	0.627230072370359
0.194182890411349	0.325830270387199
-0.218594933147438	0.443099649330561
-0.0226423810239977	0.0323922672951464
0.158457328499603	0.194385138218499
0.00399298090081684	0.00470619811461339
0.072809624185098	0.10497098586867
0.00849239115393768	0.0177295257065145
-0.0962532473606738	0.226472129291312
-0.108781660676352	0.336938142836089
-0.1598620697086	0.494664663187727
-0.141161380273048	0.459872665833346
-0.419231316424522	1.90146860911528
-0.101799028295492	0.284800429104579
0.26901013100296	0.846942865237701
-0.147170263125927	0.398068006500786
-0.0906605308291092	0.15414894785828
0.0892682171275191	0.178083904155323
0.438522894481012	0.694534059069568
0.307852954886356	0.523216423481628
0.323196744207908	0.649170202385215
0.16346149785374	0.431049708450774
0.139791130872023	0.265474552134976
0.086671793700464	0.171092109707999
0.7567022692944	2.1773624652821
0.217781501832915	0.301121810738409
-0.498896879810405	0.418559582738567
0.0810919164373458	0.0708702800732011
-0.212789658868326	0.174227854207095
0.0666683606596027	0.072593544726368
0.2620489205332	0.330553176724116
0.513872678589481	0.905167246285217
0.0938716504206058	0.110202175960053
0.766897973312874	1.45937646924172
0.727430712183231	1.33016426157264
-0.22332223348181	0.328913511723859
-0.152526356827404	0.244561416937147
0.358228394199547	0.536105302135572
0.400134792529464	0.804158877094217
-0.412035788717699	0.614809997248126
0.301733294598251	0.249106909867031
0.10601236176936	0.0758203092196996
0.683322442677367	0.543898269892108
0.00399574201394474	0.00345163349652497
-0.0142659357334073	0.0166503522491715
-0.130359325995426	0.196635163647247
0.0671204641768908	0.0679470050396127
0.284825568464905	0.41682674934501
0.039270497268158	0.0531226896051249
0.0794908576677304	0.16095181293601
0.220421241077936	0.631899977378422
-0.0377402612064027	0.0831615026094478
0.0640090934721297	0.142467332406694
0.0705728654781434	0.151217472139632
0.140310092959488	0.290315039472099
0.155024513665442	0.378861356270726
0.0284724192254911	0.0388081076444031
0.0948169735345846	0.140396754699705
0.136345635713803	0.221764353302628
0.397866442283472	1.14618226729412
0.233352096177077	0.552025346522115
-0.136190423391267	0.262160154881224
0.208205151460497	0.276154571430838
0.0938520680174966	0.0849184914830323
0.117828358366293	0.289522056206274
0.335631187345411	1.12507513162264
-0.469056018197262	0.846857666944862
0.275521610842919	0.601676812303528
-0.618265536111483	1.39528483202893
-0.276606803663187	0.642294613766188
-0.227759349861219	0.518711972499978
0.212106846828941	0.252162622248549
0.444640651050214	0.650247687226068
-0.286185408350054	0.423210284400873
0.197864874451088	0.148485649932745
0.0820751835075101	0.0642279758944558
0.307981435046898	0.265567720557598
-0.00659066732224804	0.00429138563843327
0.852362501018368	1.19123535789117
-0.202489569978564	0.225523498069388
0.117773615397505	0.168504155726825
0.172142378416157	0.455349930518665
0.166854408305017	0.498899724544094
0.0198354482870411	0.038088135752476
-0.0504389279088412	0.0925496478477417
0.101701128906977	0.230143267164036
-0.0136332738586692	0.0303917605924286
0.103969949714347	0.255368858260339
0.0765512031953724	0.194667987370324
-0.093794232830414	0.172979237745747
0.514058633719784	0.692999162608941
0.643621005984183	0.750641449915646
0.607340591132127	0.766864518528881
0.100101036629892	0.157418454326777
-0.0272942899189552	0.0440715458715721
0.0502708745508081	0.0899521939328737
-0.349846415389761	0.60900291095285
-0.444681658108415	1.42874764315561
-0.12408662164362	0.281572503419816
0.347972823407518	0.715298648105222
0.0441317664971164	0.0529869507639662
-0.0508077847155539	0.107483811121077
-0.0288522714985068	0.0389136856072004
-0.079500482580161	0.115084830631363
-0.809944048697806	2.78618296539768
0.0513344956208569	0.0750450000075845
-0.134602670803947	0.278471759635729
0.0916163332666341	0.188128724340442
-0.0301490028656711	0.0527409101891212
0.122370898756449	0.283682747696113
0.130290499951759	0.37293712132395
-0.291220639715148	0.845887969469963
0.0655838823962424	0.134908488356075
0.104518405905482	0.182855747358153
-0.0976173325748913	0.158706795148819
-0.255854855791051	0.652110455377435
-0.217372690588226	0.467807622847556
0.458934596395653	1.2392703077227
-0.288259902754078	0.582666283320635
-0.0702584442538679	0.127741741575041
0.142917666801999	0.288041168372585
0.273735276294308	0.647989356071583
-0.087482776164627	0.155376647731797
-0.0413878295500715	0.0628387469553236
0.326557776278167	0.682590372401077
0.0082957929879835	0.0117495445500726
0.196575745885805	0.387771094005099
-0.0893777818214359	0.13753101949259
0.225926021968087	0.443948631719013
0.0896951139055253	0.148642022363581
0.552887985949471	1.56138932384436
-0.310023427179238	0.522355199910425
-0.620034206170223	1.26246971382657
0.530243039400132	1.08558392226314
-0.394607604805524	0.92925533391314
0.0118026149179759	0.0147394690113488
0.702690753660194	2.06987529920493
0.138540179955021	0.186313488933028
0.0622691320887493	0.0708704501936745
-0.144408144039391	0.197468451826152
0.207123940285691	0.274493245922813
-0.0392978607521545	0.0495777199738696
0.0953310940862811	0.154916190848668
0.348918863281778	0.727091080778336
0.0421045488060514	0.0552130588483941
-0.0830010516225062	0.108831328907161
-0.10103063646424	0.141962187139387
0.485297672356693	1.05783071553399
-0.148911721607173	0.21815385919917
0.453608603070259	0.993195563967486
-0.0307299729438787	0.0387446995400261
0.136640852597837	0.18333205196753
-0.0839804684793738	0.110260866649433
0.47728232986959	1.09407570399539
0.14790846373275	0.27915962550019
0.199769200773099	0.399322317218749
0.344324432294771	0.897889642130551
-0.0163268605462623	0.0261859125526909
0.107488182296488	0.18243259422066
0.533635428183948	1.63243707912
0.195480872972778	0.328472314371318
0.248706913734012	0.51154301005062
0.194008975727442	0.325451832916417
0.378272486818159	1.01270326139948
0.0510610112754803	0.0821598468090058
0.204824288701964	0.392704711691787
0.193661867747594	0.377146223650325
0.17892239855836	0.363914829477359
0.141302900662909	0.29479393743076
0.242064029309962	0.556350658534811
0.09252773968388	0.165704726125315
0.0671260879817175	0.117501470756391
0.0406762994896422	0.0721248760286055
0.439106162530966	0.681890011735084
0.150260454076197	0.195263121660243
0.0127430838160997	0.018772158962824
-0.0732184197589348	0.0959535803610454
0.176515541496508	0.253785215319837
0.48766174188558	1.03292075864981
0.854878302812206	2.0287240451783
0.135412890879532	0.205200590342546
-0.147000855393383	0.242489607304209
0.151506445318155	0.313939948695792
0.0815583583701551	0.162660235714755
-0.0494299771153929	0.0807137994112462
-0.177775765551436	0.340717535472573
0.121826927008751	0.188327953240461
0.255862087807191	0.597768996511716
-0.00762214244141336	0.0108715990373063
0.272236468736333	0.648514135103361
-0.0349619606288982	0.055554283132717
0.13257554322865	0.255405598839884
0.0471451717976101	0.0794709381365178
-0.192426891955682	0.336755340068585
0.063355226581412	0.106240082467492
-0.444084838149875	1.58176601737091
-0.0402694450073726	0.0695458174469677
0.0405967621216959	0.0719737638446741
-0.0732561302023218	0.141570642314173
0.132045402986378	0.254216562189874
0.0235348945309874	0.0420299427865696
-0.342175315833909	0.900421193068455
0.138600117814189	0.273419679537591
0.0409299436709535	0.0658641105777354
0.304706091124022	0.623450993097901
0.182685629389242	0.337837989722819
-0.0400822675540071	0.0506110578433049
0.0839738917314396	0.125443031401585
0.104807170861015	0.167485474523633
0.426701906643331	1.37499363858645
0.0770376053185363	0.154402172333231
-0.58933178394501	2.327061505417
0.175931909095328	0.335124104091534
-0.420878139129486	0.869127106164402
-0.0920894524789329	0.0985287782453063
-0.100663733122798	0.102016543940468
-0.272951183957797	0.524603439398616
0.066364055046113	0.101858282179804
-0.195409750670415	0.325258082113308
0.348508767094272	0.716916519436138
0.0103709070033928	0.0159313118008047
0.197659510131617	0.393865382514942
-0.116718348115281	0.153556457163814
0.214117399148437	0.393669766721769
0.0979717994805146	0.167075779404019
0.211597283553078	0.387925571047841
0.464860472534696	0.894383980701979
0.150545566129486	0.195659945543364
-0.300201183233391	0.489796484361584
-0.055149070875504	0.0818346726523443
0.0391368380605462	0.0551939429666965
0.399967661651931	0.838455616520488
0.00531614557080184	0.00703381772954705
-0.0530585162642196	0.0692828598979127
1.0296214317179	3.36998759578863
0.330498605028394	0.536981622529056
-0.0344802908529481	0.0386015852419384
0.117600782424524	0.148032225101731
0.252573001778106	0.414561473176926
-0.448224186329267	0.808332099957646
0.111028245827973	0.155633060426655
-0.075100117990378	0.1053785623905
0.201770752473076	0.377815865859365
-0.00115916290397107	0.00168413491930489
0.267081986774566	0.482801976877611
0.0796236612570602	0.106398635733371
-0.318938248309899	0.585607260130535
-0.193757958370492	0.303297322440725
0.18321348996672	0.292539557487167
0.298027663955918	0.577156240434939
0.0380783650067101	0.0514250646529067
0.355943060400643	0.819646063325727
0.303210195092573	0.619313530368266
0.227556706254798	0.521931265171029
0.46766420531613	1.16381588470504
0.0757281064680232	0.124169169874791
-0.109666413935129	0.178296442799061
0.172298555353774	0.305219186518007
-0.256558203761422	0.46757906711595
0.224425150960989	0.32218533018124
0.470441337865498	1.42884960392205
0.236331641524239	0.403668871419094
0.278588126590302	0.542361410675935
0.157132797858754	0.305441127855586
-0.0971040560788805	0.157800448510603
0.21761925583105	0.265229677185533
-0.0719768206716208	0.104127670924935
0.331128787643263	0.735856090183637
0.0122847312702887	0.0147999628072013
-0.296565074198126	0.528066534448476
-0.153251651126122	0.245869446111573
0.401201428486563	0.724133989982958
-0.0626726690905302	0.076304058202401
-0.0217141135544568	0.028313733348393
0.378267330377462	1.12104621796825
-0.0303825445281499	0.0511117597212345
0.0143825174443253	0.0207211459318992
-0.079090174936104	0.107434200360964
0.401284776673062	0.795379654258498
-0.337698169959169	0.635985092394096
0.686488610358398	1.49519292854582
0.0921237784661557	0.128097734702074
0.327838789480274	0.694071492323505
0.300888802312948	0.688790674121431
0.0545994050235968	0.100981370430507
-0.373542276497837	0.890608967999095
0.00868102047338654	0.0130132021318927
-0.212694505389471	0.515621570269101
-0.230213677522996	0.551499220477612
0.0243386231073729	0.0381971455501781
0.209419255769439	0.520495520456869
-0.185348436103968	0.370868975284937
-0.0425967637274566	0.0692351332341006
0.155467421855518	0.328781571863921
-0.0171824199188733	0.0252038269319877
-0.203140671269571	0.37515198405287
0.201304530507722	0.318827126504976
0.165019603473403	0.361686839363347
0.160224416333387	0.270789077083122
0.0858169250950317	0.146213791308663
0.107501872027258	0.1400204504084
-0.466706267073398	0.819863072406956
-0.291559207625701	0.339382424054287
-0.15895528529562	0.159833117476225
-0.275068909388153	0.392949345854742
0.284124590768783	0.487214855813865
0.717997340791289	1.61815240553836
0.506566323669974	1.60380700890728
0.0433054715909219	0.0595157137287386
-0.0976690227985676	0.132772023613713
0.192875572392414	0.294573289477719
0.0679340598512265	0.100479154791169
0.45113017531142	1.02682247091833
0.10942616694831	0.19441264730184
0.0191763832016763	0.0309424447935185
-0.213347172600015	0.405020131809558
0.20005455181976	0.373778755878472
-0.0698007687340786	0.103985624860543
0.0676807736076357	0.100072512203791
0.250907986300508	0.463588344735157
-0.0452472582352052	0.0591105379296401
-0.080737710358268	0.117080881886042
0.12148925575969	0.19810744915704
-0.275358700151097	0.567739362515368
0.164518258014357	0.297626006949124
-0.0923746729865684	0.138117199848831
0.0234870850497852	0.0314738916062868
-0.81867210580193	2.55231058933023
0.033510459909497	0.046444323617845
0.357985061674723	0.878394884308922
0.156817665945332	0.291672888933432
-0.248730949948807	0.48677043468129
0.131074888936589	0.241911732847802
0.247137926396829	0.547213777186591
0.201159256335903	0.456234457513864
0.164388958954176	0.34420238333895
0.12279834732097	0.220299283270842
0.0765618067412609	0.110864103735621
0.104248038769886	0.188437816596497
0.125444739249882	0.253972197825608
-0.0301172203076793	0.0432252779457143
0.0730634840037933	0.100615229897387
-0.105670505746402	0.172391491467672
0.00381217082792991	0.00465783292550576
0.0406249740356571	0.0596532073114569
0.0710377829831919	0.118595913197878
0.0887912026128345	0.156996772493693
0.239175057406372	0.54315140756509
0.303481407041063	0.613036116682573
0.237611987998522	0.317573278536006
0.122481267663773	0.178451455517515
0.257663851228276	0.381045177409737
0.154525761475566	0.296701250342122
-0.149195645052709	0.231806140581712
0.135680296174309	0.220444173343646
-0.283280133361842	0.345961459521838
0.0953405883624304	0.141276057948176
0.417026419411193	1.06153588471814
0.0188605532584586	0.027578561236171
0.417480698452776	1.07466230142735
-0.130983614388809	0.220519140753234
0.223277518822752	0.471560261017638
0.260043810070715	0.667091744990777
0.0372717261053497	0.0724416293536814
-0.0757647863042538	0.1360860397971
-0.171367642570689	0.259586718878072
-0.296580507197301	0.45354452885857
-0.40456938673443	0.582301936707441
0.0879522079461338	0.0942521170562301
0.0428324262888841	0.0513494997617302
-0.528030981884515	0.818122109820985
0.236583172138922	0.36008129674205
0.305597325132231	0.510291677484663
0.0250776441541243	0.0325846179002355
-0.0787831176825362	0.149825281248795
0.0146868721185021	0.0253812837167469
-0.0764421796067751	0.150608804411912
0.0467836156816356	0.0864715944218143
-0.0422114915066278	0.060671598617963
-0.203316982192098	0.357074447643965
0.176770317380816	0.411003623471302
0.634577740960714	1.85761489864712
-0.593886916667071	1.14364969409232
-0.19401857012529	0.331475893785813
-0.0578994432671965	0.0809217044725065
0.0356784836477398	0.0458795424101367
-0.100459681874569	0.127139483695382
0.336059984093729	0.790730656191501
0.0929906611761772	0.166685105558364
0.0860999590504098	0.160802436146785
0.0545085279122705	0.0962625192811499
0.19330528205856	0.397178497183495
-0.0564865699387162	0.0814593904091774
0.208702756608944	0.309620300556194
-0.100084574506447	0.112399439246762
-0.276599875085872	0.395663994693145
0.0773681038522103	0.0921223349973729
-0.00451109974518428	0.00526051656218314
0.475021072892537	0.816046948114006
0.432298673991017	0.812197561743175
0.32191918533748	0.62954444406359
0.245385802226206	0.617803625804218
0.249949784487995	0.60413446396895
0.531617424137138	1.45985148016056
0.142783070075202	0.23902775404394
0.271837809326223	0.506681105329189
0.0227251462669041	0.0363594208242616
0.298796308811709	0.688907081217045
0.115888204672548	0.193449726559093
0.17732092601571	0.319336551118965
-0.168268241785742	0.30767848344206
-0.0410798512642756	0.0681131267688508
0.269078756689947	0.493760940775379
0.12454140708206	0.203968444257396
-0.66880989673494	1.87898228514283
0.327321394860548	0.684792430942127
0.323975978699394	0.651329148174584
0.0754543787530917	0.11940377935179
0.1542904288505	0.298706538436131
0.450440869842095	1.36697419368697
0.494861055123143	1.24423106604259
0.136512440969093	0.222131696586351
-0.335294741134594	0.715632727376589
0.0185161978163601	0.0261298923593224
-0.509332535871251	1.401487955939
-0.265192183837377	0.623970875640851
0.227710937649641	0.488196526836892
-0.282211228724794	0.632525986949793
-0.00644360663730394	0.0102759658561621
0.0735048684622523	0.123171169586601
0.107830182574451	0.209682023256295
-0.00681753880033759	0.0102035750584212
0.0657274107453112	0.104466457592635
0.365755244587984	1.04513712818043
0.153632749427303	0.268745270045459
0.376173792019657	0.892882776916714
0.235281670903526	0.442708805737639
0.234868792722336	0.552633370178063
0.427914145568499	0.853079050796476
0.301896566457685	0.608522713338802
-0.0193822989757359	0.0305774173740017
-0.0465106616249167	0.0773326230969362
0.18376376921581	0.343409398296652
0.166737215114197	0.305385252519858
0.141886094232798	0.208311185946601
0.187290041902145	0.37522461981131
-0.333462728211669	0.759709826852768
-0.0997229657640542	0.100958201306313
-0.0653825855220383	0.0857903941913672
0.198388223081821	0.36985666338001
0.283620949547831	0.720246111035689
-0.0922226070123265	0.160065322687996
-0.201435620802361	0.413984748238663
-0.242504305772441	0.555336622113955
0.0952833981256625	0.189388741010135
-0.073531078512952	0.134491864108128
-0.336089906342725	0.866736884525155
0.0457636983655629	0.0630876099332754
0.125608146478552	0.161833698843508
-0.268160198449936	0.435379274195709
-0.688940694421629	1.26020500397687
0.297615086200656	0.470578199171808
-0.627573411508835	1.07801913742379
0.111877443701646	0.156988951080553
0.286755875674565	0.507189911116175
0.0551451165700152	0.0752165892622737
-0.0760647524231285	0.144813963849517
-0.311248264093683	0.887519587784093
0.0346762971987771	0.0667358176839966
0.114557806953608	0.206732023932464
0.10984534638194	0.171215495040325
-0.395379772448116	0.833703907671248
0.0571296423821393	0.0964008431737748
0.0958935514017933	0.142167722879549
0.0214124685457735	0.0264137817146645
-0.0598700521687495	0.0810257476041034
-0.00677689035950388	0.010369536624477
-0.335127412439869	0.617505020976121
-0.104739377649397	0.122745370267043
0.206372448829881	0.423460806732962
0.0372464268712484	0.0539315205373601
-0.150662661648844	0.234568463623574
0.341604039292034	0.625491474195281
-0.127898944443251	0.192283372279154
-0.202198099729021	0.3729430914367
0.102034142406535	0.16246851829028
0.128053766942282	0.177933126915587
-0.0219951648673606	0.0286882620966763
0.4350884241682	0.740147892752971
0.207349669474259	0.274845506986823
0.143957070629397	0.211915190524734
0.248223332564024	0.45183395922747
-0.0039149458548691	0.00525842479792493
-0.193733484092523	0.348320994663411
0.226096525882061	0.513532113333264
0.378587956114301	0.910344132538877
-0.0725493994669268	0.0882723108330544
-0.256983182727661	0.366296676120496
-0.0413740327898878	0.0594031716556768
-0.264325053113286	0.54313043442684
0.258608024019969	0.445203434071447
0.334936498828894	0.564120427926915
-0.0356486000997054	0.0496627144260698
-0.136696860333368	0.268095650084561
-0.32375419416619	0.7361371338345
0.106176677951337	0.186259964198095
0.186638058322414	0.328976444589712
-0.110215013030334	0.134497744584652
0.299576830765781	0.482078811912289
-0.384179140698417	0.612363547695261
0.171194625554794	0.219700170432633
-0.375496039789277	0.770769042514468
0.0231115564723464	0.0331302982728057
0.131004751267817	0.231448167562912
0.504327586466479	1.19687813158596
0.459213093536733	1.24058699657523
0.262704275738391	0.63470980731284
0.437630789503965	1.18338696624208
0.399372034067061	0.813465348245666
0.399656547651215	0.915927463706584
0.10751924001735	0.174149911831774
0.519148564607298	1.50663418170783
0.649224844546421	2.67519669002726
0.157365363240241	0.305987813629531
0.101550973632121	0.175508461970982
-0.0416589993348289	0.0615915366111057
-0.563875362747751	2.02407765362949
-0.35475181235452	0.546085127416985
0.0214770669335698	0.0264958657407324
0.271218015907137	0.505126125697788
0.0667977853001094	0.0856888117626415
-0.066788978154199	0.0842982892601161
0.00662746349278286	0.00722635556106524
-0.384054241655214	0.669630904342177
0.038896746876219	0.0438691478652567
-0.043946921503667	0.0614001239828824
0.0263763608538416	0.0447848479043357
0.359133097156939	0.950626913818301
0.0341910267732921	0.0492960518342631
-0.133421367238518	0.230376093008891
-0.125107167882155	0.182291061911484
-0.182795632418894	0.285930932182808
0.176008059546524	0.335345570252893
-0.414701510334171	1.07708728284421
-0.153502820568092	0.279667780153238
0.00936684060651083	0.0140553056062654
0.0164690548444526	0.0275173307579531
0.277868006826897	0.614346463220492
-0.408230354796435	1.07780787089429
0.0585200026105907	0.107512232613314
-0.220109891763574	0.517890797154224
-0.0341652535286529	0.0529659333013499
-0.128167412737124	0.234817469504381
0.0232584935177566	0.0372438428537314
-0.287483340461109	0.730163615926635
0.375038863862884	0.830608648025596
-0.572856502242773	1.28709916766874
-0.178070229121956	0.348297586824734
0.0178832294725658	0.0227719723908677
0.0403358685599691	0.0746148884891529
0.467947196397904	1.16481955136925
-0.255921721912885	0.479263557008312
0.261594948090143	0.517880060057157
0.170269670687054	0.316239611094369
0.247213312085383	0.502534593988745
0.12442953246737	0.193069886344997
0.145404474476058	0.170126152156708
-0.0439704305596211	0.0398235300654178
-0.0279862787106934	0.027102061669148
-0.131838135172483	0.204713097575721
-0.379019353309238	0.872738046923645
0.504079353207109	1.40021641964103
-0.0157065560094244	0.0251663409744051
-0.3404544250437	0.677647708411295
-0.168380121371287	0.214323835528136
-0.193844379278767	0.274364467524544
-0.329375368308421	0.686917194352571
-0.147733476914939	0.249778467274317
0.278438810261088	0.542018241319102
0.302645644557836	0.496254312832763
0.372525928078188	0.870574052398181
-0.267521985649214	0.651328175279025
0.144032487274206	0.225911586080824
-0.22829019301827	0.454358985817641
0.0597792269220335	0.0933893934349279
0.170811035214454	0.219117863743497
-0.874409146245674	1.49655108240886
-0.395455807198455	0.547523030025951
-0.164498753959459	0.184063930961351
-0.203260613274537	0.356919444624961
0.0914050825333427	0.167236819697782
0.229263982788296	0.373295411248854
0.317061746196796	0.592887083879842
0.442967733053708	1.11787668456085
0.265988092189164	0.607435355068221
0.395896184417652	1.00845279056723
0.489855376730418	1.69260678064111
0.397143076962579	0.961418768651465
0.192310861433433	0.26814772014035
0.568015380951279	1.52868168497281
0.192310770927675	0.434501791204238
0.216233768561982	0.527315904898879
0.292245729022718	0.798255601742613
0.152335347697718	0.2916951057115
0.249554130589098	0.563775198315404
0.0893120654076392	0.168819599550431
0.114702703296578	0.132934485333667
0.480151796114839	1.08850112601494
0.398353839537027	0.900703337687945
0.294697812167644	0.457276463328316
0.151069706064567	0.196398030386268
-0.224017655042297	0.318238728074905
0.398087343652439	0.577190843594133
-0.381275127129453	0.606028934082205
-0.169862521796444	0.256847761149101
0.287869268406908	0.686528232619266
-0.0703994925146915	0.126103337366187
-0.00669505971087007	0.0104646230434655
-0.223989392401382	0.40580065612996
0.0486283410253338	0.065041524958954
0.256306838829203	0.493236226284784
-0.0489655467995304	0.0798939809069606
0.222773550143348	0.560219960532919
0.104084317803131	0.174293341864806
0.00741692383836662	0.0107527764780466
0.168716749504144	0.327256963426406
-0.258758924701837	0.458900011651402
-0.240427407617305	0.458647385245113
0.241319442785704	0.630945457002969
-0.127405998056587	0.24371653978432
-0.087586132540969	0.173062358595352
-0.194551494154712	0.358712895645317
0.220383393959112	0.488677782519416
0.161017105818744	0.319861983657164
-0.105374537432993	0.171833278265761
-0.348944838239733	0.643247052529341
0.172447213213143	0.341978902928643
-0.0733851129729196	0.0893684344956258
0.034926172290959	0.064375604358686
0.178109943777572	0.453541192690407
0.116878542381127	0.235367841019388
0.21114400043535	0.250761653009776
0.15373632635336	0.167300595133611
-0.219456390405429	0.268474780419996
-0.212154903913912	0.291166807701622
0.565064334252772	1.18368152383809
0.159807836488148	0.284636735590264
0.565958223288811	1.54010588306099
-0.15134502504356	0.27483066421837
-0.317738061563108	0.734355010246028
0.0100067712584222	0.0156913828900329
0.198287031437284	0.395327630259137
0.0331943345017185	0.0491235991717376
0.286420418418213	0.601212103599299
0.0664072138928689	0.105657585517125
0.0624094907959983	0.086870308400796
-0.324140566003455	0.690571557488179
-0.308522345758942	0.669065257091121
-0.0851382550553782	0.140849245527649
-0.54613535446439	1.42739527500545
-0.0366391016397367	0.0526700087250773
0.0615641757781109	0.0930028388807575
0.162020818204417	0.292132010655894
0.116110253004109	0.234981465154487
-0.211431494593373	0.419021060097776
0.0785703549943865	0.120213752993797
0.466999949862205	1.17546244158725
0.0313369907561313	0.0474397388547229
0.106695780634041	0.163898167127665
0.329032012355891	0.873083479877983
0.0965244084853674	0.169822660716278
-0.105016977629754	0.179728456979367
0.138669881815696	0.26488578926171
-0.0902520948396334	0.153359424682951
0.182146588642105	0.356179173676418
0.141893880198585	0.272469323550713
0.168307570693524	0.311774292046911
0.321405801029947	0.636235741135426
0.106717432314864	0.180901637121134
0.383127464143288	1.11533015333456
0.16980928397916	0.346952420481597
-0.0465952183876549	0.0688387034200341
-0.0824234861135399	0.139376738172635
-0.141430170795675	0.277409242339513
0.0449423115886763	0.0663797297452054
0.17949712525588	0.327395441745923
0.293006939793546	0.639070671699579
0.263393518563824	0.59416737282738
-0.166279826181364	0.373589762090226
0.412518306191426	1.30008757176051
-0.406807239504694	0.960133657298862
0.0775687715188012	0.108650185375613
0.320654483294532	0.6261164949254
0.0863849745648838	0.111670612377136
0.346857518485041	0.684761263893851
-0.215970346909943	0.275108177217802
0.151239259546943	0.19671473187208
-0.653488571804556	1.7283336206633
0.179192332947542	0.326663352755855
0.284709937628611	0.664419919803772
0.0486309882024475	0.0728759281242846
-0.00533095895893463	0.00814364813457503
-0.193270003376349	0.485016979857092
-0.219684143362461	0.507427058516996
-0.114412940520675	0.213720520676109
0.0314924998518403	0.0586787581854548
-0.217939425023877	0.511092561961046
0.00566104011433048	0.00856692452724456
0.356198846332978	0.864004446997903
-0.284104543499668	0.505570619103474
0.0141425169255611	0.0185301734684355
-0.314747685098126	0.482122069333857
0.222960033779068	0.528585095396407
0.0235027506818284	0.0314920943677725
0.314168922260199	0.715235527780976
0.116370697747592	0.135019245821719
0.400632009854115	0.346025641626562
-0.411947022178087	0.321310650038014
-0.230876549764563	0.229793383126513
0.049771562572725	0.0403425035040089
-0.00918633722943391	0.00666663855279177
0.450639197043945	0.616717804511401
0.565257997320529	1.36313778942183
0.415457045728917	1.25054539830474
0.0734550187746596	0.127864934518058
-0.45692719860469	1.15494680539499
0.0202701523994653	0.0313862788231275
-0.445781677153946	1.05837007047217
-0.329469954809572	0.687191654489847
-0.221219662778628	0.33678637547959
-0.0924489967739074	0.129927855252168
0.102770653330888	0.177934380490703
-0.109692900944528	0.187539756965751
0.503124634884509	1.1929467796851
0.373157496112388	0.77452881432191
-0.614958506117437	1.48618247656888
0.441431019372796	1.1367803074976
-0.181959807471493	0.275663268252153
0.52010437476523	1.12763738637382
0.103624149525024	0.179617983648837
-0.0529962347142124	0.0828455200781772
-0.616735950460022	1.94606970616978
-0.0556633650917681	0.100488516058136
0.153932780549862	0.348544640326924
-0.0156169091597596	0.0274993752995855
0.0393022782234831	0.0591778279689206
0.0607971375819318	0.084452631780674
0.208006908176602	0.431477270756205
0.214194789363519	0.459564084792747
0.110951167687503	0.219815324970397
0.0601944418780197	0.118625287357258
0.0935818776245275	0.180395831961846
-0.0889050280021612	0.143919826447326
0.324078840758839	0.498248206916293
0.468471777029666	0.874186361271713
0.670365405413785	2.22767513745754
0.27405245278553	0.720737564039824
0.0722165810268092	0.108486947123433
-0.0565312244591663	0.0788921883456738
0.793296125438223	2.02499424912376
0.183564957787828	0.293120666667227
0.0641208165629654	0.116575400720041
0.0509208877053927	0.0912283308015
0.0467836156816356	0.0864715944218143
-0.0527515834017455	0.100355548262851
-0.243071265793517	0.632888985109336
-0.00136970053160669	0.00234829714948215
0.0725876498564874	0.109091251126478
-0.292945410509582	0.418839601310424
-0.537933108304997	0.948304998486768
-0.404245871362068	0.581641938334344
0.121475680305989	0.131405897921337
0.177423738782253	0.209283146504869
-0.58252720175739	0.562649655560473
-0.0321970499726776	0.0253231783634413
0.162548362533336	0.181964762407147
0.287724673411543	0.833649523157351
-0.121077783334343	0.230929601862044
-0.0132622037761718	0.0160805527739541
0.073590022639954	0.101406506764247
0.117598394980744	0.238685544115258
-0.293393355259435	0.492909269427307
-0.0631513502795099	0.067682033512623
0.397421790729277	0.941055715060491
0.0867868596960058	0.118413384641067
0.296761883601717	0.359208555273648
-0.330625608235567	0.40171824059074
0.10863231764083	0.213007431920741
0.212305719871859	0.353928316635496
0.243415131090108	0.482688872960096
0.208011809044141	0.203962701647766
0.396562338059356	0.574294044633979
0.806027004640901	0.707296521776233
0.0848995617669734	0.0574607370289221
0.772433890566407	1.17756829407033
0.280700276834585	0.304467740423088
0.716265784548647	0.730747453985233
0.0369429222028632	0.0568476857375422
-0.271892218512869	0.686297899096654
-0.0242484380947974	0.0413971933621824
0.202061325199844	0.434005876448012
-0.179301955111627	0.358529147283329
0.178111204831074	0.324241361585114
0.239169472354667	0.462119475799003
-0.19392791323875	0.303619689925019
0.470550010081498	1.14541639552799
-0.103037382831981	0.175817316869161
-0.234375416448707	0.487214349687793
0.157737908618868	0.293734626870366
0.255717310306695	0.486291873948259
-0.234489579525243	0.42572214603812
0.192551145131217	0.293745435730439
0.0802390202630456	0.107296678779085
-0.376410217125865	0.949568178528091
-0.231219280144239	0.564718953603139
-0.275012592470174	0.650274669309019
0.190545933221237	0.488956114510366
-0.0222072840831362	0.0414101692831487
0.209452032637346	0.542145489254095
0.294444418406027	0.656378417104843
0.0102790930376612	0.0132520744715979
0.30795469636404	0.758056351171883
0.0505877248373319	0.0905754658025372
0.0715606081014724	0.143803219281522
0.378971745607594	1.03388395766894
0.00880856909235742	0.0127911804659959
0.32700480293327	0.512609000936555
0.833492153773101	1.74516153253312
0.628057856665808	0.922283757070952
0.304423171928735	0.507802776973667
-0.049165277837637	0.0852193219002027
0.12022444528435	0.193867219787654
0.153559731703579	0.234489600620488
0.194186245569105	0.443191280899856
-0.0174464233830261	0.0286084337422305
0.0655772137169715	0.123492552148777
0.0674155114599989	0.139851168952687
-0.0245175331685551	0.0457259885181083
-0.0759998645656894	0.156381130301009
0.280131892552352	0.394718291152247
0.492171195649908	0.740810070287394
0.39710632501186	0.58748669401646
0.185017479239042	0.1972334577769
-0.163745057530915	0.183094109676172
0.400453205324958	0.329203864179466
0.484446689657351	0.490376940750457
0.0251458834200163	0.0210681069871369
0.147999288244615	0.327670601062327
0.119343670317948	0.259386641695362
0.274851055703047	0.718266543563967
0.10780493587133	0.197399089071981
-0.326332282816417	0.615954484679271
0.0260290225190786	0.0298065694513093
0.115948663052603	0.20964665187637
0.466619563448326	0.884249012511242
0.635521729616449	1.22742906217651
-0.148838777992663	0.224702113266778
0.147702391665377	0.221197586206828
0.0793277536405082	0.0761802114519286
0.398108307059341	0.540091311834614
0.368548668162148	1.11727017196581
0.0428623908234255	0.0728005173496272
0.00164242267845759	0.00276924413558837
0.0426556905122709	0.0796693519386596
0.0254909399357673	0.0429618441764541
-0.358742341050933	0.476929411132646
0.087483593374248	0.106850301519505
0.16492124981308	0.110118119172275
0.0314479515524821	0.0290301482840722
0.0371193947686589	0.0372945563690662
0.608121785861784	0.768251681063795
0.485251218361975	0.776385642969077
-0.0403750879766547	0.0683133579523752
0.290113999756444	0.705673123482394
-0.00000945111566132672	0.0000160615118777365
0.0311626947983448	0.0547323288031401
0.295018352309751	0.740722932207066
-0.230716950482531	0.450072720328105
0.255298241050898	0.485252055800723
-0.143580743787378	0.229947077787036
0.524149857905321	1.31450647870523
-0.26450411399094	0.543718084662956
0.339082370393003	0.824269986619513
0.126818386715501	0.230700025987153
-0.094935619607938	0.150523580628346
-0.0409293139510534	0.058714896931677
0.161328919186559	0.320584956732489
0.0197817130088779	0.0312876568471876
0.0110994487611156	0.0179152942939887
0.302652724176834	0.720724734022075
-0.00824437765773669	0.0129125256452596
0.0891948508412201	0.182434898405863
-0.265561611379923	0.612617244234015
0.440869559889468	1.12274811613466
-0.286295535473194	0.667608635294789
0.0790053013689256	0.1355485172829
0.523308838429673	1.6966660715134
-0.0295330338831362	0.0496130481535923
0.00260393555201275	0.00417126673910955
0.889155538350223	1.33845249301551
0.542386591798879	0.644318788110446
0.223203221651918	0.432781612478114
0.0682729166754462	0.116246049082053
0.155999929047913	0.256871548997696
0.113544053937475	0.1699249772389
0.102034142406535	0.16246851829028
0.169214424904076	0.394427133571048
0.435043687943025	1.23184945939812
0.574916001157473	1.98154550980876
-0.023784224385686	0.0413483069896125
0.0462160793022822	0.088882340060275
0.0933846132982027	0.116451121707177
0.0709767517762762	0.0877295185314528
-0.800486589085862	0.85830066466898
0.732239021549187	1.03709933502744
0.252510372698998	0.30294342994169
0.10340509246082	0.20401188918241
0.383332332986624	1.2177709864802
-0.0657522644655086	0.100357589700548
0.116832298748318	0.195269017893139
0.156909392356532	0.334882520864444
-0.162306021589666	0.260711852604251
-0.143831027208033	0.19657633243712
0.177870068960128	0.30023307779816
0.272195834232009	0.643053284647597
-0.323839497085012	0.51252188302834
-0.38341637485587	0.5084912631953
0.346991320818689	0.931591151407456
0.362058712197828	0.962127008403692
0.103420048838134	0.179238360805578
0.108809234471091	0.207133399395296
0.158693111687542	0.265043278777131
0.202140851687739	0.293448946517035
0.712784668924409	2.055032325008
0.465615683162649	0.881579642940754
0.564382009727231	1.18154750508204
0.173066073396635	0.343417631817634
0.134201801287905	0.240228963793517
0.12237272835412	0.178226567287486
0.147702391665377	0.221197586206828
0.0874429958753636	0.119414857372747
-0.277440863058424	0.559354547698106
0.275420296657208	0.595530344496261
0.285168009143081	0.585010255285788
-0.416311082783354	1.02509323826652
0.123624979229345	0.212382833334023
0.148977561088036	0.253998114108562
0.189097330036216	0.359366264055121
0.0718487464704895	0.112108461027247
-0.0387044773165715	0.0638953433405021
0.251459331424403	0.518943228500617
0.0631016369474783	0.0990838360665435
0.183886939890086	0.319646483729945
0.220317773248061	0.425381219050041
0.561323216954366	1.87905754393665
-0.545877394840954	1.37305045517272
0.137052413243461	0.223159995547425
0.458636432517416	0.936168939512703
0.28609456388514	0.668894280520429
0.154316477042792	0.220295653154557
-0.021924864799042	0.0313329929456922
0.400246636620987	0.733613852757837
-0.459387596347521	0.99771986175846
-0.0356560565486286	0.0526465728555514
0.0464546492433877	0.0759768756520298
0.367940800679465	0.678059119710605
0.307071070998173	0.521485830087614
0.371692131878846	0.718963716216567
0.140080380478224	0.231364555703967
-0.377348929227595	0.829403925347398
-0.101882054456631	0.161732385307679
0.214346149598028	0.459989188335514
0.186649911448522	0.302977394341709
0.0772165152435421	0.13527729964445
0.0670971547166165	0.0906439098805915
0.15149001112332	0.230698248627031
0.322443590054459	0.622791840388057
0.347560323765137	0.67726198222161
0.427964001590706	0.892484243162574
0.220371317619303	0.38012999114208
0.113529247140336	0.196030266980881
-0.200910168967505	0.428981289941689
0.0617272536352761	0.120522301651551
0.249690317606626	0.603363574334968
0.041160852336368	0.0642309946340817
0.0523445852451539	0.0915062440999313
-0.25022100377674	0.625954276338737
0.163653007938659	0.295687095475315
0.111729182835781	0.156748997894939
0.636881899044101	2.28262925619103
-0.439256530560445	0.747441938485331
0.129894002586084	0.276116186357957
0.270169031225292	0.490000255966488
0.165431772451777	0.284598091307764
0.346085616283459	0.682613728489461
0.474835217251005	1.11608892454415
0.219782623077761	0.48310007887945
0.187804029320778	0.331573968928566
-0.409125144831581	0.736098989561612
0.263446920693288	0.462177713480063
0.584131817022121	1.48917532246587
-0.34825663027072	0.778413357608428
-0.267585982291944	0.585972470873103
-0.0646507227548501	0.108564079912023
-0.126523060359586	0.237398680908129
0.0239433622812401	0.0355626173123614
0.163384341421508	0.295167394225769
-0.00502146795113401	0.00766816115710902
0.0790216939652268	0.13122922735455
0.0424702000047038	0.0664112862429741
-0.113124474543765	0.214460933123149
-0.199485811796623	0.433002493580355
0.128454662783009	0.253693731792019
0.170367448338891	0.257886221059793
0.244653820662757	0.386912262244366
0.00675285025441398	0.00894435328363215
-0.337906050521905	0.873625941888666
0.235744902523923	0.559769385704727
-0.3593030135083	0.839159854268949
-0.0375231578188805	0.0507449347677596
0.40001616086604	0.917149621619422
0.0845896975601747	0.120924823041248
-0.0589689790048595	0.0923418596633488
0.126630459976929	0.199145481519063
-0.266150647542403	0.446478907334521
-0.351426376892995	0.575691943045668
0.421560146687988	0.984830148984135
0.0285488931287764	0.0450963698319623
0.00512814114015787	0.00924961209661962
-0.119218132133352	0.222819281806973
0.297493025609338	0.470198676021287
0.613296123886225	1.59473045808991
0.428175629522594	0.892979960947011
0.158560704286257	0.351764117552237
0.123372672064052	0.238269300166987
0.146390231702932	0.321198331810831
0.342803283194964	0.860613027807185
0.38055123096773	1.03071241669192
0.463379681647977	1.49911962879686
0.0889410877694496	0.162158092203232
0.0838664412035584	0.163753088509546
0.22016621317506	0.309937361292253
-0.0876717985937842	0.138761685092845
0.316253798180903	0.841203693246305
0.212376444268028	0.354138140992916
0.272789909115837	0.508940001578583
0.349646735389073	0.981665627612544
-0.0203920929703316	0.0320465489962371
0.0779897999081503	0.171159737676816
-0.0576942050559223	0.119401244156179
0.0336292739177156	0.0618335450489171
0.195151034614994	0.45238291480374
0.173862181859487	0.382773237136
-0.333291420271317	0.874402160339155
0.173305495585574	0.32614306376873
0.100778568970077	0.173955739401053
-0.139927558213021	0.290024220898784
0.09534851186061	0.13463857722289
0.283328841333747	0.573767287977506
0.0262303343618671	0.0390737289399339
-0.399606971580956	0.862462701266703
0.204863968623288	0.388920670292476
0.0388848805157027	0.0525755452413021
0.440012301219064	1.13195854194222
-0.231967213208968	0.442356938426043
-0.487732452484317	1.26448823139468
-0.487026541941989	1.26163887306715
-0.0541812871533272	0.0826129651899636
0.0354211713196439	0.0492187333433756
0.100353868452997	0.157860032489605
0.0676531157578254	0.107837332985284
0.0801821603489368	0.117936884060557
-0.194817349394855	0.305308095559683
-0.187730338271759	0.361782266692516
-0.161007761372301	0.306228438712679
0.0702828703425004	0.123693600373344
0.237239345566387	0.495984888270886
0.330505087391175	0.725568430919859
0.171582255439204	0.32214711689385
0.230673317145369	0.469260351187152
0.0876098158308498	0.144709451990909
0.227219129965647	0.451607664749088
0.288885461532278	0.701547824458852
0.0951721800785384	0.15461326064257
0.214880069772729	0.433318669248508
-0.233250535500621	0.411000700261822
-0.26520889034799	0.591719329646259
0.321637478244043	0.620806937360401
0.377202830039515	1.02644459508793
0.232491543027181	0.545411891230768
-0.137318723934377	0.248433462647834
0.19796187175359	0.337633772294463
-0.0686133168844282	0.0698648378631621
0.32643467907243	0.502849889380111
0.475806507987093	0.818053038414493
0.250015461564363	0.609006958961966
0.310293966134231	0.798953089189897
0.151973571583584	0.262708911359898
0.146280171100915	0.27319571588279
0.485874213646018	1.07516650240601
0.194576622852999	0.403763496495942
0.371395879837574	0.707793518016204
0.204535015250384	0.359758898297913
0.163687363886871	0.328999607840769
-0.0129153708310316	0.0215391838490096
0.0466861798746368	0.0862525031681241
0.208301572347183	0.51351605498241
0.0516699647696071	0.0991880517569277
-0.0117587244993763	0.0191972741001036
0.070323146671351	0.113443213964379
0.208746659663705	0.437143370571506
0.293460777655679	0.722994156379073
-0.315749592220222	0.673264586476773
0.131596704792828	0.173131024983271
0.39800727866849	0.670380222257533
0.316224658189761	0.735780704037756
0.026169717228239	0.0411924494480442
0.0715919873853962	0.129878999826467
-0.0306533477929177	0.0516051793177473
0.428751831608231	1.30571535730425
0.0766187627446053	0.134089119738589
-0.801683719657111	2.62253715779022
-0.0543449713173349	0.0805431754423647
0.229266185185275	0.336004047968879
-0.173840407811994	0.287941975751723
0.398408866962552	0.901111335794138
0.0925534335935733	0.155271607460942
-0.471939888453854	1.101401037244
0.0114368540352071	0.0153988361008544
0.175568584644259	0.292099248155085
-0.0709623002267557	0.0964124744453133
0.489463143648972	1.02214775043924
-0.0819207905215503	0.0994714674253052
0.395794692736698	1.02820992827797
0.0763231561630063	0.146129436898138
-0.00643366809873203	0.0104607905735658
-0.596142980308048	1.50453625514884
0.330690937092231	0.872116969377741
-0.0497289337980905	0.0793130255943922
-0.210441063600763	0.516763733072207
-0.27979872546392	0.776620751811759
0.214980582766222	0.546149450198094
0.141031153190135	0.313143681701086
-0.400749838336419	1.07374415492285
0.188218836655152	0.257454164747057
-0.132929673506489	0.155774711319239
-0.653168191106909	0.668446074498684
0.210605873679712	0.165966088083965
0.399359997189864	0.50421963378602
-0.0481347265114435	0.0406535019364359
0.322276213907816	0.310609780117982
0.0980319737984438	0.167182091676886
-0.038515079192173	0.0597077533613979
0.20392915898746	0.328205976350894
-0.0228099648360418	0.0326390964383214
0.35698789506998	0.533802014808208
0.345392614626996	0.431887909240503
0.129944469098996	0.157919284042375
0.30679054740932	0.408448037657988
0.250490716647298	0.462624818772864
0.347239118336467	1.20310776473648
-0.0689650242611359	0.147948871263658
0.0575928509270658	0.114909198632573
0.0721159206146031	0.108329325369782
0.15998229828815	0.396336497362353
0.133004595934869	0.22669521009249
0.377981640330757	1.00185305787435
-0.352878313653655	0.542319214788733
-0.104933239236031	0.137897904533686
0.629641404945405	2.2849315412996
-0.0421687698179095	0.060609453676251
0.029747393802857	0.0434223300292686
0.18815274038911	0.281933959818522
-0.0869280716320266	0.117940643606349
0.155242376152159	0.272145672186474
-0.0686088908261303	0.110275679618792
-0.212173613549995	0.402224372607708
0.0596529087857657	0.0987431316298452
0.0111995078953232	0.015074892511326
0.00201126883995342	0.00280263792712848
0.0736369616315176	0.096470711034568
0.163449463065728	0.242200760845916
0.197438357389667	0.336532034123023
0.143685931248335	0.278788008092969
0.249023170401956	0.596466676911582
0.117442275272695	0.167989536245325
0.00356176300958258	0.00607265619153394
0.140324425762752	0.255511653328913
0.342194872724481	1.09673349346
0.118058628907434	0.277804670103429
0.367658005323691	1.17267447104318
0.00772296433901327	0.0135586128358494
-0.116790420181712	0.196085530764153
0.23540249412726	0.352478221031147
-0.79378685156623	1.49787054524768
0.693380762845974	0.735180759394055
-0.0617496405472916	0.0439786131697369
0.400055552299723	0.345421152437625
0.397987294170807	0.47635407538097
-0.30104490414468	0.332766004418841
0.140255052716011	0.110205427312441
0.39876290316995	0.800138469646767
0.0846946541775481	0.121087967353151
-0.400189474122351	0.864199239242454
-0.156490241159059	0.214113043412335
0.343313107392503	0.657078645392208
0.521625494624006	1.11455250363468
0.301404501303804	0.382978615150958
0.399239100682711	0.673284905666374
0.292809994986324	0.446347803406812
0.257784040389326	0.603904990713483
0.0824899678179198	0.0645670200204307
-0.0417939042044598	0.0840041509239749
0.120012279797003	0.277071376365757
0.181481993639951	0.373520612590905
0.128244324946552	0.213198482820666
0.10604333009078	0.119811242762274
0.315594610891777	0.448895174661169
0.170643974629166	0.384987271335618
0.285819344567831	0.803470272152343
0.21748902356202	0.58784312177301
0.042142652913273	0.0768003916595381
0.128585544047915	0.252118677663256
-0.0653835936398951	0.0914657415954128
0.0738713829311399	0.10182398723694
-0.184058232446521	0.321971591029933
-0.0968990477762426	0.157383544026315
0.531088757024085	2.01545630786318
-0.221888157513503	0.421896615177206
0.125745509513062	0.208291228744265
-0.0101410070009354	0.0140585414927881
0.311125143961445	0.546506217725627
0.330072213083525	0.716787179363667
0.122141301050923	0.274962788376162
0.11241255864858	0.200481833304529
0.153003495605725	0.368431510102196
0.233790109288252	0.735823222397586
-0.140489117437708	0.340424543313862
0.0997365761808516	0.201009582910193
0.218457312240586	0.4466915201006
0.258615963556875	0.439323248173395
-0.203867605077278	0.22738539192128
-0.0339900075251147	0.0244473495533142
-0.208949542136037	0.1839900466297
-0.176927466477179	0.145693490250885
0.0499913735505045	0.0405251634035447
0.808566509295911	1.32136821650941
0.325404609843984	0.324073541445071
0.719590490063974	1.76653820400506
-0.142855834584926	0.228556383348809
0.130217839564218	0.193805188399959
-0.35927966368803	0.607267794841356
0.533657037847866	1.27660559699052
0.203121977110999	0.295177297297544
0.137597971509924	0.171191805042304
0.0175750615215865	0.0282861914112039
0.0505572940264107	0.073826840743581
0.429730955204634	0.845202232824655
0.101474945391017	0.103616133398372
0.495082079307974	2.07453324006231
0.229116027989952	0.335728921887619
0.160130418904342	0.233254168735683
0.158351234811976	0.264358469809204
-0.15248818716168	0.186601457071957
0.581753672652226	0.964675078745578
0.27627427294767	0.672664705431329
0.133247136522241	0.312728657309745
-0.0951516471868076	0.195983065689407
0.0503937713981957	0.0835285521854485
0.0165328193724392	0.0184762297428032
0.373641401542543	0.776043465089136
-0.0199997319553869	0.0299947526061033
-0.089370601876297	0.158280114194754
-0.374302339465207	0.893317013920793
0.126331752216317	0.20945510047182
0.0876556101435201	0.204995636917501
0.166946542663688	0.415545921820065
-0.186866616970393	0.453291339711586
-0.11391065050045	0.199846789252525
0.264878187081075	0.407118319669953
-0.267376022612948	0.311900031279488
-0.518380378583065	0.50414948033125
-0.030858478491768	0.0242543821916393
-0.00882454085228925	0.00640260772697442
0.48035523732956	0.502766625959137
-0.092230308229359	0.0771801284415913
-0.222496043273706	0.147824162334819
0.0646230776214668	0.0826657059966771
-0.181065427288064	0.24750636911051
0.0513892750653712	0.063074379112475
0.473759596021987	0.828159110339879
0.0259312495022202	0.0296889906807085
0.211767269619032	0.319888564629357
0.0808378921345214	0.0706372309066735
0.0954932740020391	0.112315688357564
0.224586464603402	0.508848758355285
0.0649946840330362	0.136427765511766
0.0597809924393834	0.112933531985093
0.209100568143192	0.342958714827798
0.0798571308942972	0.106740948742119
0.325666326258042	0.324420940653819
0.0397179474911716	0.0448351422243032
0.213778342247208	0.392994694110083
0.656903533918732	1.53058005402636
0.0330243909964277	0.0488556168414519
0.701106225783807	0.894654762102439
-0.0921499754549275	0.0881798219259954
0.296962098541394	0.567331385966029
0.0547387044969424	0.101883422340124
-0.0190990152028436	0.0359533186203147
0.00734109278754117	0.0135633637194376
0.226900277619504	0.613830127529101
0.175233099162547	0.348638987792227
0.230745147563262	0.381495464189865
0.0713875631802781	0.0832419803726692
0.0719209969106916	0.0940189613920102
-0.3274803565454	0.786707840391897
0.220417291349091	0.548634728712522
-0.0864318276429243	0.129395472977775
0.0849028289774533	0.126958923235329
0.397189496893964	1.56506389380994
0.138443791470779	0.306041382423885
0.251101746407947	0.523065807503161
0.250526964714162	0.356375937562516
0.0796120873751063	0.0764688280504865
0.716262542110254	0.7308061192346
1.12234831840329	1.26636593662423
-0.967288450577104	1.08502580146559
0.486547105579101	0.493238580335723
-0.0785622207724358	0.0609753134462731
0.197288298322991	0.148022923514925
-0.113294124587874	0.126996445350271
0.0274531812662918	0.0345335131540256
0.118293842848259	0.149029454432867
0.0507531941112176	0.0562204813543946
-0.0130294050619294	0.0157945314860005
0.124617226418675	0.160383272262331
0.24711654510961	0.344709417889064
0.269316673920737	0.35575395803362
-0.0370079417291735	0.0613152728845113
0.100889576700591	0.242981808160666
0.134998315661211	0.321379563592679
0.072614807336867	0.113449182555517
0.793001379064194	1.45911311428402
0.528770643174161	0.661907310525374
0.315488899993223	0.726306180893495
0.0904899983559036	0.165344962670869
-0.083958055720181	0.117940142579729
0.287339537834945	0.421686617465433
-0.0115462662834998	0.00913060325506912
-0.350659087469799	0.573974039087428
-0.0340339599530305	0.0540064073707421
-0.00951681625338713	0.0154802966476558
0.568374430627358	0.809822139944061
0.205679860776389	0.27216296650654
0.442956263321115	1.09227497766115
-0.349730696928238	1.01277096659393
0.179379459812939	0.488458068836087
0.074427972917527	0.15199014249908
0.0101579335502426	0.0180125849084736
0.306723302580424	0.753859761511019
0.193254696132815	0.350812041092222
0.329587816566887	0.699286179358453
0.114217638568229	0.19737089495451
0.426950977508247	1.43162579305639
0.293767760586561	0.647996044803696
0.08537987387599	0.17241843387393
0.242432992351477	0.524148670319615
0.559977788342668	1.18842438371367
0.0303210967694324	0.0179992539808241
0.399863635285458	0.388671636288777
0.514191516125391	0.44122196915492
-0.411864900472002	0.475444098809274
-0.376764174472388	0.324426832741892
-0.00773684409834527	0.00502832862498957
0.285666341743684	0.497707146996441
0.293642667745129	0.551774616738182
0.304014155701205	0.506885346849096
-0.228042472564386	0.380910873448226
0.287815079862823	0.509643224312831
-0.962140522232225	1.86907775464732
0.368713970117334	0.659308349762048
0.214434607196703	0.487548971520634
-0.203424994695532	0.520377926592128
0.144426940815002	0.347086120095747
-0.18576086862128	0.364504262712544
0.456586587073099	1.25577389682323
0.495250529712376	1.24563236419528
-0.149696673817764	0.182658064008075
0.101364963716998	0.103485357454192
0.223495611853914	0.233307808168063
0.191737257783735	0.389739638670532
0.14801964585302	0.221743637793004
0.0605161042904446	0.106408732236312
0.305016588962886	0.631454640082035
-0.2862429659164	0.49370749543808
0.461994757863906	0.558233278096984
0.073356626791686	0.0960574136403245
-0.0288494947726367	0.0401377720728858
-0.269405525962783	0.690000744427268
0.221669621419945	0.613961340496757
0.486831235969365	2.14125419509657
0.305194133785331	1.09556938336527
0.376632242196315	0.951082211367141
0.543704834731685	1.75981216365469
-0.0971710648905517	0.18315049267314
-0.0888122666619692	0.179263196290136
0.153730121733029	0.309782917867919
0.41652628565987	1.09301111180636
0.149465860145304	0.294775127606169
0.288792760568418	0.689543204186056
0.376158771505306	0.976833072741585
-0.00482263782013346	0.00493793062652638
-0.0724517869496859	0.0881418933378421
-0.0672141582865171	0.0848542889800818
0.158732939081598	0.230846243845545
0.0795342432926881	0.100639528210134
-0.049490972021938	0.0625522023626071
0.27343263945925	0.584132603480134
0.0575750569088307	0.094989054672743
-0.168528488047562	0.334081290228564
0.0561457123761708	0.0973609625963277
0.184957474992548	0.385534275241451
-0.223075441958671	0.480081396646057
0.0721799092667705	0.131971186057957
0.307047647553459	0.860268952189418
0.14001405833036	0.312150599205824
-0.111956982597344	0.20831339695743
0.154212525307579	0.298521948381954
0.021960543583949	0.0333098320267364
0.190867084787925	0.341874841880881
0.0766771152162996	0.125895839643041
-0.181285362763407	0.431894713465411
0.185408460418514	0.405718870576063
0.110783093537335	0.23169813879673
0.00999974582659364	0.015680536073409
0.0720393796804306	0.1316547449584
-0.169880835290384	0.224576475026558
0.162437350743099	0.275484005771373
0.210162845842754	0.467684690418539
0.450656843622971	1.33115521418126
0.172554074957765	0.373816980722207
0.305685996165344	0.848488530263844
0.0609441309872926	0.107235277101762
0.110741070427902	0.225545310309221
-0.0400448114330516	0.0793078632254842
0.245349442135	0.658834488704998
0.341497478269013	0.864028947900109
-0.00274422493888558	0.0030731765987326
-0.0618392300969513	0.0752243974918043
0.427884978564281	0.930713833860646
-0.0256863844099005	0.0448048244781597
0.199561572827634	0.344936902474904
0.235627822599386	0.448419244124904
-0.347193773426279	0.742704860831326
-0.143778496097129	0.236122937014045
0.31536379821245	0.711680230415317
0.106275606222679	0.163171276660841
0.262853319488046	0.592406817365642
0.267320315962619	0.670546736757376
0.258252709131654	0.619666821056977
0.345991827729556	0.927777741135081
-0.048123787146116	0.0849939481735743
0.145384110643167	0.351903562396584
-0.265810236781003	0.547248553488106
-0.455694691399429	0.965802680731014
-0.222197378654212	0.422633073386194
0.243332705435925	0.610715805084069
-0.1741384325682	0.4001346551993
0.158937180379835	0.355189907708233
-0.0784429190615322	0.164174049667486
0.142523767179413	0.319206636889051
0.0543799997143056	0.103596447384481
-0.152889126577206	0.36280595954497
0.11817796632273	0.240061699482784
0.167389822332331	0.432042428381929
-0.0720448856902726	0.134234039735238
-0.228084059022723	0.573397108383591
-0.0102260840949029	0.0182850084046598
0.12945946642944	0.16977602957881
-0.0906704931996187	0.147177473489876
0.171024406057831	0.279829587473249
0.280837403077033	0.778534707971864
0.363330022600218	1.35787870093555
0.118038456755891	0.262286682876338
0.114175588253079	0.220898664870239
-0.142343892495789	0.326330654650839
-0.176825561143225	0.451682189979772
-0.148699723995325	0.292824488106505
-0.244861793883785	0.432361558948584
-0.3039195316145	0.628637719441522
-0.0686265773599727	0.107297583928016
0.0447414809849654	0.0707605300939489
0.192806143710227	0.461890522950427
0.0800582941578616	0.112507779640797
0.327201460585988	0.684464718285105
0.111825450225002	0.166923876806217
-0.119415551792826	0.179557738472933
0.109817159186202	0.178372429292156
0.747644169636872	2.43691270581869
0.22129900780704	0.491289963713996
-0.0299351331121804	0.0523439265728048
0.00260612472234606	0.00409649906018395
-0.0489205675675173	0.092874739504503
0.0945567550077475	0.218157096217559
0.323092175238841	0.801393692387249
0.0928714426895125	0.129243914016927
-0.232047765213624	0.501557464806813
-0.383764097880404	1.20781158746394
-0.340153594056034	1.02638795928
0.24188503432785	0.75422580077189
0.0912125076191573	0.197257658947516
-0.134510789835467	0.248933945788419
0.224913801608231	0.664476410709483
0.204452407496264	0.562258408792869
0.0815088014264146	0.166546654424679
0.333429943021586	1.26387311284534
0.219240199174296	0.578408181723971
0.00284553252248285	0.00515745586871193
0.373262505054981	0.764688644260311
0.189708738630377	0.407554346732986
0.0922941520962946	0.195478411325507
-0.3814309736929	1.16154382774516
0.147292032469859	0.382470642070451
0.24000067090496	0.549799559027734
0.0725900364046455	0.129113313870628
-0.0112258297554335	0.0175802212280299
-0.221400302518075	0.52178465793246
0.241080165857742	0.665282215165137
-0.204632583191865	0.509020228259053
-0.0177315308602944	0.0283364086935609
-0.0636444192001059	0.102270802122766
0.058978689436374	0.0779284142560977
0.201607586427898	0.292466857449937
0.259420975961928	0.384378785588016
0.327559301765979	0.522095311041997
-0.0485749903292628	0.0858484152147959
0.0681574438967697	0.136124007681414
-0.444829746596034	1.44551424715501
-0.237152326985025	0.569866023728692
0.128496436136268	0.253779306089069
0.112415087100993	0.249073023161688
0.145565484539741	0.33163996505167
-0.0219815306202119	0.0409720424097586
0.0383249238271356	0.0641853194167103
-0.263516989027856	0.540922222561178
-0.115002168216824	0.205932952061934
-0.364887088377312	1.02778987403823
0.0360603003014614	0.0717639324331604
-0.0159611782681608	0.0304415608468828
0.181578493146581	0.465300963495939
0.4118571581449	1.38973263330525
0.137258455499593	0.184301697328926
0.298460994202291	0.858291716100432
0.0600496730675614	0.110623044087575
0.200056982976975	0.346008340271778
0.543582092761568	0.84323749883394
0.0416666522717648	0.0362208502779061
-0.0431496178668788	0.0503648473689141
-0.057602635330424	0.0554576214244391
0.106123045762601	0.0992752431914173
0.893487447462622	2.5951896456419
-0.102385871766088	0.182501185329377
-0.0878190684422436	0.167581543705525
0.0681670952883214	0.126386564558766
0.499199994357843	1.42537208344247
-0.00958740731629225	0.0136492130363431
0.223642255787419	0.233484160964095
-0.653019731272116	0.668197641211522
0.0309100138007959	0.0183466172637868
0.266349950213914	0.410012724070783
0.0906627287010021	0.0898214204848528
-0.558271798257702	0.833123331263902
0.224229714232356	0.28027089837703
-0.22990079196571	0.448049390569945
-0.281835806471508	0.666979885383422
-0.0457322093739378	0.077620461718962
-0.205541284287959	0.352270388970305
-0.283256491779918	0.503624655317873
-0.271943290069379	0.483551360485324
0.0251458834200163	0.0210681069871369
0.0818984878295704	0.0716096771028776
0.497779700089676	0.468776489472551
0.335503352942711	0.366490920672835
-0.14702633269763	0.272965188238429
0.115119957103862	0.182513686982579
0.899953531324369	2.17979177173129
0.173574004377844	0.307994653852583
-0.0519176088796077	0.0986089700435527
-0.135011923377994	0.294540285640735
-0.422750650143199	1.21367539258633
0.443882448674785	0.648731600548926
0.669500706774436	1.05632952638496
0.0960742259498163	0.105603557490256
0.13837094101131	0.186040278627875
0.136464613114313	0.169581149830731
-0.702136618721908	1.16574445734867
0.232311870632137	0.435316339842132
-0.0609180705965685	0.120665039291518
-0.0387939169835739	0.077488919037185
0.157691464155002	0.334580708597896
0.0929242856106867	0.166591532589886
-0.0519509779060445	0.0885526259167127
0.354943865270941	0.81655674140571
0.49151374082873	1.23081288622961
0.322044374874428	0.485944359080469
0.115913424437728	0.154572174442984
0.114363734207052	0.132465305085151
-0.937784036124869	0.711591365375946
0.0848995617669734	0.0574607370289221
-0.177956644912134	0.157356309949416
0.180793780233708	0.160109997039059
1.2871004400301	1.49302337161975
-0.12570080902235	0.159424834668061
0.116817069643847	0.204380491599964
0.127323196924245	0.176741766624327
0.068706554944542	0.0798849735688877
-0.271041680227654	0.360707450185712
-0.866315654388328	2.01973532367567
0.350369665209599	0.984389716835298
0.0593186833458593	0.121935273242206
0.269552740978053	0.793424097440486
-0.156367611541554	0.277355866021703
0.0206580723229414	0.0320077858470703
0.0801420106901565	0.128788459866032
-0.306818968654633	0.374104973337548
-0.0916961915769814	0.107427870800651
-0.346379316848956	0.47962018126354
0.172682004758627	0.243773517621431
0.240803902413437	0.633759243207073
0.186462444902395	0.199038961042947
0.102559523962818	0.163425932577416
0.1351759912002	0.283680576370598
-0.0810004532392537	0.145820441078938
0.0152207551640951	0.0226798649145232
-0.449309102360387	0.619992150966293
0.0655860963492108	0.0552139405230821
0.170614415205788	0.171605280525809
-0.011984245461813	0.0109364005039455
-0.448321555456854	0.516093257082654
-0.327102453077884	0.61794864035217
0.00279573267098323	0.00439584521562621
-0.133936870898195	0.304162889676104
-0.294735056678817	0.787561102050384
-0.0841531775088955	0.154666733272938
0.0928861274020558	0.161283014314986
0.0662001631943086	0.0848754046724636
0.518629646932375	0.682783352508734
0.399903033742483	0.255070513340471
-0.216990240628525	0.162518619427711
0.51492274430751	0.441966726244909
-0.887696892133064	0.74766957134493
0.144390336005309	0.0900973302937049
-0.350295655285975	0.278157065442389
0.175890273943627	0.207237897140923
0.533688582322438	1.07700445213002
0.359349738148217	0.55818848086326
0.0375579088616007	0.0377457734866856
0.656716596149815	1.20948757819205
0.143976151875842	0.168258168226679
0.188709820000779	0.378817600449069
0.100744993555538	0.203350607983488
0.362782411674125	1.03245101028972
-0.00618315219740232	0.00803664699295032
0.46766420531613	1.16381588470504
-0.0662624762077149	0.104110670369605
-0.243996307836633	0.284969932893656
0.0498074653765097	0.040376021072933
0.317666646099007	0.295653334961177
0.118171549586436	0.114276822837439
0.0310892761871364	0.0507655287713136
0.376381574493689	0.931539801911959
0.626149115008546	0.358182430815286
0.968800348484082	0.7032138033791
0.610619983386564	0.935758891191022
-0.260074894835111	0.258108510428549
-0.388147560212112	0.27358322851863
-0.129995612682262	0.0506948092309395
1.37006902715427	0.77924022698701
0.733143632632112	0.345115282070982
-0.319593521832693	0.23052417675059
0.46178400934517	0.557841442903837
-0.497808800935062	0.600770300926015
-0.103197845506001	0.0924486140373242
0.197857664666559	0.148503249584676
-0.536370626852838	0.615540540685868
0.144085008581175	0.089887963622652
-0.0740041914463607	0.0461784471352803
1.19163782965827	0.74363381817657
-0.438601006741896	0.103162486260307
0.425703064881376	0.117282241712628
1.19141637146994	0.743434918139381
0.0441188945224491	0.0139963470376049
-0.563209010662567	0.329371987068248
-0.117083381967748	0.0711840010319632
0.288295663628086	0.214634410302536
-0.312016240177997	0.171936365194497
0.00526505749505683	0.00234693323230779
-0.262751454534144	0.0951413787599827
0.0498517351973327	0.0243544042422653
-0.743608731569132	0.974894780553892
-0.650191902952302	0.705280981312691
-0.312859584512903	0.327371442623404
-0.217144993471562	0.162610326965128
0.566823845152713	0.617619439619319
-0.745673545397551	0.702483118130542
-0.262639345275702	0.0951253594635274
0.398826036119334	0.400695866831552
0.39533373777111	0.0814151859582203
-1.0838540496416	1.20005226941906
-0.394852446121841	0.363973855223453
-0.262118504609081	0.0949293590143189
0.0307576938957453	0.0182566481779697
0.0943667945658747	0.0854203541961817
0.285166101726494	0.31833806581694
0.262869641174898	0.259756362629214
0.976081004174104	1.37703722666134
0.741253482672804	0.722348382339768
-0.0338428328453056	0.0243385578467598
0.589652888738539	0.365371957598095
0.236246277902353	0.132822168569281
0.288002405642601	0.21439466206245
0.498208662323419	0.469294249655612
-0.438601006741896	0.103162486260307
0.395212344728141	0.0813978503087161
-0.102438011533771	0.0281116749422536
-1.00254686322201	0.67448756831265
0.17121035939197	0.0723057619962507
1.03425080350124	0.886180202184658
0.00712722582617245	0.00316079582347128
0.427199601047836	0.190902460060576
0.42691659195586	0.190851277147762
-0.408941917931854	0.215573337076408
0.398619919488626	0.426402381707188
-0.252895826749529	0.265812247186898
0.144826212069931	0.0903797188632894
0.164925059785222	0.110094549387888
0.221548544956931	0.182412692734502
0.266167621994894	0.174096530771073
0.59004416720945	0.365680162114718
0.637615775824924	0.56921618259372
0.225069321983115	0.235206808657089
0.286799807709834	0.420704275410332
0.110282329113364	0.115833450054509
-0.307072478640367	0.374489914393552
-0.647703124186049	0.701902262715611
0.266777986682448	0.174619640165306
0.514629298153303	0.441692488821802
0.0881833785323973	0.04709090114677
0.287853733438652	0.214271245500042
0.395212344728141	0.0813978503087161
0.395212344728141	0.0813978503087161
-0.102557225826584	0.0281488014234386
0.430811970407629	0.169715562554831
0.119118691771114	0.0690021480147865
0.40037673177048	0.311358920742566
1.01673397004308	1.24320703942664
0.0200411346127865	0.0136290152576704
0.235938533438617	0.132637363207072
1.11427338688953	0.89624940371954
-0.864244496471765	0.531662860182083
0.598588714240998	0.775518428823905
0.113991066966895	0.0966215344417158
0.399870707310333	0.440914633170563
0.524097953273833	0.425562781691551
-0.0677307768669081	0.056869195767057
-0.130961542730947	0.0510705259746614
0.0442331964767312	0.0140330820329107
-0.6729446543612	0.540942085762435
-0.222345598512294	0.147707137836161
0.144804179102575	0.0903595460915726
0.0986459995053179	0.0804143923561071
-0.0256008007361936	0.0274613528882011
0.138458844023518	0.199947866996698
0.00567031954351438	0.00643624186990569
-0.527146211999288	0.816074439627493
-0.101787954996576	0.103235444651058
0.0981554208826489	0.0799692555336924
-0.126315852078743	0.112728850600228
0.00479861677265068	0.00414161458927015
0.181803012325527	0.219409443341805
0.170830301999903	0.072136696709115
0.171750461059056	0.0725331461672283
-0.262751454534144	0.0951413787599827
0.426574660255595	0.190689780672298
0.399167122833625	0.374067455073416
0.232472566221914	0.199468528049272
0.155134222070276	0.127151244804982
0.0871403741731022	0.0465223815735074
0.302445740030477	0.249821349757923
-0.472500821110728	0.489110220150984
0.63290758349036	1.07906968659952
0.0664989867697377	0.0852842201558114
0.642064638818032	1.2215458651081
0.242090170791297	0.215872287336619
-0.545673629837167	0.688808747207381
-0.0112556507270041	0.0095976893522797
-0.169454612892528	0.100084112401236
-0.257046543868322	0.418217702963452
-0.0315902939013515	0.0383655614963209
-0.214995547806575	0.284919170354114
0.626597184433501	0.358500267169166
-0.171092689934649	0.116231109783315
-0.388406868439614	0.273700601282037
-0.204856758351987	0.204642018903195
0.398343931728518	0.37294732317652
0.0853357828355248	0.0577637776080205
-0.0820667339602233	0.0738109884176815
0.17897723799519	0.302454714650008
0.421759204172862	0.973399805457475
0.453327773028032	0.977857764864236
0.176339917813011	0.231053062356521
0.0485041937551407	0.0501542315584672
0.311458055668036	0.43299436687073
0.752787678308376	0.524834684306838
0.407040996353246	0.22138978233876
0.882840352669411	0.529056144337264
-0.0480898571641224	0.0200038873976644
0.216206200785959	0.218884179408109
0.400305653395702	0.329025222813528
0.535889409104767	0.409753173878781
0.8777810588164	1.19848437786731
0.0904947971600813	0.125539047124506
-0.195598980131958	0.316289498733671
0.287133034799474	0.500887337829122
0.298537471811405	0.370167129182071
-0.0131043770130632	0.0140419738459348
0.249973486541942	0.299161041761905
0.318472166882257	0.296581613009414
-0.684445747581714	0.495158195113494
-0.222472831722573	0.558158068612769
-0.147563737685068	0.312720976755765
0.433624933790539	1.20210074486407
0.0178881666775001	0.0159807790996412
-0.0914856428334994	0.0874936736031265
-0.206125520000045	0.193697295516502
0.26580795117684	0.34326012444712
-0.343090921987439	0.544383781634525
-0.0699038623947273	0.0588031042662522
-0.194090528734881	0.29439673236288
0.112270752809746	0.208547686255278
0.14067148171432	0.23241616192863
0.174723075248464	0.269281049402014
0.127050155722442	0.140879211863803
0.91902382839482	0.882267770021003
0.536306807974207	0.410078320141628
-0.140419709798433	0.107492246261901
0.192341986960399	0.210885681542962
-0.590119941215517	0.777343137448136
0.230736293814492	0.505194261918638
-0.157047100170467	0.322192898963304
0.233119138325481	0.512088586396168
0.0291324385455388	0.0367118270884025
0.213016874803658	0.395247882006206
0.174854823248272	0.313861701159661
0.329532417720359	0.339007896169821
-0.0297682042549724	0.0252761111579216
0.232176657473999	0.199198080099027
0.442057559262449	0.659645463856532
-0.439343479134556	0.999601017286022
0.110280630617801	0.294556416250388
-0.318890256386782	1.02869302439757
-0.0388151986283857	0.0668649790441027
-0.750796362330755	1.2012932988095
0.310868840586808	0.423791830398323
0.304901058626246	0.396984973748751
0.562296999766754	1.37288092461439
-0.168140694460515	0.221902823798172
-0.0925429634980174	0.0990638734080237
-0.337807085378353	0.873081707333544
0.00988797122220459	0.0186226088980193
0.11494378568304	0.286819618349063
0.218732735933997	0.413095227143144
0.0726211009186611	0.095023910274867
0.472526971360845	0.525714188784807
-0.0353761994267117	0.0254547626706992
0.113807984785428	0.0964498906635563
0.231542679249223	0.198470698110811
0.183989808463404	0.270599146356643
0.00836847724240967	0.00912992004087389
0.272533303488963	0.763729263930998
0.153407947841401	0.395945304307508
0.0931480736147957	0.213340027566963
0.211548254372835	0.471682785323511
0.2335707926081	0.68685497125176
0.231447534593115	0.382915748580842
-0.0225354695886949	0.0273557725185867
0.452511603685151	0.604796825608404
0.647729801010162	0.909220034648756
-0.203805870897055	0.215469907245048
-0.0448012074170046	0.0406014527919647
0.343386080363226	0.408237929975476
0.143084060955387	0.21044165889988
-0.413316517813844	1.18411710984887
0.235547331354246	0.644249659742227
0.043002263305215	0.0799242792664577
0.250420090407633	0.57096316341699
-0.531994648095005	1.18994582341708
0.00209215809612597	0.00264016662758083
-0.144278560095693	0.197293368075698
-0.100744839792758	0.159612242079322
-0.160006725376164	0.249163809687429
0.138107247305204	0.212599776463481
-0.25286632834158	0.571289525144695
-0.0132133781617732	0.0219336864376848
0.0191134699721972	0.0359217632344586
0.17624625718422	0.406776800879168
0.0991563310889296	0.16344372998718
0.0186948721505711	0.0167085810973144
0.649599194540925	1.21688609813399
-0.395013260767261	0.546709107412938
0.541796266473875	0.643469575552704
0.0577035935977159	0.103130355380663
0.332549388080055	0.92301698565996
0.158732939081598	0.230846243845545
0.178672455795141	0.607621727823073
0.307141720118807	0.86056660033618
0.408284323298238	1.41119895067854
0.398732743943895	0.614354648648753
0.398213206827255	0.659550550707675
0.0347656901651926	0.0446564925719602
-0.220388195974233	0.335206951504992
0.266783745234421	0.475977768996626
-0.144582997464087	0.321453089938165
0.0363080206325596	0.0814391125664215
-0.0397891592716641	0.0961240868370979
0.0894867478791174	0.248951823894948
-0.220718148529942	0.742285851649432
-0.334035717045301	0.989336575921005
0.0685498148285105	0.123768420344607
0.0969924892604309	0.182855676217267
-0.39750203902826	1.34146209466812
-0.210793484496561	0.509494949949797
0.19404377430728	0.446012894744358
0.0837684235277096	0.207840620424825
-0.0221204297073068	0.0558642578448123
-0.043048597516069	0.111576550527938
0.129446705647252	0.351736074084659
0.0787134750268661	0.169349251108352
0.399441243942952	0.755434678778782
-0.0365773072051138	0.0494002352442723
0.108229177349527	0.141135179095129
0.126507862017179	0.175475928433194
0.0633341765736978	0.129666869664206
0.034147765820384	0.0642599469911457
0.203782158839686	0.651771484636601
0.111865012354388	0.301007108873743
0.00117503336582656	0.00241332754027474
-0.00251571429479335	0.00501747100393035
0.156500136687707	0.369735205149632
0.0841829001304007	0.194602307665615
0.103636006086185	0.218272635393109
0.00287298126142419	0.00400298191626158
-0.203866204213571	0.3289284025631
-0.106769159536464	0.183157881523167
0.207608941344859	0.403314723452791
0.0863617119640352	0.142334791469215
-0.0243130925064459	0.0430870188704582
-0.153401775684991	0.500709376365842
-0.28831102246507	0.991858057987357
0.17632243953061	0.596799062109618
-0.267614385545099	0.9328002357662
0.0444820482635164	0.0984323279734615
-0.0654188965666859	0.151848879317265
-0.0139055003344756	0.0269017114899938
0.0654745546270271	0.151772306931354
0.0785683456240385	0.192716760141276
-0.112945577790408	0.280259590608941
-0.0216865034653268	0.054512968670256
0.306884744418369	0.859586206418981
0.00857331196975304	0.016875537359863
0.0410211656175245	0.0893779261970961
-0.119049245588047	0.336833778559305
0.014888945105133	0.0330220531511196
0.160477469083298	0.487916954639731
0.149309151235016	0.378589387997118
0.223480610600814	0.433468311076757
-0.283847141944012	0.505011173772328
0.208879425811327	0.377576113088862
-0.040801799595548	0.0618947382442523
0.427239155202638	0.953966639493625
0.414561417834127	1.25714764383066
0.0916768030234301	0.257239462518728
0.0128046582748382	0.0256487029372325
0.177099295888545	0.55729022495304
0.0522705603444219	0.120178672023882
-0.148071649911386	0.371267837422003
-0.0457956457904573	0.0962921729877504
0.0316441720473087	0.0602433977253402
0.122297351423778	0.313899135350293
0.0821092904962088	0.191054117199965
0.164940310274307	0.45068229368027
0.01390816817225	0.0262719731062741
0.0907138403281979	0.191592169152119
0.355665071328407	0.862153018285405
0.161935089633382	0.308554321450521
-0.241126400681578	0.71179582595813
0.205670258796643	0.652117213105402
-0.00702756864646456	0.0136509972263122
0.0565177811495174	0.0871521528826322
-0.109997750552897	0.19691985522623
-0.0680040831812879	0.123963081597171
0.286458233103448	0.747413777174375
0.0245285305552584	0.0547420674856278
0.32891716487358	0.872691203449626
0.0189489531803178	0.0325991500113668
0.110991659245521	0.252490324424393
-0.267761436285813	0.854801656893617
-0.0896897335990312	0.210166125478221
-0.237946349852274	0.673640706066025
0.369782721997851	1.27405449486885
0.205248007760385	0.330800825818572
0.45068768746703	1.02573830384507
-0.00443435451252499	0.00864840615889272
0.356667183341301	0.856993853118925
0.156849378054024	0.275544869163
-0.0641025739651754	0.130905532644992
0.0649774235505365	0.127609308900849
0.413201534778912	1.51793088331777
0.0886968462076691	0.207873994609168
0.165430000341909	0.693879422945051
0.010895792261703	0.0260643412382046
0.107455123149216	0.301781304737624
-0.0835132815684218	0.199230755197628
-0.0123756850909609	0.0281076458796688
0.132431316064216	0.389202457471304
0.168945657062345	0.482372738465965
0.0555133760842328	0.147727252382713
0.129874733540185	0.283474313163219
0.0868560442668294	0.201864583112284
0.096251701769973	0.246876079684287
0.219433589903562	0.912712639653446
0.0887588325342489	0.266076605022088
0.0705206553883164	0.203907117491427
0.258259770362642	0.996810028260547
0.100361223908267	0.282500495631302
0.181991744352926	0.312157600524834
0.196697380675381	0.667338881655521
0.113532672381542	0.219430549568569
0.420361344170387	1.75352194499932
0.0586319227771885	0.117823200875295
0.223590802572881	0.566768015236544
0.177887727706042	0.743745196424252
0.220260422693989	0.93641334539723
0.205238790989552	1.0253635381116
0.0281521931431769	0.0777216200618088
0.204856530206519	0.729572363369482
0.100198184090061	0.287266738367704
-0.00520333488176094	0.0133459190140564
0.00231408641779654	0.00329905512022949
0.311980921248338	0.811749211708249
0.0394728356204873	0.0857189521291768
0.129830792491629	0.484448221762251
0.173086696632102	0.69394141219105
0.198189563222339	0.772784439767584
-0.0280100276937106	0.0655826239738517
0.00911237922155989	0.0214573208231821
0.0475337858847017	0.141134882807375
0.000908205031401649	0.00179316496410601
0.235203006557868	0.597347971488567
0.0475745794961727	0.0491513221923838
0.0806890166835915	0.138802695531923
0.271408741362881	0.695319543656774
0.221544965625953	0.86227242624145
0.144894313590521	0.380875434847004
0.162111071900902	0.405470647255378
0.129818547844002	0.3376286104574
0.206768195031271	0.736344572755912
0.00894359304306425	0.0176185322540851
0.307998057987996	1.30438412917765
0.0551420792060993	0.133487009673726
-0.0206835046290249	0.0425889873862353
0.0677891897196759	0.146785327137471
-0.144143872912378	0.384916333801134
0.0385144407378051	0.0834591038761256
-0.0103299452302386	0.021890663600194
-0.0387707293753601	0.0753807335675857
0.42462163006181	0.920581803104213
0.322475089515961	0.799150972843561
0.242926529353322	0.609398822812575
0.214878044418154	0.571444914011935
0.0960258545012077	0.264758257311262
-0.0327286219456574	0.0552842696185031
-0.235882246259415	0.559610383485692
0.0640824444538586	0.110894611099266
0.0599544371073168	0.0831830359205152
0.178342632604411	0.562426385066851
0.169773574218994	0.504894514925
0.233970154467819	0.558330369808487
-0.159361487858366	0.284082278765417
0.0653602291928383	0.10649077640881
-0.0166852920564342	0.0250601097862772
0.232071181271948	0.430320499103702
0.160869012546867	0.425230521169981
0.28649030287196	1.29201778570056
0.169794723170028	0.50711551667431
0.155277025531218	0.439676977939393
0.0324028554073047	0.0478907273477673
0.280948607477237	0.640974354292306
-0.0993804847261173	0.205106271049749
0.146449575696771	0.312087406440285
-0.0379680375142453	0.0616423653639292
0.108206287774179	0.308327677780866
0.315722228970073	1.26649218629374
0.121185262466171	0.310441682627544
0.00464217491609265	0.00890525349443113
-0.197666009075948	0.458978947599542
0.293491444143275	0.89126203515335
-0.124574384434162	0.277621374888969
-0.194689528398861	0.467932006259382
0.0329263229621043	0.0614984380012462
0.0186929122070798	0.0329080187606615
-0.0661597271711052	0.145660598546804
0.0294724530086417	0.0632794828835854
0.111966172855231	0.295781874084961
0.00486099034055881	0.00962346275330871
-0.133579729722443	0.344854714737122
-0.059943874919625	0.138037407371436
-0.231717412281763	0.686587793148854
0.00759729756454908	0.0151231905074543
-0.115778489008516	0.28750577056138
-0.36017917998005	1.36124091393738
0.109985111784519	0.297669248511075
-0.233002761481791	0.720076287064213
0.0486763605628873	0.0907764495580745
0.0100817324653584	0.0195341928681938
0.0812811616136589	0.204196877260135
0.00786005703539634	0.0145356466051951
0.286852817568575	0.897383248017513
-0.0762993735839229	0.178946414796571
0.254982451180644	0.726537775949159
-0.00983787515911022	0.0218031418586202
0.13766612886337	0.370425600397213
0.520462771411086	1.88018996331047
0.293810734271134	0.951192315836272
0.0881335794226344	0.175463030646704
0.0936788944476755	0.190533170861522
0.1322850614599	0.36306307120095
0.2104999824365	0.701074966201554
0.0993181331705954	0.263213222534416
0.244292981310172	0.729499364143981
0.0234282968736504	0.0492474272448486
0.210699381623606	0.650760412282783
0.105745980898219	0.298622358279343
0.227707735952944	0.683423308206222
0.163139772469272	0.384422247718373
0.328285537135465	0.993476137675041
0.136080916444359	0.275819961280599
0.0710168759589333	0.154712262817834
-0.00381211059192036	0.00888716792042029
0.0281612706438765	0.0685843926553356
-0.00935630255930816	0.0213085115519046
0.0461803339495831	0.0771940365527477
0.184878145603557	0.443997463145367
0.522336537309358	1.85904116685467
0.165640585157144	0.450956609012584
0.115537005967719	0.322930867396785
0.384383794429385	1.29514151684091
-0.0619472010825049	0.130174700505424
-0.0974330335244146	0.204221909166774
0.0693631742732703	0.145157616007512
0.0840791016030683	0.173552422520798
0.210065165590185	0.413259185974824
0.0809334467980873	0.18042430497166
0.0198185432942212	0.0502871604449273
0.0924181437647402	0.285810998713608
-0.119163282197971	0.378976068522039
0.19651709337365	0.387643680354015
0.0135056856965836	0.0242260798840925
0.423317725554902	1.51954874889013
-0.142271347175237	0.374283691655695
0.098510130362224	0.269714617149187
0.0855172295122806	0.176985866571514
-0.421335677431946	1.24975428675815
0.248512809488473	0.683724538131322
-0.121643534999214	0.299190322730958
0.0455637826699078	0.0840291272523128
0.191280828292836	0.431632080269667
0.038619693687199	0.109725255613222
-0.0194787306946525	0.0472019298541747
0.0332734590910227	0.0747739146658185
-0.154805892797809	0.484356901835935
-0.106444469469594	0.231609059348348
0.0808950797391209	0.171884538338943
-0.0722412540091322	0.155231704210321
0.0973802282048684	0.227056104519052
0.228451223979094	0.595216352135866
0.147240783133931	0.323488632768296
0.284807850975055	1.08126032636913
0.074529915484841	0.182978794869987
0.0769880946435276	0.191853055992095
0.00930602346737696	0.0170006937567047
0.147770770426119	0.315750594526141
0.0572149955739478	0.096559553013534
-0.194924485582887	0.400089999083645
0.171879185949736	0.355078581682829
0.176122976194712	0.389202482126739
0.0469895918425527	0.0769205465578847
-0.352163360440984	0.899366326259895
0.218242007711541	0.590572014776884
0.13371318132731	0.317566252413566
-0.0201773949824174	0.0374741377437514
0.255537088776233	0.685884356833891
0.0845695226848764	0.142768979791962
0.346426367448011	1.12454422105289
0.252016814921081	0.3588803703608
0.396458921144009	0.937714982308443
-0.0784821627658646	0.162258803579677
-0.0610302942848676	0.122413655957903
0.285437217808677	0.807722305011931
0.643473749191511	0.750394596469911
-0.515761004475534	0.711417298520202
0.471961067919554	0.838621383076269
0.255126976275532	0.313341048161158
0.0685701683902037	0.0638172315783307
-0.228980065109353	0.314964125257612
0.100657262994434	0.151806440389087
0.399874393258097	0.686181783967449
0.64745817069875	1.37872332637731
0.193483134727063	0.212429885684071
0.256985356722812	0.245844524310977
0.617346250099484	0.759101722965018
0.162691824983096	0.411936618318783
-0.456848840347208	2.09750565587551
0.312132109359102	0.556726541223465
0.0518082871032501	0.0727605731259793
0.0664081194397435	0.121993373814371
0.0438316691650156	0.114260280259483
0.0679462525390603	0.0963087954000114
-0.0422734443178319	0.0589259176990728
-0.102224889808406	0.143854394645679
0.397218838276834	0.575602488565241
0.243611460752048	0.527446352973572
0.0950465439665167	0.198676096016518
0.32954688129065	0.715186264439408
0.54327991704426	1.43587086115244
-0.0234107731096041	0.0261935001717372
0.189522384339945	0.173725846145135
0.207249699277953	0.203052512168963
0.0800878115049779	0.277280557078386
0.118079529239494	0.447379905098035
0.0959320178606597	0.341153780905901
0.152404553730064	0.344195436447215
0.138549672231023	0.325929596455467
0.201106855597612	0.260526730761308
0.30183786099687	0.49441941916551
0.158733705763524	0.311781685695031
0.00313928074623466	0.0065554108126324
0.694086630259433	0.736356571022227
0.114038261315315	0.151761989953006
0.733533447132331	1.75472090644565
0.110426215892271	0.116004995172816
-0.0451829581620711	0.040961040000845
0.139184142066624	0.229586537986369
0.557193287335493	1.720681256403
-0.0990249919338146	0.11111054969499
0.0796869109432938	0.106481965069709
0.221675651221286	0.182514689680205
0.0309048955850963	0.0183458201174731
0.124118445969821	0.0932309769445021
0.101225311597178	0.285444115121785
-0.156306693851032	0.486846218401898
-0.262249727948188	0.983579895833011
-0.20534739648758	0.321670654645616
0.0175595051794615	0.0223396955349213
-0.365085826189166	0.401961119196258
0.534374976857833	0.651259763017978
0.0116347107369622	0.0204549557663326
0.156745118194542	0.358773976772783
0.0880394424583326	0.047014532261063
0.211445786080605	0.251175354094064
-0.316882978023933	0.367811382319643
-0.124025782160192	0.11045941101676
-0.0289603947547748	0.0245786796763053
-0.528248472049294	0.818697925338586
0.132258359858567	0.187107643341075
-0.00193942794615402	0.00188717449995856
-0.0140544531544087	0.012838521187011
0.47139956212672	0.523655813343055
0.398572335956176	0.477499102776374
0.126089764612323	0.273396673186617
0.218007125246029	0.505804065913499
-0.201710017974417	0.514565852262257
0.444332442841679	0.63467694779341
0.250192947013994	0.299501152791498
0.144520899831512	0.0901793206300053
0.399965721515559	0.88376175564341
0.144107168070633	0.0899091596148152
1.01629799826629	1.24233270406468
0.506673368566614	0.457038390021787
0.523513612496446	0.424917307811754
-0.563028809741337	0.329300444584153
-0.449112982327476	0.411716336071092
-0.306509056525586	0.285004893945116
0.324994920285372	0.323531707983081
-0.665012634328547	0.587394519524778
-0.40990169531213	0.216226392559208
0.418040168056871	0.207669467209061
0.589548881981542	0.365287250250421
0.144838810115833	0.617772267342921
0.150128111705856	0.637159215125283
0.0950073691876369	0.355662347642698
0.327593779440872	1.14928550840628
0.134315796176666	0.404731858465171
0.231032866824471	0.834615108657504
0.0818124467835384	0.190257778833053
0.0105130697821138	0.0131145595855575
-0.0241571079947404	0.028215500040393
0.395432718234624	0.583846608523363
0.0897672523727806	0.143426851206949
0.0358457611717162	0.0581252222206175
0.00656921008761443	0.00870021528489382
0.328099358651198	0.687012511035465
-0.135230866139453	0.164962067930398
-0.427057758436679	0.443462960366371
0.237776755849725	0.263398833553376
0.0191177836759998	0.0205106769173623
0.444462042379837	1.07163235802611
-0.346379316848956	0.47962018126354
0.087185376272678	0.106461733475692
0.11051026070737	0.408985335290666
0.285284500487277	1.59674134947228
0.0660123828785197	0.180100936230909
0.0655613700355642	0.185819453679546
0.0782215417587482	0.202969268879678
0.148807691881128	0.450953354196543
0.173100381342013	0.502815670379583
0.141145417256554	0.441395714501069
0.1900889082664	0.450414673719882
0.79143521147963	1.18264181084978
0.230338771428004	0.421495406792739
0.0070429643128862	0.00995775738753968
-0.434300023235525	0.89539407268606
-0.196628777872763	0.289273238869229
0.378511086951675	1.03199587644943
-0.0810879355530093	0.16547349451681
-0.123322270246873	0.221899866139779
0.191177398926778	0.345941118638592
0.31197407736287	0.556433277175868
0.291445625922597	0.343184809617045
0.281546817403501	0.474611734035245
0.120656464342599	0.164023716008072
0.437548869490295	0.692257591158403
0.124832883918515	0.277112163446664
0.05619526792251	0.109940029097788
-0.01126585904769	0.0197715241791031
-0.0180656160272361	0.0345979703032929
0.125882869982997	0.228647160177627
0.274998517324739	0.514182134791725
0.200984521166821	0.318227876259855
0.101052341416363	0.128894891718086
0.366575710697429	1.06573341545635
-0.0675501720320628	0.10338559025804
0.375785293580524	0.891566280931225
-0.082981968759545	0.100901322742082
0.167473001977337	0.269614858071187
-0.0914992485148559	0.12840908564411
-0.0407404822700503	0.0514715433489519
0.137609882144383	0.198521948022509
0.207719165852369	0.307843634190591
0.0726980763842818	0.196583246092566
-0.0369825916172914	0.0927840796802207
0.176004711555577	0.552671202216681
-0.0669445836458345	0.128638057745516
-0.351922175854443	1.15237998239266
0.103135088123137	0.191987124345115
-0.156240104692523	0.213676397632287
0.00693908676771374	0.00756685514667257
0.293168394628884	0.446796977447264
0.0220816161082687	0.0295382528389708
-0.00462656125996737	0.00767614676266801
0.422926740099447	1.6328276139469
0.295666345837705	0.66645631604261
0.0128626922486252	0.018947781949821
0.207469389963356	0.402949374258189
-0.0773276563279882	0.118966633767228
0.141388819730553	0.355786258708117
0.122834502289689	0.430521237821104
0.0893015442934312	0.265563548118119
0.161649623884688	0.623266210832388
-0.050917486458981	0.149593473978328
0.247261005018835	0.628741634339431
0.25998952221333	1.00680980414661
0.114987537104633	0.392048521286259
-0.296509600645264	1.14300371232794
0.149213072183268	0.472219516183805
-0.0146325832844077	0.0304388885864246
0.280108347571725	0.626769466806207
0.266967093119933	0.549095194929237
0.143714445446119	0.253355053389662
0.0169147491621052	0.0252668912302828
-0.0324479336760928	0.0727557728248679
-0.151505897017588	0.488350989845324
0.306617068407805	0.947411929167039
0.0301854290174954	0.0620581228833054
0.499322251519335	2.06101841309821
-0.0593852130211155	0.109474285848437
0.276072697602196	1.14116222185673
0.507439543081802	1.797484384457
0.0984586317857448	0.319312788770122
0.205038902084006	0.567612496723112
0.18595532846795	0.50575102484384
-0.261346566861735	0.726369838854672
0.279539771967808	0.930713606601788
0.289100824528526	0.992438751195282
0.126681261424133	0.309157921347221
0.163222705489035	0.586814775546992
0.0383318867271306	0.091313155408312
0.164069362236128	0.532015119489909
0.195247841205441	0.65492216662284
0.195307547124295	0.61894979677752
0.0181839840004814	0.0416921104056745
0.419385344087895	1.79918401393839
0.104435419808704	0.284239750754012
0.313181180145418	1.50991627146486
0.154532843884387	0.509912176852435
-0.0737920445703784	0.202672803295321
-0.0584173834294334	0.156209788308681
0.0601252437316871	0.167263638502323
0.406710093615549	2.09613867890107
0.093233571503916	0.260327291002795
0.0102408813066288	0.0256633187567783
-0.125049132462779	0.367180694634995
-0.187515483553233	0.681732548773825
0.193759409883848	0.753633104058154
0.0589372187541665	0.154098481338716
0.0447631031827044	0.121612414184137
0.220659172478927	0.740427118026324
0.224306859314692	0.504207443231428
0.0522727007684012	0.109368086538225
0.226778188060611	1.01531781105127
0.0639842606541339	0.18064244364952
0.203950345071745	0.752553945814569
0.200000741714564	0.446285361744798
0.0982008776037828	0.191999863903308
0.313888807322248	0.812256471373064
0.314986344010323	0.924624524867044
0.0967533772338369	0.266102510067357
0.00146660977109163	0.00296664902458389
0.133157035050647	0.350125961418021
0.200308503409359	0.60851602670604
0.155704912348323	0.498872532367706
0.103843223735961	0.352007393374101
0.159119585569483	0.510703748121664
-0.264307431366715	0.920939204915085
0.029584712103171	0.0691066794557128
-0.202360364946845	0.584538374305541
0.358958127151479	1.22988013463565
0.0803716177486167	0.221031079267803
0.0720233830986614	0.193125142965463
-0.175897404431646	0.600096480793435
0.163820208221685	0.648144795854305
0.234547889049951	1.09681428962703
0.0672693580566977	0.204119285609749
0.0974443229588835	0.33442570062879
0.249773051162667	1.06992151470509
-0.0317167482797842	0.0750231452204557
0.150835576132892	0.5456418264734
0.0452261960415412	0.123560038275581
-0.0425977695442256	0.116001877530208
-0.0180419249343464	0.043162489671151
-0.00686779083669746	0.0143106861871376
0.112039937359076	0.346124008119197
0.0481382057850651	0.0789407189137
0.120020995871418	0.277095600624381
0.168101564176686	0.626926987645729
0.204310295724145	0.670652332726081
0.270322898037277	0.908946554719579
0.273801917481105	1.00248471547841
-0.0850252092472151	0.232282865715167
0.111163139272015	0.359699323831791
0.265061505069633	1.01118308526772
-0.0839575743220853	0.195390534749879
0.170742888639606	0.506439815692207
0.0613711776087333	0.137267985169639
0.128981007548285	0.331721110919551
0.204014546276241	0.786196644576948
0.312972319159867	1.49811333774904
0.0564426873541037	0.150163340856863
-0.0109119950301483	0.0282894151042317
0.154898217804379	0.584072248691927
0.232006600820516	1.00553878034245
-0.108848254942082	0.379303010597753
0.300350354164942	1.39037222218927
0.23697693465177	0.823877861921688
-0.0294605722582156	0.0740552894149786
0.138549616967277	0.471730095188294
0.330811901409042	1.79366429701599
0.0394004512322863	0.101326125126329
0.0744328645217517	0.185222592457711
0.0460359000607075	0.129176799719661
0.333625510774557	0.767094607630378
0.053358126577449	0.141823608301869
0.13791040227499	0.46432735012189
0.0576671049849794	0.13218739828049
0.0396639676380323	0.0899812211908106
-0.072338693219172	0.152937847110215
0.105388127261699	0.273879706489976
0.282627051597142	1.1701606544105
0.0788231329652348	0.244481689179361
0.337138396418629	1.35566806482659
-0.234863387717259	0.714643695773524
-0.0563031682225793	0.146172305733951
-0.137435023787845	0.390195341042618
0.229737003291794	0.730925792673127
-0.304669920610404	1.35585999310905
-0.151918398662348	0.494304136425977
-0.122663247703451	0.402705658198058
0.127418151610448	0.462093838436334
0.0610607690429436	0.190573299611761
0.203558018167962	0.883077170964577
0.272825486727135	1.38366646107724
0.160751926515517	0.556560571109257
-0.232202748595698	0.749678934435814
0.0481179428554116	0.129302826547502
-0.0413592749282739	0.11166529669383
-0.152633693821693	0.536078150588533
0.273587953966122	1.31116887109749
-0.0703461611076483	0.164309714845225
-0.0320206907506723	0.0847922740191902
0.113463909777861	0.349088528087739
0.798153299008389	2.45080696701884
0.17709184884243	0.298627451340332
0.812034912093061	2.58029201154158
0.287120913737784	0.749925942951727
0.209902785603179	0.64427620619209
0.164237585529425	0.495938019539072
-0.132961240479264	0.364120590285027
0.0498282247152105	0.115933162801479
-0.000367507908093227	0.000818365248027895
0.0814975270170411	0.214584577839106
0.0925936805894187	0.260379443263346
-0.242160957173584	0.882244874076553
0.0552263765393909	0.140673386033651
0.414286436328033	1.97747061634641
0.337195535617612	1.45036083215274
0.0558449929272747	0.134358359968896
0.0294021747093822	0.064194030284018
0.0058964953207179	0.0134442525420304
-0.105283081779245	0.318444401379479
0.10833784327209	0.348425489822593
0.121807046066721	0.392770414703181
0.0449384722572708	0.1164173991676
0.0481984250443594	0.132735513095068
-0.0548456278487458	0.149410612167454
-0.0829149706660084	0.224346080253299
-0.0745343278937255	0.21540661786822
0.206743835795354	0.76045082253427
-0.152475610091071	0.479423248990361
-0.0988037080443902	0.272199919317052
-0.0391251037966558	0.100664933049495
-0.142964836102686	0.498336689364693
-0.164860631073084	0.507742392446224
0.156286736576605	0.53078212419558
-0.168100675921843	0.560683958926484
0.200038224278726	0.675991598976739
0.399434161675426	1.00053178542051
0.434492503366143	1.21769877993036
0.108074347736394	0.280775393338678
0.130205195955873	0.328593853639124
0.0261401365770609	0.0545239157441726
0.115823094076315	0.315549573626872
0.0353518179790679	0.0833361781744923
0.0156850969906386	0.0339346824854739
0.123988158160644	0.347796296732897
0.152421288848767	0.43979729191857
0.153554603044332	0.448479950346298
0.0467784494407271	0.115643822994526
-0.115959991524527	0.317788411996086
0.339013061541681	1.55236221689815
-0.0137600969682477	0.0325213152925117
0.0402718364361457	0.0977976878438919
0.201963102483192	0.657103659358326
0.341640257649621	1.76341453797972
0.223617825647234	0.870904215425443
0.0820418262226848	0.246929474090617
0.00835308533989115	0.0209181248645974
-0.115079933797705	0.352196611950118
-0.201501675629473	0.737725479934278
-0.157051227592971	0.491807853469829
-0.0519684509464794	0.142084757534304
0.199141733624925	0.782594020179799
-0.21798179048939	0.782649658588946
0.138821987251388	0.42178522184007
0.00131911520977695	0.00299669496650867
-0.368298287185507	1.70834706650658
-0.14541856535124	0.439600527293368
-0.118360886654323	0.342009769090845
-0.0199069452225479	0.0446280631805524
-0.0123345057408197	0.0285025540129573
0.0766672308712138	0.18505788394535
0.399823200841743	0.768204532997657
0.15748213574503	0.388617801243929
0.00738457860671793	0.0145027259186782
-0.0864215603187049	0.190428542157243
0.176822939669988	0.476776452210319
-0.0160570352867733	0.0366783721123747
0.186234198851507	0.612222793219566
0.0372548815468622	0.0956299141956812
-0.127146999518991	0.368037723302743
-0.0938141464827312	0.269146132823744
-0.164464907008758	0.521830551516727
0.191784880771338	0.613240230609316
0.0114416172410412	0.0249024943312678
0.0240182176614723	0.0535475727543306
0.204581512463308	0.638632900776737
-0.036038933899402	0.0829095174813683
0.170506918818094	0.605932226923869
0.0533131678477013	0.127581444407067
-0.00049545925804106	0.00106902976042877
0.224620709115413	0.89858580044971
-0.0699131447971446	0.210428870570428
-0.142603871887801	0.491834008719007
-0.170798619632422	0.63474530921492
-0.0551327353060222	0.155397304142236
0.0665526065824376	0.185806751003329
0.0578560369605816	0.171305758553209
-0.0659057807055968	0.174778260139943
-0.0893383246697689	0.233187094520861
-0.0110482005322281	0.0268212957372917
0.153467462132942	0.525360829548558
-0.270067434513158	1.15200505849854
0.195979476286074	0.703724137952229
0.126068734823699	0.35976462898892
0.0276336918247692	0.0711542429956928
0.104279834765045	0.292426952735183
0.092849012289401	0.122552059397915
0.253625771773708	0.367676994356568
0.473375992160925	1.62350247840372
0.234772227708337	0.695605390506607
0.0164041859886888	0.030677961388583
0.146920463915912	0.431958418382706
0.0476440360722523	0.106153508790324
0.0453679758923015	0.0970028090086264
0.173597488444301	0.563045343835077
-0.306105096080016	1.35319775865778
-0.0364360748190537	0.0904061932721243
-0.038021126053421	0.0917660984222208
0.0479251263773685	0.11879778516146
0.0449602590570505	0.104005281694559
0.0623673419527309	0.164222969530945
0.0923966956429401	0.246663779309985
0.196383060288137	0.660194087359973
0.117893129346317	0.33242490862507
0.181268848440581	0.657415858893036
-0.0103649305733441	0.0241860458455706
0.156013077909405	0.48985017963646
0.0827236257354604	0.230205750028873
-0.191952838597773	0.641328515906892
0.182009147760997	0.630213491348347
0.161918622011653	0.559246424070204
0.121303854182315	0.414672129493014
-0.0324050117549072	0.0827951699517981
0.391883762539124	2.35765176759678
-0.103977423876676	0.341466965077471
0.0736672818728569	0.226570217646722
-0.0155851644766662	0.0409063304165421
-0.325057277473991	1.52754345984782
0.249303977389533	0.969533688068203
0.0440946160795314	0.117684734859631
-0.0046020531310439	0.0116750287802185
-0.230010177433242	0.959929157841886
0.0678213654567879	0.186385914999383
0.175235629991076	0.516047840560701
0.151349578076684	0.230444145745666
-0.13077096982349	0.178355027424847
0.16965787432509	0.349368535652378
0.17395380600922	0.612811138044884
0.278562211778063	1.22614565519564
-0.292270306741733	0.906793119227785
0.23687586658869	0.815570632128377
0.131856347074607	0.326635343593897
0.352467167824053	1.28453162830482
0.121727874994325	0.327599264144641
-0.381738197901379	1.40587912923058
-0.0733882329743629	0.199881094532457
-0.0763501047891447	0.212537952542097
-0.0794355585962	0.23450358488074
0.117562169949905	0.348251793843714
0.0625679675201623	0.168285124879795
0.0794053964329183	0.213965420888704
0.102635611325731	0.309635989147567
0.236196931120113	0.815729921879701
-0.212355503739962	0.775439396854079
0.277093703235154	1.27315034700392
0.0527961635412642	0.13371030656269
0.174014228634991	0.644677573577151
-0.148645613322766	0.520276817789299
0.0704901775611836	0.200303587711721
-0.215262299305967	0.924131477034622
-0.0575514879686956	0.173683802698133
-0.0314467407668029	0.0862502052437849
0.0746186289951923	0.246182935902834
-0.0218216336375689	0.0584243192637594
0.189641560262471	0.696738214428184
0.323964889790426	1.62593312616511
0.0977974217854915	0.301167997635068
0.174773976076492	0.687970437904465
-0.0587008873936111	0.158572981223842
0.104980451536205	0.300702093554908
0.241658137040437	0.274803214001363
0.250427978300616	0.410076208188982
-0.119116315594929	0.162266972990946
0.398329870912123	0.648457703147587
0.333298223453402	0.918391164264509
0.409914655030295	2.66972536239309
0.204793383029575	0.838052498873404
-0.0711356666440184	0.191849639531639
0.129489337829532	0.265684866813215
-0.288714037133195	0.883213903448965
0.261710381942728	0.682914859876895
-0.189596499998068	0.506860507018066
-0.13508867953289	0.352068562107167
-0.123839779617073	0.307920083680281
0.207795721200372	0.845563957419759
-0.111658599733468	0.364953028705843
0.269262719574153	1.37196083605077
0.029293919604823	0.0780116889727756
0.0493701494821003	0.133093254400041
0.055385266386755	0.160201099188024
0.214122357699693	0.797972513060243
0.0163509434421545	0.0398797160083182
-0.0170362417720033	0.044440376982092
0.0607487242832929	0.156065731648654
-0.0439664922674592	0.109312490213344
-0.189398048625322	0.769953368621691
0.0595145417234012	0.177036004460691
-0.102380059152083	0.345423350249148
0.00997183807679246	0.0281301283471344
0.00594459400804393	0.016623512994069
0.00281892705922878	0.00756048784284503
0.0414423606574288	0.122723032747712
0.063636815726579	0.197486591295241
0.0406214908264979	0.0990735079249553
0.0782152335056887	0.243126009947956
-0.107648222784181	0.355921523312469
-0.161324211518956	0.645349792134004
0.15861002691115	0.605896601625276
0.111116969738464	0.327229632825415
0.274851082670155	0.446776206085418
-0.0499399171422045	0.0535522071766561
0.287099823118172	0.683894806340368
0.116934970362545	0.30753774935268
0.0191802697692919	0.0516059826917092
-0.0420356264879953	0.119872332586863
-0.20797029870223	0.79872764500528
-0.164671118347989	0.327243247117223
-0.0728452915861138	0.137899799133018
0.169720334280928	0.379923422301354
-0.0648155553829584	0.134760488584298
0.103393384522194	0.261500519715699
0.0266149843583755	0.0507318380328503
0.07886971617043	0.216127614651059
-0.0727610872000629	0.220806294127312
0.193200527043375	0.839950046936604
-0.0719493551322092	0.229208034326195
-0.230627532332517	1.06771343605696
0.106477684539476	0.348244301212685
0.12548075581441	0.374405475944883
0.149289759916797	0.503185845903933
0.281894591718996	1.09284769598213
0.0535211363825438	0.148577518569224
0.112607068316633	0.332742369140548
0.166813814817292	0.538869518083624
0.00341534577201302	0.00828686875888055
-0.00979099025309258	0.0254416400757539
0.0414552903925925	0.114707002330464
0.0799849142121084	0.267284079363317
0.116148250779056	0.448147372681674
0.0264770042344105	0.0791884843413377
0.138229987237965	0.567404077096701
0.0387708051676751	0.111780397499517
0.218489608793298	0.928790099558165
0.218009769955602	0.991556370634315
-0.01206076247887	0.0318054936790546
-0.0357564865252374	0.0876705295200084
0.250526964714162	0.356375937562516
-0.383542046016991	0.938872791423971
0.0546234333697845	0.125083918135898
0.166718764784867	0.64197465563215
-0.259236004924263	1.18928983275062
-0.128975743628918	0.425734115747254
-0.438246371772727	1.44153445835758
0.138615687587828	0.364307874908875
0.0960870044278759	0.196259501352477
-0.208729461054925	0.626797346350363
0.250682888942616	0.737346695363245
-0.349600538666307	1.22852345474424
-0.100121296292924	0.299336442617994
0.192146369052545	0.793500730978305
0.0723868796173331	0.234338281714861
-0.0467453482248234	0.131295212012603
0.0757310678654217	0.241090576536105
0.0430594363437368	0.119374527398815
0.0387927614685163	0.107564726609979
0.0350096249274387	0.0899080501460462
-0.179992127091935	0.573467956881169
0.041402145161586	0.118942914222466
-0.164357304312738	0.642223188956152
0.12569282314637	0.437143334556276
0.253460801029951	1.35978253009092
0.165031841834364	0.739735306397083
0.341492625622896	2.17078122796095
0.0949843456294981	0.312336321748789
0.00314642622751961	0.00822751208489249
0.102419591208723	0.346820472922657
0.0562019161301788	0.133642470571487
0.106664283593353	0.16384904898521
-0.0036919562442586	0.00633963356590614
0.0222306177442239	0.0567830315011091
0.0336435461623082	0.0807757549469436
0.130024217797286	0.412968710720286
0.187333534168791	0.568679250338263
-0.233140453445797	0.796240460689335
-0.285153626488616	0.940604150349527
0.0822640319978967	0.196080968708295
-0.341426479292541	1.54055898472306
-0.28834891288115	1.10690038583502
0.228451771871098	0.91705586131949
-0.157396926676331	0.507325398436853
-0.0743634259440522	0.214735185189791
0.0832521714673441	0.245121918470872
0.0543080625703765	0.141454541805353
0.0890566765360579	0.267043635983028
0.0705229350412432	0.199885394066951
0.160489357911133	0.606894012866093
0.175383161509549	0.618020493503014
-0.248383556541543	1.03350846300039
0.20244880806629	0.817588994257973
0.0897181104860693	0.282106504469771
0.227875301110269	0.994191392155194
-0.0636091617105219	0.184022842995679
0.0736668836582142	0.231809386556857
0.171210522589498	0.688290428565912
0.352132750241328	1.82116427547657
0.00616449198410633	0.0142409008840499
0.0504931875638103	0.141265643228587
0.180136245386015	0.67802797779304
0.263369478642383	1.03491569036414
0.660152783878613	1.51556503645536
0.176980062901078	0.715263552353621
0.0460588245978117	0.125215459513807
-0.0264976527297825	0.0509650826907722
-0.152778200763701	0.389263163003812
0.0688300684812979	0.15003453738759
-0.129229704486231	0.339946959157567
0.0380584734159632	0.0820542663607577
0.0367367987952962	0.0775779377180812
0.151822876356396	0.498152142714999
0.236405923914548	0.985970997467195
0.0941312379786908	0.321533149899496
-0.0245192423218232	0.0668378924554097
-0.130009958575647	0.443499432959782
0.229328619611429	0.965649637715727
0.257211426502249	1.07752023913951
0.0575157568189875	0.143970928043432
0.161817228461845	0.540558222056731
-0.0398169649788075	0.111131453122822
0.0659833550950768	0.196025428722234
0.0123421177326498	0.0305103009510343
0.205906356153947	0.706916021176517
0.162422058258036	0.631074575608008
0.140664989752975	0.492460342981949
-0.0224181065532266	0.0588780167213773
0.0754639342145002	0.245466809649605
0.363563828106654	2.23139904812263
0.28216140357071	1.5188094938794
0.0990701274526548	0.320145520862021
0.042563913318749	0.117295450671809
0.18127664278452	0.568982276207237
0.398784972837115	0.706672161156631
0.236156882017408	0.403281845301535
0.00408537666832634	0.00499193824080132
0.137775372576603	0.281978659822707
0.122935245382781	0.397493377997903
0.0215872392882022	0.0426013924270826
0.259746986363591	0.907487249364151
0.178192249723086	0.484060431834324
-0.245196912725084	0.843182277883779
-0.353497124618718	1.4891372070508
0.104038308747804	0.265778339040631
0.265373400948448	1.24998651063937
0.106336150901808	0.370224031255936
0.0891181800688655	0.293819549284524
0.0237253625147168	0.0618499434643919
-0.0144875463137534	0.0372659962102443
0.0962759767120221	0.290096564551917
-0.0627366718211626	0.179135222589618
-0.0982554973330296	0.266925241406511
0.184583998062656	0.678511677988419
0.128131456419736	0.474449522872199
-0.065020463770101	0.20965749975922
0.225041033407713	0.940492682984411
0.071950416953961	0.202666053053575
-0.010892027707052	0.0286040494737933
0.173738684383402	0.6647354346775
0.223398080053772	0.976822744419299
0.182454968134879	0.724071389955086
-0.0400061378703373	0.121029482795528
-0.126125870497597	0.476313495541296
0.120664192621951	0.446256497543579
0.103763170618006	0.319956689507874
0.0634122896175787	0.19814368413553
0.104643649506985	0.345120062722897
0.355188811457257	1.67805795195222
0.363206452823084	0.585836496604321
0.138077003815514	0.199306771248345
-0.423940581307516	0.742325079285584
0.0480351738451014	0.0769143473942264
0.158630143627387	0.368710632998737
0.0661988610778789	0.153013444870284
0.0553217176736068	0.121119365203565
0.226098100092087	1.05167442742265
0.0931720845755392	0.330336614543461
0.0557036115056816	0.173385539747038
0.046539394933086	0.137271563817133
0.233058827460864	1.02660788804098
0.0529430512404415	0.145573481212185
-0.00876097584842567	0.0215117708745402
0.0576947460722941	0.142766840696964
0.130359556887297	0.388104414953677
0.0555778633739406	0.165404935252239
0.0157788127280221	0.0451833309127735
0.242684945635128	1.10927460366576
0.0541093626173058	0.146717639308024
0.139749779712073	0.465158707551303
0.103283206319246	0.385586649352761
0.0519643555555293	0.165215867886316
0.197464354344033	0.920221953094353
0.199048297974225	0.224382431056823
0.342331455625184	0.8748817299108
0.141476439870312	0.573064685519984
0.0835575625446599	0.316766404087924
0.099549429269385	0.362697914016982
0.0186353732281887	0.0538116663150289
0.106926117330859	0.370533973597605
0.185156987856964	0.703945165322902
0.0677382851716438	0.233920066456651
0.24499251939965	0.849702504278509
0.282714371893364	1.66784825952274
0.0120884052427634	0.036484894046897
0.213246942792228	1.1481047084346
0.352184255442088	0.798907948192152
0.154576324071432	0.236304370506814
0.296764384019865	1.6332929566435
0.131813794270237	0.484378248931466
0.140879014287874	0.555846043630021
0.143420957023391	0.572952988871104
0.0546978015142887	0.175127357687852
0.120768988346236	0.457904476119681
0.114324104100927	0.243505750740393
0.0936229575304589	0.167995274992157
0.115371633044705	0.34927266060133
