x	y
0.358605745929327	0.898057945429401
0.0109897631338197	0.0168959078699402
0.174532992968515	0.349960812375563
0.213697259824835	0.361346523503465
0.0624257956797064	0.0828304494220733
0.254123789928358	0.47680106617773
-0.00505767035500839	0.00719705261446769
-0.0036627289849696	0.00409898532968839
-0.0404410288177379	0.0490894006916786
0.111534948925906	0.156434827218079
0.180676311445809	0.309277377926909
0.106374855224706	0.146421220982078
-0.235928123405552	0.301179030119209
0.36829091962283	0.668741156844268
0.078656974955845	0.11033084326916
-0.10947929510512	0.133571097064915
-0.30187737078443	0.417097343271707
0.245505290610631	0.38860570511397
-0.326274932554948	0.583447866844077
-0.38341650251492	0.86280320935585
0.0242586586804705	0.0277249719348446
0.0424310063204745	0.0508578105659503
0.426872557335332	0.889195539357557
0.300829081522463	0.605455750243369
0.0388115501395508	0.0437753207360268
0.173150921012883	0.244566659645789
-0.0970729610387679	0.131864919517024
-0.0293756678698867	0.0396437693403218
0.125990036929405	0.162386522881658
0.206537682419453	0.337709024688338
0.00520474327681621	0.00613764445287201
-0.299782858495366	0.488828786505227
0.12760576421139	0.177232408606461
-0.123385338037714	0.131448389910493
0.13889020982372	0.284755414274326
0.126245513702444	0.2092847191186
0.25189378354958	0.4131894204708
-0.0331444192890489	0.0386903899984138
0.206956926820836	0.30631374251325
0.521542961910567	1.32204403862161
0.220765154659864	0.311034292308712
0.309297887229768	0.996165631739707
0.352765546482707	0.79204067936192
-0.0349193784918098	0.0500769783512005
-0.0508916880742145	0.0884737955682007
0.22184426659082	0.459723886250533
-0.184222219669214	0.314198457679239
0.398932167586878	0.800691749475876
-0.0966538459012979	0.161343605771184
0.166654612812109	0.247822725242006
-0.0580883428137844	0.0733891639325145
0.333832442121519	1.23838428719489
-0.178015240137034	0.505008192653642
0.0123440806634414	0.0223269570963113
0.0559745257518126	0.086247177007991
0.232185980412478	0.384495302419209
-0.345268683977136	1.19479748070886
0.021949144080463	0.031412240331453
0.142276957559521	0.222694957532219
-0.267167038276205	0.487161759020084
-0.0420467186588045	0.0621998479719025
0.369926384092139	0.703874115746915
-0.10887897577249	0.116454075336433
0.298278616331287	1.09060214980498
0.0256263673202546	0.0534082155925613
-0.0382422221019032	0.0742858512635236
0.0805407623285096	0.138528223825898
-0.375496039789277	0.770769042514468
-0.0273634488235899	0.0487599848131752
-0.209439407994282	0.431759707765435
0.263306246869336	0.461878314430312
-0.376865167339497	0.734741461507524
-0.237426385529707	0.473843907008305
0.103266781824315	0.149087603699757
0.340228803157098	0.603652271440111
0.124778305287531	0.28379745352415
0.325086023400524	0.972046907650269
0.0998185416736006	0.183531796301421
0.000611134303568233	0.000793486376712245
0.0264033285781169	0.0424931053764894
-0.00392953307042203	0.00626479666778821
0.0258485810462789	0.0336191933343778
0.0159307744367128	0.0209202881770805
-0.237316502353885	0.408126581628598
-0.614356284243874	1.58512370058161
-0.0371956228400409	0.0485689892745496
0.0958786206504951	0.200703218913942
0.288945299625619	0.855176535278823
0.0150359120580636	0.0229246265150618
-0.0680216700208276	0.116790946112453
0.327979563664485	0.686684436064295
0.016377507672999	0.0183000646963408
0.0995967907491482	0.134205359620307
0.0117235385203204	0.0157904148863641
0.241996789987618	0.330328641262043
-0.0310447547093096	0.0376775261730393
0.0667753814010407	0.143603125617089
0.166894099278242	0.385109610444941
0.0411061378772455	0.076143867781071
0.215821546735286	0.402009146088257
-0.0934648489827045	0.13152579258851
0.218192050282602	0.411826247756267
-0.19598435500142	0.307521710732637
-0.265071403254718	0.444104282599318
-0.245670370985002	0.386818529923095
0.261795079503281	0.692829931022736
0.10243891397589	0.177276934491649
0.285844028399813	0.504980967201551
0.0458010289526601	0.0658171179682068
-0.442038125360021	1.02704271728364
0.488166129382819	1.03428583792231
0.142728085063159	0.181237285801534
0.149411282249314	0.193963132935055
0.398029366632703	0.489299539423521
0.176441932868078	0.39009952350783
0.216249881727213	0.500300680103108
0.139804369434052	0.276400028152034
-0.0101635192460928	0.0140892753078362
0.0550840421332637	0.0898608493687028
-0.0463399531156365	0.0519231776809952
0.189891432255025	0.260154847229204
0.196149888400116	0.333767113721452
0.228567263370478	0.623743820757375
-0.0371898966805555	0.0720844904490273
0.250715118524933	0.787284761748645
0.055648556677488	0.114859684706605
0.281650881391771	0.852996073403648
0.514770002250358	1.74592849017924
0.0817213312290864	0.136283366372628
0.396064731339041	0.978311615862268
0.288474469333019	0.607078597344334
0.430122584368006	0.832958892977702
0.189774786257673	0.468145953350763
0.166898454907399	0.339671688516766
0.0723435840070611	0.146388971186223
0.148375526682503	0.326532519710982
0.0745784129575041	0.152343566879987
-0.175571532844022	0.45355797415056
0.101937829109545	0.267933346334225
0.395839815455012	1.58477040365653
0.0643877332185704	0.114691047117887
-0.23822137043306	0.709593711116058
0.143121269998768	0.331189072462932
-0.0814156674656275	0.124967723921386
-0.116739318158807	0.200047401706218
0.183977914666609	0.441228927125667
0.22916249143615	0.378149616694069
0.303433090616018	0.814430305287153
0.00710658585804253	0.0117592328486607
0.105692161605186	0.2178421459164
0.143685931248335	0.278788008092969
0.104619556705383	0.220732923887291
0.0338477856104075	0.0636776942893633
0.360058316463195	1.25160036588249
0.00621960810336954	0.0125074356588055
0.0803229058105189	0.171359536354158
0.325449411582479	1.24776089742831
0.0699632963786136	0.12739859197165
0.210693088553468	0.491702305490674
-0.234488870333943	0.679022305549261
-0.0387972642372211	0.0681791675189891
0.480688725102383	1.33716099723469
-0.426451479283144	0.986534833833621
-0.212801128888348	0.454761328852075
0.19240893199385	0.293711557485457
0.413995540128539	1.2651051646191
-0.0888318424195804	0.157186559803437
0.150611364027712	0.352114204282834
-0.351687911997672	0.959566425222312
0.223245602808995	0.467441416766336
0.0410097916490663	0.079004224836903
0.0213427080523592	0.044070877541818
-0.286316327630625	0.966960441778581
0.11245519675249	0.277929929174675
0.0165439491859213	0.034862418838548
-0.038490563269646	0.0735937839513779
-0.0661035399431697	0.137106095021455
0.197065073799154	0.437778291500024
-0.0363037758571773	0.055060790065254
0.143962897048144	0.253874664989933
-0.164359449123536	0.320385304215391
-0.109484784110805	0.149247662581024
0.43031739076379	0.806868623115083
0.131646133097821	0.173206714887345
-0.691193163934669	1.86830532231402
-0.219082536745256	0.344164995880167
-0.459631666484057	0.78167934087693
-0.172537415549729	0.382768452674683
-0.12955683530058	0.285724385911608
-0.291453944505376	0.730029192848512
0.356969794396893	1.10924937450784
0.29883149385192	0.877584549687945
0.341561666544241	0.872038598262312
0.193148571865287	0.21199260979199
0.624441740446187	1.08358311099822
0.183124849954182	0.338841349225003
0.0362739473795017	0.0524636165461284
0.182812227765807	0.434811287609976
0.249292341551496	0.553489469287365
-0.274025079607117	0.431867531380937
0.0451935666947105	0.0648902859790503
0.0262283812759176	0.0380910793610954
-0.491810727649623	1.04680545233139
0.121891437804641	0.144602698897371
0.338226157624894	0.380453418100185
0.265631632195085	0.342970846392103
0.156118470809606	0.207165117000295
0.155818506779612	0.206670727886096
0.192918241930697	0.323181407414938
0.0860391730524513	0.104924240247292
0.00194994569970103	0.00328944388146153
0.250700336420469	0.611262720232179
0.366382474989883	1.09060277658209
-0.0960674874619005	0.18477185701809
-0.0182842963080769	0.0317882592186599
0.253985853302084	0.680220202490094
0.247938729488021	0.640038829922389
0.133965671247915	0.488336669991387
0.0536889337204038	0.15289689967871
0.353196193108187	1.51429793936434
0.399991170360328	0.803767312820934
-0.750190246444657	1.19943846175674
0.0874992885236113	0.093741343048518
-0.00486775837248561	0.00879028582921521
0.0590102472990857	0.0853541767227129
0.318254583112166	0.603874190736884
0.530407580854556	2.04306423479951
0.308031945922915	0.668067393622817
-0.279451331850014	0.426638574500478
0.0378322854945673	0.0510795243451225
-0.0491703421150867	0.0707889965423676
0.0620425357351537	0.07059549673464
-0.076820680372024	0.0969559662729316
0.150570222791637	0.141931011467995
0.0779360558412532	0.0872587747671653
0.120656464342599	0.164023716008072
-0.343194332514698	0.544318592212662
-0.284037023353649	0.347093063341276
-0.0392472295653555	0.0751337705232274
-0.263381804980832	0.692663290412347
0.0369651186335239	0.0675862183654928
0.0842300141401309	0.151345299484442
-0.00296104765539612	0.00499288796242055
-0.480342828402769	1.53465937034049
0.164840198188472	0.361077771900655
0.201750357360927	0.454703174051429
0.21810394354197	0.564049701420492
0.110784948272391	0.353177479187285
-0.0714251671874054	0.212775083553333
-0.353053394982678	1.83855444212938
-0.186613222445837	0.551984014242151
0.0544015152556992	0.132635848275481
0.185563082051808	0.521801030067072
0.0944136827687487	0.139708478358451
0.0603476667030319	0.0798890694744388
0.0906259258714893	0.221647690716103
0.108331495431729	0.206158364300082
0.329083117757084	0.705812813055858
-0.0344102323986863	0.0247542942190312
0.0880641134085812	0.0943967954387335
0.571998220816224	0.984912550894467
0.108518254432887	0.315498812155169
0.161731403826145	0.474443513428238
0.0975461227769226	0.226419950976923
0.324939843791254	0.807758453984725
-0.0218524965323873	0.0284953426251793
0.203387358384688	0.548267002597807
-0.0303386345249052	0.0435533908645304
0.263575270567156	0.404430844534196
-0.670545808532459	1.88679318537776
-0.486821980103866	1.23897176751256
0.0945696020701922	0.111120447518802
0.123773869884913	0.159124766048067
0.0877046900519883	0.16426878769506
0.153656859210863	0.338065097144069
0.00572918755471414	0.00885645693831823
-0.0156126714138816	0.0274935877740207
0.173470540446483	0.412418235492231
0.185440312967964	0.489042317378069
-0.0572261971043586	0.132065813598747
0.140904711762251	0.344513668925001
0.0763753809568351	0.194784669145455
0.128570829230054	0.35531316748932
0.000456109596571373	0.00098218476971129
0.165400351960648	0.5693223261477
-0.213200529305433	0.650045023849025
0.284848468434708	0.877243483441843
0.103138794948798	0.244370770248912
-0.153612124772702	0.4731155089721
-0.0251114543719407	0.0585624307173041
-0.0419779791698349	0.0975614317929645
0.213973840117469	0.741154433647732
-0.371603279381342	1.10212933966338
-0.0389952453252262	0.0791366842566934
0.191662254527162	0.615155055887062
0.10419578698387	0.28009985349677
0.00392747910513785	0.00630059078745204
0.150155578434006	0.27181890459902
0.0334588088717201	0.042887742726029
-0.233829328631256	0.533056847346894
0.170775177085589	0.385536151763255
0.110555443176839	0.245580608439429
0.0593169111334813	0.119923111423182
0.128812335687127	0.273268718084892
-0.12857546871222	0.246384320153973
0.00291791752703594	0.00528850685035915
0.174111373900258	0.427882749705135
-0.108123998669785	0.22712692498569
0.241779420563261	0.60113620581126
-0.0804132857066493	0.163892637692028
0.0519179073195444	0.0862557593296785
0.150947440544416	0.26056357518757
0.0888740134769678	0.134995209129117
0.341895607987346	0.841510846880883
0.206185836842561	0.336954953466335
0.064821195856346	0.121898280556915
-0.369985762317666	0.947764085745405
0.223863752498759	0.506706784228608
-0.420932293325437	1.47275435064664
-0.150050799732882	0.344490028888668
0.175954278726141	0.438947403629557
-0.291898909134006	0.905159721423475
0.258695120002903	0.897580934672379
0.16378501098146	0.482417020477862
-0.0395971664564884	0.0852526894488759
-0.381646225258608	1.65772847268206
0.230025420870671	0.825740809101433
0.0377755758895637	0.0956062851403667
0.0122854179485856	0.0274956998650238
-0.125301216595506	0.377875217038445
0.139935050069832	0.427788721335971
-0.207843185068346	0.669258196904226
0.188489765374887	0.53552771875838
0.398620076424829	1.51636212156691
-0.154864090558893	0.340686812085161
-0.252432366789578	0.662424686432439
0.303472479689615	1.11070277588856
0.12655834819384	0.37852784591573
0.144882462758599	0.456665027668281
0.207626158940449	0.794434384127954
0.246489531479698	0.822143749958807
0.10741547231747	0.282788511350484
-0.232534379200035	0.647019501484253
0.115130696187418	0.260666801398431
0.191613198124994	0.39273493775997
0.125981746597775	0.228891995521434
0.247504249005166	0.543378386394634
0.152028656374686	0.262726217120107
-0.0495129673177261	0.0712958524585982
0.198952484610486	0.439857482654505
0.108763852244441	0.23251678613507
0.325459525935956	1.08423234936603
-0.419670410946843	1.52045311279882
-0.0740492163902961	0.161519387954874
0.114609025916685	0.278519417037124
-0.138308692809882	0.281310456004754
0.232471670552536	0.549354475742639
-0.295708414838835	0.715675533936904
-0.351549151309432	0.989677386792087
0.0102232263099796	0.0150072529341715
-0.027404377699048	0.0391733540448874
0.0166311543020869	0.0227616240317413
-0.284621087260086	0.587789152285229
0.426573952336039	0.952034096509073
0.160319481052523	0.511870950093147
0.32417029154045	0.805138436069721
0.161164051349662	0.290250547347809
0.0719376688751017	0.120267526786881
0.503743235656995	1.60527953136615
0.399709275736948	1.08355247001703
-0.233968830944827	0.608950664393471
0.195840507851792	0.496933796509069
0.0353974381620944	0.0731657203341517
0.294879395073556	0.908918927948455
0.112555849402032	0.263934233467213
-0.114837525315082	0.287914768471795
-0.213434327061215	0.650925598614554
0.347507419907597	1.49354633942824
0.0668061693589922	0.168556522116871
-0.0114049097491633	0.0270941346981978
0.0373766724178049	0.0826280544153931
-0.0551269700252852	0.138530555325779
0.0444721280493001	0.10893903052514
0.0239534226430365	0.057391517935236
0.0283358193870699	0.0590922243843547
0.0442680715907149	0.0926520736869299
-0.079639529115063	0.151663252869318
-0.148292920332496	0.341508239424827
0.331600842592612	1.22586896207502
0.0682823464271332	0.17950055768269
0.198145328703253	0.689228819222173
0.0400539210200604	0.083958917339287
0.0880806436174834	0.23887899125218
0.0257219551761294	0.0559633691071973
0.0817946026609425	0.210092626669334
0.145245533068009	0.45067502350261
0.106408101556637	0.280710738822021
-0.0693670204533403	0.15865683104674
0.227976284697093	0.589713753196069
-0.112956688866018	0.227619861728637
0.493254992953618	1.25364606851817
0.00443556164069582	0.00684604576282025
-0.182898683528787	0.286131181343578
-0.0284538650421425	0.0429546759398073
-0.035020496037614	0.0602724792973215
0.163078046984179	0.410909837885282
-0.0723816464377705	0.158079251296213
-0.00484714868595433	0.0084796297103613
0.509629868139959	2.15257562899132
0.0729754883243902	0.140892162108276
0.199775423554854	0.472765195451246
0.13295538737601	0.256229678496777
-0.25152932881266	0.578588022596474
0.319244845791419	0.873027593299521
-0.161822456349121	0.308094617932225
-0.195555115518484	0.334707929664467
-0.404544332028902	0.83340770116902
-0.171630265928372	0.328757173015235
0.0158957373451121	0.0208727780116
0.410656576932782	2.73851355606112
0.252954116640992	1.10061691623852
0.121421291006783	0.399667285267087
0.199782165705291	0.714636179287211
0.260113362246305	0.909321473576309
0.478439315870422	1.59649920810176
0.0665930506287176	0.122328385453463
0.108247673245795	0.21211813003524
0.0862006584818192	0.145870792320654
0.0109471893715466	0.0203587996695544
-0.0132852874888379	0.0260380711054184
-0.0479408214264927	0.0908512525805158
0.374006596385709	1.35618158642347
-0.134379052102872	0.333624809780456
-0.305288174785641	1.06128324820869
0.00296934674088452	0.00583439348275708
0.358323451630316	1.69422233849201
0.192038993022633	0.611388351078927
0.200537264347218	0.724048708742431
-0.0702304608920482	0.170278817451488
-0.425850089852243	1.78572515161829
0.0340042937079979	0.0839037343317119
0.170060607669422	0.531000803048189
0.118699658225738	0.335335539965442
0.0426962478346976	0.0950098553705927
0.19717216705604	0.545737823386562
-0.00867404878863761	0.0157133380706468
0.175371950670557	0.529677464457713
0.0461196665114133	0.111768733383694
0.119632290915358	0.365256602702062
0.183865351849326	0.532401905936093
0.151291293097473	0.486399041303307
0.0755151416941189	0.178525883996149
0.690111429831785	3.80728417669601
-0.17705181394378	0.50131182209328
0.101363842453007	0.266129881009516
0.158540114591662	0.453764429742636
0.11748140076846	0.274747876427568
-0.143781616308453	0.28800045902219
0.159587787614777	0.284160353913007
-0.15573788709025	0.307730516609923
-0.00964913049773505	0.0137361548448983
-0.0316592242024285	0.0522799972083381
-0.0112090770241432	0.0216520695953889
-0.0685112894142029	0.142788589411978
0.00988249657647084	0.0183394087730339
0.200052779857984	0.494343951849203
-0.103247911880087	0.217488429870611
-0.228752360882817	0.60883453940875
-0.120502210455938	0.248202005688162
-0.280590079257992	0.641372758141299
0.26381971316336	0.648494601305185
-0.0501417431343062	0.0970866986907515
-0.326527439874434	0.81138649956054
0.0794483278259647	0.122791296475125
0.0319521186033983	0.0471974463993309
-0.0570187822226008	0.0973979450751108
0.0602361261245381	0.0835925337137361
0.542640556494052	2.7777602627597
0.172398113078368	0.757144929067637
0.235592283379519	0.849150706528141
-0.0153348710133002	0.0349653763277276
0.149205683544485	0.620552742658764
0.0224811891490361	0.0391482308409612
0.16667330749647	0.368730176008254
-0.060770553258671	0.132881396688326
-0.35543155241467	1.87457958130864
0.137193938980753	0.49907156081803
0.123324398266565	0.31721297753582
-0.0813843984817826	0.187157919929051
0.204738264914354	0.633054214137413
-0.435876654022732	1.54774187747173
-0.0305966146048468	0.0545758533435332
0.202429331442543	0.574690745382071
-0.0756245474944112	0.172689447341573
0.18186087127696	0.48832412952284
-0.317448845381813	1.15213553352372
-0.188069118596204	0.600694040125525
-0.14781128276303	0.498951333153124
0.309613489618096	1.54848286199099
0.233331548805446	0.620506096058281
0.239868136823166	0.545195315804441
0.206830289351209	0.480119775718196
0.329844316691526	1.43173633596483
0.0276611627828997	0.0616732111744521
0.252891128596812	0.972763668108588
-0.0797429603504569	0.266780410097523
0.200148910553427	0.704622483118713
0.383429104011846	2.13209697914332
0.230101308173333	0.985326836379961
0.162811170069173	0.450420228642628
0.104540495524667	0.319919753329963
0.32724491538593	0.859085147358751
0.0829959667426597	0.174933466570888
0.196420186772112	0.408689553126394
0.24988142321881	0.599180218820509
0.217458685285169	0.613409720763366
-0.102139497806096	0.322000748703261
0.0236002897173141	0.0575712959702481
-0.0705239330578916	0.153507467885027
-0.0413055589388387	0.0714606442072763
-0.0276780521555685	0.0541801320762356
-0.0197373191457632	0.0361997733653652
0.152692659903822	0.38060524666881
0.137060675832178	0.435244421656523
0.074409690571293	0.175504458617864
0.183950201824795	0.319668334296268
-0.300487284495999	0.56557737176079
-0.277384623332368	0.480424899843058
-0.0242441265541124	0.0421845157635289
-0.11563839113202	0.253081216648849
-0.209882210361591	0.523002135617356
-0.212979629661303	0.394473311183168
0.0826761572647065	0.189677063264227
-0.24302046039203	0.69953736760417
-0.366951781225932	0.770064246297137
-0.105465018877321	0.138684645215307
0.104281929659679	0.226546158847904
0.200134126259259	0.316570540443141
0.132470563445472	0.339142613970447
0.244772887841258	1.18099423594964
0.035120622407154	0.104566450682439
0.118692359030187	0.372983612850081
-0.152314732685731	0.454042291147089
0.0196550007312599	0.044075481313243
0.0889563818667491	0.315153006096542
-0.0308486602285324	0.0676819083291893
0.0889417932411888	0.198986444161624
-0.0725509365467974	0.156003512923827
0.261214141411174	0.837237758454099
0.086230358763061	0.261319831482231
0.0310848558310299	0.0842967778559679
0.370416454894859	1.89553686956907
0.362281892199998	1.30327844138228
-0.10784551241368	0.238319847249979
0.135532974663296	0.332038081402512
0.199984862982986	0.517034852814229
-0.199123690828259	0.516216951500437
-0.0665388784286964	0.138785854158636
0.15214703953765	0.434874321966113
-0.310098909483151	1.03245652810892
0.0335807570775383	0.074573751052556
0.103268018534277	0.272179481449943
0.0222305320819442	0.0553133957876034
0.197152311378026	0.72377624838463
-0.137993177190194	0.311333985999946
-0.535372269689504	1.68613734943451
0.133053206568947	0.256481080174648
-0.0767465234901533	0.197803549028278
0.101648357789944	0.2670220187121
-0.2450315643823	0.903058977471784
0.219264408874293	0.95329845465932
-0.105984355012694	0.27714582004515
0.0727195302673369	0.205880194872862
-0.0246337395376671	0.0630892081438312
0.0943903241168698	0.22127012139946
-0.0882421194734189	0.244828303084355
0.436331069546942	2.05071727220646
0.0848047113225506	0.179368858329414
0.211625298131557	0.47559411328902
0.0356898784067717	0.0607589765981712
0.380239356289112	1.00152365059549
0.129304333901613	0.227833897484234
0.0186406574489248	0.0306573770285905
0.0405587356320608	0.0894699697457963
0.265811638777109	1.13376485528626
0.0555116557277954	0.137813309036508
0.280179697856014	0.901019846577026
-0.413701709403611	1.35169252896735
0.157944363533078	0.403827106830973
0.101125927933972	0.212013392498921
-0.0356557646793118	0.0703180541160013
0.0802365133715898	0.196777637349666
0.201463093227597	0.525217975489096
-0.401733700570364	0.927397923948687
0.230718971437244	0.38148483534997
0.586002381341093	1.63723713617346
-0.287154881452523	0.800161506366616
-0.0472782617659732	0.0910532235271197
0.223524030657383	0.620774622647598
-0.00374258513895981	0.00531903086799468
-0.0470240585094754	0.100172191624777
0.0723206380896273	0.142946527452138
0.0729548192604317	0.100426457266159
0.227759869691196	0.370322237419531
-0.00601029165635016	0.00995673211864357
0.0420052223111411	0.0550765733983874
0.0980434398439024	0.300270748276614
0.199820857271501	0.784072727233961
0.104930725411364	0.366124028393607
0.0442483266806366	0.132862581337132
-0.0410766647448161	0.117501794168446
0.0411814171437935	0.116157473828695
-0.0293860797775988	0.0764630509809076
-0.019128378116174	0.0496494821437145
0.00341164211692167	0.00900626310965131
-0.00444161723961721	0.010439008958126
-0.00777813621769483	0.0186562956369823
0.0193436226439797	0.0423539864804381
-0.213380668264432	0.695476902808056
-0.206318141532295	0.782924404213517
0.176374753366116	0.592372913594401
0.0893472969777098	0.178268690023221
-0.133428183757829	0.251238172777444
0.249322118924362	0.602032497322711
0.0187974926150415	0.0323300454637237
0.112466270411492	0.237357407812643
0.0213637949955631	0.0377904911246213
-0.0216574246603616	0.0434723999449284
-0.333393150599982	1.08424356030642
-0.091200708861514	0.218064008113251
0.0733850206147711	0.162929769437329
-0.0193481335329452	0.045233642415588
0.0305689581818965	0.0691157239249713
-0.273313075705267	0.850976874758158
-0.350268783380663	0.994493714678793
0.144821032057635	0.348308003627555
0.20407465742589	0.6758209134941
0.0196645327491347	0.0457109398324129
-0.0172169647164458	0.0387864110221655
-0.310804610962935	1.30050976436374
0.145699807306203	0.352879011328191
0.430783145152149	1.79620978498108
0.0696159655459192	0.166450502634744
0.0645205228288133	0.161357505488322
-0.0169085954227327	0.0415900641734951
-0.00618128148866735	0.0142101258373519
0.22249063729752	0.643697316999359
0.0684468336118891	0.148365193040467
0.0604246196003283	0.111399175808871
-0.431774063845501	1.49443309875982
0.0670419878033178	0.153062820524025
0.128972558944858	0.333281203503771
0.380851523448448	1.133216895728
-0.372886320924893	0.958888228215381
0.108163273223899	0.211919270616689
-0.0284612816879916	0.0395775733036243
-0.131418373008609	0.298881264063239
0.0527523940002682	0.102008552607315
-0.0371915870973229	0.0642400653305525
0.169594943254826	0.332121206007558
0.304798318092	0.747155896498371
0.0609977613572742	0.118298219072566
-0.344234315903061	1.036971537201
0.0858378068534324	0.169205867142788
-0.0344934637080531	0.0547725280310623
0.194339569466693	0.469735134787901
0.297616353922333	0.755711741033841
-0.085502231508864	0.127862764377763
0.600189557691857	1.7551703977565
0.0380783650067101	0.0514250646529067
0.126775598002212	0.40408216659384
0.111516954448653	0.384034773428977
0.0795557989420707	0.257728983810183
0.0645988223954493	0.207937488201958
0.137963846016122	0.525777313885003
0.124021493384642	0.459343446758613
0.114111307076366	0.416286199285652
0.0891444280531837	0.3179530373896
0.0281478888028183	0.0765147878607443
-0.0630086105788855	0.190365503587685
0.081775140298807	0.265309852979116
-0.0142102550515496	0.0371675079733601
-0.252679844807785	1.17209080046618
-0.126827490305398	0.424662159580889
0.041567075363936	0.114003335687853
0.0254461972434013	0.0682852868670687
-0.0306367671701216	0.0823433849150622
0.183653083565365	0.710849416607146
-0.0993908161951954	0.292366705798519
0.0172274162848205	0.0432292004814085
0.183417142777994	0.670327889510907
0.304214946060489	1.08488628518774
0.307950828168823	0.870126376547402
0.166632746500044	0.23026507973057
0.0963065487633736	0.156717213318079
0.0369293342604016	0.0554094122433773
0.0920014473960687	0.121301783311767
-0.00867266759325915	0.0138745799542695
0.151314534889834	0.315647471066109
0.0681107943096758	0.125459166262235
-0.145859945669803	0.303268022823225
0.127747369603471	0.302278826945124
-0.347413098834699	1.27440643999031
0.082176408632226	0.187435255332592
-0.198798225307953	0.566349063082513
0.0743110529018748	0.174487363063575
0.0165471168490513	0.0371171664075117
0.23514644597309	0.774667153003755
0.16907385443031	0.536785034300466
0.361856218635097	1.59308946799243
-0.00889846564991268	0.0187392761289702
-0.0638645541838052	0.146273652135987
0.0998953719957234	0.201378766223523
-0.0153858595941366	0.0241249736703008
-0.169280412068416	0.329696347727526
0.017311148495638	0.0324305364499534
-0.0452699004639829	0.112565682858654
0.16973624711813	0.531845208731059
-0.0125068231493601	0.0271036013914382
0.103304636229197	0.278349205836321
0.19973619958192	0.644234808988044
0.088549677117501	0.232685247457108
0.091506673767392	0.198001214716787
0.0533743053949918	0.0960206500624752
-0.193047098815923	0.387375962063453
0.0179775340029108	0.0269035298470389
0.339901080963986	0.842761534193296
0.0578842582145223	0.0894458740681787
0.00715288209066591	0.011618913271404
-0.0881514623107068	0.205954003054804
-0.00393998989626539	0.00688320316204334
0.266981792042907	0.782709679447853
0.30952760276487	0.78318574361486
0.184716292837461	0.345704706696425
0.0551264460165454	0.0899417462635216
0.220328919563747	0.455631975317324
0.102421349622759	0.154803835175455
0.503878685449423	1.38342957232498
0.087810733426898	0.288024482064937
0.171023900799295	0.677494880840619
0.295419430927429	1.4133735363377
0.285728439452134	1.3096721976167
-0.115090019620753	0.38584678733752
0.18323139624675	0.709399763558024
-0.0326064599454967	0.0890027022322241
0.0119733912934406	0.0330607401351452
0.0110869635825644	0.0294713396643264
0.00477017951278333	0.0117800607194495
0.159456540289412	0.613562049592067
-0.221896451813547	0.878956358520865
-0.162448843294962	0.541892550147783
-0.0456286992612753	0.12497858459624
0.0672890634722406	0.177292485218614
-0.208664634382317	0.805448408241487
-0.0122713141709217	0.029154897576526
0.139990361442949	0.406453560004041
0.216597789351359	0.800573909931535
0.0963036908780883	0.266677145566233
0.27838047937496	1.22069465365413
-0.188943529169002	0.551807467802288
-0.050660823623838	0.106640466980919
0.256965599169891	0.554689634620367
0.0381684877247362	0.0607274562533149
0.14796387742253	0.264698879039293
-0.214559570814959	0.477802392707206
0.0545681250657636	0.0889559779867996
-0.206851059853016	0.467145664502266
-0.112816240987103	0.2389884193526
0.017311148495638	0.0324305364499534
-0.301924376020688	0.832484006929561
-0.228662722065406	0.599282745350064
0.187612061540571	0.473444863736074
0.120238584410813	0.301136286649798
0.169120020985048	0.514722774012271
0.00170420046310217	0.00348850866155936
-0.143733661143857	0.407323124123209
-0.161295490108922	0.464570309539913
-0.0220098977357434	0.0454467328293593
0.0378422737865019	0.0851680780896422
0.208915789893931	0.713844755075889
0.285359588471393	1.01858691453477
-0.249333647358961	0.763951312168463
-0.0998024426996696	0.222277836311804
-0.525395861016873	1.69975882660838
0.213698644195799	0.534650832484362
0.222437156042437	0.700154655058294
0.161892578592657	0.404821105750837
0.0234669571274987	0.0464957382445894
0.264063299495986	0.845520405089887
0.186588292470907	0.565568241634972
0.112208546343094	0.250004231669018
-0.269870586427057	0.691791598163298
0.293646237474651	0.641209547440631
0.0363943589522196	0.0620314775402695
0.309838541234725	0.896973943353362
0.00814305024319438	0.012729475229333
0.294259265369312	0.829452160547842
0.20122404821013	0.348548077378286
0.178441931647189	0.734462411325872
-0.0308811307670524	0.0833010229451963
0.13272821047915	0.492763838294196
0.142139871875766	0.508671560758682
0.0261114164853708	0.0719947197710922
0.168583238935161	0.631009161610983
0.0575290328410043	0.173726745809957
-0.000344289571215652	0.000904492833807486
0.114356053736247	0.407476866895052
0.235119717877206	1.11286287305678
-0.0389535285934285	0.108270978190773
0.0715097362175655	0.211640644093361
0.126680111144896	0.425499393379449
0.00659151157431408	0.0171571032441321
0.134596388347866	0.448942153597716
-0.158088681766332	0.590599132579834
-0.195910641284955	0.734552751598753
-0.166777906788408	0.575610523233202
0.0258471668424196	0.0615897439742309
0.0577290207394839	0.148407634217963
-0.0490497709984462	0.129206752540966
0.0186164049495051	0.0406967947365389
0.21155652453447	0.6120593426186
0.00465518048768388	0.00672984781013774
0.0219569185821299	0.0350820357875719
0.0343084740129378	0.055492570070467
-0.306376841708673	0.704608008855673
-0.200792739191839	0.436635632787562
0.177499609471412	0.378128270140935
0.156104877836309	0.35909468061225
-0.214920949222506	0.553338285871923
0.0175388859383314	0.0318625325161029
-0.100361721251451	0.217096935959691
0.333975277216081	1.08908539759357
0.029371242511558	0.0613829779314838
-0.157502057355294	0.440437417103943
-0.0418761105649158	0.0936440997340923
0.146728248444084	0.411197513466422
0.0720918138370689	0.188367208075059
-0.161620692371067	0.437508619551553
0.0608604758215452	0.143550005467339
-0.0152379461200692	0.0340010535102076
-0.0858287542931431	0.223177730326715
-0.000300090352692975	0.000574617880964396
0.11363872517544	0.268375088311047
-0.167140955429347	0.364151496320639
0.0102210120356946	0.0177247557403366
-0.256608405243942	0.830871578450246
0.129862480278582	0.368323011544451
0.168817044605788	0.547575224715021
0.153358112786481	0.41983399803824
0.157417424422316	0.43844886886984
0.00978136562833741	0.017612325140259
0.0849975318974225	0.152914361041685
0.217587961286883	0.440322064995633
0.620860770886291	2.70002616163321
0.0671601981200533	0.217711046765361
-0.207472193602586	0.951230838223508
-0.059195726866918	0.188567754495868
0.215910367091365	0.930395104780449
0.0355901902401143	0.0995113516549614
0.0908968492062025	0.304121270487043
-0.226650103256548	1.05288955429569
0.102168261016683	0.363814586046857
0.159901208019329	0.633856284286714
0.162769421244362	0.633828802592736
-0.196773931638118	0.835712054768479
0.0174097211044659	0.0455392420276401
-0.0356653169234677	0.101607293746305
0.0316026468454935	0.0919199352524043
0.0474316243082538	0.134757986653168
0.069895931567377	0.214720308676842
-0.0181770099911698	0.0450230564257659
-0.0328375577746533	0.0856683014691376
-0.0749304327698292	0.198720294158741
0.237319316453607	0.927678310252278
-0.0416025308285505	0.11298891868493
0.149458671029741	0.465487969430427
-0.120257192921277	0.318359930565658
-0.375213113577497	0.932317825377784
-0.419218438813311	1.05158799084398
0.0195523610916602	0.0309136769126329
0.164610697761578	0.331319657979678
0.29223141300672	0.637101436917857
-0.239929991215588	0.480389065338962
0.187675127660189	0.532488362711714
0.244246537042713	0.729357613628338
-0.229736622918564	0.569523380320961
0.0300958993297413	0.0612483375229266
-0.302015388176454	0.953463522177169
-0.0111108949411168	0.0226536571194826
0.206298901496967	0.666089394493421
-0.00912961151795548	0.0185301708411774
-0.103372082037538	0.267191983113505
-0.0858090669908653	0.232074543356746
-0.000893644045261475	0.00177942478188049
0.00509668249637309	0.0106077558455625
0.1579782478577	0.512371844931078
0.0984046412626223	0.263763320790353
0.0000695448310922805	0.000145443327190499
-0.0324210862951023	0.0683503095815209
0.248055097837387	0.593164190744904
0.012783259832171	0.0220199104636285
0.171421824795572	0.509145067910571
0.162376800750446	0.537553159813689
0.029818653044699	0.0738361816072835
0.256518079900973	0.974193956003595
0.159965464275816	0.494128932369055
0.127989136089657	0.354925955648046
0.00148330740001971	0.00303573195209012
0.0176382826072106	0.0374043693196276
0.247067295315647	0.789692001712484
0.113856554473711	0.302017428359634
-0.060697961570024	0.156505241129309
-0.160836298557287	0.434715904035849
0.346487679969743	0.952730545476272
0.0360285032173861	0.0613658569469484
0.380005289049834	1.04721117093009
-0.109736113050753	0.208374644576548
0.0687920449426081	0.124235382404571
0.24950311006717	0.607285309672925
-0.189241759505016	0.519317446355297
0.0548055635562896	0.114697440246994
0.0169459558183516	0.0312415251521021
0.063634601729639	0.143633160476516
0.116288242179418	0.27743292745564
0.159785208392414	0.464815434100846
0.00874048275466394	0.0179661817101748
-0.205497628950786	0.643439105141754
-0.0870339031324253	0.223833363973608
0.125615467622779	0.374895338161237
0.21656969465041	0.686173222979901
-0.0319839495825553	0.0725250290816958
0.198976700443074	0.769203711594709
-0.479625557411942	2.32217113854516
0.0221386343007441	0.047602158766479
-0.135154743742994	0.367736047580251
-0.0882424267585825	0.188499331648676
0.15234482079632	0.379383712704026
0.20401568556796	0.65578744998107
0.0336844221750451	0.084907524131194
0.0207153927177292	0.0344143499729701
-0.0512578493959317	0.108039808785707
0.0865216789667288	0.224554608804661
0.101671176883433	0.255102987473961
0.120788251253463	0.307727674110014
0.078583466904538	0.185058632973147
0.177951977551971	0.480787920047259
0.118019682426692	0.390118136955058
-0.174857649070126	0.559555542600905
-0.215612727787694	0.547306786891444
0.341971259583631	1.04435516554175
0.115668922443006	0.238991266396072
0.0805309492516292	0.167207768177077
-0.325477608583526	1.00187059378354
-0.265763161818682	0.732190808737634
0.020762640589463	0.0414958802045596
-0.0905116207750737	0.235973023446489
-0.187319743161154	0.548202585871049
0.241311299111639	0.819646369997348
0.0513633190548887	0.123434924702192
-0.160530846181195	0.487390632200755
0.10732692038022	0.297830794319562
0.156744101201769	0.560916033288882
-0.0699478729441452	0.168852180515383
0.459273958110715	1.80733947005005
0.199200417588503	0.553196529321355
-0.0409679861341442	0.102490705209075
-0.107022830845721	0.333247695113307
0.345454474676658	1.66638302162419
-0.16586589723574	0.504525004367461
0.294097610510219	1.05134386302421
0.00374885599338087	0.00704452356982314
0.0464482987069024	0.118807549886065
0.137056392995614	0.447792725327772
-0.0225682120064711	0.0579250846202251
0.149150427285729	0.317225814440805
0.137362474863755	0.367678740009669
0.0379112291064782	0.0956716346424924
-0.177397754718191	0.53866127743518
0.147793007772567	0.402890500785957
-0.0067785564077725	0.0139121030300823
0.211439372142641	0.605115302337166
0.00955617492645692	0.0220535211470435
-0.00788467057205151	0.0160186734497038
0.022326864078017	0.0338909675054451
0.034749206855031	0.0532984795539155
0.0536219770837268	0.0816431821842768
0.0406593171447256	0.0702426686998873
0.117291847328782	0.205351424337328
0.295931663103024	0.660889783306437
0.0176121492094124	0.034170016736377
0.109234898337246	0.285727592017316
0.293549573533227	1.042716738138
-0.0486172843785461	0.124992537824464
-0.0316658316001042	0.0726186706545711
0.263750403543456	1.06486671892035
-0.155660882428615	0.504347917422301
0.417209975849291	2.18956110593612
-0.0826850252482274	0.228013677274805
0.117541135884894	0.267264552677733
0.0414008598803644	0.0753401951281629
0.0787353003509684	0.151370564703317
0.133378616227946	0.366869800860527
-0.0277152957459256	0.0712669588389089
0.0689541764113249	0.190574810339172
0.00805619916933136	0.0203340705589339
0.146871610405032	0.464217199733366
-0.146122312994989	0.423060377916145
0.230318763374739	0.568489163771492
0.155507598065802	0.425253220723233
0.0592675005337292	0.14771961436787
-0.0419873617469279	0.101126187214398
0.0817263690669683	0.198258663497659
0.170385960474648	0.519667221486865
-0.0152038067205773	0.0359706892540509
-0.0344322010111822	0.0736197627184244
-0.00426970767969166	0.0055428344130105
-0.358554261828994	0.902464853230095
-0.0158512624563931	0.0243324010468947
0.487866550332251	1.49078504696807
0.462921532699151	2.07308760734124
0.0457868271163529	0.100233502899672
0.0264612023582548	0.0564467821795305
0.0692700890844826	0.144920993421638
0.0584826283846647	0.142098290621885
0.0948796076039777	0.241642929361168
0.175183034408041	0.546832657353973
0.0371904706850293	0.0896669873268989
-0.199914751778868	0.693356269649155
-0.0235290045779087	0.054826946408462
0.0415492172023209	0.0930499943866342
0.0809824008960903	0.165314550793293
0.0717609716093004	0.138244028430132
-0.146796680617298	0.396763031115968
0.0160818771220892	0.0400347401367607
0.252519905681365	1.21052156561192
-0.0258938558331279	0.0694571302935915
0.130805644772087	0.391272955612485
-0.159452060106527	0.534190656325338
-0.0910116066013589	0.166967132770405
0.537643581887329	2.64496946173567
0.018342124799811	0.0446923304448309
0.0800543537015621	0.214254070557152
0.228375879023833	0.806455492880337
0.290686336821212	1.29014645090312
0.158746570418387	0.536011813267926
0.144298433924439	0.398827851634366
0.34615291375079	0.683009403734371
0.115542604448463	0.201758913160011
0.0832122097908	0.124172967021026
-0.0770438212271709	0.135567497717206
0.348418063433819	0.984491576057069
0.190467936198224	0.314394246621403
0.162576186080028	0.463857106189423
0.0297676777895863	0.0650466689330277
-0.219965960093003	0.632570103295317
-0.0675993713100614	0.150889553380318
-0.0247123318989823	0.0495200850882858
-0.11645775109021	0.319467631952569
0.15695672576839	0.451942380195205
0.0651892642343591	0.156465269558097
-0.113361261958994	0.316287218372589
0.173837159479491	0.597117256029886
0.070640395424353	0.186763303369073
0.340497128445358	1.21496693247736
-0.11227675434555	0.232877980676534
-0.0978038648106174	0.198483036842672
0.144469663669445	0.39134277976076
0.236551313421253	1.03994901540498
-0.00910125283768922	0.0223233341526955
0.0352595367077903	0.0985076763544477
-0.117942145891557	0.350861774729922
-0.0401377949778903	0.0951638608914513
-0.00298640929186131	0.00465743880442487
0.040302509809694	0.0804329536779648
0.225227554127341	0.78372204260732
0.240525046047401	0.982329243263209
0.100893588447036	0.367276224192078
0.0143352972814004	0.0396327876147663
-0.0219051206602591	0.0532689068093467
0.420668092842859	2.30075183928767
0.234785381685607	0.8848287324107
0.0131095080589524	0.0298074926569662
0.104335232176877	0.298425076074991
0.0518364713376278	0.135547960507493
-0.170012393354227	0.526917156105909
-0.0471842510785273	0.12208885161039
0.00735491058504193	0.0158051659328249
0.0332082030982957	0.0823501684761033
-0.0378755699789341	0.0996642448102748
0.0352517349779618	0.0703983071477875
0.00419990950563995	0.00634493363234391
0.200764133933814	0.427150014712705
-0.138195405320426	0.410628907332573
-0.0912639648001314	0.260230128200729
0.247382903029041	1.04121748083182
-0.0141732506507114	0.0376626484113189
0.133135449936201	0.462372655586858
0.159201605827237	0.619184251185476
0.157173253859784	0.610120079883645
-0.271368494412348	1.13424671634707
0.0594875691507783	0.183176399592125
0.0444205410920571	0.123881450416174
0.0904791142727171	0.28495327634579
0.21244834093551	0.949036772023799
0.101532487849345	0.200961337679444
-0.533647714169949	2.41572563170419
0.118568443994226	0.358687768137169
0.108297861756549	0.37736023214482
-0.0583721385962316	0.18149103787676
0.0138400928391774	0.0365537860590471
-0.217191066726065	0.925379862111174
0.188662685204198	0.739641955068011
-0.0392566151036728	0.101545809360057
0.390094587184299	1.87135863656507
-0.0201287808773238	0.0534970359629982
0.0509637386704249	0.140583478070368
0.106874046289227	0.317811832359916
-0.00101596358037093	0.00215027722268294
-0.0224071677490086	0.0491865063402094
0.277950994271231	0.885316506222593
-0.223882903258457	0.754769437782479
0.0626784594580306	0.150414694978539
0.280133896002175	0.850883532515137
0.275619045603335	0.659567029459919
0.0293017638090578	0.0500186814190625
-0.0935741792231275	0.251186849914741
0.468457506594538	2.70573532489983
0.00929644547950922	0.0220898206183912
-0.139877859139751	0.522883592924401
-0.143915989783908	0.499712570309062
-0.18764811318532	0.713214313138769
-0.123928470269823	0.424123693319706
0.0743678401779109	0.238967501979237
-0.0585106850625509	0.167784110389658
0.0453913536595235	0.1315467923269
0.153692858106669	0.54175097319626
-0.0347874497962816	0.0867988656686429
-0.461107330833328	1.18982682437455
0.285345881767076	0.807389492319572
-0.0189680494616893	0.0504619110131546
0.0686805353319971	0.230022624582927
0.206547759223394	1.03890690811962
-0.128020066921394	0.507945093310084
-0.113354601561029	0.418134705105994
-0.0134132589966622	0.0350111625272022
0.26050492820045	0.71874349147889
0.325289817974415	0.94576750713294
-0.106668802921992	0.224825523209344
0.156893944999539	0.409680158035939
-0.015047417016346	0.0315205852023785
0.0259619043037368	0.0558023717553936
-0.070117628873079	0.101157349059626
0.231004135569301	0.339082435018616
0.0509844607936335	0.0625492642557886
-0.0622615866140229	0.128796909546106
-0.312298694545298	0.867222059519404
0.275424156920095	0.96876316559652
0.0230314818948932	0.0655849380760637
0.0986205295893824	0.338187562834107
-0.15369840266295	0.61986956452836
0.08411820095794	0.259908060671694
0.309146338668221	0.893966120754326
-0.0294261100239459	0.0649448784661024
-0.448665656801819	1.54519453979571
0.255731000126986	0.780830746598787
0.0428380566185063	0.0982470622355194
0.0254062781447291	0.0355324233930248
0.307691563966796	0.660170684126554
0.168066811231979	0.391062428547198
-0.0032995354612533	0.00779567734407129
-0.0188563209670626	0.0460203808847222
0.00682195357781261	0.0179489012696186
0.0493275873223279	0.153492511608342
0.0715299419428042	0.224779312293376
0.17100744362445	0.655881902592083
0.118823852995132	0.368401296307389
0.178622271337718	0.416499246459906
0.154890579970585	0.378345511166491
-0.195412361063787	0.517765173091282
-0.254262205540366	0.697479358487095
0.26006741564728	0.513875061012388
0.0141825248345125	0.0164771130356077
-0.27982535360974	0.511447932706099
-0.199304360171629	0.42451735685089
0.0903384898424493	0.180550384793151
0.144323809006613	0.469620316699608
0.0460970940962215	0.117813949621294
0.117031220231763	0.374722714593804
0.0290068083816471	0.0658923642833819
0.207721845043244	0.556962728868351
0.170854891842422	0.417627545347849
-0.218180214465561	0.625425473828112
-0.0274611457025527	0.055353032988435
0.218987382077271	0.343020264828154
0.0254244191788941	0.0608864071376694
0.0555905748218382	0.179994647841246
0.0923953673048217	0.304566295529584
0.0301888500068424	0.0836931096622528
0.0629270282755634	0.16173529696824
0.320852898040954	1.36837718051611
0.0876894565781002	0.138452090107531
0.212340571019796	0.353936659014246
-0.209058973032019	0.448105814936329
0.254975731724237	0.683900809181429
-0.289478384193187	0.79559110822622
0.0317100170962344	0.05574280070634
0.475875777949146	0.818207470825448
-0.221794177065066	0.259145082432422
-0.0147403163325618	0.0134680159723634
-0.223415982689872	0.415152825253715
0.322191425069006	0.6303875666123
0.27520687375733	1.01487336324973
0.304451220210172	1.48031377537096
0.264428698048493	0.406202638685214
0.0496445644774422	0.0723932755797863
-0.284925324936813	0.7564990733566
-0.00373979708963051	0.00382994924288948
0.229140877603587	0.689183907076231
0.25437563958856	1.11966041881457
0.104596351966621	0.28374015454457
-0.172741034545169	0.672444801428657
0.387141151814823	2.24027334807647
0.126979644300208	0.417756491643661
0.265683288048575	1.01900948980106
-0.0280731000606487	0.0390173107981922
0.147164339972218	0.312108518683873
0.233645830609865	0.553178318927549
-0.133701789858741	0.23094324398314
-0.433451375323232	0.715151022214118
0.19383381196371	0.21288881737037
0.232903929693391	0.304494485947903
0.0244768888926781	0.0279826069300099
0.159114991296648	0.231518241114051
0.174685289516617	0.290395802320518
0.090103028726168	0.131173380769384
-0.0423844853093743	0.0609444985635893
0.284092123198952	0.662486124976755
0.293868304063705	0.354740803121962
0.194850469466117	0.246748065127861
0.162464265356752	0.382414932667733
0.212740139271495	0.929328681666498
0.117109535409488	0.434158845045658
0.0518267379863398	0.101776901770077
-0.107664971142184	0.214992234142716
-0.0558545596491963	0.108239062017103
-0.172136645473152	0.36271963371376
0.520461270589252	1.31651577718478
0.481014978738176	0.783414268173838
0.599355739292086	1.11330406955298
0.330952525687632	0.902007405555205
0.117914724735643	0.206615924560195
0.333034642823068	0.895482995792881
-0.0956934859023645	0.15515826074245
0.172954748340463	0.360617566253623
0.252636577798717	0.70834057798659
0.269228785698108	0.355605263955238
0.259511167875937	0.919669544496395
0.0585598833043435	0.16752598971721
0.158635255192614	0.476560298932308
0.207705456614072	0.857464627909832
0.157197063880331	0.4107296912086
0.229619812514115	0.60687973905043
0.10995940439237	0.231046675720628
0.0333463251566582	0.0629658450366014
0.0781071411740598	0.172306402535806
0.0583268549476132	0.119677513370889
-0.394007690743073	1.21069862601436
-0.322462618792803	0.656014304028885
0.246732856875189	0.344043510998228
0.0572223969692597	0.0562944289605388
0.244975378808737	0.578962484324192
0.366780102548608	1.09236391538676
-0.319497493487612	0.694868139176512
0.0735441320570802	0.131023106202646
0.533866870970956	0.861484704861246
0.0536225299266034	0.0632033648995444
0.163999490927846	0.329752410496806
0.157627905225686	0.439145549440594
-0.0783832230673189	0.208105103049059
0.0440293915168442	0.112384966313076
0.0347075686356752	0.0752929871505321
0.288271588518763	1.26439308045222
0.113639474230051	0.227642260941849
-0.225336422273319	0.641243214016171
0.155826466022734	0.344172974516624
-0.0294550537035478	0.0370813966637266
0.144437147992278	0.198293782872284
0.239643700688853	0.320805687956867
0.162468382362917	0.293160775981405
0.114973508885929	0.191663459893418
0.0477174878090435	0.0739496052876949
-0.274190579803038	0.600141590405564
0.110040977625654	0.20362173694137
0.0656233017440784	0.120389796741033
0.630960114440985	1.07404449992983
0.216874046475439	0.299635163788163
0.139036919743121	0.109124600479257
0.495901624886411	0.731028950403008
0.304757584987415	0.396751593346569
-0.0847595908193159	0.156025938611245
0.184519634483557	0.517871924797661
0.0519561728654769	0.132745385689364
-0.0885205038418531	0.237952026025712
-0.118886320049015	0.288742776735728
0.133707195880972	0.421444606182286
0.0501646686623737	0.0915292872175105
0.00899743230700685	0.0143749610977538
0.133083147229412	0.268451918172842
-0.00685504325729336	0.0119886268537655
-0.229001014554551	0.604170649961863
0.0938673984934943	0.219841761077984
-0.344647241323373	1.1528746010949
-0.195279646543903	0.360345346907101
-0.0504081499780401	0.0612112604558989
0.561970776971507	1.70670524397289
0.0997224456068479	0.207417581375041
0.211845951824321	0.553852051581171
0.0990523248043503	0.22076981247272
0.107054559933514	0.222484078608566
-0.323862659048292	0.872996439310722
-0.0326678247818176	0.0613283898217515
-0.234487270009425	0.413917825971174
0.0280872758441545	0.0409085543015322
0.0218548790708036	0.025956399129827
0.0859227299524245	0.123041529098547
0.373033145953751	0.80431226157741
-0.347761188109953	0.710670004855083
-0.150327242908091	0.33541251632318
0.212426247047123	0.612335155933382
-0.016513240593433	0.0342661392031697
0.184028835165614	0.496152269735081
0.0553041289301912	0.0930327591719552
0.101976072045126	0.219422320799732
0.147758894043416	0.416774506362444
0.315061505502414	1.26899863184386
0.233227355683281	0.718133489396103
-0.170717505311323	0.49386141052765
-0.173408943834953	0.507610197195579
-0.0102086745000187	0.0223955937027905
0.126867313537542	0.372011591096614
0.178216055965145	0.588050365495527
-0.204564166898387	0.769949273012951
-0.0330872216492674	0.0875043811235498
0.0908724591466693	0.202729843910461
0.0361595470282944	0.0616073371521368
0.152446363887379	0.330439506344726
-0.0301038085544442	0.0759803674065124
0.337187710892745	1.87053185600412
0.0251699997725436	0.0642903015622321
-0.11489159531363	0.337777492484021
0.213433335732265	0.828150266792851
0.111916464895576	0.229818514379079
0.10995940439237	0.231046675720628
0.188808288926551	0.483116697462065
0.168542118789213	0.550763643479723
-0.088303293363788	0.292200848758822
0.0845250088271095	0.26998406064109
0.0716690789804197	0.187739009683122
0.472109876166397	2.15935672832081
0.0787468361878349	0.139273108474423
0.132836124616026	0.40718413800057
-0.118850768613374	0.326358867718242
-0.161369107962488	0.423862161829454
0.359592747911917	1.56176851478818
-0.108325270096825	0.300164033114816
-0.0411363692192349	0.0860213523978447
-0.0612940804532584	0.134192499950193
-0.0210016339873664	0.0419298653120483
0.0182875963257779	0.0453078546926471
0.174527551678019	0.61182710923028
-0.119676968325401	0.387292250842431
0.173005675148478	0.615328628661422
0.102982188560362	0.305832098397417
-0.0225691398431488	0.0612645919381704
-0.00717940602406558	0.0178815888715582
0.126069768826364	0.460019155391445
0.0396968322026354	0.107193505025802
0.183509613849232	0.597593504464808
0.0180173947096144	0.0275911909425526
0.141307983697887	0.495369255463621
0.0908828849061617	0.280948142792554
0.0224810058264015	0.0463446889769478
-0.0182222406646909	0.0310992892828337
-0.00525753643105803	0.00856570908692162
0.192377096348931	0.498029662224026
0.210249004411808	0.494104060923319
0.0404808118576068	0.0779073488020801
0.154162513406287	0.337388003818386
0.152819116033717	0.494747231365847
-0.0525465490632509	0.135990199318401
0.185965043659303	0.579841756237847
-0.000376811474862626	0.000777279004761412
-0.23742997437571	0.90238353827227
-0.0523154978003578	0.134918748004599
-0.116754608228792	0.300370177947411
0.0767063772505823	0.188503144493906
-0.172615911013594	0.568536328246349
0.0079455713652447	0.0189746751872936
0.0639522608322786	0.159115064781977
0.259166576737818	1.07261568242225
0.215595952599256	0.865555259588413
0.0362023377462486	0.0988358871157565
0.0623899842669837	0.137156312558463
0.210527334205833	0.961953402311811
-0.0283164759152399	0.0752856076851601
0.219325757681582	0.990318929491196
-0.087969577947243	0.28410042293723
-0.0825630401729717	0.217818648950202
0.0619303935199903	0.106050764700079
-0.0153973672975634	0.03239009275795
0.214990201633154	0.873497896236562
0.0177033827839552	0.0424483683607028
0.0107194233082697	0.0255614124406241
0.0693538902621768	0.19186092320642
-0.00984433097262991	0.0251521669343966
0.0537614347057412	0.134950632202833
0.0648988367227613	0.11571154746555
0.0568988654814066	0.113959693957425
0.186629339713463	0.452346410978371
-0.170099705968832	0.431729042351388
-0.00127225874598633	0.00239832702355755
0.00486355544389938	0.00889954415200736
-0.237797127932085	0.921773102165396
-0.0729811321860958	0.194916614592894
-0.0987590327308241	0.268608785656775
0.106992140332321	0.304089226471128
0.361583046612316	1.58317142389954
-0.134252162585149	0.406406320724842
0.428425403277905	1.95343723079803
-0.194495485442657	0.636678284644257
0.0160237839224688	0.0371885861943647
0.0943945778592708	0.261537643464292
-0.197114793778691	0.592593157885737
-0.131539464160718	0.388649003737373
0.022524737390256	0.0536147317514452
0.241616081750696	0.970080353136361
0.16996384585429	0.603308362511055
-0.0761002349096271	0.205645975776991
0.223215991947242	0.714189475256408
0.132664842663933	0.455326730902973
0.0697155476009778	0.203292134174944
-0.281900480626504	1.32875198159884
-0.0116862897224681	0.0277239746964872
-0.281856561425228	1.15705017182655
-0.0198035780595	0.0317654180924794
0.263386626714245	0.798112249189384
-0.00337920393022882	0.00682416100332714
-0.0235675143046215	0.0493038382317486
0.11653482500777	0.338990302615529
0.0516895028028477	0.117602214388958
0.103066448478137	0.210146979463237
0.212038837295512	0.908595615288342
0.0426255644790094	0.114893975969031
0.129339052344054	0.417230220629433
0.119948570476541	0.408684596164825
0.139703611616384	0.369654244349645
-0.280591680826483	0.878427063233039
0.328496198853556	1.15413113679064
-0.0879746834008451	0.225832202735067
-0.0596324118954182	0.139673488374491
-0.210118258123247	0.65272401935888
0.00377593042061525	0.00853832677745161
0.0679201695372808	0.191902781447175
0.0319863246004589	0.0856139250386651
-0.163576171184358	0.324598288750296
0.286952655395644	0.602730489667961
0.0112979614625568	0.0169987606867125
-0.173345365479346	0.524650907294187
-0.24454879142779	0.803627214271349
-0.3179800912276	1.172083527439
0.0997474968800025	0.356927077157938
0.147500769345731	0.3583792097657
0.0416536819822954	0.0968426790061989
-0.180871315927905	0.449904525617264
-0.28896494819867	1.04999455237621
0.0030307438403232	0.00714863868988325
-0.0976381475306091	0.173966673588941
-0.0514114995219492	0.0993014893809358
0.171601035935878	0.451085498158402
0.278275267873169	0.541519134774698
0.0876054914370029	0.132827797631559
0.335172322158614	0.564646949879515
0.0217292737774106	0.0258013541257353
0.0195719358600789	0.0268966760979566
0.0619557318111851	0.131346973347637
0.10092594750975	0.339109885891969
0.181430747265002	0.710482143321922
0.189918072460655	0.721170414137608
0.0304902256579427	0.0818548056290915
0.163524211695739	0.60066686717687
0.0320114324114313	0.0862711103238879
0.0137660642762216	0.0358653503391769
-0.150333596788702	0.448227011798338
0.0974100075035891	0.262574578688748
0.124059366314519	0.351085267339191
-0.332412070567484	1.5057735259815
-0.139756745094172	0.394532804527674
0.117219679886214	0.321567325484621
-0.00674450306866423	0.0162630599923419
0.1928883232112	0.727199880039071
0.211520121388601	0.834482547785242
-0.0540761951793698	0.108075912854423
-0.0640910793895955	0.103062854035165
0.13456005743904	0.272118275126871
0.167754742759445	0.516928207337236
-0.252168318592862	0.787453413952732
0.0196499533148175	0.0420219935958191
0.0825052247267	0.270281944596943
0.411205658999826	1.71771119278938
-0.0383141202880041	0.0799881721499795
0.0319831066678763	0.0705061124550835
0.0169658018669704	0.0408450641898317
0.178392959706856	0.362561435284974
-0.342928237447206	1.00203405262868
-0.668452382451751	3.52808809256662
-0.211719751320663	0.410533714379945
0.106187797134441	0.163009507440326
0.0611125881911079	0.0849285997031732
0.0749923033447464	0.108412238678557
0.214119619866117	0.909654889582134
0.156557283315097	0.605533387459168
0.147020645013239	0.408404920128422
-0.0863058215962499	0.216549651139211
-0.177260467160034	0.487058707535782
-0.26652206757492	0.938376656634413
0.0135939589967571	0.028811864546217
0.0852984206599284	0.201591636202149
0.0352372322448461	0.0899968808123125
0.141833962000107	0.470802653251943
0.125300289011735	0.376989540289584
-0.206081962041254	0.48149667506193
-0.377673116537544	0.905153602324137
-0.36396109152338	0.934389438680678
-0.277991891193179	0.975547891731408
0.185559545690633	0.573068713000665
0.231340385299565	0.738059099298317
0.0183714759403363	0.0390260039179295
0.00388070263744714	0.00796283747554366
0.0717378265938709	0.200151806305064
0.29953029905812	0.79344728015582
0.368006322688778	1.14911469782919
-0.272530592182524	0.940561950013403
-0.0612082850576184	0.100471893261176
0.436301400536965	1.17804955365528
-0.384387521264714	0.866203998176862
-0.21651838196208	0.350217720159557
0.0523315697364542	0.0735436713572421
0.397762684964638	1.50187970407928
0.0519444813134641	0.141668540939727
0.12624858130363	0.381986978039358
0.0643603228812066	0.165966499000219
0.150410431683865	0.499374314150257
0.00596724730221791	0.0132543196202094
-0.0929422570664211	0.245900281893708
-0.0333223785515153	0.074856505253258
0.0383407635550404	0.094991488271557
-0.150597138319852	0.424029963942845
-0.141172033012087	0.408169254555294
-0.124349813273996	0.362593623014531
0.0870248333833182	0.25129376928846
0.0920670065915305	0.259389962319582
0.0121152876817485	0.022021964572879
0.377961925741839	0.937047340108345
-0.0828403871358148	0.157695922415687
-0.282134294826062	0.939024998111477
0.0692276201968192	0.180467488848521
0.136140504205618	0.416623377692501
0.3379026478628	1.59939482136898
0.434545420771632	1.20633105885572
0.0928245655783285	0.211417246708074
-0.164382481657709	0.503643301109075
0.147224846946731	0.300926290588271
-0.0536735797470932	0.0984844355321056
0.152768184281113	0.319415012808375
-0.328359117581904	0.845664219663723
0.127011586713713	0.257759995302038
0.412215288144992	1.28822135195924
-0.0234251206218111	0.0507244289778846
0.277553556095409	1.24221315095329
0.396661082201271	1.86232924494744
0.0240929893660566	0.0537269827357873
0.248784645108628	0.894247348401155
-0.0256087431212966	0.0536081496743442
-0.00189888807794001	0.00424914860188866
0.166103098747322	0.560227605927029
0.00756534176155396	0.0171502817138064
-0.0589552267233122	0.150203011312539
0.200842619726338	0.671107552435271
-0.0165070009897112	0.0411957069081108
-0.0359929222706447	0.0909439242495874
0.300149369510188	0.955760532826003
0.0323377572971007	0.0532636789384942
0.0481341888138831	0.0830253638080671
0.0868639206083361	0.233211525776716
0.145393434767501	0.351943128471814
0.0166127143951562	0.0372785812576385
0.0457289585272216	0.0822999576440722
0.34652734361707	0.929826992394076
-0.0359334420274141	0.056808586669207
0.213965908649864	0.458832768899421
0.147525247756682	0.324218878196583
0.155911858470848	0.454999060693864
0.0418036668058149	0.107143153043516
-0.0172846674053128	0.0369612255643252
0.441100288442082	1.86016072863578
0.101994983643952	0.258350861795293
0.374149009046315	1.92235586438581
0.176283179006922	0.658193568745799
0.0149133256385599	0.032086426640957
0.0437089190249798	0.0987366844114593
-0.0231566716254001	0.0531684991706655
-0.0285992905903947	0.0721027424552288
0.00978168780052361	0.0219193370158871
0.0174854955509347	0.0445499456072714
-0.372072162085077	2.01682871391671
-0.0378995624201258	0.104564704751917
0.0876393840522282	0.191513184015515
-0.0878533159869156	0.158907130053527
0.117726927163282	0.261561276440132
0.138649735994095	0.410439192030619
0.0628894294017118	0.104569750002523
0.183889714907128	0.343806759540002
0.278787573121401	0.555095629216091
0.217773161689399	0.448598460264305
-0.0259258592489407	0.061049811405042
0.101845812570574	0.246903423424473
0.144479069077023	0.407319589678952
0.0203884483282584	0.0482732059851751
-0.0675428649207608	0.144479845458426
-0.00671689431801804	0.0136089684546055
0.0462928520305637	0.119519825182145
0.24744875015953	0.955843009204404
0.100080974129286	0.294286472838726
0.0405574209248476	0.106722982821554
0.243525586199176	1.00034919538493
0.0529465039451717	0.140584221201384
0.0427651835695266	0.115924839703942
0.142516698281954	0.515849002733032
0.456971934725947	2.64932148623613
0.285382280051296	0.996996588109711
0.158849153261632	0.521822675260799
0.24184348769774	0.723370785895253
0.102583080736516	0.215533468547383
0.54558618102337	1.58396183330561
0.0853686522854661	0.139415001951332
0.145095647847636	0.270528379855418
0.0264639985005773	0.0527410715960421
-0.0912350781043666	0.22944273654115
0.161073193187505	0.456098147908212
0.121851398568621	0.325059411840086
0.305204470593655	1.11427911574589
0.15006119007452	0.591230134567264
0.226303521898889	1.01792499765334
0.274976881944518	1.37041721141528
0.137815584114318	0.520810415969115
0.0797300171906501	0.146299192351659
0.514166317191981	0.693396311138256
-0.0470362722393237	0.0527439827952591
0.575445888397974	0.971729812114254
0.127588317630712	0.286269377021358
-0.0377180105986191	0.0625620268898931
0.146839114570978	0.299951945004492
0.127656823781637	0.295106134013895
0.123621039383483	0.247875229463169
0.132143270085702	0.293109997612763
0.0893393897885283	0.177096055716013
0.2101446436082	0.992115319061194
0.29716765202257	0.567785160553426
0.0429791745323703	0.0633236295056185
0.487046299620285	0.764011503138945
-0.200047438134218	0.265055487422468
0.0255621533265633	0.0292584333294066
0.14862753282111	0.207903482163595
0.328758943685116	0.86493270803968
0.175808575407257	0.438501634240344
-0.135670736692539	0.281143206209588
-0.107293468944957	0.218780156549194
0.0080699642784952	0.0137072448979239
-0.138742123952945	0.298170721081804
0.338237862994196	0.990798588531006
-0.249558398885171	0.612563874076149
0.0781937669417878	0.161660559107847
0.193895023635878	0.567681388416961
0.12819982125386	0.368969299588697
0.0958746572450762	0.173915356262885
0.0916501048551452	0.146849053486444
0.426007805469074	0.899437963252591
-0.403393655364444	0.767896869598664
0.042566031832639	0.0649058126849305
0.470341924879767	0.538664592570128
0.978874667544931	1.9403146578978
0.119930757050375	0.129568585674973
0.499814368153295	0.96923358000649
0.12090278703296	0.265064510727328
0.146341089241687	0.331895488776967
-0.114124406357039	0.225463684173357
-0.0622615866140229	0.128796909546106
-0.289486618337406	0.865449884537147
-0.265749518490785	0.81562326915377
-0.0313671827214638	0.0577574297678428
0.175265093038058	0.450186687194236
0.241814766379945	1.07359045090447
0.199981459596075	0.694051752896038
0.313897994535195	1.26808985170107
0.0342409079401985	0.0929585024347441
0.179188986847856	0.591462989249068
-0.312057175242068	0.850341233941888
-0.0707708149768062	0.114126068532676
-0.0992142401667015	0.161694252702502
0.205124184629128	0.330629989820214
0.000349804124878004	0.000510157197753122
0.0365785580569119	0.0367341108783526
0.307558855814269	0.957703462061362
-0.0668525931182103	0.084380973170455
0.101097255404588	0.256609758683525
0.119843774921655	0.30328336685205
0.244112984617684	0.807017677392496
-0.0602106866672867	0.145812867572892
-0.0893382017773587	0.20916686217857
0.0477021196252125	0.11143215137761
0.145449949255245	0.507133450619113
0.0909850928910184	0.27095075461669
0.081372958164234	0.230541056079129
0.0272822194962727	0.0681527068853144
0.247545969891444	1.0523020475546
0.00818899627837791	0.0205007963189558
0.201951234082034	0.756379886575626
-0.350516857396185	1.29224460476708
0.0317796787370169	0.0614838414440081
0.0918723501400178	0.169466293792416
0.103540835827677	0.294577426998541
0.186278509376881	0.529783246043477
0.113565228687258	0.217811811199642
0.447208193571806	1.41260125268119
0.070497758969373	0.147852662299372
0.0287377967230141	0.0616061452937334
-0.0776559933327941	0.196161183463061
-0.213464629910291	0.731759055862604
0.170377561879528	0.536806353743935
0.0396974330237023	0.0962781689712104
0.176369674064257	0.551511412922172
0.129648659597644	0.405521849699781
0.112807616102831	0.334658763513347
0.0579631967216014	0.160876597128457
0.128084598783886	0.396394918149471
0.0106690507265066	0.0249949445504409
0.219730951201933	0.796529580637243
0.336994707936922	1.16045799409201
0.108795631748693	0.31652615988567
0.120385788619485	0.356983997183587
0.309104814310285	0.775309825815834
0.0866540407519942	0.175431759903652
0.398351788287846	1.21763263434116
0.31569263783538	0.953915785987928
-0.0495088415104002	0.087649201341844
0.397373743578648	1.1739470385187
0.239687620717889	0.736290956187373
0.0858085351807697	0.21081275683557
0.0743569776618395	0.177851402969154
0.275222943172558	0.947589982527271
-0.196413421889228	0.585716460100388
-0.0672091004905961	0.171307984998703
0.174106155404797	0.60039619879066
0.149099881101181	0.46402252578015
0.212913475890477	0.874816278700531
-0.0671867352327699	0.170609513163661
0.0137547728933493	0.0302121182943591
0.00499917156154721	0.012184513699211
0.0986128192238968	0.317568285779105
0.204566578447723	0.807387968883126
0.134843794925918	0.429465136425395
0.118023835950902	0.338729747544408
-0.0234640532635737	0.0649178818266608
0.26413724487107	1.15974453878363
0.274130577537135	0.895390259354189
-0.126924703360328	0.333913165303908
0.0605322466171154	0.132584230788643
-0.119812771043903	0.278213924559006
-0.0487209448932951	0.102618002594748
0.207449055096629	0.690937326518801
0.0349261229315409	0.0764957511483996
0.0926722312025751	0.230586214642798
-0.0562074582014362	0.129424723422674
0.346460827763985	1.55344532663297
0.220859281136663	0.751954394772432
0.156447128533601	0.495491633414062
-0.0196355567273005	0.0512710758639867
-0.0454564227451047	0.128924863059796
0.308141796044014	0.97252320195913
0.177066664909107	0.514676607768714
0.0334624564931439	0.0909104863165367
0.00521707525935737	0.0131506086844714
0.299713266185654	0.941980349014684
0.142589661914717	0.480460763839625
0.0185502713614475	0.0382695547483322
0.282796673213971	0.786275306072071
0.0276634604628708	0.0470803786574113
0.349716444257968	0.989358894115725
0.0520135321894107	0.0981405839394566
0.327227407907502	0.988845169357305
-0.0679210790431652	0.123789329734869
-0.0440097561232893	0.0884493266216603
0.456796641114237	1.90063605537265
-0.0350407354917124	0.0722011752899386
0.0869694782311092	0.230671511554219
0.111347840234209	0.292568547054465
0.0652912710135629	0.168734099253702
-0.0876116396266363	0.217382423040245
-0.00452470311292878	0.010930811759085
0.206959363762065	0.840728436686339
0.205422849874208	0.720648838663927
0.352813605131189	1.30929129676742
0.274537306353983	1.38702952071698
-0.0228488909686569	0.0535620340356325
0.00272377486960459	0.00561809265407404
0.126986268120467	0.332065148611667
0.171239533025041	0.52342420170541
0.181517152580258	0.427970675782251
0.138913809355745	0.214024239300792
0.0144270119946306	0.0207877531779897
0.122831097979482	0.179039325437552
-0.0191039932485187	0.0338523087827992
0.0501063462557264	0.105003530529481
0.232991045240068	0.692313586586439
0.0221406593819437	0.0477956521636586
0.136732410961871	0.392723595857972
0.138187983178533	0.379710177696913
0.199307123765391	0.626281750490738
-0.00711033760032524	0.0158684879179103
0.0643176724579235	0.160157085455344
-0.00949980930377418	0.0247921678017882
0.119065890910069	0.401924420425842
0.283393494702513	1.37742663898296
0.212945146587311	0.936556797803262
0.0418073409431762	0.118348425808129
0.263138308667144	1.25514394327582
0.241461139424914	0.375004423034844
0.307811895918791	0.95257626349114
-0.40803929118151	1.5041660266657
-0.0115523400602982	0.0212827006448884
-0.0431111616933768	0.0864801342556024
-0.0357171551875287	0.0682458107031213
0.0718218206718479	0.155005265928276
0.0140746165080275	0.0256769205415035
-0.0871060786254659	0.203119019780121
-0.151316608753592	0.379624970688578
0.36642062366014	2.21507522545319
0.19778182255116	0.864860485075674
0.211773061154961	0.991492430015307
0.0442157693236793	0.137115579404351
0.0871212538225934	0.304962541136977
0.228036989612847	0.750738000625581
-0.00739568556087657	0.014624053011144
-0.106261816096671	0.271138539112186
0.23900241729197	0.800695088343483
0.1885104690708	0.556031501603448
0.00318544750130229	0.00680433059680524
-0.0990041577562896	0.27184029203026
0.0602144033408599	0.152198372444778
-0.0639887816873696	0.168908215152808
0.182043034997644	0.62244471841661
0.0761703150356946	0.196005936968424
-0.00191996536288214	0.004372880288556
0.0978903873163431	0.284584397254424
0.255330288636499	0.867413835148314
-0.371052871057527	1.39604399581703
-0.0744963062630658	0.168925515618323
-0.323465311299772	1.15280568568915
-0.0988365053381772	0.251572207812389
-0.169937205856292	0.465707530723603
-0.132706675138864	0.405465151618634
-0.0142078176339474	0.0310042135875637
-0.0679272109532722	0.185606061236445
0.150182943823772	0.505598521741292
0.14438811811762	0.407051754421909
0.225085319596977	0.940740119477543
0.0868450274650678	0.248899438415694
-0.239755337573108	0.883049696068182
-0.202645813332165	0.660693457730499
0.145862586748731	0.414195829510979
0.41508811716676	1.21707167848781
0.0336986758762447	0.068100738576653
-0.170596844511446	0.439254555498434
0.007305221104294	0.0130230488063545
-0.0396407682128163	0.082981232639864
-0.175318351493792	0.473224480891157
-0.0361962559418966	0.0776766094695921
-0.322179859031326	1.27124660036632
0.0795897351396855	0.201894824372854
-0.209287552261709	0.656882693180608
0.182495916123566	0.634985862671653
0.0720409324893022	0.180665380101351
0.0852904110929799	0.257280319316913
0.0131109947247266	0.0299099861915264
0.0633413994703382	0.16481838731418
-0.035756056157913	0.0723931480049614
0.418188154171118	2.01772410514857
0.163684415238895	0.417334440428724
0.332741813622819	0.909147642042339
0.242518865346616	0.562065986973376
0.448153587009446	1.03098928306061
-0.0349423720951252	0.0576894297668052
0.319590037809246	0.774978426201203
0.0245926021464855	0.0488359390150956
-0.0485471741872702	0.0980087391143583
-0.00416321054577327	0.00775925236840845
0.15852918493855	0.401227730641953
0.18965457013903	0.5276379927915
-0.437979177694779	1.63421765553934
-0.0215439570883141	0.0473543803055053
0.165453586684415	0.462465546224047
0.182322280069359	0.648771657565532
0.109977495272016	0.338090072655684
0.133357557282789	0.395835933471268
0.259827102023729	1.02905929368732
0.216575850813036	0.742933012844729
0.3316510558247	1.19804212488596
-0.0950487361927037	0.300013891888553
0.171300543432987	0.625593502079988
0.0989054948558514	0.294011743851202
0.14390560456538	0.470120661178617
0.281623248934067	0.831665032662223
-0.0172295884741102	0.0265029272153186
0.174174656016626	0.331049401842455
0.352345450101978	0.484656529436696
0.309574796442288	0.542870702201802
0.0711636021947565	0.146185181137913
0.111692420083971	0.235405011874827
0.0403058060406733	0.0791661404804735
-0.0970683913342101	0.22506342740861
0.327974444511614	1.1714946933383
0.320917346708568	1.14360538724281
0.23403737698745	0.729448377896365
0.097602302674447	0.256690688896154
0.194564415081535	0.597380702141965
0.153484929199748	0.464957571704313
0.219490376633752	0.962295108269045
0.177889202969379	0.664512482677616
0.224615663545879	0.876388020338565
-0.146974214364501	0.491570739763976
0.189407868723563	0.634570114758155
0.239082771685343	0.830279341703981
0.11984126680055	0.391976622707073
0.0339100521574793	0.0860610045681577
0.235407667962601	0.895650504668393
-0.0843133738808477	0.26143490433689
0.2502932941132	0.941626354312739
0.161574690405563	0.557826701871369
0.0805324083273802	0.22994434931104
0.116495199108131	0.285517633541948
0.0561677981019778	0.118449150804848
0.188888637622327	0.424638617418435
0.208729176808259	0.563859358860766
0.039801827471205	0.0764985327967329
0.251604068704082	0.908838609484822
0.219548342407258	0.709505130719869
0.0693201484359914	0.165645314819036
0.14448064609447	0.470895774787373
0.0938663633293509	0.276883235776828
0.0535740574950561	0.14246602003004
-0.0386899339789665	0.105763571297939
0.211336955267434	0.937847463786005
-0.0618794823625589	0.185943448546118
-0.00514763996509823	0.0111930949699139
-0.0365995196105345	0.0775438985984506
0.248204043915615	0.843251008906413
0.157811973070439	0.609237463381216
0.26996281959297	1.33347294069294
-0.0636369824177766	0.143603628758683
0.338305704530907	1.21019085182984
0.291865139177968	1.10809619617557
-0.000883271506090103	0.00217480398178701
0.00314871190844936	0.00787689793599789
0.191007601774906	0.493406046864037
0.265289065116149	0.959109321686359
0.0941985120566722	0.225236555884049
0.0141432640215889	0.0353810976715824
0.0536101507243613	0.116452576497805
0.0863402833002039	0.174688579780836
0.0353752126768295	0.0692495401190894
0.26685600006872	0.812761373893505
-0.00491091808595801	0.00981999087483077
0.0733473343351481	0.203458634770185
0.0925341915777152	0.267728192727731
0.241631140195495	0.948442977853163
-0.140577202351752	0.466356049339736
-0.0131902872760842	0.0323137121756312
-0.114340930827561	0.354216261064757
0.0828579882910422	0.2552243511794
0.125702280674181	0.43905923484206
0.102245431887969	0.315111884729681
0.143284793166724	0.507309763756314
0.0403476575495705	0.116849738630733
0.0975724567859048	0.330610861535745
0.342523828881429	1.51830321825591
0.065080777532084	0.209772364578801
0.210753485481434	0.877766324247986
0.0953143082323167	0.295850680090045
0.315504520867617	1.54252639003625
0.159228573736614	0.609199530701457
0.0477297608206185	0.13747278639523
0.327402839552335	0.845478865515594
0.322086062038484	1.7528044081288
0.0981554373400039	0.287350696402716
-0.115164419663971	0.240084009315899
0.0927191928555879	0.206657468597788
0.343579832741542	1.06584429791969
0.047095916165204	0.0927149055008837
0.022256756944181	0.0410036980698354
0.146214772203326	0.463864817117742
0.132033047794271	0.439492664193999
-0.103245492784562	0.296301198952213
0.0273882606575942	0.0667570200967831
-0.0494859430327068	0.129972269715645
0.158304548059766	0.570103221327583
-0.115333198913371	0.342259561417351
-0.190428925792786	0.685935144124283
-0.369290008848824	1.84203521703896
-0.0282356729784365	0.0748857449372484
0.190161326358421	0.758528978577862
0.155903046287665	0.576222551186594
0.112156332484592	0.409142249855441
0.0893377844605581	0.305348562655905
0.0994169447110587	0.326245196887895
0.0808288855236027	0.223160851747982
0.137345004522402	0.311043957286104
0.125983074688776	0.38959169081801
0.0899221502983408	0.301791904740662
0.0469513843237007	0.133246084273628
0.0694562266320362	0.207081752239638
0.217384994174437	0.911392502082171
0.169416063628828	0.696880986854454
0.0688969034992546	0.212974018093277
-0.0793231801875697	0.239510543075233
-0.0345427646874908	0.0765567865254738
0.256472367226546	0.493661962606927
-0.0550555524472125	0.0978062894872181
0.205084581383909	0.446103193508199
0.0608567224647048	0.120737323182683
0.15795823104081	0.520473080036527
-0.0192352694310138	0.0457247960423732
-0.104295471657814	0.318382378425226
0.058593311808239	0.166768028878281
0.216819393799466	0.889533891660929
-0.137734699151621	0.461836413623365
0.0390628663414019	0.105091176055041
0.297156712457215	1.57661798849488
0.21560040670719	0.939913713888316
-0.203360680279576	0.833877726604236
0.0366286448252028	0.103304838559362
0.103275197884462	0.364973235980114
0.163390217906064	0.66766515005758
0.0771459757825254	0.209168030296087
0.0846400643329467	0.190979559636191
0.0621009799189498	0.134398154425062
0.131052761740209	0.415361816458831
0.155764214895771	0.631559810568256
0.0653820866122988	0.156387489792772
0.0947521888746488	0.280098665470121
0.18166161968546	0.797723210255988
-0.017013982069738	0.0468220799330353
0.0151306339537014	0.040182677530117
0.112385197094553	0.374564851973827
0.11692585049294	0.406188345609745
-0.0229626959363627	0.060945436997854
-0.167348048124191	0.667289055955777
0.117102579502652	0.368194505026945
0.264671265544331	0.862544119575603
0.127153385217352	0.300543766093966
0.0808318117579289	0.16792017468782
0.162088597422108	0.514460466727511
0.235772440657264	0.9588142146058
0.224581445765088	0.824785080919634
0.0115592414998956	0.0245879501962298
-0.0934645608796485	0.188111643622414
0.0416071128164781	0.0449604354656868
0.133025874847563	0.201046457878412
0.453673146792087	0.978768443339583
-0.0473411839457491	0.0700220692204212
0.0859782713557227	0.140507183122985
0.370619311406056	0.695400356669054
0.0630310522631207	0.139382968244799
0.133567155284617	0.353201280908712
0.00548678048158355	0.0119525051089487
0.08210084337347	0.211001274579811
-0.108606639346421	0.291382176521823
-0.137502777029665	0.378336165851455
-0.0014286598896485	0.00309624797160248
0.215842144334129	1.05468557605567
-0.0610788330328329	0.201902170764172
-0.0115207015238337	0.0326492146734551
0.0234618567361101	0.063861770364617
0.0531491874299213	0.155880657223544
-0.0240647575028542	0.0612152003133224
0.1978358508324	0.551211143554771
0.324557577945738	0.834651007046967
-0.0576339002403279	0.0923638096842228
0.140388888348265	0.362356640038216
0.130675898716932	0.296486695519221
0.0571198115777504	0.150698649122417
-0.00154826529637629	0.00398372971424488
0.0634727372095233	0.217541778825616
0.119279350023797	0.47776409075721
0.217737136433227	1.1365944142288
0.134742633529647	0.579355692407352
0.258302455138554	1.43543614261688
-0.0284445630753283	0.0856283992913283
0.219247912932116	0.958367255266355
0.0251647289018901	0.0509784292126612
0.00554219211683667	0.00914973574240335
0.341268927694364	0.863160821541186
0.295757350430989	0.666723822397171
0.14505956800708	0.291084074080459
0.139867956671016	0.24303038186763
0.0702349743602128	0.16515119030025
0.0149162107489624	0.0397920537660948
0.341214573656627	1.82240308793888
-0.00509744326346435	0.0109614306455878
0.186560036354085	0.433759375644929
-0.680204806613314	1.35529006048343
-0.154659086000863	0.196806821004843
-0.169765447903418	0.24873841430158
-0.377064408824256	0.775268643539131
0.199234592220264	0.397951579506695
0.00550256535857974	0.00624554692416701
0.098126172361516	0.232819300516686
0.33179724414012	1.34680511104188
0.267150366753461	1.04597232820399
0.000398656261226341	0.000849469660716705
0.185950906650099	0.591358001044218
-0.201760332763936	0.648035192827906
-0.113230064087596	0.298018017022882
0.0731125614270304	0.252487170394454
0.0980678842007153	0.391348279348875
-0.0218461029740789	0.0664904305827417
0.0919094357686683	0.312321769137443
-0.148568251619456	0.572950509586437
-0.0566187464250403	0.165088930189239
-0.131948947207834	0.300332228832229
-0.237249254557307	0.580490209560741
-0.0176318003968645	0.0265187283936924
0.578532726904643	2.72802241892953
0.0321658828830488	0.0967298810693397
0.136362104969861	0.45228530255186
-0.0325936406465576	0.0958292946994126
-0.0306486891658069	0.095744520518419
0.169905295352938	0.812024243720145
0.0203661337212182	0.0645513461187283
0.0858556042246043	0.341808749407929
0.0951693234524739	0.37162624424998
-0.102517416195718	0.394823951490223
-0.07762947204615	0.243710626924138
0.0578962373872216	0.130409582377002
-0.0412744668479696	0.0780151159788213
0.211413079677872	0.474938155600675
-0.137900444440909	0.249649493176435
0.0973517824626481	0.187663282790458
0.588084493283536	0.956594799075589
-0.0253754469874231	0.0272143406778592
0.146818688421967	0.262292701908221
0.189398019287038	0.521056903395878
0.094201591621988	0.331991782785125
0.148575790848357	0.599940008331479
0.155597518976956	0.580620468702284
0.345075480925707	1.56484204742761
0.0235497312925091	0.0450888720684696
0.0766728690753581	0.0857240972465372
0.0792569801194554	0.100238387056567
-0.0224692597887912	0.0272740292842624
-0.285178791652553	0.627126663671926
0.0917889269265569	0.147100927360027
-0.0949605827951389	0.115512724781157
0.201049399215063	0.611577954730232
0.067855561215336	0.161627144029484
0.123300739422242	0.37649464360828
0.00799471211936018	0.0184381436623154
-0.21749570099665	0.735082460901557
-0.277478038651589	1.12870872598625
0.0639382695381056	0.154481938352135
0.193588119726626	0.966152809453125
0.254131284684696	1.57368456469484
-0.0235038691773334	0.074658846656462
0.0165756764877915	0.0451319691480425
0.0256459339961543	0.0699515718995775
0.284749576731131	1.47832274583764
-0.0118902863030586	0.0201690763851125
-0.095555054009362	0.199616993486087
-0.264446634899797	0.576645409668356
0.173559611482092	0.441744525238918
0.149929470666721	0.610176969726361
0.0102675994642669	0.0270966043787084
0.0725649891163201	0.251428310266412
0.187348153163783	0.825376539976485
0.0598223686478791	0.164389403137706
0.225149378055388	1.06716678226247
0.0864688272619718	0.322472660357739
-0.0145521275521903	0.0438191100671286
0.0743709161812343	0.287990825786419
0.267928521842414	1.73628030319723
0.0676445381415141	0.2535569987501
0.151263569019124	0.679383543138775
0.111859503449651	0.402201258174043
0.238531352264897	0.719194095585552
-0.109079381572857	0.215072095878981
0.172790507634646	0.410353895479041
0.0834047087565508	0.149655627852429
-0.0556681379627552	0.102537821078777
-0.0273380502342776	0.0264591534480565
0.313227042075387	0.43630364716845
0.220739635395723	1.09543794264162
0.164284909572219	0.719761348924872
-0.0167416889724577	0.0437128223981101
0.17786104176529	0.463984743236789
-0.208306802927954	0.79716376445576
-0.0421413675146983	0.0860754967027855
-0.00747067145148506	0.0100313604006189
0.0148465888985428	0.021404366805706
-0.233917069972426	0.412553405527062
0.0269279767670229	0.0454900262304504
0.0182720805779246	0.027352435996162
-0.225684386701962	0.38743572338405
0.273140299127262	1.09987303236938
-0.070279165992878	0.198907494194888
0.275530449333917	1.18461113178491
-0.00667901861884013	0.0156517775530487
0.00742160425420805	0.0176522472879088
0.252581394123448	1.14305609600035
-0.0908581539527773	0.35885777089758
-0.0465296288925579	0.163607786607599
0.147433680699576	0.693232391896042
0.0558217052497779	0.179640774939372
-0.141476071398497	0.569621492828518
-0.0287707666614695	0.0824553607176306
-0.0899519866980004	0.20999817946993
-0.0207112822254345	0.0372770476854807
-0.412671147725204	1.22187852334307
0.343143801071062	1.41464717517071
-0.0338393404353673	0.108183482398202
0.0572518711580561	0.183903404682764
0.106565859520078	0.425932461418677
0.094492858459174	0.338159281338255
0.177937053336562	0.732211944054876
0.247585222798709	0.756267298545976
0.171632829118444	0.651931377705978
0.103796365498215	0.381822949644053
-0.0208016908680252	0.0644242470771103
0.0488562232711111	0.165012342373744
-0.0198656486648381	0.0639634525179057
0.0255638567330048	0.0841573588672088
0.137294330200801	0.630932147651924
0.140386245498117	0.621004943307432
-0.0183317291020904	0.0519063828728501
-0.146170901402815	0.4468333063971
-0.00861704731889678	0.0168497295084023
-0.304606868041936	0.973705413424296
0.0252884609174564	0.0436900095434521
-0.0662097421815865	0.122831039991153
0.0473625020158881	0.0546878078399045
0.132675456807607	0.200494814548296
0.133955517870799	0.484937097164156
0.113165871662506	0.436935738616722
0.0333148312365306	0.0902938275066159
-0.374741424751318	1.17463691256444
0.344681177461104	1.12368543269779
0.213923211202776	0.571243050538253
-0.0679584215530647	0.149473171237802
-0.00640636701985689	0.011953036765857
0.16402062093398	0.418493847947234
-0.00230744637327606	0.00578864607987021
-0.0574255389257145	0.176908926568613
0.000920647548612555	0.00245585634972833
0.00917651789106184	0.0260687584142218
0.150266154095558	0.64406084968727
-0.0394833713996871	0.124262566000168
0.105137931657816	0.388017762261538
0.185503141065141	0.841126055162538
0.00792316803876672	0.0226218876199244
0.180062230036722	0.820539171333697
0.0788541754112861	0.27100012612092
0.275897564120008	1.35324236064466
-0.0855169538528939	0.22428351384063
-0.125283900130017	0.356320698155357
0.00887692421468443	0.0234541240764583
-0.0377281597599234	0.11653108612194
-0.16499966368346	0.715712197438236
-0.0879418923328483	0.32194979058286
0.175372902912086	0.822238125054719
0.125145648912824	0.492098697578551
-0.0333507062114266	0.0825784900736885
0.203270539926308	0.91441535381427
-0.0320773457544167	0.0990843053141027
0.0985713510025795	0.359904481955801
0.0841322909280181	0.278208955115446
-0.0360598058005851	0.107491851182252
0.168358850636352	0.69393493277919
0.0332546327278159	0.0974850679388418
-0.104113091387128	0.381267502701023
0.28667856863251	1.54295593780556
0.130443072624067	0.4835039037952
-0.202188386282329	0.795283483981863
-0.0596531371843554	0.144797965235084
0.207748338983886	0.560287259310034
-0.18483893486623	0.486330975076229
-0.0665087435714531	0.123456256885006
0.0329556770628186	0.0605383491571679
0.172215307972261	0.841875520048412
0.0836924402387576	0.289446810955748
0.0426122962935246	0.0960228414265792
0.378948870149685	1.55774250971195
-0.0622621896999739	0.150898996827731
0.301453869987368	1.25467751246301
0.156729256087148	0.46218929024375
0.0354550704480478	0.10484658103108
0.110111003337222	0.414066358857102
0.303798705925614	1.75567700675286
-0.0106327755040862	0.0305983984139722
0.00495874035949552	0.0130020541704163
-0.0933669589256783	0.295045175272342
-0.153917515782141	0.566316931093794
0.263523822757168	1.44874344867666
0.205470180977356	1.01003402953232
-0.00108789362221119	0.00295244335152869
-0.0181111428986002	0.0515943032049237
0.0145445966571549	0.0368621976189506
0.137854651254346	0.487495649091831
0.235799436927224	1.20664840774952
0.0540736982097101	0.163980109953659
0.108942980160542	0.408982727797281
-0.20437836669803	0.969004297609534
0.0848463489465329	0.297070038062347
-0.0137609642817478	0.0400998058124194
0.398441339462189	1.98677227264325
0.268182071025374	1.30345293788594
0.118203575347564	0.472343819334948
0.182640031756011	0.725070051926705
0.105374589833427	0.333671702004428
0.0476660159878593	0.125378585628645
-0.0322564837449916	0.0801994352174021
-0.115292865153367	0.364373229214089
-0.114832274995607	0.381746313925775
0.0988434492590465	0.351368720123131
-0.154642893892573	0.613720281375122
0.203144027821266	0.8141635695354
0.0400947079977631	0.0940161150733647
0.055254533100897	0.118653658637037
0.218093616695908	0.681056808863851
0.0544463696327522	0.114432047837772
-0.0329084020831388	0.0967799985134357
0.0733562944090238	0.206677108293474
0.110830859898435	0.190600377414627
0.204713904398557	0.470282298315476
0.0938188981092164	0.17478124767065
-0.505287778331819	1.83253407364588
0.229635013210874	0.635316770756519
0.141896651985876	0.272492630756364
0.281958109159885	1.24893414073929
-0.0395945757061565	0.105825404442641
-0.000684753186640993	0.00169539136900534
0.159075975353551	0.588702825114796
0.380557120398294	2.17539669413746
0.127595532760812	0.530609205741675
0.0318574763850811	0.0963827456854736
0.216908451264147	1.09575602296195
-0.0255651092981722	0.0744532268961225
-0.08996499788302	0.32252208993149
-0.00198492651478881	0.0053544345373125
0.0286904993605499	0.0710554653535516
-0.158430344724764	0.448859615844514
0.0551263595586114	0.124662093208374
0.192730864331472	0.745895738807984
0.184092645031232	0.865020235248057
0.197022660589878	0.919166193309801
-0.0599458864186217	0.206706874927251
0.123003854082871	0.491068355958375
0.165444599868394	0.684382610896257
0.231098891240763	0.861548971962214
-0.170154930847469	0.657058114272516
-0.0585564903174905	0.193531397232526
0.000414106335868716	0.00115656009883446
0.119668083534629	0.474170881460048
-0.0589653097544252	0.202109806803525
0.112460346028395	0.45581673752497
0.131129791094042	0.539862244005734
-0.0731981762388015	0.257939056086069
-0.0252907859110771	0.0738031097952125
0.0117516791814115	0.0281701516966053
0.0732899322052098	0.18499853880565
-0.201555339740433	0.544016646336455
-0.0214798770116817	0.0380553721638457
-0.187109496380814	0.521067460517917
0.0243680107275659	0.0326886654606642
0.0612451752342237	0.216120704205318
-0.0716651785994906	0.230705401829248
0.0116409664404188	0.0200115528066549
-0.00892671530331336	0.0163598910414069
-0.0292309119135078	0.0529488553941255
0.16780415771211	0.448435918344338
-0.174394902244948	0.419451463535173
0.10749076361157	0.223543442496566
0.148034457218438	0.523460412719319
0.0889512757379903	0.292641136275339
0.0925446214587284	0.31551252321672
0.1190375010387	0.412686473704862
0.147133298855835	0.582750869310414
-0.235469427927693	1.15164961384252
0.00178396065329523	0.00527634391919892
0.0377964158876402	0.121901595727412
0.125029833006931	0.521230413760465
-0.0544514353890702	0.180225020268041
0.0747324199362953	0.262448252093953
0.107374283408937	0.411216578056662
0.0674605452156893	0.200680037711484
0.154554183413042	0.460619338509339
0.193095960706018	0.621784830387864
-0.05537480001927	0.162249862390596
-0.0737849199017478	0.258800766752626
-0.0557070520213688	0.189848337052252
-0.0949936434369448	0.357971084963852
0.042283534168184	0.133307744171259
-0.0939451177514184	0.332163977655751
-0.0534829545253369	0.128495985803175
0.0047603846776256	0.0125538072004376
0.0747434654108845	0.264806727541969
0.0922000884383079	0.342629080700145
0.116201202088451	0.465976908338379
0.0413307883266355	0.131948597436628
-0.0842593210303471	0.302936178855644
0.0612995461307024	0.200547671260735
0.237805215103973	1.28833766929087
-0.0605403686660607	0.196569008994657
0.0240342257023415	0.0648808968974363
-0.260355218533874	1.00089781793024
-0.0827753279538521	0.20698576028106
0.342714318447406	1.10671197810674
0.29270220204188	0.963253460747278
0.196315172878424	0.411698648142024
0.184110049850617	0.441560896968661
0.496056892139321	2.09515578945232
0.000257191690851726	0.000722405657247155
-0.370546739979919	2.00206821274369
-0.261807444168337	0.593804396386704
0.242515983001519	0.644187152186521
0.0383170478155023	0.071854927381352
0.151554348049841	0.38581089890354
0.21641315865068	0.609383246008547
-0.113547835463521	0.22407664529061
0.175824932802342	0.608493101381295
0.163262516367316	0.633242357290312
0.0158621410805051	0.0398618262019793
0.0858551962587466	0.267674115355366
-0.00903794646971186	0.0228396905273579
0.117082232032918	0.411443889523312
0.0281984721700505	0.0768500586491926
-0.249560498088893	1.23806171786983
0.0344329217729479	0.109932621829467
0.0754620422352823	0.276194301287556
0.0580859144098914	0.20766244214539
0.195038660586412	0.925644032326285
-0.0298397782982109	0.090651049003016
0.0796260354906676	0.281244098097397
-0.337042489137066	1.65159133991514
-0.225061261162495	0.759194900353573
-0.0106703064879684	0.0208781437730924
0.0777900949832771	0.242766237905101
0.0465279189588453	0.15390619814958
0.0772678828431748	0.263253461040895
-0.184893212540048	0.892420296522386
-0.139429272171004	0.550872114531013
-0.0459927915869109	0.138636412461884
-0.291650151215913	1.12061043029627
-0.0732777726032055	0.225811656804949
0.217444698017926	1.09821106463074
0.0820899768763902	0.296487884938913
-0.10812865681008	0.418101653652281
-0.0545773191325546	0.1887453362154
-0.0629644517669624	0.225132827487893
0.0630135409168677	0.217479380422569
-0.129709235405828	0.532238918194446
-0.0312787991447757	0.091042813930864
0.0855044246779244	0.260806554362162
0.292587053029033	1.10671031370793
-0.0340569146243194	0.0697341735728532
0.396987656104664	1.250628317211
0.103633408881838	0.187138754719954
0.0508169187543429	0.168314291587756
-0.0110565153714658	0.0286314436488595
-0.112801394310123	0.197567271579824
-0.41068411940174	1.37518809505368
-0.0449103458844383	0.0744551822947059
0.238497380597578	0.689391047020195
-0.0730094166719674	0.154553831398797
-0.198915238719672	0.431305729478138
0.149477688375749	0.506879586669364
0.0987757387964602	0.33078836168371
0.356411596013678	1.80878686068877
0.0554799860803062	0.164068486380888
0.0708075334054949	0.225503760332233
0.0424692571297506	0.120928594189049
0.283980428814132	1.42704103001551
-0.00214690408846947	0.00563014859018619
0.0643234616525341	0.235072372673133
0.158325398517522	0.7638315789286
0.213996830536107	1.16489252991763
0.192976368795787	0.908580510108367
-0.0362886328924045	0.113753479051167
0.0630791950664425	0.21285349627426
0.132689744042849	0.414512671778562
0.0447033082248567	0.0989848734824125
0.0400630241216041	0.0871113613185057
0.00960780656784519	0.0227169167706211
-0.0292225104078443	0.0922148722602739
-0.0672353572480922	0.237763590178468
0.107471565252424	0.443780176997815
0.216552532356459	1.06030566621984
0.0177030359520839	0.0503352835237414
-0.327879278657867	1.42616768385522
0.192626914103681	0.840229409749264
0.0590678903003137	0.205093656367685
0.210683856482548	1.13036232584271
0.0614760863091762	0.216277157117881
0.0670291263022509	0.241393430885047
0.241762527063516	1.4471643232355
-0.0194833708498912	0.0605724681039695
0.156056022840898	0.719434347679752
0.177615569278713	0.784447732009642
0.132657200037158	0.424557187917633
0.170250366531221	0.569964264480512
0.255136637459735	0.820481022371514
0.23952932808121	1.70930104160834
0.0136193830590122	0.0442005480783743
-0.0312501444268172	0.0756791263960256
0.0097829236151507	0.0246467914358374
-0.022938804354091	0.0582964074512938
0.0312472330168955	0.0830529540961483
-0.0932218465445702	0.278424928622894
0.069476479104537	0.192799903508763
0.124520147765772	0.456393425239322
0.153233270573433	0.60685576920931
0.0156083503276827	0.0422382987549794
0.107658582810289	0.39511818250061
0.119490063985497	0.512231559593566
-0.042039648840124	0.138375804172793
0.117075061829576	0.503012977895395
0.320556980360033	2.27907222453197
-0.0353654224558642	0.107430457500331
-0.0136619157305338	0.036871270633292
0.059805256066843	0.192940857731353
-0.00582015974642488	0.0170634554017601
0.0285877410391955	0.0930714239575167
-0.159111498303496	0.745109179959219
0.219489577338827	1.17482414178279
0.0614646990542503	0.187477027297377
0.01049723911803	0.0285263207078402
-0.052687805957966	0.183200170941
-0.124576895981122	0.509350760372242
0.080995057893259	0.312393083483949
0.140843683713591	0.648739207081334
0.104198922932944	0.423720484252271
0.190263401211091	1.01853058179625
0.0501744866309735	0.143516432318152
0.0631571011687714	0.204124727109338
0.0815878152505741	0.323567629882148
0.0991038827495203	0.362228212494948
-0.198481050934688	0.830930100707988
0.254869653268993	1.19729012046348
-0.145990741848126	0.514319406795034
0.049987060718075	0.142904434613526
-0.0871276222460537	0.291366224759958
-0.061518045961375	0.208815174542218
0.167795874768355	0.783452308422994
0.0498203014364477	0.151384638236042
-0.169999574083673	0.843636409284705
-0.180530389694336	0.77234490325703
-0.342721769660716	0.872636602143303
-0.069832783771154	0.147647133726059
0.332089747006244	1.04520607471057
0.273694089064604	0.773489722417727
-0.325188720000399	1.00059160506641
-0.14838917762403	0.292077997008138
0.117539202766991	0.394124431031381
-0.0227313364041313	0.0617473931666753
-0.0516071490363214	0.14578914872396
-0.0426535065976124	0.119357872738282
0.176976695897574	0.73441629920608
-0.0933767308882017	0.303180936750781
0.00810019240934683	0.0213932679553687
0.0460726022475036	0.132653846473414
0.0529407867589734	0.16383411669645
-0.0468099552180124	0.162620388559414
0.018174854251711	0.0582628292731487
0.00529463804146491	0.0160893331088837
-0.12957690088317	0.52802205234973
-0.0769368271940041	0.264284299017593
-0.255032881177088	1.35235495407814
0.0272775928602422	0.0638529631345382
0.203378897428831	0.669564965123419
0.228455950864565	0.658618790961524
-0.0401429971388561	0.10163138762092
0.073559669627682	0.2709989572507
0.105614230932135	0.40573199489998
-0.116641194885886	0.472946344523947
0.161312535816787	0.677689078031119
-0.153548490585682	0.634396360441507
0.351030368623296	1.46980882424353
0.205243053401552	0.913555758646854
-0.00733967765158214	0.0204385980505397
-0.0862761140768761	0.322329886573184
0.144775990219469	0.639202979297196
0.0298637882800693	0.0955048727205503
0.270486912333084	1.71098447368085
-0.0218877603448151	0.0688566309946612
0.0781362227359272	0.285966858704385
0.127332241749382	0.488977042351749
0.0421656119831611	0.103559405748701
0.137809976794319	0.389248105584801
0.133032185860771	0.67132947721461
0.069492435984868	0.257665136488992
-0.0344250400419631	0.071566389832245
0.299827620985571	1.04988374079524
-0.0186292884049993	0.038689656000455
-0.0617449108946746	0.154656344259838
-0.00502608836580525	0.0101490400806169
-0.0625495506214478	0.135205080070899
0.0893406992206488	0.308852803710456
0.198162570480833	0.90225826357407
0.150300586448022	0.595089506669937
-0.0476648755083915	0.148925992302695
-0.0111614798779946	0.0314778654791636
-0.00793214709755995	0.0227427623004704
0.141345901340763	0.58384613510422
0.144230292269116	0.623492694043242
0.202456614312425	1.01123119328617
0.00619074940466566	0.019258156063571
0.120109423850211	0.509991143626334
-0.223345538316585	1.23052685052221
0.0581979848916246	0.204004160195278
-0.0606633356331178	0.212964081405715
0.170626422214598	0.830030745851837
0.0616946347690292	0.184937208497147
-0.001559334347162	0.00355690553332803
-0.170866756234817	0.550134012395177
-0.0541367055003715	0.163986700541574
0.120279118616564	0.511317509021682
0.15167204793483	0.696383161339768
-0.0472722685734187	0.161759561964547
-0.12746886269588	0.515711217623801
0.0246663800852966	0.0740199843050688
-0.0160903686609669	0.0390824771298369
-0.132414569574633	0.488871107672674
0.00741584527699945	0.0215158579320538
0.0558990714030039	0.189811066315586
0.0406503367629095	0.129393732662749
0.148448589140961	0.642302571291614
-0.0152385786276397	0.0444666572103647
0.09194466582543	0.341905056040571
0.077540168817029	0.278516584372647
-0.0348787653876202	0.104529269577404
0.0535152254895835	0.157431287915914
0.139810629356181	0.700728661693039
-0.159305800364643	0.700030395919486
0.270086335195029	0.568995380209841
-0.182980400461093	0.463153273155165
-0.31611230082079	0.849991530677574
0.237331870011795	0.688691529360987
0.340263211526146	1.21364482231277
0.227787457805815	0.48846061095882
0.0273402910948114	0.0768059811063255
0.0579063782992773	0.178017099422553
-0.0179512584405246	0.0482461040974923
0.316431385072216	1.68931014517836
-0.0425962492557172	0.126018539537562
-0.0912443724054734	0.316629169542331
0.024435594273395	0.067899061963159
0.0105993885769354	0.0287777414790532
0.0313643751485441	0.0919734244170947
0.132597934348479	0.680136060116759
0.0491923314192525	0.195358662580073
0.0869144396742567	0.377377279539158
0.147411713799701	0.668926683463509
-0.105659743229979	0.424228175717929
0.137736050406122	0.597846015041289
-0.360691811046652	1.67680573016495
-0.0548279380964233	0.121223718682484
-0.341260139943806	0.984692621261061
-0.152168405823289	0.462676166478957
0.03778284895296	0.128920810548561
0.110222662638364	0.457108592829637
0.00888358328511093	0.0273373896975641
0.0822088233267444	0.29764736885358
0.119105227090459	0.446751085702892
-0.0469991214113593	0.106893245330376
0.136706693069374	0.520632521774837
0.194743889468927	0.95067213172305
0.0512289992899248	0.188884701216028
0.00442170261408368	0.0137729679222397
0.118798193472426	0.563540953628104
-0.181854057050939	1.00362110855494
0.0818550543593135	0.341900606324678
0.136757764199982	0.635143992576619
0.0666942883649776	0.219434718516579
0.117410209094625	0.3606965645174
0.159940169948931	0.458961559320346
0.138336761376983	0.33485348613213
0.187006251602013	1.19334531837306
0.074818819723872	0.283429937106103
-0.032586056047553	0.0558278863489574
0.214646969651413	0.548434437009326
-0.220771358579509	0.482909556828876
0.0720079880237332	0.146323923361252
-0.0718685452604257	0.156858164389565
-0.114779281054443	0.214546842712129
-0.224716680892149	0.996653592509653
-0.104503306162862	0.366539287116186
0.129489358850901	0.476132535673996
0.178385242576839	0.775330011674814
0.0283248824696164	0.0835863303717832
0.0750359023484187	0.250290334186916
-0.0033528486786514	0.0083542355592389
-0.223888897184538	0.988296438514925
0.298667007619658	1.62187050809806
0.165320978738003	0.939483040665281
-0.0321540966450499	0.12245594761821
0.171387251851079	0.988594685652947
0.152996093461113	0.677067821277589
0.0976627118388971	0.390103081248591
-0.0849082269262038	0.305039930189979
-0.0881344433515786	0.214485510258095
0.195876961671339	0.556882401476816
0.154622968607925	0.364166277890867
0.316136904303053	1.3190650863996
0.0439848449597502	0.152573992187843
0.0786437433674681	0.290954910875093
0.0753953731616584	0.294899077919796
0.0597327188640191	0.204624527276903
0.121914669102574	0.464980033797044
-0.0650054960529728	0.152196374589551
-0.0291967554748007	0.080209944905871
0.0102430010630459	0.0298034351228988
0.0864342115978522	0.347328083470895
0.0810407934625934	0.344101850125086
0.125346344679285	0.610934157737347
0.0671340029384293	0.271915180902752
0.100274959884225	0.454403768514209
0.0890072408743832	0.36607032837455
0.0462023092220181	0.148231098695236
0.0464529295680833	0.110910996634854
0.127829324571783	0.319610735452245
0.0971995121019301	0.521475311930258
0.00604553601729028	0.0190122402742148
-0.0939794883919413	0.186746258939727
-0.0204272647181985	0.0391475523905752
-0.125953251310978	0.27761104226712
0.0275111415543088	0.0562464505933088
-0.135589665447408	0.361716960839729
-0.0809871036523078	0.140076702767801
-0.146395359505639	0.566524665075979
-0.0319477083984302	0.0977264512387317
0.0608236070670935	0.191335856436467
0.257752055926602	1.27679165370614
-0.0174854681526838	0.0497130427275739
-0.0501740648527044	0.159077095463921
-0.0146593373368472	0.0400290380785362
0.0411199020117373	0.116664133728398
-0.0675078773452053	0.207287002358398
-0.117275398756017	0.532468520841335
0.0623418268699809	0.254264694866567
-0.0410259346126961	0.146480287800148
0.0389270650940281	0.123568903600496
-0.0214165620167717	0.06619823301888
-0.109641216952928	0.43923808798783
0.054049455353373	0.130038658081617
-0.0536358056658192	0.121146353159908
0.0646063605570426	0.132654572997604
0.136382962137294	0.407393640328098
0.220810660534736	1.22173339937484
0.0948218938267929	0.361857907060588
0.130556495707371	0.600239121677469
-0.042570750615648	0.136415744595377
0.14922836880017	0.599196317326799
-0.125813510524151	0.31042496749152
-0.154769527028498	0.599563999918336
-0.028493131354109	0.0865187649646848
0.0144259373653593	0.0459155173081068
0.0744876189596165	0.288512261809618
0.125359658911187	0.588953456817399
0.122633790948457	0.575064117885717
0.0506288812756852	0.185991425275451
0.0690365363740264	0.412941427368254
-0.0622510828487093	0.294385395255485
-0.0943632765622808	0.256066272253024
0.04972177025979	0.127657345730911
0.0745766384368215	0.200276944511655
0.188788599603567	0.718340153712
0.0734736563614264	0.208964724584268
-0.34890117840872	1.2830998597377
0.121851295111604	0.535425182672554
-0.108996366051773	0.461890025350339
0.0147838457896729	0.0441169018860093
0.394486693412043	2.98002129681111
0.0818872269811701	0.315053040856152
0.161694360911269	0.785188386907285
0.0134353274210163	0.037857362025256
0.123270640142387	0.500295480855815
-0.121788869726245	0.495445975136162
-0.0363623621056018	0.131677569395917
0.0757657383097823	0.301956297565227
-0.0202974104793538	0.0663442779827814
0.141969705529641	0.645202295646513
0.26079605194805	1.61897218620089
-0.0159170851339206	0.0509075363337755
0.188502659835197	0.71456036379378
-0.119310070917146	0.334407955711978
0.0797494077890485	0.194558889689714
0.150922252657934	0.555659578923163
0.0658701856179928	0.247990728931767
-0.195689436249165	1.00527116068636
0.183740084660089	1.00083779372578
0.24669837597159	1.45071815663111
0.114112761445248	0.4360340295762
0.0625006517411074	0.155582585281972
-0.14109862513718	0.538718418179647
-0.0216377843697286	0.0660165169669733
-0.0015823660011797	0.00463980498631164
-0.0895769749379036	0.351618057355271
0.213155956696414	1.16699626839262
-0.0596599329315697	0.219563869587873
0.159381147246821	0.788097197288156
0.134956620127045	0.629565691740893
-0.00353468662917293	0.0178658436983022
0.0501714946989493	0.293182278929178
0.0891063216296618	0.355708183767967
0.103681925509082	0.440997593661004
0.0188434494049556	0.0583123611175078
0.0216673271933345	0.0692040592554274
0.0749031644176564	0.274300645964491
0.0591344405680898	0.192252940156076
0.148995862488171	0.796022033209849
0.25945501422679	1.73335881678663
0.0702353088827486	0.277152179997605
0.012027655958602	0.0381682579087928
-0.0265164934019036	0.0899241853256716
0.153984454471668	0.791700385673544
-0.169595063643556	0.844329626206688
0.0616707385620449	0.23056437323774
0.0588405728403201	0.222723926287942
-0.0672518525376825	0.258266608071945
-0.0248628546528847	0.0771883430263172
0.0193827778197088	0.059484058541844
0.165812155797293	0.847920449613243
0.0473595189561099	0.170642579651726
0.0718288832131839	0.293768849691538
-0.026167381592369	0.0811279844545767
0.0212882992810078	0.0613089192438257
0.0156564748218178	0.0424533200276043
0.0384008778707693	0.125561112203784
0.00284322450569	0.00900339509561662
0.212488813184024	1.2605556741676
0.189089644739962	1.07370137256899
0.024855593730503	0.0828727560526084
0.260289983499373	1.5879330390088
-0.118463881975536	0.365474607247638
-0.0297120350820253	0.0884872899337395
0.101059161493529	0.41121220800422
0.108052314068128	0.423188882767377
0.114398652354007	0.441304301115688
-0.024928430440753	0.0761383342616026
0.0708511788574419	0.243083265357789
0.147858288927026	0.639334710044279
0.122462075522503	0.512699640960385
0.077262532427155	0.607544617802762
0.0313952838007453	0.192157552204136
0.0189631923640061	0.0826618456416464
0.137175640394518	0.87494068455733
0.10289889427042	0.544456272019573
-0.122962886481062	0.658473387343472
0.0537167929707685	0.221177977854721
-0.0222588633204135	0.0800405691084482
0.209506046277703	1.30930357806132
0.0980671531834359	0.430239966382957
0.169108779440052	0.917730672980438
0.0140229530209637	0.0467994839247499
-0.000557264527654495	0.00172344532287873
0.0350129968042365	0.127656798808764
-0.0669305463259905	0.257907906930604
-0.121430169965025	0.574685453153527
0.0261510686043404	0.0927306370891936
0.0111423169710026	0.0320952882881779
0.155503407349439	0.557013819011567
0.130844429253326	0.459277173380273
0.273113965335364	1.74805384320985
0.310269611342784	2.08792483588609
0.231798257400815	1.36280417250475
0.050202492179843	0.193197835591005
0.216828408483929	1.21121919372742
-0.0432345846473411	0.152888991865869
0.0783622561736766	0.317012703251719
0.00573676543234563	0.0168885387140124
-0.0219578383206274	0.0703322363031904
0.0200591762230565	0.0606058660416547
0.1534280943911	0.696070634011089
-0.155032938734749	0.734284910490359
0.0115450415834249	0.0255065005873337
0.171151050118154	0.645980365291783
-0.0263858950689953	0.0774628276010061
-0.055805518996726	0.144708380437278
-0.0121352400806753	0.0268799553226819
-0.0535076713519974	0.120109169404447
0.106172938066784	0.267195798141451
0.0809332761963913	0.643854302132982
0.0718274422726198	0.504280770311495
0.013994065690208	0.06608922163331
-0.0384814451715738	0.182009554181612
0.0729784386613999	0.357643151573207
0.0734324851026869	0.344460723870462
0.0593356571129762	0.253120900279939
0.086839122653536	0.38861435359762
0.0406894216279578	0.143034724972281
0.0579274105380203	0.218689821356743
0.114356146465927	0.495723219575549
-0.0443457882536816	0.154011048059065
0.0908690000013938	0.365083631157432
0.0435352621122576	0.152418753003253
0.160302504109468	0.828018266674593
0.0720830383414506	0.28097517756842
-0.0273450642743423	0.0752167099506983
0.0627389730661604	0.153149842582191
0.103811790297582	0.301145765276651
0.1248417798442	0.50067882066956
0.323116046432487	1.99609482572918
0.00139835714094253	0.00402268709092789
0.16513754514695	0.913874503421182
0.154550957645255	0.771096598512662
0.0858209901110584	0.367151454652651
0.0714332251872616	0.275557453967619
-0.126163728920263	0.475505731147899
0.0854101639184636	0.310134186235354
-0.0537977481743346	0.160180740268288
0.200587182851462	0.908997965465953
-0.0291214260728775	0.0869003416569007
-0.120659450812141	0.287639326650851
0.0452388465536831	0.124918376274742
-0.145657936689641	0.333884480617689
0.0426760055664865	0.0811007925735784
-0.0800282635919763	0.154741343252059
0.345215929059167	1.12622660762352
0.0492719652666361	0.335574524520464
0.0958240075355103	0.788323245713773
0.0446203393749654	0.262644598563459
0.0182485508531346	0.0817427891995538
0.0194215847182883	0.0827462744146373
0.0274075290720828	0.114452165471183
-0.0290883842845999	0.0999137008486488
-0.0180832611440029	0.0534706651987608
-0.0308291543221333	0.0944132104841572
-0.0786479652108424	0.275801982963978
0.0279290767180294	0.0807641424843321
0.115895093029874	0.44554766792811
0.0957065212813268	0.359759665391796
0.141817064904487	0.633705603921229
0.237232510329812	1.26881606663071
-0.0709307648406836	0.147799639280834
0.146678565959253	0.285857433737793
-0.157973222684429	0.307347573406329
0.212156351541104	0.741923531230147
0.139731614360851	0.368036046948073
0.24140269853108	0.971890242514207
0.158872163120233	0.820676891064848
0.0662326975170174	0.252506297100748
-0.098433116827193	0.425428535567403
0.0476149496817397	0.153747241408703
-0.100036087810026	0.222888206646093
-0.253411114298171	0.858587210830713
0.0463717857040541	0.0964666420734378
0.114402386988695	0.270598993150262
0.0544067099908661	0.136776864656632
0.222235031304587	0.425906770379148
0.0762379147940666	0.597419456696524
0.0430750922701652	0.278578594286265
0.0930439711238891	0.681869822638975
0.0884249531844079	0.598585358796866
0.143437374428024	1.03472596625337
0.212158580131084	1.51352892237288
0.040647767981287	0.146857486659701
0.157414467543092	0.795234898371024
0.0520760916245504	0.193722265949142
0.22223923547347	1.282621736786
-0.0216645720889147	0.0721186158846272
-0.0163928623497692	0.0508253789483968
0.154367191850301	0.756188024946702
0.088842562974794	0.33309444385804
0.0652866476559883	0.153391900793886
0.411726606332546	1.35852953282797
0.359494752593517	1.18525307919158
0.256839968668804	1.05041907974532
0.200991154105747	0.701876177649409
-0.104550798493954	0.326638702542194
0.117661480507943	0.52149399014751
-0.03755739637085	0.129826261056872
-0.0406423578013928	0.143210483850194
-0.179646903607303	0.79844659217957
-0.0592304121853569	0.129686553653103
-0.1899819777028	0.647612247736631
0.0184549884290576	0.0370591462410357
-0.0461418989237164	0.107484745306867
0.399187779369672	0.742806290427639
0.36542996443987	0.620844038663462
0.488178455441612	1.24919587641513
0.0650691790034829	0.482790029372977
0.0375430799486303	0.2307464015081
0.0943711268880485	0.71806019279607
0.135785718037656	1.07119680160907
-0.0182874992305921	0.0722191750097312
0.170362950405282	0.935668494669519
0.122174647475725	0.578431682472896
-0.00877739392338973	0.0288728901635818
0.0926141153772328	0.384353944174754
-0.15409145480367	0.747804853583389
0.0675375404038818	0.253035214335249
0.095355991643302	0.400372673991832
0.252924586563479	1.4096276200219
0.0597776436408262	0.141390282836135
-0.0222491080672883	0.0392581055829098
-0.152234841384445	0.365705313395174
-0.197307142935499	0.724819757656903
-0.286691612910909	1.18713812750953
-0.138609336345174	0.473585903120754
0.00816616420665748	0.0250142252774266
-0.0312515372786882	0.103125453307975
0.112990214368492	0.488209108234316
0.00789007395129422	0.0221444092474811
-0.116389482193479	0.336106322554773
-0.0231452268495736	0.0550115847624215
-0.108889570851763	0.265025693320361
-0.15537796430682	0.432667358096387
-0.00443881121809651	0.00984374435010219
0.436218368948573	0.729628882210612
0.39766892489625	0.680865330470355
0.219245308807722	0.308264435811849
0.165600147860517	0.284949640650397
0.0470208633048041	0.317840336142383
0.107772414577856	0.958571539818244
0.0552609969126884	0.343172100229455
0.0726859975589142	0.4139960376327
-0.0233028139282031	0.0898439810395992
-0.0643590170761234	0.273696631615696
0.114633299786555	0.584373750161546
0.108832044285696	0.502249522966533
-0.0688784267978645	0.287943774448999
-0.0566052435592541	0.213775221008624
0.00261941302980078	0.00813533676677499
0.168839398568678	0.801979109692013
-0.101053189009738	0.298375860475397
0.218659924723432	0.621501042352436
-0.00484717530292788	0.00958915976086987
0.197763949926169	0.788638431522071
0.0229092726309781	0.0586155247012071
0.0856360296297115	0.282767338830537
0.107679946730454	0.450518901682398
0.000385782776563702	0.00112570497027685
0.00261244644202376	0.00766686351564432
0.146259859513793	0.590219408236079
-0.0215157043717098	0.0531982249392834
0.0629455341793537	0.17679060663338
-0.00409267388675529	0.00848095343732149
-0.0115344556605083	0.0253043227790301
0.041566552364173	0.108743632443109
0.0267124630683504	0.0420868701598471
0.0574116552182055	0.0997740259310882
-0.208354257982458	0.30623679060324
0.117269532251528	0.167710159713906
0.491858707647695	1.24795191908218
0.400359525257641	0.89603688810403
0.0591303021984475	0.423704896258655
0.0453261051592228	0.295257408450244
0.0471155004264646	0.265784713356983
0.155248168274819	1.01072106174185
-0.031968630830791	0.126895908489396
0.108129823027232	0.56098629459365
-0.00926393305574692	0.0318553500195184
0.2254724472389	1.53270565367817
0.031023616324586	0.108859421527959
0.189922893158881	1.06895760062675
-0.0368175272955771	0.118979790518791
-0.113114881408989	0.340482625644989
0.0212569302675564	0.0409279136843781
-0.00520401433527009	0.0104120035269009
0.0419939514433503	0.118940581072628
0.0663472339754434	0.20210752680647
-0.0672282170865531	0.202318409792712
0.130847721153946	0.565989518401687
0.123673958395557	0.51900878443888
-0.00630581120192742	0.0187307071353861
-0.000170331425778889	0.00044753904252427
0.000297513845189938	0.000696101087714538
-0.174093989542767	0.599137581053265
0.0412227430876212	0.0926340308393956
0.0909545566017926	0.237079044034111
0.368789718321748	1.87509732480993
-0.199293097909939	0.424466063308522
0.0752770974932488	0.139235197066166
0.389467789847018	1.51206879257021
-0.121378392477274	0.231625124478533
0.436445695318193	1.15450236514478
-0.0091981115064918	0.0127391455566841
-0.415086852056636	0.96076621203681
0.144528746034918	0.242564332579739
0.0652184090097005	0.485428376682848
0.0750724272181386	0.530546970647887
0.0654037136070076	0.34424313690491
0.0801500405786355	0.415501516627825
0.0252445260137468	0.102468417399801
0.0131993894311589	0.0478782784427032
-0.00710205343057238	0.0254611029516741
0.0432800377086372	0.171238728757767
0.0513054825445707	0.195664580614707
-0.0199472901734327	0.0637303196934469
0.11691295698455	0.329041292328237
0.0854428971414499	0.176798103022047
-0.10909484618524	0.255230630451155
0.286667164525249	1.45115734071457
0.077376132236655	0.223438025974595
0.0613543059452854	0.174907695200787
0.0927854217258099	0.368142135501137
0.140072665315666	0.629161507469286
0.194352880242902	1.04430830413063
-0.0416954210648508	0.129164890660454
-0.161319322052903	0.467761798172208
-0.0400870314519018	0.0982842862377418
-0.24353112707126	0.773726142918726
-0.242289505882597	0.911052190108604
0.0216145221214875	0.0524669955230015
0.0345893234899696	0.0543176216060404
-0.00831864706670584	0.0130307841808119
-0.0609909271330634	0.139389771730058
0.0305097561821081	0.040360375570871
0.436525247053492	0.717169377371297
0.717321218157944	1.47752836421431
0.0534168412911221	0.372017667380945
0.027303917669828	0.161385351824294
0.0745247320719904	0.525893073629272
-0.0400075302471837	0.225810768657188
0.0655233049738525	0.399040184969166
0.0561239331683479	0.335422548379188
0.0234972509100497	0.0980932399558553
0.104787582436446	0.534762795575955
0.0188315758461451	0.0657742883876066
0.0312995103402431	0.10693695243003
-0.19503692284358	0.943867193627206
-0.0629439724257541	0.217588723572141
0.244009733452309	1.4668078465301
0.0529865541891701	0.184264665926147
0.0575009615689964	0.204774126696044
0.107329337543169	0.416830495015778
0.160428024300776	0.711587336085916
0.00996492398968282	0.0268850707988425
0.0186646245749975	0.0544276950187508
0.041629731856925	0.141520442667493
0.240512772026334	1.18845013761822
-0.0743422935413867	0.250516239999105
0.0175654316025745	0.0464336777834938
0.0826644412431743	0.251212435655134
-0.0693865569808705	0.138228852333277
0.00643994170252079	0.0129559475079519
-0.0737196415150013	0.212546625775086
0.137213588341611	0.394258973794982
0.215137981232048	0.707778112112505
0.0743929407427696	0.5775631761791
0.0333413637546405	0.203122150134425
-0.0438703991534251	0.265231296087166
0.0978517772289714	0.717336524533823
0.106394696742544	0.805704658487245
0.00924728913763569	0.0374113598540324
0.0999106083131881	0.506650448640842
0.0578519649518772	0.233113292044976
-0.0122797139564528	0.0399355489820521
0.0219884440869255	0.0693459865714058
0.0490263638991442	0.170164549780083
0.204986488939017	1.15870522439079
0.159959141863317	0.771029167331683
-0.0133070710622623	0.0413270720087121
-0.0652998673217576	0.213053283715525
0.0377643660584187	0.115142009988252
-0.148581186689744	0.574425467016132
0.0970303365022565	0.334521639885844
-0.0186752326196295	0.0585805374282774
0.098588112624916	0.350709758379334
-0.00526688719312079	0.0151341921434534
0.0755203897892761	0.237848637796562
-0.233791477702802	1.02451331566422
0.165335431291491	0.390921195516617
0.10750475109873	0.289485903314649
0.0624090243733897	0.454940783356255
0.104116929946631	0.901143901435904
0.0763588411296448	0.552613350480672
0.116682071471183	0.98633716289473
0.0679527693020285	0.36294302634433
0.11803525788833	0.683804496240973
0.118222604793947	0.613073365832987
-0.0551908892673037	0.208985689761387
-0.0189941569436339	0.0563358945272176
-0.0741146623732466	0.266338050081599
0.131130886669136	0.611096507998925
0.0409353681368562	0.139955703444876
0.169864850064205	0.867735887032262
0.0600841105998147	0.20199325610066
0.0205962279459946	0.0602647354682697
-0.0482868428114722	0.146801343315244
0.139506823988849	0.565537138921204
0.100149488483076	0.387468369189896
0.0276780460718926	0.0816660079715869
0.0193168601032902	0.0564322497821556
0.0655265335064735	0.204002838134227
0.0516715945465436	0.153642490041079
-0.155424514647804	0.352810133055175
0.116319156630788	0.338199032327831
0.0732825490255317	0.184263485205403
0.0220257252839798	0.0467565625199628
0.10613006119841	0.949899342891784
0.0599490936632896	0.421415033151533
0.0696721656535128	0.495624547820361
0.0168725217319919	0.0777225846201823
0.00927736460310564	0.0376860210784794
0.0407984375854576	0.174018826519037
0.0599740378184441	0.235310286456167
0.158468728680593	0.711918877199055
-0.027311785365316	0.0846491725169771
0.0745319511950687	0.292405547569712
0.0720799242541066	0.272454617169064
0.17188848740108	0.891384552172759
0.21227044592157	1.16820499522145
-0.0574475481717433	0.193735303005277
0.0101161947755416	0.0286871299939252
-0.0151301702809949	0.044856603154402
0.18849435567808	0.881908982005596
0.0637600128315146	0.211918238473256
0.155421090815201	0.642152514099057
0.150012435243633	0.580692231797522
-0.154158494585503	0.615044437261935
-0.266299836407059	0.836574501050181
0.10889524700064	0.315697167899087
0.295844165068176	1.59786725252753
0.225394543738894	0.757851645436811
0.0908018461961592	0.75730658434874
0.0489198323333049	0.321856079820781
0.00798517290088482	0.0353119590682159
-0.015302811413697	0.0626121627049098
0.113696792020274	0.602465647009349
-0.052939364810969	0.207802879674709
0.1541147396196	0.739488376589189
0.0724037760762017	0.275196214824689
-0.141654273895549	0.692850057225037
0.101425047298669	0.433044927977611
-0.132196887673525	0.615122247081972
0.119993631076825	0.498913712524517
0.0478555759670246	0.152534888028582
-0.0247560624237657	0.0699243224306968
0.0813333902980569	0.283266527702977
-0.0526384672792701	0.178386309672506
0.0554862109542655	0.185858857163667
-0.0206758447428856	0.0617289947212929
0.175717695375185	0.743299215287504
0.0345313374250789	0.0953046164919822
-0.0689367342264657	0.14546797181059
-0.0323819028484321	0.0783956351390515
0.111471451500362	0.39740047744915
0.117063208231108	0.364278187329911
0.172806766417659	0.603459502682367
0.225037074615246	0.844086674225505
0.0902737975604437	0.211095521666443
0.191189428660677	0.610630960237134
0.243027543584865	0.685280478222978
0.054720552861755	0.384336163890246
0.0754329135438661	0.554346383698011
0.0555070833098533	0.334877581225209
0.00862901917227908	0.0370827361719937
0.173066998433315	1.12893606847984
0.0172597862653325	0.0563823314859985
0.17231549679553	0.910489095695899
0.165242614726119	0.942887933815361
-0.158598688196641	0.855070118244997
-0.0168765775735562	0.0565183913828509
-0.16440208940363	0.813360364393468
-0.199782464609738	0.960361145244678
0.197881777201105	0.948265065918805
0.0718958026096536	0.259295203411173
0.0860961826693719	0.327713331095174
0.200844806471741	1.06448723186392
0.0947383523250965	0.355902618848611
0.117912925191573	0.458303415022559
-0.052827787808155	0.167113614915754
0.0418812179674979	0.0926383152503136
0.011307383410802	0.0280835696536298
0.13793518631419	0.402039449431861
0.0988925944820829	0.340696961877773
0.197275881464312	0.85280260290462
0.0810159024895109	0.257097875240743
0.00185880909250428	0.00446019584193746
0.0327147327767624	0.0703834885420527
0.0846855536892329	0.69017235736009
0.0415124100505784	0.265157613182757
0.133179591145698	1.12321535705547
0.0288422404197191	0.128812372749059
0.0697013239642308	0.289894138191439
0.0123576482807513	0.0422483969736936
0.138639786503074	0.783548122679531
0.213488158380532	1.29812102618715
0.126106462069421	0.602793318445519
0.172477330179839	0.941625290578567
-0.0421767726275424	0.140052480632374
0.101678745806554	0.401665961762877
0.199548740562539	1.06676046034745
-0.000688388330700639	0.00193488813752121
0.0718142019681166	0.254892377085233
0.0195638298589575	0.0577996075929078
-0.0119269262114275	0.0332723743538455
0.0211840695241245	0.0633345903322082
-0.017911723933847	0.0372819027418461
-0.0308914731849349	0.0803630508390119
0.226165853232925	1.14658730539586
0.0167685634274891	0.0394913680017604
0.0938451217580465	0.265560424254114
0.240279528419376	0.873290745172842
0.228555100575575	0.873289894510346
0.00605087101180343	0.0160663402556033
0.150035014806003	0.609963558607873
0.0629961579111795	0.188985714890134
0.191979782673387	0.74370070541808
0.0861723012758287	0.204888033861655
0.00729771606283255	0.0156152324499897
0.00590863291298578	0.0137658394741017
0.133548934990008	0.335256424591121
0.0704065697335178	0.534087882961727
0.0491754129955071	0.324146546032888
0.169454251709893	1.44570517868127
-0.0842333274568545	0.401599936882297
-0.0483052601860391	0.205170385123322
-0.0314710078953616	0.13529971289639
0.13267478195042	0.734832773753602
0.0875774247177765	0.4069409054515
0.0265640631240714	0.100777344568977
0.00700679874299642	0.0216453953690512
-0.088582150245143	0.361272653822362
0.0140405565815877	0.0463197633429068
0.218776843892777	1.20045974330608
0.291160256070259	1.97977341688452
0.0673476654069119	0.235232915713157
-0.107041027492367	0.419262975813065
0.186893813377504	0.927685526746265
-0.0627058750660535	0.166758236843417
-0.151313026660123	0.557258341923427
0.0301918748991141	0.0940756660547949
0.00881379741953875	0.0210323722329516
0.152402334047211	0.513110406843302
0.0372965571517071	0.0873030569731033
-0.20227661270554	0.754849702017324
0.00310635543700755	0.00835997108555364
0.0414331592404576	0.134486733671079
-0.0244085505188669	0.0718017086600978
0.032211336087984	0.0897418071806212
-0.0975285738407891	0.253625268172519
0.124654812674368	0.405754146466068
0.115075982689397	0.355392498553032
0.00128086164971335	0.00244574186885545
0.0218595943114584	0.0451974846452124
0.0753580941638038	0.58526929362105
0.0569666850608747	0.383871717681338
0.0493159503647293	0.269148394039339
0.0575454071245412	0.317841974517307
-0.00600497034681866	0.0266308481136033
-0.0089975410176071	0.0348695528504555
0.0122003260338833	0.0471488373790995
0.0653175382720475	0.303891653414894
-0.0298449595071374	0.100150678813423
0.201898855525576	1.1685911957761
-0.212920251219086	1.30803915145291
-0.0613998751872725	0.23289096645681
0.2011598678206	1.27628857866649
0.138075098662107	0.63742932288024
-0.00789101838337925	0.0237050054580026
0.0919537632618498	0.369175404180787
-0.101692071605821	0.297500411908542
-0.0316284426341776	0.0920645328685086
0.095092925989275	0.377616750441167
0.252530447195862	1.17529292676507
0.120781642405584	0.370780978882435
-0.0336285735208344	0.0790281750418404
0.0318171294231159	0.0824010231022464
0.00546060658687472	0.015456560640897
-0.112248276659724	0.448601186286963
0.0761763874645475	0.264205474031599
-0.0631835678817237	0.187969307681625
0.195101079499424	0.59398510083521
-0.0841238530253481	0.225538829591559
-0.177225434054756	0.606230127052024
0.296429920497139	1.34366542956904
0.103652581377869	0.274592354289361
0.0640300348265183	0.168721873746405
0.15380965610449	0.608902385325166
0.100139364223047	0.868827844063935
0.0973184023661739	0.798514106131052
0.070741122287047	0.48854274769742
0.0215864807998927	0.110053266291762
0.0649943264843783	0.334042138471539
0.126902978446289	0.780468336988485
0.129072365197497	0.581985161889182
-0.103572658148915	0.351916692292836
-0.0556405390233151	0.146761007093234
-0.165924620522691	0.760483826635715
0.167341039403178	0.953908525597212
-0.00839191885385272	0.0272098935945549
-0.0471806363732027	0.173737208290317
0.0175257408501941	0.0549040004593118
0.0424059679074575	0.137186145761722
0.0435243993382463	0.108747379007589
-0.0789635947672287	0.266802414823272
-0.042875037445257	0.146911455992432
-0.0150912631062244	0.0483136881118075
0.0139107298354975	0.0448110059803943
0.0271981838858403	0.0926079766083331
0.017453130760891	0.0563690076920919
0.149201819080625	0.725395636032375
0.0295974626093332	0.0954468840685157
0.152222202167767	0.654488949129696
0.0319562777602521	0.0827856246278954
-0.109341431338801	0.309160258493962
-0.0982779474684754	0.24003025552944
-0.087733911734919	0.164856645129282
-0.113225957127295	0.246706584494731
0.355902959848526	0.871266631292458
0.0573589650706631	0.0968201711017565
0.0946731447209802	0.371578443822775
-0.0883885656526143	0.338368751053651
0.0278597607296165	0.0826670145387664
0.12409320960981	0.404567841158794
0.354923944831273	1.36033704620852
0.297949037404386	0.763275792685647
0.0773834386226512	0.605158391808738
0.0678438534545631	0.490127119647263
0.0826573658588479	0.568760103951433
0.0022931042308884	0.00924865080813955
0.0732854089705973	0.370282607210657
-0.0581928383226661	0.196176780780881
-0.0557093685471724	0.154621963633742
-0.0719384474851658	0.1800989128418
0.13313574896849	0.51746122066989
-0.000253572169244514	0.000822195254795856
0.016997883535335	0.0548429104827852
0.166368704158738	0.844495339892431
-0.0462666005354926	0.157217855523558
0.14095391633956	0.560856025809555
-0.0532901119732523	0.129577533914949
0.132947328658394	0.501676353000454
0.268610089360113	1.56709105019971
0.195637730612743	1.15896913752136
0.0720562756301799	0.30020205590982
0.0467259283697409	0.184745095604912
0.0919793937532983	0.426202730245307
-0.0923566093199304	0.397755747032857
0.0949811620362201	0.380904705957065
0.0286769550680751	0.0842635319933413
-0.00524093123027453	0.0112740240584108
0.00103463144591734	0.00184646897917713
0.0754465714574249	0.150799973661507
-0.234975072377751	0.488934628720251
0.148442305541331	0.32889273482185
0.124853159309592	0.20459782503303
0.0142689185803448	0.0222099146256087
0.0635514000477157	0.233994808873535
-0.114873472020682	0.476352620335795
0.164274433487767	0.688868140290085
0.016189111513408	0.0302644531900152
-0.0672432858168603	0.129272274264161
0.0641340300032136	0.174180201218864
0.120220031518297	0.263227598262682
0.219762236699767	0.486656539502822
0.138258075776086	0.361359495461466
0.158633338284485	0.295674253819548
0.116894319751127	1.09094163293637
0.10868580210497	0.91649062961189
0.0349496284446181	0.179090182108966
0.12669324164792	0.866890403665209
-0.0113212987746512	0.036052769123906
0.225495062897464	1.04957949620171
0.18459452859248	0.698779111751389
0.160741084489136	0.70208641552289
0.0473634083656004	0.191076160385233
0.0674679910752787	0.267210777762369
0.131206493164112	0.650324994736526
-0.0320093256999153	0.108286265597815
0.112382541036934	0.453214819272965
-0.113939191375837	0.306546521418802
-0.0738622568058933	0.248221084534418
0.212344739361638	1.14745462418337
-0.0193831995919324	0.0658151904533369
-0.0142738753749114	0.0488011013954807
0.0519068617413744	0.198855198275302
0.109293499936316	0.499823263581337
-0.211315338854214	1.22095393446559
0.0199693570483765	0.0636858791783345
-0.15250204927762	0.636074475885987
0.160083238148473	0.516747400031231
0.227846399480784	0.715265341170782
0.0897787039454145	0.193660892297029
0.363639838940433	0.993910919440222
-0.0183299418864567	0.033384288986185
0.33942602347073	0.841085815665931
0.267052322960375	1.66359761056143
0.077155739391312	0.295999627501513
-0.0401143845006853	0.131858746214171
-0.242919287675228	1.22628352380636
0.164675968564978	0.48568080255373
-0.267934856384836	0.801534194938815
-0.283891002120299	1.27253455791733
-0.0608643306416614	0.126106616946179
-0.0265347264814472	0.0472102599754959
0.0935027441649738	0.204152324291916
0.110847396787376	0.290938182673942
-0.124589128556731	0.247111004244311
0.132817577185674	0.26594510125015
0.0491906344000155	0.335939421488579
0.113941799078251	1.0106435627325
0.0550500197805668	0.354375632560129
0.0389301230462687	0.19012648719619
-0.0895438208543224	0.407781622337089
0.114391370867539	0.544620510661848
0.135702177426132	0.77820065687795
-0.0355710281014065	0.148873206340666
0.00135336169490153	0.004797530635935
0.0250035414973409	0.0952126056269146
0.118237499706978	0.576429854655174
0.0763913085510309	0.311009190750514
0.149430626661414	0.531503894071006
0.279988876355177	1.6855349459136
0.0749635253923568	0.293962601757778
0.153271065452692	0.695187770026531
-0.0629780271541321	0.217988179539371
-0.237704760294231	1.26677683066712
0.197621297002981	0.934598382715511
-0.0627335701783003	0.209477930202821
0.105959337426677	0.411490378200998
0.183991628159025	0.92084715818401
0.197841119191062	0.977642752131059
-0.0290812232654663	0.0818549383120164
-0.0313495587799664	0.0805486014670703
0.143325548960303	0.414759845521537
0.130401057789023	0.410009817030405
0.10805921398783	0.390520047290816
0.0441176318076066	0.139116991727641
0.140695370261676	0.51232745401332
-0.011222092986284	0.0300346315137706
0.0844321970908244	0.296978926730537
0.022399516611996	0.0605715165425731
0.082493706114586	0.24031048998508
0.107475816833137	0.32884967726344
-0.0677680348314833	0.191097651296298
0.00912574616422975	0.0218584841937951
-0.0102862319853502	0.0223150215276084
0.0122342096179497	0.0263702218862139
0.114953109635809	0.288146996332183
-0.127099578215984	0.271088700425242
0.0612468320585166	0.445397221702735
0.0613424481624228	0.438705157476322
0.0066795904041799	0.0304817281586717
0.0474317698021323	0.204701698539399
0.0758265639542903	0.33740621729123
0.0293597528864713	0.116080416992643
0.0405023083272521	0.174053566649869
0.0144496300822965	0.0547194858519216
0.0336159755663092	0.136575154103586
0.0217583229981555	0.0776084021319173
-0.0216102353908155	0.0747168681014982
-0.0204579354876072	0.0544722597464746
0.0148921773162614	0.0448779853175069
0.0404896445027051	0.141870639807481
0.00972439214337943	0.0288053488084848
0.0530183255133576	0.173681729853476
0.126619378388858	0.522906922791107
-0.0795010435090294	0.282493196996321
-0.147711361815605	0.621742387065015
-0.147750577639235	0.629330350143857
0.00529289983633719	0.015920847877287
0.0887419134370625	0.334223704901185
-0.0682094912338581	0.217078659936601
0.123790585402344	0.407132986317129
0.0475097674297161	0.106671876474792
0.137862724737693	0.455545523827255
0.311148239372756	1.01110762559415
0.0482066916638634	0.129247561319222
-0.0185145457710478	0.0510561442426508
-0.125428831778676	0.454807933841489
0.261380264986307	1.15794956404608
-0.0929954768953079	0.281976660855335
-0.153219919798836	0.632350083005445
-0.149774963620354	0.569904396468108
0.255449510042761	1.15917218918866
0.0111473632088326	0.0286710581989049
0.00483792883890938	0.0115840294432432
-0.0362585987314725	0.0922708258307157
0.436858241448217	2.35646022729487
-0.171177868160506	0.461068797874998
-0.0595387917066242	0.147091063206131
0.0230883629125864	0.0412015587633398
0.059995582680971	0.432812571957173
0.0617918065563889	0.419546609565228
0.179234373177993	1.36060050846971
-0.0129510112380204	0.0495629746094089
-0.0208136581998863	0.0848087152459428
0.0663299608764611	0.339077839887622
-0.0179467379444189	0.0730888552627032
0.0170146167347753	0.0649442144695562
0.110037675347451	0.542069686126129
0.0000705679147914349	0.000224670294837041
0.124477865175248	0.441967909384899
-0.0956604074238593	0.365181608736887
-0.0383298618883663	0.135248308669618
0.0991985232369467	0.382154505253454
0.290097189985997	1.65933154811803
0.328608852085471	2.03496148299164
0.18155855944808	0.829781046727477
0.000136056701327205	0.000364777467590546
0.0240088156921371	0.0709770191484127
-0.00247371014995266	0.00733714725467553
0.0999474655355555	0.398677424711405
-0.101985126503812	0.368293869877494
-0.209816365129132	0.87079230174102
0.0656780006069294	0.159921839146964
0.0495745444956278	0.136257601412118
-0.183356634447038	0.522655803069815
0.150755322458503	0.497446059858919
0.115095781815991	0.411547212020282
0.0326053814733745	0.0966555749373452
-0.174415344794175	0.715570964048993
-0.152435736979368	0.516631530292559
0.00690596118414673	0.0178931787425376
0.0222382176207334	0.0642298872508296
0.305732658943018	1.67987693190902
-0.193337814099783	0.772633075562836
0.126559633184268	0.439978580433633
0.120527474255365	0.430567209882199
-0.0218465213558471	0.0546185797337279
-0.122024733786964	0.363509043556512
0.15348297318234	0.479325583033329
-0.166881202104356	0.529896694647441
-0.395087705362251	1.27923172299309
0.0926867514627136	0.780618824178311
0.0555117989812435	0.369076570543039
0.11010944587797	0.910441718327922
0.00603745509669194	0.0277337340520858
0.088782911415871	0.465107976182679
-0.0126115560769296	0.05101789981599
0.0305331164568198	0.113735772100541
0.0871679900589811	0.368204713836833
-0.0233612718073395	0.0825224750778036
0.0520270089737313	0.14782831387333
-0.0976786926309489	0.328654318972324
0.0300256991466522	0.094657107883104
-0.0290818637411528	0.0709553101322698
0.0215968230916831	0.0475224031273162
-0.207669576515639	0.672680921281307
0.167336075546773	0.448943606698808
-0.0208576648907693	0.0406079611110053
0.0509382450271937	0.120800810913886
0.203076133312614	0.956668948008054
0.133055284060147	0.642708711845284
0.0703833760983799	0.278296973019168
-0.0723976833510356	0.253820713534869
-0.0417856363793116	0.115510547496861
-0.0907876118776518	0.311290750603992
-0.181320125000855	0.858368895453811
0.0603061179348636	0.205327128952021
0.00225235675393062	0.00676244366417759
0.150855676049996	0.63436904473602
-0.093073312840564	0.194614187496998
-0.0635884293579242	0.109109998512995
0.0875993672845339	0.17862121382409
0.135133426672696	0.446702435640971
-0.100067055337301	0.330924118988933
0.0502839929978128	0.151463823443596
-0.149779738378433	0.416358260587125
0.0884119964941297	0.309773873557089
0.141538525165282	0.561852289686226
0.0725919125043526	0.172956925902091
-0.257198350850152	0.645306441017021
-0.0406256652826347	0.113938774357431
-0.457100210319706	1.57837418742427
0.100958548458127	0.888620297356174
0.0631004722724827	0.451005542562914
0.00750208797500108	0.0350305036816319
0.0137410718440534	0.0538480817923935
0.0146079079377304	0.0567323412501464
0.0320458965605325	0.117893747101191
0.163066090328247	0.86229139551109
0.226250077361153	1.38829649201346
0.253974410410882	0.965827498502606
0.0823679598326649	0.247465476823181
0.152472109049995	0.599573319403139
-0.130537602341244	0.366363735906711
0.0333431727747568	0.0705822709399163
-0.120459885284531	0.28855402534058
-0.0550510041951204	0.103209276347044
-0.0891883680109162	0.182754677905951
0.145320570212371	0.415923052720853
0.216409005475736	0.940470652841961
0.0983536650514303	0.383675242774761
0.134827521757189	0.574039494382952
0.0943252130181296	0.330322191290788
0.0954791650920067	0.317836854804789
0.111648958234438	0.419676708680807
0.133550721142896	0.548806262609126
-0.232324570114781	1.22633273001605
0.131867811012788	0.566134906377606
-0.0221578118370981	0.0593788949733693
0.139290817244242	0.308401354741957
-0.543011313541368	1.6092568685252
-0.079593724539911	0.134953784104655
-0.017537850846957	0.0369415128886301
-0.185968551909675	0.711914970142207
-0.00066129716295391	0.00168882011321927
-0.0876738676005269	0.236093209608406
-0.126245629043396	0.450168963072737
-0.190527335342005	0.843466092018025
-0.0688953713667687	0.16432811661198
0.0683138272059955	0.142652709829429
-0.017448832588661	0.0408907390000721
-0.147595295788016	0.327652498725596
0.0777642159713676	0.614939674941336
0.0363773093733211	0.220382274371211
0.0290650747144456	0.134191014849399
-0.0083371985199663	0.0347549254948569
0.0437491455655836	0.166279085840631
0.095178455681396	0.408933138339401
0.0636178077710799	0.262960950650995
-0.103000307782695	0.303564978550329
0.100924876943423	0.325146826923626
0.239052618831785	1.18663109906485
0.0245647990717924	0.0489957795474293
0.272903684658448	0.716427359058511
0.244784347058915	0.652219267313017
0.099434500610624	0.182711004938551
0.259444317986711	0.614112467459855
-0.138673622588057	0.313226609614072
-0.0432737378264488	0.119507531464138
0.263273400072215	1.5761294368038
-0.0534138443960459	0.186750560814115
-0.0397079452584938	0.122505059699793
0.00927466041971286	0.0239165822651349
0.129646670083689	0.505519532834737
0.0965996684206152	0.375092422180149
-0.188244046494739	0.901473354260371
0.11861545965346	0.495211582670344
-0.0870921942778123	0.278565676144957
-0.026614940806557	0.0429294832943674
0.00104381752573321	0.00145929656913133
-0.224106087829108	0.406051074131626
0.0155659510584884	0.0331297978511875
-0.0668503002599778	0.197665369937173
0.0797991992882798	0.249186889456155
0.292085785190377	0.948996741354335
-0.0220973569778909	0.0624257761720359
0.0866219014921972	0.31152864701263
-0.301137472904625	1.03767455649306
0.104506548710336	0.207953246574532
-0.171554731493903	0.630345060641892
-0.257154845890843	0.674853715942248
0.0555389811436373	0.391907548846253
0.00931678167294534	0.0490475338398355
0.0770352585807613	0.546565596475134
0.0909296689767034	0.534634511171471
-0.0494624028500389	0.216485262823873
-0.0155839347050674	0.0570963850268645
0.309392230356087	1.80461083763263
-0.118661402679662	0.469721788964483
0.0660843828492205	0.246139049287033
-0.188524818444941	0.717841119281689
-0.0764282296964365	0.222620650966102
-0.192301619496935	0.668290926512945
-0.19964746108282	0.595887305004952
-0.00278954129712569	0.00579061946922936
-0.00857665065374993	0.0201517523790883
0.196368402211659	0.96704232211815
0.149614802029525	0.731031029765034
-0.0809699678850757	0.308938929909627
0.159912781942877	0.64695497347018
0.270280944401447	1.16111250987777
0.0225662807503971	0.0592094826189619
-0.0630162451679399	0.195401338531523
-0.0601849611630999	0.188195880261253
0.0912691730808514	0.333592434340241
0.116558168814076	0.440139061936704
-0.170682518697807	0.499400209744791
0.191823488053784	0.514473746676964
-0.181080858040184	0.469687792358797
-0.0324909996079883	0.08802134929429
0.136242834029009	0.50233814622769
-0.120244547916722	0.406288893272091
0.341762361204352	1.40613853174779
-0.0146231586923925	0.0407106744224832
-0.00774101192142615	0.0210479405642402
-0.101956862839226	0.265458274697568
-0.153829976128494	0.397642781642296
0.123736846883371	0.424148558054879
0.0858040942610715	0.173426150060566
0.0843128217622377	0.685550905973336
0.0828121779276585	0.638916402619863
0.0136070680248858	0.0663272135327006
-0.00132334132876979	0.00529127946698775
0.0619528853475964	0.275589442937437
0.122727755528904	0.482021249721246
-0.103681293442352	0.450315492039423
-0.132078991560529	0.658325626047934
0.109154065581393	0.49445814769035
-0.107448600042733	0.462370582360645
0.1403071181899	0.670647999162502
-0.0668876261180538	0.247916825872961
0.0818106917739503	0.316979535444858
0.0754198943441835	0.28929583993268
0.0178978133462632	0.0584883239233394
0.198610638322411	0.965751619020497
0.118391990180838	0.425128204558713
-0.0893204388498283	0.2760642946792
-0.0971333725445666	0.257301971408235
-0.00846391979147325	0.021019227456568
0.294742750430456	0.896924822328478
-0.0726125118539237	0.163027585826297
-0.0702686222422974	0.187672478956381
0.22551580756005	1.15588805215578
0.118415075921063	0.488862411577503
-0.147536072905306	0.603398245569295
-0.0278845810264585	0.0855170448452313
-0.0432230251170147	0.138803769832813
-0.0617419758978698	0.192515278982417
-0.102790062261264	0.337334941413678
-0.0770189326872882	0.267820097212572
0.0861364987828704	0.270663709351657
-0.205425968680517	0.805357890049125
0.001306671521993	0.00320163720216241
-0.0205286824163118	0.0546726460631753
-0.119606174649001	0.332237606918624
-0.106435012114872	0.244693914527143
0.0901608864051512	0.74924163178098
0.0663237657422883	0.469105232646553
0.0509668728473919	0.285621556341288
0.15993786016815	1.186256395292
-0.0115193773558026	0.0366479837892163
0.00232739329158602	0.00766450931746478
0.0219073206434588	0.0795413780390476
0.151096765984485	0.746128690440144
0.20099344273306	1.07022819578019
0.0143360779447354	0.0435026213887333
0.190685031132704	0.959018178159025
0.0699801556285967	0.244874031439993
-0.0287921906348232	0.0940959684603053
-0.0997798487030549	0.422175552533604
0.0135218637740477	0.0422934929820337
-0.158263734717494	0.707916165784897
0.126300528452783	0.467501227738604
0.237026862126254	0.975804582806526
0.0550830278808271	0.149712979419247
0.132609776974719	0.374456236753269
-0.0203440585274652	0.0498378588541556
-0.0900843446599301	0.295242000995969
0.0878376992231078	0.313080693551927
0.13097388476154	0.524346054071653
-0.114094226332948	0.399684054319603
0.0714175698882063	0.226575478275369
0.0155630098797445	0.0434947626839566
-0.0566657701055392	0.177170680984699
-0.0582446082149726	0.171368235248599
0.138778785333177	0.532550199291558
0.171242802245653	0.7213296199186
0.169320837007499	0.657420703591408
0.100402890469421	0.297264957373796
-0.21187683473993	0.750106312855781
0.0294108535678355	0.0716179907607771
-0.00246525021721095	0.00464923724244022
0.0777267405236274	0.611696687117908
0.0145433678614314	0.0788924070923972
0.0809629171393916	0.543900090509146
-0.0544468900914599	0.214947198864799
-0.0342366804199424	0.135853607039547
0.0816191284807224	0.395547666152072
0.113878002380328	0.573430503115897
0.203927199994133	1.28615296345158
0.0434166645786552	0.165110705986595
0.0572985815265288	0.225772926182915
-0.00509255065611869	0.0162210815593943
-0.129962392288552	0.636330013592103
-0.12724732679308	0.637113192543885
-0.104874103703919	0.435499911491143
0.252331153587172	1.2818234937203
-0.0912302960111067	0.308066255814711
0.017101927589361	0.0424695000232331
0.237837747332753	1.13443802539196
0.273195998262465	0.885956793768875
0.268362723109886	1.0087771743058
0.0556367062482088	0.15518457316202
0.0358963733242239	0.108737633109883
-0.175913205470497	0.831419593287161
0.15572639443241	0.6616140059883
-0.194526479545779	0.932795903790699
-0.0580782893853383	0.200059994664822
-0.0255659961366286	0.0721445471686277
-0.132131538332214	0.49601861565133
-0.030757203010415	0.0932886292002584
-0.0483974683510183	0.143560229580825
-0.157044493776881	0.543940873616952
0.0438407736458574	0.127009768943048
0.00482807738415691	0.0117892371497109
-0.0971461166246936	0.266644299943169
-0.211300739208162	0.597380307587058
0.0787770962400308	0.62402913710058
0.0854542694231516	0.673223186952691
0.0179727781130058	0.072976074366434
0.0713955483809369	0.351241058682708
0.0807969213888233	0.416080089560749
-0.0527473472367789	0.221446984322666
0.0534618059649469	0.214527143389968
-0.021862218802021	0.0771002837533489
0.30988679206932	2.29276119755124
-0.0115542337342209	0.0366290307072474
0.145382551982996	0.730120807330508
0.101232154626765	0.464316493795094
-0.100720096780894	0.43454278564224
0.0344852771468135	0.108363599236142
0.230190939951104	1.149455013851
0.19909273692241	0.812785424372779
-0.120337226362124	0.438733101633337
0.016086009521503	0.037079931283454
0.207126598179041	0.767935758621401
0.109479082420962	0.364990186079901
0.0726558387690405	0.251169072278649
-0.117573421946377	0.443213256501344
0.0147628540538168	0.0392417135081664
-0.11136480579651	0.40471819096906
0.0261902477576708	0.0804402065919554
-0.0164197593599857	0.0464607923022512
-0.165483074293541	0.641717554944351
0.050602525979675	0.155059089069179
0.0548087685237799	0.16902820429591
0.133414135524444	0.46485758635074
0.068010998596492	0.193292046825807
-0.0759506971028645	0.198785353275317
0.111079846999537	0.324741492436474
0.0909066782759232	0.19650575084839
0.0520479041108762	0.361358795028361
0.0728911427841171	0.476786952877571
0.0897384418575169	0.538824969235305
0.025205856068293	0.110312067505496
0.0617305006062716	0.268778726277395
0.0266184341837455	0.0960275673726773
-0.09892454526802	0.43848617676845
0.177183682175422	0.906645117816235
0.0144805704202376	0.0444170520611122
-0.0107981255062587	0.0341225621261387
-0.0210845357357772	0.0735187227258835
0.0887895571621856	0.391464916986805
0.0470119748366495	0.171301200882501
0.0458177567449086	0.149606588152541
-0.10926324665394	0.394018395479238
0.126278790195007	0.496643670460318
-0.0972139435755921	0.318236371891933
-0.247211535896984	1.19375218954206
0.0537365755159161	0.172063353231679
0.108242754361128	0.391193409567685
-0.0632398976363779	0.188681924406723
0.406813031092782	2.18647555364544
-0.226356008689478	0.88728579967856
-0.0164372500391481	0.0460923902178124
0.00465117442460477	0.0127703837037273
-0.154735314830821	0.604837609300954
0.402464074561091	2.28979001039906
-0.103547661805671	0.359523037302441
-0.178446709445825	0.702696282812396
0.237552747924821	0.826719969855578
-0.161769066611503	0.435852919178566
0.136548815480818	0.440988193542722
0.117830083157249	0.239250562931072
0.118731349732546	1.00101780855116
0.0248131403290107	0.133988387863064
0.153860158612907	1.0166279745366
-0.101093295489407	0.450830424656819
-0.148364590865211	0.707554168095727
0.142768612113657	0.627692779104551
0.149221666415348	0.599432522221059
0.0915177559718057	0.292539692106861
-0.0294779672507182	0.0851111806952514
-0.0127256764217671	0.03679853485826
-0.0446563805946399	0.135173106436892
0.0578184943967969	0.166315788878905
-0.112782989433078	0.332749977674575
-0.214770947805161	0.598974336794075
-0.087879099331933	0.208391978144489
-0.0749368602709811	0.145231757593137
0.0409407008485359	0.0775534221498644
0.200049764198234	0.585125606256363
0.396669870207172	1.56181764956226
-0.144024354667185	0.353796809607855
-0.275647703312351	0.772631681112121
0.0648503785568821	0.130313814245315
0.0744332781005944	0.184497881247693
-0.00902420685823409	0.0179027809107437
0.212004322316753	0.585823688324793
0.0784749605908038	0.146880975591528
-0.295820114616637	0.944747471419489
-0.0247755848046416	0.0439462898404928
0.241330228552597	0.472472335265511
-0.0910350736577571	0.143505442162873
-0.0971710648905517	0.18315049267314
0.464061224636142	0.90710243455394
0.122462010685289	1.13723488764238
0.0402767220667231	0.240745258762387
0.0427389028300725	0.226756547375606
0.0432187137864155	0.204944989653194
0.0695246036241483	0.353914600417746
0.0447951334474496	0.177184676150634
0.0399855441389791	0.146875657760547
0.0385384140926946	0.144074368912589
0.0939912545567521	0.444528837857884
0.115122875364778	0.513404839058044
0.136817981483008	0.580984478976749
-0.263344521064438	1.20676634260579
-0.247778284384604	0.861854571815142
-0.125613041712534	0.38822562624078
-0.36985020305458	1.09458316178382
-0.0770899646399357	0.166463599700329
-0.112271149498325	0.309579390694732
0.112770594426352	0.377878558997063
0.110322941219478	0.372168862471644
-0.134080659640755	0.440250221345721
-0.147802649910545	0.524694431318919
-0.214924884718887	0.973867256820115
-0.0102126901069152	0.0239828334944318
0.185324458745595	0.608259015992654
-0.0654298938451595	0.176442563938976
0.0393457602015516	0.101796736340141
0.118268305607751	0.299830765820611
-0.197838137036757	0.489854507264959
0.383457462652633	1.37849559133285
0.0924370841554998	0.205875846319321
0.070004867093385	0.120337845299905
0.112926347411741	1.04014660413532
0.0731271322795346	0.537174918205992
-0.0397201542615453	0.231456478969648
0.0245393772348423	0.129404101354072
0.0506065215991147	0.261074609407494
0.0625278524908479	0.311237184804399
-0.0241735127169642	0.102059425172372
-0.0103886897634674	0.0439234398857781
0.144436151910176	0.863304454484601
-0.0307198548575618	0.109199870459232
-0.0428070095471325	0.140697909196676
-0.110822220434809	0.385755320935796
0.209806865186209	0.988379390411885
-0.161150819551317	0.462000111653773
-0.012044601977026	0.0270398486687546
-0.00953189529281536	0.0253695286171859
0.0389803773218186	0.126120664030729
0.169997414993076	0.835750761590498
-0.0825521170324253	0.292846587768186
-0.150023419194584	0.641097491049308
-0.0246116248962846	0.077516648981493
0.0948788576855286	0.326972614024253
0.0768244760804411	0.239214428648247
-0.101962217012949	0.351762074479805
-0.0500900472212804	0.152862612789406
-0.0757407670247677	0.220793754944753
0.126176531707914	0.402834111590193
-0.100122536678502	0.265865621944628
-0.041570253772094	0.0985448345380908
-0.0663936094871014	0.133862728954138
0.0801502705680942	0.63622857012172
0.0773797941251833	0.589742879745134
0.108467160564099	0.898655092127625
0.0535872969369894	0.314050289761051
-0.00926828655196765	0.0407371658621278
0.063532786132341	0.334925128639026
0.00891901537224643	0.0367204212223752
0.0483260724182422	0.181251584678348
0.0156837367740288	0.0435974717553402
-0.0415295525186637	0.116021776807794
-0.127361838344519	0.360263762725342
-0.194106253684009	0.756849247125012
-0.49811564929647	1.26726461459159
0.447011899291139	1.38748097207733
0.0514340008496344	0.109094290290262
0.106456799673751	0.371127334118178
-0.0301426115176296	0.105537183306529
0.0156729924275329	0.0514611263897994
0.0491261954910508	0.177037966948935
0.0649782290383459	0.227743567642951
0.0511689176827259	0.138929818519827
0.0835502736849446	0.222697017644627
0.151921283284039	0.629755425216828
0.0393131873451329	0.0979253319812123
0.0954830912076447	0.234531342603828
-0.00310781478237172	0.00680289191838045
-0.0393425856796343	0.0977338444668636
0.0858504473575188	0.164772750129272
0.188274486012635	0.457236679076184
0.0805929883184556	0.64027715885491
0.0823366763609265	0.626963369790233
0.109675085669577	0.838382791635031
0.101917940956974	0.678860648606546
0.0683299792686405	0.361724788074354
0.046980637435131	0.222128443780055
0.0356248066815953	0.126326153040435
0.154314006498059	0.629010661135742
-0.0462028115095068	0.12740367014773
0.27139259723354	1.10280598485403
-0.249411632481185	1.01786786691657
-0.261693051421288	0.451343430339125
0.186050227620778	0.348896476303492
0.0193546076786676	0.0358392147406697
-0.0738625598539436	0.226948258383648
0.171186383168069	0.953874343467873
-0.105375475900093	0.473140272615283
0.065282353704306	0.254022838929866
0.144143699356583	0.656568119162327
-0.0341212303457076	0.083577827598371
-0.0199571427150591	0.0452565332037623
0.0748348100868243	0.241663991700953
0.389343733138368	1.84799040928947
0.153706232884818	0.361476293735171
0.112089720024328	0.296182290157708
0.0451080125308481	0.109065744031936
-0.191504495412346	0.45795486256292
0.147202805547631	0.300861925212542
0.0700818289218461	0.529280169273368
0.0909985604747444	0.723569248045928
0.037783810713299	0.214335466229539
0.0636879883099017	0.384163505418296
-0.0362803843664992	0.179133064190347
0.229781948276064	1.54903657725644
0.0653043845523775	0.223992338598758
-0.0312943271568808	0.0873325360360238
0.102663080630535	0.282119350946909
0.0709289223387468	0.217163853076352
0.217386155907122	0.373763592969636
0.352691319688131	0.817729395899631
0.108804789800557	0.228130695084709
0.0493188631837716	0.150870754619063
0.0744232761727316	0.333263672652065
0.15101546856548	0.860560148476172
0.0434838332040903	0.167360733987621
-0.0981096505854034	0.401394236680979
0.0330692071090713	0.0893760093005333
0.129206715202241	0.388665420662389
0.318460157241934	2.05440123028811
-0.175464039071569	0.584465636753412
0.225335136204739	0.638875742894752
0.152864481541763	0.469003531745481
0.0937346384774076	0.284053995948779
-0.0658223406835315	0.122035686961125
-0.278525380267621	0.816882587906373
0.0973301227121922	0.834462784599235
0.121163433957924	1.09357545091587
0.029563882692806	0.162683909780329
0.0403552031855061	0.221726033225076
0.0438190608620645	0.180046054532298
0.215407409301791	1.12829849052794
0.0773777468362538	0.251452978584243
0.287441430490557	1.18287990742111
-0.00612954428108796	0.016283051884792
-0.216317500564564	0.360678094776532
-0.615444787740492	1.78428205972113
-0.215016660491935	0.561982695625303
0.122525876630952	0.467974430600971
0.202892890980567	1.40927816563967
0.115783533603083	0.618000507834546
0.0497064139330398	0.202239266053641
0.129856956406234	0.611121797007448
-0.266430929390248	1.24083356830244
-0.136214314784967	0.42512530444823
-0.0795876422927917	0.298774481424485
-0.0747540934314204	0.21279031163496
-0.221377070949393	0.620752850955209
0.0913308768486685	0.263482547336526
-0.000657246551483069	0.00165039442411414
0.0348727469102435	0.0646357571741107
0.051788083710885	0.097130722118213
0.0660374541348104	0.489065147366254
0.0503219125722566	0.334396618181769
0.0238942926277961	0.131946746204682
0.0238249222491709	0.100983472911558
0.0626148375447903	0.245675794254186
0.216885238112205	1.11099834081586
0.0767561287919859	0.241942626048703
0.0305466298633631	0.0920570867575147
-0.155831831017429	0.263812315024873
0.0798446315362373	0.137172416413784
0.115455149353789	0.282366942580342
-0.0302416143942066	0.0914418697499895
-0.0522880619934134	0.227972621551718
0.0714440576492161	0.326616454828745
0.0843518536044755	0.389461178324988
0.130776814315085	0.628467778223788
-0.0217487421103897	0.0592255235856153
-0.0370871899150498	0.101145325739685
-0.171147262018633	0.805577001973127
0.0665788955086915	0.196183504001326
-0.0478425355810119	0.107567193859384
0.149023775807345	0.528128208222067
-0.241917185983441	1.08268608986098
-0.0890306715215993	0.176410006694109
-0.0972182253682539	0.216543735654744
0.0804941730901692	0.640888905653198
0.137446382738076	1.33981551235941
0.0979730092308207	0.628143764216947
0.110273538948028	0.549444682245294
0.0217042039578132	0.0684010747417363
-0.186191735668464	0.825986643439141
0.00180777831375826	0.00515100599277979
-0.0164213884272606	0.0299302118647569
-0.03230667362927	0.0674059655807346
0.0063597699742318	0.015242574814614
0.032198216090959	0.10680873105736
0.106941019671227	0.558671259004474
0.158529840011026	0.910104615472897
0.0484601107498405	0.196622733703848
0.0814863016466943	0.350944092379494
0.161379172316174	0.692460609698665
-0.0841006285448008	0.280167668759835
-0.00631356763052572	0.0196172609691345
0.214763963997126	0.927932093197855
0.0405098165021644	0.0935920525666266
0.261279401867235	1.25098279377342
-0.0756978981622121	0.240920247807125
-0.0774611575593344	0.167367778386196
-0.145474695675678	0.349184145693354
0.0546469729299651	0.382689155910071
0.0407208732441194	0.25233568975259
0.0271458138777025	0.130076389183994
0.104077083658171	0.545092245315196
0.0392486917243532	0.138092963503399
0.134684151478974	0.631821264797467
0.053295051655504	0.162107419133493
-0.0347211136853708	0.107548548261501
0.0762734152054855	0.285779254204005
0.0155244723396783	0.0549984101617938
0.140151709388014	0.781537422072755
-0.109284941746521	0.493801751663921
-0.0931765680374692	0.41166070036707
0.136406356696298	0.717652696883076
0.259102565566833	1.66302898393027
-0.0361541682885141	0.117128277229474
0.0285127759168059	0.0964427114054081
-0.0524768365044731	0.17801221258389
0.00250559725279859	0.00696551513350835
0.0487398679696574	0.154129271697564
-0.195823508295744	0.850025215899681
0.192383334899494	0.79309035518596
-0.0812037471534301	0.212489068919109
0.0627688978512891	0.460853925982694
0.0517902166771182	0.340663246873732
0.032197263845932	0.156526627011143
0.112380086581403	0.571331190332408
-0.00674680294763129	0.0239935223493462
0.116339321068523	0.589873681314216
0.0719650989552062	0.314359644301529
0.0416645400420417	0.174102711024689
-0.0039189521322805	0.0137431967665483
0.0493301377960399	0.164090586295375
0.0845478548229922	0.291767532860559
-0.0622259243571719	0.201344410465805
0.317323980611065	2.30304626966032
0.249536397285314	1.6435494686208
-0.018393169968764	0.0587528867254713
0.0633925374206559	0.199435098619093
0.0431310859554759	0.146232657435911
0.175433879344929	0.886631530601381
0.162731590257584	0.629073045375344
-0.296444301730853	1.252933909046
0.0556251041397158	0.180117207467755
-0.16736479992038	0.544457881877637
0.057032863425977	0.404157407726915
0.0920126090561732	0.732212529643659
-0.0059135632794246	0.0251757459856669
0.112949300002142	0.71671866533862
0.0274120550800169	0.120414222694412
0.116838981580993	0.669428103373296
0.0370286717241005	0.1568943100504
0.0270517368773701	0.101491718369236
-0.0967240867922829	0.342465711854154
-0.47048312416441	2.93115089075579
-0.0846557659969749	0.259884189371193
0.134793450065791	0.586939146387367
-0.079469018205113	0.319256203527835
0.107019080977186	0.439614449482184
-0.220783645705722	0.920661435599406
0.113169474723553	0.478334611583342
0.0609453040752512	0.222349797992162
0.00517471186612841	0.012204688592856
0.073578186841718	0.179540749594081
0.0563324953605704	0.182490002169006
-0.13402528960864	0.354314853865869
0.0604392210522944	0.433003231214918
0.0899745030030243	0.6896461334188
0.0335664575654254	0.185417541904648
0.0442936515155328	0.228162024660116
-0.0963440916357432	0.507775949467532
0.0723243188574817	0.337244706514983
0.0433881060462248	0.180349211103779
0.00255387815737976	0.0070798310940473
0.0729012456534021	0.232963571744687
0.175412267898084	0.854310309406812
0.00394576006558501	0.0116003251576308
-0.146906848705817	0.699831357352619
0.12192138265245	0.525425879242936
-0.034575083031379	0.104345966552315
0.0465053965954961	0.156188838209527
-0.182478540370215	0.893460209250709
0.130991930166054	0.466517727851869
-0.0203658220701558	0.0486781342369949
0.197154078172462	0.852057915847685
-0.0848164145468962	0.20285353081761
0.0095107478893903	0.0511655101024051
0.0309295115633775	0.184611023897891
0.0751033255960054	0.449966617604492
0.105896806707394	0.552964764090257
-0.074633093158484	0.325148047275501
0.0170858198955825	0.0588935448355275
0.098108573038628	0.341536115785294
0.140123864745402	0.627718818618207
0.10838187423859	0.423909854880113
0.0926698895689861	0.325755468305491
-0.122651326226218	0.485240869878689
-0.00178900973780795	0.00486363971578066
-0.0215422828739013	0.0592777451212826
0.0572529503438992	0.182574571042913
0.164681428562217	0.689395469053205
0.147912335905899	0.486907547778209
-0.234819405504847	0.828276806948426
-0.218355758408073	0.887310161120502
-0.0420550468980548	0.078195323322411
0.0856683888578545	0.700553623744646
0.067128298888991	0.463000282466489
-0.00642433401895358	0.0263778111032099
0.182502960134428	1.23944083416036
-0.0404452296261376	0.159004435621385
0.16123265656571	0.741327594819566
-0.0514631480976854	0.1616931048785
0.0573274525163086	0.185498629087408
-0.0114666001137337	0.0344750761966508
-0.0380841802091588	0.127807309196135
-0.243427124722639	1.38857070468351
0.0379576401743663	0.12145680847468
-0.0456166332395216	0.152390966884269
0.22314514658792	1.22192004323388
-0.0706210110351717	0.213555224820608
-0.154909083770339	0.523886192565071
-0.162337451714613	0.645155026470249
-0.0563047154475171	0.126150426280816
0.0156404316964846	0.0887063757761007
0.0537078828366975	0.360656144335231
0.107534965683313	0.783923431833136
0.224317460669465	1.78219737796985
0.0190070867331918	0.0479089848272892
0.0637574257520942	0.172986218122856
0.188674009593601	0.608838818963548
0.000953718652043189	0.00257306104916286
0.13658550351471	0.610215216433622
0.0422030981417987	0.144484152022657
-0.0398582654179606	0.111562161126485
0.143814007302697	0.655756781496963
0.0610060252420821	0.221166569458253
0.117315967709649	0.324601329265227
-0.289881811425461	0.895756438574202
0.0149758518496358	0.0432986742953267
0.0915047376212182	0.212290881432049
0.0792927547722784	0.628720726491094
0.0701380111341754	0.502550651218029
0.048028063534787	0.267042190671204
-0.0302000193983617	0.0982231414814665
0.163672950456614	0.687858381350623
0.104314713361138	0.38074880198671
0.00148267717114384	0.00460476784011135
-0.0581578108268962	0.224191190271591
0.0998897044164118	0.429788080935005
-0.120455303840522	0.450164073088959
0.00976632858869579	0.0304483584510899
0.113638364582999	0.494692966943553
0.0750832266631501	0.224740340483527
0.182971884065942	0.611093674326601
0.114109588335435	0.451384011982287
-0.12995119469688	0.338582731365451
0.0741237644156337	0.571521997989786
0.0720077185514893	0.536180941558465
0.149487711214932	0.88110294817911
0.154215264367639	0.782422321109893
0.265851406131561	1.80048532008265
0.114376126795368	0.598210057551333
0.00742348487458809	0.0262287900191885
0.139927963409437	0.747143617509517
0.119042193836113	0.467171995324249
-0.0131633049932759	0.0433712882304268
0.0650163397024638	0.257786840252687
0.0129206825599884	0.0343429938078085
0.27733933231336	1.20517002336975
0.0171802593092117	0.0513957475817109
0.290623747010149	1.22335975848179
0.0388914424638449	0.249034397838113
0.0524723799982239	0.328492213548441
-0.000819186052047623	0.00343087714561578
-0.0257752605285311	0.122054062479171
0.0668002278037739	0.388475394274846
0.00778319842894472	0.0297409636714248
0.0757238649474632	0.339133626363624
-0.0478495280805627	0.180758722290977
0.239989586207696	1.56546833108496
0.0940426108911126	0.408050338568907
-0.096529292530136	0.388170344654421
-0.122508974142961	0.473771269396606
0.0761266810697512	0.271638611229678
0.350550249651231	1.87576505574484
-0.00373128700704699	0.0197477861387948
0.0988414406828843	0.822365792455722
0.0596476528993524	0.394340363332584
0.0899307229661756	0.634101651003412
0.0762638825295424	0.353370592072415
0.072499098881034	0.293439360270419
0.0537826165736455	0.232856212812147
0.0198065284256071	0.0623066895740776
-0.128792782842405	0.491526535358169
0.0188341678970657	0.0600408284286443
0.146892807694619	0.728939306620586
0.0979594457065698	0.311845751152844
-0.127107584736866	0.434482533080796
0.0864769901130233	0.703345812149672
0.0861586177998644	0.651162634003677
0.150930997694218	1.3026739754206
0.119551655471424	0.618814770525182
0.129738574216477	0.58259328312896
0.0791686423314745	0.35714673400523
0.146384852280881	0.650261489589179
0.130299841903996	0.472084152550692
-0.0217997220454728	0.0661964849534195
0.10148261394598	0.414514795675205
0.130159535948876	0.410379414803842
-0.174227027856265	0.55114226511119
0.0757450017720207	0.585515127724336
0.119040272258716	1.04668502547339
0.0376141663558406	0.162020159570718
0.0280977720229546	0.103253813632229
0.151655187338113	0.980998200778951
-0.0706653982848047	0.266479146400546
0.0727725049556993	0.237864291984227
-0.180983491362173	0.966729265008834
0.0225776968151804	0.0780159329488551
-0.0647087366610819	0.188304893679191
-0.284625233035056	1.31478065279074
0.054336587285161	0.378462917993408
0.121503511382494	1.08383957207539
0.0819424819183607	0.531657016430517
0.101588589531254	0.66722047236115
-0.113450336573104	0.659384104230514
0.0832975098892406	0.394614478987355
0.0599295152713265	0.262323687255545
0.0317290491514109	0.12314688777362
0.15989622518386	0.781501852196085
0.0439046260840398	0.13944360514213
0.108401423672007	0.972337864120356
0.0882473560010517	0.674687729492637
0.0921189982148149	0.606120593613096
0.134388383844554	1.02543400091388
0.0153935083603497	0.0659354758945196
0.0393611595690123	0.168437410499379
0.0802012530142318	0.355922099006365
-0.0156006195168221	0.0540814353032646
0.0270282280682361	0.0808813213355764
0.0860138681116622	0.697171370080003
0.0254774510834343	0.146008309429312
0.0177861372992115	0.0955408098850441
0.0711821096747197	0.446643873371955
0.0646744504035747	0.326955603387866
0.00457339126109743	0.0162918104638353
0.0228537209850466	0.0837728445633227
-0.0413018301637298	0.131370201465678
0.0435402870613248	0.288542271531379
0.00973926765457191	0.0514434133860935
-0.0218691902831601	0.104037590783021
0.0791518868414317	0.459339334125192
0.131405957686359	0.858362767844363
0.0439830880415938	0.164810075929233
0.136814706811799	0.625221800153099
0.0815458191318698	0.651183880510474
0.0258518840587685	0.149604503128205
0.00664209724337475	0.0284379455374766
0.0523983311717503	0.236618589656006
0.122352755636359	0.705027814583673
0.0184601407887528	0.0569155840536881
0.0773715314376073	0.605112747841824
0.0169252126891811	0.089159260746104
0.0538337839556928	0.293950633465023
0.116321972277572	0.795312802581191
0.0589491984331404	0.237661108723419
0.0928438150151188	0.770460332104058
0.0652741926081133	0.443671895691177
0.00950556550692819	0.0400434946987556
-0.0048824912435542	0.018121691866089
0.05116584469687	0.344676400477904
0.0421028273401111	0.246305615107879
-0.0304893763763766	0.133364572926213
0.0580706381151388	0.412694132996002
0.0605431391311258	0.393946175264305
0.056467234589488	0.385750807157799
