x	y
-0.266467717658924	0.447138212326694
-0.210070855046396	0.539902910611576
-0.400268169068625	1.17694386170784
-0.222487485464278	0.433538417992632
-0.143875862869743	0.196647281330332
-0.250991038003387	0.65708439329798
0.100047903755152	0.184019461218114
-0.135332449791553	0.191516853333489
-0.133988073954041	0.157183421518467
-0.42720124606317	0.682780298433724
-0.104089184771481	0.16045008006761
-0.210967180950422	0.493012753075165
-0.0985510121398652	0.203073055549412
-0.169287122302871	0.247851889730284
-0.0837378621455264	0.117573161416609
0.299574128961663	0.588248704604275
-0.418908511749518	1.10890378949769
0.0613501789251115	0.113987806966134
-0.100768062272875	0.168037153376563
-0.316273317017236	0.627917123668714
-0.28086305996234	0.591699833636584
-0.202862563761747	0.392206725447865
-0.0223986030058794	0.0337220727197968
-0.125105402222283	0.187323372501472
-0.477416011214696	1.04013468402636
-0.0970912277505431	0.131883462829749
-0.0397439870519275	0.0501619930096924
0.0234311123665014	0.0278723119235108
-0.151397232073241	0.23592628951242
0.175774377857053	0.334893387942424
-0.170146455875609	0.338291942340434
-0.119901119383692	0.237588842523756
-0.0164704803095041	0.0235181794483867
-0.584494964306054	1.71671283924097
-0.223872700558878	0.405541303886353
-0.00578868130557706	0.00701746048887892
0.110266488317203	0.171946715559252
-0.0557461901407662	0.0851658788612767
-0.0932989216358095	0.178598231234245
-0.227444241641038	0.452175790778023
-0.175956664624472	0.3222660619354
-0.239789360776309	0.468663809893426
0.248375036141547	0.446393041733321
0.0756116823846638	0.12393185269802
-0.146684634780686	0.247699457610459
0.345403527413327	0.917446279849014
-0.221993423478675	0.48650853922686
-0.433741217092384	1.02940351814512
-0.214723158649825	0.36805969632186
-0.24058606579556	0.402596949619166
-0.0300063086282729	0.0378031927961408
-0.433620779222153	0.804229955077697
0.0151238537129754	0.0198414827131097
-0.575379115037828	2.1245299594436
-0.105683682841012	0.242647795090017
-0.146243794995213	0.304262414545785
-0.291737015142756	0.617021404149048
0.032653567900674	0.0538242069413994
0.273550305903205	0.713615033980785
0.0510972596312111	0.0962418007011699
-0.154949880889393	0.358735998422221
-0.13693798612179	0.308426903344996
-0.196838002058057	0.501167351864901
-0.406245500353471	1.21831726489693
0.319484302784201	0.606955003802637
0.350528263288336	0.471210115027412
0.182129234065773	0.219885191050542
0.0100540279964666	0.0100236065285341
0.111176401572615	0.155872441958212
-0.0926379984542611	0.0775445430150428
-0.0530035941027363	0.0540141510639572
-0.101189484729867	0.224752488351463
-0.282729881031328	0.502321669297583
-0.205553990558889	0.361958601561009
-0.354005839312499	0.544670368755205
-0.282092423897317	0.389380293080885
0.138844336648686	0.226556106124202
-0.207059142025539	0.442582114150141
-0.155931636132141	0.343652633886333
0.234074529125657	0.631018333766181
0.0137331081367489	0.024644289229487
0.0637063067637216	0.130571026351085
-0.423929939011018	1.46336585326204
0.0602674901060574	0.0998526429344422
-0.834841598014973	1.76383176258206
-0.321127432379087	0.409346353939451
0.0461790845482452	0.0440635775805622
-0.0134466627013749	0.0122791973065895
-0.424303238365308	0.742902731621029
-0.244569145067711	0.214556533025945
-0.0796306841764414	0.0618496153704963
-0.248336471943232	0.275743234398875
-0.173336071107131	0.279207182669815
-0.108745367563328	0.240692811944314
-0.0507553793224566	0.0931612853916623
-0.17372241025932	0.28772484358657
-0.275374945206012	0.434722163642209
-0.0227916889260015	0.0265863066969447
-0.0902326044463782	0.105547824093372
-0.57739642826331	1.39416448675315
-0.149403084671803	0.225713139769999
-0.472500036421449	1.10331390859099
-0.206247469286136	0.465441757131675
0.195498368008846	0.470194388304263
-0.0851473550076462	0.187138789689236
-0.0632343637059882	0.131073815133123
-0.0180573131875471	0.0366127125872004
-0.014557732832801	0.0269722017189256
0.0880797797668873	0.139070270833621
0.113416888202752	0.131273126331689
0.39848382560096	0.67150832041942
0.23085352713348	0.338784021592279
-0.889736672972566	1.46910091352238
-0.583236188151473	0.563566257462697
0.22083202359303	0.181650735184307
-0.202848488121544	0.237485168865316
-0.103755462529546	0.15984453621753
-0.279554302576867	0.866008944667396
-0.0865905638763696	0.201704331215265
0.188557173858927	0.420701633036342
0.170536149581198	0.278816281417503
-0.342301827056217	0.578092803303891
-0.292180115196258	0.755293621160059
-0.423095846054484	0.958492277754752
-0.153540494930746	0.291119151964184
-0.0732821056210533	0.126048657752978
-0.0539725122572444	0.0844830762317468
-0.191569947995357	0.436298339675462
-0.11550081289974	0.244453590156836
0.23897459524933	0.691350968824217
0.0798209388041928	0.172989066538703
-0.175720907716212	0.454053323941504
-0.336942218408824	1.06710714587309
0.0177388327222849	0.026531939538338
-0.238839600366961	0.291702543539203
-0.47661514533657	0.764129128666405
-0.770184501263687	1.14282271620822
-1.00304177640977	0.675011806073561
-0.850730708612227	1.88933553036577
-0.0115096860102647	0.0215226613002759
-0.0689639514966586	0.146227704093814
0.420228680995041	1.66884749632632
0.251246647140573	0.569014509348563
0.296762118531081	0.468782985148348
0.196159063063202	0.248712814357387
0.414069079851968	1.12654916661422
-0.0140930843731833	0.0157798318154275
-0.24330988688514	0.284019462574943
-0.258722808843156	0.507386255513102
0.050399316770333	0.0878341127664556
-0.153559328866038	0.321010549496996
-0.103635708678574	0.135950813951939
-0.109054601890558	0.173295854666189
-0.0382934448955177	0.0244445061354826
-0.263406130788067	0.746007596808904
0.135334996992901	0.349975212718864
0.0127726858908229	0.0274482128068206
0.154998450626747	0.40127817214912
-0.389906184052848	1.35963972217942
-0.133412536806916	0.251192333485386
-0.152454551590612	0.200544150083035
-0.0729723030720243	0.168235809928531
-0.219380155702088	0.647262547451954
0.289791331911643	1.00132425193575
-0.199117494701647	0.463435670751549
0.126543642125364	0.175533671839418
-0.197529842309694	0.280885562995355
0.318595800217805	0.757617279891958
-0.171009938597325	0.250905150654551
-0.146185115419729	0.163674323366456
-0.502530756688654	0.990265237263765
-0.157684870434387	0.267731271903111
-0.359802580127038	0.43714221198841
-0.046132048300025	0.080016352366704
-0.0703491530171255	0.110330221278614
-0.100163863482952	0.177865240403343
-0.0873012382075579	0.133895091495633
-0.411131934647439	1.04823263482462
0.206007402416526	0.547623525355934
-0.149040329816097	0.321729436514899
-0.256717610497739	0.481163080599989
-0.150616170576081	0.278713829181025
-0.100011700649251	0.101290234229982
-0.223682897070893	0.24859449728806
0.118373913404151	0.0685448759915157
0.295805862376138	0.232705528144067
-0.346674871814984	1.23134532982602
0.204531455600572	0.562562727505923
0.00584325013535979	0.00865135783056214
-0.102513201897271	0.129994856087812
-0.0347984785706447	0.0724104015931579
-0.0999687604678652	0.235882842149866
-0.229096321917535	0.619429531368253
-0.170595319255935	0.250185366319848
-0.485191419282391	0.980492114609872
0.159935553083954	0.345351258721013
0.29432396162007	0.456453666629284
-0.146597831587911	0.16422326089087
-0.0426008918294788	0.0574718078973757
-0.0589075156382125	0.0897336297010042
-0.323866188575323	0.448174921967992
-0.0264732325450496	0.0255972324762319
-0.0789312516901816	0.163333829346186
-0.00939622299408856	0.0167764993049445
0.192317717095637	0.482207870161311
0.0385123582974088	0.0777722246429115
-0.144633806375682	0.371360691639606
0.123397626477091	0.27325040937697
-0.329730664154122	1.16297044220288
0.147066875234295	0.262826671803064
0.625332006360012	1.73024435225959
0.167973415228935	0.192696690650085
0.16546300923309	0.207775348942673
0.00301427736963166	0.00355460041258442
-0.348140602851242	1.06516829952384
0.0170865473087841	0.0255356139625732
-0.0552475296412478	0.096173277408553
-0.36173156596258	0.92622732943365
0.00764490861519604	0.0143393823243674
-0.12879085047811	0.279660559061985
0.023201284130823	0.0371484097805991
0.0155589583841689	0.0224516633590524
-0.0304405178087959	0.0449173167999767
-0.0433390693770411	0.0946355613974156
0.262493732926635	0.740596637404855
0.141457728726994	0.326394918561614
0.44940749321821	1.70484300677591
-0.140555740963922	0.316652832772027
-0.353633712419095	1.0097783034362
-0.0270726799698611	0.0437005766787805
0.0229048162858151	0.0381820425033005
-0.348146855714285	0.93423122023294
-0.0528473878263863	0.0715831253138512
-0.0255089253772031	0.0436332051378189
-0.0157623715375271	0.0273958029709936
-0.132240940433884	0.340542219017156
-0.212772672695397	0.481214898107671
0.141947507791362	0.317556261892228
-0.14503637618636	0.327379484752617
0.0917419477376595	0.240510611787139
-0.157334682208628	0.437541486272134
-0.162857049765351	0.372021244745263
0.270127790387467	0.69032295187468
0.0437809460582969	0.0645716773683108
-0.181701111993572	0.257357957757398
-0.0993930423686106	0.157198241065291
0.396875843511191	1.0426090332042
0.1681981517168	0.311490950290303
-0.278464092292827	0.690365189228668
-0.0785606100423379	0.106650422248958
-0.020710126029659	0.0250859108588905
-0.031740062758121	0.0385535508167634
0.198980753208154	0.339756122520554
-0.00219486832526863	0.00334813234320375
-0.00627631084460904	0.0107816315836401
-0.320908501804116	1.03820666329066
0.00753131612817677	0.0127818053735504
-0.482907679124515	1.43529098199602
-0.135066574254979	0.259623764014319
-0.143232522218259	0.3622734593409
0.129192435470126	0.334020814456909
0.0155339719159685	0.0317102765405317
-0.143820470759807	0.344196238696642
0.0605531022801936	0.13715778768301
0.293942535953182	0.986009127968546
0.237279721449095	0.612671461289455
-0.205853318261749	0.497015845243901
0.0125518286338019	0.0239931285744756
0.544800105621071	1.74779236261498
-0.146420718089726	0.321654745685443
-0.113985449444388	0.248716833146877
-0.51805637071923	2.14437934141804
-0.0212178794883909	0.0419491858996522
-0.0295057675165701	0.0720506963014209
0.0611623354565932	0.146860540665118
-0.146219500808213	0.351398687662627
0.264535952332309	0.697988458095995
0.0626160926475456	0.0946855005479631
0.148862552468877	0.208295953973087
0.145199998428374	0.272808264947046
0.254310691658522	0.482788015652697
-0.41913325869196	1.57235814747374
-0.103269835104514	0.21629758441093
-0.203162644824182	0.356738981874844
0.131807104838336	0.22231582406127
-0.166090890569237	0.28932373085534
-0.22649230183214	0.389194991287259
-0.0216660755266948	0.0291842693467923
0.116906216705757	0.204566363282534
-0.381852046294783	1.27984949464047
-0.0425376534142477	0.0918228807924193
0.208574264840304	0.569645634902482
0.44022020209023	1.48405151357003
-0.265244760369504	0.545773461022961
-0.0963688172331138	0.185430779693493
-0.184321257701708	0.31437044359681
-0.113394687502175	0.251782161463496
-0.00494160620537319	0.0103803631097441
-0.130087487880653	0.368547752667931
-0.092514350113274	0.241267841140448
-0.375327296813006	1.22258386424481
0.199743776351612	0.622255669659133
0.0214519060085712	0.0488167260216909
-0.299282743744236	0.774767579304252
0.397706530339463	1.1260025159911
-0.115064914237545	0.291736818683908
-0.0856042662889472	0.135074018540682
-0.0122982151806187	0.0204891744802231
-0.239630038895942	0.604688234199767
0.0232217967223786	0.0475032510480051
0.0664485295601607	0.143485388805241
-0.134126177121449	0.398455877334093
0.030016412708589	0.0647881080632917
0.11420262280825	0.236887711819987
0.341913914656821	0.635392411440366
0.635941475916522	1.2295109931235
0.230658387605015	0.381337786570424
-0.247244745445668	0.664696213433046
-0.0600707395804335	0.0729126427207573
-0.650128982703214	1.7871184710428
-0.206063101256305	0.448165137290823
0.381810917406385	1.13714745626383
-0.253257926233687	0.560742179381551
-0.0265298486087461	0.0480394518924294
0.0331000423532499	0.058305559486257
-0.160583218291821	0.365385200016814
-0.409959527978811	1.42427200497259
0.111305572161091	0.247599385855774
0.136760831197733	0.341066115296846
0.16330135818897	0.343780711699524
-0.177626717104696	0.340369504825063
0.0675505269691131	0.0913103196730009
-0.252891915128652	0.529222917520534
-0.417340995057428	1.32933499338075
-0.117656216812637	0.307840124257088
-0.155729263368515	0.460453288107031
-0.0161115655845427	0.031645219899342
0.133927218529263	0.336432160338414
0.450828000858008	2.00384378251709
-0.287602201164025	0.960081308460336
-0.0268686743291142	0.0533056811890498
-0.0126043264818013	0.0232677543990832
-0.0498403483325815	0.0964515369097355
-0.176114943605326	0.40594694028065
-0.132643164856583	0.223822235574173
-0.195317092872856	0.31576231779327
-0.140482192222512	0.18492699773315
0.0108571794679945	0.0181958631074655
0.15338162757243	0.33298924215711
0.455757867558326	0.985314313073269
-0.015535495113142	0.0268784213486645
-0.11114566287454	0.211511107214926
0.0519585627747341	0.0729877320668916
-0.095397711788102	0.116128592364844
-0.203940770392597	0.203555321697593
-0.0152378568693009	0.0156050436065379
-0.211703013982219	0.371576453574343
0.31996906241781	0.76194559278766
0.209151971873868	0.541079243036562
0.0863424968497687	0.166837129838405
0.214008551438328	0.593410122816995
-0.15872942681418	0.378330272549281
-0.0826261831642036	0.160508596009026
0.0545574914324375	0.0861090259115279
0.246785560452318	0.344166139380318
0.119606373176392	0.129223305043077
-0.713326624824321	1.10150188357808
0.205460288771023	0.23787248837438
-0.378972373333589	0.6421573429682
-0.0674145738745153	0.156494182402377
-0.221899312597853	0.338014369451172
-0.170312515992436	0.249697571696862
-0.0637903655556294	0.126408772167607
-0.0846073662558699	0.126369262030359
0.0175678620357664	0.0282734979968139
-0.359165269547659	0.436105862314029
-0.398285025859996	0.615479236566689
-0.0549507419065207	0.0790635069385102
-0.202891711219022	0.365388455882339
-0.296812923107978	0.680607305420986
0.0356074289090529	0.0697375006458696
-0.0959658236070694	0.224599482816708
-0.0897130168910858	0.165443675978982
-0.124696309929929	0.299626276774737
0.128816459607304	0.156372791968783
-0.327891290494435	0.843993166482437
-0.3915158060008	1.35525405731839
-0.0783686026003168	0.132641654129363
-0.268172001853537	0.526249009617114
0.5892226610912	0.781949148319876
0.0917013087919613	0.127442055176053
-0.0472865953186291	0.0719075422150913
0.0137902500256485	0.0233713593354208
-0.108684496182939	0.246662018917345
-0.082228428271369	0.185663903700283
0.0506425267534552	0.119546554768402
0.148944675222551	0.364806969493655
-0.0273431055284942	0.0540562969571087
0.178878064833471	0.399750535345463
-0.133387132458463	0.182442999061777
-0.0660615897723189	0.0772350151354886
0.117779586513518	0.148270064858352
-0.182185954394655	0.193156749676356
-0.536001194800121	0.917049410721506
-0.110442991479236	0.105238387220631
-0.264404608314059	0.494712196981382
-0.129842098055963	0.390777683013635
-0.138241408353486	0.418793617375385
-0.387212641595118	0.736291961238109
-0.048965783602271	0.0848388944514104
-0.104283345461487	0.205215061119931
-0.594696055200728	1.17762064963272
0.170638440230745	0.279073497062738
-0.14617686294323	0.213511775102226
-0.0823063724910315	0.15651973453327
0.0190368661066932	0.0307098484234978
0.10414298214777	0.150514038301188
0.265674620031445	0.649533900054918
0.399277785567085	0.503764014503344
-0.152779428364599	0.194084219665605
-0.253910701981454	0.656633764056256
-0.0803488293541329	0.116456849029786
-0.0369807183442597	0.048277655910513
0.329384805374546	0.338800915633203
0.362272242983965	0.583853306496282
0.0248472715236739	0.0347198831625192
0.0664992260528479	0.125431803870527
-0.353943857484388	1.01103671091329
-0.141094814193694	0.350978584750392
0.0937152974293106	0.214753731616037
-0.0336905445820567	0.0689222172311802
-0.131594518118482	0.291210985090956
0.0454638480508587	0.0719731321450714
0.213197595858125	0.288822170717529
0.058720149488444	0.0623959560731457
-0.556011382412505	0.798433975134487
0.136438014190677	0.140159250027728
-0.167536681735398	0.205015351150767
-1.06478479581086	1.02520283662482
-1.16083819927518	1.63519299903575
0.208595533070486	0.309470178625166
0.0624821988883742	0.140075252098798
-0.0974469545360687	0.217150067882051
-0.197426934696568	0.615159883484754
-0.416909379706132	1.02677948834
0.0950208610205327	0.111707528895457
0.149697405803006	0.270908686895864
-0.103911922671599	0.180854950653827
-0.489203269351217	0.703807792473802
0.105146295299452	0.0751637417629158
-0.0107063117433937	0.00846354233752504
-0.170046161258923	0.100458589343795
-0.348370775288738	0.322443559949675
-0.239380672171152	0.112767583445325
0.216974327798635	0.11192632937618
-0.586937390563979	0.638604631590177
-0.236101533966404	0.221096879276729
-0.252998892064143	0.205627775453439
0.164917546411005	0.110116274370248
0.426668950581896	0.190712655842488
1.03411559936993	0.886112106654866
-0.0792723093905496	0.0615544275666994
0.0327391191808297	0.0255038462079775
-0.541437913725636	0.652576168143226
-0.0817381541144177	0.0735046713379022
-0.375210643487551	0.32288854543949
0.401535076736012	0.27529848518695
0.253600509578618	0.154354336266783
0.198299327236149	0.0931895306489991
0.0311993047865769	0.0185213216979058
-0.43872195143937	0.103191695346485
-0.540409453288781	0.270800862462716
-0.46999950336275	0.322429829990469
-0.113769384128795	0.127587488403271
-0.19931770109947	0.253867614394484
-0.699330917356479	0.449118214464466
-0.580707431903689	0.521724751853109
0.39533373777111	0.0814151859582203
0.395212344728141	0.0813978503087161
-0.10227073557106	0.02806607332857
-0.44820584922548	0.515659164105134
-0.307040847926229	0.285625758295427
-0.178553505737629	0.157915803838152
0.0446410889454706	0.0141571835144028
0.0071881579807394	0.00318552533350526
-0.438310039537103	0.103072779941148
-0.410381597383172	0.216531041276669
0.144804179102575	0.0903595460915726
0.08518972464493	0.0576629309620761
-0.0294002418718406	0.0249566873230504
0.0187766386468399	0.0127690993732917
-0.282981791630825	0.183135087968001
-1.45776873146768	0.797432619832971
-0.234214809031559	0.133979904291158
-0.580852271699042	0.521826045895482
-0.461781667147335	0.451236904504481
-0.13657116076751	0.137499410262167
0.117338030912592	0.11344131663602
-0.3293604713654	0.362756800361159
-0.768655033161028	1.13963765276002
-0.712538464508444	0.397708736526572
-0.0983438447563331	0.0507887139409581
0.0506562751969823	0.0247386038195903
0.216791864274216	0.111820960772134
-0.564274357303896	0.329859047931531
-1.35480512505794	0.467045788318251
0.81813475800813	0.339854953819008
-0.489790461208452	0.161854581059381
-1.05061472942105	0.461671507473005
-0.182293419931635	0.213260045191988
-0.011620566978124	0.00990976750079257
-0.0141968773151673	0.0129694360490784
-0.680609241893341	1.31716060153339
0.185112467841915	0.197322187154324
-0.644535071858463	0.736559689694835
0.216610139475933	0.219363705679875
-0.516390628339511	0.21542111586197
-0.162424201917806	0.0804535027101956
0.0447554074469217	0.0141903619788234
0.431707332910455	0.145651172985488
-0.745966013601545	0.703497956473649
0.0875898947788814	0.0467709124687922
-0.575173397281491	0.428275830254569
-0.574320862214407	0.427459229786441
-0.540055776389092	0.270568171456774
-1.09538497950358	0.639671569651469
0.589469472708616	0.365130217514192
0.703114732029063	1.04056152766656
0.548947076513577	0.634077037860509
-0.398760706926338	0.437659426225137
0.0636099776201131	0.0476618577577734
-0.0612186811374488	0.0435777683079121
0.0601601813513414	0.0382637180165125
-0.116628052525061	0.117654296185179
-0.0137946996495972	0.0154417060872085
-1.23316823697341	1.15504207720568
-0.410381597383172	0.216531041276669
0.882354056237941	0.528660619927984
-0.470283788914874	0.322649185197866
-0.345753053905902	0.478493843989057
0.475945007049215	0.818329840158661
-0.166351924759048	0.195067036947564
-0.318305000454918	0.369868194912603
-0.585588121202457	0.602468897203707
0.139729865583147	0.109746875206132
-0.306765227890576	0.48499415081403
-0.214239054929169	0.294626562830167
-0.332033332865671	0.404012525527375
0.400391628575872	0.68703542933713
-0.22190955239846	0.147387635394649
-0.130967499314574	0.0908526259937835
-0.795795004421788	0.306574667178241
-0.431509626541684	0.367209066915242
-0.0989589100141254	0.0511184848514912
-0.515972858018085	0.215196498458147
0.770084154703984	0.713179741101034
-0.89673959662064	0.952754032585676
-0.699611354743655	0.449417694737596
-0.047093845998762	0.0252211497520882
-0.259500080539091	0.316837870856157
-0.204494108453395	0.216280859953183
0.0144884176326565	0.0137219451883016
-0.520397955776266	0.747458144463588
0.0637313104207424	0.0477589289988392
-0.563028809741337	0.329300444584153
-0.637122508896886	0.838367579673821
-0.669544071335181	1.03462337530984
-0.86770831293523	0.980499685635111
0.266798675310166	0.174599472197568
-0.0348304146321294	0.0250598803537906
-0.263208096910827	0.193729015742104
-0.107613704222541	0.0829950463889598
-0.262118504609081	0.0949293590143189
-0.843043672191549	1.00425127289171
-0.355290984331183	0.672836997306256
0.0716235293218015	0.0936004312478643
0.569869649372585	1.35841838741837
-0.219369880845627	0.280294151410973
-0.931312267709438	1.10509363951717
-0.514841409952221	0.709630952535831
-0.423814234212434	0.513585329849782
-0.282434330076731	0.182697732130568
-0.669027870576599	1.03330564753107
-0.153301015217741	0.194859876033203
-0.0492400521886206	0.0416248253598023
0.0677336030450162	0.0685914101807568
0.397923202675407	0.612850807374704
-0.0659910135754577	0.0771473036087432
-0.438214535262093	0.654768318426577
-0.0406323417811545	0.0493393385579855
0.0661148478186938	0.101437830159849
0.287372912228838	0.508637992153395
-0.0924109012466256	0.0884459738791073
-0.182217713193944	0.249463582625177
0.401469269431374	0.330166566150515
-0.531453605149302	0.579566546012063
-0.252554546820094	0.205179927535757
0.918456812999695	0.881084497345079
0.198299327236149	0.0931895306489991
-0.516808452635797	0.21562610570822
0.541796266473875	0.643469575552704
-0.0852058763755463	0.0866228242869714
0.140255052716011	0.110205427312441
-0.26109215855394	0.259349522252658
-0.687868843514258	0.903645768235391
-0.509041181753486	0.462691581832806
-0.209017958343748	0.184049313591546
-1.23301486369279	1.15530266264864
0.0313465122832943	0.01860779303652
0.0986106196596977	0.132745862514329
0.0962641923707771	0.105881555605633
-0.411712690636023	0.403745738318611
-0.0332965888681623	0.0239389594492154
0.221695889902205	0.182561530183009
-0.375200806440438	0.322847372748397
-0.0536119954522746	0.0418860492728798
-0.268103711692561	0.587597750388543
-0.398792219314586	0.902005749325193
-0.397090507495415	0.795275266161172
-0.254755409438424	0.325070804523219
-0.0478666698443273	0.0404263783165724
0.110410240218921	0.135919766566662
-0.00243151416769028	0.00249349105253065
-0.263790856224854	0.194259167152334
0.684898714590725	0.895587187004397
-0.566472756906344	1.00159768756057
0.117146639768004	0.167494054623037
-0.095976553364305	0.147681160378864
0.238595252815794	0.460640234265361
0.370165709806086	0.714750168987934
-0.202724054157251	0.374197651754554
0.255087350970336	0.590530393883417
-0.0295859430682717	0.0570038679198313
0.071355882878792	0.139993527968436
0.120630444740492	0.194597820804977
-0.0194201337945223	0.0311296817578362
-0.346031445364854	0.360834764020656
-0.36626818964516	0.545702593340154
-0.1615383456756	0.079989337135473
-1.04263003710625	0.852003547307197
-1.04330134599244	1.65572996417944
-0.251406286715121	0.334171792238665
-0.677565485411093	0.968465035541198
0.144520899831512	0.0901793206300053
-0.937784036124869	0.711591365375946
-0.583507166510369	0.563927455890542
-0.0467401852062159	0.0523970783956607
-0.183396767725243	0.214822962530492
0.0522860933381576	0.0580196682500326
-0.182946547392104	0.204297339604556
-0.294816854254299	0.422151965591056
-0.288970293326508	0.383951538662973
-0.694191092078893	0.871715556973966
-0.536962035289619	0.616321963798404
-0.155278225197539	0.147077687109269
-0.149705063360731	0.132865664270208
-0.0916745599919624	0.0766735709340212
-0.0873377619375448	0.151527664759598
0.0303558410022982	0.0458895464044459
0.111351901704496	0.206541771436848
0.132788797116594	0.212778936469423
-0.193413461847735	0.321187397736791
-0.381154192560065	0.802132947662783
0.0182915122644579	0.0163448361484835
-0.402887674294668	0.511997527893919
-0.163781986395189	0.183132529314032
-0.110470602424175	0.105263737797591
-0.169832539118536	0.248849942497825
0.397361235514441	0.897648549116721
0.511826980281168	0.689102151010297
-0.548467769800961	0.723729408024478
-0.0833883721076091	0.169892619685339
0.0895802063748972	0.18879805930499
-0.187128644540489	0.487711052473776
-0.0779407860964706	0.219274873190451
-0.0804756406043061	0.155715496328515
-0.0482436326267595	0.0914768378731667
-0.0789611126530904	0.114228223368457
-0.353056938877936	0.772933239968061
-0.223401298321072	0.533672487762574
0.0845396852498539	0.177746640000741
-0.793761491454573	2.68184294151849
0.00719816185401494	0.011469892863403
0.0412307468069863	0.067909317576097
0.106166344815885	0.192463911762006
-0.30891729437613	0.788156510687129
0.0934157361055112	0.188813060293345
-0.176929240141022	0.500836347036087
0.225809930794745	0.75999256802861
0.153367312639286	0.321008581232729
-0.313940007413135	1.05098969383844
-0.0583246775367766	0.0561897178241186
-0.243910703990949	0.396550981558946
-0.00384809956951055	0.00213095078558209
-0.263061340630482	0.193581985467874
-0.204411165265633	0.492526025196841
-0.0346803079729715	0.062002014957345
-0.117769250696329	0.300335995247462
-0.577536996157852	0.475196939732557
-0.447947991383294	0.410363635638026
-0.0383015600335701	0.0482621616790152
-0.461980712608764	1.00618827604557
-0.156800597488487	0.22909865025218
0.0497715472890362	0.0609733239154553
-0.334703875475082	0.682310180678039
0.398369049126121	0.659901159434064
-0.224743554714475	0.250032057097232
-0.234132813124297	0.475838453451311
-0.0106728414333934	0.0156056681675055
-0.183239363373605	0.224118859415874
-0.235868013739917	0.300949940748652
-0.0624382374840985	0.0563689518084585
0.265241987067626	0.342369577571041
-0.127341178387712	0.289021168443692
0.0584817796057931	0.107443018740201
-0.0104520323604046	0.0186875166203958
-0.263454806282221	0.661988689490247
-0.00892025348010917	0.012688613213215
0.138045532455536	0.142028399693472
-0.364264875352971	0.672223969339986
-0.212857346699878	0.672508054362432
-0.435764485144091	1.41287164600473
0.248528419858644	0.400322093509843
0.564995931036155	0.988436136747484
-0.118582053173437	0.138973049075052
0.0676250778964181	0.0684845390923208
-0.375239566342877	0.674699254786564
-0.25765800066323	0.517519248512728
0.193997815561102	0.442717382645885
0.12618234476397	0.139769409540509
0.449641837400952	0.62980965071123
-0.0716543277047843	0.165422645907642
0.0584357410230439	0.121850858324933
-0.110439425154646	0.254603058749125
-0.251580586671747	0.746527345835829
-0.357580348248238	1.26325607950914
0.134854045567285	0.292721622786542
-0.181348048264412	0.425493706352055
-0.120496088318494	0.260802456940304
-0.192909940793852	0.497883369349974
-0.100099500198802	0.174564785825156
0.0168701899464176	0.0294391496625771
0.0507990438788064	0.0951131511883705
0.055191851248615	0.102812837124386
0.201684565275515	0.429678063377232
0.181894467419445	0.414043248368695
-0.0683089807021078	0.117337849110818
-0.0263839110095224	0.0443324837062124
0.289704845943652	0.852928225608881
-0.0503609189832103	0.0923925847969725
0.0371993960812057	0.0722956463506595
0.271846996704659	0.879660424906714
0.0459827826908727	0.0868665546307495
-0.257330454723264	0.622070803108753
-0.0817196691670669	0.135523957432695
-0.180344014804175	0.381901285922714
-0.260688237699354	0.258872412286861
-0.330652191144538	0.401738397007686
0.0141825248345125	0.0164771130356077
-0.340739982203675	0.574250763708555
0.565182830078644	1.36258735921863
0.112394441654245	0.138632750305953
0.137406102097554	0.211318532810113
-0.00967954227943412	0.0137780784488026
-0.203647481181747	0.328445199288103
-0.126627279125787	0.20226495615014
-0.226833294935208	0.401162541919908
-0.319385381641624	0.819738994993061
-0.125139413230606	0.248428318523318
-0.0424345446723411	0.0761165398065545
-0.223289296333738	0.404109699363139
-0.13264161214619	0.187101991488501
0.562013865755358	1.17307933249912
-0.444605947324864	0.96540143935533
0.138470652792274	0.28561576010462
0.199422549122937	0.495356403015908
0.305275290476949	0.93534161112362
0.0744618449599066	0.129868592889618
-0.176877033615835	0.317077096273536
0.274221250795343	0.377363056765227
0.141682708516334	0.221598230871983
0.000688022987242445	0.000983043576292369
-0.21633913482734	0.514682910063895
-0.0203259049968001	0.0377673096821093
0.0137939807643604	0.0214596565463946
0.628734518328168	2.00787036238416
0.25638457762073	0.54798262564149
-0.312732436617542	0.589144859715097
-0.459856806565628	0.78227416044876
-0.0924769045764422	0.121198598719382
-0.301084270805966	0.332733388065143
-0.0845586539934444	0.137103067722152
0.423761817280397	0.943124500098402
-0.0781082285885805	0.116645464652388
-0.160876497130065	0.305892353497045
0.0868347479310729	0.124468692614579
0.273398921534514	0.369307423132428
0.0251805968550167	0.0707875793412558
-0.527824133168951	3.64433884475631
-0.210600669282911	0.829368990094004
-0.0480156602879844	0.129196328559669
-0.230783909154463	0.995165090082902
-0.0240748129178399	0.0601354327723078
-0.0377859277323882	0.0928233322325425
-0.176770917331271	0.616869369541745
-0.0798621483242176	0.227304770199213
-0.207156319687614	0.744021312313915
-0.263328658164578	0.944957425799087
-0.0150820619555862	0.0324909608149338
-0.230444663968457	0.922422040897275
0.275359444997876	1.08230201336213
-0.289256164812315	1.017498534496
0.114080483278727	0.302749791384265
-0.105196611542348	0.285216769189127
0.0204846096731833	0.0433330587344162
0.0262532303229435	0.0621740126375267
0.0140239480863799	0.0323888937638116
-0.282564667131034	1.20234180023734
-0.0881896324575216	0.268856217179629
0.0191539584693771	0.0459480613101885
-0.103681963797089	0.264344525154757
-0.146439152105288	0.41538693233905
-0.0284950438732824	0.0645315431913421
-0.0986223783231216	0.238456720110213
-0.125771844695118	0.159521618500307
-0.324004467317989	0.480944765043224
-0.122689281886766	0.205952956459922
-0.159877994217873	0.329492161465536
-0.28469252163049	0.67621737427734
-0.116341581278247	0.246524333499766
0.0108824114912068	0.0182372666827427
-0.0378937069677224	0.0664846236266518
-0.102852307791431	0.191223667780024
-0.0572987783189978	0.113289545532799
-0.0770494336649001	0.158873255187362
-0.0762948732105201	0.128677197270872
-0.0374080099958629	0.0620204795237677
0.126986597524158	0.284638335648359
0.308122523449746	1.23525444554067
0.325116255075908	1.34149113438915
0.134790134983113	0.375145528618283
0.0359090979817685	0.079445976663401
0.321919309950307	1.15548193207192
0.28764361373256	0.604802653766157
-0.238777592648929	0.575219977617441
-0.0873209764599677	0.216532930098137
-0.0323048678184553	0.0765403648238311
0.0166126932592044	0.0315433994507804
0.0255245559573176	0.0548066555945024
-0.0498331018958049	0.103585340817241
-0.0324613298219341	0.0638849732450198
-0.130066898829563	0.268789113081234
-0.152876679775597	0.272438398172974
0.0398400121803252	0.0673231247052574
0.198872923558754	0.283490831387975
-0.00598010582665582	0.00697753992118238
-0.0773870985768942	0.176579119537143
0.0270324346163842	0.0496915899317526
0.325827295102132	0.933423674254503
0.39801833256214	1.36172214123792
-0.484523032554469	1.59484806044944
-0.159221197362936	0.28376995766716
-0.104209551065116	0.288360048807852
-0.0190743473777476	0.0416894579604515
-0.0320868466526072	0.0721394833468837
-0.314612424764961	1.5251330153739
-0.0808606517924552	0.229069174779233
-0.201416876975217	0.665532625494581
-0.0346168870228617	0.0892695978565484
0.0273430456226478	0.0707507133747844
-0.0158098828672137	0.039087159891115
0.0242240328943893	0.0609043912943208
-0.207642012955364	0.653033004345401
-0.234654551745872	0.841657902279489
0.0950185486931835	0.24096653830331
-0.0775868472638588	0.197790360456843
-0.0275426288762056	0.0632611465555935
0.0893053306999562	0.241945892914959
0.0273940506261885	0.06436834180006
-0.158226107196635	0.524384358548878
-0.0445930897719072	0.119525298267159
0.20000571228573	0.828954532115557
-0.156485550797767	0.533473108366013
-0.0670833405517476	0.15183347113663
-0.147541227900462	0.364864571252864
-0.0121482576467872	0.029409439059905
-0.15495376187934	0.469054493141632
0.0813780215739037	0.181564470883296
-0.109974111604695	0.178901060054772
-0.0579933059202672	0.0882032403409741
-0.290535280179445	0.689926246171618
-0.0542894439379333	0.0827892333158608
-0.328079777642256	0.76066602636746
-0.316952229158479	0.658806321655545
-0.0250798746931487	0.0420492269350162
-0.243352604597087	0.568688000543781
-0.2860683728314	0.760861377940632
-0.0993675253288848	0.217186738212699
0.00627195856630801	0.0103647655322532
-0.27318568410873	0.81900410309632
0.129722893106179	0.304171132654637
-0.197403406564002	0.593782661122919
-0.270707984021155	0.894337785263404
-0.0948979466572062	0.204282602850546
-0.231660473809047	0.619581978551639
-0.18839680497483	0.582499868879934
-0.010258688121766	0.0180439108202103
0.0620603511680258	0.123401630572908
0.151463549639695	0.434245159719766
-0.138358331113239	0.385451786603496
-0.0386791719055104	0.0924504346351565
0.0384385250079545	0.0891371561556754
0.0459479837419753	0.100201453906023
0.0310076152924348	0.0696355245133515
0.0439811583418315	0.0694600510223618
-0.0918495972774974	0.182874603351926
-0.129746780000582	0.368735520441846
-0.133795775386764	0.291297578262723
-0.209346315324066	0.504858733869486
-0.105693355574952	0.259688155366344
0.0850470758034298	0.240449031959817
0.111266560854495	0.311106104507825
0.00592586332752975	0.0117952641946838
-0.317808691853918	0.761390424227366
-0.10463092858817	0.21971149552038
0.310531620240263	0.67588064720669
-0.124287407693537	0.224016632241686
-0.143243442427571	0.353295625016588
-0.248071425035739	0.826772755771133
-0.0631195695993847	0.142283185192852
-0.0363383355152352	0.0846717371501156
0.0527696736082979	0.124064654028062
-0.204058858316436	0.467089631668777
-0.139046171108935	0.292395265881389
-0.0244433114458646	0.0463065174961049
-0.11392667153872	0.186422789126434
-0.116982824115109	0.394286239722522
0.0185247933024069	0.0411096830636807
-0.0804853681158321	0.188812513962082
-0.0361996834600241	0.0794945027086777
0.0199452082617325	0.0464036903232659
-0.137733353210981	0.441851706015767
-0.0601713998409484	0.154242762117004
0.044239112778936	0.110722960409194
-0.159592113858208	0.511628754105849
0.0700138237191437	0.176383436133326
-0.125144821654933	0.385020886682289
0.226931613155973	0.707350751607872
0.113496347325335	0.281063231244485
0.368599602518784	1.52873895324763
-0.228259886820543	0.694287454981489
-0.0267824610176841	0.0584413289135429
0.266730902726515	1.0389932125416
0.239659118702908	0.770233212838031
-0.0116696858354636	0.0253165872181706
0.0311649192003293	0.0702879565401452
-0.0325571365128404	0.084402930285797
-0.180136690355211	0.421730115743549
-0.238237000732531	0.620086735342539
-0.211027290081802	0.564038531767668
-0.0389201090188564	0.0848448693773628
-0.207663649793365	0.64543943923645
0.0864416389310984	0.170569188021411
0.302837875685538	0.611294941995484
0.355343813543508	0.86942039066124
0.442892863931609	1.11739212670941
-0.103562155490941	0.17682968969892
-0.125210192201669	0.182471445309596
-0.0426331949985409	0.0648441054661835
0.0289389241365917	0.0480819849808514
-0.00694229005722622	0.0106264772877422
-0.00354399477860283	0.00564719610186032
0.293535746604292	0.729526314143105
-0.29537735754883	0.752472216225464
0.238404016904659	0.616576511835689
-0.0164089961624499	0.0294305906533804
-0.14279406678629	0.351913131805018
0.212205223382113	0.480833505035779
0.256390979396238	0.698379438067854
0.358111108225542	1.43413875509473
-0.21509789256658	0.608609331025658
-0.14403633927226	0.380153933608977
-0.0927356418766233	0.220133732439833
0.000511699750549464	0.00103475650287929
0.0531691345506314	0.12926654628219
0.0734305203741068	0.119002635148283
0.0854247844262851	0.172546037696944
0.153590662212623	0.418605639735184
-0.307070652577928	0.861768528421368
0.108716713475097	0.213204044869437
-0.0925178307079579	0.167503977777005
-0.185007558924582	0.467266115737099
-0.0721077289085298	0.139032604391032
0.103970742709446	0.243855203055828
0.164912563758662	0.477045322518235
0.0402767310953859	0.0844630020824198
-0.132553594980201	0.31989281222692
-0.0914679842827971	0.158547861607761
0.0153198109280622	0.0260288044761691
-0.462107683078397	1.12113915436392
-0.130364067850718	0.322834017494132
-0.0202105479774051	0.0387174954217475
-0.352161048434382	1.06452440418673
-0.137521545058427	0.360212808273416
-0.0999687323484718	0.238583242474634
0.416502050349101	1.21248720436381
0.226343330084646	0.444999244284984
-0.171097360217455	0.366195184944239
0.0918910696992142	0.134044858150339
-0.178920313505992	0.418100919920278
-0.199716847324129	0.449564726288638
0.00110587338998397	0.00167741336452233
-0.327139866473795	1.2780141866393
0.0763103269992178	0.156371708241252
-0.103444486307744	0.230792608096339
-0.0240888687347402	0.050433898984346
-0.145955558730535	0.44599976764205
0.00097244454254548	0.00198850466223553
0.173010246969512	0.453303797857523
0.263251992348658	0.636455485264883
-0.0924824292416434	0.195639438635158
0.252191282199988	0.719224298357216
0.144554074281733	0.335263610574589
-0.00203088993991664	0.00366069665879976
-0.37068038057989	1.24068863958166
0.127962719308134	0.295971086322926
0.0409349582015345	0.0788451885288609
-0.167208291847016	0.424685520870389
-0.211232948457782	0.786495673775458
0.0134253603290995	0.0299038453871519
-0.0962943334798251	0.247279710824749
-0.263613661089691	0.776627610163921
-0.535891584001362	1.73582657831562
-0.612445999245722	2.04610814134876
-0.443914467616158	1.03333174896559
-0.066944412802194	0.11473461475028
-0.121089711525722	0.213082771312864
-0.264247895844634	0.838575582226606
-0.33963140443145	0.759947043344155
-0.375584723831536	1.41351102550522
-0.112006591195415	0.228854698373181
0.0441480475900778	0.0751517452282147
-0.0562014085918127	0.103620851396599
-0.144670598638769	0.262393679311993
0.0748675638176473	0.122570823216638
-0.0887075631670979	0.163312254827193
-0.194215599589592	0.405934581092663
0.184159854652663	0.364295225445275
0.0115288324212606	0.017737067207229
-0.365915410589877	1.09806721011741
0.160017611727989	0.317374301904395
-0.0119269751070407	0.0194781797034232
-0.118979875568462	0.268955999058703
-0.0535288782218306	0.108626825680869
-0.0461219055299077	0.0603202930704071
-0.0702093227778937	0.163879583094866
0.144564062105937	0.316221749622876
-0.0438978054383493	0.0885908869523599
0.101233030597866	0.249967247499021
0.340246368400733	1.03654310647369
0.153955838597131	0.397824290675644
-0.359954954359816	0.983970912942323
0.289811621450685	0.783053615470625
-0.044918380976138	0.0946802371867873
-0.564769007414049	2.08075607987825
-0.233053781552466	0.422324905306076
-0.238580684981038	0.351886245002889
-0.0930511988807887	0.122011544240978
-0.516515815416876	0.937088474375702
-0.12835566068046	0.168919363468725
0.0900684596327273	0.13111344743759
-0.30548440723523	0.870442713919516
-0.0534808358201382	0.118377251149249
-0.230347528234163	0.726836182686789
0.00923053626287798	0.0168604199672808
0.204618258847293	0.444746394316356
-0.17392851738487	0.411739247319554
-0.438981903729182	0.837928990842223
-0.416465634361511	0.772635471259242
-0.269888431205496	0.736092364425877
-0.145231873734889	0.373299517824034
-0.148931394120996	0.348174354737518
0.144530630156823	0.280804381873845
0.0646776560262324	0.144161621040361
-0.0337892333280577	0.0750452086566091
-0.39636057237111	0.989370458691387
0.0442979205512303	0.0635178961577647
0.296275919650524	0.926465923726756
-0.655515909891583	1.66106056122012
-0.0846618488295781	0.161669223493901
-0.068810056950211	0.181134711841224
0.154756154867513	0.491020473658189
0.23974913131446	0.804116468087809
-0.274470256219181	1.0440851710165
0.133787039398587	0.475012561368364
0.127168679270152	0.423744444381157
-0.0950653787907674	0.225682647462963
0.440935352932348	1.53444324428378
0.0049661007977618	0.00996232880021129
-0.132731649309384	0.316357060936904
-0.160673033162577	0.455061876008898
0.215634393093613	0.713682892649449
-0.0308712287169691	0.0731160176172124
-0.156934858941391	0.416060305128451
-0.205054771138287	0.576676698417119
-0.0791539216140831	0.254819001591512
-0.114886430857576	0.386980537216194
-0.172294235651653	0.528479013626222
-0.552611972421196	1.2117081091913
-0.0717029176802497	0.133485773663833
-0.149966272839777	0.290553158565856
-0.257361932354742	0.922839556604901
-0.227655450486635	0.508607259465888
-0.182587185622259	0.544918493065435
-0.0755475703178558	0.225197997345027
-0.0460635934798947	0.122897399267678
0.0154520238811558	0.0379082208398193
-0.0441205426532177	0.106114512721734
0.228329943283583	0.85007092557801
0.260710677405811	1.0016664673865
0.0215206620081522	0.048646937688197
-0.0450500540596454	0.104676991019264
-0.0324898625581371	0.0656263861578153
0.149970588442289	0.380685715789768
-0.0823815726056799	0.186082456190364
0.302490383944259	1.15432447641237
-0.0804132857066493	0.163892637692028
-0.202159057028044	0.580520284494128
-0.0562720719193018	0.130861632145407
-0.202682926387866	0.689812289643154
-0.052216774523031	0.0706721608447543
-0.427376383500598	1.05313573513749
-0.21860494603175	0.661031300180698
0.0292522161882085	0.0648937711505762
-0.142761054365591	0.486046422457442
0.0520983316679075	0.133157275037256
0.198024129575794	0.764041681165423
-0.0893679327139698	0.278726569180687
-0.134726796682745	0.344497209066267
-0.273946165731709	0.935881732217401
-0.136459417494331	0.315521279342825
-0.0895946249167568	0.203307901775654
-0.0389366983345911	0.0901869059127049
-0.284061497778777	0.462443730688202
-0.20497644302287	0.388551706380768
0.107182522821228	0.240826337937485
-0.00199557348221627	0.00476765806945509
0.00651816793638398	0.0157944820713615
-0.203223054762283	0.685158773393984
-0.111138109716303	0.245764978748641
-0.59397024540581	3.07465404972625
-0.109427588798651	0.316208056011518
-0.144070121006761	0.491845680806113
-0.148105459840925	0.514368009274418
-0.1772338726057	0.317853201988878
0.275649181215831	0.528585052173266
-0.149382912910494	0.259139498583233
-0.162819446287758	0.401664293334493
0.290791394428225	1.15872686298766
-0.0506093728625869	0.123766296188729
-0.0908172908105418	0.189103615648464
0.0703831515064552	0.195192099902415
-0.279564298060645	1.11090672165257
0.0123690496001035	0.0216607613897245
-0.245489098833147	0.501954340120594
-0.127564626093631	0.350536362806257
0.00867675519797358	0.013855606413602
0.0415722768513596	0.100807044494485
-0.0229073329065462	0.0478515421901368
-0.149211688916982	0.358584863452455
0.480217168737013	2.2675078737653
-0.00426991423440817	0.0116607926999335
0.0395222094657997	0.108217221610292
0.075146692700263	0.17752401697646
-0.0173171423578803	0.0266409777392125
0.0916018034552463	0.203717187104682
0.165806712175133	0.382019527922642
0.239429451247547	0.693135247020094
-0.0233500831442601	0.0476901493699637
-0.121262366014804	0.328459554119387
-0.283740675552465	0.77888915821056
-0.337406580240453	1.79147016785998
-0.438127250425179	2.21772665499163
-0.103011001369586	0.327364834038899
-0.311796275518535	1.04074888374049
-0.0381725609919208	0.0480871688088203
-0.0541079398837673	0.0631802677983323
-0.173689912085376	0.287553699627264
-0.327439964650342	0.758329020517673
-0.23690247014876	0.419385371765292
-0.0548624144791669	0.117767274750144
0.0000648802322230234	0.000163016381855817
0.173432442423383	0.687167610436799
0.144583086971422	0.55857758375035
0.0576513860545157	0.16293018231192
0.00697916878965183	0.0178535501115012
-0.00176447747717791	0.00409392666044183
0.0773350732323897	0.207376429565791
-0.0740985099087663	0.202135524671468
-0.478746421171002	1.81362177486432
-0.185219503834556	0.436962729479769
-0.0401991668828844	0.0817772191280873
-0.00588450333835146	0.0113227720007056
-0.180136690355211	0.421730115743549
-0.18483861552361	0.486352584104482
-0.107362133252764	0.298038265718464
-0.343092600378026	1.51800058054049
-0.0731115072108308	0.123557779418996
0.0216900592778899	0.0267626398763058
-0.397293662797137	0.795888983246672
-0.148642945102979	0.352095229246566
-0.214073111868985	0.637475960280687
0.0448181786116136	0.133478412635062
0.119749422368997	0.387995213887589
0.110068731589953	0.390428187085963
0.241606897410843	1.04005136789428
-0.365460153903885	1.09603574443145
-0.0927300010151291	0.222510481080137
0.00452899113791584	0.00727099835398977
0.0552058791611872	0.102833679828797
-0.0898821666200664	0.224121553557583
-0.0219497642782829	0.033812806713391
-0.0793954486423535	0.151151807238799
-0.262773515059789	0.36209928928885
-0.540332698935377	0.954578986336505
-0.0845115971555361	0.11102331777609
0.00825229643033936	0.0145019944247691
-0.175484854685158	0.648388680380759
0.0504538180778895	0.149871209687597
-0.218915682100809	0.730387137003506
-0.114153009892461	0.268313847437763
-0.199812498175786	0.654017071733758
0.106020669941663	0.354885420749168
-0.0269043283420111	0.073708571386416
0.06839344981718	0.217662284623573
-0.421002999811582	1.97293741128505
0.118416581039583	0.180328456902447
-0.125183844983983	0.18237409357488
0.0872978372814018	0.100253484823585
-0.240457600402568	0.673587102909411
-0.154479785831329	0.455708222260521
-0.0114522976966972	0.0248347047649588
0.0781643837106812	0.129616817740992
-0.207194388329326	0.741122125561997
0.126358152430489	0.424071069125193
-0.0823551952768251	0.154309558922908
0.209490921619775	0.378976455798913
-0.180723544833442	0.617381847160751
0.0726773732319059	0.132987664159555
-0.170563329703709	0.476235715901295
-0.0751663276792304	0.191302159922898
0.00471727218210632	0.0110789053680447
0.136403661879243	0.382328732033819
0.132397968750082	0.338909000352816
-0.0462357370017879	0.0846406532623396
0.0558168865844276	0.104087818556239
-0.0839720252563788	0.176701342588274
-0.175568645040863	0.477657925569978
-0.123209614776876	0.298839775389265
-0.224099785406433	0.82318351256311
-0.122370147452708	0.309940285716581
-0.162102118761399	0.588168909180748
-0.013420138207086	0.0327863872499438
-0.0216764536932077	0.049752665090681
0.00714939590164098	0.0151809454862039
-0.204238558080843	0.483828840046475
-0.0266930059348195	0.0411647985596882
-0.0137312295162885	0.0254017889317468
-0.387468902933813	1.42896714032633
0.540945205534134	2.46385316336987
-0.0164094897719356	0.0294320761815661
-0.150723602118591	0.389333502578292
-0.0639695324486997	0.145897503699742
-0.253239609945266	0.530057013658375
-0.112225247085771	0.217498734988059
-0.00788748266252779	0.0128528948902612
-0.0780520355620791	0.156339716218752
-0.0483399259340997	0.087143742579343
-0.134749196610877	0.238009343840706
-0.340730466491067	0.982270385897205
-0.13250203658939	0.366282176646825
0.0817251545229702	0.229354062170734
-0.398841974068145	1.74834049954898
-0.272883464588009	0.817639573918685
0.0862081850378877	0.187871837603043
-0.127950505980421	0.307747102593002
-0.111534127432333	0.265235133424784
-0.0968466530341283	0.2092223540313
-0.0255951445641659	0.0448274816765496
0.140297210192935	0.350447248249428
-0.0493114555026372	0.108629414185036
-0.22894600792662	0.66993251074008
0.287577773370386	1.03557807523227
-0.207476480115089	0.55436856459547
-0.164579713801517	0.445826467009338
-0.140498516324883	0.349132210407606
0.265722378763665	0.872386834578452
-0.0268514256799131	0.0633764662193822
-0.203053049503963	0.503824856562418
-0.158684707239305	0.282575041270454
-0.377908658592118	1.08611569272831
-0.0724661944152807	0.15578762314229
-0.174137303132693	0.469010965327285
-0.157576138914851	0.455721169783802
-0.238357596436528	0.842097171060959
-0.0816565933003366	0.192039172476283
-0.109595926991417	0.280346252611173
0.0891171924396915	0.222362857914915
-0.284547505918822	0.978603457325312
0.201823607764282	0.678566011382776
-0.0419429647923861	0.0843291174927058
0.284469894317896	0.880975007719052
0.000836652854009307	0.0015956392877671
0.286903207647469	0.507538137326882
-0.251743685129169	0.48199235382082
-0.0795618672660759	0.172584665282632
-0.14531901229737	0.263846915977093
0.0870652130464787	0.162902567241541
-0.0757615526257407	0.173022613423682
-0.169847516421892	0.573593133250952
-0.0377437816321047	0.0874709440938238
-0.175146969856125	0.440022091488637
-0.152189661167039	0.345707786543466
-0.0970849503339438	0.225054462278735
0.227308714155682	0.797574987377134
-0.183905320559562	0.624198270372425
-0.212472584226231	0.585572842581916
-0.054169539157124	0.0961312110294321
0.181911378165462	0.43201168278963
-0.0147576681051414	0.0320420137535251
-0.174864966925687	0.530849031267332
-0.0024721808845258	0.00511784990447352
0.197085198910262	0.523307167552379
0.0537734166742528	0.133413787895695
0.201700473697587	0.678084550967537
0.356036241949323	1.16782172929747
-0.00954703403485187	0.0170509073944055
-0.0875738666766844	0.215111087671273
-0.202518294115134	0.425127949522637
-0.237675082299063	0.741834155172856
-0.20424048271964	0.604018061602132
-0.064193445029473	0.114513536257142
-0.0207286579799541	0.0339981869362093
-0.0997184534908061	0.201822619753097
-0.0814368830592598	0.165355822791454
-0.0265391238719764	0.0463685917868649
-0.123991933302832	0.272357610132389
0.322816593585725	1.05139187766869
-0.00303123129896864	0.00581467275758321
0.175244722948486	0.468698806514563
-0.152929488581091	0.430595717594563
-0.200729959567328	0.676572547789282
-0.0235535152352096	0.0553144191758027
-0.0758448838095504	0.170612046191655
0.06529052782468	0.171228628631311
-0.0277724366388159	0.0418812726013211
-0.0259073766318162	0.0408260954614897
-0.302934813547182	0.418965761134571
-0.568391930431896	1.03539669058336
-0.117673484723375	0.187453354956453
0.0856853110553517	0.139975490630533
0.226452557476491	0.407693883812114
-0.0563655409583859	0.0837813883373984
-0.0527719075000259	0.130290912717012
0.0233822212628837	0.0503983211487884
0.0234989465650088	0.0337031082219653
-0.141418183355936	0.26240165279873
-0.0289088759079378	0.0514025909286963
-0.17972963471298	0.400647899240378
-0.216846418661606	0.752987527898983
-0.185610348036269	0.655848372864402
-0.089291453506369	0.208150733479473
0.0459364004118019	0.100567071130382
-0.0179724240677638	0.0383711132679757
-0.268576150214187	0.834980409597703
-0.0231916466911727	0.0491166044278072
-0.0911230291737929	0.232401712758978
0.0541877144423072	0.126146909347225
-0.144005081903909	0.335585439679498
-0.125492156084266	0.230915686339778
-0.0246701331695203	0.0276283870606354
-0.0711093969602196	0.0966224725716213
0.0531085816008311	0.0688436500565357
0.560880780213516	1.53841574683884
0.00629950571588774	0.00834048037260349
0.71644697809338	1.47484610677464
-0.0191246494388491	0.0387160189186917
0.00327229678031619	0.00712712569725383
0.258025474124117	0.804391293646995
0.124208600961245	0.283801400799059
0.0860271539533742	0.172894388407961
0.0985130818846272	0.198119744846184
-0.108810598533314	0.225692205736783
0.0160521939193135	0.026805590548074
0.383449690342604	1.20909122663843
0.0118491181013157	0.0277489274405322
-0.153422936331358	0.481400638858192
0.160629699649165	0.54444309871223
0.303621907913523	1.08186341452587
0.165132726861608	0.444391228473848
0.444385308681871	1.82439820252117
0.203005824051912	0.41115333471111
0.376163735976167	0.967614377658391
-0.20438657935613	0.309284695695967
0.490009061769023	1.47231628773791
0.291369307932498	1.0939709784541
-0.193708013984907	0.52875926290704
0.0504615475213406	0.112041981567157
-0.145682599811371	0.363602061579371
-0.00705240935370277	0.0114795752767806
0.00393267534419045	0.00927412322768101
-0.216782971141754	0.824683722362007
-0.0877725005974528	0.245257916222338
-0.0438619618420948	0.10747699323431
0.262312596438234	0.685081880901316
-0.284470493847567	0.587500247414645
-0.0645121840362793	0.08456807171315
-0.036416026480663	0.052335227331412
0.0347903762025831	0.0683508514712275
0.0789728946484918	0.263423237787635
0.252780691367638	1.23427264669045
-0.105014446860068	0.362142807354584
-0.250176763662629	1.09052827871996
-0.041694966574364	0.0850838530944394
-0.0965356387329105	0.204687323599315
0.186021371978066	0.680381835855911
0.211243980722625	0.576367508134446
-0.129706055542514	0.25334236570491
0.0637073528182159	0.143813220472325
-0.259200408219434	0.910563946866426
-0.00701848603519768	0.0112001944324769
0.0657358238488984	0.123826025444068
0.0261027457839844	0.0410865176526178
0.129295799229933	0.225868003184901
-0.196232759640443	0.462154054252207
-0.165550506100358	0.41365531921033
0.177349470567454	0.476027231034677
-0.0804239187891654	0.158719428612109
0.150225351761402	0.355837761750678
0.475243435211908	1.86397835339611
0.0713254661150216	0.150552560994173
-0.24776246251871	0.724691356348742
-0.191358718899966	0.581588749227809
-0.0808956193873759	0.202231158115904
-0.1176121458275	0.261729581434753
-0.00644738843765275	0.0143272137937477
0.477079295025941	1.10894720570919
-0.426284364963487	1.04910713423909
0.347173506712864	0.455074100028333
0.238741167803121	0.319424185343033
-0.11802687628473	0.192468077788859
-0.00314979034635134	0.0043550013476719
-0.302751056864247	0.524616087264337
-0.129270153180049	0.194769241646492
-0.0680059867053166	0.173692704650548
0.0346667265828984	0.0794141605427387
-0.0943583356137659	0.227198514342388
-0.123418752197991	0.207390822603586
-0.562379747973541	1.44519372277316
-0.0698880710720961	0.127791762144461
0.0164929202102534	0.0282506476960663
-0.269954751114434	0.613640719096805
-0.150385244756056	0.43729549900366
0.0279921491817443	0.0687925190815867
-0.167304619798455	0.411167929701041
-0.148423829773455	0.377105702051626
-0.0908733699853714	0.221491285433515
-0.0287957903377891	0.0620913424956128
-0.266601707303832	0.648162203560603
-0.083568088534747	0.207285166843287
-0.0947041130131691	0.218561636112661
-0.177473497253872	0.614872792132559
-0.0918188152762073	0.260166529044281
-0.130528890637005	0.364797825427397
0.00964475839695372	0.0211383369769173
0.0243383845580216	0.0514701983292614
0.0993711600860936	0.200109533942872
0.416742275061343	1.14874483693808
0.136602068214444	0.155696016079093
-0.723969640192631	1.84218878979551
-0.800830756030278	2.04130138069511
0.695768480046417	1.93272529391083
0.241212730486649	0.424901966435266
-0.678765246963933	1.35122641937373
0.00424737062235169	0.00872044855131931
-0.274421177533889	1.04340939022633
-0.381893237140439	1.31385403765079
-0.473764746392788	1.64251233500758
0.367822827931952	1.18186250363702
0.328375796787786	1.02135883748048
0.357776539971794	0.851856659824069
-0.228614617040047	0.491446166089754
0.16446560980683	0.362619409565267
-0.115238640826654	0.334907723340859
-0.114894585089787	0.374202864882291
-0.113260246405695	0.326081366664449
-0.042622009206157	0.0894090086775529
-0.337745992730135	1.20839433511742
-0.176828303937776	0.451594463627807
-0.0900746788281134	0.138708854779737
0.29706373329441	0.574391979258187
-0.151394710694261	0.242384012418103
-0.158008664216934	0.274854286904223
-0.206827906715037	0.672337403849751
0.0654082834241774	0.135140953215513
-0.0751370890073911	0.175025238555857
0.13326752247839	0.316239411242453
-0.0919149348634656	0.166236360677904
0.159451889647851	0.55802148879251
0.0420206543434216	0.110991064056222
0.0459041827170552	0.123391250769446
-0.0165005535400101	0.0373298751925578
-0.0792697112347644	0.142296503392227
-0.0411585699820967	0.0572770367424355
-0.0557441485041099	0.116204728268154
-0.0219838689630772	0.0611910311947779
-0.0149440551751199	0.0408388042061469
-0.0209421873875588	0.0579191044412602
-0.151564299809752	0.523833026947379
0.280975582734611	0.779137947114026
-0.105215177944204	0.210604511999471
0.105726034480308	0.287404671915705
-0.0831875752591746	0.164071768299553
-0.241412391305967	0.562667746205599
0.091619310738509	0.189276426291232
0.111493441034211	0.268034745062733
0.0821578860314362	0.141628602562802
-0.0870949880229339	0.137736375943391
-0.153792691421325	0.321618368285726
0.000450676309059911	0.000738024130838915
-0.258879725933371	0.721687881249517
-0.111686073525706	0.265763247306831
0.0363037318681218	0.0726496650532538
-0.0368522539936346	0.0736422175090174
-0.354652415419382	1.17664186490369
-0.0833065564357066	0.20069732443461
0.0131692729249108	0.0267397029169643
0.199655654979535	0.564059302276769
-0.0218675301675964	0.0483469117033096
-0.209913103872103	0.69077792767764
-0.144329575343189	0.341205193314991
0.0970543482696407	0.255945094595735
0.0206849449736082	0.0284650515776964
-0.0497480704081415	0.0716705733510258
-0.16728130236445	0.196322704057188
-0.0549562035925337	0.0642363101254193
0.33478032960493	0.778568687082176
0.103446708075287	0.165038378772886
-0.297015258599876	0.573800683450386
-0.00875252584917895	0.0121139646900988
0.0159017840156969	0.0265478994163696
-0.112877190720521	0.318822793979055
-0.119290549509971	0.327888295294198
-0.279494044117458	0.707611436717089
-0.0219890411489584	0.0394723482023669
-0.413305257299369	1.509732318374
-0.134333656066647	0.337545090405355
-0.194291471453586	0.563146902174813
-0.0178102474205002	0.0374005388762016
-0.159798188342413	0.504172198994352
-0.0812976460351173	0.210875537334813
-0.11907178439174	0.30293199109936
0.10200036184723	0.24619442873219
0.111895148047823	0.2141353607064
-0.0069086909703031	0.0134642824324181
-0.0528252004431811	0.111719736387544
-0.133047773186789	0.394378384062739
0.0836310214640228	0.227239457166203
-0.0464224726533877	0.110890656096456
0.417346706608696	1.87782065192273
-0.170087222667196	0.462991559512745
-0.0366372904105926	0.0653813200101788
0.226709909335544	0.485393488568683
-0.097461326593911	0.141634591408492
-0.500204251522328	0.959361220697029
0.124280429182068	0.192788070460591
-0.583743425204685	1.68483553484671
0.0301653256785293	0.0440522716076782
-0.458121341101931	0.875621599503364
-0.259005380580447	0.887767754085617
0.00177438337093476	0.00346113704705113
0.00421783301010053	0.00826063101125773
0.329526121511411	1.02657299737085
-0.11696332549987	0.274970838267278
-0.138446190407571	0.329787685841702
-0.0411653063284348	0.0726192781421836
0.476872691027852	1.34921300213377
-0.0685452694504506	0.132086028436385
-0.0820372957397099	0.208404780827396
0.150987932436648	0.502022679240358
0.113308758332213	0.318130672464003
0.292819820794511	1.17054395244798
0.204888152343595	0.636908166134263
-0.0662270602005913	0.145806579339507
0.0931154545490907	0.149463985328506
-0.357799688387064	0.833966545386859
0.0184727596059263	0.0269964321605283
0.232891233943798	0.511457602909676
0.185194367512834	0.57155693218967
0.115981500831453	0.270468271245733
0.0116155118688373	0.0237182688483508
0.119162624144745	0.288740713316664
0.153887180563507	0.348247797537342
-0.169045697991141	0.223309792667678
-0.231086125330666	0.804250062320286
-0.0447313155800437	0.108986708874837
-0.342666996551702	1.47875040779947
-0.173759890242077	0.575593872202711
-0.00710079375929774	0.01643505196851
-0.206802684856349	0.70641312943308
0.0214753631479246	0.0373257022545983
0.0148785780523215	0.021450498066087
-0.0647187165382917	0.144225558678494
-0.00916892201208008	0.0232514812278371
0.0864464535239248	0.272995953829135
-0.0395801386978013	0.103118829273282
0.0152485774656567	0.0297240222397787
-0.140487716239719	0.331644814332408
0.206410566727644	0.721352596771478
-0.100945549992723	0.201784450885
-0.278874882915996	0.670976436130776
0.00988068622517066	0.0192380768297494
0.278664752320876	0.883564341222536
0.117427738024176	0.214460714081755
0.35682097787029	0.891558743203218
-0.298832927580918	0.7499674601902
-0.186539100240974	0.410245651455795
-0.0801303733898245	0.173215347648207
0.176061374294248	0.45538498870627
-0.100896042622477	0.218448395378205
-0.0382969393054576	0.0791216693707569
0.116050355682541	0.304712629343292
0.325042216304106	1.09577165031143
-0.0507346462764093	0.108926058964471
-0.392136161025365	1.63711386877534
0.00556602101320284	0.0107850205008025
-0.115009899627323	0.317720261983467
0.0353815356385192	0.0573308731288294
-0.217441949991395	0.458755611619423
-0.25537527573452	0.464704821624213
-0.641671723983432	1.41294583943709
-0.24421991580063	0.509918613382573
-0.345535247313826	0.92422930717835
-0.127665724251283	0.209104112084484
-0.178645267891	0.320940755290372
0.200185424451782	0.497927107408229
-0.0796879497790586	0.188130566317828
-0.0820813148716636	0.159304194489251
-0.291088384996894	0.787721551556267
0.0107612751186068	0.0194107662840872
-0.0225375437090673	0.0433713313721518
-0.330213831953356	0.962863462342435
0.144742251306441	0.348071330717962
-0.0222227680950404	0.0401056764734027
-0.207166225867416	0.513886070605079
0.165058405552291	0.477601253617455
-0.399458357209053	1.63990507433339
-0.0521737241480996	0.102653261520799
-0.0476641128895608	0.0907113183797581
0.273531193778924	0.772757222277629
0.0483678763020256	0.0974735718260309
0.0102061443511484	0.0215615642042213
-0.275217776607084	0.985973774503299
0.0302824461107024	0.0540827213720491
-0.00401640435575358	0.00767858089271323
0.124430489405447	0.292671361911359
0.240219842151944	0.700194391116924
0.0969924064207774	0.182792773585245
-0.135204856862484	0.197179085859783
0.0935333168061248	0.167829800088338
-0.407046891406164	1.01791436446462
-0.125046807403593	0.2105969911249
-0.161948812650792	0.308476652925086
0.375772627358356	0.938345259179322
0.136331306516277	0.364199033532529
-0.102925227566112	0.26466664707358
-0.0770315749206253	0.173690430817354
0.121620122681528	0.250125453108612
-0.32115566219696	1.07391787341216
-0.246886802849622	0.663276002419492
0.0221811796602308	0.0408589253486895
-0.0211649978840503	0.0381230889963127
-0.0360285984321427	0.0677489566923183
0.0240823644796994	0.0578753245049162
0.213679508399615	0.72199854149693
-0.0811448705660605	0.21419854824807
0.13512569741234	0.400917568983994
-0.318740007407178	1.02796879305585
0.0578702011006341	0.110980312811999
-0.326807016320762	0.884051232130489
0.0135401198089869	0.0223670424575732
-0.337514770094277	0.9009962678386
-0.125471268136655	0.272433745404959
0.0887616435063859	0.212179082101955
-0.175441734503389	0.410303968470812
0.224633524901105	0.690346888680506
0.319192251257721	1.10165346365752
0.0134724127733904	0.0245487358142817
-0.213087005143703	0.364364607034956
-0.275698449814016	0.86143139654751
-0.0393184996480489	0.0849318917425709
0.154250694958636	0.433889405746326
-0.223302472740898	0.707986978834048
-0.0446529725759514	0.100462078812571
-0.276154793135271	0.883494430466587
-0.00729418981197359	0.0148007139692126
-0.227464783528155	0.508025788735832
-0.101392928414422	0.198569678216411
-0.411158741948769	0.990869860578318
-0.0144092652900158	0.0349329657322143
0.0967814589758163	0.29276649997578
-0.171918022561029	0.568272920109232
0.109715469673247	0.260213710227501
-0.0218367784135975	0.0424146040309388
-0.0285722819570175	0.0615810948113462
-0.392111707498731	1.23859303617565
-0.120855589192595	0.269098728395376
0.066758658522072	0.144222410754345
0.206788181323829	0.553327059639603
-0.257731813485265	0.635377988078867
-0.305381305547899	0.676050676896301
-0.125241572096855	0.288536998270941
-0.25217824575124	0.72770356200315
0.194204800072704	0.531767029119773
0.129063795232286	0.31645112772586
-0.121868150791676	0.303379871048903
-0.307875356849135	0.974407680314545
-0.106370155246679	0.251729514525313
0.0617905949696711	0.153006063237904
0.0682239005970885	0.162631988916688
-0.0732817576334704	0.164754223086289
-0.0445612649509328	0.105101825549693
-0.262732152854639	0.981407221070613
0.0348757702209066	0.0646239809714047
0.033224833323122	0.0585606539441103
-0.183093484902259	0.303575040659518
0.0370600678184867	0.0499839601717959
-0.0936673141174725	0.176649723517721
-0.347351873821541	0.991571155648131
0.333907005412789	0.768151314922658
0.137295666976171	0.257690861695202
-0.0606942442191439	0.120187876991883
0.013448421766401	0.0261185689504184
-0.26159378637788	0.895632896048597
-0.00854396419887878	0.0175436132007858
0.23364409247039	0.760088624241035
-0.154102051705785	0.371494602738816
0.10567396547016	0.22883870680045
0.0572564897219028	0.109688647972402
-0.112161163848887	0.245216603213364
-0.0769283608681944	0.148788301529466
0.00459937647942076	0.00906108614142672
-0.081640732929759	0.152788130957739
0.135749921212681	0.323598251935129
0.18984299472513	0.468342669052677
-0.0446468410562011	0.0803943774038698
-0.186822287427344	0.418161371367069
-0.165933648287301	0.420372000953071
0.0232899719879427	0.0487283765812463
-0.05780737556044	0.147361131710465
0.0460107574249576	0.10071590904045
0.00245564480603902	0.00350110118911989
-0.357754150220503	0.975207119840558
-0.0889004917136319	0.169977137058084
-0.0341136874470615	0.0541404245724619
-0.149785014584432	0.328865850812909
-0.151207230993217	0.342929836043434
-0.0537006807071202	0.129090022595566
0.318423504447923	1.32746616593795
0.135043265494515	0.358130949441355
0.0726164870615808	0.169910290882289
-0.181512376444838	0.515648863955824
-0.114543855639402	0.296306201665947
-0.119997823272449	0.305840250914668
0.0586900689593537	0.136675558536432
0.240356568207871	0.889318683800845
-0.0569402160546893	0.134378112724972
-0.10379908723842	0.255246648217373
-0.022787347682413	0.0456696612965712
0.023978169999187	0.0528134507129992
-0.12612960801191	0.340018738894169
0.0295194449810022	0.0617205693276554
0.0633790375377235	0.131965027314963
0.112649583951812	0.239224763412328
-0.280980786903031	0.734090759624783
0.194077804203326	0.531299633114013
-0.403058536546094	1.77885620274993
-0.175602611126372	0.516168799469465
-0.369018084925869	1.44803928554054
0.0298878313793327	0.0605345727181808
-0.0124340525920586	0.0254217818485515
-0.00978550270662212	0.0131717559321036
0.0691106866070034	0.131726099813778
-0.0928330688857828	0.177551625854838
-0.129723358044798	0.2859662709849
0.0801995601331812	0.154621537402972
-0.185931753211065	0.436632832787684
0.330393286948332	1.04444692896254
-0.0522923094631209	0.107035035069735
-0.221225408376841	0.74139610093881
0.0164936188583636	0.0292612794619537
-0.0507386100685126	0.0966091448790505
-0.337514770094277	0.9009962678386
-0.238908979544084	0.565168442506859
-0.212466272103504	0.462679294633142
-0.0944376577428626	0.239179389984819
0.0957807700484842	0.23532578820251
0.0517262091668146	0.114009303751691
0.162481896399966	0.539983308622614
-0.176645804376439	0.549801420542949
0.114577776021757	0.285683289829676
-0.206230838392345	0.565586022525824
0.162460240984883	0.425452553739269
-0.0474320085822302	0.100062049487534
-0.135755736434553	0.300878765732259
-0.00779855897631949	0.0131959677993826
0.0120387702946086	0.0218785683316416
0.176159377146184	0.371873877358593
-0.187304641045999	0.548201913123818
0.293137166327033	1.04626883417609
-0.0660334655160031	0.136954234419427
-0.13763336929567	0.323238150858315
-0.0290695983263039	0.0576831906108382
-0.223377857152911	0.660028506543345
0.0481760736662524	0.113521588715707
-0.0902989696666923	0.221073874215189
-0.233698527793031	0.761713611292191
0.0186490760190671	0.0417283537495138
0.00675404457647219	0.015029230813913
0.0361083426992815	0.0696803295057289
-0.0661778603883611	0.115891556871496
-0.00411307161151672	0.00498270359052743
-0.237826396090405	0.396608811186393
-0.303797947847082	0.712170278277483
0.0207830670655898	0.037979300550225
-0.602165021495178	2.07063859056062
-0.157867451906617	0.324347333110055
-0.195299697203894	0.510203951333547
-0.0697348646190527	0.160368202613415
-0.193854118018916	0.63682262546637
-0.257423163528946	0.862782958034978
-0.326105911020161	1.17644319424714
-0.115350553180251	0.267042485465382
-0.0173111204938462	0.0331058124709424
-0.106064375965736	0.220180228758481
-0.040943384863468	0.0834280309014334
-0.136902454100666	0.36627540165759
0.0889095638504808	0.224857208994442
-0.0724521003235049	0.171026289443015
-0.104995774913794	0.244861499179453
0.209576683933583	0.545935605776662
-0.146494087141407	0.361566862106911
-0.25784512812764	0.746094058917319
-0.156422610514011	0.431540057089978
0.215643720182818	0.5519902386274
-0.144195658130061	0.345336854658158
0.0034205860123326	0.00568557851080266
0.105993470743547	0.218578479514184
-0.0397665403189039	0.0749524383139329
-0.0369455851233575	0.0872313201436445
-0.0912816130391986	0.184155858898383
-0.275476735794593	0.685764774986887
0.217386344801669	0.503880356536631
0.165556335499981	0.529183806742441
0.0770453288620216	0.211831775888977
-0.269749336794032	0.901530852339688
-0.344296070808654	1.29329965930737
0.123288228596876	0.310594191471273
-0.0509480112093825	0.106172545826686
0.061442131289178	0.136819393406543
0.195221612408997	0.538441366296847
0.198896340290788	0.596615522751171
-0.353807539050269	1.20215023642568
0.912215239546438	5.9547390865387
-0.0384773147810954	0.0834143256555477
0.137087759508478	0.375897348639974
0.419743920401917	1.86372473516506
-0.127101924659274	0.325551999259333
0.284649875241525	0.871389294291859
-0.28071359194411	0.866013882381581
-0.149126103494612	0.418774179971028
0.105876845459127	0.277858607917808
-0.0677737351380995	0.157467494604948
0.199775552714981	0.647379566813088
0.0115172178632041	0.0232131292811411
-0.158376468671795	0.40025225338416
0.57458321428696	1.51474612109283
-0.0581968307017963	0.112667401763221
0.039992299201539	0.0797474242914618
-0.0399927107905156	0.07541204860093
-0.0158640467906853	0.0264574550953241
0.0289245251269358	0.0524558722298089
0.120707074596969	0.271060344242745
-0.102234632794506	0.231576546619727
-0.126203412455264	0.221854973951821
-0.207320313473188	0.4517551960668
-0.129515103661307	0.299064864361846
0.0315667865235675	0.0748900436959046
-0.00148280000278641	0.00310591846696594
-0.0728814186177781	0.172126756803205
0.0803800074991453	0.236495011466556
0.0525994504651927	0.117299350321531
0.28531755549492	0.946553596682233
0.161947918490915	0.435712493488341
0.069519402058738	0.148650319360422
-0.0715356601979192	0.149244687794786
-0.155829874044726	0.359155249567145
0.0990593505177113	0.215867055435326
0.43456953471558	1.66573600571852
-0.267561882081424	0.619067106259554
-0.110878533814067	0.281373626428333
-0.0712157330537719	0.164252515960894
-0.265686972152586	0.845394969386465
-0.121935120336311	0.279201035079621
-0.153666559554252	0.384954485477702
-0.2614085698886	1.02754354639094
0.045028141749095	0.111320671657892
0.150030548960238	0.508019326084655
-0.260135901163417	0.715370995546079
-0.26938567318181	0.624768900194475
0.253108642454728	0.421482355469231
0.0991803425804143	0.133627942996266
-0.349554725474258	0.815416595098414
-0.248314369049753	0.630463929075698
-0.0179277370091162	0.0276074173040273
-0.116757713574943	0.239004963422207
-0.0458224868611204	0.0987827492525435
-0.325689886763678	0.88019139500104
-0.345083873863507	1.15454761834399
-0.285670819675313	0.896102811441835
-0.158689060145124	0.367627856860885
-0.248089634725264	0.667834994105307
-0.128211190626206	0.321590134266934
0.11323405108151	0.305570354514864
-0.0111686924598297	0.0224792621113668
0.363441056040825	1.3506135618309
0.32085243893432	1.04191026263102
0.00564646351740347	0.0100376082851681
-0.254719568488108	0.794100247619369
-0.190717987016112	0.483496406871823
-0.0413935215996944	0.0844210035538383
-0.20888539959901	0.627373646968699
-0.00660810472279736	0.0128707675314026
-0.0598655004074164	0.129278829088789
0.187013419783639	0.54738206377091
0.245060316946732	0.741271571600022
0.0488292066384191	0.0964180389684075
0.142701109481409	0.339950171615388
0.0971120426869558	0.22522699632638
-0.031685322803032	0.0613061599235907
-0.0952751937720795	0.24414176923303
-0.0327055859090653	0.0742820203622989
-0.135961991381668	0.328374561809752
-0.311596324720245	0.798241170880524
-0.311279000505439	0.703946894888023
-0.316834611250254	0.826985659334154
-0.122062552298121	0.233189874202432
0.143589520464764	0.4618769539539
-0.0392478141479023	0.097060259272053
-0.106383379607815	0.281219899539105
-0.007022544083887	0.0138749517538365
-0.437454821871009	1.89982399534224
0.00425194869716056	0.0084765928633296
0.338034935257885	1.17302728222386
-0.000334925281854156	0.000618865701494456
-0.0614955637896166	0.142119545174745
0.0202652288905785	0.0428536902537632
0.0227142678142497	0.044933731528215
-0.163588053799922	0.431484589999622
-0.245174187228488	0.807168249209348
0.148135452826563	0.418188587367109
-0.075238368031721	0.191519195382823
0.197245510933346	0.548968195020527
-0.173697298793331	0.404981824864121
-0.306375917631016	1.02048727833247
-0.22760012634516	0.741467159982186
-0.0652680882708465	0.151455769468428
-0.13244216715356	0.397212380009344
-0.135581638420442	0.345608130694007
-0.26204578538183	0.840092984520618
-0.101276850392139	0.151779515281195
-0.0461062943146499	0.0859650546804071
-0.0337140896159707	0.0709792382741123
-0.263464236633823	0.752350067882788
0.0881081449141669	0.188486881530171
-0.274352220588753	0.792315879060969
-0.13153246083243	0.312835655119234
-0.214627489919438	0.615026345465604
0.138319245990238	0.391104344830324
-0.0727391565336428	0.189632684403205
-0.0327913284143782	0.0625851470617646
-0.0622246449468598	0.140572195190602
-0.19457507275507	0.73875851848728
-0.0891961519085534	0.235843669806869
-0.293117293032688	1.24371549200202
-0.130129514725241	0.432400660717167
0.0061510608489184	0.0126756885539313
-0.155982262005975	0.449606189927153
0.0281259893007254	0.0697833104348072
-0.119697204255797	0.309786212927816
0.0333347623851484	0.0695881259197215
-0.261406262990843	0.877012228301178
0.239949898046662	0.805130753089765
0.128788234892168	0.298322102725543
-0.0250875766443348	0.0403597148208601
-0.234404620178882	0.545025166464335
0.0187974926150415	0.0323300454637237
-0.0744421165706958	0.158050626313823
-0.0227413233741963	0.0442612369869246
-0.390189246015635	1.52901579203984
-0.11066037066626	0.273367984823984
-0.0956436507639764	0.218625225827669
-0.154327755123305	0.480706298581801
-0.133678752987084	0.267221505443177
-0.0736995950401489	0.121616897067843
-0.13837853507932	0.17552542119462
-0.313340985228241	0.479274196097516
0.0393397060293877	0.0532146671490467
-0.0914473194224236	0.151541977587932
0.000618187336006791	0.000785529946577581
-0.0883400401950735	0.168725469585223
-0.287250508696408	0.958476726339142
-0.362480572173712	1.32357284210117
-0.011776027463376	0.0240416325046609
0.0471432719521657	0.118274111061524
0.26545959812213	1.17987470088401
0.0470530072305532	0.123239010792897
0.242235421161949	1.08210466572144
0.204464398791385	0.585705050141378
0.0624091678208412	0.122012080907946
-0.181629573038251	0.528604029988042
-0.0652685705793098	0.166204079097819
-0.0154275374699802	0.0343300502080954
0.18077442569091	0.561791031910313
-0.0362194234539755	0.0700548101583169
0.0660761628381729	0.163724435039088
-0.278401014664227	1.02947306820257
0.223147415612864	0.972170251930597
-0.0505684954348965	0.146175167960248
0.0545138068640081	0.142486677692517
-0.377250168333769	0.735791472542249
-0.0492694609437941	0.0709306573965649
-0.234317283963417	0.356790113292556
0.0447993633038007	0.100554644918352
-0.027757949702765	0.0666303265791881
0.0692007326963767	0.147156643617946
-0.420517763991417	1.4156410115737
-0.0291851416952281	0.0573045846265824
-0.281404270847903	0.889532499619133
0.122416520926305	0.262277877557803
-0.634811881825343	2.47228772361248
-0.0994014441885021	0.20795163823028
-0.13675451063623	0.51277979723571
-0.0226023304004829	0.0525470646682154
-0.131918971317766	0.352783358287118
0.200800594842401	0.585010919714055
-0.23932829260054	0.518092406743449
-0.278652769353151	1.08156653208019
-0.156636220493666	0.406930307772774
-0.283074766870071	0.783731280861385
0.0396607837487449	0.0493488091360157
-0.165805966323209	0.342386098802924
0.172032650488332	0.434487064563937
-0.111003046449422	0.324674396031426
0.0469653179231654	0.121822709903784
0.364053112280146	2.04354171726862
-0.0688732621237493	0.195467966530794
0.219934169765641	0.884351054401029
-0.0155528419470066	0.0383455776303065
-0.301614474920149	1.25970844488591
-0.233523746269512	0.495386999543864
-0.0420682910480767	0.0713830754995545
-0.399940522104392	1.01696969018114
-0.0390948865542253	0.113123011686049
-0.322287650100431	1.0034103548495
-0.122228174896797	0.292325827786921
-0.292418707667221	1.26343949085288
-0.0621996822115138	0.12716315524105
-0.0554058440072407	0.0985285493992104
-0.0546144312239016	0.115929099156145
0.010692831105861	0.0238421649899997
-0.206658469145792	0.466661131559912
0.112408070217026	0.215326164592859
-0.0242188688201606	0.045857351648459
-0.0943941795153147	0.233199802123881
0.00815505568642819	0.0212012264332715
-0.3630919346084	1.87870645124872
-0.138626513344944	0.398607831152798
-0.223448548274052	0.932021423437634
-0.274315731805704	0.613886042805213
-0.0552662595133043	0.0962163701343996
-0.293644203098835	0.420176015150872
-0.0551743033305074	0.0563320735536708
-0.151011567545631	0.235212049338177
0.458294536880786	1.23683927914573
-0.163040653734779	0.262137717329733
0.0147658358001235	0.0291619774570895
-0.0980381755838886	0.25775926047006
-0.257170440042826	0.833317722629358
-0.0233957302181454	0.054344301580959
-0.078936971536964	0.228689037886669
-0.0573864805960138	0.154528883868047
0.115380693919567	0.382176880645864
0.182226646139626	0.534886369587136
0.197812676818346	0.48391124415874
0.153219611487497	0.430134372111444
0.0718366415354916	0.193242439268555
0.0876178199292187	0.22975555614063
0.200477151263137	0.696624017401139
0.0849914137844325	0.18879442796432
-0.32039262489661	1.25165165541605
0.0672530360209548	0.170473880817257
-0.0721668123916347	0.214271037508908
0.139369508545645	0.495974966474149
-0.0526413883025209	0.139910054597835
-0.0933912048276027	0.290305708529502
-0.114306998342567	0.345106931630121
0.0651288690531296	0.0788691291664741
-0.0440206163435674	0.101497897381729
0.213722395963557	0.814509946673965
-0.227880339707245	0.765475850594797
0.164638421232506	0.418323099346024
-0.145738103110923	0.388558916195046
0.160665735763557	0.374706513635661
-0.193280059422012	0.448879148311954
-0.312998490415227	0.80314588411257
-0.0949366927354122	0.280035226415197
0.072709690390921	0.207752283128568
-0.0275473830810417	0.0642206847804135
-0.142554584113495	0.383943923419477
-0.445222749154513	1.88104146355523
-0.192228094651229	0.318696234314599
-0.0712989290371711	0.141795093572902
0.165363036720499	0.265524035852058
0.0348799722588814	0.0631748114743571
0.0668471088569383	0.16037914423909
-0.153683977520915	0.484412179617945
-0.130200001759979	0.40842811087498
-0.0424446411712922	0.122612349087643
0.0108853510235126	0.0280899051850201
0.0431975096917466	0.120316198048283
-0.040756536390544	0.110657321716845
0.0815548960218964	0.241305905847322
-0.317129957728667	0.879832208917922
0.205224038233856	0.420511047364835
0.0524608138267843	0.0872468117497012
-0.53757617968069	1.26298568807301
-0.344130282679992	0.816954213506462
-0.113963120611768	0.127831636427743
-0.0157441689424999	0.0456026493646438
-0.0289120350067891	0.079326673291232
0.0267568991196184	0.0525722711943637
0.164358999519308	0.458463336663349
0.0416607684059832	0.114021298020348
-0.129711157828663	0.303485457481457
0.116940463548612	0.228828426989506
0.00528296051719788	0.0105554685578202
-0.0173589101573579	0.0395508419541583
-0.0237337796254343	0.0349222436360677
0.044233362719972	0.07156094256436
-0.119661900241696	0.335773785440883
-0.255266737461551	0.911924668349843
-0.0933854338139111	0.2902918375325
-0.0595543750594239	0.183732571329923
-0.141356647833335	0.520441085752923
-0.0749720363197351	0.129305395179114
-0.293893749872178	0.420567099328529
0.0443386556432236	0.0678088543803725
-0.560035678616129	1.74744919120567
-0.183387480081469	0.287056038605687
-0.077224859385701	0.135927088575755
-0.053566350800746	0.125914325942301
-0.134023871841149	0.50555652536376
0.0247531136281987	0.0559314772579116
-0.0815631712852215	0.213565514569213
0.0450925174528019	0.11931875105731
-0.0175494568627231	0.0443916338702398
-0.30243561807959	1.50810680322965
0.0175114537893439	0.0431807698514746
0.025332586230431	0.0561792062469908
-0.433737600735234	1.38679197109826
-0.124649725633157	0.376784614958899
0.0361529173707818	0.0897164220714029
0.187004883710639	0.668612484584158
0.0455964951242318	0.116387900106974
0.0512147052755939	0.119521087848616
0.0365702151636614	0.091733912098293
-0.0835230134087766	0.218871617942146
0.0134216927521199	0.0340680627823057
-0.0624932627173492	0.184332477125083
-0.00639906560312479	0.0155596674378365
0.0496861086804355	0.140715521803066
0.00881344850509171	0.0215364270772764
-0.145175743224366	0.368546336272733
-0.100699013220206	0.141421308074649
-0.336885267726963	0.751523704860085
-0.0130352904760141	0.0139669062315269
0.0419927860253686	0.108986310217282
-0.222027815485015	0.854457325654842
0.23388191683069	0.825285169131282
0.0132891872501141	0.0254422877865509
-0.15578641013356	0.439073829028925
-0.0559094231007183	0.128675268239067
-0.160871357689448	0.36069234371944
-0.311015979143107	0.940863629606152
-0.28465619325531	1.32560130315841
0.187806158432231	0.699079299120604
-0.126230050617641	0.408529635214004
-0.26084424556339	0.954124493998717
-0.0975360992392417	0.296216989965187
-0.348182399790079	1.46187915700483
-0.144380695950079	0.237286612646778
-0.161045566002247	0.484288753389771
-0.115616736663393	0.287083954819614
-0.234993614478485	0.415086122581358
-0.170603375385011	0.364821542261151
0.0717146673577598	0.175975890327897
-0.051572090244379	0.139664944180014
0.272634836878786	1.17172078749421
0.171234252711621	0.633029743372193
0.084771915347376	0.269702848144513
-0.0566461464827649	0.15724916056379
-0.0855058130587986	0.260370791789628
0.133271567314908	0.47373362246536
-0.0918591693857013	0.203553793230408
0.332833349113742	0.916902321383108
-0.0747519996096982	0.136993269200213
-0.0374290581565275	0.0607136639636072
-0.283768959284032	0.695374016931294
-0.0831504642121985	0.0843900071151144
-0.377674870922723	0.736804517069245
-0.068085550362777	0.168097276088405
-0.0306683454660995	0.0927662285208731
0.0162430254669489	0.0441167844579647
0.00698897597467992	0.0191759392644754
-0.156300135881986	0.58655643665809
-0.0458223769105352	0.102968216750001
-0.0444495653066419	0.0973042871154983
0.0159678387114426	0.0428859006392866
0.221254264535115	0.608856904466101
-0.210944610807454	0.51004382364386
-0.107553225518147	0.294720850745459
0.340714634625883	1.55091470157444
0.106583174803997	0.200892607261005
0.208493810247515	0.459263810314503
-0.371588942938511	1.41087510359574
0.0268043517545383	0.0492464832689185
-0.125904976955628	0.285088621369606
-0.170822751368119	0.422571254220329
-0.400620329586511	1.21721545710881
0.420259167670105	1.6582171161087
-0.111864731937952	0.269446228969461
0.0733592007153744	0.155466758621328
-0.0566741396001459	0.120267930084004
-0.252536775199617	1.09463871530304
0.0857401022814742	0.202803315093492
-0.28919147901131	1.0910717125175
-0.110374872949002	0.188873666619847
-0.439107243769573	1.30655597761578
0.0777155298673503	0.132061063875979
-0.261172042429678	0.635066322680817
-0.0339189946512937	0.0648612700280288
-0.0033517382939533	0.00632751165861553
-0.304735356659734	0.843484125744298
-0.391076829824336	1.14645348700441
-0.0104807036171569	0.0178100683635409
0.00362686972034601	0.00581610971937555
0.331148463821314	1.19579079222959
-0.134149024869788	0.272826339792633
-0.138524564490631	0.312828350162184
0.1545598870978	0.311808397996861
-0.00612439014463403	0.00872360911860036
-0.0738207310933417	0.127087378497015
-0.157998785000167	0.36025171171711
0.0243584361376495	0.0585911238821856
-0.0145229918841341	0.0358533716587617
-0.282880901719107	0.842628078253331
0.056979524349659	0.121442658931037
-0.00575139847567477	0.0109061634693323
0.169080229910165	0.407121646364156
-0.145643200497554	0.324396784557693
0.00393559528355807	0.0079405299004378
0.00600903327889848	0.0116113488782522
-0.10470178849152	0.248158284418382
0.15990943636138	0.435931087879798
-0.237251768307424	0.715184197194484
-0.148447536424887	0.341917702978347
-0.147885102121171	0.405129604492008
-0.143752274001502	0.314277338609458
-0.149101594691741	0.264244808979161
0.2179806821165	0.474052454402307
-0.241123595054297	0.711850471153893
-0.3044277557539	0.987813311479989
-0.0702673579341577	0.174226917264918
-0.0494562229340691	0.120603449054348
-0.23942809706965	0.759470304094432
-0.189323186127748	0.539572400731164
-0.266291483538415	0.535162971579091
-0.36098467756539	0.998799275643513
0.0814702281998414	0.174959856735859
0.311254123485698	0.692058151933952
-0.0825200601935658	0.133365465307249
-0.216250120553863	0.464533788506209
-0.235994249060265	0.480995094791751
-0.165557463380626	0.521297847105638
-0.059594894850498	0.160430946564039
-0.16156279916871	0.523259358280323
-0.241891739910368	0.786154323253396
0.123324501051938	0.271530306644175
0.0774094498467023	0.173276556340316
0.0080937110730057	0.0157032703737113
-0.0861955578959338	0.198408259936434
0.0132276437836326	0.0302936630257525
-0.103166547322099	0.213033020374164
-0.0168348125822716	0.0264540116175005
0.134793119810686	0.282698891558118
0.0423992379015719	0.0904519573216289
0.315834235412069	1.17646233523124
0.196596929502714	0.608769118200582
0.359037395255523	1.20687377813573
-0.162541352650332	0.467199912736627
-0.0811239962633506	0.195394428996988
0.0211488624468224	0.0402951523107309
-0.096346137997856	0.192229525607026
0.0108966651749771	0.0209639318311474
-0.0252957909517096	0.0382275997776292
-0.127588491317356	0.16774636738461
-0.121317740631632	0.372617130430301
-0.180524529592861	0.557614387962116
-0.378920405200542	1.51203253338939
0.135318763952183	0.3946724043951
0.0692554884135363	0.153472892604085
-0.0285301637565416	0.0630612838082301
-0.0632159154206032	0.0677588117896212
-0.0555178905190762	0.0434139298265851
-0.300750565195391	0.332400727317301
-0.00377249942615486	0.00404454487175859
0.362895072761437	0.585215421039435
0.0487900918718369	0.0504526717517718
0.0196206756045415	0.0175432259830894
-0.178217164084078	0.157622004580011
0.262604831783482	0.396518713007597
-0.262049639011277	0.260404893760355
0.691384836845284	1.04604595326932
0.255681176365729	0.244321630110241
-0.581431095075797	0.522530603181263
-0.587643140205405	0.672990242151904
-0.271116223208385	0.401121022354003
-0.139555444379524	0.309389032577933
-0.138963609072353	0.409760190028711
0.0797755420804438	0.191099332533903
-0.0663172547418717	0.133698469466311
-0.277115039964788	0.712234813895974
0.0913862165705614	0.173344861119006
-0.368643495949038	0.93051279942585
0.27413635948956	0.445225502020304
-0.159715008842545	0.248623665756345
0.0308257394684501	0.0408018936590217
-0.0811100008769488	0.128204439010056
-0.276758329406471	0.353457952370411
-0.0808944650843232	0.0726913088605272
-0.23293204934504	0.366689487053538
-0.333196606134666	0.612567533652502
-0.470372420255275	0.849969057420084
-0.272271564835804	0.522723757904327
-0.179006182828338	0.168851496002735
0.486233883193036	0.492878817359628
0.0945696020701922	0.111120447518802
-0.767193039193893	0.91678908389644
-0.21126730790143	0.289692659901993
-0.216562180463843	0.533329792733666
0.044877729994372	0.0806469232263381
0.0116929813886485	0.0233655770246337
-0.0906639277835085	0.217621708647064
0.144828001105857	0.380757731911049
-0.127415908669937	0.243742968499061
-0.130388941384023	0.0904357137632272
-0.400030955452794	0.439371083218249
-0.241113992196435	0.343501656870971
-0.280285710934435	0.512590463209665
0.0953696096160856	0.141304512418799
0.279933679735431	0.471181932491654
0.155740546870414	0.273253952932553
-0.0330080073663993	0.0510777025577385
-0.219165717878041	0.344338290642863
0.201601130743607	0.26137039341324
0.019365312978995	0.0283389419300804
0.611723718691678	1.10001282030234
-0.173351138043079	0.286991416231593
-0.0996293967487454	0.376225394015547
-0.0855155253918339	0.303077628859607
-0.0251102778433816	0.0755411623596257
0.00736398502372455	0.020408540278379
-0.144360793267196	0.119428522472401
-0.457456209443157	0.552421057865042
-0.489047572810387	0.860036323152478
-0.118712365640578	0.178346613393716
-0.0259163129923272	0.0278091016916776
-0.199659042094122	0.254447056094247
0.259770837841083	0.327056564187156
0.454899872078612	0.593593668107282
0.0510126957371022	0.0846347473160852
0.117484869433189	0.113600503366714
0.541715299123477	1.04418375993902
0.249215255853381	0.230260245481795
-0.328700453696882	0.324518879614959
-0.41112103160812	0.402756165477141
-0.113507145455063	0.360613883768954
0.0783004707521375	0.273105087002396
-0.029597985994676	0.0842662919832466
-0.0941802577695276	0.307828721220316
-0.00832418591929618	0.0206614047863035
0.0946549793029042	0.272258825662649
-0.181656314695923	0.426160394009184
-0.0398283311766757	0.0724442435249633
-0.0600102340042806	0.0983117005009675
0.0528935061799398	0.0906298381734171
-0.557252106434655	1.68261669011175
-0.153288655716046	0.201869053029363
-0.111215038536056	0.181286605571084
-0.126773717237689	0.260496401497891
-0.541948742174552	1.01194691516403
-0.315860357643389	0.515676928172187
-0.117017402520085	0.153998099573832
-0.125298357972	0.11174385839304
-0.215116678580142	0.785849233323977
0.0305553763103971	0.0890076415222679
0.0832309207457261	0.272639310017226
-0.029723128567144	0.0735047252523061
0.0426293743967731	0.0889327562846283
-0.0603783328307422	0.0921748877794161
-0.150577225125264	0.302737086812158
0.0390738347145535	0.0733786217277374
-0.169521991492622	0.303651526658982
0.121390048269393	0.282391993349488
0.0625244400764842	0.152554469927106
-0.0369671012338308	0.0515946920467786
-0.0218450247410014	0.0303289352591426
0.128519943831122	0.324880713306423
0.129591700734491	0.238616280554793
-0.119242810467945	0.452355404158968
-0.0325535852782634	0.103268716634909
-0.291194445239297	0.460326915144412
0.0408370446216399	0.0508631015664501
-0.100808109308624	0.102177147749219
-0.137140938886645	0.138181476722102
-0.156433298603302	0.156930026397727
-0.780149608157716	1.1116303359961
0.188169894798618	0.281911384670066
-0.211003641393735	0.186008183714477
0.216463657576843	0.21919698844165
-0.211020364592268	0.300092576853405
0.0327453757319514	0.0637763809697294
0.075447834895701	0.188160181971166
0.0253079644361931	0.071764938443775
-0.0587184626809235	0.176729748978476
0.0283590349756023	0.0792402184982775
0.280392335414895	1.21407769997949
-0.295917894443142	1.28160422853306
-0.0440959588210345	0.108810788781185
-0.30812931776202	0.735699884480936
-0.0214358393921694	0.0329880891677068
-0.168908272107182	0.322250063676656
-0.101384049082586	0.177186258551472
-0.859591840584112	1.52130570584879
-0.247527225366869	0.376674868165106
-0.157264885287749	0.229929707985083
-0.0527697841268634	0.0802868779777515
-0.866642968456521	1.33160383340698
-0.545820934891507	0.689128310334329
-0.172548384362529	0.521377565487817
0.206283740970503	0.860606061578045
0.168429225486122	0.647457059554663
-0.00825255798252512	0.0167789238689236
0.0474079413329981	0.0839008717155473
-0.0625462209126524	0.0564690129298646
-0.179571816422745	0.169414871566389
0.043063644589437	0.0711199127374414
-0.396064877166394	0.670704210688426
-0.0956543845375529	0.190616078832647
-0.621340571565099	2.62059367263014
-0.422205637275831	0.805946395725139
-0.397266262100593	0.673473162388586
-0.181135292766817	0.444393135169993
-0.203894607506738	0.339000551484512
-0.0681631420737428	0.187652681846478
-0.00312655426618897	0.00769190305236633
-0.0175737511010295	0.0410219402543318
-0.28112757355413	0.387644278395923
-0.154690811373924	0.14648670181442
-0.216843915057012	0.162391800494386
0.52424485749743	0.425717574758041
-0.348610674644218	0.322924358900453
-0.789612440163642	0.617894634897791
-0.0121321139080845	0.0103467487910533
0.401545332435803	0.312520700385286
0.292630366720318	0.344941667520499
0.117084858904482	0.204928702959828
0.0877238971008392	0.183278983421819
-0.332819721428769	1.47769758372733
0.155011404927702	0.453532092862189
0.0165183079345143	0.0356618100565344
0.130068686022004	0.303608694397727
0.0473459334434728	0.089673040302427
-0.193984704820293	0.458429380995951
-0.047433136372044	0.059808764278258
-0.138346281132493	0.175498212977184
-0.0912253826872993	0.106823360842158
-0.316698882871663	0.454911485345749
-0.091390322161224	0.0873931828445117
-0.589961296549738	0.810213285907544
-0.108573855458187	0.132344852358418
-0.208949542136037	0.1839900466297
-0.259927738192618	0.317473867948089
-0.0251501378178716	0.0269671819910753
-0.290140568312211	0.688613069339258
0.00693633834495993	0.0141392192853349
-0.0903580950375819	0.196199398036685
0.26749293199691	0.671033578999206
-0.0278211360698961	0.0374712902812993
-0.32046384683391	0.231304442051585
0.119381569869361	0.0691459287096924
-0.292979873493951	0.290107424980561
-0.154123142314842	0.203171830231843
-0.412304499705352	0.4044056624344
0.185307359093214	0.322694565592912
0.162366682129336	0.18166468623379
-0.403223994928099	1.33337122739544
-0.0526031743935787	0.111191825569258
-0.149400294142214	0.327746592474924
-0.22220427886478	0.147601566553755
-0.184966434045182	0.206832698090469
-0.0625554422758048	0.044559837506007
-0.710932382683038	0.396579663883527
-0.469146433825719	0.321686635663291
0.900391795308915	0.699039336503731
-0.312225904773814	0.172068793915375
0.196996333094743	0.147777799398184
-0.594562769645655	1.11458457515358
0.035856301345953	0.0461105529207999
-0.0822344561201111	0.162785215565686
-0.327876932627324	0.843935166245304
0.0371204311820566	0.064978475373844
0.123715794481762	0.202440175477738
0.0559495278230694	0.0763817049694255
0.427971052361229	0.879533435303651
-0.291533021779274	0.33936797067131
-0.377877747155024	0.437188496392445
-0.226945272817329	0.239150214889578
-0.313216808856571	0.327808076792291
-0.524928888733339	0.541747054619295
-0.202688881454117	0.237353770585229
-0.524626014638601	0.783574341223708
-0.281975833220216	0.182370569981477
-0.145454007849342	0.120459280516581
-0.320611200801049	0.231432942485108
-0.320026443121515	0.230911018268414
-0.47285498732704	0.489605968485453
0.0848995617669734	0.0574607370289221
-0.0938467165178486	0.0660788955728858
0.12662779226864	0.111304435460325
-0.56969037858491	1.06725411694454
-0.479605866457761	0.792796737054038
-0.502996040983712	0.991627753323047
0.194420728132188	0.403384360382708
-0.221818261120229	0.431855197794952
-0.325418216097944	0.548764042412346
-0.540539934558421	0.270881496006486
-0.865680368061887	0.532865549003799
-0.448286332578035	0.272543734863948
-0.581141740011496	0.522127770990626
-0.395792806031901	0.54813651602127
-0.3485823304403	0.322967520557156
-0.0208358479238019	0.0629963167530228
-0.134731127358621	0.540135708568565
-0.0348016346457432	0.0706291422222509
-0.183422013648481	0.295778790017527
0.142389143313281	0.20909548076699
-0.225676587924814	0.467717986411752
-0.446200620312532	0.691236810105742
-0.158334820394785	0.159088988795466
0.400395325095482	0.873957835591419
0.397726852812628	0.476024731111683
0.140549150065374	0.110464736456304
0.398545848278404	0.451925472975142
-0.734967607889938	1.00625772298991
-0.100265541301043	0.101572726990842
0.514000608676711	1.34377349353849
0.12477063435926	0.324894391383892
0.30246329326922	1.33927396258626
0.197438151641622	0.894754356873824
0.0650174391984384	0.208540658557087
0.119774086327914	0.443669357869694
-0.190380043879433	0.705050923850257
0.144387209175785	0.449045272326759
0.0734030404128921	0.213555859684114
-0.070066650063921	0.134622224015615
0.140094595561302	0.289783664322419
-0.159772939066632	0.334908228251042
-0.161993605577681	0.308550086873954
-0.133674502309099	0.230847665174039
-0.0350415796322889	0.0578608671171122
-0.298777638928642	0.811614939725229
-0.267739618432086	0.312395375828669
0.135949815554731	0.154865317972578
-0.193804556826089	0.339815383172967
-0.0885844946374794	0.181313614387316
0.256711126359299	0.494290753571723
0.052707169396756	0.0801468422988643
0.167316350740556	0.231424140365514
-0.598072611932974	1.66767183067116
-0.523782358374962	1.46925469736416
-0.404228340664346	0.64474099248832
-0.480309806813316	0.920747917289427
-0.25050462400795	1.14927284850566
0.0346681334559545	0.0929553272189432
-0.196758589589253	0.619341394978292
-0.0375384398277836	0.0490312649750535
-0.114424128594513	0.246498134917362
-0.36959250356069	0.739734403662974
-0.0491348767287914	0.153893490301269
-0.103417774022286	0.371816067870881
-0.157495270067853	0.425230126231963
-0.0513938256945801	0.117580734537516
0.178109599106404	0.300734115968735
-0.145564582764542	0.239678552508572
-0.145972391593797	0.298519488880619
-0.182594135295949	0.232279446385972
-0.318353357387077	0.81605974733185
0.397318070607048	0.599855757813865
0.0400534890765374	0.0347899091889132
0.0325110001723418	0.0300346133791403
-0.416071165872133	1.08224490341468
-0.130685193959357	0.354024568942456
0.11501872139062	0.360903830883209
-0.0999606861762403	0.340887278668447
0.0578818356206199	0.183847149447934
-0.0862019009552295	0.28535578735326
-0.135489554989195	0.438489693777489
-0.0343932052816122	0.0881136356460106
-0.266113872965074	0.721435876209206
0.102308759288735	0.213785450309067
0.20596481223876	0.50253948161319
0.141543837417635	0.31650130616694
0.0922240370077586	0.159920356078057
0.0150509152415208	0.0266327865524709
-0.01798018626203	0.0339156278966037
-0.37525365687243	0.578233194234344
-0.0400475490037829	0.0409125201167456
0.21854959965295	0.266592451796052
-0.281920145571797	0.594968893510839
-0.00687700185960427	0.0135843663035634
0.224569605361799	0.440486022100934
0.414116517568338	1.20219718745738
-0.478735035071112	1.04436404790482
0.0818159275260848	0.136437791699849
0.109905746200776	0.223528724574232
-0.404397343519958	0.581893276351172
-0.596430607255408	1.31233162305664
-0.837753727684444	1.38687362102214
-1.01194324366214	1.37405819627499
-0.584475255391783	0.600866905127756
-0.375241215200216	0.77021142360805
-0.0242275701434571	0.0635257499879467
-0.1199645439851	0.383297345768187
-0.0216310328881049	0.0505588932031026
-0.16181549089177	0.171967625845145
-0.0557076844602271	0.0729867146516904
0.0285503679765465	0.0464332787187997
-0.429314299748037	0.774267533388925
-0.00431737266413445	0.00503334857426251
0.0273719399139188	0.0533025189772131
-0.0443197362257663	0.0599282016057965
-0.26630355724605	0.926044545435213
-0.481937299096793	1.67311911354769
-0.467807609024274	1.44963949504838
-0.0929458828288387	0.214838668222073
-0.0627619864704342	0.132081322243995
-0.201701963652399	0.529537330261859
0.0897279354123115	0.184717192434642
-0.132926069857758	0.303068535499315
-0.169184703552255	0.309762531669894
0.144035559012936	0.268049181648497
-0.286257581523981	0.630633497334902
-0.131389069061314	0.294726102270455
-0.340160653379556	1.02642311061193
-0.159782049051622	0.284999997619933
0.431688723616645	0.79725457845116
0.114231176460607	0.16067255407876
0.650588793962801	1.21968971395786
-0.0829334805340364	0.0841532219304034
-1.11198037447687	2.34639667312964
-0.395313972978386	0.609261959538486
0.0741802740322827	0.117146419357643
0.471859097926294	1.65516627581424
-0.0852697700323406	0.185261597891
0.3846669372146	1.31407880249853
-0.118873701080545	0.276979073655527
-0.0917067768259842	0.199678186207968
-0.0800095503450474	0.138146021054179
0.0227241260259973	0.0325575311798841
0.140284791533748	0.231693113240285
-0.0767751473268523	0.123977808708294
0.0277293275659989	0.0403656748221195
-0.116466475992235	0.153163999965801
0.0879522079461338	0.0942521170562301
0.0853236998368715	0.116215265087957
-0.19338936110099	0.311941861536068
-0.144011268184031	0.283625994412104
-0.0355478111508335	0.0495197298674114
-0.387362281975231	0.92904662044974
-0.224453906927847	0.395934247564439
-0.679290056394621	1.68614678408703
-0.654818651992091	1.69636373608376
0.603182512971447	0.943770992223872
-0.464766429128113	0.694338597615992
-0.0372624671378937	0.0486639532848548
-0.998443358170461	1.5285890176819
-0.0569060912879807	0.0547503641926667
-0.439077900139289	0.656459635639598
0.158257707550228	0.24603104071697
-0.541958989029307	1.60453479351044
-0.235536339446466	0.538326193232599
-0.16112024023594	0.344303966532227
-0.0889560772719871	0.170089190476518
0.00392747910513785	0.00630059078745204
-0.270786008505247	0.441100647194651
-0.0703374602781099	0.10152139199353
-0.158358764555534	0.239028010342938
0.0977687978143051	0.138542358026045
-0.256674943653294	0.527465477084699
0.0675625552791126	0.0998854803797064
-0.390304702111058	0.700751269966128
0.18332120444102	0.221569498643989
-0.04852903499322	0.069799922513428
0.3550171330233	0.509969386159554
-0.14422894992189	0.360943745394511
-0.190694666313633	0.418873616517909
-0.600160315298052	2.20430841304717
-0.055081871374168	0.146491754215186
0.0175583409214534	0.0366178325723788
-0.227187604249679	0.630437855460724
-0.212734707894907	0.716280499724769
0.1565905091955	0.457620031314525
0.144232112259093	0.411902037662182
0.0154497481858985	0.0430397225198073
-0.0667853447586695	0.181968273477947
-0.315146551450293	0.624942256077957
0.0000614173839991538	0.0000894749511297584
0.0406838387721502	0.081259549706472
-0.103153544653094	0.324008599160598
-0.0300201990706325	0.0717305694988947
0.00383252843211673	0.00846417257118444
-0.0507456360969678	0.131130726866429
-0.491786775901168	1.1991210669433
-0.15946078482138	0.290488361669566
0.0513041144830948	0.0629647482817942
0.0343845189060213	0.0402913559196506
-0.0436584840402019	0.0509834695554665
0.0630011710073917	0.0916577535782423
-0.0343675834339642	0.0614089530414418
0.468355227059651	2.55489446086354
0.0941220765756842	0.256487852668516
0.543167028606774	3.46954169523305
-0.0172124725336792	0.0413050507213907
-0.128991426297804	0.38746723275545
-0.0133024857547442	0.030277427179537
-0.0263019504031264	0.0563967765102682
0.0240761652841302	0.0394239199554094
0.189508046054188	0.426463230028546
0.321217527912574	1.01772051830511
-0.408821984014578	1.29876968555932
0.055811993004737	0.106635831364517
0.0142061261269541	0.0289197973351433
-0.268369498908818	0.852624486492974
-0.0737436107430164	0.158947739134266
0.036873296238529	0.0513251599929736
-0.281465396768301	0.430608905682163
-0.12509650476463	0.182240879202141
-0.0428788858197511	0.0886729688359454
-0.114171064300886	0.200402085861529
-0.00303399657241986	0.00529483564375719
0.0275900071278543	0.0401554479284142
-0.295695881138072	0.738679261243993
-0.0274178845201973	0.0503459754095033
0.216562120877393	0.299094443282769
-0.261308882873864	0.547616897671443
0.00436137638634574	0.00673076737028227
0.00821249705437917	0.00895885620771398
-0.369382473170122	0.51101472607081
-0.5201081917375	0.746994206763594
-0.0629564465688829	0.067452353902823
-0.116680130507073	0.199909260430068
-0.184862094606184	0.525639421261859
-0.0331812317958878	0.0707466775174294
-0.0492850521036979	0.0836055898837324
-0.057992467729589	0.120087228083435
-0.0214362080495954	0.0430046148583872
0.237958627171612	0.762503749921159
0.0390907579506413	0.0844639151159139
0.0852981641414456	0.167978229292703
-0.488979112708557	0.859907233431613
-0.333829606428539	0.478972300677139
-0.18380859288513	0.215404139264601
0.398351727848245	0.810409134165731
0.178247425543707	0.380253341213526
-0.18694645045991	0.396977583331275
-0.240753732369258	0.402948229381815
0.00332312463459419	0.00575809383596757
-0.069387870981436	0.138240607391701
-0.257244176984249	0.418755213358885
-0.834141072949428	1.76139158840742
-0.330156559834329	0.880132798796971
0.427471640719475	0.891034304017204
-0.011365229185696	0.0280435386911478
-0.123831261859505	0.417439398573885
-0.0611870052979411	0.14464337610445
0.00956239226339689	0.0186862164829283
-0.0725024607361528	0.144513303993136
-0.0612550235827852	0.127074990449974
-0.111924066942614	0.280247667737077
-0.0233865556972227	0.0462491510865539
-0.00818067352686634	0.0174593566929023
0.0935862584507815	0.294029935716113
-0.311852639860577	0.977779613479178
-0.236931014273501	0.748201821933435
-0.0410332531844024	0.0951653173623856
0.0229961719369965	0.0653759349666761
-0.197433088080694	0.808749575643552
-0.159626633458297	0.328856793135158
0.288506686155773	0.842401576253125
0.100657262994434	0.151806440389087
-0.245344176206785	0.446273943992141
-0.0537478219626591	0.0818933919226343
0.0678341659009916	0.108154846382345
0.0190880376771719	0.0411033380140296
-0.207641059897554	0.854933425291744
-0.118859165588598	0.400291671477669
0.0554509926985195	0.145268764072407
-0.0870879876181081	0.254321865848154
-0.248063349758428	0.92507949958188
0.0542333255644855	0.109322125801363
-0.092064749879425	0.198161595656524
0.00590975532756781	0.0113617363546555
-0.108099636217884	0.265470292520082
-0.188343120246304	0.598185756777668
-0.0275350265574165	0.063685116625445
-0.0312785186621024	0.0785008404650663
-0.120376941813614	0.356886781319443
-0.0513303970830734	0.0874094049482044
-0.0372763280451196	0.0536305353954214
0.0154408712930975	0.0208878131172061
-0.0466209974975939	0.13493383612252
-0.136006157505237	0.427826950505515
-0.0291897787246887	0.0827192323211135
0.0129286297220615	0.0320888740386781
-0.0834599081468896	0.167891604826198
-0.202473408371641	0.611659493857191
-0.133075542472585	0.333526211856015
-0.14529887910137	0.430577622372376
-0.136523949694818	0.246690741981309
-0.353076872162378	0.87106885690766
0.0431083963787628	0.0851580374813136
0.0455538221217891	0.0627916708981606
-0.230199350962797	0.373334069930199
0.041878901570385	0.0501676721458617
-0.0336188871731185	0.0577162731989156
0.29842472687203	0.936334437250937
0.417287928538982	1.83596230819873
0.394745355342856	1.78261763403876
0.0866685206934145	0.24152269074776
-0.436041720766572	1.53304031814993
0.17786806169804	0.278654981155758
-0.184046832877057	0.225332941275841
0.105678159364389	0.119337848166444
-0.0164818639440507	0.0264405455425398
-0.106444469469594	0.231609059348348
-0.168827419097591	0.427552846149204
0.0512278347228859	0.0718823990000457
-0.0896816251753249	0.205873009994859
-0.0405624531798261	0.082585848178191
-0.159427075269235	0.284214960938371
-0.195629685238606	0.287502685436777
-0.067743833964751	0.136944030832095
-0.460126304905265	0.901335158319545
-0.158147569178787	0.586130940898669
-0.0878487404534695	0.27557472616849
0.0205465906710399	0.0341251734726284
-0.15726333774286	0.311473609598901
-0.357700531439004	0.47507045746697
-0.0538938248331842	0.05497538315561
0.261918324222123	0.395203975436061
-0.467672509733658	1.16143964462712
-0.0140456235140681	0.0170427971913353
-0.223189397564689	0.793912046106976
-0.102805511793251	0.344552657630862
-0.0522634975694613	0.135155975599955
-0.0385671971376534	0.0934914510977059
-0.0516066931316346	0.132852605986947
0.0589235155026892	0.161141401416502
0.00106847059197181	0.0024052922325192
0.082353893914141	0.222355842943709
0.105227602410027	0.320344495073632
-0.0842854096966175	0.241107228941862
-0.230622072837004	0.733106107158584
-0.0301140637425001	0.0379410917747388
-0.396150560685079	0.893451504852843
-0.317183256025142	0.705369949570911
-0.16075339584497	0.299563550928672
0.0496967368016128	0.108621552415199
-0.0159808906853587	0.0295697269132367
-0.0933808553007351	0.232555964569463
-0.157884357781947	0.409073363544949
-0.145847050810567	0.37989680378381
-0.0625435188393464	0.131586072494368
0.00723480858811693	0.0142021656134739
0.398317692479519	1.8840175206296
-0.0838589440817489	0.208133908390863
-0.0825456989732116	0.203426464760412
-0.0866519176148524	0.16853528876606
-0.302891580825119	0.934628360624982
-0.0117282638440652	0.0262370164652874
-0.124644151937401	0.390447972995919
0.0369587242369607	0.0780756113233766
-0.195793508220261	0.370024730892679
-0.430765665519916	1.41549622650533
-0.158495936111367	0.44913317334812
-0.0973206615455431	0.240845820737679
-0.157159752478145	0.411769727368905
-0.0549052684690949	0.125560982842567
-0.474209889865567	1.33812972851413
-0.135962573245143	0.240591906715586
-0.157531849859172	0.273827570371148
0.0399876830858533	0.0586579345160238
0.39972750082434	0.73252823386597
0.235617687645386	0.396893078055084
0.462559256232182	1.2138835318973
0.424741548807065	1.48510688163489
-0.197586160960806	0.604570143410061
0.179138234593003	0.490146766677951
-0.355719596949671	1.22279015192808
-0.147680855955489	0.334910733844182
-0.10571426562824	0.204012001686286
-0.0374781110337499	0.0669888360619868
0.268353476649133	0.843849864886331
-0.113194239086338	0.207344744827274
-0.130281529725466	0.404138969670064
-0.0943101333308327	0.27087601339262
0.0112765670530881	0.0275912266623188
-0.00162302990967115	0.0039070706171638
-0.16762106159125	0.591127161006357
-0.340163265501187	0.997843955162584
-0.216339903201754	0.621719682015705
-0.288843669819221	0.54315467660031
-0.214365362175355	0.377637999212829
0.0660969717831068	0.0556598932820248
0.0539759333288503	0.0485272790559594
0.0520387047880157	0.057731244636679
0.0297594403355123	0.0327548703892989
-0.108314096650549	0.115783435108533
-0.1385927196101	0.435177827067616
-0.0376290020638629	0.103459531012647
0.202951924384313	0.869371451993661
0.170944422487578	0.66770089618334
0.00794438625089523	0.0197426347781944
-0.0457293438347772	0.0414681616283545
0.0706922419089523	0.0823854597624071
-0.224866066983641	0.319810698476994
-0.06515558924296	0.139373935075429
0.0426009408307308	0.0757891732356148
-0.0531981962770126	0.0961833196429273
-0.126412141674132	0.269384371570896
0.0369888130051334	0.0910549066376105
0.0175274846564311	0.039691979309901
0.0198762225004346	0.0459084995816786
-0.382899995194296	0.861196611377195
-0.168794259744153	0.362485300747166
0.298378767272534	0.585065656404477
-0.154337640799871	0.333884857112383
-0.0455940575545488	0.0986612584661148
0.0306249945879429	0.0724749726004436
-0.144020683227888	0.431658386565961
-0.197319167779737	0.676938235253314
-0.00725586457630293	0.0167569030404129
-0.179781411878195	0.599291643751441
-0.585969066443182	1.89221348999675
-0.196664327490578	0.354882350248981
0.0417237486361656	0.0546912399456322
-0.153995287110305	0.202935152314777
-0.160520439189635	0.25721377078607
0.128150475557764	0.127891552433583
0.246701534391279	0.288163850897534
-0.040975288219926	0.0497620622316291
-0.0354100318739375	0.0549973036340418
-0.226412781658345	0.762242201753788
-0.148469031934599	0.420903511783138
0.0970810712341535	0.229796972931243
0.164168022830865	0.402240811461433
0.0243938344918018	0.0340680237413011
0.190577794964511	0.366262200331014
0.158484207709434	0.380101030204106
-0.446336791201032	1.2115181573212
-0.147406041625297	0.215641894490204
-0.168309771340996	0.590074049904615
-0.0845239800425182	0.252294285798909
-0.180363118985647	0.618761115691698
0.0257756175937279	0.0480444057404823
-0.160420367684569	0.235391311825281
-0.0102044534031965	0.0145349746866823
-0.317808098016915	0.36915950914768
0.0610323943378771	0.069380043702752
0.244785800291603	0.387161875246219
-0.269441905155271	0.358126739478415
-0.0485829704927564	0.127818619592585
-0.268393465827224	1.18945892001476
0.291857186184603	1.44440178632139
-0.12046230066803	0.394491686700402
0.0716236238883307	0.197874510780828
0.040684447687607	0.0924995386370481
-0.290412452410063	0.45871219666703
-0.333764561873281	0.546160779150024
-0.145706668183712	0.314798814157677
-0.155507428485421	0.347717735494752
-0.13671560407662	0.312103116066733
0.250737877568728	0.70099558243086
0.196039034410052	0.47511566489574
0.0145365662968906	0.0330492342498207
-0.324259530001405	1.446821977659
-0.198582124279216	0.686858245731504
-0.155676743451354	0.41390044275987
-0.423616217141482	1.643819213183
-0.184874271877927	0.331707024354177
-0.118235054781722	0.255008230961264
0.00402317640059226	0.0054669650705052
-0.145099101883797	0.313175142463259
-0.131623433427306	0.39259208920749
0.00886986063730389	0.0198985672547925
-0.0884872752759173	0.249583296190979
-0.273434087813084	0.576554541263384
-0.202910174979382	0.356170838908465
-0.22651371625476	0.377590423970196
-0.641808346499168	1.45054936912467
-0.0297035393312901	0.0387781571913358
0.398942433765147	0.490834419186088
0.232903929693391	0.304494485947903
-0.363652318374375	0.670634736009469
0.137458518176342	0.238014382814973
0.133039880173728	0.342594953843517
0.193608244607956	0.542319795570458
-0.253686053140131	0.72307127908087
0.324552944238762	0.983040131557674
-0.0145833669166924	0.020204598376424
0.454776338857838	0.968044554685302
-0.0412429015659708	0.0765903531586204
0.25608902784188	0.547150511215887
-0.122243785456203	0.172362792868841
-0.109672542642538	0.345846510608671
-0.180519439705885	0.596710286491593
-0.0962467449038034	0.210301231627244
-0.224397405316119	0.384524964736213
0.031774933657705	0.0293365223671443
-0.520034118694729	0.971285552406072
-0.568140298421955	1.06358257572673
-0.275117442872014	0.393018852631285
-0.0482257705264905	0.134369522054733
-0.126032002052929	0.441342870767952
-0.114753563215013	0.375863693580006
-0.443383668945995	0.775981623086739
-0.382874139539647	0.609641057120276
0.0326552570447251	0.0522924432952037
-0.0672688076111271	0.13341270113843
-0.0602138753724337	0.105037425637519
-0.11789847683214	0.241785372403456
-0.029306885559982	0.0540142425243465
-0.0509468055731653	0.0866997274290359
0.0232312754992356	0.0389979851061155
-0.309028478129763	0.854028654360192
0.0193765147289713	0.0429302360290563
0.0554509926985195	0.145268764072407
-0.141408886245711	0.463124903112066
-0.378605422856279	0.833498240299415
0.0324214376216322	0.0595013672886226
-0.152574597381105	0.515367946816996
-0.0288067327252036	0.0681110392924826
-0.157624193302674	0.390367709889362
-0.0950882077102444	0.158477886408252
-0.378263871236864	0.738491778852879
0.109397786460764	0.1610085274465
-0.126465432712602	0.11287271317955
0.25109774908267	0.300896291636265
-0.350936892299604	0.648086067558986
-0.320839898390459	0.699006165273303
-0.120621018577776	0.307795140754057
0.26860429653367	0.844551568533765
0.0431083963787628	0.0851580374813136
0.100820956678147	0.204777428379934
0.123965845458481	0.20291696062838
0.023590727891835	0.0316186884547293
-0.0566994239665041	0.115237242040218
-0.137291434077449	0.225737956745298
-0.182871657545596	0.27734819300801
0.0201625875856532	0.0248392684838726
-0.257835364637616	0.367917765006279
-0.164726874583288	0.558914128665729
-0.109414457587401	0.309514245731609
-0.218955479347785	0.747191516660898
-0.128508956646701	0.359206495986927
-0.130484706743055	0.309763058364735
-0.107150003657653	0.278008094396315
-0.208372229691978	0.549970046428201
-0.141590431504253	0.324171635906992
-0.0414066680924317	0.0818608865127616
-0.0626082917606539	0.133212019029238
-0.0451166414628383	0.104829859558422
-0.082184352129123	0.208831103570261
-0.0251146621858908	0.0527122645469308
0.0667886787754764	0.0945219633961287
-0.176441343146364	0.31608384190535
0.424639855010285	0.945994134949214
-0.102652414725585	0.175051642762029
-0.294773153166112	0.650241063716494
-0.270722087703396	0.568781029749666
0.139843679635294	0.319930982449106
0.0879408024356491	0.199588338846358
0.0555182680649882	0.100875781761459
0.207474478796318	0.532025590783606
0.0422037847174963	0.0621165300966146
0.0946915469509972	0.159400586982535
0.0850777973390426	0.153086584193213
0.223760944460107	0.498525692717929
-0.0400946310449978	0.055699499691824
-0.0767863221847985	0.193602101186429
-0.119450895055831	0.312321340776915
-0.296798958977411	0.573147678862811
-0.0233902737856263	0.0273007134466492
-0.0145123654619389	0.0176162443918301
-0.0770896294280225	0.207190399758321
-0.0239964195690811	0.0545900826513817
-0.0620685575440012	0.146387638058853
-0.0260810868743345	0.0536723208325547
-0.0724749122881244	0.155821500161156
-0.174524324854987	0.413717440481626
-0.218506725299516	0.604622640248219
0.0304083982475144	0.0616603808414811
-0.0459740931661522	0.0991406921152866
-0.0900424812608927	0.221384526095276
-0.19976158723988	0.646708228869745
-0.272961461425311	0.81803302552976
-0.312813102764211	0.877856391397745
-0.0831871671354828	0.128003931520666
0.146747933473092	0.276459325819343
0.334791680611381	0.786470599426176
0.0794741462555908	0.127570124416363
-0.161604016620373	0.32547305537517
-0.485743328980339	1.3535874712204
-0.251408417019068	0.686480189052787
-0.0631923737824469	0.125082701676075
0.134397744873216	0.3027231543649
-0.0763187136490011	0.147447038562622
-0.0721151241661816	0.113416648729007
0.193957396331465	0.377860661068475
-0.163615610281329	0.330745383211656
-0.114925679595006	0.214854884100976
-0.12123582196531	0.182702186454761
-0.201103060331237	0.774897641272792
-0.181224445984587	0.628440837156467
-0.107439850409217	0.309000734043949
-0.197429146495163	0.643272559625015
0.0290805347612548	0.0548237775979239
-0.112754077910853	0.253328693308136
0.070848429459278	0.0825774145424489
-0.148515051376398	0.46908800405054
0.0998240214239894	0.304180541426865
0.192101066451638	0.701339686978484
0.309650825630173	1.30456366677526
-0.0318086431075481	0.0687899068133738
-0.17932314430402	0.451116232880718
-0.254399763966722	0.575858214933963
-0.122295632796197	0.264112728791922
-0.174459554382666	0.375333503463029
-0.068084096221615	0.131095828079591
-0.155553302186724	0.386084842307388
-0.394661215027888	1.17630667109306
0.00439169210628943	0.00762083733814551
-0.192195064385302	0.30944838817614
-0.283885853984419	0.673728851238543
-0.207951168480211	0.571879685300248
-0.0961529132608622	0.238388965730489
0.00868449666414063	0.0195414480968044
-0.301989346299016	1.19124775110459
0.029078452308442	0.0660690979384124
0.0777646138341012	0.208732830557896
0.0827073919751194	0.181108209619819
-0.0544705445508047	0.0967109993083114
-0.0935398404189799	0.140072575864697
-0.0128764595163373	0.0161831231144345
0.066779014322112	0.0901798040667273
0.23908194654432	0.461828700096027
0.190546535786531	0.236069184294392
-0.216993269926341	0.362131982722949
0.248706913734012	0.51154301005062
-0.245890676551896	0.491155526905864
0.234951557613911	0.70046779613397
0.314152759682309	1.04449342042862
-0.202325723044914	0.49363068770073
0.243816142917132	0.648892096951412
-0.0947117410972124	0.15014088374253
0.0944563730881436	0.139781915144168
-0.188436245390716	0.386137519491392
-0.337906914789121	0.754756867460081
-0.0237285607192202	0.0320395694065461
-0.0048210594342231	0.00896980340864896
-0.254858085086809	0.699713112417685
-0.353939154591871	0.775743792268164
-0.301136864774979	0.637558197052053
-0.300780722771184	0.490979793701531
-0.591165159084229	0.812886561388212
-0.113889679373095	0.144458746063097
-0.142065893017489	0.47479754267031
-0.118291688872286	0.350746561388774
-0.147254895672902	0.507039838910174
0.0171261564623493	0.0429595520642624
-0.0323514039897664	0.0819377047530294
0.146636031920314	0.465625212724855
0.178449841807902	0.544525315253162
-0.0385176227511838	0.0760027782077898
0.0327864808622089	0.0513483613549084
-0.59446758857487	0.98742782009052
-0.52394801560375	1.03376001710943
-0.159462839236292	0.385849242012301
-0.271194430485465	0.748127862641758
-0.124038517340295	0.285155207972924
-0.017839701722289	0.0341506978579386
-0.0500433669423904	0.10132280715628
-0.288679460136509	0.917588744303754
-0.0266830251362274	0.0601763532884345
-0.460967503301591	2.16267371348266
0.281568954344281	1.1112796233377
-0.0357413790094592	0.0867114609725827
-0.00425585388909808	0.00757772317984821
-0.0822375572049032	0.142443008846633
-0.0091981115064918	0.0127391455566841
-0.205050256338921	0.341386507866899
0.204597642625097	0.329578794268471
-0.0083915957501716	0.0116083126190834
0.0509107784832029	0.0564058058228837
-0.264069298238741	0.456581116074657
0.472328235988785	1.13741849765951
0.129939978941046	0.229180119303581
-0.117482418954925	0.253044692894531
0.0866462152650549	0.179671106270709
-0.131334218933573	0.298599595271882
-0.0785879003102918	0.138651166116591
-0.204217733883522	0.404234118507452
-0.322207998405957	0.684619640472537
-0.218910865145717	0.453435548337498
-0.464275003103799	1.14828860701549
-0.217998006666779	0.797842324674865
-0.0744329671786601	0.166966888459012
-0.0411782520822994	0.0773720482302888
0.041428232602123	0.0609076491085019
-0.516135651467795	1.34395031682859
0.0807529133120508	0.0964892168410745
-0.276780299315829	0.353559198123555
-0.208503724457172	0.30651714863534
-0.265104707923755	1.08809674904318
-0.0707795023817143	0.183472516697377
-0.0880781124147062	0.239434498292609
-0.230692539733361	0.815228548464629
-0.0198647985074347	0.0448892647128628
-0.0436643470021237	0.112605787974136
-0.233500592702997	0.989187022589524
-0.324540121303108	1.4710921752796
0.33674995295509	1.64202465710642
0.254474815754046	1.11723888513878
0.141683356192536	0.475062341775616
0.182024999637067	0.649314117868672
-0.0495100473404811	0.126268661306849
0.0154707576450449	0.0334549977652603
0.294985105580364	1.00265588050587
-0.027468558235561	0.0471620211204783
0.0191225928849657	0.0214092963639627
-0.144129162670122	0.32017418834806
0.0355807761471501	0.0686009774852644
0.0633749790479147	0.129147521032139
0.0501127720200317	0.101830795671954
0.0489789717223107	0.120325886001647
-0.131784016445367	0.426299853422403
-0.519059018429089	2.6747904803986
0.106649517617729	0.285494420524874
0.209810329653452	0.697474478695101
-0.00488578966105143	0.010383147318335
-0.231596405495671	0.838602124460309
0.0163009288716959	0.0375959078903118
-0.24874744238991	0.745340559774879
-0.1070637467349	0.207068514817264
-0.141729029783802	0.245443660014236
0.089111054833395	0.135394090181
-0.206916843746029	0.314283471555257
-0.0098616058799772	0.0136683065591829
0.270795524128393	0.4317373797884
-0.361426548465191	0.703035015380288
0.0764185703328632	0.121093590222025
-0.0347004493210313	0.0538388852755826
0.0302601670967086	0.0613398088778495
-0.0507016397900482	0.11044115036387
0.0976604084304306	0.211127403276277
-0.19970877289214	0.544620344167932
0.0438439141042876	0.0602996772793064
-0.332049344837437	0.694514682029732
-0.179161285651585	0.683819084414829
-0.0275913594989471	0.077294291816819
-0.218175954101403	0.931047125839123
-0.160919926030437	0.4455736450523
-0.0541742313835607	0.0778476287690355
0.0719790384819889	0.116423965101601
-0.0479261721468065	0.0404789577268067
-0.0401958770830017	0.109525046094542
-0.0627981984584327	0.168734976511172
-0.0550233371380319	0.149966062945997
0.0331995846064826	0.0727184323188433
0.213701230041805	0.760163310963787
0.173710246962686	0.651133520644886
-0.0989526179948935	0.331471316356913
-0.0726617472006519	0.22297575935149
-0.147152271327406	0.514635156773511
-0.111636658627947	0.38245536703872
0.0332656127500511	0.0964260207460275
-0.0939549582380639	0.3034296168321
-0.0735781488275116	0.210713930149255
-0.0689609491867806	0.180125042474428
0.117605389443826	0.276496654781421
-0.12879554205238	0.26143229304536
-0.0921535334684598	0.0986096350980728
-0.289275140184543	0.955005418982245
-0.0166300994051463	0.032696435837923
0.0452869065576095	0.0829877315331851
0.0762029667764192	0.152525533443783
-0.0172961027532886	0.0325803345112196
0.00504836635495633	0.0107516138395149
-0.121374031212108	0.381417906896504
0.0501350944275641	0.131456040344498
0.24558043390118	1.01610578328636
0.0894270186930259	0.254415410930089
-0.19113807107432	0.656650312657137
0.281178365036965	0.954885268094827
0.0797716681853477	0.137041025821902
-0.0342332532420905	0.0517744123581199
0.307933885228272	0.654011208595212
0.182827477871586	0.291794681480157
-0.363029468096398	0.707463025747227
-0.289812859842614	0.385385350369432
0.160344839608238	0.233644948299961
-0.0890051570413421	0.121086489171032
-0.383669353120768	0.953291486438081
0.282416583664607	0.982100154624344
-0.152480800157746	0.388280524422723
-0.269351641367096	0.795744482195408
-0.196088485242772	0.823244190107194
-0.104833837772238	0.355980124211334
-0.109747899111505	0.370339572522425
-0.141964349966342	0.364476752609697
-0.300937181802316	0.332582693324439
-0.631013622627423	0.939137214322724
-0.217411081743039	0.277393633505734
-0.080303413291006	0.225003674605824
0.0138674254910293	0.0305772001140238
-0.0565653840092719	0.144226876558811
-0.0547164932422847	0.160065486769879
-0.0509060478093771	0.154622381423322
-0.013766103140133	0.0350087909435513
-0.00757959071159275	0.0188393608642802
-0.0895959563056598	0.2277239250881
-0.172619274118733	0.69377560531612
-0.0407824210783986	0.109342602293862
-0.00659950484822788	0.0173796434393756
-0.10422843382305	0.348314764072154
-0.247206853155926	1.19055178678136
-0.138315488946339	0.473660998738301
0.181138240746666	0.64069383932156
0.174811096642361	0.446031603220161
0.00033104570587322	0.000490016796760633
-0.22408399939831	0.249146213545663
0.179409218646536	0.441259413560047
-0.266682951302063	0.692737090337307
0.300510599685445	0.896499775022797
-0.122400103853624	0.256764814583633
-0.17191483064896	0.507414685360342
-0.14655923449036	0.371060939156404
-0.279054778932485	0.636624820795163
-0.0430517808780262	0.117977346702837
0.154685292118426	0.548008174782285
0.00145753593264401	0.00354674569967537
-0.251720273276541	0.976207448043764
-0.289928343166179	1.01378278647258
-0.194269883795845	0.40621085689654
-0.309437893793864	0.671891442273215
-0.233596226385733	0.423622755559491
-0.41477124618301	0.76814413366159
-0.330960334248265	0.722001054753029
-0.0367208882261539	0.0393569387138659
-0.0157314379196597	0.0161186359880818
0.342087672703014	0.635796714949401
-0.414375381423405	1.01797159224571
-0.0905157065787064	0.217201708169321
-0.22244500855412	0.260106714166485
0.0220271876389221	0.0225963622946141
-0.439974595227141	0.840626822987117
-0.369484717104297	0.605725864054845
-0.0651124492432923	0.185623442732013
0.266079661875937	1.15947177641356
-0.112712400377966	0.314063882407335
-0.0872985339924742	0.235953866115919
-0.0156945761981977	0.0420666588904685
-0.00928158164274719	0.0252962044244511
0.0204460218372733	0.0539140023690977
-0.0310225749488654	0.0838556717345225
-0.355664464019866	1.57312238363771
-0.0402739323856837	0.127831474119766
-0.0642052118657579	0.192918482029178
-0.0210970371458675	0.0508845599504699
-0.0369324042733712	0.10291107559504
-0.106456314437551	0.36466138770716
-0.123247106449528	0.41850000312404
-0.0509087444442234	0.148922756683039
0.0204683436717358	0.0558613135446617
0.228159599843478	1.05347867846155
-0.0347950498500482	0.0889810738494185
-0.138878157895028	0.415574978718033
0.180537433697776	0.444972894325608
-0.337257243902168	0.812716164679127
-0.269316669358092	0.721385787882403
0.0945479232954128	0.202171653034719
-0.0747221369107065	0.163907895443043
0.14859499615491	0.340324697859387
-0.0680935345163561	0.150485614366678
0.0733343514352441	0.207358546840217
-0.263493677711675	1.15560592586483
0.0423478366839411	0.121001639891262
0.0436663516138611	0.104854334011229
-0.065678402985532	0.145037024702944
0.0787076784226992	0.188917233215617
-0.217216612159418	0.448828774197792
-0.151683833294808	0.359118541978971
-0.173114207828598	0.638166583499568
-0.0947895389618949	0.279516367421423
0.187229105046652	0.684402245231392
-0.00988080599430417	0.0237820962971256
0.000404656943186992	0.000929231990241786
0.187539955563346	0.552135869342516
-0.520391499525737	1.58494673396629
0.284980388710173	0.584657026429577
-0.333293267537331	0.646090645633061
0.113463335634459	0.179480092297739
0.0567299313678319	0.0810003194726502
-1.26602853000099	2.88469106657859
0.317352945711411	0.460437197906971
0.81265358225533	2.44495861965506
-0.243949837824119	0.520215116695019
0.0422358863445483	0.0983223367893337
-0.234252053623673	0.356670682428197
-0.180918664775166	0.299033249595133
-0.154510018532986	0.281882981372566
-0.172000265606633	0.576311095265426
-0.024554852722016	0.0570113000819946
-0.0786662795655963	0.223308826909251
-0.0637650196814449	0.174639260566664
-0.0921367737152842	0.257018767775985
-0.0144157795672275	0.0379255264837217
-0.135108449953219	0.475093419901756
-0.108761878896854	0.331113620847415
-0.0452025786346906	0.129017894478395
-0.0392443006661756	0.109846270236363
-0.112914074242454	0.369811580905612
-0.0709963246028393	0.196764994687825
-0.186083282126597	0.655172573742881
-0.192705447301256	0.664169475781907
-0.0700913796679478	0.19197500358427
0.0619601210034974	0.162488088714824
-0.0559376744935001	0.145516040966007
-0.178913013834023	0.568859424503298
-0.0139627770336341	0.0302565064208304
0.325812683648316	1.21659312038692
-0.114864477621235	0.239365553972694
-0.49290683685113	1.05017038807704
-0.27805356120767	0.839167033872085
-0.0792031048973552	0.161068791978299
-0.37593408277887	1.30369468874528
0.239747655132476	0.736771766944404
-0.179883074826659	0.465566085166755
0.0473808660179123	0.09483040144022
-0.0398770217851758	0.0922321201645719
-0.052925861275195	0.135671683930935
-0.0421039628473561	0.0987234116306137
-0.0774526904375603	0.192984761635326
0.211765756793736	0.584972034807533
-0.0658051618841356	0.126176794245912
-0.393561628057392	1.01752731323671
0.00312516396329214	0.00532609882603712
-0.171429048290612	0.507970052632682
-0.0400188635553591	0.0925947945052206
-0.258270988052582	0.85555847535819
0.0487225109489555	0.114083937540791
-0.016638867340673	0.037427659809229
-0.0927160627419035	0.214208172160422
0.119402461972358	0.24976374321238
0.0307127499049962	0.0501178137692244
-0.122581257763086	0.205744184299381
-0.905434908523002	2.57281161311833
-0.359250173204077	0.805018088442356
0.0367418483838565	0.0413496854952908
-0.318899096154294	0.585467440356945
0.333505892031714	0.774471682951395
-0.20243580872604	0.424861099819663
-0.116361217474573	0.261728011951959
-0.0823170051772376	0.165247119615996
-0.0145080528505483	0.0140849789825345
-0.18076869594942	0.255767430263025
-0.119264741407169	0.19039657000747
-0.293386312784191	0.745250344692949
-0.043902248982989	0.0946539369294393
-0.326539045583617	1.72602460378514
-0.207733959046955	0.771194513042831
-0.298703146905272	1.57671308716842
-0.0512554526235254	0.149420783309657
-0.0475010291945327	0.133435945270973
-0.128916780827867	0.408184900511716
0.00861195104586403	0.0239569046206071
0.00997735692086031	0.025879768746519
-0.00772861894567511	0.0174061573213566
-0.0691771272194503	0.208822360463588
0.0406768180246154	0.112087057867517
-0.0332149003408344	0.0869301240985003
0.102869461333449	0.309536959510378
-0.00250199181430512	0.00602652831811341
-0.19235539400787	0.766120496581165
0.153876408644883	0.55077343281497
-0.0204315167586292	0.0507881049121625
-0.200268899608881	0.660284715998935
0.0717090426384855	0.144155731158284
0.0736007553650233	0.127288609682731
-0.152104910435211	0.186069076641308
-0.350228586145446	0.609901133991097
-0.158721468940733	0.373045065240627
-0.0250612773529665	0.0460269280684338
-0.164377597106822	0.376428436185709
-0.190024025324099	0.467306015328228
-0.147273601391379	0.359335275493119
-0.157259353332156	0.381115547676248
-0.00154359704721791	0.0027372631499873
-0.00142509885639973	0.00244629484700687
0.0419036306019749	0.105357695655063
-0.0453423387726868	0.105806279741956
0.141062625885745	0.393369331087133
0.24052634454859	0.701322656844294
-0.0325015414690726	0.0514503641327588
-0.0454131263320668	0.0688512232599715
-0.0877086450426259	0.134620472414189
-0.114440301778682	0.320077825456378
-0.0440026824305283	0.0594803719481981
0.056823741975865	0.108712117449365
-0.0653798170523695	0.142100666225476
-0.0063888950948679	0.0139309296306624
-0.0301421464635338	0.0735155874385688
0.0172971042895109	0.0390171051319631
0.062664556115534	0.162250114111371
0.0406712578588469	0.0828693150126893
-0.040000908763283	0.0690466183668841
0.484956589503307	1.51917565049742
0.103415043287931	0.173007657007928
-0.136312152413367	0.166486955004511
-0.277758875682202	0.560200667927928
-0.151678385057766	0.185490693322341
0.295525525109695	0.458891715709008
0.00175596380352253	0.00214890570936201
0.133439130754206	0.247037482416923
0.0329304936430414	0.0683882290996631
0.0653159740903839	0.1463668781929
-0.202519396637196	0.345800403295658
-0.909756495493984	1.60717241179769
-0.254859850789991	0.844289250578523
-0.000404607729084002	0.0010684608695748
0.00344768886724276	0.0089186147535624
-0.135251346086821	0.467811872091127
-0.103849929714667	0.337382026400682
-0.209216384693268	0.732707374803309
-0.0564805651317365	0.163846043891056
-0.121243090318252	0.463221742463947
-0.0957872361313154	0.322138183499386
-0.0232053026360414	0.0621003136564593
-0.204317992609824	0.83746831868186
-0.00888761824233853	0.0223830625171335
-0.213702899807847	0.834446200303741
0.0739169726204241	0.221759741562709
-0.178392987796532	0.721498324091702
0.186635640441933	0.758735150734238
-0.100872937615049	0.296827471024942
0.0308483755410852	0.0714632691106572
-0.0465436269040369	0.0939502284784087
0.102209204562143	0.176796261917781
-0.466931935558392	0.820392694720358
-0.390548033558552	0.642009497910541
-0.140385455097119	0.311761318305769
-0.0678591637229146	0.130609630332677
0.00847924406385878	0.0149074065863153
-0.280477847642907	0.77929229013295
0.147896016830855	0.38255782760983
0.000662788120822551	0.00127894491884492
0.0783190041264838	0.172868748173506
-0.0150479644244917	0.0283306457446648
-0.201456492950087	0.727071528629815
-0.113168062905024	0.352105068043888
0.024096852497081	0.0539280240326655
-0.152721891376178	0.374223285930135
-0.188672517499703	0.563966962413029
-0.383768849291945	1.03996752387462
-0.138566562650351	0.256098651161688
0.232340977785392	0.430924717404562
-0.187427059595862	0.419939274457788
-0.00595700880133599	0.012866250707792
-0.0939409248770015	0.267478992589908
-0.27316212307133	1.01800759886162
-0.106078192808649	0.237790262003132
0.536469136183244	1.44461375084285
0.00550428551738621	0.00993335162035355
-0.0339145107250617	0.0794880746123153
-0.103267384475866	0.300760716046528
-0.343367981143392	1.40997583085049
0.0214528973980427	0.0504115832470043
-0.0177656947739026	0.0434734829793436
-0.11170867881935	0.329962676288339
0.036297288220852	0.0901091341446591
0.0858368887214712	0.207021524065957
-0.13641643063254	0.311261769933133
0.212894709373051	0.479302724262754
-0.127442468608423	0.224563440327388
0.142822767286571	0.239051175714516
0.0112167601474642	0.0155298285915278
-0.00234068702275191	0.00240038632452117
-0.0596485762204749	0.0754841543216086
-0.194424556147354	0.332323758841898
0.140202307511477	0.268483389009998
0.0226442718550793	0.0432806157383661
-0.101211400169497	0.238258375109232
-0.268815057723598	0.541892158173313
-0.0682150740318733	0.104494490785897
-0.224743554714475	0.250032057097232
-0.0621391597075736	0.152501062538928
0.00931394434525616	0.024885650121023
-0.028821662797401	0.0824189929505635
-0.116627458141024	0.384982487711307
-0.124416224382721	0.277237116391775
-0.404950144028526	1.38314381131328
-0.0627982309632785	0.139362220409268
-0.190113490574598	0.730077273145066
-0.0220334061738283	0.056472305853778
-0.174308167141614	0.653427634559856
-0.0808436492189022	0.211350036180557
-0.0215197294645442	0.0564820544222667
-0.153676161831307	0.555266091761189
-0.112333386924251	0.397471746201299
0.00873826647733021	0.0250339042476746
-0.229544101371419	0.998771000126219
-0.0559048435940162	0.140722761107919
-0.00709716899970122	0.0187580225314569
-0.18624449136443	0.743087917479749
-0.0872028567745851	0.28596762426627
0.0167017637055826	0.0447863845166996
-0.0429919185592718	0.104303864327134
-0.10619304063613	0.350685153199844
-0.241125474928883	1.03853048322144
0.168175931956991	0.668663463583082
0.184936059795653	0.775758022787449
0.0271959058619584	0.0731519917553283
-0.0793675847351549	0.230832397974761
-0.170501185170404	0.553744615757293
0.170249433287341	0.444025265487758
-0.0429748205790488	0.0698977520201667
-0.356399529885374	0.512229651257965
-0.182368876923293	0.249719810495143
-0.255620375983171	0.415347944856108
-0.213537700840671	0.365434905676712
-0.259078342926396	0.407959206549579
-0.168231254453883	0.360875573830438
0.254844791082908	0.725938499624229
-0.188131426791479	0.464075609906367
-0.0462240971452344	0.0888350007780744
-0.0614517513359881	0.12543827718502
0.208066747461054	0.561500566833651
-0.263216588729415	0.703903494655414
0.000224569395170188	0.000382670853632337
-0.220665857802613	0.609354153343825
-0.000570094834440955	0.00128702652729462
0.0202771970364405	0.0313971040490107
0.122391499020968	0.199885714338674
-0.228465897252321	0.381792822899559
0.00860454959683192	0.0183297304618377
-0.0816068277046732	0.218266876388361
0.0593486013214463	0.138410762996864
-0.321695721023574	1.1936083853366
-0.280148035786115	0.551957199042347
-0.0237019656923478	0.0434231576507542
-0.0304132711447559	0.0655708932840431
0.210919582287269	0.808741605089641
-0.0805053890141865	0.234159919147611
-0.228523155425595	0.932540462693828
-0.0417484992127798	0.111334208911985
0.232504043775397	0.975189262779186
-0.0622663857867074	0.161154156836363
-0.102990807327013	0.245971868933781
0.123000051346831	0.237456097069091
0.420498557427818	1.01683851350989
0.145153384202596	0.243794058114088
-0.502696467907202	0.990753967174607
0.0517429031415736	0.0785701700403046
-0.22291179496918	0.260786321155806
0.206446483199178	0.27341141963028
0.0311972939811375	0.0379451302543991
0.026092170870809	0.0440203195336075
-0.0903414884062737	0.222241574667208
0.039786835941347	0.0852677132254726
-0.0690004409678776	0.154440989232884
-0.462627284037989	1.75975077356214
-0.196148069724141	0.379124659630022
-0.0837802223685215	0.117680174487227
-0.12257696062176	0.348047911394229
-0.149684335936085	0.232733887572435
-0.0109997312018642	0.00937878780439628
-0.0777060855725861	0.0908458940379193
-0.0236651874780821	0.0264852922574523
-0.108517148911503	0.278235856713139
0.116621049264606	0.442462420970317
0.0837777788551574	0.281825710971848
0.098436971798147	0.312684569163832
0.397315135596179	1.03418196623519
-0.122652931606051	0.2385254061671
-0.00923979726882547	0.0156696999074962
-0.162975530890119	0.401984915191747
-0.14086293364805	0.332737919284432
-0.188565937875053	0.423159446718317
-0.202027900389912	0.750253500042325
-0.090987671586595	0.253238623736009
-0.0771635722187468	0.171335416508886
-0.0728790239202697	0.19884930548573
-0.255101003278611	1.22387267304573
-0.10201604652665	0.306342743646316
-0.101577747081713	0.304705055055575
-0.26710653230026	1.09596520427116
-0.124304989643126	0.435689489882061
-0.111833197472716	0.266122748311719
0.124360643518649	0.43532954728561
0.134180497376898	0.460512246798482
-0.0357320140809654	0.100236045304476
0.0485683276384569	0.160574471276796
0.0107449776783446	0.0282441473192637
0.195236305479677	0.654752660458466
0.0951085966662229	0.328675130385504
-0.0390576368367768	0.108795331217501
-0.067658730659128	0.210931531589327
0.149194410021046	0.599191201445929
-0.345204874364858	1.36560421301467
0.0510562762137546	0.151910663178218
0.198120045858202	0.786670868990486
-0.0884982093632102	0.312099937782102
0.310503131909205	1.94386921085129
0.280700646936864	1.56289527571259
0.167903956746035	0.656092726209273
0.194667478576187	0.708369173246008
0.0380666646050676	0.0605552245983356
-0.145564582764542	0.239678552508572
-0.701779645461092	0.841303024003008
-0.264982552408511	0.308418537132078
-0.202904126385424	0.214316051606249
-0.270367116848889	0.359621977854617
-0.318655732742334	0.817185527659243
-0.102709406701482	0.219082510655402
0.172716259670301	0.393614020011632
-0.365324622761123	0.984999399382118
0.284548150306674	0.734895226957537
0.0207004666670724	0.0357134804873598
-0.0930658371662818	0.277041487710335
-0.185707736102844	0.688327155409545
-0.0870262036064201	0.202873306950979
-0.203820441409457	0.646963765676701
-0.153617367714989	0.430921775267653
-0.0518265148013037	0.070090611364951
-0.105174109171122	0.171465247956655
-0.193830109565417	0.643468206485053
-0.139056064665039	0.42193043851733
0.0689392797113305	0.106181562087693
-0.179999555514011	0.427921719143726
-0.000560469146883693	0.00110185370589839
-0.274875412130869	1.21008190580258
0.153512639740806	0.578886173710101
-0.00370779938277988	0.00966234005552161
0.172692449497878	0.714598039571408
-0.304745526606638	1.55298110020165
-0.0334610270898664	0.0896709672068436
0.017148466804227	0.0348103170914997
-0.20427435256962	0.386841916301545
-0.203226251231314	0.347272461554463
0.429296758852499	0.857132654972105
0.168318340930661	0.23306943269953
-0.219364412303258	0.344574421682238
0.113617538566614	0.0962761167205772
0.146980111337943	0.155696952327719
0.182932179533031	0.221012626931757
-0.15389244001516	0.286316267265161
0.184637487969189	0.609913928954729
-0.189823887797473	0.617514100154192
0.0477817629479973	0.118404019659556
-0.169846497616426	0.45969738010133
0.165718601216463	0.285207972372749
-0.0144273246295395	0.0187951986048248
-0.148536845548393	0.356437142808085
-0.0703793525984686	0.10490344298347
-0.150188864307458	0.183323390474056
-0.171306892637787	0.379316166147555
-0.421526887744407	0.652297629871955
0.0580641503366083	0.0727774818576015
-0.306378463214385	0.636085253335542
-0.150794120387332	0.377916360918065
0.125891194149337	0.417194722023437
-0.0710973451759515	0.244504089165796
-0.143171079069349	0.59338134965908
0.0401927782113416	0.122007122486924
-0.134778390080541	0.356771827496489
-0.0176036369221513	0.0380141300362679
0.0331418487347604	0.0735274194246185
-0.00945569665902906	0.0219603571748541
0.16345394551228	0.556740283946228
-0.0524849524377979	0.14451711733255
-0.122668498121874	0.457033943291565
-0.0561645571979594	0.178401500682046
-0.0382426058067486	0.113933857729583
-0.253440207864587	1.20821330040026
0.255323296090526	1.24822705473
0.013108468287928	0.033613246004969
-0.0485927373485541	0.144318303251719
-0.0685693389745409	0.210790558782111
0.117642237645265	0.412157664220781
-0.124081516013442	0.393983312604874
-0.0063248937417038	0.0165039925100721
-0.0562696970260986	0.154791180857052
-0.0416263879055211	0.125676086795961
-0.0134117975666772	0.0371434445584729
-0.00954417573762121	0.0261142252070184
-0.368693196757397	2.30645371921058
0.0556359201008973	0.176372852036877
-0.0179821449102222	0.0512915727093075
0.0897073369681492	0.314849832616696
0.0566943984584596	0.160691721090301
0.188029982203376	0.819923815259885
0.165155498952432	0.676002516197456
0.0798005687476208	0.254038668486808
-0.0345809064985169	0.0991084137216422
-0.160009463127476	0.611700278918528
0.0620731193579762	0.191504638556715
-0.0775735918651559	0.245617362032223
0.0437980166538362	0.130259842491597
-0.0810048135016083	0.260622973501769
0.15848480221289	0.574566252276245
-0.100818270330041	0.33079024328316
-0.0816752221117393	0.23976419678319
0.107264495257345	0.275852535926228
-0.261696326911006	0.709792106485522
-0.121397451075158	0.170966506485779
0.000880816667375555	0.00114315775441433
-0.289722182993001	0.586747428871615
-0.0238410287033898	0.0350847597047404
-0.0727888618247126	0.0953445552581712
-0.233449364874452	0.65990351640527
-0.0168813235071502	0.033071508600793
0.0276800647852082	0.0547531276553155
-0.160420187810804	0.459237290845527
-0.203633926293222	0.642956378638951
-0.0952279588623319	0.274099783262137
-0.158645394901765	0.524415123075725
0.0614911536545267	0.159965319729284
-0.0901080042485809	0.269599737231639
-0.0729919408436775	0.210055774308521
-0.0145194464961948	0.0272008450054688
-0.218391177887025	0.776674860014258
0.121123980921033	0.383951300932136
0.136824834574653	0.449703270420107
-0.00933771842074132	0.0223541454418026
-0.256610330601462	0.97380823700802
-0.142896188369587	0.431472599247165
0.135167243097079	0.41126698633015
-0.0168890024132474	0.0400201962048709
-0.299103929052793	0.909597366005411
0.0257475765466538	0.0472153242612267
0.193381623322833	0.397378020293261
0.152307600915119	0.263446778409643
-0.571798260337855	1.81290747436381
-0.183092347741359	0.23309149959482
0.235567132510707	0.443496488155651
-0.166009804767329	0.289169460868967
0.0932847142535586	0.193273418748231
-0.155210331556075	0.448835869345007
0.0858762491229613	0.206181728072463
0.265588620699702	0.871789342595633
0.292209653253553	1.01908859954881
0.398282568632465	1.32485748919711
-0.0979524238706721	0.177673986289335
-0.0337318221272534	0.0482867049098782
-0.153958873434195	0.608511283200338
0.0256605961672258	0.0617375702822165
-0.00211299280661907	0.00452788888062039
-0.285868545081809	0.738265065154935
-0.147810152480914	0.285437712140655
-0.0853721548654942	0.16323852634004
-0.0856658765876778	0.221732493349896
0.110624073698716	0.437074062851271
0.0241184908137369	0.0660137698817079
-0.0674193363008994	0.224204965709476
0.0497963846760945	0.153747916762283
-0.0400519170900943	0.114410124282646
0.0560674073751728	0.171218153569094
0.0552285020513301	0.162196510065151
-0.126397767595596	0.455430925034667
-0.0307888499595234	0.092309920200167
0.0452429370803017	0.146315590746324
-0.0165331135031214	0.0477637489109029
-0.194406129540348	0.845021250382762
-0.29135635357543	1.1732862046425
0.0972563734189193	0.236161073554037
0.029398035241677	0.0701500162488952
0.0237816628257682	0.0637932324078245
-0.138416326473954	0.493898359710998
-0.0617502197445556	0.194576694637378
-0.016347781424359	0.0458947571668309
-0.0882499651694459	0.285155182439914
-0.11984191874823	0.400037370335697
-0.0662960019130551	0.196676357745067
-0.017109145723539	0.0442463453517653
-0.201027791409861	0.744890806479228
-0.0204279375290492	0.058158839915764
0.140046487927034	0.504165387840461
0.11799299668856	0.429961989713092
-0.0419605489084393	0.10302441835323
-0.0292641340982129	0.0719265068960122
-0.157400386479977	0.531678607197838
-0.30171208373581	1.24683555151181
-0.00513546685500045	0.0135994518030434
0.0098468564008131	0.027026707237019
0.0148358996791447	0.0380563323857775
-0.00403182527819224	0.0102981278736992
-0.0698668755490815	0.191661810940174
-0.0906440818366099	0.251160207845885
0.227515647710276	1.1518779576984
-0.288791373327231	1.10371063469112
-0.112236224939901	0.370503466374563
-0.317454333391381	1.26544722325081
0.168127072423667	0.479276112092627
-0.0279632683322046	0.0596084566114638
-0.0671394614695694	0.171131561731548
0.00958750284460023	0.0245539848128116
-0.0118831218109391	0.0291406599540199
0.14913854049768	0.430179937422557
-0.185291139280974	0.406658642247399
-0.158658860138482	0.372775658346612
-0.198445410186201	0.491833212631565
0.00937170406836459	0.0198388720501782
-0.140163470181509	0.408531757843704
-0.00586493999587339	0.0135968876751212
-0.109117553620126	0.32896731149565
-0.0877442476409171	0.182658481936731
-0.0553446662229298	0.147284674328501
-0.146458811699798	0.345513481082562
0.00559042656863262	0.00987537602814801
0.0474992473717112	0.0862314516406141
-0.160948033738541	0.360915490904212
-0.105662756177627	0.232544622991655
0.176240797415417	0.548774162658683
-0.0786250197630565	0.207837312731191
-0.203570954448664	0.664932647165867
-0.0361798836745066	0.0714228147561563
0.0801236539648053	0.14203518018835
-0.0040194600362061	0.00666280019554368
-0.0510590462703598	0.0816065907340804
-0.265052664523352	0.698853266841038
-0.336394206039553	1.19126940422164
0.0637752656151067	0.14126037723975
-0.0864747978972885	0.162111753105262
-0.203223575398538	0.410265620591485
0.0107227953578039	0.016118860055498
0.0702609316011084	0.144079434287092
0.189619731673916	0.503413601477283
-0.137210406573956	0.317689165988808
-0.209732386119369	0.42358007232505
0.150612153955918	0.287688266379253
-0.148840861854382	0.258009825942095
-0.0917957313174207	0.172577951144779
0.229059582590166	0.688984224585963
0.0158933351610959	0.0456949284525475
-0.079602347887132	0.274496239365834
0.0220140095188447	0.0646833187566437
0.13450580588792	0.517342705535281
0.00726442271991479	0.01845072683403
-0.136520037166588	0.456450160191874
0.183189032273952	0.680557421661266
0.161852569686732	0.66507398506102
0.0673015491341504	0.214664753655957
-0.077896391465943	0.266536637083393
-0.00848647443228906	0.0205546971329888
-0.0219929765235369	0.055643078102523
-0.0519982788453394	0.140119911593221
-0.0223118983511418	0.0610812562521528
-0.0510570140990933	0.150911594643446
-0.0137257305890457	0.0373016811156673
-0.10459719614907	0.364967582474774
-0.203225255953572	0.846240783563853
-0.0642358307809993	0.190855869302914
-0.0215986388860611	0.0563385842412805
-0.124515050992864	0.440106718488324
-0.0298835842460824	0.0790916759875254
-0.0562095682767653	0.17333938707519
-0.105036059031581	0.369759366865663
0.136408732806419	0.520087671038562
-0.141333005145439	0.484005652541768
-0.0967898114957018	0.311045420090399
0.00725297257291075	0.0181868391200769
-0.203723957816146	0.806954959363831
0.272700327451535	1.42167961671443
-0.0802372092700324	0.266577207961431
-0.0755890117390251	0.236014320873914
0.09699948600251	0.317920235865416
-0.183774712803446	0.678242590699195
-0.0118800849215327	0.0303924745634963
0.0496557358084697	0.153936393108574
-0.124992977387384	0.394813638098125
-0.159283238532168	0.577944560615456
-0.0780390247483802	0.216505225711667
-0.0090421704777722	0.020684785886742
0.158306418416908	0.503365372785689
0.25439090071651	1.04874402757899
0.0811824981478159	0.260456156729513
-0.138651250590591	0.42976323868017
-0.343623381187079	1.31764338256642
-0.105947126029336	0.185049319616406
-0.204619248943566	0.476918169482322
-0.0497460877931782	0.121397146296877
-0.200864422823599	0.6978470679462
-0.15056151265392	0.362714518813875
-0.176030953503148	0.461181696363222
0.130383769211486	0.304539769241604
-0.17954904750727	0.529197876473197
0.153124837261881	0.463054313211434
-0.125189268619376	0.333293087730767
-0.266970730819497	0.869804001270054
0.155652725534913	0.357773436493929
-0.187341668959163	0.375937443253414
-0.0796644060340292	0.157001239133576
-0.125028054095012	0.21509063408224
-0.200664828716506	0.444301394649155
0.107782882892542	0.230031177197355
0.0635672632278573	0.127429555388895
0.237558452216543	0.655804806464321
0.0418595348560811	0.0674779175245611
0.00754789252357489	0.013032389122649
0.0109634597198389	0.0204951365027049
-0.131401684263895	0.276486517654954
-0.218511885839422	0.461677734157327
-0.129876666336069	0.272577924665931
-0.195161829354449	0.392817115352479
-0.169028201917595	0.48731976868128
-0.0614448319659259	0.200935798988471
-0.000643419363460421	0.00177557170567514
-0.0332570141270834	0.102443953683222
0.158969374924346	0.677553819034245
-0.357602795313922	1.76419671614216
-0.291150294422168	1.28497526499289
0.0735911446581312	0.205447914566852
0.182010586406621	0.730598541319953
-0.0957570780577459	0.314137061064629
-0.0797036762588838	0.243975383924819
-0.0118355005360183	0.0285695644085455
-0.260898870375652	1.24301208500453
0.0377258671215332	0.10473954150577
0.0564278692172269	0.165861952060602
0.0809465179128714	0.248702616774105
0.00817236380807008	0.0205479054302706
-0.0902148708907835	0.31157000795681
-0.07221775425486	0.242927537581433
-0.00980652826993944	0.0251340732939815
0.0166552004897867	0.0413084834387634
0.0434856922237064	0.123583200480537
-0.0545982788855594	0.167665236163812
-0.0073103372439554	0.0196509763207388
0.00955739393851487	0.0252589671669642
0.0600456517203732	0.179966339769614
-0.20854157151588	0.846443179843897
-0.0926483699414656	0.280691505141665
-0.204546631282975	0.9102120249833
0.109855419843491	0.349172754636685
-0.0116884028993419	0.0293678211844716
-0.0327709787875486	0.0799959090058297
-0.062173959101468	0.15586914998855
0.217985571538843	0.810934541818418
-0.146025960016908	0.511224420022379
-0.121107874998647	0.409076067159943
-0.190708762315676	0.690203252972354
-0.011502509780624	0.0221482932034685
-0.0766442878953301	0.114258225717137
-0.118521632029632	0.328497640926277
-0.144896141905381	0.387562631157965
-0.0250134099787768	0.0558729797240698
-0.176884825032734	0.571628225827049
0.0157810241951547	0.0370786115078312
-0.22106653697566	0.667770369851774
-0.123385430967344	0.253827259593741
-0.0673534878975941	0.188044228652345
-0.24954998201981	0.796479750937861
0.171696256249976	0.484528091593139
0.163789795709451	0.415445595050598
-0.0525225246740254	0.111006961193425
-0.109843861839228	0.29546662784175
0.165018230129174	0.533175756603952
-0.12470811331852	0.34721273941232
0.00488560284784541	0.0090701326619607
0.0789015735825301	0.139583232409276
0.359119205577993	0.933889050870835
0.0717218510302904	0.137324198490007
-0.0825576983958154	0.11576026844872
-0.20243580872604	0.424861099819663
0.305481002530689	0.853570187825733
-0.118538256724614	0.255795983642497
-0.235934044141543	0.675311451925797
0.0668664425480588	0.119579044055348
-0.0479524097552236	0.0863882996288161
0.118077883962383	0.263877020612689
-0.0241718486970848	0.0435768602720912
-0.242416497121178	0.593193216566649
-0.617943335265607	1.39431482781789
-0.0785215717315465	0.0993179885993777
-0.256281317885613	0.642120211482181
0.156102518559844	0.468749433678205
0.212327786147913	1.07283218753537
0.11142297728271	0.417853702580768
-0.0825304706757737	0.264210155563469
-0.279285187270649	0.754010520314601
0.00974253008841616	0.0184366089955959
0.0293097946669348	0.0522607831373952
-0.0588811492338647	0.149983404133724
-0.210873481103113	0.932616260797427
-0.012545965083408	0.0355146580262345
-0.162433704202532	0.646837187696349
-0.0656990107720265	0.194065354966993
-0.128976798464369	0.43908861825198
-0.0518063467897054	0.145094065011195
0.0252955717899055	0.0666900852912162
-0.0649228430137393	0.183380521177181
-0.196245777460126	0.799290633444739
-0.0188594951302345	0.0519121569139662
-0.0450824324348442	0.143351096394648
0.0721871038163026	0.2459862574996
0.0241562900466782	0.0672994199332116
0.105921873344964	0.366128366580784
0.00610417226779661	0.0158360903315123
0.0656403061296457	0.197939083935083
0.0697007201889306	0.188546035445946
0.207163366052533	0.88979647014491
0.0742520746299802	0.226008153776886
-0.244609423963721	1.12170308775265
-0.0214583228479842	0.0581695135274749
-0.00371735230978848	0.00930517184169796
-0.355358424906006	1.89555721400838
-0.258087627820593	1.09163198254792
-0.360901426640707	1.23054137807769
0.0258777449951453	0.0416164754238416
-0.0847375391157564	0.0861380029237269
0.0515229214296671	0.101119748925804
0.0834536999070069	0.176034658498067
0.018222050548237	0.0305333287162267
-0.08031874482252	0.168721411532406
0.0516967807662411	0.130159758694356
-0.0807036674883445	0.219748723049538
-0.109231843599726	0.326966861290596
-0.209449488462172	0.657614397166165
-0.357496484232188	0.898737356155152
-0.153929495208885	0.247231186961146
-0.10059427643107	0.25215262149269
0.00778215004498539	0.0115503312880414
-0.145552654259418	0.441830506607865
-0.0812329787098877	0.21967944580888
-0.19672324974618	0.693649128541541
0.215831455266586	0.861613758269422
0.377484274403281	1.98778737796276
0.132448684771226	0.427080728720984
0.159493300190565	0.555596582143777
-0.0349509927760113	0.0748117918586468
-0.119871407385348	0.237468884978688
0.224012970346462	0.439044183725362
0.0223280606765479	0.0328060725387703
-0.216637409058872	0.350411618970075
-0.106018556917874	0.139493009493169
0.215720918812832	0.49512411352729
0.150918067162682	0.442697185248739
-0.0595696279034941	0.128557133883019
-0.0131410136916529	0.0253878747045111
-0.111337232550623	0.243102449715734
-0.751715403051199	1.20354672937959
-0.161237360026233	0.171275075143189
-0.232220854125288	0.30811423989991
-0.152669683037083	0.186856693077924
0.13929480946408	0.285778523674267
-0.0756261337716732	0.190183006099743
0.0721954184289863	0.252434463365463
0.0740337038995279	0.247474201953246
0.12783802847189	0.447929762318075
-0.0172938088691037	0.0294689671543589
0.206709078271392	0.532515049763409
-0.0404375418738089	0.0736407419049304
-0.108378801878004	0.273636247414598
0.00469691915442943	0.0116922144644884
-0.073832939330864	0.23090399267795
0.0179985354826319	0.0465434229324366
0.000224441312024985	0.000522782519119508
-0.0370074528715738	0.117872986259043
0.029060334143749	0.0910607507215956
-0.188953784917437	0.903728041780364
-0.0343021352363389	0.0944876547528239
0.0407768931126071	0.118241087948955
-0.179516486148674	0.710812988726444
0.112581911898292	0.404795723782322
0.160893639081738	0.628228729478686
0.00900593936244715	0.0179785562576508
-0.0538678058548946	0.162443937524008
0.0413984226556265	0.10888679885252
0.129283699657709	0.499634729358927
0.0543361197551882	0.173888472046367
-0.0419295986323569	0.123669494054582
0.27235272703598	1.26915033631933
-0.0982113821061536	0.280575715477833
0.0551044395594273	0.100050983867711
-0.0172162601052648	0.0252563296361191
-0.172153999995733	0.369118125683639
-0.197304246355084	0.488032796241268
-0.142840824002071	0.476272251081663
-0.136180978482432	0.403009045338649
-0.214167141243612	0.666776309598487
-0.0376659282690627	0.0597324533303627
-0.369918500210043	0.701327283347983
-0.0876481194706463	0.119025623408498
-0.0720655199638967	0.126600666592175
-0.221090453511176	0.770473291547482
-0.0916887992921248	0.225188381399615
-0.154803577633293	0.445013723198722
-0.21721228122062	0.621510601560213
-0.0464917744335815	0.0993586015364653
-0.00471101882835535	0.00687072503202112
-0.226381587116363	0.595153693525847
-0.101175115799735	0.260346534476782
-0.0816705264783611	0.240905969059518
-0.0641096663372675	0.180707877255754
-0.0933201446269276	0.30145976028064
-0.0988588670654506	0.315238307804619
-0.182750413975948	0.651841364930253
-0.125213919850948	0.371069468609994
-0.0570107987769661	0.122940074604622
-0.276873706265709	0.67738608062572
-0.0281241453528696	0.0402511247180218
-0.265387642610287	0.444790224587053
-0.112176684123369	0.15805562015143
-0.295747038157706	0.4517931927016
-0.0907829066651775	0.163815863531213
0.0745449275818171	0.199539810914728
-0.0926395131179625	0.248162484329358
-0.175632748626125	0.522178272175273
-0.445236652270791	0.689371831813188
0.510046735972687	0.70431102953973
-0.0930129920276753	0.130805190906833
-0.127873274288452	0.168175639413495
-0.124465830174167	0.132769555818616
-0.310777671060719	0.861164283506401
0.0199831076230638	0.0455153847602002
0.108777628429893	0.427701914817306
-0.0193162615602542	0.0566981513150772
-0.0258568314677259	0.07192745863005
-0.436732842441993	1.20143252516594
0.0762550487833239	0.151688107555055
-0.0283559377597165	0.0538945407384872
-0.0472283216317987	0.110291468806554
-0.111035279532097	0.271395172347355
-0.103821349982264	0.343225404320933
-0.0666202162544472	0.219872274952647
-0.0300647319812783	0.0792101375276376
-0.129879717616792	0.434121703969315
0.0564941066809173	0.184118819797913
-0.056310316030454	0.187377011832884
-0.0202321954589131	0.0606762970367447
-0.00179876715313844	0.00446399920591621
0.0246369238522363	0.0709677339146307
0.0996897905936745	0.333986082940416
-0.13832596460444	0.509043610590327
-0.0194072623464649	0.0530374136023953
-0.140366590654194	0.378112816943596
0.107713057112719	0.381965986170864
-0.085838276604674	0.258617524354517
0.141571398521318	0.56140844980487
0.0714156410842758	0.241824238941634
0.345320405725435	2.08570290817878
-0.0719603079220568	0.225245024063006
0.0300664456539405	0.0769089436927306
0.275595259092133	0.79126025659235
-0.23155049698612	0.441326120275075
-0.689666807924693	1.26261980842872
-0.365408864333026	0.918361337480876
-0.160814954676892	0.299686185264485
0.242408894151581	0.936784629012368
-0.0673948901871609	0.164583966271327
0.244309700964611	0.98248273024782
-0.117138665678282	0.306228962259742
-0.0833193182971239	0.180326868210964
-0.614521705116548	1.61882857779166
0.030049547893899	0.0579420793568975
0.215476115800462	0.691315862354988
-0.0322292698727784	0.0824935546842178
0.00212354280980902	0.00515730553892927
-0.0118428986675486	0.0302398478415733
0.202554044872203	0.850325080416606
0.158354219063796	0.589970747114773
-0.0507480429631172	0.133675238643451
-0.419332397640279	1.05180934991481
-0.257435156216789	0.367114314125467
-0.115974421737479	0.16894642918171
-0.262401613676149	0.670356007714664
-0.0117987120921354	0.02756172560205
-0.454218352620849	1.29735293133926
-0.138537191928853	0.233567716313417
-0.187245610479128	0.447619505932205
-0.111554412699164	0.227727911175095
-0.10469104025588	0.278009967033144
0.0298194107517055	0.0910361809436665
0.0223178479007646	0.0619372139158702
0.0324542654447093	0.0973267350231031
-0.0451709040868866	0.134654031986534
0.00884943711218897	0.0220445143813366
-0.0196093641469075	0.0519665250448827
-0.077296869593474	0.231451768327208
-0.0155331045665387	0.0415313130853338
-0.195622227872575	0.894697671150117
-0.0784517416880627	0.254198291260568
0.0163918497930472	0.043684094254439
-0.17616104258706	0.645525409079466
-0.167020636434446	0.641378116141813
0.150743190633984	0.561127304663154
0.46155072393447	2.78573288560114
0.257112721684698	1.08813055224459
0.226991977577293	1.09818078879001
-0.0607318632141709	0.165060068385114
-0.261737765650802	1.14778932485153
0.0696159655459192	0.166450502634744
0.346222615165365	1.49310568889344
0.339553929588885	1.42682898958942
-0.15653472376841	0.461542576494671
0.0945324646165744	0.293879863570997
-0.193007147825353	0.690193643012282
0.156520454762395	0.444240522370928
-0.0343389664572391	0.0532478105483654
-0.179690889340043	0.380240660146363
-0.0610869495486508	0.109035413390664
-0.0524107893540038	0.130783710208167
-0.21374317923876	0.756400103186507
-0.0634808176913804	0.164776636249495
0.07313816079033	0.183833404445597
0.0591433688318763	0.146833759388625
-0.122236330474065	0.250955147044971
0.108953458117665	0.239987712645643
-0.0331211109421858	0.0800888194980287
-0.157289749167377	0.40707650772711
-0.352152366564452	1.21244813173791
-0.0230149985713875	0.0434756741360285
0.1224208247203	0.269101470800989
-0.271277378383978	0.760770220946064
-0.00762641541933208	0.0144657971905334
-0.132071183538077	0.388358558503847
-0.260876745351188	0.8170117664291
-0.446878861852108	1.3124313004147
-0.0498477797158301	0.0718335055836289
-0.0737481109004775	0.12171363389665
-0.0905071005863688	0.292737088859602
-0.117984233407607	0.377816846883608
-0.0569841655999186	0.150798608357175
-0.0778635860497426	0.274693183879828
-0.175808707389956	0.719089402611757
0.0445230373668217	0.127100863669335
-0.000236253186346624	0.000612851725160181
0.0150699885925348	0.041315756112444
-0.0760539498042005	0.240627132177858
0.162666250313999	0.650165747222099
0.125812332851889	0.457799993707842
0.0384256470291664	0.102985038471449
0.00409850226838511	0.0101029107430371
-0.0712545519668153	0.21431346243949
-0.0409305151666855	0.107653854640191
0.15693434164006	0.558658872753725
-0.100570848943478	0.303067844344774
-0.0109816877692956	0.0265928169773948
0.0861176560319151	0.228003372458377
-0.11746854086445	0.353171370365261
-0.0302289009952889	0.0756674744496913
-0.248442631637787	0.911640542531012
-0.318113975913117	1.11538636991084
-0.374146078078183	0.805534558413585
-0.0548004941570452	0.087455216733746
-0.0238595995370116	0.0368583167372556
-0.0118289988734183	0.0259707722114646
-0.13842649255661	0.399682935470395
0.0665878550933553	0.168539104608705
0.160443732683755	0.333843867159479
-0.091747436354915	0.187788748934711
-0.129140166345977	0.344956212942073
-0.261460569052868	0.888853275183099
0.065539500028762	0.158890530587352
-0.227247785549343	0.707987231459331
-0.270199360670444	0.915495245047054
-0.140290581218298	0.264934331909303
-0.18452730416836	0.33876576033661
-0.193801419459932	0.839055401709164
-0.0516869978169976	0.136684772005308
-0.28183157341662	1.24804326305238
-0.105551761263266	0.34437577284542
0.237287402591253	1.20820785606667
-0.0340735527515401	0.0999202078598903
-0.0369094462242998	0.103865104359461
-0.278250978327296	1.39096132031492
0.0139374934677686	0.0378538314751858
-0.129806991973855	0.460538622190019
-0.0387773274323131	0.105504872434622
-0.0287871195595897	0.0803749337136627
-0.0563886515164221	0.17059406888763
-0.0884262372411466	0.280579843369581
0.0720854718819943	0.220886470129334
-0.106527373650217	0.34565314099744
-0.058953724093431	0.178543432798998
-0.0539185764867263	0.146546162677086
-0.028676868061753	0.072740658801927
-0.137411378819717	0.447465657954188
0.0634102478346001	0.17353992898346
-0.196085219856334	0.771246595418896
-0.095973789256368	0.297758151254345
-0.0587680374988049	0.16461426153413
0.208326826924996	0.777100306529704
-0.199113662994427	0.743461309405673
-0.0235804169475411	0.0588236933650917
-0.171302418025075	0.447501302040129
-0.214789869745952	0.378584697540475
-0.253977558003674	0.936900922292715
0.00334120933668861	0.00694549990340165
0.262941841337846	0.980880535077074
-0.184258820271309	0.375247085090471
-0.103024676778526	0.250162790585025
-0.0720101923240447	0.165683029061758
0.0204120885920748	0.0431792467031362
-0.0508426792452827	0.140809375903096
-0.0959554086471555	0.314452021134369
-0.0745580068765918	0.232542704745686
0.236874429788081	1.22496265301191
0.0429370962401125	0.131952339693709
-0.121507644497207	0.451363511525134
0.0268331687060342	0.0708392520566129
-0.135752202781667	0.458628855135885
-0.161317997194928	0.595319318955545
0.119497916909411	0.427633646062672
-0.0671692076508927	0.202999198099534
0.0753508949635743	0.249587167235322
0.123829410212995	0.447675539964162
-0.0142868727475477	0.0396241397811668
0.0392632481591522	0.116684379058148
-0.029310026829179	0.0810300825241358
-0.159098784765827	0.571299486500357
-0.207586277006296	0.832173607807812
-0.0569048766913439	0.172104505977083
-0.0944602592985182	0.307703373949833
-0.049004180435749	0.14433857096418
-0.119617065103377	0.391993103218389
0.153729474946054	0.598752640476535
-0.0123961679172076	0.0338703378930134
0.104480026889288	0.351714352534495
-0.100640345325379	0.330128778602655
-0.203526763992356	0.832834602678605
-0.114064347008742	0.366239461342973
-0.0387721734149907	0.107490117160896
-0.0913100485163283	0.267828060060608
-0.0838163276066603	0.255369624148048
-0.00593734577787128	0.0144983093235567
-0.104616026993342	0.295026268054858
-0.0406387071974943	0.0983635046059951
-0.0704152749552589	0.113497483630055
-0.118120986309491	0.216388457503012
-0.245996340940405	0.942337390101859
-0.0414225094183338	0.0993268820031634
0.383067567964672	1.85553340115619
-0.195446091400147	0.393532360386433
-0.0766233649002836	0.181726455496584
-0.248472472127725	0.770915096848156
-0.0502827725893915	0.112100090401144
-0.0142712059205829	0.0433608680095904
0.00485886661199533	0.0147553378595861
-0.22257382004085	0.642769437387185
-0.0402917815415802	0.0807378087862274
0.15826059160112	0.432136955385977
0.109041631064635	0.337876895766931
-0.0833720999454035	0.25027542903975
0.152496003138463	0.580750144205137
0.115632865983476	0.458399461480368
0.00288813454378029	0.00783927893750908
-0.0130578285625724	0.0329297547315566
-0.134261449048289	0.33730550382261
-0.0591027462045404	0.151128909949397
0.00706295910614643	0.0162028725737502
-0.317274943945508	1.39674711746592
0.026020569742825	0.0575776691438586
-0.129576753564156	0.421304082830182
-0.0527060268206328	0.157735089083051
-0.28290278080086	1.29229316385309
-0.00258377198388482	0.0061331504189964
0.190004876007321	0.528458714607237
-0.0344585763712341	0.0726724834973612
0.104330703897511	0.266703968213989
-0.0560033007607018	0.167467303629877
-0.0454129124096026	0.109548037549909
-0.116770442225108	0.368779078289623
-0.314693265418528	1.12781605287878
0.00529788588560171	0.0123938678046312
-0.0795727622776725	0.17670383355604
0.00428116378415923	0.010466474957443
-0.250873867907826	0.965944048292636
-0.0724538839509754	0.187895766267621
-0.0669344005055008	0.145893370712904
0.0259541579487617	0.0550825149171951
-0.100511862990974	0.255632268575737
0.0251596109057175	0.0604552394423819
-0.301920612664808	1.16844204153779
-0.0420527781091389	0.075378211922557
-0.174956911252723	0.29786242383598
-0.0775200382094125	0.125341978882687
-0.392276175786807	0.866105402953334
0.0118628621468176	0.0361245196283167
-0.123035462834217	0.310587946921643
-0.0873348042530202	0.203735095542553
-0.108559071214714	0.288338239715043
0.0403823255741679	0.105045319021809
0.159278150655649	0.625051279110277
0.0476502214465277	0.138869062548981
0.206206261837062	1.00598445129926
-0.0853847184569402	0.304025912883182
0.0679564295011478	0.196846647385043
0.1280406127288	0.336985546996253
0.0431355290879755	0.119301083601198
-0.124381262989893	0.428011847381973
0.0585064448052069	0.160249286474043
-0.120563513644843	0.340780121632233
-0.0782762533240413	0.246152175572759
-0.0962950472453252	0.324280073627984
-0.104721857000849	0.351370338868296
-0.160172198709665	0.608165770539235
0.109374202181605	0.28901007973087
0.0183969648549615	0.0364272121023642
-0.14268175468039	0.397157748860596
-0.188437221450633	0.683125858450274
-0.107799109451727	0.33082936264438
-0.120833826268099	0.305126578167717
-0.073254844265369	0.166476337729666
0.179937470450274	0.473820702725119
-0.0875969348175198	0.182307880847195
0.00823662022267047	0.0172544569765712
-0.0708240221583191	0.192308941938374
-0.0139631207633687	0.0237662142188218
-0.0369599933714904	0.0921673739154071
-0.028092759363208	0.0489596632386739
-0.196415704088377	0.737490641265435
0.10381506842131	0.318072153791258
-0.21504708230304	0.835443123255698
-0.0533968009112871	0.157668193599413
0.249762761794509	1.17061915224989
0.00543924215186528	0.0145067148342316
0.11811881262946	0.420505051691774
0.153197585408195	0.63777962054299
0.0851508387710622	0.281268349953054
-0.0746685354749932	0.217656911587611
-0.132388461018977	0.450615719335262
-0.0837979087423233	0.250325038317332
-0.184792424811771	0.710145430111172
0.186069196866886	0.739883667095276
0.100808031791284	0.32050534949699
-0.0137694233258	0.0366834141307094
-0.0804288225133826	0.265949954175227
-0.0142145149496396	0.0389992516731971
-0.0611440163022402	0.194960203954768
0.0211110253467965	0.054679418421522
-0.0225675228176412	0.058033837125501
-0.13284293917557	0.41298603920588
-0.257070316669871	0.996679026884822
-0.0307730327732006	0.0666414209381897
-0.186272019402724	0.395120564725113
-0.170750918606412	0.352635740427853
-0.0895993558227106	0.15874617725617
-0.132982073838985	0.388755501458227
-0.157940513877016	0.498441444046662
-0.171334350252678	0.360521255320423
-0.0391363672432196	0.08301827598997
-0.204022130238963	0.74805053195018
0.00976829291648118	0.0201228818210452
-0.00726192364419182	0.0200860717540462
-0.0474366730917059	0.140633632367999
-0.0808524825863988	0.257278980933891
0.322686712276189	1.80049743157428
-0.0438806745775519	0.121129207574366
-0.0164185207324195	0.0442441780182414
-0.252212702277353	1.19931743347062
-0.133143290844043	0.45164368356039
0.110958829285886	0.364801168179345
0.156926742259149	0.662234049150915
0.171958906212744	0.739007020170681
0.207294027261346	0.829989131850159
-0.139250770760859	0.482532526058482
0.054431783659442	0.154174199894511
0.0670554643766556	0.199276319015163
-0.175510440998418	0.628248599145268
-0.00686885580606692	0.0182404772604731
-0.219909574238855	0.427016327461111
-0.274758422343357	0.433447025016848
-0.234089710842011	0.865515530246866
0.100291590502993	0.261627744270364
0.0600391031544172	0.147529898289176
0.142193124935139	0.261837015579005
0.233670788837085	0.687190764014451
0.100121697188174	0.289350619046499
-0.222523694989441	0.730488059622462
-0.118265046877046	0.317772855408189
-0.0079907137490843	0.0225762955710654
-0.00909106524639424	0.024983667492754
0.275760111592067	1.23823320963027
0.340020558363959	1.55290273744389
-0.00680483691690791	0.0166475511201076
0.110868874512828	0.362278370518157
0.140899996820417	0.529789489533035
0.0797341832232463	0.262203480585946
0.115024090040785	0.415333048701551
-0.0621281128503522	0.182198335272703
0.0255483725387538	0.0723877014174778
0.0477213838146994	0.132239583251537
0.0859602300973504	0.256885764113425
-0.161426450902884	0.56275770060628
0.16775324633375	0.62527284562616
0.150356122589597	0.493396525399581
-0.0474908519926751	0.134302092770648
0.0014661840662264	0.00374967215898447
-0.162685009797769	0.483531453360043
-0.0125025800009365	0.0258943989332053
-0.157437085904758	0.440212756977341
0.0603285666336649	0.129497708706775
0.154491272889303	0.497318960539666
-0.158843142835763	0.357092112302608
0.057638329938564	0.129210929594327
-0.132940810083004	0.382637082098745
-0.278268157823801	0.964700729596964
-0.0114627898767267	0.0325107055903941
0.188978629327862	0.797687282764382
-0.0879088477484433	0.281245916792457
-0.00787972857148519	0.0194722296465388
-0.192904889747625	0.82229998839181
-0.0481799007827134	0.142923762574312
0.0335818630200294	0.0983828047369292
0.0595868065316092	0.179984077358043
0.139670076256803	0.520304382033769
0.155664762426761	0.616373610065813
0.191291308460186	0.80763212502776
0.100010432251071	0.317397216350639
0.0512560456716035	0.145018053418216
-0.0458261397810936	0.122183807178131
0.041445551684445	0.109026560690075
-0.0571577636775921	0.161612264666771
-0.135833041838834	0.485256644459091
-0.0978039553268699	0.250943373159127
-0.0514681703581371	0.117770310800605
-0.147308575894835	0.459913131258041
-0.00370346388356814	0.0060204207246279
-0.131203646811844	0.315754435525941
-0.186687223510075	0.672314943094544
-0.277474429770473	1.04881725779163
-0.154814769336749	0.628792096269797
-0.249959942507179	1.21148141350881
-0.0491242606243487	0.145965317968964
-0.13543956161695	0.456012493794008
-0.115999694445974	0.41713940069684
-0.0256720876636234	0.070202689807303
-0.00168234023798331	0.00427367545840812
0.137970897874935	0.507358965538733
-0.0617993746095957	0.186759363513744
0.140014647282701	0.535292161226246
0.0526482665482981	0.157591516604456
-0.0113092396357745	0.0288021559739263
-0.0976627022237458	0.301601145273358
0.225736283819183	0.952767207453379
0.417354612411276	2.38929414852798
-0.0386920958206504	0.101774222421053
-0.0475904413937187	0.136680257956825
-0.130456729811535	0.359026166386104
-0.132139783362976	0.296818773718897
-0.175809103972781	0.478650260653404
-0.156677188134209	0.538239773492328
-0.104772229426126	0.304192533504232
-0.132292023524026	0.396667363188736
-0.0417217826032194	0.101263190316958
-0.143301276551587	0.428890527532413
-0.0557359394657411	0.151769934263242
-0.0803391024767238	0.254178951579429
-0.251696588913825	1.1545779449339
