group	fill	colour	clickSelects
1	#FFFFFF	#D3D3D3	4
2	#FFFFFF	#D3D3D3	4
3	#FFFFFF	#D3D3D3	4
4	#FFFFFF	#D3D3D3	219
5	#FFFFFF	#D3D3D3	4
6	#FFFFFF	#D3D3D3	4
7	#FFFFFF	#D3D3D3	4
8	#FFFFFF	#D3D3D3	4
9	#FFFFFF	#D3D3D3	1
10	#FFFFFF	#D3D3D3	1
11	#FFFFFF	#D3D3D3	1
12	#FFFFFF	#D3D3D3	4
13	#FFFFFF	#D3D3D3	4
14	#FFFFFF	#D3D3D3	1
15	#FFFFFF	#D3D3D3	4
16	#FFFFFF	#D3D3D3	4
17	#FFFFFF	#D3D3D3	4
18	#FFFFFF	#D3D3D3	4
19	#FFFFFF	#D3D3D3	4
20	#FFFFFF	#D3D3D3	4
21	#FFFFFF	#D3D3D3	4
22	#FFFFFF	#D3D3D3	4
23	#FFFFFF	#D3D3D3	4
24	#FFFFFF	#D3D3D3	4
25	#FFFFFF	#D3D3D3	1
26	#FFFFFF	#D3D3D3	199
27	#FFFFFF	#D3D3D3	4
28	#FFFFFF	#D3D3D3	4
29	#FFFFFF	#D3D3D3	1
30	#FFFFFF	#D3D3D3	1
31	#FFFFFF	#D3D3D3	1
32	#FFFFFF	#D3D3D3	1
36	#FFFFFF	#D3D3D3	1
46	#FFFFFF	#D3D3D3	1
47	#FFFFFF	#D3D3D3	4
48	#FFFFFF	#D3D3D3	4
49	#FFFFFF	#D3D3D3	4
50	#FFFFFF	#D3D3D3	219
51	#FFFFFF	#D3D3D3	4
52	#FFFFFF	#D3D3D3	4
53	#FFFFFF	#D3D3D3	4
54	#FFFFFF	#D3D3D3	4
55	#FFFFFF	#D3D3D3	4
56	#FFFFFF	#D3D3D3	4
57	#FFFFFF	#D3D3D3	4
58	#FFFFFF	#D3D3D3	4
59	#FFFFFF	#D3D3D3	1
60	#FFFFFF	#D3D3D3	1
61	#FFFFFF	#D3D3D3	1
62	#FFFFFF	#D3D3D3	1
63	#FFFFFF	#D3D3D3	4
64	#FFFFFF	#D3D3D3	4
65	#FFFFFF	#D3D3D3	4
66	#FFFFFF	#D3D3D3	4
67	#FFFFFF	#D3D3D3	4
68	#FFFFFF	#D3D3D3	4
69	#FFFFFF	#D3D3D3	4
70	#FFFFFF	#D3D3D3	4
71	#FFFFFF	#D3D3D3	4
72	#FFFFFF	#D3D3D3	4
73	#FFFFFF	#D3D3D3	4
74	#FFFFFF	#D3D3D3	4
75	#FFFFFF	#D3D3D3	1
76	#FFFFFF	#D3D3D3	199
77	#FFFFFF	#D3D3D3	4
78	#FFFFFF	#D3D3D3	4
79	#FFFFFF	#D3D3D3	4
80	#FFFFFF	#D3D3D3	1
81	#FFFFFF	#D3D3D3	1
82	#FFFFFF	#D3D3D3	1
83	#FFFFFF	#D3D3D3	1
86	#FFFFFF	#D3D3D3	1
97	#FFFFFF	#D3D3D3	1
98	#FFFFFF	#D3D3D3	1
99	#FFFFFF	#D3D3D3	4
100	#FFFFFF	#D3D3D3	4
101	#FFFFFF	#D3D3D3	219
102	#FFFFFF	#D3D3D3	4
103	#FFFFFF	#D3D3D3	4
104	#FFFFFF	#D3D3D3	4
105	#FFFFFF	#D3D3D3	4
106	#FFFFFF	#D3D3D3	4
107	#FFFFFF	#D3D3D3	4
108	#FFFFFF	#D3D3D3	4
109	#FFFFFF	#D3D3D3	4
110	#FFFFFF	#D3D3D3	1
111	#FFFFFF	#D3D3D3	1
112	#FFFFFF	#D3D3D3	1
113	#FFFFFF	#D3D3D3	1
114	#FFFFFF	#D3D3D3	4
115	#FFFFFF	#D3D3D3	1
116	#FFFFFF	#D3D3D3	4
117	#FFFFFF	#D3D3D3	4
118	#FFFFFF	#D3D3D3	4
119	#FFFFFF	#D3D3D3	4
120	#FFFFFF	#D3D3D3	1
121	#FFFFFF	#D3D3D3	4
122	#FFFFFF	#D3D3D3	4
123	#FFFFFF	#D3D3D3	4
124	#FFFFFF	#D3D3D3	4
125	#FFFFFF	#D3D3D3	4
126	#FFFFFF	#D3D3D3	1
127	#FFFFFF	#D3D3D3	4
128	#FFFFFF	#D3D3D3	4
129	#FFFFFF	#D3D3D3	1
130	#FFFFFF	#D3D3D3	1
131	#FFFFFF	#D3D3D3	1
132	#FFFFFF	#D3D3D3	1
133	#FFFFFF	#D3D3D3	1
134	#FFFFFF	#D3D3D3	1
137	#FFFFFF	#D3D3D3	1
147	#FFFFFF	#D3D3D3	1
148	#FFFFFF	#D3D3D3	4
149	#FFFFFF	#D3D3D3	4
150	#FFFFFF	#D3D3D3	4
151	#FFFFFF	#D3D3D3	4
152	#FFFFFF	#D3D3D3	4
153	#FFFFFF	#D3D3D3	1
154	#FFFFFF	#D3D3D3	1
155	#FFFFFF	#D3D3D3	1
156	#FFFFFF	#D3D3D3	104
157	#FFFFFF	#D3D3D3	104
158	#FFFFFF	#D3D3D3	1
159	#FFFFFF	#D3D3D3	1
160	#FFFFFF	#D3D3D3	1
161	#FFFFFF	#D3D3D3	28
162	#FFFFFF	#D3D3D3	28
163	#FFFFFF	#D3D3D3	1
164	#FFFFFF	#D3D3D3	28
165	#FFFFFF	#D3D3D3	1
166	#FFFFFF	#D3D3D3	28
167	#FFFFFF	#D3D3D3	28
168	#FFFFFF	#D3D3D3	28
169	#FFFFFF	#D3D3D3	1
170	#FFFFFF	#D3D3D3	1
171	#FFFFFF	#D3D3D3	28
172	#FFFFFF	#D3D3D3	28
173	#FFFFFF	#D3D3D3	1
174	#FFFFFF	#D3D3D3	1
175	#FFFFFF	#D3D3D3	1
176	#FFFFFF	#D3D3D3	1
177	#FFFFFF	#D3D3D3	1
178	#FFFFFF	#D3D3D3	1
179	#FFFFFF	#D3D3D3	125
180	#FFFFFF	#D3D3D3	1
181	#FFFFFF	#D3D3D3	1
182	#FFFFFF	#D3D3D3	1
183	#FFFFFF	#D3D3D3	1
184	#FFFFFF	#D3D3D3	1
185	#FFFFFF	#D3D3D3	54
186	#FFFFFF	#D3D3D3	54
187	#FFFFFF	#D3D3D3	1
188	#FFFFFF	#D3D3D3	54
189	#FFFFFF	#D3D3D3	54
190	#FFFFFF	#D3D3D3	54
191	#FFFFFF	#D3D3D3	54
192	#FFFFFF	#D3D3D3	54
193	#FFFFFF	#D3D3D3	54
194	#FFFFFF	#D3D3D3	393
198	#FFFFFF	#D3D3D3	104
199	#FFFFFF	#D3D3D3	1
200	#FFFFFF	#D3D3D3	104
201	#FFFFFF	#D3D3D3	104
202	#FFFFFF	#D3D3D3	104
203	#FFFFFF	#D3D3D3	1
204	#FFFFFF	#D3D3D3	1
205	#FFFFFF	#D3D3D3	1
206	#FFFFFF	#D3D3D3	104
207	#FFFFFF	#D3D3D3	104
208	#FFFFFF	#D3D3D3	1
209	#FFFFFF	#D3D3D3	1
210	#FFFFFF	#D3D3D3	1
211	#FFFFFF	#D3D3D3	1
212	#FFFFFF	#D3D3D3	1
213	#FFFFFF	#D3D3D3	1
214	#FFFFFF	#D3D3D3	1
215	#FFFFFF	#D3D3D3	28
216	#FFFFFF	#D3D3D3	1
217	#FFFFFF	#D3D3D3	28
218	#FFFFFF	#D3D3D3	28
219	#FFFFFF	#D3D3D3	28
220	#FFFFFF	#D3D3D3	28
221	#FFFFFF	#D3D3D3	28
222	#FFFFFF	#D3D3D3	28
223	#FFFFFF	#D3D3D3	28
224	#FFFFFF	#D3D3D3	1
225	#FFFFFF	#D3D3D3	1
226	#FFFFFF	#D3D3D3	1
227	#FFFFFF	#D3D3D3	1
228	#FFFFFF	#D3D3D3	1
229	#FFFFFF	#D3D3D3	125
230	#FFFFFF	#D3D3D3	125
231	#FFFFFF	#D3D3D3	1
232	#FFFFFF	#D3D3D3	1
233	#FFFFFF	#D3D3D3	1
234	#FFFFFF	#D3D3D3	1
235	#FFFFFF	#D3D3D3	1
236	#FFFFFF	#D3D3D3	54
237	#FFFFFF	#D3D3D3	54
238	#FFFFFF	#D3D3D3	1
239	#FFFFFF	#D3D3D3	54
240	#FFFFFF	#D3D3D3	54
241	#FFFFFF	#D3D3D3	54
242	#FFFFFF	#D3D3D3	54
243	#FFFFFF	#D3D3D3	54
244	#FFFFFF	#D3D3D3	54
245	#FFFFFF	#D3D3D3	393
248	#FFFFFF	#D3D3D3	104
249	#FFFFFF	#D3D3D3	104
250	#FFFFFF	#D3D3D3	104
251	#FFFFFF	#D3D3D3	1
252	#FFFFFF	#D3D3D3	1
253	#FFFFFF	#D3D3D3	4
254	#FFFFFF	#D3D3D3	1
255	#FFFFFF	#D3D3D3	1
256	#FFFFFF	#D3D3D3	1
257	#FFFFFF	#D3D3D3	104
258	#FFFFFF	#D3D3D3	104
259	#FFFFFF	#D3D3D3	1
260	#FFFFFF	#D3D3D3	1
261	#FFFFFF	#D3D3D3	1
262	#FFFFFF	#D3D3D3	1
263	#FFFFFF	#D3D3D3	1
264	#FFFFFF	#D3D3D3	1
265	#FFFFFF	#D3D3D3	28
266	#FFFFFF	#D3D3D3	1
267	#FFFFFF	#D3D3D3	28
268	#FFFFFF	#D3D3D3	28
269	#FFFFFF	#D3D3D3	28
270	#FFFFFF	#D3D3D3	28
271	#FFFFFF	#D3D3D3	28
272	#FFFFFF	#D3D3D3	28
273	#FFFFFF	#D3D3D3	28
274	#FFFFFF	#D3D3D3	1
275	#FFFFFF	#D3D3D3	1
276	#FFFFFF	#D3D3D3	1
277	#FFFFFF	#D3D3D3	1
278	#FFFFFF	#D3D3D3	1
279	#FFFFFF	#D3D3D3	125
280	#FFFFFF	#D3D3D3	125
281	#FFFFFF	#D3D3D3	1
282	#FFFFFF	#D3D3D3	1
283	#FFFFFF	#D3D3D3	1
284	#FFFFFF	#D3D3D3	1
285	#FFFFFF	#D3D3D3	1
286	#FFFFFF	#D3D3D3	1
287	#FFFFFF	#D3D3D3	54
288	#FFFFFF	#D3D3D3	1
289	#FFFFFF	#D3D3D3	54
290	#FFFFFF	#D3D3D3	54
291	#FFFFFF	#D3D3D3	54
292	#FFFFFF	#D3D3D3	54
293	#FFFFFF	#D3D3D3	54
294	#FFFFFF	#D3D3D3	54
295	#FFFFFF	#D3D3D3	393
296	#FFFFFF	#D3D3D3	54
299	#FFFFFF	#D3D3D3	1
300	#FFFFFF	#D3D3D3	104
301	#FFFFFF	#D3D3D3	1
302	#FFFFFF	#D3D3D3	1
303	#FFFFFF	#D3D3D3	1
304	#FFFFFF	#D3D3D3	4
305	#FFFFFF	#D3D3D3	4
306	#FFFFFF	#D3D3D3	1
307	#FFFFFF	#D3D3D3	1
308	#FFFFFF	#D3D3D3	104
309	#FFFFFF	#D3D3D3	1
310	#FFFFFF	#D3D3D3	1
311	#FFFFFF	#D3D3D3	1
312	#FFFFFF	#D3D3D3	1
313	#FFFFFF	#D3D3D3	1
314	#FFFFFF	#D3D3D3	28
315	#FFFFFF	#D3D3D3	1
316	#FFFFFF	#D3D3D3	28
317	#FFFFFF	#D3D3D3	1
318	#FFFFFF	#D3D3D3	28
319	#FFFFFF	#D3D3D3	28
320	#FFFFFF	#D3D3D3	28
321	#FFFFFF	#D3D3D3	28
322	#FFFFFF	#D3D3D3	28
323	#FFFFFF	#D3D3D3	28
324	#FFFFFF	#D3D3D3	1
325	#FFFFFF	#D3D3D3	1
326	#FFFFFF	#D3D3D3	1
327	#FFFFFF	#D3D3D3	1
328	#FFFFFF	#D3D3D3	1
329	#FFFFFF	#D3D3D3	125
330	#FFFFFF	#D3D3D3	1
331	#FFFFFF	#D3D3D3	125
332	#FFFFFF	#D3D3D3	1
333	#FFFFFF	#D3D3D3	1
334	#FFFFFF	#D3D3D3	1
335	#FFFFFF	#D3D3D3	1
336	#FFFFFF	#D3D3D3	1
337	#FFFFFF	#D3D3D3	54
338	#FFFFFF	#D3D3D3	54
339	#FFFFFF	#D3D3D3	1
340	#FFFFFF	#D3D3D3	54
341	#FFFFFF	#D3D3D3	54
342	#FFFFFF	#D3D3D3	54
343	#FFFFFF	#D3D3D3	54
344	#FFFFFF	#D3D3D3	54
345	#FFFFFF	#D3D3D3	393
346	#FFFFFF	#D3D3D3	393
347	#FFFFFF	#D3D3D3	54
349	#FFFFFF	#D3D3D3	104
350	#FFFFFF	#D3D3D3	1
351	#FFFFFF	#D3D3D3	1
352	#FFFFFF	#D3D3D3	1
353	#FFFFFF	#D3D3D3	1
354	#FFFFFF	#D3D3D3	4
355	#FFFFFF	#D3D3D3	4
356	#FFFFFF	#D3D3D3	4
357	#FFFFFF	#D3D3D3	1
358	#FFFFFF	#D3D3D3	1
359	#FFFFFF	#D3D3D3	1
360	#FFFFFF	#D3D3D3	1
361	#FFFFFF	#D3D3D3	1
362	#FFFFFF	#D3D3D3	1
363	#FFFFFF	#D3D3D3	1
364	#FFFFFF	#D3D3D3	1
365	#FFFFFF	#D3D3D3	28
366	#FFFFFF	#D3D3D3	28
367	#FFFFFF	#D3D3D3	1
368	#FFFFFF	#D3D3D3	28
369	#FFFFFF	#D3D3D3	28
370	#FFFFFF	#D3D3D3	418
371	#FFFFFF	#D3D3D3	28
372	#FFFFFF	#D3D3D3	28
373	#FFFFFF	#D3D3D3	28
374	#FFFFFF	#D3D3D3	1
375	#FFFFFF	#D3D3D3	28
376	#FFFFFF	#D3D3D3	1
377	#FFFFFF	#D3D3D3	1
378	#FFFFFF	#D3D3D3	1
379	#FFFFFF	#D3D3D3	125
380	#FFFFFF	#D3D3D3	125
381	#FFFFFF	#D3D3D3	1
382	#FFFFFF	#D3D3D3	125
383	#FFFFFF	#D3D3D3	1
384	#FFFFFF	#D3D3D3	1
385	#FFFFFF	#D3D3D3	28
386	#FFFFFF	#D3D3D3	1
387	#FFFFFF	#D3D3D3	1
388	#FFFFFF	#D3D3D3	1
389	#FFFFFF	#D3D3D3	1
390	#FFFFFF	#D3D3D3	54
391	#FFFFFF	#D3D3D3	54
392	#FFFFFF	#D3D3D3	54
393	#FFFFFF	#D3D3D3	54
394	#FFFFFF	#D3D3D3	54
395	#FFFFFF	#D3D3D3	54
396	#FFFFFF	#D3D3D3	393
397	#FFFFFF	#D3D3D3	54
398	#FFFFFF	#D3D3D3	54
400	#FFFFFF	#D3D3D3	104
401	#FFFFFF	#D3D3D3	1
402	#FFFFFF	#D3D3D3	1
403	#FFFFFF	#D3D3D3	1
404	#FFFFFF	#D3D3D3	1
405	#FFFFFF	#D3D3D3	4
406	#FFFFFF	#D3D3D3	4
407	#FFFFFF	#D3D3D3	4
408	#FFFFFF	#D3D3D3	1
409	#FFFFFF	#D3D3D3	1
410	#FFFFFF	#D3D3D3	1
411	#FFFFFF	#D3D3D3	1
412	#FFFFFF	#D3D3D3	28
413	#FFFFFF	#D3D3D3	1
414	#FFFFFF	#D3D3D3	1
415	#FFFFFF	#D3D3D3	28
416	#FFFFFF	#D3D3D3	28
417	#FFFFFF	#D3D3D3	28
418	#FFFFFF	#D3D3D3	1
419	#FFFFFF	#D3D3D3	28
420	#FFFFFF	#D3D3D3	28
421	#FFFFFF	#D3D3D3	418
422	#FFFFFF	#D3D3D3	28
423	#FFFFFF	#D3D3D3	28
424	#FFFFFF	#D3D3D3	1
425	#FFFFFF	#D3D3D3	28
426	#FFFFFF	#D3D3D3	28
427	#FFFFFF	#D3D3D3	1
428	#FFFFFF	#D3D3D3	125
429	#FFFFFF	#D3D3D3	1
430	#FFFFFF	#D3D3D3	125
431	#FFFFFF	#D3D3D3	1
432	#FFFFFF	#D3D3D3	1
433	#FFFFFF	#D3D3D3	1
434	#FFFFFF	#D3D3D3	1
435	#FFFFFF	#D3D3D3	28
436	#FFFFFF	#D3D3D3	1
437	#FFFFFF	#D3D3D3	1
438	#FFFFFF	#D3D3D3	1
439	#FFFFFF	#D3D3D3	1
440	#FFFFFF	#D3D3D3	1
441	#FFFFFF	#D3D3D3	54
442	#FFFFFF	#D3D3D3	1
443	#FFFFFF	#D3D3D3	1
444	#FFFFFF	#D3D3D3	54
445	#FFFFFF	#D3D3D3	54
446	#FFFFFF	#D3D3D3	54
447	#FFFFFF	#D3D3D3	54
448	#FFFFFF	#D3D3D3	54
449	#FFFFFF	#D3D3D3	54
450	#FFFFFF	#D3D3D3	1
451	#FFFFFF	#D3D3D3	1
452	#FFFFFF	#D3D3D3	1
453	#FFFFFF	#D3D3D3	1
454	#FFFFFF	#D3D3D3	1
455	#FFFFFF	#D3D3D3	4
456	#FFFFFF	#D3D3D3	4
457	#FFFFFF	#D3D3D3	4
458	#FFFFFF	#D3D3D3	1
459	#FFFFFF	#D3D3D3	1
460	#FFFFFF	#D3D3D3	1
461	#FFFFFF	#D3D3D3	1
462	#FFFFFF	#D3D3D3	28
463	#FFFFFF	#D3D3D3	1
464	#FFFFFF	#D3D3D3	1
465	#FFFFFF	#D3D3D3	28
466	#FFFFFF	#D3D3D3	28
467	#FFFFFF	#D3D3D3	28
468	#FFFFFF	#D3D3D3	1
469	#FFFFFF	#D3D3D3	28
470	#FFFFFF	#D3D3D3	28
471	#FFFFFF	#D3D3D3	418
472	#FFFFFF	#D3D3D3	418
473	#FFFFFF	#D3D3D3	28
474	#FFFFFF	#D3D3D3	28
475	#FFFFFF	#D3D3D3	1
476	#FFFFFF	#D3D3D3	28
477	#FFFFFF	#D3D3D3	28
478	#FFFFFF	#D3D3D3	1
479	#FFFFFF	#D3D3D3	1
480	#FFFFFF	#D3D3D3	125
481	#FFFFFF	#D3D3D3	125
482	#FFFFFF	#D3D3D3	1
483	#FFFFFF	#D3D3D3	1
484	#FFFFFF	#D3D3D3	1
485	#FFFFFF	#D3D3D3	1
486	#FFFFFF	#D3D3D3	28
487	#FFFFFF	#D3D3D3	1
488	#FFFFFF	#D3D3D3	1
489	#FFFFFF	#D3D3D3	1
490	#FFFFFF	#D3D3D3	1
491	#FFFFFF	#D3D3D3	1
492	#FFFFFF	#D3D3D3	1
493	#FFFFFF	#D3D3D3	1
494	#FFFFFF	#D3D3D3	1
495	#FFFFFF	#D3D3D3	54
496	#FFFFFF	#D3D3D3	54
497	#FFFFFF	#D3D3D3	54
498	#FFFFFF	#D3D3D3	54
499	#FFFFFF	#D3D3D3	54
500	#FFFFFF	#D3D3D3	54
501	#FFFFFF	#D3D3D3	1
502	#FFFFFF	#D3D3D3	1
503	#FFFFFF	#D3D3D3	1
504	#FFFFFF	#D3D3D3	1
505	#FFFFFF	#D3D3D3	1
506	#FFFFFF	#D3D3D3	4
507	#FFFFFF	#D3D3D3	4
508	#FFFFFF	#D3D3D3	4
509	#FFFFFF	#D3D3D3	1
510	#FFFFFF	#D3D3D3	1
511	#FFFFFF	#D3D3D3	1
512	#FFFFFF	#D3D3D3	28
513	#FFFFFF	#D3D3D3	28
514	#FFFFFF	#D3D3D3	1
515	#FFFFFF	#D3D3D3	1
516	#FFFFFF	#D3D3D3	28
517	#FFFFFF	#D3D3D3	28
518	#FFFFFF	#D3D3D3	28
519	#FFFFFF	#D3D3D3	1
520	#FFFFFF	#D3D3D3	28
521	#FFFFFF	#D3D3D3	28
522	#FFFFFF	#D3D3D3	28
523	#FFFFFF	#D3D3D3	418
524	#FFFFFF	#D3D3D3	28
525	#FFFFFF	#D3D3D3	1
526	#FFFFFF	#D3D3D3	28
527	#FFFFFF	#D3D3D3	28
528	#FFFFFF	#D3D3D3	28
529	#FFFFFF	#D3D3D3	1
530	#FFFFFF	#D3D3D3	1
531	#FFFFFF	#D3D3D3	125
532	#FFFFFF	#D3D3D3	1
533	#FFFFFF	#D3D3D3	1
534	#FFFFFF	#D3D3D3	28
535	#FFFFFF	#D3D3D3	28
536	#FFFFFF	#D3D3D3	1
537	#FFFFFF	#D3D3D3	28
538	#FFFFFF	#D3D3D3	1
539	#FFFFFF	#D3D3D3	1
540	#FFFFFF	#D3D3D3	1
541	#FFFFFF	#D3D3D3	1
542	#FFFFFF	#D3D3D3	1
543	#FFFFFF	#D3D3D3	1
544	#FFFFFF	#D3D3D3	1
545	#FFFFFF	#D3D3D3	1
546	#FFFFFF	#D3D3D3	54
547	#FFFFFF	#D3D3D3	54
548	#FFFFFF	#D3D3D3	54
549	#FFFFFF	#D3D3D3	54
550	#FFFFFF	#D3D3D3	54
551	#FFFFFF	#D3D3D3	1
552	#FFFFFF	#D3D3D3	1
553	#FFFFFF	#D3D3D3	1
554	#FFFFFF	#D3D3D3	1
555	#FFFFFF	#D3D3D3	1
556	#FFFFFF	#D3D3D3	4
557	#FFFFFF	#D3D3D3	1
558	#FFFFFF	#D3D3D3	4
559	#FFFFFF	#D3D3D3	1
560	#FFFFFF	#D3D3D3	1
561	#FFFFFF	#D3D3D3	1
562	#FFFFFF	#D3D3D3	1
563	#FFFFFF	#D3D3D3	28
564	#FFFFFF	#D3D3D3	28
565	#FFFFFF	#D3D3D3	1
566	#FFFFFF	#D3D3D3	28
567	#FFFFFF	#D3D3D3	28
568	#FFFFFF	#D3D3D3	28
569	#FFFFFF	#D3D3D3	1
570	#FFFFFF	#D3D3D3	28
571	#FFFFFF	#D3D3D3	28
572	#FFFFFF	#D3D3D3	28
573	#FFFFFF	#D3D3D3	418
574	#FFFFFF	#D3D3D3	28
575	#FFFFFF	#D3D3D3	28
576	#FFFFFF	#D3D3D3	1
577	#FFFFFF	#D3D3D3	1
578	#FFFFFF	#D3D3D3	28
579	#FFFFFF	#D3D3D3	1
580	#FFFFFF	#D3D3D3	1
581	#FFFFFF	#D3D3D3	1
582	#FFFFFF	#D3D3D3	1
583	#FFFFFF	#D3D3D3	1
584	#FFFFFF	#D3D3D3	1
585	#FFFFFF	#D3D3D3	28
586	#FFFFFF	#D3D3D3	28
587	#FFFFFF	#D3D3D3	28
588	#FFFFFF	#D3D3D3	28
589	#FFFFFF	#D3D3D3	1
590	#FFFFFF	#D3D3D3	1
591	#FFFFFF	#D3D3D3	1
592	#FFFFFF	#D3D3D3	1
593	#FFFFFF	#D3D3D3	1
594	#FFFFFF	#D3D3D3	1
595	#FFFFFF	#D3D3D3	1
596	#FFFFFF	#D3D3D3	1
597	#FFFFFF	#D3D3D3	1
598	#FFFFFF	#D3D3D3	54
599	#FFFFFF	#D3D3D3	54
600	#FFFFFF	#D3D3D3	111
601	#FFFFFF	#D3D3D3	54
602	#FFFFFF	#D3D3D3	1
603	#FFFFFF	#D3D3D3	1
604	#FFFFFF	#D3D3D3	1
605	#FFFFFF	#D3D3D3	1
606	#FFFFFF	#D3D3D3	1
607	#FFFFFF	#D3D3D3	1
608	#FFFFFF	#D3D3D3	1
609	#FFFFFF	#D3D3D3	1
610	#FFFFFF	#D3D3D3	1
611	#FFFFFF	#D3D3D3	1
612	#FFFFFF	#D3D3D3	1
613	#FFFFFF	#D3D3D3	1
614	#FFFFFF	#D3D3D3	28
615	#FFFFFF	#D3D3D3	28
616	#FFFFFF	#D3D3D3	28
617	#FFFFFF	#D3D3D3	28
618	#FFFFFF	#D3D3D3	28
619	#FFFFFF	#D3D3D3	28
620	#FFFFFF	#D3D3D3	4
621	#FFFFFF	#D3D3D3	28
622	#FFFFFF	#D3D3D3	28
623	#FFFFFF	#D3D3D3	418
624	#FFFFFF	#D3D3D3	28
625	#FFFFFF	#D3D3D3	28
626	#FFFFFF	#D3D3D3	28
627	#FFFFFF	#D3D3D3	1
628	#FFFFFF	#D3D3D3	1
629	#FFFFFF	#D3D3D3	28
630	#FFFFFF	#D3D3D3	1
631	#FFFFFF	#D3D3D3	4
632	#FFFFFF	#D3D3D3	1
633	#FFFFFF	#D3D3D3	1
634	#FFFFFF	#D3D3D3	1
635	#FFFFFF	#D3D3D3	1
636	#FFFFFF	#D3D3D3	28
637	#FFFFFF	#D3D3D3	28
638	#FFFFFF	#D3D3D3	28
639	#FFFFFF	#D3D3D3	28
640	#FFFFFF	#D3D3D3	1
641	#FFFFFF	#D3D3D3	1
642	#FFFFFF	#D3D3D3	1
643	#FFFFFF	#D3D3D3	1
644	#FFFFFF	#D3D3D3	1
645	#FFFFFF	#D3D3D3	1
646	#FFFFFF	#D3D3D3	1
647	#FFFFFF	#D3D3D3	1
648	#FFFFFF	#D3D3D3	54
649	#FFFFFF	#D3D3D3	54
650	#FFFFFF	#D3D3D3	111
651	#FFFFFF	#D3D3D3	54
652	#FFFFFF	#D3D3D3	1
653	#FFFFFF	#D3D3D3	1
654	#FFFFFF	#D3D3D3	1
655	#FFFFFF	#D3D3D3	1
656	#FFFFFF	#D3D3D3	1
657	#FFFFFF	#D3D3D3	4
658	#FFFFFF	#D3D3D3	1
659	#FFFFFF	#D3D3D3	1
660	#FFFFFF	#D3D3D3	1
661	#FFFFFF	#D3D3D3	1
662	#FFFFFF	#D3D3D3	1
663	#FFFFFF	#D3D3D3	1
664	#FFFFFF	#D3D3D3	28
665	#FFFFFF	#D3D3D3	28
666	#FFFFFF	#D3D3D3	28
667	#FFFFFF	#D3D3D3	28
668	#FFFFFF	#D3D3D3	461
669	#FFFFFF	#D3D3D3	28
670	#FFFFFF	#D3D3D3	1
671	#FFFFFF	#D3D3D3	28
672	#FFFFFF	#D3D3D3	28
673	#FFFFFF	#D3D3D3	28
674	#FFFFFF	#D3D3D3	28
675	#FFFFFF	#D3D3D3	28
676	#FFFFFF	#D3D3D3	28
677	#FFFFFF	#D3D3D3	28
678	#FFFFFF	#D3D3D3	28
679	#FFFFFF	#D3D3D3	28
680	#FFFFFF	#D3D3D3	28
681	#FFFFFF	#D3D3D3	4
682	#FFFFFF	#D3D3D3	28
683	#FFFFFF	#D3D3D3	1
684	#FFFFFF	#D3D3D3	1
685	#FFFFFF	#D3D3D3	1
686	#FFFFFF	#D3D3D3	28
687	#FFFFFF	#D3D3D3	28
688	#FFFFFF	#D3D3D3	28
689	#FFFFFF	#D3D3D3	28
690	#FFFFFF	#D3D3D3	1
691	#FFFFFF	#D3D3D3	1
692	#FFFFFF	#D3D3D3	1
693	#FFFFFF	#D3D3D3	1
694	#FFFFFF	#D3D3D3	1
695	#FFFFFF	#D3D3D3	1
696	#FFFFFF	#D3D3D3	1
697	#FFFFFF	#D3D3D3	1
698	#FFFFFF	#D3D3D3	54
699	#FFFFFF	#D3D3D3	1
700	#FFFFFF	#D3D3D3	54
701	#FFFFFF	#D3D3D3	111
702	#FFFFFF	#D3D3D3	111
703	#FFFFFF	#D3D3D3	1
704	#FFFFFF	#D3D3D3	1
705	#FFFFFF	#D3D3D3	1
706	#FFFFFF	#D3D3D3	1
707	#FFFFFF	#D3D3D3	1
708	#FFFFFF	#D3D3D3	4
709	#FFFFFF	#D3D3D3	1
710	#FFFFFF	#D3D3D3	1
711	#FFFFFF	#D3D3D3	1
712	#FFFFFF	#D3D3D3	1
713	#FFFFFF	#D3D3D3	1
714	#FFFFFF	#D3D3D3	1
715	#FFFFFF	#D3D3D3	1
716	#FFFFFF	#D3D3D3	1
717	#FFFFFF	#D3D3D3	28
718	#FFFFFF	#D3D3D3	28
719	#FFFFFF	#D3D3D3	461
720	#FFFFFF	#D3D3D3	28
721	#FFFFFF	#D3D3D3	4
722	#FFFFFF	#D3D3D3	28
723	#FFFFFF	#D3D3D3	28
724	#FFFFFF	#D3D3D3	1
725	#FFFFFF	#D3D3D3	28
726	#FFFFFF	#D3D3D3	28
727	#FFFFFF	#D3D3D3	28
728	#FFFFFF	#D3D3D3	28
729	#FFFFFF	#D3D3D3	28
730	#FFFFFF	#D3D3D3	28
731	#FFFFFF	#D3D3D3	28
732	#FFFFFF	#D3D3D3	1
733	#FFFFFF	#D3D3D3	28
734	#FFFFFF	#D3D3D3	28
735	#FFFFFF	#D3D3D3	1
736	#FFFFFF	#D3D3D3	28
737	#FFFFFF	#D3D3D3	28
738	#FFFFFF	#D3D3D3	28
739	#FFFFFF	#D3D3D3	28
740	#FFFFFF	#D3D3D3	28
741	#FFFFFF	#D3D3D3	1
742	#FFFFFF	#D3D3D3	1
743	#FFFFFF	#D3D3D3	4
744	#FFFFFF	#D3D3D3	1
745	#FFFFFF	#D3D3D3	1
746	#FFFFFF	#D3D3D3	1
747	#FFFFFF	#D3D3D3	1
748	#FFFFFF	#D3D3D3	1
749	#FFFFFF	#D3D3D3	1
750	#FFFFFF	#D3D3D3	54
751	#FFFFFF	#D3D3D3	111
752	#FFFFFF	#D3D3D3	111
753	#FFFFFF	#D3D3D3	4
754	#FFFFFF	#D3D3D3	1
755	#FFFFFF	#D3D3D3	1
756	#FFFFFF	#D3D3D3	1
757	#FFFFFF	#D3D3D3	1
758	#FFFFFF	#D3D3D3	4
759	#FFFFFF	#D3D3D3	4
760	#FFFFFF	#D3D3D3	1
761	#FFFFFF	#D3D3D3	1
762	#FFFFFF	#D3D3D3	1
763	#FFFFFF	#D3D3D3	1
764	#FFFFFF	#D3D3D3	1
765	#FFFFFF	#D3D3D3	1
766	#FFFFFF	#D3D3D3	1
767	#FFFFFF	#D3D3D3	28
768	#FFFFFF	#D3D3D3	461
769	#FFFFFF	#D3D3D3	461
770	#FFFFFF	#D3D3D3	461
771	#FFFFFF	#D3D3D3	1
772	#FFFFFF	#D3D3D3	28
773	#FFFFFF	#D3D3D3	28
774	#FFFFFF	#D3D3D3	28
775	#FFFFFF	#D3D3D3	1
776	#FFFFFF	#D3D3D3	28
777	#FFFFFF	#D3D3D3	28
778	#FFFFFF	#D3D3D3	28
779	#FFFFFF	#D3D3D3	1
780	#FFFFFF	#D3D3D3	28
781	#FFFFFF	#D3D3D3	28
782	#FFFFFF	#D3D3D3	4
783	#FFFFFF	#D3D3D3	28
784	#FFFFFF	#D3D3D3	28
785	#FFFFFF	#D3D3D3	1
786	#FFFFFF	#D3D3D3	28
787	#FFFFFF	#D3D3D3	28
788	#FFFFFF	#D3D3D3	28
789	#FFFFFF	#D3D3D3	28
790	#FFFFFF	#D3D3D3	28
791	#FFFFFF	#D3D3D3	28
792	#FFFFFF	#D3D3D3	1
793	#FFFFFF	#D3D3D3	1
794	#FFFFFF	#D3D3D3	1
795	#FFFFFF	#D3D3D3	1
796	#FFFFFF	#D3D3D3	1
797	#FFFFFF	#D3D3D3	1
798	#FFFFFF	#D3D3D3	1
799	#FFFFFF	#D3D3D3	1
800	#FFFFFF	#D3D3D3	1
801	#FFFFFF	#D3D3D3	54
802	#FFFFFF	#D3D3D3	111
803	#FFFFFF	#D3D3D3	111
804	#FFFFFF	#D3D3D3	4
805	#FFFFFF	#D3D3D3	1
806	#FFFFFF	#D3D3D3	1
807	#FFFFFF	#D3D3D3	1
808	#FFFFFF	#D3D3D3	1
809	#FFFFFF	#D3D3D3	4
810	#FFFFFF	#D3D3D3	1
811	#FFFFFF	#D3D3D3	1
812	#FFFFFF	#D3D3D3	1
813	#FFFFFF	#D3D3D3	1
814	#FFFFFF	#D3D3D3	1
815	#FFFFFF	#D3D3D3	1
816	#FFFFFF	#D3D3D3	28
817	#FFFFFF	#D3D3D3	28
818	#FFFFFF	#D3D3D3	28
819	#FFFFFF	#D3D3D3	461
820	#FFFFFF	#D3D3D3	461
821	#FFFFFF	#D3D3D3	28
822	#FFFFFF	#D3D3D3	4
823	#FFFFFF	#D3D3D3	28
824	#FFFFFF	#D3D3D3	28
825	#FFFFFF	#D3D3D3	28
826	#FFFFFF	#D3D3D3	1
827	#FFFFFF	#D3D3D3	1
828	#FFFFFF	#D3D3D3	28
829	#FFFFFF	#D3D3D3	1
830	#FFFFFF	#D3D3D3	28
831	#FFFFFF	#D3D3D3	28
832	#FFFFFF	#D3D3D3	28
833	#FFFFFF	#D3D3D3	4
834	#FFFFFF	#D3D3D3	28
835	#FFFFFF	#D3D3D3	1
836	#FFFFFF	#D3D3D3	28
837	#FFFFFF	#D3D3D3	28
838	#FFFFFF	#D3D3D3	28
839	#FFFFFF	#D3D3D3	28
840	#FFFFFF	#D3D3D3	28
841	#FFFFFF	#D3D3D3	28
842	#FFFFFF	#D3D3D3	28
843	#FFFFFF	#D3D3D3	1
844	#FFFFFF	#D3D3D3	4
845	#FFFFFF	#D3D3D3	1
846	#FFFFFF	#D3D3D3	1
847	#FFFFFF	#D3D3D3	1
848	#FFFFFF	#D3D3D3	1
849	#FFFFFF	#D3D3D3	1
850	#FFFFFF	#D3D3D3	1
851	#FFFFFF	#D3D3D3	1
852	#FFFFFF	#D3D3D3	54
853	#FFFFFF	#D3D3D3	111
854	#FFFFFF	#D3D3D3	4
855	#FFFFFF	#D3D3D3	1
856	#FFFFFF	#D3D3D3	1
857	#FFFFFF	#D3D3D3	1
858	#FFFFFF	#D3D3D3	1
859	#FFFFFF	#D3D3D3	4
860	#FFFFFF	#D3D3D3	4
861	#FFFFFF	#D3D3D3	1
862	#FFFFFF	#D3D3D3	1
863	#FFFFFF	#D3D3D3	1
864	#FFFFFF	#D3D3D3	1
865	#FFFFFF	#D3D3D3	1
866	#FFFFFF	#D3D3D3	1
867	#FFFFFF	#D3D3D3	28
868	#FFFFFF	#D3D3D3	28
869	#FFFFFF	#D3D3D3	28
870	#FFFFFF	#D3D3D3	461
871	#FFFFFF	#D3D3D3	28
872	#FFFFFF	#D3D3D3	4
873	#FFFFFF	#D3D3D3	1
874	#FFFFFF	#D3D3D3	28
875	#FFFFFF	#D3D3D3	1
876	#FFFFFF	#D3D3D3	1
877	#FFFFFF	#D3D3D3	1
878	#FFFFFF	#D3D3D3	28
879	#FFFFFF	#D3D3D3	1
880	#FFFFFF	#D3D3D3	28
881	#FFFFFF	#D3D3D3	28
882	#FFFFFF	#D3D3D3	28
883	#FFFFFF	#D3D3D3	4
884	#FFFFFF	#D3D3D3	28
885	#FFFFFF	#D3D3D3	28
886	#FFFFFF	#D3D3D3	28
887	#FFFFFF	#D3D3D3	28
888	#FFFFFF	#D3D3D3	28
889	#FFFFFF	#D3D3D3	28
890	#FFFFFF	#D3D3D3	1
891	#FFFFFF	#D3D3D3	28
892	#FFFFFF	#D3D3D3	28
893	#FFFFFF	#D3D3D3	1
894	#FFFFFF	#D3D3D3	4
895	#FFFFFF	#D3D3D3	1
896	#FFFFFF	#D3D3D3	1
897	#FFFFFF	#D3D3D3	1
898	#FFFFFF	#D3D3D3	1
899	#FFFFFF	#D3D3D3	1
900	#FFFFFF	#D3D3D3	1
901	#FFFFFF	#D3D3D3	1
902	#FFFFFF	#D3D3D3	54
903	#FFFFFF	#D3D3D3	54
904	#FFFFFF	#D3D3D3	111
905	#FFFFFF	#D3D3D3	1
906	#FFFFFF	#D3D3D3	1
907	#FFFFFF	#D3D3D3	1
908	#FFFFFF	#D3D3D3	1
909	#FFFFFF	#D3D3D3	1
910	#FFFFFF	#D3D3D3	4
911	#FFFFFF	#D3D3D3	4
912	#FFFFFF	#D3D3D3	1
913	#FFFFFF	#D3D3D3	1
914	#FFFFFF	#D3D3D3	1
915	#FFFFFF	#D3D3D3	1
916	#FFFFFF	#D3D3D3	28
917	#FFFFFF	#D3D3D3	28
918	#FFFFFF	#D3D3D3	28
919	#FFFFFF	#D3D3D3	28
920	#FFFFFF	#D3D3D3	461
921	#FFFFFF	#D3D3D3	461
922	#FFFFFF	#D3D3D3	1
923	#FFFFFF	#D3D3D3	4
924	#FFFFFF	#D3D3D3	1
925	#FFFFFF	#D3D3D3	1
926	#FFFFFF	#D3D3D3	1
927	#FFFFFF	#D3D3D3	1
928	#FFFFFF	#D3D3D3	1
929	#FFFFFF	#D3D3D3	1
930	#FFFFFF	#D3D3D3	28
931	#FFFFFF	#D3D3D3	28
932	#FFFFFF	#D3D3D3	28
933	#FFFFFF	#D3D3D3	28
934	#FFFFFF	#D3D3D3	4
935	#FFFFFF	#D3D3D3	28
936	#FFFFFF	#D3D3D3	28
937	#FFFFFF	#D3D3D3	28
938	#FFFFFF	#D3D3D3	28
939	#FFFFFF	#D3D3D3	28
940	#FFFFFF	#D3D3D3	28
941	#FFFFFF	#D3D3D3	1
942	#FFFFFF	#D3D3D3	1
943	#FFFFFF	#D3D3D3	28
944	#FFFFFF	#D3D3D3	1
945	#FFFFFF	#D3D3D3	1
946	#FFFFFF	#D3D3D3	1
947	#FFFFFF	#D3D3D3	1
948	#FFFFFF	#D3D3D3	1
949	#FFFFFF	#D3D3D3	1
950	#FFFFFF	#D3D3D3	1
951	#FFFFFF	#D3D3D3	1
952	#FFFFFF	#D3D3D3	1
953	#FFFFFF	#D3D3D3	54
954	#FFFFFF	#D3D3D3	54
955	#FFFFFF	#D3D3D3	1
956	#FFFFFF	#D3D3D3	1
957	#FFFFFF	#D3D3D3	1
958	#FFFFFF	#D3D3D3	1
959	#FFFFFF	#D3D3D3	1
960	#FFFFFF	#D3D3D3	4
961	#FFFFFF	#D3D3D3	4
962	#FFFFFF	#D3D3D3	4
963	#FFFFFF	#D3D3D3	1
964	#FFFFFF	#D3D3D3	1
965	#FFFFFF	#D3D3D3	1
966	#FFFFFF	#D3D3D3	1
967	#FFFFFF	#D3D3D3	28
968	#FFFFFF	#D3D3D3	28
969	#FFFFFF	#D3D3D3	28
970	#FFFFFF	#D3D3D3	28
971	#FFFFFF	#D3D3D3	28
972	#FFFFFF	#D3D3D3	28
973	#FFFFFF	#D3D3D3	1
974	#FFFFFF	#D3D3D3	1
975	#FFFFFF	#D3D3D3	1
976	#FFFFFF	#D3D3D3	1
977	#FFFFFF	#D3D3D3	1
978	#FFFFFF	#D3D3D3	327
979	#FFFFFF	#D3D3D3	1
980	#FFFFFF	#D3D3D3	28
981	#FFFFFF	#D3D3D3	28
982	#FFFFFF	#D3D3D3	28
983	#FFFFFF	#D3D3D3	28
984	#FFFFFF	#D3D3D3	4
985	#FFFFFF	#D3D3D3	28
986	#FFFFFF	#D3D3D3	28
987	#FFFFFF	#D3D3D3	28
988	#FFFFFF	#D3D3D3	28
989	#FFFFFF	#D3D3D3	28
990	#FFFFFF	#D3D3D3	28
991	#FFFFFF	#D3D3D3	1
992	#FFFFFF	#D3D3D3	89
993	#FFFFFF	#D3D3D3	1
994	#FFFFFF	#D3D3D3	1
995	#FFFFFF	#D3D3D3	1
996	#FFFFFF	#D3D3D3	1
997	#FFFFFF	#D3D3D3	1
998	#FFFFFF	#D3D3D3	1
999	#FFFFFF	#D3D3D3	1
1000	#FFFFFF	#D3D3D3	1
1001	#FFFFFF	#D3D3D3	1
1002	#FFFFFF	#D3D3D3	1
1003	#FFFFFF	#D3D3D3	1
1004	#FFFFFF	#D3D3D3	1
1005	#FFFFFF	#D3D3D3	54
1006	#FFFFFF	#D3D3D3	1
1007	#FFFFFF	#D3D3D3	1
1008	#FFFFFF	#D3D3D3	1
1009	#FFFFFF	#D3D3D3	1
1010	#FFFFFF	#D3D3D3	1
1011	#FFFFFF	#D3D3D3	4
1012	#FFFFFF	#D3D3D3	4
1013	#FFFFFF	#D3D3D3	1
1014	#FFFFFF	#D3D3D3	1
1015	#FFFFFF	#D3D3D3	1
1016	#FFFFFF	#D3D3D3	1
1017	#FFFFFF	#D3D3D3	1
1018	#FFFFFF	#D3D3D3	28
1019	#FFFFFF	#D3D3D3	28
1020	#FFFFFF	#D3D3D3	28
1021	#FFFFFF	#D3D3D3	28
1022	#FFFFFF	#D3D3D3	28
1023	#FFFFFF	#D3D3D3	1
1024	#FFFFFF	#D3D3D3	4
1025	#FFFFFF	#D3D3D3	1
1026	#FFFFFF	#D3D3D3	1
1027	#FFFFFF	#D3D3D3	1
1028	#FFFFFF	#D3D3D3	1
1029	#FFFFFF	#D3D3D3	327
1030	#FFFFFF	#D3D3D3	28
1031	#FFFFFF	#D3D3D3	28
1032	#FFFFFF	#D3D3D3	28
1033	#FFFFFF	#D3D3D3	28
1034	#FFFFFF	#D3D3D3	28
1035	#FFFFFF	#D3D3D3	4
1036	#FFFFFF	#D3D3D3	28
1037	#FFFFFF	#D3D3D3	28
1038	#FFFFFF	#D3D3D3	28
1039	#FFFFFF	#D3D3D3	28
1040	#FFFFFF	#D3D3D3	28
1041	#FFFFFF	#D3D3D3	28
1042	#FFFFFF	#D3D3D3	1
1043	#FFFFFF	#D3D3D3	89
1044	#FFFFFF	#D3D3D3	1
1045	#FFFFFF	#D3D3D3	89
1046	#FFFFFF	#D3D3D3	1
1047	#FFFFFF	#D3D3D3	1
1048	#FFFFFF	#D3D3D3	1
1049	#FFFFFF	#D3D3D3	1
1050	#FFFFFF	#D3D3D3	1
1051	#FFFFFF	#D3D3D3	1
1052	#FFFFFF	#D3D3D3	1
1053	#FFFFFF	#D3D3D3	1
1054	#FFFFFF	#D3D3D3	1
1055	#FFFFFF	#D3D3D3	54
1056	#FFFFFF	#D3D3D3	4
1057	#FFFFFF	#D3D3D3	1
1058	#FFFFFF	#D3D3D3	1
1059	#FFFFFF	#D3D3D3	1
1060	#FFFFFF	#D3D3D3	1
1061	#FFFFFF	#D3D3D3	4
1062	#FFFFFF	#D3D3D3	4
1063	#FFFFFF	#D3D3D3	4
1064	#FFFFFF	#D3D3D3	1
1065	#FFFFFF	#D3D3D3	1
1066	#FFFFFF	#D3D3D3	1
1067	#FFFFFF	#D3D3D3	1
1068	#FFFFFF	#D3D3D3	28
1069	#FFFFFF	#D3D3D3	28
1070	#FFFFFF	#D3D3D3	28
1071	#FFFFFF	#D3D3D3	28
1072	#FFFFFF	#D3D3D3	1
1073	#FFFFFF	#D3D3D3	1
1074	#FFFFFF	#D3D3D3	4
1075	#FFFFFF	#D3D3D3	1
1076	#FFFFFF	#D3D3D3	1
1077	#FFFFFF	#D3D3D3	1
1078	#FFFFFF	#D3D3D3	1
1079	#FFFFFF	#D3D3D3	327
1080	#FFFFFF	#D3D3D3	1
1081	#FFFFFF	#D3D3D3	28
1082	#FFFFFF	#D3D3D3	28
1083	#FFFFFF	#D3D3D3	28
1084	#FFFFFF	#D3D3D3	28
1085	#FFFFFF	#D3D3D3	1
1086	#FFFFFF	#D3D3D3	28
1087	#FFFFFF	#D3D3D3	28
1088	#FFFFFF	#D3D3D3	28
1089	#FFFFFF	#D3D3D3	28
1090	#FFFFFF	#D3D3D3	28
1091	#FFFFFF	#D3D3D3	28
1092	#FFFFFF	#D3D3D3	1
1093	#FFFFFF	#D3D3D3	89
1094	#FFFFFF	#D3D3D3	89
1095	#FFFFFF	#D3D3D3	89
1096	#FFFFFF	#D3D3D3	1
1097	#FFFFFF	#D3D3D3	89
1098	#FFFFFF	#D3D3D3	1
1099	#FFFFFF	#D3D3D3	1
1100	#FFFFFF	#D3D3D3	1
1101	#FFFFFF	#D3D3D3	1
1102	#FFFFFF	#D3D3D3	1
1103	#FFFFFF	#D3D3D3	1
1104	#FFFFFF	#D3D3D3	1
1105	#FFFFFF	#D3D3D3	1
1106	#FFFFFF	#D3D3D3	54
1107	#FFFFFF	#D3D3D3	4
1108	#FFFFFF	#D3D3D3	4
1109	#FFFFFF	#D3D3D3	4
1110	#FFFFFF	#D3D3D3	1
1111	#FFFFFF	#D3D3D3	1
1112	#FFFFFF	#D3D3D3	4
1113	#FFFFFF	#D3D3D3	4
1114	#FFFFFF	#D3D3D3	4
1115	#FFFFFF	#D3D3D3	1
1116	#FFFFFF	#D3D3D3	1
1117	#FFFFFF	#D3D3D3	1
1118	#FFFFFF	#D3D3D3	1
1119	#FFFFFF	#D3D3D3	1
1120	#FFFFFF	#D3D3D3	28
1121	#FFFFFF	#D3D3D3	28
1122	#FFFFFF	#D3D3D3	28
1123	#FFFFFF	#D3D3D3	1
1124	#FFFFFF	#D3D3D3	1
1125	#FFFFFF	#D3D3D3	4
1126	#FFFFFF	#D3D3D3	1
1127	#FFFFFF	#D3D3D3	1
1128	#FFFFFF	#D3D3D3	1
1129	#FFFFFF	#D3D3D3	1
1130	#FFFFFF	#D3D3D3	327
1131	#FFFFFF	#D3D3D3	1
1132	#FFFFFF	#D3D3D3	1
1133	#FFFFFF	#D3D3D3	28
1134	#FFFFFF	#D3D3D3	28
1135	#FFFFFF	#D3D3D3	28
1136	#FFFFFF	#D3D3D3	1
1137	#FFFFFF	#D3D3D3	28
1138	#FFFFFF	#D3D3D3	28
1139	#FFFFFF	#D3D3D3	28
1140	#FFFFFF	#D3D3D3	28
1141	#FFFFFF	#D3D3D3	28
1142	#FFFFFF	#D3D3D3	28
1143	#FFFFFF	#D3D3D3	1
1144	#FFFFFF	#D3D3D3	89
1145	#FFFFFF	#D3D3D3	89
1146	#FFFFFF	#D3D3D3	89
1147	#FFFFFF	#D3D3D3	4
1148	#FFFFFF	#D3D3D3	1
1149	#FFFFFF	#D3D3D3	1
1150	#FFFFFF	#D3D3D3	1
1151	#FFFFFF	#D3D3D3	1
1152	#FFFFFF	#D3D3D3	1
1153	#FFFFFF	#D3D3D3	1
1154	#FFFFFF	#D3D3D3	1
1155	#FFFFFF	#D3D3D3	1
1156	#FFFFFF	#D3D3D3	54
1157	#FFFFFF	#D3D3D3	4
1158	#FFFFFF	#D3D3D3	4
1159	#FFFFFF	#D3D3D3	1
1160	#FFFFFF	#D3D3D3	1
1161	#FFFFFF	#D3D3D3	1
1162	#FFFFFF	#D3D3D3	462
1163	#FFFFFF	#D3D3D3	4
1164	#FFFFFF	#D3D3D3	4
1165	#FFFFFF	#D3D3D3	4
1166	#FFFFFF	#D3D3D3	4
1167	#FFFFFF	#D3D3D3	4
1168	#FFFFFF	#D3D3D3	4
1169	#FFFFFF	#D3D3D3	4
1170	#FFFFFF	#D3D3D3	1
1171	#FFFFFF	#D3D3D3	1
1172	#FFFFFF	#D3D3D3	1
1173	#FFFFFF	#D3D3D3	1
1174	#FFFFFF	#D3D3D3	4
1175	#FFFFFF	#D3D3D3	4
1176	#FFFFFF	#D3D3D3	4
1177	#FFFFFF	#D3D3D3	4
1178	#FFFFFF	#D3D3D3	4
1179	#FFFFFF	#D3D3D3	4
1180	#FFFFFF	#D3D3D3	4
1181	#FFFFFF	#D3D3D3	1
1182	#FFFFFF	#D3D3D3	4
1183	#FFFFFF	#D3D3D3	4
1184	#FFFFFF	#D3D3D3	4
1185	#FFFFFF	#D3D3D3	4
1186	#FFFFFF	#D3D3D3	1
1187	#FFFFFF	#D3D3D3	4
1188	#FFFFFF	#D3D3D3	4
1189	#FFFFFF	#D3D3D3	4
1190	#FFFFFF	#D3D3D3	1
1191	#FFFFFF	#D3D3D3	1
1192	#FFFFFF	#D3D3D3	1
1193	#FFFFFF	#D3D3D3	1
1194	#FFFFFF	#D3D3D3	1
1195	#FFFFFF	#D3D3D3	1
1197	#FFFFFF	#D3D3D3	1
1208	#FFFFFF	#D3D3D3	1
1209	#FFFFFF	#D3D3D3	1
1210	#FFFFFF	#D3D3D3	4
1211	#FFFFFF	#D3D3D3	4
1212	#FFFFFF	#D3D3D3	4
1213	#FFFFFF	#D3D3D3	4
1214	#FFFFFF	#D3D3D3	4
1215	#FFFFFF	#D3D3D3	4
1216	#FFFFFF	#D3D3D3	4
1217	#FFFFFF	#D3D3D3	4
1218	#FFFFFF	#D3D3D3	4
1219	#FFFFFF	#D3D3D3	4
1220	#FFFFFF	#D3D3D3	1
1221	#FFFFFF	#D3D3D3	1
1222	#FFFFFF	#D3D3D3	1
1223	#FFFFFF	#D3D3D3	1
1224	#FFFFFF	#D3D3D3	1
1225	#FFFFFF	#D3D3D3	4
1226	#FFFFFF	#D3D3D3	1
1227	#FFFFFF	#D3D3D3	4
1228	#FFFFFF	#D3D3D3	4
1229	#FFFFFF	#D3D3D3	4
1230	#FFFFFF	#D3D3D3	4
1231	#FFFFFF	#D3D3D3	1
1232	#FFFFFF	#D3D3D3	1
1233	#FFFFFF	#D3D3D3	4
1234	#FFFFFF	#D3D3D3	4
1235	#FFFFFF	#D3D3D3	4
1236	#FFFFFF	#D3D3D3	4
1237	#FFFFFF	#D3D3D3	1
1238	#FFFFFF	#D3D3D3	4
1239	#FFFFFF	#D3D3D3	4
1240	#FFFFFF	#D3D3D3	1
1241	#FFFFFF	#D3D3D3	1
1242	#FFFFFF	#D3D3D3	1
1243	#FFFFFF	#D3D3D3	1
1244	#FFFFFF	#D3D3D3	1
1245	#FFFFFF	#D3D3D3	1
1246	#FFFFFF	#D3D3D3	1
1248	#FFFFFF	#D3D3D3	1
1258	#FFFFFF	#D3D3D3	1
1259	#FFFFFF	#D3D3D3	1
1260	#FFFFFF	#D3D3D3	4
1261	#FFFFFF	#D3D3D3	4
1262	#FFFFFF	#D3D3D3	4
1263	#FFFFFF	#D3D3D3	4
1264	#FFFFFF	#D3D3D3	4
1265	#FFFFFF	#D3D3D3	4
1266	#FFFFFF	#D3D3D3	1
1267	#FFFFFF	#D3D3D3	1
1268	#FFFFFF	#D3D3D3	1
1269	#FFFFFF	#D3D3D3	1
1270	#FFFFFF	#D3D3D3	1
1271	#FFFFFF	#D3D3D3	28
1272	#FFFFFF	#D3D3D3	28
1273	#FFFFFF	#D3D3D3	28
1274	#FFFFFF	#D3D3D3	1
1275	#FFFFFF	#D3D3D3	1
1276	#FFFFFF	#D3D3D3	4
1277	#FFFFFF	#D3D3D3	1
1278	#FFFFFF	#D3D3D3	1
1279	#FFFFFF	#D3D3D3	1
1280	#FFFFFF	#D3D3D3	1
1281	#FFFFFF	#D3D3D3	1
1282	#FFFFFF	#D3D3D3	327
1283	#FFFFFF	#D3D3D3	1
1284	#FFFFFF	#D3D3D3	1
1285	#FFFFFF	#D3D3D3	28
1286	#FFFFFF	#D3D3D3	28
1287	#FFFFFF	#D3D3D3	4
1288	#FFFFFF	#D3D3D3	28
1289	#FFFFFF	#D3D3D3	1
1290	#FFFFFF	#D3D3D3	28
1291	#FFFFFF	#D3D3D3	28
1292	#FFFFFF	#D3D3D3	1
1293	#FFFFFF	#D3D3D3	28
1294	#FFFFFF	#D3D3D3	1
1295	#FFFFFF	#D3D3D3	1
1296	#FFFFFF	#D3D3D3	89
1297	#FFFFFF	#D3D3D3	89
1298	#FFFFFF	#D3D3D3	4
1299	#FFFFFF	#D3D3D3	89
1300	#FFFFFF	#D3D3D3	1
1301	#FFFFFF	#D3D3D3	1
1302	#FFFFFF	#D3D3D3	1
1303	#FFFFFF	#D3D3D3	1
1304	#FFFFFF	#D3D3D3	1
1305	#FFFFFF	#D3D3D3	1
1306	#FFFFFF	#D3D3D3	1
1307	#FFFFFF	#D3D3D3	54
1308	#FFFFFF	#D3D3D3	1
1309	#FFFFFF	#D3D3D3	4
1310	#FFFFFF	#D3D3D3	4
1311	#FFFFFF	#D3D3D3	1
1312	#FFFFFF	#D3D3D3	1
1313	#FFFFFF	#D3D3D3	1
1314	#FFFFFF	#D3D3D3	4
1315	#FFFFFF	#D3D3D3	4
1316	#FFFFFF	#D3D3D3	4
1317	#FFFFFF	#D3D3D3	1
1318	#FFFFFF	#D3D3D3	1
1319	#FFFFFF	#D3D3D3	1
1320	#FFFFFF	#D3D3D3	1
1321	#FFFFFF	#D3D3D3	1
1322	#FFFFFF	#D3D3D3	1
1323	#FFFFFF	#D3D3D3	28
1324	#FFFFFF	#D3D3D3	1
1325	#FFFFFF	#D3D3D3	1
1326	#FFFFFF	#D3D3D3	1
1327	#FFFFFF	#D3D3D3	4
1328	#FFFFFF	#D3D3D3	1
1329	#FFFFFF	#D3D3D3	1
1330	#FFFFFF	#D3D3D3	1
1331	#FFFFFF	#D3D3D3	1
1332	#FFFFFF	#D3D3D3	327
1333	#FFFFFF	#D3D3D3	1
1334	#FFFFFF	#D3D3D3	1
1335	#FFFFFF	#D3D3D3	1
1336	#FFFFFF	#D3D3D3	1
1337	#FFFFFF	#D3D3D3	1
1338	#FFFFFF	#D3D3D3	4
1339	#FFFFFF	#D3D3D3	1
1340	#FFFFFF	#D3D3D3	1
1341	#FFFFFF	#D3D3D3	1
1342	#FFFFFF	#D3D3D3	1
1343	#FFFFFF	#D3D3D3	1
1344	#FFFFFF	#D3D3D3	1
1345	#FFFFFF	#D3D3D3	1
1346	#FFFFFF	#D3D3D3	89
1347	#FFFFFF	#D3D3D3	89
1348	#FFFFFF	#D3D3D3	89
1349	#FFFFFF	#D3D3D3	4
1350	#FFFFFF	#D3D3D3	1
1351	#FFFFFF	#D3D3D3	1
1352	#FFFFFF	#D3D3D3	1
1353	#FFFFFF	#D3D3D3	1
1354	#FFFFFF	#D3D3D3	1
1355	#FFFFFF	#D3D3D3	1
1356	#FFFFFF	#D3D3D3	1
1357	#FFFFFF	#D3D3D3	54
1358	#FFFFFF	#D3D3D3	1
1359	#FFFFFF	#D3D3D3	4
1360	#FFFFFF	#D3D3D3	4
1361	#FFFFFF	#D3D3D3	1
1362	#FFFFFF	#D3D3D3	1
1363	#FFFFFF	#D3D3D3	1
1364	#FFFFFF	#D3D3D3	4
1365	#FFFFFF	#D3D3D3	4
1366	#FFFFFF	#D3D3D3	4
1367	#FFFFFF	#D3D3D3	1
1368	#FFFFFF	#D3D3D3	1
1369	#FFFFFF	#D3D3D3	1
1370	#FFFFFF	#D3D3D3	1
1371	#FFFFFF	#D3D3D3	1
1372	#FFFFFF	#D3D3D3	1
1373	#FFFFFF	#D3D3D3	1
1374	#FFFFFF	#D3D3D3	28
1375	#FFFFFF	#D3D3D3	28
1376	#FFFFFF	#D3D3D3	1
1377	#FFFFFF	#D3D3D3	4
1378	#FFFFFF	#D3D3D3	211
1379	#FFFFFF	#D3D3D3	1
1380	#FFFFFF	#D3D3D3	1
1381	#FFFFFF	#D3D3D3	1
1382	#FFFFFF	#D3D3D3	1
1383	#FFFFFF	#D3D3D3	327
1384	#FFFFFF	#D3D3D3	327
1385	#FFFFFF	#D3D3D3	1
1386	#FFFFFF	#D3D3D3	1
1387	#FFFFFF	#D3D3D3	1
1388	#FFFFFF	#D3D3D3	4
1389	#FFFFFF	#D3D3D3	1
1390	#FFFFFF	#D3D3D3	1
1391	#FFFFFF	#D3D3D3	1
1392	#FFFFFF	#D3D3D3	1
1393	#FFFFFF	#D3D3D3	1
1394	#FFFFFF	#D3D3D3	1
1395	#FFFFFF	#D3D3D3	1
1396	#FFFFFF	#D3D3D3	1
1397	#FFFFFF	#D3D3D3	89
1398	#FFFFFF	#D3D3D3	1
1399	#FFFFFF	#D3D3D3	4
1400	#FFFFFF	#D3D3D3	89
1401	#FFFFFF	#D3D3D3	1
1402	#FFFFFF	#D3D3D3	54
1403	#FFFFFF	#D3D3D3	1
1404	#FFFFFF	#D3D3D3	1
1405	#FFFFFF	#D3D3D3	1
1406	#FFFFFF	#D3D3D3	1
1407	#FFFFFF	#D3D3D3	1
1408	#FFFFFF	#D3D3D3	1
1409	#FFFFFF	#D3D3D3	1
1410	#FFFFFF	#D3D3D3	4
1411	#FFFFFF	#D3D3D3	4
1412	#FFFFFF	#D3D3D3	1
1413	#FFFFFF	#D3D3D3	4
1414	#FFFFFF	#D3D3D3	1
1415	#FFFFFF	#D3D3D3	4
1416	#FFFFFF	#D3D3D3	4
1417	#FFFFFF	#D3D3D3	4
1418	#FFFFFF	#D3D3D3	1
1419	#FFFFFF	#D3D3D3	1
1420	#FFFFFF	#D3D3D3	1
1421	#FFFFFF	#D3D3D3	1
1422	#FFFFFF	#D3D3D3	1
1423	#FFFFFF	#D3D3D3	1
1424	#FFFFFF	#D3D3D3	28
1425	#FFFFFF	#D3D3D3	28
1426	#FFFFFF	#D3D3D3	1
1427	#FFFFFF	#D3D3D3	211
1428	#FFFFFF	#D3D3D3	4
1429	#FFFFFF	#D3D3D3	211
1430	#FFFFFF	#D3D3D3	1
1431	#FFFFFF	#D3D3D3	1
1432	#FFFFFF	#D3D3D3	1
1433	#FFFFFF	#D3D3D3	327
1434	#FFFFFF	#D3D3D3	327
1435	#FFFFFF	#D3D3D3	327
1436	#FFFFFF	#D3D3D3	1
1437	#FFFFFF	#D3D3D3	1
1438	#FFFFFF	#D3D3D3	1
1439	#FFFFFF	#D3D3D3	4
1440	#FFFFFF	#D3D3D3	1
1441	#FFFFFF	#D3D3D3	1
1442	#FFFFFF	#D3D3D3	1
1443	#FFFFFF	#D3D3D3	1
1444	#FFFFFF	#D3D3D3	1
1445	#FFFFFF	#D3D3D3	1
1446	#FFFFFF	#D3D3D3	1
1447	#FFFFFF	#D3D3D3	1
1448	#FFFFFF	#D3D3D3	1
1449	#FFFFFF	#D3D3D3	1
1450	#FFFFFF	#D3D3D3	4
1451	#FFFFFF	#D3D3D3	1
1452	#FFFFFF	#D3D3D3	1
1453	#FFFFFF	#D3D3D3	54
1454	#FFFFFF	#D3D3D3	54
1455	#FFFFFF	#D3D3D3	1
1456	#FFFFFF	#D3D3D3	1
1457	#FFFFFF	#D3D3D3	1
1458	#FFFFFF	#D3D3D3	1
1459	#FFFFFF	#D3D3D3	1
1460	#FFFFFF	#D3D3D3	4
1461	#FFFFFF	#D3D3D3	1
1462	#FFFFFF	#D3D3D3	4
1463	#FFFFFF	#D3D3D3	1
1464	#FFFFFF	#D3D3D3	4
1465	#FFFFFF	#D3D3D3	4
1466	#FFFFFF	#D3D3D3	4
1467	#FFFFFF	#D3D3D3	4
1468	#FFFFFF	#D3D3D3	1
1469	#FFFFFF	#D3D3D3	1
1470	#FFFFFF	#D3D3D3	1
1471	#FFFFFF	#D3D3D3	1
1472	#FFFFFF	#D3D3D3	1
1473	#FFFFFF	#D3D3D3	1
1474	#FFFFFF	#D3D3D3	1
1475	#FFFFFF	#D3D3D3	1
1476	#FFFFFF	#D3D3D3	1
1477	#FFFFFF	#D3D3D3	211
1478	#FFFFFF	#D3D3D3	4
1479	#FFFFFF	#D3D3D3	211
1480	#FFFFFF	#D3D3D3	211
1481	#FFFFFF	#D3D3D3	1
1482	#FFFFFF	#D3D3D3	1
1483	#FFFFFF	#D3D3D3	327
1484	#FFFFFF	#D3D3D3	1
1485	#FFFFFF	#D3D3D3	1
1486	#FFFFFF	#D3D3D3	327
1487	#FFFFFF	#D3D3D3	1
1488	#FFFFFF	#D3D3D3	1
1489	#FFFFFF	#D3D3D3	4
1490	#FFFFFF	#D3D3D3	1
1491	#FFFFFF	#D3D3D3	1
1492	#FFFFFF	#D3D3D3	1
1493	#FFFFFF	#D3D3D3	1
1494	#FFFFFF	#D3D3D3	1
1495	#FFFFFF	#D3D3D3	1
1496	#FFFFFF	#D3D3D3	1
1497	#FFFFFF	#D3D3D3	1
1498	#FFFFFF	#D3D3D3	1
1499	#FFFFFF	#D3D3D3	1
1500	#FFFFFF	#D3D3D3	4
1501	#FFFFFF	#D3D3D3	1
1502	#FFFFFF	#D3D3D3	1
1503	#FFFFFF	#D3D3D3	54
1504	#FFFFFF	#D3D3D3	54
1505	#FFFFFF	#D3D3D3	54
1506	#FFFFFF	#D3D3D3	1
1507	#FFFFFF	#D3D3D3	1
1508	#FFFFFF	#D3D3D3	54
1509	#FFFFFF	#D3D3D3	1
1510	#FFFFFF	#D3D3D3	1
1511	#FFFFFF	#D3D3D3	4
1512	#FFFFFF	#D3D3D3	4
1513	#FFFFFF	#D3D3D3	4
1514	#FFFFFF	#D3D3D3	4
1515	#FFFFFF	#D3D3D3	4
1516	#FFFFFF	#D3D3D3	4
1517	#FFFFFF	#D3D3D3	4
1518	#FFFFFF	#D3D3D3	4
1519	#FFFFFF	#D3D3D3	1
1520	#FFFFFF	#D3D3D3	1
1521	#FFFFFF	#D3D3D3	1
1522	#FFFFFF	#D3D3D3	1
1523	#FFFFFF	#D3D3D3	1
1524	#FFFFFF	#D3D3D3	1
1525	#FFFFFF	#D3D3D3	1
1526	#FFFFFF	#D3D3D3	1
1527	#FFFFFF	#D3D3D3	211
1528	#FFFFFF	#D3D3D3	211
1529	#FFFFFF	#D3D3D3	4
1530	#FFFFFF	#D3D3D3	211
1531	#FFFFFF	#D3D3D3	211
1532	#FFFFFF	#D3D3D3	1
1533	#FFFFFF	#D3D3D3	1
1534	#FFFFFF	#D3D3D3	327
1535	#FFFFFF	#D3D3D3	1
1536	#FFFFFF	#D3D3D3	327
1537	#FFFFFF	#D3D3D3	1
1538	#FFFFFF	#D3D3D3	1
1539	#FFFFFF	#D3D3D3	1
1540	#FFFFFF	#D3D3D3	4
1541	#FFFFFF	#D3D3D3	1
1542	#FFFFFF	#D3D3D3	1
1543	#FFFFFF	#D3D3D3	1
1544	#FFFFFF	#D3D3D3	1
1545	#FFFFFF	#D3D3D3	1
1546	#FFFFFF	#D3D3D3	1
1547	#FFFFFF	#D3D3D3	1
1548	#FFFFFF	#D3D3D3	1
1549	#FFFFFF	#D3D3D3	1
1550	#FFFFFF	#D3D3D3	1
1551	#FFFFFF	#D3D3D3	4
1552	#FFFFFF	#D3D3D3	1
1553	#FFFFFF	#D3D3D3	1
1554	#FFFFFF	#D3D3D3	54
1555	#FFFFFF	#D3D3D3	54
1556	#FFFFFF	#D3D3D3	54
1557	#FFFFFF	#D3D3D3	1
1558	#FFFFFF	#D3D3D3	1
1559	#FFFFFF	#D3D3D3	54
1560	#FFFFFF	#D3D3D3	54
1561	#FFFFFF	#D3D3D3	4
1562	#FFFFFF	#D3D3D3	4
1563	#FFFFFF	#D3D3D3	4
1564	#FFFFFF	#D3D3D3	4
1565	#FFFFFF	#D3D3D3	4
1566	#FFFFFF	#D3D3D3	1
1567	#FFFFFF	#D3D3D3	4
1568	#FFFFFF	#D3D3D3	1
1569	#FFFFFF	#D3D3D3	1
1570	#FFFFFF	#D3D3D3	1
1571	#FFFFFF	#D3D3D3	1
1572	#FFFFFF	#D3D3D3	1
1573	#FFFFFF	#D3D3D3	1
1574	#FFFFFF	#D3D3D3	1
1575	#FFFFFF	#D3D3D3	1
1576	#FFFFFF	#D3D3D3	1
1577	#FFFFFF	#D3D3D3	1
1578	#FFFFFF	#D3D3D3	211
1579	#FFFFFF	#D3D3D3	1
1580	#FFFFFF	#D3D3D3	211
1581	#FFFFFF	#D3D3D3	211
1582	#FFFFFF	#D3D3D3	1
1583	#FFFFFF	#D3D3D3	1
1584	#FFFFFF	#D3D3D3	1
1585	#FFFFFF	#D3D3D3	1
1586	#FFFFFF	#D3D3D3	1
1587	#FFFFFF	#D3D3D3	1
1588	#FFFFFF	#D3D3D3	1
1589	#FFFFFF	#D3D3D3	1
1590	#FFFFFF	#D3D3D3	1
1591	#FFFFFF	#D3D3D3	1
1592	#FFFFFF	#D3D3D3	1
1593	#FFFFFF	#D3D3D3	1
1594	#FFFFFF	#D3D3D3	1
1595	#FFFFFF	#D3D3D3	1
1596	#FFFFFF	#D3D3D3	1
1597	#FFFFFF	#D3D3D3	1
1598	#FFFFFF	#D3D3D3	1
1599	#FFFFFF	#D3D3D3	1
1600	#FFFFFF	#D3D3D3	1
1601	#FFFFFF	#D3D3D3	4
1602	#FFFFFF	#D3D3D3	1
1603	#FFFFFF	#D3D3D3	1
1604	#FFFFFF	#D3D3D3	54
1605	#FFFFFF	#D3D3D3	54
1606	#FFFFFF	#D3D3D3	54
1607	#FFFFFF	#D3D3D3	54
1608	#FFFFFF	#D3D3D3	54
1609	#FFFFFF	#D3D3D3	54
1610	#FFFFFF	#D3D3D3	54
1611	#FFFFFF	#D3D3D3	54
1612	#FFFFFF	#D3D3D3	4
1613	#FFFFFF	#D3D3D3	4
1614	#FFFFFF	#D3D3D3	4
1615	#FFFFFF	#D3D3D3	1
1616	#FFFFFF	#D3D3D3	4
1617	#FFFFFF	#D3D3D3	1
1618	#FFFFFF	#D3D3D3	1
1619	#FFFFFF	#D3D3D3	1
1620	#FFFFFF	#D3D3D3	1
1621	#FFFFFF	#D3D3D3	1
1622	#FFFFFF	#D3D3D3	1
1623	#FFFFFF	#D3D3D3	1
1624	#FFFFFF	#D3D3D3	1
1625	#FFFFFF	#D3D3D3	1
1626	#FFFFFF	#D3D3D3	1
1627	#FFFFFF	#D3D3D3	211
1628	#FFFFFF	#D3D3D3	211
1629	#FFFFFF	#D3D3D3	1
1630	#FFFFFF	#D3D3D3	1
1631	#FFFFFF	#D3D3D3	211
1632	#FFFFFF	#D3D3D3	211
1633	#FFFFFF	#D3D3D3	1
1634	#FFFFFF	#D3D3D3	1
1635	#FFFFFF	#D3D3D3	1
1636	#FFFFFF	#D3D3D3	1
1637	#FFFFFF	#D3D3D3	217
1638	#FFFFFF	#D3D3D3	1
1639	#FFFFFF	#D3D3D3	1
1640	#FFFFFF	#D3D3D3	1
1641	#FFFFFF	#D3D3D3	4
1642	#FFFFFF	#D3D3D3	1
1643	#FFFFFF	#D3D3D3	1
1644	#FFFFFF	#D3D3D3	1
1645	#FFFFFF	#D3D3D3	1
1646	#FFFFFF	#D3D3D3	1
1647	#FFFFFF	#D3D3D3	1
1648	#FFFFFF	#D3D3D3	1
1649	#FFFFFF	#D3D3D3	1
1650	#FFFFFF	#D3D3D3	1
1651	#FFFFFF	#D3D3D3	1
1652	#FFFFFF	#D3D3D3	4
1653	#FFFFFF	#D3D3D3	1
1654	#FFFFFF	#D3D3D3	1
1655	#FFFFFF	#D3D3D3	1
1656	#FFFFFF	#D3D3D3	54
1657	#FFFFFF	#D3D3D3	54
1658	#FFFFFF	#D3D3D3	54
1659	#FFFFFF	#D3D3D3	54
1660	#FFFFFF	#D3D3D3	54
1661	#FFFFFF	#D3D3D3	54
1662	#FFFFFF	#D3D3D3	4
1663	#FFFFFF	#D3D3D3	4
1664	#FFFFFF	#D3D3D3	1
1665	#FFFFFF	#D3D3D3	4
1666	#FFFFFF	#D3D3D3	1
1667	#FFFFFF	#D3D3D3	1
1668	#FFFFFF	#D3D3D3	1
1669	#FFFFFF	#D3D3D3	1
1670	#FFFFFF	#D3D3D3	1
1671	#FFFFFF	#D3D3D3	1
1672	#FFFFFF	#D3D3D3	1
1673	#FFFFFF	#D3D3D3	1
1674	#FFFFFF	#D3D3D3	1
1675	#FFFFFF	#D3D3D3	1
1676	#FFFFFF	#D3D3D3	1
1677	#FFFFFF	#D3D3D3	1
1678	#FFFFFF	#D3D3D3	211
1679	#FFFFFF	#D3D3D3	1
1680	#FFFFFF	#D3D3D3	1
1681	#FFFFFF	#D3D3D3	1
1682	#FFFFFF	#D3D3D3	211
1683	#FFFFFF	#D3D3D3	211
1684	#FFFFFF	#D3D3D3	1
1685	#FFFFFF	#D3D3D3	1
1686	#FFFFFF	#D3D3D3	1
1687	#FFFFFF	#D3D3D3	1
1688	#FFFFFF	#D3D3D3	217
1689	#FFFFFF	#D3D3D3	1
1690	#FFFFFF	#D3D3D3	1
1691	#FFFFFF	#D3D3D3	4
1692	#FFFFFF	#D3D3D3	1
1693	#FFFFFF	#D3D3D3	1
1694	#FFFFFF	#D3D3D3	1
1695	#FFFFFF	#D3D3D3	1
1696	#FFFFFF	#D3D3D3	1
1697	#FFFFFF	#D3D3D3	1
1698	#FFFFFF	#D3D3D3	1
1699	#FFFFFF	#D3D3D3	1
1700	#FFFFFF	#D3D3D3	1
1701	#FFFFFF	#D3D3D3	1
1702	#FFFFFF	#D3D3D3	1
1703	#FFFFFF	#D3D3D3	1
1704	#FFFFFF	#D3D3D3	1
1705	#FFFFFF	#D3D3D3	1
1706	#FFFFFF	#D3D3D3	1
1707	#FFFFFF	#D3D3D3	54
1708	#FFFFFF	#D3D3D3	54
1709	#FFFFFF	#D3D3D3	54
1710	#FFFFFF	#D3D3D3	54
1711	#FFFFFF	#D3D3D3	215
1712	#FFFFFF	#D3D3D3	54
1713	#FFFFFF	#D3D3D3	4
1714	#FFFFFF	#D3D3D3	4
1715	#FFFFFF	#D3D3D3	4
1716	#FFFFFF	#D3D3D3	1
1717	#FFFFFF	#D3D3D3	1
1718	#FFFFFF	#D3D3D3	1
1719	#FFFFFF	#D3D3D3	1
1720	#FFFFFF	#D3D3D3	1
1721	#FFFFFF	#D3D3D3	1
1722	#FFFFFF	#D3D3D3	1
1723	#FFFFFF	#D3D3D3	1
1724	#FFFFFF	#D3D3D3	1
1725	#FFFFFF	#D3D3D3	1
1726	#FFFFFF	#D3D3D3	211
1727	#FFFFFF	#D3D3D3	1
1728	#FFFFFF	#D3D3D3	211
1729	#FFFFFF	#D3D3D3	1
1730	#FFFFFF	#D3D3D3	1
1731	#FFFFFF	#D3D3D3	1
1732	#FFFFFF	#D3D3D3	1
1733	#FFFFFF	#D3D3D3	1
1734	#FFFFFF	#D3D3D3	1
1735	#FFFFFF	#D3D3D3	375
1736	#FFFFFF	#D3D3D3	1
1737	#FFFFFF	#D3D3D3	1
1738	#FFFFFF	#D3D3D3	1
1739	#FFFFFF	#D3D3D3	217
1740	#FFFFFF	#D3D3D3	1
1741	#FFFFFF	#D3D3D3	1
1742	#FFFFFF	#D3D3D3	1
1743	#FFFFFF	#D3D3D3	1
1744	#FFFFFF	#D3D3D3	1
1745	#FFFFFF	#D3D3D3	1
1746	#FFFFFF	#D3D3D3	1
1747	#FFFFFF	#D3D3D3	1
1748	#FFFFFF	#D3D3D3	1
1749	#FFFFFF	#D3D3D3	1
1750	#FFFFFF	#D3D3D3	1
1751	#FFFFFF	#D3D3D3	1
1752	#FFFFFF	#D3D3D3	1
1753	#FFFFFF	#D3D3D3	1
1754	#FFFFFF	#D3D3D3	1
1755	#FFFFFF	#D3D3D3	1
1756	#FFFFFF	#D3D3D3	1
1757	#FFFFFF	#D3D3D3	1
1758	#FFFFFF	#D3D3D3	54
1759	#FFFFFF	#D3D3D3	54
1760	#FFFFFF	#D3D3D3	54
1761	#FFFFFF	#D3D3D3	54
1762	#FFFFFF	#D3D3D3	215
1763	#FFFFFF	#D3D3D3	4
1764	#FFFFFF	#D3D3D3	4
1765	#FFFFFF	#D3D3D3	1
1766	#FFFFFF	#D3D3D3	1
1767	#FFFFFF	#D3D3D3	1
1768	#FFFFFF	#D3D3D3	1
1769	#FFFFFF	#D3D3D3	1
1770	#FFFFFF	#D3D3D3	1
1771	#FFFFFF	#D3D3D3	1
1772	#FFFFFF	#D3D3D3	1
1773	#FFFFFF	#D3D3D3	1
1774	#FFFFFF	#D3D3D3	1
1775	#FFFFFF	#D3D3D3	1
1776	#FFFFFF	#D3D3D3	1
1777	#FFFFFF	#D3D3D3	211
1778	#FFFFFF	#D3D3D3	211
1779	#FFFFFF	#D3D3D3	211
1780	#FFFFFF	#D3D3D3	1
1781	#FFFFFF	#D3D3D3	1
1782	#FFFFFF	#D3D3D3	1
1783	#FFFFFF	#D3D3D3	375
1784	#FFFFFF	#D3D3D3	1
1785	#FFFFFF	#D3D3D3	375
1786	#FFFFFF	#D3D3D3	375
1787	#FFFFFF	#D3D3D3	1
1788	#FFFFFF	#D3D3D3	1
1789	#FFFFFF	#D3D3D3	217
1790	#FFFFFF	#D3D3D3	1
1791	#FFFFFF	#D3D3D3	1
1792	#FFFFFF	#D3D3D3	1
1793	#FFFFFF	#D3D3D3	1
1794	#FFFFFF	#D3D3D3	1
1795	#FFFFFF	#D3D3D3	1
1796	#FFFFFF	#D3D3D3	1
1797	#FFFFFF	#D3D3D3	1
1798	#FFFFFF	#D3D3D3	1
1799	#FFFFFF	#D3D3D3	1
1800	#FFFFFF	#D3D3D3	1
1801	#FFFFFF	#D3D3D3	1
1802	#FFFFFF	#D3D3D3	1
1803	#FFFFFF	#D3D3D3	1
1804	#FFFFFF	#D3D3D3	1
1805	#FFFFFF	#D3D3D3	1
1806	#FFFFFF	#D3D3D3	1
1807	#FFFFFF	#D3D3D3	1
1808	#FFFFFF	#D3D3D3	54
1809	#FFFFFF	#D3D3D3	54
1810	#FFFFFF	#D3D3D3	54
1811	#FFFFFF	#D3D3D3	54
1812	#FFFFFF	#D3D3D3	54
1813	#FFFFFF	#D3D3D3	215
1814	#FFFFFF	#D3D3D3	4
1815	#FFFFFF	#D3D3D3	4
1816	#FFFFFF	#D3D3D3	4
1817	#FFFFFF	#D3D3D3	1
1818	#FFFFFF	#D3D3D3	1
1819	#FFFFFF	#D3D3D3	1
1820	#FFFFFF	#D3D3D3	1
1821	#FFFFFF	#D3D3D3	1
1822	#FFFFFF	#D3D3D3	1
1823	#FFFFFF	#D3D3D3	1
1824	#FFFFFF	#D3D3D3	1
1825	#FFFFFF	#D3D3D3	1
1826	#FFFFFF	#D3D3D3	1
1827	#FFFFFF	#D3D3D3	1
1828	#FFFFFF	#D3D3D3	211
1829	#FFFFFF	#D3D3D3	211
1830	#FFFFFF	#D3D3D3	1
1831	#FFFFFF	#D3D3D3	1
1832	#FFFFFF	#D3D3D3	1
1833	#FFFFFF	#D3D3D3	375
1834	#FFFFFF	#D3D3D3	375
1835	#FFFFFF	#D3D3D3	375
1836	#FFFFFF	#D3D3D3	375
1837	#FFFFFF	#D3D3D3	1
1838	#FFFFFF	#D3D3D3	1
1839	#FFFFFF	#D3D3D3	1
1840	#FFFFFF	#D3D3D3	217
1841	#FFFFFF	#D3D3D3	217
1842	#FFFFFF	#D3D3D3	1
1843	#FFFFFF	#D3D3D3	4
1844	#FFFFFF	#D3D3D3	1
1845	#FFFFFF	#D3D3D3	1
1846	#FFFFFF	#D3D3D3	1
1847	#FFFFFF	#D3D3D3	1
1848	#FFFFFF	#D3D3D3	1
1849	#FFFFFF	#D3D3D3	1
1850	#FFFFFF	#D3D3D3	1
1851	#FFFFFF	#D3D3D3	1
1852	#FFFFFF	#D3D3D3	1
1853	#FFFFFF	#D3D3D3	1
1854	#FFFFFF	#D3D3D3	1
1855	#FFFFFF	#D3D3D3	1
1856	#FFFFFF	#D3D3D3	1
1857	#FFFFFF	#D3D3D3	1
1858	#FFFFFF	#D3D3D3	1
1859	#FFFFFF	#D3D3D3	54
1860	#FFFFFF	#D3D3D3	54
1861	#FFFFFF	#D3D3D3	54
1862	#FFFFFF	#D3D3D3	54
1863	#FFFFFF	#D3D3D3	215
1864	#FFFFFF	#D3D3D3	4
1865	#FFFFFF	#D3D3D3	4
1866	#FFFFFF	#D3D3D3	4
1867	#FFFFFF	#D3D3D3	1
1868	#FFFFFF	#D3D3D3	1
1869	#FFFFFF	#D3D3D3	1
1870	#FFFFFF	#D3D3D3	1
1871	#FFFFFF	#D3D3D3	1
1872	#FFFFFF	#D3D3D3	1
1873	#FFFFFF	#D3D3D3	1
1874	#FFFFFF	#D3D3D3	1
1875	#FFFFFF	#D3D3D3	1
1876	#FFFFFF	#D3D3D3	1
1877	#FFFFFF	#D3D3D3	1
1878	#FFFFFF	#D3D3D3	1
1879	#FFFFFF	#D3D3D3	211
1880	#FFFFFF	#D3D3D3	211
1881	#FFFFFF	#D3D3D3	1
1882	#FFFFFF	#D3D3D3	1
1883	#FFFFFF	#D3D3D3	1
1884	#FFFFFF	#D3D3D3	1
1885	#FFFFFF	#D3D3D3	375
1886	#FFFFFF	#D3D3D3	375
1887	#FFFFFF	#D3D3D3	1
1888	#FFFFFF	#D3D3D3	1
1889	#FFFFFF	#D3D3D3	217
1890	#FFFFFF	#D3D3D3	217
1891	#FFFFFF	#D3D3D3	217
1892	#FFFFFF	#D3D3D3	1
1893	#FFFFFF	#D3D3D3	1
1894	#FFFFFF	#D3D3D3	206
1895	#FFFFFF	#D3D3D3	1
1896	#FFFFFF	#D3D3D3	1
1897	#FFFFFF	#D3D3D3	1
1898	#FFFFFF	#D3D3D3	1
1899	#FFFFFF	#D3D3D3	1
1900	#FFFFFF	#D3D3D3	1
1901	#FFFFFF	#D3D3D3	1
1902	#FFFFFF	#D3D3D3	1
1903	#FFFFFF	#D3D3D3	1
1904	#FFFFFF	#D3D3D3	4
1905	#FFFFFF	#D3D3D3	1
1906	#FFFFFF	#D3D3D3	1
1907	#FFFFFF	#D3D3D3	1
1908	#FFFFFF	#D3D3D3	1
1909	#FFFFFF	#D3D3D3	54
1910	#FFFFFF	#D3D3D3	54
1911	#FFFFFF	#D3D3D3	54
1912	#FFFFFF	#D3D3D3	54
1913	#FFFFFF	#D3D3D3	54
1914	#FFFFFF	#D3D3D3	215
1915	#FFFFFF	#D3D3D3	4
1916	#FFFFFF	#D3D3D3	4
1917	#FFFFFF	#D3D3D3	4
1918	#FFFFFF	#D3D3D3	1
1919	#FFFFFF	#D3D3D3	1
1920	#FFFFFF	#D3D3D3	1
1921	#FFFFFF	#D3D3D3	1
1922	#FFFFFF	#D3D3D3	1
1923	#FFFFFF	#D3D3D3	1
1924	#FFFFFF	#D3D3D3	1
1925	#FFFFFF	#D3D3D3	1
1926	#FFFFFF	#D3D3D3	1
1927	#FFFFFF	#D3D3D3	211
1928	#FFFFFF	#D3D3D3	211
1929	#FFFFFF	#D3D3D3	211
1930	#FFFFFF	#D3D3D3	211
1931	#FFFFFF	#D3D3D3	1
1932	#FFFFFF	#D3D3D3	1
1933	#FFFFFF	#D3D3D3	1
1934	#FFFFFF	#D3D3D3	1
1935	#FFFFFF	#D3D3D3	1
1936	#FFFFFF	#D3D3D3	375
1937	#FFFFFF	#D3D3D3	375
1938	#FFFFFF	#D3D3D3	375
1939	#FFFFFF	#D3D3D3	1
1940	#FFFFFF	#D3D3D3	217
1941	#FFFFFF	#D3D3D3	217
1942	#FFFFFF	#D3D3D3	1
1943	#FFFFFF	#D3D3D3	206
1944	#FFFFFF	#D3D3D3	1
1945	#FFFFFF	#D3D3D3	206
1946	#FFFFFF	#D3D3D3	1
1947	#FFFFFF	#D3D3D3	1
1948	#FFFFFF	#D3D3D3	1
1949	#FFFFFF	#D3D3D3	1
1950	#FFFFFF	#D3D3D3	1
1951	#FFFFFF	#D3D3D3	1
1952	#FFFFFF	#D3D3D3	1
1953	#FFFFFF	#D3D3D3	1
1954	#FFFFFF	#D3D3D3	1
1955	#FFFFFF	#D3D3D3	4
1956	#FFFFFF	#D3D3D3	1
1957	#FFFFFF	#D3D3D3	1
1958	#FFFFFF	#D3D3D3	1
1959	#FFFFFF	#D3D3D3	1
1960	#FFFFFF	#D3D3D3	54
1961	#FFFFFF	#D3D3D3	54
1962	#FFFFFF	#D3D3D3	54
1963	#FFFFFF	#D3D3D3	54
1964	#FFFFFF	#D3D3D3	215
1965	#FFFFFF	#D3D3D3	1
1966	#FFFFFF	#D3D3D3	4
1967	#FFFFFF	#D3D3D3	4
1968	#FFFFFF	#D3D3D3	1
1969	#FFFFFF	#D3D3D3	1
1970	#FFFFFF	#D3D3D3	1
1971	#FFFFFF	#D3D3D3	1
1972	#FFFFFF	#D3D3D3	1
1973	#FFFFFF	#D3D3D3	1
1974	#FFFFFF	#D3D3D3	1
1975	#FFFFFF	#D3D3D3	1
1976	#FFFFFF	#D3D3D3	1
1977	#FFFFFF	#D3D3D3	1
1978	#FFFFFF	#D3D3D3	211
1979	#FFFFFF	#D3D3D3	211
1980	#FFFFFF	#D3D3D3	211
1981	#FFFFFF	#D3D3D3	1
1982	#FFFFFF	#D3D3D3	1
1983	#FFFFFF	#D3D3D3	1
1984	#FFFFFF	#D3D3D3	1
1985	#FFFFFF	#D3D3D3	1
1986	#FFFFFF	#D3D3D3	375
1987	#FFFFFF	#D3D3D3	375
1988	#FFFFFF	#D3D3D3	375
1989	#FFFFFF	#D3D3D3	375
1990	#FFFFFF	#D3D3D3	1
1991	#FFFFFF	#D3D3D3	217
1992	#FFFFFF	#D3D3D3	1
1993	#FFFFFF	#D3D3D3	1
1994	#FFFFFF	#D3D3D3	1
1995	#FFFFFF	#D3D3D3	206
1996	#FFFFFF	#D3D3D3	1
1997	#FFFFFF	#D3D3D3	1
1998	#FFFFFF	#D3D3D3	1
1999	#FFFFFF	#D3D3D3	1
2000	#FFFFFF	#D3D3D3	1
2001	#FFFFFF	#D3D3D3	1
2002	#FFFFFF	#D3D3D3	1
2003	#FFFFFF	#D3D3D3	218
2004	#FFFFFF	#D3D3D3	218
2005	#FFFFFF	#D3D3D3	1
2006	#FFFFFF	#D3D3D3	1
2007	#FFFFFF	#D3D3D3	1
2008	#FFFFFF	#D3D3D3	1
2009	#FFFFFF	#D3D3D3	1
2010	#FFFFFF	#D3D3D3	1
2011	#FFFFFF	#D3D3D3	1
2012	#FFFFFF	#D3D3D3	54
2013	#FFFFFF	#D3D3D3	54
2014	#FFFFFF	#D3D3D3	215
2015	#FFFFFF	#D3D3D3	215
2016	#FFFFFF	#D3D3D3	1
2017	#FFFFFF	#D3D3D3	4
2018	#FFFFFF	#D3D3D3	4
2019	#FFFFFF	#D3D3D3	1
2020	#FFFFFF	#D3D3D3	1
2021	#FFFFFF	#D3D3D3	1
2022	#FFFFFF	#D3D3D3	1
2023	#FFFFFF	#D3D3D3	1
2024	#FFFFFF	#D3D3D3	1
2025	#FFFFFF	#D3D3D3	1
2026	#FFFFFF	#D3D3D3	1
2027	#FFFFFF	#D3D3D3	1
2028	#FFFFFF	#D3D3D3	211
2029	#FFFFFF	#D3D3D3	211
2030	#FFFFFF	#D3D3D3	211
2031	#FFFFFF	#D3D3D3	211
2032	#FFFFFF	#D3D3D3	1
2033	#FFFFFF	#D3D3D3	1
2034	#FFFFFF	#D3D3D3	1
2035	#FFFFFF	#D3D3D3	1
2036	#FFFFFF	#D3D3D3	1
2037	#FFFFFF	#D3D3D3	1
2038	#FFFFFF	#D3D3D3	375
2039	#FFFFFF	#D3D3D3	375
2040	#FFFFFF	#D3D3D3	375
2041	#FFFFFF	#D3D3D3	1
2042	#FFFFFF	#D3D3D3	1
2043	#FFFFFF	#D3D3D3	1
2044	#FFFFFF	#D3D3D3	206
2045	#FFFFFF	#D3D3D3	1
2046	#FFFFFF	#D3D3D3	1
2047	#FFFFFF	#D3D3D3	1
2048	#FFFFFF	#D3D3D3	1
2049	#FFFFFF	#D3D3D3	1
2050	#FFFFFF	#D3D3D3	1
2051	#FFFFFF	#D3D3D3	1
2052	#FFFFFF	#D3D3D3	1
2053	#FFFFFF	#D3D3D3	1
2054	#FFFFFF	#D3D3D3	218
2055	#FFFFFF	#D3D3D3	1
2056	#FFFFFF	#D3D3D3	1
2057	#FFFFFF	#D3D3D3	1
2058	#FFFFFF	#D3D3D3	1
2059	#FFFFFF	#D3D3D3	1
2060	#FFFFFF	#D3D3D3	1
2061	#FFFFFF	#D3D3D3	1
2062	#FFFFFF	#D3D3D3	54
2063	#FFFFFF	#D3D3D3	54
2064	#FFFFFF	#D3D3D3	54
2065	#FFFFFF	#D3D3D3	215
2066	#FFFFFF	#D3D3D3	4
2067	#FFFFFF	#D3D3D3	4
2068	#FFFFFF	#D3D3D3	4
2069	#FFFFFF	#D3D3D3	1
2070	#FFFFFF	#D3D3D3	1
2071	#FFFFFF	#D3D3D3	1
2072	#FFFFFF	#D3D3D3	1
2073	#FFFFFF	#D3D3D3	1
2074	#FFFFFF	#D3D3D3	1
2075	#FFFFFF	#D3D3D3	1
2076	#FFFFFF	#D3D3D3	1
2077	#FFFFFF	#D3D3D3	1
2078	#FFFFFF	#D3D3D3	211
2079	#FFFFFF	#D3D3D3	211
2080	#FFFFFF	#D3D3D3	211
2081	#FFFFFF	#D3D3D3	211
2082	#FFFFFF	#D3D3D3	1
2083	#FFFFFF	#D3D3D3	1
2084	#FFFFFF	#D3D3D3	1
2085	#FFFFFF	#D3D3D3	1
2086	#FFFFFF	#D3D3D3	1
2087	#FFFFFF	#D3D3D3	1
2088	#FFFFFF	#D3D3D3	375
2089	#FFFFFF	#D3D3D3	1
2090	#FFFFFF	#D3D3D3	375
2091	#FFFFFF	#D3D3D3	1
2092	#FFFFFF	#D3D3D3	1
2093	#FFFFFF	#D3D3D3	1
2094	#FFFFFF	#D3D3D3	1
2095	#FFFFFF	#D3D3D3	1
2096	#FFFFFF	#D3D3D3	1
2097	#FFFFFF	#D3D3D3	1
2098	#FFFFFF	#D3D3D3	1
2099	#FFFFFF	#D3D3D3	1
2100	#FFFFFF	#D3D3D3	1
2101	#FFFFFF	#D3D3D3	218
2102	#FFFFFF	#D3D3D3	1
2103	#FFFFFF	#D3D3D3	1
2104	#FFFFFF	#D3D3D3	218
2105	#FFFFFF	#D3D3D3	218
2106	#FFFFFF	#D3D3D3	1
2107	#FFFFFF	#D3D3D3	1
2108	#FFFFFF	#D3D3D3	1
2109	#FFFFFF	#D3D3D3	1
2110	#FFFFFF	#D3D3D3	1
2111	#FFFFFF	#D3D3D3	1
2112	#FFFFFF	#D3D3D3	54
2113	#FFFFFF	#D3D3D3	54
2114	#FFFFFF	#D3D3D3	54
2115	#FFFFFF	#D3D3D3	54
2116	#FFFFFF	#D3D3D3	215
2117	#FFFFFF	#D3D3D3	4
2118	#FFFFFF	#D3D3D3	1
2119	#FFFFFF	#D3D3D3	1
2120	#FFFFFF	#D3D3D3	1
2121	#FFFFFF	#D3D3D3	1
2122	#FFFFFF	#D3D3D3	1
2123	#FFFFFF	#D3D3D3	1
2124	#FFFFFF	#D3D3D3	1
2125	#FFFFFF	#D3D3D3	1
2126	#FFFFFF	#D3D3D3	1
2127	#FFFFFF	#D3D3D3	1
2128	#FFFFFF	#D3D3D3	211
2129	#FFFFFF	#D3D3D3	1
2130	#FFFFFF	#D3D3D3	211
2131	#FFFFFF	#D3D3D3	1
2132	#FFFFFF	#D3D3D3	211
2133	#FFFFFF	#D3D3D3	1
2134	#FFFFFF	#D3D3D3	1
2135	#FFFFFF	#D3D3D3	1
2136	#FFFFFF	#D3D3D3	1
2137	#FFFFFF	#D3D3D3	1
2138	#FFFFFF	#D3D3D3	375
2139	#FFFFFF	#D3D3D3	1
2140	#FFFFFF	#D3D3D3	1
2141	#FFFFFF	#D3D3D3	375
2142	#FFFFFF	#D3D3D3	1
2143	#FFFFFF	#D3D3D3	1
2144	#FFFFFF	#D3D3D3	1
2145	#FFFFFF	#D3D3D3	1
2146	#FFFFFF	#D3D3D3	1
2147	#FFFFFF	#D3D3D3	1
2148	#FFFFFF	#D3D3D3	1
2149	#FFFFFF	#D3D3D3	1
2150	#FFFFFF	#D3D3D3	1
2151	#FFFFFF	#D3D3D3	218
2152	#FFFFFF	#D3D3D3	218
2153	#FFFFFF	#D3D3D3	218
2154	#FFFFFF	#D3D3D3	218
2155	#FFFFFF	#D3D3D3	218
2156	#FFFFFF	#D3D3D3	218
2157	#FFFFFF	#D3D3D3	4
2158	#FFFFFF	#D3D3D3	1
2159	#FFFFFF	#D3D3D3	1
2160	#FFFFFF	#D3D3D3	1
2161	#FFFFFF	#D3D3D3	1
2162	#FFFFFF	#D3D3D3	1
2163	#FFFFFF	#D3D3D3	54
2164	#FFFFFF	#D3D3D3	54
2165	#FFFFFF	#D3D3D3	54
2166	#FFFFFF	#D3D3D3	215
2167	#FFFFFF	#D3D3D3	4
2168	#FFFFFF	#D3D3D3	1
2169	#FFFFFF	#D3D3D3	1
2170	#FFFFFF	#D3D3D3	1
2171	#FFFFFF	#D3D3D3	1
2172	#FFFFFF	#D3D3D3	1
2173	#FFFFFF	#D3D3D3	1
2174	#FFFFFF	#D3D3D3	1
2175	#FFFFFF	#D3D3D3	1
2176	#FFFFFF	#D3D3D3	1
2177	#FFFFFF	#D3D3D3	1
2178	#FFFFFF	#D3D3D3	1
2179	#FFFFFF	#D3D3D3	1
2180	#FFFFFF	#D3D3D3	1
2181	#FFFFFF	#D3D3D3	1
2182	#FFFFFF	#D3D3D3	1
2183	#FFFFFF	#D3D3D3	1
2184	#FFFFFF	#D3D3D3	1
2185	#FFFFFF	#D3D3D3	1
2186	#FFFFFF	#D3D3D3	1
2187	#FFFFFF	#D3D3D3	1
2188	#FFFFFF	#D3D3D3	1
2189	#FFFFFF	#D3D3D3	1
2190	#FFFFFF	#D3D3D3	1
2191	#FFFFFF	#D3D3D3	1
2192	#FFFFFF	#D3D3D3	375
2193	#FFFFFF	#D3D3D3	375
2194	#FFFFFF	#D3D3D3	1
2195	#FFFFFF	#D3D3D3	1
2196	#FFFFFF	#D3D3D3	1
2197	#FFFFFF	#D3D3D3	1
2198	#FFFFFF	#D3D3D3	1
2199	#FFFFFF	#D3D3D3	1
2200	#FFFFFF	#D3D3D3	1
2201	#FFFFFF	#D3D3D3	218
2202	#FFFFFF	#D3D3D3	218
2203	#FFFFFF	#D3D3D3	218
2204	#FFFFFF	#D3D3D3	218
2205	#FFFFFF	#D3D3D3	218
2206	#FFFFFF	#D3D3D3	218
2207	#FFFFFF	#D3D3D3	1
2208	#FFFFFF	#D3D3D3	218
2209	#FFFFFF	#D3D3D3	1
2210	#FFFFFF	#D3D3D3	1
2211	#FFFFFF	#D3D3D3	1
2212	#FFFFFF	#D3D3D3	1
2213	#FFFFFF	#D3D3D3	1
2214	#FFFFFF	#D3D3D3	1
2215	#FFFFFF	#D3D3D3	54
2216	#FFFFFF	#D3D3D3	54
2217	#FFFFFF	#D3D3D3	54
2218	#FFFFFF	#D3D3D3	1
2219	#FFFFFF	#D3D3D3	1
2220	#FFFFFF	#D3D3D3	1
2221	#FFFFFF	#D3D3D3	1
2222	#FFFFFF	#D3D3D3	1
2223	#FFFFFF	#D3D3D3	1
2224	#FFFFFF	#D3D3D3	1
2225	#FFFFFF	#D3D3D3	1
2226	#FFFFFF	#D3D3D3	1
2227	#FFFFFF	#D3D3D3	1
2228	#FFFFFF	#D3D3D3	1
2229	#FFFFFF	#D3D3D3	1
2230	#FFFFFF	#D3D3D3	1
2231	#FFFFFF	#D3D3D3	1
2232	#FFFFFF	#D3D3D3	1
2233	#FFFFFF	#D3D3D3	1
2234	#FFFFFF	#D3D3D3	479
2235	#FFFFFF	#D3D3D3	1
2236	#FFFFFF	#D3D3D3	1
2237	#FFFFFF	#D3D3D3	1
2238	#FFFFFF	#D3D3D3	1
2239	#FFFFFF	#D3D3D3	1
2240	#FFFFFF	#D3D3D3	1
2241	#FFFFFF	#D3D3D3	1
2242	#FFFFFF	#D3D3D3	1
2243	#FFFFFF	#D3D3D3	375
2244	#FFFFFF	#D3D3D3	375
2245	#FFFFFF	#D3D3D3	1
2246	#FFFFFF	#D3D3D3	1
2247	#FFFFFF	#D3D3D3	1
2248	#FFFFFF	#D3D3D3	1
2249	#FFFFFF	#D3D3D3	1
2250	#FFFFFF	#D3D3D3	1
2251	#FFFFFF	#D3D3D3	1
2252	#FFFFFF	#D3D3D3	1
2253	#FFFFFF	#D3D3D3	218
2254	#FFFFFF	#D3D3D3	218
2255	#FFFFFF	#D3D3D3	218
2256	#FFFFFF	#D3D3D3	218
2257	#FFFFFF	#D3D3D3	218
2258	#FFFFFF	#D3D3D3	1
2259	#FFFFFF	#D3D3D3	218
2260	#FFFFFF	#D3D3D3	1
2261	#FFFFFF	#D3D3D3	1
2262	#FFFFFF	#D3D3D3	1
2263	#FFFFFF	#D3D3D3	1
2264	#FFFFFF	#D3D3D3	1
2265	#FFFFFF	#D3D3D3	54
2266	#FFFFFF	#D3D3D3	54
2267	#FFFFFF	#D3D3D3	54
2268	#FFFFFF	#D3D3D3	1
2269	#FFFFFF	#D3D3D3	1
2270	#FFFFFF	#D3D3D3	1
2271	#FFFFFF	#D3D3D3	1
2272	#FFFFFF	#D3D3D3	1
2273	#FFFFFF	#D3D3D3	462
2274	#FFFFFF	#D3D3D3	4
2275	#FFFFFF	#D3D3D3	4
2276	#FFFFFF	#D3D3D3	4
2277	#FFFFFF	#D3D3D3	4
2278	#FFFFFF	#D3D3D3	4
2279	#FFFFFF	#D3D3D3	4
2280	#FFFFFF	#D3D3D3	1
2281	#FFFFFF	#D3D3D3	1
2282	#FFFFFF	#D3D3D3	1
2283	#FFFFFF	#D3D3D3	1
2284	#FFFFFF	#D3D3D3	1
2285	#FFFFFF	#D3D3D3	1
2286	#FFFFFF	#D3D3D3	4
2287	#FFFFFF	#D3D3D3	4
2288	#FFFFFF	#D3D3D3	4
2289	#FFFFFF	#D3D3D3	4
2290	#FFFFFF	#D3D3D3	4
2291	#FFFFFF	#D3D3D3	1
2292	#FFFFFF	#D3D3D3	1
2293	#FFFFFF	#D3D3D3	4
2294	#FFFFFF	#D3D3D3	4
2295	#FFFFFF	#D3D3D3	4
2296	#FFFFFF	#D3D3D3	4
2297	#FFFFFF	#D3D3D3	1
2298	#FFFFFF	#D3D3D3	4
2299	#FFFFFF	#D3D3D3	4
2300	#FFFFFF	#D3D3D3	4
2301	#FFFFFF	#D3D3D3	1
2302	#FFFFFF	#D3D3D3	1
2303	#FFFFFF	#D3D3D3	1
2304	#FFFFFF	#D3D3D3	1
2305	#FFFFFF	#D3D3D3	1
2306	#FFFFFF	#D3D3D3	1
2307	#FFFFFF	#D3D3D3	1
2308	#FFFFFF	#D3D3D3	1
2319	#FFFFFF	#D3D3D3	1
2320	#FFFFFF	#D3D3D3	1
2321	#FFFFFF	#D3D3D3	1
2322	#FFFFFF	#D3D3D3	4
2323	#FFFFFF	#D3D3D3	4
2324	#FFFFFF	#D3D3D3	4
2325	#FFFFFF	#D3D3D3	4
2326	#FFFFFF	#D3D3D3	4
2327	#FFFFFF	#D3D3D3	4
2328	#FFFFFF	#D3D3D3	4
2329	#FFFFFF	#D3D3D3	4
2330	#FFFFFF	#D3D3D3	4
2331	#FFFFFF	#D3D3D3	1
2332	#FFFFFF	#D3D3D3	1
2333	#FFFFFF	#D3D3D3	1
2334	#FFFFFF	#D3D3D3	4
2335	#FFFFFF	#D3D3D3	1
2336	#FFFFFF	#D3D3D3	1
2337	#FFFFFF	#D3D3D3	1
2338	#FFFFFF	#D3D3D3	4
2339	#FFFFFF	#D3D3D3	4
2340	#FFFFFF	#D3D3D3	4
2341	#FFFFFF	#D3D3D3	4
2342	#FFFFFF	#D3D3D3	1
2343	#FFFFFF	#D3D3D3	1
2344	#FFFFFF	#D3D3D3	4
2345	#FFFFFF	#D3D3D3	4
2346	#FFFFFF	#D3D3D3	4
2347	#FFFFFF	#D3D3D3	4
2348	#FFFFFF	#D3D3D3	1
2349	#FFFFFF	#D3D3D3	4
2350	#FFFFFF	#D3D3D3	4
2351	#FFFFFF	#D3D3D3	4
2352	#FFFFFF	#D3D3D3	1
2353	#FFFFFF	#D3D3D3	1
2354	#FFFFFF	#D3D3D3	1
2355	#FFFFFF	#D3D3D3	1
2356	#FFFFFF	#D3D3D3	1
2357	#FFFFFF	#D3D3D3	1
2358	#FFFFFF	#D3D3D3	1
2359	#FFFFFF	#D3D3D3	104
2369	#FFFFFF	#D3D3D3	1
2370	#FFFFFF	#D3D3D3	1
2371	#FFFFFF	#D3D3D3	1
2372	#FFFFFF	#D3D3D3	4
2373	#FFFFFF	#D3D3D3	1
2374	#FFFFFF	#D3D3D3	1
2375	#FFFFFF	#D3D3D3	1
2376	#FFFFFF	#D3D3D3	1
2377	#FFFFFF	#D3D3D3	1
2378	#FFFFFF	#D3D3D3	1
2379	#FFFFFF	#D3D3D3	1
2380	#FFFFFF	#D3D3D3	1
2381	#FFFFFF	#D3D3D3	1
2382	#FFFFFF	#D3D3D3	1
2383	#FFFFFF	#D3D3D3	1
2384	#FFFFFF	#D3D3D3	1
2385	#FFFFFF	#D3D3D3	479
2386	#FFFFFF	#D3D3D3	479
2387	#FFFFFF	#D3D3D3	1
2388	#FFFFFF	#D3D3D3	1
2389	#FFFFFF	#D3D3D3	1
2390	#FFFFFF	#D3D3D3	1
2391	#FFFFFF	#D3D3D3	1
2392	#FFFFFF	#D3D3D3	1
2393	#FFFFFF	#D3D3D3	1
2394	#FFFFFF	#D3D3D3	375
2395	#FFFFFF	#D3D3D3	375
2396	#FFFFFF	#D3D3D3	1
2397	#FFFFFF	#D3D3D3	236
2398	#FFFFFF	#D3D3D3	1
2399	#FFFFFF	#D3D3D3	1
2400	#FFFFFF	#D3D3D3	1
2401	#FFFFFF	#D3D3D3	1
2402	#FFFFFF	#D3D3D3	1
2403	#FFFFFF	#D3D3D3	1
2404	#FFFFFF	#D3D3D3	218
2405	#FFFFFF	#D3D3D3	218
2406	#FFFFFF	#D3D3D3	218
2407	#FFFFFF	#D3D3D3	218
2408	#FFFFFF	#D3D3D3	218
2409	#FFFFFF	#D3D3D3	1
2410	#FFFFFF	#D3D3D3	1
2411	#FFFFFF	#D3D3D3	218
2412	#FFFFFF	#D3D3D3	1
2413	#FFFFFF	#D3D3D3	1
2414	#FFFFFF	#D3D3D3	1
2415	#FFFFFF	#D3D3D3	1
2416	#FFFFFF	#D3D3D3	54
2417	#FFFFFF	#D3D3D3	54
2418	#FFFFFF	#D3D3D3	54
2419	#FFFFFF	#D3D3D3	54
2420	#FFFFFF	#D3D3D3	1
2421	#FFFFFF	#D3D3D3	1
2422	#FFFFFF	#D3D3D3	1
2423	#FFFFFF	#D3D3D3	1
2424	#FFFFFF	#D3D3D3	1
2425	#FFFFFF	#D3D3D3	1
2426	#FFFFFF	#D3D3D3	120
2427	#FFFFFF	#D3D3D3	120
2428	#FFFFFF	#D3D3D3	1
2429	#FFFFFF	#D3D3D3	1
2430	#FFFFFF	#D3D3D3	1
2431	#FFFFFF	#D3D3D3	1
2432	#FFFFFF	#D3D3D3	1
2433	#FFFFFF	#D3D3D3	1
2434	#FFFFFF	#D3D3D3	479
2435	#FFFFFF	#D3D3D3	1
2436	#FFFFFF	#D3D3D3	479
2437	#FFFFFF	#D3D3D3	1
2438	#FFFFFF	#D3D3D3	1
2439	#FFFFFF	#D3D3D3	1
2440	#FFFFFF	#D3D3D3	1
2441	#FFFFFF	#D3D3D3	1
2442	#FFFFFF	#D3D3D3	1
2443	#FFFFFF	#D3D3D3	1
2444	#FFFFFF	#D3D3D3	375
2445	#FFFFFF	#D3D3D3	1
2446	#FFFFFF	#D3D3D3	1
2447	#FFFFFF	#D3D3D3	236
2448	#FFFFFF	#D3D3D3	236
2449	#FFFFFF	#D3D3D3	1
2450	#FFFFFF	#D3D3D3	1
2451	#FFFFFF	#D3D3D3	1
2452	#FFFFFF	#D3D3D3	1
2453	#FFFFFF	#D3D3D3	1
2454	#FFFFFF	#D3D3D3	1
2455	#FFFFFF	#D3D3D3	218
2456	#FFFFFF	#D3D3D3	218
2457	#FFFFFF	#D3D3D3	218
2458	#FFFFFF	#D3D3D3	218
2459	#FFFFFF	#D3D3D3	1
2460	#FFFFFF	#D3D3D3	1
2461	#FFFFFF	#D3D3D3	218
2462	#FFFFFF	#D3D3D3	1
2463	#FFFFFF	#D3D3D3	1
2464	#FFFFFF	#D3D3D3	1
2465	#FFFFFF	#D3D3D3	1
2466	#FFFFFF	#D3D3D3	1
2467	#FFFFFF	#D3D3D3	54
2468	#FFFFFF	#D3D3D3	54
2469	#FFFFFF	#D3D3D3	54
2470	#FFFFFF	#D3D3D3	1
2471	#FFFFFF	#D3D3D3	1
2472	#FFFFFF	#D3D3D3	1
2473	#FFFFFF	#D3D3D3	1
2474	#FFFFFF	#D3D3D3	120
2475	#FFFFFF	#D3D3D3	1
2476	#FFFFFF	#D3D3D3	1
2477	#FFFFFF	#D3D3D3	120
2478	#FFFFFF	#D3D3D3	1
2479	#FFFFFF	#D3D3D3	1
2480	#FFFFFF	#D3D3D3	1
2481	#FFFFFF	#D3D3D3	1
2482	#FFFFFF	#D3D3D3	1
2483	#FFFFFF	#D3D3D3	1
2484	#FFFFFF	#D3D3D3	1
2485	#FFFFFF	#D3D3D3	479
2486	#FFFFFF	#D3D3D3	479
2487	#FFFFFF	#D3D3D3	1
2488	#FFFFFF	#D3D3D3	1
2489	#FFFFFF	#D3D3D3	479
2490	#FFFFFF	#D3D3D3	1
2491	#FFFFFF	#D3D3D3	1
2492	#FFFFFF	#D3D3D3	1
2493	#FFFFFF	#D3D3D3	1
2494	#FFFFFF	#D3D3D3	375
2495	#FFFFFF	#D3D3D3	1
2496	#FFFFFF	#D3D3D3	1
2497	#FFFFFF	#D3D3D3	1
2498	#FFFFFF	#D3D3D3	236
2499	#FFFFFF	#D3D3D3	1
2500	#FFFFFF	#D3D3D3	236
2501	#FFFFFF	#D3D3D3	1
2502	#FFFFFF	#D3D3D3	1
2503	#FFFFFF	#D3D3D3	1
2504	#FFFFFF	#D3D3D3	1
2505	#FFFFFF	#D3D3D3	1
2506	#FFFFFF	#D3D3D3	1
2507	#FFFFFF	#D3D3D3	218
2508	#FFFFFF	#D3D3D3	1
2509	#FFFFFF	#D3D3D3	1
2510	#FFFFFF	#D3D3D3	1
2511	#FFFFFF	#D3D3D3	1
2512	#FFFFFF	#D3D3D3	1
2513	#FFFFFF	#D3D3D3	1
2514	#FFFFFF	#D3D3D3	1
2515	#FFFFFF	#D3D3D3	1
2516	#FFFFFF	#D3D3D3	1
2517	#FFFFFF	#D3D3D3	1
2518	#FFFFFF	#D3D3D3	54
2519	#FFFFFF	#D3D3D3	54
2520	#FFFFFF	#D3D3D3	54
2521	#FFFFFF	#D3D3D3	1
2522	#FFFFFF	#D3D3D3	1
2523	#FFFFFF	#D3D3D3	1
2524	#FFFFFF	#D3D3D3	1
2525	#FFFFFF	#D3D3D3	120
2526	#FFFFFF	#D3D3D3	1
2527	#FFFFFF	#D3D3D3	120
2528	#FFFFFF	#D3D3D3	1
2529	#FFFFFF	#D3D3D3	1
2530	#FFFFFF	#D3D3D3	1
2531	#FFFFFF	#D3D3D3	1
2532	#FFFFFF	#D3D3D3	1
2533	#FFFFFF	#D3D3D3	1
2534	#FFFFFF	#D3D3D3	1
2535	#FFFFFF	#D3D3D3	479
2536	#FFFFFF	#D3D3D3	479
2537	#FFFFFF	#D3D3D3	1
2538	#FFFFFF	#D3D3D3	479
2539	#FFFFFF	#D3D3D3	1
2540	#FFFFFF	#D3D3D3	1
2541	#FFFFFF	#D3D3D3	1
2542	#FFFFFF	#D3D3D3	1
2543	#FFFFFF	#D3D3D3	1
2544	#FFFFFF	#D3D3D3	1
2545	#FFFFFF	#D3D3D3	1
2546	#FFFFFF	#D3D3D3	1
2547	#FFFFFF	#D3D3D3	1
2548	#FFFFFF	#D3D3D3	1
2549	#FFFFFF	#D3D3D3	236
2550	#FFFFFF	#D3D3D3	1
2551	#FFFFFF	#D3D3D3	1
2552	#FFFFFF	#D3D3D3	1
2553	#FFFFFF	#D3D3D3	1
2554	#FFFFFF	#D3D3D3	1
2555	#FFFFFF	#D3D3D3	1
2556	#FFFFFF	#D3D3D3	1
2557	#FFFFFF	#D3D3D3	1
2558	#FFFFFF	#D3D3D3	218
2559	#FFFFFF	#D3D3D3	1
2560	#FFFFFF	#D3D3D3	1
2561	#FFFFFF	#D3D3D3	1
2562	#FFFFFF	#D3D3D3	137
2563	#FFFFFF	#D3D3D3	1
2564	#FFFFFF	#D3D3D3	1
2565	#FFFFFF	#D3D3D3	1
2566	#FFFFFF	#D3D3D3	25
2567	#FFFFFF	#D3D3D3	1
2568	#FFFFFF	#D3D3D3	1
2569	#FFFFFF	#D3D3D3	54
2570	#FFFFFF	#D3D3D3	54
2571	#FFFFFF	#D3D3D3	1
2572	#FFFFFF	#D3D3D3	120
2573	#FFFFFF	#D3D3D3	1
2574	#FFFFFF	#D3D3D3	120
2575	#FFFFFF	#D3D3D3	120
2576	#FFFFFF	#D3D3D3	1
2577	#FFFFFF	#D3D3D3	1
2578	#FFFFFF	#D3D3D3	120
2579	#FFFFFF	#D3D3D3	1
2580	#FFFFFF	#D3D3D3	1
2581	#FFFFFF	#D3D3D3	1
2582	#FFFFFF	#D3D3D3	1
2583	#FFFFFF	#D3D3D3	1
2584	#FFFFFF	#D3D3D3	1
2585	#FFFFFF	#D3D3D3	479
2586	#FFFFFF	#D3D3D3	1
2587	#FFFFFF	#D3D3D3	479
2588	#FFFFFF	#D3D3D3	479
2589	#FFFFFF	#D3D3D3	120
2590	#FFFFFF	#D3D3D3	479
2591	#FFFFFF	#D3D3D3	1
2592	#FFFFFF	#D3D3D3	1
2593	#FFFFFF	#D3D3D3	19
2594	#FFFFFF	#D3D3D3	19
2595	#FFFFFF	#D3D3D3	1
2596	#FFFFFF	#D3D3D3	19
2597	#FFFFFF	#D3D3D3	19
2598	#FFFFFF	#D3D3D3	19
2599	#FFFFFF	#D3D3D3	1
2600	#FFFFFF	#D3D3D3	1
2601	#FFFFFF	#D3D3D3	236
2602	#FFFFFF	#D3D3D3	1
2603	#FFFFFF	#D3D3D3	1
2604	#FFFFFF	#D3D3D3	1
2605	#FFFFFF	#D3D3D3	1
2606	#FFFFFF	#D3D3D3	1
2607	#FFFFFF	#D3D3D3	1
2608	#FFFFFF	#D3D3D3	1
2609	#FFFFFF	#D3D3D3	1
2610	#FFFFFF	#D3D3D3	1
2611	#FFFFFF	#D3D3D3	1
2612	#FFFFFF	#D3D3D3	137
2613	#FFFFFF	#D3D3D3	1
2614	#FFFFFF	#D3D3D3	1
2615	#FFFFFF	#D3D3D3	1
2616	#FFFFFF	#D3D3D3	25
2617	#FFFFFF	#D3D3D3	1
2618	#FFFFFF	#D3D3D3	1
2619	#FFFFFF	#D3D3D3	54
2620	#FFFFFF	#D3D3D3	54
2621	#FFFFFF	#D3D3D3	1
2622	#FFFFFF	#D3D3D3	1
2623	#FFFFFF	#D3D3D3	1
2624	#FFFFFF	#D3D3D3	120
2625	#FFFFFF	#D3D3D3	120
2626	#FFFFFF	#D3D3D3	120
2627	#FFFFFF	#D3D3D3	1
2628	#FFFFFF	#D3D3D3	120
2629	#FFFFFF	#D3D3D3	120
2630	#FFFFFF	#D3D3D3	1
2631	#FFFFFF	#D3D3D3	1
2632	#FFFFFF	#D3D3D3	1
2633	#FFFFFF	#D3D3D3	1
2634	#FFFFFF	#D3D3D3	1
2635	#FFFFFF	#D3D3D3	1
2636	#FFFFFF	#D3D3D3	1
2637	#FFFFFF	#D3D3D3	1
2638	#FFFFFF	#D3D3D3	479
2639	#FFFFFF	#D3D3D3	1
2640	#FFFFFF	#D3D3D3	1
2641	#FFFFFF	#D3D3D3	479
2642	#FFFFFF	#D3D3D3	19
2643	#FFFFFF	#D3D3D3	19
2644	#FFFFFF	#D3D3D3	19
2645	#FFFFFF	#D3D3D3	19
2646	#FFFFFF	#D3D3D3	19
2647	#FFFFFF	#D3D3D3	19
2648	#FFFFFF	#D3D3D3	19
2649	#FFFFFF	#D3D3D3	1
2650	#FFFFFF	#D3D3D3	1
2651	#FFFFFF	#D3D3D3	1
2652	#FFFFFF	#D3D3D3	236
2653	#FFFFFF	#D3D3D3	1
2654	#FFFFFF	#D3D3D3	1
2655	#FFFFFF	#D3D3D3	1
2656	#FFFFFF	#D3D3D3	1
2657	#FFFFFF	#D3D3D3	1
2658	#FFFFFF	#D3D3D3	1
2659	#FFFFFF	#D3D3D3	1
2660	#FFFFFF	#D3D3D3	1
2661	#FFFFFF	#D3D3D3	137
2662	#FFFFFF	#D3D3D3	1
2663	#FFFFFF	#D3D3D3	1
2664	#FFFFFF	#D3D3D3	1
2665	#FFFFFF	#D3D3D3	1
2666	#FFFFFF	#D3D3D3	1
2667	#FFFFFF	#D3D3D3	25
2668	#FFFFFF	#D3D3D3	1
2669	#FFFFFF	#D3D3D3	54
2670	#FFFFFF	#D3D3D3	54
2671	#FFFFFF	#D3D3D3	1
2672	#FFFFFF	#D3D3D3	120
2673	#FFFFFF	#D3D3D3	120
2674	#FFFFFF	#D3D3D3	120
2675	#FFFFFF	#D3D3D3	120
2676	#FFFFFF	#D3D3D3	1
2677	#FFFFFF	#D3D3D3	262
2678	#FFFFFF	#D3D3D3	120
2679	#FFFFFF	#D3D3D3	120
2680	#FFFFFF	#D3D3D3	1
2681	#FFFFFF	#D3D3D3	1
2682	#FFFFFF	#D3D3D3	1
2683	#FFFFFF	#D3D3D3	1
2684	#FFFFFF	#D3D3D3	1
2685	#FFFFFF	#D3D3D3	1
2686	#FFFFFF	#D3D3D3	1
2687	#FFFFFF	#D3D3D3	1
2688	#FFFFFF	#D3D3D3	1
2689	#FFFFFF	#D3D3D3	1
2690	#FFFFFF	#D3D3D3	120
2691	#FFFFFF	#D3D3D3	1
2692	#FFFFFF	#D3D3D3	1
2693	#FFFFFF	#D3D3D3	19
2694	#FFFFFF	#D3D3D3	19
2695	#FFFFFF	#D3D3D3	19
2696	#FFFFFF	#D3D3D3	19
2697	#FFFFFF	#D3D3D3	19
2698	#FFFFFF	#D3D3D3	19
2699	#FFFFFF	#D3D3D3	19
2700	#FFFFFF	#D3D3D3	19
2701	#FFFFFF	#D3D3D3	120
2702	#FFFFFF	#D3D3D3	1
2703	#FFFFFF	#D3D3D3	236
2704	#FFFFFF	#D3D3D3	1
2705	#FFFFFF	#D3D3D3	1
2706	#FFFFFF	#D3D3D3	1
2707	#FFFFFF	#D3D3D3	1
2708	#FFFFFF	#D3D3D3	1
2709	#FFFFFF	#D3D3D3	1
2710	#FFFFFF	#D3D3D3	1
2711	#FFFFFF	#D3D3D3	1
2712	#FFFFFF	#D3D3D3	1
2713	#FFFFFF	#D3D3D3	137
2714	#FFFFFF	#D3D3D3	1
2715	#FFFFFF	#D3D3D3	1
2716	#FFFFFF	#D3D3D3	1
2717	#FFFFFF	#D3D3D3	25
2718	#FFFFFF	#D3D3D3	25
2719	#FFFFFF	#D3D3D3	1
2720	#FFFFFF	#D3D3D3	54
2721	#FFFFFF	#D3D3D3	1
2722	#FFFFFF	#D3D3D3	54
2723	#FFFFFF	#D3D3D3	1
2724	#FFFFFF	#D3D3D3	120
2725	#FFFFFF	#D3D3D3	120
2726	#FFFFFF	#D3D3D3	120
2727	#FFFFFF	#D3D3D3	120
2728	#FFFFFF	#D3D3D3	120
2729	#FFFFFF	#D3D3D3	120
2730	#FFFFFF	#D3D3D3	120
2731	#FFFFFF	#D3D3D3	1
2732	#FFFFFF	#D3D3D3	1
2733	#FFFFFF	#D3D3D3	1
2734	#FFFFFF	#D3D3D3	1
2735	#FFFFFF	#D3D3D3	1
2736	#FFFFFF	#D3D3D3	1
2737	#FFFFFF	#D3D3D3	1
2738	#FFFFFF	#D3D3D3	401
2739	#FFFFFF	#D3D3D3	1
2740	#FFFFFF	#D3D3D3	1
2741	#FFFFFF	#D3D3D3	120
2742	#FFFFFF	#D3D3D3	1
2743	#FFFFFF	#D3D3D3	1
2744	#FFFFFF	#D3D3D3	19
2745	#FFFFFF	#D3D3D3	19
2746	#FFFFFF	#D3D3D3	19
2747	#FFFFFF	#D3D3D3	19
2748	#FFFFFF	#D3D3D3	19
2749	#FFFFFF	#D3D3D3	19
2750	#FFFFFF	#D3D3D3	19
2751	#FFFFFF	#D3D3D3	19
2752	#FFFFFF	#D3D3D3	120
2753	#FFFFFF	#D3D3D3	1
2754	#FFFFFF	#D3D3D3	236
2755	#FFFFFF	#D3D3D3	1
2756	#FFFFFF	#D3D3D3	1
2757	#FFFFFF	#D3D3D3	1
2758	#FFFFFF	#D3D3D3	1
2759	#FFFFFF	#D3D3D3	1
2760	#FFFFFF	#D3D3D3	1
2761	#FFFFFF	#D3D3D3	1
2762	#FFFFFF	#D3D3D3	1
2763	#FFFFFF	#D3D3D3	1
2764	#FFFFFF	#D3D3D3	1
2765	#FFFFFF	#D3D3D3	1
2766	#FFFFFF	#D3D3D3	1
2767	#FFFFFF	#D3D3D3	417
2768	#FFFFFF	#D3D3D3	25
2769	#FFFFFF	#D3D3D3	1
2770	#FFFFFF	#D3D3D3	1
2771	#FFFFFF	#D3D3D3	1
2772	#FFFFFF	#D3D3D3	54
2773	#FFFFFF	#D3D3D3	1
2774	#FFFFFF	#D3D3D3	120
2775	#FFFFFF	#D3D3D3	120
2776	#FFFFFF	#D3D3D3	120
2777	#FFFFFF	#D3D3D3	1
2778	#FFFFFF	#D3D3D3	120
2779	#FFFFFF	#D3D3D3	120
2780	#FFFFFF	#D3D3D3	120
2781	#FFFFFF	#D3D3D3	250
2782	#FFFFFF	#D3D3D3	1
2783	#FFFFFF	#D3D3D3	1
2784	#FFFFFF	#D3D3D3	250
2785	#FFFFFF	#D3D3D3	1
2786	#FFFFFF	#D3D3D3	1
2787	#FFFFFF	#D3D3D3	401
2788	#FFFFFF	#D3D3D3	401
2789	#FFFFFF	#D3D3D3	1
2790	#FFFFFF	#D3D3D3	1
2791	#FFFFFF	#D3D3D3	120
2792	#FFFFFF	#D3D3D3	1
2793	#FFFFFF	#D3D3D3	1
2794	#FFFFFF	#D3D3D3	1
2795	#FFFFFF	#D3D3D3	19
2796	#FFFFFF	#D3D3D3	19
2797	#FFFFFF	#D3D3D3	19
2798	#FFFFFF	#D3D3D3	19
2799	#FFFFFF	#D3D3D3	19
2800	#FFFFFF	#D3D3D3	19
2801	#FFFFFF	#D3D3D3	19
2802	#FFFFFF	#D3D3D3	120
2803	#FFFFFF	#D3D3D3	19
2804	#FFFFFF	#D3D3D3	1
2805	#FFFFFF	#D3D3D3	1
2806	#FFFFFF	#D3D3D3	1
2807	#FFFFFF	#D3D3D3	1
2808	#FFFFFF	#D3D3D3	1
2809	#FFFFFF	#D3D3D3	1
2810	#FFFFFF	#D3D3D3	1
2811	#FFFFFF	#D3D3D3	1
2812	#FFFFFF	#D3D3D3	1
2813	#FFFFFF	#D3D3D3	1
2814	#FFFFFF	#D3D3D3	1
2815	#FFFFFF	#D3D3D3	1
2816	#FFFFFF	#D3D3D3	1
2817	#FFFFFF	#D3D3D3	1
2818	#FFFFFF	#D3D3D3	1
2819	#FFFFFF	#D3D3D3	25
2820	#FFFFFF	#D3D3D3	1
2821	#FFFFFF	#D3D3D3	1
2822	#FFFFFF	#D3D3D3	54
2824	#FFFFFF	#D3D3D3	1
2825	#FFFFFF	#D3D3D3	120
2826	#FFFFFF	#D3D3D3	120
2827	#FFFFFF	#D3D3D3	120
2828	#FFFFFF	#D3D3D3	1
2829	#FFFFFF	#D3D3D3	120
2830	#FFFFFF	#D3D3D3	120
2831	#FFFFFF	#D3D3D3	120
2832	#FFFFFF	#D3D3D3	250
2833	#FFFFFF	#D3D3D3	250
2834	#FFFFFF	#D3D3D3	250
2835	#FFFFFF	#D3D3D3	151
2836	#FFFFFF	#D3D3D3	151
2837	#FFFFFF	#D3D3D3	1
2838	#FFFFFF	#D3D3D3	401
2839	#FFFFFF	#D3D3D3	1
2840	#FFFFFF	#D3D3D3	1
2841	#FFFFFF	#D3D3D3	1
2842	#FFFFFF	#D3D3D3	120
2843	#FFFFFF	#D3D3D3	1
2844	#FFFFFF	#D3D3D3	1
2845	#FFFFFF	#D3D3D3	19
2846	#FFFFFF	#D3D3D3	19
2847	#FFFFFF	#D3D3D3	19
2848	#FFFFFF	#D3D3D3	19
2849	#FFFFFF	#D3D3D3	19
2850	#FFFFFF	#D3D3D3	19
2851	#FFFFFF	#D3D3D3	19
2852	#FFFFFF	#D3D3D3	19
2853	#FFFFFF	#D3D3D3	120
2854	#FFFFFF	#D3D3D3	1
2855	#FFFFFF	#D3D3D3	19
2856	#FFFFFF	#D3D3D3	1
2857	#FFFFFF	#D3D3D3	1
2858	#FFFFFF	#D3D3D3	1
2859	#FFFFFF	#D3D3D3	1
2860	#FFFFFF	#D3D3D3	1
2861	#FFFFFF	#D3D3D3	1
2862	#FFFFFF	#D3D3D3	1
2863	#FFFFFF	#D3D3D3	1
2864	#FFFFFF	#D3D3D3	1
2865	#FFFFFF	#D3D3D3	1
2866	#FFFFFF	#D3D3D3	1
2867	#FFFFFF	#D3D3D3	1
2868	#FFFFFF	#D3D3D3	1
2869	#FFFFFF	#D3D3D3	25
2870	#FFFFFF	#D3D3D3	1
2871	#FFFFFF	#D3D3D3	54
2872	#FFFFFF	#D3D3D3	54
2874	#FFFFFF	#D3D3D3	120
2875	#FFFFFF	#D3D3D3	120
2876	#FFFFFF	#D3D3D3	120
2877	#FFFFFF	#D3D3D3	120
2878	#FFFFFF	#D3D3D3	250
2879	#FFFFFF	#D3D3D3	120
2880	#FFFFFF	#D3D3D3	120
2881	#FFFFFF	#D3D3D3	120
2882	#FFFFFF	#D3D3D3	250
2883	#FFFFFF	#D3D3D3	250
2884	#FFFFFF	#D3D3D3	250
2885	#FFFFFF	#D3D3D3	250
2886	#FFFFFF	#D3D3D3	151
2887	#FFFFFF	#D3D3D3	401
2888	#FFFFFF	#D3D3D3	401
2889	#FFFFFF	#D3D3D3	151
2890	#FFFFFF	#D3D3D3	19
2891	#FFFFFF	#D3D3D3	19
2892	#FFFFFF	#D3D3D3	120
2893	#FFFFFF	#D3D3D3	1
2894	#FFFFFF	#D3D3D3	19
2895	#FFFFFF	#D3D3D3	1
2896	#FFFFFF	#D3D3D3	19
2897	#FFFFFF	#D3D3D3	19
2898	#FFFFFF	#D3D3D3	19
2899	#FFFFFF	#D3D3D3	19
2900	#FFFFFF	#D3D3D3	19
2901	#FFFFFF	#D3D3D3	19
2902	#FFFFFF	#D3D3D3	19
2903	#FFFFFF	#D3D3D3	120
2904	#FFFFFF	#D3D3D3	1
2905	#FFFFFF	#D3D3D3	1
2906	#FFFFFF	#D3D3D3	19
2907	#FFFFFF	#D3D3D3	19
2908	#FFFFFF	#D3D3D3	1
2909	#FFFFFF	#D3D3D3	1
2910	#FFFFFF	#D3D3D3	1
2911	#FFFFFF	#D3D3D3	1
2912	#FFFFFF	#D3D3D3	1
2913	#FFFFFF	#D3D3D3	1
2914	#FFFFFF	#D3D3D3	1
2915	#FFFFFF	#D3D3D3	1
2916	#FFFFFF	#D3D3D3	1
2917	#FFFFFF	#D3D3D3	1
2918	#FFFFFF	#D3D3D3	367
2919	#FFFFFF	#D3D3D3	1
2920	#FFFFFF	#D3D3D3	429
2921	#FFFFFF	#D3D3D3	54
2922	#FFFFFF	#D3D3D3	54
2925	#FFFFFF	#D3D3D3	1
2926	#FFFFFF	#D3D3D3	120
2927	#FFFFFF	#D3D3D3	120
2928	#FFFFFF	#D3D3D3	120
2929	#FFFFFF	#D3D3D3	120
2930	#FFFFFF	#D3D3D3	120
2931	#FFFFFF	#D3D3D3	120
2932	#FFFFFF	#D3D3D3	120
2933	#FFFFFF	#D3D3D3	120
2934	#FFFFFF	#D3D3D3	120
2935	#FFFFFF	#D3D3D3	250
2936	#FFFFFF	#D3D3D3	151
2937	#FFFFFF	#D3D3D3	151
2938	#FFFFFF	#D3D3D3	401
2939	#FFFFFF	#D3D3D3	151
2940	#FFFFFF	#D3D3D3	151
2941	#FFFFFF	#D3D3D3	19
2942	#FFFFFF	#D3D3D3	19
2943	#FFFFFF	#D3D3D3	120
2944	#FFFFFF	#D3D3D3	19
2945	#FFFFFF	#D3D3D3	1
2946	#FFFFFF	#D3D3D3	19
2947	#FFFFFF	#D3D3D3	19
2948	#FFFFFF	#D3D3D3	19
2949	#FFFFFF	#D3D3D3	19
2950	#FFFFFF	#D3D3D3	19
2951	#FFFFFF	#D3D3D3	19
2952	#FFFFFF	#D3D3D3	19
2953	#FFFFFF	#D3D3D3	19
2954	#FFFFFF	#D3D3D3	120
2955	#FFFFFF	#D3D3D3	19
2956	#FFFFFF	#D3D3D3	19
2957	#FFFFFF	#D3D3D3	19
2958	#FFFFFF	#D3D3D3	19
2959	#FFFFFF	#D3D3D3	19
2960	#FFFFFF	#D3D3D3	1
2961	#FFFFFF	#D3D3D3	1
2962	#FFFFFF	#D3D3D3	19
2963	#FFFFFF	#D3D3D3	19
2964	#FFFFFF	#D3D3D3	19
2965	#FFFFFF	#D3D3D3	120
2966	#FFFFFF	#D3D3D3	19
2967	#FFFFFF	#D3D3D3	1
2968	#FFFFFF	#D3D3D3	1
2969	#FFFFFF	#D3D3D3	1
2970	#FFFFFF	#D3D3D3	316
2971	#FFFFFF	#D3D3D3	54
2972	#FFFFFF	#D3D3D3	54
2975	#FFFFFF	#D3D3D3	120
2976	#FFFFFF	#D3D3D3	120
2977	#FFFFFF	#D3D3D3	120
2978	#FFFFFF	#D3D3D3	250
2979	#FFFFFF	#D3D3D3	250
2980	#FFFFFF	#D3D3D3	26
2981	#FFFFFF	#D3D3D3	120
2982	#FFFFFF	#D3D3D3	120
2983	#FFFFFF	#D3D3D3	250
2984	#FFFFFF	#D3D3D3	120
2985	#FFFFFF	#D3D3D3	120
2986	#FFFFFF	#D3D3D3	151
2987	#FFFFFF	#D3D3D3	151
2988	#FFFFFF	#D3D3D3	151
2989	#FFFFFF	#D3D3D3	151
2990	#FFFFFF	#D3D3D3	19
2991	#FFFFFF	#D3D3D3	19
2992	#FFFFFF	#D3D3D3	19
2993	#FFFFFF	#D3D3D3	120
2994	#FFFFFF	#D3D3D3	19
2995	#FFFFFF	#D3D3D3	19
2996	#FFFFFF	#D3D3D3	1
2997	#FFFFFF	#D3D3D3	1
2998	#FFFFFF	#D3D3D3	1
2999	#FFFFFF	#D3D3D3	19
3000	#FFFFFF	#D3D3D3	19
3001	#FFFFFF	#D3D3D3	19
3002	#FFFFFF	#D3D3D3	19
3003	#FFFFFF	#D3D3D3	19
3004	#FFFFFF	#D3D3D3	120
3005	#FFFFFF	#D3D3D3	19
3006	#FFFFFF	#D3D3D3	19
3007	#FFFFFF	#D3D3D3	19
3008	#FFFFFF	#D3D3D3	19
3009	#FFFFFF	#D3D3D3	19
3010	#FFFFFF	#D3D3D3	1
3011	#FFFFFF	#D3D3D3	19
3012	#FFFFFF	#D3D3D3	19
3013	#FFFFFF	#D3D3D3	19
3014	#FFFFFF	#D3D3D3	19
3015	#FFFFFF	#D3D3D3	120
3016	#FFFFFF	#D3D3D3	19
3017	#FFFFFF	#D3D3D3	1
3018	#FFFFFF	#D3D3D3	1
3019	#FFFFFF	#D3D3D3	1
3020	#FFFFFF	#D3D3D3	1
3021	#FFFFFF	#D3D3D3	316
3022	#FFFFFF	#D3D3D3	54
3026	#FFFFFF	#D3D3D3	120
3027	#FFFFFF	#D3D3D3	120
3028	#FFFFFF	#D3D3D3	120
3029	#FFFFFF	#D3D3D3	250
3030	#FFFFFF	#D3D3D3	250
3031	#FFFFFF	#D3D3D3	26
3032	#FFFFFF	#D3D3D3	120
3033	#FFFFFF	#D3D3D3	120
3034	#FFFFFF	#D3D3D3	120
3035	#FFFFFF	#D3D3D3	120
3036	#FFFFFF	#D3D3D3	120
3037	#FFFFFF	#D3D3D3	151
3038	#FFFFFF	#D3D3D3	151
3039	#FFFFFF	#D3D3D3	151
3040	#FFFFFF	#D3D3D3	19
3041	#FFFFFF	#D3D3D3	19
3042	#FFFFFF	#D3D3D3	19
3043	#FFFFFF	#D3D3D3	19
3044	#FFFFFF	#D3D3D3	120
3045	#FFFFFF	#D3D3D3	19
3046	#FFFFFF	#D3D3D3	19
3047	#FFFFFF	#D3D3D3	1
3048	#FFFFFF	#D3D3D3	1
3049	#FFFFFF	#D3D3D3	1
3050	#FFFFFF	#D3D3D3	19
3051	#FFFFFF	#D3D3D3	19
3052	#FFFFFF	#D3D3D3	19
3053	#FFFFFF	#D3D3D3	19
3054	#FFFFFF	#D3D3D3	19
3055	#FFFFFF	#D3D3D3	120
3056	#FFFFFF	#D3D3D3	19
3057	#FFFFFF	#D3D3D3	19
3058	#FFFFFF	#D3D3D3	19
3059	#FFFFFF	#D3D3D3	19
3060	#FFFFFF	#D3D3D3	1
3061	#FFFFFF	#D3D3D3	19
3062	#FFFFFF	#D3D3D3	19
3063	#FFFFFF	#D3D3D3	19
3064	#FFFFFF	#D3D3D3	19
3065	#FFFFFF	#D3D3D3	1
3066	#FFFFFF	#D3D3D3	120
3067	#FFFFFF	#D3D3D3	1
3068	#FFFFFF	#D3D3D3	309
3069	#FFFFFF	#D3D3D3	309
3070	#FFFFFF	#D3D3D3	1
3071	#FFFFFF	#D3D3D3	1
3072	#FFFFFF	#D3D3D3	316
3076	#FFFFFF	#D3D3D3	120
3077	#FFFFFF	#D3D3D3	120
3078	#FFFFFF	#D3D3D3	120
3079	#FFFFFF	#D3D3D3	250
3080	#FFFFFF	#D3D3D3	120
3081	#FFFFFF	#D3D3D3	120
3082	#FFFFFF	#D3D3D3	120
3083	#FFFFFF	#D3D3D3	120
3084	#FFFFFF	#D3D3D3	120
3085	#FFFFFF	#D3D3D3	120
3086	#FFFFFF	#D3D3D3	120
3087	#FFFFFF	#D3D3D3	151
3088	#FFFFFF	#D3D3D3	19
3089	#FFFFFF	#D3D3D3	19
3090	#FFFFFF	#D3D3D3	151
3091	#FFFFFF	#D3D3D3	19
3092	#FFFFFF	#D3D3D3	19
3093	#FFFFFF	#D3D3D3	19
3094	#FFFFFF	#D3D3D3	120
3095	#FFFFFF	#D3D3D3	19
3096	#FFFFFF	#D3D3D3	19
3097	#FFFFFF	#D3D3D3	19
3098	#FFFFFF	#D3D3D3	1
3099	#FFFFFF	#D3D3D3	19
3100	#FFFFFF	#D3D3D3	19
3101	#FFFFFF	#D3D3D3	19
3102	#FFFFFF	#D3D3D3	19
3103	#FFFFFF	#D3D3D3	19
3104	#FFFFFF	#D3D3D3	19
3105	#FFFFFF	#D3D3D3	120
3106	#FFFFFF	#D3D3D3	19
3107	#FFFFFF	#D3D3D3	19
3108	#FFFFFF	#D3D3D3	19
3109	#FFFFFF	#D3D3D3	19
3110	#FFFFFF	#D3D3D3	19
3111	#FFFFFF	#D3D3D3	1
3112	#FFFFFF	#D3D3D3	19
3113	#FFFFFF	#D3D3D3	19
3114	#FFFFFF	#D3D3D3	19
3115	#FFFFFF	#D3D3D3	19
3116	#FFFFFF	#D3D3D3	120
3117	#FFFFFF	#D3D3D3	1
3118	#FFFFFF	#D3D3D3	309
3119	#FFFFFF	#D3D3D3	309
3120	#FFFFFF	#D3D3D3	309
3121	#FFFFFF	#D3D3D3	1
3122	#FFFFFF	#D3D3D3	1
3127	#FFFFFF	#D3D3D3	120
3128	#FFFFFF	#D3D3D3	120
3129	#FFFFFF	#D3D3D3	120
3130	#FFFFFF	#D3D3D3	120
3131	#FFFFFF	#D3D3D3	120
3132	#FFFFFF	#D3D3D3	120
3133	#FFFFFF	#D3D3D3	120
3134	#FFFFFF	#D3D3D3	120
3135	#FFFFFF	#D3D3D3	120
3136	#FFFFFF	#D3D3D3	120
3137	#FFFFFF	#D3D3D3	151
3138	#FFFFFF	#D3D3D3	151
3139	#FFFFFF	#D3D3D3	19
3140	#FFFFFF	#D3D3D3	19
3141	#FFFFFF	#D3D3D3	19
3142	#FFFFFF	#D3D3D3	19
3143	#FFFFFF	#D3D3D3	19
3144	#FFFFFF	#D3D3D3	120
3145	#FFFFFF	#D3D3D3	120
3146	#FFFFFF	#D3D3D3	19
3147	#FFFFFF	#D3D3D3	19
3148	#FFFFFF	#D3D3D3	19
3149	#FFFFFF	#D3D3D3	1
3150	#FFFFFF	#D3D3D3	19
3151	#FFFFFF	#D3D3D3	19
3152	#FFFFFF	#D3D3D3	19
3153	#FFFFFF	#D3D3D3	19
3154	#FFFFFF	#D3D3D3	19
3155	#FFFFFF	#D3D3D3	19
3156	#FFFFFF	#D3D3D3	120
3157	#FFFFFF	#D3D3D3	19
3158	#FFFFFF	#D3D3D3	19
3159	#FFFFFF	#D3D3D3	120
3160	#FFFFFF	#D3D3D3	19
3161	#FFFFFF	#D3D3D3	19
3162	#FFFFFF	#D3D3D3	19
3163	#FFFFFF	#D3D3D3	19
3164	#FFFFFF	#D3D3D3	19
3165	#FFFFFF	#D3D3D3	1
3166	#FFFFFF	#D3D3D3	1
3167	#FFFFFF	#D3D3D3	120
3168	#FFFFFF	#D3D3D3	309
3169	#FFFFFF	#D3D3D3	309
3170	#FFFFFF	#D3D3D3	1
3171	#FFFFFF	#D3D3D3	1
3172	#FFFFFF	#D3D3D3	1
3177	#FFFFFF	#D3D3D3	120
3178	#FFFFFF	#D3D3D3	120
3179	#FFFFFF	#D3D3D3	120
3180	#FFFFFF	#D3D3D3	120
3181	#FFFFFF	#D3D3D3	120
3182	#FFFFFF	#D3D3D3	120
3183	#FFFFFF	#D3D3D3	120
3184	#FFFFFF	#D3D3D3	120
3185	#FFFFFF	#D3D3D3	120
3186	#FFFFFF	#D3D3D3	120
3187	#FFFFFF	#D3D3D3	120
3188	#FFFFFF	#D3D3D3	151
3189	#FFFFFF	#D3D3D3	151
3190	#FFFFFF	#D3D3D3	19
3191	#FFFFFF	#D3D3D3	19
3192	#FFFFFF	#D3D3D3	19
3193	#FFFFFF	#D3D3D3	19
3194	#FFFFFF	#D3D3D3	120
3195	#FFFFFF	#D3D3D3	120
3196	#FFFFFF	#D3D3D3	19
3197	#FFFFFF	#D3D3D3	19
3198	#FFFFFF	#D3D3D3	19
3199	#FFFFFF	#D3D3D3	1
3200	#FFFFFF	#D3D3D3	19
3201	#FFFFFF	#D3D3D3	19
3202	#FFFFFF	#D3D3D3	19
3203	#FFFFFF	#D3D3D3	19
3204	#FFFFFF	#D3D3D3	19
3205	#FFFFFF	#D3D3D3	19
3206	#FFFFFF	#D3D3D3	120
3207	#FFFFFF	#D3D3D3	19
3208	#FFFFFF	#D3D3D3	120
3209	#FFFFFF	#D3D3D3	19
3210	#FFFFFF	#D3D3D3	120
3211	#FFFFFF	#D3D3D3	120
3212	#FFFFFF	#D3D3D3	19
3213	#FFFFFF	#D3D3D3	19
3214	#FFFFFF	#D3D3D3	19
3215	#FFFFFF	#D3D3D3	19
3216	#FFFFFF	#D3D3D3	1
3217	#FFFFFF	#D3D3D3	120
3218	#FFFFFF	#D3D3D3	1
3219	#FFFFFF	#D3D3D3	1
3220	#FFFFFF	#D3D3D3	1
3221	#FFFFFF	#D3D3D3	1
3222	#FFFFFF	#D3D3D3	1
3228	#FFFFFF	#D3D3D3	120
3229	#FFFFFF	#D3D3D3	120
3230	#FFFFFF	#D3D3D3	120
3231	#FFFFFF	#D3D3D3	120
3232	#FFFFFF	#D3D3D3	120
3233	#FFFFFF	#D3D3D3	120
3234	#FFFFFF	#D3D3D3	120
3235	#FFFFFF	#D3D3D3	120
3236	#FFFFFF	#D3D3D3	120
3237	#FFFFFF	#D3D3D3	120
3238	#FFFFFF	#D3D3D3	151
3239	#FFFFFF	#D3D3D3	151
3240	#FFFFFF	#D3D3D3	151
3241	#FFFFFF	#D3D3D3	151
3242	#FFFFFF	#D3D3D3	19
3243	#FFFFFF	#D3D3D3	19
3244	#FFFFFF	#D3D3D3	19
3245	#FFFFFF	#D3D3D3	120
3246	#FFFFFF	#D3D3D3	257
3247	#FFFFFF	#D3D3D3	19
3248	#FFFFFF	#D3D3D3	19
3249	#FFFFFF	#D3D3D3	19
3250	#FFFFFF	#D3D3D3	19
3251	#FFFFFF	#D3D3D3	19
3252	#FFFFFF	#D3D3D3	19
3253	#FFFFFF	#D3D3D3	19
3254	#FFFFFF	#D3D3D3	19
3255	#FFFFFF	#D3D3D3	120
3256	#FFFFFF	#D3D3D3	19
3257	#FFFFFF	#D3D3D3	120
3258	#FFFFFF	#D3D3D3	120
3259	#FFFFFF	#D3D3D3	19
3260	#FFFFFF	#D3D3D3	19
3261	#FFFFFF	#D3D3D3	120
3262	#FFFFFF	#D3D3D3	19
3263	#FFFFFF	#D3D3D3	19
3264	#FFFFFF	#D3D3D3	19
3265	#FFFFFF	#D3D3D3	1
3266	#FFFFFF	#D3D3D3	1
3267	#FFFFFF	#D3D3D3	1
3268	#FFFFFF	#D3D3D3	120
3269	#FFFFFF	#D3D3D3	1
3270	#FFFFFF	#D3D3D3	1
3271	#FFFFFF	#D3D3D3	1
3272	#FFFFFF	#D3D3D3	1
3278	#FFFFFF	#D3D3D3	120
3279	#FFFFFF	#D3D3D3	120
3280	#FFFFFF	#D3D3D3	120
3281	#FFFFFF	#D3D3D3	120
3282	#FFFFFF	#D3D3D3	120
3283	#FFFFFF	#D3D3D3	120
3284	#FFFFFF	#D3D3D3	120
3285	#FFFFFF	#D3D3D3	120
3286	#FFFFFF	#D3D3D3	120
3287	#FFFFFF	#D3D3D3	120
3288	#FFFFFF	#D3D3D3	151
3289	#FFFFFF	#D3D3D3	151
3290	#FFFFFF	#D3D3D3	151
3291	#FFFFFF	#D3D3D3	151
3292	#FFFFFF	#D3D3D3	19
3293	#FFFFFF	#D3D3D3	19
3294	#FFFFFF	#D3D3D3	19
3295	#FFFFFF	#D3D3D3	120
3296	#FFFFFF	#D3D3D3	120
3297	#FFFFFF	#D3D3D3	19
3298	#FFFFFF	#D3D3D3	120
3299	#FFFFFF	#D3D3D3	120
3300	#FFFFFF	#D3D3D3	19
3301	#FFFFFF	#D3D3D3	19
3302	#FFFFFF	#D3D3D3	19
3303	#FFFFFF	#D3D3D3	19
3304	#FFFFFF	#D3D3D3	120
3305	#FFFFFF	#D3D3D3	120
3306	#FFFFFF	#D3D3D3	19
3307	#FFFFFF	#D3D3D3	257
3308	#FFFFFF	#D3D3D3	120
3309	#FFFFFF	#D3D3D3	120
3310	#FFFFFF	#D3D3D3	19
3311	#FFFFFF	#D3D3D3	120
3312	#FFFFFF	#D3D3D3	120
3313	#FFFFFF	#D3D3D3	19
3314	#FFFFFF	#D3D3D3	19
3315	#FFFFFF	#D3D3D3	1
3316	#FFFFFF	#D3D3D3	1
3317	#FFFFFF	#D3D3D3	1
3318	#FFFFFF	#D3D3D3	257
3319	#FFFFFF	#D3D3D3	1
3320	#FFFFFF	#D3D3D3	1
3321	#FFFFFF	#D3D3D3	1
3322	#FFFFFF	#D3D3D3	1
3329	#FFFFFF	#D3D3D3	257
3330	#FFFFFF	#D3D3D3	120
3331	#FFFFFF	#D3D3D3	120
3332	#FFFFFF	#D3D3D3	120
3333	#FFFFFF	#D3D3D3	120
3334	#FFFFFF	#D3D3D3	120
3335	#FFFFFF	#D3D3D3	120
3336	#FFFFFF	#D3D3D3	120
3337	#FFFFFF	#D3D3D3	120
3338	#FFFFFF	#D3D3D3	120
3339	#FFFFFF	#D3D3D3	151
3340	#FFFFFF	#D3D3D3	151
3341	#FFFFFF	#D3D3D3	151
3342	#FFFFFF	#D3D3D3	19
3343	#FFFFFF	#D3D3D3	19
3344	#FFFFFF	#D3D3D3	120
3345	#FFFFFF	#D3D3D3	19
3346	#FFFFFF	#D3D3D3	120
3347	#FFFFFF	#D3D3D3	120
3348	#FFFFFF	#D3D3D3	120
3349	#FFFFFF	#D3D3D3	120
3350	#FFFFFF	#D3D3D3	19
3351	#FFFFFF	#D3D3D3	19
3352	#FFFFFF	#D3D3D3	19
3353	#FFFFFF	#D3D3D3	19
3354	#FFFFFF	#D3D3D3	19
3355	#FFFFFF	#D3D3D3	120
3356	#FFFFFF	#D3D3D3	19
3357	#FFFFFF	#D3D3D3	19
3358	#FFFFFF	#D3D3D3	257
3359	#FFFFFF	#D3D3D3	120
3360	#FFFFFF	#D3D3D3	120
3361	#FFFFFF	#D3D3D3	120
3362	#FFFFFF	#D3D3D3	120
3363	#FFFFFF	#D3D3D3	19
3364	#FFFFFF	#D3D3D3	19
3365	#FFFFFF	#D3D3D3	19
3366	#FFFFFF	#D3D3D3	1
3367	#FFFFFF	#D3D3D3	1
3368	#FFFFFF	#D3D3D3	1
3369	#FFFFFF	#D3D3D3	257
3370	#FFFFFF	#D3D3D3	1
3371	#FFFFFF	#D3D3D3	1
3372	#FFFFFF	#D3D3D3	1
3379	#FFFFFF	#D3D3D3	120
3380	#FFFFFF	#D3D3D3	120
3381	#FFFFFF	#D3D3D3	120
3382	#FFFFFF	#D3D3D3	120
3383	#FFFFFF	#D3D3D3	120
3384	#FFFFFF	#D3D3D3	4
3385	#FFFFFF	#D3D3D3	4
3386	#FFFFFF	#D3D3D3	4
3387	#FFFFFF	#D3D3D3	4
3388	#FFFFFF	#D3D3D3	1
3389	#FFFFFF	#D3D3D3	1
3390	#FFFFFF	#D3D3D3	1
3391	#FFFFFF	#D3D3D3	1
3392	#FFFFFF	#D3D3D3	1
3393	#FFFFFF	#D3D3D3	1
3394	#FFFFFF	#D3D3D3	4
3395	#FFFFFF	#D3D3D3	4
3396	#FFFFFF	#D3D3D3	1
3397	#FFFFFF	#D3D3D3	1
3398	#FFFFFF	#D3D3D3	4
3399	#FFFFFF	#D3D3D3	4
3400	#FFFFFF	#D3D3D3	4
3401	#FFFFFF	#D3D3D3	4
3402	#FFFFFF	#D3D3D3	1
3403	#FFFFFF	#D3D3D3	1
3404	#FFFFFF	#D3D3D3	4
3405	#FFFFFF	#D3D3D3	4
3406	#FFFFFF	#D3D3D3	4
3407	#FFFFFF	#D3D3D3	4
3408	#FFFFFF	#D3D3D3	1
3409	#FFFFFF	#D3D3D3	4
3410	#FFFFFF	#D3D3D3	4
3411	#FFFFFF	#D3D3D3	4
3412	#FFFFFF	#D3D3D3	4
3413	#FFFFFF	#D3D3D3	1
3414	#FFFFFF	#D3D3D3	1
3415	#FFFFFF	#D3D3D3	1
3416	#FFFFFF	#D3D3D3	1
3417	#FFFFFF	#D3D3D3	1
3418	#FFFFFF	#D3D3D3	1
3419	#FFFFFF	#D3D3D3	104
3420	#FFFFFF	#D3D3D3	1
3430	#FFFFFF	#D3D3D3	104
3431	#FFFFFF	#D3D3D3	1
3432	#FFFFFF	#D3D3D3	1
3433	#FFFFFF	#D3D3D3	1
3434	#FFFFFF	#D3D3D3	1
3435	#FFFFFF	#D3D3D3	4
3436	#FFFFFF	#D3D3D3	4
3437	#FFFFFF	#D3D3D3	1
3438	#FFFFFF	#D3D3D3	1
3439	#FFFFFF	#D3D3D3	1
3440	#FFFFFF	#D3D3D3	1
3441	#FFFFFF	#D3D3D3	1
3442	#FFFFFF	#D3D3D3	1
3443	#FFFFFF	#D3D3D3	1
3444	#FFFFFF	#D3D3D3	1
3445	#FFFFFF	#D3D3D3	4
3446	#FFFFFF	#D3D3D3	4
3447	#FFFFFF	#D3D3D3	4
3448	#FFFFFF	#D3D3D3	1
3449	#FFFFFF	#D3D3D3	4
3450	#FFFFFF	#D3D3D3	4
3451	#FFFFFF	#D3D3D3	4
3452	#FFFFFF	#D3D3D3	4
3453	#FFFFFF	#D3D3D3	1
3454	#FFFFFF	#D3D3D3	1
3455	#FFFFFF	#D3D3D3	4
3456	#FFFFFF	#D3D3D3	4
3457	#FFFFFF	#D3D3D3	4
3458	#FFFFFF	#D3D3D3	4
3459	#FFFFFF	#D3D3D3	104
3460	#FFFFFF	#D3D3D3	4
3461	#FFFFFF	#D3D3D3	4
3462	#FFFFFF	#D3D3D3	4
3463	#FFFFFF	#D3D3D3	1
3464	#FFFFFF	#D3D3D3	1
3465	#FFFFFF	#D3D3D3	1
3466	#FFFFFF	#D3D3D3	1
3467	#FFFFFF	#D3D3D3	1
3468	#FFFFFF	#D3D3D3	1
3469	#FFFFFF	#D3D3D3	1
3470	#FFFFFF	#D3D3D3	104
3471	#FFFFFF	#D3D3D3	1
3480	#FFFFFF	#D3D3D3	104
3481	#FFFFFF	#D3D3D3	104
3482	#FFFFFF	#D3D3D3	1
3483	#FFFFFF	#D3D3D3	1
3484	#FFFFFF	#D3D3D3	4
3485	#FFFFFF	#D3D3D3	120
3486	#FFFFFF	#D3D3D3	120
3487	#FFFFFF	#D3D3D3	120
3488	#FFFFFF	#D3D3D3	120
3489	#FFFFFF	#D3D3D3	120
3490	#FFFFFF	#D3D3D3	151
3491	#FFFFFF	#D3D3D3	120
3492	#FFFFFF	#D3D3D3	151
3493	#FFFFFF	#D3D3D3	151
3494	#FFFFFF	#D3D3D3	151
3495	#FFFFFF	#D3D3D3	19
3496	#FFFFFF	#D3D3D3	120
3497	#FFFFFF	#D3D3D3	120
3498	#FFFFFF	#D3D3D3	120
3499	#FFFFFF	#D3D3D3	120
3500	#FFFFFF	#D3D3D3	19
3501	#FFFFFF	#D3D3D3	120
3502	#FFFFFF	#D3D3D3	19
3503	#FFFFFF	#D3D3D3	19
3504	#FFFFFF	#D3D3D3	19
3505	#FFFFFF	#D3D3D3	19
3506	#FFFFFF	#D3D3D3	120
3507	#FFFFFF	#D3D3D3	19
3508	#FFFFFF	#D3D3D3	120
3509	#FFFFFF	#D3D3D3	120
3510	#FFFFFF	#D3D3D3	19
3511	#FFFFFF	#D3D3D3	120
3512	#FFFFFF	#D3D3D3	120
3513	#FFFFFF	#D3D3D3	120
3514	#FFFFFF	#D3D3D3	120
3515	#FFFFFF	#D3D3D3	120
3516	#FFFFFF	#D3D3D3	19
3517	#FFFFFF	#D3D3D3	1
3518	#FFFFFF	#D3D3D3	1
3519	#FFFFFF	#D3D3D3	1
3520	#FFFFFF	#D3D3D3	257
3521	#FFFFFF	#D3D3D3	1
3522	#FFFFFF	#D3D3D3	1
3523	#FFFFFF	#D3D3D3	1
3531	#FFFFFF	#D3D3D3	120
3532	#FFFFFF	#D3D3D3	257
3533	#FFFFFF	#D3D3D3	120
3534	#FFFFFF	#D3D3D3	120
3535	#FFFFFF	#D3D3D3	120
3536	#FFFFFF	#D3D3D3	120
3537	#FFFFFF	#D3D3D3	120
3538	#FFFFFF	#D3D3D3	120
3539	#FFFFFF	#D3D3D3	120
3540	#FFFFFF	#D3D3D3	120
3541	#FFFFFF	#D3D3D3	120
3542	#FFFFFF	#D3D3D3	151
3543	#FFFFFF	#D3D3D3	151
3544	#FFFFFF	#D3D3D3	151
3545	#FFFFFF	#D3D3D3	151
3546	#FFFFFF	#D3D3D3	19
3547	#FFFFFF	#D3D3D3	120
3548	#FFFFFF	#D3D3D3	19
3549	#FFFFFF	#D3D3D3	120
3550	#FFFFFF	#D3D3D3	19
3551	#FFFFFF	#D3D3D3	19
3552	#FFFFFF	#D3D3D3	19
3553	#FFFFFF	#D3D3D3	19
3554	#FFFFFF	#D3D3D3	19
3555	#FFFFFF	#D3D3D3	19
3556	#FFFFFF	#D3D3D3	120
3557	#FFFFFF	#D3D3D3	120
3558	#FFFFFF	#D3D3D3	120
3559	#FFFFFF	#D3D3D3	19
3560	#FFFFFF	#D3D3D3	257
3561	#FFFFFF	#D3D3D3	120
3562	#FFFFFF	#D3D3D3	120
3563	#FFFFFF	#D3D3D3	120
3564	#FFFFFF	#D3D3D3	120
3565	#FFFFFF	#D3D3D3	120
3566	#FFFFFF	#D3D3D3	19
3567	#FFFFFF	#D3D3D3	19
3568	#FFFFFF	#D3D3D3	19
3569	#FFFFFF	#D3D3D3	1
3570	#FFFFFF	#D3D3D3	1
3571	#FFFFFF	#D3D3D3	120
3572	#FFFFFF	#D3D3D3	1
3573	#FFFFFF	#D3D3D3	1
3581	#FFFFFF	#D3D3D3	257
3582	#FFFFFF	#D3D3D3	257
3583	#FFFFFF	#D3D3D3	120
3584	#FFFFFF	#D3D3D3	120
3585	#FFFFFF	#D3D3D3	120
3586	#FFFFFF	#D3D3D3	120
3587	#FFFFFF	#D3D3D3	120
3588	#FFFFFF	#D3D3D3	120
3589	#FFFFFF	#D3D3D3	120
3590	#FFFFFF	#D3D3D3	120
3591	#FFFFFF	#D3D3D3	120
3592	#FFFFFF	#D3D3D3	120
3593	#FFFFFF	#D3D3D3	120
3594	#FFFFFF	#D3D3D3	151
3595	#FFFFFF	#D3D3D3	151
3596	#FFFFFF	#D3D3D3	19
3597	#FFFFFF	#D3D3D3	120
3598	#FFFFFF	#D3D3D3	120
3599	#FFFFFF	#D3D3D3	120
3600	#FFFFFF	#D3D3D3	19
3601	#FFFFFF	#D3D3D3	120
3602	#FFFFFF	#D3D3D3	19
3603	#FFFFFF	#D3D3D3	19
3604	#FFFFFF	#D3D3D3	19
3605	#FFFFFF	#D3D3D3	19
3606	#FFFFFF	#D3D3D3	120
3607	#FFFFFF	#D3D3D3	19
3608	#FFFFFF	#D3D3D3	120
3609	#FFFFFF	#D3D3D3	19
3610	#FFFFFF	#D3D3D3	257
3611	#FFFFFF	#D3D3D3	120
3612	#FFFFFF	#D3D3D3	120
3613	#FFFFFF	#D3D3D3	120
3614	#FFFFFF	#D3D3D3	120
3615	#FFFFFF	#D3D3D3	120
3616	#FFFFFF	#D3D3D3	19
3617	#FFFFFF	#D3D3D3	19
3618	#FFFFFF	#D3D3D3	19
3619	#FFFFFF	#D3D3D3	1
3620	#FFFFFF	#D3D3D3	1
3621	#FFFFFF	#D3D3D3	257
3622	#FFFFFF	#D3D3D3	1
3623	#FFFFFF	#D3D3D3	1
3632	#FFFFFF	#D3D3D3	257
3633	#FFFFFF	#D3D3D3	257
3634	#FFFFFF	#D3D3D3	120
3635	#FFFFFF	#D3D3D3	120
3636	#FFFFFF	#D3D3D3	120
3637	#FFFFFF	#D3D3D3	120
3638	#FFFFFF	#D3D3D3	120
3639	#FFFFFF	#D3D3D3	120
3640	#FFFFFF	#D3D3D3	120
3641	#FFFFFF	#D3D3D3	120
3642	#FFFFFF	#D3D3D3	120
3643	#FFFFFF	#D3D3D3	120
3644	#FFFFFF	#D3D3D3	151
3645	#FFFFFF	#D3D3D3	120
3646	#FFFFFF	#D3D3D3	151
3647	#FFFFFF	#D3D3D3	19
3648	#FFFFFF	#D3D3D3	19
3649	#FFFFFF	#D3D3D3	120
3650	#FFFFFF	#D3D3D3	257
3651	#FFFFFF	#D3D3D3	120
3652	#FFFFFF	#D3D3D3	232
3653	#FFFFFF	#D3D3D3	232
3654	#FFFFFF	#D3D3D3	19
3655	#FFFFFF	#D3D3D3	19
3656	#FFFFFF	#D3D3D3	19
3657	#FFFFFF	#D3D3D3	120
3658	#FFFFFF	#D3D3D3	19
3659	#FFFFFF	#D3D3D3	19
3660	#FFFFFF	#D3D3D3	19
3661	#FFFFFF	#D3D3D3	257
3662	#FFFFFF	#D3D3D3	120
3663	#FFFFFF	#D3D3D3	120
3664	#FFFFFF	#D3D3D3	120
3665	#FFFFFF	#D3D3D3	120
3666	#FFFFFF	#D3D3D3	120
3667	#FFFFFF	#D3D3D3	19
3668	#FFFFFF	#D3D3D3	19
3669	#FFFFFF	#D3D3D3	1
3670	#FFFFFF	#D3D3D3	1
3671	#FFFFFF	#D3D3D3	1
3672	#FFFFFF	#D3D3D3	257
3673	#FFFFFF	#D3D3D3	1
3682	#FFFFFF	#D3D3D3	257
3683	#FFFFFF	#D3D3D3	257
3684	#FFFFFF	#D3D3D3	120
3685	#FFFFFF	#D3D3D3	120
3686	#FFFFFF	#D3D3D3	120
3687	#FFFFFF	#D3D3D3	120
3688	#FFFFFF	#D3D3D3	120
3689	#FFFFFF	#D3D3D3	120
3690	#FFFFFF	#D3D3D3	120
3691	#FFFFFF	#D3D3D3	120
3692	#FFFFFF	#D3D3D3	120
3693	#FFFFFF	#D3D3D3	120
3694	#FFFFFF	#D3D3D3	120
3695	#FFFFFF	#D3D3D3	151
3696	#FFFFFF	#D3D3D3	120
3697	#FFFFFF	#D3D3D3	151
3698	#FFFFFF	#D3D3D3	19
3699	#FFFFFF	#D3D3D3	19
3700	#FFFFFF	#D3D3D3	120
3701	#FFFFFF	#D3D3D3	120
3702	#FFFFFF	#D3D3D3	120
3703	#FFFFFF	#D3D3D3	232
3704	#FFFFFF	#D3D3D3	19
3705	#FFFFFF	#D3D3D3	19
3706	#FFFFFF	#D3D3D3	19
3707	#FFFFFF	#D3D3D3	120
3708	#FFFFFF	#D3D3D3	120
3709	#FFFFFF	#D3D3D3	19
3710	#FFFFFF	#D3D3D3	19
3711	#FFFFFF	#D3D3D3	257
3712	#FFFFFF	#D3D3D3	120
3713	#FFFFFF	#D3D3D3	120
3714	#FFFFFF	#D3D3D3	120
3715	#FFFFFF	#D3D3D3	120
3716	#FFFFFF	#D3D3D3	19
3717	#FFFFFF	#D3D3D3	19
3718	#FFFFFF	#D3D3D3	19
3719	#FFFFFF	#D3D3D3	1
3720	#FFFFFF	#D3D3D3	1
3721	#FFFFFF	#D3D3D3	1
3722	#FFFFFF	#D3D3D3	257
3723	#FFFFFF	#D3D3D3	1
3733	#FFFFFF	#D3D3D3	257
3734	#FFFFFF	#D3D3D3	257
3735	#FFFFFF	#D3D3D3	257
3736	#FFFFFF	#D3D3D3	120
3737	#FFFFFF	#D3D3D3	120
3738	#FFFFFF	#D3D3D3	120
3739	#FFFFFF	#D3D3D3	120
3740	#FFFFFF	#D3D3D3	120
3741	#FFFFFF	#D3D3D3	120
3742	#FFFFFF	#D3D3D3	120
3743	#FFFFFF	#D3D3D3	120
3744	#FFFFFF	#D3D3D3	120
3745	#FFFFFF	#D3D3D3	151
3746	#FFFFFF	#D3D3D3	151
3747	#FFFFFF	#D3D3D3	120
3748	#FFFFFF	#D3D3D3	151
3749	#FFFFFF	#D3D3D3	149
3750	#FFFFFF	#D3D3D3	149
3751	#FFFFFF	#D3D3D3	120
3752	#FFFFFF	#D3D3D3	120
3753	#FFFFFF	#D3D3D3	232
3754	#FFFFFF	#D3D3D3	120
3755	#FFFFFF	#D3D3D3	120
3756	#FFFFFF	#D3D3D3	19
3757	#FFFFFF	#D3D3D3	120
3758	#FFFFFF	#D3D3D3	19
3759	#FFFFFF	#D3D3D3	120
3760	#FFFFFF	#D3D3D3	120
3761	#FFFFFF	#D3D3D3	120
3762	#FFFFFF	#D3D3D3	257
3763	#FFFFFF	#D3D3D3	120
3764	#FFFFFF	#D3D3D3	120
3765	#FFFFFF	#D3D3D3	120
3766	#FFFFFF	#D3D3D3	120
3767	#FFFFFF	#D3D3D3	19
3768	#FFFFFF	#D3D3D3	19
3769	#FFFFFF	#D3D3D3	1
3770	#FFFFFF	#D3D3D3	1
3771	#FFFFFF	#D3D3D3	1
3772	#FFFFFF	#D3D3D3	1
3773	#FFFFFF	#D3D3D3	257
3783	#FFFFFF	#D3D3D3	257
3784	#FFFFFF	#D3D3D3	257
3785	#FFFFFF	#D3D3D3	257
3786	#FFFFFF	#D3D3D3	120
3787	#FFFFFF	#D3D3D3	120
3788	#FFFFFF	#D3D3D3	120
3789	#FFFFFF	#D3D3D3	120
3790	#FFFFFF	#D3D3D3	120
3791	#FFFFFF	#D3D3D3	120
3792	#FFFFFF	#D3D3D3	120
3793	#FFFFFF	#D3D3D3	120
3794	#FFFFFF	#D3D3D3	120
3795	#FFFFFF	#D3D3D3	120
3796	#FFFFFF	#D3D3D3	120
3797	#FFFFFF	#D3D3D3	120
3798	#FFFFFF	#D3D3D3	120
3799	#FFFFFF	#D3D3D3	120
3800	#FFFFFF	#D3D3D3	149
3801	#FFFFFF	#D3D3D3	120
3802	#FFFFFF	#D3D3D3	120
3803	#FFFFFF	#D3D3D3	120
3804	#FFFFFF	#D3D3D3	120
3805	#FFFFFF	#D3D3D3	120
3806	#FFFFFF	#D3D3D3	120
3807	#FFFFFF	#D3D3D3	19
3808	#FFFFFF	#D3D3D3	19
3809	#FFFFFF	#D3D3D3	120
3810	#FFFFFF	#D3D3D3	120
3811	#FFFFFF	#D3D3D3	120
3812	#FFFFFF	#D3D3D3	120
3813	#FFFFFF	#D3D3D3	120
3814	#FFFFFF	#D3D3D3	120
3815	#FFFFFF	#D3D3D3	120
3816	#FFFFFF	#D3D3D3	120
3817	#FFFFFF	#D3D3D3	19
3818	#FFFFFF	#D3D3D3	19
3819	#FFFFFF	#D3D3D3	19
3820	#FFFFFF	#D3D3D3	1
3821	#FFFFFF	#D3D3D3	1
3822	#FFFFFF	#D3D3D3	1
3823	#FFFFFF	#D3D3D3	120
3834	#FFFFFF	#D3D3D3	120
3835	#FFFFFF	#D3D3D3	257
3836	#FFFFFF	#D3D3D3	257
3837	#FFFFFF	#D3D3D3	120
3838	#FFFFFF	#D3D3D3	120
3839	#FFFFFF	#D3D3D3	120
3840	#FFFFFF	#D3D3D3	120
3841	#FFFFFF	#D3D3D3	120
3842	#FFFFFF	#D3D3D3	120
3843	#FFFFFF	#D3D3D3	120
3844	#FFFFFF	#D3D3D3	120
3845	#FFFFFF	#D3D3D3	120
3846	#FFFFFF	#D3D3D3	120
3847	#FFFFFF	#D3D3D3	120
3848	#FFFFFF	#D3D3D3	120
3849	#FFFFFF	#D3D3D3	120
3850	#FFFFFF	#D3D3D3	120
3851	#FFFFFF	#D3D3D3	120
3852	#FFFFFF	#D3D3D3	120
3853	#FFFFFF	#D3D3D3	120
3854	#FFFFFF	#D3D3D3	120
3855	#FFFFFF	#D3D3D3	120
3856	#FFFFFF	#D3D3D3	120
3857	#FFFFFF	#D3D3D3	19
3858	#FFFFFF	#D3D3D3	19
3859	#FFFFFF	#D3D3D3	19
3860	#FFFFFF	#D3D3D3	120
3861	#FFFFFF	#D3D3D3	120
3862	#FFFFFF	#D3D3D3	120
3863	#FFFFFF	#D3D3D3	120
3864	#FFFFFF	#D3D3D3	120
3865	#FFFFFF	#D3D3D3	120
3866	#FFFFFF	#D3D3D3	120
3867	#FFFFFF	#D3D3D3	120
3868	#FFFFFF	#D3D3D3	120
3869	#FFFFFF	#D3D3D3	19
3870	#FFFFFF	#D3D3D3	19
3871	#FFFFFF	#D3D3D3	1
3872	#FFFFFF	#D3D3D3	1
3874	#FFFFFF	#D3D3D3	120
3884	#FFFFFF	#D3D3D3	257
3885	#FFFFFF	#D3D3D3	257
3886	#FFFFFF	#D3D3D3	120
3887	#FFFFFF	#D3D3D3	120
3888	#FFFFFF	#D3D3D3	120
3889	#FFFFFF	#D3D3D3	120
3890	#FFFFFF	#D3D3D3	120
3891	#FFFFFF	#D3D3D3	120
3892	#FFFFFF	#D3D3D3	120
3893	#FFFFFF	#D3D3D3	120
3894	#FFFFFF	#D3D3D3	120
3895	#FFFFFF	#D3D3D3	120
3896	#FFFFFF	#D3D3D3	120
3897	#FFFFFF	#D3D3D3	120
3898	#FFFFFF	#D3D3D3	120
3899	#FFFFFF	#D3D3D3	120
3900	#FFFFFF	#D3D3D3	120
3901	#FFFFFF	#D3D3D3	120
3902	#FFFFFF	#D3D3D3	120
3903	#FFFFFF	#D3D3D3	120
3904	#FFFFFF	#D3D3D3	120
3905	#FFFFFF	#D3D3D3	120
3906	#FFFFFF	#D3D3D3	120
3907	#FFFFFF	#D3D3D3	19
3908	#FFFFFF	#D3D3D3	19
3909	#FFFFFF	#D3D3D3	120
3910	#FFFFFF	#D3D3D3	19
3911	#FFFFFF	#D3D3D3	120
3912	#FFFFFF	#D3D3D3	120
3913	#FFFFFF	#D3D3D3	120
3914	#FFFFFF	#D3D3D3	120
3915	#FFFFFF	#D3D3D3	120
3916	#FFFFFF	#D3D3D3	120
3917	#FFFFFF	#D3D3D3	120
3918	#FFFFFF	#D3D3D3	120
3919	#FFFFFF	#D3D3D3	19
3920	#FFFFFF	#D3D3D3	19
3921	#FFFFFF	#D3D3D3	19
3922	#FFFFFF	#D3D3D3	1
3924	#FFFFFF	#D3D3D3	120
3935	#FFFFFF	#D3D3D3	257
3936	#FFFFFF	#D3D3D3	257
3937	#FFFFFF	#D3D3D3	257
3938	#FFFFFF	#D3D3D3	120
3939	#FFFFFF	#D3D3D3	120
3940	#FFFFFF	#D3D3D3	120
3941	#FFFFFF	#D3D3D3	120
3942	#FFFFFF	#D3D3D3	120
3943	#FFFFFF	#D3D3D3	120
3944	#FFFFFF	#D3D3D3	120
3945	#FFFFFF	#D3D3D3	120
3946	#FFFFFF	#D3D3D3	120
3947	#FFFFFF	#D3D3D3	26
3948	#FFFFFF	#D3D3D3	120
3949	#FFFFFF	#D3D3D3	120
3950	#FFFFFF	#D3D3D3	120
3951	#FFFFFF	#D3D3D3	120
3952	#FFFFFF	#D3D3D3	26
3953	#FFFFFF	#D3D3D3	120
3954	#FFFFFF	#D3D3D3	120
3955	#FFFFFF	#D3D3D3	120
3956	#FFFFFF	#D3D3D3	120
3957	#FFFFFF	#D3D3D3	120
3958	#FFFFFF	#D3D3D3	19
3959	#FFFFFF	#D3D3D3	19
3960	#FFFFFF	#D3D3D3	120
3961	#FFFFFF	#D3D3D3	120
3962	#FFFFFF	#D3D3D3	120
3963	#FFFFFF	#D3D3D3	120
3964	#FFFFFF	#D3D3D3	120
3965	#FFFFFF	#D3D3D3	120
3966	#FFFFFF	#D3D3D3	120
3967	#FFFFFF	#D3D3D3	120
3968	#FFFFFF	#D3D3D3	120
3969	#FFFFFF	#D3D3D3	19
3970	#FFFFFF	#D3D3D3	19
3971	#FFFFFF	#D3D3D3	19
3972	#FFFFFF	#D3D3D3	1
3975	#FFFFFF	#D3D3D3	257
3985	#FFFFFF	#D3D3D3	120
3986	#FFFFFF	#D3D3D3	120
3987	#FFFFFF	#D3D3D3	120
3988	#FFFFFF	#D3D3D3	120
3989	#FFFFFF	#D3D3D3	120
4041	#FFFFFF	#D3D3D3	4
4042	#FFFFFF	#D3D3D3	4
4043	#FFFFFF	#D3D3D3	4
4044	#FFFFFF	#D3D3D3	4
4045	#FFFFFF	#D3D3D3	1
4046	#FFFFFF	#D3D3D3	1
4047	#FFFFFF	#D3D3D3	1
4048	#FFFFFF	#D3D3D3	4
4049	#FFFFFF	#D3D3D3	1
4050	#FFFFFF	#D3D3D3	1
4051	#FFFFFF	#D3D3D3	1
4052	#FFFFFF	#D3D3D3	1
4053	#FFFFFF	#D3D3D3	4
4054	#FFFFFF	#D3D3D3	1
4055	#FFFFFF	#D3D3D3	4
4056	#FFFFFF	#D3D3D3	4
4057	#FFFFFF	#D3D3D3	4
4058	#FFFFFF	#D3D3D3	4
4059	#FFFFFF	#D3D3D3	1
4060	#FFFFFF	#D3D3D3	1
4061	#FFFFFF	#D3D3D3	1
4062	#FFFFFF	#D3D3D3	1
4063	#FFFFFF	#D3D3D3	4
4064	#FFFFFF	#D3D3D3	4
4065	#FFFFFF	#D3D3D3	1
4066	#FFFFFF	#D3D3D3	4
4067	#FFFFFF	#D3D3D3	4
4068	#FFFFFF	#D3D3D3	4
4069	#FFFFFF	#D3D3D3	4
4070	#FFFFFF	#D3D3D3	1
4071	#FFFFFF	#D3D3D3	1
4072	#FFFFFF	#D3D3D3	1
4073	#FFFFFF	#D3D3D3	1
4074	#FFFFFF	#D3D3D3	1
4075	#FFFFFF	#D3D3D3	1
4076	#FFFFFF	#D3D3D3	104
4077	#FFFFFF	#D3D3D3	1
4078	#FFFFFF	#D3D3D3	1
4087	#FFFFFF	#D3D3D3	104
4088	#FFFFFF	#D3D3D3	104
4089	#FFFFFF	#D3D3D3	1
4090	#FFFFFF	#D3D3D3	1
4091	#FFFFFF	#D3D3D3	1
4092	#FFFFFF	#D3D3D3	4
4093	#FFFFFF	#D3D3D3	1
4094	#FFFFFF	#D3D3D3	1
4095	#FFFFFF	#D3D3D3	4
4096	#FFFFFF	#D3D3D3	1
4097	#FFFFFF	#D3D3D3	1
4098	#FFFFFF	#D3D3D3	4
4099	#FFFFFF	#D3D3D3	4
4100	#FFFFFF	#D3D3D3	1
4101	#FFFFFF	#D3D3D3	1
4102	#FFFFFF	#D3D3D3	1
4103	#FFFFFF	#D3D3D3	4
4104	#FFFFFF	#D3D3D3	4
4105	#FFFFFF	#D3D3D3	1
4106	#FFFFFF	#D3D3D3	4
4107	#FFFFFF	#D3D3D3	4
4108	#FFFFFF	#D3D3D3	4
4109	#FFFFFF	#D3D3D3	1
4110	#FFFFFF	#D3D3D3	1
4111	#FFFFFF	#D3D3D3	1
4112	#FFFFFF	#D3D3D3	1
4113	#FFFFFF	#D3D3D3	1
4114	#FFFFFF	#D3D3D3	4
4115	#FFFFFF	#D3D3D3	4
4116	#FFFFFF	#D3D3D3	104
4117	#FFFFFF	#D3D3D3	4
4118	#FFFFFF	#D3D3D3	4
4119	#FFFFFF	#D3D3D3	1
4120	#FFFFFF	#D3D3D3	1
4121	#FFFFFF	#D3D3D3	1
4122	#FFFFFF	#D3D3D3	1
4123	#FFFFFF	#D3D3D3	381
4124	#FFFFFF	#D3D3D3	1
4125	#FFFFFF	#D3D3D3	1
4126	#FFFFFF	#D3D3D3	1
4127	#FFFFFF	#D3D3D3	104
4128	#FFFFFF	#D3D3D3	1
4129	#FFFFFF	#D3D3D3	420
4137	#FFFFFF	#D3D3D3	104
4138	#FFFFFF	#D3D3D3	1
4139	#FFFFFF	#D3D3D3	1
4140	#FFFFFF	#D3D3D3	1
4141	#FFFFFF	#D3D3D3	4
4142	#FFFFFF	#D3D3D3	4
4143	#FFFFFF	#D3D3D3	1
4144	#FFFFFF	#D3D3D3	1
4145	#FFFFFF	#D3D3D3	4
4146	#FFFFFF	#D3D3D3	1
4147	#FFFFFF	#D3D3D3	4
4148	#FFFFFF	#D3D3D3	4
4149	#FFFFFF	#D3D3D3	4
4150	#FFFFFF	#D3D3D3	1
4151	#FFFFFF	#D3D3D3	1
4152	#FFFFFF	#D3D3D3	28
4153	#FFFFFF	#D3D3D3	1
4154	#FFFFFF	#D3D3D3	1
4155	#FFFFFF	#D3D3D3	1
4156	#FFFFFF	#D3D3D3	4
4157	#FFFFFF	#D3D3D3	4
4158	#FFFFFF	#D3D3D3	4
4159	#FFFFFF	#D3D3D3	4
4160	#FFFFFF	#D3D3D3	1
4161	#FFFFFF	#D3D3D3	1
4162	#FFFFFF	#D3D3D3	1
4163	#FFFFFF	#D3D3D3	1
4164	#FFFFFF	#D3D3D3	4
4165	#FFFFFF	#D3D3D3	4
4166	#FFFFFF	#D3D3D3	1
4167	#FFFFFF	#D3D3D3	4
4168	#FFFFFF	#D3D3D3	4
4169	#FFFFFF	#D3D3D3	4
4170	#FFFFFF	#D3D3D3	1
4171	#FFFFFF	#D3D3D3	1
4172	#FFFFFF	#D3D3D3	1
4173	#FFFFFF	#D3D3D3	381
4174	#FFFFFF	#D3D3D3	1
4175	#FFFFFF	#D3D3D3	1
4176	#FFFFFF	#D3D3D3	1
4177	#FFFFFF	#D3D3D3	104
4178	#FFFFFF	#D3D3D3	1
4179	#FFFFFF	#D3D3D3	1
4180	#FFFFFF	#D3D3D3	1
4188	#FFFFFF	#D3D3D3	104
4189	#FFFFFF	#D3D3D3	104
4190	#FFFFFF	#D3D3D3	1
4191	#FFFFFF	#D3D3D3	1
4192	#FFFFFF	#D3D3D3	1
4193	#FFFFFF	#D3D3D3	4
4194	#FFFFFF	#D3D3D3	1
4195	#FFFFFF	#D3D3D3	1
4196	#FFFFFF	#D3D3D3	4
4197	#FFFFFF	#D3D3D3	4
4198	#FFFFFF	#D3D3D3	4
4199	#FFFFFF	#D3D3D3	1
4200	#FFFFFF	#D3D3D3	4
4201	#FFFFFF	#D3D3D3	1
4202	#FFFFFF	#D3D3D3	28
4203	#FFFFFF	#D3D3D3	1
4204	#FFFFFF	#D3D3D3	1
4205	#FFFFFF	#D3D3D3	4
4206	#FFFFFF	#D3D3D3	1
4207	#FFFFFF	#D3D3D3	4
4208	#FFFFFF	#D3D3D3	4
4209	#FFFFFF	#D3D3D3	4
4210	#FFFFFF	#D3D3D3	4
4211	#FFFFFF	#D3D3D3	1
4212	#FFFFFF	#D3D3D3	1
4213	#FFFFFF	#D3D3D3	1
4214	#FFFFFF	#D3D3D3	1
4215	#FFFFFF	#D3D3D3	1
4216	#FFFFFF	#D3D3D3	1
4217	#FFFFFF	#D3D3D3	104
4218	#FFFFFF	#D3D3D3	4
4219	#FFFFFF	#D3D3D3	4
4220	#FFFFFF	#D3D3D3	1
4221	#FFFFFF	#D3D3D3	1
4222	#FFFFFF	#D3D3D3	1
4223	#FFFFFF	#D3D3D3	1
4224	#FFFFFF	#D3D3D3	381
4225	#FFFFFF	#D3D3D3	1
4226	#FFFFFF	#D3D3D3	1
4227	#FFFFFF	#D3D3D3	1
4228	#FFFFFF	#D3D3D3	104
4229	#FFFFFF	#D3D3D3	1
4230	#FFFFFF	#D3D3D3	1
4231	#FFFFFF	#D3D3D3	54
4238	#FFFFFF	#D3D3D3	104
4239	#FFFFFF	#D3D3D3	104
4240	#FFFFFF	#D3D3D3	1
4241	#FFFFFF	#D3D3D3	1
4242	#FFFFFF	#D3D3D3	1
4243	#FFFFFF	#D3D3D3	4
4244	#FFFFFF	#D3D3D3	1
4245	#FFFFFF	#D3D3D3	1
4246	#FFFFFF	#D3D3D3	1
4247	#FFFFFF	#D3D3D3	4
4248	#FFFFFF	#D3D3D3	1
4249	#FFFFFF	#D3D3D3	1
4250	#FFFFFF	#D3D3D3	1
4251	#FFFFFF	#D3D3D3	1
4252	#FFFFFF	#D3D3D3	28
4253	#FFFFFF	#D3D3D3	1
4254	#FFFFFF	#D3D3D3	1
4255	#FFFFFF	#D3D3D3	4
4256	#FFFFFF	#D3D3D3	1
4257	#FFFFFF	#D3D3D3	4
4258	#FFFFFF	#D3D3D3	4
4259	#FFFFFF	#D3D3D3	4
4260	#FFFFFF	#D3D3D3	1
4261	#FFFFFF	#D3D3D3	1
4262	#FFFFFF	#D3D3D3	1
4263	#FFFFFF	#D3D3D3	1
4264	#FFFFFF	#D3D3D3	28
4265	#FFFFFF	#D3D3D3	1
4266	#FFFFFF	#D3D3D3	1
4267	#FFFFFF	#D3D3D3	1
4268	#FFFFFF	#D3D3D3	1
4269	#FFFFFF	#D3D3D3	1
4270	#FFFFFF	#D3D3D3	4
4271	#FFFFFF	#D3D3D3	4
4272	#FFFFFF	#D3D3D3	1
4273	#FFFFFF	#D3D3D3	1
4274	#FFFFFF	#D3D3D3	381
4275	#FFFFFF	#D3D3D3	381
4276	#FFFFFF	#D3D3D3	1
4277	#FFFFFF	#D3D3D3	1
4278	#FFFFFF	#D3D3D3	104
4279	#FFFFFF	#D3D3D3	1
4280	#FFFFFF	#D3D3D3	1
4281	#FFFFFF	#D3D3D3	54
4282	#FFFFFF	#D3D3D3	54
4289	#FFFFFF	#D3D3D3	104
4290	#FFFFFF	#D3D3D3	1
4291	#FFFFFF	#D3D3D3	1
4292	#FFFFFF	#D3D3D3	1
4293	#FFFFFF	#D3D3D3	1
4294	#FFFFFF	#D3D3D3	4
4295	#FFFFFF	#D3D3D3	1
4296	#FFFFFF	#D3D3D3	1
4297	#FFFFFF	#D3D3D3	1
4298	#FFFFFF	#D3D3D3	1
4299	#FFFFFF	#D3D3D3	1
4300	#FFFFFF	#D3D3D3	1
4301	#FFFFFF	#D3D3D3	1
4302	#FFFFFF	#D3D3D3	1
4303	#FFFFFF	#D3D3D3	28
4304	#FFFFFF	#D3D3D3	28
4305	#FFFFFF	#D3D3D3	1
4306	#FFFFFF	#D3D3D3	1
4307	#FFFFFF	#D3D3D3	1
4308	#FFFFFF	#D3D3D3	4
4309	#FFFFFF	#D3D3D3	4
4310	#FFFFFF	#D3D3D3	4
4311	#FFFFFF	#D3D3D3	1
4312	#FFFFFF	#D3D3D3	1
4313	#FFFFFF	#D3D3D3	1
4314	#FFFFFF	#D3D3D3	28
4315	#FFFFFF	#D3D3D3	28
4316	#FFFFFF	#D3D3D3	1
4317	#FFFFFF	#D3D3D3	1
4318	#FFFFFF	#D3D3D3	1
4319	#FFFFFF	#D3D3D3	1
4320	#FFFFFF	#D3D3D3	1
4321	#FFFFFF	#D3D3D3	4
4322	#FFFFFF	#D3D3D3	4
4323	#FFFFFF	#D3D3D3	1
4324	#FFFFFF	#D3D3D3	1
4325	#FFFFFF	#D3D3D3	381
4326	#FFFFFF	#D3D3D3	1
4327	#FFFFFF	#D3D3D3	1
4328	#FFFFFF	#D3D3D3	1
4329	#FFFFFF	#D3D3D3	1
4330	#FFFFFF	#D3D3D3	1
4331	#FFFFFF	#D3D3D3	1
4332	#FFFFFF	#D3D3D3	54
4333	#FFFFFF	#D3D3D3	54
4339	#FFFFFF	#D3D3D3	104
4340	#FFFFFF	#D3D3D3	1
4341	#FFFFFF	#D3D3D3	1
4342	#FFFFFF	#D3D3D3	104
4343	#FFFFFF	#D3D3D3	104
4344	#FFFFFF	#D3D3D3	4
4345	#FFFFFF	#D3D3D3	4
4346	#FFFFFF	#D3D3D3	1
4347	#FFFFFF	#D3D3D3	104
4348	#FFFFFF	#D3D3D3	1
4349	#FFFFFF	#D3D3D3	1
4350	#FFFFFF	#D3D3D3	104
4351	#FFFFFF	#D3D3D3	1
4352	#FFFFFF	#D3D3D3	1
4353	#FFFFFF	#D3D3D3	28
4354	#FFFFFF	#D3D3D3	28
4355	#FFFFFF	#D3D3D3	1
4356	#FFFFFF	#D3D3D3	1
4357	#FFFFFF	#D3D3D3	1
4358	#FFFFFF	#D3D3D3	1
4359	#FFFFFF	#D3D3D3	4
4360	#FFFFFF	#D3D3D3	4
4361	#FFFFFF	#D3D3D3	4
4362	#FFFFFF	#D3D3D3	1
4363	#FFFFFF	#D3D3D3	1
4364	#FFFFFF	#D3D3D3	28
4365	#FFFFFF	#D3D3D3	1
4366	#FFFFFF	#D3D3D3	28
4367	#FFFFFF	#D3D3D3	1
4368	#FFFFFF	#D3D3D3	1
4369	#FFFFFF	#D3D3D3	1
4370	#FFFFFF	#D3D3D3	125
4371	#FFFFFF	#D3D3D3	1
4372	#FFFFFF	#D3D3D3	4
4373	#FFFFFF	#D3D3D3	1
4374	#FFFFFF	#D3D3D3	1
4375	#FFFFFF	#D3D3D3	1
4376	#FFFFFF	#D3D3D3	381
4377	#FFFFFF	#D3D3D3	1
4378	#FFFFFF	#D3D3D3	1
4379	#FFFFFF	#D3D3D3	1
4380	#FFFFFF	#D3D3D3	1
4381	#FFFFFF	#D3D3D3	1
4382	#FFFFFF	#D3D3D3	1
4383	#FFFFFF	#D3D3D3	54
4384	#FFFFFF	#D3D3D3	54
4390	#FFFFFF	#D3D3D3	104
4391	#FFFFFF	#D3D3D3	1
4392	#FFFFFF	#D3D3D3	1
4393	#FFFFFF	#D3D3D3	1
4394	#FFFFFF	#D3D3D3	104
4395	#FFFFFF	#D3D3D3	4
4396	#FFFFFF	#D3D3D3	1
4397	#FFFFFF	#D3D3D3	1
4398	#FFFFFF	#D3D3D3	104
4399	#FFFFFF	#D3D3D3	1
4400	#FFFFFF	#D3D3D3	104
4401	#FFFFFF	#D3D3D3	104
4402	#FFFFFF	#D3D3D3	104
4403	#FFFFFF	#D3D3D3	1
4404	#FFFFFF	#D3D3D3	28
4405	#FFFFFF	#D3D3D3	28
4406	#FFFFFF	#D3D3D3	1
4407	#FFFFFF	#D3D3D3	1
4408	#FFFFFF	#D3D3D3	1
4409	#FFFFFF	#D3D3D3	28
4410	#FFFFFF	#D3D3D3	4
4411	#FFFFFF	#D3D3D3	4
4412	#FFFFFF	#D3D3D3	4
4413	#FFFFFF	#D3D3D3	4
4414	#FFFFFF	#D3D3D3	1
4415	#FFFFFF	#D3D3D3	28
4416	#FFFFFF	#D3D3D3	1
4417	#FFFFFF	#D3D3D3	1
4418	#FFFFFF	#D3D3D3	1
4419	#FFFFFF	#D3D3D3	1
4420	#FFFFFF	#D3D3D3	1
4421	#FFFFFF	#D3D3D3	125
4422	#FFFFFF	#D3D3D3	1
4423	#FFFFFF	#D3D3D3	1
4424	#FFFFFF	#D3D3D3	1
4425	#FFFFFF	#D3D3D3	1
4426	#FFFFFF	#D3D3D3	1
4427	#FFFFFF	#D3D3D3	1
4428	#FFFFFF	#D3D3D3	1
4429	#FFFFFF	#D3D3D3	1
4430	#FFFFFF	#D3D3D3	104
4431	#FFFFFF	#D3D3D3	1
4432	#FFFFFF	#D3D3D3	54
4433	#FFFFFF	#D3D3D3	1
4434	#FFFFFF	#D3D3D3	54
4435	#FFFFFF	#D3D3D3	54
4440	#FFFFFF	#D3D3D3	104
4441	#FFFFFF	#D3D3D3	1
4442	#FFFFFF	#D3D3D3	1
4443	#FFFFFF	#D3D3D3	1
4444	#FFFFFF	#D3D3D3	104
4445	#FFFFFF	#D3D3D3	4
4446	#FFFFFF	#D3D3D3	4
4447	#FFFFFF	#D3D3D3	1
4448	#FFFFFF	#D3D3D3	104
4449	#FFFFFF	#D3D3D3	104
4450	#FFFFFF	#D3D3D3	104
4451	#FFFFFF	#D3D3D3	1
4452	#FFFFFF	#D3D3D3	104
4453	#FFFFFF	#D3D3D3	1
4454	#FFFFFF	#D3D3D3	28
4455	#FFFFFF	#D3D3D3	28
4456	#FFFFFF	#D3D3D3	28
4457	#FFFFFF	#D3D3D3	1
4458	#FFFFFF	#D3D3D3	1
4459	#FFFFFF	#D3D3D3	28
4460	#FFFFFF	#D3D3D3	4
4461	#FFFFFF	#D3D3D3	4
4462	#FFFFFF	#D3D3D3	1
4463	#FFFFFF	#D3D3D3	4
4464	#FFFFFF	#D3D3D3	1
4465	#FFFFFF	#D3D3D3	1
4466	#FFFFFF	#D3D3D3	28
4467	#FFFFFF	#D3D3D3	1
4468	#FFFFFF	#D3D3D3	1
4469	#FFFFFF	#D3D3D3	1
4470	#FFFFFF	#D3D3D3	1
4471	#FFFFFF	#D3D3D3	1
4472	#FFFFFF	#D3D3D3	125
4473	#FFFFFF	#D3D3D3	125
4474	#FFFFFF	#D3D3D3	1
4475	#FFFFFF	#D3D3D3	1
4476	#FFFFFF	#D3D3D3	1
4477	#FFFFFF	#D3D3D3	1
4478	#FFFFFF	#D3D3D3	1
4479	#FFFFFF	#D3D3D3	54
4480	#FFFFFF	#D3D3D3	104
4481	#FFFFFF	#D3D3D3	54
4482	#FFFFFF	#D3D3D3	54
4483	#FFFFFF	#D3D3D3	54
4484	#FFFFFF	#D3D3D3	54
4485	#FFFFFF	#D3D3D3	54
4486	#FFFFFF	#D3D3D3	54
4491	#FFFFFF	#D3D3D3	104
4492	#FFFFFF	#D3D3D3	1
4493	#FFFFFF	#D3D3D3	104
4494	#FFFFFF	#D3D3D3	1
4495	#FFFFFF	#D3D3D3	104
4496	#FFFFFF	#D3D3D3	1
4497	#FFFFFF	#D3D3D3	1
4498	#FFFFFF	#D3D3D3	1
4499	#FFFFFF	#D3D3D3	104
4500	#FFFFFF	#D3D3D3	104
4501	#FFFFFF	#D3D3D3	1
4502	#FFFFFF	#D3D3D3	104
4503	#FFFFFF	#D3D3D3	1
4504	#FFFFFF	#D3D3D3	1
4505	#FFFFFF	#D3D3D3	28
4506	#FFFFFF	#D3D3D3	28
4507	#FFFFFF	#D3D3D3	28
4508	#FFFFFF	#D3D3D3	28
4509	#FFFFFF	#D3D3D3	1
4510	#FFFFFF	#D3D3D3	4
4511	#FFFFFF	#D3D3D3	4
4512	#FFFFFF	#D3D3D3	28
4513	#FFFFFF	#D3D3D3	1
4514	#FFFFFF	#D3D3D3	1
4515	#FFFFFF	#D3D3D3	28
4516	#FFFFFF	#D3D3D3	28
4517	#FFFFFF	#D3D3D3	1
4518	#FFFFFF	#D3D3D3	1
4519	#FFFFFF	#D3D3D3	1
4520	#FFFFFF	#D3D3D3	104
4521	#FFFFFF	#D3D3D3	1
4522	#FFFFFF	#D3D3D3	1
4523	#FFFFFF	#D3D3D3	125
4524	#FFFFFF	#D3D3D3	1
4525	#FFFFFF	#D3D3D3	1
4526	#FFFFFF	#D3D3D3	1
4527	#FFFFFF	#D3D3D3	1
4528	#FFFFFF	#D3D3D3	1
4529	#FFFFFF	#D3D3D3	1
4530	#FFFFFF	#D3D3D3	54
4531	#FFFFFF	#D3D3D3	1
4532	#FFFFFF	#D3D3D3	54
4533	#FFFFFF	#D3D3D3	54
4534	#FFFFFF	#D3D3D3	54
4535	#FFFFFF	#D3D3D3	54
4536	#FFFFFF	#D3D3D3	54
4537	#FFFFFF	#D3D3D3	54
4541	#FFFFFF	#D3D3D3	104
4542	#FFFFFF	#D3D3D3	1
4543	#FFFFFF	#D3D3D3	104
4544	#FFFFFF	#D3D3D3	104
4545	#FFFFFF	#D3D3D3	104
4546	#FFFFFF	#D3D3D3	462
4547	#FFFFFF	#D3D3D3	4
4548	#FFFFFF	#D3D3D3	4
4549	#FFFFFF	#D3D3D3	219
4550	#FFFFFF	#D3D3D3	219
4551	#FFFFFF	#D3D3D3	4
4552	#FFFFFF	#D3D3D3	4
4553	#FFFFFF	#D3D3D3	1
4554	#FFFFFF	#D3D3D3	1
4555	#FFFFFF	#D3D3D3	1
4556	#FFFFFF	#D3D3D3	4
4557	#FFFFFF	#D3D3D3	4
4558	#FFFFFF	#D3D3D3	443
4559	#FFFFFF	#D3D3D3	4
4560	#FFFFFF	#D3D3D3	4
4561	#FFFFFF	#D3D3D3	4
4562	#FFFFFF	#D3D3D3	4
4563	#FFFFFF	#D3D3D3	4
4564	#FFFFFF	#D3D3D3	4
4565	#FFFFFF	#D3D3D3	4
4566	#FFFFFF	#D3D3D3	4
4567	#FFFFFF	#D3D3D3	4
4568	#FFFFFF	#D3D3D3	4
4569	#FFFFFF	#D3D3D3	4
4570	#FFFFFF	#D3D3D3	1
4571	#FFFFFF	#D3D3D3	4
4572	#FFFFFF	#D3D3D3	199
4573	#FFFFFF	#D3D3D3	199
4574	#FFFFFF	#D3D3D3	4
4575	#FFFFFF	#D3D3D3	1
4576	#FFFFFF	#D3D3D3	1
4577	#FFFFFF	#D3D3D3	1
4581	#FFFFFF	#D3D3D3	1
4592	#FFFFFF	#D3D3D3	1
4593	#FFFFFF	#D3D3D3	4
4594	#FFFFFF	#D3D3D3	4
4595	#FFFFFF	#D3D3D3	4
4596	#FFFFFF	#D3D3D3	4
4597	#FFFFFF	#D3D3D3	4
4598	#FFFFFF	#D3D3D3	4
4599	#FFFFFF	#D3D3D3	4
4600	#FFFFFF	#D3D3D3	219
4601	#FFFFFF	#D3D3D3	219
4602	#FFFFFF	#D3D3D3	4
4603	#FFFFFF	#D3D3D3	4
4604	#FFFFFF	#D3D3D3	1
4605	#FFFFFF	#D3D3D3	1
4606	#FFFFFF	#D3D3D3	4
4607	#FFFFFF	#D3D3D3	4
4608	#FFFFFF	#D3D3D3	443
4609	#FFFFFF	#D3D3D3	4
4610	#FFFFFF	#D3D3D3	4
4611	#FFFFFF	#D3D3D3	4
4612	#FFFFFF	#D3D3D3	4
4613	#FFFFFF	#D3D3D3	4
4614	#FFFFFF	#D3D3D3	4
4615	#FFFFFF	#D3D3D3	4
4616	#FFFFFF	#D3D3D3	4
4617	#FFFFFF	#D3D3D3	4
4618	#FFFFFF	#D3D3D3	4
4619	#FFFFFF	#D3D3D3	4
4620	#FFFFFF	#D3D3D3	4
4621	#FFFFFF	#D3D3D3	1
4622	#FFFFFF	#D3D3D3	199
4623	#FFFFFF	#D3D3D3	199
4624	#FFFFFF	#D3D3D3	199
4625	#FFFFFF	#D3D3D3	4
4626	#FFFFFF	#D3D3D3	1
4627	#FFFFFF	#D3D3D3	1
4632	#FFFFFF	#D3D3D3	4
4642	#FFFFFF	#D3D3D3	4
4643	#FFFFFF	#D3D3D3	4
4644	#FFFFFF	#D3D3D3	4
4645	#FFFFFF	#D3D3D3	4
4646	#FFFFFF	#D3D3D3	219
4647	#FFFFFF	#D3D3D3	4
4648	#FFFFFF	#D3D3D3	4
4649	#FFFFFF	#D3D3D3	4
4650	#FFFFFF	#D3D3D3	219
4651	#FFFFFF	#D3D3D3	219
4652	#FFFFFF	#D3D3D3	4
4653	#FFFFFF	#D3D3D3	4
4654	#FFFFFF	#D3D3D3	4
4655	#FFFFFF	#D3D3D3	4
4656	#FFFFFF	#D3D3D3	4
4657	#FFFFFF	#D3D3D3	443
4658	#FFFFFF	#D3D3D3	443
4659	#FFFFFF	#D3D3D3	4
4660	#FFFFFF	#D3D3D3	4
4661	#FFFFFF	#D3D3D3	4
4662	#FFFFFF	#D3D3D3	4
4663	#FFFFFF	#D3D3D3	395
4664	#FFFFFF	#D3D3D3	395
4665	#FFFFFF	#D3D3D3	4
4666	#FFFFFF	#D3D3D3	4
4667	#FFFFFF	#D3D3D3	4
4668	#FFFFFF	#D3D3D3	4
4669	#FFFFFF	#D3D3D3	4
4670	#FFFFFF	#D3D3D3	4
4671	#FFFFFF	#D3D3D3	4
4672	#FFFFFF	#D3D3D3	4
4673	#FFFFFF	#D3D3D3	199
4674	#FFFFFF	#D3D3D3	4
4675	#FFFFFF	#D3D3D3	4
4676	#FFFFFF	#D3D3D3	1
4677	#FFFFFF	#D3D3D3	1
4682	#FFFFFF	#D3D3D3	4
4693	#FFFFFF	#D3D3D3	4
4694	#FFFFFF	#D3D3D3	4
4695	#FFFFFF	#D3D3D3	4
4696	#FFFFFF	#D3D3D3	4
4697	#FFFFFF	#D3D3D3	4
4698	#FFFFFF	#D3D3D3	4
4699	#FFFFFF	#D3D3D3	4
4700	#FFFFFF	#D3D3D3	406
4701	#FFFFFF	#D3D3D3	219
4702	#FFFFFF	#D3D3D3	219
4703	#FFFFFF	#D3D3D3	4
4704	#FFFFFF	#D3D3D3	4
4705	#FFFFFF	#D3D3D3	4
4706	#FFFFFF	#D3D3D3	443
4707	#FFFFFF	#D3D3D3	4
4708	#FFFFFF	#D3D3D3	443
4709	#FFFFFF	#D3D3D3	4
4710	#FFFFFF	#D3D3D3	4
4711	#FFFFFF	#D3D3D3	4
4712	#FFFFFF	#D3D3D3	4
4713	#FFFFFF	#D3D3D3	4
4714	#FFFFFF	#D3D3D3	395
4715	#FFFFFF	#D3D3D3	395
4716	#FFFFFF	#D3D3D3	4
4717	#FFFFFF	#D3D3D3	4
4718	#FFFFFF	#D3D3D3	4
4719	#FFFFFF	#D3D3D3	4
4720	#FFFFFF	#D3D3D3	4
4721	#FFFFFF	#D3D3D3	199
4722	#FFFFFF	#D3D3D3	4
4723	#FFFFFF	#D3D3D3	199
4724	#FFFFFF	#D3D3D3	4
4725	#FFFFFF	#D3D3D3	4
4726	#FFFFFF	#D3D3D3	4
4727	#FFFFFF	#D3D3D3	1
4733	#FFFFFF	#D3D3D3	4
4743	#FFFFFF	#D3D3D3	4
4744	#FFFFFF	#D3D3D3	4
4745	#FFFFFF	#D3D3D3	4
4746	#FFFFFF	#D3D3D3	4
4747	#FFFFFF	#D3D3D3	4
4748	#FFFFFF	#D3D3D3	406
4749	#FFFFFF	#D3D3D3	4
4750	#FFFFFF	#D3D3D3	4
4751	#FFFFFF	#D3D3D3	219
4752	#FFFFFF	#D3D3D3	219
4753	#FFFFFF	#D3D3D3	4
4754	#FFFFFF	#D3D3D3	4
4755	#FFFFFF	#D3D3D3	4
4756	#FFFFFF	#D3D3D3	443
4757	#FFFFFF	#D3D3D3	4
4758	#FFFFFF	#D3D3D3	443
4759	#FFFFFF	#D3D3D3	443
4760	#FFFFFF	#D3D3D3	443
4761	#FFFFFF	#D3D3D3	406
4762	#FFFFFF	#D3D3D3	443
4763	#FFFFFF	#D3D3D3	4
4764	#FFFFFF	#D3D3D3	4
4765	#FFFFFF	#D3D3D3	395
4766	#FFFFFF	#D3D3D3	395
4767	#FFFFFF	#D3D3D3	4
4768	#FFFFFF	#D3D3D3	4
4769	#FFFFFF	#D3D3D3	4
4770	#FFFFFF	#D3D3D3	4
4771	#FFFFFF	#D3D3D3	4
4772	#FFFFFF	#D3D3D3	4
4773	#FFFFFF	#D3D3D3	199
4774	#FFFFFF	#D3D3D3	4
4775	#FFFFFF	#D3D3D3	4
4776	#FFFFFF	#D3D3D3	4
4777	#FFFFFF	#D3D3D3	4
4783	#FFFFFF	#D3D3D3	4
4794	#FFFFFF	#D3D3D3	4
4795	#FFFFFF	#D3D3D3	4
4796	#FFFFFF	#D3D3D3	4
4797	#FFFFFF	#D3D3D3	219
4798	#FFFFFF	#D3D3D3	219
4799	#FFFFFF	#D3D3D3	406
4800	#FFFFFF	#D3D3D3	4
4801	#FFFFFF	#D3D3D3	406
4802	#FFFFFF	#D3D3D3	219
4803	#FFFFFF	#D3D3D3	219
4804	#FFFFFF	#D3D3D3	4
4805	#FFFFFF	#D3D3D3	4
4806	#FFFFFF	#D3D3D3	443
4807	#FFFFFF	#D3D3D3	443
4808	#FFFFFF	#D3D3D3	443
4809	#FFFFFF	#D3D3D3	443
4810	#FFFFFF	#D3D3D3	443
4811	#FFFFFF	#D3D3D3	443
4812	#FFFFFF	#D3D3D3	4
4813	#FFFFFF	#D3D3D3	443
4814	#FFFFFF	#D3D3D3	4
4815	#FFFFFF	#D3D3D3	395
4816	#FFFFFF	#D3D3D3	395
4817	#FFFFFF	#D3D3D3	4
4818	#FFFFFF	#D3D3D3	4
4819	#FFFFFF	#D3D3D3	4
4820	#FFFFFF	#D3D3D3	4
4821	#FFFFFF	#D3D3D3	4
4822	#FFFFFF	#D3D3D3	199
4823	#FFFFFF	#D3D3D3	4
4824	#FFFFFF	#D3D3D3	199
4825	#FFFFFF	#D3D3D3	4
4826	#FFFFFF	#D3D3D3	4
4827	#FFFFFF	#D3D3D3	4
4834	#FFFFFF	#D3D3D3	4
4844	#FFFFFF	#D3D3D3	4
4845	#FFFFFF	#D3D3D3	219
4846	#FFFFFF	#D3D3D3	219
4847	#FFFFFF	#D3D3D3	219
4848	#FFFFFF	#D3D3D3	219
4849	#FFFFFF	#D3D3D3	4
4850	#FFFFFF	#D3D3D3	406
4851	#FFFFFF	#D3D3D3	406
4852	#FFFFFF	#D3D3D3	219
4853	#FFFFFF	#D3D3D3	219
4854	#FFFFFF	#D3D3D3	219
4855	#FFFFFF	#D3D3D3	4
4856	#FFFFFF	#D3D3D3	443
4857	#FFFFFF	#D3D3D3	4
4858	#FFFFFF	#D3D3D3	443
4859	#FFFFFF	#D3D3D3	4
4860	#FFFFFF	#D3D3D3	4
4861	#FFFFFF	#D3D3D3	443
4862	#FFFFFF	#D3D3D3	406
4863	#FFFFFF	#D3D3D3	4
4864	#FFFFFF	#D3D3D3	4
4865	#FFFFFF	#D3D3D3	4
4866	#FFFFFF	#D3D3D3	395
4867	#FFFFFF	#D3D3D3	4
4868	#FFFFFF	#D3D3D3	4
4869	#FFFFFF	#D3D3D3	4
4870	#FFFFFF	#D3D3D3	4
4871	#FFFFFF	#D3D3D3	4
4872	#FFFFFF	#D3D3D3	199
4873	#FFFFFF	#D3D3D3	4
4874	#FFFFFF	#D3D3D3	199
4875	#FFFFFF	#D3D3D3	4
4876	#FFFFFF	#D3D3D3	4
4877	#FFFFFF	#D3D3D3	4
4884	#FFFFFF	#D3D3D3	4
4895	#FFFFFF	#D3D3D3	4
4896	#FFFFFF	#D3D3D3	4
4897	#FFFFFF	#D3D3D3	219
4898	#FFFFFF	#D3D3D3	4
4899	#FFFFFF	#D3D3D3	219
4900	#FFFFFF	#D3D3D3	406
4901	#FFFFFF	#D3D3D3	406
4902	#FFFFFF	#D3D3D3	406
4903	#FFFFFF	#D3D3D3	4
4904	#FFFFFF	#D3D3D3	219
4905	#FFFFFF	#D3D3D3	4
4906	#FFFFFF	#D3D3D3	4
4907	#FFFFFF	#D3D3D3	443
4908	#FFFFFF	#D3D3D3	4
4909	#FFFFFF	#D3D3D3	443
4910	#FFFFFF	#D3D3D3	4
4911	#FFFFFF	#D3D3D3	4
4912	#FFFFFF	#D3D3D3	4
4913	#FFFFFF	#D3D3D3	4
4914	#FFFFFF	#D3D3D3	4
4915	#FFFFFF	#D3D3D3	4
4916	#FFFFFF	#D3D3D3	395
4917	#FFFFFF	#D3D3D3	4
4918	#FFFFFF	#D3D3D3	4
4919	#FFFFFF	#D3D3D3	4
4920	#FFFFFF	#D3D3D3	199
4921	#FFFFFF	#D3D3D3	199
4922	#FFFFFF	#D3D3D3	199
4923	#FFFFFF	#D3D3D3	199
4924	#FFFFFF	#D3D3D3	4
4925	#FFFFFF	#D3D3D3	199
4926	#FFFFFF	#D3D3D3	4
4927	#FFFFFF	#D3D3D3	4
4935	#FFFFFF	#D3D3D3	4
4945	#FFFFFF	#D3D3D3	219
4946	#FFFFFF	#D3D3D3	219
4947	#FFFFFF	#D3D3D3	219
4948	#FFFFFF	#D3D3D3	4
4949	#FFFFFF	#D3D3D3	219
4950	#FFFFFF	#D3D3D3	4
4951	#FFFFFF	#D3D3D3	4
4952	#FFFFFF	#D3D3D3	406
4953	#FFFFFF	#D3D3D3	219
4954	#FFFFFF	#D3D3D3	4
4955	#FFFFFF	#D3D3D3	4
4956	#FFFFFF	#D3D3D3	4
4957	#FFFFFF	#D3D3D3	443
4958	#FFFFFF	#D3D3D3	4
4959	#FFFFFF	#D3D3D3	443
4960	#FFFFFF	#D3D3D3	4
4961	#FFFFFF	#D3D3D3	443
4962	#FFFFFF	#D3D3D3	4
4963	#FFFFFF	#D3D3D3	4
4964	#FFFFFF	#D3D3D3	395
4965	#FFFFFF	#D3D3D3	4
4966	#FFFFFF	#D3D3D3	395
4967	#FFFFFF	#D3D3D3	4
4968	#FFFFFF	#D3D3D3	4
4969	#FFFFFF	#D3D3D3	4
4970	#FFFFFF	#D3D3D3	199
4971	#FFFFFF	#D3D3D3	199
4972	#FFFFFF	#D3D3D3	199
4973	#FFFFFF	#D3D3D3	199
4974	#FFFFFF	#D3D3D3	4
4975	#FFFFFF	#D3D3D3	199
4976	#FFFFFF	#D3D3D3	199
4977	#FFFFFF	#D3D3D3	4
4985	#FFFFFF	#D3D3D3	219
4996	#FFFFFF	#D3D3D3	219
4997	#FFFFFF	#D3D3D3	219
4998	#FFFFFF	#D3D3D3	219
4999	#FFFFFF	#D3D3D3	219
5000	#FFFFFF	#D3D3D3	4
5001	#FFFFFF	#D3D3D3	4
5002	#FFFFFF	#D3D3D3	4
5003	#FFFFFF	#D3D3D3	4
5004	#FFFFFF	#D3D3D3	4
5005	#FFFFFF	#D3D3D3	4
5006	#FFFFFF	#D3D3D3	4
5007	#FFFFFF	#D3D3D3	4
5008	#FFFFFF	#D3D3D3	4
5009	#FFFFFF	#D3D3D3	4
5010	#FFFFFF	#D3D3D3	443
5011	#FFFFFF	#D3D3D3	443
5012	#FFFFFF	#D3D3D3	443
5013	#FFFFFF	#D3D3D3	4
5014	#FFFFFF	#D3D3D3	4
5015	#FFFFFF	#D3D3D3	395
5016	#FFFFFF	#D3D3D3	395
5017	#FFFFFF	#D3D3D3	4
5018	#FFFFFF	#D3D3D3	4
5019	#FFFFFF	#D3D3D3	4
5020	#FFFFFF	#D3D3D3	4
5021	#FFFFFF	#D3D3D3	199
5022	#FFFFFF	#D3D3D3	4
5023	#FFFFFF	#D3D3D3	4
5024	#FFFFFF	#D3D3D3	199
5025	#FFFFFF	#D3D3D3	219
5026	#FFFFFF	#D3D3D3	199
5027	#FFFFFF	#D3D3D3	4
5036	#FFFFFF	#D3D3D3	219
5046	#FFFFFF	#D3D3D3	4
5047	#FFFFFF	#D3D3D3	4
5048	#FFFFFF	#D3D3D3	219
5049	#FFFFFF	#D3D3D3	4
5050	#FFFFFF	#D3D3D3	4
