group	fill	colour	clickSelects
2	#FFFFFF	#D3D3D3	31
3	#FFFFFF	#D3D3D3	31
4	#FFFFFF	#D3D3D3	31
9	#FFFFFF	#D3D3D3	43
10	#FFFFFF	#D3D3D3	43
11	#FFFFFF	#D3D3D3	281
12	#FFFFFF	#D3D3D3	281
13	#FFFFFF	#D3D3D3	31
14	#FFFFFF	#D3D3D3	31
15	#FFFFFF	#D3D3D3	31
16	#FFFFFF	#D3D3D3	10
17	#FFFFFF	#D3D3D3	31
18	#FFFFFF	#D3D3D3	31
19	#FFFFFF	#D3D3D3	31
20	#FFFFFF	#D3D3D3	31
21	#FFFFFF	#D3D3D3	31
22	#FFFFFF	#D3D3D3	31
23	#FFFFFF	#D3D3D3	31
24	#FFFFFF	#D3D3D3	10
25	#FFFFFF	#D3D3D3	31
26	#FFFFFF	#D3D3D3	10
27	#FFFFFF	#D3D3D3	10
28	#FFFFFF	#D3D3D3	31
29	#FFFFFF	#D3D3D3	31
30	#FFFFFF	#D3D3D3	31
31	#FFFFFF	#D3D3D3	31
32	#FFFFFF	#D3D3D3	31
33	#FFFFFF	#D3D3D3	31
34	#FFFFFF	#D3D3D3	31
35	#FFFFFF	#D3D3D3	31
36	#FFFFFF	#D3D3D3	31
37	#FFFFFF	#D3D3D3	31
38	#FFFFFF	#D3D3D3	130
39	#FFFFFF	#D3D3D3	130
40	#FFFFFF	#D3D3D3	31
41	#FFFFFF	#D3D3D3	31
42	#FFFFFF	#D3D3D3	31
43	#FFFFFF	#D3D3D3	31
44	#FFFFFF	#D3D3D3	31
45	#FFFFFF	#D3D3D3	138
46	#FFFFFF	#D3D3D3	31
47	#FFFFFF	#D3D3D3	31
48	#FFFFFF	#D3D3D3	31
49	#FFFFFF	#D3D3D3	31
50	#FFFFFF	#D3D3D3	31
52	#FFFFFF	#D3D3D3	31
53	#FFFFFF	#D3D3D3	31
54	#FFFFFF	#D3D3D3	31
55	#FFFFFF	#D3D3D3	291
57	#FFFFFF	#D3D3D3	31
58	#FFFFFF	#D3D3D3	362
59	#FFFFFF	#D3D3D3	31
60	#FFFFFF	#D3D3D3	43
61	#FFFFFF	#D3D3D3	43
62	#FFFFFF	#D3D3D3	281
63	#FFFFFF	#D3D3D3	31
64	#FFFFFF	#D3D3D3	31
65	#FFFFFF	#D3D3D3	31
66	#FFFFFF	#D3D3D3	31
67	#FFFFFF	#D3D3D3	10
68	#FFFFFF	#D3D3D3	31
69	#FFFFFF	#D3D3D3	31
70	#FFFFFF	#D3D3D3	31
71	#FFFFFF	#D3D3D3	31
72	#FFFFFF	#D3D3D3	31
73	#FFFFFF	#D3D3D3	31
74	#FFFFFF	#D3D3D3	10
75	#FFFFFF	#D3D3D3	31
76	#FFFFFF	#D3D3D3	10
77	#FFFFFF	#D3D3D3	31
78	#FFFFFF	#D3D3D3	10
79	#FFFFFF	#D3D3D3	31
80	#FFFFFF	#D3D3D3	31
81	#FFFFFF	#D3D3D3	31
82	#FFFFFF	#D3D3D3	31
83	#FFFFFF	#D3D3D3	31
84	#FFFFFF	#D3D3D3	31
85	#FFFFFF	#D3D3D3	31
86	#FFFFFF	#D3D3D3	31
87	#FFFFFF	#D3D3D3	31
88	#FFFFFF	#D3D3D3	130
89	#FFFFFF	#D3D3D3	31
90	#FFFFFF	#D3D3D3	31
91	#FFFFFF	#D3D3D3	31
92	#FFFFFF	#D3D3D3	31
93	#FFFFFF	#D3D3D3	31
94	#FFFFFF	#D3D3D3	31
95	#FFFFFF	#D3D3D3	31
96	#FFFFFF	#D3D3D3	31
97	#FFFFFF	#D3D3D3	31
98	#FFFFFF	#D3D3D3	31
99	#FFFFFF	#D3D3D3	31
100	#FFFFFF	#D3D3D3	31
101	#FFFFFF	#D3D3D3	31
103	#FFFFFF	#D3D3D3	31
104	#FFFFFF	#D3D3D3	31
109	#FFFFFF	#D3D3D3	31
110	#FFFFFF	#D3D3D3	31
111	#FFFFFF	#D3D3D3	31
112	#FFFFFF	#D3D3D3	43
113	#FFFFFF	#D3D3D3	31
114	#FFFFFF	#D3D3D3	31
115	#FFFFFF	#D3D3D3	31
116	#FFFFFF	#D3D3D3	31
117	#FFFFFF	#D3D3D3	10
118	#FFFFFF	#D3D3D3	31
119	#FFFFFF	#D3D3D3	31
120	#FFFFFF	#D3D3D3	31
121	#FFFFFF	#D3D3D3	31
122	#FFFFFF	#D3D3D3	31
123	#FFFFFF	#D3D3D3	31
124	#FFFFFF	#D3D3D3	10
125	#FFFFFF	#D3D3D3	31
126	#FFFFFF	#D3D3D3	31
127	#FFFFFF	#D3D3D3	31
128	#FFFFFF	#D3D3D3	31
129	#FFFFFF	#D3D3D3	31
130	#FFFFFF	#D3D3D3	31
131	#FFFFFF	#D3D3D3	31
132	#FFFFFF	#D3D3D3	31
133	#FFFFFF	#D3D3D3	31
134	#FFFFFF	#D3D3D3	31
135	#FFFFFF	#D3D3D3	31
136	#FFFFFF	#D3D3D3	31
137	#FFFFFF	#D3D3D3	31
138	#FFFFFF	#D3D3D3	31
139	#FFFFFF	#D3D3D3	31
140	#FFFFFF	#D3D3D3	31
141	#FFFFFF	#D3D3D3	31
142	#FFFFFF	#D3D3D3	31
143	#FFFFFF	#D3D3D3	31
144	#FFFFFF	#D3D3D3	31
145	#FFFFFF	#D3D3D3	31
146	#FFFFFF	#D3D3D3	31
147	#FFFFFF	#D3D3D3	31
148	#FFFFFF	#D3D3D3	31
149	#FFFFFF	#D3D3D3	31
150	#FFFFFF	#D3D3D3	31
151	#FFFFFF	#D3D3D3	31
153	#CD1076	#000000	371
154	#CD1076	#000000	116
155	#FFFFFF	#D3D3D3	31
156	#FFFFFF	#D3D3D3	31
157	#FFFFFF	#D3D3D3	14
158	#FFFFFF	#D3D3D3	14
159	#FFFFFF	#D3D3D3	14
160	#FFFFFF	#D3D3D3	31
161	#FFFFFF	#D3D3D3	14
162	#FFFFFF	#D3D3D3	14
163	#FFFFFF	#D3D3D3	31
164	#FFFFFF	#D3D3D3	31
165	#FFFFFF	#D3D3D3	64
166	#FFFFFF	#D3D3D3	31
167	#FFFFFF	#D3D3D3	14
168	#FFFFFF	#D3D3D3	31
169	#FFFFFF	#D3D3D3	14
170	#FFFFFF	#D3D3D3	14
171	#FFFFFF	#D3D3D3	14
172	#FFFFFF	#D3D3D3	14
173	#FFFFFF	#D3D3D3	14
174	#FFFFFF	#D3D3D3	14
175	#FFFFFF	#D3D3D3	14
177	#FFFFFF	#D3D3D3	14
178	#FFFFFF	#D3D3D3	31
179	#FFFFFF	#D3D3D3	31
180	#FFFFFF	#D3D3D3	14
181	#FFFFFF	#D3D3D3	31
182	#FFFFFF	#D3D3D3	31
183	#FFFFFF	#D3D3D3	14
184	#FFFFFF	#D3D3D3	14
185	#FFFFFF	#D3D3D3	14
186	#FFFFFF	#D3D3D3	31
187	#FFFFFF	#D3D3D3	31
188	#FFFFFF	#D3D3D3	31
189	#FFFFFF	#D3D3D3	31
190	#FFFFFF	#D3D3D3	31
191	#FFFFFF	#D3D3D3	31
192	#FFFFFF	#D3D3D3	31
193	#FFFFFF	#D3D3D3	31
194	#FFFFFF	#D3D3D3	31
195	#FFFFFF	#D3D3D3	31
196	#FFFFFF	#D3D3D3	31
197	#FFFFFF	#D3D3D3	31
198	#FFFFFF	#D3D3D3	35
199	#FFFFFF	#D3D3D3	31
200	#FFFFFF	#D3D3D3	31
201	#FFFFFF	#D3D3D3	31
202	#FFFFFF	#D3D3D3	31
204	#CD1076	#000000	116
205	#FFFFFF	#D3D3D3	64
206	#FFFFFF	#D3D3D3	31
207	#FFFFFF	#D3D3D3	31
208	#FFFFFF	#D3D3D3	14
209	#FFFFFF	#D3D3D3	31
210	#FFFFFF	#D3D3D3	31
211	#FFFFFF	#D3D3D3	31
212	#FFFFFF	#D3D3D3	14
213	#FFFFFF	#D3D3D3	31
214	#FFFFFF	#D3D3D3	31
215	#FFFFFF	#D3D3D3	31
217	#FFFFFF	#D3D3D3	14
218	#FFFFFF	#D3D3D3	31
219	#FFFFFF	#D3D3D3	14
220	#FFFFFF	#D3D3D3	14
221	#FFFFFF	#D3D3D3	14
222	#FFFFFF	#D3D3D3	14
223	#FFFFFF	#D3D3D3	14
224	#FFFFFF	#D3D3D3	14
225	#FFFFFF	#D3D3D3	14
226	#FFFFFF	#D3D3D3	14
227	#FFFFFF	#D3D3D3	64
228	#FFFFFF	#D3D3D3	14
229	#FFFFFF	#D3D3D3	31
230	#FFFFFF	#D3D3D3	31
231	#FFFFFF	#D3D3D3	31
232	#FFFFFF	#D3D3D3	14
233	#FFFFFF	#D3D3D3	14
234	#FFFFFF	#D3D3D3	14
235	#FFFFFF	#D3D3D3	31
236	#FFFFFF	#D3D3D3	14
237	#FFFFFF	#D3D3D3	31
238	#DF6396	#333333	115
239	#FFFFFF	#D3D3D3	31
240	#FFFFFF	#D3D3D3	31
241	#FFFFFF	#D3D3D3	31
242	#FFFFFF	#D3D3D3	31
243	#FFFFFF	#D3D3D3	31
244	#FFFFFF	#D3D3D3	31
245	#FFFFFF	#D3D3D3	31
246	#FFFFFF	#D3D3D3	31
247	#FFFFFF	#D3D3D3	31
248	#DF6396	#333333	115
249	#FFFFFF	#D3D3D3	31
250	#FFFFFF	#D3D3D3	31
251	#FFFFFF	#D3D3D3	31
252	#FFFFFF	#D3D3D3	14
254	#CD1076	#000000	224
255	#FFFFFF	#D3D3D3	64
256	#FFFFFF	#D3D3D3	14
257	#FFFFFF	#D3D3D3	14
258	#FFFFFF	#D3D3D3	14
259	#FFFFFF	#D3D3D3	14
260	#FFFFFF	#D3D3D3	31
261	#FFFFFF	#D3D3D3	31
262	#FFFFFF	#D3D3D3	14
263	#FFFFFF	#D3D3D3	31
264	#FFFFFF	#D3D3D3	14
265	#FFFFFF	#D3D3D3	31
267	#FFFFFF	#D3D3D3	14
268	#FFFFFF	#D3D3D3	14
269	#FFFFFF	#D3D3D3	14
270	#FFFFFF	#D3D3D3	14
271	#FFFFFF	#D3D3D3	14
272	#FFFFFF	#D3D3D3	14
273	#FFFFFF	#D3D3D3	14
274	#FFFFFF	#D3D3D3	14
275	#FFFFFF	#D3D3D3	14
276	#FFFFFF	#D3D3D3	14
277	#FFFFFF	#D3D3D3	350
278	#FFFFFF	#D3D3D3	14
279	#FFFFFF	#D3D3D3	14
280	#FFFFFF	#D3D3D3	31
281	#FFFFFF	#D3D3D3	31
282	#FFFFFF	#D3D3D3	31
283	#FFFFFF	#D3D3D3	14
284	#FFFFFF	#D3D3D3	14
285	#FFFFFF	#D3D3D3	31
286	#FFFFFF	#D3D3D3	14
287	#FFFFFF	#D3D3D3	14
289	#FFFFFF	#D3D3D3	31
290	#FFFFFF	#D3D3D3	31
291	#FFFFFF	#D3D3D3	31
292	#FFFFFF	#D3D3D3	31
293	#FFFFFF	#D3D3D3	31
294	#FFFFFF	#D3D3D3	31
295	#FFFFFF	#D3D3D3	31
296	#FFFFFF	#D3D3D3	31
297	#FFFFFF	#D3D3D3	31
298	#FFFFFF	#D3D3D3	31
299	#DF6396	#333333	115
300	#CD1076	#000000	282
301	#FFFFFF	#D3D3D3	31
302	#FFFFFF	#D3D3D3	31
303	#FFFFFF	#D3D3D3	31
305	#FFFFFF	#D3D3D3	64
307	#FFFFFF	#D3D3D3	14
308	#FFFFFF	#D3D3D3	14
309	#FFFFFF	#D3D3D3	14
310	#FFFFFF	#D3D3D3	14
311	#FFFFFF	#D3D3D3	31
312	#FFFFFF	#D3D3D3	31
313	#FFFFFF	#D3D3D3	31
314	#FFFFFF	#D3D3D3	31
315	#FFFFFF	#D3D3D3	14
316	#FFFFFF	#D3D3D3	14
317	#FFFFFF	#D3D3D3	350
318	#FFFFFF	#D3D3D3	14
319	#FFFFFF	#D3D3D3	14
320	#FFFFFF	#D3D3D3	14
321	#FFFFFF	#D3D3D3	14
322	#FFFFFF	#D3D3D3	14
323	#FFFFFF	#D3D3D3	14
324	#FFFFFF	#D3D3D3	14
325	#FFFFFF	#D3D3D3	14
326	#FFFFFF	#D3D3D3	14
327	#FFFFFF	#D3D3D3	14
329	#FFFFFF	#D3D3D3	14
330	#FFFFFF	#D3D3D3	14
331	#FFFFFF	#D3D3D3	14
332	#FFFFFF	#D3D3D3	31
333	#FFFFFF	#D3D3D3	14
334	#FFFFFF	#D3D3D3	31
335	#FFFFFF	#D3D3D3	14
336	#FFFFFF	#D3D3D3	31
337	#FFFFFF	#D3D3D3	14
338	#FFFFFF	#D3D3D3	14
339	#DF6396	#333333	115
340	#FFFFFF	#D3D3D3	31
341	#FFFFFF	#D3D3D3	31
342	#FFFFFF	#D3D3D3	31
343	#FFFFFF	#D3D3D3	31
344	#FFFFFF	#D3D3D3	31
345	#FFFFFF	#D3D3D3	31
346	#FFFFFF	#D3D3D3	31
347	#FFFFFF	#D3D3D3	31
348	#FFFFFF	#D3D3D3	31
349	#CD1076	#000000	282
350	#CD1076	#000000	409
351	#FFFFFF	#D3D3D3	31
352	#FFFFFF	#D3D3D3	31
353	#FFFFFF	#D3D3D3	31
357	#FFFFFF	#D3D3D3	31
358	#FFFFFF	#D3D3D3	14
359	#FFFFFF	#D3D3D3	31
360	#FFFFFF	#D3D3D3	14
361	#FFFFFF	#D3D3D3	14
362	#FFFFFF	#D3D3D3	31
363	#FFFFFF	#D3D3D3	31
364	#FFFFFF	#D3D3D3	31
365	#FFFFFF	#D3D3D3	14
366	#FFFFFF	#D3D3D3	14
368	#FFFFFF	#D3D3D3	14
369	#FFFFFF	#D3D3D3	14
370	#FFFFFF	#D3D3D3	14
371	#FFFFFF	#D3D3D3	14
372	#FFFFFF	#D3D3D3	14
373	#FFFFFF	#D3D3D3	14
374	#FFFFFF	#D3D3D3	14
375	#FFFFFF	#D3D3D3	14
376	#FFFFFF	#D3D3D3	14
377	#FFFFFF	#D3D3D3	14
379	#FFFFFF	#D3D3D3	14
380	#FFFFFF	#D3D3D3	14
381	#FFFFFF	#D3D3D3	14
382	#FFFFFF	#D3D3D3	31
383	#FFFFFF	#D3D3D3	31
384	#FFFFFF	#D3D3D3	14
385	#FFFFFF	#D3D3D3	31
386	#FFFFFF	#D3D3D3	14
387	#FFFFFF	#D3D3D3	31
388	#FFFFFF	#D3D3D3	31
389	#CD1076	#000000	228
390	#FFFFFF	#D3D3D3	31
391	#FFFFFF	#D3D3D3	31
392	#FFFFFF	#D3D3D3	31
393	#FFFFFF	#D3D3D3	31
394	#FFFFFF	#D3D3D3	31
395	#FFFFFF	#D3D3D3	258
396	#FFFFFF	#D3D3D3	31
397	#FFFFFF	#D3D3D3	31
398	#FFFFFF	#D3D3D3	31
399	#FFFFFF	#D3D3D3	31
400	#CD1076	#000000	282
401	#CD1076	#000000	409
402	#CD1076	#000000	409
403	#FFFFFF	#D3D3D3	31
404	#FFFFFF	#D3D3D3	31
408	#FFFFFF	#D3D3D3	31
409	#FFFFFF	#D3D3D3	14
410	#FFFFFF	#D3D3D3	31
411	#FFFFFF	#D3D3D3	31
412	#FFFFFF	#D3D3D3	31
413	#FFFFFF	#D3D3D3	31
414	#FFFFFF	#D3D3D3	31
415	#FFFFFF	#D3D3D3	31
416	#FFFFFF	#D3D3D3	31
417	#FFFFFF	#D3D3D3	14
419	#FFFFFF	#D3D3D3	14
420	#FFFFFF	#D3D3D3	14
421	#FFFFFF	#D3D3D3	14
422	#FFFFFF	#D3D3D3	14
423	#FFFFFF	#D3D3D3	14
424	#FFFFFF	#D3D3D3	14
425	#FFFFFF	#D3D3D3	14
426	#FFFFFF	#D3D3D3	14
427	#FFFFFF	#D3D3D3	14
428	#FFFFFF	#D3D3D3	14
429	#CD1076	#000000	228
430	#FFFFFF	#D3D3D3	14
431	#FFFFFF	#D3D3D3	14
432	#FFFFFF	#D3D3D3	14
433	#FFFFFF	#D3D3D3	14
434	#FFFFFF	#D3D3D3	14
435	#FFFFFF	#D3D3D3	31
436	#FFFFFF	#D3D3D3	14
437	#FFFFFF	#D3D3D3	14
438	#FFFFFF	#D3D3D3	31
439	#FFFFFF	#D3D3D3	31
440	#CD1076	#000000	409
441	#FFFFFF	#D3D3D3	31
442	#FFFFFF	#D3D3D3	31
443	#FFFFFF	#D3D3D3	31
444	#FFFFFF	#D3D3D3	31
445	#FFFFFF	#D3D3D3	258
446	#FFFFFF	#D3D3D3	31
447	#FFFFFF	#D3D3D3	31
448	#FFFFFF	#D3D3D3	31
449	#FFFFFF	#D3D3D3	31
450	#CD1076	#000000	409
451	#CD1076	#000000	409
452	#CD1076	#000000	409
453	#FFFFFF	#D3D3D3	31
454	#FFFFFF	#D3D3D3	31
458	#FFFFFF	#D3D3D3	31
459	#FFFFFF	#D3D3D3	31
460	#FFFFFF	#D3D3D3	31
461	#FFFFFF	#D3D3D3	31
462	#FFFFFF	#D3D3D3	31
463	#FFFFFF	#D3D3D3	31
464	#FFFFFF	#D3D3D3	31
465	#FFFFFF	#D3D3D3	31
466	#FFFFFF	#D3D3D3	31
467	#FFFFFF	#D3D3D3	31
469	#FFFFFF	#D3D3D3	14
470	#FFFFFF	#D3D3D3	14
471	#FFFFFF	#D3D3D3	14
472	#FFFFFF	#D3D3D3	14
473	#FFFFFF	#D3D3D3	14
474	#FFFFFF	#D3D3D3	14
475	#FFFFFF	#D3D3D3	14
476	#FFFFFF	#D3D3D3	14
477	#FFFFFF	#D3D3D3	14
478	#FFFFFF	#D3D3D3	14
479	#FFFFFF	#D3D3D3	64
480	#FFFFFF	#D3D3D3	14
481	#FFFFFF	#D3D3D3	14
482	#FFFFFF	#D3D3D3	14
483	#FFFFFF	#D3D3D3	14
484	#FFFFFF	#D3D3D3	14
485	#FFFFFF	#D3D3D3	14
486	#FFFFFF	#D3D3D3	31
487	#FFFFFF	#D3D3D3	31
488	#FFFFFF	#D3D3D3	14
489	#FFFFFF	#D3D3D3	31
490	#CD1076	#000000	228
491	#FFFFFF	#D3D3D3	31
492	#FFFFFF	#D3D3D3	31
493	#FFFFFF	#D3D3D3	31
494	#FFFFFF	#D3D3D3	31
495	#FFFFFF	#D3D3D3	258
496	#FFFFFF	#D3D3D3	31
497	#FFFFFF	#D3D3D3	258
498	#FFFFFF	#D3D3D3	31
499	#FFFFFF	#D3D3D3	31
500	#FFFFFF	#D3D3D3	258
501	#CD1076	#000000	409
502	#CD1076	#000000	228
503	#CD1076	#000000	228
504	#CD1076	#000000	228
505	#FFFFFF	#D3D3D3	31
509	#FFFFFF	#D3D3D3	31
510	#FFFFFF	#D3D3D3	31
511	#FFFFFF	#D3D3D3	31
512	#FFFFFF	#D3D3D3	31
513	#FFFFFF	#D3D3D3	31
514	#FFFFFF	#D3D3D3	31
515	#FFFFFF	#D3D3D3	31
516	#FFFFFF	#D3D3D3	14
517	#FFFFFF	#D3D3D3	31
518	#FFFFFF	#D3D3D3	31
519	#CD1076	#000000	74
520	#FFFFFF	#D3D3D3	31
521	#FFFFFF	#D3D3D3	14
522	#FFFFFF	#D3D3D3	14
523	#FFFFFF	#D3D3D3	14
524	#FFFFFF	#D3D3D3	14
525	#FFFFFF	#D3D3D3	14
526	#FFFFFF	#D3D3D3	14
527	#FFFFFF	#D3D3D3	14
528	#FFFFFF	#D3D3D3	14
529	#FFFFFF	#D3D3D3	14
530	#CD1076	#000000	74
531	#FFFFFF	#D3D3D3	14
532	#FFFFFF	#D3D3D3	14
533	#FFFFFF	#D3D3D3	14
534	#FFFFFF	#D3D3D3	14
535	#FFFFFF	#D3D3D3	14
536	#FFFFFF	#D3D3D3	31
537	#FFFFFF	#D3D3D3	31
538	#FFFFFF	#D3D3D3	14
539	#FFFFFF	#D3D3D3	31
540	#FFFFFF	#D3D3D3	31
541	#CD1076	#000000	228
542	#FFFFFF	#D3D3D3	31
543	#FFFFFF	#D3D3D3	31
544	#FFFFFF	#D3D3D3	31
545	#FFFFFF	#D3D3D3	31
546	#FFFFFF	#D3D3D3	258
547	#FFFFFF	#D3D3D3	31
548	#FFFFFF	#D3D3D3	258
549	#FFFFFF	#D3D3D3	31
550	#FFFFFF	#D3D3D3	31
551	#CD1076	#000000	228
552	#CD1076	#000000	228
553	#CD1076	#000000	228
554	#CD1076	#000000	24
555	#FFFFFF	#D3D3D3	31
559	#FFFFFF	#D3D3D3	31
560	#FFFFFF	#D3D3D3	31
561	#FFFFFF	#D3D3D3	31
562	#FFFFFF	#D3D3D3	31
563	#FFFFFF	#D3D3D3	31
564	#FFFFFF	#D3D3D3	31
565	#FFFFFF	#D3D3D3	31
566	#FFFFFF	#D3D3D3	14
567	#FFFFFF	#D3D3D3	31
568	#FFFFFF	#D3D3D3	31
570	#FFFFFF	#D3D3D3	31
571	#FFFFFF	#D3D3D3	31
572	#FFFFFF	#D3D3D3	14
573	#FFFFFF	#D3D3D3	14
574	#FFFFFF	#D3D3D3	14
575	#FFFFFF	#D3D3D3	14
576	#FFFFFF	#D3D3D3	14
577	#FFFFFF	#D3D3D3	14
578	#FFFFFF	#D3D3D3	14
579	#FFFFFF	#D3D3D3	14
580	#CD1076	#000000	74
581	#FFFFFF	#D3D3D3	14
582	#FFFFFF	#D3D3D3	14
583	#FFFFFF	#D3D3D3	14
584	#FFFFFF	#D3D3D3	14
585	#FFFFFF	#D3D3D3	14
586	#FFFFFF	#D3D3D3	14
587	#FFFFFF	#D3D3D3	31
588	#FFFFFF	#D3D3D3	31
589	#FFFFFF	#D3D3D3	31
590	#FFFFFF	#D3D3D3	31
591	#CD1076	#000000	228
592	#FFFFFF	#D3D3D3	31
593	#FFFFFF	#D3D3D3	31
594	#FFFFFF	#D3D3D3	31
595	#FFFFFF	#D3D3D3	31
596	#FFFFFF	#D3D3D3	258
597	#FFFFFF	#D3D3D3	31
598	#FFFFFF	#D3D3D3	258
599	#FFFFFF	#D3D3D3	31
600	#FFFFFF	#D3D3D3	258
601	#FFFFFF	#D3D3D3	31
602	#CD1076	#000000	228
603	#CD1076	#000000	228
604	#CD1076	#000000	208
605	#CD1076	#000000	208
606	#CD1076	#000000	24
610	#FFFFFF	#D3D3D3	14
611	#FFFFFF	#D3D3D3	31
612	#FFFFFF	#D3D3D3	31
613	#FFFFFF	#D3D3D3	14
614	#FFFFFF	#D3D3D3	14
615	#FFFFFF	#D3D3D3	14
616	#FFFFFF	#D3D3D3	14
617	#FFFFFF	#D3D3D3	31
618	#FFFFFF	#D3D3D3	31
619	#FFFFFF	#D3D3D3	31
620	#FFFFFF	#D3D3D3	259
621	#FFFFFF	#D3D3D3	31
622	#FFFFFF	#D3D3D3	31
623	#FFFFFF	#D3D3D3	14
624	#FFFFFF	#D3D3D3	14
625	#FFFFFF	#D3D3D3	14
626	#FFFFFF	#D3D3D3	14
627	#FFFFFF	#D3D3D3	14
628	#FFFFFF	#D3D3D3	14
629	#FFFFFF	#D3D3D3	14
630	#FFFFFF	#D3D3D3	14
631	#CD1076	#000000	74
632	#FFFFFF	#D3D3D3	14
633	#FFFFFF	#D3D3D3	31
634	#FFFFFF	#D3D3D3	14
635	#FFFFFF	#D3D3D3	31
636	#FFFFFF	#D3D3D3	31
637	#FFFFFF	#D3D3D3	31
638	#FFFFFF	#D3D3D3	31
639	#FFFFFF	#D3D3D3	31
640	#FFFFFF	#D3D3D3	31
641	#FFFFFF	#D3D3D3	31
642	#CD1076	#000000	74
643	#FFFFFF	#D3D3D3	31
644	#FFFFFF	#D3D3D3	31
645	#FFFFFF	#D3D3D3	31
646	#FFFFFF	#D3D3D3	31
647	#FFFFFF	#D3D3D3	258
648	#FFFFFF	#D3D3D3	258
649	#FFFFFF	#D3D3D3	258
650	#FFFFFF	#D3D3D3	258
651	#FFFFFF	#D3D3D3	258
652	#CD1076	#000000	228
653	#CD1076	#000000	24
654	#CD1076	#000000	208
655	#CD1076	#000000	24
656	#CD1076	#000000	24
659	#FFFFFF	#D3D3D3	349
660	#CD1076	#000000	24
661	#FFFFFF	#D3D3D3	14
662	#FFFFFF	#D3D3D3	14
663	#FFFFFF	#D3D3D3	31
664	#FFFFFF	#D3D3D3	14
665	#FFFFFF	#D3D3D3	14
666	#FFFFFF	#D3D3D3	14
667	#FFFFFF	#D3D3D3	31
668	#FFFFFF	#D3D3D3	31
669	#FFFFFF	#D3D3D3	31
671	#FFFFFF	#D3D3D3	31
672	#FFFFFF	#D3D3D3	31
673	#FFFFFF	#D3D3D3	14
674	#FFFFFF	#D3D3D3	14
675	#FFFFFF	#D3D3D3	14
676	#FFFFFF	#D3D3D3	14
677	#FFFFFF	#D3D3D3	14
678	#FFFFFF	#D3D3D3	14
679	#FFFFFF	#D3D3D3	14
680	#FFFFFF	#D3D3D3	14
681	#FFFFFF	#D3D3D3	379
682	#FFFFFF	#D3D3D3	14
683	#FFFFFF	#D3D3D3	14
684	#FFFFFF	#D3D3D3	31
685	#FFFFFF	#D3D3D3	14
686	#FFFFFF	#D3D3D3	31
687	#FFFFFF	#D3D3D3	31
688	#FFFFFF	#D3D3D3	31
689	#FFFFFF	#D3D3D3	31
690	#FFFFFF	#D3D3D3	31
691	#FFFFFF	#D3D3D3	31
692	#CD1076	#000000	74
693	#FFFFFF	#D3D3D3	31
694	#FFFFFF	#D3D3D3	31
695	#FFFFFF	#D3D3D3	31
696	#FFFFFF	#D3D3D3	31
697	#FFFFFF	#D3D3D3	31
698	#FFFFFF	#D3D3D3	258
699	#FFFFFF	#D3D3D3	258
700	#FFFFFF	#D3D3D3	258
701	#FFFFFF	#D3D3D3	258
702	#FFFFFF	#D3D3D3	258
703	#CD1076	#000000	74
704	#D74386	#1C1C1C	18
705	#CD1076	#000000	24
706	#CD1076	#000000	24
707	#CD1076	#000000	24
711	#CD1076	#000000	24
712	#FFFFFF	#D3D3D3	14
713	#FFFFFF	#D3D3D3	31
714	#FFFFFF	#D3D3D3	14
715	#FFFFFF	#D3D3D3	14
716	#FFFFFF	#D3D3D3	14
717	#FFFFFF	#D3D3D3	14
718	#FFFFFF	#D3D3D3	31
719	#FFFFFF	#D3D3D3	31
720	#FFFFFF	#D3D3D3	14
722	#FFFFFF	#D3D3D3	31
723	#FFFFFF	#D3D3D3	31
724	#FFFFFF	#D3D3D3	31
725	#FFFFFF	#D3D3D3	14
726	#FFFFFF	#D3D3D3	14
727	#FFFFFF	#D3D3D3	14
728	#FFFFFF	#D3D3D3	14
729	#FFFFFF	#D3D3D3	14
730	#FFFFFF	#D3D3D3	14
731	#FFFFFF	#D3D3D3	14
732	#FFFFFF	#D3D3D3	153
733	#FFFFFF	#D3D3D3	14
734	#FFFFFF	#D3D3D3	31
735	#FFFFFF	#D3D3D3	31
736	#FFFFFF	#D3D3D3	31
737	#FFFFFF	#D3D3D3	31
738	#FFFFFF	#D3D3D3	31
739	#FFFFFF	#D3D3D3	31
740	#FFFFFF	#D3D3D3	31
741	#FFFFFF	#D3D3D3	31
742	#FFFFFF	#D3D3D3	31
743	#CD1076	#000000	74
744	#FFFFFF	#D3D3D3	31
745	#FFFFFF	#D3D3D3	31
746	#FFFFFF	#D3D3D3	31
747	#FFFFFF	#D3D3D3	31
748	#FFFFFF	#D3D3D3	31
749	#FFFFFF	#D3D3D3	258
750	#FFFFFF	#D3D3D3	258
751	#FFFFFF	#D3D3D3	258
752	#FFFFFF	#D3D3D3	31
753	#D74386	#1C1C1C	18
754	#D74386	#1C1C1C	18
755	#CD1076	#000000	24
756	#CD1076	#000000	24
757	#CD1076	#000000	24
759	#CD1076	#000000	107
761	#CD1076	#000000	24
762	#CD1076	#000000	24
763	#FFFFFF	#D3D3D3	14
764	#FFFFFF	#D3D3D3	14
765	#FFFFFF	#D3D3D3	14
766	#FFFFFF	#D3D3D3	14
767	#FFFFFF	#D3D3D3	14
768	#FFFFFF	#D3D3D3	14
769	#FFFFFF	#D3D3D3	31
770	#FFFFFF	#D3D3D3	31
772	#FFFFFF	#D3D3D3	14
773	#FFFFFF	#D3D3D3	14
774	#FFFFFF	#D3D3D3	31
775	#FFFFFF	#D3D3D3	31
776	#FFFFFF	#D3D3D3	31
777	#FFFFFF	#D3D3D3	31
778	#FFFFFF	#D3D3D3	14
779	#FFFFFF	#D3D3D3	14
780	#FFFFFF	#D3D3D3	14
781	#FFFFFF	#D3D3D3	14
783	#FFFFFF	#D3D3D3	14
784	#FFFFFF	#D3D3D3	14
785	#FFFFFF	#D3D3D3	31
786	#FFFFFF	#D3D3D3	31
787	#FFFFFF	#D3D3D3	31
788	#FFFFFF	#D3D3D3	31
789	#FFFFFF	#D3D3D3	31
790	#FFFFFF	#D3D3D3	31
791	#FFFFFF	#D3D3D3	31
792	#FFFFFF	#D3D3D3	31
793	#FFFFFF	#D3D3D3	153
794	#FFFFFF	#D3D3D3	31
795	#FFFFFF	#D3D3D3	31
796	#FFFFFF	#D3D3D3	31
797	#FFFFFF	#D3D3D3	31
798	#FFFFFF	#D3D3D3	258
799	#FFFFFF	#D3D3D3	31
800	#FFFFFF	#D3D3D3	258
801	#FFFFFF	#D3D3D3	258
802	#FFFFFF	#D3D3D3	31
803	#FFFFFF	#D3D3D3	31
804	#D74386	#1C1C1C	18
805	#D74386	#1C1C1C	18
806	#CD1076	#000000	24
807	#CD1076	#000000	338
808	#CD1076	#000000	24
810	#CD1076	#000000	107
812	#CD1076	#000000	24
813	#CD1076	#000000	24
814	#FFFFFF	#D3D3D3	14
815	#FFFFFF	#D3D3D3	14
816	#FFFFFF	#D3D3D3	14
817	#FFFFFF	#D3D3D3	14
818	#FFFFFF	#D3D3D3	14
819	#FFFFFF	#D3D3D3	14
820	#FFFFFF	#D3D3D3	14
821	#FFFFFF	#D3D3D3	31
822	#FFFFFF	#D3D3D3	195
823	#FFFFFF	#D3D3D3	14
824	#FFFFFF	#D3D3D3	31
825	#FFFFFF	#D3D3D3	31
826	#FFFFFF	#D3D3D3	31
827	#FFFFFF	#D3D3D3	31
828	#FFFFFF	#D3D3D3	31
829	#FFFFFF	#D3D3D3	14
830	#FFFFFF	#D3D3D3	14
831	#FFFFFF	#D3D3D3	14
832	#FFFFFF	#D3D3D3	31
834	#FFFFFF	#D3D3D3	14
835	#FFFFFF	#D3D3D3	31
836	#FFFFFF	#D3D3D3	31
837	#FFFFFF	#D3D3D3	31
838	#FFFFFF	#D3D3D3	31
839	#FFFFFF	#D3D3D3	31
840	#FFFFFF	#D3D3D3	31
841	#FFFFFF	#D3D3D3	31
842	#FFFFFF	#D3D3D3	31
843	#FFFFFF	#D3D3D3	31
844	#FFFFFF	#D3D3D3	153
845	#FFFFFF	#D3D3D3	31
846	#FFFFFF	#D3D3D3	31
847	#FFFFFF	#D3D3D3	31
848	#FFFFFF	#D3D3D3	31
849	#FFFFFF	#D3D3D3	258
850	#FFFFFF	#D3D3D3	258
851	#FFFFFF	#D3D3D3	258
852	#FFFFFF	#D3D3D3	31
853	#FFFFFF	#D3D3D3	258
854	#D74386	#1C1C1C	18
855	#D74386	#1C1C1C	18
856	#CD1076	#000000	24
857	#CD1076	#000000	24
858	#CD1076	#000000	24
860	#CD1076	#000000	253
861	#CD1076	#000000	107
862	#CD1076	#000000	24
863	#CD1076	#000000	24
864	#CD1076	#000000	24
865	#FFFFFF	#D3D3D3	14
866	#FFFFFF	#D3D3D3	14
867	#FFFFFF	#D3D3D3	14
868	#FFFFFF	#D3D3D3	14
869	#FFFFFF	#D3D3D3	14
870	#FFFFFF	#D3D3D3	14
871	#FFFFFF	#D3D3D3	14
872	#FFFFFF	#D3D3D3	195
873	#FFFFFF	#D3D3D3	14
874	#FFFFFF	#D3D3D3	14
875	#FFFFFF	#D3D3D3	31
876	#FFFFFF	#D3D3D3	31
877	#FFFFFF	#D3D3D3	31
878	#FFFFFF	#D3D3D3	14
879	#FFFFFF	#D3D3D3	14
880	#FFFFFF	#D3D3D3	14
881	#FFFFFF	#D3D3D3	14
882	#FFFFFF	#D3D3D3	14
883	#FFFFFF	#D3D3D3	153
884	#FFFFFF	#D3D3D3	31
885	#FFFFFF	#D3D3D3	31
886	#FFFFFF	#D3D3D3	31
887	#FFFFFF	#D3D3D3	31
888	#FFFFFF	#D3D3D3	31
889	#FFFFFF	#D3D3D3	83
890	#FFFFFF	#D3D3D3	31
891	#FFFFFF	#D3D3D3	31
892	#FFFFFF	#D3D3D3	31
893	#FFFFFF	#D3D3D3	31
895	#FFFFFF	#D3D3D3	31
896	#FFFFFF	#D3D3D3	31
897	#FFFFFF	#D3D3D3	31
898	#FFFFFF	#D3D3D3	31
899	#FFFFFF	#D3D3D3	31
900	#FFFFFF	#D3D3D3	258
901	#FFFFFF	#D3D3D3	258
902	#FFFFFF	#D3D3D3	258
903	#FFFFFF	#D3D3D3	258
904	#FFFFFF	#D3D3D3	31
906	#D74386	#1C1C1C	18
907	#CD1076	#000000	24
908	#D74386	#1C1C1C	18
909	#CD1076	#000000	24
911	#CD1076	#000000	253
912	#CD1076	#000000	107
913	#CD1076	#000000	24
914	#CD1076	#000000	24
915	#CD1076	#000000	24
916	#FFFFFF	#D3D3D3	14
917	#FFFFFF	#D3D3D3	14
918	#FFFFFF	#D3D3D3	14
919	#FFFFFF	#D3D3D3	14
920	#FFFFFF	#D3D3D3	14
921	#FFFFFF	#D3D3D3	14
922	#FFFFFF	#D3D3D3	14
923	#FFFFFF	#D3D3D3	195
924	#FFFFFF	#D3D3D3	14
925	#FFFFFF	#D3D3D3	31
926	#FFFFFF	#D3D3D3	31
927	#FFFFFF	#D3D3D3	31
928	#FFFFFF	#D3D3D3	14
929	#FFFFFF	#D3D3D3	14
930	#FFFFFF	#D3D3D3	14
931	#FFFFFF	#D3D3D3	14
932	#FFFFFF	#D3D3D3	14
933	#FFFFFF	#D3D3D3	31
935	#FFFFFF	#D3D3D3	31
936	#FFFFFF	#D3D3D3	31
937	#FFFFFF	#D3D3D3	31
938	#FFFFFF	#D3D3D3	31
939	#FFFFFF	#D3D3D3	31
940	#FFFFFF	#D3D3D3	83
941	#FFFFFF	#D3D3D3	31
942	#FFFFFF	#D3D3D3	31
943	#FFFFFF	#D3D3D3	31
944	#FFFFFF	#D3D3D3	31
946	#FFFFFF	#D3D3D3	31
947	#FFFFFF	#D3D3D3	31
948	#FFFFFF	#D3D3D3	31
949	#FFFFFF	#D3D3D3	31
950	#FFFFFF	#D3D3D3	258
951	#FFFFFF	#D3D3D3	31
952	#FFFFFF	#D3D3D3	31
953	#FFFFFF	#D3D3D3	258
954	#FFFFFF	#D3D3D3	31
956	#D74386	#1C1C1C	18
957	#CD1076	#000000	24
958	#D74386	#1C1C1C	18
959	#CD1076	#000000	24
961	#CD1076	#000000	253
962	#CD1076	#000000	135
963	#CD1076	#000000	24
964	#D74386	#1C1C1C	18
965	#CD1076	#000000	24
966	#D74386	#1C1C1C	18
967	#FFFFFF	#D3D3D3	14
968	#FFFFFF	#D3D3D3	14
969	#FFFFFF	#D3D3D3	14
970	#FFFFFF	#D3D3D3	14
971	#FFFFFF	#D3D3D3	14
972	#FFFFFF	#D3D3D3	14
973	#D74386	#1C1C1C	18
974	#FFFFFF	#D3D3D3	14
975	#FFFFFF	#D3D3D3	14
976	#FFFFFF	#D3D3D3	31
977	#FFFFFF	#D3D3D3	31
978	#FFFFFF	#D3D3D3	14
979	#FFFFFF	#D3D3D3	14
980	#FFFFFF	#D3D3D3	14
981	#FFFFFF	#D3D3D3	14
982	#FFFFFF	#D3D3D3	14
983	#FFFFFF	#D3D3D3	14
984	#FFFFFF	#D3D3D3	153
985	#FFFFFF	#D3D3D3	14
986	#FFFFFF	#D3D3D3	31
987	#FFFFFF	#D3D3D3	31
988	#FFFFFF	#D3D3D3	31
989	#FFFFFF	#D3D3D3	31
990	#FFFFFF	#D3D3D3	31
991	#FFFFFF	#D3D3D3	83
992	#FFFFFF	#D3D3D3	31
993	#FFFFFF	#D3D3D3	31
994	#FFFFFF	#D3D3D3	31
996	#FFFFFF	#D3D3D3	31
997	#FFFFFF	#D3D3D3	31
998	#FFFFFF	#D3D3D3	31
999	#FFFFFF	#D3D3D3	31
1000	#FFFFFF	#D3D3D3	31
1001	#FFFFFF	#D3D3D3	31
1002	#FFFFFF	#D3D3D3	31
1003	#FFFFFF	#D3D3D3	258
1004	#FFFFFF	#D3D3D3	31
1005	#FFFFFF	#D3D3D3	31
1008	#D74386	#1C1C1C	18
1009	#D74386	#1C1C1C	18
1010	#CD1076	#000000	24
1012	#CD1076	#000000	253
1013	#CD1076	#000000	135
1014	#CD1076	#000000	24
1015	#D74386	#1C1C1C	18
1016	#D74386	#1C1C1C	18
1017	#D74386	#1C1C1C	18
1018	#FFFFFF	#D3D3D3	14
1019	#FFFFFF	#D3D3D3	14
1020	#FFFFFF	#D3D3D3	14
1021	#FFFFFF	#D3D3D3	14
1022	#FFFFFF	#D3D3D3	14
1023	#FFFFFF	#D3D3D3	14
1024	#D74386	#1C1C1C	18
1025	#FFFFFF	#D3D3D3	14
1026	#FFFFFF	#D3D3D3	31
1027	#FFFFFF	#D3D3D3	31
1028	#FFFFFF	#D3D3D3	31
1029	#FFFFFF	#D3D3D3	14
1030	#FFFFFF	#D3D3D3	14
1031	#FFFFFF	#D3D3D3	14
1032	#FFFFFF	#D3D3D3	14
1033	#FFFFFF	#D3D3D3	14
1034	#FFFFFF	#D3D3D3	14
1036	#FFFFFF	#D3D3D3	31
1037	#FFFFFF	#D3D3D3	31
1038	#FFFFFF	#D3D3D3	31
1039	#FFFFFF	#D3D3D3	31
1040	#FFFFFF	#D3D3D3	31
1041	#FFFFFF	#D3D3D3	83
1042	#FFFFFF	#D3D3D3	31
1043	#FFFFFF	#D3D3D3	31
1044	#FFFFFF	#D3D3D3	31
1045	#FFFFFF	#D3D3D3	31
1047	#FFFFFF	#D3D3D3	31
1048	#FFFFFF	#D3D3D3	31
1049	#FFFFFF	#D3D3D3	31
1050	#FFFFFF	#D3D3D3	31
1051	#FFFFFF	#D3D3D3	31
1052	#FFFFFF	#D3D3D3	31
1053	#FFFFFF	#D3D3D3	258
1054	#FFFFFF	#D3D3D3	31
1055	#FFFFFF	#D3D3D3	31
1057	#FFFFFF	#D3D3D3	153
1058	#D74386	#1C1C1C	18
1059	#D74386	#1C1C1C	18
1060	#D74386	#1C1C1C	18
1062	#CD1076	#000000	253
1063	#CD1076	#000000	135
1064	#CD1076	#000000	24
1065	#D74386	#1C1C1C	18
1066	#D74386	#1C1C1C	18
1067	#D74386	#1C1C1C	18
1068	#CD1076	#000000	163
1069	#FFFFFF	#D3D3D3	14
1070	#FFFFFF	#D3D3D3	14
1071	#FFFFFF	#D3D3D3	14
1072	#FFFFFF	#D3D3D3	14
1073	#FFFFFF	#D3D3D3	14
1074	#CD1076	#000000	180
1075	#FFFFFF	#D3D3D3	14
1076	#FFFFFF	#D3D3D3	14
1077	#FFFFFF	#D3D3D3	31
1078	#FFFFFF	#D3D3D3	14
1079	#FFFFFF	#D3D3D3	14
1080	#FFFFFF	#D3D3D3	14
1081	#FFFFFF	#D3D3D3	14
1082	#FFFFFF	#D3D3D3	14
1083	#FFFFFF	#D3D3D3	14
1084	#FFFFFF	#D3D3D3	14
1085	#D74386	#1C1C1C	18
1086	#FFFFFF	#D3D3D3	14
1087	#FFFFFF	#D3D3D3	14
1088	#FFFFFF	#D3D3D3	31
1089	#FFFFFF	#D3D3D3	31
1090	#FFFFFF	#D3D3D3	31
1091	#FFFFFF	#D3D3D3	31
1092	#FFFFFF	#D3D3D3	83
1093	#FFFFFF	#D3D3D3	31
1094	#FFFFFF	#D3D3D3	31
1095	#FFFFFF	#D3D3D3	31
1097	#FFFFFF	#D3D3D3	31
1098	#FFFFFF	#D3D3D3	31
1099	#FFFFFF	#D3D3D3	31
1100	#FFFFFF	#D3D3D3	31
1101	#FFFFFF	#D3D3D3	31
1102	#FFFFFF	#D3D3D3	31
1103	#FFFFFF	#D3D3D3	258
1104	#FFFFFF	#D3D3D3	258
1105	#FFFFFF	#D3D3D3	31
1106	#FFFFFF	#D3D3D3	31
1107	#FFFFFF	#D3D3D3	422
1109	#FFFFFF	#D3D3D3	153
1110	#D74386	#1C1C1C	18
1111	#D74386	#1C1C1C	18
1113	#CD1076	#000000	253
1114	#CD1076	#000000	135
1115	#D74386	#1C1C1C	18
1116	#D74386	#1C1C1C	18
1117	#D74386	#1C1C1C	18
1118	#CD1076	#000000	163
1119	#D64084	#1A1A1A	99
1120	#FFFFFF	#D3D3D3	14
1121	#FFFFFF	#D3D3D3	14
1122	#FFFFFF	#D3D3D3	14
1123	#FFFFFF	#D3D3D3	14
1124	#FFFFFF	#D3D3D3	14
1125	#CD1076	#000000	180
1126	#FFFFFF	#D3D3D3	14
1127	#FFFFFF	#D3D3D3	14
1128	#FFFFFF	#D3D3D3	14
1129	#FFFFFF	#D3D3D3	14
1130	#FFFFFF	#D3D3D3	14
1131	#FFFFFF	#D3D3D3	14
1132	#FFFFFF	#D3D3D3	14
1133	#FFFFFF	#D3D3D3	14
1134	#FFFFFF	#D3D3D3	14
1135	#FFFFFF	#D3D3D3	14
1136	#CD1076	#000000	150
1137	#FFFFFF	#D3D3D3	14
1138	#FFFFFF	#D3D3D3	31
1139	#FFFFFF	#D3D3D3	14
1140	#FFFFFF	#D3D3D3	31
1141	#FFFFFF	#D3D3D3	83
1142	#FFFFFF	#D3D3D3	83
1143	#FFFFFF	#D3D3D3	31
1144	#FFFFFF	#D3D3D3	31
1145	#FFFFFF	#D3D3D3	31
1146	#FFFFFF	#D3D3D3	31
1148	#FFFFFF	#D3D3D3	31
1149	#FFFFFF	#D3D3D3	31
1150	#FFFFFF	#D3D3D3	31
1151	#FFFFFF	#D3D3D3	31
1152	#FFFFFF	#D3D3D3	31
1153	#FFFFFF	#D3D3D3	258
1154	#FFFFFF	#D3D3D3	258
1155	#FFFFFF	#D3D3D3	31
1156	#FFFFFF	#D3D3D3	31
1160	#D74386	#1C1C1C	18
1161	#D74386	#1C1C1C	18
1163	#FFFFFF	#D3D3D3	31
1164	#FFFFFF	#D3D3D3	31
1165	#FFFFFF	#D3D3D3	31
1167	#FFFFFF	#D3D3D3	460
1169	#FFFFFF	#D3D3D3	31
1170	#FFFFFF	#D3D3D3	31
1171	#FFFFFF	#D3D3D3	31
1172	#FFFFFF	#D3D3D3	31
1173	#FFFFFF	#D3D3D3	31
1174	#FFFFFF	#D3D3D3	31
1175	#FFFFFF	#D3D3D3	31
1176	#FFFFFF	#D3D3D3	31
1177	#FFFFFF	#D3D3D3	31
1178	#FFFFFF	#D3D3D3	31
1179	#FFFFFF	#D3D3D3	31
1180	#FFFFFF	#D3D3D3	31
1181	#FFFFFF	#D3D3D3	31
1182	#FFFFFF	#D3D3D3	31
1183	#FFFFFF	#D3D3D3	31
1184	#FFFFFF	#D3D3D3	31
1185	#FFFFFF	#D3D3D3	31
1186	#FFFFFF	#D3D3D3	31
1187	#FFFFFF	#D3D3D3	31
1188	#FFFFFF	#D3D3D3	31
1189	#FFFFFF	#D3D3D3	31
1190	#FFFFFF	#D3D3D3	31
1191	#FFFFFF	#D3D3D3	31
1192	#FFFFFF	#D3D3D3	31
1193	#FFFFFF	#D3D3D3	31
1194	#FFFFFF	#D3D3D3	31
1195	#FFFFFF	#D3D3D3	31
1196	#FFFFFF	#D3D3D3	31
1197	#FFFFFF	#D3D3D3	31
1198	#FFFFFF	#D3D3D3	31
1199	#FFFFFF	#D3D3D3	31
1200	#FFFFFF	#D3D3D3	31
1201	#FFFFFF	#D3D3D3	31
1202	#FFFFFF	#D3D3D3	31
1203	#FFFFFF	#D3D3D3	31
1204	#FFFFFF	#D3D3D3	31
1205	#FFFFFF	#D3D3D3	31
1206	#FFFFFF	#D3D3D3	31
1207	#FFFFFF	#D3D3D3	261
1208	#FFFFFF	#D3D3D3	31
1209	#FFFFFF	#D3D3D3	31
1210	#FFFFFF	#D3D3D3	31
1211	#FFFFFF	#D3D3D3	31
1212	#FFFFFF	#D3D3D3	31
1214	#FFFFFF	#D3D3D3	31
1215	#FFFFFF	#D3D3D3	31
1216	#FFFFFF	#D3D3D3	362
1219	#FFFFFF	#D3D3D3	31
1220	#FFFFFF	#D3D3D3	31
1221	#FFFFFF	#D3D3D3	31
1222	#FFFFFF	#D3D3D3	31
1223	#FFFFFF	#D3D3D3	31
1224	#FFFFFF	#D3D3D3	31
1225	#FFFFFF	#D3D3D3	31
1226	#FFFFFF	#D3D3D3	31
1227	#FFFFFF	#D3D3D3	31
1228	#FFFFFF	#D3D3D3	31
1229	#FFFFFF	#D3D3D3	31
1230	#FFFFFF	#D3D3D3	14
1231	#FFFFFF	#D3D3D3	14
1232	#FFFFFF	#D3D3D3	31
1233	#FFFFFF	#D3D3D3	31
1234	#FFFFFF	#D3D3D3	31
1235	#FFFFFF	#D3D3D3	31
1236	#FFFFFF	#D3D3D3	31
1237	#FFFFFF	#D3D3D3	31
1238	#FFFFFF	#D3D3D3	31
1239	#FFFFFF	#D3D3D3	31
1240	#FFFFFF	#D3D3D3	31
1241	#FFFFFF	#D3D3D3	31
1242	#FFFFFF	#D3D3D3	31
1243	#FFFFFF	#D3D3D3	31
1244	#FFFFFF	#D3D3D3	31
1245	#FFFFFF	#D3D3D3	31
1246	#FFFFFF	#D3D3D3	31
1247	#FFFFFF	#D3D3D3	31
1248	#FFFFFF	#D3D3D3	31
1249	#FFFFFF	#D3D3D3	31
1250	#FFFFFF	#D3D3D3	31
1251	#FFFFFF	#D3D3D3	31
1252	#FFFFFF	#D3D3D3	31
1253	#FFFFFF	#D3D3D3	31
1254	#FFFFFF	#D3D3D3	31
1255	#FFFFFF	#D3D3D3	31
1256	#FFFFFF	#D3D3D3	31
1257	#FFFFFF	#D3D3D3	261
1258	#FFFFFF	#D3D3D3	31
1259	#FFFFFF	#D3D3D3	31
1260	#FFFFFF	#D3D3D3	31
1261	#FFFFFF	#D3D3D3	31
1264	#CD1076	#000000	253
1265	#CD1076	#000000	135
1266	#D74386	#1C1C1C	18
1267	#D74386	#1C1C1C	18
1268	#D74386	#1C1C1C	18
1269	#D74386	#1C1C1C	18
1270	#CD1076	#000000	163
1271	#D64084	#1A1A1A	99
1272	#FFFFFF	#D3D3D3	14
1273	#FFFFFF	#D3D3D3	14
1274	#FFFFFF	#D3D3D3	14
1275	#FFFFFF	#D3D3D3	14
1276	#CD1076	#000000	180
1277	#FFFFFF	#D3D3D3	14
1278	#FFFFFF	#D3D3D3	14
1279	#FFFFFF	#D3D3D3	14
1280	#FFFFFF	#D3D3D3	14
1281	#FFFFFF	#D3D3D3	14
1282	#FFFFFF	#D3D3D3	14
1283	#FFFFFF	#D3D3D3	14
1284	#FFFFFF	#D3D3D3	14
1285	#FFFFFF	#D3D3D3	14
1286	#FFFFFF	#D3D3D3	14
1287	#CD1076	#000000	180
1288	#FFFFFF	#D3D3D3	31
1289	#FFFFFF	#D3D3D3	31
1290	#FFFFFF	#D3D3D3	14
1291	#FFFFFF	#D3D3D3	31
1292	#FFFFFF	#D3D3D3	83
1293	#FFFFFF	#D3D3D3	83
1294	#FFFFFF	#D3D3D3	31
1295	#FFFFFF	#D3D3D3	40
1296	#FFFFFF	#D3D3D3	40
1297	#FFFFFF	#D3D3D3	40
1298	#CD1076	#000000	150
1299	#FFFFFF	#D3D3D3	40
1300	#FFFFFF	#D3D3D3	31
1301	#FFFFFF	#D3D3D3	31
1302	#FFFFFF	#D3D3D3	31
1303	#FFFFFF	#D3D3D3	31
1304	#FFFFFF	#D3D3D3	31
1305	#FFFFFF	#D3D3D3	31
1306	#FFFFFF	#D3D3D3	258
1307	#FFFFFF	#D3D3D3	31
1308	#FFFFFF	#D3D3D3	31
1312	#D74386	#1C1C1C	18
1313	#D74386	#1C1C1C	18
1315	#CD1076	#000000	253
1316	#CD1076	#000000	180
1317	#D74386	#1C1C1C	18
1318	#D74386	#1C1C1C	18
1319	#CD1076	#000000	163
1320	#D74386	#1C1C1C	18
1321	#CD1076	#000000	163
1322	#D64084	#1A1A1A	99
1323	#FFFFFF	#D3D3D3	14
1324	#FFFFFF	#D3D3D3	14
1325	#FFFFFF	#D3D3D3	14
1326	#FFFFFF	#D3D3D3	14
1327	#CD1076	#000000	36
1328	#FFFFFF	#D3D3D3	14
1329	#FFFFFF	#D3D3D3	14
1330	#FFFFFF	#D3D3D3	14
1331	#FFFFFF	#D3D3D3	14
1332	#FFFFFF	#D3D3D3	14
1333	#FFFFFF	#D3D3D3	14
1334	#FFFFFF	#D3D3D3	14
1335	#FFFFFF	#D3D3D3	14
1336	#FFFFFF	#D3D3D3	14
1337	#FFFFFF	#D3D3D3	14
1338	#CD1076	#000000	36
1339	#FFFFFF	#D3D3D3	31
1340	#FFFFFF	#D3D3D3	14
1341	#FFFFFF	#D3D3D3	14
1342	#FFFFFF	#D3D3D3	31
1343	#FFFFFF	#D3D3D3	31
1344	#FFFFFF	#D3D3D3	31
1345	#FFFFFF	#D3D3D3	31
1346	#FFFFFF	#D3D3D3	40
1347	#FFFFFF	#D3D3D3	40
1348	#FFFFFF	#D3D3D3	40
1349	#CD1076	#000000	150
1350	#FFFFFF	#D3D3D3	40
1351	#FFFFFF	#D3D3D3	31
1352	#FFFFFF	#D3D3D3	31
1353	#FFFFFF	#D3D3D3	31
1354	#FFFFFF	#D3D3D3	31
1355	#FFFFFF	#D3D3D3	31
1356	#FFFFFF	#D3D3D3	258
1357	#FFFFFF	#D3D3D3	258
1358	#FFFFFF	#D3D3D3	31
1359	#FFFFFF	#D3D3D3	342
1362	#D74386	#1C1C1C	18
1363	#D74386	#1C1C1C	18
1365	#CD1076	#000000	253
1366	#CD1076	#000000	295
1367	#D74386	#1C1C1C	18
1368	#D74386	#1C1C1C	18
1369	#D74386	#1C1C1C	18
1370	#CD1076	#000000	163
1371	#CD1076	#000000	163
1372	#D64084	#1A1A1A	99
1373	#D64084	#1A1A1A	99
1374	#FFFFFF	#D3D3D3	14
1375	#FFFFFF	#D3D3D3	14
1376	#FFFFFF	#D3D3D3	14
1377	#CD1076	#000000	36
1378	#FFFFFF	#D3D3D3	14
1379	#FFFFFF	#D3D3D3	14
1380	#FFFFFF	#D3D3D3	14
1381	#FFFFFF	#D3D3D3	14
1382	#FFFFFF	#D3D3D3	14
1383	#FFFFFF	#D3D3D3	14
1384	#FFFFFF	#D3D3D3	14
1385	#FFFFFF	#D3D3D3	14
1386	#FFFFFF	#D3D3D3	14
1387	#FFFFFF	#D3D3D3	31
1388	#CD1076	#000000	36
1389	#FFFFFF	#D3D3D3	14
1390	#FFFFFF	#D3D3D3	14
1391	#FFFFFF	#D3D3D3	31
1392	#FFFFFF	#D3D3D3	31
1393	#FFFFFF	#D3D3D3	31
1394	#FFFFFF	#D3D3D3	31
1395	#FFFFFF	#D3D3D3	40
1396	#FFFFFF	#D3D3D3	40
1397	#FFFFFF	#D3D3D3	40
1398	#FFFFFF	#D3D3D3	40
1399	#CD1076	#000000	36
1400	#FFFFFF	#D3D3D3	40
1401	#FFFFFF	#D3D3D3	40
1402	#FFFFFF	#D3D3D3	31
1403	#FFFFFF	#D3D3D3	31
1404	#FFFFFF	#D3D3D3	31
1405	#FFFFFF	#D3D3D3	31
1406	#FFFFFF	#D3D3D3	31
1407	#FFFFFF	#D3D3D3	31
1408	#FFFFFF	#D3D3D3	258
1409	#FFFFFF	#D3D3D3	31
1410	#CD1076	#000000	150
1412	#FFFFFF	#D3D3D3	275
1416	#CD1076	#000000	253
1417	#CD1076	#000000	295
1418	#D74386	#1C1C1C	18
1419	#D74386	#1C1C1C	18
1420	#D74386	#1C1C1C	18
1421	#CD1076	#000000	163
1422	#D64084	#1A1A1A	99
1423	#D64084	#1A1A1A	99
1424	#D64084	#1A1A1A	99
1425	#FFFFFF	#D3D3D3	14
1426	#FFFFFF	#D3D3D3	14
1427	#FFFFFF	#D3D3D3	14
1428	#CD1076	#000000	36
1429	#FFFFFF	#D3D3D3	14
1430	#FFFFFF	#D3D3D3	14
1431	#FFFFFF	#D3D3D3	14
1432	#FFFFFF	#D3D3D3	14
1433	#FFFFFF	#D3D3D3	14
1434	#FFFFFF	#D3D3D3	14
1435	#FFFFFF	#D3D3D3	14
1436	#FFFFFF	#D3D3D3	31
1437	#FFFFFF	#D3D3D3	31
1438	#FFFFFF	#D3D3D3	14
1439	#CD1076	#000000	36
1440	#FFFFFF	#D3D3D3	14
1441	#FFFFFF	#D3D3D3	31
1442	#FFFFFF	#D3D3D3	31
1443	#FFFFFF	#D3D3D3	40
1444	#FFFFFF	#D3D3D3	40
1445	#FFFFFF	#D3D3D3	40
1446	#FFFFFF	#D3D3D3	40
1447	#FFFFFF	#D3D3D3	40
1448	#FFFFFF	#D3D3D3	40
1449	#FFFFFF	#D3D3D3	40
1450	#CD1076	#000000	36
1451	#FFFFFF	#D3D3D3	40
1452	#FFFFFF	#D3D3D3	40
1453	#FFFFFF	#D3D3D3	40
1454	#FFFFFF	#D3D3D3	31
1455	#FFFFFF	#D3D3D3	31
1456	#FFFFFF	#D3D3D3	31
1457	#FFFFFF	#D3D3D3	31
1458	#FFFFFF	#D3D3D3	31
1459	#FFFFFF	#D3D3D3	31
1460	#D74386	#1C1C1C	18
1461	#FFFFFF	#D3D3D3	275
1462	#FFFFFF	#D3D3D3	275
1464	#FFFFFF	#D3D3D3	352
1466	#CD1076	#000000	253
1467	#CD1076	#000000	295
1468	#FFFFFF	#D3D3D3	423
1469	#D74386	#1C1C1C	18
1470	#D74386	#1C1C1C	18
1471	#F8CBDA	#989898	22
1472	#D64084	#1A1A1A	99
1473	#F8CBDA	#989898	22
1474	#D64084	#1A1A1A	99
1475	#D64084	#1A1A1A	99
1476	#FFFFFF	#D3D3D3	14
1477	#FFFFFF	#D3D3D3	14
1478	#CD1076	#000000	36
1479	#FFFFFF	#D3D3D3	14
1480	#FFFFFF	#D3D3D3	14
1481	#FFFFFF	#D3D3D3	14
1482	#FFFFFF	#D3D3D3	14
1483	#FFFFFF	#D3D3D3	14
1484	#FFFFFF	#D3D3D3	14
1485	#FFFFFF	#D3D3D3	14
1486	#FFFFFF	#D3D3D3	31
1487	#FFFFFF	#D3D3D3	31
1488	#FFFFFF	#D3D3D3	31
1489	#CD1076	#000000	235
1490	#FFFFFF	#D3D3D3	14
1491	#FFFFFF	#D3D3D3	31
1492	#FFFFFF	#D3D3D3	40
1493	#FFFFFF	#D3D3D3	31
1494	#FFFFFF	#D3D3D3	40
1495	#FFFFFF	#D3D3D3	40
1496	#FFFFFF	#D3D3D3	40
1497	#FFFFFF	#D3D3D3	40
1498	#FFFFFF	#D3D3D3	40
1499	#FFFFFF	#D3D3D3	40
1500	#CD1076	#000000	36
1501	#FFFFFF	#D3D3D3	40
1502	#FFFFFF	#D3D3D3	59
1503	#FFFFFF	#D3D3D3	40
1504	#FFFFFF	#D3D3D3	40
1505	#FFFFFF	#D3D3D3	31
1506	#FFFFFF	#D3D3D3	31
1507	#FFFFFF	#D3D3D3	31
1508	#FFFFFF	#D3D3D3	31
1509	#FFFFFF	#D3D3D3	31
1510	#FFFFFF	#D3D3D3	31
1511	#CD1076	#000000	445
1512	#D74386	#1C1C1C	18
1517	#CD1076	#000000	253
1518	#CD1076	#000000	36
1519	#FFFFFF	#D3D3D3	354
1520	#D74386	#1C1C1C	18
1521	#D74386	#1C1C1C	18
1522	#F8CBDA	#989898	22
1523	#F8CBDA	#989898	22
1524	#F8CBDA	#989898	22
1525	#D64084	#1A1A1A	99
1526	#D64084	#1A1A1A	99
1527	#FFFFFF	#D3D3D3	14
1528	#FFFFFF	#D3D3D3	14
1529	#CD1076	#000000	235
1530	#FFFFFF	#D3D3D3	14
1531	#FFFFFF	#D3D3D3	14
1532	#FFFFFF	#D3D3D3	14
1533	#FFFFFF	#D3D3D3	14
1534	#FFFFFF	#D3D3D3	14
1535	#FFFFFF	#D3D3D3	14
1536	#FFFFFF	#D3D3D3	31
1537	#FFFFFF	#D3D3D3	31
1538	#FFFFFF	#D3D3D3	31
1539	#FFFFFF	#D3D3D3	31
1540	#CD1076	#000000	445
1541	#FFFFFF	#D3D3D3	31
1542	#FFFFFF	#D3D3D3	40
1543	#FFFFFF	#D3D3D3	31
1544	#FFFFFF	#D3D3D3	40
1545	#FFFFFF	#D3D3D3	40
1546	#FFFFFF	#D3D3D3	40
1547	#FFFFFF	#D3D3D3	40
1548	#FFFFFF	#D3D3D3	40
1549	#FFFFFF	#D3D3D3	40
1550	#FFFFFF	#D3D3D3	40
1551	#CD1076	#000000	36
1552	#FFFFFF	#D3D3D3	59
1553	#FFFFFF	#D3D3D3	40
1554	#FFFFFF	#D3D3D3	40
1555	#FFFFFF	#D3D3D3	40
1556	#FFFFFF	#D3D3D3	31
1557	#FFFFFF	#D3D3D3	40
1558	#FFFFFF	#D3D3D3	31
1559	#FFFFFF	#D3D3D3	31
1560	#FFFFFF	#D3D3D3	31
1561	#CD1076	#000000	445
1562	#D74386	#1C1C1C	18
1567	#CD1076	#000000	253
1568	#CD1076	#000000	36
1571	#D74386	#1C1C1C	18
1572	#D74386	#1C1C1C	18
1573	#F8CBDA	#989898	22
1574	#F8CBDA	#989898	22
1575	#F8CBDA	#989898	22
1576	#D64084	#1A1A1A	99
1577	#D64084	#1A1A1A	99
1578	#FFFFFF	#D3D3D3	14
1579	#CD1076	#000000	235
1580	#FFFFFF	#D3D3D3	14
1581	#FFFFFF	#D3D3D3	14
1582	#FFFFFF	#D3D3D3	14
1583	#FFFFFF	#D3D3D3	14
1584	#FFFFFF	#D3D3D3	14
1585	#FFFFFF	#D3D3D3	14
1586	#FFFFFF	#D3D3D3	14
1587	#FFFFFF	#D3D3D3	31
1588	#FFFFFF	#D3D3D3	31
1589	#FFFFFF	#D3D3D3	31
1590	#CD1076	#000000	235
1591	#FFFFFF	#D3D3D3	31
1592	#FFFFFF	#D3D3D3	40
1593	#FFFFFF	#D3D3D3	40
1594	#FFFFFF	#D3D3D3	40
1595	#FFFFFF	#D3D3D3	40
1596	#FFFFFF	#D3D3D3	40
1597	#FFFFFF	#D3D3D3	40
1598	#FFFFFF	#D3D3D3	40
1599	#FFFFFF	#D3D3D3	40
1600	#FFFFFF	#D3D3D3	40
1601	#CD1076	#000000	445
1602	#FFFFFF	#D3D3D3	40
1603	#FFFFFF	#D3D3D3	40
1604	#FFFFFF	#D3D3D3	40
1605	#FFFFFF	#D3D3D3	40
1606	#FFFFFF	#D3D3D3	31
1607	#FFFFFF	#D3D3D3	40
1608	#FFFFFF	#D3D3D3	31
1609	#FFFFFF	#D3D3D3	31
1610	#FFFFFF	#D3D3D3	31
1611	#FFFFFF	#D3D3D3	31
1612	#CD1076	#000000	445
1613	#CD1076	#000000	445
1614	#D74386	#1C1C1C	18
1618	#CD1076	#000000	253
1619	#CD1076	#000000	235
1620	#FFFFFF	#D3D3D3	421
1621	#FFFFFF	#D3D3D3	354
1622	#F8CBDA	#989898	22
1623	#F8CBDA	#989898	22
1624	#F8CBDA	#989898	22
1625	#D64084	#1A1A1A	99
1626	#D64084	#1A1A1A	99
1627	#D64084	#1A1A1A	99
1628	#D64084	#1A1A1A	99
1629	#FFFFFF	#D3D3D3	14
1630	#CD1076	#000000	449
1631	#FFFFFF	#D3D3D3	14
1632	#FFFFFF	#D3D3D3	14
1633	#FFFFFF	#D3D3D3	14
1634	#FFFFFF	#D3D3D3	14
1635	#FFFFFF	#D3D3D3	14
1636	#FFFFFF	#D3D3D3	14
1637	#FFFFFF	#D3D3D3	31
1638	#FFFFFF	#D3D3D3	31
1639	#FFFFFF	#D3D3D3	31
1640	#FFFFFF	#D3D3D3	31
1641	#CD1076	#000000	445
1642	#FFFFFF	#D3D3D3	31
1643	#FFFFFF	#D3D3D3	40
1644	#FFFFFF	#D3D3D3	40
1645	#FFFFFF	#D3D3D3	40
1646	#FFFFFF	#D3D3D3	40
1647	#FFFFFF	#D3D3D3	40
1648	#FFFFFF	#D3D3D3	40
1649	#FFFFFF	#D3D3D3	40
1650	#FFFFFF	#D3D3D3	40
1651	#FFFFFF	#D3D3D3	31
1652	#CD1076	#000000	445
1653	#FFFFFF	#D3D3D3	31
1654	#FFFFFF	#D3D3D3	40
1655	#FFFFFF	#D3D3D3	40
1656	#FFFFFF	#D3D3D3	40
1657	#FFFFFF	#D3D3D3	40
1658	#FFFFFF	#D3D3D3	31
1659	#FFFFFF	#D3D3D3	31
1660	#FFFFFF	#D3D3D3	31
1661	#FFFFFF	#D3D3D3	31
1662	#CD1076	#000000	445
1663	#CD1076	#000000	102
1664	#D74386	#1C1C1C	18
1668	#CD1076	#000000	253
1669	#CD1076	#000000	253
1672	#F8CBDA	#989898	22
1673	#F8CBDA	#989898	22
1674	#F8CBDA	#989898	22
1675	#D64084	#1A1A1A	99
1676	#D64084	#1A1A1A	99
1677	#D64084	#1A1A1A	99
1678	#D64084	#1A1A1A	99
1679	#D64084	#1A1A1A	99
1680	#CD1076	#000000	235
1681	#FFFFFF	#D3D3D3	14
1682	#FFFFFF	#D3D3D3	14
1683	#FFFFFF	#D3D3D3	14
1684	#FFFFFF	#D3D3D3	14
1685	#FFFFFF	#D3D3D3	14
1686	#FFFFFF	#D3D3D3	14
1687	#FFFFFF	#D3D3D3	14
1688	#FFFFFF	#D3D3D3	31
1689	#FFFFFF	#D3D3D3	31
1690	#FFFFFF	#D3D3D3	31
1691	#CD1076	#000000	235
1692	#FFFFFF	#D3D3D3	40
1693	#FFFFFF	#D3D3D3	31
1694	#FFFFFF	#D3D3D3	40
1695	#FFFFFF	#D3D3D3	40
1696	#FFFFFF	#D3D3D3	40
1697	#FFFFFF	#D3D3D3	40
1698	#FFFFFF	#D3D3D3	40
1699	#FFFFFF	#D3D3D3	40
1700	#FFFFFF	#D3D3D3	40
1701	#FFFFFF	#D3D3D3	40
1702	#CD1076	#000000	235
1703	#FFFFFF	#D3D3D3	31
1704	#FFFFFF	#D3D3D3	40
1705	#FFFFFF	#D3D3D3	40
1706	#FFFFFF	#D3D3D3	40
1707	#FFFFFF	#D3D3D3	40
1708	#FFFFFF	#D3D3D3	40
1709	#FFFFFF	#D3D3D3	31
1710	#FFFFFF	#D3D3D3	31
1711	#FFFFFF	#D3D3D3	31
1712	#FFFFFF	#D3D3D3	31
1713	#CD1076	#000000	445
1714	#CD1076	#000000	102
1715	#CD1076	#000000	102
1716	#D74386	#1C1C1C	18
1719	#CD1076	#000000	253
1720	#CD1076	#000000	42
1724	#D64084	#1A1A1A	99
1725	#F8CBDA	#989898	22
1726	#D64084	#1A1A1A	99
1727	#D64084	#1A1A1A	99
1728	#D64084	#1A1A1A	99
1729	#D64084	#1A1A1A	99
1730	#D64084	#1A1A1A	99
1731	#CD1076	#000000	235
1732	#FFFFFF	#D3D3D3	14
1733	#FFFFFF	#D3D3D3	14
1734	#FFFFFF	#D3D3D3	14
1735	#FFFFFF	#D3D3D3	14
1736	#FFFFFF	#D3D3D3	14
1737	#FFFFFF	#D3D3D3	14
1738	#FFFFFF	#D3D3D3	31
1739	#FFFFFF	#D3D3D3	31
1740	#FFFFFF	#D3D3D3	31
1741	#FFFFFF	#D3D3D3	40
1742	#CD1076	#000000	235
1743	#FFFFFF	#D3D3D3	40
1744	#FFFFFF	#D3D3D3	31
1745	#FFFFFF	#D3D3D3	40
1746	#FFFFFF	#D3D3D3	40
1747	#FFFFFF	#D3D3D3	40
1748	#FFFFFF	#D3D3D3	40
1749	#FFFFFF	#D3D3D3	40
1750	#FFFFFF	#D3D3D3	40
1751	#FFFFFF	#D3D3D3	40
1752	#FFFFFF	#D3D3D3	31
1753	#CD1076	#000000	235
1754	#FFFFFF	#D3D3D3	31
1755	#FFFFFF	#D3D3D3	40
1756	#FFFFFF	#D3D3D3	40
1757	#FFFFFF	#D3D3D3	40
1758	#FFFFFF	#D3D3D3	31
1759	#FFFFFF	#D3D3D3	31
1760	#FFFFFF	#D3D3D3	31
1761	#FFFFFF	#D3D3D3	31
1762	#FFFFFF	#D3D3D3	31
1763	#CD1076	#000000	445
1764	#CD1076	#000000	102
1765	#CD1076	#000000	102
1766	#D74386	#1C1C1C	18
1769	#CD1076	#000000	253
1770	#CD1076	#000000	42
1774	#FFFFFF	#D3D3D3	275
1775	#D64084	#1A1A1A	99
1776	#D64084	#1A1A1A	99
1777	#F8CBDA	#989898	22
1778	#D64084	#1A1A1A	99
1779	#D64084	#1A1A1A	99
1780	#F8CBDA	#989898	22
1781	#CD1076	#000000	42
1782	#D64084	#1A1A1A	99
1783	#FFFFFF	#D3D3D3	14
1784	#FFFFFF	#D3D3D3	14
1785	#FFFFFF	#D3D3D3	14
1786	#FFFFFF	#D3D3D3	14
1787	#FFFFFF	#D3D3D3	14
1788	#FFFFFF	#D3D3D3	14
1789	#FFFFFF	#D3D3D3	51
1790	#FFFFFF	#D3D3D3	31
1791	#FFFFFF	#D3D3D3	40
1792	#CD1076	#000000	235
1793	#FFFFFF	#D3D3D3	40
1794	#FFFFFF	#D3D3D3	40
1795	#FFFFFF	#D3D3D3	40
1796	#FFFFFF	#D3D3D3	40
1797	#FFFFFF	#D3D3D3	40
1798	#FFFFFF	#D3D3D3	40
1799	#FFFFFF	#D3D3D3	40
1800	#FFFFFF	#D3D3D3	40
1801	#FFFFFF	#D3D3D3	40
1802	#FFFFFF	#D3D3D3	40
1803	#CD1076	#000000	235
1804	#FFFFFF	#D3D3D3	31
1805	#FFFFFF	#D3D3D3	31
1806	#FFFFFF	#D3D3D3	40
1807	#FFFFFF	#D3D3D3	40
1808	#FFFFFF	#D3D3D3	31
1809	#FFFFFF	#D3D3D3	31
1810	#FFFFFF	#D3D3D3	31
1811	#FFFFFF	#D3D3D3	31
1812	#FFFFFF	#D3D3D3	31
1813	#FFFFFF	#D3D3D3	31
1814	#CD1076	#000000	235
1815	#CD1076	#000000	102
1816	#CD1076	#000000	102
1817	#CD1076	#000000	102
1818	#D74386	#1C1C1C	18
1820	#CD1076	#000000	253
1821	#CD1076	#000000	42
1825	#FFFFFF	#D3D3D3	275
1826	#D64084	#1A1A1A	99
1827	#D64084	#1A1A1A	99
1828	#F8CBDA	#989898	22
1829	#D64084	#1A1A1A	99
1830	#F8CBDA	#989898	22
1831	#D64084	#1A1A1A	99
1832	#CD1076	#000000	42
1833	#D64084	#1A1A1A	99
1834	#FFFFFF	#D3D3D3	14
1835	#FFFFFF	#D3D3D3	14
1836	#FFFFFF	#D3D3D3	14
1837	#FFFFFF	#D3D3D3	14
1838	#FFFFFF	#D3D3D3	14
1839	#FFFFFF	#D3D3D3	51
1840	#FFFFFF	#D3D3D3	31
1841	#FFFFFF	#D3D3D3	31
1842	#FFFFFF	#D3D3D3	40
1843	#CD1076	#000000	235
1844	#FFFFFF	#D3D3D3	40
1845	#FFFFFF	#D3D3D3	40
1846	#FFFFFF	#D3D3D3	40
1847	#FFFFFF	#D3D3D3	40
1848	#FFFFFF	#D3D3D3	40
1849	#FFFFFF	#D3D3D3	40
1850	#FFFFFF	#D3D3D3	40
1851	#FFFFFF	#D3D3D3	40
1852	#FFFFFF	#D3D3D3	40
1853	#FFFFFF	#D3D3D3	40
1854	#CD1076	#000000	235
1855	#FFFFFF	#D3D3D3	31
1856	#FFFFFF	#D3D3D3	31
1857	#FFFFFF	#D3D3D3	31
1858	#FFFFFF	#D3D3D3	31
1859	#FFFFFF	#D3D3D3	31
1860	#FFFFFF	#D3D3D3	31
1861	#FFFFFF	#D3D3D3	221
1862	#FFFFFF	#D3D3D3	31
1863	#FFFFFF	#D3D3D3	31
1864	#CD1076	#000000	102
1865	#CD1076	#000000	102
1866	#CD1076	#000000	102
1867	#CD1076	#000000	405
1868	#F8CBDA	#989898	22
1870	#CD1076	#000000	253
1871	#CD1076	#000000	253
1872	#F8CBDA	#989898	22
1876	#FFFFFF	#D3D3D3	275
1877	#D64084	#1A1A1A	99
1878	#F8CBDA	#989898	22
1879	#D64084	#1A1A1A	99
1880	#F8CBDA	#989898	22
1881	#F8CBDA	#989898	22
1882	#CD1076	#000000	42
1883	#D64084	#1A1A1A	99
1884	#D64084	#1A1A1A	99
1885	#FFFFFF	#D3D3D3	14
1886	#FFFFFF	#D3D3D3	14
1887	#FFFFFF	#D3D3D3	51
1888	#FFFFFF	#D3D3D3	14
1889	#FFFFFF	#D3D3D3	51
1890	#FFFFFF	#D3D3D3	40
1891	#FFFFFF	#D3D3D3	40
1892	#FFFFFF	#D3D3D3	31
1893	#CD1076	#000000	42
1894	#FFFFFF	#D3D3D3	40
1895	#FFFFFF	#D3D3D3	40
1896	#FFFFFF	#D3D3D3	40
1897	#FFFFFF	#D3D3D3	40
1898	#FFFFFF	#D3D3D3	40
1899	#FFFFFF	#D3D3D3	40
1900	#FFFFFF	#D3D3D3	40
1901	#FFFFFF	#D3D3D3	40
1902	#FFFFFF	#D3D3D3	40
1903	#FFFFFF	#D3D3D3	40
1904	#CD1076	#000000	235
1905	#FFFFFF	#D3D3D3	31
1906	#FFFFFF	#D3D3D3	40
1907	#FFFFFF	#D3D3D3	31
1908	#FFFFFF	#D3D3D3	31
1909	#FFFFFF	#D3D3D3	221
1910	#FFFFFF	#D3D3D3	31
1911	#FFFFFF	#D3D3D3	221
1912	#FFFFFF	#D3D3D3	31
1913	#FFFFFF	#D3D3D3	223
1914	#FFFFFF	#D3D3D3	31
1915	#CD1076	#000000	235
1916	#CD1076	#000000	102
1917	#CD1076	#000000	102
1918	#CD1076	#000000	405
1919	#CD1076	#000000	405
1921	#CD1076	#000000	253
1922	#CD1076	#000000	42
1923	#F8CBDA	#989898	22
1928	#EE99B8	#646464	337
1929	#F8CBDA	#989898	22
1930	#F8CBDA	#989898	22
1931	#F8CBDA	#989898	22
1932	#D64084	#1A1A1A	99
1933	#CD1076	#000000	42
1934	#D64084	#1A1A1A	99
1935	#D64084	#1A1A1A	99
1936	#FFFFFF	#D3D3D3	14
1937	#FFFFFF	#D3D3D3	14
1938	#FFFFFF	#D3D3D3	51
1939	#FFFFFF	#D3D3D3	51
1940	#FFFFFF	#D3D3D3	51
1941	#FFFFFF	#D3D3D3	40
1942	#FFFFFF	#D3D3D3	40
1943	#FFFFFF	#D3D3D3	31
1944	#CD1076	#000000	42
1945	#FFFFFF	#D3D3D3	40
1946	#FFFFFF	#D3D3D3	40
1947	#FFFFFF	#D3D3D3	40
1948	#FFFFFF	#D3D3D3	40
1949	#FFFFFF	#D3D3D3	40
1950	#FFFFFF	#D3D3D3	40
1951	#FFFFFF	#D3D3D3	40
1952	#FFFFFF	#D3D3D3	40
1953	#FFFFFF	#D3D3D3	40
1954	#FFFFFF	#D3D3D3	40
1955	#CD1076	#000000	235
1956	#FFFFFF	#D3D3D3	40
1957	#FFFFFF	#D3D3D3	31
1958	#FFFFFF	#D3D3D3	31
1959	#FFFFFF	#D3D3D3	221
1960	#FFFFFF	#D3D3D3	221
1961	#FFFFFF	#D3D3D3	31
1962	#FFFFFF	#D3D3D3	221
1963	#FFFFFF	#D3D3D3	31
1964	#FFFFFF	#D3D3D3	223
1965	#CD1076	#000000	235
1966	#CD1076	#000000	102
1967	#CD1076	#000000	102
1968	#CD1076	#000000	405
1969	#CD1076	#000000	210
1971	#CD1076	#000000	253
1972	#CD1076	#000000	253
1973	#CD1076	#000000	210
1974	#F8CBDA	#989898	22
1976	#FFFFFF	#D3D3D3	275
1979	#EE99B8	#646464	337
1980	#F8CBDA	#989898	22
1981	#F8CBDA	#989898	22
1982	#F8CBDA	#989898	22
1983	#CD1076	#000000	42
1984	#D64084	#1A1A1A	99
1985	#F8CBDA	#989898	22
1986	#D64084	#1A1A1A	99
1987	#FFFFFF	#D3D3D3	14
1988	#FFFFFF	#D3D3D3	51
1989	#FFFFFF	#D3D3D3	51
1990	#FFFFFF	#D3D3D3	51
1991	#FFFFFF	#D3D3D3	51
1992	#FFFFFF	#D3D3D3	51
1993	#FFFFFF	#D3D3D3	40
1994	#CD1076	#000000	42
1995	#FFFFFF	#D3D3D3	40
1996	#FFFFFF	#D3D3D3	40
1997	#FFFFFF	#D3D3D3	40
1998	#FFFFFF	#D3D3D3	40
1999	#FFFFFF	#D3D3D3	40
2000	#FFFFFF	#D3D3D3	40
2001	#FFFFFF	#D3D3D3	40
2002	#FFFFFF	#D3D3D3	40
2003	#FFFFFF	#D3D3D3	40
2004	#FFFFFF	#D3D3D3	40
2005	#CD1076	#000000	235
2006	#FFFFFF	#D3D3D3	40
2007	#FFFFFF	#D3D3D3	31
2008	#FFFFFF	#D3D3D3	40
2009	#FFFFFF	#D3D3D3	31
2010	#FFFFFF	#D3D3D3	51
2011	#FFFFFF	#D3D3D3	221
2012	#FFFFFF	#D3D3D3	221
2013	#FFFFFF	#D3D3D3	221
2014	#FFFFFF	#D3D3D3	31
2015	#FFFFFF	#D3D3D3	223
2016	#CD1076	#000000	235
2017	#CD1076	#000000	102
2018	#CD1076	#000000	102
2019	#CD1076	#000000	102
2020	#CD1076	#000000	102
2022	#CD1076	#000000	253
2023	#CD1076	#000000	42
2024	#CD1076	#000000	210
2025	#F8CBDA	#989898	22
2027	#FFFFFF	#D3D3D3	275
2030	#F8CBDA	#989898	22
2031	#F8CBDA	#989898	22
2032	#F8CBDA	#989898	22
2033	#D64084	#1A1A1A	99
2034	#CD1076	#000000	42
2035	#F8CBDA	#989898	22
2036	#D64084	#1A1A1A	99
2037	#D64084	#1A1A1A	99
2038	#FFFFFF	#D3D3D3	14
2039	#FFFFFF	#D3D3D3	51
2040	#FFFFFF	#D3D3D3	51
2041	#FFFFFF	#D3D3D3	51
2042	#FFFFFF	#D3D3D3	51
2043	#FFFFFF	#D3D3D3	51
2044	#FFFFFF	#D3D3D3	40
2045	#CD1076	#000000	235
2046	#FFFFFF	#D3D3D3	40
2047	#FFFFFF	#D3D3D3	40
2048	#FFFFFF	#D3D3D3	40
2049	#FFFFFF	#D3D3D3	40
2050	#FFFFFF	#D3D3D3	40
2051	#FFFFFF	#D3D3D3	40
2052	#FFFFFF	#D3D3D3	40
2053	#FFFFFF	#D3D3D3	40
2054	#FFFFFF	#D3D3D3	40
2055	#FFFFFF	#D3D3D3	40
2056	#CD1076	#000000	290
2057	#FFFFFF	#D3D3D3	40
2058	#FFFFFF	#D3D3D3	40
2059	#FFFFFF	#D3D3D3	40
2060	#FFFFFF	#D3D3D3	40
2061	#FFFFFF	#D3D3D3	51
2062	#FFFFFF	#D3D3D3	221
2063	#FFFFFF	#D3D3D3	221
2064	#FFFFFF	#D3D3D3	31
2065	#FFFFFF	#D3D3D3	31
2066	#CD1076	#000000	70
2067	#CD1076	#000000	102
2068	#CD1076	#000000	70
2069	#CD1076	#000000	102
2070	#CD1076	#000000	210
2072	#CD1076	#000000	253
2073	#CD1076	#000000	253
2074	#CD1076	#000000	210
2075	#CD1076	#000000	210
2076	#F8CBDA	#989898	22
2081	#F8CBDA	#989898	22
2082	#F8CBDA	#989898	22
2083	#F8CBDA	#989898	22
2084	#CD1076	#000000	42
2085	#D64084	#1A1A1A	99
2086	#F8CBDA	#989898	22
2087	#D64084	#1A1A1A	99
2088	#D64084	#1A1A1A	99
2089	#FFFFFF	#D3D3D3	51
2090	#FFFFFF	#D3D3D3	51
2091	#FFFFFF	#D3D3D3	51
2092	#FFFFFF	#D3D3D3	51
2093	#FFFFFF	#D3D3D3	51
2094	#FFFFFF	#D3D3D3	40
2095	#CD1076	#000000	235
2096	#FFFFFF	#D3D3D3	40
2097	#FFFFFF	#D3D3D3	40
2098	#FFFFFF	#D3D3D3	40
2099	#FFFFFF	#D3D3D3	40
2100	#FFFFFF	#D3D3D3	40
2101	#FFFFFF	#D3D3D3	40
2102	#FFFFFF	#D3D3D3	40
2103	#FFFFFF	#D3D3D3	40
2104	#FFFFFF	#D3D3D3	40
2105	#FFFFFF	#D3D3D3	40
2106	#CD1076	#000000	290
2107	#FFFFFF	#D3D3D3	40
2108	#FFFFFF	#D3D3D3	40
2109	#FFFFFF	#D3D3D3	40
2110	#FFFFFF	#D3D3D3	40
2111	#FFFFFF	#D3D3D3	51
2112	#FFFFFF	#D3D3D3	51
2113	#FFFFFF	#D3D3D3	221
2114	#FFFFFF	#D3D3D3	221
2115	#FFFFFF	#D3D3D3	31
2116	#FFFFFF	#D3D3D3	31
2117	#CD1076	#000000	70
2118	#CD1076	#000000	70
2119	#CD1076	#000000	70
2120	#CD1076	#000000	102
2121	#CD1076	#000000	210
2123	#CD1076	#000000	253
2124	#CD1076	#000000	42
2125	#CD1076	#000000	102
2126	#CD1076	#000000	102
2127	#F8CBDA	#989898	22
2132	#F8CBDA	#989898	22
2133	#F8CBDA	#989898	22
2134	#F8CBDA	#989898	22
2135	#CD1076	#000000	235
2136	#F8CBDA	#989898	22
2137	#F8CBDA	#989898	22
2138	#D64084	#1A1A1A	99
2139	#D64084	#1A1A1A	99
2140	#FFFFFF	#D3D3D3	51
2141	#FFFFFF	#D3D3D3	51
2142	#FFFFFF	#D3D3D3	51
2143	#FFFFFF	#D3D3D3	40
2144	#FFFFFF	#D3D3D3	51
2145	#FFFFFF	#D3D3D3	40
2146	#CD1076	#000000	235
2147	#FFFFFF	#D3D3D3	40
2148	#FFFFFF	#D3D3D3	40
2149	#FFFFFF	#D3D3D3	40
2150	#FFFFFF	#D3D3D3	40
2151	#FFFFFF	#D3D3D3	40
2152	#FFFFFF	#D3D3D3	40
2153	#FFFFFF	#D3D3D3	40
2154	#FFFFFF	#D3D3D3	40
2155	#FFFFFF	#D3D3D3	40
2156	#FFFFFF	#D3D3D3	40
2157	#CD1076	#000000	70
2158	#FFFFFF	#D3D3D3	40
2159	#FFFFFF	#D3D3D3	40
2160	#FFFFFF	#D3D3D3	40
2161	#FFFFFF	#D3D3D3	51
2162	#FFFFFF	#D3D3D3	221
2163	#FFFFFF	#D3D3D3	221
2164	#FFFFFF	#D3D3D3	31
2165	#FFFFFF	#D3D3D3	31
2166	#FFFFFF	#D3D3D3	31
2167	#CD1076	#000000	70
2168	#CD1076	#000000	70
2169	#CD1076	#000000	70
2170	#CD1076	#000000	102
2171	#CD1076	#000000	210
2173	#CD1076	#000000	253
2174	#CD1076	#000000	42
2175	#CD1076	#000000	102
2176	#CD1076	#000000	102
2177	#CD1076	#000000	102
2178	#F8CBDA	#989898	22
2183	#F8CBDA	#989898	22
2184	#F8CBDA	#989898	22
2185	#CD1076	#000000	241
2186	#F8CBDA	#989898	22
2187	#D64084	#1A1A1A	99
2188	#D64084	#1A1A1A	99
2189	#D64084	#1A1A1A	99
2190	#D64084	#1A1A1A	99
2191	#FFFFFF	#D3D3D3	51
2192	#FFFFFF	#D3D3D3	51
2193	#FFFFFF	#D3D3D3	51
2194	#FFFFFF	#D3D3D3	40
2195	#FFFFFF	#D3D3D3	40
2196	#CD1076	#000000	241
2197	#FFFFFF	#D3D3D3	40
2198	#FFFFFF	#D3D3D3	40
2199	#FFFFFF	#D3D3D3	40
2200	#FFFFFF	#D3D3D3	40
2201	#FFFFFF	#D3D3D3	40
2202	#FFFFFF	#D3D3D3	40
2203	#FFFFFF	#D3D3D3	40
2204	#FFFFFF	#D3D3D3	40
2205	#FFFFFF	#D3D3D3	40
2206	#FFFFFF	#D3D3D3	40
2207	#CD1076	#000000	235
2208	#FFFFFF	#D3D3D3	40
2209	#FFFFFF	#D3D3D3	40
2210	#FFFFFF	#D3D3D3	40
2211	#FFFFFF	#D3D3D3	40
2212	#FFFFFF	#D3D3D3	51
2213	#FFFFFF	#D3D3D3	221
2214	#FFFFFF	#D3D3D3	221
2215	#FFFFFF	#D3D3D3	31
2216	#FFFFFF	#D3D3D3	31
2217	#FFFFFF	#D3D3D3	31
2218	#CD1076	#000000	70
2219	#CD1076	#000000	70
2220	#CD1076	#000000	70
2221	#CD1076	#000000	70
2222	#CD1076	#000000	102
2224	#CD1076	#000000	253
2225	#CD1076	#000000	241
2226	#CD1076	#000000	102
2227	#CD1076	#000000	102
2228	#CD1076	#000000	102
2229	#F8CBDA	#989898	22
2233	#EE99B8	#646464	58
2234	#F8CBDA	#989898	22
2235	#F8CBDA	#989898	22
2236	#CD1076	#000000	241
2237	#F8CBDA	#989898	22
2238	#D64084	#1A1A1A	99
2239	#F8CBDA	#989898	22
2240	#F8CBDA	#989898	22
2241	#D64084	#1A1A1A	99
2242	#FFFFFF	#D3D3D3	51
2243	#FFFFFF	#D3D3D3	51
2244	#FFFFFF	#D3D3D3	51
2245	#FFFFFF	#D3D3D3	40
2246	#FFFFFF	#D3D3D3	51
2247	#CD1076	#000000	235
2248	#FFFFFF	#D3D3D3	51
2249	#FFFFFF	#D3D3D3	40
2250	#FFFFFF	#D3D3D3	40
2251	#FFFFFF	#D3D3D3	40
2252	#FFFFFF	#D3D3D3	40
2253	#FFFFFF	#D3D3D3	40
2254	#FFFFFF	#D3D3D3	40
2255	#FFFFFF	#D3D3D3	40
2256	#FFFFFF	#D3D3D3	40
2257	#FFFFFF	#D3D3D3	40
2258	#CD1076	#000000	235
2259	#FFFFFF	#D3D3D3	40
2260	#FFFFFF	#D3D3D3	40
2261	#FFFFFF	#D3D3D3	40
2262	#FFFFFF	#D3D3D3	51
2263	#FFFFFF	#D3D3D3	51
2264	#FFFFFF	#D3D3D3	51
2265	#FFFFFF	#D3D3D3	221
2266	#FFFFFF	#D3D3D3	31
2267	#FFFFFF	#D3D3D3	31
2268	#CD1076	#000000	70
2269	#CD1076	#000000	70
2270	#CD1076	#000000	102
2271	#CD1076	#000000	102
2272	#CD1076	#000000	102
2274	#FFFFFF	#D3D3D3	31
2275	#FFFFFF	#D3D3D3	31
2279	#FFFFFF	#D3D3D3	31
2280	#FFFFFF	#D3D3D3	14
2281	#FFFFFF	#D3D3D3	31
2282	#FFFFFF	#D3D3D3	31
2283	#FFFFFF	#D3D3D3	14
2284	#FFFFFF	#D3D3D3	14
2285	#FFFFFF	#D3D3D3	31
2286	#FFFFFF	#D3D3D3	31
2287	#FFFFFF	#D3D3D3	31
2288	#FFFFFF	#D3D3D3	14
2289	#FFFFFF	#D3D3D3	31
2290	#FFFFFF	#D3D3D3	14
2291	#FFFFFF	#D3D3D3	14
2292	#FFFFFF	#D3D3D3	14
2293	#FFFFFF	#D3D3D3	31
2294	#FFFFFF	#D3D3D3	31
2295	#FFFFFF	#D3D3D3	31
2296	#FFFFFF	#D3D3D3	31
2297	#FFFFFF	#D3D3D3	31
2298	#FFFFFF	#D3D3D3	31
2299	#FFFFFF	#D3D3D3	31
2300	#FFFFFF	#D3D3D3	31
2301	#FFFFFF	#D3D3D3	31
2302	#FFFFFF	#D3D3D3	31
2303	#FFFFFF	#D3D3D3	31
2304	#FFFFFF	#D3D3D3	31
2305	#FFFFFF	#D3D3D3	31
2306	#FFFFFF	#D3D3D3	31
2307	#FFFFFF	#D3D3D3	31
2308	#FFFFFF	#D3D3D3	31
2309	#FFFFFF	#D3D3D3	31
2310	#FFFFFF	#D3D3D3	31
2311	#FFFFFF	#D3D3D3	31
2312	#FFFFFF	#D3D3D3	31
2313	#FFFFFF	#D3D3D3	31
2314	#FFFFFF	#D3D3D3	31
2315	#FFFFFF	#D3D3D3	31
2316	#FFFFFF	#D3D3D3	31
2317	#FFFFFF	#D3D3D3	31
2318	#FFFFFF	#D3D3D3	261
2319	#FFFFFF	#D3D3D3	31
2320	#FFFFFF	#D3D3D3	31
2321	#FFFFFF	#D3D3D3	31
2322	#FFFFFF	#D3D3D3	31
2323	#FFFFFF	#D3D3D3	31
2325	#FFFFFF	#D3D3D3	31
2326	#FFFFFF	#D3D3D3	31
2327	#FFFFFF	#D3D3D3	339
2329	#FFFFFF	#D3D3D3	14
2330	#FFFFFF	#D3D3D3	14
2331	#FFFFFF	#D3D3D3	14
2332	#FFFFFF	#D3D3D3	14
2333	#FFFFFF	#D3D3D3	31
2334	#FFFFFF	#D3D3D3	14
2335	#FFFFFF	#D3D3D3	31
2336	#FFFFFF	#D3D3D3	14
2337	#FFFFFF	#D3D3D3	31
2338	#FFFFFF	#D3D3D3	14
2339	#FFFFFF	#D3D3D3	348
2340	#FFFFFF	#D3D3D3	31
2341	#FFFFFF	#D3D3D3	14
2342	#FFFFFF	#D3D3D3	14
2343	#FFFFFF	#D3D3D3	31
2344	#FFFFFF	#D3D3D3	31
2345	#FFFFFF	#D3D3D3	31
2346	#FFFFFF	#D3D3D3	31
2347	#FFFFFF	#D3D3D3	31
2348	#FFFFFF	#D3D3D3	31
2349	#FFFFFF	#D3D3D3	31
2350	#FFFFFF	#D3D3D3	31
2351	#FFFFFF	#D3D3D3	31
2352	#FFFFFF	#D3D3D3	31
2353	#FFFFFF	#D3D3D3	31
2354	#FFFFFF	#D3D3D3	31
2355	#FFFFFF	#D3D3D3	31
2356	#FFFFFF	#D3D3D3	31
2357	#FFFFFF	#D3D3D3	31
2358	#FFFFFF	#D3D3D3	31
2359	#FFFFFF	#D3D3D3	31
2360	#FFFFFF	#D3D3D3	31
2361	#FFFFFF	#D3D3D3	31
2362	#FFFFFF	#D3D3D3	31
2363	#FFFFFF	#D3D3D3	31
2364	#FFFFFF	#D3D3D3	31
2365	#FFFFFF	#D3D3D3	31
2366	#FFFFFF	#D3D3D3	31
2367	#FFFFFF	#D3D3D3	31
2368	#FFFFFF	#D3D3D3	261
2369	#FFFFFF	#D3D3D3	31
2370	#FFFFFF	#D3D3D3	31
2371	#FFFFFF	#D3D3D3	31
2372	#FFFFFF	#D3D3D3	233
2375	#CD1076	#000000	253
2376	#CD1076	#000000	241
2377	#CD1076	#000000	102
2378	#D12D7D	#101010	142
2379	#CD1076	#000000	102
2380	#F8CBDA	#989898	22
2381	#F8CBDA	#989898	22
2382	#FFFFFF	#D3D3D3	275
2385	#FFFFFF	#D3D3D3	407
2386	#F8CBDA	#989898	22
2387	#CD1076	#000000	241
2388	#F8CBDA	#989898	22
2389	#F8CBDA	#989898	22
2390	#F8CBDA	#989898	22
2391	#F8CBDA	#989898	22
2392	#D64084	#1A1A1A	99
2393	#D64084	#1A1A1A	99
2394	#FFFFFF	#D3D3D3	51
2395	#FFFFFF	#D3D3D3	51
2396	#FFFFFF	#D3D3D3	40
2397	#FFFFFF	#D3D3D3	40
2398	#CD1076	#000000	235
2399	#FFFFFF	#D3D3D3	51
2400	#FFFFFF	#D3D3D3	51
2401	#FFFFFF	#D3D3D3	40
2402	#FFFFFF	#D3D3D3	40
2403	#FFFFFF	#D3D3D3	40
2404	#FFFFFF	#D3D3D3	40
2405	#FFFFFF	#D3D3D3	40
2406	#FFFFFF	#D3D3D3	40
2407	#FFFFFF	#D3D3D3	40
2408	#FFFFFF	#D3D3D3	40
2409	#CD1076	#000000	235
2410	#FFFFFF	#D3D3D3	40
2411	#FFFFFF	#D3D3D3	40
2412	#FFFFFF	#D3D3D3	40
2413	#FFFFFF	#D3D3D3	51
2414	#FFFFFF	#D3D3D3	51
2415	#FFFFFF	#D3D3D3	51
2416	#FFFFFF	#D3D3D3	51
2417	#FFFFFF	#D3D3D3	51
2418	#FFFFFF	#D3D3D3	31
2419	#FFFFFF	#D3D3D3	31
2420	#CD1076	#000000	70
2421	#CD1076	#000000	70
2422	#CD1076	#000000	102
2423	#CD1076	#000000	102
2424	#CD1076	#000000	102
2426	#CD1076	#000000	253
2427	#CD1076	#000000	253
2428	#CD1076	#000000	102
2429	#D12D7D	#101010	142
2430	#D12D7D	#101010	142
2431	#F8CBDA	#989898	22
2432	#F8CBDA	#989898	22
2436	#FFFFFF	#D3D3D3	407
2437	#F8CBDA	#989898	22
2438	#CD1076	#000000	241
2439	#F8CBDA	#989898	22
2440	#F8CBDA	#989898	22
2441	#F8CBDA	#989898	22
2442	#D64084	#1A1A1A	99
2443	#D64084	#1A1A1A	99
2444	#D64084	#1A1A1A	99
2445	#FFFFFF	#D3D3D3	51
2446	#FFFFFF	#D3D3D3	51
2447	#FFFFFF	#D3D3D3	40
2448	#FFFFFF	#D3D3D3	51
2449	#CD1076	#000000	235
2450	#FFFFFF	#D3D3D3	51
2451	#FFFFFF	#D3D3D3	51
2452	#FFFFFF	#D3D3D3	51
2453	#FFFFFF	#D3D3D3	40
2454	#FFFFFF	#D3D3D3	40
2455	#FFFFFF	#D3D3D3	40
2456	#FFFFFF	#D3D3D3	40
2457	#FFFFFF	#D3D3D3	40
2458	#FFFFFF	#D3D3D3	40
2459	#FFFFFF	#D3D3D3	40
2460	#CD1076	#000000	70
2461	#FFFFFF	#D3D3D3	40
2462	#FFFFFF	#D3D3D3	40
2463	#FFFFFF	#D3D3D3	51
2464	#FFFFFF	#D3D3D3	51
2465	#FFFFFF	#D3D3D3	51
2466	#FFFFFF	#D3D3D3	51
2467	#FFFFFF	#D3D3D3	51
2468	#FFFFFF	#D3D3D3	51
2469	#FFFFFF	#D3D3D3	31
2470	#CD1076	#000000	70
2471	#CD1076	#000000	102
2472	#CD1076	#000000	102
2473	#CD1076	#000000	102
2474	#CD1076	#000000	102
2476	#CD1076	#000000	253
2477	#CD1076	#000000	253
2478	#CD1076	#000000	102
2479	#CD1076	#000000	102
2480	#D12D7D	#101010	142
2481	#D12D7D	#101010	142
2482	#F8CBDA	#989898	22
2483	#EE99B8	#646464	58
2487	#FFFFFF	#D3D3D3	407
2488	#CD1076	#000000	241
2489	#F8CBDA	#989898	22
2490	#F8CBDA	#989898	22
2491	#F8CBDA	#989898	22
2492	#F8CBDA	#989898	22
2493	#D64084	#1A1A1A	99
2494	#D64084	#1A1A1A	99
2495	#D64084	#1A1A1A	99
2496	#FFFFFF	#D3D3D3	51
2497	#FFFFFF	#D3D3D3	51
2498	#FFFFFF	#D3D3D3	51
2499	#CD1076	#000000	241
2500	#FFFFFF	#D3D3D3	51
2501	#FFFFFF	#D3D3D3	51
2502	#FFFFFF	#D3D3D3	51
2503	#FFFFFF	#D3D3D3	40
2504	#FFFFFF	#D3D3D3	40
2505	#FFFFFF	#D3D3D3	40
2506	#FFFFFF	#D3D3D3	40
2507	#FFFFFF	#D3D3D3	40
2508	#FFFFFF	#D3D3D3	40
2509	#FFFFFF	#D3D3D3	40
2510	#CD1076	#000000	235
2511	#FFFFFF	#D3D3D3	40
2512	#FFFFFF	#D3D3D3	40
2513	#FFFFFF	#D3D3D3	40
2514	#FFFFFF	#D3D3D3	51
2515	#FFFFFF	#D3D3D3	51
2516	#FFFFFF	#D3D3D3	51
2517	#FFFFFF	#D3D3D3	51
2518	#FFFFFF	#D3D3D3	51
2519	#FFFFFF	#D3D3D3	51
2520	#FFFFFF	#D3D3D3	31
2521	#CD1076	#000000	70
2522	#CD1076	#000000	102
2523	#CD1076	#000000	452
2524	#CD1076	#000000	102
2525	#CD1076	#000000	102
2527	#CD1076	#000000	253
2528	#CD1076	#000000	241
2529	#CD1076	#000000	102
2530	#D12D7D	#101010	142
2531	#D12D7D	#101010	142
2532	#D12D7D	#101010	142
2533	#CD1076	#000000	152
2534	#EE99B8	#646464	58
2539	#CD1076	#000000	241
2540	#F8CBDA	#989898	22
2541	#F8CBDA	#989898	22
2542	#F8CBDA	#989898	22
2543	#D64084	#1A1A1A	99
2544	#D64084	#1A1A1A	99
2545	#D64084	#1A1A1A	99
2546	#D64084	#1A1A1A	99
2547	#FFFFFF	#D3D3D3	51
2548	#FFFFFF	#D3D3D3	51
2549	#FFFFFF	#D3D3D3	51
2550	#CD1076	#000000	241
2551	#FFFFFF	#D3D3D3	51
2552	#FFFFFF	#D3D3D3	51
2553	#FFFFFF	#D3D3D3	51
2554	#FFFFFF	#D3D3D3	51
2555	#FFFFFF	#D3D3D3	40
2556	#FFFFFF	#D3D3D3	40
2557	#FFFFFF	#D3D3D3	40
2558	#FFFFFF	#D3D3D3	40
2559	#FFFFFF	#D3D3D3	40
2560	#FFFFFF	#D3D3D3	40
2561	#CD1076	#000000	70
2562	#FFFFFF	#D3D3D3	40
2563	#FFFFFF	#D3D3D3	40
2564	#FFFFFF	#D3D3D3	51
2565	#FFFFFF	#D3D3D3	51
2566	#FFFFFF	#D3D3D3	51
2567	#FFFFFF	#D3D3D3	51
2568	#FFFFFF	#D3D3D3	51
2569	#FFFFFF	#D3D3D3	51
2570	#FFFFFF	#D3D3D3	51
2571	#CD1076	#000000	102
2572	#CD1076	#000000	452
2573	#CD1076	#000000	102
2574	#CD1076	#000000	129
2575	#CD1076	#000000	129
2577	#CD1076	#000000	253
2578	#CD1076	#000000	241
2579	#CD1076	#000000	102
2580	#CD1076	#000000	102
2581	#D12D7D	#101010	142
2582	#D12D7D	#101010	142
2583	#CD1076	#000000	152
2584	#D12D7D	#101010	142
2585	#EE99B8	#646464	58
2589	#CD1076	#000000	241
2591	#F8CBDA	#989898	22
2592	#D64084	#1A1A1A	99
2593	#D64084	#1A1A1A	99
2594	#D64084	#1A1A1A	99
2595	#D64084	#1A1A1A	99
2596	#D64084	#1A1A1A	99
2597	#D64084	#1A1A1A	99
2598	#FFFFFF	#D3D3D3	51
2599	#FFFFFF	#D3D3D3	51
2600	#CD1076	#000000	241
2601	#FFFFFF	#D3D3D3	51
2602	#FFFFFF	#D3D3D3	51
2603	#FFFFFF	#D3D3D3	51
2604	#FFFFFF	#D3D3D3	51
2605	#FFFFFF	#D3D3D3	51
2606	#FFFFFF	#D3D3D3	51
2607	#FFFFFF	#D3D3D3	40
2608	#FFFFFF	#D3D3D3	40
2609	#FFFFFF	#D3D3D3	40
2610	#FFFFFF	#D3D3D3	40
2611	#CD1076	#000000	70
2612	#FFFFFF	#D3D3D3	40
2613	#FFFFFF	#D3D3D3	40
2614	#FFFFFF	#D3D3D3	51
2615	#FFFFFF	#D3D3D3	51
2616	#FFFFFF	#D3D3D3	51
2617	#FFFFFF	#D3D3D3	51
2618	#FFFFFF	#D3D3D3	51
2619	#FFFFFF	#D3D3D3	51
2620	#FFFFFF	#D3D3D3	51
2621	#FFFFFF	#D3D3D3	51
2622	#CD1076	#000000	102
2623	#CD1076	#000000	102
2624	#CD1076	#000000	102
2625	#CD1076	#000000	129
2626	#CD1076	#000000	129
2628	#CD1076	#000000	253
2629	#CD1076	#000000	5
2630	#CD1076	#000000	102
2631	#CD1076	#000000	102
2632	#CD1076	#000000	102
2633	#D12D7D	#101010	142
2634	#CD1076	#000000	152
2635	#D12D7D	#101010	142
2636	#EE99B8	#646464	58
2640	#CD1076	#000000	5
2642	#F8CBDA	#989898	22
2643	#D64084	#1A1A1A	99
2644	#D64084	#1A1A1A	99
2645	#D64084	#1A1A1A	99
2646	#D64084	#1A1A1A	99
2647	#D64084	#1A1A1A	99
2648	#D64084	#1A1A1A	99
2649	#FFFFFF	#D3D3D3	51
2650	#FFFFFF	#D3D3D3	51
2651	#CD1076	#000000	70
2652	#FFFFFF	#D3D3D3	51
2653	#FFFFFF	#D3D3D3	51
2654	#FFFFFF	#D3D3D3	51
2655	#FFFFFF	#D3D3D3	51
2656	#FFFFFF	#D3D3D3	51
2657	#FFFFFF	#D3D3D3	40
2658	#FFFFFF	#D3D3D3	51
2659	#FFFFFF	#D3D3D3	40
2660	#FFFFFF	#D3D3D3	40
2661	#FFFFFF	#D3D3D3	40
2662	#CD1076	#000000	102
2663	#FFFFFF	#D3D3D3	40
2664	#FFFFFF	#D3D3D3	51
2665	#FFFFFF	#D3D3D3	51
2666	#FFFFFF	#D3D3D3	51
2667	#FFFFFF	#D3D3D3	51
2668	#FFFFFF	#D3D3D3	51
2669	#FFFFFF	#D3D3D3	478
2670	#FFFFFF	#D3D3D3	51
2671	#FFFFFF	#D3D3D3	51
2672	#CD1076	#000000	102
2673	#CD1076	#000000	129
2674	#CD1076	#000000	129
2675	#CD1076	#000000	96
2676	#CD1076	#000000	129
2678	#CD1076	#000000	253
2679	#CD1076	#000000	121
2680	#CD1076	#000000	102
2681	#CD1076	#000000	102
2682	#CD1076	#000000	102
2683	#CD1076	#000000	102
2684	#D12D7D	#101010	142
2685	#CD1076	#000000	152
2686	#D12D7D	#101010	142
2687	#EE99B8	#646464	58
2690	#CD1076	#000000	5
2692	#FFFFFF	#D3D3D3	466
2693	#F8CBDA	#989898	22
2694	#F8CBDA	#989898	22
2695	#D64084	#1A1A1A	99
2696	#F8CBDA	#989898	22
2697	#D64084	#1A1A1A	99
2698	#D64084	#1A1A1A	99
2699	#D64084	#1A1A1A	99
2700	#FFFFFF	#D3D3D3	51
2701	#CD1076	#000000	5
2702	#FFFFFF	#D3D3D3	51
2703	#FFFFFF	#D3D3D3	51
2704	#FFFFFF	#D3D3D3	51
2705	#FFFFFF	#D3D3D3	51
2706	#FFFFFF	#D3D3D3	51
2707	#FFFFFF	#D3D3D3	51
2708	#FFFFFF	#D3D3D3	51
2709	#FFFFFF	#D3D3D3	40
2710	#FFFFFF	#D3D3D3	40
2711	#FFFFFF	#D3D3D3	40
2712	#CD1076	#000000	102
2713	#FFFFFF	#D3D3D3	40
2714	#FFFFFF	#D3D3D3	40
2715	#FFFFFF	#D3D3D3	51
2716	#FFFFFF	#D3D3D3	51
2717	#FFFFFF	#D3D3D3	51
2718	#FFFFFF	#D3D3D3	478
2719	#FFFFFF	#D3D3D3	478
2720	#FFFFFF	#D3D3D3	478
2721	#FFFFFF	#D3D3D3	51
2722	#FFFFFF	#D3D3D3	51
2723	#CD1076	#000000	102
2724	#CD1076	#000000	129
2725	#CD1076	#000000	129
2726	#CD1076	#000000	96
2727	#CD1076	#000000	96
2729	#CD1076	#000000	253
2730	#CD1076	#000000	121
2731	#CD1076	#000000	102
2732	#CD1076	#000000	102
2733	#CD1076	#000000	102
2734	#CD1076	#000000	102
2735	#D12D7D	#101010	142
2736	#D12D7D	#101010	142
2737	#CD1076	#000000	66
2738	#F8CBDA	#989898	22
2741	#CD1076	#000000	121
2743	#FFFFFF	#D3D3D3	428
2744	#FFFFFF	#D3D3D3	202
2745	#F8CBDA	#989898	22
2746	#F8CBDA	#989898	22
2747	#D64084	#1A1A1A	99
2748	#D64084	#1A1A1A	99
2749	#D64084	#1A1A1A	99
2750	#D64084	#1A1A1A	99
2751	#FFFFFF	#D3D3D3	51
2752	#CD1076	#000000	5
2753	#FFFFFF	#D3D3D3	51
2754	#FFFFFF	#D3D3D3	51
2755	#FFFFFF	#D3D3D3	51
2756	#FFFFFF	#D3D3D3	51
2757	#FFFFFF	#D3D3D3	51
2758	#FFFFFF	#D3D3D3	51
2759	#FFFFFF	#D3D3D3	51
2760	#FFFFFF	#D3D3D3	40
2761	#FFFFFF	#D3D3D3	40
2762	#FFFFFF	#D3D3D3	40
2763	#CD1076	#000000	102
2764	#FFFFFF	#D3D3D3	51
2765	#FFFFFF	#D3D3D3	40
2766	#FFFFFF	#D3D3D3	51
2767	#FFFFFF	#D3D3D3	51
2768	#FFFFFF	#D3D3D3	51
2769	#FFFFFF	#D3D3D3	478
2770	#FFFFFF	#D3D3D3	51
2771	#FFFFFF	#D3D3D3	51
2772	#FFFFFF	#D3D3D3	51
2773	#CD1076	#000000	129
2774	#CD1076	#000000	96
2775	#CD1076	#000000	96
2776	#CD1076	#000000	96
2777	#CD1076	#000000	191
2779	#CD1076	#000000	253
2780	#CD1076	#000000	253
2781	#CD1076	#000000	191
2782	#CD1076	#000000	102
2783	#CD1076	#000000	102
2784	#CD1076	#000000	102
2785	#CD1076	#000000	66
2786	#D12D7D	#101010	142
2787	#CD1076	#000000	66
2788	#CD1076	#000000	66
2789	#F8CBDA	#989898	22
2790	#FFFFFF	#D3D3D3	275
2791	#CD1076	#000000	121
2795	#FFFFFF	#D3D3D3	202
2796	#F8CBDA	#989898	22
2797	#D64084	#1A1A1A	99
2798	#D64084	#1A1A1A	99
2799	#D64084	#1A1A1A	99
2800	#D64084	#1A1A1A	99
2801	#D64084	#1A1A1A	99
2802	#CD1076	#000000	5
2803	#FFFFFF	#D3D3D3	51
2804	#FFFFFF	#D3D3D3	51
2805	#FFFFFF	#D3D3D3	51
2806	#FFFFFF	#D3D3D3	51
2807	#FFFFFF	#D3D3D3	51
2808	#FFFFFF	#D3D3D3	51
2809	#FFFFFF	#D3D3D3	51
2810	#FFFFFF	#D3D3D3	51
2811	#FFFFFF	#D3D3D3	51
2812	#FFFFFF	#D3D3D3	51
2813	#CD1076	#000000	129
2814	#FFFFFF	#D3D3D3	51
2815	#FFFFFF	#D3D3D3	40
2816	#FFFFFF	#D3D3D3	51
2817	#FFFFFF	#D3D3D3	51
2818	#FFFFFF	#D3D3D3	51
2819	#FFFFFF	#D3D3D3	51
2820	#FFFFFF	#D3D3D3	478
2821	#FFFFFF	#D3D3D3	51
2822	#FFFFFF	#D3D3D3	51
2823	#FFFFFF	#D3D3D3	51
2824	#CD1076	#000000	129
2825	#CD1076	#000000	129
2826	#CD1076	#000000	96
2827	#CD1076	#000000	96
2828	#CD1076	#000000	191
2830	#CD1076	#000000	253
2831	#CD1076	#000000	121
2832	#CD1076	#000000	191
2833	#CD1076	#000000	102
2834	#CD1076	#000000	102
2835	#CD1076	#000000	66
2836	#CD1076	#000000	66
2837	#CD1076	#000000	66
2838	#CD1076	#000000	66
2839	#CD1076	#000000	66
2840	#F8CBDA	#989898	22
2842	#CD1076	#000000	5
2845	#FFFFFF	#D3D3D3	202
2846	#F8CBDA	#989898	22
2847	#F8CBDA	#989898	22
2848	#F8CBDA	#989898	22
2849	#D64084	#1A1A1A	99
2850	#D64084	#1A1A1A	99
2851	#CD1076	#000000	469
2852	#CD1076	#000000	469
2853	#CD1076	#000000	129
2854	#FFFFFF	#D3D3D3	51
2855	#FFFFFF	#D3D3D3	51
2856	#FFFFFF	#D3D3D3	51
2857	#FFFFFF	#D3D3D3	51
2858	#FFFFFF	#D3D3D3	51
2859	#FFFFFF	#D3D3D3	170
2860	#FFFFFF	#D3D3D3	170
2861	#FFFFFF	#D3D3D3	51
2862	#FFFFFF	#D3D3D3	51
2863	#FFFFFF	#D3D3D3	51
2864	#CD1076	#000000	129
2865	#FFFFFF	#D3D3D3	51
2866	#FFFFFF	#D3D3D3	51
2867	#FFFFFF	#D3D3D3	51
2868	#FFFFFF	#D3D3D3	478
2869	#FFFFFF	#D3D3D3	478
2870	#FFFFFF	#D3D3D3	478
2871	#FFFFFF	#D3D3D3	51
2872	#FFFFFF	#D3D3D3	51
2873	#FFFFFF	#D3D3D3	51
2874	#CD1076	#000000	96
2875	#CD1076	#000000	96
2876	#CD1076	#000000	96
2877	#CD1076	#000000	191
2878	#CD1076	#000000	191
2880	#CD1076	#000000	253
2881	#CD1076	#000000	253
2882	#CD1076	#000000	191
2883	#CD1076	#000000	102
2884	#CD1076	#000000	102
2885	#CD1076	#000000	66
2886	#CD1076	#000000	66
2887	#CD1076	#000000	66
2888	#CD1076	#000000	66
2889	#CD1076	#000000	66
2890	#CD1076	#000000	101
2891	#F8CBDA	#989898	22
2892	#CD1076	#000000	5
2897	#F8CBDA	#989898	22
2898	#F8CBDA	#989898	22
2899	#F8CBDA	#989898	22
2900	#D64084	#1A1A1A	99
2901	#D64084	#1A1A1A	99
2902	#CD1076	#000000	469
2903	#CD1076	#000000	5
2904	#D64084	#1A1A1A	99
2905	#FFFFFF	#D3D3D3	51
2906	#FFFFFF	#D3D3D3	51
2907	#FFFFFF	#D3D3D3	51
2908	#FFFFFF	#D3D3D3	51
2909	#FFFFFF	#D3D3D3	170
2910	#FFFFFF	#D3D3D3	170
2911	#FFFFFF	#D3D3D3	170
2912	#FFFFFF	#D3D3D3	51
2913	#FFFFFF	#D3D3D3	51
2914	#CD1076	#000000	129
2915	#FFFFFF	#D3D3D3	51
2916	#FFFFFF	#D3D3D3	51
2917	#FFFFFF	#D3D3D3	51
2918	#FFFFFF	#D3D3D3	478
2919	#FFFFFF	#D3D3D3	478
2920	#FFFFFF	#D3D3D3	478
2921	#FFFFFF	#D3D3D3	478
2922	#FFFFFF	#D3D3D3	51
2923	#FFFFFF	#D3D3D3	51
2924	#FFFFFF	#D3D3D3	51
2925	#CD1076	#000000	129
2926	#CD1076	#000000	96
2927	#CD1076	#000000	96
2928	#CD1076	#000000	191
2929	#CD1076	#000000	191
2931	#CD1076	#000000	253
2932	#CD1076	#000000	5
2933	#CD1076	#000000	102
2934	#CD1076	#000000	102
2935	#CD1076	#000000	102
2936	#CD1076	#000000	102
2937	#CD1076	#000000	66
2938	#CD1076	#000000	66
2939	#CD1076	#000000	101
2940	#CD1076	#000000	101
2941	#CD1076	#000000	101
2942	#F8CBDA	#989898	22
2943	#CD1076	#000000	5
2947	#FFFFFF	#D3D3D3	424
2948	#F8CBDA	#989898	22
2949	#F8CBDA	#989898	22
2950	#F8CBDA	#989898	22
2951	#D64084	#1A1A1A	99
2952	#CD1076	#000000	469
2953	#D64084	#1A1A1A	99
2954	#CD1076	#000000	129
2955	#D64084	#1A1A1A	99
2956	#FFFFFF	#D3D3D3	51
2957	#FFFFFF	#D3D3D3	51
2958	#FFFFFF	#D3D3D3	51
2959	#FFFFFF	#D3D3D3	51
2960	#FFFFFF	#D3D3D3	170
2961	#FFFFFF	#D3D3D3	170
2962	#FFFFFF	#D3D3D3	170
2963	#FFFFFF	#D3D3D3	51
2964	#FFFFFF	#D3D3D3	51
2965	#CD1076	#000000	129
2966	#FFFFFF	#D3D3D3	51
2967	#FFFFFF	#D3D3D3	51
2968	#FFFFFF	#D3D3D3	51
2969	#FFFFFF	#D3D3D3	51
2970	#FFFFFF	#D3D3D3	478
2971	#FFFFFF	#D3D3D3	478
2972	#FFFFFF	#D3D3D3	478
2973	#FFFFFF	#D3D3D3	51
2974	#FFFFFF	#D3D3D3	51
2975	#CD1076	#000000	129
2976	#CD1076	#000000	96
2977	#CD1076	#000000	191
2978	#CD1076	#000000	112
2979	#CD1076	#000000	112
2981	#CD1076	#000000	253
2982	#CD1076	#000000	5
2983	#CD1076	#000000	102
2984	#CD1076	#000000	102
2985	#CD1076	#000000	102
2986	#CD1076	#000000	102
2987	#CD1076	#000000	102
2988	#CD1076	#000000	66
2989	#CD1076	#000000	66
2990	#CD1076	#000000	101
2991	#CD1076	#000000	66
2992	#CD1076	#000000	101
2993	#CD1076	#000000	5
2994	#F8CBDA	#989898	22
2999	#F8CBDA	#989898	22
3000	#F8CBDA	#989898	22
3001	#F8CBDA	#989898	22
3002	#D64084	#1A1A1A	99
3003	#D64084	#1A1A1A	99
3004	#CD1076	#000000	243
3005	#F8CBDA	#989898	22
3006	#D64084	#1A1A1A	99
3007	#FFFFFF	#D3D3D3	51
3008	#FFFFFF	#D3D3D3	51
3009	#FFFFFF	#D3D3D3	51
3010	#FFFFFF	#D3D3D3	170
3011	#FFFFFF	#D3D3D3	170
3012	#FFFFFF	#D3D3D3	170
3013	#FFFFFF	#D3D3D3	170
3014	#FFFFFF	#D3D3D3	51
3015	#CD1076	#000000	129
3016	#FFFFFF	#D3D3D3	51
3017	#FFFFFF	#D3D3D3	51
3018	#FFFFFF	#D3D3D3	51
3019	#FFFFFF	#D3D3D3	51
3020	#FFFFFF	#D3D3D3	478
3021	#FFFFFF	#D3D3D3	51
3022	#FFFFFF	#D3D3D3	51
3023	#FFFFFF	#D3D3D3	478
3024	#FFFFFF	#D3D3D3	51
3025	#FFFFFF	#D3D3D3	51
3026	#CD1076	#000000	129
3027	#CD1076	#000000	129
3028	#CD1076	#000000	191
3029	#CD1076	#000000	191
3030	#CD1076	#000000	112
3032	#CD1076	#000000	253
3033	#CD1076	#000000	5
3034	#CD1076	#000000	102
3035	#CD1076	#000000	102
3036	#CD1076	#000000	102
3037	#CD1076	#000000	66
3038	#CD1076	#000000	66
3039	#CD1076	#000000	66
3040	#CD1076	#000000	66
3041	#CD1076	#000000	66
3042	#CD1076	#000000	66
3043	#CD1076	#000000	101
3044	#CD1076	#000000	243
3045	#F8CBDA	#989898	22
3050	#F8CBDA	#989898	22
3051	#F8CBDA	#989898	22
3052	#D64084	#1A1A1A	99
3053	#D64084	#1A1A1A	99
3054	#F8CBDA	#989898	22
3055	#CD1076	#000000	243
3056	#D64084	#1A1A1A	99
3057	#D64084	#1A1A1A	99
3058	#FFFFFF	#D3D3D3	51
3059	#FFFFFF	#D3D3D3	51
3060	#FFFFFF	#D3D3D3	51
3061	#FFFFFF	#D3D3D3	170
3062	#FFFFFF	#D3D3D3	170
3063	#FFFFFF	#D3D3D3	170
3064	#FFFFFF	#D3D3D3	51
3065	#FFFFFF	#D3D3D3	51
3066	#CD1076	#000000	129
3067	#FFFFFF	#D3D3D3	51
3068	#FFFFFF	#D3D3D3	51
3069	#FFFFFF	#D3D3D3	51
3070	#FFFFFF	#D3D3D3	478
3071	#FFFFFF	#D3D3D3	478
3072	#FFFFFF	#D3D3D3	51
3073	#FFFFFF	#D3D3D3	51
3074	#FFFFFF	#D3D3D3	51
3075	#FFFFFF	#D3D3D3	51
3076	#CD1076	#000000	129
3077	#CD1076	#000000	20
3078	#CD1076	#000000	112
3079	#CD1076	#000000	112
3080	#CD1076	#000000	112
3082	#CD1076	#000000	253
3083	#CD1076	#000000	253
3084	#CD1076	#000000	20
3085	#CD1076	#000000	20
3086	#CD1076	#000000	102
3087	#CD1076	#000000	20
3088	#CD1076	#000000	66
3089	#CD1076	#000000	66
3090	#CD1076	#000000	66
3091	#CD1076	#000000	66
3092	#CD1076	#000000	101
3093	#CD1076	#000000	101
3094	#CD1076	#000000	243
3095	#CD1076	#000000	101
3096	#F8CBDA	#989898	22
3101	#F8CBDA	#989898	22
3102	#F8CBDA	#989898	22
3103	#D64084	#1A1A1A	99
3104	#F8CBDA	#989898	22
3105	#CD1076	#000000	243
3106	#F8CBDA	#989898	22
3107	#F8CBDA	#989898	22
3108	#FFFFFF	#D3D3D3	170
3109	#FFFFFF	#D3D3D3	170
3110	#FFFFFF	#D3D3D3	51
3111	#FFFFFF	#D3D3D3	170
3112	#FFFFFF	#D3D3D3	170
3113	#FFFFFF	#D3D3D3	170
3114	#FFFFFF	#D3D3D3	170
3115	#FFFFFF	#D3D3D3	51
3116	#CD1076	#000000	301
3117	#FFFFFF	#D3D3D3	51
3118	#FFFFFF	#D3D3D3	51
3119	#FFFFFF	#D3D3D3	51
3120	#FFFFFF	#D3D3D3	51
3121	#FFFFFF	#D3D3D3	51
3122	#FFFFFF	#D3D3D3	51
3123	#FFFFFF	#D3D3D3	51
3124	#FFFFFF	#D3D3D3	51
3125	#FFFFFF	#D3D3D3	51
3126	#FFFFFF	#D3D3D3	51
3127	#CD1076	#000000	129
3128	#CD1076	#000000	129
3129	#CD1076	#000000	20
3130	#CD1076	#000000	112
3131	#CD1076	#000000	112
3133	#CD1076	#000000	253
3134	#CD1076	#000000	243
3135	#CD1076	#000000	20
3136	#CD1076	#000000	20
3137	#CD1076	#000000	20
3138	#CD1076	#000000	66
3139	#CD1076	#000000	66
3140	#CD1076	#000000	66
3141	#CD1076	#000000	66
3142	#CD1076	#000000	66
3143	#CD1076	#000000	101
3144	#CD1076	#000000	101
3145	#CD1076	#000000	243
3146	#CD1076	#000000	101
3147	#F8CBDA	#989898	22
3151	#FFFFFF	#D3D3D3	467
3152	#F8CBDA	#989898	22
3153	#F8CBDA	#989898	22
3154	#F8CBDA	#989898	22
3155	#F8CBDA	#989898	22
3156	#CD1076	#000000	301
3157	#F8CBDA	#989898	22
3158	#FFFFFF	#D3D3D3	170
3159	#FFFFFF	#D3D3D3	170
3160	#FFFFFF	#D3D3D3	170
3161	#FFFFFF	#D3D3D3	170
3162	#FFFFFF	#D3D3D3	170
3163	#FFFFFF	#D3D3D3	170
3164	#FFFFFF	#D3D3D3	170
3165	#FFFFFF	#D3D3D3	51
3166	#FFFFFF	#D3D3D3	51
3167	#CD1076	#000000	301
3168	#FFFFFF	#D3D3D3	51
3169	#FFFFFF	#D3D3D3	51
3170	#FFFFFF	#D3D3D3	51
3171	#FFFFFF	#D3D3D3	51
3172	#FFFFFF	#D3D3D3	51
3173	#FFFFFF	#D3D3D3	51
3174	#FFFFFF	#D3D3D3	51
3175	#FFFFFF	#D3D3D3	51
3176	#FFFFFF	#D3D3D3	50
3177	#CD1076	#000000	20
3178	#CD1076	#000000	20
3179	#CD1076	#000000	20
3180	#CD1076	#000000	112
3181	#CD1076	#000000	20
3183	#CD1076	#000000	253
3184	#CD1076	#000000	468
3185	#CD1076	#000000	20
3186	#CD1076	#000000	20
3187	#CD1076	#000000	20
3188	#CD1076	#000000	20
3189	#CD1076	#000000	66
3190	#CD1076	#000000	61
3191	#CD1076	#000000	8
3192	#CD1076	#000000	66
3193	#CD1076	#000000	66
3194	#CD1076	#000000	101
3195	#CD1076	#000000	468
3196	#CD1076	#000000	101
3197	#CD1076	#000000	101
3198	#F8CBDA	#989898	22
3203	#F8CBDA	#989898	22
3204	#F8CBDA	#989898	22
3205	#F8CBDA	#989898	22
3206	#CD1076	#000000	243
3207	#F8CBDA	#989898	22
3208	#FFFFFF	#D3D3D3	408
3209	#FFFFFF	#D3D3D3	170
3210	#FFFFFF	#D3D3D3	170
3211	#FFFFFF	#D3D3D3	170
3212	#FFFFFF	#D3D3D3	170
3213	#FFFFFF	#D3D3D3	170
3214	#FFFFFF	#D3D3D3	170
3215	#FFFFFF	#D3D3D3	170
3216	#FFFFFF	#D3D3D3	51
3217	#CD1076	#000000	301
3218	#FFFFFF	#D3D3D3	51
3219	#FFFFFF	#D3D3D3	51
3220	#FFFFFF	#D3D3D3	51
3221	#FFFFFF	#D3D3D3	51
3222	#FFFFFF	#D3D3D3	51
3223	#FFFFFF	#D3D3D3	51
3224	#FFFFFF	#D3D3D3	51
3225	#FFFFFF	#D3D3D3	51
3226	#FFFFFF	#D3D3D3	50
3227	#FFFFFF	#D3D3D3	51
3228	#CD1076	#000000	238
3229	#CD1076	#000000	20
3230	#CD1076	#000000	20
3231	#CD1076	#000000	20
3232	#CD1076	#000000	112
3234	#CD1076	#000000	253
3235	#CD1076	#000000	468
3236	#CD1076	#000000	112
3237	#CD1076	#000000	20
3238	#CD1076	#000000	20
3239	#CD1076	#000000	8
3240	#CD1076	#000000	8
3241	#CD1076	#000000	61
3242	#CD1076	#000000	8
3243	#CD1076	#000000	66
3244	#CD1076	#000000	66
3245	#CD1076	#000000	101
3246	#CD1076	#000000	468
3247	#CD1076	#000000	101
3248	#F8CBDA	#989898	22
3249	#F8CBDA	#989898	22
3251	#FFFFFF	#D3D3D3	275
3254	#F8CBDA	#989898	22
3255	#F8CBDA	#989898	22
3256	#F8CBDA	#989898	22
3257	#CD1076	#000000	243
3258	#FFFFFF	#D3D3D3	408
3259	#FFFFFF	#D3D3D3	408
3260	#FFFFFF	#D3D3D3	170
3261	#FFFFFF	#D3D3D3	170
3262	#FFFFFF	#D3D3D3	170
3263	#FFFFFF	#D3D3D3	170
3264	#FFFFFF	#D3D3D3	170
3265	#FFFFFF	#D3D3D3	170
3266	#FFFFFF	#D3D3D3	51
3267	#FFFFFF	#D3D3D3	51
3268	#CD1076	#000000	238
3269	#FFFFFF	#D3D3D3	51
3270	#FFFFFF	#D3D3D3	51
3271	#FFFFFF	#D3D3D3	51
3272	#FFFFFF	#D3D3D3	51
3273	#FFFFFF	#D3D3D3	51
3274	#FFFFFF	#D3D3D3	51
3275	#FFFFFF	#D3D3D3	51
3276	#FFFFFF	#D3D3D3	50
3277	#FFFFFF	#D3D3D3	50
3278	#CD1076	#000000	238
3279	#CD1076	#000000	20
3280	#CD1076	#000000	20
3281	#CD1076	#000000	112
3282	#CD1076	#000000	112
3284	#CD1076	#000000	253
3285	#CD1076	#000000	253
3286	#CD1076	#000000	112
3287	#CD1076	#000000	20
3288	#CD1076	#000000	20
3289	#CD1076	#000000	8
3290	#CD1076	#000000	8
3291	#CD1076	#000000	61
3292	#CD1076	#000000	8
3293	#CD1076	#000000	8
3294	#CD1076	#000000	66
3295	#CD1076	#000000	101
3296	#CD1076	#000000	468
3297	#CD1076	#000000	101
3298	#CD1076	#000000	101
3299	#F8CBDA	#989898	22
3300	#F8CBDA	#989898	22
3305	#F8CBDA	#989898	22
3306	#F8CBDA	#989898	22
3307	#CD1076	#000000	243
3308	#FFFFFF	#D3D3D3	408
3309	#FFFFFF	#D3D3D3	408
3310	#FFFFFF	#D3D3D3	170
3311	#FFFFFF	#D3D3D3	170
3312	#FFFFFF	#D3D3D3	170
3313	#FFFFFF	#D3D3D3	170
3314	#FFFFFF	#D3D3D3	170
3315	#FFFFFF	#D3D3D3	170
3316	#FFFFFF	#D3D3D3	170
3317	#FFFFFF	#D3D3D3	51
3318	#CD1076	#000000	238
3319	#FFFFFF	#D3D3D3	51
3320	#FFFFFF	#D3D3D3	51
3321	#FFFFFF	#D3D3D3	51
3322	#FFFFFF	#D3D3D3	51
3323	#FFFFFF	#D3D3D3	51
3324	#FFFFFF	#D3D3D3	51
3325	#FFFFFF	#D3D3D3	51
3326	#FFFFFF	#D3D3D3	51
3327	#FFFFFF	#D3D3D3	51
3328	#FFFFFF	#D3D3D3	50
3329	#CD1076	#000000	238
3330	#CD1076	#000000	20
3331	#CD1076	#000000	20
3332	#CD1076	#000000	20
3333	#CD1076	#000000	112
3335	#CD1076	#000000	253
3336	#CD1076	#000000	253
3337	#CD1076	#000000	20
3338	#CD1076	#000000	20
3339	#CD1076	#000000	8
3340	#CD1076	#000000	8
3341	#CD1076	#000000	61
3342	#CD1076	#000000	8
3343	#CD1076	#000000	8
3344	#CD1076	#000000	8
3345	#CD1076	#000000	66
3346	#CD1076	#000000	8
3347	#CD1076	#000000	468
3348	#F8CBDA	#989898	22
3349	#F8CBDA	#989898	22
3350	#CD1076	#000000	8
3351	#F8CBDA	#989898	22
3356	#F8CBDA	#989898	22
3357	#FFFFFF	#D3D3D3	408
3358	#CD1076	#000000	158
3359	#FFFFFF	#D3D3D3	408
3360	#FFFFFF	#D3D3D3	408
3361	#FFFFFF	#D3D3D3	170
3362	#FFFFFF	#D3D3D3	170
3363	#FFFFFF	#D3D3D3	170
3364	#FFFFFF	#D3D3D3	170
3365	#FFFFFF	#D3D3D3	170
3366	#FFFFFF	#D3D3D3	170
3367	#FFFFFF	#D3D3D3	51
3368	#FFFFFF	#D3D3D3	51
3369	#CD1076	#000000	20
3370	#FFFFFF	#D3D3D3	51
3371	#FFFFFF	#D3D3D3	51
3372	#FFFFFF	#D3D3D3	51
3373	#FFFFFF	#D3D3D3	51
3374	#FFFFFF	#D3D3D3	51
3375	#FFFFFF	#D3D3D3	51
3376	#FFFFFF	#D3D3D3	51
3377	#FFFFFF	#D3D3D3	51
3378	#FFFFFF	#D3D3D3	51
3379	#CD1076	#000000	20
3380	#CD1076	#000000	158
3381	#CD1076	#000000	20
3382	#CD1076	#000000	20
3383	#CD1076	#000000	112
3385	#FFFFFF	#D3D3D3	31
3386	#FFFFFF	#D3D3D3	31
3389	#FFFFFF	#D3D3D3	14
3390	#FFFFFF	#D3D3D3	14
3391	#FFFFFF	#D3D3D3	14
3392	#FFFFFF	#D3D3D3	14
3393	#FFFFFF	#D3D3D3	14
3394	#FFFFFF	#D3D3D3	31
3395	#FFFFFF	#D3D3D3	14
3396	#FFFFFF	#D3D3D3	14
3397	#FFFFFF	#D3D3D3	31
3398	#FFFFFF	#D3D3D3	14
3399	#FFFFFF	#D3D3D3	14
3400	#FFFFFF	#D3D3D3	280
3401	#FFFFFF	#D3D3D3	31
3402	#FFFFFF	#D3D3D3	14
3403	#FFFFFF	#D3D3D3	14
3404	#FFFFFF	#D3D3D3	31
3405	#FFFFFF	#D3D3D3	31
3406	#FFFFFF	#D3D3D3	31
3407	#FFFFFF	#D3D3D3	31
3408	#FFFFFF	#D3D3D3	31
3409	#FFFFFF	#D3D3D3	31
3410	#FFFFFF	#D3D3D3	31
3411	#FFFFFF	#D3D3D3	31
3412	#FFFFFF	#D3D3D3	31
3413	#FFFFFF	#D3D3D3	31
3414	#FFFFFF	#D3D3D3	31
3415	#FFFFFF	#D3D3D3	31
3416	#FFFFFF	#D3D3D3	31
3417	#FFFFFF	#D3D3D3	31
3418	#FFFFFF	#D3D3D3	31
3419	#FFFFFF	#D3D3D3	31
3420	#FFFFFF	#D3D3D3	31
3421	#FFFFFF	#D3D3D3	31
3422	#FFFFFF	#D3D3D3	31
3423	#FFFFFF	#D3D3D3	31
3424	#FFFFFF	#D3D3D3	31
3425	#FFFFFF	#D3D3D3	31
3426	#FFFFFF	#D3D3D3	31
3427	#FFFFFF	#D3D3D3	31
3428	#FFFFFF	#D3D3D3	31
3429	#FFFFFF	#D3D3D3	31
3430	#FFFFFF	#D3D3D3	31
3431	#FFFFFF	#D3D3D3	31
3432	#FFFFFF	#D3D3D3	31
3433	#FFFFFF	#D3D3D3	233
3436	#FFFFFF	#D3D3D3	31
3437	#FFFFFF	#D3D3D3	31
3439	#FFFFFF	#D3D3D3	14
3440	#FFFFFF	#D3D3D3	14
3441	#FFFFFF	#D3D3D3	14
3442	#FFFFFF	#D3D3D3	14
3443	#FFFFFF	#D3D3D3	14
3444	#FFFFFF	#D3D3D3	14
3445	#FFFFFF	#D3D3D3	14
3446	#FFFFFF	#D3D3D3	14
3447	#FFFFFF	#D3D3D3	14
3448	#FFFFFF	#D3D3D3	31
3449	#FFFFFF	#D3D3D3	14
3450	#FFFFFF	#D3D3D3	14
3451	#FFFFFF	#D3D3D3	31
3452	#FFFFFF	#D3D3D3	14
3453	#FFFFFF	#D3D3D3	14
3454	#FFFFFF	#D3D3D3	14
3455	#FFFFFF	#D3D3D3	31
3456	#FFFFFF	#D3D3D3	31
3457	#FFFFFF	#D3D3D3	31
3458	#FFFFFF	#D3D3D3	31
3459	#FFFFFF	#D3D3D3	31
3460	#FFFFFF	#D3D3D3	31
3461	#FFFFFF	#D3D3D3	31
3462	#FFFFFF	#D3D3D3	31
3463	#FFFFFF	#D3D3D3	31
3464	#FFFFFF	#D3D3D3	31
3465	#FFFFFF	#D3D3D3	31
3466	#FFFFFF	#D3D3D3	31
3467	#FFFFFF	#D3D3D3	31
3468	#FFFFFF	#D3D3D3	31
3469	#FFFFFF	#D3D3D3	31
3470	#FFFFFF	#D3D3D3	31
3471	#FFFFFF	#D3D3D3	31
3472	#FFFFFF	#D3D3D3	31
3473	#FFFFFF	#D3D3D3	31
3474	#FFFFFF	#D3D3D3	31
3475	#FFFFFF	#D3D3D3	31
3476	#FFFFFF	#D3D3D3	31
3477	#FFFFFF	#D3D3D3	31
3478	#FFFFFF	#D3D3D3	31
3479	#FFFFFF	#D3D3D3	31
3480	#FFFFFF	#D3D3D3	31
3481	#FFFFFF	#D3D3D3	31
3482	#FFFFFF	#D3D3D3	233
3484	#FFFFFF	#D3D3D3	473
3486	#CD1076	#000000	253
3487	#CD1076	#000000	253
3488	#CD1076	#000000	112
3489	#CD1076	#000000	20
3490	#CD1076	#000000	20
3491	#CD1076	#000000	8
3492	#CD1076	#000000	61
3493	#CD1076	#000000	8
3494	#CD1076	#000000	8
3495	#CD1076	#000000	8
3496	#CD1076	#000000	8
3497	#CD1076	#000000	8
3498	#CD1076	#000000	468
3499	#CD1076	#000000	8
3500	#F8CBDA	#989898	22
3501	#CD1076	#000000	8
3502	#CD1076	#000000	8
3503	#F8CBDA	#989898	22
3508	#FFFFFF	#D3D3D3	408
3509	#CD1076	#000000	158
3510	#FFFFFF	#D3D3D3	408
3511	#FFFFFF	#D3D3D3	408
3512	#FFFFFF	#D3D3D3	170
3513	#FFFFFF	#D3D3D3	170
3514	#FFFFFF	#D3D3D3	170
3515	#FFFFFF	#D3D3D3	170
3516	#FFFFFF	#D3D3D3	408
3517	#FFFFFF	#D3D3D3	170
3518	#FFFFFF	#D3D3D3	170
3519	#FFFFFF	#D3D3D3	51
3520	#CD1076	#000000	20
3521	#FFFFFF	#D3D3D3	51
3522	#FFFFFF	#D3D3D3	51
3523	#FFFFFF	#D3D3D3	51
3524	#FFFFFF	#D3D3D3	51
3525	#FFFFFF	#D3D3D3	51
3526	#FFFFFF	#D3D3D3	51
3527	#FFFFFF	#D3D3D3	51
3528	#FFFFFF	#D3D3D3	51
3529	#FFFFFF	#D3D3D3	51
3530	#FFFFFF	#D3D3D3	51
3531	#CD1076	#000000	20
3532	#CD1076	#000000	158
3533	#CD1076	#000000	20
3534	#CD1076	#000000	20
3535	#CD1076	#000000	20
3537	#CD1076	#000000	253
3538	#CD1076	#000000	468
3539	#CD1076	#000000	112
3540	#CD1076	#000000	20
3541	#CD1076	#000000	8
3542	#CD1076	#000000	61
3543	#CD1076	#000000	61
3544	#CD1076	#000000	8
3545	#CD1076	#000000	8
3546	#CD1076	#000000	8
3547	#CD1076	#000000	8
3548	#CD1076	#000000	244
3549	#CD1076	#000000	158
3550	#CD1076	#000000	8
3551	#CD1076	#000000	8
3552	#CD1076	#000000	8
3553	#CD1076	#000000	8
3554	#F8CBDA	#989898	22
3558	#FFFFFF	#D3D3D3	240
3559	#FFFFFF	#D3D3D3	285
3560	#CD1076	#000000	158
3561	#FFFFFF	#D3D3D3	408
3562	#FFFFFF	#D3D3D3	408
3563	#FFFFFF	#D3D3D3	408
3564	#FFFFFF	#D3D3D3	170
3565	#FFFFFF	#D3D3D3	408
3566	#FFFFFF	#D3D3D3	408
3567	#FFFFFF	#D3D3D3	170
3568	#FFFFFF	#D3D3D3	170
3569	#FFFFFF	#D3D3D3	170
3570	#FFFFFF	#D3D3D3	51
3571	#CD1076	#000000	158
3572	#FFFFFF	#D3D3D3	51
3573	#FFFFFF	#D3D3D3	51
3574	#FFFFFF	#D3D3D3	51
3575	#FFFFFF	#D3D3D3	51
3576	#FFFFFF	#D3D3D3	51
3577	#FFFFFF	#D3D3D3	51
3578	#FFFFFF	#D3D3D3	51
3579	#FFFFFF	#D3D3D3	51
3580	#FFFFFF	#D3D3D3	51
3581	#CD1076	#000000	158
3582	#CD1076	#000000	158
3583	#CD1076	#000000	20
3584	#CD1076	#000000	20
3585	#CD1076	#000000	20
3587	#CD1076	#000000	253
3588	#CD1076	#000000	468
3589	#CD1076	#000000	20
3590	#CD1076	#000000	20
3591	#CD1076	#000000	8
3592	#CD1076	#000000	8
3593	#CD1076	#000000	61
3594	#CD1076	#000000	8
3595	#CD1076	#000000	8
3596	#CD1076	#000000	8
3597	#CD1076	#000000	8
3598	#CD1076	#000000	244
3599	#CD1076	#000000	158
3600	#CD1076	#000000	8
3601	#CD1076	#000000	8
3602	#CD1076	#000000	8
3603	#CD1076	#000000	8
3604	#CD1076	#000000	8
3605	#F8CBDA	#989898	22
3607	#F8CBDA	#989898	22
3609	#FFFFFF	#D3D3D3	240
3610	#CD1076	#000000	158
3611	#FFFFFF	#D3D3D3	285
3612	#FFFFFF	#D3D3D3	408
3613	#FFFFFF	#D3D3D3	408
3614	#FFFFFF	#D3D3D3	170
3615	#FFFFFF	#D3D3D3	408
3616	#FFFFFF	#D3D3D3	408
3617	#FFFFFF	#D3D3D3	170
3618	#FFFFFF	#D3D3D3	170
3619	#FFFFFF	#D3D3D3	170
3620	#FFFFFF	#D3D3D3	170
3621	#CD1076	#000000	158
3622	#FFFFFF	#D3D3D3	51
3623	#FFFFFF	#D3D3D3	51
3624	#FFFFFF	#D3D3D3	51
3625	#FFFFFF	#D3D3D3	51
3626	#FFFFFF	#D3D3D3	51
3627	#FFFFFF	#D3D3D3	51
3628	#FFFFFF	#D3D3D3	51
3629	#FFFFFF	#D3D3D3	51
3630	#FFFFFF	#D3D3D3	51
3631	#FFFFFF	#D3D3D3	51
3632	#CD1076	#000000	158
3633	#CD1076	#000000	20
3634	#CD1076	#000000	20
3635	#CD1076	#000000	20
3636	#CD1076	#000000	20
3638	#CD1076	#000000	253
3639	#CD1076	#000000	158
3640	#CD1076	#000000	20
3641	#CD1076	#000000	20
3642	#CD1076	#000000	20
3643	#CD1076	#000000	8
3644	#CD1076	#000000	61
3645	#CD1076	#000000	8
3646	#CD1076	#000000	415
3647	#CD1076	#000000	8
3648	#CD1076	#000000	244
3649	#CD1076	#000000	244
3650	#CD1076	#000000	158
3651	#CD1076	#000000	8
3652	#CD1076	#000000	8
3653	#CD1076	#000000	8
3654	#CD1076	#000000	8
3655	#CD1076	#000000	8
3656	#F8CBDA	#989898	22
3660	#FFFFFF	#D3D3D3	240
3661	#CD1076	#000000	158
3662	#FFFFFF	#D3D3D3	408
3663	#FFFFFF	#D3D3D3	408
3664	#FFFFFF	#D3D3D3	408
3665	#FFFFFF	#D3D3D3	408
3666	#FFFFFF	#D3D3D3	408
3667	#FFFFFF	#D3D3D3	408
3668	#FFFFFF	#D3D3D3	170
3669	#FFFFFF	#D3D3D3	170
3670	#FFFFFF	#D3D3D3	170
3671	#FFFFFF	#D3D3D3	51
3672	#CD1076	#000000	158
3673	#FFFFFF	#D3D3D3	51
3674	#FFFFFF	#D3D3D3	51
3675	#FFFFFF	#D3D3D3	118
3676	#FFFFFF	#D3D3D3	51
3677	#FFFFFF	#D3D3D3	51
3678	#FFFFFF	#D3D3D3	51
3679	#FFFFFF	#D3D3D3	51
3680	#FFFFFF	#D3D3D3	51
3681	#FFFFFF	#D3D3D3	51
3682	#CD1076	#000000	158
3683	#CD1076	#000000	20
3684	#CD1076	#000000	20
3685	#CD1076	#000000	145
3686	#CD1076	#000000	20
3688	#CD1076	#000000	253
3689	#CD1076	#000000	165
3690	#CD1076	#000000	20
3691	#CD1076	#000000	20
3692	#CD1076	#000000	20
3693	#CD1076	#000000	8
3694	#CD1076	#000000	8
3695	#CD1076	#000000	8
3696	#CD1076	#000000	415
3697	#CD1076	#000000	415
3698	#CD1076	#000000	8
3699	#CD1076	#000000	8
3700	#CD1076	#000000	158
3701	#CD1076	#000000	8
3702	#CD1076	#000000	13
3703	#CD1076	#000000	8
3704	#CD1076	#000000	8
3705	#CD1076	#000000	8
3706	#F8CBDA	#989898	22
3707	#F8CBDA	#989898	22
3711	#CD1076	#000000	273
3713	#FFFFFF	#D3D3D3	369
3714	#FFFFFF	#D3D3D3	51
3715	#FFFFFF	#D3D3D3	408
3716	#FFFFFF	#D3D3D3	57
3717	#FFFFFF	#D3D3D3	408
3718	#FFFFFF	#D3D3D3	170
3719	#FFFFFF	#D3D3D3	170
3720	#FFFFFF	#D3D3D3	51
3721	#FFFFFF	#D3D3D3	51
3722	#CD1076	#000000	158
3723	#FFFFFF	#D3D3D3	51
3724	#FFFFFF	#D3D3D3	51
3725	#FFFFFF	#D3D3D3	51
3726	#FFFFFF	#D3D3D3	118
3727	#FFFFFF	#D3D3D3	51
3728	#FFFFFF	#D3D3D3	51
3729	#FFFFFF	#D3D3D3	51
3730	#FFFFFF	#D3D3D3	51
3731	#FFFFFF	#D3D3D3	51
3732	#FFFFFF	#D3D3D3	51
3733	#CD1076	#000000	158
3734	#CD1076	#000000	20
3735	#CD1076	#000000	20
3736	#CD1076	#000000	145
3737	#CD1076	#000000	145
3739	#CD1076	#000000	253
3740	#CD1076	#000000	165
3741	#CD1076	#000000	20
3742	#CD1076	#000000	20
3743	#CD1076	#000000	472
3744	#CD1076	#000000	8
3745	#CD1076	#000000	8
3746	#CD1076	#000000	415
3747	#CD1076	#000000	8
3748	#CD1076	#000000	415
3749	#CD1076	#000000	415
3750	#CD1076	#000000	8
3751	#CD1076	#000000	273
3752	#CD1076	#000000	13
3753	#CD1076	#000000	8
3754	#CD1076	#000000	8
3755	#CD1076	#000000	8
3756	#F8CBDA	#989898	22
3757	#CD1076	#000000	13
3758	#FFFFFF	#D3D3D3	51
3762	#CD1076	#000000	158
3764	#FFFFFF	#D3D3D3	51
3765	#FFFFFF	#D3D3D3	408
3766	#FFFFFF	#D3D3D3	408
3767	#FFFFFF	#D3D3D3	57
3768	#FFFFFF	#D3D3D3	408
3769	#FFFFFF	#D3D3D3	170
3770	#FFFFFF	#D3D3D3	170
3771	#FFFFFF	#D3D3D3	51
3772	#FFFFFF	#D3D3D3	170
3773	#CD1076	#000000	158
3774	#FFFFFF	#D3D3D3	170
3775	#FFFFFF	#D3D3D3	51
3776	#FFFFFF	#D3D3D3	51
3777	#FFFFFF	#D3D3D3	118
3778	#FFFFFF	#D3D3D3	51
3779	#FFFFFF	#D3D3D3	51
3780	#FFFFFF	#D3D3D3	51
3781	#FFFFFF	#D3D3D3	51
3782	#FFFFFF	#D3D3D3	51
3783	#CD1076	#000000	20
3784	#CD1076	#000000	145
3785	#CD1076	#000000	20
3786	#CD1076	#000000	145
3787	#CD1076	#000000	20
3789	#CD1076	#000000	253
3790	#CD1076	#000000	470
3791	#CD1076	#000000	20
3792	#CD1076	#000000	145
3793	#CD1076	#000000	20
3794	#CD1076	#000000	20
3795	#CD1076	#000000	20
3796	#CD1076	#000000	8
3797	#CD1076	#000000	8
3798	#CD1076	#000000	415
3799	#CD1076	#000000	415
3800	#CD1076	#000000	415
3801	#CD1076	#000000	165
3802	#CD1076	#000000	13
3803	#CD1076	#000000	13
3804	#CD1076	#000000	8
3805	#CD1076	#000000	13
3806	#F8CBDA	#989898	22
3807	#CD1076	#000000	13
3808	#FFFFFF	#D3D3D3	51
3809	#FFFFFF	#D3D3D3	51
3812	#CD1076	#000000	158
3815	#FFFFFF	#D3D3D3	51
3816	#FFFFFF	#D3D3D3	57
3817	#FFFFFF	#D3D3D3	408
3818	#FFFFFF	#D3D3D3	57
3819	#FFFFFF	#D3D3D3	170
3820	#FFFFFF	#D3D3D3	170
3821	#FFFFFF	#D3D3D3	170
3822	#FFFFFF	#D3D3D3	51
3823	#CD1076	#000000	158
3824	#FFFFFF	#D3D3D3	170
3825	#FFFFFF	#D3D3D3	51
3826	#FFFFFF	#D3D3D3	51
3827	#FFFFFF	#D3D3D3	118
3828	#FFFFFF	#D3D3D3	51
3829	#FFFFFF	#D3D3D3	51
3830	#FFFFFF	#D3D3D3	51
3831	#FFFFFF	#D3D3D3	51
3832	#FFFFFF	#D3D3D3	51
3833	#FFFFFF	#D3D3D3	51
3834	#CD1076	#000000	20
3835	#CD1076	#000000	20
3836	#CD1076	#000000	145
3837	#CD1076	#000000	145
3838	#CD1076	#000000	145
3840	#CD1076	#000000	253
3841	#CD1076	#000000	470
3842	#CD1076	#000000	145
3843	#CD1076	#000000	20
3844	#CD1076	#000000	20
3845	#CD1076	#000000	20
3846	#CD1076	#000000	8
3847	#CD1076	#000000	8
3848	#CD1076	#000000	415
3849	#CD1076	#000000	415
3850	#CD1076	#000000	20
3851	#CD1076	#000000	13
3852	#CD1076	#000000	470
3853	#CD1076	#000000	13
3854	#CD1076	#000000	13
3855	#CD1076	#000000	13
3856	#CD1076	#000000	13
3857	#CD1076	#000000	13
3858	#FFFFFF	#D3D3D3	51
3859	#FFFFFF	#D3D3D3	51
3860	#FFFFFF	#D3D3D3	51
3863	#CD1076	#000000	158
3865	#FFFFFF	#D3D3D3	240
3866	#FFFFFF	#D3D3D3	57
3867	#FFFFFF	#D3D3D3	57
3868	#FFFFFF	#D3D3D3	57
3869	#FFFFFF	#D3D3D3	458
3870	#FFFFFF	#D3D3D3	170
3871	#FFFFFF	#D3D3D3	170
3872	#FFFFFF	#D3D3D3	170
3873	#FFFFFF	#D3D3D3	170
3874	#CD1076	#000000	158
3875	#FFFFFF	#D3D3D3	51
3876	#FFFFFF	#D3D3D3	51
3877	#FFFFFF	#D3D3D3	118
3878	#FFFFFF	#D3D3D3	51
3879	#FFFFFF	#D3D3D3	118
3880	#FFFFFF	#D3D3D3	51
3881	#FFFFFF	#D3D3D3	51
3882	#FFFFFF	#D3D3D3	51
3883	#FFFFFF	#D3D3D3	51
3884	#CD1076	#000000	20
3885	#CD1076	#000000	20
3886	#CD1076	#000000	145
3887	#CD1076	#000000	20
3888	#CD1076	#000000	20
3890	#CD1076	#000000	253
3891	#CD1076	#000000	470
3892	#CD1076	#000000	145
3893	#CD1076	#000000	145
3894	#CD1076	#000000	20
3895	#CD1076	#000000	20
3896	#CD1076	#000000	20
3897	#CD1076	#000000	8
3898	#CD1076	#000000	8
3899	#CD1076	#000000	415
3900	#CD1076	#000000	20
3901	#CD1076	#000000	20
3902	#CD1076	#000000	470
3903	#CD1076	#000000	13
3904	#CD1076	#000000	13
3905	#CD1076	#000000	13
3906	#CD1076	#000000	13
3907	#CD1076	#000000	13
3908	#FFFFFF	#D3D3D3	51
3909	#FFFFFF	#D3D3D3	51
3910	#FFFFFF	#D3D3D3	51
3911	#FFFFFF	#D3D3D3	51
3913	#CD1076	#000000	158
3916	#FFFFFF	#D3D3D3	240
3917	#FFFFFF	#D3D3D3	57
3918	#FFFFFF	#D3D3D3	57
3919	#FFFFFF	#D3D3D3	458
3920	#FFFFFF	#D3D3D3	170
3921	#FFFFFF	#D3D3D3	170
3922	#FFFFFF	#D3D3D3	170
3923	#FFFFFF	#D3D3D3	170
3924	#CD1076	#000000	158
3925	#FFFFFF	#D3D3D3	170
3926	#FFFFFF	#D3D3D3	51
3927	#FFFFFF	#D3D3D3	51
3928	#FFFFFF	#D3D3D3	118
3929	#FFFFFF	#D3D3D3	118
3930	#FFFFFF	#D3D3D3	51
3931	#FFFFFF	#D3D3D3	51
3932	#FFFFFF	#D3D3D3	51
3933	#FFFFFF	#D3D3D3	51
3934	#FFFFFF	#D3D3D3	51
3935	#CD1076	#000000	158
3936	#CD1076	#000000	20
3937	#CD1076	#000000	145
3938	#CD1076	#000000	145
3939	#CD1076	#000000	20
3941	#CD1076	#000000	470
3942	#CD1076	#000000	158
3943	#CD1076	#000000	20
3944	#CD1076	#000000	145
3945	#CD1076	#000000	20
3946	#CD1076	#000000	20
3947	#CD1076	#000000	20
3948	#CD1076	#000000	8
3949	#CD1076	#000000	8
3950	#CD1076	#000000	20
3951	#CD1076	#000000	20
3952	#CD1076	#000000	13
3953	#CD1076	#000000	158
3954	#CD1076	#000000	13
3955	#CD1076	#000000	13
3956	#CD1076	#000000	67
3957	#CD1076	#000000	13
3958	#FFFFFF	#D3D3D3	51
3959	#FFFFFF	#D3D3D3	51
3960	#FFFFFF	#D3D3D3	51
3961	#FFFFFF	#D3D3D3	51
3962	#FFFFFF	#D3D3D3	51
3964	#CD1076	#000000	158
3968	#FFFFFF	#D3D3D3	57
3969	#FFFFFF	#D3D3D3	57
3970	#FFFFFF	#D3D3D3	458
3971	#FFFFFF	#D3D3D3	170
3972	#FFFFFF	#D3D3D3	170
3973	#FFFFFF	#D3D3D3	170
3974	#FFFFFF	#D3D3D3	170
3975	#CD1076	#000000	158
3976	#FFFFFF	#D3D3D3	51
3977	#FFFFFF	#D3D3D3	51
3978	#FFFFFF	#D3D3D3	118
3979	#FFFFFF	#D3D3D3	118
3980	#FFFFFF	#D3D3D3	118
3981	#FFFFFF	#D3D3D3	51
3982	#FFFFFF	#D3D3D3	51
3983	#FFFFFF	#D3D3D3	51
3984	#FFFFFF	#D3D3D3	51
3985	#CD1076	#000000	20
3986	#CD1076	#000000	20
3987	#CD1076	#000000	145
3988	#CD1076	#000000	20
3989	#CD1076	#000000	145
3991	#CD1076	#000000	263
3992	#CD1076	#000000	158
3993	#CD1076	#000000	20
3994	#CD1076	#000000	20
3995	#CD1076	#000000	20
3996	#CD1076	#000000	20
3997	#CD1076	#000000	20
3998	#CD1076	#000000	20
3999	#CD1076	#000000	8
4000	#CD1076	#000000	20
4001	#CD1076	#000000	20
4002	#CD1076	#000000	20
4003	#CD1076	#000000	158
4004	#CD1076	#000000	13
4005	#CD1076	#000000	67
4006	#CD1076	#000000	67
4007	#CD1076	#000000	13
4008	#FFFFFF	#D3D3D3	51
4009	#FFFFFF	#D3D3D3	51
4010	#FFFFFF	#D3D3D3	51
4011	#FFFFFF	#D3D3D3	51
4012	#FFFFFF	#D3D3D3	51
4013	#FFFFFF	#D3D3D3	51
4014	#CD1076	#000000	158
4019	#FFFFFF	#D3D3D3	57
4020	#FFFFFF	#D3D3D3	57
4021	#FFFFFF	#D3D3D3	458
4022	#FFFFFF	#D3D3D3	170
4023	#FFFFFF	#D3D3D3	170
4024	#FFFFFF	#D3D3D3	170
4025	#CD1076	#000000	158
4026	#FFFFFF	#D3D3D3	170
4027	#FFFFFF	#D3D3D3	51
4028	#FFFFFF	#D3D3D3	51
4029	#FFFFFF	#D3D3D3	51
4030	#FFFFFF	#D3D3D3	118
4031	#FFFFFF	#D3D3D3	51
4032	#FFFFFF	#D3D3D3	51
4033	#FFFFFF	#D3D3D3	51
4034	#FFFFFF	#D3D3D3	51
4035	#FFFFFF	#D3D3D3	51
4036	#CD1076	#000000	20
4037	#CD1076	#000000	20
4038	#CD1076	#000000	145
4039	#CD1076	#000000	145
4040	#CD1076	#000000	145
4042	#CD1076	#000000	166
4043	#FFFFFF	#D3D3D3	31
4045	#FFFFFF	#D3D3D3	31
4046	#FFFFFF	#D3D3D3	14
4047	#FFFFFF	#D3D3D3	14
4048	#FFFFFF	#D3D3D3	14
4049	#FFFFFF	#D3D3D3	14
4050	#FFFFFF	#D3D3D3	14
4051	#FFFFFF	#D3D3D3	14
4052	#FFFFFF	#D3D3D3	14
4053	#FFFFFF	#D3D3D3	14
4054	#FFFFFF	#D3D3D3	31
4055	#FFFFFF	#D3D3D3	14
4056	#FFFFFF	#D3D3D3	14
4057	#FFFFFF	#D3D3D3	292
4058	#FFFFFF	#D3D3D3	31
4059	#FFFFFF	#D3D3D3	14
4060	#FFFFFF	#D3D3D3	14
4061	#FFFFFF	#D3D3D3	14
4062	#FFFFFF	#D3D3D3	31
4063	#FFFFFF	#D3D3D3	31
4064	#FFFFFF	#D3D3D3	31
4065	#FFFFFF	#D3D3D3	31
4066	#FFFFFF	#D3D3D3	31
4067	#FFFFFF	#D3D3D3	31
4068	#FFFFFF	#D3D3D3	31
4069	#FFFFFF	#D3D3D3	31
4070	#FFFFFF	#D3D3D3	31
4071	#FFFFFF	#D3D3D3	31
4072	#FFFFFF	#D3D3D3	31
4073	#FFFFFF	#D3D3D3	31
4074	#FFFFFF	#D3D3D3	31
4075	#FFFFFF	#D3D3D3	31
4076	#FFFFFF	#D3D3D3	31
4077	#FFFFFF	#D3D3D3	31
4078	#FFFFFF	#D3D3D3	31
4079	#FFFFFF	#D3D3D3	31
4080	#FFFFFF	#D3D3D3	31
4081	#FFFFFF	#D3D3D3	31
4082	#FFFFFF	#D3D3D3	31
4083	#FFFFFF	#D3D3D3	31
4084	#FFFFFF	#D3D3D3	31
4085	#FFFFFF	#D3D3D3	31
4086	#FFFFFF	#D3D3D3	31
4087	#FFFFFF	#D3D3D3	31
4088	#FFFFFF	#D3D3D3	31
4089	#FFFFFF	#D3D3D3	167
4091	#FFFFFF	#D3D3D3	14
4093	#CD1076	#000000	398
4094	#FFFFFF	#D3D3D3	31
4095	#FFFFFF	#D3D3D3	31
4096	#FFFFFF	#D3D3D3	14
4097	#FFFFFF	#D3D3D3	14
4098	#FFFFFF	#D3D3D3	14
4099	#FFFFFF	#D3D3D3	14
4100	#FFFFFF	#D3D3D3	14
4101	#FFFFFF	#D3D3D3	14
4102	#FFFFFF	#D3D3D3	14
4103	#FFFFFF	#D3D3D3	14
4104	#FFFFFF	#D3D3D3	14
4105	#FFFFFF	#D3D3D3	31
4106	#FFFFFF	#D3D3D3	14
4107	#FFFFFF	#D3D3D3	14
4108	#FFFFFF	#D3D3D3	14
4109	#FFFFFF	#D3D3D3	14
4110	#FFFFFF	#D3D3D3	14
4111	#FFFFFF	#D3D3D3	14
4112	#FFFFFF	#D3D3D3	14
4113	#FFFFFF	#D3D3D3	31
4114	#FFFFFF	#D3D3D3	31
4115	#FFFFFF	#D3D3D3	31
4116	#FFFFFF	#D3D3D3	31
4117	#FFFFFF	#D3D3D3	31
4118	#FFFFFF	#D3D3D3	14
4119	#FFFFFF	#D3D3D3	31
4120	#FFFFFF	#D3D3D3	31
4121	#FFFFFF	#D3D3D3	31
4122	#FFFFFF	#D3D3D3	31
4123	#FFFFFF	#D3D3D3	31
4124	#FFFFFF	#D3D3D3	31
4125	#FFFFFF	#D3D3D3	31
4126	#FFFFFF	#D3D3D3	31
4127	#FFFFFF	#D3D3D3	31
4128	#FFFFFF	#D3D3D3	31
4129	#FFFFFF	#D3D3D3	31
4130	#FFFFFF	#D3D3D3	31
4131	#FFFFFF	#D3D3D3	31
4132	#FFFFFF	#D3D3D3	31
4133	#FFFFFF	#D3D3D3	31
4134	#FFFFFF	#D3D3D3	31
4135	#FFFFFF	#D3D3D3	31
4136	#FFFFFF	#D3D3D3	31
4137	#FFFFFF	#D3D3D3	31
4140	#FFFFFF	#D3D3D3	14
4143	#CD1076	#000000	82
4144	#CD1076	#000000	398
4145	#FFFFFF	#D3D3D3	14
4146	#FFFFFF	#D3D3D3	14
4147	#FFFFFF	#D3D3D3	31
4148	#FFFFFF	#D3D3D3	31
4149	#FFFFFF	#D3D3D3	31
4150	#FFFFFF	#D3D3D3	14
4151	#FFFFFF	#D3D3D3	14
4152	#FFFFFF	#D3D3D3	14
4153	#FFFFFF	#D3D3D3	14
4154	#FFFFFF	#D3D3D3	14
4155	#FFFFFF	#D3D3D3	31
4156	#FFFFFF	#D3D3D3	14
4157	#FFFFFF	#D3D3D3	14
4158	#FFFFFF	#D3D3D3	14
4159	#FFFFFF	#D3D3D3	14
4160	#FFFFFF	#D3D3D3	14
4161	#FFFFFF	#D3D3D3	14
4162	#FFFFFF	#D3D3D3	14
4163	#FFFFFF	#D3D3D3	14
4164	#FFFFFF	#D3D3D3	31
4165	#FFFFFF	#D3D3D3	31
4166	#FFFFFF	#D3D3D3	31
4167	#FFFFFF	#D3D3D3	31
4168	#FFFFFF	#D3D3D3	31
4169	#FFFFFF	#D3D3D3	14
4170	#FFFFFF	#D3D3D3	31
4171	#FFFFFF	#D3D3D3	31
4172	#FFFFFF	#D3D3D3	31
4173	#FFFFFF	#D3D3D3	31
4174	#FFFFFF	#D3D3D3	14
4175	#FFFFFF	#D3D3D3	31
4176	#FFFFFF	#D3D3D3	31
4177	#FFFFFF	#D3D3D3	31
4178	#FFFFFF	#D3D3D3	31
4179	#FFFFFF	#D3D3D3	31
4180	#FFFFFF	#D3D3D3	31
4181	#FFFFFF	#D3D3D3	31
4182	#FFFFFF	#D3D3D3	31
4183	#FFFFFF	#D3D3D3	31
4184	#FFFFFF	#D3D3D3	31
4185	#FFFFFF	#D3D3D3	31
4186	#FFFFFF	#D3D3D3	31
4187	#FFFFFF	#D3D3D3	31
4188	#FFFFFF	#D3D3D3	31
4192	#FFFFFF	#D3D3D3	362
4194	#CD1076	#000000	82
4195	#CD1076	#000000	44
4196	#FFFFFF	#D3D3D3	14
4197	#FFFFFF	#D3D3D3	14
4198	#FFFFFF	#D3D3D3	31
4199	#FFFFFF	#D3D3D3	31
4200	#FFFFFF	#D3D3D3	14
4201	#FFFFFF	#D3D3D3	14
4202	#FFFFFF	#D3D3D3	14
4203	#FFFFFF	#D3D3D3	14
4204	#FFFFFF	#D3D3D3	14
4205	#FFFFFF	#D3D3D3	14
4206	#FFFFFF	#D3D3D3	31
4207	#FFFFFF	#D3D3D3	266
4208	#FFFFFF	#D3D3D3	14
4209	#FFFFFF	#D3D3D3	14
4210	#FFFFFF	#D3D3D3	14
4211	#FFFFFF	#D3D3D3	14
4212	#FFFFFF	#D3D3D3	14
4213	#FFFFFF	#D3D3D3	14
4214	#FFFFFF	#D3D3D3	31
4215	#FFFFFF	#D3D3D3	14
4216	#FFFFFF	#D3D3D3	31
4217	#FFFFFF	#D3D3D3	31
4218	#FFFFFF	#D3D3D3	31
4219	#FFFFFF	#D3D3D3	31
4220	#FFFFFF	#D3D3D3	14
4221	#FFFFFF	#D3D3D3	31
4222	#FFFFFF	#D3D3D3	31
4223	#FFFFFF	#D3D3D3	14
4224	#FFFFFF	#D3D3D3	14
4225	#FFFFFF	#D3D3D3	31
4226	#FFFFFF	#D3D3D3	31
4227	#FFFFFF	#D3D3D3	31
4228	#FFFFFF	#D3D3D3	31
4229	#FFFFFF	#D3D3D3	31
4230	#FFFFFF	#D3D3D3	31
4231	#FFFFFF	#D3D3D3	31
4232	#FFFFFF	#D3D3D3	31
4233	#FFFFFF	#D3D3D3	31
4234	#FFFFFF	#D3D3D3	31
4235	#FFFFFF	#D3D3D3	31
4236	#FFFFFF	#D3D3D3	31
4237	#FFFFFF	#D3D3D3	31
4238	#FFFFFF	#D3D3D3	167
4240	#FFFFFF	#D3D3D3	159
4242	#FFFFFF	#D3D3D3	31
4244	#CD1076	#000000	82
4245	#CD1076	#000000	44
4246	#FFFFFF	#D3D3D3	31
4247	#FFFFFF	#D3D3D3	14
4248	#FFFFFF	#D3D3D3	31
4249	#FFFFFF	#D3D3D3	31
4250	#FFFFFF	#D3D3D3	14
4251	#FFFFFF	#D3D3D3	14
4252	#FFFFFF	#D3D3D3	14
4253	#FFFFFF	#D3D3D3	14
4254	#FFFFFF	#D3D3D3	14
4255	#FFFFFF	#D3D3D3	14
4256	#CD1076	#000000	44
4257	#FFFFFF	#D3D3D3	14
4258	#FFFFFF	#D3D3D3	14
4259	#FFFFFF	#D3D3D3	14
4260	#FFFFFF	#D3D3D3	14
4261	#FFFFFF	#D3D3D3	14
4262	#FFFFFF	#D3D3D3	14
4263	#FFFFFF	#D3D3D3	14
4264	#FFFFFF	#D3D3D3	14
4265	#FFFFFF	#D3D3D3	14
4266	#FFFFFF	#D3D3D3	14
4267	#FFFFFF	#D3D3D3	31
4268	#FFFFFF	#D3D3D3	31
4269	#FFFFFF	#D3D3D3	31
4270	#FFFFFF	#D3D3D3	14
4271	#FFFFFF	#D3D3D3	31
4272	#FFFFFF	#D3D3D3	14
4273	#FFFFFF	#D3D3D3	14
4274	#FFFFFF	#D3D3D3	14
4275	#FFFFFF	#D3D3D3	14
4276	#FFFFFF	#D3D3D3	31
4277	#FFFFFF	#D3D3D3	31
4278	#FFFFFF	#D3D3D3	31
4279	#FFFFFF	#D3D3D3	31
4280	#FFFFFF	#D3D3D3	31
4281	#FFFFFF	#D3D3D3	31
4282	#FFFFFF	#D3D3D3	31
4283	#FFFFFF	#D3D3D3	31
4284	#FFFFFF	#D3D3D3	31
4285	#FFFFFF	#D3D3D3	31
4286	#FFFFFF	#D3D3D3	31
4287	#FFFFFF	#D3D3D3	31
4288	#FFFFFF	#D3D3D3	31
4289	#FFFFFF	#D3D3D3	31
4293	#FFFFFF	#D3D3D3	31
4295	#CD1076	#000000	116
4296	#CD1076	#000000	116
4297	#FFFFFF	#D3D3D3	31
4298	#FFFFFF	#D3D3D3	31
4299	#FFFFFF	#D3D3D3	31
4300	#FFFFFF	#D3D3D3	14
4301	#FFFFFF	#D3D3D3	14
4302	#FFFFFF	#D3D3D3	14
4303	#FFFFFF	#D3D3D3	14
4304	#FFFFFF	#D3D3D3	31
4305	#FFFFFF	#D3D3D3	31
4306	#FFFFFF	#D3D3D3	31
4307	#CD1076	#000000	44
4308	#FFFFFF	#D3D3D3	31
4309	#FFFFFF	#D3D3D3	14
4310	#FFFFFF	#D3D3D3	14
4311	#FFFFFF	#D3D3D3	14
4312	#FFFFFF	#D3D3D3	14
4313	#FFFFFF	#D3D3D3	14
4314	#FFFFFF	#D3D3D3	14
4315	#FFFFFF	#D3D3D3	14
4316	#FFFFFF	#D3D3D3	14
4317	#FFFFFF	#D3D3D3	31
4318	#FFFFFF	#D3D3D3	31
4319	#FFFFFF	#D3D3D3	14
4320	#FFFFFF	#D3D3D3	14
4321	#FFFFFF	#D3D3D3	14
4322	#FFFFFF	#D3D3D3	14
4323	#FFFFFF	#D3D3D3	14
4324	#FFFFFF	#D3D3D3	14
4325	#FFFFFF	#D3D3D3	14
4326	#FFFFFF	#D3D3D3	14
4327	#FFFFFF	#D3D3D3	31
4328	#FFFFFF	#D3D3D3	31
4329	#FFFFFF	#D3D3D3	31
4330	#FFFFFF	#D3D3D3	31
4331	#FFFFFF	#D3D3D3	31
4332	#FFFFFF	#D3D3D3	31
4333	#FFFFFF	#D3D3D3	31
4334	#FFFFFF	#D3D3D3	31
4335	#FFFFFF	#D3D3D3	31
4336	#FFFFFF	#D3D3D3	31
4337	#FFFFFF	#D3D3D3	31
4338	#FFFFFF	#D3D3D3	261
4342	#FFFFFF	#D3D3D3	159
4343	#FFFFFF	#D3D3D3	31
4345	#CD1076	#000000	396
4346	#CD1076	#000000	116
4347	#FFFFFF	#D3D3D3	31
4348	#FFFFFF	#D3D3D3	31
4349	#FFFFFF	#D3D3D3	14
4350	#FFFFFF	#D3D3D3	14
4351	#FFFFFF	#D3D3D3	14
4352	#FFFFFF	#D3D3D3	14
4353	#FFFFFF	#D3D3D3	14
4354	#FFFFFF	#D3D3D3	31
4355	#FFFFFF	#D3D3D3	31
4356	#FFFFFF	#D3D3D3	31
4357	#CD1076	#000000	44
4358	#FFFFFF	#D3D3D3	31
4359	#FFFFFF	#D3D3D3	31
4360	#FFFFFF	#D3D3D3	14
4361	#FFFFFF	#D3D3D3	14
4362	#FFFFFF	#D3D3D3	14
4363	#FFFFFF	#D3D3D3	386
4364	#FFFFFF	#D3D3D3	386
4365	#FFFFFF	#D3D3D3	14
4366	#FFFFFF	#D3D3D3	31
4367	#FFFFFF	#D3D3D3	31
4368	#CD1076	#000000	44
4369	#FFFFFF	#D3D3D3	14
4370	#FFFFFF	#D3D3D3	14
4371	#FFFFFF	#D3D3D3	14
4372	#FFFFFF	#D3D3D3	14
4373	#FFFFFF	#D3D3D3	14
4374	#FFFFFF	#D3D3D3	14
4375	#FFFFFF	#D3D3D3	14
4376	#FFFFFF	#D3D3D3	14
4377	#FFFFFF	#D3D3D3	31
4378	#FFFFFF	#D3D3D3	31
4379	#FFFFFF	#D3D3D3	31
4380	#FFFFFF	#D3D3D3	31
4381	#FFFFFF	#D3D3D3	31
4382	#FFFFFF	#D3D3D3	31
4383	#FFFFFF	#D3D3D3	31
4384	#FFFFFF	#D3D3D3	31
4385	#FFFFFF	#D3D3D3	31
4386	#FFFFFF	#D3D3D3	31
4387	#FFFFFF	#D3D3D3	31
4388	#FFFFFF	#D3D3D3	261
4389	#FFFFFF	#D3D3D3	261
4391	#FFFFFF	#D3D3D3	370
4392	#FFFFFF	#D3D3D3	35
4393	#FFFFFF	#D3D3D3	31
4394	#FFFFFF	#D3D3D3	31
4396	#CD1076	#000000	116
4397	#CD1076	#000000	44
4398	#FFFFFF	#D3D3D3	31
4399	#FFFFFF	#D3D3D3	31
4400	#FFFFFF	#D3D3D3	14
4401	#FFFFFF	#D3D3D3	14
4402	#FFFFFF	#D3D3D3	31
4403	#FFFFFF	#D3D3D3	14
4404	#FFFFFF	#D3D3D3	14
4405	#FFFFFF	#D3D3D3	14
4406	#FFFFFF	#D3D3D3	31
4407	#FFFFFF	#D3D3D3	31
4408	#CD1076	#000000	44
4409	#FFFFFF	#D3D3D3	31
4410	#FFFFFF	#D3D3D3	31
4411	#FFFFFF	#D3D3D3	14
4412	#FFFFFF	#D3D3D3	14
4413	#FFFFFF	#D3D3D3	14
4414	#FFFFFF	#D3D3D3	386
4415	#FFFFFF	#D3D3D3	14
4416	#FFFFFF	#D3D3D3	14
4417	#FFFFFF	#D3D3D3	31
4418	#FFFFFF	#D3D3D3	14
4419	#FFFFFF	#D3D3D3	31
4420	#FFFFFF	#D3D3D3	31
4421	#FFFFFF	#D3D3D3	14
4422	#FFFFFF	#D3D3D3	14
4423	#FFFFFF	#D3D3D3	14
4424	#FFFFFF	#D3D3D3	14
4425	#FFFFFF	#D3D3D3	14
4426	#FFFFFF	#D3D3D3	14
4427	#FFFFFF	#D3D3D3	31
4428	#FFFFFF	#D3D3D3	31
4429	#FFFFFF	#D3D3D3	31
4431	#FFFFFF	#D3D3D3	31
4432	#FFFFFF	#D3D3D3	31
4433	#FFFFFF	#D3D3D3	31
4434	#FFFFFF	#D3D3D3	31
4435	#FFFFFF	#D3D3D3	31
4436	#FFFFFF	#D3D3D3	31
4437	#FFFFFF	#D3D3D3	31
4438	#FFFFFF	#D3D3D3	31
4439	#FFFFFF	#D3D3D3	261
4440	#FFFFFF	#D3D3D3	370
4442	#FFFFFF	#D3D3D3	31
4443	#FFFFFF	#D3D3D3	31
4444	#FFFFFF	#D3D3D3	31
4446	#CD1076	#000000	283
4447	#CD1076	#000000	116
4448	#FFFFFF	#D3D3D3	31
4449	#FFFFFF	#D3D3D3	31
4450	#FFFFFF	#D3D3D3	31
4451	#FFFFFF	#D3D3D3	14
4452	#FFFFFF	#D3D3D3	14
4453	#FFFFFF	#D3D3D3	31
4454	#FFFFFF	#D3D3D3	14
4455	#FFFFFF	#D3D3D3	14
4456	#FFFFFF	#D3D3D3	31
4457	#FFFFFF	#D3D3D3	31
4458	#CD1076	#000000	44
4459	#FFFFFF	#D3D3D3	31
4460	#FFFFFF	#D3D3D3	31
4461	#FFFFFF	#D3D3D3	14
4462	#FFFFFF	#D3D3D3	14
4463	#FFFFFF	#D3D3D3	14
4464	#FFFFFF	#D3D3D3	14
4465	#FFFFFF	#D3D3D3	14
4466	#FFFFFF	#D3D3D3	14
4467	#FFFFFF	#D3D3D3	31
4468	#FFFFFF	#D3D3D3	31
4469	#FFFFFF	#D3D3D3	64
4470	#FFFFFF	#D3D3D3	31
4471	#FFFFFF	#D3D3D3	14
4472	#FFFFFF	#D3D3D3	14
4473	#FFFFFF	#D3D3D3	14
4474	#FFFFFF	#D3D3D3	14
4475	#FFFFFF	#D3D3D3	14
4476	#FFFFFF	#D3D3D3	14
4477	#FFFFFF	#D3D3D3	14
4478	#FFFFFF	#D3D3D3	31
4479	#FFFFFF	#D3D3D3	31
4481	#FFFFFF	#D3D3D3	31
4482	#FFFFFF	#D3D3D3	31
4483	#FFFFFF	#D3D3D3	31
4484	#FFFFFF	#D3D3D3	31
4485	#FFFFFF	#D3D3D3	31
4486	#FFFFFF	#D3D3D3	31
4487	#FFFFFF	#D3D3D3	31
4488	#FFFFFF	#D3D3D3	31
4489	#FFFFFF	#D3D3D3	31
4490	#FFFFFF	#D3D3D3	31
4491	#FFFFFF	#D3D3D3	31
4493	#FFFFFF	#D3D3D3	31
4494	#FFFFFF	#D3D3D3	31
4495	#FFFFFF	#D3D3D3	31
4497	#CD1076	#000000	116
4498	#CD1076	#000000	44
4499	#FFFFFF	#D3D3D3	31
4500	#FFFFFF	#D3D3D3	14
4501	#FFFFFF	#D3D3D3	31
4502	#FFFFFF	#D3D3D3	14
4503	#FFFFFF	#D3D3D3	31
4504	#FFFFFF	#D3D3D3	31
4505	#FFFFFF	#D3D3D3	14
4506	#FFFFFF	#D3D3D3	14
4507	#FFFFFF	#D3D3D3	31
4508	#FFFFFF	#D3D3D3	31
4509	#FFFFFF	#D3D3D3	64
4510	#FFFFFF	#D3D3D3	14
4511	#FFFFFF	#D3D3D3	31
4512	#FFFFFF	#D3D3D3	14
4513	#FFFFFF	#D3D3D3	14
4514	#FFFFFF	#D3D3D3	14
4515	#FFFFFF	#D3D3D3	14
4516	#FFFFFF	#D3D3D3	14
4517	#FFFFFF	#D3D3D3	31
4518	#FFFFFF	#D3D3D3	31
4519	#FFFFFF	#D3D3D3	31
4521	#FFFFFF	#D3D3D3	31
4522	#FFFFFF	#D3D3D3	31
4523	#FFFFFF	#D3D3D3	14
4524	#FFFFFF	#D3D3D3	31
4525	#FFFFFF	#D3D3D3	31
4526	#FFFFFF	#D3D3D3	31
4527	#FFFFFF	#D3D3D3	14
4528	#FFFFFF	#D3D3D3	14
4529	#FFFFFF	#D3D3D3	14
4530	#FFFFFF	#D3D3D3	31
4531	#FFFFFF	#D3D3D3	31
4532	#FFFFFF	#D3D3D3	31
4533	#FFFFFF	#D3D3D3	31
4534	#FFFFFF	#D3D3D3	31
4535	#FFFFFF	#D3D3D3	31
4536	#FFFFFF	#D3D3D3	31
4537	#FFFFFF	#D3D3D3	31
4538	#FFFFFF	#D3D3D3	31
4539	#FFFFFF	#D3D3D3	31
4540	#FFFFFF	#D3D3D3	31
4542	#FFFFFF	#D3D3D3	31
4543	#FFFFFF	#D3D3D3	31
4544	#FFFFFF	#D3D3D3	31
4545	#FFFFFF	#D3D3D3	31
4547	#FFFFFF	#D3D3D3	31
4548	#FFFFFF	#D3D3D3	31
4549	#FFFFFF	#D3D3D3	31
4550	#FFFFFF	#D3D3D3	31
4555	#FFFFFF	#D3D3D3	426
4556	#FFFFFF	#D3D3D3	281
4557	#FFFFFF	#D3D3D3	10
4558	#FFFFFF	#D3D3D3	10
4559	#FFFFFF	#D3D3D3	31
4560	#FFFFFF	#D3D3D3	10
4561	#FFFFFF	#D3D3D3	10
4562	#FFFFFF	#D3D3D3	31
4563	#FFFFFF	#D3D3D3	31
4564	#FFFFFF	#D3D3D3	31
4565	#FFFFFF	#D3D3D3	31
4566	#FFFFFF	#D3D3D3	31
4567	#FFFFFF	#D3D3D3	10
4568	#FFFFFF	#D3D3D3	31
4569	#FFFFFF	#D3D3D3	10
4570	#FFFFFF	#D3D3D3	31
4571	#FFFFFF	#D3D3D3	31
4572	#FFFFFF	#D3D3D3	10
4573	#FFFFFF	#D3D3D3	31
4574	#FFFFFF	#D3D3D3	31
4575	#FFFFFF	#D3D3D3	31
4576	#FFFFFF	#D3D3D3	31
4577	#FFFFFF	#D3D3D3	31
4578	#FFFFFF	#D3D3D3	31
4579	#FFFFFF	#D3D3D3	31
4580	#FFFFFF	#D3D3D3	31
4581	#FFFFFF	#D3D3D3	31
4582	#FFFFFF	#D3D3D3	31
4583	#FFFFFF	#D3D3D3	130
4584	#FFFFFF	#D3D3D3	130
4585	#FFFFFF	#D3D3D3	130
4586	#FFFFFF	#D3D3D3	31
4587	#FFFFFF	#D3D3D3	31
4588	#FFFFFF	#D3D3D3	138
4589	#FFFFFF	#D3D3D3	31
4590	#FFFFFF	#D3D3D3	138
4591	#FFFFFF	#D3D3D3	138
4592	#FFFFFF	#D3D3D3	31
4593	#FFFFFF	#D3D3D3	31
4594	#FFFFFF	#D3D3D3	31
4595	#FFFFFF	#D3D3D3	31
4596	#FFFFFF	#D3D3D3	31
4598	#FFFFFF	#D3D3D3	31
4599	#FFFFFF	#D3D3D3	31
4600	#FFFFFF	#D3D3D3	31
4601	#FFFFFF	#D3D3D3	31
4606	#FFFFFF	#D3D3D3	436
4607	#FFFFFF	#D3D3D3	10
4608	#FFFFFF	#D3D3D3	10
4609	#FFFFFF	#D3D3D3	10
4610	#FFFFFF	#D3D3D3	31
4611	#FFFFFF	#D3D3D3	10
4612	#FFFFFF	#D3D3D3	10
4613	#FFFFFF	#D3D3D3	31
4614	#FFFFFF	#D3D3D3	31
4615	#FFFFFF	#D3D3D3	31
4616	#FFFFFF	#D3D3D3	31
4617	#FFFFFF	#D3D3D3	31
4618	#FFFFFF	#D3D3D3	10
4619	#FFFFFF	#D3D3D3	31
4620	#FFFFFF	#D3D3D3	10
4621	#FFFFFF	#D3D3D3	31
4622	#FFFFFF	#D3D3D3	31
4623	#FFFFFF	#D3D3D3	31
4624	#FFFFFF	#D3D3D3	31
4625	#FFFFFF	#D3D3D3	31
4626	#FFFFFF	#D3D3D3	31
4627	#FFFFFF	#D3D3D3	31
4628	#FFFFFF	#D3D3D3	31
4629	#FFFFFF	#D3D3D3	130
4630	#FFFFFF	#D3D3D3	31
4631	#FFFFFF	#D3D3D3	31
4632	#FFFFFF	#D3D3D3	31
4633	#FFFFFF	#D3D3D3	130
4634	#FFFFFF	#D3D3D3	130
4635	#FFFFFF	#D3D3D3	130
4636	#FFFFFF	#D3D3D3	31
4637	#FFFFFF	#D3D3D3	31
4638	#FFFFFF	#D3D3D3	138
4639	#FFFFFF	#D3D3D3	31
4640	#FFFFFF	#D3D3D3	31
4641	#FFFFFF	#D3D3D3	138
4642	#FFFFFF	#D3D3D3	31
4643	#FFFFFF	#D3D3D3	31
4644	#FFFFFF	#D3D3D3	31
4645	#FFFFFF	#D3D3D3	31
4646	#FFFFFF	#D3D3D3	31
4648	#FFFFFF	#D3D3D3	31
4649	#FFFFFF	#D3D3D3	31
4650	#FFFFFF	#D3D3D3	31
4651	#FFFFFF	#D3D3D3	31
4652	#FFFFFF	#D3D3D3	31
4657	#FFFFFF	#D3D3D3	10
4658	#FFFFFF	#D3D3D3	10
4659	#FFFFFF	#D3D3D3	10
4660	#FFFFFF	#D3D3D3	31
4661	#FFFFFF	#D3D3D3	10
4662	#FFFFFF	#D3D3D3	10
4663	#FFFFFF	#D3D3D3	31
4664	#FFFFFF	#D3D3D3	31
4665	#FFFFFF	#D3D3D3	31
4666	#FFFFFF	#D3D3D3	31
4667	#FFFFFF	#D3D3D3	31
4668	#FFFFFF	#D3D3D3	10
4669	#FFFFFF	#D3D3D3	10
4670	#FFFFFF	#D3D3D3	31
4671	#FFFFFF	#D3D3D3	31
4672	#FFFFFF	#D3D3D3	10
4673	#FFFFFF	#D3D3D3	31
4674	#FFFFFF	#D3D3D3	31
4675	#FFFFFF	#D3D3D3	31
4676	#FFFFFF	#D3D3D3	31
4677	#FFFFFF	#D3D3D3	31
4678	#FFFFFF	#D3D3D3	31
4679	#FFFFFF	#D3D3D3	130
4680	#FFFFFF	#D3D3D3	130
4681	#FFFFFF	#D3D3D3	31
4682	#FFFFFF	#D3D3D3	31
4683	#FFFFFF	#D3D3D3	31
4684	#FFFFFF	#D3D3D3	130
4685	#FFFFFF	#D3D3D3	130
4686	#FFFFFF	#D3D3D3	31
4687	#FFFFFF	#D3D3D3	138
4688	#FFFFFF	#D3D3D3	138
4689	#FFFFFF	#D3D3D3	138
4690	#FFFFFF	#D3D3D3	138
4691	#FFFFFF	#D3D3D3	138
4692	#FFFFFF	#D3D3D3	138
4693	#FFFFFF	#D3D3D3	31
4694	#FFFFFF	#D3D3D3	31
4695	#FFFFFF	#D3D3D3	31
4696	#FFFFFF	#D3D3D3	31
4697	#FFFFFF	#D3D3D3	31
4699	#FFFFFF	#D3D3D3	31
4700	#FFFFFF	#D3D3D3	31
4701	#FFFFFF	#D3D3D3	31
4702	#FFFFFF	#D3D3D3	31
4703	#FFFFFF	#D3D3D3	31
4708	#FFFFFF	#D3D3D3	10
4709	#FFFFFF	#D3D3D3	10
4710	#FFFFFF	#D3D3D3	10
4711	#FFFFFF	#D3D3D3	31
4712	#FFFFFF	#D3D3D3	10
4713	#FFFFFF	#D3D3D3	31
4714	#FFFFFF	#D3D3D3	31
4715	#FFFFFF	#D3D3D3	31
4716	#FFFFFF	#D3D3D3	31
4717	#FFFFFF	#D3D3D3	10
4718	#FFFFFF	#D3D3D3	31
4719	#FFFFFF	#D3D3D3	10
4720	#FFFFFF	#D3D3D3	31
4721	#FFFFFF	#D3D3D3	10
4722	#FFFFFF	#D3D3D3	31
4723	#FFFFFF	#D3D3D3	10
4724	#FFFFFF	#D3D3D3	31
4725	#FFFFFF	#D3D3D3	31
4726	#FFFFFF	#D3D3D3	31
4727	#FFFFFF	#D3D3D3	31
4728	#FFFFFF	#D3D3D3	31
4729	#FFFFFF	#D3D3D3	31
4730	#FFFFFF	#D3D3D3	130
4731	#FFFFFF	#D3D3D3	130
4732	#FFFFFF	#D3D3D3	130
4733	#FFFFFF	#D3D3D3	31
4734	#FFFFFF	#D3D3D3	130
4735	#FFFFFF	#D3D3D3	130
4736	#FFFFFF	#D3D3D3	31
4737	#FFFFFF	#D3D3D3	138
4738	#FFFFFF	#D3D3D3	138
4739	#FFFFFF	#D3D3D3	138
4740	#FFFFFF	#D3D3D3	138
4741	#FFFFFF	#D3D3D3	138
4742	#FFFFFF	#D3D3D3	138
4743	#FFFFFF	#D3D3D3	31
4744	#FFFFFF	#D3D3D3	31
4745	#FFFFFF	#D3D3D3	31
4746	#FFFFFF	#D3D3D3	31
4747	#FFFFFF	#D3D3D3	31
4749	#FFFFFF	#D3D3D3	31
4750	#FFFFFF	#D3D3D3	31
4751	#FFFFFF	#D3D3D3	31
4752	#FFFFFF	#D3D3D3	31
4753	#FFFFFF	#D3D3D3	31
4754	#FFFFFF	#D3D3D3	43
4759	#FFFFFF	#D3D3D3	10
4760	#FFFFFF	#D3D3D3	10
4761	#FFFFFF	#D3D3D3	31
4762	#FFFFFF	#D3D3D3	10
4763	#FFFFFF	#D3D3D3	31
4764	#FFFFFF	#D3D3D3	31
4765	#FFFFFF	#D3D3D3	10
4766	#FFFFFF	#D3D3D3	10
4767	#FFFFFF	#D3D3D3	10
4768	#FFFFFF	#D3D3D3	10
4769	#FFFFFF	#D3D3D3	10
4770	#FFFFFF	#D3D3D3	10
4771	#FFFFFF	#D3D3D3	10
4772	#FFFFFF	#D3D3D3	31
4773	#FFFFFF	#D3D3D3	31
4774	#FFFFFF	#D3D3D3	31
4775	#FFFFFF	#D3D3D3	31
4776	#FFFFFF	#D3D3D3	31
4777	#FFFFFF	#D3D3D3	31
4778	#FFFFFF	#D3D3D3	31
4779	#FFFFFF	#D3D3D3	31
4780	#FFFFFF	#D3D3D3	31
4781	#FFFFFF	#D3D3D3	130
4782	#FFFFFF	#D3D3D3	130
4783	#FFFFFF	#D3D3D3	31
4784	#FFFFFF	#D3D3D3	130
4785	#FFFFFF	#D3D3D3	130
4786	#FFFFFF	#D3D3D3	31
4787	#FFFFFF	#D3D3D3	138
4788	#FFFFFF	#D3D3D3	31
4789	#FFFFFF	#D3D3D3	31
4790	#FFFFFF	#D3D3D3	138
4791	#FFFFFF	#D3D3D3	138
4792	#FFFFFF	#D3D3D3	138
4793	#FFFFFF	#D3D3D3	4
4794	#FFFFFF	#D3D3D3	31
4795	#FFFFFF	#D3D3D3	31
4796	#FFFFFF	#D3D3D3	31
4797	#FFFFFF	#D3D3D3	31
4798	#FFFFFF	#D3D3D3	31
4800	#FFFFFF	#D3D3D3	31
4801	#FFFFFF	#D3D3D3	31
4802	#FFFFFF	#D3D3D3	31
4803	#FFFFFF	#D3D3D3	31
4804	#FFFFFF	#D3D3D3	43
4805	#FFFFFF	#D3D3D3	43
4810	#FFFFFF	#D3D3D3	237
4811	#FFFFFF	#D3D3D3	10
4812	#FFFFFF	#D3D3D3	31
4813	#FFFFFF	#D3D3D3	10
4814	#FFFFFF	#D3D3D3	31
4815	#FFFFFF	#D3D3D3	31
4816	#FFFFFF	#D3D3D3	10
4817	#FFFFFF	#D3D3D3	10
4818	#FFFFFF	#D3D3D3	10
4819	#FFFFFF	#D3D3D3	10
4820	#FFFFFF	#D3D3D3	10
4821	#FFFFFF	#D3D3D3	10
4822	#FFFFFF	#D3D3D3	31
4823	#FFFFFF	#D3D3D3	31
4824	#FFFFFF	#D3D3D3	31
4825	#FFFFFF	#D3D3D3	31
4826	#FFFFFF	#D3D3D3	31
4827	#FFFFFF	#D3D3D3	31
4828	#FFFFFF	#D3D3D3	31
4829	#FFFFFF	#D3D3D3	31
4830	#FFFFFF	#D3D3D3	31
4831	#FFFFFF	#D3D3D3	130
4832	#FFFFFF	#D3D3D3	130
4833	#FFFFFF	#D3D3D3	31
4834	#FFFFFF	#D3D3D3	31
4835	#FFFFFF	#D3D3D3	130
4836	#FFFFFF	#D3D3D3	31
4837	#FFFFFF	#D3D3D3	31
4838	#FFFFFF	#D3D3D3	31
4839	#FFFFFF	#D3D3D3	31
4840	#FFFFFF	#D3D3D3	138
4841	#FFFFFF	#D3D3D3	138
4842	#FFFFFF	#D3D3D3	138
4843	#FFFFFF	#D3D3D3	4
4844	#FFFFFF	#D3D3D3	31
4845	#FFFFFF	#D3D3D3	31
4846	#FFFFFF	#D3D3D3	31
4847	#FFFFFF	#D3D3D3	31
4848	#FFFFFF	#D3D3D3	31
4850	#FFFFFF	#D3D3D3	31
4851	#FFFFFF	#D3D3D3	31
4852	#FFFFFF	#D3D3D3	31
4853	#FFFFFF	#D3D3D3	31
4854	#FFFFFF	#D3D3D3	43
4855	#FFFFFF	#D3D3D3	43
4856	#FFFFFF	#D3D3D3	436
4861	#FFFFFF	#D3D3D3	10
4862	#FFFFFF	#D3D3D3	31
4863	#FFFFFF	#D3D3D3	10
4864	#FFFFFF	#D3D3D3	10
4865	#FFFFFF	#D3D3D3	10
4866	#FFFFFF	#D3D3D3	31
4867	#FFFFFF	#D3D3D3	31
4868	#FFFFFF	#D3D3D3	10
4869	#FFFFFF	#D3D3D3	10
4870	#FFFFFF	#D3D3D3	10
4871	#FFFFFF	#D3D3D3	31
4872	#FFFFFF	#D3D3D3	31
4873	#FFFFFF	#D3D3D3	31
4874	#FFFFFF	#D3D3D3	31
4875	#FFFFFF	#D3D3D3	31
4876	#FFFFFF	#D3D3D3	31
4877	#FFFFFF	#D3D3D3	31
4878	#FFFFFF	#D3D3D3	31
4879	#FFFFFF	#D3D3D3	31
4880	#FFFFFF	#D3D3D3	31
4881	#FFFFFF	#D3D3D3	130
4882	#FFFFFF	#D3D3D3	130
4883	#FFFFFF	#D3D3D3	130
4884	#FFFFFF	#D3D3D3	31
4885	#FFFFFF	#D3D3D3	31
4886	#FFFFFF	#D3D3D3	31
4887	#FFFFFF	#D3D3D3	31
4888	#FFFFFF	#D3D3D3	31
4889	#FFFFFF	#D3D3D3	31
4890	#FFFFFF	#D3D3D3	31
4891	#FFFFFF	#D3D3D3	138
4892	#FFFFFF	#D3D3D3	138
4893	#FFFFFF	#D3D3D3	4
4894	#FFFFFF	#D3D3D3	4
4895	#FFFFFF	#D3D3D3	31
4896	#FFFFFF	#D3D3D3	31
4897	#FFFFFF	#D3D3D3	31
4898	#FFFFFF	#D3D3D3	31
4899	#FFFFFF	#D3D3D3	31
4901	#FFFFFF	#D3D3D3	31
4902	#FFFFFF	#D3D3D3	31
4903	#FFFFFF	#D3D3D3	31
4904	#FFFFFF	#D3D3D3	43
4905	#FFFFFF	#D3D3D3	10
4906	#FFFFFF	#D3D3D3	436
4910	#FFFFFF	#D3D3D3	463
4912	#FFFFFF	#D3D3D3	10
4913	#FFFFFF	#D3D3D3	31
4914	#FFFFFF	#D3D3D3	10
4915	#FFFFFF	#D3D3D3	10
4916	#FFFFFF	#D3D3D3	31
4917	#FFFFFF	#D3D3D3	31
4918	#FFFFFF	#D3D3D3	10
4919	#FFFFFF	#D3D3D3	10
4920	#FFFFFF	#D3D3D3	10
4921	#FFFFFF	#D3D3D3	10
4922	#FFFFFF	#D3D3D3	31
4923	#FFFFFF	#D3D3D3	31
4924	#FFFFFF	#D3D3D3	31
4925	#FFFFFF	#D3D3D3	31
4926	#FFFFFF	#D3D3D3	31
4927	#FFFFFF	#D3D3D3	31
4928	#FFFFFF	#D3D3D3	31
4929	#FFFFFF	#D3D3D3	31
4930	#FFFFFF	#D3D3D3	31
4931	#FFFFFF	#D3D3D3	31
4932	#FFFFFF	#D3D3D3	130
4933	#FFFFFF	#D3D3D3	130
4934	#FFFFFF	#D3D3D3	130
4935	#FFFFFF	#D3D3D3	31
4936	#FFFFFF	#D3D3D3	31
4937	#FFFFFF	#D3D3D3	31
4938	#FFFFFF	#D3D3D3	31
4939	#FFFFFF	#D3D3D3	31
4940	#FFFFFF	#D3D3D3	138
4941	#FFFFFF	#D3D3D3	138
4942	#FFFFFF	#D3D3D3	138
4943	#FFFFFF	#D3D3D3	138
4944	#FFFFFF	#D3D3D3	4
4945	#FFFFFF	#D3D3D3	31
4946	#FFFFFF	#D3D3D3	31
4947	#FFFFFF	#D3D3D3	31
4948	#FFFFFF	#D3D3D3	31
4949	#FFFFFF	#D3D3D3	31
4951	#FFFFFF	#D3D3D3	31
4952	#FFFFFF	#D3D3D3	31
4953	#FFFFFF	#D3D3D3	31
4954	#FFFFFF	#D3D3D3	31
4955	#FFFFFF	#D3D3D3	10
4956	#FFFFFF	#D3D3D3	442
4957	#FFFFFF	#D3D3D3	465
4958	#FFFFFF	#D3D3D3	436
4963	#FFFFFF	#D3D3D3	31
4964	#FFFFFF	#D3D3D3	10
4965	#FFFFFF	#D3D3D3	10
4966	#FFFFFF	#D3D3D3	10
4967	#FFFFFF	#D3D3D3	10
4968	#FFFFFF	#D3D3D3	10
4969	#FFFFFF	#D3D3D3	10
4970	#FFFFFF	#D3D3D3	10
4971	#FFFFFF	#D3D3D3	10
4972	#FFFFFF	#D3D3D3	10
4973	#FFFFFF	#D3D3D3	10
4974	#FFFFFF	#D3D3D3	31
4975	#FFFFFF	#D3D3D3	31
4976	#FFFFFF	#D3D3D3	31
4977	#FFFFFF	#D3D3D3	31
4978	#FFFFFF	#D3D3D3	31
4979	#FFFFFF	#D3D3D3	31
4980	#FFFFFF	#D3D3D3	31
4981	#FFFFFF	#D3D3D3	31
4982	#FFFFFF	#D3D3D3	130
4983	#FFFFFF	#D3D3D3	130
4984	#FFFFFF	#D3D3D3	130
4985	#FFFFFF	#D3D3D3	31
4986	#FFFFFF	#D3D3D3	130
4987	#FFFFFF	#D3D3D3	31
4988	#FFFFFF	#D3D3D3	31
4989	#FFFFFF	#D3D3D3	31
4990	#FFFFFF	#D3D3D3	138
4991	#FFFFFF	#D3D3D3	138
4992	#FFFFFF	#D3D3D3	138
4993	#FFFFFF	#D3D3D3	138
4994	#FFFFFF	#D3D3D3	138
4995	#FFFFFF	#D3D3D3	138
4996	#FFFFFF	#D3D3D3	31
4997	#FFFFFF	#D3D3D3	31
4998	#FFFFFF	#D3D3D3	31
4999	#FFFFFF	#D3D3D3	31
5000	#FFFFFF	#D3D3D3	31
5002	#FFFFFF	#D3D3D3	31
5003	#FFFFFF	#D3D3D3	31
5004	#FFFFFF	#D3D3D3	31
5005	#FFFFFF	#D3D3D3	344
5006	#FFFFFF	#D3D3D3	10
5007	#FFFFFF	#D3D3D3	10
5008	#FFFFFF	#D3D3D3	10
5009	#FFFFFF	#D3D3D3	377
5012	#FFFFFF	#D3D3D3	463
5014	#FFFFFF	#D3D3D3	31
5015	#FFFFFF	#D3D3D3	10
5016	#FFFFFF	#D3D3D3	10
5017	#FFFFFF	#D3D3D3	10
5018	#FFFFFF	#D3D3D3	10
5019	#FFFFFF	#D3D3D3	10
5020	#FFFFFF	#D3D3D3	10
5021	#FFFFFF	#D3D3D3	10
5022	#FFFFFF	#D3D3D3	10
5023	#FFFFFF	#D3D3D3	10
5024	#FFFFFF	#D3D3D3	31
5025	#FFFFFF	#D3D3D3	31
5026	#FFFFFF	#D3D3D3	31
5027	#FFFFFF	#D3D3D3	31
5028	#FFFFFF	#D3D3D3	31
5029	#FFFFFF	#D3D3D3	31
5030	#FFFFFF	#D3D3D3	31
5031	#FFFFFF	#D3D3D3	31
5032	#FFFFFF	#D3D3D3	31
5033	#FFFFFF	#D3D3D3	130
5034	#FFFFFF	#D3D3D3	130
5035	#FFFFFF	#D3D3D3	31
5036	#FFFFFF	#D3D3D3	31
5037	#FFFFFF	#D3D3D3	130
5038	#FFFFFF	#D3D3D3	31
5039	#FFFFFF	#D3D3D3	31
5040	#FFFFFF	#D3D3D3	31
5041	#FFFFFF	#D3D3D3	138
5042	#FFFFFF	#D3D3D3	138
5043	#FFFFFF	#D3D3D3	138
5044	#FFFFFF	#D3D3D3	138
5045	#FFFFFF	#D3D3D3	138
5046	#FFFFFF	#D3D3D3	31
5047	#FFFFFF	#D3D3D3	31
5048	#FFFFFF	#D3D3D3	31
5049	#FFFFFF	#D3D3D3	31
5050	#FFFFFF	#D3D3D3	31
5052	#FFFFFF	#D3D3D3	31
5053	#FFFFFF	#D3D3D3	31
5054	#FFFFFF	#D3D3D3	31
5055	#FFFFFF	#D3D3D3	344
5056	#FFFFFF	#D3D3D3	344
5057	#FFFFFF	#D3D3D3	10
5058	#FFFFFF	#D3D3D3	10
5059	#FFFFFF	#D3D3D3	377
5060	#FFFFFF	#D3D3D3	10
5064	#FFFFFF	#D3D3D3	31
5066	#FFFFFF	#D3D3D3	10
5067	#FFFFFF	#D3D3D3	10
5068	#FFFFFF	#D3D3D3	10
5069	#FFFFFF	#D3D3D3	10
5070	#FFFFFF	#D3D3D3	10
5071	#FFFFFF	#D3D3D3	10
5072	#FFFFFF	#D3D3D3	10
5073	#FFFFFF	#D3D3D3	31
5074	#FFFFFF	#D3D3D3	31
5075	#FFFFFF	#D3D3D3	31
5076	#FFFFFF	#D3D3D3	31
5077	#FFFFFF	#D3D3D3	31
5078	#FFFFFF	#D3D3D3	31
5079	#FFFFFF	#D3D3D3	31
5080	#FFFFFF	#D3D3D3	31
5081	#FFFFFF	#D3D3D3	31
5082	#FFFFFF	#D3D3D3	31
5083	#FFFFFF	#D3D3D3	130
5084	#FFFFFF	#D3D3D3	130
5085	#FFFFFF	#D3D3D3	31
5086	#FFFFFF	#D3D3D3	31
5087	#FFFFFF	#D3D3D3	130
5088	#FFFFFF	#D3D3D3	31
5089	#FFFFFF	#D3D3D3	31
5090	#FFFFFF	#D3D3D3	31
5091	#FFFFFF	#D3D3D3	31
5092	#FFFFFF	#D3D3D3	138
5093	#FFFFFF	#D3D3D3	138
5094	#FFFFFF	#D3D3D3	138
5095	#FFFFFF	#D3D3D3	138
5096	#FFFFFF	#D3D3D3	138
5097	#FFFFFF	#D3D3D3	31
5098	#FFFFFF	#D3D3D3	31
5099	#FFFFFF	#D3D3D3	31
5100	#FFFFFF	#D3D3D3	31
5101	#FFFFFF	#D3D3D3	31
