group	fill	colour	clickSelects
2	#CD1076	#000000	68
3	#CD1076	#000000	307
4	#CD1076	#000000	11
5	#CD1076	#000000	11
6	#CD1076	#000000	11
7	#CD1076	#000000	11
8	#CD1076	#000000	11
9	#CD1076	#000000	11
10	#CF1F79	#070707	80
11	#CF1F79	#070707	80
12	#CF1F79	#070707	80
13	#D74687	#1F1F1F	123
14	#CD1076	#000000	307
15	#D74687	#1F1F1F	123
16	#D74687	#1F1F1F	123
17	#D74687	#1F1F1F	123
18	#FFFFFF	#D3D3D3	187
19	#FFFFFF	#D3D3D3	187
20	#FFFFFF	#D3D3D3	187
21	#FFFFFF	#D3D3D3	187
22	#FFFFFF	#D3D3D3	187
23	#FFFFFF	#D3D3D3	187
24	#FFFFFF	#D3D3D3	187
25	#CD1076	#000000	41
26	#FFFFFF	#D3D3D3	187
27	#FFFFFF	#D3D3D3	187
28	#FFFFFF	#D3D3D3	187
29	#FFFFFF	#D3D3D3	87
30	#FFFFFF	#D3D3D3	187
31	#FFFFFF	#D3D3D3	87
32	#FFFFFF	#D3D3D3	87
33	#FFFFFF	#D3D3D3	87
34	#FFFFFF	#D3D3D3	187
35	#FFFFFF	#D3D3D3	87
36	#CD1076	#000000	41
37	#FFFFFF	#D3D3D3	87
38	#FFFFFF	#D3D3D3	87
39	#FFFFFF	#D3D3D3	87
40	#FFFFFF	#D3D3D3	87
41	#FFFFFF	#D3D3D3	87
42	#FFFFFF	#D3D3D3	87
43	#FFFFFF	#D3D3D3	87
44	#FFFFFF	#D3D3D3	87
45	#FFFFFF	#D3D3D3	87
46	#CD1076	#000000	29
47	#CD1076	#000000	29
48	#CD1076	#000000	29
49	#CD1076	#000000	11
50	#CD1076	#000000	29
52	#CD1076	#000000	68
53	#CD1076	#000000	68
54	#CD1076	#000000	29
55	#CD1076	#000000	11
56	#CD1076	#000000	11
57	#CD1076	#000000	11
58	#CD1076	#000000	11
59	#CF1F79	#070707	80
60	#CF1F79	#070707	80
61	#CF1F79	#070707	80
62	#CF1F79	#070707	80
63	#CF1F79	#070707	80
64	#CD1076	#000000	307
65	#D74687	#1F1F1F	123
66	#D74687	#1F1F1F	123
67	#D74687	#1F1F1F	123
68	#CD1076	#000000	46
69	#FFFFFF	#D3D3D3	187
70	#FFFFFF	#D3D3D3	187
71	#FFFFFF	#D3D3D3	187
72	#FFFFFF	#D3D3D3	187
73	#FFFFFF	#D3D3D3	187
74	#FFFFFF	#D3D3D3	187
75	#CD1076	#000000	41
76	#FFFFFF	#D3D3D3	187
77	#FFFFFF	#D3D3D3	187
78	#FFFFFF	#D3D3D3	187
79	#FFFFFF	#D3D3D3	187
80	#FFFFFF	#D3D3D3	87
81	#FFFFFF	#D3D3D3	87
82	#FFFFFF	#D3D3D3	87
83	#FFFFFF	#D3D3D3	87
84	#FFFFFF	#D3D3D3	187
85	#FFFFFF	#D3D3D3	87
86	#CD1076	#000000	41
87	#FFFFFF	#D3D3D3	87
88	#FFFFFF	#D3D3D3	87
89	#FFFFFF	#D3D3D3	87
90	#FFFFFF	#D3D3D3	87
91	#FFFFFF	#D3D3D3	87
92	#FFFFFF	#D3D3D3	87
93	#FFFFFF	#D3D3D3	87
94	#FFFFFF	#D3D3D3	87
95	#FFFFFF	#D3D3D3	87
96	#FFFFFF	#D3D3D3	87
97	#CD1076	#000000	41
98	#CD1076	#000000	29
99	#CD1076	#000000	29
100	#CD1076	#000000	29
101	#CD1076	#000000	29
103	#CD1076	#000000	68
104	#CD1076	#000000	68
105	#CD1076	#000000	29
106	#CD1076	#000000	11
107	#CD1076	#000000	11
108	#CD1076	#000000	11
109	#CD1076	#000000	11
110	#CF1F79	#070707	80
111	#CF1F79	#070707	80
112	#D74687	#1F1F1F	123
113	#CF1F79	#070707	80
114	#D74687	#1F1F1F	123
115	#CD1076	#000000	307
116	#CD1076	#000000	46
117	#CD1076	#000000	46
118	#D74687	#1F1F1F	123
119	#CD1076	#000000	46
120	#FFFFFF	#D3D3D3	187
121	#FFFFFF	#D3D3D3	187
122	#FFFFFF	#D3D3D3	187
123	#FFFFFF	#D3D3D3	187
124	#FFFFFF	#D3D3D3	187
125	#FFFFFF	#D3D3D3	87
126	#CD1076	#000000	274
127	#FFFFFF	#D3D3D3	87
128	#FFFFFF	#D3D3D3	187
129	#FFFFFF	#D3D3D3	187
130	#FFFFFF	#D3D3D3	87
131	#FFFFFF	#D3D3D3	87
132	#FFFFFF	#D3D3D3	187
133	#FFFFFF	#D3D3D3	87
134	#FFFFFF	#D3D3D3	187
135	#FFFFFF	#D3D3D3	87
136	#FFFFFF	#D3D3D3	87
137	#CD1076	#000000	41
138	#FFFFFF	#D3D3D3	87
139	#FFFFFF	#D3D3D3	87
140	#FFFFFF	#D3D3D3	87
141	#FFFFFF	#D3D3D3	87
142	#FFFFFF	#D3D3D3	87
143	#FFFFFF	#D3D3D3	87
144	#FFFFFF	#D3D3D3	87
145	#FFFFFF	#D3D3D3	87
146	#FFFFFF	#D3D3D3	87
147	#CD1076	#000000	29
148	#CD1076	#000000	29
149	#CD1076	#000000	29
150	#CD1076	#000000	29
151	#CD1076	#000000	29
153	#CD1076	#000000	68
154	#CD1076	#000000	222
155	#CD1076	#000000	30
156	#CD1076	#000000	30
157	#CD1076	#000000	30
158	#CD1076	#000000	30
159	#CD1076	#000000	30
160	#CD1076	#000000	30
161	#CD1076	#000000	30
162	#CF1F79	#070707	80
163	#ED93B4	#5E5E5E	45
164	#ED93B4	#5E5E5E	45
165	#CD1076	#000000	222
166	#ED93B4	#5E5E5E	45
167	#ED93B4	#5E5E5E	45
168	#ED93B4	#5E5E5E	45
169	#ED93B4	#5E5E5E	45
170	#ED93B4	#5E5E5E	45
171	#CD1076	#000000	3
172	#CD1076	#000000	3
173	#CD1076	#000000	181
174	#CD1076	#000000	181
175	#CD1076	#000000	3
176	#CD1076	#000000	239
177	#CD1076	#000000	3
178	#CD1076	#000000	3
179	#FFFFFF	#D3D3D3	87
180	#FFFFFF	#D3D3D3	87
181	#FFFFFF	#D3D3D3	87
182	#FFFFFF	#D3D3D3	87
183	#FFFFFF	#D3D3D3	2
184	#FFFFFF	#D3D3D3	2
185	#FFFFFF	#D3D3D3	87
186	#FFFFFF	#D3D3D3	87
187	#CD1076	#000000	239
188	#FFFFFF	#D3D3D3	87
189	#FFFFFF	#D3D3D3	87
190	#FFFFFF	#D3D3D3	87
191	#FFFFFF	#D3D3D3	87
192	#FFFFFF	#D3D3D3	87
193	#FFFFFF	#D3D3D3	87
194	#FFFFFF	#D3D3D3	2
195	#FFFFFF	#D3D3D3	2
196	#FFFFFF	#D3D3D3	2
197	#FFFFFF	#D3D3D3	2
198	#CD1076	#000000	239
199	#CD1076	#000000	29
200	#CD1076	#000000	29
201	#CD1076	#000000	30
202	#CD1076	#000000	30
204	#CD1076	#000000	222
205	#CD1076	#000000	33
206	#CD1076	#000000	30
207	#CD1076	#000000	30
208	#CD1076	#000000	30
209	#CD1076	#000000	30
210	#CD1076	#000000	30
211	#CD1076	#000000	30
212	#CF1F79	#070707	80
213	#ED93B4	#5E5E5E	45
214	#ED93B4	#5E5E5E	45
215	#ED93B4	#5E5E5E	45
216	#CD1076	#000000	239
217	#ED93B4	#5E5E5E	45
218	#ED93B4	#5E5E5E	45
219	#CD1076	#000000	182
220	#CD1076	#000000	182
221	#CD1076	#000000	3
222	#CD1076	#000000	181
223	#CD1076	#000000	181
224	#CD1076	#000000	3
225	#CD1076	#000000	3
226	#CD1076	#000000	3
227	#CD1076	#000000	239
228	#CD1076	#000000	3
229	#FFFFFF	#D3D3D3	87
230	#FFFFFF	#D3D3D3	87
231	#FFFFFF	#D3D3D3	87
232	#FFFFFF	#D3D3D3	87
233	#FFFFFF	#D3D3D3	2
234	#FFFFFF	#D3D3D3	2
235	#FFFFFF	#D3D3D3	2
236	#FFFFFF	#D3D3D3	87
237	#FFFFFF	#D3D3D3	87
238	#CD1076	#000000	239
239	#FFFFFF	#D3D3D3	87
240	#FFFFFF	#D3D3D3	87
241	#FFFFFF	#D3D3D3	87
242	#FFFFFF	#D3D3D3	87
243	#FFFFFF	#D3D3D3	87
244	#FFFFFF	#D3D3D3	87
245	#FFFFFF	#D3D3D3	87
246	#FFFFFF	#D3D3D3	2
247	#FFFFFF	#D3D3D3	2
248	#CD1076	#000000	29
249	#CD1076	#000000	29
250	#CD1076	#000000	29
251	#CD1076	#000000	29
252	#CD1076	#000000	30
254	#CD1076	#000000	33
255	#CD1076	#000000	33
256	#CD1076	#000000	30
257	#CD1076	#000000	30
258	#CD1076	#000000	30
259	#CD1076	#000000	30
260	#CD1076	#000000	30
261	#CF1F79	#070707	80
262	#CF1F79	#070707	80
263	#ED93B4	#5E5E5E	45
264	#ED93B4	#5E5E5E	45
265	#ED93B4	#5E5E5E	45
266	#CD1076	#000000	33
267	#ED93B4	#5E5E5E	45
268	#ED93B4	#5E5E5E	45
269	#CD1076	#000000	182
270	#CD1076	#000000	182
271	#CD1076	#000000	3
272	#CD1076	#000000	181
273	#CD1076	#000000	181
274	#CD1076	#000000	181
275	#CD1076	#000000	3
276	#CD1076	#000000	3
277	#CD1076	#000000	239
278	#CD1076	#000000	3
279	#FFFFFF	#D3D3D3	87
280	#FFFFFF	#D3D3D3	87
281	#FFFFFF	#D3D3D3	87
282	#FFFFFF	#D3D3D3	87
283	#FFFFFF	#D3D3D3	2
284	#FFFFFF	#D3D3D3	2
285	#FFFFFF	#D3D3D3	2
286	#FFFFFF	#D3D3D3	87
287	#FFFFFF	#D3D3D3	87
288	#CD1076	#000000	239
289	#FFFFFF	#D3D3D3	87
290	#FFFFFF	#D3D3D3	87
291	#FFFFFF	#D3D3D3	87
292	#FFFFFF	#D3D3D3	87
293	#FFFFFF	#D3D3D3	87
294	#FFFFFF	#D3D3D3	87
295	#FFFFFF	#D3D3D3	87
296	#FFFFFF	#D3D3D3	2
297	#FFFFFF	#D3D3D3	2
298	#FFFFFF	#D3D3D3	2
299	#CD1076	#000000	239
300	#CD1076	#000000	387
301	#CD1076	#000000	29
302	#CD1076	#000000	29
303	#CD1076	#000000	29
305	#CD1076	#000000	33
306	#CD1076	#000000	33
307	#CD1076	#000000	30
308	#CD1076	#000000	30
309	#CD1076	#000000	30
310	#CD1076	#000000	30
311	#CF1F79	#070707	80
312	#CF1F79	#070707	80
313	#ED93B4	#5E5E5E	45
314	#ED93B4	#5E5E5E	45
315	#ED93B4	#5E5E5E	45
316	#ED93B4	#5E5E5E	45
317	#CD1076	#000000	239
318	#ED93B4	#5E5E5E	45
319	#CD1076	#000000	182
320	#CD1076	#000000	182
321	#CD1076	#000000	182
322	#CD1076	#000000	3
323	#CD1076	#000000	3
324	#CD1076	#000000	3
325	#CD1076	#000000	3
326	#CD1076	#000000	3
327	#CD1076	#000000	3
328	#CD1076	#000000	33
329	#FFFFFF	#D3D3D3	87
330	#FFFFFF	#D3D3D3	87
331	#FFFFFF	#D3D3D3	87
332	#FFFFFF	#D3D3D3	87
333	#FFFFFF	#D3D3D3	87
334	#FFFFFF	#D3D3D3	87
335	#FFFFFF	#D3D3D3	2
336	#FFFFFF	#D3D3D3	2
337	#FFFFFF	#D3D3D3	87
338	#FFFFFF	#D3D3D3	87
339	#CD1076	#000000	239
340	#FFFFFF	#D3D3D3	87
341	#FFFFFF	#D3D3D3	87
342	#FFFFFF	#D3D3D3	87
343	#FFFFFF	#D3D3D3	87
344	#FFFFFF	#D3D3D3	87
345	#FFFFFF	#D3D3D3	87
346	#FFFFFF	#D3D3D3	87
347	#FFFFFF	#D3D3D3	2
348	#FFFFFF	#D3D3D3	2
349	#CD1076	#000000	29
350	#CD1076	#000000	387
351	#CD1076	#000000	29
352	#CD1076	#000000	30
353	#CD1076	#000000	30
355	#CD1076	#000000	33
356	#CD1076	#000000	33
357	#CD1076	#000000	30
358	#CD1076	#000000	30
359	#CD1076	#000000	30
360	#CD1076	#000000	30
361	#CD1076	#000000	30
362	#CF1F79	#070707	80
363	#ED93B4	#5E5E5E	45
364	#ED93B4	#5E5E5E	45
365	#ED93B4	#5E5E5E	45
366	#ED93B4	#5E5E5E	45
367	#CD1076	#000000	33
368	#ED93B4	#5E5E5E	45
369	#CD1076	#000000	182
370	#CD1076	#000000	182
371	#CD1076	#000000	182
372	#CD1076	#000000	182
373	#CD1076	#000000	3
374	#CD1076	#000000	3
375	#CD1076	#000000	3
376	#CD1076	#000000	3
377	#CD1076	#000000	3
378	#CD1076	#000000	33
379	#FFFFFF	#D3D3D3	87
380	#FFFFFF	#D3D3D3	87
381	#FFFFFF	#D3D3D3	87
382	#FFFFFF	#D3D3D3	87
383	#FFFFFF	#D3D3D3	87
384	#FFFFFF	#D3D3D3	87
385	#FFFFFF	#D3D3D3	2
386	#FFFFFF	#D3D3D3	2
387	#FFFFFF	#D3D3D3	87
388	#FFFFFF	#D3D3D3	2
389	#CD1076	#000000	239
390	#FFFFFF	#D3D3D3	87
391	#FFFFFF	#D3D3D3	87
392	#FFFFFF	#D3D3D3	87
393	#FFFFFF	#D3D3D3	87
394	#FFFFFF	#D3D3D3	87
395	#FFFFFF	#D3D3D3	87
396	#FFFFFF	#D3D3D3	87
397	#FFFFFF	#D3D3D3	2
398	#FFFFFF	#D3D3D3	2
399	#FFFFFF	#D3D3D3	2
400	#CD1076	#000000	269
401	#CD1076	#000000	29
402	#CD1076	#000000	29
403	#CD1076	#000000	30
404	#CD1076	#000000	30
406	#CD1076	#000000	33
407	#CD1076	#000000	33
408	#CD1076	#000000	30
409	#CD1076	#000000	30
410	#CD1076	#000000	30
411	#CD1076	#000000	30
412	#CF1F79	#070707	80
413	#ED93B4	#5E5E5E	45
414	#ED93B4	#5E5E5E	45
415	#ED93B4	#5E5E5E	45
416	#ED93B4	#5E5E5E	45
417	#ED93B4	#5E5E5E	45
418	#CD1076	#000000	33
419	#CD1076	#000000	182
420	#CD1076	#000000	182
421	#CD1076	#000000	182
422	#CD1076	#000000	182
423	#CD1076	#000000	3
424	#CD1076	#000000	3
425	#CD1076	#000000	3
426	#CD1076	#000000	3
427	#CD1076	#000000	3
428	#FFFFFF	#D3D3D3	87
429	#CD1076	#000000	239
430	#FFFFFF	#D3D3D3	87
431	#FFFFFF	#D3D3D3	87
432	#FFFFFF	#D3D3D3	87
433	#FFFFFF	#D3D3D3	87
434	#FFFFFF	#D3D3D3	87
435	#FFFFFF	#D3D3D3	87
436	#FFFFFF	#D3D3D3	87
437	#FFFFFF	#D3D3D3	2
438	#FFFFFF	#D3D3D3	2
439	#FFFFFF	#D3D3D3	2
440	#CD1076	#000000	269
441	#FFFFFF	#D3D3D3	87
442	#FFFFFF	#D3D3D3	87
443	#FFFFFF	#D3D3D3	87
444	#FFFFFF	#D3D3D3	87
445	#FFFFFF	#D3D3D3	87
446	#FFFFFF	#D3D3D3	87
447	#FFFFFF	#D3D3D3	87
448	#FFFFFF	#D3D3D3	2
449	#FFFFFF	#D3D3D3	2
450	#CD1076	#000000	29
451	#CD1076	#000000	29
452	#CD1076	#000000	30
453	#CD1076	#000000	30
454	#CD1076	#000000	30
456	#CD1076	#000000	33
457	#CD1076	#000000	33
458	#CD1076	#000000	30
459	#CD1076	#000000	30
460	#CD1076	#000000	30
461	#CD1076	#000000	30
462	#CD1076	#000000	30
463	#CF1F79	#070707	80
464	#ED93B4	#5E5E5E	45
465	#ED93B4	#5E5E5E	45
466	#ED93B4	#5E5E5E	45
467	#ED93B4	#5E5E5E	45
468	#CD1076	#000000	33
469	#ED93B4	#5E5E5E	45
470	#ED93B4	#5E5E5E	45
471	#CD1076	#000000	3
472	#CD1076	#000000	3
473	#CD1076	#000000	3
474	#CD1076	#000000	3
475	#CD1076	#000000	3
476	#CD1076	#000000	3
477	#CD1076	#000000	3
478	#FFFFFF	#D3D3D3	87
479	#CD1076	#000000	239
480	#FFFFFF	#D3D3D3	87
481	#FFFFFF	#D3D3D3	87
482	#FFFFFF	#D3D3D3	87
483	#FFFFFF	#D3D3D3	87
484	#FFFFFF	#D3D3D3	87
485	#FFFFFF	#D3D3D3	87
486	#FFFFFF	#D3D3D3	87
487	#FFFFFF	#D3D3D3	2
488	#FFFFFF	#D3D3D3	2
489	#FFFFFF	#D3D3D3	2
490	#CD1076	#000000	269
491	#FFFFFF	#D3D3D3	87
492	#FFFFFF	#D3D3D3	87
493	#FFFFFF	#D3D3D3	87
494	#FFFFFF	#D3D3D3	87
495	#FFFFFF	#D3D3D3	87
496	#FFFFFF	#D3D3D3	87
497	#FFFFFF	#D3D3D3	87
498	#FFFFFF	#D3D3D3	87
499	#FFFFFF	#D3D3D3	2
500	#FFFFFF	#D3D3D3	2
501	#CD1076	#000000	269
502	#CD1076	#000000	29
503	#CD1076	#000000	30
504	#CD1076	#000000	30
505	#CD1076	#000000	30
507	#CD1076	#000000	33
508	#CD1076	#000000	33
509	#CD1076	#000000	136
510	#CD1076	#000000	30
511	#CD1076	#000000	136
512	#CD1076	#000000	136
513	#ED93B4	#5E5E5E	45
514	#CF1F79	#070707	80
515	#ED93B4	#5E5E5E	45
516	#ED93B4	#5E5E5E	45
517	#ED93B4	#5E5E5E	45
518	#ED93B4	#5E5E5E	45
519	#CD1076	#000000	239
520	#ED93B4	#5E5E5E	45
521	#CD1076	#000000	3
522	#CD1076	#000000	3
523	#CD1076	#000000	3
524	#CD1076	#000000	3
525	#CD1076	#000000	3
526	#CD1076	#000000	3
527	#CD1076	#000000	3
528	#FFFFFF	#D3D3D3	87
529	#FFFFFF	#D3D3D3	87
530	#CD1076	#000000	269
531	#FFFFFF	#D3D3D3	87
532	#FFFFFF	#D3D3D3	87
533	#FFFFFF	#D3D3D3	2
534	#FFFFFF	#D3D3D3	87
535	#FFFFFF	#D3D3D3	87
536	#FFFFFF	#D3D3D3	87
537	#FFFFFF	#D3D3D3	87
538	#FFFFFF	#D3D3D3	2
539	#FFFFFF	#D3D3D3	2
540	#FFFFFF	#D3D3D3	2
541	#CD1076	#000000	29
542	#FFFFFF	#D3D3D3	87
543	#FFFFFF	#D3D3D3	87
544	#FFFFFF	#D3D3D3	87
545	#FFFFFF	#D3D3D3	87
546	#FFFFFF	#D3D3D3	2
547	#FFFFFF	#D3D3D3	87
548	#FFFFFF	#D3D3D3	87
549	#FFFFFF	#D3D3D3	2
550	#FFFFFF	#D3D3D3	2
551	#CD1076	#000000	29
552	#CD1076	#000000	30
553	#CD1076	#000000	29
554	#CD1076	#000000	30
555	#CD1076	#000000	30
557	#CD1076	#000000	33
558	#CD1076	#000000	33
559	#CD1076	#000000	136
560	#CD1076	#000000	30
561	#CD1076	#000000	136
562	#CD1076	#000000	136
563	#CD1076	#000000	136
564	#ED93B4	#5E5E5E	45
565	#ED93B4	#5E5E5E	45
566	#ED93B4	#5E5E5E	45
567	#ED93B4	#5E5E5E	45
568	#CD1076	#000000	110
569	#CD1076	#000000	239
570	#ED93B4	#5E5E5E	45
571	#CD1076	#000000	3
572	#CD1076	#000000	3
573	#CD1076	#000000	3
574	#CD1076	#000000	3
575	#CD1076	#000000	3
576	#CD1076	#000000	3
577	#CD1076	#000000	3
578	#FFFFFF	#D3D3D3	87
579	#FFFFFF	#D3D3D3	87
580	#CD1076	#000000	29
581	#FFFFFF	#D3D3D3	87
582	#FFFFFF	#D3D3D3	87
583	#FFFFFF	#D3D3D3	2
584	#FFFFFF	#D3D3D3	87
585	#FFFFFF	#D3D3D3	87
586	#FFFFFF	#D3D3D3	87
587	#FFFFFF	#D3D3D3	2
588	#FFFFFF	#D3D3D3	2
589	#FFFFFF	#D3D3D3	2
590	#FFFFFF	#D3D3D3	87
591	#CD1076	#000000	269
592	#FFFFFF	#D3D3D3	87
593	#FFFFFF	#D3D3D3	87
594	#FFFFFF	#D3D3D3	87
595	#FFFFFF	#D3D3D3	87
596	#FFFFFF	#D3D3D3	2
597	#FFFFFF	#D3D3D3	87
598	#FFFFFF	#D3D3D3	2
599	#FFFFFF	#D3D3D3	2
600	#FFFFFF	#D3D3D3	255
601	#FFFFFF	#D3D3D3	2
602	#CD1076	#000000	29
603	#CD1076	#000000	29
604	#CD1076	#000000	29
605	#CD1076	#000000	29
606	#CD1076	#000000	30
608	#CD1076	#000000	33
609	#CD1076	#000000	239
610	#CD1076	#000000	136
611	#CD1076	#000000	136
612	#ED93B4	#5E5E5E	45
613	#ED93B4	#5E5E5E	45
614	#ED93B4	#5E5E5E	45
615	#CD1076	#000000	411
616	#ED93B4	#5E5E5E	45
617	#ED93B4	#5E5E5E	45
618	#CD1076	#000000	110
619	#ED93B4	#5E5E5E	45
620	#CD1076	#000000	239
621	#CD1076	#000000	3
622	#CD1076	#000000	110
623	#CD1076	#000000	3
624	#CD1076	#000000	3
625	#CD1076	#000000	3
626	#CD1076	#000000	3
627	#CD1076	#000000	3
628	#FFFFFF	#D3D3D3	87
629	#FFFFFF	#D3D3D3	87
630	#FFFFFF	#D3D3D3	87
631	#CD1076	#000000	29
632	#FFFFFF	#D3D3D3	87
633	#FFFFFF	#D3D3D3	87
634	#FFFFFF	#D3D3D3	2
635	#FFFFFF	#D3D3D3	87
636	#FFFFFF	#D3D3D3	2
637	#FFFFFF	#D3D3D3	2
638	#FFFFFF	#D3D3D3	2
639	#FFFFFF	#D3D3D3	2
640	#FFFFFF	#D3D3D3	2
641	#FFFFFF	#D3D3D3	87
642	#CD1076	#000000	29
643	#FFFFFF	#D3D3D3	87
644	#FFFFFF	#D3D3D3	87
645	#FFFFFF	#D3D3D3	87
646	#FFFFFF	#D3D3D3	87
647	#FFFFFF	#D3D3D3	2
648	#FFFFFF	#D3D3D3	87
649	#FFFFFF	#D3D3D3	2
650	#FFFFFF	#D3D3D3	2
651	#FFFFFF	#D3D3D3	255
652	#CD1076	#000000	29
653	#CD1076	#000000	29
654	#CD1076	#000000	29
655	#CD1076	#000000	30
656	#CD1076	#000000	30
658	#CD1076	#000000	33
659	#CD1076	#000000	239
660	#CD1076	#000000	30
661	#CD1076	#000000	136
662	#CD1076	#000000	136
663	#ED93B4	#5E5E5E	45
664	#ED93B4	#5E5E5E	45
665	#CD1076	#000000	411
666	#ED93B4	#5E5E5E	45
667	#ED93B4	#5E5E5E	45
668	#ED93B4	#5E5E5E	45
669	#CD1076	#000000	110
670	#CD1076	#000000	29
671	#CD1076	#000000	3
672	#CD1076	#000000	110
673	#CD1076	#000000	110
674	#CD1076	#000000	110
675	#CD1076	#000000	3
676	#CD1076	#000000	3
677	#CD1076	#000000	3
678	#FFFFFF	#D3D3D3	87
679	#FFFFFF	#D3D3D3	87
680	#FFFFFF	#D3D3D3	87
681	#CD1076	#000000	29
682	#FFFFFF	#D3D3D3	87
683	#FFFFFF	#D3D3D3	87
684	#FFFFFF	#D3D3D3	2
685	#FFFFFF	#D3D3D3	2
686	#FFFFFF	#D3D3D3	2
687	#FFFFFF	#D3D3D3	2
688	#FFFFFF	#D3D3D3	2
689	#FFFFFF	#D3D3D3	2
690	#FFFFFF	#D3D3D3	2
691	#FFFFFF	#D3D3D3	2
692	#CD1076	#000000	29
693	#FFFFFF	#D3D3D3	2
694	#FFFFFF	#D3D3D3	87
695	#FFFFFF	#D3D3D3	87
696	#FFFFFF	#D3D3D3	87
697	#FFFFFF	#D3D3D3	2
698	#FFFFFF	#D3D3D3	87
699	#FFFFFF	#D3D3D3	2
700	#FFFFFF	#D3D3D3	2
701	#FFFFFF	#D3D3D3	2
702	#FFFFFF	#D3D3D3	255
703	#CD1076	#000000	29
704	#CD1076	#000000	29
705	#CD1076	#000000	30
706	#CD1076	#000000	30
707	#CD1076	#000000	30
709	#CD1076	#000000	33
710	#CD1076	#000000	29
711	#CD1076	#000000	136
712	#CD1076	#000000	136
713	#CD1076	#000000	136
714	#ED93B4	#5E5E5E	45
715	#CD1076	#000000	411
716	#CD1076	#000000	411
717	#ED93B4	#5E5E5E	45
718	#CD1076	#000000	110
719	#CD1076	#000000	110
720	#CD1076	#000000	110
721	#CD1076	#000000	29
722	#CD1076	#000000	110
723	#CD1076	#000000	110
724	#CD1076	#000000	110
725	#CD1076	#000000	3
726	#CD1076	#000000	3
727	#CD1076	#000000	3
728	#FFFFFF	#D3D3D3	87
729	#FFFFFF	#D3D3D3	87
730	#FFFFFF	#D3D3D3	87
731	#FFFFFF	#D3D3D3	87
732	#CD1076	#000000	29
733	#FFFFFF	#D3D3D3	87
734	#FFFFFF	#D3D3D3	87
735	#FFFFFF	#D3D3D3	2
736	#FFFFFF	#D3D3D3	2
737	#FFFFFF	#D3D3D3	2
738	#FFFFFF	#D3D3D3	2
739	#FFFFFF	#D3D3D3	2
740	#FFFFFF	#D3D3D3	2
741	#FFFFFF	#D3D3D3	2
742	#FFFFFF	#D3D3D3	2
743	#CD1076	#000000	29
744	#FFFFFF	#D3D3D3	2
745	#FFFFFF	#D3D3D3	2
746	#FFFFFF	#D3D3D3	87
747	#FFFFFF	#D3D3D3	2
748	#FFFFFF	#D3D3D3	87
749	#FFFFFF	#D3D3D3	2
750	#FFFFFF	#D3D3D3	2
751	#FFFFFF	#D3D3D3	2
752	#FFFFFF	#D3D3D3	2
753	#CD1076	#000000	30
754	#CD1076	#000000	30
755	#CD1076	#000000	30
756	#CD1076	#000000	30
757	#CD1076	#000000	30
759	#CD1076	#000000	33
760	#CD1076	#000000	254
761	#CD1076	#000000	30
762	#CD1076	#000000	136
763	#CD1076	#000000	136
764	#ED93B4	#5E5E5E	45
765	#ED93B4	#5E5E5E	45
766	#ED93B4	#5E5E5E	45
767	#ED93B4	#5E5E5E	45
768	#CD1076	#000000	110
769	#CD1076	#000000	110
770	#CD1076	#000000	110
771	#CD1076	#000000	29
772	#CD1076	#000000	205
773	#CD1076	#000000	205
774	#CD1076	#000000	110
775	#CD1076	#000000	3
776	#CD1076	#000000	3
777	#CD1076	#000000	3
778	#FFFFFF	#D3D3D3	87
779	#FFFFFF	#D3D3D3	87
780	#FFFFFF	#D3D3D3	87
781	#FFFFFF	#D3D3D3	87
782	#CD1076	#000000	29
783	#FFFFFF	#D3D3D3	87
784	#FFFFFF	#D3D3D3	87
785	#FFFFFF	#D3D3D3	2
786	#FFFFFF	#D3D3D3	2
787	#FFFFFF	#D3D3D3	2
788	#FFFFFF	#D3D3D3	2
789	#FFFFFF	#D3D3D3	2
790	#FFFFFF	#D3D3D3	2
791	#FFFFFF	#D3D3D3	2
792	#FFFFFF	#D3D3D3	2
793	#CD1076	#000000	29
794	#FFFFFF	#D3D3D3	2
795	#FFFFFF	#D3D3D3	2
796	#FFFFFF	#D3D3D3	87
797	#FFFFFF	#D3D3D3	87
798	#FFFFFF	#D3D3D3	2
799	#FFFFFF	#D3D3D3	2
800	#FFFFFF	#D3D3D3	2
801	#FFFFFF	#D3D3D3	2
802	#FFFFFF	#D3D3D3	255
803	#FFFFFF	#D3D3D3	2
804	#CD1076	#000000	30
805	#CD1076	#000000	30
806	#CD1076	#000000	30
807	#CD1076	#000000	128
808	#CD1076	#000000	30
810	#CD1076	#000000	33
811	#CD1076	#000000	254
812	#CD1076	#000000	136
813	#ED93B4	#5E5E5E	45
814	#CD1076	#000000	136
815	#ED93B4	#5E5E5E	45
816	#ED93B4	#5E5E5E	45
817	#ED93B4	#5E5E5E	45
818	#ED93B4	#5E5E5E	45
819	#CD1076	#000000	110
820	#CD1076	#000000	205
821	#CD1076	#000000	205
822	#CD1076	#000000	29
823	#CD1076	#000000	205
824	#CD1076	#000000	110
825	#CD1076	#000000	3
826	#CD1076	#000000	110
827	#CD1076	#000000	3
828	#FFFFFF	#D3D3D3	87
829	#FFFFFF	#D3D3D3	87
830	#FFFFFF	#D3D3D3	87
831	#FFFFFF	#D3D3D3	87
832	#FFFFFF	#D3D3D3	87
833	#CD1076	#000000	213
834	#FFFFFF	#D3D3D3	87
835	#FFFFFF	#D3D3D3	87
836	#FFFFFF	#D3D3D3	2
837	#FFFFFF	#D3D3D3	2
838	#FFFFFF	#D3D3D3	2
839	#FFFFFF	#D3D3D3	2
840	#FFFFFF	#D3D3D3	2
841	#FFFFFF	#D3D3D3	2
842	#FFFFFF	#D3D3D3	2
843	#FFFFFF	#D3D3D3	2
844	#CD1076	#000000	213
845	#FFFFFF	#D3D3D3	2
846	#FFFFFF	#D3D3D3	2
847	#FFFFFF	#D3D3D3	2
848	#FFFFFF	#D3D3D3	2
849	#FFFFFF	#D3D3D3	2
850	#FFFFFF	#D3D3D3	255
851	#FFFFFF	#D3D3D3	255
852	#FFFFFF	#D3D3D3	255
853	#FFFFFF	#D3D3D3	255
854	#CD1076	#000000	30
855	#CD1076	#000000	30
856	#CD1076	#000000	128
857	#CD1076	#000000	128
858	#CD1076	#000000	128
860	#CD1076	#000000	33
861	#CD1076	#000000	254
862	#CD1076	#000000	136
863	#ED93B4	#5E5E5E	45
864	#ED93B4	#5E5E5E	45
865	#ED93B4	#5E5E5E	45
866	#ED93B4	#5E5E5E	45
867	#ED93B4	#5E5E5E	45
868	#ED93B4	#5E5E5E	45
869	#ED93B4	#5E5E5E	45
870	#CD1076	#000000	110
871	#CD1076	#000000	205
872	#CD1076	#000000	128
873	#CD1076	#000000	110
874	#CD1076	#000000	205
875	#CD1076	#000000	110
876	#CD1076	#000000	110
877	#CD1076	#000000	3
878	#FFFFFF	#D3D3D3	87
879	#FFFFFF	#D3D3D3	87
880	#FFFFFF	#D3D3D3	87
881	#FFFFFF	#D3D3D3	87
882	#FFFFFF	#D3D3D3	87
883	#CD1076	#000000	29
884	#FFFFFF	#D3D3D3	87
885	#FFFFFF	#D3D3D3	87
886	#FFFFFF	#D3D3D3	2
887	#FFFFFF	#D3D3D3	2
888	#FFFFFF	#D3D3D3	2
889	#FFFFFF	#D3D3D3	2
890	#FFFFFF	#D3D3D3	2
891	#FFFFFF	#D3D3D3	2
892	#FFFFFF	#D3D3D3	2
893	#FFFFFF	#D3D3D3	2
894	#CD1076	#000000	213
895	#FFFFFF	#D3D3D3	2
896	#FFFFFF	#D3D3D3	2
897	#FFFFFF	#D3D3D3	2
898	#FFFFFF	#D3D3D3	2
899	#FFFFFF	#D3D3D3	255
900	#FFFFFF	#D3D3D3	255
901	#FFFFFF	#D3D3D3	255
902	#FFFFFF	#D3D3D3	255
903	#FFFFFF	#D3D3D3	255
904	#FFFFFF	#D3D3D3	255
905	#CD1076	#000000	30
906	#CD1076	#000000	128
907	#CD1076	#000000	128
908	#CD1076	#000000	128
909	#CD1076	#000000	128
911	#CD1076	#000000	33
912	#CD1076	#000000	254
913	#ED93B4	#5E5E5E	45
914	#ED93B4	#5E5E5E	45
915	#ED93B4	#5E5E5E	45
916	#ED93B4	#5E5E5E	45
917	#ED93B4	#5E5E5E	45
918	#ED93B4	#5E5E5E	45
919	#ED93B4	#5E5E5E	45
920	#CD1076	#000000	110
921	#CD1076	#000000	205
922	#CD1076	#000000	205
923	#CD1076	#000000	128
924	#CD1076	#000000	110
925	#CD1076	#000000	110
926	#CD1076	#000000	110
927	#CD1076	#000000	110
928	#FFFFFF	#D3D3D3	87
929	#FFFFFF	#D3D3D3	87
930	#FFFFFF	#D3D3D3	87
931	#FFFFFF	#D3D3D3	87
932	#FFFFFF	#D3D3D3	87
933	#FFFFFF	#D3D3D3	87
934	#CD1076	#000000	29
935	#FFFFFF	#D3D3D3	87
936	#FFFFFF	#D3D3D3	2
937	#FFFFFF	#D3D3D3	2
938	#FFFFFF	#D3D3D3	2
939	#FFFFFF	#D3D3D3	2
940	#FFFFFF	#D3D3D3	2
941	#FFFFFF	#D3D3D3	2
942	#FFFFFF	#D3D3D3	2
943	#FFFFFF	#D3D3D3	2
944	#FFFFFF	#D3D3D3	2
945	#CD1076	#000000	213
946	#FFFFFF	#D3D3D3	2
947	#FFFFFF	#D3D3D3	2
948	#FFFFFF	#D3D3D3	2
949	#FFFFFF	#D3D3D3	2
950	#FFFFFF	#D3D3D3	255
951	#FFFFFF	#D3D3D3	255
952	#FFFFFF	#D3D3D3	255
953	#FFFFFF	#D3D3D3	255
954	#FFFFFF	#D3D3D3	255
955	#CD1076	#000000	30
956	#CD1076	#000000	128
957	#CD1076	#000000	128
958	#CD1076	#000000	128
959	#CD1076	#000000	136
961	#CD1076	#000000	33
962	#CD1076	#000000	254
963	#CD1076	#000000	136
964	#ED93B4	#5E5E5E	45
965	#ED93B4	#5E5E5E	45
966	#ED93B4	#5E5E5E	45
967	#ED93B4	#5E5E5E	45
968	#ED93B4	#5E5E5E	45
969	#ED93B4	#5E5E5E	45
970	#CD1076	#000000	110
971	#CD1076	#000000	205
972	#CD1076	#000000	110
973	#CD1076	#000000	455
974	#CD1076	#000000	205
975	#CD1076	#000000	110
976	#CD1076	#000000	454
977	#CD1076	#000000	110
978	#FFFFFF	#D3D3D3	87
979	#FFFFFF	#D3D3D3	87
980	#FFFFFF	#D3D3D3	87
981	#FFFFFF	#D3D3D3	87
982	#FFFFFF	#D3D3D3	87
983	#FFFFFF	#D3D3D3	2
984	#CD1076	#000000	128
985	#FFFFFF	#D3D3D3	2
986	#FFFFFF	#D3D3D3	2
987	#FFFFFF	#D3D3D3	2
988	#FFFFFF	#D3D3D3	2
989	#FFFFFF	#D3D3D3	2
990	#FFFFFF	#D3D3D3	2
991	#FFFFFF	#D3D3D3	2
992	#FFFFFF	#D3D3D3	2
993	#FFFFFF	#D3D3D3	2
994	#FFFFFF	#D3D3D3	2
995	#CD1076	#000000	213
996	#FFFFFF	#D3D3D3	2
997	#FFFFFF	#D3D3D3	2
998	#FFFFFF	#D3D3D3	2
999	#FFFFFF	#D3D3D3	2
1000	#FFFFFF	#D3D3D3	255
1001	#FFFFFF	#D3D3D3	255
1002	#FFFFFF	#D3D3D3	255
1003	#FFFFFF	#D3D3D3	255
1004	#FFFFFF	#D3D3D3	255
1005	#FFFFFF	#D3D3D3	255
1006	#CD1076	#000000	128
1007	#CD1076	#000000	128
1008	#CD1076	#000000	128
1009	#CD1076	#000000	136
1010	#CD1076	#000000	136
1012	#CD1076	#000000	33
1013	#CD1076	#000000	254
1014	#CD1076	#000000	136
1015	#ED93B4	#5E5E5E	45
1016	#ED93B4	#5E5E5E	45
1017	#ED93B4	#5E5E5E	45
1018	#ED93B4	#5E5E5E	45
1019	#ED93B4	#5E5E5E	45
1020	#CD1076	#000000	110
1021	#CD1076	#000000	110
1022	#CD1076	#000000	110
1023	#CD1076	#000000	110
1024	#CD1076	#000000	455
1025	#CD1076	#000000	110
1026	#CD1076	#000000	454
1027	#CD1076	#000000	454
1028	#FFFFFF	#D3D3D3	87
1029	#FFFFFF	#D3D3D3	87
1030	#FFFFFF	#D3D3D3	87
1031	#FFFFFF	#D3D3D3	87
1032	#FFFFFF	#D3D3D3	87
1033	#FFFFFF	#D3D3D3	87
1034	#FFFFFF	#D3D3D3	2
1035	#CD1076	#000000	128
1036	#FFFFFF	#D3D3D3	2
1037	#FFFFFF	#D3D3D3	2
1038	#FFFFFF	#D3D3D3	2
1039	#FFFFFF	#D3D3D3	2
1040	#FFFFFF	#D3D3D3	2
1041	#FFFFFF	#D3D3D3	2
1042	#FFFFFF	#D3D3D3	2
1043	#FFFFFF	#D3D3D3	2
1044	#FFFFFF	#D3D3D3	2
1045	#FFFFFF	#D3D3D3	2
1046	#CD1076	#000000	128
1047	#FFFFFF	#D3D3D3	2
1048	#FFFFFF	#D3D3D3	2
1049	#FFFFFF	#D3D3D3	2
1050	#FFFFFF	#D3D3D3	2
1051	#FFFFFF	#D3D3D3	2
1052	#FFFFFF	#D3D3D3	255
1053	#FFFFFF	#D3D3D3	255
1054	#FFFFFF	#D3D3D3	255
1055	#FFFFFF	#D3D3D3	255
1056	#CD1076	#000000	128
1057	#CD1076	#000000	128
1058	#CD1076	#000000	136
1059	#CD1076	#000000	136
1060	#CD1076	#000000	136
1062	#CD1076	#000000	33
1063	#CD1076	#000000	254
1064	#CD1076	#000000	136
1065	#ED93B4	#5E5E5E	45
1066	#ED93B4	#5E5E5E	45
1067	#ED93B4	#5E5E5E	45
1068	#ED93B4	#5E5E5E	45
1069	#ED93B4	#5E5E5E	45
1070	#CD1076	#000000	110
1071	#CD1076	#000000	110
1072	#CD1076	#000000	110
1073	#CD1076	#000000	110
1074	#CD1076	#000000	254
1075	#CD1076	#000000	110
1076	#CD1076	#000000	454
1077	#CD1076	#000000	454
1078	#FFFFFF	#D3D3D3	87
1079	#FFFFFF	#D3D3D3	87
1080	#FFFFFF	#D3D3D3	87
1081	#FFFFFF	#D3D3D3	87
1082	#FFFFFF	#D3D3D3	87
1083	#FFFFFF	#D3D3D3	87
1084	#FFFFFF	#D3D3D3	87
1085	#CD1076	#000000	455
1086	#FFFFFF	#D3D3D3	2
1087	#FFFFFF	#D3D3D3	2
1088	#FFFFFF	#D3D3D3	2
1089	#FFFFFF	#D3D3D3	2
1090	#FFFFFF	#D3D3D3	2
1091	#FFFFFF	#D3D3D3	2
1092	#FFFFFF	#D3D3D3	2
1093	#FFFFFF	#D3D3D3	2
1094	#FFFFFF	#D3D3D3	2
1095	#FFFFFF	#D3D3D3	2
1096	#CD1076	#000000	128
1097	#FFFFFF	#D3D3D3	2
1098	#FFFFFF	#D3D3D3	2
1099	#FFFFFF	#D3D3D3	2
1100	#FFFFFF	#D3D3D3	2
1101	#FFFFFF	#D3D3D3	2
1102	#FFFFFF	#D3D3D3	255
1103	#FFFFFF	#D3D3D3	255
1104	#FFFFFF	#D3D3D3	255
1105	#FFFFFF	#D3D3D3	255
1106	#FFFFFF	#D3D3D3	255
1107	#CD1076	#000000	128
1108	#CD1076	#000000	128
1109	#CD1076	#000000	136
1110	#CD1076	#000000	136
1111	#CD1076	#000000	136
1113	#CD1076	#000000	33
1114	#CD1076	#000000	254
1115	#ED93B4	#5E5E5E	45
1116	#ED93B4	#5E5E5E	45
1117	#ED93B4	#5E5E5E	45
1118	#ED93B4	#5E5E5E	45
1119	#ED93B4	#5E5E5E	45
1120	#CD1076	#000000	110
1121	#CD1076	#000000	110
1122	#CD1076	#000000	110
1123	#CD1076	#000000	110
1124	#CD1076	#000000	110
1125	#CD1076	#000000	254
1126	#CD1076	#000000	110
1127	#CD1076	#000000	454
1128	#FFFFFF	#D3D3D3	87
1129	#FFFFFF	#D3D3D3	87
1130	#FFFFFF	#D3D3D3	87
1131	#FFFFFF	#D3D3D3	87
1132	#FFFFFF	#D3D3D3	87
1133	#FFFFFF	#D3D3D3	2
1134	#FFFFFF	#D3D3D3	2
1135	#FFFFFF	#D3D3D3	87
1136	#CD1076	#000000	455
1137	#FFFFFF	#D3D3D3	2
1138	#FFFFFF	#D3D3D3	2
1139	#FFFFFF	#D3D3D3	2
1140	#FFFFFF	#D3D3D3	2
1141	#FFFFFF	#D3D3D3	2
1142	#FFFFFF	#D3D3D3	2
1143	#FFFFFF	#D3D3D3	2
1144	#FFFFFF	#D3D3D3	2
1145	#FFFFFF	#D3D3D3	2
1146	#FFFFFF	#D3D3D3	2
1147	#CD1076	#000000	128
1148	#FFFFFF	#D3D3D3	2
1149	#FFFFFF	#D3D3D3	2
1150	#FFFFFF	#D3D3D3	2
1151	#FFFFFF	#D3D3D3	2
1152	#FFFFFF	#D3D3D3	2
1153	#FFFFFF	#D3D3D3	255
1154	#FFFFFF	#D3D3D3	255
1155	#FFFFFF	#D3D3D3	255
1156	#FFFFFF	#D3D3D3	255
1157	#CD1076	#000000	128
1158	#CD1076	#000000	136
1159	#CD1076	#000000	136
1160	#ED93B4	#5E5E5E	45
1161	#ED93B4	#5E5E5E	45
1163	#CD1076	#000000	68
1164	#CD1076	#000000	68
1165	#CD1076	#000000	29
1166	#CD1076	#000000	29
1167	#CD1076	#000000	11
1168	#CD1076	#000000	11
1169	#CF1F79	#070707	80
1170	#CF1F79	#070707	80
1171	#CF1F79	#070707	80
1172	#CF1F79	#070707	80
1173	#D74687	#1F1F1F	123
1174	#D74687	#1F1F1F	123
1175	#CD1076	#000000	307
1176	#D74687	#1F1F1F	123
1177	#CD1076	#000000	46
1178	#D74687	#1F1F1F	123
1179	#CD1076	#000000	46
1180	#CD1076	#000000	46
1181	#FFFFFF	#D3D3D3	187
1182	#FFFFFF	#D3D3D3	187
1183	#FFFFFF	#D3D3D3	187
1184	#FFFFFF	#D3D3D3	87
1185	#FFFFFF	#D3D3D3	87
1186	#CD1076	#000000	41
1187	#FFFFFF	#D3D3D3	87
1188	#FFFFFF	#D3D3D3	87
1189	#FFFFFF	#D3D3D3	187
1190	#FFFFFF	#D3D3D3	87
1191	#FFFFFF	#D3D3D3	187
1192	#FFFFFF	#D3D3D3	187
1193	#FFFFFF	#D3D3D3	187
1194	#FFFFFF	#D3D3D3	187
1195	#FFFFFF	#D3D3D3	87
1196	#FFFFFF	#D3D3D3	87
1197	#CD1076	#000000	41
1198	#FFFFFF	#D3D3D3	87
1199	#FFFFFF	#D3D3D3	87
1200	#FFFFFF	#D3D3D3	87
1201	#FFFFFF	#D3D3D3	87
1202	#FFFFFF	#D3D3D3	87
1203	#FFFFFF	#D3D3D3	87
1204	#FFFFFF	#D3D3D3	87
1205	#FFFFFF	#D3D3D3	87
1206	#FFFFFF	#D3D3D3	87
1207	#FFFFFF	#D3D3D3	87
1208	#CD1076	#000000	41
1209	#CD1076	#000000	29
1210	#CD1076	#000000	29
1211	#CD1076	#000000	29
1212	#CD1076	#000000	29
1214	#CD1076	#000000	68
1215	#CD1076	#000000	68
1216	#CD1076	#000000	29
1217	#CD1076	#000000	11
1218	#CD1076	#000000	11
1219	#CD1076	#000000	11
1220	#CF1F79	#070707	80
1221	#CF1F79	#070707	80
1222	#CF1F79	#070707	80
1223	#CF1F79	#070707	80
1224	#D74687	#1F1F1F	123
1225	#CD1076	#000000	46
1226	#CD1076	#000000	307
1227	#D74687	#1F1F1F	123
1228	#CD1076	#000000	46
1229	#CD1076	#000000	46
1230	#CD1076	#000000	46
1231	#CD1076	#000000	46
1232	#FFFFFF	#D3D3D3	187
1233	#FFFFFF	#D3D3D3	187
1234	#FFFFFF	#D3D3D3	87
1235	#FFFFFF	#D3D3D3	87
1236	#FFFFFF	#D3D3D3	87
1237	#CD1076	#000000	41
1238	#FFFFFF	#D3D3D3	87
1239	#FFFFFF	#D3D3D3	187
1240	#FFFFFF	#D3D3D3	87
1241	#FFFFFF	#D3D3D3	187
1242	#FFFFFF	#D3D3D3	187
1243	#FFFFFF	#D3D3D3	87
1244	#FFFFFF	#D3D3D3	187
1245	#FFFFFF	#D3D3D3	187
1246	#FFFFFF	#D3D3D3	87
1247	#FFFFFF	#D3D3D3	87
1248	#CD1076	#000000	41
1249	#FFFFFF	#D3D3D3	87
1250	#FFFFFF	#D3D3D3	87
1251	#FFFFFF	#D3D3D3	87
1252	#FFFFFF	#D3D3D3	87
1253	#FFFFFF	#D3D3D3	87
1254	#FFFFFF	#D3D3D3	87
1255	#FFFFFF	#D3D3D3	87
1256	#FFFFFF	#D3D3D3	87
1257	#FFFFFF	#D3D3D3	87
1258	#CD1076	#000000	29
1259	#CD1076	#000000	29
1260	#CD1076	#000000	29
1261	#CD1076	#000000	29
1262	#CD1076	#000000	29
1264	#CD1076	#000000	33
1265	#CD1076	#000000	33
1266	#ED93B4	#5E5E5E	45
1267	#ED93B4	#5E5E5E	45
1268	#CD1076	#000000	456
1269	#ED93B4	#5E5E5E	45
1270	#ED93B4	#5E5E5E	45
1271	#CD1076	#000000	110
1272	#CD1076	#000000	110
1273	#CD1076	#000000	110
1274	#CD1076	#000000	110
1275	#CD1076	#000000	110
1276	#CD1076	#000000	254
1277	#CD1076	#000000	110
1278	#CD1076	#000000	454
1279	#FFFFFF	#D3D3D3	87
1280	#FFFFFF	#D3D3D3	87
1281	#FFFFFF	#D3D3D3	2
1282	#FFFFFF	#D3D3D3	87
1283	#FFFFFF	#D3D3D3	2
1284	#FFFFFF	#D3D3D3	87
1285	#FFFFFF	#D3D3D3	2
1286	#FFFFFF	#D3D3D3	2
1287	#CD1076	#000000	455
1288	#FFFFFF	#D3D3D3	2
1289	#FFFFFF	#D3D3D3	2
1290	#FFFFFF	#D3D3D3	2
1291	#FFFFFF	#D3D3D3	2
1292	#FFFFFF	#D3D3D3	2
1293	#FFFFFF	#D3D3D3	2
1294	#FFFFFF	#D3D3D3	2
1295	#FFFFFF	#D3D3D3	2
1296	#FFFFFF	#D3D3D3	2
1297	#FFFFFF	#D3D3D3	2
1298	#CD1076	#000000	128
1299	#FFFFFF	#D3D3D3	2
1300	#FFFFFF	#D3D3D3	2
1301	#FFFFFF	#D3D3D3	2
1302	#FFFFFF	#D3D3D3	2
1303	#FFFFFF	#D3D3D3	2
1304	#FFFFFF	#D3D3D3	255
1305	#FFFFFF	#D3D3D3	255
1306	#FFFFFF	#D3D3D3	255
1307	#FFFFFF	#D3D3D3	255
1308	#FFFFFF	#D3D3D3	255
1309	#CD1076	#000000	128
1310	#ED93B4	#5E5E5E	45
1311	#CD1076	#000000	136
1312	#ED93B4	#5E5E5E	45
1313	#ED93B4	#5E5E5E	45
1315	#CD1076	#000000	33
1316	#CD1076	#000000	254
1317	#ED93B4	#5E5E5E	45
1318	#ED93B4	#5E5E5E	45
1319	#ED93B4	#5E5E5E	45
1320	#ED93B4	#5E5E5E	45
1321	#CD1076	#000000	110
1322	#CD1076	#000000	110
1323	#CD1076	#000000	110
1324	#CD1076	#000000	203
1325	#CD1076	#000000	110
1326	#CD1076	#000000	110
1327	#CD1076	#000000	128
1328	#CD1076	#000000	454
1329	#FFFFFF	#D3D3D3	2
1330	#FFFFFF	#D3D3D3	87
1331	#FFFFFF	#D3D3D3	87
1332	#FFFFFF	#D3D3D3	2
1333	#FFFFFF	#D3D3D3	2
1334	#FFFFFF	#D3D3D3	2
1335	#FFFFFF	#D3D3D3	87
1336	#FFFFFF	#D3D3D3	2
1337	#FFFFFF	#D3D3D3	2
1338	#CD1076	#000000	128
1339	#FFFFFF	#D3D3D3	2
1340	#FFFFFF	#D3D3D3	2
1341	#FFFFFF	#D3D3D3	2
1342	#FFFFFF	#D3D3D3	2
1343	#FFFFFF	#D3D3D3	2
1344	#FFFFFF	#D3D3D3	2
1345	#FFFFFF	#D3D3D3	2
1346	#FFFFFF	#D3D3D3	2
1347	#FFFFFF	#D3D3D3	2
1348	#FFFFFF	#D3D3D3	2
1349	#CD1076	#000000	128
1350	#FFFFFF	#D3D3D3	2
1351	#FFFFFF	#D3D3D3	2
1352	#FFFFFF	#D3D3D3	2
1353	#FFFFFF	#D3D3D3	2
1354	#FFFFFF	#D3D3D3	2
1355	#FFFFFF	#D3D3D3	2
1356	#FFFFFF	#D3D3D3	255
1357	#FFFFFF	#D3D3D3	255
1358	#FFFFFF	#D3D3D3	255
1359	#CD1076	#000000	12
1360	#ED93B4	#5E5E5E	45
1361	#ED93B4	#5E5E5E	45
1362	#ED93B4	#5E5E5E	45
1363	#ED93B4	#5E5E5E	45
1365	#CD1076	#000000	33
1366	#CD1076	#000000	254
1367	#ED93B4	#5E5E5E	45
1368	#ED93B4	#5E5E5E	45
1369	#ED93B4	#5E5E5E	45
1370	#CD1076	#000000	110
1371	#CD1076	#000000	110
1372	#CD1076	#000000	110
1373	#CD1076	#000000	203
1374	#CD1076	#000000	203
1375	#CD1076	#000000	110
1376	#CD1076	#000000	110
1377	#CD1076	#000000	128
1378	#CD1076	#000000	110
1379	#FFFFFF	#D3D3D3	2
1380	#FFFFFF	#D3D3D3	2
1381	#FFFFFF	#D3D3D3	87
1382	#FFFFFF	#D3D3D3	87
1383	#FFFFFF	#D3D3D3	2
1384	#FFFFFF	#D3D3D3	2
1385	#FFFFFF	#D3D3D3	2
1386	#FFFFFF	#D3D3D3	2
1387	#FFFFFF	#D3D3D3	2
1388	#CD1076	#000000	128
1389	#FFFFFF	#D3D3D3	270
1390	#FFFFFF	#D3D3D3	270
1391	#FFFFFF	#D3D3D3	2
1392	#FFFFFF	#D3D3D3	2
1393	#FFFFFF	#D3D3D3	2
1394	#FFFFFF	#D3D3D3	2
1395	#FFFFFF	#D3D3D3	2
1396	#FFFFFF	#D3D3D3	2
1397	#FFFFFF	#D3D3D3	2
1398	#FFFFFF	#D3D3D3	2
1399	#CD1076	#000000	128
1400	#FFFFFF	#D3D3D3	2
1401	#FFFFFF	#D3D3D3	2
1402	#FFFFFF	#D3D3D3	2
1403	#FFFFFF	#D3D3D3	2
1404	#FFFFFF	#D3D3D3	2
1405	#FFFFFF	#D3D3D3	2
1406	#FFFFFF	#D3D3D3	2
1407	#FFFFFF	#D3D3D3	255
1408	#FFFFFF	#D3D3D3	255
1409	#FFFFFF	#D3D3D3	255
1410	#CD1076	#000000	128
1411	#CD1076	#000000	12
1412	#ED93B4	#5E5E5E	45
1413	#ED93B4	#5E5E5E	45
1414	#ED93B4	#5E5E5E	45
1416	#CD1076	#000000	33
1417	#CD1076	#000000	254
1418	#ED93B4	#5E5E5E	45
1419	#ED93B4	#5E5E5E	45
1420	#CD1076	#000000	110
1421	#CD1076	#000000	110
1422	#CD1076	#000000	203
1423	#CD1076	#000000	203
1424	#CD1076	#000000	203
1425	#CD1076	#000000	203
1426	#CD1076	#000000	203
1427	#CD1076	#000000	110
1428	#CD1076	#000000	128
1429	#FFFFFF	#D3D3D3	2
1430	#FFFFFF	#D3D3D3	2
1431	#FFFFFF	#D3D3D3	87
1432	#FFFFFF	#D3D3D3	87
1433	#FFFFFF	#D3D3D3	2
1434	#FFFFFF	#D3D3D3	2
1435	#FFFFFF	#D3D3D3	2
1436	#FFFFFF	#D3D3D3	2
1437	#FFFFFF	#D3D3D3	270
1438	#FFFFFF	#D3D3D3	270
1439	#CD1076	#000000	128
1440	#FFFFFF	#D3D3D3	270
1441	#FFFFFF	#D3D3D3	270
1442	#FFFFFF	#D3D3D3	2
1443	#FFFFFF	#D3D3D3	2
1444	#FFFFFF	#D3D3D3	2
1445	#FFFFFF	#D3D3D3	2
1446	#FFFFFF	#D3D3D3	2
1447	#FFFFFF	#D3D3D3	2
1448	#FFFFFF	#D3D3D3	2
1449	#FFFFFF	#D3D3D3	2
1450	#CD1076	#000000	128
1451	#FFFFFF	#D3D3D3	2
1452	#FFFFFF	#D3D3D3	2
1453	#FFFFFF	#D3D3D3	2
1454	#FFFFFF	#D3D3D3	2
1455	#FFFFFF	#D3D3D3	2
1456	#FFFFFF	#D3D3D3	2
1457	#FFFFFF	#D3D3D3	2
1458	#FFFFFF	#D3D3D3	2
1459	#FFFFFF	#D3D3D3	255
1460	#CD1076	#000000	12
1461	#ED93B4	#5E5E5E	45
1462	#ED93B4	#5E5E5E	45
1463	#ED93B4	#5E5E5E	45
1464	#ED93B4	#5E5E5E	45
1466	#CD1076	#000000	33
1467	#CD1076	#000000	33
1468	#ED93B4	#5E5E5E	45
1469	#ED93B4	#5E5E5E	45
1470	#CD1076	#000000	110
1471	#CD1076	#000000	110
1472	#CD1076	#000000	110
1473	#CD1076	#000000	203
1474	#CD1076	#000000	203
1475	#CD1076	#000000	203
1476	#CD1076	#000000	203
1477	#CD1076	#000000	203
1478	#CD1076	#000000	128
1479	#FFFFFF	#D3D3D3	2
1480	#FFFFFF	#D3D3D3	2
1481	#FFFFFF	#D3D3D3	2
1482	#FFFFFF	#D3D3D3	87
1483	#FFFFFF	#D3D3D3	2
1484	#FFFFFF	#D3D3D3	2
1485	#FFFFFF	#D3D3D3	2
1486	#FFFFFF	#D3D3D3	2
1487	#FFFFFF	#D3D3D3	270
1488	#FFFFFF	#D3D3D3	270
1489	#CD1076	#000000	128
1490	#FFFFFF	#D3D3D3	270
1491	#FFFFFF	#D3D3D3	2
1492	#FFFFFF	#D3D3D3	270
1493	#FFFFFF	#D3D3D3	2
1494	#FFFFFF	#D3D3D3	2
1495	#FFFFFF	#D3D3D3	2
1496	#FFFFFF	#D3D3D3	2
1497	#FFFFFF	#D3D3D3	2
1498	#FFFFFF	#D3D3D3	2
1499	#FFFFFF	#D3D3D3	2
1500	#CD1076	#000000	128
1501	#FFFFFF	#D3D3D3	2
1502	#FFFFFF	#D3D3D3	2
1503	#FFFFFF	#D3D3D3	2
1504	#FFFFFF	#D3D3D3	2
1505	#FFFFFF	#D3D3D3	2
1506	#FFFFFF	#D3D3D3	2
1507	#FFFFFF	#D3D3D3	2
1508	#FFFFFF	#D3D3D3	2
1509	#FFFFFF	#D3D3D3	255
1510	#FFFFFF	#D3D3D3	255
1511	#CD1076	#000000	12
1512	#CD1076	#000000	12
1513	#ED93B4	#5E5E5E	45
1514	#ED93B4	#5E5E5E	45
1515	#ED93B4	#5E5E5E	45
1517	#CD1076	#000000	33
1518	#CD1076	#000000	190
1519	#ED93B4	#5E5E5E	45
1520	#ED93B4	#5E5E5E	45
1521	#CD1076	#000000	110
1522	#CD1076	#000000	110
1523	#CD1076	#000000	110
1524	#CD1076	#000000	110
1525	#CD1076	#000000	203
1526	#CD1076	#000000	203
1527	#CD1076	#000000	110
1528	#FFFFFF	#D3D3D3	2
1529	#CD1076	#000000	128
1530	#FFFFFF	#D3D3D3	2
1531	#FFFFFF	#D3D3D3	2
1532	#FFFFFF	#D3D3D3	2
1533	#FFFFFF	#D3D3D3	2
1534	#FFFFFF	#D3D3D3	2
1535	#FFFFFF	#D3D3D3	2
1536	#FFFFFF	#D3D3D3	2
1537	#FFFFFF	#D3D3D3	270
1538	#FFFFFF	#D3D3D3	270
1539	#FFFFFF	#D3D3D3	270
1540	#CD1076	#000000	128
1541	#FFFFFF	#D3D3D3	2
1542	#FFFFFF	#D3D3D3	2
1543	#FFFFFF	#D3D3D3	270
1544	#FFFFFF	#D3D3D3	2
1545	#FFFFFF	#D3D3D3	2
1546	#FFFFFF	#D3D3D3	2
1547	#FFFFFF	#D3D3D3	2
1548	#FFFFFF	#D3D3D3	2
1549	#FFFFFF	#D3D3D3	2
1550	#FFFFFF	#D3D3D3	2
1551	#CD1076	#000000	12
1552	#FFFFFF	#D3D3D3	2
1553	#FFFFFF	#D3D3D3	2
1554	#FFFFFF	#D3D3D3	2
1555	#FFFFFF	#D3D3D3	2
1556	#FFFFFF	#D3D3D3	2
1557	#FFFFFF	#D3D3D3	2
1558	#FFFFFF	#D3D3D3	2
1559	#FFFFFF	#D3D3D3	255
1560	#FFFFFF	#D3D3D3	255
1561	#CD1076	#000000	12
1562	#ED93B4	#5E5E5E	45
1563	#ED93B4	#5E5E5E	45
1564	#ED93B4	#5E5E5E	45
1565	#ED93B4	#5E5E5E	45
1567	#CD1076	#000000	33
1568	#CD1076	#000000	33
1569	#ED93B4	#5E5E5E	45
1570	#ED93B4	#5E5E5E	45
1571	#CD1076	#000000	110
1572	#CD1076	#000000	12
1573	#CD1076	#000000	110
1574	#CD1076	#000000	110
1575	#CD1076	#000000	110
1576	#CD1076	#000000	110
1577	#CD1076	#000000	110
1578	#FFFFFF	#D3D3D3	2
1579	#CD1076	#000000	190
1580	#FFFFFF	#D3D3D3	2
1581	#FFFFFF	#D3D3D3	2
1582	#FFFFFF	#D3D3D3	2
1583	#FFFFFF	#D3D3D3	2
1584	#FFFFFF	#D3D3D3	270
1585	#FFFFFF	#D3D3D3	2
1586	#FFFFFF	#D3D3D3	270
1587	#FFFFFF	#D3D3D3	270
1588	#FFFFFF	#D3D3D3	270
1589	#FFFFFF	#D3D3D3	270
1590	#CD1076	#000000	128
1591	#FFFFFF	#D3D3D3	270
1592	#FFFFFF	#D3D3D3	2
1593	#FFFFFF	#D3D3D3	270
1594	#FFFFFF	#D3D3D3	2
1595	#FFFFFF	#D3D3D3	2
1596	#FFFFFF	#D3D3D3	2
1597	#FFFFFF	#D3D3D3	2
1598	#FFFFFF	#D3D3D3	2
1599	#FFFFFF	#D3D3D3	2
1600	#FFFFFF	#D3D3D3	2
1601	#CD1076	#000000	12
1602	#FFFFFF	#D3D3D3	2
1603	#FFFFFF	#D3D3D3	2
1604	#FFFFFF	#D3D3D3	2
1605	#FFFFFF	#D3D3D3	2
1606	#FFFFFF	#D3D3D3	2
1607	#FFFFFF	#D3D3D3	2
1608	#FFFFFF	#D3D3D3	2
1609	#FFFFFF	#D3D3D3	2
1610	#FFFFFF	#D3D3D3	255
1611	#FFFFFF	#D3D3D3	255
1612	#CD1076	#000000	12
1613	#ED93B4	#5E5E5E	45
1614	#CD1076	#000000	12
1615	#ED93B4	#5E5E5E	45
1616	#ED93B4	#5E5E5E	45
1618	#CD1076	#000000	33
1619	#CD1076	#000000	190
1620	#ED93B4	#5E5E5E	45
1621	#CD1076	#000000	110
1622	#CD1076	#000000	110
1623	#CD1076	#000000	12
1624	#CD1076	#000000	110
1625	#CD1076	#000000	12
1626	#CD1076	#000000	110
1627	#CD1076	#000000	110
1628	#FFFFFF	#D3D3D3	2
1629	#FFFFFF	#D3D3D3	2
1630	#CD1076	#000000	190
1631	#FFFFFF	#D3D3D3	2
1632	#FFFFFF	#D3D3D3	2
1633	#FFFFFF	#D3D3D3	2
1634	#FFFFFF	#D3D3D3	2
1635	#FFFFFF	#D3D3D3	270
1636	#FFFFFF	#D3D3D3	270
1637	#FFFFFF	#D3D3D3	270
1638	#FFFFFF	#D3D3D3	270
1639	#FFFFFF	#D3D3D3	2
1640	#FFFFFF	#D3D3D3	2
1641	#CD1076	#000000	128
1642	#FFFFFF	#D3D3D3	2
1643	#FFFFFF	#D3D3D3	2
1644	#FFFFFF	#D3D3D3	2
1645	#FFFFFF	#D3D3D3	2
1646	#FFFFFF	#D3D3D3	2
1647	#FFFFFF	#D3D3D3	2
1648	#FFFFFF	#D3D3D3	2
1649	#FFFFFF	#D3D3D3	2
1650	#FFFFFF	#D3D3D3	4
1651	#FFFFFF	#D3D3D3	2
1652	#CD1076	#000000	12
1653	#FFFFFF	#D3D3D3	2
1654	#FFFFFF	#D3D3D3	2
1655	#FFFFFF	#D3D3D3	2
1656	#FFFFFF	#D3D3D3	2
1657	#FFFFFF	#D3D3D3	2
1658	#FFFFFF	#D3D3D3	2
1659	#FFFFFF	#D3D3D3	2
1660	#FFFFFF	#D3D3D3	255
1661	#FFFFFF	#D3D3D3	255
1662	#CD1076	#000000	12
1663	#CD1076	#000000	12
1664	#ED93B4	#5E5E5E	45
1665	#ED93B4	#5E5E5E	45
1666	#CD1076	#000000	12
1668	#CD1076	#000000	33
1669	#CD1076	#000000	33
1670	#ED93B4	#5E5E5E	45
1671	#CD1076	#000000	110
1672	#CD1076	#000000	110
1673	#CD1076	#000000	12
1674	#CD1076	#000000	12
1675	#CD1076	#000000	12
1676	#CD1076	#000000	12
1677	#CD1076	#000000	110
1678	#FFFFFF	#D3D3D3	2
1679	#FFFFFF	#D3D3D3	2
1680	#CD1076	#000000	33
1681	#FFFFFF	#D3D3D3	2
1682	#FFFFFF	#D3D3D3	2
1683	#FFFFFF	#D3D3D3	2
1684	#FFFFFF	#D3D3D3	2
1685	#FFFFFF	#D3D3D3	2
1686	#FFFFFF	#D3D3D3	270
1687	#FFFFFF	#D3D3D3	270
1688	#FFFFFF	#D3D3D3	270
1689	#FFFFFF	#D3D3D3	270
1690	#FFFFFF	#D3D3D3	2
1691	#CD1076	#000000	12
1692	#FFFFFF	#D3D3D3	2
1693	#FFFFFF	#D3D3D3	2
1694	#FFFFFF	#D3D3D3	2
1695	#FFFFFF	#D3D3D3	2
1696	#FFFFFF	#D3D3D3	2
1697	#FFFFFF	#D3D3D3	2
1698	#FFFFFF	#D3D3D3	2
1699	#FFFFFF	#D3D3D3	2
1700	#FFFFFF	#D3D3D3	2
1701	#FFFFFF	#D3D3D3	4
1702	#CD1076	#000000	128
1703	#FFFFFF	#D3D3D3	2
1704	#FFFFFF	#D3D3D3	2
1705	#FFFFFF	#D3D3D3	2
1706	#FFFFFF	#D3D3D3	2
1707	#FFFFFF	#D3D3D3	2
1708	#FFFFFF	#D3D3D3	2
1709	#FFFFFF	#D3D3D3	2
1710	#FFFFFF	#D3D3D3	255
1711	#FFFFFF	#D3D3D3	255
1712	#FFFFFF	#D3D3D3	255
1713	#CD1076	#000000	12
1714	#CD1076	#000000	12
1715	#CD1076	#000000	12
1716	#CD1076	#000000	12
1717	#CD1076	#000000	12
1719	#CD1076	#000000	33
1720	#CD1076	#000000	33
1721	#CD1076	#000000	12
1722	#CD1076	#000000	110
1723	#CD1076	#000000	12
1724	#CD1076	#000000	12
1725	#CD1076	#000000	12
1726	#CD1076	#000000	12
1727	#CD1076	#000000	12
1728	#FFFFFF	#D3D3D3	2
1729	#FFFFFF	#D3D3D3	2
1730	#FFFFFF	#D3D3D3	2
1731	#CD1076	#000000	315
1732	#FFFFFF	#D3D3D3	2
1733	#FFFFFF	#D3D3D3	2
1734	#FFFFFF	#D3D3D3	2
1735	#FFFFFF	#D3D3D3	2
1736	#FFFFFF	#D3D3D3	270
1737	#FFFFFF	#D3D3D3	270
1738	#FFFFFF	#D3D3D3	270
1739	#FFFFFF	#D3D3D3	270
1740	#FFFFFF	#D3D3D3	270
1741	#FFFFFF	#D3D3D3	270
1742	#CD1076	#000000	12
1743	#FFFFFF	#D3D3D3	270
1744	#FFFFFF	#D3D3D3	2
1745	#FFFFFF	#D3D3D3	2
1746	#FFFFFF	#D3D3D3	2
1747	#FFFFFF	#D3D3D3	2
1748	#FFFFFF	#D3D3D3	2
1749	#FFFFFF	#D3D3D3	2
1750	#FFFFFF	#D3D3D3	2
1751	#FFFFFF	#D3D3D3	2
1752	#FFFFFF	#D3D3D3	4
1753	#CD1076	#000000	12
1754	#FFFFFF	#D3D3D3	2
1755	#FFFFFF	#D3D3D3	2
1756	#FFFFFF	#D3D3D3	2
1757	#FFFFFF	#D3D3D3	2
1758	#FFFFFF	#D3D3D3	2
1759	#FFFFFF	#D3D3D3	2
1760	#FFFFFF	#D3D3D3	2
1761	#FFFFFF	#D3D3D3	255
1762	#FFFFFF	#D3D3D3	255
1763	#CD1076	#000000	12
1764	#CD1076	#000000	12
1765	#CD1076	#000000	12
1766	#CD1076	#000000	12
1767	#CD1076	#000000	12
1769	#CD1076	#000000	33
1770	#CD1076	#000000	33
1771	#CD1076	#000000	12
1772	#CD1076	#000000	110
1773	#CD1076	#000000	12
1774	#CD1076	#000000	12
1775	#CD1076	#000000	12
1776	#CD1076	#000000	12
1777	#CD1076	#000000	12
1778	#FFFFFF	#D3D3D3	2
1779	#FFFFFF	#D3D3D3	2
1780	#FFFFFF	#D3D3D3	2
1781	#CD1076	#000000	315
1782	#FFFFFF	#D3D3D3	2
1783	#FFFFFF	#D3D3D3	2
1784	#FFFFFF	#D3D3D3	2
1785	#FFFFFF	#D3D3D3	2
1786	#FFFFFF	#D3D3D3	2
1787	#FFFFFF	#D3D3D3	270
1788	#FFFFFF	#D3D3D3	270
1789	#FFFFFF	#D3D3D3	270
1790	#FFFFFF	#D3D3D3	270
1791	#FFFFFF	#D3D3D3	270
1792	#CD1076	#000000	12
1793	#FFFFFF	#D3D3D3	270
1794	#FFFFFF	#D3D3D3	2
1795	#FFFFFF	#D3D3D3	2
1796	#FFFFFF	#D3D3D3	2
1797	#FFFFFF	#D3D3D3	2
1798	#FFFFFF	#D3D3D3	2
1799	#FFFFFF	#D3D3D3	2
1800	#FFFFFF	#D3D3D3	4
1801	#FFFFFF	#D3D3D3	2
1802	#FFFFFF	#D3D3D3	2
1803	#CD1076	#000000	12
1804	#FFFFFF	#D3D3D3	4
1805	#FFFFFF	#D3D3D3	2
1806	#FFFFFF	#D3D3D3	2
1807	#FFFFFF	#D3D3D3	2
1808	#FFFFFF	#D3D3D3	2
1809	#FFFFFF	#D3D3D3	2
1810	#FFFFFF	#D3D3D3	2
1811	#FFFFFF	#D3D3D3	255
1812	#FFFFFF	#D3D3D3	255
1813	#FFFFFF	#D3D3D3	255
1814	#CD1076	#000000	12
1815	#CD1076	#000000	12
1816	#CD1076	#000000	12
1817	#CD1076	#000000	12
1818	#CD1076	#000000	12
1820	#CD1076	#000000	33
1821	#CD1076	#000000	315
1822	#CD1076	#000000	12
1823	#CD1076	#000000	12
1824	#CD1076	#000000	12
1825	#CD1076	#000000	12
1826	#CD1076	#000000	12
1827	#CD1076	#000000	12
1828	#FFFFFF	#D3D3D3	2
1829	#FFFFFF	#D3D3D3	2
1830	#FFFFFF	#D3D3D3	2
1831	#FFFFFF	#D3D3D3	2
1832	#CD1076	#000000	12
1833	#FFFFFF	#D3D3D3	2
1834	#FFFFFF	#D3D3D3	2
1835	#FFFFFF	#D3D3D3	2
1836	#FFFFFF	#D3D3D3	2
1837	#FFFFFF	#D3D3D3	270
1838	#FFFFFF	#D3D3D3	270
1839	#FFFFFF	#D3D3D3	270
1840	#FFFFFF	#D3D3D3	270
1841	#FFFFFF	#D3D3D3	270
1842	#FFFFFF	#D3D3D3	270
1843	#CD1076	#000000	12
1844	#FFFFFF	#D3D3D3	270
1845	#FFFFFF	#D3D3D3	2
1846	#FFFFFF	#D3D3D3	2
1847	#FFFFFF	#D3D3D3	2
1848	#FFFFFF	#D3D3D3	2
1849	#FFFFFF	#D3D3D3	2
1850	#FFFFFF	#D3D3D3	4
1851	#FFFFFF	#D3D3D3	4
1852	#FFFFFF	#D3D3D3	4
1853	#FFFFFF	#D3D3D3	4
1854	#CD1076	#000000	12
1855	#FFFFFF	#D3D3D3	4
1856	#FFFFFF	#D3D3D3	2
1857	#FFFFFF	#D3D3D3	2
1858	#FFFFFF	#D3D3D3	2
1859	#FFFFFF	#D3D3D3	2
1860	#FFFFFF	#D3D3D3	2
1861	#FFFFFF	#D3D3D3	2
1862	#FFFFFF	#D3D3D3	255
1863	#FFFFFF	#D3D3D3	255
1864	#CD1076	#000000	12
1865	#CD1076	#000000	12
1866	#CD1076	#000000	12
1867	#CD1076	#000000	12
1868	#CD1076	#000000	12
1870	#CD1076	#000000	33
1871	#CD1076	#000000	315
1872	#CD1076	#000000	12
1873	#CD1076	#000000	12
1874	#CD1076	#000000	12
1875	#CD1076	#000000	12
1876	#CD1076	#000000	12
1877	#CD1076	#000000	12
1878	#FFFFFF	#D3D3D3	2
1879	#FFFFFF	#D3D3D3	2
1880	#FFFFFF	#D3D3D3	2
1881	#FFFFFF	#D3D3D3	2
1882	#CD1076	#000000	12
1883	#FFFFFF	#D3D3D3	2
1884	#FFFFFF	#D3D3D3	2
1885	#FFFFFF	#D3D3D3	2
1886	#FFFFFF	#D3D3D3	270
1887	#FFFFFF	#D3D3D3	270
1888	#FFFFFF	#D3D3D3	270
1889	#FFFFFF	#D3D3D3	270
1890	#FFFFFF	#D3D3D3	270
1891	#FFFFFF	#D3D3D3	270
1892	#FFFFFF	#D3D3D3	2
1893	#CD1076	#000000	12
1894	#FFFFFF	#D3D3D3	2
1895	#FFFFFF	#D3D3D3	2
1896	#FFFFFF	#D3D3D3	2
1897	#FFFFFF	#D3D3D3	2
1898	#FFFFFF	#D3D3D3	2
1899	#FFFFFF	#D3D3D3	2
1900	#FFFFFF	#D3D3D3	4
1901	#FFFFFF	#D3D3D3	4
1902	#FFFFFF	#D3D3D3	4
1903	#FFFFFF	#D3D3D3	4
1904	#CD1076	#000000	12
1905	#FFFFFF	#D3D3D3	4
1906	#FFFFFF	#D3D3D3	4
1907	#FFFFFF	#D3D3D3	2
1908	#FFFFFF	#D3D3D3	2
1909	#FFFFFF	#D3D3D3	2
1910	#FFFFFF	#D3D3D3	2
1911	#FFFFFF	#D3D3D3	2
1912	#FFFFFF	#D3D3D3	255
1913	#FFFFFF	#D3D3D3	2
1914	#FFFFFF	#D3D3D3	255
1915	#CD1076	#000000	12
1916	#CD1076	#000000	12
1917	#CD1076	#000000	12
1918	#CD1076	#000000	12
1919	#CD1076	#000000	12
1921	#CD1076	#000000	33
1922	#CD1076	#000000	12
1923	#CD1076	#000000	12
1924	#CD1076	#000000	12
1925	#CD1076	#000000	12
1926	#CD1076	#000000	12
1927	#CD1076	#000000	12
1928	#FFFFFF	#D3D3D3	2
1929	#FFFFFF	#D3D3D3	2
1930	#FFFFFF	#D3D3D3	2
1931	#FFFFFF	#D3D3D3	2
1932	#FFFFFF	#D3D3D3	2
1933	#CD1076	#000000	12
1934	#FFFFFF	#D3D3D3	2
1935	#FFFFFF	#D3D3D3	2
1936	#FFFFFF	#D3D3D3	270
1937	#FFFFFF	#D3D3D3	270
1938	#FFFFFF	#D3D3D3	270
1939	#FFFFFF	#D3D3D3	270
1940	#FFFFFF	#D3D3D3	270
1941	#FFFFFF	#D3D3D3	270
1942	#FFFFFF	#D3D3D3	270
1943	#FFFFFF	#D3D3D3	2
1944	#CD1076	#000000	12
1945	#FFFFFF	#D3D3D3	2
1946	#FFFFFF	#D3D3D3	2
1947	#FFFFFF	#D3D3D3	2
1948	#FFFFFF	#D3D3D3	4
1949	#FFFFFF	#D3D3D3	2
1950	#FFFFFF	#D3D3D3	2
1951	#FFFFFF	#D3D3D3	2
1952	#FFFFFF	#D3D3D3	4
1953	#FFFFFF	#D3D3D3	4
1954	#FFFFFF	#D3D3D3	4
1955	#CD1076	#000000	12
1956	#FFFFFF	#D3D3D3	4
1957	#FFFFFF	#D3D3D3	4
1958	#FFFFFF	#D3D3D3	2
1959	#FFFFFF	#D3D3D3	4
1960	#FFFFFF	#D3D3D3	4
1961	#FFFFFF	#D3D3D3	2
1962	#FFFFFF	#D3D3D3	2
1963	#FFFFFF	#D3D3D3	2
1964	#FFFFFF	#D3D3D3	255
1965	#CD1076	#000000	12
1966	#CD1076	#000000	12
1967	#CD1076	#000000	480
1968	#CD1076	#000000	12
1969	#CD1076	#000000	12
1971	#CD1076	#000000	33
1972	#CD1076	#000000	131
1973	#CD1076	#000000	12
1974	#CD1076	#000000	12
1975	#CD1076	#000000	12
1976	#CD1076	#000000	12
1977	#CD1076	#000000	12
1978	#FFFFFF	#D3D3D3	2
1979	#FFFFFF	#D3D3D3	2
1980	#FFFFFF	#D3D3D3	2
1981	#FFFFFF	#D3D3D3	2
1982	#FFFFFF	#D3D3D3	2
1983	#CD1076	#000000	12
1984	#FFFFFF	#D3D3D3	2
1985	#FFFFFF	#D3D3D3	2
1986	#FFFFFF	#D3D3D3	2
1987	#FFFFFF	#D3D3D3	270
1988	#FFFFFF	#D3D3D3	270
1989	#FFFFFF	#D3D3D3	270
1990	#FFFFFF	#D3D3D3	270
1991	#FFFFFF	#D3D3D3	270
1992	#FFFFFF	#D3D3D3	270
1993	#FFFFFF	#D3D3D3	270
1994	#CD1076	#000000	12
1995	#FFFFFF	#D3D3D3	2
1996	#FFFFFF	#D3D3D3	2
1997	#FFFFFF	#D3D3D3	4
1998	#FFFFFF	#D3D3D3	4
1999	#FFFFFF	#D3D3D3	4
2000	#FFFFFF	#D3D3D3	2
2001	#FFFFFF	#D3D3D3	2
2002	#FFFFFF	#D3D3D3	4
2003	#FFFFFF	#D3D3D3	2
2004	#FFFFFF	#D3D3D3	4
2005	#CD1076	#000000	12
2006	#FFFFFF	#D3D3D3	4
2007	#FFFFFF	#D3D3D3	4
2008	#FFFFFF	#D3D3D3	4
2009	#FFFFFF	#D3D3D3	4
2010	#FFFFFF	#D3D3D3	4
2011	#FFFFFF	#D3D3D3	2
2012	#FFFFFF	#D3D3D3	2
2013	#FFFFFF	#D3D3D3	2
2014	#FFFFFF	#D3D3D3	2
2015	#FFFFFF	#D3D3D3	2
2016	#CD1076	#000000	12
2017	#CD1076	#000000	12
2018	#CD1076	#000000	480
2019	#CD1076	#000000	12
2020	#CD1076	#000000	12
2022	#CD1076	#000000	131
2023	#CD1076	#000000	131
2024	#CD1076	#000000	12
2025	#CD1076	#000000	12
2026	#CD1076	#000000	12
2027	#CD1076	#000000	12
2028	#FFFFFF	#D3D3D3	2
2029	#FFFFFF	#D3D3D3	2
2030	#FFFFFF	#D3D3D3	2
2031	#FFFFFF	#D3D3D3	2
2032	#FFFFFF	#D3D3D3	2
2033	#FFFFFF	#D3D3D3	2
2034	#D74386	#1D1D1D	90
2035	#FFFFFF	#D3D3D3	2
2036	#FFFFFF	#D3D3D3	2
2037	#FFFFFF	#D3D3D3	270
2038	#FFFFFF	#D3D3D3	270
2039	#FFFFFF	#D3D3D3	270
2040	#FFFFFF	#D3D3D3	270
2041	#FFFFFF	#D3D3D3	270
2042	#FFFFFF	#D3D3D3	270
2043	#FFFFFF	#D3D3D3	270
2044	#FFFFFF	#D3D3D3	2
2045	#D74386	#1D1D1D	90
2046	#FFFFFF	#D3D3D3	2
2047	#FFFFFF	#D3D3D3	2
2048	#FFFFFF	#D3D3D3	4
2049	#FFFFFF	#D3D3D3	4
2050	#FFFFFF	#D3D3D3	4
2051	#FFFFFF	#D3D3D3	2
2052	#FFFFFF	#D3D3D3	2
2053	#FFFFFF	#D3D3D3	2
2054	#FFFFFF	#D3D3D3	4
2055	#FFFFFF	#D3D3D3	4
2056	#D74386	#1D1D1D	90
2057	#FFFFFF	#D3D3D3	4
2058	#FFFFFF	#D3D3D3	4
2059	#FFFFFF	#D3D3D3	4
2060	#FFFFFF	#D3D3D3	4
2061	#FFFFFF	#D3D3D3	4
2062	#FFFFFF	#D3D3D3	2
2063	#FFFFFF	#D3D3D3	2
2064	#FFFFFF	#D3D3D3	2
2065	#FFFFFF	#D3D3D3	2
2066	#CD1076	#000000	12
2067	#CD1076	#000000	480
2068	#CD1076	#000000	480
2069	#CD1076	#000000	12
2070	#CD1076	#000000	12
2072	#CD1076	#000000	114
2073	#CD1076	#000000	131
2074	#CD1076	#000000	12
2075	#CD1076	#000000	12
2076	#CD1076	#000000	12
2077	#CD1076	#000000	12
2078	#FFFFFF	#D3D3D3	2
2079	#FFFFFF	#D3D3D3	2
2080	#FFFFFF	#D3D3D3	2
2081	#FFFFFF	#D3D3D3	2
2082	#FFFFFF	#D3D3D3	2
2083	#FFFFFF	#D3D3D3	2
2084	#CD1076	#000000	131
2085	#FFFFFF	#D3D3D3	2
2086	#FFFFFF	#D3D3D3	2
2087	#FFFFFF	#D3D3D3	2
2088	#FFFFFF	#D3D3D3	270
2089	#FFFFFF	#D3D3D3	270
2090	#FFFFFF	#D3D3D3	270
2091	#FFFFFF	#D3D3D3	270
2092	#FFFFFF	#D3D3D3	2
2093	#FFFFFF	#D3D3D3	270
2094	#FFFFFF	#D3D3D3	270
2095	#D74386	#1D1D1D	90
2096	#FFFFFF	#D3D3D3	2
2097	#FFFFFF	#D3D3D3	2
2098	#FFFFFF	#D3D3D3	2
2099	#FFFFFF	#D3D3D3	4
2100	#FFFFFF	#D3D3D3	4
2101	#FFFFFF	#D3D3D3	4
2102	#FFFFFF	#D3D3D3	2
2103	#FFFFFF	#D3D3D3	2
2104	#FFFFFF	#D3D3D3	2
2105	#FFFFFF	#D3D3D3	4
2106	#D74386	#1D1D1D	90
2107	#FFFFFF	#D3D3D3	4
2108	#FFFFFF	#D3D3D3	4
2109	#FFFFFF	#D3D3D3	4
2110	#FFFFFF	#D3D3D3	4
2111	#FFFFFF	#D3D3D3	4
2112	#FFFFFF	#D3D3D3	4
2113	#FFFFFF	#D3D3D3	2
2114	#FFFFFF	#D3D3D3	2
2115	#FFFFFF	#D3D3D3	2
2116	#FFFFFF	#D3D3D3	2
2117	#CD1076	#000000	12
2118	#CD1076	#000000	12
2119	#CD1076	#000000	480
2120	#CD1076	#000000	12
2121	#CD1076	#000000	480
2123	#CD1076	#000000	114
2124	#CD1076	#000000	131
2125	#CD1076	#000000	12
2126	#CD1076	#000000	78
2127	#CD1076	#000000	12
2128	#FFFFFF	#D3D3D3	2
2129	#FFFFFF	#D3D3D3	2
2130	#FFFFFF	#D3D3D3	2
2131	#FFFFFF	#D3D3D3	2
2132	#FFFFFF	#D3D3D3	2
2133	#FFFFFF	#D3D3D3	2
2134	#FFFFFF	#D3D3D3	2
2135	#CD1076	#000000	131
2136	#FFFFFF	#D3D3D3	2
2137	#FFFFFF	#D3D3D3	2
2138	#FFFFFF	#D3D3D3	2
2139	#FFFFFF	#D3D3D3	270
2140	#FFFFFF	#D3D3D3	270
2141	#FFFFFF	#D3D3D3	2
2142	#FFFFFF	#D3D3D3	2
2143	#FFFFFF	#D3D3D3	2
2144	#FFFFFF	#D3D3D3	270
2145	#FFFFFF	#D3D3D3	270
2146	#D74386	#1D1D1D	90
2147	#FFFFFF	#D3D3D3	2
2148	#FFFFFF	#D3D3D3	2
2149	#FFFFFF	#D3D3D3	2
2150	#FFFFFF	#D3D3D3	4
2151	#FFFFFF	#D3D3D3	4
2152	#FFFFFF	#D3D3D3	2
2153	#FFFFFF	#D3D3D3	2
2154	#FFFFFF	#D3D3D3	2
2155	#FFFFFF	#D3D3D3	4
2156	#FFFFFF	#D3D3D3	4
2157	#CD1076	#000000	12
2158	#FFFFFF	#D3D3D3	4
2159	#FFFFFF	#D3D3D3	4
2160	#FFFFFF	#D3D3D3	4
2161	#FFFFFF	#D3D3D3	4
2162	#FFFFFF	#D3D3D3	4
2163	#FFFFFF	#D3D3D3	2
2164	#FFFFFF	#D3D3D3	2
2165	#FFFFFF	#D3D3D3	2
2166	#FFFFFF	#D3D3D3	2
2167	#CD1076	#000000	12
2168	#CD1076	#000000	480
2169	#CD1076	#000000	480
2170	#CD1076	#000000	480
2171	#CD1076	#000000	480
2173	#CD1076	#000000	114
2174	#CD1076	#000000	156
2175	#CD1076	#000000	480
2176	#CD1076	#000000	78
2177	#CD1076	#000000	12
2178	#FFFFFF	#D3D3D3	133
2179	#FFFFFF	#D3D3D3	2
2180	#FFFFFF	#D3D3D3	2
2181	#FFFFFF	#D3D3D3	2
2182	#FFFFFF	#D3D3D3	2
2183	#FFFFFF	#D3D3D3	2
2184	#FFFFFF	#D3D3D3	2
2185	#CD1076	#000000	131
2186	#FFFFFF	#D3D3D3	2
2187	#FFFFFF	#D3D3D3	2
2188	#FFFFFF	#D3D3D3	2
2189	#FFFFFF	#D3D3D3	2
2190	#FFFFFF	#D3D3D3	270
2191	#FFFFFF	#D3D3D3	270
2192	#FFFFFF	#D3D3D3	2
2193	#FFFFFF	#D3D3D3	2
2194	#FFFFFF	#D3D3D3	2
2195	#FFFFFF	#D3D3D3	270
2196	#CD1076	#000000	131
2197	#FFFFFF	#D3D3D3	270
2198	#FFFFFF	#D3D3D3	2
2199	#FFFFFF	#D3D3D3	2
2200	#FFFFFF	#D3D3D3	4
2201	#FFFFFF	#D3D3D3	4
2202	#FFFFFF	#D3D3D3	4
2203	#FFFFFF	#D3D3D3	4
2204	#FFFFFF	#D3D3D3	4
2205	#FFFFFF	#D3D3D3	4
2206	#FFFFFF	#D3D3D3	4
2207	#D74386	#1D1D1D	90
2208	#FFFFFF	#D3D3D3	4
2209	#FFFFFF	#D3D3D3	4
2210	#FFFFFF	#D3D3D3	4
2211	#FFFFFF	#D3D3D3	4
2212	#FFFFFF	#D3D3D3	4
2213	#FFFFFF	#D3D3D3	4
2214	#FFFFFF	#D3D3D3	2
2215	#FFFFFF	#D3D3D3	2
2216	#FFFFFF	#D3D3D3	2
2217	#FFFFFF	#D3D3D3	2
2218	#CD1076	#000000	12
2219	#CD1076	#000000	131
2220	#CD1076	#000000	480
2221	#CD1076	#000000	480
2222	#CD1076	#000000	12
2224	#CD1076	#000000	114
2225	#CD1076	#000000	156
2226	#CD1076	#000000	12
2227	#CD1076	#000000	12
2228	#FFFFFF	#D3D3D3	133
2229	#FFFFFF	#D3D3D3	133
2230	#FFFFFF	#D3D3D3	2
2231	#FFFFFF	#D3D3D3	2
2232	#FFFFFF	#D3D3D3	2
2233	#FFFFFF	#D3D3D3	2
2234	#FFFFFF	#D3D3D3	2
2235	#FFFFFF	#D3D3D3	2
2236	#CD1076	#000000	131
2237	#FFFFFF	#D3D3D3	2
2238	#FFFFFF	#D3D3D3	270
2239	#FFFFFF	#D3D3D3	270
2240	#FFFFFF	#D3D3D3	270
2241	#FFFFFF	#D3D3D3	270
2242	#FFFFFF	#D3D3D3	2
2243	#FFFFFF	#D3D3D3	2
2244	#FFFFFF	#D3D3D3	2
2245	#FFFFFF	#D3D3D3	2
2246	#FFFFFF	#D3D3D3	2
2247	#CD1076	#000000	131
2248	#FFFFFF	#D3D3D3	2
2249	#FFFFFF	#D3D3D3	2
2250	#FFFFFF	#D3D3D3	2
2251	#FFFFFF	#D3D3D3	4
2252	#FFFFFF	#D3D3D3	4
2253	#FFFFFF	#D3D3D3	4
2254	#FFFFFF	#D3D3D3	4
2255	#FFFFFF	#D3D3D3	4
2256	#FFFFFF	#D3D3D3	4
2257	#FFFFFF	#D3D3D3	4
2258	#D74386	#1D1D1D	90
2259	#FFFFFF	#D3D3D3	4
2260	#FFFFFF	#D3D3D3	4
2261	#FFFFFF	#D3D3D3	4
2262	#FFFFFF	#D3D3D3	4
2263	#FFFFFF	#D3D3D3	4
2264	#FFFFFF	#D3D3D3	4
2265	#FFFFFF	#D3D3D3	2
2266	#FFFFFF	#D3D3D3	2
2267	#FFFFFF	#D3D3D3	2
2268	#CD1076	#000000	131
2269	#CD1076	#000000	480
2270	#CD1076	#000000	12
2271	#CD1076	#000000	12
2272	#CD1076	#000000	12
2274	#CD1076	#000000	68
2275	#CD1076	#000000	68
2276	#CD1076	#000000	29
2277	#CD1076	#000000	29
2278	#CD1076	#000000	11
2279	#CD1076	#000000	11
2280	#CF1F79	#070707	80
2281	#CF1F79	#070707	80
2282	#CF1F79	#070707	80
2283	#CF1F79	#070707	80
2284	#CF1F79	#070707	80
2285	#CF1F79	#070707	80
2286	#CD1076	#000000	307
2287	#CD1076	#000000	46
2288	#CD1076	#000000	46
2289	#CD1076	#000000	46
2290	#CD1076	#000000	46
2291	#ED93B4	#5E5E5E	45
2292	#CD1076	#000000	46
2293	#FFFFFF	#D3D3D3	187
2294	#FFFFFF	#D3D3D3	187
2295	#FFFFFF	#D3D3D3	87
2296	#FFFFFF	#D3D3D3	87
2297	#CD1076	#000000	41
2298	#FFFFFF	#D3D3D3	87
2299	#FFFFFF	#D3D3D3	87
2300	#FFFFFF	#D3D3D3	187
2301	#FFFFFF	#D3D3D3	187
2302	#FFFFFF	#D3D3D3	187
2303	#FFFFFF	#D3D3D3	187
2304	#FFFFFF	#D3D3D3	87
2305	#FFFFFF	#D3D3D3	87
2306	#FFFFFF	#D3D3D3	87
2307	#FFFFFF	#D3D3D3	87
2308	#CD1076	#000000	41
2309	#FFFFFF	#D3D3D3	87
2310	#FFFFFF	#D3D3D3	87
2311	#FFFFFF	#D3D3D3	87
2312	#FFFFFF	#D3D3D3	87
2313	#FFFFFF	#D3D3D3	87
2314	#FFFFFF	#D3D3D3	87
2315	#FFFFFF	#D3D3D3	87
2316	#FFFFFF	#D3D3D3	87
2317	#FFFFFF	#D3D3D3	87
2318	#FFFFFF	#D3D3D3	87
2319	#CD1076	#000000	41
2320	#CD1076	#000000	29
2321	#CD1076	#000000	29
2322	#CD1076	#000000	29
2323	#CD1076	#000000	29
2325	#CD1076	#000000	68
2326	#CD1076	#000000	307
2327	#CD1076	#000000	29
2328	#CD1076	#000000	29
2329	#CD1076	#000000	11
2330	#CD1076	#000000	11
2331	#CF1F79	#070707	80
2332	#CF1F79	#070707	80
2333	#CF1F79	#070707	80
2334	#CF1F79	#070707	80
2335	#CF1F79	#070707	80
2336	#CD1076	#000000	46
2337	#CD1076	#000000	41
2338	#CD1076	#000000	46
2339	#CD1076	#000000	46
2340	#ED93B4	#5E5E5E	45
2341	#ED93B4	#5E5E5E	45
2342	#ED93B4	#5E5E5E	45
2343	#ED93B4	#5E5E5E	45
2344	#FFFFFF	#D3D3D3	187
2345	#FFFFFF	#D3D3D3	87
2346	#FFFFFF	#D3D3D3	87
2347	#FFFFFF	#D3D3D3	87
2348	#CD1076	#000000	41
2349	#FFFFFF	#D3D3D3	87
2350	#FFFFFF	#D3D3D3	87
2351	#FFFFFF	#D3D3D3	187
2352	#FFFFFF	#D3D3D3	87
2353	#FFFFFF	#D3D3D3	187
2354	#FFFFFF	#D3D3D3	87
2355	#FFFFFF	#D3D3D3	87
2356	#FFFFFF	#D3D3D3	87
2357	#FFFFFF	#D3D3D3	87
2358	#FFFFFF	#D3D3D3	87
2359	#CD1076	#000000	41
2360	#FFFFFF	#D3D3D3	87
2361	#FFFFFF	#D3D3D3	87
2362	#FFFFFF	#D3D3D3	87
2363	#FFFFFF	#D3D3D3	87
2364	#FFFFFF	#D3D3D3	87
2365	#FFFFFF	#D3D3D3	87
2366	#FFFFFF	#D3D3D3	87
2367	#FFFFFF	#D3D3D3	87
2368	#FFFFFF	#D3D3D3	87
2369	#CD1076	#000000	41
2370	#CD1076	#000000	29
2371	#CD1076	#000000	29
2372	#CD1076	#000000	29
2373	#CD1076	#000000	29
2375	#CD1076	#000000	114
2376	#CD1076	#000000	156
2377	#CD1076	#000000	12
2378	#CD1076	#000000	12
2379	#FFFFFF	#D3D3D3	133
2380	#FFFFFF	#D3D3D3	133
2381	#FFFFFF	#D3D3D3	2
2382	#FFFFFF	#D3D3D3	133
2383	#FFFFFF	#D3D3D3	2
2384	#FFFFFF	#D3D3D3	2
2385	#FFFFFF	#D3D3D3	2
2386	#FFFFFF	#D3D3D3	2
2387	#CD1076	#000000	156
2388	#FFFFFF	#D3D3D3	2
2389	#FFFFFF	#D3D3D3	270
2390	#FFFFFF	#D3D3D3	270
2391	#FFFFFF	#D3D3D3	270
2392	#FFFFFF	#D3D3D3	270
2393	#FFFFFF	#D3D3D3	270
2394	#FFFFFF	#D3D3D3	2
2395	#FFFFFF	#D3D3D3	2
2396	#FFFFFF	#D3D3D3	2
2397	#FFFFFF	#D3D3D3	2
2398	#CD1076	#000000	131
2399	#FFFFFF	#D3D3D3	4
2400	#FFFFFF	#D3D3D3	2
2401	#FFFFFF	#D3D3D3	4
2402	#FFFFFF	#D3D3D3	4
2403	#FFFFFF	#D3D3D3	4
2404	#FFFFFF	#D3D3D3	4
2405	#FFFFFF	#D3D3D3	4
2406	#FFFFFF	#D3D3D3	4
2407	#FFFFFF	#D3D3D3	4
2408	#FFFFFF	#D3D3D3	4
2409	#CD1076	#000000	131
2410	#FFFFFF	#D3D3D3	4
2411	#FFFFFF	#D3D3D3	4
2412	#FFFFFF	#D3D3D3	4
2413	#FFFFFF	#D3D3D3	4
2414	#FFFFFF	#D3D3D3	4
2415	#FFFFFF	#D3D3D3	4
2416	#FFFFFF	#D3D3D3	2
2417	#FFFFFF	#D3D3D3	2
2418	#FFFFFF	#D3D3D3	2
2419	#FFFFFF	#D3D3D3	2
2420	#CD1076	#000000	131
2421	#CD1076	#000000	480
2422	#CD1076	#000000	480
2423	#CD1076	#000000	12
2424	#CD1076	#000000	12
2426	#CD1076	#000000	114
2427	#CD1076	#000000	131
2428	#CD1076	#000000	12
2429	#FFFFFF	#D3D3D3	133
2430	#FFFFFF	#D3D3D3	133
2431	#FFFFFF	#D3D3D3	133
2432	#FFFFFF	#D3D3D3	2
2433	#FFFFFF	#D3D3D3	133
2434	#FFFFFF	#D3D3D3	2
2435	#FFFFFF	#D3D3D3	2
2436	#FFFFFF	#D3D3D3	2
2437	#FFFFFF	#D3D3D3	2
2438	#CD1076	#000000	131
2439	#FFFFFF	#D3D3D3	2
2440	#FFFFFF	#D3D3D3	270
2441	#FFFFFF	#D3D3D3	270
2442	#FFFFFF	#D3D3D3	270
2443	#FFFFFF	#D3D3D3	270
2444	#FFFFFF	#D3D3D3	2
2445	#FFFFFF	#D3D3D3	2
2446	#FFFFFF	#D3D3D3	2
2447	#FFFFFF	#D3D3D3	2
2448	#FFFFFF	#D3D3D3	2
2449	#CD1076	#000000	480
2450	#FFFFFF	#D3D3D3	4
2451	#FFFFFF	#D3D3D3	2
2452	#FFFFFF	#D3D3D3	4
2453	#FFFFFF	#D3D3D3	4
2454	#FFFFFF	#D3D3D3	4
2455	#FFFFFF	#D3D3D3	4
2456	#FFFFFF	#D3D3D3	4
2457	#FFFFFF	#D3D3D3	4
2458	#FFFFFF	#D3D3D3	4
2459	#FFFFFF	#D3D3D3	4
2460	#CD1076	#000000	131
2461	#FFFFFF	#D3D3D3	4
2462	#FFFFFF	#D3D3D3	4
2463	#FFFFFF	#D3D3D3	4
2464	#FFFFFF	#D3D3D3	4
2465	#FFFFFF	#D3D3D3	4
2466	#FFFFFF	#D3D3D3	4
2467	#FFFFFF	#D3D3D3	2
2468	#FFFFFF	#D3D3D3	2
2469	#FFFFFF	#D3D3D3	2
2470	#CD1076	#000000	480
2471	#CD1076	#000000	12
2472	#CD1076	#000000	12
2473	#CD1076	#000000	480
2474	#CD1076	#000000	12
2476	#CD1076	#000000	114
2477	#CD1076	#000000	114
2478	#CD1076	#000000	480
2479	#FFFFFF	#D3D3D3	133
2480	#FFFFFF	#D3D3D3	133
2481	#FFFFFF	#D3D3D3	133
2482	#FFFFFF	#D3D3D3	133
2483	#FFFFFF	#D3D3D3	133
2484	#FFFFFF	#D3D3D3	133
2485	#FFFFFF	#D3D3D3	2
2486	#FFFFFF	#D3D3D3	2
2487	#FFFFFF	#D3D3D3	270
2488	#CD1076	#000000	131
2489	#FFFFFF	#D3D3D3	2
2490	#FFFFFF	#D3D3D3	2
2491	#FFFFFF	#D3D3D3	2
2492	#FFFFFF	#D3D3D3	270
2493	#FFFFFF	#D3D3D3	270
2494	#FFFFFF	#D3D3D3	270
2495	#FFFFFF	#D3D3D3	2
2496	#FFFFFF	#D3D3D3	2
2497	#FFFFFF	#D3D3D3	2
2498	#FFFFFF	#D3D3D3	2
2499	#CD1076	#000000	131
2500	#FFFFFF	#D3D3D3	2
2501	#FFFFFF	#D3D3D3	4
2502	#FFFFFF	#D3D3D3	4
2503	#FFFFFF	#D3D3D3	4
2504	#FFFFFF	#D3D3D3	4
2505	#FFFFFF	#D3D3D3	4
2506	#FFFFFF	#D3D3D3	4
2507	#FFFFFF	#D3D3D3	4
2508	#FFFFFF	#D3D3D3	4
2509	#FFFFFF	#D3D3D3	4
2510	#CD1076	#000000	480
2511	#FFFFFF	#D3D3D3	4
2512	#FFFFFF	#D3D3D3	4
2513	#FFFFFF	#D3D3D3	4
2514	#FFFFFF	#D3D3D3	4
2515	#FFFFFF	#D3D3D3	4
2516	#FFFFFF	#D3D3D3	4
2517	#FFFFFF	#D3D3D3	4
2518	#FFFFFF	#D3D3D3	2
2519	#FFFFFF	#D3D3D3	2
2520	#FFFFFF	#D3D3D3	139
2521	#CD1076	#000000	131
2522	#CD1076	#000000	480
2523	#CD1076	#000000	12
2524	#CD1076	#000000	480
2525	#CD1076	#000000	480
2527	#CD1076	#000000	114
2528	#CD1076	#000000	114
2529	#FFFFFF	#D3D3D3	133
2530	#FFFFFF	#D3D3D3	133
2531	#FFFFFF	#D3D3D3	133
2532	#FFFFFF	#D3D3D3	133
2533	#FFFFFF	#D3D3D3	133
2534	#FFFFFF	#D3D3D3	133
2535	#FFFFFF	#D3D3D3	133
2536	#FFFFFF	#D3D3D3	2
2537	#FFFFFF	#D3D3D3	270
2538	#FFFFFF	#D3D3D3	270
2539	#CD1076	#000000	131
2540	#FFFFFF	#D3D3D3	270
2541	#FFFFFF	#D3D3D3	2
2542	#FFFFFF	#D3D3D3	270
2543	#FFFFFF	#D3D3D3	270
2544	#FFFFFF	#D3D3D3	270
2545	#FFFFFF	#D3D3D3	2
2546	#FFFFFF	#D3D3D3	4
2547	#FFFFFF	#D3D3D3	2
2548	#FFFFFF	#D3D3D3	2
2549	#FFFFFF	#D3D3D3	4
2550	#CD1076	#000000	131
2551	#FFFFFF	#D3D3D3	4
2552	#FFFFFF	#D3D3D3	4
2553	#FFFFFF	#D3D3D3	4
2554	#FFFFFF	#D3D3D3	4
2555	#FFFFFF	#D3D3D3	4
2556	#FFFFFF	#D3D3D3	4
2557	#FFFFFF	#D3D3D3	4
2558	#FFFFFF	#D3D3D3	4
2559	#FFFFFF	#D3D3D3	4
2560	#FFFFFF	#D3D3D3	4
2561	#CD1076	#000000	480
2562	#FFFFFF	#D3D3D3	4
2563	#FFFFFF	#D3D3D3	4
2564	#FFFFFF	#D3D3D3	4
2565	#FFFFFF	#D3D3D3	4
2566	#FFFFFF	#D3D3D3	4
2567	#FFFFFF	#D3D3D3	4
2568	#FFFFFF	#D3D3D3	4
2569	#FFFFFF	#D3D3D3	2
2570	#FFFFFF	#D3D3D3	139
2571	#CD1076	#000000	480
2572	#CD1076	#000000	480
2573	#CD1076	#000000	480
2574	#CD1076	#000000	480
2575	#CD1076	#000000	480
2577	#CD1076	#000000	114
2578	#CD1076	#000000	114
2579	#FFFFFF	#D3D3D3	133
2580	#FFFFFF	#D3D3D3	133
2581	#FFFFFF	#D3D3D3	133
2582	#FFFFFF	#D3D3D3	133
2583	#FFFFFF	#D3D3D3	133
2584	#FFFFFF	#D3D3D3	2
2585	#FFFFFF	#D3D3D3	133
2586	#FFFFFF	#D3D3D3	2
2587	#FFFFFF	#D3D3D3	270
2588	#FFFFFF	#D3D3D3	270
2589	#CD1076	#000000	131
2590	#FFFFFF	#D3D3D3	270
2591	#FFFFFF	#D3D3D3	270
2592	#FFFFFF	#D3D3D3	2
2593	#FFFFFF	#D3D3D3	2
2594	#FFFFFF	#D3D3D3	270
2595	#FFFFFF	#D3D3D3	270
2596	#FFFFFF	#D3D3D3	2
2597	#FFFFFF	#D3D3D3	4
2598	#FFFFFF	#D3D3D3	2
2599	#FFFFFF	#D3D3D3	2
2600	#CD1076	#000000	131
2601	#FFFFFF	#D3D3D3	4
2602	#FFFFFF	#D3D3D3	4
2603	#FFFFFF	#D3D3D3	4
2604	#FFFFFF	#D3D3D3	4
2605	#FFFFFF	#D3D3D3	4
2606	#FFFFFF	#D3D3D3	4
2607	#FFFFFF	#D3D3D3	4
2608	#FFFFFF	#D3D3D3	4
2609	#FFFFFF	#D3D3D3	4
2610	#FFFFFF	#D3D3D3	4
2611	#CD1076	#000000	480
2612	#FFFFFF	#D3D3D3	4
2613	#FFFFFF	#D3D3D3	4
2614	#FFFFFF	#D3D3D3	4
2615	#FFFFFF	#D3D3D3	4
2616	#FFFFFF	#D3D3D3	4
2617	#FFFFFF	#D3D3D3	4
2618	#FFFFFF	#D3D3D3	4
2619	#FFFFFF	#D3D3D3	2
2620	#FFFFFF	#D3D3D3	2
2621	#FFFFFF	#D3D3D3	139
2622	#CD1076	#000000	480
2623	#CD1076	#000000	480
2624	#CD1076	#000000	480
2625	#CD1076	#000000	480
2626	#CD1076	#000000	480
2628	#CD1076	#000000	114
2629	#CD1076	#000000	131
2630	#FFFFFF	#D3D3D3	133
2631	#FFFFFF	#D3D3D3	133
2632	#FFFFFF	#D3D3D3	133
2633	#FFFFFF	#D3D3D3	133
2634	#FFFFFF	#D3D3D3	133
2635	#FFFFFF	#D3D3D3	2
2636	#FFFFFF	#D3D3D3	2
2637	#FFFFFF	#D3D3D3	2
2638	#FFFFFF	#D3D3D3	270
2639	#FFFFFF	#D3D3D3	270
2640	#CD1076	#000000	480
2641	#FFFFFF	#D3D3D3	270
2642	#FFFFFF	#D3D3D3	2
2643	#FFFFFF	#D3D3D3	2
2644	#FFFFFF	#D3D3D3	270
2645	#FFFFFF	#D3D3D3	270
2646	#FFFFFF	#D3D3D3	2
2647	#FFFFFF	#D3D3D3	4
2648	#FFFFFF	#D3D3D3	4
2649	#FFFFFF	#D3D3D3	4
2650	#FFFFFF	#D3D3D3	2
2651	#CD1076	#000000	480
2652	#FFFFFF	#D3D3D3	2
2653	#FFFFFF	#D3D3D3	4
2654	#FFFFFF	#D3D3D3	4
2655	#FFFFFF	#D3D3D3	4
2656	#FFFFFF	#D3D3D3	4
2657	#FFFFFF	#D3D3D3	4
2658	#FFFFFF	#D3D3D3	4
2659	#FFFFFF	#D3D3D3	4
2660	#FFFFFF	#D3D3D3	4
2661	#FFFFFF	#D3D3D3	4
2662	#D2317E	#121212	62
2663	#FFFFFF	#D3D3D3	4
2664	#FFFFFF	#D3D3D3	4
2665	#FFFFFF	#D3D3D3	4
2666	#FFFFFF	#D3D3D3	4
2667	#FFFFFF	#D3D3D3	4
2668	#FFFFFF	#D3D3D3	4
2669	#FFFFFF	#D3D3D3	4
2670	#FFFFFF	#D3D3D3	2
2671	#FFFFFF	#D3D3D3	2
2672	#D2317E	#121212	62
2673	#CD1076	#000000	480
2674	#CD1076	#000000	480
2675	#CD1076	#000000	480
2676	#FFFFFF	#D3D3D3	133
2678	#CD1076	#000000	114
2679	#CD1076	#000000	114
2680	#FFFFFF	#D3D3D3	133
2681	#FFFFFF	#D3D3D3	133
2682	#FFFFFF	#D3D3D3	133
2683	#FFFFFF	#D3D3D3	133
2684	#FFFFFF	#D3D3D3	133
2685	#FFFFFF	#D3D3D3	2
2686	#FFFFFF	#D3D3D3	2
2687	#FFFFFF	#D3D3D3	2
2688	#FFFFFF	#D3D3D3	270
2689	#FFFFFF	#D3D3D3	270
2690	#CD1076	#000000	480
2691	#FFFFFF	#D3D3D3	270
2692	#FFFFFF	#D3D3D3	270
2693	#FFFFFF	#D3D3D3	2
2694	#FFFFFF	#D3D3D3	270
2695	#FFFFFF	#D3D3D3	2
2696	#FFFFFF	#D3D3D3	270
2697	#FFFFFF	#D3D3D3	2
2698	#FFFFFF	#D3D3D3	2
2699	#FFFFFF	#D3D3D3	4
2700	#FFFFFF	#D3D3D3	4
2701	#CD1076	#000000	480
2702	#FFFFFF	#D3D3D3	2
2703	#FFFFFF	#D3D3D3	2
2704	#FFFFFF	#D3D3D3	4
2705	#FFFFFF	#D3D3D3	4
2706	#FFFFFF	#D3D3D3	4
2707	#FFFFFF	#D3D3D3	4
2708	#FFFFFF	#D3D3D3	4
2709	#FFFFFF	#D3D3D3	4
2710	#FFFFFF	#D3D3D3	4
2711	#FFFFFF	#D3D3D3	4
2712	#D2317E	#121212	62
2713	#FFFFFF	#D3D3D3	4
2714	#FFFFFF	#D3D3D3	4
2715	#FFFFFF	#D3D3D3	4
2716	#FFFFFF	#D3D3D3	4
2717	#FFFFFF	#D3D3D3	4
2718	#FFFFFF	#D3D3D3	4
2719	#FFFFFF	#D3D3D3	4
2720	#FFFFFF	#D3D3D3	2
2721	#FFFFFF	#D3D3D3	2
2722	#FFFFFF	#D3D3D3	139
2723	#D2317E	#121212	62
2724	#D2317E	#121212	62
2725	#CD1076	#000000	480
2726	#CD1076	#000000	480
2727	#FFFFFF	#D3D3D3	133
2729	#CD1076	#000000	114
2730	#CD1076	#000000	192
2731	#FFFFFF	#D3D3D3	133
2732	#FFFFFF	#D3D3D3	133
2733	#FFFFFF	#D3D3D3	133
2734	#FFFFFF	#D3D3D3	133
2735	#FFFFFF	#D3D3D3	133
2736	#FFFFFF	#D3D3D3	2
2737	#FFFFFF	#D3D3D3	2
2738	#FFFFFF	#D3D3D3	2
2739	#FFFFFF	#D3D3D3	270
2740	#FFFFFF	#D3D3D3	270
2741	#CD1076	#000000	480
2742	#FFFFFF	#D3D3D3	270
2743	#FFFFFF	#D3D3D3	270
2744	#FFFFFF	#D3D3D3	270
2745	#FFFFFF	#D3D3D3	2
2746	#FFFFFF	#D3D3D3	2
2747	#FFFFFF	#D3D3D3	2
2748	#FFFFFF	#D3D3D3	2
2749	#FFFFFF	#D3D3D3	4
2750	#FFFFFF	#D3D3D3	4
2751	#FFFFFF	#D3D3D3	2
2752	#D2317E	#121212	62
2753	#FFFFFF	#D3D3D3	2
2754	#FFFFFF	#D3D3D3	2
2755	#FFFFFF	#D3D3D3	4
2756	#FFFFFF	#D3D3D3	4
2757	#FFFFFF	#D3D3D3	4
2758	#FFFFFF	#D3D3D3	4
2759	#FFFFFF	#D3D3D3	4
2760	#FFFFFF	#D3D3D3	4
2761	#FFFFFF	#D3D3D3	4
2762	#FFFFFF	#D3D3D3	4
2763	#D2317E	#121212	62
2764	#FFFFFF	#D3D3D3	4
2765	#FFFFFF	#D3D3D3	4
2766	#FFFFFF	#D3D3D3	4
2767	#FFFFFF	#D3D3D3	4
2768	#FFFFFF	#D3D3D3	4
2769	#FFFFFF	#D3D3D3	4
2770	#FFFFFF	#D3D3D3	4
2771	#FFFFFF	#D3D3D3	2
2772	#FFFFFF	#D3D3D3	139
2773	#D2317E	#121212	62
2774	#D2317E	#121212	62
2775	#CD1076	#000000	480
2776	#FFFFFF	#D3D3D3	133
2777	#FFFFFF	#D3D3D3	133
2779	#CD1076	#000000	114
2780	#CD1076	#000000	192
2781	#FFFFFF	#D3D3D3	133
2782	#FFFFFF	#D3D3D3	133
2783	#FFFFFF	#D3D3D3	133
2784	#FFFFFF	#D3D3D3	133
2785	#FFFFFF	#D3D3D3	133
2786	#FFFFFF	#D3D3D3	2
2787	#FFFFFF	#D3D3D3	2
2788	#FFFFFF	#D3D3D3	270
2789	#FFFFFF	#D3D3D3	2
2790	#FFFFFF	#D3D3D3	2
2791	#CD1076	#000000	480
2792	#FFFFFF	#D3D3D3	270
2793	#FFFFFF	#D3D3D3	270
2794	#FFFFFF	#D3D3D3	270
2795	#FFFFFF	#D3D3D3	2
2796	#FFFFFF	#D3D3D3	2
2797	#FFFFFF	#D3D3D3	2
2798	#FFFFFF	#D3D3D3	2
2799	#FFFFFF	#D3D3D3	4
2800	#FFFFFF	#D3D3D3	4
2801	#FFFFFF	#D3D3D3	2
2802	#D2317E	#121212	62
2803	#FFFFFF	#D3D3D3	2
2804	#FFFFFF	#D3D3D3	2
2805	#FFFFFF	#D3D3D3	4
2806	#FFFFFF	#D3D3D3	4
2807	#FFFFFF	#D3D3D3	4
2808	#FFFFFF	#D3D3D3	84
2809	#FFFFFF	#D3D3D3	4
2810	#FFFFFF	#D3D3D3	4
2811	#FFFFFF	#D3D3D3	4
2812	#FFFFFF	#D3D3D3	4
2813	#D2317E	#121212	62
2814	#FFFFFF	#D3D3D3	4
2815	#FFFFFF	#D3D3D3	4
2816	#FFFFFF	#D3D3D3	4
2817	#FFFFFF	#D3D3D3	4
2818	#FFFFFF	#D3D3D3	4
2819	#FFFFFF	#D3D3D3	4
2820	#FFFFFF	#D3D3D3	4
2821	#FFFFFF	#D3D3D3	2
2822	#FFFFFF	#D3D3D3	2
2823	#FFFFFF	#D3D3D3	2
2824	#D2317E	#121212	62
2825	#D2317E	#121212	62
2826	#D2317E	#121212	62
2827	#FFFFFF	#D3D3D3	133
2828	#FFFFFF	#D3D3D3	133
2830	#CD1076	#000000	114
2831	#CD1076	#000000	192
2832	#FFFFFF	#D3D3D3	133
2833	#FFFFFF	#D3D3D3	133
2834	#FFFFFF	#D3D3D3	133
2835	#FFFFFF	#D3D3D3	133
2836	#FFFFFF	#D3D3D3	2
2837	#FFFFFF	#D3D3D3	270
2838	#FFFFFF	#D3D3D3	270
2839	#FFFFFF	#D3D3D3	270
2840	#FFFFFF	#D3D3D3	2
2841	#FFFFFF	#D3D3D3	270
2842	#D2317E	#121212	62
2843	#FFFFFF	#D3D3D3	2
2844	#FFFFFF	#D3D3D3	2
2845	#FFFFFF	#D3D3D3	2
2846	#FFFFFF	#D3D3D3	2
2847	#FFFFFF	#D3D3D3	2
2848	#FFFFFF	#D3D3D3	2
2849	#FFFFFF	#D3D3D3	4
2850	#FFFFFF	#D3D3D3	4
2851	#FFFFFF	#D3D3D3	4
2852	#FFFFFF	#D3D3D3	4
2853	#D2317E	#121212	62
2854	#FFFFFF	#D3D3D3	2
2855	#FFFFFF	#D3D3D3	4
2856	#FFFFFF	#D3D3D3	4
2857	#FFFFFF	#D3D3D3	4
2858	#FFFFFF	#D3D3D3	84
2859	#FFFFFF	#D3D3D3	84
2860	#FFFFFF	#D3D3D3	4
2861	#FFFFFF	#D3D3D3	4
2862	#FFFFFF	#D3D3D3	4
2863	#FFFFFF	#D3D3D3	4
2864	#D2317E	#121212	62
2865	#FFFFFF	#D3D3D3	4
2866	#FFFFFF	#D3D3D3	4
2867	#FFFFFF	#D3D3D3	4
2868	#FFFFFF	#D3D3D3	4
2869	#FFFFFF	#D3D3D3	4
2870	#FFFFFF	#D3D3D3	4
2871	#FFFFFF	#D3D3D3	4
2872	#FFFFFF	#D3D3D3	2
2873	#FFFFFF	#D3D3D3	2
2874	#D2317E	#121212	62
2875	#D2317E	#121212	62
2876	#FFFFFF	#D3D3D3	133
2877	#FFFFFF	#D3D3D3	133
2878	#FFFFFF	#D3D3D3	133
2880	#CD1076	#000000	114
2881	#CD1076	#000000	192
2882	#FFFFFF	#D3D3D3	133
2883	#FFFFFF	#D3D3D3	133
2884	#FFFFFF	#D3D3D3	133
2885	#FFFFFF	#D3D3D3	133
2886	#FFFFFF	#D3D3D3	133
2887	#FFFFFF	#D3D3D3	2
2888	#FFFFFF	#D3D3D3	270
2889	#FFFFFF	#D3D3D3	2
2890	#FFFFFF	#D3D3D3	270
2891	#FFFFFF	#D3D3D3	2
2892	#CD1076	#000000	186
2893	#FFFFFF	#D3D3D3	270
2894	#FFFFFF	#D3D3D3	2
2895	#FFFFFF	#D3D3D3	2
2896	#FFFFFF	#D3D3D3	2
2897	#FFFFFF	#D3D3D3	4
2898	#FFFFFF	#D3D3D3	4
2899	#FFFFFF	#D3D3D3	4
2900	#FFFFFF	#D3D3D3	4
2901	#FFFFFF	#D3D3D3	4
2902	#FFFFFF	#D3D3D3	4
2903	#D2317E	#121212	62
2904	#FFFFFF	#D3D3D3	2
2905	#FFFFFF	#D3D3D3	2
2906	#FFFFFF	#D3D3D3	4
2907	#FFFFFF	#D3D3D3	4
2908	#FFFFFF	#D3D3D3	4
2909	#FFFFFF	#D3D3D3	84
2910	#FFFFFF	#D3D3D3	4
2911	#FFFFFF	#D3D3D3	4
2912	#FFFFFF	#D3D3D3	4
2913	#FFFFFF	#D3D3D3	4
2914	#D2317E	#121212	62
2915	#FFFFFF	#D3D3D3	4
2916	#FFFFFF	#D3D3D3	4
2917	#FFFFFF	#D3D3D3	4
2918	#FFFFFF	#D3D3D3	4
2919	#FFFFFF	#D3D3D3	277
2920	#FFFFFF	#D3D3D3	277
2921	#FFFFFF	#D3D3D3	4
2922	#FFFFFF	#D3D3D3	2
2923	#FFFFFF	#D3D3D3	2
2924	#FFFFFF	#D3D3D3	2
2925	#D2317E	#121212	62
2926	#D2317E	#121212	62
2927	#FFFFFF	#D3D3D3	133
2928	#FFFFFF	#D3D3D3	133
2929	#FFFFFF	#D3D3D3	133
2931	#CD1076	#000000	114
2932	#CD1076	#000000	186
2933	#FFFFFF	#D3D3D3	133
2934	#FFFFFF	#D3D3D3	133
2935	#FFFFFF	#D3D3D3	133
2936	#FFFFFF	#D3D3D3	133
2937	#FFFFFF	#D3D3D3	133
2938	#FFFFFF	#D3D3D3	2
2939	#FFFFFF	#D3D3D3	270
2940	#FFFFFF	#D3D3D3	2
2941	#FFFFFF	#D3D3D3	270
2942	#FFFFFF	#D3D3D3	2
2943	#CD1076	#000000	186
2944	#FFFFFF	#D3D3D3	270
2945	#FFFFFF	#D3D3D3	2
2946	#FFFFFF	#D3D3D3	2
2947	#FFFFFF	#D3D3D3	4
2948	#FFFFFF	#D3D3D3	4
2949	#FFFFFF	#D3D3D3	4
2950	#FFFFFF	#D3D3D3	4
2951	#FFFFFF	#D3D3D3	4
2952	#FFFFFF	#D3D3D3	2
2953	#FFFFFF	#D3D3D3	2
2954	#D2317E	#121212	62
2955	#FFFFFF	#D3D3D3	2
2956	#FFFFFF	#D3D3D3	4
2957	#FFFFFF	#D3D3D3	4
2958	#FFFFFF	#D3D3D3	4
2959	#FFFFFF	#D3D3D3	84
2960	#FFFFFF	#D3D3D3	84
2961	#FFFFFF	#D3D3D3	4
2962	#FFFFFF	#D3D3D3	4
2963	#FFFFFF	#D3D3D3	4
2964	#FFFFFF	#D3D3D3	4
2965	#D2317E	#121212	62
2966	#FFFFFF	#D3D3D3	4
2967	#FFFFFF	#D3D3D3	4
2968	#FFFFFF	#D3D3D3	4
2969	#FFFFFF	#D3D3D3	4
2970	#FFFFFF	#D3D3D3	277
2971	#FFFFFF	#D3D3D3	4
2972	#FFFFFF	#D3D3D3	4
2973	#FFFFFF	#D3D3D3	2
2974	#FFFFFF	#D3D3D3	2
2975	#D2317E	#121212	62
2976	#FFFFFF	#D3D3D3	133
2977	#FFFFFF	#D3D3D3	133
2978	#FFFFFF	#D3D3D3	133
2979	#FFFFFF	#D3D3D3	133
2981	#CD1076	#000000	114
2982	#CD1076	#000000	252
2983	#FFFFFF	#D3D3D3	133
2984	#FFFFFF	#D3D3D3	133
2985	#FFFFFF	#D3D3D3	133
2986	#FFFFFF	#D3D3D3	133
2987	#FFFFFF	#D3D3D3	133
2988	#FFFFFF	#D3D3D3	133
2989	#FFFFFF	#D3D3D3	2
2990	#FFFFFF	#D3D3D3	2
2991	#FFFFFF	#D3D3D3	270
2992	#FFFFFF	#D3D3D3	270
2993	#CD1076	#000000	186
2994	#FFFFFF	#D3D3D3	270
2995	#FFFFFF	#D3D3D3	270
2996	#FFFFFF	#D3D3D3	2
2997	#FFFFFF	#D3D3D3	4
2998	#FFFFFF	#D3D3D3	4
2999	#FFFFFF	#D3D3D3	4
3000	#FFFFFF	#D3D3D3	4
3001	#FFFFFF	#D3D3D3	4
3002	#FFFFFF	#D3D3D3	2
3003	#FFFFFF	#D3D3D3	2
3004	#CD1076	#000000	186
3005	#FFFFFF	#D3D3D3	2
3006	#FFFFFF	#D3D3D3	2
3007	#FFFFFF	#D3D3D3	4
3008	#FFFFFF	#D3D3D3	4
3009	#FFFFFF	#D3D3D3	4
3010	#FFFFFF	#D3D3D3	84
3011	#FFFFFF	#D3D3D3	4
3012	#FFFFFF	#D3D3D3	4
3013	#FFFFFF	#D3D3D3	4
3014	#FFFFFF	#D3D3D3	4
3015	#D2317E	#121212	62
3016	#FFFFFF	#D3D3D3	4
3017	#FFFFFF	#D3D3D3	4
3018	#FFFFFF	#D3D3D3	4
3019	#FFFFFF	#D3D3D3	277
3020	#FFFFFF	#D3D3D3	277
3021	#FFFFFF	#D3D3D3	4
3022	#FFFFFF	#D3D3D3	2
3023	#FFFFFF	#D3D3D3	2
3024	#FFFFFF	#D3D3D3	2
3025	#FFFFFF	#D3D3D3	2
3026	#D2317E	#121212	62
3027	#FFFFFF	#D3D3D3	133
3028	#FFFFFF	#D3D3D3	133
3029	#FFFFFF	#D3D3D3	133
3030	#FFFFFF	#D3D3D3	133
3032	#CD1076	#000000	114
3033	#CD1076	#000000	252
3034	#FFFFFF	#D3D3D3	133
3035	#FFFFFF	#D3D3D3	133
3036	#FFFFFF	#D3D3D3	133
3037	#FFFFFF	#D3D3D3	133
3038	#FFFFFF	#D3D3D3	2
3039	#FFFFFF	#D3D3D3	2
3040	#FFFFFF	#D3D3D3	2
3041	#FFFFFF	#D3D3D3	2
3042	#FFFFFF	#D3D3D3	270
3043	#FFFFFF	#D3D3D3	270
3044	#CD1076	#000000	186
3045	#FFFFFF	#D3D3D3	270
3046	#FFFFFF	#D3D3D3	2
3047	#FFFFFF	#D3D3D3	2
3048	#FFFFFF	#D3D3D3	4
3049	#FFFFFF	#D3D3D3	4
3050	#FFFFFF	#D3D3D3	4
3051	#FFFFFF	#D3D3D3	2
3052	#FFFFFF	#D3D3D3	2
3053	#FFFFFF	#D3D3D3	2
3054	#FFFFFF	#D3D3D3	2
3055	#CD1076	#000000	186
3056	#FFFFFF	#D3D3D3	2
3057	#FFFFFF	#D3D3D3	2
3058	#FFFFFF	#D3D3D3	4
3059	#FFFFFF	#D3D3D3	4
3060	#FFFFFF	#D3D3D3	84
3061	#FFFFFF	#D3D3D3	4
3062	#FFFFFF	#D3D3D3	4
3063	#FFFFFF	#D3D3D3	4
3064	#FFFFFF	#D3D3D3	4
3065	#FFFFFF	#D3D3D3	4
3066	#D2317E	#121212	62
3067	#FFFFFF	#D3D3D3	4
3068	#FFFFFF	#D3D3D3	4
3069	#FFFFFF	#D3D3D3	277
3070	#FFFFFF	#D3D3D3	277
3071	#FFFFFF	#D3D3D3	4
3072	#FFFFFF	#D3D3D3	4
3073	#FFFFFF	#D3D3D3	2
3074	#FFFFFF	#D3D3D3	2
3075	#FFFFFF	#D3D3D3	2
3076	#FFFFFF	#D3D3D3	133
3077	#FFFFFF	#D3D3D3	133
3078	#FFFFFF	#D3D3D3	133
3079	#FFFFFF	#D3D3D3	133
3080	#FFFFFF	#D3D3D3	133
3082	#CD1076	#000000	114
3083	#CD1076	#000000	252
3084	#FFFFFF	#D3D3D3	133
3085	#FFFFFF	#D3D3D3	133
3086	#FFFFFF	#D3D3D3	133
3087	#FFFFFF	#D3D3D3	133
3088	#FFFFFF	#D3D3D3	133
3089	#FFFFFF	#D3D3D3	2
3090	#FFFFFF	#D3D3D3	2
3091	#FFFFFF	#D3D3D3	2
3092	#FFFFFF	#D3D3D3	2
3093	#FFFFFF	#D3D3D3	2
3094	#CD1076	#000000	252
3095	#FFFFFF	#D3D3D3	2
3096	#FFFFFF	#D3D3D3	2
3097	#FFFFFF	#D3D3D3	2
3098	#FFFFFF	#D3D3D3	4
3099	#FFFFFF	#D3D3D3	4
3100	#FFFFFF	#D3D3D3	4
3101	#FFFFFF	#D3D3D3	4
3102	#FFFFFF	#D3D3D3	2
3103	#FFFFFF	#D3D3D3	2
3104	#FFFFFF	#D3D3D3	2
3105	#CD1076	#000000	186
3106	#FFFFFF	#D3D3D3	2
3107	#FFFFFF	#D3D3D3	2
3108	#FFFFFF	#D3D3D3	4
3109	#FFFFFF	#D3D3D3	84
3110	#FFFFFF	#D3D3D3	84
3111	#FFFFFF	#D3D3D3	4
3112	#FFFFFF	#D3D3D3	4
3113	#FFFFFF	#D3D3D3	4
3114	#FFFFFF	#D3D3D3	4
3115	#FFFFFF	#D3D3D3	4
3116	#D2317E	#121212	62
3117	#FFFFFF	#D3D3D3	4
3118	#FFFFFF	#D3D3D3	4
3119	#FFFFFF	#D3D3D3	277
3120	#FFFFFF	#D3D3D3	471
3121	#FFFFFF	#D3D3D3	277
3122	#FFFFFF	#D3D3D3	277
3123	#FFFFFF	#D3D3D3	4
3124	#FFFFFF	#D3D3D3	2
3125	#FFFFFF	#D3D3D3	2
3126	#FFFFFF	#D3D3D3	484
3127	#FFFFFF	#D3D3D3	133
3128	#FFFFFF	#D3D3D3	133
3129	#FFFFFF	#D3D3D3	133
3130	#FFFFFF	#D3D3D3	133
3131	#FFFFFF	#D3D3D3	133
3133	#CD1076	#000000	114
3134	#CD1076	#000000	252
3135	#FFFFFF	#D3D3D3	133
3136	#FFFFFF	#D3D3D3	133
3137	#FFFFFF	#D3D3D3	133
3138	#FFFFFF	#D3D3D3	133
3139	#FFFFFF	#D3D3D3	2
3140	#FFFFFF	#D3D3D3	2
3141	#FFFFFF	#D3D3D3	2
3142	#FFFFFF	#D3D3D3	2
3143	#FFFFFF	#D3D3D3	2
3144	#FFFFFF	#D3D3D3	2
3145	#CD1076	#000000	252
3146	#FFFFFF	#D3D3D3	2
3147	#FFFFFF	#D3D3D3	2
3148	#FFFFFF	#D3D3D3	4
3149	#FFFFFF	#D3D3D3	4
3150	#FFFFFF	#D3D3D3	4
3151	#FFFFFF	#D3D3D3	4
3152	#FFFFFF	#D3D3D3	4
3153	#FFFFFF	#D3D3D3	2
3154	#FFFFFF	#D3D3D3	2
3155	#FFFFFF	#D3D3D3	2
3156	#CD1076	#000000	186
3157	#FFFFFF	#D3D3D3	2
3158	#FFFFFF	#D3D3D3	4
3159	#FFFFFF	#D3D3D3	4
3160	#FFFFFF	#D3D3D3	84
3161	#FFFFFF	#D3D3D3	4
3162	#FFFFFF	#D3D3D3	4
3163	#FFFFFF	#D3D3D3	4
3164	#FFFFFF	#D3D3D3	4
3165	#FFFFFF	#D3D3D3	4
3166	#FFFFFF	#D3D3D3	4
3167	#FFFFFF	#D3D3D3	133
3168	#FFFFFF	#D3D3D3	4
3169	#FFFFFF	#D3D3D3	277
3170	#FFFFFF	#D3D3D3	4
3171	#FFFFFF	#D3D3D3	471
3172	#FFFFFF	#D3D3D3	277
3173	#FFFFFF	#D3D3D3	277
3174	#FFFFFF	#D3D3D3	2
3175	#FFFFFF	#D3D3D3	2
3176	#FFFFFF	#D3D3D3	2
3177	#FFFFFF	#D3D3D3	133
3178	#FFFFFF	#D3D3D3	133
3179	#FFFFFF	#D3D3D3	133
3180	#FFFFFF	#D3D3D3	133
3181	#FFFFFF	#D3D3D3	133
3183	#CD1076	#000000	114
3184	#CD1076	#000000	114
3185	#FFFFFF	#D3D3D3	133
3186	#FFFFFF	#D3D3D3	133
3187	#FFFFFF	#D3D3D3	2
3188	#FFFFFF	#D3D3D3	133
3189	#FFFFFF	#D3D3D3	2
3190	#FFFFFF	#D3D3D3	2
3191	#FFFFFF	#D3D3D3	2
3192	#FFFFFF	#D3D3D3	2
3193	#FFFFFF	#D3D3D3	2
3194	#FFFFFF	#D3D3D3	2
3195	#CD1076	#000000	252
3196	#FFFFFF	#D3D3D3	2
3197	#FFFFFF	#D3D3D3	2
3198	#FFFFFF	#D3D3D3	2
3199	#FFFFFF	#D3D3D3	4
3200	#FFFFFF	#D3D3D3	4
3201	#FFFFFF	#D3D3D3	4
3202	#FFFFFF	#D3D3D3	4
3203	#FFFFFF	#D3D3D3	4
3204	#FFFFFF	#D3D3D3	4
3205	#FFFFFF	#D3D3D3	2
3206	#CD1076	#000000	186
3207	#FFFFFF	#D3D3D3	2
3208	#FFFFFF	#D3D3D3	4
3209	#FFFFFF	#D3D3D3	4
3210	#FFFFFF	#D3D3D3	84
3211	#FFFFFF	#D3D3D3	84
3212	#FFFFFF	#D3D3D3	4
3213	#FFFFFF	#D3D3D3	4
3214	#FFFFFF	#D3D3D3	4
3215	#FFFFFF	#D3D3D3	4
3216	#FFFFFF	#D3D3D3	4
3217	#FFFFFF	#D3D3D3	133
3218	#FFFFFF	#D3D3D3	4
3219	#FFFFFF	#D3D3D3	4
3220	#FFFFFF	#D3D3D3	4
3221	#FFFFFF	#D3D3D3	4
3222	#FFFFFF	#D3D3D3	471
3223	#FFFFFF	#D3D3D3	277
3224	#FFFFFF	#D3D3D3	4
3225	#FFFFFF	#D3D3D3	2
3226	#FFFFFF	#D3D3D3	2
3227	#FFFFFF	#D3D3D3	2
3228	#FFFFFF	#D3D3D3	133
3229	#FFFFFF	#D3D3D3	133
3230	#FFFFFF	#D3D3D3	133
3231	#FFFFFF	#D3D3D3	133
3232	#FFFFFF	#D3D3D3	133
3234	#CD1076	#000000	114
3235	#CD1076	#000000	252
3236	#FFFFFF	#D3D3D3	133
3237	#FFFFFF	#D3D3D3	133
3238	#FFFFFF	#D3D3D3	2
3239	#FFFFFF	#D3D3D3	2
3240	#FFFFFF	#D3D3D3	2
3241	#FFFFFF	#D3D3D3	2
3242	#FFFFFF	#D3D3D3	2
3243	#FFFFFF	#D3D3D3	2
3244	#FFFFFF	#D3D3D3	2
3245	#FFFFFF	#D3D3D3	2
3246	#CD1076	#000000	252
3247	#FFFFFF	#D3D3D3	2
3248	#FFFFFF	#D3D3D3	2
3249	#FFFFFF	#D3D3D3	2
3250	#FFFFFF	#D3D3D3	4
3251	#FFFFFF	#D3D3D3	4
3252	#FFFFFF	#D3D3D3	4
3253	#FFFFFF	#D3D3D3	4
3254	#FFFFFF	#D3D3D3	4
3255	#FFFFFF	#D3D3D3	2
3256	#FFFFFF	#D3D3D3	4
3257	#FFFFFF	#D3D3D3	133
3258	#FFFFFF	#D3D3D3	4
3259	#FFFFFF	#D3D3D3	4
3260	#FFFFFF	#D3D3D3	4
3261	#FFFFFF	#D3D3D3	84
3262	#FFFFFF	#D3D3D3	84
3263	#FFFFFF	#D3D3D3	4
3264	#FFFFFF	#D3D3D3	4
3265	#FFFFFF	#D3D3D3	4
3266	#FFFFFF	#D3D3D3	4
3267	#FFFFFF	#D3D3D3	4
3268	#FFFFFF	#D3D3D3	133
3269	#FFFFFF	#D3D3D3	4
3270	#FFFFFF	#D3D3D3	4
3271	#FFFFFF	#D3D3D3	4
3272	#FFFFFF	#D3D3D3	471
3273	#FFFFFF	#D3D3D3	277
3274	#FFFFFF	#D3D3D3	4
3275	#FFFFFF	#D3D3D3	2
3276	#FFFFFF	#D3D3D3	2
3277	#FFFFFF	#D3D3D3	2
3278	#FFFFFF	#D3D3D3	133
3279	#FFFFFF	#D3D3D3	133
3280	#FFFFFF	#D3D3D3	133
3281	#FFFFFF	#D3D3D3	133
3282	#FFFFFF	#D3D3D3	133
3284	#CD1076	#000000	114
3285	#CD1076	#000000	114
3286	#FFFFFF	#D3D3D3	133
3287	#FFFFFF	#D3D3D3	133
3288	#FFFFFF	#D3D3D3	133
3289	#FFFFFF	#D3D3D3	2
3290	#FFFFFF	#D3D3D3	2
3291	#FFFFFF	#D3D3D3	2
3292	#FFFFFF	#D3D3D3	2
3293	#FFFFFF	#D3D3D3	2
3294	#FFFFFF	#D3D3D3	2
3295	#FFFFFF	#D3D3D3	2
3296	#CD1076	#000000	252
3297	#FFFFFF	#D3D3D3	2
3298	#FFFFFF	#D3D3D3	2
3299	#FFFFFF	#D3D3D3	2
3300	#FFFFFF	#D3D3D3	2
3301	#FFFFFF	#D3D3D3	4
3302	#FFFFFF	#D3D3D3	4
3303	#FFFFFF	#D3D3D3	4
3304	#FFFFFF	#D3D3D3	4
3305	#FFFFFF	#D3D3D3	2
3306	#FFFFFF	#D3D3D3	2
3307	#FFFFFF	#D3D3D3	133
3308	#FFFFFF	#D3D3D3	4
3309	#FFFFFF	#D3D3D3	4
3310	#FFFFFF	#D3D3D3	4
3311	#FFFFFF	#D3D3D3	4
3312	#FFFFFF	#D3D3D3	4
3313	#FFFFFF	#D3D3D3	84
3314	#FFFFFF	#D3D3D3	4
3315	#FFFFFF	#D3D3D3	4
3316	#FFFFFF	#D3D3D3	4
3317	#FFFFFF	#D3D3D3	84
3318	#FFFFFF	#D3D3D3	133
3319	#FFFFFF	#D3D3D3	4
3320	#FFFFFF	#D3D3D3	4
3321	#FFFFFF	#D3D3D3	4
3322	#FFFFFF	#D3D3D3	4
3323	#FFFFFF	#D3D3D3	277
3324	#FFFFFF	#D3D3D3	4
3325	#FFFFFF	#D3D3D3	2
3326	#FFFFFF	#D3D3D3	2
3327	#FFFFFF	#D3D3D3	2
3328	#FFFFFF	#D3D3D3	2
3329	#FFFFFF	#D3D3D3	133
3330	#FFFFFF	#D3D3D3	133
3331	#FFFFFF	#D3D3D3	133
3332	#FFFFFF	#D3D3D3	133
3333	#FFFFFF	#D3D3D3	133
3335	#CD1076	#000000	114
3336	#CD1076	#000000	114
3337	#FFFFFF	#D3D3D3	133
3338	#FFFFFF	#D3D3D3	133
3339	#FFFFFF	#D3D3D3	2
3340	#FFFFFF	#D3D3D3	2
3341	#FFFFFF	#D3D3D3	2
3342	#FFFFFF	#D3D3D3	2
3343	#FFFFFF	#D3D3D3	2
3344	#FFFFFF	#D3D3D3	2
3345	#FFFFFF	#D3D3D3	2
3346	#FFFFFF	#D3D3D3	2
3347	#FFFFFF	#D3D3D3	133
3348	#FFFFFF	#D3D3D3	2
3349	#FFFFFF	#D3D3D3	4
3350	#FFFFFF	#D3D3D3	4
3351	#FFFFFF	#D3D3D3	4
3352	#FFFFFF	#D3D3D3	4
3353	#FFFFFF	#D3D3D3	4
3354	#FFFFFF	#D3D3D3	4
3355	#FFFFFF	#D3D3D3	4
3356	#FFFFFF	#D3D3D3	2
3357	#FFFFFF	#D3D3D3	4
3358	#FFFFFF	#D3D3D3	133
3359	#FFFFFF	#D3D3D3	4
3360	#FFFFFF	#D3D3D3	4
3361	#FFFFFF	#D3D3D3	4
3362	#FFFFFF	#D3D3D3	4
3363	#FFFFFF	#D3D3D3	4
3364	#FFFFFF	#D3D3D3	84
3365	#FFFFFF	#D3D3D3	4
3366	#FFFFFF	#D3D3D3	84
3367	#FFFFFF	#D3D3D3	84
3368	#FFFFFF	#D3D3D3	84
3369	#FFFFFF	#D3D3D3	133
3370	#FFFFFF	#D3D3D3	4
3371	#FFFFFF	#D3D3D3	4
3372	#FFFFFF	#D3D3D3	4
3373	#FFFFFF	#D3D3D3	4
3374	#FFFFFF	#D3D3D3	277
3375	#FFFFFF	#D3D3D3	4
3376	#FFFFFF	#D3D3D3	4
3377	#FFFFFF	#D3D3D3	2
3378	#FFFFFF	#D3D3D3	2
3379	#FFFFFF	#D3D3D3	133
3380	#FFFFFF	#D3D3D3	133
3381	#FFFFFF	#D3D3D3	133
3382	#FFFFFF	#D3D3D3	133
3383	#FFFFFF	#D3D3D3	133
3385	#CD1076	#000000	68
3386	#CD1076	#000000	307
3387	#CD1076	#000000	29
3388	#CD1076	#000000	29
3389	#CF1F79	#070707	80
3390	#CF1F79	#070707	80
3391	#CF1F79	#070707	80
3392	#CF1F79	#070707	80
3393	#CF1F79	#070707	80
3394	#CF1F79	#070707	80
3395	#CF1F79	#070707	80
3396	#CF1F79	#070707	80
3397	#CD1076	#000000	41
3398	#CD1076	#000000	46
3399	#CD1076	#000000	46
3400	#CD1076	#000000	46
3401	#ED93B4	#5E5E5E	45
3402	#ED93B4	#5E5E5E	45
3403	#ED93B4	#5E5E5E	45
3404	#ED93B4	#5E5E5E	45
3405	#FFFFFF	#D3D3D3	187
3406	#FFFFFF	#D3D3D3	87
3407	#FFFFFF	#D3D3D3	87
3408	#CD1076	#000000	41
3409	#FFFFFF	#D3D3D3	87
3410	#FFFFFF	#D3D3D3	87
3411	#FFFFFF	#D3D3D3	87
3412	#FFFFFF	#D3D3D3	87
3413	#FFFFFF	#D3D3D3	187
3414	#FFFFFF	#D3D3D3	87
3415	#FFFFFF	#D3D3D3	87
3416	#FFFFFF	#D3D3D3	87
3417	#FFFFFF	#D3D3D3	87
3418	#FFFFFF	#D3D3D3	87
3419	#CD1076	#000000	41
3420	#FFFFFF	#D3D3D3	87
3421	#FFFFFF	#D3D3D3	87
3422	#FFFFFF	#D3D3D3	87
3423	#FFFFFF	#D3D3D3	87
3424	#FFFFFF	#D3D3D3	87
3425	#FFFFFF	#D3D3D3	87
3426	#FFFFFF	#D3D3D3	87
3427	#FFFFFF	#D3D3D3	87
3428	#FFFFFF	#D3D3D3	87
3429	#FFFFFF	#D3D3D3	87
3430	#CD1076	#000000	41
3431	#CD1076	#000000	29
3432	#CD1076	#000000	29
3433	#CD1076	#000000	29
3434	#CD1076	#000000	29
3436	#CD1076	#000000	68
3437	#CD1076	#000000	41
3438	#CD1076	#000000	29
3439	#CF1F79	#070707	80
3440	#CF1F79	#070707	80
3441	#CF1F79	#070707	80
3442	#CF1F79	#070707	80
3443	#CF1F79	#070707	80
3444	#CF1F79	#070707	80
3445	#CF1F79	#070707	80
3446	#CF1F79	#070707	80
3447	#CF1F79	#070707	80
3448	#CD1076	#000000	41
3449	#CD1076	#000000	46
3450	#CD1076	#000000	46
3451	#ED93B4	#5E5E5E	45
3452	#ED93B4	#5E5E5E	45
3453	#ED93B4	#5E5E5E	45
3454	#ED93B4	#5E5E5E	45
3455	#ED93B4	#5E5E5E	45
3456	#FFFFFF	#D3D3D3	187
3457	#FFFFFF	#D3D3D3	87
3458	#FFFFFF	#D3D3D3	87
3459	#CD1076	#000000	41
3460	#FFFFFF	#D3D3D3	87
3461	#FFFFFF	#D3D3D3	87
3462	#FFFFFF	#D3D3D3	87
3463	#FFFFFF	#D3D3D3	187
3464	#FFFFFF	#D3D3D3	87
3465	#FFFFFF	#D3D3D3	87
3466	#FFFFFF	#D3D3D3	87
3467	#FFFFFF	#D3D3D3	87
3468	#FFFFFF	#D3D3D3	87
3469	#FFFFFF	#D3D3D3	87
3470	#CD1076	#000000	41
3471	#FFFFFF	#D3D3D3	87
3472	#FFFFFF	#D3D3D3	87
3473	#FFFFFF	#D3D3D3	87
3474	#FFFFFF	#D3D3D3	87
3475	#FFFFFF	#D3D3D3	87
3476	#FFFFFF	#D3D3D3	87
3477	#FFFFFF	#D3D3D3	87
3478	#FFFFFF	#D3D3D3	87
3479	#FFFFFF	#D3D3D3	87
3480	#CD1076	#000000	41
3481	#CD1076	#000000	29
3482	#CD1076	#000000	29
3483	#CD1076	#000000	29
3484	#CD1076	#000000	29
3486	#CD1076	#000000	114
3487	#CD1076	#000000	114
3488	#FFFFFF	#D3D3D3	133
3489	#FFFFFF	#D3D3D3	133
3490	#FFFFFF	#D3D3D3	133
3491	#FFFFFF	#D3D3D3	2
3492	#FFFFFF	#D3D3D3	2
3493	#FFFFFF	#D3D3D3	2
3494	#FFFFFF	#D3D3D3	2
3495	#FFFFFF	#D3D3D3	2
3496	#FFFFFF	#D3D3D3	2
3497	#FFFFFF	#D3D3D3	2
3498	#FFFFFF	#D3D3D3	133
3499	#FFFFFF	#D3D3D3	2
3500	#FFFFFF	#D3D3D3	4
3501	#FFFFFF	#D3D3D3	4
3502	#FFFFFF	#D3D3D3	4
3503	#FFFFFF	#D3D3D3	4
3504	#FFFFFF	#D3D3D3	4
3505	#FFFFFF	#D3D3D3	4
3506	#FFFFFF	#D3D3D3	4
3507	#FFFFFF	#D3D3D3	2
3508	#FFFFFF	#D3D3D3	4
3509	#FFFFFF	#D3D3D3	133
3510	#FFFFFF	#D3D3D3	4
3511	#FFFFFF	#D3D3D3	4
3512	#FFFFFF	#D3D3D3	4
3513	#FFFFFF	#D3D3D3	4
3514	#FFFFFF	#D3D3D3	4
3515	#FFFFFF	#D3D3D3	4
3516	#FFFFFF	#D3D3D3	84
3517	#FFFFFF	#D3D3D3	84
3518	#FFFFFF	#D3D3D3	84
3519	#FFFFFF	#D3D3D3	4
3520	#FFFFFF	#D3D3D3	133
3521	#FFFFFF	#D3D3D3	4
3522	#FFFFFF	#D3D3D3	4
3523	#FFFFFF	#D3D3D3	4
3524	#FFFFFF	#D3D3D3	4
3525	#FFFFFF	#D3D3D3	277
3526	#FFFFFF	#D3D3D3	4
3527	#FFFFFF	#D3D3D3	4
3528	#FFFFFF	#D3D3D3	2
3529	#FFFFFF	#D3D3D3	2
3530	#FFFFFF	#D3D3D3	2
3531	#FFFFFF	#D3D3D3	133
3532	#FFFFFF	#D3D3D3	133
3533	#FFFFFF	#D3D3D3	133
3534	#FFFFFF	#D3D3D3	133
3535	#FFFFFF	#D3D3D3	133
3537	#CD1076	#000000	114
3538	#FFFFFF	#D3D3D3	133
3539	#FFFFFF	#D3D3D3	2
3540	#FFFFFF	#D3D3D3	2
3541	#FFFFFF	#D3D3D3	2
3542	#FFFFFF	#D3D3D3	2
3543	#FFFFFF	#D3D3D3	2
3544	#FFFFFF	#D3D3D3	2
3545	#FFFFFF	#D3D3D3	2
3546	#FFFFFF	#D3D3D3	2
3547	#FFFFFF	#D3D3D3	2
3548	#FFFFFF	#D3D3D3	2
3549	#FFFFFF	#D3D3D3	133
3550	#FFFFFF	#D3D3D3	4
3551	#FFFFFF	#D3D3D3	4
3552	#FFFFFF	#D3D3D3	4
3553	#FFFFFF	#D3D3D3	4
3554	#FFFFFF	#D3D3D3	4
3555	#FFFFFF	#D3D3D3	4
3556	#FFFFFF	#D3D3D3	4
3557	#FFFFFF	#D3D3D3	4
3558	#FFFFFF	#D3D3D3	4
3559	#FFFFFF	#D3D3D3	4
3560	#FFFFFF	#D3D3D3	133
3561	#FFFFFF	#D3D3D3	4
3562	#FFFFFF	#D3D3D3	4
3563	#FFFFFF	#D3D3D3	4
3564	#FFFFFF	#D3D3D3	4
3565	#FFFFFF	#D3D3D3	4
3566	#FFFFFF	#D3D3D3	84
3567	#FFFFFF	#D3D3D3	84
3568	#FFFFFF	#D3D3D3	84
3569	#FFFFFF	#D3D3D3	4
3570	#FFFFFF	#D3D3D3	4
3571	#FFFFFF	#D3D3D3	133
3572	#FFFFFF	#D3D3D3	4
3573	#FFFFFF	#D3D3D3	4
3574	#FFFFFF	#D3D3D3	4
3575	#FFFFFF	#D3D3D3	4
3576	#FFFFFF	#D3D3D3	4
3577	#FFFFFF	#D3D3D3	2
3578	#FFFFFF	#D3D3D3	2
3579	#FFFFFF	#D3D3D3	2
3580	#FFFFFF	#D3D3D3	2
3581	#FFFFFF	#D3D3D3	133
3582	#FFFFFF	#D3D3D3	133
3583	#FFFFFF	#D3D3D3	133
3584	#FFFFFF	#D3D3D3	133
3585	#FFFFFF	#D3D3D3	2
3587	#CD1076	#000000	114
3588	#FFFFFF	#D3D3D3	133
3589	#FFFFFF	#D3D3D3	2
3590	#FFFFFF	#D3D3D3	2
3591	#FFFFFF	#D3D3D3	2
3592	#FFFFFF	#D3D3D3	2
3593	#FFFFFF	#D3D3D3	2
3594	#FFFFFF	#D3D3D3	2
3595	#FFFFFF	#D3D3D3	2
3596	#FFFFFF	#D3D3D3	2
3597	#FFFFFF	#D3D3D3	2
3598	#FFFFFF	#D3D3D3	2
3599	#FFFFFF	#D3D3D3	133
3600	#FFFFFF	#D3D3D3	2
3601	#FFFFFF	#D3D3D3	4
3602	#FFFFFF	#D3D3D3	4
3603	#FFFFFF	#D3D3D3	4
3604	#FFFFFF	#D3D3D3	4
3605	#FFFFFF	#D3D3D3	4
3606	#FFFFFF	#D3D3D3	4
3607	#FFFFFF	#D3D3D3	4
3608	#FFFFFF	#D3D3D3	4
3609	#FFFFFF	#D3D3D3	4
3610	#FFFFFF	#D3D3D3	133
3611	#FFFFFF	#D3D3D3	4
3612	#FFFFFF	#D3D3D3	4
3613	#FFFFFF	#D3D3D3	4
3614	#FFFFFF	#D3D3D3	4
3615	#FFFFFF	#D3D3D3	4
3616	#FFFFFF	#D3D3D3	4
3617	#FFFFFF	#D3D3D3	84
3618	#FFFFFF	#D3D3D3	84
3619	#FFFFFF	#D3D3D3	4
3620	#FFFFFF	#D3D3D3	4
3621	#FFFFFF	#D3D3D3	133
3622	#FFFFFF	#D3D3D3	4
3623	#FFFFFF	#D3D3D3	4
3624	#FFFFFF	#D3D3D3	4
3625	#FFFFFF	#D3D3D3	4
3626	#FFFFFF	#D3D3D3	4
3627	#FFFFFF	#D3D3D3	4
3628	#FFFFFF	#D3D3D3	2
3629	#FFFFFF	#D3D3D3	2
3630	#FFFFFF	#D3D3D3	2
3631	#FFFFFF	#D3D3D3	2
3632	#FFFFFF	#D3D3D3	133
3633	#FFFFFF	#D3D3D3	133
3634	#FFFFFF	#D3D3D3	133
3635	#FFFFFF	#D3D3D3	133
3636	#FFFFFF	#D3D3D3	2
3638	#FFFFFF	#D3D3D3	133
3639	#FFFFFF	#D3D3D3	133
3640	#FFFFFF	#D3D3D3	2
3641	#FFFFFF	#D3D3D3	2
3642	#FFFFFF	#D3D3D3	2
3643	#FFFFFF	#D3D3D3	2
3644	#FFFFFF	#D3D3D3	2
3645	#FFFFFF	#D3D3D3	2
3646	#FFFFFF	#D3D3D3	2
3647	#FFFFFF	#D3D3D3	2
3648	#FFFFFF	#D3D3D3	2
3649	#FFFFFF	#D3D3D3	2
3650	#FFFFFF	#D3D3D3	133
3651	#FFFFFF	#D3D3D3	4
3652	#FFFFFF	#D3D3D3	4
3653	#FFFFFF	#D3D3D3	4
3654	#FFFFFF	#D3D3D3	4
3655	#FFFFFF	#D3D3D3	4
3656	#FFFFFF	#D3D3D3	4
3657	#FFFFFF	#D3D3D3	4
3658	#FFFFFF	#D3D3D3	4
3659	#FFFFFF	#D3D3D3	4
3660	#FFFFFF	#D3D3D3	4
3661	#FFFFFF	#D3D3D3	133
3662	#FFFFFF	#D3D3D3	4
3663	#FFFFFF	#D3D3D3	4
3664	#FFFFFF	#D3D3D3	4
3665	#FFFFFF	#D3D3D3	4
3666	#FFFFFF	#D3D3D3	4
3667	#FFFFFF	#D3D3D3	84
3668	#FFFFFF	#D3D3D3	459
3669	#FFFFFF	#D3D3D3	84
3670	#FFFFFF	#D3D3D3	4
3671	#FFFFFF	#D3D3D3	4
3672	#FFFFFF	#D3D3D3	133
3673	#FFFFFF	#D3D3D3	4
3674	#FFFFFF	#D3D3D3	4
3675	#FFFFFF	#D3D3D3	4
3676	#FFFFFF	#D3D3D3	4
3677	#FFFFFF	#D3D3D3	4
3678	#FFFFFF	#D3D3D3	4
3679	#FFFFFF	#D3D3D3	2
3680	#FFFFFF	#D3D3D3	2
3681	#FFFFFF	#D3D3D3	2
3682	#FFFFFF	#D3D3D3	133
3683	#FFFFFF	#D3D3D3	133
3684	#FFFFFF	#D3D3D3	133
3685	#FFFFFF	#D3D3D3	133
3686	#FFFFFF	#D3D3D3	133
3688	#FFFFFF	#D3D3D3	133
3689	#FFFFFF	#D3D3D3	133
3690	#FFFFFF	#D3D3D3	2
3691	#FFFFFF	#D3D3D3	2
3692	#FFFFFF	#D3D3D3	133
3693	#FFFFFF	#D3D3D3	2
3694	#FFFFFF	#D3D3D3	2
3695	#FFFFFF	#D3D3D3	2
3696	#FFFFFF	#D3D3D3	2
3697	#FFFFFF	#D3D3D3	2
3698	#FFFFFF	#D3D3D3	2
3699	#FFFFFF	#D3D3D3	2
3700	#FFFFFF	#D3D3D3	133
3701	#FFFFFF	#D3D3D3	4
3702	#FFFFFF	#D3D3D3	4
3703	#FFFFFF	#D3D3D3	4
3704	#FFFFFF	#D3D3D3	4
3705	#FFFFFF	#D3D3D3	4
3706	#FFFFFF	#D3D3D3	4
3707	#FFFFFF	#D3D3D3	4
3708	#FFFFFF	#D3D3D3	4
3709	#FFFFFF	#D3D3D3	4
3710	#FFFFFF	#D3D3D3	4
3711	#FFFFFF	#D3D3D3	133
3712	#FFFFFF	#D3D3D3	4
3713	#FFFFFF	#D3D3D3	84
3714	#FFFFFF	#D3D3D3	84
3715	#FFFFFF	#D3D3D3	4
3716	#FFFFFF	#D3D3D3	84
3717	#FFFFFF	#D3D3D3	84
3718	#FFFFFF	#D3D3D3	459
3719	#FFFFFF	#D3D3D3	84
3720	#FFFFFF	#D3D3D3	4
3721	#FFFFFF	#D3D3D3	4
3722	#FFFFFF	#D3D3D3	133
3723	#FFFFFF	#D3D3D3	4
3724	#FFFFFF	#D3D3D3	4
3725	#FFFFFF	#D3D3D3	4
3726	#FFFFFF	#D3D3D3	4
3727	#FFFFFF	#D3D3D3	4
3728	#FFFFFF	#D3D3D3	4
3729	#FFFFFF	#D3D3D3	2
3730	#FFFFFF	#D3D3D3	2
3731	#FFFFFF	#D3D3D3	2
3732	#FFFFFF	#D3D3D3	154
3733	#FFFFFF	#D3D3D3	133
3734	#FFFFFF	#D3D3D3	133
3735	#FFFFFF	#D3D3D3	133
3736	#FFFFFF	#D3D3D3	133
3737	#FFFFFF	#D3D3D3	133
3739	#FFFFFF	#D3D3D3	133
3740	#FFFFFF	#D3D3D3	133
3741	#FFFFFF	#D3D3D3	2
3742	#FFFFFF	#D3D3D3	2
3743	#FFFFFF	#D3D3D3	133
3744	#FFFFFF	#D3D3D3	2
3745	#FFFFFF	#D3D3D3	2
3746	#FFFFFF	#D3D3D3	2
3747	#FFFFFF	#D3D3D3	2
3748	#FFFFFF	#D3D3D3	2
3749	#FFFFFF	#D3D3D3	2
3750	#FFFFFF	#D3D3D3	4
3751	#FFFFFF	#D3D3D3	133
3752	#FFFFFF	#D3D3D3	4
3753	#FFFFFF	#D3D3D3	4
3754	#FFFFFF	#D3D3D3	4
3755	#FFFFFF	#D3D3D3	4
3756	#FFFFFF	#D3D3D3	4
3757	#FFFFFF	#D3D3D3	4
3758	#FFFFFF	#D3D3D3	4
3759	#FFFFFF	#D3D3D3	4
3760	#FFFFFF	#D3D3D3	4
3761	#FFFFFF	#D3D3D3	4
3762	#FFFFFF	#D3D3D3	133
3763	#FFFFFF	#D3D3D3	4
3764	#FFFFFF	#D3D3D3	84
3765	#FFFFFF	#D3D3D3	84
3766	#FFFFFF	#D3D3D3	84
3767	#FFFFFF	#D3D3D3	84
3768	#FFFFFF	#D3D3D3	459
3769	#FFFFFF	#D3D3D3	84
3770	#FFFFFF	#D3D3D3	4
3771	#FFFFFF	#D3D3D3	84
3772	#FFFFFF	#D3D3D3	4
3773	#FFFFFF	#D3D3D3	133
3774	#FFFFFF	#D3D3D3	4
3775	#FFFFFF	#D3D3D3	4
3776	#FFFFFF	#D3D3D3	4
3777	#FFFFFF	#D3D3D3	4
3778	#FFFFFF	#D3D3D3	4
3779	#FFFFFF	#D3D3D3	4
3780	#FFFFFF	#D3D3D3	2
3781	#FFFFFF	#D3D3D3	2
3782	#FFFFFF	#D3D3D3	2
3783	#FFFFFF	#D3D3D3	133
3784	#FFFFFF	#D3D3D3	133
3785	#FFFFFF	#D3D3D3	133
3786	#FFFFFF	#D3D3D3	133
3787	#FFFFFF	#D3D3D3	133
3789	#FFFFFF	#D3D3D3	133
3790	#FFFFFF	#D3D3D3	133
3791	#FFFFFF	#D3D3D3	133
3792	#FFFFFF	#D3D3D3	2
3793	#FFFFFF	#D3D3D3	133
3794	#FFFFFF	#D3D3D3	2
3795	#FFFFFF	#D3D3D3	2
3796	#FFFFFF	#D3D3D3	4
3797	#FFFFFF	#D3D3D3	2
3798	#FFFFFF	#D3D3D3	2
3799	#FFFFFF	#D3D3D3	2
3800	#FFFFFF	#D3D3D3	2
3801	#FFFFFF	#D3D3D3	133
3802	#FFFFFF	#D3D3D3	4
3803	#FFFFFF	#D3D3D3	4
3804	#FFFFFF	#D3D3D3	4
3805	#FFFFFF	#D3D3D3	4
3806	#FFFFFF	#D3D3D3	4
3807	#FFFFFF	#D3D3D3	4
3808	#FFFFFF	#D3D3D3	4
3809	#FFFFFF	#D3D3D3	4
3810	#FFFFFF	#D3D3D3	4
3811	#FFFFFF	#D3D3D3	4
3812	#FFFFFF	#D3D3D3	133
3813	#FFFFFF	#D3D3D3	4
3814	#FFFFFF	#D3D3D3	84
3815	#FFFFFF	#D3D3D3	84
3816	#FFFFFF	#D3D3D3	84
3817	#FFFFFF	#D3D3D3	84
3818	#FFFFFF	#D3D3D3	84
3819	#FFFFFF	#D3D3D3	459
3820	#FFFFFF	#D3D3D3	84
3821	#FFFFFF	#D3D3D3	84
3822	#FFFFFF	#D3D3D3	4
3823	#FFFFFF	#D3D3D3	133
3824	#FFFFFF	#D3D3D3	4
3825	#FFFFFF	#D3D3D3	4
3826	#FFFFFF	#D3D3D3	4
3827	#FFFFFF	#D3D3D3	4
3828	#FFFFFF	#D3D3D3	4
3829	#FFFFFF	#D3D3D3	2
3830	#FFFFFF	#D3D3D3	2
3831	#FFFFFF	#D3D3D3	2
3832	#FFFFFF	#D3D3D3	2
3833	#FFFFFF	#D3D3D3	2
3834	#FFFFFF	#D3D3D3	133
3835	#FFFFFF	#D3D3D3	133
3836	#FFFFFF	#D3D3D3	133
3837	#FFFFFF	#D3D3D3	133
3838	#FFFFFF	#D3D3D3	133
3840	#FFFFFF	#D3D3D3	133
3841	#FFFFFF	#D3D3D3	133
3842	#FFFFFF	#D3D3D3	133
3843	#FFFFFF	#D3D3D3	133
3844	#FFFFFF	#D3D3D3	133
3845	#FFFFFF	#D3D3D3	2
3846	#FFFFFF	#D3D3D3	4
3847	#FFFFFF	#D3D3D3	4
3848	#FFFFFF	#D3D3D3	4
3849	#FFFFFF	#D3D3D3	2
3850	#FFFFFF	#D3D3D3	2
3851	#FFFFFF	#D3D3D3	2
3852	#FFFFFF	#D3D3D3	133
3853	#FFFFFF	#D3D3D3	4
3854	#FFFFFF	#D3D3D3	4
3855	#FFFFFF	#D3D3D3	4
3856	#FFFFFF	#D3D3D3	4
3857	#FFFFFF	#D3D3D3	4
3858	#FFFFFF	#D3D3D3	4
3859	#FFFFFF	#D3D3D3	4
3860	#FFFFFF	#D3D3D3	4
3861	#FFFFFF	#D3D3D3	84
3862	#FFFFFF	#D3D3D3	84
3863	#FFFFFF	#D3D3D3	133
3864	#FFFFFF	#D3D3D3	84
3865	#FFFFFF	#D3D3D3	84
3866	#FFFFFF	#D3D3D3	84
3867	#FFFFFF	#D3D3D3	84
3868	#FFFFFF	#D3D3D3	84
3869	#FFFFFF	#D3D3D3	84
3870	#FFFFFF	#D3D3D3	459
3871	#FFFFFF	#D3D3D3	84
3872	#FFFFFF	#D3D3D3	4
3873	#FFFFFF	#D3D3D3	4
3874	#FFFFFF	#D3D3D3	133
3875	#FFFFFF	#D3D3D3	4
3876	#FFFFFF	#D3D3D3	4
3877	#FFFFFF	#D3D3D3	4
3878	#FFFFFF	#D3D3D3	4
3879	#FFFFFF	#D3D3D3	4
3880	#FFFFFF	#D3D3D3	2
3881	#FFFFFF	#D3D3D3	2
3882	#FFFFFF	#D3D3D3	2
3883	#FFFFFF	#D3D3D3	2
3884	#FFFFFF	#D3D3D3	133
3885	#FFFFFF	#D3D3D3	133
3886	#FFFFFF	#D3D3D3	133
3887	#FFFFFF	#D3D3D3	133
3888	#FFFFFF	#D3D3D3	133
3890	#FFFFFF	#D3D3D3	133
3891	#FFFFFF	#D3D3D3	133
3892	#FFFFFF	#D3D3D3	133
3893	#FFFFFF	#D3D3D3	133
3894	#FFFFFF	#D3D3D3	133
3895	#FFFFFF	#D3D3D3	133
3896	#FFFFFF	#D3D3D3	2
3897	#FFFFFF	#D3D3D3	4
3898	#FFFFFF	#D3D3D3	4
3899	#FFFFFF	#D3D3D3	4
3900	#FFFFFF	#D3D3D3	2
3901	#FFFFFF	#D3D3D3	4
3902	#FFFFFF	#D3D3D3	133
3903	#FFFFFF	#D3D3D3	4
3904	#FFFFFF	#D3D3D3	4
3905	#FFFFFF	#D3D3D3	4
3906	#FFFFFF	#D3D3D3	4
3907	#FFFFFF	#D3D3D3	4
3908	#FFFFFF	#D3D3D3	4
3909	#FFFFFF	#D3D3D3	4
3910	#FFFFFF	#D3D3D3	4
3911	#FFFFFF	#D3D3D3	84
3912	#FFFFFF	#D3D3D3	84
3913	#FFFFFF	#D3D3D3	133
3914	#FFFFFF	#D3D3D3	84
3915	#FFFFFF	#D3D3D3	84
3916	#FFFFFF	#D3D3D3	84
3917	#FFFFFF	#D3D3D3	84
3918	#FFFFFF	#D3D3D3	84
3919	#FFFFFF	#D3D3D3	84
3920	#FFFFFF	#D3D3D3	459
3921	#FFFFFF	#D3D3D3	84
3922	#FFFFFF	#D3D3D3	84
3923	#FFFFFF	#D3D3D3	4
3924	#FFFFFF	#D3D3D3	133
3925	#FFFFFF	#D3D3D3	4
3926	#FFFFFF	#D3D3D3	4
3927	#FFFFFF	#D3D3D3	4
3928	#FFFFFF	#D3D3D3	4
3929	#FFFFFF	#D3D3D3	4
3930	#FFFFFF	#D3D3D3	4
3931	#FFFFFF	#D3D3D3	2
3932	#FFFFFF	#D3D3D3	2
3933	#FFFFFF	#D3D3D3	2
3934	#FFFFFF	#D3D3D3	2
3935	#FFFFFF	#D3D3D3	133
3936	#FFFFFF	#D3D3D3	133
3937	#FFFFFF	#D3D3D3	133
3938	#FFFFFF	#D3D3D3	133
3939	#FFFFFF	#D3D3D3	133
3941	#FFFFFF	#D3D3D3	133
3942	#FFFFFF	#D3D3D3	133
3943	#FFFFFF	#D3D3D3	133
3944	#FFFFFF	#D3D3D3	133
3945	#FFFFFF	#D3D3D3	2
3946	#FFFFFF	#D3D3D3	2
3947	#FFFFFF	#D3D3D3	2
3948	#FFFFFF	#D3D3D3	2
3949	#FFFFFF	#D3D3D3	4
3950	#FFFFFF	#D3D3D3	4
3951	#FFFFFF	#D3D3D3	2
3952	#FFFFFF	#D3D3D3	4
3953	#FFFFFF	#D3D3D3	133
3954	#FFFFFF	#D3D3D3	4
3955	#FFFFFF	#D3D3D3	4
3956	#FFFFFF	#D3D3D3	4
3957	#FFFFFF	#D3D3D3	4
3958	#FFFFFF	#D3D3D3	4
3959	#FFFFFF	#D3D3D3	4
3960	#FFFFFF	#D3D3D3	4
3961	#FFFFFF	#D3D3D3	84
3962	#FFFFFF	#D3D3D3	84
3963	#FFFFFF	#D3D3D3	84
3964	#FFFFFF	#D3D3D3	133
3965	#FFFFFF	#D3D3D3	84
3966	#FFFFFF	#D3D3D3	84
3967	#FFFFFF	#D3D3D3	84
3968	#FFFFFF	#D3D3D3	84
3969	#FFFFFF	#D3D3D3	459
3970	#FFFFFF	#D3D3D3	459
3971	#FFFFFF	#D3D3D3	84
3972	#FFFFFF	#D3D3D3	84
3973	#FFFFFF	#D3D3D3	84
3974	#FFFFFF	#D3D3D3	4
3975	#FFFFFF	#D3D3D3	133
3976	#FFFFFF	#D3D3D3	4
3977	#FFFFFF	#D3D3D3	4
3978	#FFFFFF	#D3D3D3	4
3979	#FFFFFF	#D3D3D3	4
3980	#FFFFFF	#D3D3D3	4
3981	#FFFFFF	#D3D3D3	2
3982	#FFFFFF	#D3D3D3	2
3983	#FFFFFF	#D3D3D3	2
3984	#FFFFFF	#D3D3D3	2
3985	#FFFFFF	#D3D3D3	133
3986	#FFFFFF	#D3D3D3	133
3987	#FFFFFF	#D3D3D3	133
3988	#FFFFFF	#D3D3D3	133
3989	#FFFFFF	#D3D3D3	133
3991	#FFFFFF	#D3D3D3	133
3992	#FFFFFF	#D3D3D3	133
3993	#FFFFFF	#D3D3D3	133
3994	#FFFFFF	#D3D3D3	133
3995	#FFFFFF	#D3D3D3	133
3996	#FFFFFF	#D3D3D3	2
3997	#FFFFFF	#D3D3D3	2
3998	#FFFFFF	#D3D3D3	2
3999	#FFFFFF	#D3D3D3	4
4000	#FFFFFF	#D3D3D3	4
4001	#FFFFFF	#D3D3D3	2
4002	#FFFFFF	#D3D3D3	2
4003	#FFFFFF	#D3D3D3	133
4004	#FFFFFF	#D3D3D3	4
4005	#FFFFFF	#D3D3D3	4
4006	#FFFFFF	#D3D3D3	4
4007	#FFFFFF	#D3D3D3	4
4008	#FFFFFF	#D3D3D3	4
4009	#FFFFFF	#D3D3D3	4
4010	#FFFFFF	#D3D3D3	4
4011	#FFFFFF	#D3D3D3	4
4012	#FFFFFF	#D3D3D3	84
4013	#FFFFFF	#D3D3D3	84
4014	#FFFFFF	#D3D3D3	133
4015	#FFFFFF	#D3D3D3	84
4016	#FFFFFF	#D3D3D3	84
4017	#FFFFFF	#D3D3D3	84
4018	#FFFFFF	#D3D3D3	84
4019	#FFFFFF	#D3D3D3	459
4020	#FFFFFF	#D3D3D3	459
4021	#FFFFFF	#D3D3D3	459
4022	#FFFFFF	#D3D3D3	84
4023	#FFFFFF	#D3D3D3	84
4024	#FFFFFF	#D3D3D3	84
4025	#FFFFFF	#D3D3D3	133
4026	#FFFFFF	#D3D3D3	84
4027	#FFFFFF	#D3D3D3	4
4028	#FFFFFF	#D3D3D3	4
4029	#FFFFFF	#D3D3D3	4
4030	#FFFFFF	#D3D3D3	4
4031	#FFFFFF	#D3D3D3	4
4032	#FFFFFF	#D3D3D3	2
4033	#FFFFFF	#D3D3D3	2
4034	#FFFFFF	#D3D3D3	2
4035	#FFFFFF	#D3D3D3	2
4036	#FFFFFF	#D3D3D3	133
4037	#FFFFFF	#D3D3D3	133
4038	#FFFFFF	#D3D3D3	133
4039	#FFFFFF	#D3D3D3	133
4040	#FFFFFF	#D3D3D3	133
4042	#CD1076	#000000	68
4043	#CD1076	#000000	41
4044	#CD1076	#000000	29
4045	#CD1076	#000000	29
4046	#CF1F79	#070707	80
4047	#CF1F79	#070707	80
4048	#CF1F79	#070707	80
4049	#CF1F79	#070707	80
4050	#CF1F79	#070707	80
4051	#CF1F79	#070707	80
4052	#CF1F79	#070707	80
4053	#CD1076	#000000	46
4054	#CD1076	#000000	41
4055	#CD1076	#000000	46
4056	#CD1076	#000000	46
4057	#CD1076	#000000	46
4058	#ED93B4	#5E5E5E	45
4059	#ED93B4	#5E5E5E	45
4060	#ED93B4	#5E5E5E	45
4061	#ED93B4	#5E5E5E	45
4062	#ED93B4	#5E5E5E	45
4063	#FFFFFF	#D3D3D3	87
4064	#FFFFFF	#D3D3D3	87
4065	#CD1076	#000000	41
4066	#FFFFFF	#D3D3D3	87
4067	#FFFFFF	#D3D3D3	87
4068	#FFFFFF	#D3D3D3	87
4069	#FFFFFF	#D3D3D3	87
4070	#FFFFFF	#D3D3D3	87
4071	#FFFFFF	#D3D3D3	87
4072	#FFFFFF	#D3D3D3	87
4073	#FFFFFF	#D3D3D3	87
4074	#FFFFFF	#D3D3D3	87
4075	#FFFFFF	#D3D3D3	87
4076	#CD1076	#000000	41
4077	#FFFFFF	#D3D3D3	87
4078	#FFFFFF	#D3D3D3	87
4079	#FFFFFF	#D3D3D3	87
4080	#FFFFFF	#D3D3D3	87
4081	#FFFFFF	#D3D3D3	87
4082	#FFFFFF	#D3D3D3	87
4083	#FFFFFF	#D3D3D3	87
4084	#FFFFFF	#D3D3D3	87
4085	#FFFFFF	#D3D3D3	87
4086	#FFFFFF	#D3D3D3	2
4087	#CD1076	#000000	41
4088	#CD1076	#000000	29
4089	#CD1076	#000000	29
4090	#CD1076	#000000	30
4091	#CD1076	#000000	30
4093	#CD1076	#000000	68
4094	#CD1076	#000000	41
4095	#CD1076	#000000	29
4096	#CF1F79	#070707	80
4097	#CF1F79	#070707	80
4098	#CF1F79	#070707	80
4099	#CF1F79	#070707	80
4100	#CF1F79	#070707	80
4101	#CF1F79	#070707	80
4102	#CD1076	#000000	30
4103	#CF1F79	#070707	80
4104	#CD1076	#000000	46
4105	#CD1076	#000000	41
4106	#CD1076	#000000	46
4107	#CD1076	#000000	46
4108	#ED93B4	#5E5E5E	45
4109	#ED93B4	#5E5E5E	45
4110	#ED93B4	#5E5E5E	45
4111	#ED93B4	#5E5E5E	45
4112	#ED93B4	#5E5E5E	45
4113	#ED93B4	#5E5E5E	45
4114	#FFFFFF	#D3D3D3	87
4115	#FFFFFF	#D3D3D3	87
4116	#CD1076	#000000	41
4117	#FFFFFF	#D3D3D3	87
4118	#FFFFFF	#D3D3D3	87
4119	#FFFFFF	#D3D3D3	87
4120	#FFFFFF	#D3D3D3	87
4121	#FFFFFF	#D3D3D3	87
4122	#FFFFFF	#D3D3D3	87
4123	#FFFFFF	#D3D3D3	87
4124	#FFFFFF	#D3D3D3	87
4125	#FFFFFF	#D3D3D3	87
4126	#FFFFFF	#D3D3D3	87
4127	#CD1076	#000000	41
4128	#FFFFFF	#D3D3D3	87
4129	#FFFFFF	#D3D3D3	87
4130	#FFFFFF	#D3D3D3	87
4131	#FFFFFF	#D3D3D3	87
4132	#FFFFFF	#D3D3D3	87
4133	#FFFFFF	#D3D3D3	87
4134	#FFFFFF	#D3D3D3	87
4135	#FFFFFF	#D3D3D3	87
4136	#FFFFFF	#D3D3D3	87
4137	#CD1076	#000000	29
4138	#CD1076	#000000	29
4139	#CD1076	#000000	29
4140	#CD1076	#000000	30
4141	#CD1076	#000000	30
4143	#CD1076	#000000	68
4144	#CD1076	#000000	68
4145	#CD1076	#000000	29
4146	#CF1F79	#070707	80
4147	#CF1F79	#070707	80
4148	#CF1F79	#070707	80
4149	#CF1F79	#070707	80
4150	#CF1F79	#070707	80
4151	#CF1F79	#070707	80
4152	#CD1076	#000000	30
4153	#CD1076	#000000	30
4154	#CF1F79	#070707	80
4155	#CD1076	#000000	41
4156	#ED93B4	#5E5E5E	45
4157	#CD1076	#000000	46
4158	#ED93B4	#5E5E5E	45
4159	#ED93B4	#5E5E5E	45
4160	#ED93B4	#5E5E5E	45
4161	#ED93B4	#5E5E5E	45
4162	#ED93B4	#5E5E5E	45
4163	#ED93B4	#5E5E5E	45
4164	#ED93B4	#5E5E5E	45
4165	#FFFFFF	#D3D3D3	87
4166	#CD1076	#000000	41
4167	#FFFFFF	#D3D3D3	87
4168	#FFFFFF	#D3D3D3	87
4169	#FFFFFF	#D3D3D3	87
4170	#FFFFFF	#D3D3D3	87
4171	#FFFFFF	#D3D3D3	87
4172	#FFFFFF	#D3D3D3	87
4173	#FFFFFF	#D3D3D3	87
4174	#FFFFFF	#D3D3D3	87
4175	#FFFFFF	#D3D3D3	87
4176	#FFFFFF	#D3D3D3	87
4177	#CD1076	#000000	41
4178	#FFFFFF	#D3D3D3	87
4179	#FFFFFF	#D3D3D3	87
4180	#FFFFFF	#D3D3D3	87
4181	#FFFFFF	#D3D3D3	87
4182	#FFFFFF	#D3D3D3	87
4183	#FFFFFF	#D3D3D3	87
4184	#FFFFFF	#D3D3D3	87
4185	#FFFFFF	#D3D3D3	87
4186	#FFFFFF	#D3D3D3	87
4187	#FFFFFF	#D3D3D3	2
4188	#CD1076	#000000	41
4189	#CD1076	#000000	29
4190	#CD1076	#000000	30
4191	#CD1076	#000000	29
4192	#CD1076	#000000	30
4194	#CD1076	#000000	68
4195	#CD1076	#000000	41
4196	#CD1076	#000000	29
4197	#CD1076	#000000	29
4198	#CF1F79	#070707	80
4199	#CF1F79	#070707	80
4200	#CF1F79	#070707	80
4201	#CF1F79	#070707	80
4202	#CD1076	#000000	30
4203	#CF1F79	#070707	80
4204	#CD1076	#000000	30
4205	#CF1F79	#070707	80
4206	#CD1076	#000000	41
4207	#ED93B4	#5E5E5E	45
4208	#CD1076	#000000	46
4209	#ED93B4	#5E5E5E	45
4210	#ED93B4	#5E5E5E	45
4211	#ED93B4	#5E5E5E	45
4212	#ED93B4	#5E5E5E	45
4213	#ED93B4	#5E5E5E	45
4214	#ED93B4	#5E5E5E	45
4215	#CD1076	#000000	3
4216	#FFFFFF	#D3D3D3	87
4217	#CD1076	#000000	41
4218	#FFFFFF	#D3D3D3	87
4219	#FFFFFF	#D3D3D3	87
4220	#FFFFFF	#D3D3D3	87
4221	#FFFFFF	#D3D3D3	87
4222	#FFFFFF	#D3D3D3	87
4223	#FFFFFF	#D3D3D3	87
4224	#FFFFFF	#D3D3D3	87
4225	#FFFFFF	#D3D3D3	87
4226	#FFFFFF	#D3D3D3	87
4227	#FFFFFF	#D3D3D3	87
4228	#CD1076	#000000	29
4229	#FFFFFF	#D3D3D3	87
4230	#FFFFFF	#D3D3D3	87
4231	#FFFFFF	#D3D3D3	87
4232	#FFFFFF	#D3D3D3	87
4233	#FFFFFF	#D3D3D3	87
4234	#FFFFFF	#D3D3D3	87
4235	#FFFFFF	#D3D3D3	87
4236	#FFFFFF	#D3D3D3	87
4237	#FFFFFF	#D3D3D3	2
4238	#CD1076	#000000	29
4239	#CD1076	#000000	29
4240	#CD1076	#000000	30
4241	#CD1076	#000000	30
4242	#CD1076	#000000	29
4244	#CD1076	#000000	68
4245	#CD1076	#000000	68
4246	#CD1076	#000000	30
4247	#CD1076	#000000	29
4248	#CD1076	#000000	29
4249	#CF1F79	#070707	80
4250	#CF1F79	#070707	80
4251	#CF1F79	#070707	80
4252	#CF1F79	#070707	80
4253	#CD1076	#000000	30
4254	#CF1F79	#070707	80
4255	#CF1F79	#070707	80
4256	#CD1076	#000000	239
4257	#ED93B4	#5E5E5E	45
4258	#ED93B4	#5E5E5E	45
4259	#CD1076	#000000	46
4260	#ED93B4	#5E5E5E	45
4261	#ED93B4	#5E5E5E	45
4262	#ED93B4	#5E5E5E	45
4263	#ED93B4	#5E5E5E	45
4264	#ED93B4	#5E5E5E	45
4265	#CD1076	#000000	181
4266	#CD1076	#000000	3
4267	#CD1076	#000000	41
4268	#FFFFFF	#D3D3D3	87
4269	#FFFFFF	#D3D3D3	87
4270	#FFFFFF	#D3D3D3	87
4271	#FFFFFF	#D3D3D3	87
4272	#FFFFFF	#D3D3D3	87
4273	#FFFFFF	#D3D3D3	87
4274	#FFFFFF	#D3D3D3	87
4275	#FFFFFF	#D3D3D3	87
4276	#FFFFFF	#D3D3D3	87
4277	#FFFFFF	#D3D3D3	87
4278	#CD1076	#000000	41
4279	#FFFFFF	#D3D3D3	87
4280	#FFFFFF	#D3D3D3	87
4281	#FFFFFF	#D3D3D3	87
4282	#FFFFFF	#D3D3D3	87
4283	#FFFFFF	#D3D3D3	87
4284	#FFFFFF	#D3D3D3	87
4285	#FFFFFF	#D3D3D3	87
4286	#FFFFFF	#D3D3D3	2
4287	#FFFFFF	#D3D3D3	2
4288	#FFFFFF	#D3D3D3	56
4289	#CD1076	#000000	29
4290	#CD1076	#000000	29
4291	#CD1076	#000000	30
4292	#CD1076	#000000	30
4293	#CD1076	#000000	30
4295	#CD1076	#000000	68
4296	#CD1076	#000000	68
4297	#CD1076	#000000	30
4298	#CD1076	#000000	29
4299	#CF1F79	#070707	80
4300	#CF1F79	#070707	80
4301	#CF1F79	#070707	80
4302	#CF1F79	#070707	80
4303	#CD1076	#000000	30
4304	#CF1F79	#070707	80
4305	#CF1F79	#070707	80
4306	#CF1F79	#070707	80
4307	#CD1076	#000000	239
4308	#ED93B4	#5E5E5E	45
4309	#ED93B4	#5E5E5E	45
4310	#CD1076	#000000	46
4311	#ED93B4	#5E5E5E	45
4312	#ED93B4	#5E5E5E	45
4313	#ED93B4	#5E5E5E	45
4314	#CD1076	#000000	181
4315	#CD1076	#000000	181
4316	#CD1076	#000000	181
4317	#CD1076	#000000	3
4318	#CD1076	#000000	41
4319	#FFFFFF	#D3D3D3	87
4320	#FFFFFF	#D3D3D3	87
4321	#FFFFFF	#D3D3D3	87
4322	#FFFFFF	#D3D3D3	87
4323	#FFFFFF	#D3D3D3	87
4324	#FFFFFF	#D3D3D3	87
4325	#FFFFFF	#D3D3D3	87
4326	#FFFFFF	#D3D3D3	87
4327	#FFFFFF	#D3D3D3	87
4328	#FFFFFF	#D3D3D3	87
4329	#CD1076	#000000	29
4330	#FFFFFF	#D3D3D3	87
4331	#FFFFFF	#D3D3D3	87
4332	#FFFFFF	#D3D3D3	87
4333	#FFFFFF	#D3D3D3	87
4334	#FFFFFF	#D3D3D3	87
4335	#FFFFFF	#D3D3D3	87
4336	#FFFFFF	#D3D3D3	2
4337	#FFFFFF	#D3D3D3	2
4338	#FFFFFF	#D3D3D3	2
4339	#CD1076	#000000	29
4340	#CD1076	#000000	29
4341	#CD1076	#000000	30
4342	#CD1076	#000000	30
4343	#CD1076	#000000	30
4345	#CD1076	#000000	68
4346	#CD1076	#000000	222
4347	#CD1076	#000000	30
4348	#CD1076	#000000	30
4349	#CD1076	#000000	30
4350	#CF1F79	#070707	80
4351	#CF1F79	#070707	80
4352	#CF1F79	#070707	80
4353	#CD1076	#000000	30
4354	#CF1F79	#070707	80
4355	#CF1F79	#070707	80
4356	#ED93B4	#5E5E5E	45
4357	#CD1076	#000000	239
4358	#ED93B4	#5E5E5E	45
4359	#ED93B4	#5E5E5E	45
4360	#ED93B4	#5E5E5E	45
4361	#ED93B4	#5E5E5E	45
4362	#ED93B4	#5E5E5E	45
4363	#ED93B4	#5E5E5E	45
4364	#ED93B4	#5E5E5E	45
4365	#CD1076	#000000	181
4366	#CD1076	#000000	181
4367	#CD1076	#000000	3
4368	#CD1076	#000000	239
4369	#CD1076	#000000	3
4370	#FFFFFF	#D3D3D3	87
4371	#FFFFFF	#D3D3D3	87
4372	#FFFFFF	#D3D3D3	87
4373	#FFFFFF	#D3D3D3	87
4374	#FFFFFF	#D3D3D3	87
4375	#FFFFFF	#D3D3D3	87
4376	#FFFFFF	#D3D3D3	87
4377	#FFFFFF	#D3D3D3	87
4378	#FFFFFF	#D3D3D3	87
4379	#CD1076	#000000	41
4380	#FFFFFF	#D3D3D3	87
4381	#FFFFFF	#D3D3D3	87
4382	#FFFFFF	#D3D3D3	87
4383	#FFFFFF	#D3D3D3	87
4384	#FFFFFF	#D3D3D3	87
4385	#FFFFFF	#D3D3D3	87
4386	#FFFFFF	#D3D3D3	2
4387	#FFFFFF	#D3D3D3	2
4388	#FFFFFF	#D3D3D3	2
4389	#FFFFFF	#D3D3D3	56
4390	#CD1076	#000000	29
4391	#CD1076	#000000	29
4392	#CD1076	#000000	29
4393	#CD1076	#000000	30
4394	#CD1076	#000000	30
4396	#CD1076	#000000	68
4397	#CD1076	#000000	222
4398	#CD1076	#000000	30
4399	#EE99B8	#646464	214
4400	#CD1076	#000000	30
4401	#CF1F79	#070707	80
4402	#CD1076	#000000	30
4403	#CF1F79	#070707	80
4404	#CD1076	#000000	30
4405	#CF1F79	#070707	80
4406	#ED93B4	#5E5E5E	45
4407	#ED93B4	#5E5E5E	45
4408	#CD1076	#000000	222
4409	#ED93B4	#5E5E5E	45
4410	#ED93B4	#5E5E5E	45
4411	#ED93B4	#5E5E5E	45
4412	#ED93B4	#5E5E5E	45
4413	#ED93B4	#5E5E5E	45
4414	#ED93B4	#5E5E5E	45
4415	#CD1076	#000000	181
4416	#CD1076	#000000	181
4417	#CD1076	#000000	3
4418	#CD1076	#000000	3
4419	#CD1076	#000000	239
4420	#CD1076	#000000	3
4421	#FFFFFF	#D3D3D3	87
4422	#FFFFFF	#D3D3D3	87
4423	#FFFFFF	#D3D3D3	87
4424	#FFFFFF	#D3D3D3	87
4425	#FFFFFF	#D3D3D3	87
4426	#FFFFFF	#D3D3D3	87
4427	#FFFFFF	#D3D3D3	87
4428	#FFFFFF	#D3D3D3	87
4429	#FFFFFF	#D3D3D3	87
4430	#CD1076	#000000	29
4431	#FFFFFF	#D3D3D3	87
4432	#FFFFFF	#D3D3D3	87
4433	#FFFFFF	#D3D3D3	87
4434	#FFFFFF	#D3D3D3	87
4435	#FFFFFF	#D3D3D3	87
4436	#FFFFFF	#D3D3D3	87
4437	#FFFFFF	#D3D3D3	2
4438	#FFFFFF	#D3D3D3	2
4439	#FFFFFF	#D3D3D3	56
4440	#CD1076	#000000	29
4441	#CD1076	#000000	30
4442	#CD1076	#000000	30
4443	#CD1076	#000000	30
4444	#CD1076	#000000	30
4446	#CD1076	#000000	68
4447	#CD1076	#000000	222
4448	#CD1076	#000000	30
4449	#CD1076	#000000	30
4450	#EE99B8	#646464	214
4451	#CD1076	#000000	30
4452	#CD1076	#000000	30
4453	#CD1076	#000000	30
4454	#CD1076	#000000	30
4455	#CF1F79	#070707	80
4456	#CF1F79	#070707	80
4457	#ED93B4	#5E5E5E	45
4458	#CD1076	#000000	222
4459	#ED93B4	#5E5E5E	45
4460	#ED93B4	#5E5E5E	45
4461	#ED93B4	#5E5E5E	45
4462	#ED93B4	#5E5E5E	45
4463	#ED93B4	#5E5E5E	45
4464	#ED93B4	#5E5E5E	45
4465	#CD1076	#000000	181
4466	#CD1076	#000000	181
4467	#CD1076	#000000	181
4468	#CD1076	#000000	3
4469	#CD1076	#000000	222
4470	#CD1076	#000000	3
4471	#CD1076	#000000	3
4472	#FFFFFF	#D3D3D3	87
4473	#FFFFFF	#D3D3D3	87
4474	#FFFFFF	#D3D3D3	87
4475	#FFFFFF	#D3D3D3	87
4476	#FFFFFF	#D3D3D3	2
4477	#FFFFFF	#D3D3D3	87
4478	#FFFFFF	#D3D3D3	87
4479	#FFFFFF	#D3D3D3	87
4480	#CD1076	#000000	239
4481	#FFFFFF	#D3D3D3	87
4482	#FFFFFF	#D3D3D3	87
4483	#FFFFFF	#D3D3D3	87
4484	#FFFFFF	#D3D3D3	87
4485	#FFFFFF	#D3D3D3	87
4486	#FFFFFF	#D3D3D3	87
4487	#FFFFFF	#D3D3D3	2
4488	#FFFFFF	#D3D3D3	2
4489	#FFFFFF	#D3D3D3	56
4490	#FFFFFF	#D3D3D3	56
4491	#CD1076	#000000	29
4492	#CD1076	#000000	30
4493	#CD1076	#000000	30
4494	#CD1076	#000000	30
4495	#CD1076	#000000	30
4497	#CD1076	#000000	68
4498	#CD1076	#000000	222
4499	#CD1076	#000000	30
4500	#CD1076	#000000	30
4501	#CD1076	#000000	30
4502	#CD1076	#000000	30
4503	#CD1076	#000000	30
4504	#CD1076	#000000	30
4505	#CF1F79	#070707	80
4506	#ED93B4	#5E5E5E	45
4507	#ED93B4	#5E5E5E	45
4508	#ED93B4	#5E5E5E	45
4509	#CD1076	#000000	222
4510	#ED93B4	#5E5E5E	45
4511	#ED93B4	#5E5E5E	45
4512	#ED93B4	#5E5E5E	45
4513	#ED93B4	#5E5E5E	45
4514	#ED93B4	#5E5E5E	45
4515	#CD1076	#000000	3
4516	#CD1076	#000000	181
4517	#CD1076	#000000	181
4518	#CD1076	#000000	181
4519	#CD1076	#000000	3
4520	#CD1076	#000000	239
4521	#CD1076	#000000	3
4522	#CD1076	#000000	3
4523	#FFFFFF	#D3D3D3	87
4524	#FFFFFF	#D3D3D3	87
4525	#FFFFFF	#D3D3D3	87
4526	#FFFFFF	#D3D3D3	2
4527	#FFFFFF	#D3D3D3	2
4528	#FFFFFF	#D3D3D3	87
4529	#FFFFFF	#D3D3D3	87
4530	#FFFFFF	#D3D3D3	87
4531	#CD1076	#000000	239
4532	#FFFFFF	#D3D3D3	87
4533	#FFFFFF	#D3D3D3	87
4534	#FFFFFF	#D3D3D3	87
4535	#FFFFFF	#D3D3D3	87
4536	#FFFFFF	#D3D3D3	87
4537	#FFFFFF	#D3D3D3	2
4538	#FFFFFF	#D3D3D3	2
4539	#FFFFFF	#D3D3D3	2
4540	#FFFFFF	#D3D3D3	2
4541	#CD1076	#000000	29
4542	#CD1076	#000000	29
4543	#CD1076	#000000	30
4544	#CD1076	#000000	30
4545	#CD1076	#000000	30
4547	#CD1076	#000000	68
4548	#CD1076	#000000	307
4549	#CD1076	#000000	11
4550	#CD1076	#000000	11
4551	#CD1076	#000000	11
4552	#CD1076	#000000	11
4553	#CD1076	#000000	11
4554	#CD1076	#000000	11
4555	#CF1F79	#070707	80
4556	#CF1F79	#070707	80
4557	#CF1F79	#070707	80
4558	#CF1F79	#070707	80
4559	#CD1076	#000000	41
4560	#D74687	#1F1F1F	123
4561	#D74687	#1F1F1F	123
4562	#D74687	#1F1F1F	123
4563	#FFFFFF	#D3D3D3	187
4564	#FFFFFF	#D3D3D3	187
4565	#FFFFFF	#D3D3D3	187
4566	#FFFFFF	#D3D3D3	187
4567	#FFFFFF	#D3D3D3	187
4568	#FFFFFF	#D3D3D3	187
4569	#FFFFFF	#D3D3D3	187
4570	#CD1076	#000000	41
4571	#FFFFFF	#D3D3D3	187
4572	#FFFFFF	#D3D3D3	187
4573	#FFFFFF	#D3D3D3	187
4574	#FFFFFF	#D3D3D3	187
4575	#FFFFFF	#D3D3D3	187
4576	#FFFFFF	#D3D3D3	87
4577	#FFFFFF	#D3D3D3	87
4578	#FFFFFF	#D3D3D3	87
4579	#FFFFFF	#D3D3D3	187
4580	#FFFFFF	#D3D3D3	187
4581	#CD1076	#000000	41
4582	#FFFFFF	#D3D3D3	87
4583	#FFFFFF	#D3D3D3	87
4584	#FFFFFF	#D3D3D3	87
4585	#FFFFFF	#D3D3D3	87
4586	#FFFFFF	#D3D3D3	87
4587	#FFFFFF	#D3D3D3	87
4588	#FFFFFF	#D3D3D3	87
4589	#FFFFFF	#D3D3D3	87
4590	#FFFFFF	#D3D3D3	87
4591	#FFFFFF	#D3D3D3	87
4592	#CD1076	#000000	41
4593	#CD1076	#000000	41
4594	#CD1076	#000000	29
4595	#CD1076	#000000	29
4596	#CD1076	#000000	11
4598	#CD1076	#000000	68
4599	#CD1076	#000000	41
4600	#CD1076	#000000	11
4601	#CD1076	#000000	11
4602	#CD1076	#000000	11
4603	#CD1076	#000000	11
4604	#CD1076	#000000	11
4605	#CD1076	#000000	11
4606	#CD1076	#000000	11
4607	#CF1F79	#070707	80
4608	#CF1F79	#070707	80
4609	#CF1F79	#070707	80
4610	#CD1076	#000000	41
4611	#D74687	#1F1F1F	123
4612	#D74687	#1F1F1F	123
4613	#FFFFFF	#D3D3D3	187
4614	#FFFFFF	#D3D3D3	187
4615	#FFFFFF	#D3D3D3	187
4616	#FFFFFF	#D3D3D3	187
4617	#FFFFFF	#D3D3D3	187
4618	#FFFFFF	#D3D3D3	187
4619	#FFFFFF	#D3D3D3	187
4620	#FFFFFF	#D3D3D3	187
4621	#CD1076	#000000	41
4622	#FFFFFF	#D3D3D3	187
4623	#FFFFFF	#D3D3D3	187
4624	#FFFFFF	#D3D3D3	187
4625	#FFFFFF	#D3D3D3	187
4626	#FFFFFF	#D3D3D3	87
4627	#FFFFFF	#D3D3D3	87
4628	#FFFFFF	#D3D3D3	87
4629	#FFFFFF	#D3D3D3	87
4630	#FFFFFF	#D3D3D3	187
4631	#FFFFFF	#D3D3D3	87
4632	#CD1076	#000000	41
4633	#FFFFFF	#D3D3D3	87
4634	#FFFFFF	#D3D3D3	87
4635	#FFFFFF	#D3D3D3	87
4636	#FFFFFF	#D3D3D3	87
4637	#FFFFFF	#D3D3D3	87
4638	#FFFFFF	#D3D3D3	87
4639	#FFFFFF	#D3D3D3	87
4640	#FFFFFF	#D3D3D3	87
4641	#FFFFFF	#D3D3D3	87
4642	#CD1076	#000000	41
4643	#CD1076	#000000	41
4644	#CD1076	#000000	29
4645	#CD1076	#000000	29
4646	#CD1076	#000000	11
4648	#CD1076	#000000	68
4649	#CD1076	#000000	212
4650	#CD1076	#000000	11
4651	#CD1076	#000000	11
4652	#CD1076	#000000	11
4653	#CD1076	#000000	11
4654	#CD1076	#000000	11
4655	#CD1076	#000000	11
4656	#CD1076	#000000	11
4657	#CF1F79	#070707	80
4658	#CF1F79	#070707	80
4659	#CF1F79	#070707	80
4660	#CD1076	#000000	41
4661	#CF1F79	#070707	80
4662	#D74687	#1F1F1F	123
4663	#FFFFFF	#D3D3D3	187
4664	#FFFFFF	#D3D3D3	187
4665	#FFFFFF	#D3D3D3	187
4666	#FFFFFF	#D3D3D3	187
4667	#FFFFFF	#D3D3D3	187
4668	#FFFFFF	#D3D3D3	187
4669	#FFFFFF	#D3D3D3	187
4670	#FFFFFF	#D3D3D3	187
4671	#CD1076	#000000	41
4672	#FFFFFF	#D3D3D3	187
4673	#FFFFFF	#D3D3D3	187
4674	#FFFFFF	#D3D3D3	187
4675	#FFFFFF	#D3D3D3	87
4676	#FFFFFF	#D3D3D3	187
4677	#FFFFFF	#D3D3D3	87
4678	#FFFFFF	#D3D3D3	87
4679	#FFFFFF	#D3D3D3	87
4680	#FFFFFF	#D3D3D3	87
4681	#FFFFFF	#D3D3D3	87
4682	#CD1076	#000000	41
4683	#FFFFFF	#D3D3D3	87
4684	#FFFFFF	#D3D3D3	87
4685	#FFFFFF	#D3D3D3	87
4686	#FFFFFF	#D3D3D3	87
4687	#FFFFFF	#D3D3D3	87
4688	#FFFFFF	#D3D3D3	87
4689	#FFFFFF	#D3D3D3	87
4690	#FFFFFF	#D3D3D3	87
4691	#FFFFFF	#D3D3D3	87
4692	#FFFFFF	#D3D3D3	87
4693	#CD1076	#000000	41
4694	#CD1076	#000000	41
4695	#CD1076	#000000	41
4696	#CD1076	#000000	29
4697	#CD1076	#000000	29
4699	#CD1076	#000000	68
4700	#CD1076	#000000	212
4701	#CD1076	#000000	11
4702	#CD1076	#000000	11
4703	#CD1076	#000000	11
4704	#CD1076	#000000	11
4705	#CD1076	#000000	11
4706	#CD1076	#000000	11
4707	#CD1076	#000000	11
4708	#CF1F79	#070707	80
4709	#CF1F79	#070707	80
4710	#CF1F79	#070707	80
4711	#CD1076	#000000	41
4712	#CF1F79	#070707	80
4713	#FFFFFF	#D3D3D3	187
4714	#FFFFFF	#D3D3D3	187
4715	#FFFFFF	#D3D3D3	187
4716	#FFFFFF	#D3D3D3	187
4717	#FFFFFF	#D3D3D3	187
4718	#FFFFFF	#D3D3D3	87
4719	#FFFFFF	#D3D3D3	187
4720	#FFFFFF	#D3D3D3	187
4721	#FFFFFF	#D3D3D3	187
4722	#CD1076	#000000	41
4723	#FFFFFF	#D3D3D3	187
4724	#FFFFFF	#D3D3D3	187
4725	#FFFFFF	#D3D3D3	187
4726	#FFFFFF	#D3D3D3	87
4727	#FFFFFF	#D3D3D3	87
4728	#FFFFFF	#D3D3D3	87
4729	#FFFFFF	#D3D3D3	87
4730	#FFFFFF	#D3D3D3	87
4731	#FFFFFF	#D3D3D3	87
4732	#FFFFFF	#D3D3D3	87
4733	#CD1076	#000000	29
4734	#FFFFFF	#D3D3D3	87
4735	#FFFFFF	#D3D3D3	87
4736	#FFFFFF	#D3D3D3	87
4737	#FFFFFF	#D3D3D3	87
4738	#FFFFFF	#D3D3D3	87
4739	#FFFFFF	#D3D3D3	87
4740	#FFFFFF	#D3D3D3	87
4741	#FFFFFF	#D3D3D3	87
4742	#FFFFFF	#D3D3D3	87
4743	#CD1076	#000000	41
4744	#CD1076	#000000	41
4745	#CD1076	#000000	29
4746	#CD1076	#000000	29
4747	#CD1076	#000000	11
4749	#CD1076	#000000	68
4750	#CD1076	#000000	68
4751	#CD1076	#000000	11
4752	#CD1076	#000000	11
4753	#CD1076	#000000	11
4754	#CD1076	#000000	11
4755	#CD1076	#000000	11
4756	#CD1076	#000000	11
4757	#CD1076	#000000	11
4758	#CF1F79	#070707	80
4759	#CF1F79	#070707	80
4760	#CF1F79	#070707	80
4761	#CD1076	#000000	212
4762	#CF1F79	#070707	80
4763	#FFFFFF	#D3D3D3	187
4764	#FFFFFF	#D3D3D3	187
4765	#FFFFFF	#D3D3D3	187
4766	#FFFFFF	#D3D3D3	187
4767	#FFFFFF	#D3D3D3	87
4768	#FFFFFF	#D3D3D3	87
4769	#FFFFFF	#D3D3D3	187
4770	#FFFFFF	#D3D3D3	87
4771	#FFFFFF	#D3D3D3	187
4772	#CD1076	#000000	41
4773	#FFFFFF	#D3D3D3	187
4774	#FFFFFF	#D3D3D3	87
4775	#FFFFFF	#D3D3D3	187
4776	#FFFFFF	#D3D3D3	187
4777	#FFFFFF	#D3D3D3	87
4778	#FFFFFF	#D3D3D3	87
4779	#FFFFFF	#D3D3D3	87
4780	#FFFFFF	#D3D3D3	87
4781	#FFFFFF	#D3D3D3	87
4782	#FFFFFF	#D3D3D3	87
4783	#CD1076	#000000	41
4784	#FFFFFF	#D3D3D3	87
4785	#FFFFFF	#D3D3D3	87
4786	#FFFFFF	#D3D3D3	87
4787	#FFFFFF	#D3D3D3	87
4788	#FFFFFF	#D3D3D3	87
4789	#FFFFFF	#D3D3D3	87
4790	#FFFFFF	#D3D3D3	87
4791	#FFFFFF	#D3D3D3	87
4792	#FFFFFF	#D3D3D3	87
4793	#FFFFFF	#D3D3D3	87
4794	#CD1076	#000000	29
4795	#CD1076	#000000	29
4796	#CD1076	#000000	29
4797	#CD1076	#000000	29
4798	#CD1076	#000000	29
4800	#CD1076	#000000	68
4801	#CD1076	#000000	41
4802	#CD1076	#000000	11
4803	#CD1076	#000000	11
4804	#CD1076	#000000	11
4805	#CD1076	#000000	11
4806	#CD1076	#000000	11
4807	#CD1076	#000000	11
4808	#CD1076	#000000	11
4809	#CD1076	#000000	11
4810	#CF1F79	#070707	80
4811	#CF1F79	#070707	80
4812	#CD1076	#000000	41
4813	#FFFFFF	#D3D3D3	187
4814	#FFFFFF	#D3D3D3	187
4815	#FFFFFF	#D3D3D3	187
4816	#FFFFFF	#D3D3D3	87
4817	#FFFFFF	#D3D3D3	87
4818	#FFFFFF	#D3D3D3	87
4819	#FFFFFF	#D3D3D3	87
4820	#FFFFFF	#D3D3D3	187
4821	#FFFFFF	#D3D3D3	87
4822	#FFFFFF	#D3D3D3	187
4823	#CD1076	#000000	41
4824	#FFFFFF	#D3D3D3	187
4825	#FFFFFF	#D3D3D3	87
4826	#FFFFFF	#D3D3D3	187
4827	#FFFFFF	#D3D3D3	87
4828	#FFFFFF	#D3D3D3	87
4829	#FFFFFF	#D3D3D3	87
4830	#FFFFFF	#D3D3D3	87
4831	#FFFFFF	#D3D3D3	87
4832	#FFFFFF	#D3D3D3	87
4833	#FFFFFF	#D3D3D3	87
4834	#CD1076	#000000	41
4835	#FFFFFF	#D3D3D3	87
4836	#FFFFFF	#D3D3D3	87
4837	#FFFFFF	#D3D3D3	87
4838	#FFFFFF	#D3D3D3	87
4839	#FFFFFF	#D3D3D3	87
4840	#FFFFFF	#D3D3D3	87
4841	#FFFFFF	#D3D3D3	87
4842	#FFFFFF	#D3D3D3	87
4843	#FFFFFF	#D3D3D3	87
4844	#CD1076	#000000	29
4845	#CD1076	#000000	29
4846	#CD1076	#000000	29
4847	#CD1076	#000000	29
4848	#CD1076	#000000	11
4850	#CD1076	#000000	68
4851	#CD1076	#000000	305
4852	#CD1076	#000000	11
4853	#CD1076	#000000	11
4854	#CD1076	#000000	11
4855	#CD1076	#000000	11
4856	#CD1076	#000000	11
4857	#CD1076	#000000	11
4858	#CD1076	#000000	11
4859	#CD1076	#000000	11
4860	#CF1F79	#070707	80
4861	#CF1F79	#070707	80
4862	#CD1076	#000000	41
4863	#FFFFFF	#D3D3D3	187
4864	#FFFFFF	#D3D3D3	187
4865	#FFFFFF	#D3D3D3	187
4866	#FFFFFF	#D3D3D3	187
4867	#FFFFFF	#D3D3D3	87
4868	#FFFFFF	#D3D3D3	87
4869	#FFFFFF	#D3D3D3	87
4870	#FFFFFF	#D3D3D3	87
4871	#FFFFFF	#D3D3D3	187
4872	#FFFFFF	#D3D3D3	87
4873	#CD1076	#000000	41
4874	#FFFFFF	#D3D3D3	87
4875	#FFFFFF	#D3D3D3	187
4876	#FFFFFF	#D3D3D3	87
4877	#FFFFFF	#D3D3D3	87
4878	#FFFFFF	#D3D3D3	87
4879	#FFFFFF	#D3D3D3	87
4880	#FFFFFF	#D3D3D3	87
4881	#FFFFFF	#D3D3D3	87
4882	#FFFFFF	#D3D3D3	87
4883	#FFFFFF	#D3D3D3	87
4884	#CD1076	#000000	41
4885	#FFFFFF	#D3D3D3	87
4886	#FFFFFF	#D3D3D3	87
4887	#FFFFFF	#D3D3D3	87
4888	#FFFFFF	#D3D3D3	87
4889	#FFFFFF	#D3D3D3	87
4890	#FFFFFF	#D3D3D3	87
4891	#FFFFFF	#D3D3D3	87
4892	#FFFFFF	#D3D3D3	2
4893	#FFFFFF	#D3D3D3	87
4894	#FFFFFF	#D3D3D3	87
4895	#CD1076	#000000	41
4896	#CD1076	#000000	29
4897	#CD1076	#000000	29
4898	#CD1076	#000000	29
4899	#CD1076	#000000	11
4901	#CD1076	#000000	68
4902	#CD1076	#000000	305
4903	#CD1076	#000000	11
4904	#CD1076	#000000	11
4905	#CD1076	#000000	11
4906	#CD1076	#000000	11
4907	#CD1076	#000000	11
4908	#CD1076	#000000	11
4909	#CD1076	#000000	11
4910	#CD1076	#000000	11
4911	#CF1F79	#070707	80
4912	#FFFFFF	#D3D3D3	187
4913	#CD1076	#000000	41
4914	#FFFFFF	#D3D3D3	187
4915	#FFFFFF	#D3D3D3	187
4916	#FFFFFF	#D3D3D3	187
4917	#FFFFFF	#D3D3D3	187
4918	#FFFFFF	#D3D3D3	87
4919	#FFFFFF	#D3D3D3	87
4920	#FFFFFF	#D3D3D3	87
4921	#FFFFFF	#D3D3D3	87
4922	#FFFFFF	#D3D3D3	87
4923	#FFFFFF	#D3D3D3	87
4924	#CD1076	#000000	41
4925	#FFFFFF	#D3D3D3	87
4926	#FFFFFF	#D3D3D3	187
4927	#FFFFFF	#D3D3D3	87
4928	#FFFFFF	#D3D3D3	87
4929	#FFFFFF	#D3D3D3	87
4930	#FFFFFF	#D3D3D3	87
4931	#FFFFFF	#D3D3D3	87
4932	#FFFFFF	#D3D3D3	87
4933	#FFFFFF	#D3D3D3	87
4934	#FFFFFF	#D3D3D3	87
4935	#CD1076	#000000	29
4936	#FFFFFF	#D3D3D3	87
4937	#FFFFFF	#D3D3D3	87
4938	#FFFFFF	#D3D3D3	87
4939	#FFFFFF	#D3D3D3	87
4940	#FFFFFF	#D3D3D3	87
4941	#FFFFFF	#D3D3D3	87
4942	#FFFFFF	#D3D3D3	87
4943	#FFFFFF	#D3D3D3	2
4944	#FFFFFF	#D3D3D3	2
4945	#CD1076	#000000	29
4946	#CD1076	#000000	29
4947	#CD1076	#000000	29
4948	#CD1076	#000000	29
4949	#CD1076	#000000	29
4951	#CD1076	#000000	68
4952	#CD1076	#000000	305
4953	#CD1076	#000000	11
4954	#CD1076	#000000	11
4955	#CD1076	#000000	11
4956	#CD1076	#000000	11
4957	#CD1076	#000000	11
4958	#CD1076	#000000	11
4959	#CD1076	#000000	11
4960	#CD1076	#000000	11
4961	#CD1076	#000000	11
4962	#FFFFFF	#D3D3D3	187
4963	#CD1076	#000000	305
4964	#FFFFFF	#D3D3D3	187
4965	#FFFFFF	#D3D3D3	187
4966	#FFFFFF	#D3D3D3	187
4967	#FFFFFF	#D3D3D3	187
4968	#FFFFFF	#D3D3D3	187
4969	#FFFFFF	#D3D3D3	87
4970	#FFFFFF	#D3D3D3	87
4971	#FFFFFF	#D3D3D3	87
4972	#FFFFFF	#D3D3D3	87
4973	#FFFFFF	#D3D3D3	87
4974	#CD1076	#000000	29
4975	#FFFFFF	#D3D3D3	87
4976	#FFFFFF	#D3D3D3	87
4977	#FFFFFF	#D3D3D3	187
4978	#FFFFFF	#D3D3D3	87
4979	#FFFFFF	#D3D3D3	87
4980	#FFFFFF	#D3D3D3	87
4981	#FFFFFF	#D3D3D3	87
4982	#FFFFFF	#D3D3D3	87
4983	#FFFFFF	#D3D3D3	87
4984	#FFFFFF	#D3D3D3	87
4985	#CD1076	#000000	29
4986	#FFFFFF	#D3D3D3	87
4987	#FFFFFF	#D3D3D3	87
4988	#FFFFFF	#D3D3D3	87
4989	#FFFFFF	#D3D3D3	87
4990	#FFFFFF	#D3D3D3	87
4991	#FFFFFF	#D3D3D3	87
4992	#FFFFFF	#D3D3D3	87
4993	#FFFFFF	#D3D3D3	87
4994	#FFFFFF	#D3D3D3	2
4995	#FFFFFF	#D3D3D3	2
4996	#CD1076	#000000	29
4997	#CD1076	#000000	29
4998	#CD1076	#000000	29
4999	#CD1076	#000000	29
5000	#CD1076	#000000	29
5002	#CD1076	#000000	68
5003	#CD1076	#000000	305
5004	#CD1076	#000000	11
5005	#CD1076	#000000	11
5006	#CD1076	#000000	11
5007	#CD1076	#000000	311
5008	#CD1076	#000000	311
5009	#CD1076	#000000	311
5010	#CD1076	#000000	11
5011	#CD1076	#000000	11
5012	#FFFFFF	#D3D3D3	187
5013	#FFFFFF	#D3D3D3	187
5014	#CD1076	#000000	305
5015	#FFFFFF	#D3D3D3	187
5016	#FFFFFF	#D3D3D3	187
5017	#FFFFFF	#D3D3D3	187
5018	#FFFFFF	#D3D3D3	187
5019	#FFFFFF	#D3D3D3	187
5020	#FFFFFF	#D3D3D3	87
5021	#FFFFFF	#D3D3D3	87
5022	#FFFFFF	#D3D3D3	87
5023	#FFFFFF	#D3D3D3	87
5024	#FFFFFF	#D3D3D3	87
5025	#CD1076	#000000	29
5026	#FFFFFF	#D3D3D3	87
5027	#FFFFFF	#D3D3D3	87
5028	#FFFFFF	#D3D3D3	87
5029	#FFFFFF	#D3D3D3	87
5030	#FFFFFF	#D3D3D3	87
5031	#FFFFFF	#D3D3D3	87
5032	#FFFFFF	#D3D3D3	87
5033	#FFFFFF	#D3D3D3	87
5034	#FFFFFF	#D3D3D3	87
5035	#FFFFFF	#D3D3D3	87
5036	#CD1076	#000000	100
5037	#FFFFFF	#D3D3D3	87
5038	#FFFFFF	#D3D3D3	87
5039	#FFFFFF	#D3D3D3	87
5040	#FFFFFF	#D3D3D3	87
5041	#FFFFFF	#D3D3D3	87
5042	#FFFFFF	#D3D3D3	2
5043	#FFFFFF	#D3D3D3	87
5044	#FFFFFF	#D3D3D3	2
5045	#FFFFFF	#D3D3D3	2
5046	#CD1076	#000000	29
5047	#CD1076	#000000	29
5048	#CD1076	#000000	11
5049	#CD1076	#000000	11
5050	#CD1076	#000000	29
5052	#CD1076	#000000	68
5053	#CD1076	#000000	68
5054	#CD1076	#000000	11
5055	#CD1076	#000000	11
5056	#CD1076	#000000	11
5057	#CD1076	#000000	11
5058	#CD1076	#000000	311
5059	#CD1076	#000000	311
5060	#CD1076	#000000	11
5061	#CD1076	#000000	11
5062	#FFFFFF	#D3D3D3	187
5063	#FFFFFF	#D3D3D3	187
5064	#CD1076	#000000	100
5065	#FFFFFF	#D3D3D3	187
5066	#FFFFFF	#D3D3D3	187
5067	#FFFFFF	#D3D3D3	187
5068	#FFFFFF	#D3D3D3	187
5069	#FFFFFF	#D3D3D3	187
5070	#FFFFFF	#D3D3D3	87
5071	#FFFFFF	#D3D3D3	87
5072	#FFFFFF	#D3D3D3	87
5073	#FFFFFF	#D3D3D3	87
5074	#FFFFFF	#D3D3D3	87
5075	#CD1076	#000000	100
5076	#FFFFFF	#D3D3D3	87
5077	#FFFFFF	#D3D3D3	87
5078	#FFFFFF	#D3D3D3	87
5079	#FFFFFF	#D3D3D3	87
5080	#FFFFFF	#D3D3D3	87
5081	#FFFFFF	#D3D3D3	87
5082	#FFFFFF	#D3D3D3	87
5083	#FFFFFF	#D3D3D3	87
5084	#FFFFFF	#D3D3D3	87
5085	#FFFFFF	#D3D3D3	87
5086	#CD1076	#000000	100
5087	#FFFFFF	#D3D3D3	87
5088	#FFFFFF	#D3D3D3	87
5089	#FFFFFF	#D3D3D3	87
5090	#FFFFFF	#D3D3D3	87
5091	#FFFFFF	#D3D3D3	87
5092	#FFFFFF	#D3D3D3	2
5093	#FFFFFF	#D3D3D3	2
5094	#FFFFFF	#D3D3D3	87
5095	#FFFFFF	#D3D3D3	2
5096	#FFFFFF	#D3D3D3	2
5097	#CD1076	#000000	29
5098	#CD1076	#000000	29
5099	#CD1076	#000000	11
5100	#CD1076	#000000	11
5101	#CD1076	#000000	11
