group	x	y	clickSelects	showSelected1
597	-32.25	-0.25	51	2500,0
597	-32.25	0.25	51	2500,0
597	-24.25	8.25	51	2500,0
597	-22.75	8.25	51	2500,0
597	-22.25	7.75	51	2500,0
597	-21.25	7.75	51	2500,0
597	-21.25	7.25	51	2500,0
597	-21.75	6.75	51	2500,0
597	-21.75	5.25	51	2500,0
597	-20.25	5.25	51	2500,0
597	-20.25	5.75	51	2500,0
597	-20.75	6.25	51	2500,0
597	-20.75	6.75	51	2500,0
597	-20.25	7.25	51	2500,0
597	-20.25	7.75	51	2500,0
597	-20.75	8.25	51	2500,0
597	-20.75	8.75	51	2500,0
597	-18.75	8.75	51	2500,0
597	-18.25	9.25	51	2500,0
597	-17.75	9.25	51	2500,0
597	-17.75	8.75	51	2500,0
597	-18.25	8.25	51	2500,0
597	-18.25	7.25	51	2500,0
597	-18.75	6.75	51	2500,0
597	-18.75	6.25	51	2500,0
597	-17.75	6.25	51	2500,0
597	-17.75	5.75	51	2500,0
597	-18.25	5.25	51	2500,0
597	-18.25	4.25	51	2500,0
597	-20.25	4.25	51	2500,0
597	-20.75	3.75	51	2500,0
597	-20.75	2.25	51	2500,0
597	-20.25	1.75	51	2500,0
597	-19.75	1.75	51	2500,0
597	-19.75	2.75	51	2500,0
597	-19.25	2.75	51	2500,0
597	-18.25	1.75	51	2500,0
597	-17.75	1.75	51	2500,0
597	-17.75	2.25	51	2500,0
597	-18.25	2.75	51	2500,0
597	-18.25	3.25	51	2500,0
597	-17.25	3.25	51	2500,0
597	-16.25	4.25	51	2500,0
597	-15.25	4.25	51	2500,0
597	-15.25	5.25	51	2500,0
597	-14.75	5.75	51	2500,0
597	-14.75	8.25	51	2500,0
597	-15.75	8.25	51	2500,0
597	-15.75	8.75	51	2500,0
597	-14.75	9.75	51	2500,0
597	-14.75	10.75	51	2500,0
597	-14.25	10.75	51	2500,0
597	-13.75	10.25	51	2500,0
597	-13.75	9.75	51	2500,0
597	-14.25	9.25	51	2500,0
597	-14.25	8.75	51	2500,0
597	-13.25	7.75	51	2500,0
597	-13.25	6.25	51	2500,0
597	-14.25	5.25	51	2500,0
597	-14.25	4.75	51	2500,0
597	-13.25	4.75	51	2500,0
597	-12.75	4.25	51	2500,0
597	-12.25	4.25	51	2500,0
597	-12.25	4.75	51	2500,0
597	-12.75	5.25	51	2500,0
597	-12.75	5.75	51	2500,0
597	-12.25	5.75	51	2500,0
597	-11.75	5.25	51	2500,0
597	-11.25	5.25	51	2500,0
597	-11.25	6.25	51	2500,0
597	-9.25	6.25	51	2500,0
597	-7.75	7.75	51	2500,0
597	-7.75	8.25	51	2500,0
597	-8.25	8.75	51	2500,0
597	-8.25	9.75	51	2500,0
597	-8.75	9.75	51	2500,0
597	-9.25	9.25	51	2500,0
597	-11.75	9.25	51	2500,0
597	-11.75	9.75	51	2500,0
597	-11.25	10.25	51	2500,0
597	-10.25	10.25	51	2500,0
597	-10.25	10.75	51	2500,0
597	-10.75	11.25	51	2500,0
597	-10.75	12.75	51	2500,0
597	-10.25	12.75	51	2500,0
597	-9.75	12.25	51	2500,0
597	-9.75	11.25	51	2500,0
597	-9.25	11.25	51	2500,0
597	-8.75	11.75	51	2500,0
597	-8.25	11.75	51	2500,0
597	-7.75	11.25	51	2500,0
597	-6.75	11.25	51	2500,0
597	-6.25	10.75	51	2500,0
597	-6.25	9.25	51	2500,0
597	-7.25	9.25	51	2500,0
597	-7.25	8.75	51	2500,0
597	-6.75	8.25	51	2500,0
597	-6.75	7.25	51	2500,0
597	-6.25	7.25	51	2500,0
597	-5.25	8.25	51	2500,0
597	-4.75	8.25	51	2500,0
597	-4.75	7.75	51	2500,0
597	-5.25	7.25	51	2500,0
597	-5.25	5.75	51	2500,0
597	-4.75	5.25	51	2500,0
597	-3.75	5.25	51	2500,0
597	-3.75	3.25	51	2500,0
597	-2.25	3.25	51	2500,0
597	-2.25	3.75	51	2500,0
597	-2.75	4.25	51	2500,0
597	-2.75	5.75	51	2500,0
597	-2.25	6.25	51	2500,0
597	-1.25	6.25	51	2500,0
597	-1.25	6.75	51	2500,0
597	-1.75	7.25	51	2500,0
597	-3.75	7.25	51	2500,0
597	-3.75	7.75	51	2500,0
597	-3.25	8.25	51	2500,0
597	-2.25	8.25	51	2500,0
597	-2.25	8.75	51	2500,0
597	-2.75	9.25	51	2500,0
597	-2.75	9.75	51	2500,0
597	-1.75	9.75	51	2500,0
597	-1.75	10.25	51	2500,0
597	-2.25	10.75	51	2500,0
597	-2.25	11.25	51	2500,0
597	-1.25	11.25	51	2500,0
597	-1.25	12.25	51	2500,0
597	-0.25	12.25	51	2500,0
597	-0.25	13.25	51	2500,0
597	0.25	13.75	51	2500,0
597	1.25	13.75	51	2500,0
597	1.25	14.75	51	2500,0
597	2.25	15.75	51	2500,0
597	2.25	17.25	51	2500,0
597	1.75	17.75	51	2500,0
597	1.25	17.75	51	2500,0
597	0.75	17.25	51	2500,0
597	-1.25	17.25	51	2500,0
597	-2.25	16.25	51	2500,0
597	-2.25	12.25	51	2500,0
597	-2.75	12.25	51	2500,0
597	-3.75	13.25	51	2500,0
597	-4.75	13.25	51	2500,0
597	-5.25	13.75	51	2500,0
597	-5.25	14.75	51	2500,0
597	-6.25	15.75	51	2500,0
597	-7.25	15.75	51	2500,0
597	-7.25	16.25	51	2500,0
597	-6.75	16.75	51	2500,0
597	-6.75	17.25	51	2500,0
597	-7.25	17.25	51	2500,0
597	-7.75	16.75	51	2500,0
597	-8.25	16.75	51	2500,0
597	-8.25	17.75	51	2500,0
597	-8.75	17.75	51	2500,0
597	-9.25	17.25	51	2500,0
597	-9.75	17.25	51	2500,0
597	-9.75	18.25	51	2500,0
597	-10.25	18.25	51	2500,0
597	-10.75	17.75	51	2500,0
597	-11.25	17.75	51	2500,0
597	-11.75	18.25	51	2500,0
597	-11.75	18.75	51	2500,0
597	-10.75	18.75	51	2500,0
597	-10.25	19.25	51	2500,0
597	-10.25	21.25	51	2500,0
597	-8.25	23.25	51	2500,0
597	-8.25	24.25	51	2500,0
597	-3.75	28.75	51	2500,0
597	-3.25	28.75	51	2500,0
597	-2.25	27.75	51	2500,0
597	-2.25	27.25	51	2500,0
597	-2.75	26.75	51	2500,0
597	-2.75	26.25	51	2500,0
597	-2.25	26.25	51	2500,0
597	-1.75	26.75	51	2500,0
597	-1.25	26.75	51	2500,0
597	-0.75	26.25	51	2500,0
597	-0.25	26.25	51	2500,0
597	0.25	26.75	51	2500,0
597	0.75	26.75	51	2500,0
597	1.75	25.75	51	2500,0
597	1.75	25.25	51	2500,0
597	1.25	25.25	51	2500,0
597	0.75	25.75	51	2500,0
597	0.25	25.75	51	2500,0
597	0.25	24.25	51	2500,0
597	1.25	23.25	51	2500,0
597	1.25	21.75	51	2500,0
597	0.75	21.25	51	2500,0
597	0.75	19.25	51	2500,0
597	-1.25	19.25	51	2500,0
597	-1.25	18.75	51	2500,0
597	-0.75	18.25	51	2500,0
597	0.75	18.25	51	2500,0
597	1.25	18.75	51	2500,0
597	1.75	18.75	51	2500,0
597	3.75	16.75	51	2500,0
597	3.75	15.75	51	2500,0
597	4.25	15.75	51	2500,0
597	4.75	16.25	51	2500,0
597	5.25	16.25	51	2500,0
597	5.25	-0.25	51	2500,0
597	-32.25	-0.25	51	2500,0
597	-36.75	34.25	51	2550,0
597	-36.75	34.75	51	2550,0
597	-36.25	35.25	51	2550,0
597	-35.75	35.25	51	2550,0
597	-34.75	34.25	51	2550,0
597	-34.75	33.25	51	2550,0
597	-33.25	31.75	51	2550,0
597	-33.25	30.75	51	2550,0
597	-32.75	30.75	51	2550,0
597	-31.75	31.75	51	2550,0
597	-31.75	32.75	51	2550,0
597	-31.25	32.75	51	2550,0
597	-30.75	32.25	51	2550,0
597	-30.75	31.25	51	2550,0
597	-30.25	30.75	51	2550,0
597	-29.75	30.75	51	2550,0
597	-29.75	31.75	51	2550,0
597	-28.75	31.75	51	2550,0
597	-28.75	32.25	51	2550,0
597	-29.25	32.75	51	2550,0
597	-29.25	33.25	51	2550,0
597	-27.75	33.25	51	2550,0
597	-25.75	31.25	51	2550,0
597	-25.25	31.25	51	2550,0
597	-24.75	31.75	51	2550,0
597	-24.75	32.25	51	2550,0
597	-25.25	32.75	51	2550,0
597	-26.25	32.75	51	2550,0
597	-27.25	33.75	51	2550,0
597	-27.25	34.75	51	2550,0
597	-27.75	35.25	51	2550,0
597	-27.75	35.75	51	2550,0
597	-25.25	35.75	51	2550,0
597	-25.25	34.75	51	2550,0
597	-24.75	34.25	51	2550,0
597	-23.75	34.25	51	2550,0
597	-23.25	33.75	51	2550,0
597	-23.25	33.25	51	2550,0
597	-23.75	32.75	51	2550,0
597	-23.75	32.25	51	2550,0
597	-22.75	31.25	51	2550,0
597	-21.75	31.25	51	2550,0
597	-21.25	30.75	51	2550,0
597	-21.25	29.75	51	2550,0
597	-19.75	29.75	51	2550,0
597	-19.75	30.25	51	2550,0
597	-20.75	31.25	51	2550,0
597	-20.75	31.75	51	2550,0
597	-20.25	32.25	51	2550,0
597	-20.25	32.75	51	2550,0
597	-20.75	33.25	51	2550,0
597	-20.75	33.75	51	2550,0
597	-20.25	34.25	51	2550,0
597	-18.75	34.25	51	2550,0
597	-18.75	32.25	51	2550,0
597	-17.75	31.25	51	2550,0
597	-17.25	31.25	51	2550,0
597	-16.75	31.75	51	2550,0
597	-16.25	31.75	51	2550,0
597	-15.75	31.25	51	2550,0
597	-15.25	31.25	51	2550,0
597	-15.25	32.25	51	2550,0
597	-14.75	32.75	51	2550,0
597	-14.75	33.25	51	2550,0
597	-16.25	33.25	51	2550,0
597	-16.75	32.75	51	2550,0
597	-17.25	32.75	51	2550,0
597	-17.75	33.25	51	2550,0
597	-17.75	34.25	51	2550,0
597	-19.25	35.75	51	2550,0
597	-20.25	35.75	51	2550,0
597	-20.25	36.25	51	2550,0
597	-19.75	36.75	51	2550,0
597	-19.75	39.75	51	2550,0
597	-19.25	40.25	51	2550,0
597	-18.75	40.25	51	2550,0
597	-18.75	39.25	51	2550,0
597	-17.25	39.25	51	2550,0
597	-16.75	39.75	51	2550,0
597	-15.75	39.75	51	2550,0
597	-15.25	40.25	51	2550,0
597	-15.25	41.75	51	2550,0
597	-15.75	42.25	51	2550,0
597	-15.75	42.75	51	2550,0
597	-14.75	42.75	51	2550,0
597	-14.75	43.75	51	2550,0
597	-14.25	43.75	51	2550,0
597	-13.75	43.25	51	2550,0
597	-13.75	41.75	51	2550,0
597	-14.25	41.25	51	2550,0
597	-14.25	40.75	51	2550,0
597	-13.25	40.75	51	2550,0
597	-12.75	40.25	51	2550,0
597	-12.75	39.75	51	2550,0
597	-13.75	38.75	51	2550,0
597	-14.75	38.75	51	2550,0
597	-14.75	38.25	51	2550,0
597	-14.25	37.75	51	2550,0
597	-13.25	37.75	51	2550,0
597	-13.25	36.75	51	2550,0
597	-12.75	36.25	51	2550,0
597	-11.75	36.25	51	2550,0
597	-11.25	35.75	51	2550,0
597	-10.25	35.75	51	2550,0
597	-9.25	34.75	51	2550,0
597	-9.25	33.75	51	2550,0
597	-8.75	33.25	51	2550,0
597	-8.25	33.25	51	2550,0
597	-8.25	34.25	51	2550,0
597	-6.75	35.75	51	2550,0
597	-6.75	36.25	51	2550,0
597	-7.75	36.25	51	2550,0
597	-7.75	37.75	51	2550,0
597	-6.75	37.75	51	2550,0
597	-6.25	38.25	51	2550,0
597	-5.25	38.25	51	2550,0
597	-5.25	39.25	51	2550,0
597	-4.75	39.25	51	2550,0
597	-3.75	38.25	51	2550,0
597	-3.75	37.25	51	2550,0
597	-2.75	36.25	51	2550,0
597	-1.75	36.25	51	2550,0
597	0.25	34.25	51	2550,0
597	0.25	33.25	51	2550,0
597	1.25	32.25	51	2550,0
597	2.25	32.25	51	2550,0
597	2.25	31.75	51	2550,0
597	1.25	30.75	51	2550,0
597	1.25	30.25	51	2550,0
597	1.75	29.75	51	2550,0
597	3.25	29.75	51	2550,0
597	3.75	30.25	51	2550,0
597	4.25	30.25	51	2550,0
597	4.75	29.75	51	2550,0
597	4.75	23.25	51	2550,0
597	-18.75	-0.25	51	2550,0
597	-44.25	-0.25	51	2550,0
597	-44.75	0.25	51	2550,0
597	-44.75	10.75	51	2550,0
597	-43.75	10.75	51	2550,0
597	-43.25	11.25	51	2550,0
597	-42.75	11.25	51	2550,0
597	-42.25	10.75	51	2550,0
597	-42.25	10.25	51	2550,0
597	-42.75	9.75	51	2550,0
597	-42.75	9.25	51	2550,0
597	-42.25	9.25	51	2550,0
597	-41.25	10.25	51	2550,0
597	-40.75	10.25	51	2550,0
597	-40.25	9.75	51	2550,0
597	-40.25	8.75	51	2550,0
597	-39.25	8.75	51	2550,0
597	-38.25	7.75	51	2550,0
597	-38.25	6.75	51	2550,0
597	-37.75	6.25	51	2550,0
597	-37.25	6.25	51	2550,0
597	-37.25	7.25	51	2550,0
597	-36.25	7.25	51	2550,0
597	-36.25	9.25	51	2550,0
597	-35.75	9.75	51	2550,0
597	-35.75	10.25	51	2550,0
597	-38.75	10.25	51	2550,0
597	-38.75	12.25	51	2550,0
597	-39.25	12.75	51	2550,0
597	-39.25	13.25	51	2550,0
597	-38.75	13.25	51	2550,0
597	-37.75	12.25	51	2550,0
597	-37.25	12.25	51	2550,0
597	-37.25	13.75	51	2550,0
597	-37.75	14.25	51	2550,0
597	-38.75	14.25	51	2550,0
597	-38.75	14.75	51	2550,0
597	-37.75	15.75	51	2550,0
597	-37.75	16.25	51	2550,0
597	-38.25	16.25	51	2550,0
597	-39.25	15.25	51	2550,0
597	-39.75	15.25	51	2550,0
597	-40.25	15.75	51	2550,0
597	-40.25	16.25	51	2550,0
597	-39.25	16.25	51	2550,0
597	-38.75	16.75	51	2550,0
597	-38.75	17.25	51	2550,0
597	-39.75	17.25	51	2550,0
597	-40.25	17.75	51	2550,0
597	-40.25	18.25	51	2550,0
597	-38.25	18.25	51	2550,0
597	-37.75	18.75	51	2550,0
597	-36.25	18.75	51	2550,0
597	-35.75	18.25	51	2550,0
597	-35.75	17.25	51	2550,0
597	-35.25	16.75	51	2550,0
597	-34.75	16.75	51	2550,0
597	-34.75	18.25	51	2550,0
597	-35.25	18.75	51	2550,0
597	-35.25	19.25	51	2550,0
597	-33.75	19.25	51	2550,0
597	-32.75	18.25	51	2550,0
597	-31.75	18.25	51	2550,0
597	-31.25	17.75	51	2550,0
597	-31.25	16.75	51	2550,0
597	-30.25	16.75	51	2550,0
597	-30.25	15.75	51	2550,0
597	-28.75	15.75	51	2550,0
597	-28.75	16.75	51	2550,0
597	-27.75	17.75	51	2550,0
597	-27.75	18.25	51	2550,0
597	-28.75	18.25	51	2550,0
597	-29.75	19.25	51	2550,0
597	-29.75	21.25	51	2550,0
597	-30.25	21.75	51	2550,0
597	-30.25	22.75	51	2550,0
597	-30.75	23.25	51	2550,0
597	-32.75	23.25	51	2550,0
597	-33.25	23.75	51	2550,0
597	-33.75	23.75	51	2550,0
597	-33.75	22.25	51	2550,0
597	-33.25	21.75	51	2550,0
597	-33.25	21.25	51	2550,0
597	-35.25	21.25	51	2550,0
597	-35.75	20.75	51	2550,0
597	-36.75	20.75	51	2550,0
597	-37.75	19.75	51	2550,0
597	-40.25	19.75	51	2550,0
597	-40.75	20.25	51	2550,0
597	-40.75	20.75	51	2550,0
597	-39.75	21.75	51	2550,0
597	-39.75	22.25	51	2550,0
597	-42.25	22.25	51	2550,0
597	-42.75	21.75	51	2550,0
597	-42.75	21.25	51	2550,0
597	-41.75	20.25	51	2550,0
597	-41.75	19.75	51	2550,0
597	-42.25	19.75	51	2550,0
597	-42.75	20.25	51	2550,0
597	-43.25	20.25	51	2550,0
597	-43.75	19.75	51	2550,0
597	-43.75	19.25	51	2550,0
597	-42.75	19.25	51	2550,0
597	-41.25	17.75	51	2550,0
597	-41.25	17.25	51	2550,0
597	-41.75	17.25	51	2550,0
597	-42.25	17.75	51	2550,0
597	-42.75	17.75	51	2550,0
597	-42.75	16.25	51	2550,0
597	-41.75	16.25	51	2550,0
597	-41.25	15.75	51	2550,0
597	-41.25	14.75	51	2550,0
597	-40.75	14.25	51	2550,0
597	-40.75	13.75	51	2550,0
597	-41.75	13.75	51	2550,0
597	-42.25	13.25	51	2550,0
597	-42.25	12.75	51	2550,0
597	-41.75	12.25	51	2550,0
597	-41.75	11.75	51	2550,0
597	-42.25	11.75	51	2550,0
597	-42.75	12.25	51	2550,0
597	-44.75	12.25	51	2550,0
597	-44.75	23.75	51	2550,0
597	-43.75	23.75	51	2550,0
597	-43.75	24.75	51	2550,0
597	-42.75	24.75	51	2550,0
597	-42.25	25.25	51	2550,0
597	-42.25	26.25	51	2550,0
597	-41.75	26.25	51	2550,0
597	-40.25	24.75	51	2550,0
597	-39.75	24.75	51	2550,0
597	-39.75	26.25	51	2550,0
597	-40.25	26.75	51	2550,0
597	-40.25	27.25	51	2550,0
597	-39.25	27.25	51	2550,0
597	-39.25	28.25	51	2550,0
597	-38.75	28.75	51	2550,0
597	-38.75	29.75	51	2550,0
597	-37.75	30.75	51	2550,0
597	-37.75	31.25	51	2550,0
597	-38.25	31.75	51	2550,0
597	-38.25	32.25	51	2550,0
597	-37.25	32.25	51	2550,0
597	-36.25	33.25	51	2550,0
597	-36.25	33.75	51	2550,0
597	-36.75	34.25	51	2550,0
597	0.25	-0.75	51	2550,50
597	0.25	-0.25	51	2550,50
597	0.75	-0.25	51	2550,50
597	0.75	-0.75	51	2550,50
597	0.25	-0.75	51	2550,50
597	-45.25	1.75	51	2600,50
597	-45.25	2.25	51	2600,50
597	-44.75	2.75	51	2600,50
597	-44.25	2.75	51	2600,50
597	-43.75	2.25	51	2600,50
597	-43.25	2.25	51	2600,50
597	-42.75	2.75	51	2600,50
597	-42.25	2.75	51	2600,50
597	-40.25	0.75	51	2600,50
597	-40.25	-0.75	51	2600,50
597	-44.75	-0.75	51	2600,50
597	-45.25	-0.25	51	2600,50
597	-45.25	1.75	51	2600,50
597	-45.25	48.75	51	2600,0
597	-45.25	49.25	51	2600,0
597	-39.75	49.25	51	2600,0
597	-38.75	48.25	51	2600,0
597	-38.75	47.25	51	2600,0
597	-38.25	47.25	51	2600,0
597	-37.25	48.25	51	2600,0
597	-37.25	49.25	51	2600,0
597	-31.75	49.25	51	2600,0
597	-29.75	47.25	51	2600,0
597	-29.75	46.25	51	2600,0
597	-29.25	45.75	51	2600,0
597	-29.25	44.75	51	2600,0
597	-28.75	44.25	51	2600,0
597	-28.25	44.25	51	2600,0
597	-28.25	45.25	51	2600,0
597	-27.75	45.25	51	2600,0
597	-26.75	44.25	51	2600,0
597	-26.75	43.75	51	2600,0
597	-27.75	43.75	51	2600,0
597	-28.25	43.25	51	2600,0
597	-29.25	43.25	51	2600,0
597	-30.25	42.25	51	2600,0
597	-31.25	42.25	51	2600,0
597	-32.25	41.25	51	2600,0
597	-32.75	41.25	51	2600,0
597	-33.25	41.75	51	2600,0
597	-33.75	41.75	51	2600,0
597	-34.25	41.25	51	2600,0
597	-34.25	40.75	51	2600,0
597	-33.25	40.75	51	2600,0
597	-33.25	40.25	51	2600,0
597	-33.75	39.75	51	2600,0
597	-33.75	37.25	51	2600,0
597	-33.25	36.75	51	2600,0
597	-32.25	36.75	51	2600,0
597	-32.25	36.25	51	2600,0
597	-32.75	35.75	51	2600,0
597	-32.75	35.25	51	2600,0
597	-31.75	35.25	51	2600,0
597	-31.75	34.25	51	2600,0
597	-31.25	33.75	51	2600,0
597	-31.25	32.75	51	2600,0
597	-30.25	32.75	51	2600,0
597	-30.25	31.75	51	2600,0
597	-29.25	30.75	51	2600,0
597	-29.25	29.25	51	2600,0
597	-30.25	29.25	51	2600,0
597	-30.75	28.75	51	2600,0
597	-30.75	28.25	51	2600,0
597	-30.25	27.75	51	2600,0
597	-29.25	27.75	51	2600,0
597	-28.75	27.25	51	2600,0
597	-28.25	27.25	51	2600,0
597	-28.25	27.75	51	2600,0
597	-28.75	28.25	51	2600,0
597	-28.75	28.75	51	2600,0
597	-27.25	28.75	51	2600,0
597	-26.75	28.25	51	2600,0
597	-26.75	27.25	51	2600,0
597	-26.25	26.75	51	2600,0
597	-25.75	26.75	51	2600,0
597	-25.25	27.25	51	2600,0
597	-24.75	27.25	51	2600,0
597	-24.75	26.75	51	2600,0
597	-26.25	25.25	51	2600,0
597	-26.25	24.75	51	2600,0
597	-25.75	24.25	51	2600,0
597	-25.75	23.75	51	2600,0
597	-28.25	23.75	51	2600,0
597	-36.75	32.25	51	2600,0
597	-36.75	33.25	51	2600,0
597	-37.25	33.75	51	2600,0
597	-37.25	34.25	51	2600,0
597	-36.75	34.75	51	2600,0
597	-34.75	34.75	51	2600,0
597	-34.25	35.25	51	2600,0
597	-34.25	36.75	51	2600,0
597	-35.75	38.25	51	2600,0
597	-39.75	38.25	51	2600,0
597	-40.75	39.25	51	2600,0
597	-41.25	39.25	51	2600,0
597	-41.75	38.75	51	2600,0
597	-41.75	37.75	51	2600,0
597	-42.25	37.75	51	2600,0
597	-43.25	38.75	51	2600,0
597	-43.25	39.25	51	2600,0
597	-42.25	39.25	51	2600,0
597	-42.25	40.75	51	2600,0
597	-42.75	40.75	51	2600,0
597	-43.25	40.25	51	2600,0
597	-44.75	40.25	51	2600,0
597	-45.25	40.75	51	2600,0
597	-45.25	43.25	51	2600,0
597	-44.75	43.25	51	2600,0
597	-44.75	42.25	51	2600,0
597	-43.25	42.25	51	2600,0
597	-42.75	42.75	51	2600,0
597	-42.25	42.75	51	2600,0
597	-41.75	42.25	51	2600,0
597	-41.25	42.25	51	2600,0
597	-41.25	42.75	51	2600,0
597	-42.25	43.75	51	2600,0
597	-42.75	43.75	51	2600,0
597	-43.25	43.25	51	2600,0
597	-43.75	43.25	51	2600,0
597	-43.75	43.75	51	2600,0
597	-43.25	44.25	51	2600,0
597	-43.25	44.75	51	2600,0
597	-45.25	44.75	51	2600,0
597	-45.25	48.75	51	2600,0
598	2.75	23.75	51	2500,0
598	2.75	24.25	51	2500,0
598	3.25	24.75	51	2500,0
598	4.75	24.75	51	2500,0
598	4.75	23.75	51	2500,0
598	5.25	23.25	51	2500,0
598	5.25	17.75	51	2500,0
598	3.75	17.75	51	2500,0
598	3.25	18.25	51	2500,0
598	3.25	19.25	51	2500,0
598	2.25	19.25	51	2500,0
598	1.75	19.75	51	2500,0
598	1.75	20.25	51	2500,0
598	2.25	20.75	51	2500,0
598	2.25	21.75	51	2500,0
598	2.75	21.75	51	2500,0
598	3.25	21.25	51	2500,0
598	3.75	21.25	51	2500,0
598	3.75	23.75	51	2500,0
598	2.75	23.75	51	2500,0
598	-11.25	44.75	51	2550,0
598	-11.25	45.25	51	2550,0
598	-10.75	45.25	51	2550,0
598	-6.75	41.25	51	2550,0
598	-6.75	40.75	51	2550,0
598	-7.25	40.25	51	2550,0
598	-7.25	39.25	51	2550,0
598	-8.75	37.75	51	2550,0
598	-9.25	37.75	51	2550,0
598	-10.25	38.75	51	2550,0
598	-10.25	39.25	51	2550,0
598	-9.25	39.25	51	2550,0
598	-8.75	39.75	51	2550,0
598	-8.75	40.25	51	2550,0
598	-9.75	41.25	51	2550,0
598	-9.75	42.25	51	2550,0
598	-11.25	43.75	51	2550,0
598	-11.25	44.75	51	2550,0
598	1.25	-0.25	51	2550,50
598	1.25	-0.75	51	2550,50
598	1.75	-0.75	51	2550,50
598	1.75	-0.25	51	2550,50
598	1.25	-0.25	51	2550,50
598	-39.25	0.75	51	2600,50
598	-39.25	1.25	51	2600,50
598	-38.75	1.75	51	2600,50
598	-37.25	1.75	51	2600,50
598	-37.25	0.75	51	2600,50
598	-35.25	0.75	51	2600,50
598	-34.75	0.25	51	2600,50
598	-34.25	0.25	51	2600,50
598	-33.75	0.75	51	2600,50
598	-33.75	2.25	51	2600,50
598	-34.25	2.75	51	2600,50
598	-34.25	3.25	51	2600,50
598	-33.75	3.75	51	2600,50
598	-33.75	4.75	51	2600,50
598	-33.25	5.25	51	2600,50
598	-32.25	5.25	51	2600,50
598	-32.25	6.25	51	2600,50
598	-31.25	7.25	51	2600,50
598	-30.75	7.25	51	2600,50
598	-30.25	6.75	51	2600,50
598	-30.25	5.75	51	2600,50
598	-29.75	5.25	51	2600,50
598	-29.25	5.25	51	2600,50
598	-29.25	6.75	51	2600,50
598	-30.25	7.75	51	2600,50
598	-30.25	8.25	51	2600,50
598	-28.75	8.25	51	2600,50
598	-28.75	7.25	51	2600,50
598	-28.25	6.75	51	2600,50
598	-27.25	6.75	51	2600,50
598	-25.25	4.75	51	2600,50
598	-25.25	4.25	51	2600,50
598	-26.25	3.25	51	2600,50
598	-26.75	3.25	51	2600,50
598	-28.25	4.75	51	2600,50
598	-28.75	4.75	51	2600,50
598	-28.75	2.75	51	2600,50
598	-29.75	1.75	51	2600,50
598	-30.25	1.75	51	2600,50
598	-31.25	2.75	51	2600,50
598	-31.75	2.75	51	2600,50
598	-31.75	1.75	51	2600,50
598	-32.25	1.25	51	2600,50
598	-32.25	0.75	51	2600,50
598	-31.25	-0.25	51	2600,50
598	-31.25	-0.75	51	2600,50
598	-37.75	-0.75	51	2600,50
598	-39.25	0.75	51	2600,50
598	-38.25	48.75	51	2600,0
598	-38.25	49.25	51	2600,0
598	-37.75	49.25	51	2600,0
598	-37.75	48.75	51	2600,0
598	-38.25	48.75	51	2600,0
43	-23.75	8.25	119	2500,0
43	-23.75	8.75	119	2500,0
43	-22.75	9.75	119	2500,0
43	-22.25	9.75	119	2500,0
43	-21.75	9.25	119	2500,0
43	-20.75	9.25	119	2500,0
43	-20.75	8.25	119	2500,0
43	-20.25	7.75	119	2500,0
43	-20.25	7.25	119	2500,0
43	-20.75	6.75	119	2500,0
43	-20.75	6.25	119	2500,0
43	-20.25	5.75	119	2500,0
43	-20.25	5.25	119	2500,0
43	-21.75	5.25	119	2500,0
43	-21.75	6.75	119	2500,0
43	-21.25	7.25	119	2500,0
43	-21.25	7.75	119	2500,0
43	-22.25	7.75	119	2500,0
43	-22.75	8.25	119	2500,0
43	-23.75	8.25	119	2500,0
610	-22.25	9.75	55	2500,0
610	-22.25	10.25	55	2500,0
610	-18.75	13.75	55	2500,0
610	-17.25	13.75	55	2500,0
610	-17.25	12.75	55	2500,0
610	-16.75	12.25	55	2500,0
610	-16.25	12.25	55	2500,0
610	-15.25	13.25	55	2500,0
610	-15.25	14.25	55	2500,0
610	-14.75	14.75	55	2500,0
610	-14.75	15.25	55	2500,0
610	-15.25	15.25	55	2500,0
610	-16.25	14.25	55	2500,0
610	-16.75	14.25	55	2500,0
610	-16.75	15.75	55	2500,0
610	-8.75	23.75	55	2500,0
610	-8.25	23.75	55	2500,0
610	-8.25	23.25	55	2500,0
610	-10.25	21.25	55	2500,0
610	-10.25	19.25	55	2500,0
610	-10.75	18.75	55	2500,0
610	-11.75	18.75	55	2500,0
610	-12.25	18.25	55	2500,0
610	-12.25	17.75	55	2500,0
610	-10.75	17.75	55	2500,0
610	-10.25	18.25	55	2500,0
610	-9.75	18.25	55	2500,0
610	-9.75	17.25	55	2500,0
610	-9.25	17.25	55	2500,0
610	-8.75	17.75	55	2500,0
610	-8.25	17.75	55	2500,0
610	-8.25	16.75	55	2500,0
610	-7.75	16.75	55	2500,0
610	-7.25	17.25	55	2500,0
610	-6.75	17.25	55	2500,0
610	-6.75	16.75	55	2500,0
610	-7.25	16.25	55	2500,0
610	-7.25	15.75	55	2500,0
610	-6.25	15.75	55	2500,0
610	-5.25	14.75	55	2500,0
610	-5.25	13.75	55	2500,0
610	-4.75	13.25	55	2500,0
610	-3.75	13.25	55	2500,0
610	-2.75	12.25	55	2500,0
610	-2.25	12.25	55	2500,0
610	-2.25	16.25	55	2500,0
610	-1.25	17.25	55	2500,0
610	0.75	17.25	55	2500,0
610	1.25	17.75	55	2500,0
610	1.75	17.75	55	2500,0
610	2.25	17.25	55	2500,0
610	2.25	15.75	55	2500,0
610	1.25	14.75	55	2500,0
610	1.25	13.75	55	2500,0
610	0.25	13.75	55	2500,0
610	-0.25	13.25	55	2500,0
610	-0.25	12.25	55	2500,0
610	-1.25	12.25	55	2500,0
610	-1.25	11.25	55	2500,0
610	-2.25	11.25	55	2500,0
610	-2.25	10.75	55	2500,0
610	-1.75	10.25	55	2500,0
610	-1.75	9.75	55	2500,0
610	-2.75	9.75	55	2500,0
610	-2.75	9.25	55	2500,0
610	-2.25	8.75	55	2500,0
610	-2.25	8.25	55	2500,0
610	-3.25	8.25	55	2500,0
610	-3.75	7.75	55	2500,0
610	-3.75	7.25	55	2500,0
610	-1.75	7.25	55	2500,0
610	-1.25	6.75	55	2500,0
610	-1.25	6.25	55	2500,0
610	-2.25	6.25	55	2500,0
610	-2.75	5.75	55	2500,0
610	-2.75	4.25	55	2500,0
610	-2.25	3.75	55	2500,0
610	-2.25	3.25	55	2500,0
610	-3.75	3.25	55	2500,0
610	-3.75	5.25	55	2500,0
610	-4.75	5.25	55	2500,0
610	-5.25	5.75	55	2500,0
610	-5.25	7.25	55	2500,0
610	-4.75	7.75	55	2500,0
610	-4.75	8.25	55	2500,0
610	-5.25	8.25	55	2500,0
610	-6.25	7.25	55	2500,0
610	-6.75	7.25	55	2500,0
610	-6.75	8.25	55	2500,0
610	-7.25	8.75	55	2500,0
610	-7.25	9.25	55	2500,0
610	-6.25	9.25	55	2500,0
610	-6.25	10.75	55	2500,0
610	-6.75	11.25	55	2500,0
610	-7.75	11.25	55	2500,0
610	-8.25	11.75	55	2500,0
610	-8.75	11.75	55	2500,0
610	-9.25	11.25	55	2500,0
610	-9.75	11.25	55	2500,0
610	-9.75	12.25	55	2500,0
610	-10.25	12.75	55	2500,0
610	-10.75	12.75	55	2500,0
610	-10.75	11.25	55	2500,0
610	-10.25	10.75	55	2500,0
610	-10.25	10.25	55	2500,0
610	-11.25	10.25	55	2500,0
610	-11.75	9.75	55	2500,0
610	-11.75	9.25	55	2500,0
610	-9.25	9.25	55	2500,0
610	-8.75	9.75	55	2500,0
610	-8.25	9.75	55	2500,0
610	-8.25	8.75	55	2500,0
610	-7.75	8.25	55	2500,0
610	-7.75	7.75	55	2500,0
610	-9.25	6.25	55	2500,0
610	-11.25	6.25	55	2500,0
610	-11.25	5.25	55	2500,0
610	-11.75	5.25	55	2500,0
610	-12.25	5.75	55	2500,0
610	-12.75	5.75	55	2500,0
610	-12.75	5.25	55	2500,0
610	-12.25	4.75	55	2500,0
610	-12.25	4.25	55	2500,0
610	-12.75	4.25	55	2500,0
610	-13.25	4.75	55	2500,0
610	-14.25	4.75	55	2500,0
610	-14.25	5.25	55	2500,0
610	-13.25	6.25	55	2500,0
610	-13.25	7.75	55	2500,0
610	-14.25	8.75	55	2500,0
610	-14.25	9.25	55	2500,0
610	-13.75	9.75	55	2500,0
610	-13.75	10.25	55	2500,0
610	-14.25	10.75	55	2500,0
610	-14.75	10.75	55	2500,0
610	-14.75	9.75	55	2500,0
610	-15.75	8.75	55	2500,0
610	-15.75	8.25	55	2500,0
610	-14.75	8.25	55	2500,0
610	-14.75	5.75	55	2500,0
610	-15.25	5.25	55	2500,0
610	-15.25	4.25	55	2500,0
610	-16.25	4.25	55	2500,0
610	-17.25	3.25	55	2500,0
610	-18.25	3.25	55	2500,0
610	-18.25	2.75	55	2500,0
610	-17.75	2.25	55	2500,0
610	-17.75	1.75	55	2500,0
610	-18.25	1.75	55	2500,0
610	-19.25	2.75	55	2500,0
610	-19.75	2.75	55	2500,0
610	-19.75	1.75	55	2500,0
610	-20.25	1.75	55	2500,0
610	-20.75	2.25	55	2500,0
610	-20.75	3.75	55	2500,0
610	-20.25	4.25	55	2500,0
610	-18.25	4.25	55	2500,0
610	-18.25	5.25	55	2500,0
610	-17.75	5.75	55	2500,0
610	-17.75	6.25	55	2500,0
610	-18.75	6.25	55	2500,0
610	-18.75	6.75	55	2500,0
610	-18.25	7.25	55	2500,0
610	-18.25	8.25	55	2500,0
610	-17.75	8.75	55	2500,0
610	-17.75	9.25	55	2500,0
610	-18.25	9.25	55	2500,0
610	-18.75	8.75	55	2500,0
610	-20.25	8.75	55	2500,0
610	-20.75	9.25	55	2500,0
610	-21.75	9.25	55	2500,0
610	-22.25	9.75	55	2500,0
650	-18.25	13.75	76	2500,0
650	-18.25	14.25	76	2500,0
650	-17.25	15.25	76	2500,0
650	-16.75	15.25	76	2500,0
650	-16.75	14.25	76	2500,0
650	-16.25	14.25	76	2500,0
650	-15.25	15.25	76	2500,0
650	-14.75	15.25	76	2500,0
650	-14.75	14.75	76	2500,0
650	-15.25	14.25	76	2500,0
650	-15.25	13.25	76	2500,0
650	-16.25	12.25	76	2500,0
650	-16.75	12.25	76	2500,0
650	-17.25	12.75	76	2500,0
650	-17.25	13.75	76	2500,0
650	-18.25	13.75	76	2500,0
169	-3.25	28.75	197	2500,0
169	-3.25	29.25	197	2500,0
169	1.75	34.25	197	2500,0
169	2.25	34.25	197	2500,0
169	2.75	33.75	197	2500,0
169	4.25	33.75	197	2500,0
169	4.75	34.25	197	2500,0
169	5.25	34.25	197	2500,0
169	5.25	31.75	197	2500,0
169	4.25	31.75	197	2500,0
169	4.25	30.75	197	2500,0
169	3.75	30.75	197	2500,0
169	3.25	31.25	197	2500,0
169	2.75	31.25	197	2500,0
169	2.75	30.75	197	2500,0
169	3.25	30.25	197	2500,0
169	3.25	29.75	197	2500,0
169	2.75	29.25	197	2500,0
169	2.75	28.75	197	2500,0
169	3.25	28.25	197	2500,0
169	3.25	27.75	197	2500,0
169	2.75	27.25	197	2500,0
169	2.75	26.75	197	2500,0
169	3.25	26.75	197	2500,0
169	4.25	27.75	197	2500,0
169	4.75	27.75	197	2500,0
169	4.75	25.75	197	2500,0
169	5.25	25.25	197	2500,0
169	5.25	23.75	197	2500,0
169	4.75	23.75	197	2500,0
169	4.75	24.75	197	2500,0
169	3.25	24.75	197	2500,0
169	2.75	24.25	197	2500,0
169	2.75	23.75	197	2500,0
169	3.75	23.75	197	2500,0
169	3.75	21.25	197	2500,0
169	3.25	21.25	197	2500,0
169	2.75	21.75	197	2500,0
169	2.25	21.75	197	2500,0
169	2.25	20.75	197	2500,0
169	1.75	20.25	197	2500,0
169	1.75	19.75	197	2500,0
169	2.25	19.25	197	2500,0
169	3.25	19.25	197	2500,0
169	3.25	18.25	197	2500,0
169	3.75	17.75	197	2500,0
169	4.75	17.75	197	2500,0
169	5.25	17.25	197	2500,0
169	5.25	16.75	197	2500,0
169	4.25	15.75	197	2500,0
169	3.75	15.75	197	2500,0
169	3.75	16.75	197	2500,0
169	1.75	18.75	197	2500,0
169	1.25	18.75	197	2500,0
169	0.75	18.25	197	2500,0
169	-0.75	18.25	197	2500,0
169	-1.25	18.75	197	2500,0
169	-1.25	19.25	197	2500,0
169	0.75	19.25	197	2500,0
169	0.75	21.25	197	2500,0
169	1.25	21.75	197	2500,0
169	1.25	23.25	197	2500,0
169	0.25	24.25	197	2500,0
169	0.25	25.75	197	2500,0
169	0.75	25.75	197	2500,0
169	1.25	25.25	197	2500,0
169	1.75	25.25	197	2500,0
169	1.75	25.75	197	2500,0
169	0.75	26.75	197	2500,0
169	0.25	26.75	197	2500,0
169	-0.25	26.25	197	2500,0
169	-0.75	26.25	197	2500,0
169	-1.25	26.75	197	2500,0
169	-1.75	26.75	197	2500,0
169	-2.25	26.25	197	2500,0
169	-2.75	26.25	197	2500,0
169	-2.75	26.75	197	2500,0
169	-2.25	27.25	197	2500,0
169	-2.25	27.75	197	2500,0
169	-3.25	28.75	197	2500,0
169	-44.75	34.25	197	2550,0
169	-44.75	34.75	197	2550,0
169	-43.25	34.75	197	2550,0
169	-43.25	34.25	197	2550,0
169	-43.75	33.75	197	2550,0
169	-43.75	31.75	197	2550,0
169	-44.25	31.75	197	2550,0
169	-44.75	32.25	197	2550,0
169	-44.75	34.25	197	2550,0
170	4.75	29.75	197	2500,0
170	4.75	30.25	197	2500,0
170	5.25	30.25	197	2500,0
170	5.25	28.75	197	2500,0
170	4.75	28.75	197	2500,0
170	4.75	29.75	197	2500,0
170	-41.25	33.75	197	2550,0
170	-41.25	34.25	197	2550,0
170	-39.25	34.25	197	2550,0
170	-39.25	35.25	197	2550,0
170	-38.75	35.25	197	2550,0
170	-37.75	34.25	197	2550,0
170	-36.75	34.25	197	2550,0
170	-36.25	33.75	197	2550,0
170	-36.25	33.25	197	2550,0
170	-37.25	32.25	197	2550,0
170	-38.25	32.25	197	2550,0
170	-38.25	31.75	197	2550,0
170	-37.75	31.25	197	2550,0
170	-37.75	30.75	197	2550,0
170	-38.75	29.75	197	2550,0
170	-38.75	28.75	197	2550,0
170	-39.25	28.25	197	2550,0
170	-39.25	27.25	197	2550,0
170	-40.25	27.25	197	2550,0
170	-40.25	26.75	197	2550,0
170	-39.75	26.25	197	2550,0
170	-39.75	24.75	197	2550,0
170	-40.25	24.75	197	2550,0
170	-41.75	26.25	197	2550,0
170	-42.25	26.25	197	2550,0
170	-42.25	25.25	197	2550,0
170	-42.75	24.75	197	2550,0
170	-43.75	24.75	197	2550,0
170	-43.75	23.75	197	2550,0
170	-44.25	23.75	197	2550,0
170	-44.75	24.25	197	2550,0
170	-44.75	24.75	197	2550,0
170	-43.75	25.75	197	2550,0
170	-43.75	26.75	197	2550,0
170	-43.25	27.25	197	2550,0
170	-43.25	27.75	197	2550,0
170	-44.25	27.75	197	2550,0
170	-44.25	28.75	197	2550,0
170	-44.75	29.25	197	2550,0
170	-44.75	29.75	197	2550,0
170	-42.75	31.75	197	2550,0
170	-42.25	31.75	197	2550,0
170	-42.25	30.75	197	2550,0
170	-41.75	30.75	197	2550,0
170	-41.25	31.25	197	2550,0
170	-41.25	31.75	197	2550,0
170	-41.75	32.25	197	2550,0
170	-41.75	32.75	197	2550,0
170	-41.25	33.25	197	2550,0
170	-41.25	33.75	197	2550,0
693	2.25	34.25	98	2500,0
693	2.25	34.75	98	2500,0
693	4.75	37.25	98	2500,0
693	5.25	37.25	98	2500,0
693	5.25	34.75	98	2500,0
693	4.25	33.75	98	2500,0
693	2.75	33.75	98	2500,0
693	2.25	34.25	98	2500,0
693	-44.75	37.25	98	2550,0
693	-44.75	37.75	98	2550,0
693	-41.25	41.25	98	2550,0
693	-40.75	41.25	98	2550,0
693	-40.25	40.75	98	2550,0
693	-40.25	40.25	98	2550,0
693	-40.75	39.75	98	2550,0
693	-41.75	39.75	98	2550,0
693	-42.25	39.25	98	2550,0
693	-42.25	38.75	98	2550,0
693	-41.75	38.25	98	2550,0
693	-41.25	38.25	98	2550,0
693	-40.75	38.75	98	2550,0
693	-39.75	38.75	98	2550,0
693	-39.75	39.75	98	2550,0
693	-38.75	40.75	98	2550,0
693	-38.25	40.75	98	2550,0
693	-38.25	38.75	98	2550,0
693	-37.25	37.75	98	2550,0
693	-37.25	37.25	98	2550,0
693	-37.75	37.25	98	2550,0
693	-38.25	37.75	98	2550,0
693	-38.75	37.75	98	2550,0
693	-39.25	37.25	98	2550,0
693	-39.25	36.75	98	2550,0
693	-37.25	34.75	98	2550,0
693	-37.25	34.25	98	2550,0
693	-37.75	34.25	98	2550,0
693	-38.75	35.25	98	2550,0
693	-39.25	35.25	98	2550,0
693	-39.25	34.25	98	2550,0
693	-41.25	34.25	98	2550,0
693	-41.25	33.25	98	2550,0
693	-41.75	32.75	98	2550,0
693	-41.75	32.25	98	2550,0
693	-41.25	31.75	98	2550,0
693	-41.25	31.25	98	2550,0
693	-41.75	30.75	98	2550,0
693	-42.25	30.75	98	2550,0
693	-42.25	31.75	98	2550,0
693	-42.75	31.75	98	2550,0
693	-44.25	30.25	98	2550,0
693	-44.75	30.25	98	2550,0
693	-44.75	31.75	98	2550,0
693	-43.75	31.75	98	2550,0
693	-43.75	33.75	98	2550,0
693	-43.25	34.25	98	2550,0
693	-43.25	34.75	98	2550,0
693	-44.25	34.75	98	2550,0
693	-44.75	35.25	98	2550,0
693	-44.75	37.25	98	2550,0
694	2.75	30.75	98	2500,0
694	2.75	31.25	98	2500,0
694	3.25	31.25	98	2500,0
694	3.75	30.75	98	2500,0
694	4.25	30.75	98	2500,0
694	4.25	31.75	98	2500,0
694	4.75	31.75	98	2500,0
694	5.25	31.25	98	2500,0
694	5.25	30.75	98	2500,0
694	4.75	30.25	98	2500,0
694	4.75	28.75	98	2500,0
694	5.25	28.25	98	2500,0
694	5.25	25.75	98	2500,0
694	4.75	25.75	98	2500,0
694	4.75	27.75	98	2500,0
694	4.25	27.75	98	2500,0
694	3.25	26.75	98	2500,0
694	2.75	26.75	98	2500,0
694	2.75	27.25	98	2500,0
694	3.25	27.75	98	2500,0
694	3.25	28.25	98	2500,0
694	2.75	28.75	98	2500,0
694	2.75	29.25	98	2500,0
694	3.25	29.75	98	2500,0
694	3.25	30.25	98	2500,0
694	2.75	30.75	98	2500,0
694	-44.75	28.25	98	2550,0
694	-44.75	28.75	98	2550,0
694	-44.25	28.75	98	2550,0
694	-44.25	27.75	98	2550,0
694	-43.25	27.75	98	2550,0
694	-43.25	27.25	98	2550,0
694	-43.75	26.75	98	2550,0
694	-43.75	25.75	98	2550,0
694	-44.25	25.25	98	2550,0
694	-44.75	25.25	98	2550,0
694	-44.75	28.25	98	2550,0
129	-40.75	41.25	17	2550,0
129	-40.75	41.75	17	2550,0
129	-33.75	48.75	17	2550,0
129	-33.25	48.75	17	2550,0
129	-33.25	47.75	17	2550,0
129	-32.75	47.25	17	2550,0
129	-32.75	46.25	17	2550,0
129	-31.25	46.25	17	2550,0
129	-31.25	46.75	17	2550,0
129	-31.75	47.25	17	2550,0
129	-31.75	47.75	17	2550,0
129	-31.25	48.25	17	2550,0
129	-31.25	49.25	17	2550,0
129	-28.75	49.25	17	2550,0
129	-28.25	48.75	17	2550,0
129	-27.75	48.75	17	2550,0
129	-27.25	49.25	17	2550,0
129	-24.75	49.25	17	2550,0
129	-23.75	48.25	17	2550,0
129	-23.25	48.25	17	2550,0
129	-23.25	49.25	17	2550,0
129	-14.75	49.25	17	2550,0
129	-11.25	45.75	17	2550,0
129	-11.25	43.75	17	2550,0
129	-9.75	42.25	17	2550,0
129	-9.75	41.25	17	2550,0
129	-8.75	40.25	17	2550,0
129	-8.75	39.75	17	2550,0
129	-9.25	39.25	17	2550,0
129	-10.25	39.25	17	2550,0
129	-10.25	38.75	17	2550,0
129	-9.25	37.75	17	2550,0
129	-8.75	37.75	17	2550,0
129	-7.25	39.25	17	2550,0
129	-7.25	40.25	17	2550,0
129	-6.75	40.75	17	2550,0
129	-6.25	40.75	17	2550,0
129	-5.25	39.75	17	2550,0
129	-5.25	38.25	17	2550,0
129	-6.25	38.25	17	2550,0
129	-6.75	37.75	17	2550,0
129	-7.75	37.75	17	2550,0
129	-7.75	36.25	17	2550,0
129	-6.75	36.25	17	2550,0
129	-6.75	35.75	17	2550,0
129	-8.25	34.25	17	2550,0
129	-8.25	33.25	17	2550,0
129	-8.75	33.25	17	2550,0
129	-9.25	33.75	17	2550,0
129	-9.25	34.75	17	2550,0
129	-10.25	35.75	17	2550,0
129	-11.25	35.75	17	2550,0
129	-11.75	36.25	17	2550,0
129	-12.75	36.25	17	2550,0
129	-13.25	36.75	17	2550,0
129	-13.25	37.75	17	2550,0
129	-14.25	37.75	17	2550,0
129	-14.75	38.25	17	2550,0
129	-14.75	38.75	17	2550,0
129	-13.75	38.75	17	2550,0
129	-12.75	39.75	17	2550,0
129	-12.75	40.25	17	2550,0
129	-13.25	40.75	17	2550,0
129	-14.25	40.75	17	2550,0
129	-14.25	41.25	17	2550,0
129	-13.75	41.75	17	2550,0
129	-13.75	43.25	17	2550,0
129	-14.25	43.75	17	2550,0
129	-14.75	43.75	17	2550,0
129	-14.75	42.75	17	2550,0
129	-15.75	42.75	17	2550,0
129	-15.75	42.25	17	2550,0
129	-15.25	41.75	17	2550,0
129	-15.25	40.25	17	2550,0
129	-15.75	39.75	17	2550,0
129	-16.75	39.75	17	2550,0
129	-17.25	39.25	17	2550,0
129	-18.75	39.25	17	2550,0
129	-18.75	40.25	17	2550,0
129	-19.25	40.25	17	2550,0
129	-19.75	39.75	17	2550,0
129	-19.75	36.75	17	2550,0
129	-20.25	36.25	17	2550,0
129	-20.25	35.75	17	2550,0
129	-19.25	35.75	17	2550,0
129	-17.75	34.25	17	2550,0
129	-17.75	33.25	17	2550,0
129	-17.25	32.75	17	2550,0
129	-16.75	32.75	17	2550,0
129	-16.25	33.25	17	2550,0
129	-14.75	33.25	17	2550,0
129	-14.75	32.75	17	2550,0
129	-15.25	32.25	17	2550,0
129	-15.25	31.25	17	2550,0
129	-15.75	31.25	17	2550,0
129	-16.25	31.75	17	2550,0
129	-16.75	31.75	17	2550,0
129	-17.25	31.25	17	2550,0
129	-17.75	31.25	17	2550,0
129	-18.75	32.25	17	2550,0
129	-18.75	34.25	17	2550,0
129	-20.25	34.25	17	2550,0
129	-20.75	33.75	17	2550,0
129	-20.75	33.25	17	2550,0
129	-20.25	32.75	17	2550,0
129	-20.25	32.25	17	2550,0
129	-20.75	31.75	17	2550,0
129	-20.75	31.25	17	2550,0
129	-19.75	30.25	17	2550,0
129	-19.75	29.75	17	2550,0
129	-21.25	29.75	17	2550,0
129	-21.25	30.75	17	2550,0
129	-21.75	31.25	17	2550,0
129	-22.75	31.25	17	2550,0
129	-23.75	32.25	17	2550,0
129	-23.75	32.75	17	2550,0
129	-23.25	33.25	17	2550,0
129	-23.25	33.75	17	2550,0
129	-23.75	34.25	17	2550,0
129	-24.75	34.25	17	2550,0
129	-25.25	34.75	17	2550,0
129	-25.25	35.75	17	2550,0
129	-27.75	35.75	17	2550,0
129	-27.75	35.25	17	2550,0
129	-27.25	34.75	17	2550,0
129	-27.25	33.75	17	2550,0
129	-26.25	32.75	17	2550,0
129	-25.25	32.75	17	2550,0
129	-24.75	32.25	17	2550,0
129	-24.75	31.75	17	2550,0
129	-25.25	31.25	17	2550,0
129	-25.75	31.25	17	2550,0
129	-27.75	33.25	17	2550,0
129	-29.25	33.25	17	2550,0
129	-29.25	32.75	17	2550,0
129	-28.75	32.25	17	2550,0
129	-28.75	31.75	17	2550,0
129	-29.75	31.75	17	2550,0
129	-29.75	30.75	17	2550,0
129	-30.25	30.75	17	2550,0
129	-30.75	31.25	17	2550,0
129	-30.75	32.25	17	2550,0
129	-31.25	32.75	17	2550,0
129	-31.75	32.75	17	2550,0
129	-31.75	31.75	17	2550,0
129	-32.75	30.75	17	2550,0
129	-33.25	30.75	17	2550,0
129	-33.25	31.75	17	2550,0
129	-34.75	33.25	17	2550,0
129	-34.75	34.25	17	2550,0
129	-35.75	35.25	17	2550,0
129	-36.25	35.25	17	2550,0
129	-36.75	34.75	17	2550,0
129	-37.25	34.75	17	2550,0
129	-39.25	36.75	17	2550,0
129	-39.25	37.25	17	2550,0
129	-38.75	37.75	17	2550,0
129	-38.25	37.75	17	2550,0
129	-37.75	37.25	17	2550,0
129	-37.25	37.25	17	2550,0
129	-37.25	37.75	17	2550,0
129	-38.25	38.75	17	2550,0
129	-38.25	40.75	17	2550,0
129	-38.75	40.75	17	2550,0
129	-39.75	39.75	17	2550,0
129	-39.75	38.75	17	2550,0
129	-40.75	38.75	17	2550,0
129	-41.25	38.25	17	2550,0
129	-41.75	38.25	17	2550,0
129	-42.25	38.75	17	2550,0
129	-42.25	39.25	17	2550,0
129	-41.75	39.75	17	2550,0
129	-40.75	39.75	17	2550,0
129	-40.25	40.25	17	2550,0
129	-40.25	40.75	17	2550,0
129	-40.75	41.25	17	2550,0
129	-32.75	-0.75	17	2550,50
129	-32.75	-0.25	17	2550,50
129	-31.25	1.25	17	2550,50
129	-30.25	1.25	17	2550,50
129	-29.75	1.75	17	2550,50
129	-29.25	1.75	17	2550,50
129	-28.75	1.25	17	2550,50
129	-28.75	-0.25	17	2550,50
129	-29.25	-0.75	17	2550,50
129	-32.75	-0.75	17	2550,50
129	-45.25	4.75	17	2600,50
129	-45.25	5.25	17	2600,50
129	-42.75	5.25	17	2600,50
129	-42.75	4.75	17	2600,50
129	-43.25	4.25	17	2600,50
129	-44.25	4.25	17	2600,50
129	-44.25	3.75	17	2600,50
129	-43.25	2.75	17	2600,50
129	-43.25	2.25	17	2600,50
129	-43.75	2.25	17	2600,50
129	-44.25	2.75	17	2600,50
129	-45.25	2.75	17	2600,50
129	-45.25	4.75	17	2600,50
130	-32.25	48.75	17	2550,0
130	-32.25	49.25	17	2550,0
130	-31.75	49.25	17	2550,0
130	-31.75	48.75	17	2550,0
130	-32.25	48.75	17	2550,0
130	-26.75	-0.75	17	2550,50
130	-26.75	-0.25	17	2550,50
130	-26.25	-0.25	17	2550,50
130	-26.25	-0.75	17	2550,50
130	-26.75	-0.75	17	2550,50
131	-25.75	47.25	17	2550,0
131	-25.75	47.75	17	2550,0
131	-25.25	47.75	17	2550,0
131	-23.75	46.25	17	2550,0
131	-22.75	46.25	17	2550,0
131	-22.75	45.25	17	2550,0
131	-22.25	45.25	17	2550,0
131	-21.75	45.75	17	2550,0
131	-21.25	45.75	17	2550,0
131	-20.75	45.25	17	2550,0
131	-19.25	45.25	17	2550,0
131	-19.25	46.25	17	2550,0
131	-17.75	46.25	17	2550,0
131	-17.25	45.75	17	2550,0
131	-17.25	45.25	17	2550,0
131	-18.25	45.25	17	2550,0
131	-18.75	44.75	17	2550,0
131	-18.75	43.75	17	2550,0
131	-20.25	43.75	17	2550,0
131	-20.75	44.25	17	2550,0
131	-21.25	44.25	17	2550,0
131	-21.75	43.75	17	2550,0
131	-21.75	42.75	17	2550,0
131	-22.25	42.25	17	2550,0
131	-22.25	40.75	17	2550,0
131	-21.25	40.75	17	2550,0
131	-21.25	39.75	17	2550,0
131	-20.75	39.25	17	2550,0
131	-20.75	38.25	17	2550,0
131	-20.25	37.75	17	2550,0
131	-20.25	37.25	17	2550,0
131	-20.75	37.25	17	2550,0
131	-22.25	38.75	17	2550,0
131	-23.25	38.75	17	2550,0
131	-23.25	40.75	17	2550,0
131	-23.75	41.25	17	2550,0
131	-23.75	41.75	17	2550,0
131	-23.25	42.25	17	2550,0
131	-23.25	42.75	17	2550,0
131	-23.75	43.25	17	2550,0
131	-23.75	43.75	17	2550,0
131	-23.25	44.25	17	2550,0
131	-23.25	44.75	17	2550,0
131	-24.25	44.75	17	2550,0
131	-24.25	45.75	17	2550,0
131	-24.75	46.25	17	2550,0
131	-25.75	46.25	17	2550,0
131	-25.75	47.25	17	2550,0
131	-25.75	0.25	17	2550,50
131	-25.75	0.75	17	2550,50
131	-25.25	1.25	17	2550,50
131	-24.75	1.25	17	2550,50
131	-23.75	0.25	17	2550,50
131	-23.75	-0.25	17	2550,50
131	-24.25	-0.75	17	2550,50
131	-25.75	-0.75	17	2550,50
131	-25.75	0.25	17	2550,50
132	-10.25	48.75	17	2550,0
132	-10.25	49.25	17	2550,0
132	-0.75	49.25	17	2550,0
132	-0.75	48.75	17	2550,0
132	-1.25	48.25	17	2550,0
132	-5.25	48.25	17	2550,0
132	-6.25	47.25	17	2550,0
132	-8.75	47.25	17	2550,0
132	-10.25	48.75	17	2550,0
132	-21.25	1.75	17	2550,50
132	-21.25	2.25	17	2550,50
132	-20.25	3.25	17	2550,50
132	-18.75	3.25	17	2550,50
132	-18.75	2.25	17	2550,50
132	-17.75	2.25	17	2550,50
132	-16.25	0.75	17	2550,50
132	-16.25	-0.75	17	2550,50
132	-22.75	-0.75	17	2550,50
132	-22.75	-0.25	17	2550,50
132	-21.75	0.75	17	2550,50
132	-20.75	0.75	17	2550,50
132	-20.25	1.25	17	2550,50
132	-20.25	1.75	17	2550,50
132	-21.25	1.75	17	2550,50
133	-4.25	42.75	17	2550,0
133	-4.25	43.25	17	2550,0
133	-3.75	43.25	17	2550,0
133	-3.75	42.75	17	2550,0
133	-4.25	42.75	17	2550,0
133	-14.75	3.25	17	2550,50
133	-14.75	3.75	17	2550,50
133	-14.25	3.75	17	2550,50
133	-13.75	3.25	17	2550,50
133	-13.75	2.75	17	2550,50
133	-14.25	2.75	17	2550,50
133	-14.75	3.25	17	2550,50
134	-3.25	41.75	17	2550,0
134	-3.25	42.25	17	2550,0
134	-2.75	42.25	17	2550,0
134	-2.75	41.75	17	2550,0
134	-3.25	41.75	17	2550,0
134	-15.75	-0.25	17	2550,50
134	-15.75	-0.75	17	2550,50
134	-15.25	-0.75	17	2550,50
134	-15.25	-0.25	17	2550,50
134	-15.75	-0.25	17	2550,50
141	-33.25	48.75	174	2550,0
141	-33.25	49.25	174	2550,0
141	-32.75	49.25	174	2550,0
141	-32.25	48.75	174	2550,0
141	-31.25	48.75	174	2550,0
141	-31.25	48.25	174	2550,0
141	-31.75	47.75	174	2550,0
141	-31.75	47.25	174	2550,0
141	-31.25	46.75	174	2550,0
141	-31.25	46.25	174	2550,0
141	-32.75	46.25	174	2550,0
141	-32.75	47.25	174	2550,0
141	-33.25	47.75	174	2550,0
141	-33.25	48.75	174	2550,0
135	-13.25	1.75	17	2550,50
135	-13.25	2.25	17	2550,50
135	-12.25	2.25	17	2550,50
135	-11.75	2.75	17	2550,50
135	-10.75	2.75	17	2550,50
135	-10.75	3.75	17	2550,50
135	-9.75	3.75	17	2550,50
135	-9.75	4.75	17	2550,50
135	-9.25	5.25	17	2550,50
135	-8.75	5.25	17	2550,50
135	-8.25	4.75	17	2550,50
135	-8.25	3.75	17	2550,50
135	-7.75	3.75	17	2550,50
135	-7.25	4.25	17	2550,50
135	-6.25	4.25	17	2550,50
135	-5.75	4.75	17	2550,50
135	-5.25	4.75	17	2550,50
135	-5.25	3.75	17	2550,50
135	-4.25	3.75	17	2550,50
135	-2.75	2.25	17	2550,50
135	-2.75	1.25	17	2550,50
135	-2.25	0.75	17	2550,50
135	-1.25	0.75	17	2550,50
135	-1.25	0.25	17	2550,50
135	-2.25	-0.75	17	2550,50
135	-10.75	-0.75	17	2550,50
135	-11.75	0.25	17	2550,50
135	-12.75	0.25	17	2550,50
135	-12.75	1.25	17	2550,50
135	-13.25	1.75	17	2550,50
136	0.25	3.25	17	2550,50
136	0.25	3.75	17	2550,50
136	0.75	3.75	17	2550,50
136	1.25	3.25	17	2550,50
136	1.75	3.25	17	2550,50
136	1.75	4.25	17	2550,50
136	2.25	4.25	17	2550,50
136	3.25	3.25	17	2550,50
136	3.75	3.25	17	2550,50
136	4.25	3.75	17	2550,50
136	4.25	4.75	17	2550,50
136	4.75	4.75	17	2550,50
136	4.75	3.25	17	2550,50
136	3.75	2.25	17	2550,50
136	3.75	1.25	17	2550,50
136	3.25	0.75	17	2550,50
136	3.25	0.25	17	2550,50
136	4.25	0.25	17	2550,50
136	4.25	-0.25	17	2550,50
136	3.75	-0.75	17	2550,50
136	2.25	-0.75	17	2550,50
136	1.75	-0.25	17	2550,50
136	0.25	-0.25	17	2550,50
136	-0.25	-0.75	17	2550,50
136	-0.75	-0.75	17	2550,50
136	-0.75	-0.25	17	2550,50
136	0.25	0.75	17	2550,50
136	1.25	0.75	17	2550,50
136	1.25	1.25	17	2550,50
136	0.25	2.25	17	2550,50
136	0.25	3.25	17	2550,50
144	-30.75	1.25	177	2550,50
144	-30.75	1.75	177	2550,50
144	-27.75	4.75	177	2550,50
144	-27.25	4.75	177	2550,50
144	-26.75	4.25	177	2550,50
144	-26.75	2.75	177	2550,50
144	-28.75	2.75	177	2550,50
144	-28.75	2.25	177	2550,50
144	-28.25	1.75	177	2550,50
144	-28.25	1.25	177	2550,50
144	-28.75	1.25	177	2550,50
144	-29.25	1.75	177	2550,50
144	-29.75	1.75	177	2550,50
144	-30.25	1.25	177	2550,50
144	-30.75	1.25	177	2550,50
281	-27.25	4.75	27	2550,50
281	-27.25	5.25	27	2550,50
281	-26.25	6.25	27	2550,50
281	-25.25	6.25	27	2550,50
281	-24.75	6.75	27	2550,50
281	-24.75	7.75	27	2550,50
281	-24.25	8.25	27	2550,50
281	-23.75	8.25	27	2550,50
281	-23.25	7.75	27	2550,50
281	-23.25	7.25	27	2550,50
281	-23.75	6.75	27	2550,50
281	-23.75	6.25	27	2550,50
281	-23.25	5.75	27	2550,50
281	-22.75	5.75	27	2550,50
281	-22.75	6.75	27	2550,50
281	-22.25	6.75	27	2550,50
281	-21.75	6.25	27	2550,50
281	-21.75	5.75	27	2550,50
281	-22.75	4.75	27	2550,50
281	-22.75	4.25	27	2550,50
281	-22.25	4.25	27	2550,50
281	-21.25	5.25	27	2550,50
281	-20.75	5.25	27	2550,50
281	-19.25	3.75	27	2550,50
281	-19.25	3.25	27	2550,50
281	-22.25	3.25	27	2550,50
281	-22.25	2.25	27	2550,50
281	-23.25	2.25	27	2550,50
281	-23.75	1.75	27	2550,50
281	-24.25	1.75	27	2550,50
281	-24.25	2.25	27	2550,50
281	-23.25	3.25	27	2550,50
281	-23.25	3.75	27	2550,50
281	-23.75	4.25	27	2550,50
281	-24.25	4.25	27	2550,50
281	-24.75	3.75	27	2550,50
281	-24.75	2.75	27	2550,50
281	-28.25	-0.75	27	2550,50
281	-28.75	-0.75	27	2550,50
281	-28.75	0.75	27	2550,50
281	-28.25	1.25	27	2550,50
281	-28.25	1.75	27	2550,50
281	-28.75	2.25	27	2550,50
281	-28.75	2.75	27	2550,50
281	-26.75	2.75	27	2550,50
281	-26.75	4.25	27	2550,50
281	-27.25	4.75	27	2550,50
282	-21.75	10.25	27	2550,50
282	-21.75	10.75	27	2550,50
282	-21.25	10.75	27	2550,50
282	-21.25	10.25	27	2550,50
282	-21.75	10.25	27	2550,50
283	-20.25	8.75	27	2550,50
283	-20.25	9.25	27	2550,50
283	-19.75	9.25	27	2550,50
283	-19.75	8.75	27	2550,50
283	-20.25	8.75	27	2550,50
284	-19.25	9.25	27	2550,50
284	-19.25	7.75	27	2550,50
284	-18.75	7.25	27	2550,50
284	-18.25	7.25	27	2550,50
284	-17.75	7.75	27	2550,50
284	-16.75	7.75	27	2550,50
284	-16.75	8.25	27	2550,50
284	-17.25	8.75	27	2550,50
284	-17.75	8.75	27	2550,50
284	-18.25	8.25	27	2550,50
284	-18.75	8.25	27	2550,50
284	-18.75	9.25	27	2550,50
284	-19.25	9.25	27	2550,50
285	-17.25	5.75	27	2550,50
285	-17.25	6.25	27	2550,50
285	-16.75	6.25	27	2550,50
285	-16.75	5.75	27	2550,50
285	-17.25	5.75	27	2550,50
373	-25.75	6.25	326	2550,50
373	-25.75	6.75	326	2550,50
373	-25.25	7.25	326	2550,50
373	-24.75	7.25	326	2550,50
373	-24.75	6.75	326	2550,50
373	-25.25	6.25	326	2550,50
373	-25.75	6.25	326	2550,50
118	-21.25	10.75	162	2550,50
118	-21.25	11.25	162	2550,50
118	-20.75	11.75	162	2550,50
118	-19.75	11.75	162	2550,50
118	-19.75	12.75	162	2550,50
118	-15.25	17.25	162	2550,50
118	-14.75	17.25	162	2550,50
118	-14.75	16.25	162	2550,50
118	-13.75	16.25	162	2550,50
118	-13.75	14.25	162	2550,50
118	-12.75	14.25	162	2550,50
118	-12.75	13.25	162	2550,50
118	-11.75	13.25	162	2550,50
118	-10.75	12.25	162	2550,50
118	-10.25	12.25	162	2550,50
118	-9.75	12.75	162	2550,50
118	-7.75	12.75	162	2550,50
118	-7.75	13.25	162	2550,50
118	-8.25	13.75	162	2550,50
118	-8.25	14.75	162	2550,50
118	-8.75	14.75	162	2550,50
118	-9.25	14.25	162	2550,50
118	-9.75	14.25	162	2550,50
118	-10.25	14.75	162	2550,50
118	-10.75	14.75	162	2550,50
118	-11.25	14.25	162	2550,50
118	-11.75	14.25	162	2550,50
118	-11.75	15.75	162	2550,50
118	-10.75	15.75	162	2550,50
118	-10.75	16.25	162	2550,50
118	-13.25	18.75	162	2550,50
118	-13.25	19.25	162	2550,50
118	-9.75	22.75	162	2550,50
118	-9.25	22.75	162	2550,50
118	-9.25	21.75	162	2550,50
118	-8.25	20.75	162	2550,50
118	-7.75	20.75	162	2550,50
118	-7.25	21.25	162	2550,50
118	-5.75	21.25	162	2550,50
118	-5.75	20.25	162	2550,50
118	-4.75	19.25	162	2550,50
118	-4.75	18.75	162	2550,50
118	-5.75	17.75	162	2550,50
118	-6.25	17.75	162	2550,50
118	-6.75	18.25	162	2550,50
118	-7.25	18.25	162	2550,50
118	-7.25	17.75	162	2550,50
118	-6.75	17.25	162	2550,50
118	-6.75	16.25	162	2550,50
118	-6.25	16.25	162	2550,50
118	-5.25	17.25	162	2550,50
118	-4.75	17.25	162	2550,50
118	-4.25	16.75	162	2550,50
118	-3.25	16.75	162	2550,50
118	-2.25	15.75	162	2550,50
118	-2.25	15.25	162	2550,50
118	-3.25	14.25	162	2550,50
118	-3.75	14.25	162	2550,50
118	-3.75	14.75	162	2550,50
118	-3.25	15.25	162	2550,50
118	-3.25	15.75	162	2550,50
118	-3.75	15.75	162	2550,50
118	-4.75	14.75	162	2550,50
118	-5.25	14.75	162	2550,50
118	-5.25	15.75	162	2550,50
118	-5.75	15.75	162	2550,50
118	-6.25	15.25	162	2550,50
118	-6.25	14.75	162	2550,50
118	-5.75	14.25	162	2550,50
118	-5.75	13.75	162	2550,50
118	-6.75	12.75	162	2550,50
118	-6.75	12.25	162	2550,50
118	-6.25	11.75	162	2550,50
118	-6.25	11.25	162	2550,50
118	-7.25	11.25	162	2550,50
118	-7.25	8.25	162	2550,50
118	-8.25	8.25	162	2550,50
118	-9.25	7.25	162	2550,50
118	-9.25	6.25	162	2550,50
118	-9.75	5.75	162	2550,50
118	-11.25	5.75	162	2550,50
118	-11.25	6.75	162	2550,50
118	-14.25	6.75	162	2550,50
118	-14.25	7.75	162	2550,50
118	-14.75	7.75	162	2550,50
118	-15.25	7.25	162	2550,50
118	-15.25	6.25	162	2550,50
118	-15.75	5.75	162	2550,50
118	-16.25	5.75	162	2550,50
118	-16.75	6.25	162	2550,50
118	-17.75	6.25	162	2550,50
118	-18.25	6.75	162	2550,50
118	-18.25	7.25	162	2550,50
118	-17.75	7.75	162	2550,50
118	-16.75	7.75	162	2550,50
118	-16.75	8.25	162	2550,50
118	-17.25	8.75	162	2550,50
118	-17.25	9.25	162	2550,50
118	-16.75	9.75	162	2550,50
118	-16.75	10.25	162	2550,50
118	-17.25	10.75	162	2550,50
118	-17.75	10.75	162	2550,50
118	-17.75	9.75	162	2550,50
118	-18.25	9.75	162	2550,50
118	-19.25	10.75	162	2550,50
118	-19.75	10.75	162	2550,50
118	-20.25	10.25	162	2550,50
118	-20.75	10.25	162	2550,50
118	-21.25	10.75	162	2550,50
119	-11.75	19.25	162	2550,50
119	-11.75	19.75	162	2550,50
119	-11.25	20.25	162	2550,50
119	-10.75	20.25	162	2550,50
119	-10.75	19.25	162	2550,50
119	-10.25	19.25	162	2550,50
119	-9.75	19.75	162	2550,50
119	-9.75	20.25	162	2550,50
119	-10.25	20.75	162	2550,50
119	-10.25	21.25	162	2550,50
119	-9.75	21.25	162	2550,50
119	-7.75	19.25	162	2550,50
119	-7.75	18.75	162	2550,50
119	-8.75	18.75	162	2550,50
119	-9.25	18.25	162	2550,50
119	-9.25	17.25	162	2550,50
119	-10.75	17.25	162	2550,50
119	-11.25	17.75	162	2550,50
119	-11.25	18.75	162	2550,50
119	-11.75	19.25	162	2550,50
120	-16.25	11.75	162	2550,50
120	-16.25	12.25	162	2550,50
120	-15.75	12.75	162	2550,50
120	-15.25	12.75	162	2550,50
120	-15.25	12.25	162	2550,50
120	-15.75	11.75	162	2550,50
120	-16.25	11.75	162	2550,50
416	-20.25	11.75	357	2550,50
416	-20.25	12.25	357	2550,50
416	-19.75	12.25	357	2550,50
416	-19.75	11.75	357	2550,50
416	-20.25	11.75	357	2550,50
223	-14.75	17.25	226	2550,50
223	-14.75	17.75	226	2550,50
223	-13.75	18.75	226	2550,50
223	-13.25	18.75	226	2550,50
223	-10.75	16.25	226	2550,50
223	-10.75	15.75	226	2550,50
223	-11.75	15.75	226	2550,50
223	-11.75	14.25	226	2550,50
223	-11.25	14.25	226	2550,50
223	-10.75	14.75	226	2550,50
223	-10.25	14.75	226	2550,50
223	-9.75	14.25	226	2550,50
223	-9.25	14.25	226	2550,50
223	-8.75	14.75	226	2550,50
223	-8.25	14.75	226	2550,50
223	-8.25	13.75	226	2550,50
223	-7.75	13.25	226	2550,50
223	-7.75	12.75	226	2550,50
223	-9.75	12.75	226	2550,50
223	-10.25	12.25	226	2550,50
223	-10.75	12.25	226	2550,50
223	-11.75	13.25	226	2550,50
223	-12.75	13.25	226	2550,50
223	-12.75	14.25	226	2550,50
223	-13.75	14.25	226	2550,50
223	-13.75	16.25	226	2550,50
223	-14.75	16.25	226	2550,50
223	-14.75	17.25	226	2550,50
636	-9.25	22.75	7	2550,50
636	-9.25	23.25	7	2550,50
636	0.75	33.25	7	2550,50
636	1.25	33.25	7	2550,50
636	1.25	32.75	7	2550,50
636	0.75	32.25	7	2550,50
636	0.75	31.75	7	2550,50
636	1.25	31.25	7	2550,50
636	1.75	31.25	7	2550,50
636	1.75	32.25	7	2550,50
636	2.25	32.25	7	2550,50
636	2.75	31.75	7	2550,50
636	2.75	31.25	7	2550,50
636	2.25	30.75	7	2550,50
636	2.25	30.25	7	2550,50
636	3.25	30.25	7	2550,50
636	3.75	29.75	7	2550,50
636	4.75	29.75	7	2550,50
636	4.75	27.25	7	2550,50
636	4.25	26.75	7	2550,50
636	3.75	26.75	7	2550,50
636	3.75	27.75	7	2550,50
636	3.25	28.25	7	2550,50
636	2.75	28.25	7	2550,50
636	2.75	25.75	7	2550,50
636	3.25	25.25	7	2550,50
636	4.25	25.25	7	2550,50
636	4.25	24.25	7	2550,50
636	4.75	23.75	7	2550,50
636	4.75	19.25	7	2550,50
636	3.75	19.25	7	2550,50
636	3.25	18.75	7	2550,50
636	3.25	17.25	7	2550,50
636	3.75	16.75	7	2550,50
636	3.75	16.25	7	2550,50
636	3.25	16.25	7	2550,50
636	2.25	17.25	7	2550,50
636	0.25	17.25	7	2550,50
636	-0.75	18.25	7	2550,50
636	-1.25	18.25	7	2550,50
636	-1.25	16.75	7	2550,50
636	-0.75	16.25	7	2550,50
636	-0.75	15.25	7	2550,50
636	0.25	15.25	7	2550,50
636	0.25	14.75	7	2550,50
636	-0.25	14.25	7	2550,50
636	-0.25	13.75	7	2550,50
636	0.25	13.25	7	2550,50
636	0.25	12.75	7	2550,50
636	-0.25	12.75	7	2550,50
636	-1.25	13.75	7	2550,50
636	-3.25	13.75	7	2550,50
636	-3.25	14.25	7	2550,50
636	-2.25	15.25	7	2550,50
636	-2.25	15.75	7	2550,50
636	-3.25	16.75	7	2550,50
636	-4.25	16.75	7	2550,50
636	-4.75	17.25	7	2550,50
636	-5.25	17.25	7	2550,50
636	-6.25	16.25	7	2550,50
636	-6.75	16.25	7	2550,50
636	-6.75	17.25	7	2550,50
636	-7.25	17.75	7	2550,50
636	-7.25	18.25	7	2550,50
636	-6.75	18.25	7	2550,50
636	-6.25	17.75	7	2550,50
636	-5.75	17.75	7	2550,50
636	-4.75	18.75	7	2550,50
636	-4.75	19.25	7	2550,50
636	-5.75	20.25	7	2550,50
636	-5.75	21.25	7	2550,50
636	-7.25	21.25	7	2550,50
636	-7.75	20.75	7	2550,50
636	-8.25	20.75	7	2550,50
636	-9.25	21.75	7	2550,50
636	-9.25	22.75	7	2550,50
636	-40.75	41.25	7	2600,50
636	-40.75	41.75	7	2600,50
636	-33.75	48.75	7	2600,50
636	-31.25	48.75	7	2600,50
636	-30.75	48.25	7	2600,50
636	-30.75	47.75	7	2600,50
636	-31.25	47.25	7	2600,50
636	-32.25	47.25	7	2600,50
636	-33.75	45.75	7	2600,50
636	-34.75	45.75	7	2600,50
636	-35.75	44.75	7	2600,50
636	-35.75	44.25	7	2600,50
636	-33.25	44.25	7	2600,50
636	-32.75	44.75	7	2600,50
636	-31.75	44.75	7	2600,50
636	-31.75	45.75	7	2600,50
636	-30.25	45.75	7	2600,50
636	-30.25	44.75	7	2600,50
636	-29.75	44.25	7	2600,50
636	-29.75	43.75	7	2600,50
636	-30.75	43.75	7	2600,50
636	-30.75	43.25	7	2600,50
636	-30.25	42.75	7	2600,50
636	-29.25	42.75	7	2600,50
636	-28.75	42.25	7	2600,50
636	-28.25	42.25	7	2600,50
636	-27.75	42.75	7	2600,50
636	-27.75	43.25	7	2600,50
636	-28.25	43.75	7	2600,50
636	-28.25	44.75	7	2600,50
636	-28.75	45.25	7	2600,50
636	-28.75	46.25	7	2600,50
636	-29.25	46.75	7	2600,50
636	-30.25	46.75	7	2600,50
636	-30.25	47.25	7	2600,50
636	-29.75	47.75	7	2600,50
636	-29.75	48.75	7	2600,50
636	-23.25	48.75	7	2600,50
636	-23.25	47.75	7	2600,50
636	-22.75	47.25	7	2600,50
636	-22.75	46.75	7	2600,50
636	-23.25	46.25	7	2600,50
636	-23.25	44.75	7	2600,50
636	-22.75	44.25	7	2600,50
636	-22.75	43.75	7	2600,50
636	-23.25	43.75	7	2600,50
636	-23.75	44.25	7	2600,50
636	-24.25	44.25	7	2600,50
636	-24.25	43.25	7	2600,50
636	-24.75	42.75	7	2600,50
636	-24.75	42.25	7	2600,50
636	-24.25	41.75	7	2600,50
636	-23.25	41.75	7	2600,50
636	-22.75	41.25	7	2600,50
636	-20.75	41.25	7	2600,50
636	-20.75	38.75	7	2600,50
636	-21.75	37.75	7	2600,50
636	-21.75	37.25	7	2600,50
636	-21.25	36.75	7	2600,50
636	-19.25	36.75	7	2600,50
636	-19.25	33.75	7	2600,50
636	-18.75	33.25	7	2600,50
636	-18.25	33.25	7	2600,50
636	-18.25	34.25	7	2600,50
636	-17.25	35.25	7	2600,50
636	-16.75	35.25	7	2600,50
636	-16.75	34.75	7	2600,50
636	-17.25	34.25	7	2600,50
636	-17.25	33.25	7	2600,50
636	-18.25	32.25	7	2600,50
636	-18.25	31.75	7	2600,50
636	-17.25	31.75	7	2600,50
636	-17.25	31.25	7	2600,50
636	-17.75	30.75	7	2600,50
636	-17.75	30.25	7	2600,50
636	-17.25	30.25	7	2600,50
636	-16.75	30.75	7	2600,50
636	-16.25	30.75	7	2600,50
636	-15.75	30.25	7	2600,50
636	-15.25	30.25	7	2600,50
636	-15.25	30.75	7	2600,50
636	-15.75	31.25	7	2600,50
636	-15.75	32.25	7	2600,50
636	-16.75	32.25	7	2600,50
636	-16.75	32.75	7	2600,50
636	-16.25	33.25	7	2600,50
636	-16.25	34.25	7	2600,50
636	-15.75	34.75	7	2600,50
636	-15.75	35.75	7	2600,50
636	-14.75	36.75	7	2600,50
636	-14.25	36.75	7	2600,50
636	-13.75	36.25	7	2600,50
636	-13.75	35.25	7	2600,50
636	-12.25	33.75	7	2600,50
636	-12.25	33.25	7	2600,50
636	-12.75	32.75	7	2600,50
636	-12.75	32.25	7	2600,50
636	-12.25	31.75	7	2600,50
636	-12.25	31.25	7	2600,50
636	-13.25	31.25	7	2600,50
636	-13.75	30.75	7	2600,50
636	-13.75	30.25	7	2600,50
636	-11.75	28.25	7	2600,50
636	-11.25	28.25	7	2600,50
636	-10.25	29.25	7	2600,50
636	-10.25	30.25	7	2600,50
636	-8.75	30.25	7	2600,50
636	-8.75	29.25	7	2600,50
636	-7.75	29.25	7	2600,50
636	-6.75	28.25	7	2600,50
636	-6.75	27.25	7	2600,50
636	-5.25	25.75	7	2600,50
636	-4.75	25.75	7	2600,50
636	-4.75	27.25	7	2600,50
636	-5.75	27.25	7	2600,50
636	-5.75	27.75	7	2600,50
636	-5.25	28.25	7	2600,50
636	-5.25	28.75	7	2600,50
636	-5.75	29.25	7	2600,50
636	-5.75	30.25	7	2600,50
636	-6.25	30.75	7	2600,50
636	-6.75	30.75	7	2600,50
636	-6.75	29.75	7	2600,50
636	-7.25	29.75	7	2600,50
636	-7.75	30.25	7	2600,50
636	-7.75	31.75	7	2600,50
636	-7.25	32.25	7	2600,50
636	-7.25	32.75	7	2600,50
636	-8.25	33.75	7	2600,50
636	-10.25	33.75	7	2600,50
636	-11.25	34.75	7	2600,50
636	-12.25	34.75	7	2600,50
636	-13.25	35.75	7	2600,50
636	-13.25	36.25	7	2600,50
636	-12.75	36.75	7	2600,50
636	-12.25	36.75	7	2600,50
636	-12.25	35.75	7	2600,50
636	-11.75	35.75	7	2600,50
636	-11.25	36.25	7	2600,50
636	-10.75	36.25	7	2600,50
636	-10.75	35.25	7	2600,50
636	-10.25	34.75	7	2600,50
636	-7.75	34.75	7	2600,50
636	-6.25	36.25	7	2600,50
636	-4.25	36.25	7	2600,50
636	-2.25	38.25	7	2600,50
636	-2.25	39.25	7	2600,50
636	-1.75	39.25	7	2600,50
636	-0.75	38.25	7	2600,50
636	-0.75	36.25	7	2600,50
636	-0.25	35.75	7	2600,50
636	0.25	35.75	7	2600,50
636	0.75	36.25	7	2600,50
636	1.25	36.25	7	2600,50
636	1.25	34.25	7	2600,50
636	2.25	33.25	7	2600,50
636	5.25	33.25	7	2600,50
636	5.25	29.75	7	2600,50
636	3.75	28.25	7	2600,50
636	3.25	28.25	7	2600,50
636	3.25	28.75	7	2600,50
636	3.75	29.25	7	2600,50
636	3.75	29.75	7	2600,50
636	3.25	29.75	7	2600,50
636	2.75	29.25	7	2600,50
636	2.25	29.25	7	2600,50
636	1.75	29.75	7	2600,50
636	1.75	30.25	7	2600,50
636	2.25	30.75	7	2600,50
636	2.25	31.25	7	2600,50
636	1.75	31.25	7	2600,50
636	1.25	30.75	7	2600,50
636	0.75	30.75	7	2600,50
636	0.75	31.75	7	2600,50
636	-0.25	31.75	7	2600,50
636	-0.25	32.75	7	2600,50
636	-0.75	33.25	7	2600,50
636	-1.25	33.25	7	2600,50
636	-1.75	32.75	7	2600,50
636	-1.75	32.25	7	2600,50
636	2.25	28.25	7	2600,50
636	2.25	27.75	7	2600,50
636	1.25	26.75	7	2600,50
636	-0.25	26.75	7	2600,50
636	-0.25	27.25	7	2600,50
636	0.25	27.75	7	2600,50
636	0.25	28.25	7	2600,50
636	-0.75	28.25	7	2600,50
636	-1.25	28.75	7	2600,50
636	-1.75	28.75	7	2600,50
636	-2.25	28.25	7	2600,50
636	-2.25	27.25	7	2600,50
636	-2.75	26.75	7	2600,50
636	-3.75	26.75	7	2600,50
636	-3.75	26.25	7	2600,50
636	-3.25	25.75	7	2600,50
636	-2.75	25.75	7	2600,50
636	-1.75	26.75	7	2600,50
636	-1.25	26.75	7	2600,50
636	-0.75	26.25	7	2600,50
636	-0.75	25.75	7	2600,50
636	-1.25	25.25	7	2600,50
636	-1.25	24.75	7	2600,50
636	-0.75	24.75	7	2600,50
636	-0.25	25.25	7	2600,50
636	0.25	25.25	7	2600,50
636	0.75	24.75	7	2600,50
636	0.75	23.75	7	2600,50
636	1.25	23.75	7	2600,50
636	1.75	24.25	7	2600,50
636	2.25	24.25	7	2600,50
636	2.75	23.75	7	2600,50
636	3.75	23.75	7	2600,50
636	5.25	22.25	7	2600,50
636	5.25	21.75	7	2600,50
636	4.75	21.75	7	2600,50
636	4.25	22.25	7	2600,50
636	3.75	22.25	7	2600,50
636	3.75	21.25	7	2600,50
636	3.25	20.75	7	2600,50
636	2.75	20.75	7	2600,50
636	2.75	21.75	7	2600,50
636	1.75	21.75	7	2600,50
636	1.25	22.25	7	2600,50
636	-0.25	22.25	7	2600,50
636	-0.25	20.75	7	2600,50
636	0.75	19.75	7	2600,50
636	1.75	19.75	7	2600,50
636	1.75	18.75	7	2600,50
636	2.25	18.25	7	2600,50
636	3.25	18.25	7	2600,50
636	3.75	17.75	7	2600,50
636	4.25	17.75	7	2600,50
636	4.75	18.25	7	2600,50
636	5.25	18.25	7	2600,50
636	5.25	9.75	7	2600,50
636	4.75	9.25	7	2600,50
636	4.75	8.75	7	2600,50
636	5.25	8.25	7	2600,50
636	5.25	7.75	7	2600,50
636	4.75	7.25	7	2600,50
636	3.25	7.25	7	2600,50
636	3.25	8.25	7	2600,50
636	2.75	8.75	7	2600,50
636	2.25	8.75	7	2600,50
636	2.25	7.25	7	2600,50
636	2.75	6.75	7	2600,50
636	2.75	5.25	7	2600,50
636	2.25	4.75	7	2600,50
636	2.25	3.75	7	2600,50
636	1.75	3.75	7	2600,50
636	1.25	4.25	7	2600,50
636	0.75	4.25	7	2600,50
636	0.75	3.25	7	2600,50
636	0.25	3.25	7	2600,50
636	-0.75	4.25	7	2600,50
636	-0.75	5.25	7	2600,50
636	-1.25	5.25	7	2600,50
636	-1.75	4.75	7	2600,50
636	-4.25	4.75	7	2600,50
636	-4.25	6.75	7	2600,50
636	-5.25	6.75	7	2600,50
636	-5.75	7.25	7	2600,50
636	-5.75	7.75	7	2600,50
636	-5.25	8.25	7	2600,50
636	-4.25	8.25	7	2600,50
636	-4.25	8.75	7	2600,50
636	-4.75	9.25	7	2600,50
636	-5.75	9.25	7	2600,50
636	-6.75	10.25	7	2600,50
636	-7.25	10.25	7	2600,50
636	-7.25	9.25	7	2600,50
636	-8.75	9.25	7	2600,50
636	-8.75	9.75	7	2600,50
636	-7.75	10.75	7	2600,50
636	-7.75	11.25	7	2600,50
636	-8.25	11.25	7	2600,50
636	-9.25	10.25	7	2600,50
636	-9.75	10.25	7	2600,50
636	-9.75	11.25	7	2600,50
636	-11.25	12.75	7	2600,50
636	-11.25	13.25	7	2600,50
636	-10.75	13.25	7	2600,50
636	-9.75	12.25	7	2600,50
636	-9.25	12.25	7	2600,50
636	-9.25	12.75	7	2600,50
636	-11.25	14.75	7	2600,50
636	-11.25	15.75	7	2600,50
636	-12.75	15.75	7	2600,50
636	-12.75	15.25	7	2600,50
636	-11.75	14.25	7	2600,50
636	-11.75	13.75	7	2600,50
636	-12.75	13.75	7	2600,50
636	-12.75	10.75	7	2600,50
636	-14.25	10.75	7	2600,50
636	-14.75	11.25	7	2600,50
636	-15.25	11.25	7	2600,50
636	-15.25	10.75	7	2600,50
636	-14.75	10.25	7	2600,50
636	-14.75	9.25	7	2600,50
636	-14.25	9.25	7	2600,50
636	-13.75	9.75	7	2600,50
636	-13.25	9.75	7	2600,50
636	-12.75	9.25	7	2600,50
636	-12.75	8.75	7	2600,50
636	-13.75	8.75	7	2600,50
636	-13.75	7.75	7	2600,50
636	-14.25	7.25	7	2600,50
636	-15.25	7.25	7	2600,50
636	-15.75	6.75	7	2600,50
636	-15.75	5.25	7	2600,50
636	-14.25	5.25	7	2600,50
636	-14.25	6.25	7	2600,50
636	-13.25	7.25	7	2600,50
636	-12.75	7.25	7	2600,50
636	-11.75	6.25	7	2600,50
636	-10.75	6.25	7	2600,50
636	-10.75	5.75	7	2600,50
636	-12.25	4.25	7	2600,50
636	-12.25	3.75	7	2600,50
636	-11.75	3.25	7	2600,50
636	-11.75	1.75	7	2600,50
636	-12.75	0.75	7	2600,50
636	-13.25	0.75	7	2600,50
636	-13.25	1.75	7	2600,50
636	-14.25	1.75	7	2600,50
636	-14.75	2.25	7	2600,50
636	-15.75	2.25	7	2600,50
636	-15.75	2.75	7	2600,50
636	-14.75	3.75	7	2600,50
636	-14.75	4.25	7	2600,50
636	-16.25	4.25	7	2600,50
636	-16.75	3.75	7	2600,50
636	-16.75	2.25	7	2600,50
636	-16.25	1.75	7	2600,50
636	-16.25	0.75	7	2600,50
636	-15.25	0.75	7	2600,50
636	-15.25	0.25	7	2600,50
636	-15.75	-0.25	7	2600,50
636	-16.25	-0.25	7	2600,50
636	-16.75	0.25	7	2600,50
636	-17.25	0.25	7	2600,50
636	-17.75	-0.25	7	2600,50
636	-18.25	-0.25	7	2600,50
636	-18.25	1.75	7	2600,50
636	-18.75	2.25	7	2600,50
636	-19.75	2.25	7	2600,50
636	-19.75	3.75	7	2600,50
636	-19.25	4.25	7	2600,50
636	-18.25	4.25	7	2600,50
636	-18.25	4.75	7	2600,50
636	-18.75	5.25	7	2600,50
636	-19.75	5.25	7	2600,50
636	-19.75	6.25	7	2600,50
636	-20.25	6.25	7	2600,50
636	-20.75	5.75	7	2600,50
636	-23.75	5.75	7	2600,50
636	-24.25	5.25	7	2600,50
636	-24.75	5.25	7	2600,50
636	-25.25	5.75	7	2600,50
636	-26.25	5.75	7	2600,50
636	-27.25	6.75	7	2600,50
636	-28.25	6.75	7	2600,50
636	-28.75	7.25	7	2600,50
636	-28.75	8.25	7	2600,50
636	-30.25	8.25	7	2600,50
636	-30.25	7.75	7	2600,50
636	-29.25	6.75	7	2600,50
636	-29.25	5.25	7	2600,50
636	-29.75	5.25	7	2600,50
636	-30.25	5.75	7	2600,50
636	-30.25	6.75	7	2600,50
636	-30.75	7.25	7	2600,50
636	-31.25	7.25	7	2600,50
636	-32.25	6.25	7	2600,50
636	-32.25	5.25	7	2600,50
636	-33.25	5.25	7	2600,50
636	-33.75	4.75	7	2600,50
636	-33.75	3.75	7	2600,50
636	-34.25	3.75	7	2600,50
636	-34.75	4.25	7	2600,50
636	-35.25	4.25	7	2600,50
636	-35.75	3.75	7	2600,50
636	-36.25	3.75	7	2600,50
636	-36.25	4.75	7	2600,50
636	-37.25	4.75	7	2600,50
636	-37.25	5.25	7	2600,50
636	-36.75	5.75	7	2600,50
636	-35.75	5.75	7	2600,50
636	-35.75	6.25	7	2600,50
636	-36.25	6.75	7	2600,50
636	-37.25	6.75	7	2600,50
636	-37.75	7.25	7	2600,50
636	-37.75	7.75	7	2600,50
636	-36.75	8.75	7	2600,50
636	-36.75	9.25	7	2600,50
636	-37.25	9.25	7	2600,50
636	-38.25	8.25	7	2600,50
636	-38.75	8.25	7	2600,50
636	-38.75	8.75	7	2600,50
636	-38.25	9.25	7	2600,50
636	-38.25	9.75	7	2600,50
636	-38.75	10.25	7	2600,50
636	-39.75	10.25	7	2600,50
636	-40.25	10.75	7	2600,50
636	-40.25	11.25	7	2600,50
636	-39.75	11.75	7	2600,50
636	-39.75	12.25	7	2600,50
636	-40.25	12.75	7	2600,50
636	-40.25	13.25	7	2600,50
636	-39.75	13.25	7	2600,50
636	-39.25	12.75	7	2600,50
636	-38.75	12.75	7	2600,50
636	-38.75	14.25	7	2600,50
636	-39.25	14.75	7	2600,50
636	-40.75	14.75	7	2600,50
636	-41.25	14.25	7	2600,50
636	-41.25	13.25	7	2600,50
636	-41.75	13.25	7	2600,50
636	-43.25	14.75	7	2600,50
636	-43.25	15.25	7	2600,50
636	-42.25	16.25	7	2600,50
636	-41.75	16.25	7	2600,50
636	-41.25	15.75	7	2600,50
636	-40.75	15.75	7	2600,50
636	-40.25	16.25	7	2600,50
636	-40.25	18.25	7	2600,50
636	-39.75	18.75	7	2600,50
636	-39.75	19.25	7	2600,50
636	-40.75	20.25	7	2600,50
636	-40.75	20.75	7	2600,50
636	-39.75	21.75	7	2600,50
636	-39.75	22.25	7	2600,50
636	-40.25	22.25	7	2600,50
636	-40.75	21.75	7	2600,50
636	-41.75	21.75	7	2600,50
636	-41.75	18.75	7	2600,50
636	-42.25	18.25	7	2600,50
636	-44.75	18.25	7	2600,50
636	-45.25	18.75	7	2600,50
636	-45.25	23.25	7	2600,50
636	-44.25	24.25	7	2600,50
636	-42.75	24.25	7	2600,50
636	-42.25	23.75	7	2600,50
636	-41.25	23.75	7	2600,50
636	-40.75	23.25	7	2600,50
636	-40.25	23.25	7	2600,50
636	-40.25	24.25	7	2600,50
636	-39.75	24.75	7	2600,50
636	-39.25	24.75	7	2600,50
636	-38.75	24.25	7	2600,50
636	-38.75	23.75	7	2600,50
636	-39.25	23.25	7	2600,50
636	-39.25	22.75	7	2600,50
636	-38.25	21.75	7	2600,50
636	-37.75	21.75	7	2600,50
636	-37.25	22.25	7	2600,50
636	-36.75	22.25	7	2600,50
636	-36.75	21.25	7	2600,50
636	-36.25	21.25	7	2600,50
636	-35.75	21.75	7	2600,50
636	-35.25	21.75	7	2600,50
636	-34.75	21.25	7	2600,50
636	-34.75	20.75	7	2600,50
636	-35.75	19.75	7	2600,50
636	-35.75	19.25	7	2600,50
636	-35.25	19.25	7	2600,50
636	-33.75	20.75	7	2600,50
636	-32.75	20.75	7	2600,50
636	-31.25	22.25	7	2600,50
636	-31.25	22.75	7	2600,50
636	-31.75	23.25	7	2600,50
636	-32.25	23.25	7	2600,50
636	-32.75	22.75	7	2600,50
636	-33.25	22.75	7	2600,50
636	-33.25	24.25	7	2600,50
636	-31.75	25.75	7	2600,50
636	-31.75	26.25	7	2600,50
636	-32.25	26.75	7	2600,50
636	-33.25	26.75	7	2600,50
636	-33.25	27.75	7	2600,50
636	-33.75	28.25	7	2600,50
636	-33.75	28.75	7	2600,50
636	-33.25	28.75	7	2600,50
636	-32.25	27.75	7	2600,50
636	-31.75	27.75	7	2600,50
636	-31.75	28.25	7	2600,50
636	-33.25	29.75	7	2600,50
636	-34.25	29.75	7	2600,50
636	-34.25	31.25	7	2600,50
636	-33.75	31.75	7	2600,50
636	-33.75	32.25	7	2600,50
636	-34.75	32.25	7	2600,50
636	-35.25	32.75	7	2600,50
636	-35.75	32.75	7	2600,50
636	-35.75	31.75	7	2600,50
636	-37.75	31.75	7	2600,50
636	-37.75	30.75	7	2600,50
636	-38.25	30.75	7	2600,50
636	-38.75	31.25	7	2600,50
636	-39.75	31.25	7	2600,50
636	-39.75	32.25	7	2600,50
636	-40.25	32.25	7	2600,50
636	-40.75	31.75	7	2600,50
636	-41.25	31.75	7	2600,50
636	-41.75	32.25	7	2600,50
636	-41.75	33.75	7	2600,50
636	-41.25	34.25	7	2600,50
636	-40.25	34.25	7	2600,50
636	-39.75	34.75	7	2600,50
636	-39.25	34.75	7	2600,50
636	-38.75	34.25	7	2600,50
636	-38.75	32.25	7	2600,50
636	-38.25	32.25	7	2600,50
636	-37.25	33.25	7	2600,50
636	-37.25	34.25	7	2600,50
636	-36.75	34.75	7	2600,50
636	-36.75	35.25	7	2600,50
636	-37.75	36.25	7	2600,50
636	-37.75	36.75	7	2600,50
636	-37.25	37.25	7	2600,50
636	-36.75	37.25	7	2600,50
636	-36.75	36.25	7	2600,50
636	-36.25	35.75	7	2600,50
636	-35.75	35.75	7	2600,50
636	-35.75	36.75	7	2600,50
636	-33.75	38.75	7	2600,50
636	-32.75	38.75	7	2600,50
636	-30.75	40.75	7	2600,50
636	-30.75	41.25	7	2600,50
636	-31.25	41.25	7	2600,50
636	-31.75	40.75	7	2600,50
636	-32.75	40.75	7	2600,50
636	-33.25	40.25	7	2600,50
636	-34.25	40.25	7	2600,50
636	-34.25	39.25	7	2600,50
636	-34.75	38.75	7	2600,50
636	-36.25	38.75	7	2600,50
636	-36.25	39.75	7	2600,50
636	-37.25	39.75	7	2600,50
636	-37.25	40.25	7	2600,50
636	-36.25	41.25	7	2600,50
636	-36.25	41.75	7	2600,50
636	-37.25	41.75	7	2600,50
636	-37.75	42.25	7	2600,50
636	-38.25	42.25	7	2600,50
636	-38.25	40.75	7	2600,50
636	-37.75	40.25	7	2600,50
636	-37.75	39.75	7	2600,50
636	-39.75	39.75	7	2600,50
636	-40.25	39.25	7	2600,50
636	-40.75	39.25	7	2600,50
636	-40.75	39.75	7	2600,50
636	-39.25	41.25	7	2600,50
636	-39.25	41.75	7	2600,50
636	-39.75	41.75	7	2600,50
636	-40.25	41.25	7	2600,50
636	-40.75	41.25	7	2600,50
636	-33.25	-1.25	7	2600,100
636	-33.25	-0.75	7	2600,100
636	-28.75	3.75	7	2600,100
636	-28.25	3.75	7	2600,100
636	-27.75	3.25	7	2600,100
636	-26.75	3.25	7	2600,100
636	-25.75	2.25	7	2600,100
636	-25.25	2.25	7	2600,100
636	-24.75	2.75	7	2600,100
636	-24.25	2.75	7	2600,100
636	-24.25	1.75	7	2600,100
636	-23.25	0.75	7	2600,100
636	-23.25	0.25	7	2600,100
636	-23.75	-0.25	7	2600,100
636	-23.75	-1.25	7	2600,100
636	-33.25	-1.25	7	2600,100
636	-44.75	46.25	7	2650,50
636	-44.75	46.75	7	2650,50
636	-42.25	46.75	7	2650,50
636	-41.75	46.25	7	2650,50
636	-41.25	46.25	7	2650,50
636	-40.75	46.75	7	2650,50
636	-40.25	46.75	7	2650,50
636	-39.25	45.75	7	2650,50
636	-39.25	45.25	7	2650,50
636	-40.25	45.25	7	2650,50
636	-40.75	44.75	7	2650,50
636	-40.75	44.25	7	2650,50
636	-40.25	43.75	7	2650,50
636	-40.25	43.25	7	2650,50
636	-41.25	43.25	7	2650,50
636	-41.75	42.75	7	2650,50
636	-41.75	42.25	7	2650,50
636	-39.75	42.25	7	2650,50
636	-39.25	41.75	7	2650,50
636	-37.75	41.75	7	2650,50
636	-37.75	43.25	7	2650,50
636	-38.75	43.25	7	2650,50
636	-39.25	43.75	7	2650,50
636	-39.25	44.25	7	2650,50
636	-37.75	45.75	7	2650,50
636	-37.25	45.75	7	2650,50
636	-37.25	44.75	7	2650,50
636	-35.25	44.75	7	2650,50
636	-34.25	43.75	7	2650,50
636	-33.25	43.75	7	2650,50
636	-33.25	43.25	7	2650,50
636	-33.75	42.75	7	2650,50
636	-33.75	41.75	7	2650,50
636	-34.75	41.75	7	2650,50
636	-34.75	40.75	7	2650,50
636	-35.75	40.75	7	2650,50
636	-35.75	38.75	7	2650,50
636	-36.25	38.25	7	2650,50
636	-36.25	37.75	7	2650,50
636	-34.25	37.75	7	2650,50
636	-33.75	37.25	7	2650,50
636	-32.75	37.25	7	2650,50
636	-32.25	36.75	7	2650,50
636	-32.25	35.75	7	2650,50
636	-31.75	35.25	7	2650,50
636	-31.25	35.25	7	2650,50
636	-31.25	36.25	7	2650,50
636	-30.75	36.75	7	2650,50
636	-30.75	37.25	7	2650,50
636	-31.75	37.25	7	2650,50
636	-32.25	37.75	7	2650,50
636	-32.25	38.75	7	2650,50
636	-33.25	38.75	7	2650,50
636	-33.75	39.25	7	2650,50
636	-33.75	39.75	7	2650,50
636	-31.75	39.75	7	2650,50
636	-30.75	40.75	7	2650,50
636	-30.75	42.75	7	2650,50
636	-29.25	42.75	7	2650,50
636	-28.75	42.25	7	2650,50
636	-28.25	42.25	7	2650,50
636	-28.25	43.25	7	2650,50
636	-27.75	43.25	7	2650,50
636	-26.75	42.25	7	2650,50
636	-25.25	42.25	7	2650,50
636	-25.25	44.25	7	2650,50
636	-24.75	44.75	7	2650,50
636	-24.75	45.75	7	2650,50
636	-23.75	45.75	7	2650,50
636	-23.75	46.75	7	2650,50
636	-22.75	46.75	7	2650,50
636	-22.25	47.25	7	2650,50
636	-22.25	48.25	7	2650,50
636	-21.25	48.25	7	2650,50
636	-20.75	48.75	7	2650,50
636	-20.25	48.75	7	2650,50
636	-19.75	48.25	7	2650,50
636	-19.75	47.75	7	2650,50
636	-20.25	47.25	7	2650,50
636	-21.25	47.25	7	2650,50
636	-21.75	46.75	7	2650,50
636	-21.75	44.25	7	2650,50
636	-19.25	41.75	7	2650,50
636	-18.25	41.75	7	2650,50
636	-17.75	41.25	7	2650,50
636	-17.25	41.25	7	2650,50
636	-16.75	41.75	7	2650,50
636	-16.75	42.25	7	2650,50
636	-18.25	43.75	7	2650,50
636	-18.25	44.25	7	2650,50
636	-17.25	45.25	7	2650,50
636	-16.75	45.25	7	2650,50
636	-15.25	43.75	7	2650,50
636	-15.25	43.25	7	2650,50
636	-15.75	43.25	7	2650,50
636	-16.25	43.75	7	2650,50
636	-16.75	43.75	7	2650,50
636	-16.75	43.25	7	2650,50
636	-15.25	41.75	7	2650,50
636	-15.25	41.25	7	2650,50
636	-15.75	40.75	7	2650,50
636	-16.75	40.75	7	2650,50
636	-17.25	40.25	7	2650,50
636	-17.25	39.75	7	2650,50
636	-13.75	39.75	7	2650,50
636	-13.75	40.25	7	2650,50
636	-14.25	40.75	7	2650,50
636	-14.25	41.25	7	2650,50
636	-12.75	41.25	7	2650,50
636	-12.75	39.75	7	2650,50
636	-14.75	37.75	7	2650,50
636	-14.75	37.25	7	2650,50
636	-13.75	37.25	7	2650,50
636	-13.75	36.75	7	2650,50
636	-14.25	36.25	7	2650,50
636	-14.75	36.25	7	2650,50
636	-16.25	37.75	7	2650,50
636	-16.25	38.75	7	2650,50
636	-16.75	38.75	7	2650,50
636	-18.25	37.25	7	2650,50
636	-18.25	36.25	7	2650,50
636	-18.75	35.75	7	2650,50
636	-19.25	35.75	7	2650,50
636	-19.75	36.25	7	2650,50
636	-19.75	36.75	7	2650,50
636	-18.75	37.75	7	2650,50
636	-18.75	40.25	7	2650,50
636	-19.25	40.75	7	2650,50
636	-19.75	40.75	7	2650,50
636	-21.25	39.25	7	2650,50
636	-21.75	39.25	7	2650,50
636	-21.75	40.75	7	2650,50
636	-20.75	40.75	7	2650,50
636	-20.75	42.25	7	2650,50
636	-21.25	42.75	7	2650,50
636	-21.75	42.75	7	2650,50
636	-22.75	41.75	7	2650,50
636	-23.75	41.75	7	2650,50
636	-24.25	41.25	7	2650,50
636	-24.25	40.25	7	2650,50
636	-24.75	39.75	7	2650,50
636	-25.75	39.75	7	2650,50
636	-25.75	38.75	7	2650,50
636	-26.25	38.75	7	2650,50
636	-26.75	39.25	7	2650,50
636	-26.75	40.25	7	2650,50
636	-27.25	40.75	7	2650,50
636	-27.75	40.75	7	2650,50
636	-28.25	40.25	7	2650,50
636	-28.25	39.75	7	2650,50
636	-26.75	38.25	7	2650,50
636	-26.75	37.75	7	2650,50
636	-27.25	37.25	7	2650,50
636	-27.25	36.75	7	2650,50
636	-26.25	35.75	7	2650,50
636	-26.25	33.75	7	2650,50
636	-25.25	33.75	7	2650,50
636	-25.25	32.75	7	2650,50
636	-24.25	31.75	7	2650,50
636	-24.25	31.25	7	2650,50
636	-25.25	31.25	7	2650,50
636	-25.25	28.75	7	2650,50
636	-24.75	28.25	7	2650,50
636	-24.75	21.75	7	2650,50
636	-25.75	20.75	7	2650,50
636	-25.75	20.25	7	2650,50
636	-25.25	19.75	7	2650,50
636	-24.75	19.75	7	2650,50
636	-24.25	20.25	7	2650,50
636	-23.75	20.25	7	2650,50
636	-22.75	19.25	7	2650,50
636	-22.75	17.75	7	2650,50
636	-23.75	17.75	7	2650,50
636	-24.75	16.75	7	2650,50
636	-25.25	16.75	7	2650,50
636	-26.25	17.75	7	2650,50
636	-26.75	17.75	7	2650,50
636	-27.25	17.25	7	2650,50
636	-28.25	17.25	7	2650,50
636	-28.75	16.75	7	2650,50
636	-29.25	16.75	7	2650,50
636	-29.75	17.25	7	2650,50
636	-29.75	17.75	7	2650,50
636	-28.75	18.75	7	2650,50
636	-28.75	21.25	7	2650,50
636	-31.75	21.25	7	2650,50
636	-32.25	21.75	7	2650,50
636	-35.25	21.75	7	2650,50
636	-38.25	24.75	7	2650,50
636	-38.25	26.25	7	2650,50
636	-37.75	26.75	7	2650,50
636	-36.75	26.75	7	2650,50
636	-36.25	27.25	7	2650,50
636	-35.75	27.25	7	2650,50
636	-35.25	26.75	7	2650,50
636	-35.25	25.75	7	2650,50
636	-33.75	24.25	7	2650,50
636	-33.25	24.25	7	2650,50
636	-33.25	25.25	7	2650,50
636	-32.75	25.25	7	2650,50
636	-32.25	24.75	7	2650,50
636	-31.75	24.75	7	2650,50
636	-30.75	25.75	7	2650,50
636	-29.75	25.75	7	2650,50
636	-28.25	27.25	7	2650,50
636	-27.75	27.25	7	2650,50
636	-27.75	26.25	7	2650,50
636	-27.25	25.75	7	2650,50
636	-26.75	25.75	7	2650,50
636	-26.25	26.25	7	2650,50
636	-26.25	26.75	7	2650,50
636	-28.25	28.75	7	2650,50
636	-28.25	29.75	7	2650,50
636	-28.75	30.25	7	2650,50
636	-29.75	30.25	7	2650,50
636	-30.25	30.75	7	2650,50
636	-30.25	31.25	7	2650,50
636	-27.75	31.25	7	2650,50
636	-27.75	30.25	7	2650,50
636	-26.75	29.25	7	2650,50
636	-26.25	29.25	7	2650,50
636	-26.25	31.25	7	2650,50
636	-25.75	31.75	7	2650,50
636	-25.75	32.25	7	2650,50
636	-26.75	32.25	7	2650,50
636	-27.25	32.75	7	2650,50
636	-27.25	33.75	7	2650,50
636	-27.75	33.75	7	2650,50
636	-28.25	33.25	7	2650,50
636	-28.25	32.25	7	2650,50
636	-29.75	32.25	7	2650,50
636	-29.75	32.75	7	2650,50
636	-29.25	33.25	7	2650,50
636	-29.25	33.75	7	2650,50
636	-29.75	34.25	7	2650,50
636	-30.25	34.25	7	2650,50
636	-30.25	33.25	7	2650,50
636	-30.75	32.75	7	2650,50
636	-30.75	30.75	7	2650,50
636	-31.75	30.75	7	2650,50
636	-32.25	30.25	7	2650,50
636	-32.25	29.75	7	2650,50
636	-31.75	29.25	7	2650,50
636	-31.75	28.75	7	2650,50
636	-32.75	28.75	7	2650,50
636	-32.75	27.75	7	2650,50
636	-33.75	27.75	7	2650,50
636	-33.75	26.75	7	2650,50
636	-34.25	26.75	7	2650,50
636	-35.25	27.75	7	2650,50
636	-35.25	28.25	7	2650,50
636	-34.75	28.75	7	2650,50
636	-33.75	28.75	7	2650,50
636	-33.25	29.25	7	2650,50
636	-33.25	29.75	7	2650,50
636	-37.75	29.75	7	2650,50
636	-38.25	29.25	7	2650,50
636	-38.75	29.25	7	2650,50
636	-39.25	29.75	7	2650,50
636	-39.25	30.25	7	2650,50
636	-37.75	31.75	7	2650,50
636	-36.75	31.75	7	2650,50
636	-36.75	32.75	7	2650,50
636	-36.25	33.25	7	2650,50
636	-36.25	33.75	7	2650,50
636	-37.75	35.25	7	2650,50
636	-38.25	35.25	7	2650,50
636	-39.75	33.75	7	2650,50
636	-39.75	33.25	7	2650,50
636	-38.75	33.25	7	2650,50
636	-38.25	32.75	7	2650,50
636	-38.25	32.25	7	2650,50
636	-39.25	32.25	7	2650,50
636	-39.25	31.25	7	2650,50
636	-39.75	30.75	7	2650,50
636	-39.75	29.75	7	2650,50
636	-41.75	29.75	7	2650,50
636	-41.75	28.75	7	2650,50
636	-42.25	28.25	7	2650,50
636	-43.75	28.25	7	2650,50
636	-43.75	29.25	7	2650,50
636	-44.75	29.25	7	2650,50
636	-44.75	30.75	7	2650,50
636	-44.25	30.75	7	2650,50
636	-43.75	30.25	7	2650,50
636	-43.25	30.25	7	2650,50
636	-43.25	31.25	7	2650,50
636	-42.25	31.25	7	2650,50
636	-41.75	31.75	7	2650,50
636	-40.75	31.75	7	2650,50
636	-40.75	32.25	7	2650,50
636	-41.75	33.25	7	2650,50
636	-41.75	35.25	7	2650,50
636	-43.25	35.25	7	2650,50
636	-43.75	34.75	7	2650,50
636	-44.25	34.75	7	2650,50
636	-44.25	35.25	7	2650,50
636	-43.25	36.25	7	2650,50
636	-41.25	36.25	7	2650,50
636	-40.75	36.75	7	2650,50
636	-40.75	37.25	7	2650,50
636	-41.25	37.75	7	2650,50
636	-42.25	37.75	7	2650,50
636	-42.75	38.25	7	2650,50
636	-43.25	38.25	7	2650,50
636	-43.25	37.25	7	2650,50
636	-43.75	36.75	7	2650,50
636	-44.25	36.75	7	2650,50
636	-44.75	37.25	7	2650,50
636	-44.75	40.75	7	2650,50
636	-44.25	41.25	7	2650,50
636	-43.25	41.25	7	2650,50
636	-43.25	43.25	7	2650,50
636	-41.75	44.75	7	2650,50
636	-41.75	45.25	7	2650,50
636	-42.25	45.75	7	2650,50
636	-42.75	45.75	7	2650,50
636	-42.75	44.75	7	2650,50
636	-44.25	43.25	7	2650,50
636	-44.75	43.25	7	2650,50
636	-44.75	46.25	7	2650,50
637	0.25	29.25	7	2550,50
637	0.25	29.75	7	2550,50
637	1.75	29.75	7	2550,50
637	1.75	29.25	7	2550,50
637	1.25	28.75	7	2550,50
637	0.75	28.75	7	2550,50
637	0.25	29.25	7	2550,50
637	-45.25	28.75	7	2600,50
637	-45.25	29.25	7	2600,50
637	-44.75	29.75	7	2600,50
637	-44.25	29.75	7	2600,50
637	-43.25	28.75	7	2600,50
637	-43.25	27.25	7	2600,50
637	-44.25	26.25	7	2600,50
637	-44.75	26.25	7	2600,50
637	-45.25	26.75	7	2600,50
637	-45.25	28.75	7	2600,50
637	-3.75	0.25	7	2600,100
637	-3.75	0.75	7	2600,100
637	-3.25	1.25	7	2600,100
637	-2.25	1.25	7	2600,100
637	-1.75	1.75	7	2600,100
637	-1.25	1.75	7	2600,100
637	-1.25	-0.75	7	2600,100
637	-1.75	-1.25	7	2600,100
637	-2.25	-1.25	7	2600,100
637	-2.75	-0.75	7	2600,100
637	-3.75	-0.75	7	2600,100
637	-3.75	0.25	7	2600,100
637	-43.75	22.25	7	2650,50
637	-43.75	22.75	7	2650,50
637	-43.25	22.75	7	2650,50
637	-41.75	21.25	7	2650,50
637	-41.25	21.25	7	2650,50
637	-41.25	21.75	7	2650,50
637	-42.25	22.75	7	2650,50
637	-42.25	23.25	7	2650,50
637	-41.75	23.75	7	2650,50
637	-40.25	23.75	7	2650,50
637	-40.25	22.75	7	2650,50
637	-39.75	22.75	7	2650,50
637	-39.25	23.25	7	2650,50
637	-39.25	23.75	7	2650,50
637	-39.75	24.25	7	2650,50
637	-39.75	24.75	7	2650,50
637	-39.25	24.75	7	2650,50
637	-37.25	22.75	7	2650,50
637	-37.25	21.75	7	2650,50
637	-36.75	21.25	7	2650,50
637	-36.75	18.75	7	2650,50
637	-37.25	18.75	7	2650,50
637	-38.75	20.25	7	2650,50
637	-39.25	20.25	7	2650,50
637	-39.25	18.75	7	2650,50
637	-38.25	18.75	7	2650,50
637	-37.75	18.25	7	2650,50
637	-37.75	16.25	7	2650,50
637	-37.25	16.25	7	2650,50
637	-36.75	16.75	7	2650,50
637	-36.25	16.75	7	2650,50
637	-36.25	14.75	7	2650,50
637	-35.75	14.25	7	2650,50
637	-35.75	13.75	7	2650,50
637	-36.25	13.25	7	2650,50
637	-36.25	12.25	7	2650,50
637	-36.75	11.75	7	2650,50
637	-37.75	11.75	7	2650,50
637	-38.25	11.25	7	2650,50
637	-38.25	9.75	7	2650,50
637	-37.25	9.75	7	2650,50
637	-37.25	8.25	7	2650,50
637	-37.75	8.25	7	2650,50
637	-38.75	9.25	7	2650,50
637	-39.75	9.25	7	2650,50
637	-40.75	10.25	7	2650,50
637	-40.75	10.75	7	2650,50
637	-40.25	10.75	7	2650,50
637	-39.75	10.25	7	2650,50
637	-39.25	10.25	7	2650,50
637	-39.25	11.25	7	2650,50
637	-38.75	11.75	7	2650,50
637	-38.75	12.25	7	2650,50
637	-39.25	12.25	7	2650,50
637	-39.75	11.75	7	2650,50
637	-41.75	11.75	7	2650,50
637	-41.75	10.75	7	2650,50
637	-42.75	10.75	7	2650,50
637	-43.25	10.25	7	2650,50
637	-43.75	10.25	7	2650,50
637	-44.75	11.25	7	2650,50
637	-44.75	17.75	7	2650,50
637	-43.75	18.75	7	2650,50
637	-42.75	18.75	7	2650,50
637	-41.75	19.75	7	2650,50
637	-41.75	20.25	7	2650,50
637	-43.75	22.25	7	2650,50
638	-1.75	26.25	7	2550,50
638	-1.75	26.75	7	2550,50
638	-0.75	27.75	7	2550,50
638	-0.25	27.75	7	2550,50
638	-0.25	27.25	7	2550,50
638	-1.25	26.25	7	2550,50
638	-1.75	26.25	7	2550,50
638	-30.75	39.25	7	2600,50
638	-30.75	39.75	7	2600,50
638	-29.75	40.75	7	2600,50
638	-29.25	40.75	7	2600,50
638	-27.75	39.25	7	2600,50
638	-27.25	39.25	7	2600,50
638	-26.75	39.75	7	2600,50
638	-26.75	40.25	7	2600,50
638	-27.75	40.25	7	2600,50
638	-28.25	40.75	7	2600,50
638	-28.25	41.25	7	2600,50
638	-25.75	41.25	7	2600,50
638	-25.25	40.75	7	2600,50
638	-25.25	40.25	7	2600,50
638	-27.25	38.25	7	2600,50
638	-27.25	37.75	7	2600,50
638	-26.75	37.25	7	2600,50
638	-26.75	36.25	7	2600,50
638	-25.75	35.25	7	2600,50
638	-25.25	35.25	7	2600,50
638	-23.75	36.75	7	2600,50
638	-23.25	36.75	7	2600,50
638	-23.25	35.75	7	2600,50
638	-22.25	35.75	7	2600,50
638	-22.25	35.25	7	2600,50
638	-22.75	34.75	7	2600,50
638	-22.75	34.25	7	2600,50
638	-21.25	32.75	7	2600,50
638	-21.25	32.25	7	2600,50
638	-22.25	31.25	7	2600,50
638	-22.25	30.75	7	2600,50
638	-21.75	30.25	7	2600,50
638	-21.75	28.75	7	2600,50
638	-22.75	27.75	7	2600,50
638	-23.25	27.75	7	2600,50
638	-23.25	29.75	7	2600,50
638	-23.75	30.25	7	2600,50
638	-23.75	31.25	7	2600,50
638	-24.25	31.25	7	2600,50
638	-24.75	30.75	7	2600,50
638	-24.75	28.75	7	2600,50
638	-25.25	28.25	7	2600,50
638	-25.25	27.75	7	2600,50
638	-24.75	27.25	7	2600,50
638	-24.75	25.25	7	2600,50
638	-23.75	25.25	7	2600,50
638	-23.25	24.75	7	2600,50
638	-22.75	24.75	7	2600,50
638	-22.75	25.75	7	2600,50
638	-22.25	25.75	7	2600,50
638	-21.75	25.25	7	2600,50
638	-20.75	25.25	7	2600,50
638	-20.75	22.75	7	2600,50
638	-21.25	22.25	7	2600,50
638	-21.25	21.75	7	2600,50
638	-19.75	21.75	7	2600,50
638	-19.25	22.25	7	2600,50
638	-18.75	22.25	7	2600,50
638	-18.75	21.75	7	2600,50
638	-19.75	20.75	7	2600,50
638	-19.75	20.25	7	2600,50
638	-19.25	20.25	7	2600,50
638	-18.25	21.25	7	2600,50
638	-17.25	21.25	7	2600,50
638	-16.75	21.75	7	2600,50
638	-15.75	21.75	7	2600,50
638	-15.75	22.75	7	2600,50
638	-15.25	22.75	7	2600,50
638	-14.25	21.75	7	2600,50
638	-13.25	21.75	7	2600,50
638	-12.75	21.25	7	2600,50
638	-12.75	20.75	7	2600,50
638	-13.75	20.75	7	2600,50
638	-13.75	19.25	7	2600,50
638	-12.25	19.25	7	2600,50
638	-11.75	19.75	7	2600,50
638	-11.75	20.75	7	2600,50
638	-11.25	20.75	7	2600,50
638	-10.75	20.25	7	2600,50
638	-10.75	19.75	7	2600,50
638	-12.25	18.25	7	2600,50
638	-14.25	18.25	7	2600,50
638	-14.75	17.75	7	2600,50
638	-14.75	16.75	7	2600,50
638	-15.25	16.25	7	2600,50
638	-15.75	16.25	7	2600,50
638	-15.75	17.25	7	2600,50
638	-16.25	17.75	7	2600,50
638	-16.25	20.75	7	2600,50
638	-16.75	20.75	7	2600,50
638	-17.25	20.25	7	2600,50
638	-18.25	20.25	7	2600,50
638	-19.75	18.75	7	2600,50
638	-20.25	18.75	7	2600,50
638	-20.75	19.25	7	2600,50
638	-21.25	19.25	7	2600,50
638	-21.25	18.75	7	2600,50
638	-20.75	18.25	7	2600,50
638	-20.75	17.75	7	2600,50
638	-21.25	17.25	7	2600,50
638	-21.75	17.25	7	2600,50
638	-22.25	17.75	7	2600,50
638	-22.25	18.75	7	2600,50
638	-23.25	18.75	7	2600,50
638	-23.75	19.25	7	2600,50
638	-24.25	19.25	7	2600,50
638	-24.25	18.25	7	2600,50
638	-25.25	17.25	7	2600,50
638	-25.75	17.25	7	2600,50
638	-26.25	17.75	7	2600,50
638	-26.25	18.75	7	2600,50
638	-26.75	18.75	7	2600,50
638	-27.75	17.75	7	2600,50
638	-27.75	17.25	7	2600,50
638	-26.75	16.25	7	2600,50
638	-26.75	15.75	7	2600,50
638	-27.25	15.25	7	2600,50
638	-27.25	14.75	7	2600,50
638	-26.75	14.75	7	2600,50
638	-26.25	15.25	7	2600,50
638	-25.75	15.25	7	2600,50
638	-25.75	13.75	7	2600,50
638	-26.25	13.25	7	2600,50
638	-26.25	12.25	7	2600,50
638	-26.75	11.75	7	2600,50
638	-27.25	11.75	7	2600,50
638	-27.25	12.75	7	2600,50
638	-27.75	13.25	7	2600,50
638	-28.25	13.25	7	2600,50
638	-28.75	12.75	7	2600,50
638	-29.75	12.75	7	2600,50
638	-31.25	11.25	7	2600,50
638	-31.25	10.25	7	2600,50
638	-31.75	10.25	7	2600,50
638	-32.25	10.75	7	2600,50
638	-32.25	11.75	7	2600,50
638	-33.25	11.75	7	2600,50
638	-33.25	12.25	7	2600,50
638	-32.75	12.75	7	2600,50
638	-32.75	13.25	7	2600,50
638	-34.25	14.75	7	2600,50
638	-34.25	15.75	7	2600,50
638	-34.75	15.75	7	2600,50
638	-36.25	14.25	7	2600,50
638	-36.75	14.25	7	2600,50
638	-37.25	14.75	7	2600,50
638	-37.25	16.25	7	2600,50
638	-36.75	16.75	7	2600,50
638	-36.25	16.75	7	2600,50
638	-36.25	15.75	7	2600,50
638	-35.75	15.75	7	2600,50
638	-34.25	17.25	7	2600,50
638	-33.25	17.25	7	2600,50
638	-33.25	18.75	7	2600,50
638	-33.75	19.25	7	2600,50
638	-33.75	19.75	7	2600,50
638	-32.75	19.75	7	2600,50
638	-31.75	20.75	7	2600,50
638	-31.25	20.75	7	2600,50
638	-31.25	19.25	7	2600,50
638	-31.75	18.75	7	2600,50
638	-31.75	18.25	7	2600,50
638	-31.25	18.25	7	2600,50
638	-30.75	18.75	7	2600,50
638	-30.25	18.75	7	2600,50
638	-30.25	17.75	7	2600,50
638	-29.75	17.25	7	2600,50
638	-29.75	16.75	7	2600,50
638	-30.25	16.75	7	2600,50
638	-30.75	17.25	7	2600,50
638	-31.25	17.25	7	2600,50
638	-31.75	16.75	7	2600,50
638	-32.75	16.75	7	2600,50
638	-33.75	15.75	7	2600,50
638	-33.75	15.25	7	2600,50
638	-33.25	14.75	7	2600,50
638	-32.75	14.75	7	2600,50
638	-32.75	15.75	7	2600,50
638	-32.25	15.75	7	2600,50
638	-31.75	15.25	7	2600,50
638	-31.75	14.25	7	2600,50
638	-30.75	14.25	7	2600,50
638	-30.25	13.75	7	2600,50
638	-29.75	13.75	7	2600,50
638	-29.75	14.25	7	2600,50
638	-31.25	15.75	7	2600,50
638	-31.25	16.25	7	2600,50
638	-30.75	16.25	7	2600,50
638	-30.25	15.75	7	2600,50
638	-28.75	15.75	7	2600,50
638	-28.75	17.25	7	2600,50
638	-29.25	17.75	7	2600,50
638	-29.25	18.75	7	2600,50
638	-29.75	19.25	7	2600,50
638	-29.75	19.75	7	2600,50
638	-29.25	20.25	7	2600,50
638	-29.25	20.75	7	2600,50
638	-30.25	21.75	7	2600,50
638	-30.25	23.75	7	2600,50
638	-30.75	24.25	7	2600,50
638	-30.75	24.75	7	2600,50
638	-29.25	26.25	7	2600,50
638	-28.75	26.25	7	2600,50
638	-28.75	25.25	7	2600,50
638	-27.75	24.25	7	2600,50
638	-27.25	24.25	7	2600,50
638	-26.75	24.75	7	2600,50
638	-26.75	25.25	7	2600,50
638	-27.25	25.75	7	2600,50
638	-27.25	26.25	7	2600,50
638	-26.25	26.25	7	2600,50
638	-26.25	29.75	7	2600,50
638	-26.75	30.25	7	2600,50
638	-26.75	30.75	7	2600,50
638	-25.75	30.75	7	2600,50
638	-25.75	32.25	7	2600,50
638	-27.75	32.25	7	2600,50
638	-28.25	32.75	7	2600,50
638	-28.25	33.25	7	2600,50
638	-27.25	33.25	7	2600,50
638	-26.75	33.75	7	2600,50
638	-26.75	34.25	7	2600,50
638	-27.25	34.75	7	2600,50
638	-27.25	35.75	7	2600,50
638	-28.25	35.75	7	2600,50
638	-28.25	37.75	7	2600,50
638	-29.75	37.75	7	2600,50
638	-30.25	37.25	7	2600,50
638	-30.25	36.75	7	2600,50
638	-29.25	36.75	7	2600,50
638	-29.25	36.25	7	2600,50
638	-29.75	35.75	7	2600,50
638	-30.25	35.75	7	2600,50
638	-30.75	36.25	7	2600,50
638	-31.25	36.25	7	2600,50
638	-31.75	35.75	7	2600,50
638	-32.25	35.75	7	2600,50
638	-32.25	36.25	7	2600,50
638	-31.25	37.25	7	2600,50
638	-31.25	38.25	7	2600,50
638	-30.75	38.75	7	2600,50
638	-30.75	39.25	7	2600,50
638	0.25	0.25	7	2600,100
638	0.25	0.75	7	2600,100
638	0.75	0.75	7	2600,100
638	1.25	0.25	7	2600,100
638	1.25	-0.25	7	2600,100
638	0.25	-1.25	7	2600,100
638	-0.25	-1.25	7	2600,100
638	-0.25	-0.75	7	2600,100
638	0.25	-0.25	7	2600,100
638	0.25	0.25	7	2600,100
638	-44.75	7.25	7	2650,50
638	-44.75	7.75	7	2650,50
638	-43.25	7.75	7	2650,50
638	-43.25	7.25	7	2650,50
638	-43.75	6.75	7	2650,50
638	-44.25	6.75	7	2650,50
638	-44.75	7.25	7	2650,50
154	1.25	33.25	184	2550,50
154	1.25	33.75	184	2550,50
154	2.25	33.75	184	2550,50
154	2.75	34.25	184	2550,50
154	4.25	34.25	184	2550,50
154	4.25	32.25	184	2550,50
154	4.75	31.75	184	2550,50
154	4.75	30.25	184	2550,50
154	4.25	29.75	184	2550,50
154	3.75	29.75	184	2550,50
154	3.25	30.25	184	2550,50
154	2.25	30.25	184	2550,50
154	2.25	30.75	184	2550,50
154	2.75	31.25	184	2550,50
154	2.75	31.75	184	2550,50
154	2.25	32.25	184	2550,50
154	1.75	32.25	184	2550,50
154	1.75	31.25	184	2550,50
154	1.25	31.25	184	2550,50
154	0.75	31.75	184	2550,50
154	0.75	32.25	184	2550,50
154	1.25	32.75	184	2550,50
154	1.25	33.25	184	2550,50
154	-45.25	30.75	184	2600,50
154	-45.25	31.25	184	2600,50
154	-44.75	31.25	184	2600,50
154	-44.75	30.75	184	2600,50
154	-45.25	30.75	184	2600,50
93	1.75	33.75	15	2550,50
93	1.75	34.25	15	2550,50
93	3.25	35.75	15	2550,50
93	3.75	35.75	15	2550,50
93	4.75	34.75	15	2550,50
93	4.75	34.25	15	2550,50
93	2.75	34.25	15	2550,50
93	2.25	33.75	15	2550,50
93	1.75	33.75	15	2550,50
93	-45.25	36.75	15	2600,50
93	-45.25	37.25	15	2600,50
93	-42.25	40.25	15	2600,50
93	-41.75	40.25	15	2600,50
93	-41.75	39.75	15	2600,50
93	-42.75	38.75	15	2600,50
93	-42.75	38.25	15	2600,50
93	-41.75	38.25	15	2600,50
93	-40.75	37.25	15	2600,50
93	-40.75	36.25	15	2600,50
93	-40.25	36.25	15	2600,50
93	-39.75	36.75	15	2600,50
93	-39.75	37.75	15	2600,50
93	-39.25	37.75	15	2600,50
93	-38.75	37.25	15	2600,50
93	-38.25	37.25	15	2600,50
93	-37.25	38.25	15	2600,50
93	-37.25	38.75	15	2600,50
93	-37.75	39.25	15	2600,50
93	-37.75	39.75	15	2600,50
93	-36.25	39.75	15	2600,50
93	-36.25	38.75	15	2600,50
93	-34.75	38.75	15	2600,50
93	-34.25	39.25	15	2600,50
93	-34.25	40.25	15	2600,50
93	-33.25	40.25	15	2600,50
93	-32.75	40.75	15	2600,50
93	-31.75	40.75	15	2600,50
93	-31.25	41.25	15	2600,50
93	-30.75	41.25	15	2600,50
93	-30.75	40.75	15	2600,50
93	-32.75	38.75	15	2600,50
93	-33.75	38.75	15	2600,50
93	-35.75	36.75	15	2600,50
93	-35.75	35.75	15	2600,50
93	-36.25	35.75	15	2600,50
93	-36.75	36.25	15	2600,50
93	-36.75	37.25	15	2600,50
93	-37.25	37.25	15	2600,50
93	-37.75	36.75	15	2600,50
93	-37.75	36.25	15	2600,50
93	-36.75	35.25	15	2600,50
93	-36.75	34.75	15	2600,50
93	-37.75	33.75	15	2600,50
93	-37.75	32.75	15	2600,50
93	-38.25	32.25	15	2600,50
93	-38.75	32.25	15	2600,50
93	-38.75	34.25	15	2600,50
93	-39.25	34.75	15	2600,50
93	-39.75	34.75	15	2600,50
93	-40.25	34.25	15	2600,50
93	-41.25	34.25	15	2600,50
93	-41.75	33.75	15	2600,50
93	-41.75	32.25	15	2600,50
93	-41.25	31.75	15	2600,50
93	-40.75	31.75	15	2600,50
93	-40.25	32.25	15	2600,50
93	-39.75	32.25	15	2600,50
93	-39.75	31.25	15	2600,50
93	-38.75	31.25	15	2600,50
93	-38.25	30.75	15	2600,50
93	-37.75	30.75	15	2600,50
93	-37.75	31.75	15	2600,50
93	-35.75	31.75	15	2600,50
93	-35.75	32.75	15	2600,50
93	-35.25	32.75	15	2600,50
93	-34.75	32.25	15	2600,50
93	-33.75	32.25	15	2600,50
93	-33.75	31.75	15	2600,50
93	-34.25	31.25	15	2600,50
93	-34.25	29.75	15	2600,50
93	-33.25	29.75	15	2600,50
93	-31.75	28.25	15	2600,50
93	-31.75	27.75	15	2600,50
93	-32.25	27.75	15	2600,50
93	-33.25	28.75	15	2600,50
93	-33.75	28.75	15	2600,50
93	-33.75	28.25	15	2600,50
93	-33.25	27.75	15	2600,50
93	-33.25	26.75	15	2600,50
93	-32.25	26.75	15	2600,50
93	-31.75	26.25	15	2600,50
93	-31.75	25.75	15	2600,50
93	-33.25	24.25	15	2600,50
93	-33.25	22.75	15	2600,50
93	-32.75	22.75	15	2600,50
93	-32.25	23.25	15	2600,50
93	-31.75	23.25	15	2600,50
93	-31.25	22.75	15	2600,50
93	-31.25	22.25	15	2600,50
93	-32.75	20.75	15	2600,50
93	-33.75	20.75	15	2600,50
93	-35.25	19.25	15	2600,50
93	-35.75	19.25	15	2600,50
93	-35.75	19.75	15	2600,50
93	-34.75	20.75	15	2600,50
93	-34.75	21.25	15	2600,50
93	-35.25	21.75	15	2600,50
93	-35.75	21.75	15	2600,50
93	-36.25	21.25	15	2600,50
93	-36.75	21.25	15	2600,50
93	-36.75	22.25	15	2600,50
93	-37.25	22.25	15	2600,50
93	-37.75	21.75	15	2600,50
93	-38.25	21.75	15	2600,50
93	-39.25	22.75	15	2600,50
93	-39.25	23.25	15	2600,50
93	-38.75	23.75	15	2600,50
93	-38.75	24.25	15	2600,50
93	-39.25	24.75	15	2600,50
93	-39.75	24.75	15	2600,50
93	-40.25	24.25	15	2600,50
93	-40.25	23.25	15	2600,50
93	-40.75	23.25	15	2600,50
93	-41.25	23.75	15	2600,50
93	-42.25	23.75	15	2600,50
93	-42.75	24.25	15	2600,50
93	-44.25	24.25	15	2600,50
93	-44.75	23.75	15	2600,50
93	-45.25	23.75	15	2600,50
93	-45.25	26.25	15	2600,50
93	-44.25	26.25	15	2600,50
93	-43.75	26.75	15	2600,50
93	-42.25	26.75	15	2600,50
93	-41.25	25.75	15	2600,50
93	-41.25	24.75	15	2600,50
93	-40.75	24.75	15	2600,50
93	-38.75	26.75	15	2600,50
93	-38.75	27.25	15	2600,50
93	-39.25	27.75	15	2600,50
93	-39.75	27.75	15	2600,50
93	-39.75	26.75	15	2600,50
93	-40.25	26.75	15	2600,50
93	-41.25	27.75	15	2600,50
93	-42.25	27.75	15	2600,50
93	-42.25	28.75	15	2600,50
93	-42.75	29.25	15	2600,50
93	-42.75	29.75	15	2600,50
93	-41.75	30.75	15	2600,50
93	-41.75	31.25	15	2600,50
93	-42.75	31.25	15	2600,50
93	-43.75	32.25	15	2600,50
93	-44.75	32.25	15	2600,50
93	-44.75	32.75	15	2600,50
93	-44.25	33.25	15	2600,50
93	-44.25	34.75	15	2600,50
93	-44.75	34.75	15	2600,50
93	-44.75	33.75	15	2600,50
93	-45.25	33.75	15	2600,50
93	-45.25	36.75	15	2600,50
94	4.25	36.25	15	2550,50
94	4.25	36.75	15	2550,50
94	4.75	36.75	15	2550,50
94	4.75	36.25	15	2550,50
94	4.25	36.25	15	2550,50
95	2.75	27.75	15	2550,50
95	2.75	28.25	15	2550,50
95	3.25	28.25	15	2550,50
95	3.75	27.75	15	2550,50
95	3.75	26.75	15	2550,50
95	4.75	26.75	15	2550,50
95	4.75	24.25	15	2550,50
95	4.25	24.25	15	2550,50
95	4.25	25.25	15	2550,50
95	3.25	25.25	15	2550,50
95	2.75	25.75	15	2550,50
95	2.75	27.75	15	2550,50
687	3.75	35.75	93	2550,50
687	3.75	36.25	93	2550,50
687	4.25	36.25	93	2550,50
687	4.75	35.75	93	2550,50
687	4.75	35.25	93	2550,50
687	4.25	35.25	93	2550,50
687	3.75	35.75	93	2550,50
40	-41.75	40.25	117	2600,50
40	-41.75	40.75	117	2600,50
40	-41.25	41.25	117	2600,50
40	-40.25	41.25	117	2600,50
40	-39.75	41.75	117	2600,50
40	-39.25	41.75	117	2600,50
40	-39.25	41.25	117	2600,50
40	-40.75	39.75	117	2600,50
40	-40.75	39.25	117	2600,50
40	-40.25	39.25	117	2600,50
40	-39.75	39.75	117	2600,50
40	-38.25	39.75	117	2600,50
40	-38.25	39.25	117	2600,50
40	-38.75	38.75	117	2600,50
40	-39.75	38.75	117	2600,50
40	-40.25	38.25	117	2600,50
40	-40.25	37.75	117	2600,50
40	-39.75	37.25	117	2600,50
40	-39.75	36.75	117	2600,50
40	-40.25	36.75	117	2600,50
40	-41.75	38.25	117	2600,50
40	-42.75	38.25	117	2600,50
40	-42.75	38.75	117	2600,50
40	-41.75	39.75	117	2600,50
40	-41.75	40.25	117	2600,50
639	-7.25	44.75	7	2600,50
639	-7.25	45.25	7	2600,50
639	-5.75	45.25	7	2600,50
639	-4.75	44.25	7	2600,50
639	-4.25	44.25	7	2600,50
639	-4.25	44.75	7	2600,50
639	-4.75	45.25	7	2600,50
639	-4.75	45.75	7	2600,50
639	-3.75	46.75	7	2600,50
639	-3.75	47.75	7	2600,50
639	-2.75	48.75	7	2600,50
639	-2.25	48.75	7	2600,50
639	-2.25	47.75	7	2600,50
639	-0.75	47.75	7	2600,50
639	-0.75	48.75	7	2600,50
639	0.75	48.75	7	2600,50
639	0.75	47.75	7	2600,50
639	1.25	47.75	7	2600,50
639	1.75	48.25	7	2600,50
639	2.25	48.25	7	2600,50
639	2.25	47.25	7	2600,50
639	3.75	47.25	7	2600,50
639	4.25	47.75	7	2600,50
639	4.75	47.75	7	2600,50
639	4.75	46.75	7	2600,50
639	5.25	46.25	7	2600,50
639	5.25	44.75	7	2600,50
639	4.75	44.75	7	2600,50
639	4.75	45.75	7	2600,50
639	4.25	46.25	7	2600,50
639	2.25	46.25	7	2600,50
639	1.75	46.75	7	2600,50
639	0.25	46.75	7	2600,50
639	0.25	45.75	7	2600,50
639	-0.25	45.75	7	2600,50
639	-0.75	46.25	7	2600,50
639	-1.25	46.25	7	2600,50
639	-1.25	45.25	7	2600,50
639	-2.25	45.25	7	2600,50
639	-2.25	44.25	7	2600,50
639	-2.75	43.75	7	2600,50
639	-3.75	43.75	7	2600,50
639	-4.25	43.25	7	2600,50
639	-4.75	43.25	7	2600,50
639	-5.25	43.75	7	2600,50
639	-7.25	43.75	7	2600,50
639	-7.25	44.75	7	2600,50
640	4.75	39.75	7	2600,50
640	4.75	40.25	7	2600,50
640	5.25	40.25	7	2600,50
640	5.25	36.75	7	2600,50
640	3.75	36.75	7	2600,50
640	3.75	38.25	7	2600,50
640	4.75	39.25	7	2600,50
640	4.75	39.75	7	2600,50
641	-21.75	10.25	7	2600,50
641	-21.75	10.75	7	2600,50
641	-21.25	11.25	7	2600,50
641	-20.75	11.25	7	2600,50
641	-19.25	9.75	7	2600,50
641	-18.25	9.75	7	2600,50
641	-18.25	8.75	7	2600,50
641	-17.25	8.75	7	2600,50
641	-17.25	6.75	7	2600,50
641	-16.25	6.75	7	2600,50
641	-16.25	6.25	7	2600,50
641	-16.75	5.75	7	2600,50
641	-17.25	5.75	7	2600,50
641	-17.75	6.25	7	2600,50
641	-18.75	6.25	7	2600,50
641	-19.25	6.75	7	2600,50
641	-19.25	7.75	7	2600,50
641	-19.75	8.25	7	2600,50
641	-20.75	8.25	7	2600,50
641	-20.75	9.25	7	2600,50
641	-21.75	9.25	7	2600,50
641	-21.75	10.25	7	2600,50
642	-8.25	21.75	7	2600,50
642	-8.25	22.25	7	2600,50
642	-7.75	22.75	7	2600,50
642	-7.25	22.75	7	2600,50
642	-6.75	22.25	7	2600,50
642	-5.75	22.25	7	2600,50
642	-5.75	21.25	7	2600,50
642	-4.75	20.25	7	2600,50
642	-4.25	20.25	7	2600,50
642	-4.25	20.75	7	2600,50
642	-4.75	21.25	7	2600,50
642	-4.75	21.75	7	2600,50
642	-4.25	22.25	7	2600,50
642	-3.75	22.25	7	2600,50
642	-3.75	21.25	7	2600,50
642	-3.25	20.75	7	2600,50
642	-3.25	19.75	7	2600,50
642	-2.25	19.75	7	2600,50
642	-1.75	19.25	7	2600,50
642	-1.75	18.25	7	2600,50
642	-0.25	16.75	7	2600,50
642	1.75	16.75	7	2600,50
642	1.75	16.25	7	2600,50
642	0.25	14.75	7	2600,50
642	-0.75	14.75	7	2600,50
642	-1.75	13.75	7	2600,50
642	-2.25	13.75	7	2600,50
642	-2.75	14.25	7	2600,50
642	-2.75	14.75	7	2600,50
642	-1.75	15.75	7	2600,50
642	-1.75	16.25	7	2600,50
642	-3.25	16.25	7	2600,50
642	-3.75	15.75	7	2600,50
642	-3.75	14.25	7	2600,50
642	-3.25	13.75	7	2600,50
642	-3.25	12.75	7	2600,50
642	-2.25	11.75	7	2600,50
642	-1.75	11.75	7	2600,50
642	-1.25	12.25	7	2600,50
642	-1.25	13.25	7	2600,50
642	-0.75	13.75	7	2600,50
642	-0.25	13.75	7	2600,50
642	-0.25	10.25	7	2600,50
642	-0.75	9.75	7	2600,50
642	-0.75	9.25	7	2600,50
642	0.25	9.25	7	2600,50
642	0.25	6.75	7	2600,50
642	-0.25	6.25	7	2600,50
642	-0.75	6.25	7	2600,50
642	-1.75	7.25	7	2600,50
642	-2.75	7.25	7	2600,50
642	-2.75	7.75	7	2600,50
642	-1.75	8.75	7	2600,50
642	-1.75	10.25	7	2600,50
642	-2.25	10.25	7	2600,50
642	-2.75	9.75	7	2600,50
642	-4.25	9.75	7	2600,50
642	-4.25	10.75	7	2600,50
642	-4.75	10.75	7	2600,50
642	-5.25	10.25	7	2600,50
642	-5.75	10.25	7	2600,50
642	-5.75	10.75	7	2600,50
642	-4.25	12.25	7	2600,50
642	-4.25	13.75	7	2600,50
642	-4.75	13.75	7	2600,50
642	-5.25	13.25	7	2600,50
642	-5.75	13.25	7	2600,50
642	-5.75	14.25	7	2600,50
642	-6.25	14.75	7	2600,50
642	-6.25	15.25	7	2600,50
642	-5.25	15.25	7	2600,50
642	-5.25	15.75	7	2600,50
642	-5.75	16.25	7	2600,50
642	-5.75	16.75	7	2600,50
642	-5.25	17.25	7	2600,50
642	-4.25	17.25	7	2600,50
642	-3.75	17.75	7	2600,50
642	-3.75	18.25	7	2600,50
642	-6.25	20.75	7	2600,50
642	-6.75	20.75	7	2600,50
642	-7.25	20.25	7	2600,50
642	-7.75	20.25	7	2600,50
642	-7.75	20.75	7	2600,50
642	-7.25	21.25	7	2600,50
642	-7.25	21.75	7	2600,50
642	-8.25	21.75	7	2600,50
643	2.25	15.25	7	2600,50
643	2.25	15.75	7	2600,50
643	2.75	16.25	7	2600,50
643	3.25	16.25	7	2600,50
643	3.25	14.75	7	2600,50
643	2.75	14.75	7	2600,50
643	2.25	15.25	7	2600,50
265	-28.25	3.75	26	2600,100
265	-28.25	4.25	26	2600,100
265	-23.25	9.25	26	2600,100
265	-22.75	9.25	26	2600,100
265	-22.75	8.25	26	2600,100
265	-22.25	7.75	26	2600,100
265	-21.25	7.75	26	2600,100
265	-21.25	6.75	26	2600,100
265	-20.25	6.75	26	2600,100
265	-20.25	6.25	26	2600,100
265	-20.75	5.75	26	2600,100
265	-22.75	5.75	26	2600,100
265	-22.75	4.25	26	2600,100
265	-22.25	3.75	26	2600,100
265	-21.25	3.75	26	2600,100
265	-20.25	2.75	26	2600,100
265	-20.25	2.25	26	2600,100
265	-21.25	2.25	26	2600,100
265	-21.25	1.75	26	2600,100
265	-20.25	0.75	26	2600,100
265	-19.25	0.75	26	2600,100
265	-18.25	-0.25	26	2600,100
265	-18.25	-0.75	26	2600,100
265	-18.75	-1.25	26	2600,100
265	-23.25	-1.25	26	2600,100
265	-23.75	-0.75	26	2600,100
265	-23.75	-0.25	26	2600,100
265	-23.25	0.25	26	2600,100
265	-23.25	0.75	26	2600,100
265	-24.25	1.75	26	2600,100
265	-24.25	2.75	26	2600,100
265	-24.75	2.75	26	2600,100
265	-25.25	2.25	26	2600,100
265	-25.75	2.25	26	2600,100
265	-26.75	3.25	26	2600,100
265	-27.75	3.25	26	2600,100
265	-28.25	3.75	26	2600,100
265	-23.25	47.75	26	2600,50
265	-23.25	48.25	26	2600,50
265	-22.75	48.75	26	2600,50
265	-20.25	48.75	26	2600,50
265	-19.75	48.25	26	2600,50
265	-19.75	47.75	26	2600,50
265	-20.75	46.75	26	2600,50
265	-20.75	46.25	26	2600,50
265	-20.25	45.75	26	2600,50
265	-19.25	45.75	26	2600,50
265	-18.75	45.25	26	2600,50
265	-16.75	45.25	26	2600,50
265	-16.75	44.25	26	2600,50
265	-16.25	43.75	26	2600,50
265	-15.75	43.75	26	2600,50
265	-14.75	44.75	26	2600,50
265	-14.75	45.75	26	2600,50
265	-13.75	45.75	26	2600,50
265	-13.25	46.25	26	2600,50
265	-12.75	46.25	26	2600,50
265	-12.75	45.25	26	2600,50
265	-11.75	45.25	26	2600,50
265	-11.75	44.75	26	2600,50
265	-12.25	44.25	26	2600,50
265	-13.25	44.25	26	2600,50
265	-13.25	43.75	26	2600,50
265	-12.75	43.25	26	2600,50
265	-11.75	43.25	26	2600,50
265	-11.75	42.25	26	2600,50
265	-11.25	41.75	26	2600,50
265	-11.25	40.75	26	2600,50
265	-10.75	40.25	26	2600,50
265	-10.75	39.25	26	2600,50
265	-9.75	38.25	26	2600,50
265	-9.25	38.25	26	2600,50
265	-8.75	38.75	26	2600,50
265	-7.75	38.75	26	2600,50
265	-7.75	39.25	26	2600,50
265	-8.25	39.75	26	2600,50
265	-8.25	40.25	26	2600,50
265	-7.25	40.25	26	2600,50
265	-7.25	40.75	26	2600,50
265	-7.75	41.25	26	2600,50
265	-7.75	41.75	26	2600,50
265	-7.25	42.25	26	2600,50
265	-7.25	42.75	26	2600,50
265	-8.75	42.75	26	2600,50
265	-9.75	41.75	26	2600,50
265	-10.25	41.75	26	2600,50
265	-10.25	42.25	26	2600,50
265	-8.75	43.75	26	2600,50
265	-8.75	44.25	26	2600,50
265	-9.25	44.25	26	2600,50
265	-10.25	43.25	26	2600,50
265	-10.75	43.25	26	2600,50
265	-10.75	44.75	26	2600,50
265	-10.25	45.25	26	2600,50
265	-10.25	45.75	26	2600,50
265	-10.75	46.25	26	2600,50
265	-10.75	48.75	26	2600,50
265	-3.25	48.75	26	2600,50
265	-3.25	48.25	26	2600,50
265	-3.75	47.75	26	2600,50
265	-3.75	46.75	26	2600,50
265	-4.75	45.75	26	2600,50
265	-4.75	45.25	26	2600,50
265	-4.25	44.75	26	2600,50
265	-4.25	44.25	26	2600,50
265	-4.75	44.25	26	2600,50
265	-5.75	45.25	26	2600,50
265	-7.25	45.25	26	2600,50
265	-7.25	43.75	26	2600,50
265	-5.25	43.75	26	2600,50
265	-4.75	43.25	26	2600,50
265	-4.25	43.25	26	2600,50
265	-3.75	43.75	26	2600,50
265	-2.75	43.75	26	2600,50
265	-2.25	44.25	26	2600,50
265	-2.25	45.25	26	2600,50
265	-1.25	45.25	26	2600,50
265	-1.25	46.25	26	2600,50
265	-0.75	46.25	26	2600,50
265	-0.25	45.75	26	2600,50
265	0.25	45.75	26	2600,50
265	0.25	46.75	26	2600,50
265	1.75	46.75	26	2600,50
265	2.25	46.25	26	2600,50
265	4.25	46.25	26	2600,50
265	4.75	45.75	26	2600,50
265	4.75	44.75	26	2600,50
265	5.25	44.25	26	2600,50
265	5.25	40.75	26	2600,50
265	4.75	40.25	26	2600,50
265	4.75	39.25	26	2600,50
265	3.75	38.25	26	2600,50
265	3.75	36.75	26	2600,50
265	4.75	36.75	26	2600,50
265	5.25	36.25	26	2600,50
265	5.25	33.75	26	2600,50
265	4.75	33.25	26	2600,50
265	2.25	33.25	26	2600,50
265	1.25	34.25	26	2600,50
265	1.25	36.25	26	2600,50
265	0.75	36.25	26	2600,50
265	0.25	35.75	26	2600,50
265	-0.25	35.75	26	2600,50
265	-0.75	36.25	26	2600,50
265	-0.75	38.25	26	2600,50
265	-1.75	39.25	26	2600,50
265	-2.25	39.25	26	2600,50
265	-2.25	38.25	26	2600,50
265	-4.25	36.25	26	2600,50
265	-6.25	36.25	26	2600,50
265	-7.75	34.75	26	2600,50
265	-10.25	34.75	26	2600,50
265	-10.75	35.25	26	2600,50
265	-10.75	36.25	26	2600,50
265	-11.25	36.25	26	2600,50
265	-11.75	35.75	26	2600,50
265	-12.25	35.75	26	2600,50
265	-12.25	36.75	26	2600,50
265	-12.75	36.75	26	2600,50
265	-13.25	36.25	26	2600,50
265	-13.75	36.25	26	2600,50
265	-14.25	36.75	26	2600,50
265	-14.75	36.75	26	2600,50
265	-15.75	35.75	26	2600,50
265	-15.75	34.75	26	2600,50
265	-16.25	34.25	26	2600,50
265	-16.25	33.25	26	2600,50
265	-16.75	32.75	26	2600,50
265	-16.75	32.25	26	2600,50
265	-15.75	32.25	26	2600,50
265	-15.75	31.25	26	2600,50
265	-15.25	30.75	26	2600,50
265	-15.25	30.25	26	2600,50
265	-15.75	30.25	26	2600,50
265	-16.25	30.75	26	2600,50
265	-16.75	30.75	26	2600,50
265	-17.25	30.25	26	2600,50
265	-17.75	30.25	26	2600,50
265	-17.75	30.75	26	2600,50
265	-17.25	31.25	26	2600,50
265	-17.25	31.75	26	2600,50
265	-18.25	31.75	26	2600,50
265	-18.25	32.25	26	2600,50
265	-17.25	33.25	26	2600,50
265	-17.25	34.25	26	2600,50
265	-16.75	34.75	26	2600,50
265	-16.75	35.25	26	2600,50
265	-17.25	35.25	26	2600,50
265	-18.25	34.25	26	2600,50
265	-18.25	33.25	26	2600,50
265	-18.75	33.25	26	2600,50
265	-19.25	33.75	26	2600,50
265	-19.25	36.75	26	2600,50
265	-21.25	36.75	26	2600,50
265	-21.75	37.25	26	2600,50
265	-21.75	37.75	26	2600,50
265	-20.75	38.75	26	2600,50
265	-20.75	41.25	26	2600,50
265	-21.25	41.75	26	2600,50
265	-21.25	42.25	26	2600,50
265	-20.25	42.25	26	2600,50
265	-19.25	43.25	26	2600,50
265	-19.25	43.75	26	2600,50
265	-21.75	43.75	26	2600,50
265	-21.75	42.75	26	2600,50
265	-22.25	42.25	26	2600,50
265	-22.25	41.25	26	2600,50
265	-22.75	41.25	26	2600,50
265	-23.25	41.75	26	2600,50
265	-24.25	41.75	26	2600,50
265	-24.75	42.25	26	2600,50
265	-24.75	42.75	26	2600,50
265	-24.25	43.25	26	2600,50
265	-24.25	44.25	26	2600,50
265	-23.75	44.25	26	2600,50
265	-23.25	43.75	26	2600,50
265	-22.75	43.75	26	2600,50
265	-22.75	44.25	26	2600,50
265	-23.25	44.75	26	2600,50
265	-23.25	46.25	26	2600,50
265	-22.75	46.75	26	2600,50
265	-22.75	47.25	26	2600,50
265	-23.25	47.75	26	2600,50
265	-44.75	19.25	26	2650,100
265	-44.75	19.75	26	2650,100
265	-44.25	19.75	26	2650,100
265	-44.25	19.25	26	2650,100
265	-44.75	19.25	26	2650,100
265	-44.75	47.25	26	2650,50
265	-44.75	47.75	26	2650,50
265	-44.25	48.25	26	2650,50
265	-43.25	48.25	26	2650,50
265	-42.75	48.75	26	2650,50
265	-39.25	48.75	26	2650,50
265	-39.25	47.75	26	2650,50
265	-38.75	47.25	26	2650,50
265	-38.25	47.25	26	2650,50
265	-38.25	48.25	26	2650,50
265	-37.25	48.25	26	2650,50
265	-36.75	48.75	26	2650,50
265	-36.25	48.75	26	2650,50
265	-36.25	48.25	26	2650,50
265	-37.25	47.25	26	2650,50
265	-37.25	46.75	26	2650,50
265	-36.75	46.25	26	2650,50
265	-36.75	45.75	26	2650,50
265	-37.75	45.75	26	2650,50
265	-39.25	44.25	26	2650,50
265	-39.25	43.75	26	2650,50
265	-38.75	43.25	26	2650,50
265	-37.75	43.25	26	2650,50
265	-37.75	41.75	26	2650,50
265	-39.25	41.75	26	2650,50
265	-39.75	42.25	26	2650,50
265	-41.75	42.25	26	2650,50
265	-41.75	42.75	26	2650,50
265	-41.25	43.25	26	2650,50
265	-40.25	43.25	26	2650,50
265	-40.25	43.75	26	2650,50
265	-40.75	44.25	26	2650,50
265	-40.75	44.75	26	2650,50
265	-40.25	45.25	26	2650,50
265	-39.25	45.25	26	2650,50
265	-39.25	45.75	26	2650,50
265	-40.25	46.75	26	2650,50
265	-40.75	46.75	26	2650,50
265	-41.25	46.25	26	2650,50
265	-41.75	46.25	26	2650,50
265	-42.25	46.75	26	2650,50
265	-44.25	46.75	26	2650,50
265	-44.75	47.25	26	2650,50
266	-18.25	6.75	26	2600,100
266	-18.25	7.25	26	2600,100
266	-17.75	7.25	26	2600,100
266	-17.25	6.75	26	2600,100
266	-16.75	6.75	26	2600,100
266	-16.25	7.25	26	2600,100
266	-16.25	9.25	26	2600,100
266	-15.75	9.25	26	2600,100
266	-15.25	8.75	26	2600,100
266	-14.75	8.75	26	2600,100
266	-14.75	9.75	26	2600,100
266	-14.25	9.75	26	2600,100
266	-13.75	9.25	26	2600,100
266	-13.75	7.75	26	2600,100
266	-15.25	6.25	26	2600,100
266	-15.25	5.75	26	2600,100
266	-14.75	5.75	26	2600,100
266	-13.25	7.25	26	2600,100
266	-11.75	7.25	26	2600,100
266	-11.75	6.25	26	2600,100
266	-11.25	5.75	26	2600,100
266	-10.75	5.75	26	2600,100
266	-10.75	7.25	26	2600,100
266	-11.25	7.75	26	2600,100
266	-11.25	8.25	26	2600,100
266	-10.25	9.25	26	2600,100
266	-9.75	9.25	26	2600,100
266	-9.25	8.75	26	2600,100
266	-8.75	8.75	26	2600,100
266	-8.75	9.25	26	2600,100
266	-9.75	10.25	26	2600,100
266	-9.75	11.75	26	2600,100
266	-7.75	13.75	26	2600,100
266	-6.75	13.75	26	2600,100
266	-6.25	14.25	26	2600,100
266	-5.75	14.25	26	2600,100
266	-5.25	13.75	26	2600,100
266	-5.25	13.25	26	2600,100
266	-6.25	13.25	26	2600,100
266	-6.75	12.75	26	2600,100
266	-7.75	12.75	26	2600,100
266	-7.75	11.25	26	2600,100
266	-6.25	11.25	26	2600,100
266	-4.25	13.25	26	2600,100
266	-3.25	13.25	26	2600,100
266	-3.25	13.75	26	2600,100
266	-4.25	14.75	26	2600,100
266	-4.25	16.25	26	2600,100
266	-2.75	17.75	26	2600,100
266	-2.75	18.75	26	2600,100
266	-2.25	19.25	26	2600,100
266	-2.25	19.75	26	2600,100
266	-3.25	20.75	26	2600,100
266	-3.25	21.25	26	2600,100
266	-2.25	21.25	26	2600,100
266	-1.75	21.75	26	2600,100
266	-1.25	21.75	26	2600,100
266	-1.25	21.25	26	2600,100
266	-1.75	20.75	26	2600,100
266	-1.75	20.25	26	2600,100
266	-0.75	20.25	26	2600,100
266	-0.25	19.75	26	2600,100
266	0.75	19.75	26	2600,100
266	0.75	18.75	26	2600,100
266	1.75	18.75	26	2600,100
266	2.25	18.25	26	2600,100
266	3.75	18.25	26	2600,100
266	3.75	19.25	26	2600,100
266	4.75	20.25	26	2600,100
266	5.25	20.25	26	2600,100
266	5.25	19.75	26	2600,100
266	4.75	19.25	26	2600,100
266	4.75	18.75	26	2600,100
266	5.25	18.25	26	2600,100
266	5.25	13.75	26	2600,100
266	4.75	13.25	26	2600,100
266	4.75	12.25	26	2600,100
266	4.25	11.75	26	2600,100
266	3.75	11.75	26	2600,100
266	3.25	12.25	26	2600,100
266	2.25	12.25	26	2600,100
266	2.25	12.75	26	2600,100
266	2.75	13.25	26	2600,100
266	3.75	13.25	26	2600,100
266	4.75	14.25	26	2600,100
266	4.75	14.75	26	2600,100
266	4.25	15.25	26	2600,100
266	3.75	15.25	26	2600,100
266	3.75	14.25	26	2600,100
266	2.75	14.25	26	2600,100
266	1.25	12.75	26	2600,100
266	1.25	11.25	26	2600,100
266	1.75	10.75	26	2600,100
266	1.75	9.75	26	2600,100
266	2.25	9.25	26	2600,100
266	2.25	8.75	26	2600,100
266	1.25	8.75	26	2600,100
266	1.25	6.75	26	2600,100
266	0.25	5.75	26	2600,100
266	0.25	4.75	26	2600,100
266	-0.25	4.25	26	2600,100
266	-1.25	4.25	26	2600,100
266	-1.25	3.75	26	2600,100
266	-0.75	3.25	26	2600,100
266	-0.25	3.25	26	2600,100
266	0.25	3.75	26	2600,100
266	1.75	3.75	26	2600,100
266	1.75	3.25	26	2600,100
266	1.25	2.75	26	2600,100
266	1.25	2.25	26	2600,100
266	2.25	2.25	26	2600,100
266	2.25	1.75	26	2600,100
266	1.75	1.25	26	2600,100
266	1.75	0.75	26	2600,100
266	2.25	0.25	26	2600,100
266	2.25	-1.25	26	2600,100
266	0.75	-1.25	26	2600,100
266	0.75	-0.75	26	2600,100
266	1.25	-0.25	26	2600,100
266	1.25	0.25	26	2600,100
266	0.75	0.75	26	2600,100
266	0.25	0.75	26	2600,100
266	0.25	-0.25	26	2600,100
266	-0.75	-1.25	26	2600,100
266	-1.25	-1.25	26	2600,100
266	-1.25	1.75	26	2600,100
266	-1.75	1.75	26	2600,100
266	-2.25	1.25	26	2600,100
266	-3.25	1.25	26	2600,100
266	-3.75	0.75	26	2600,100
266	-3.75	-1.25	26	2600,100
266	-8.25	-1.25	26	2600,100
266	-8.25	-0.75	26	2600,100
266	-7.25	0.25	26	2600,100
266	-6.25	0.25	26	2600,100
266	-5.25	1.25	26	2600,100
266	-5.25	1.75	26	2600,100
266	-5.75	1.75	26	2600,100
266	-6.25	1.25	26	2600,100
266	-6.75	1.25	26	2600,100
266	-8.75	3.25	26	2600,100
266	-9.25	3.25	26	2600,100
266	-9.25	2.75	26	2600,100
266	-8.75	2.25	26	2600,100
266	-8.75	1.75	26	2600,100
266	-9.25	1.75	26	2600,100
266	-9.75	2.25	26	2600,100
266	-10.25	2.25	26	2600,100
266	-10.25	1.25	26	2600,100
266	-11.25	1.25	26	2600,100
266	-12.25	0.25	26	2600,100
266	-13.25	0.25	26	2600,100
266	-13.75	-0.25	26	2600,100
266	-15.25	-0.25	26	2600,100
266	-15.75	0.25	26	2600,100
266	-15.75	0.75	26	2600,100
266	-15.25	1.25	26	2600,100
266	-15.25	2.75	26	2600,100
266	-16.75	4.25	26	2600,100
266	-16.75	5.25	26	2600,100
266	-18.25	6.75	26	2600,100
266	-20.25	41.25	26	2600,50
266	-20.25	40.75	26	2600,50
266	-19.25	39.75	26	2600,50
266	-19.25	39.25	26	2600,50
266	-19.75	38.75	26	2600,50
266	-19.75	38.25	26	2600,50
266	-18.75	38.25	26	2600,50
266	-18.25	37.75	26	2600,50
266	-18.25	36.75	26	2600,50
266	-17.75	36.75	26	2600,50
266	-17.25	37.25	26	2600,50
266	-17.25	37.75	26	2600,50
266	-18.75	39.25	26	2600,50
266	-18.75	39.75	26	2600,50
266	-17.75	39.75	26	2600,50
266	-17.75	40.75	26	2600,50
266	-17.25	41.25	26	2600,50
266	-16.75	41.25	26	2600,50
266	-15.75	40.25	26	2600,50
266	-15.75	39.75	26	2600,50
266	-16.75	39.75	26	2600,50
266	-16.75	39.25	26	2600,50
266	-16.25	38.75	26	2600,50
266	-16.25	37.75	26	2600,50
266	-15.75	37.75	26	2600,50
266	-15.25	38.25	26	2600,50
266	-14.75	38.25	26	2600,50
266	-14.25	37.75	26	2600,50
266	-13.75	37.75	26	2600,50
266	-13.75	38.75	26	2600,50
266	-13.25	38.75	26	2600,50
266	-12.25	37.75	26	2600,50
266	-10.75	37.75	26	2600,50
266	-10.75	38.25	26	2600,50
266	-11.25	38.75	26	2600,50
266	-12.25	38.75	26	2600,50
266	-12.75	39.25	26	2600,50
266	-12.75	40.25	26	2600,50
266	-14.25	40.25	26	2600,50
266	-14.75	39.75	26	2600,50
266	-15.25	39.75	26	2600,50
266	-15.25	40.75	26	2600,50
266	-16.25	41.75	26	2600,50
266	-16.25	42.75	26	2600,50
266	-17.25	43.75	26	2600,50
266	-17.75	43.75	26	2600,50
266	-17.75	42.75	26	2600,50
266	-18.75	42.75	26	2600,50
266	-19.25	42.25	26	2600,50
266	-19.25	41.25	26	2600,50
266	-20.25	41.25	26	2600,50
266	-44.75	14.25	26	2650,100
266	-44.75	14.75	26	2650,100
266	-44.25	14.75	26	2650,100
266	-44.25	14.25	26	2650,100
266	-44.75	14.25	26	2650,100
266	-42.75	45.25	26	2650,50
266	-42.75	45.75	26	2650,50
266	-42.25	45.75	26	2650,50
266	-41.75	45.25	26	2650,50
266	-41.75	44.75	26	2650,50
266	-43.25	43.25	26	2650,50
266	-43.25	41.25	26	2650,50
266	-44.75	41.25	26	2650,50
266	-44.75	42.75	26	2650,50
266	-42.75	44.75	26	2650,50
266	-42.75	45.25	26	2650,50
267	-6.25	5.75	26	2600,100
267	-6.25	6.25	26	2600,100
267	-5.75	6.75	26	2600,100
267	-5.25	6.75	26	2600,100
267	-3.75	5.25	26	2600,100
267	-3.75	4.75	26	2600,100
267	-4.75	4.75	26	2600,100
267	-4.75	4.25	26	2600,100
267	-4.25	3.75	26	2600,100
267	-3.75	3.75	26	2600,100
267	-3.25	4.25	26	2600,100
267	-2.75	4.25	26	2600,100
267	-2.75	3.25	26	2600,100
267	-2.25	2.75	26	2600,100
267	-2.25	2.25	26	2600,100
267	-3.25	2.25	26	2600,100
267	-4.25	1.25	26	2600,100
267	-4.75	1.25	26	2600,100
267	-4.75	1.75	26	2600,100
267	-4.25	2.25	26	2600,100
267	-4.25	2.75	26	2600,100
267	-5.75	2.75	26	2600,100
267	-6.25	2.25	26	2600,100
267	-6.75	2.25	26	2600,100
267	-6.75	3.75	26	2600,100
267	-6.25	4.25	26	2600,100
267	-6.25	5.75	26	2600,100
267	-2.25	47.75	26	2600,50
267	-2.25	48.25	26	2600,50
267	-1.75	48.75	26	2600,50
267	-1.25	48.75	26	2600,50
267	-0.75	48.25	26	2600,50
267	-0.75	47.75	26	2600,50
267	-2.25	47.75	26	2600,50
267	-36.75	-0.75	26	2650,100
267	-36.75	-0.25	26	2650,100
267	-36.25	-0.25	26	2650,100
267	-35.75	-0.75	26	2650,100
267	-35.75	-1.25	26	2650,100
267	-36.25	-1.25	26	2650,100
267	-36.75	-0.75	26	2650,100
267	-44.75	36.25	26	2650,50
267	-44.75	36.75	26	2650,50
267	-43.75	36.75	26	2650,50
267	-43.25	37.25	26	2650,50
267	-43.25	38.25	26	2650,50
267	-42.75	38.25	26	2650,50
267	-42.25	37.75	26	2650,50
267	-41.25	37.75	26	2650,50
267	-40.75	37.25	26	2650,50
267	-40.75	36.75	26	2650,50
267	-41.25	36.25	26	2650,50
267	-43.25	36.25	26	2650,50
267	-44.25	35.25	26	2650,50
267	-44.25	34.75	26	2650,50
267	-43.75	34.75	26	2650,50
267	-43.25	35.25	26	2650,50
267	-41.75	35.25	26	2650,50
267	-41.75	33.25	26	2650,50
267	-40.75	32.25	26	2650,50
267	-40.75	31.75	26	2650,50
267	-41.75	31.75	26	2650,50
267	-42.25	31.25	26	2650,50
267	-43.25	31.25	26	2650,50
267	-43.25	30.25	26	2650,50
267	-43.75	30.25	26	2650,50
267	-44.75	31.25	26	2650,50
267	-44.75	36.25	26	2650,50
268	-11.25	-0.25	26	2600,100
268	-11.25	0.25	26	2600,100
268	-10.25	0.25	26	2600,100
268	-9.75	0.75	26	2600,100
268	-9.25	0.75	26	2600,100
268	-9.25	-0.25	26	2600,100
268	-8.75	-0.75	26	2600,100
268	-8.75	-1.25	26	2600,100
268	-10.25	-1.25	26	2600,100
268	-11.25	-0.25	26	2600,100
268	0.75	47.75	26	2600,50
268	0.75	48.25	26	2600,50
268	1.25	48.75	26	2600,50
268	1.75	48.75	26	2600,50
268	1.75	48.25	26	2600,50
268	1.25	47.75	26	2600,50
268	0.75	47.75	26	2600,50
269	-3.25	-0.75	26	2600,100
269	-3.25	-1.25	26	2600,100
269	-2.75	-1.25	26	2600,100
269	-2.75	-0.75	26	2600,100
269	-3.25	-0.75	26	2600,100
269	2.25	48.75	26	2600,50
269	2.25	47.25	26	2600,50
269	3.75	47.25	26	2600,50
269	4.25	47.75	26	2600,50
269	4.75	47.75	26	2600,50
269	4.75	46.75	26	2600,50
269	5.25	46.75	26	2600,50
269	5.25	48.25	26	2600,50
269	4.75	48.75	26	2600,50
269	4.25	48.75	26	2600,50
269	3.75	48.25	26	2600,50
269	3.25	48.25	26	2600,50
269	2.75	48.75	26	2600,50
269	2.25	48.75	26	2600,50
690	-22.75	9.25	95	2600,100
690	-22.75	9.75	95	2600,100
690	-22.25	10.25	95	2600,100
690	-21.75	10.25	95	2600,100
690	-21.25	9.75	95	2600,100
690	-21.25	8.75	95	2600,100
690	-20.75	8.25	95	2600,100
690	-20.75	7.75	95	2600,100
690	-22.25	7.75	95	2600,100
690	-22.75	8.25	95	2600,100
690	-22.75	9.25	95	2600,100
361	-21.75	10.25	32	2600,100
361	-21.75	10.75	32	2600,100
361	-18.25	14.25	32	2600,100
361	-16.25	14.25	32	2600,100
361	-15.25	15.25	32	2600,100
361	-15.25	17.25	32	2600,100
361	-14.25	18.25	32	2600,100
361	-13.75	18.25	32	2600,100
361	-13.25	17.75	32	2600,100
361	-13.25	16.75	32	2600,100
361	-12.75	16.75	32	2600,100
361	-12.25	17.25	32	2600,100
361	-11.75	17.25	32	2600,100
361	-11.75	16.25	32	2600,100
361	-10.75	16.25	32	2600,100
361	-10.75	15.25	32	2600,100
361	-10.25	15.25	32	2600,100
361	-8.75	16.75	32	2600,100
361	-8.25	16.75	32	2600,100
361	-8.25	16.25	32	2600,100
361	-8.75	15.75	32	2600,100
361	-8.75	15.25	32	2600,100
361	-7.75	15.25	32	2600,100
361	-7.25	14.75	32	2600,100
361	-6.25	14.75	32	2600,100
361	-6.25	14.25	32	2600,100
361	-6.75	13.75	32	2600,100
361	-7.75	13.75	32	2600,100
361	-9.75	11.75	32	2600,100
361	-9.75	10.25	32	2600,100
361	-8.75	9.25	32	2600,100
361	-8.75	8.75	32	2600,100
361	-9.25	8.75	32	2600,100
361	-9.75	9.25	32	2600,100
361	-10.25	9.25	32	2600,100
361	-11.25	8.25	32	2600,100
361	-11.25	7.75	32	2600,100
361	-10.75	7.25	32	2600,100
361	-10.75	5.75	32	2600,100
361	-11.25	5.75	32	2600,100
361	-11.75	6.25	32	2600,100
361	-11.75	7.25	32	2600,100
361	-13.25	7.25	32	2600,100
361	-14.75	5.75	32	2600,100
361	-15.25	5.75	32	2600,100
361	-15.25	6.25	32	2600,100
361	-13.75	7.75	32	2600,100
361	-13.75	9.25	32	2600,100
361	-14.25	9.75	32	2600,100
361	-14.75	9.75	32	2600,100
361	-14.75	8.75	32	2600,100
361	-15.25	8.75	32	2600,100
361	-15.75	9.25	32	2600,100
361	-16.25	9.25	32	2600,100
361	-16.25	7.25	32	2600,100
361	-16.75	6.75	32	2600,100
361	-17.25	6.75	32	2600,100
361	-17.75	7.25	32	2600,100
361	-18.25	7.25	32	2600,100
361	-18.25	6.75	32	2600,100
361	-16.75	5.25	32	2600,100
361	-16.75	4.25	32	2600,100
361	-15.25	2.75	32	2600,100
361	-15.25	1.25	32	2600,100
361	-15.75	0.75	32	2600,100
361	-15.75	0.25	32	2600,100
361	-15.25	-0.25	32	2600,100
361	-13.75	-0.25	32	2600,100
361	-13.25	0.25	32	2600,100
361	-12.25	0.25	32	2600,100
361	-11.25	1.25	32	2600,100
361	-10.25	1.25	32	2600,100
361	-10.25	2.25	32	2600,100
361	-9.75	2.25	32	2600,100
361	-9.25	1.75	32	2600,100
361	-8.75	1.75	32	2600,100
361	-8.75	2.25	32	2600,100
361	-9.25	2.75	32	2600,100
361	-9.25	3.25	32	2600,100
361	-8.75	3.25	32	2600,100
361	-6.75	1.25	32	2600,100
361	-6.25	1.25	32	2600,100
361	-5.75	1.75	32	2600,100
361	-5.25	1.75	32	2600,100
361	-5.25	1.25	32	2600,100
361	-6.25	0.25	32	2600,100
361	-7.25	0.25	32	2600,100
361	-8.25	-0.75	32	2600,100
361	-8.75	-0.75	32	2600,100
361	-9.25	-0.25	32	2600,100
361	-9.25	0.75	32	2600,100
361	-9.75	0.75	32	2600,100
361	-10.25	0.25	32	2600,100
361	-11.25	0.25	32	2600,100
361	-11.25	-0.25	32	2600,100
361	-10.75	-0.75	32	2600,100
361	-10.75	-1.25	32	2600,100
361	-18.25	-1.25	32	2600,100
361	-18.25	-0.25	32	2600,100
361	-19.25	0.75	32	2600,100
361	-20.25	0.75	32	2600,100
361	-21.25	1.75	32	2600,100
361	-21.25	2.25	32	2600,100
361	-20.25	2.25	32	2600,100
361	-20.25	2.75	32	2600,100
361	-21.25	3.75	32	2600,100
361	-22.25	3.75	32	2600,100
361	-22.75	4.25	32	2600,100
361	-22.75	5.75	32	2600,100
361	-20.75	5.75	32	2600,100
361	-20.25	6.25	32	2600,100
361	-20.25	6.75	32	2600,100
361	-21.25	6.75	32	2600,100
361	-21.25	7.25	32	2600,100
361	-20.75	7.75	32	2600,100
361	-20.75	8.75	32	2600,100
361	-18.75	8.75	32	2600,100
361	-18.75	9.75	32	2600,100
361	-17.75	9.75	32	2600,100
361	-17.75	10.75	32	2600,100
361	-16.75	10.75	32	2600,100
361	-15.75	11.75	32	2600,100
361	-15.75	12.25	32	2600,100
361	-16.25	12.75	32	2600,100
361	-16.75	12.75	32	2600,100
361	-18.75	10.75	32	2600,100
361	-19.75	10.75	32	2600,100
361	-20.25	10.25	32	2600,100
361	-21.75	10.25	32	2600,100
361	-19.75	48.25	32	2600,50
361	-19.75	48.75	32	2600,50
361	-11.25	48.75	32	2600,50
361	-10.75	48.25	32	2600,50
361	-10.75	46.25	32	2600,50
361	-10.25	45.75	32	2600,50
361	-10.25	45.25	32	2600,50
361	-10.75	44.75	32	2600,50
361	-10.75	43.25	32	2600,50
361	-10.25	43.25	32	2600,50
361	-9.25	44.25	32	2600,50
361	-8.75	44.25	32	2600,50
361	-8.75	43.75	32	2600,50
361	-10.25	42.25	32	2600,50
361	-10.25	41.75	32	2600,50
361	-9.75	41.75	32	2600,50
361	-8.75	42.75	32	2600,50
361	-7.25	42.75	32	2600,50
361	-7.25	42.25	32	2600,50
361	-7.75	41.75	32	2600,50
361	-7.75	41.25	32	2600,50
361	-7.25	40.75	32	2600,50
361	-7.25	40.25	32	2600,50
361	-8.25	40.25	32	2600,50
361	-8.25	39.75	32	2600,50
361	-7.75	39.25	32	2600,50
361	-7.75	38.75	32	2600,50
361	-8.75	38.75	32	2600,50
361	-9.25	38.25	32	2600,50
361	-9.75	38.25	32	2600,50
361	-10.75	39.25	32	2600,50
361	-10.75	40.25	32	2600,50
361	-11.25	40.75	32	2600,50
361	-11.25	41.75	32	2600,50
361	-11.75	42.25	32	2600,50
361	-11.75	43.25	32	2600,50
361	-12.75	43.25	32	2600,50
361	-13.25	43.75	32	2600,50
361	-13.25	44.25	32	2600,50
361	-12.25	44.25	32	2600,50
361	-11.75	44.75	32	2600,50
361	-11.75	45.25	32	2600,50
361	-12.75	45.25	32	2600,50
361	-12.75	46.25	32	2600,50
361	-13.25	46.25	32	2600,50
361	-13.75	45.75	32	2600,50
361	-14.75	45.75	32	2600,50
361	-14.75	44.75	32	2600,50
361	-15.75	43.75	32	2600,50
361	-16.25	43.75	32	2600,50
361	-16.75	44.25	32	2600,50
361	-16.75	45.25	32	2600,50
361	-18.75	45.25	32	2600,50
361	-19.25	45.75	32	2600,50
361	-20.25	45.75	32	2600,50
361	-20.75	46.25	32	2600,50
361	-20.75	46.75	32	2600,50
361	-19.75	47.75	32	2600,50
361	-19.75	48.25	32	2600,50
362	-15.25	13.75	32	2600,100
362	-15.25	14.25	32	2600,100
362	-14.75	14.75	32	2600,100
362	-14.25	14.75	32	2600,100
362	-14.25	14.25	32	2600,100
362	-14.75	13.75	32	2600,100
362	-15.25	13.75	32	2600,100
363	-12.75	15.25	32	2600,100
363	-12.75	15.75	32	2600,100
363	-12.25	15.75	32	2600,100
363	-12.25	15.25	32	2600,100
363	-12.75	15.25	32	2600,100
364	-14.25	12.75	32	2600,100
364	-14.25	13.25	32	2600,100
364	-13.25	13.25	32	2600,100
364	-13.25	14.25	32	2600,100
364	-12.75	14.25	32	2600,100
364	-12.25	13.75	32	2600,100
364	-12.25	11.25	32	2600,100
364	-12.75	11.25	32	2600,100
364	-14.25	12.75	32	2600,100
365	-17.75	8.25	32	2600,100
365	-17.75	8.75	32	2600,100
365	-17.25	8.75	32	2600,100
365	-17.25	8.25	32	2600,100
365	-17.75	8.25	32	2600,100
366	-18.25	3.75	32	2600,100
366	-18.25	4.25	32	2600,100
366	-17.75	4.25	32	2600,100
366	-17.75	3.75	32	2600,100
366	-18.25	3.75	32	2600,100
442	-17.75	14.25	374	2600,100
442	-17.75	14.75	374	2600,100
442	-15.75	16.75	374	2600,100
442	-15.25	16.75	374	2600,100
442	-15.25	15.25	374	2600,100
442	-16.25	14.25	374	2600,100
442	-17.75	14.25	374	2600,100
146	-13.75	18.25	179	2600,100
146	-13.75	18.75	179	2600,100
146	-13.25	19.25	179	2600,100
146	-12.75	19.25	179	2600,100
146	-12.25	18.75	179	2600,100
146	-12.25	18.25	179	2600,100
146	-13.75	18.25	179	2600,100
619	-12.75	19.25	6	2600,100
619	-12.75	19.75	6	2600,100
619	-10.75	21.75	6	2600,100
619	-9.75	21.75	6	2600,100
619	-6.25	25.25	6	2600,100
619	-5.75	25.25	6	2600,100
619	-5.25	24.75	6	2600,100
619	-5.25	24.25	6	2600,100
619	-5.75	23.75	6	2600,100
619	-5.75	23.25	6	2600,100
619	-5.25	22.75	6	2600,100
619	-5.25	22.25	6	2600,100
619	-5.75	22.25	6	2600,100
619	-6.75	23.25	6	2600,100
619	-7.25	23.25	6	2600,100
619	-7.25	22.25	6	2600,100
619	-7.75	21.75	6	2600,100
619	-8.75	21.75	6	2600,100
619	-8.75	20.25	6	2600,100
619	-7.75	20.25	6	2600,100
619	-7.75	18.25	6	2600,100
619	-6.75	18.25	6	2600,100
619	-6.75	17.25	6	2600,100
619	-6.25	16.75	6	2600,100
619	-5.25	16.75	6	2600,100
619	-4.75	16.25	6	2600,100
619	-4.75	15.75	6	2600,100
619	-5.75	14.75	6	2600,100
619	-7.25	14.75	6	2600,100
619	-7.75	15.25	6	2600,100
619	-8.75	15.25	6	2600,100
619	-8.75	15.75	6	2600,100
619	-8.25	16.25	6	2600,100
619	-8.25	16.75	6	2600,100
619	-8.75	16.75	6	2600,100
619	-10.25	15.25	6	2600,100
619	-10.75	15.25	6	2600,100
619	-10.75	16.75	6	2600,100
619	-10.25	17.25	6	2600,100
619	-9.25	17.25	6	2600,100
619	-9.25	18.75	6	2600,100
619	-10.25	18.75	6	2600,100
619	-10.25	19.75	6	2600,100
619	-10.75	19.75	6	2600,100
619	-11.25	19.25	6	2600,100
619	-11.25	18.75	6	2600,100
619	-10.75	18.25	6	2600,100
619	-10.75	17.75	6	2600,100
619	-11.25	17.25	6	2600,100
619	-11.75	17.25	6	2600,100
619	-12.25	17.75	6	2600,100
619	-12.25	18.75	6	2600,100
619	-12.75	19.25	6	2600,100
276	-10.25	21.75	265	2600,100
276	-10.25	22.25	265	2600,100
276	-8.25	24.25	265	2600,100
276	-7.75	24.25	265	2600,100
276	-7.75	23.75	265	2600,100
276	-9.75	21.75	265	2600,100
276	-10.25	21.75	265	2600,100
401	-7.75	24.25	345	2600,100
401	-7.75	24.75	345	2600,100
401	-7.25	25.25	345	2600,100
401	-6.75	25.25	345	2600,100
401	-6.75	24.75	345	2600,100
401	-7.25	24.25	345	2600,100
401	-7.75	24.25	345	2600,100
45	-6.75	25.25	120	2600,100
45	-6.75	25.75	120	2600,100
45	2.75	35.25	120	2600,100
45	3.25	35.25	120	2600,100
45	3.75	34.75	120	2600,100
45	4.25	34.75	120	2600,100
45	4.75	35.25	120	2600,100
45	5.25	35.25	120	2600,100
45	5.25	20.75	120	2600,100
45	3.75	19.25	120	2600,100
45	3.75	18.25	120	2600,100
45	2.25	18.25	120	2600,100
45	2.25	19.25	120	2600,100
45	0.75	20.75	120	2600,100
45	0.75	21.75	120	2600,100
45	-0.25	22.75	120	2600,100
45	-1.25	22.75	120	2600,100
45	-1.25	24.75	120	2600,100
45	-1.75	24.75	120	2600,100
45	-3.25	23.25	120	2600,100
45	-3.75	23.25	120	2600,100
45	-3.75	23.75	120	2600,100
45	-3.25	24.25	120	2600,100
45	-3.25	24.75	120	2600,100
45	-4.25	25.75	120	2600,100
45	-5.75	25.75	120	2600,100
45	-6.25	25.25	120	2600,100
45	-6.75	25.25	120	2600,100
45	-44.75	33.25	120	2650,100
45	-44.75	33.75	120	2650,100
45	-43.75	34.75	120	2650,100
45	-43.25	34.75	120	2650,100
45	-43.25	33.75	120	2650,100
45	-41.75	33.75	120	2650,100
45	-41.75	34.75	120	2650,100
45	-40.75	34.75	120	2650,100
45	-40.25	35.25	120	2650,100
45	-39.75	35.25	120	2650,100
45	-39.75	34.25	120	2650,100
45	-37.75	34.25	120	2650,100
45	-37.75	33.25	120	2650,100
45	-37.25	32.75	120	2650,100
45	-37.25	32.25	120	2650,100
45	-37.75	32.25	120	2650,100
45	-38.25	32.75	120	2650,100
45	-38.75	32.75	120	2650,100
45	-39.25	32.25	120	2650,100
45	-39.25	31.75	120	2650,100
45	-38.75	31.25	120	2650,100
45	-37.75	31.25	120	2650,100
45	-37.75	30.75	120	2650,100
45	-38.75	29.75	120	2650,100
45	-39.25	29.75	120	2650,100
45	-39.75	30.25	120	2650,100
45	-40.25	30.25	120	2650,100
45	-40.75	29.75	120	2650,100
45	-41.75	29.75	120	2650,100
45	-42.25	29.25	120	2650,100
45	-42.25	27.75	120	2650,100
45	-41.25	26.75	120	2650,100
45	-40.75	26.75	120	2650,100
45	-40.75	27.25	120	2650,100
45	-41.25	27.75	120	2650,100
45	-41.25	28.25	120	2650,100
45	-40.25	29.25	120	2650,100
45	-39.75	29.25	120	2650,100
45	-39.75	28.75	120	2650,100
45	-40.25	28.25	120	2650,100
45	-40.25	27.75	120	2650,100
45	-39.75	27.75	120	2650,100
45	-38.75	28.75	120	2650,100
45	-38.25	28.75	120	2650,100
45	-38.25	28.25	120	2650,100
45	-38.75	27.75	120	2650,100
45	-38.75	26.75	120	2650,100
45	-39.75	26.75	120	2650,100
45	-40.75	25.75	120	2650,100
45	-41.75	25.75	120	2650,100
45	-42.25	25.25	120	2650,100
45	-42.75	25.25	120	2650,100
45	-42.75	25.75	120	2650,100
45	-42.25	26.25	120	2650,100
45	-42.25	26.75	120	2650,100
45	-43.25	26.75	120	2650,100
45	-43.75	27.25	120	2650,100
45	-44.25	27.25	120	2650,100
45	-44.25	26.75	120	2650,100
45	-43.75	26.25	120	2650,100
45	-43.75	25.75	120	2650,100
45	-44.25	25.75	120	2650,100
45	-44.75	26.25	120	2650,100
45	-44.75	33.25	120	2650,100
45	3.25	48.25	120	2600,50
45	3.25	48.75	120	2600,50
45	3.75	48.75	120	2600,50
45	3.75	48.25	120	2600,50
45	3.25	48.25	120	2600,50
45	-44.75	48.25	120	2650,50
45	-44.75	48.75	120	2650,50
45	-44.25	48.75	120	2650,50
45	-44.25	48.25	120	2650,50
45	-44.75	48.25	120	2650,50
46	4.75	18.75	120	2600,100
46	4.75	19.25	120	2600,100
46	5.25	19.25	120	2600,100
46	5.25	18.75	120	2600,100
46	4.75	18.75	120	2600,100
46	-44.75	23.25	120	2650,100
46	-44.75	23.75	120	2650,100
46	-43.75	23.75	120	2650,100
46	-43.25	24.25	120	2650,100
46	-42.75	24.25	120	2650,100
46	-42.25	23.75	120	2650,100
46	-42.25	22.25	120	2650,100
46	-42.75	21.75	120	2650,100
46	-42.75	21.25	120	2650,100
46	-40.75	21.25	120	2650,100
46	-40.75	20.75	120	2650,100
46	-41.25	20.25	120	2650,100
46	-41.25	19.75	120	2650,100
46	-40.75	19.25	120	2650,100
46	-40.25	19.25	120	2650,100
46	-40.25	20.25	120	2650,100
46	-39.75	20.75	120	2650,100
46	-39.75	21.25	120	2650,100
46	-40.25	21.75	120	2650,100
46	-40.25	22.25	120	2650,100
46	-38.75	22.25	120	2650,100
46	-38.75	20.75	120	2650,100
46	-39.25	20.25	120	2650,100
46	-39.25	19.75	120	2650,100
46	-37.25	19.75	120	2650,100
46	-37.25	19.25	120	2650,100
46	-37.75	18.75	120	2650,100
46	-39.75	18.75	120	2650,100
46	-39.75	18.25	120	2650,100
46	-39.25	17.75	120	2650,100
46	-39.25	17.25	120	2650,100
46	-39.75	17.25	120	2650,100
46	-40.25	17.75	120	2650,100
46	-41.25	17.75	120	2650,100
46	-41.25	18.75	120	2650,100
46	-42.25	19.75	120	2650,100
46	-42.75	19.75	120	2650,100
46	-43.25	19.25	120	2650,100
46	-43.25	18.75	120	2650,100
46	-42.75	18.25	120	2650,100
46	-42.75	17.25	120	2650,100
46	-41.25	15.75	120	2650,100
46	-41.25	15.25	120	2650,100
46	-41.75	15.25	120	2650,100
46	-42.25	15.75	120	2650,100
46	-42.75	15.75	120	2650,100
46	-42.75	14.25	120	2650,100
46	-40.75	14.25	120	2650,100
46	-40.75	13.25	120	2650,100
46	-39.75	13.25	120	2650,100
46	-39.75	12.75	120	2650,100
46	-40.25	12.25	120	2650,100
46	-40.25	11.75	120	2650,100
46	-38.75	11.75	120	2650,100
46	-38.25	12.25	120	2650,100
46	-37.25	12.25	120	2650,100
46	-36.75	12.75	120	2650,100
46	-36.25	12.75	120	2650,100
46	-35.25	11.75	120	2650,100
46	-35.25	10.25	120	2650,100
46	-36.25	10.25	120	2650,100
46	-36.25	9.25	120	2650,100
46	-36.75	8.75	120	2650,100
46	-36.75	8.25	120	2650,100
46	-36.25	7.75	120	2650,100
46	-35.75	7.75	120	2650,100
46	-35.25	8.25	120	2650,100
46	-35.25	9.25	120	2650,100
46	-34.75	9.25	120	2650,100
46	-34.25	8.75	120	2650,100
46	-33.75	8.75	120	2650,100
46	-33.25	9.25	120	2650,100
46	-32.25	9.25	120	2650,100
46	-31.75	9.75	120	2650,100
46	-30.25	9.75	120	2650,100
46	-30.25	9.25	120	2650,100
46	-31.75	7.75	120	2650,100
46	-31.75	7.25	120	2650,100
46	-31.25	6.75	120	2650,100
46	-31.25	6.25	120	2650,100
46	-32.25	6.25	120	2650,100
46	-32.25	5.25	120	2650,100
46	-32.75	5.25	120	2650,100
46	-33.25	5.75	120	2650,100
46	-33.75	5.75	120	2650,100
46	-34.25	5.25	120	2650,100
46	-35.25	5.25	120	2650,100
46	-35.25	3.75	120	2650,100
46	-33.25	3.75	120	2650,100
46	-32.75	3.25	120	2650,100
46	-32.75	2.25	120	2650,100
46	-31.75	2.25	120	2650,100
46	-31.75	1.25	120	2650,100
46	-31.25	1.25	120	2650,100
46	-30.75	1.75	120	2650,100
46	-30.25	1.75	120	2650,100
46	-30.25	0.25	120	2650,100
46	-32.25	0.25	120	2650,100
46	-33.75	-1.25	120	2650,100
46	-35.25	-1.25	120	2650,100
46	-36.25	-0.25	120	2650,100
46	-36.75	-0.25	120	2650,100
46	-36.75	-1.25	120	2650,100
46	-44.25	-1.25	120	2650,100
46	-44.75	-0.75	120	2650,100
46	-44.75	3.75	120	2650,100
46	-43.25	5.25	120	2650,100
46	-42.75	5.25	120	2650,100
46	-42.75	3.25	120	2650,100
46	-41.75	2.25	120	2650,100
46	-41.25	2.25	120	2650,100
46	-40.25	3.25	120	2650,100
46	-39.75	3.25	120	2650,100
46	-38.75	2.25	120	2650,100
46	-38.25	2.25	120	2650,100
46	-38.25	2.75	120	2650,100
46	-38.75	3.25	120	2650,100
46	-38.75	5.25	120	2650,100
46	-39.25	5.25	120	2650,100
46	-40.25	4.25	120	2650,100
46	-40.75	4.25	120	2650,100
46	-40.75	4.75	120	2650,100
46	-39.75	5.75	120	2650,100
46	-39.75	6.25	120	2650,100
46	-40.25	6.75	120	2650,100
46	-41.25	6.75	120	2650,100
46	-42.25	7.75	120	2650,100
46	-42.75	7.75	120	2650,100
46	-43.25	7.25	120	2650,100
46	-44.25	7.25	120	2650,100
46	-44.25	5.25	120	2650,100
46	-44.75	5.25	120	2650,100
46	-44.75	13.75	120	2650,100
46	-44.25	14.25	120	2650,100
46	-44.25	14.75	120	2650,100
46	-44.75	15.25	120	2650,100
46	-44.75	18.75	120	2650,100
46	-44.25	19.25	120	2650,100
46	-44.25	19.75	120	2650,100
46	-44.75	20.25	120	2650,100
46	-44.75	23.25	120	2650,100
46	-43.75	48.75	120	2650,50
46	-43.75	48.25	120	2650,50
46	-43.25	48.25	120	2650,50
46	-43.25	48.75	120	2650,50
46	-43.75	48.75	120	2650,50
47	1.25	12.25	120	2600,100
47	1.25	12.75	120	2600,100
47	2.75	14.25	120	2600,100
47	3.75	14.25	120	2600,100
47	3.75	15.25	120	2600,100
47	4.25	15.25	120	2600,100
47	4.75	14.75	120	2600,100
47	4.75	14.25	120	2600,100
47	3.75	13.25	120	2600,100
47	2.75	13.25	120	2600,100
47	2.25	12.75	120	2600,100
47	2.25	12.25	120	2600,100
47	3.25	12.25	120	2600,100
47	3.75	11.75	120	2600,100
47	4.25	11.75	120	2600,100
47	4.75	12.25	120	2600,100
47	4.75	13.25	120	2600,100
47	5.25	13.25	120	2600,100
47	5.25	5.75	120	2600,100
47	4.25	4.75	120	2600,100
47	4.25	4.25	120	2600,100
47	5.25	4.25	120	2600,100
47	5.25	-1.25	120	2600,100
47	2.75	-1.25	120	2600,100
47	2.25	-0.75	120	2600,100
47	2.25	0.25	120	2600,100
47	1.75	0.75	120	2600,100
47	1.75	1.25	120	2600,100
47	2.25	1.75	120	2600,100
47	2.25	2.25	120	2600,100
47	1.25	2.25	120	2600,100
47	1.25	2.75	120	2600,100
47	1.75	3.25	120	2600,100
47	1.75	3.75	120	2600,100
47	0.25	3.75	120	2600,100
47	-0.25	3.25	120	2600,100
47	-0.75	3.25	120	2600,100
47	-1.25	3.75	120	2600,100
47	-1.25	4.25	120	2600,100
47	-0.25	4.25	120	2600,100
47	0.25	4.75	120	2600,100
47	0.25	5.75	120	2600,100
47	1.25	6.75	120	2600,100
47	1.25	8.75	120	2600,100
47	2.25	8.75	120	2600,100
47	2.25	9.25	120	2600,100
47	1.75	9.75	120	2600,100
47	1.75	10.75	120	2600,100
47	1.25	11.25	120	2600,100
47	1.25	12.25	120	2600,100
47	-39.25	47.75	120	2650,50
47	-39.25	48.25	120	2650,50
47	-38.75	48.75	120	2650,50
47	-38.25	48.75	120	2650,50
47	-38.25	47.25	120	2650,50
47	-38.75	47.25	120	2650,50
47	-39.25	47.75	120	2650,50
161	3.25	35.25	19	2600,100
161	3.25	35.75	19	2600,100
161	4.75	37.25	19	2600,100
161	5.25	37.25	19	2600,100
161	5.25	35.75	19	2600,100
161	4.25	34.75	19	2600,100
161	3.75	34.75	19	2600,100
161	3.25	35.25	19	2600,100
161	-44.75	36.25	19	2650,100
161	-44.75	36.75	19	2650,100
161	-44.25	37.25	19	2650,100
161	-43.75	37.25	19	2650,100
161	-42.75	36.25	19	2650,100
161	-42.25	36.25	19	2650,100
161	-40.75	37.75	19	2650,100
161	-40.25	37.75	19	2650,100
161	-40.25	36.75	19	2650,100
161	-38.75	36.75	19	2650,100
161	-38.25	37.25	19	2650,100
161	-38.25	38.25	19	2650,100
161	-37.25	38.25	19	2650,100
161	-37.25	39.25	19	2650,100
161	-36.25	39.25	19	2650,100
161	-36.25	40.25	19	2650,100
161	-35.75	40.75	19	2650,100
161	-35.25	40.75	19	2650,100
161	-35.25	37.25	19	2650,100
161	-35.75	36.75	19	2650,100
161	-35.75	35.75	19	2650,100
161	-36.25	35.25	19	2650,100
161	-37.25	35.25	19	2650,100
161	-37.25	34.75	19	2650,100
161	-36.75	34.25	19	2650,100
161	-36.25	34.25	19	2650,100
161	-35.75	34.75	19	2650,100
161	-35.25	34.75	19	2650,100
161	-35.25	33.75	19	2650,100
161	-34.75	33.25	19	2650,100
161	-34.75	32.25	19	2650,100
161	-34.25	31.75	19	2650,100
161	-34.25	31.25	19	2650,100
161	-35.25	31.25	19	2650,100
161	-35.25	29.75	19	2650,100
161	-34.75	29.75	19	2650,100
161	-34.25	30.25	19	2650,100
161	-33.75	30.25	19	2650,100
161	-32.75	29.25	19	2650,100
161	-32.75	28.25	19	2650,100
161	-31.75	28.25	19	2650,100
161	-31.75	25.75	19	2650,100
161	-32.25	25.25	19	2650,100
161	-32.25	24.75	19	2650,100
161	-31.75	24.25	19	2650,100
161	-31.75	22.75	19	2650,100
161	-32.25	22.25	19	2650,100
161	-32.25	21.25	19	2650,100
161	-32.75	21.25	19	2650,100
161	-33.75	22.25	19	2650,100
161	-35.75	22.25	19	2650,100
161	-35.75	24.25	19	2650,100
161	-36.25	24.75	19	2650,100
161	-36.75	24.75	19	2650,100
161	-36.75	23.75	19	2650,100
161	-37.75	23.75	19	2650,100
161	-38.25	23.25	19	2650,100
161	-38.25	22.75	19	2650,100
161	-37.25	22.75	19	2650,100
161	-35.75	21.25	19	2650,100
161	-34.75	21.25	19	2650,100
161	-34.75	20.75	19	2650,100
161	-35.25	20.25	19	2650,100
161	-35.25	19.75	19	2650,100
161	-34.75	19.25	19	2650,100
161	-34.75	17.75	19	2650,100
161	-35.75	17.75	19	2650,100
161	-35.75	16.75	19	2650,100
161	-36.25	16.25	19	2650,100
161	-37.25	16.25	19	2650,100
161	-37.25	15.75	19	2650,100
161	-36.75	15.25	19	2650,100
161	-36.75	13.75	19	2650,100
161	-37.25	13.75	19	2650,100
161	-38.25	14.75	19	2650,100
161	-38.25	15.75	19	2650,100
161	-38.75	15.75	19	2650,100
161	-39.25	15.25	19	2650,100
161	-39.75	15.25	19	2650,100
161	-39.75	16.25	19	2650,100
161	-40.25	16.75	19	2650,100
161	-41.25	16.75	19	2650,100
161	-42.25	17.75	19	2650,100
161	-42.25	19.25	19	2650,100
161	-41.75	19.25	19	2650,100
161	-41.25	18.75	19	2650,100
161	-41.25	17.75	19	2650,100
161	-40.25	17.75	19	2650,100
161	-39.75	17.25	19	2650,100
161	-39.25	17.25	19	2650,100
161	-39.25	17.75	19	2650,100
161	-39.75	18.25	19	2650,100
161	-39.75	18.75	19	2650,100
161	-37.75	18.75	19	2650,100
161	-37.25	19.25	19	2650,100
161	-37.25	19.75	19	2650,100
161	-39.25	19.75	19	2650,100
161	-39.25	20.25	19	2650,100
161	-38.75	20.75	19	2650,100
161	-38.75	22.25	19	2650,100
161	-40.25	22.25	19	2650,100
161	-40.25	21.75	19	2650,100
161	-39.75	21.25	19	2650,100
161	-39.75	20.75	19	2650,100
161	-40.25	20.25	19	2650,100
161	-40.25	19.25	19	2650,100
161	-40.75	19.25	19	2650,100
161	-41.25	19.75	19	2650,100
161	-41.25	20.25	19	2650,100
161	-40.75	20.75	19	2650,100
161	-40.75	21.25	19	2650,100
161	-41.25	21.75	19	2650,100
161	-41.25	22.75	19	2650,100
161	-42.25	22.75	19	2650,100
161	-42.25	23.75	19	2650,100
161	-42.75	24.25	19	2650,100
161	-43.25	24.25	19	2650,100
161	-43.75	23.75	19	2650,100
161	-44.25	23.75	19	2650,100
161	-44.75	24.25	19	2650,100
161	-44.75	25.75	19	2650,100
161	-43.75	25.75	19	2650,100
161	-43.75	26.25	19	2650,100
161	-44.25	26.75	19	2650,100
161	-44.25	27.25	19	2650,100
161	-43.75	27.25	19	2650,100
161	-43.25	26.75	19	2650,100
161	-42.25	26.75	19	2650,100
161	-42.25	26.25	19	2650,100
161	-42.75	25.75	19	2650,100
161	-42.75	25.25	19	2650,100
161	-42.25	25.25	19	2650,100
161	-41.75	25.75	19	2650,100
161	-40.75	25.75	19	2650,100
161	-39.75	26.75	19	2650,100
161	-38.75	26.75	19	2650,100
161	-38.75	27.75	19	2650,100
161	-38.25	28.25	19	2650,100
161	-38.25	28.75	19	2650,100
161	-38.75	28.75	19	2650,100
161	-39.75	27.75	19	2650,100
161	-40.25	27.75	19	2650,100
161	-40.25	28.25	19	2650,100
161	-39.75	28.75	19	2650,100
161	-39.75	29.25	19	2650,100
161	-40.25	29.25	19	2650,100
161	-41.25	28.25	19	2650,100
161	-41.25	27.75	19	2650,100
161	-40.75	27.25	19	2650,100
161	-40.75	26.75	19	2650,100
161	-41.25	26.75	19	2650,100
161	-42.25	27.75	19	2650,100
161	-42.25	29.25	19	2650,100
161	-41.75	29.75	19	2650,100
161	-40.75	29.75	19	2650,100
161	-40.25	30.25	19	2650,100
161	-39.75	30.25	19	2650,100
161	-39.25	29.75	19	2650,100
161	-38.75	29.75	19	2650,100
161	-37.75	30.75	19	2650,100
161	-37.75	31.25	19	2650,100
161	-38.75	31.25	19	2650,100
161	-39.25	31.75	19	2650,100
161	-39.25	32.25	19	2650,100
161	-38.75	32.75	19	2650,100
161	-38.25	32.75	19	2650,100
161	-37.75	32.25	19	2650,100
161	-37.25	32.25	19	2650,100
161	-37.25	32.75	19	2650,100
161	-37.75	33.25	19	2650,100
161	-37.75	34.25	19	2650,100
161	-39.75	34.25	19	2650,100
161	-39.75	35.25	19	2650,100
161	-40.25	35.25	19	2650,100
161	-40.75	34.75	19	2650,100
161	-41.75	34.75	19	2650,100
161	-41.75	33.75	19	2650,100
161	-43.25	33.75	19	2650,100
161	-43.25	34.75	19	2650,100
161	-43.75	34.75	19	2650,100
161	-44.25	34.25	19	2650,100
161	-44.75	34.25	19	2650,100
161	-44.75	36.25	19	2650,100
1	-44.75	37.25	1	2650,100
1	-44.75	37.75	1	2650,100
1	-37.25	45.25	1	2650,100
1	-36.75	45.25	1	2650,100
1	-35.75	44.25	1	2650,100
1	-33.75	44.25	1	2650,100
1	-33.75	43.25	1	2650,100
1	-33.25	43.25	1	2650,100
1	-32.75	43.75	1	2650,100
1	-31.75	43.75	1	2650,100
1	-31.25	44.25	1	2650,100
1	-31.25	44.75	1	2650,100
1	-32.25	44.75	1	2650,100
1	-32.75	45.25	1	2650,100
1	-34.75	45.25	1	2650,100
1	-34.75	45.75	1	2650,100
1	-34.25	46.25	1	2650,100
1	-34.25	47.25	1	2650,100
1	-32.25	49.25	1	2650,100
1	-31.75	49.25	1	2650,100
1	-31.75	48.75	1	2650,100
1	-33.25	47.25	1	2650,100
1	-33.25	46.75	1	2650,100
1	-32.75	46.25	1	2650,100
1	-32.25	46.25	1	2650,100
1	-31.75	46.75	1	2650,100
1	-31.25	46.75	1	2650,100
1	-30.25	45.75	1	2650,100
1	-29.75	45.75	1	2650,100
1	-29.25	46.25	1	2650,100
1	-28.75	46.25	1	2650,100
1	-28.75	45.25	1	2650,100
1	-28.25	44.75	1	2650,100
1	-27.75	44.75	1	2650,100
1	-27.25	45.25	1	2650,100
1	-26.75	45.25	1	2650,100
1	-26.75	44.25	1	2650,100
1	-26.25	43.75	1	2650,100
1	-24.25	43.75	1	2650,100
1	-23.25	42.75	1	2650,100
1	-23.25	41.75	1	2650,100
1	-20.75	41.75	1	2650,100
1	-20.75	42.25	1	2650,100
1	-21.25	42.75	1	2650,100
1	-21.25	43.75	1	2650,100
1	-22.75	45.25	1	2650,100
1	-22.75	46.75	1	2650,100
1	-21.75	46.75	1	2650,100
1	-21.75	47.25	1	2650,100
1	-22.25	47.75	1	2650,100
1	-22.25	49.25	1	2650,100
1	-19.75	49.25	1	2650,100
1	-19.75	48.75	1	2650,100
1	-20.75	47.75	1	2650,100
1	-20.75	47.25	1	2650,100
1	-20.25	47.25	1	2650,100
1	-19.25	48.25	1	2650,100
1	-17.75	48.25	1	2650,100
1	-17.75	47.25	1	2650,100
1	-17.25	46.75	1	2650,100
1	-16.25	46.75	1	2650,100
1	-15.75	46.25	1	2650,100
1	-14.75	46.25	1	2650,100
1	-14.75	45.75	1	2650,100
1	-15.25	45.25	1	2650,100
1	-15.25	44.75	1	2650,100
1	-14.75	44.75	1	2650,100
1	-14.25	45.25	1	2650,100
1	-13.75	45.25	1	2650,100
1	-13.75	44.25	1	2650,100
1	-12.25	42.75	1	2650,100
1	-12.25	41.25	1	2650,100
1	-12.75	40.75	1	2650,100
1	-12.75	40.25	1	2650,100
1	-11.75	39.25	1	2650,100
1	-11.75	38.25	1	2650,100
1	-10.75	38.25	1	2650,100
1	-10.25	37.75	1	2650,100
1	-9.75	37.75	1	2650,100
1	-9.75	38.75	1	2650,100
1	-8.75	38.75	1	2650,100
1	-8.75	40.75	1	2650,100
1	-8.25	41.25	1	2650,100
1	-8.25	41.75	1	2650,100
1	-8.75	42.25	1	2650,100
1	-8.75	42.75	1	2650,100
1	-8.25	42.75	1	2650,100
1	-7.25	41.75	1	2650,100
1	-6.75	41.75	1	2650,100
1	-6.25	42.25	1	2650,100
1	-5.75	42.25	1	2650,100
1	-5.75	41.25	1	2650,100
1	-4.75	41.25	1	2650,100
1	1.75	34.75	1	2650,100
1	1.75	34.25	1	2650,100
1	1.25	33.75	1	2650,100
1	0.25	33.75	1	2650,100
1	-0.25	33.25	1	2650,100
1	-1.25	33.25	1	2650,100
1	-1.25	32.25	1	2650,100
1	-2.75	32.25	1	2650,100
1	-3.75	33.25	1	2650,100
1	-5.25	33.25	1	2650,100
1	-5.25	32.25	1	2650,100
1	-6.75	32.25	1	2650,100
1	-6.75	33.25	1	2650,100
1	-7.25	33.75	1	2650,100
1	-7.75	33.75	1	2650,100
1	-8.25	33.25	1	2650,100
1	-8.25	32.75	1	2650,100
1	-6.75	31.25	1	2650,100
1	-6.75	30.25	1	2650,100
1	-6.25	29.75	1	2650,100
1	-6.25	27.75	1	2650,100
1	-5.25	27.75	1	2650,100
1	-4.75	27.25	1	2650,100
1	-4.75	26.25	1	2650,100
1	-4.25	25.75	1	2650,100
1	-2.25	25.75	1	2650,100
1	-1.25	24.75	1	2650,100
1	-1.25	24.25	1	2650,100
1	-2.25	24.25	1	2650,100
1	-2.75	23.75	1	2650,100
1	-4.75	23.75	1	2650,100
1	-5.25	23.25	1	2650,100
1	-5.75	23.25	1	2650,100
1	-6.25	23.75	1	2650,100
1	-6.75	23.75	1	2650,100
1	-6.75	22.75	1	2650,100
1	-7.25	22.75	1	2650,100
1	-8.25	23.75	1	2650,100
1	-8.25	24.75	1	2650,100
1	-8.75	24.75	1	2650,100
1	-9.25	24.25	1	2650,100
1	-9.25	23.75	1	2650,100
1	-8.75	23.25	1	2650,100
1	-8.75	22.75	1	2650,100
1	-10.25	22.75	1	2650,100
1	-10.25	24.25	1	2650,100
1	-9.25	25.25	1	2650,100
1	-9.25	26.25	1	2650,100
1	-8.75	26.25	1	2650,100
1	-8.25	25.75	1	2650,100
1	-7.75	25.75	1	2650,100
1	-6.75	26.75	1	2650,100
1	-6.75	27.25	1	2650,100
1	-7.75	28.25	1	2650,100
1	-8.25	28.25	1	2650,100
1	-8.25	27.75	1	2650,100
1	-7.75	27.25	1	2650,100
1	-7.75	26.75	1	2650,100
1	-8.25	26.75	1	2650,100
1	-8.75	27.25	1	2650,100
1	-9.25	27.25	1	2650,100
1	-9.75	26.75	1	2650,100
1	-10.75	26.75	1	2650,100
1	-12.25	25.25	1	2650,100
1	-13.75	25.25	1	2650,100
1	-14.75	26.25	1	2650,100
1	-14.75	27.75	1	2650,100
1	-14.25	27.75	1	2650,100
1	-13.75	27.25	1	2650,100
1	-13.75	26.25	1	2650,100
1	-12.25	26.25	1	2650,100
1	-11.75	26.75	1	2650,100
1	-11.75	27.25	1	2650,100
1	-13.25	28.75	1	2650,100
1	-14.25	28.75	1	2650,100
1	-14.75	29.25	1	2650,100
1	-14.75	30.25	1	2650,100
1	-15.25	30.75	1	2650,100
1	-15.25	31.75	1	2650,100
1	-15.75	31.75	1	2650,100
1	-16.25	31.25	1	2650,100
1	-16.75	31.25	1	2650,100
1	-16.75	31.75	1	2650,100
1	-14.75	33.75	1	2650,100
1	-14.25	33.75	1	2650,100
1	-13.75	33.25	1	2650,100
1	-13.25	33.25	1	2650,100
1	-13.25	34.75	1	2650,100
1	-13.75	35.25	1	2650,100
1	-13.75	35.75	1	2650,100
1	-13.25	35.75	1	2650,100
1	-12.75	35.25	1	2650,100
1	-12.25	35.25	1	2650,100
1	-11.75	35.75	1	2650,100
1	-11.75	36.25	1	2650,100
1	-12.75	36.25	1	2650,100
1	-14.25	37.75	1	2650,100
1	-15.25	37.75	1	2650,100
1	-16.25	38.75	1	2650,100
1	-17.75	38.75	1	2650,100
1	-17.75	38.25	1	2650,100
1	-17.25	37.75	1	2650,100
1	-17.25	36.75	1	2650,100
1	-16.75	36.25	1	2650,100
1	-16.75	35.75	1	2650,100
1	-19.75	35.75	1	2650,100
1	-20.25	35.25	1	2650,100
1	-20.25	34.75	1	2650,100
1	-19.75	34.25	1	2650,100
1	-19.75	33.75	1	2650,100
1	-20.25	33.25	1	2650,100
1	-20.25	31.75	1	2650,100
1	-19.75	31.25	1	2650,100
1	-19.75	30.75	1	2650,100
1	-20.25	30.25	1	2650,100
1	-20.25	27.75	1	2650,100
1	-19.25	26.75	1	2650,100
1	-19.25	25.75	1	2650,100
1	-18.75	25.25	1	2650,100
1	-18.75	24.75	1	2650,100
1	-19.25	24.75	1	2650,100
1	-19.75	25.25	1	2650,100
1	-20.75	25.25	1	2650,100
1	-20.75	26.25	1	2650,100
1	-21.75	27.25	1	2650,100
1	-22.25	27.25	1	2650,100
1	-22.75	26.75	1	2650,100
1	-22.75	26.25	1	2650,100
1	-21.75	26.25	1	2650,100
1	-21.75	24.75	1	2650,100
1	-22.75	24.75	1	2650,100
1	-22.75	24.25	1	2650,100
1	-22.25	23.75	1	2650,100
1	-21.75	23.75	1	2650,100
1	-21.25	24.25	1	2650,100
1	-19.75	24.25	1	2650,100
1	-19.25	23.75	1	2650,100
1	-17.75	23.75	1	2650,100
1	-17.75	24.25	1	2650,100
1	-18.25	24.75	1	2650,100
1	-18.25	25.25	1	2650,100
1	-16.25	27.25	1	2650,100
1	-15.75	27.25	1	2650,100
1	-15.75	26.75	1	2650,100
1	-17.25	25.25	1	2650,100
1	-17.25	24.75	1	2650,100
1	-16.25	24.75	1	2650,100
1	-16.25	23.75	1	2650,100
1	-15.25	22.75	1	2650,100
1	-15.25	22.25	1	2650,100
1	-15.75	22.25	1	2650,100
1	-16.25	22.75	1	2650,100
1	-16.75	22.75	1	2650,100
1	-16.75	21.75	1	2650,100
1	-17.25	21.25	1	2650,100
1	-17.25	20.75	1	2650,100
1	-16.75	20.25	1	2650,100
1	-16.75	19.75	1	2650,100
1	-17.25	19.25	1	2650,100
1	-18.25	19.25	1	2650,100
1	-18.75	18.75	1	2650,100
1	-18.75	17.75	1	2650,100
1	-19.75	17.75	1	2650,100
1	-20.25	17.25	1	2650,100
1	-20.75	17.25	1	2650,100
1	-20.75	18.25	1	2650,100
1	-21.25	18.25	1	2650,100
1	-21.75	17.75	1	2650,100
1	-21.75	16.25	1	2650,100
1	-20.75	16.25	1	2650,100
1	-20.25	15.75	1	2650,100
1	-20.25	14.75	1	2650,100
1	-19.25	14.75	1	2650,100
1	-19.25	13.75	1	2650,100
1	-18.25	13.75	1	2650,100
1	-17.75	13.25	1	2650,100
1	-17.25	13.25	1	2650,100
1	-17.25	14.25	1	2650,100
1	-16.25	14.25	1	2650,100
1	-16.25	15.25	1	2650,100
1	-15.75	15.75	1	2650,100
1	-15.25	15.75	1	2650,100
1	-15.25	13.75	1	2650,100
1	-14.25	13.75	1	2650,100
1	-13.75	13.25	1	2650,100
1	-13.25	13.25	1	2650,100
1	-12.25	14.25	1	2650,100
1	-12.25	14.75	1	2650,100
1	-13.25	14.75	1	2650,100
1	-14.25	15.75	1	2650,100
1	-14.25	16.25	1	2650,100
1	-13.75	16.75	1	2650,100
1	-12.75	16.75	1	2650,100
1	-12.25	17.25	1	2650,100
1	-11.25	17.25	1	2650,100
1	-11.25	17.75	1	2650,100
1	-11.75	18.25	1	2650,100
1	-11.75	18.75	1	2650,100
1	-10.25	18.75	1	2650,100
1	-9.75	18.25	1	2650,100
1	-9.75	17.75	1	2650,100
1	-10.25	17.25	1	2650,100
1	-10.25	15.75	1	2650,100
1	-6.75	15.75	1	2650,100
1	-5.75	16.75	1	2650,100
1	-5.75	17.25	1	2650,100
1	-6.25	17.25	1	2650,100
1	-6.75	16.75	1	2650,100
1	-7.25	16.75	1	2650,100
1	-7.25	17.75	1	2650,100
1	-8.25	17.75	1	2650,100
1	-9.25	18.75	1	2650,100
1	-9.25	19.25	1	2650,100
1	-8.25	20.25	1	2650,100
1	-7.75	20.25	1	2650,100
1	-7.25	19.75	1	2650,100
1	-7.25	18.75	1	2650,100
1	-6.75	18.75	1	2650,100
1	-6.25	19.25	1	2650,100
1	-5.75	19.25	1	2650,100
1	-5.75	18.25	1	2650,100
1	-4.75	18.25	1	2650,100
1	-4.75	17.25	1	2650,100
1	-4.25	16.75	1	2650,100
1	-3.75	16.75	1	2650,100
1	-3.25	17.25	1	2650,100
1	-3.25	17.75	1	2650,100
1	-4.25	18.75	1	2650,100
1	-4.25	19.25	1	2650,100
1	-3.75	19.75	1	2650,100
1	-3.25	19.75	1	2650,100
1	-2.25	18.75	1	2650,100
1	-1.25	18.75	1	2650,100
1	-0.25	17.75	1	2650,100
1	-0.25	16.75	1	2650,100
1	0.75	15.75	1	2650,100
1	0.75	14.25	1	2650,100
1	0.25	13.75	1	2650,100
1	-0.25	13.75	1	2650,100
1	-0.25	14.75	1	2650,100
1	-1.75	14.75	1	2650,100
1	-2.75	13.75	1	2650,100
1	-3.75	13.75	1	2650,100
1	-3.75	10.75	1	2650,100
1	-4.25	10.25	1	2650,100
1	-4.75	10.25	1	2650,100
1	-5.25	10.75	1	2650,100
1	-6.25	10.75	1	2650,100
1	-6.25	11.25	1	2650,100
1	-5.75	11.75	1	2650,100
1	-5.75	12.75	1	2650,100
1	-4.75	13.75	1	2650,100
1	-4.75	14.25	1	2650,100
1	-5.25	14.75	1	2650,100
1	-6.75	14.75	1	2650,100
1	-6.75	14.25	1	2650,100
1	-6.25	13.75	1	2650,100
1	-6.25	13.25	1	2650,100
1	-6.75	12.75	1	2650,100
1	-6.75	11.75	1	2650,100
1	-7.25	11.25	1	2650,100
1	-7.25	10.75	1	2650,100
1	-5.75	9.25	1	2650,100
1	-4.25	9.25	1	2650,100
1	-3.75	9.75	1	2650,100
1	-3.25	9.75	1	2650,100
1	-3.25	9.25	1	2650,100
1	-3.75	8.75	1	2650,100
1	-3.75	8.25	1	2650,100
1	-1.75	6.25	1	2650,100
1	-0.75	6.25	1	2650,100
1	0.25	5.25	1	2650,100
1	0.25	4.25	1	2650,100
1	0.75	3.75	1	2650,100
1	0.75	3.25	1	2650,100
1	-0.25	2.25	1	2650,100
1	-3.25	2.25	1	2650,100
1	-4.25	1.25	1	2650,100
1	-5.25	1.25	1	2650,100
1	-5.25	0.25	1	2650,100
1	-5.75	-0.25	1	2650,100
1	-7.25	-0.25	1	2650,100
1	-7.75	0.25	1	2650,100
1	-9.25	0.25	1	2650,100
1	-9.25	-0.75	1	2650,100
1	-10.75	-0.75	1	2650,100
1	-11.25	-0.25	1	2650,100
1	-11.25	0.75	1	2650,100
1	-12.25	1.75	1	2650,100
1	-13.75	1.75	1	2650,100
1	-14.25	1.25	1	2650,100
1	-14.25	0.75	1	2650,100
1	-13.75	0.25	1	2650,100
1	-13.75	-0.25	1	2650,100
1	-14.25	-0.75	1	2650,100
1	-14.75	-0.75	1	2650,100
1	-15.75	0.25	1	2650,100
1	-16.75	0.25	1	2650,100
1	-17.75	1.25	1	2650,100
1	-18.75	1.25	1	2650,100
1	-18.75	1.75	1	2650,100
1	-18.25	2.25	1	2650,100
1	-17.75	2.25	1	2650,100
1	-17.25	1.75	1	2650,100
1	-16.75	1.75	1	2650,100
1	-16.25	2.25	1	2650,100
1	-14.25	2.25	1	2650,100
1	-14.25	3.75	1	2650,100
1	-14.75	3.75	1	2650,100
1	-15.25	3.25	1	2650,100
1	-15.75	3.25	1	2650,100
1	-16.25	3.75	1	2650,100
1	-16.25	4.25	1	2650,100
1	-15.25	4.25	1	2650,100
1	-15.25	5.75	1	2650,100
1	-16.75	5.75	1	2650,100
1	-16.75	4.75	1	2650,100
1	-17.75	3.75	1	2650,100
1	-18.75	3.75	1	2650,100
1	-18.75	2.75	1	2650,100
1	-19.25	2.75	1	2650,100
1	-19.75	3.25	1	2650,100
1	-19.75	3.75	1	2650,100
1	-18.25	5.25	1	2650,100
1	-18.25	5.75	1	2650,100
1	-18.75	6.25	1	2650,100
1	-18.75	7.25	1	2650,100
1	-19.25	7.25	1	2650,100
1	-19.75	6.75	1	2650,100
1	-20.75	6.75	1	2650,100
1	-21.25	6.25	1	2650,100
1	-21.75	6.25	1	2650,100
1	-21.75	6.75	1	2650,100
1	-20.75	7.75	1	2650,100
1	-20.75	8.25	1	2650,100
1	-21.75	8.25	1	2650,100
1	-21.75	8.75	1	2650,100
1	-21.25	9.25	1	2650,100
1	-21.25	9.75	1	2650,100
1	-22.75	9.75	1	2650,100
1	-23.75	8.75	1	2650,100
1	-23.75	8.25	1	2650,100
1	-22.75	8.25	1	2650,100
1	-22.75	7.75	1	2650,100
1	-23.25	7.25	1	2650,100
1	-24.75	7.25	1	2650,100
1	-25.25	7.75	1	2650,100
1	-27.75	7.75	1	2650,100
1	-27.75	5.75	1	2650,100
1	-28.75	5.75	1	2650,100
1	-28.75	4.25	1	2650,100
1	-28.25	4.25	1	2650,100
1	-26.75	5.75	1	2650,100
1	-26.25	5.75	1	2650,100
1	-26.25	5.25	1	2650,100
1	-26.75	4.75	1	2650,100
1	-26.75	4.25	1	2650,100
1	-25.75	3.25	1	2650,100
1	-25.25	3.25	1	2650,100
1	-25.25	3.75	1	2650,100
1	-25.75	4.25	1	2650,100
1	-25.75	4.75	1	2650,100
1	-24.25	4.75	1	2650,100
1	-23.75	4.25	1	2650,100
1	-23.75	3.75	1	2650,100
1	-24.25	3.25	1	2650,100
1	-24.25	2.75	1	2650,100
1	-23.75	2.75	1	2650,100
1	-23.25	3.25	1	2650,100
1	-22.75	3.25	1	2650,100
1	-22.75	0.75	1	2650,100
1	-23.25	0.25	1	2650,100
1	-23.25	-0.25	1	2650,100
1	-22.75	-0.75	1	2650,100
1	-22.75	-1.25	1	2650,100
1	-32.25	-1.25	1	2650,100
1	-32.75	-0.75	1	2650,100
1	-32.75	-0.25	1	2650,100
1	-32.25	0.25	1	2650,100
1	-30.25	0.25	1	2650,100
1	-30.25	1.75	1	2650,100
1	-30.75	1.75	1	2650,100
1	-31.25	1.25	1	2650,100
1	-31.75	1.25	1	2650,100
1	-31.75	2.25	1	2650,100
1	-32.75	2.25	1	2650,100
1	-32.75	3.25	1	2650,100
1	-33.25	3.75	1	2650,100
1	-35.25	3.75	1	2650,100
1	-35.25	5.25	1	2650,100
1	-34.25	5.25	1	2650,100
1	-33.75	5.75	1	2650,100
1	-33.25	5.75	1	2650,100
1	-32.75	5.25	1	2650,100
1	-32.25	5.25	1	2650,100
1	-32.25	6.25	1	2650,100
1	-31.25	6.25	1	2650,100
1	-31.25	6.75	1	2650,100
1	-31.75	7.25	1	2650,100
1	-31.75	7.75	1	2650,100
1	-30.25	9.25	1	2650,100
1	-30.25	9.75	1	2650,100
1	-31.75	9.75	1	2650,100
1	-32.25	9.25	1	2650,100
1	-33.25	9.25	1	2650,100
1	-33.75	8.75	1	2650,100
1	-34.25	8.75	1	2650,100
1	-34.25	9.25	1	2650,100
1	-33.75	9.75	1	2650,100
1	-33.75	10.25	1	2650,100
1	-34.25	10.75	1	2650,100
1	-34.25	12.25	1	2650,100
1	-33.75	12.75	1	2650,100
1	-33.75	13.25	1	2650,100
1	-34.25	13.75	1	2650,100
1	-34.25	14.75	1	2650,100
1	-34.75	15.25	1	2650,100
1	-34.75	15.75	1	2650,100
1	-33.75	15.75	1	2650,100
1	-33.75	16.75	1	2650,100
1	-33.25	17.25	1	2650,100
1	-33.25	17.75	1	2650,100
1	-33.75	17.75	1	2650,100
1	-34.25	17.25	1	2650,100
1	-34.75	17.25	1	2650,100
1	-34.75	19.25	1	2650,100
1	-35.25	19.75	1	2650,100
1	-35.25	20.25	1	2650,100
1	-34.75	20.75	1	2650,100
1	-34.75	21.25	1	2650,100
1	-35.75	21.25	1	2650,100
1	-37.25	22.75	1	2650,100
1	-38.25	22.75	1	2650,100
1	-38.25	23.25	1	2650,100
1	-37.75	23.75	1	2650,100
1	-36.75	23.75	1	2650,100
1	-36.75	24.75	1	2650,100
1	-36.25	24.75	1	2650,100
1	-35.75	24.25	1	2650,100
1	-35.75	22.25	1	2650,100
1	-33.75	22.25	1	2650,100
1	-32.75	21.25	1	2650,100
1	-32.75	20.25	1	2650,100
1	-32.25	19.75	1	2650,100
1	-32.25	19.25	1	2650,100
1	-32.75	18.75	1	2650,100
1	-32.75	18.25	1	2650,100
1	-31.75	17.25	1	2650,100
1	-31.75	16.75	1	2650,100
1	-32.25	16.25	1	2650,100
1	-32.25	15.75	1	2650,100
1	-31.75	15.75	1	2650,100
1	-31.25	16.25	1	2650,100
1	-30.25	16.25	1	2650,100
1	-30.25	16.75	1	2650,100
1	-30.75	17.25	1	2650,100
1	-30.75	17.75	1	2650,100
1	-29.75	17.75	1	2650,100
1	-29.25	18.25	1	2650,100
1	-29.25	18.75	1	2650,100
1	-29.75	19.25	1	2650,100
1	-30.25	19.25	1	2650,100
1	-31.25	18.25	1	2650,100
1	-31.75	18.25	1	2650,100
1	-31.75	18.75	1	2650,100
1	-30.75	19.75	1	2650,100
1	-30.75	20.25	1	2650,100
1	-31.75	20.25	1	2650,100
1	-32.25	20.75	1	2650,100
1	-32.25	22.25	1	2650,100
1	-31.75	22.75	1	2650,100
1	-31.75	24.25	1	2650,100
1	-32.25	24.75	1	2650,100
1	-32.25	25.25	1	2650,100
1	-31.75	25.75	1	2650,100
1	-31.75	28.25	1	2650,100
1	-32.75	28.25	1	2650,100
1	-32.75	29.25	1	2650,100
1	-33.75	30.25	1	2650,100
1	-34.25	30.25	1	2650,100
1	-34.75	29.75	1	2650,100
1	-35.25	29.75	1	2650,100
1	-35.25	31.25	1	2650,100
1	-34.25	31.25	1	2650,100
1	-34.25	31.75	1	2650,100
1	-34.75	32.25	1	2650,100
1	-34.75	33.25	1	2650,100
1	-35.25	33.75	1	2650,100
1	-35.25	34.75	1	2650,100
1	-35.75	34.75	1	2650,100
1	-36.25	34.25	1	2650,100
1	-36.75	34.25	1	2650,100
1	-37.25	34.75	1	2650,100
1	-37.25	35.25	1	2650,100
1	-36.25	35.25	1	2650,100
1	-35.75	35.75	1	2650,100
1	-35.75	36.75	1	2650,100
1	-35.25	37.25	1	2650,100
1	-35.25	40.75	1	2650,100
1	-35.75	40.75	1	2650,100
1	-36.25	40.25	1	2650,100
1	-36.25	39.25	1	2650,100
1	-37.25	39.25	1	2650,100
1	-37.25	38.25	1	2650,100
1	-38.25	38.25	1	2650,100
1	-38.25	37.25	1	2650,100
1	-38.75	36.75	1	2650,100
1	-40.25	36.75	1	2650,100
1	-40.25	37.75	1	2650,100
1	-40.75	37.75	1	2650,100
1	-42.25	36.25	1	2650,100
1	-42.75	36.25	1	2650,100
1	-43.75	37.25	1	2650,100
1	-44.75	37.25	1	2650,100
1	-23.25	-0.25	1	2650,150
1	-23.25	0.25	1	2650,150
1	-21.25	2.25	1	2650,150
1	-20.75	2.25	1	2650,150
1	-20.25	1.75	1	2650,150
1	-20.25	-0.75	1	2650,150
1	-22.75	-0.75	1	2650,150
1	-23.25	-0.25	1	2650,150
1	-31.75	48.25	1	2650,50
1	-31.75	48.75	1	2650,50
1	-29.25	48.75	1	2650,50
1	-29.25	47.25	1	2650,50
1	-30.25	47.25	1	2650,50
1	-31.25	46.25	1	2650,50
1	-31.75	46.25	1	2650,50
1	-32.25	46.75	1	2650,50
1	-32.25	47.25	1	2650,50
1	-31.75	47.75	1	2650,50
1	-31.75	48.25	1	2650,50
7	-37.25	42.75	1	2650,100
7	-37.25	43.25	1	2650,100
7	-36.75	43.25	1	2650,100
7	-36.25	42.75	1	2650,100
7	-36.25	41.25	1	2650,100
7	-37.25	40.25	1	2650,100
7	-37.75	40.25	1	2650,100
7	-37.75	41.75	1	2650,100
7	-37.25	42.25	1	2650,100
7	-37.25	42.75	1	2650,100
7	-28.75	48.75	1	2650,50
7	-28.75	47.25	1	2650,50
7	-28.25	46.75	1	2650,50
7	-26.25	46.75	1	2650,50
7	-25.75	46.25	1	2650,50
7	-25.25	46.25	1	2650,50
7	-23.75	47.75	1	2650,50
7	-22.75	47.75	1	2650,50
7	-22.75	48.25	1	2650,50
7	-23.25	48.75	1	2650,50
7	-28.75	48.75	1	2650,50
8	-35.25	42.75	1	2650,100
8	-35.25	43.25	1	2650,100
8	-34.75	43.25	1	2650,100
8	-34.75	42.75	1	2650,100
8	-35.25	42.75	1	2650,100
9	-33.25	39.75	1	2650,100
9	-33.25	40.25	1	2650,100
9	-32.25	40.25	1	2650,100
9	-31.75	40.75	1	2650,100
9	-31.25	40.75	1	2650,100
9	-31.25	40.25	1	2650,100
9	-32.25	39.25	1	2650,100
9	-32.75	39.25	1	2650,100
9	-33.25	39.75	1	2650,100
10	-30.75	40.75	1	2650,100
10	-30.75	40.25	1	2650,100
10	-29.75	40.25	1	2650,100
10	-29.75	39.75	1	2650,100
10	-30.75	38.75	1	2650,100
10	-30.75	37.75	1	2650,100
10	-31.75	37.75	1	2650,100
10	-31.75	37.25	1	2650,100
10	-30.75	36.25	1	2650,100
10	-30.75	35.25	1	2650,100
10	-30.25	34.75	1	2650,100
10	-29.25	34.75	1	2650,100
10	-29.25	33.75	1	2650,100
10	-28.75	33.75	1	2650,100
10	-27.75	34.75	1	2650,100
10	-27.75	35.25	1	2650,100
10	-28.25	35.75	1	2650,100
10	-28.25	37.25	1	2650,100
10	-27.75	37.75	1	2650,100
10	-26.75	37.75	1	2650,100
10	-26.75	39.25	1	2650,100
10	-27.75	39.25	1	2650,100
10	-29.75	41.25	1	2650,100
10	-30.25	41.25	1	2650,100
10	-30.75	40.75	1	2650,100
11	-33.75	31.75	1	2650,100
11	-33.75	31.25	1	2650,100
11	-30.75	28.25	1	2650,100
11	-30.25	28.25	1	2650,100
11	-29.75	28.75	1	2650,100
11	-29.75	29.25	1	2650,100
11	-30.75	30.25	1	2650,100
11	-31.75	30.25	1	2650,100
11	-33.25	31.75	1	2650,100
11	-33.75	31.75	1	2650,100
12	-21.25	39.75	1	2650,100
12	-21.25	40.25	1	2650,100
12	-18.75	40.25	1	2650,100
12	-18.25	39.75	1	2650,100
12	-18.25	39.25	1	2650,100
12	-18.75	38.75	1	2650,100
12	-18.75	38.25	1	2650,100
12	-17.75	37.25	1	2650,100
12	-17.75	36.75	1	2650,100
12	-19.25	36.75	1	2650,100
12	-19.75	37.25	1	2650,100
12	-20.75	37.25	1	2650,100
12	-21.25	37.75	1	2650,100
12	-21.25	38.25	1	2650,100
12	-20.75	38.75	1	2650,100
12	-20.75	39.25	1	2650,100
12	-21.25	39.75	1	2650,100
13	-30.25	26.75	1	2650,100
13	-30.25	27.25	1	2650,100
13	-29.75	27.75	1	2650,100
13	-29.25	27.75	1	2650,100
13	-28.75	27.25	1	2650,100
13	-28.75	26.25	1	2650,100
13	-28.25	25.75	1	2650,100
13	-27.25	25.75	1	2650,100
13	-26.25	24.75	1	2650,100
13	-26.25	23.75	1	2650,100
13	-25.75	23.75	1	2650,100
13	-25.25	24.25	1	2650,100
13	-24.75	24.25	1	2650,100
13	-24.25	23.75	1	2650,100
13	-24.25	23.25	1	2650,100
13	-25.25	22.25	1	2650,100
13	-25.25	21.75	1	2650,100
13	-24.75	21.25	1	2650,100
13	-24.75	20.75	1	2650,100
13	-25.25	20.25	1	2650,100
13	-25.75	20.25	1	2650,100
13	-25.75	21.25	1	2650,100
13	-26.25	21.75	1	2650,100
13	-27.25	21.75	1	2650,100
13	-27.25	22.75	1	2650,100
13	-27.75	22.75	1	2650,100
13	-28.25	22.25	1	2650,100
13	-28.75	22.25	1	2650,100
13	-28.75	22.75	1	2650,100
13	-27.75	23.75	1	2650,100
13	-27.75	24.25	1	2650,100
13	-29.25	25.75	1	2650,100
13	-29.75	25.75	1	2650,100
13	-30.75	24.75	1	2650,100
13	-31.25	24.75	1	2650,100
13	-31.25	25.25	1	2650,100
13	-30.25	26.25	1	2650,100
13	-30.25	26.75	1	2650,100
14	-27.75	29.25	1	2650,100
14	-27.75	29.75	1	2650,100
14	-26.75	30.75	1	2650,100
14	-26.25	30.75	1	2650,100
14	-25.75	30.25	1	2650,100
14	-25.75	29.75	1	2650,100
14	-26.25	29.25	1	2650,100
14	-27.75	29.25	1	2650,100
2	-27.25	26.75	1	2650,100
2	-27.25	27.25	1	2650,100
2	-25.75	28.75	1	2650,100
2	-25.25	28.75	1	2650,100
2	-25.25	27.75	1	2650,100
2	-24.25	27.75	1	2650,100
2	-23.25	26.75	1	2650,100
2	-23.25	26.25	1	2650,100
2	-23.75	26.25	1	2650,100
2	-24.25	26.75	1	2650,100
2	-25.75	26.75	1	2650,100
2	-25.75	25.75	1	2650,100
2	-26.25	25.75	1	2650,100
2	-27.25	26.75	1	2650,100
3	-28.75	17.25	1	2650,100
3	-28.75	17.75	1	2650,100
3	-26.75	17.75	1	2650,100
3	-26.25	18.25	1	2650,100
3	-24.25	18.25	1	2650,100
3	-23.25	19.25	1	2650,100
3	-23.25	19.75	1	2650,100
3	-24.25	20.75	1	2650,100
3	-24.25	22.25	1	2650,100
3	-23.75	22.25	1	2650,100
3	-23.25	21.75	1	2650,100
3	-22.25	21.75	1	2650,100
3	-20.75	20.25	1	2650,100
3	-20.75	19.75	1	2650,100
3	-22.25	18.25	1	2650,100
3	-23.25	18.25	1	2650,100
3	-23.25	17.25	1	2650,100
3	-24.25	17.25	1	2650,100
3	-24.75	16.75	1	2650,100
3	-24.75	16.25	1	2650,100
3	-24.25	15.75	1	2650,100
3	-24.25	15.25	1	2650,100
3	-24.75	15.25	1	2650,100
3	-25.75	16.25	1	2650,100
3	-26.25	16.25	1	2650,100
3	-26.25	14.25	1	2650,100
3	-27.25	14.25	1	2650,100
3	-28.25	13.25	1	2650,100
3	-28.75	13.25	1	2650,100
3	-28.75	13.75	1	2650,100
3	-28.25	14.25	1	2650,100
3	-28.25	14.75	1	2650,100
3	-28.75	15.25	1	2650,100
3	-28.75	15.75	1	2650,100
3	-28.25	16.25	1	2650,100
3	-28.25	16.75	1	2650,100
3	-28.75	17.25	1	2650,100
4	-12.25	32.75	1	2650,100
4	-12.25	33.25	1	2650,100
4	-11.75	33.25	1	2650,100
4	-11.25	32.75	1	2650,100
4	-9.75	32.75	1	2650,100
4	-9.25	33.25	1	2650,100
4	-8.75	33.25	1	2650,100
4	-8.75	32.25	1	2650,100
4	-7.75	31.25	1	2650,100
4	-7.75	30.75	1	2650,100
4	-8.25	30.75	1	2650,100
4	-9.25	31.75	1	2650,100
4	-9.75	31.75	1	2650,100
4	-12.25	29.25	1	2650,100
4	-12.75	29.25	1	2650,100
4	-13.75	30.25	1	2650,100
4	-13.75	30.75	1	2650,100
4	-13.25	31.25	1	2650,100
4	-11.25	31.25	1	2650,100
4	-11.25	31.75	1	2650,100
4	-12.25	32.75	1	2650,100
5	-8.25	36.75	1	2650,100
5	-8.25	37.25	1	2650,100
5	-6.75	37.25	1	2650,100
5	-6.25	36.75	1	2650,100
5	-5.25	36.75	1	2650,100
5	-5.25	36.25	1	2650,100
5	-5.75	35.75	1	2650,100
5	-7.25	35.75	1	2650,100
5	-8.25	36.75	1	2650,100
6	-11.75	11.25	1	2650,100
6	-11.75	11.75	1	2650,100
6	-11.25	12.25	1	2650,100
6	-9.25	12.25	1	2650,100
6	-8.75	12.75	1	2650,100
6	-8.75	13.25	1	2650,100
6	-9.75	13.25	1	2650,100
6	-9.75	13.75	1	2650,100
6	-8.75	14.75	1	2650,100
6	-8.25	14.75	1	2650,100
6	-8.25	13.75	1	2650,100
6	-7.75	13.25	1	2650,100
6	-7.75	12.75	1	2650,100
6	-8.75	11.75	1	2650,100
6	-8.75	11.25	1	2650,100
6	-7.25	9.75	1	2650,100
6	-7.25	8.25	1	2650,100
6	-7.75	8.25	1	2650,100
6	-8.25	8.75	1	2650,100
6	-8.75	8.75	1	2650,100
6	-9.25	8.25	1	2650,100
6	-9.25	7.75	1	2650,100
6	-8.75	7.25	1	2650,100
6	-8.75	6.75	1	2650,100
6	-9.75	6.75	1	2650,100
6	-10.25	6.25	1	2650,100
6	-10.25	5.75	1	2650,100
6	-6.75	5.75	1	2650,100
6	-6.75	6.75	1	2650,100
6	-6.25	6.75	1	2650,100
6	-5.75	6.25	1	2650,100
6	-5.25	6.25	1	2650,100
6	-4.75	6.75	1	2650,100
6	-4.25	6.75	1	2650,100
6	-4.25	5.75	1	2650,100
6	-3.25	4.75	1	2650,100
6	-3.25	4.25	1	2650,100
6	-4.25	3.25	1	2650,100
6	-6.75	3.25	1	2650,100
6	-7.25	3.75	1	2650,100
6	-7.25	4.75	1	2650,100
6	-7.75	4.75	1	2650,100
6	-9.25	3.25	1	2650,100
6	-9.75	3.25	1	2650,100
6	-9.75	3.75	1	2650,100
6	-9.25	4.25	1	2650,100
6	-9.25	4.75	1	2650,100
6	-10.25	4.75	1	2650,100
6	-10.75	5.25	1	2650,100
6	-11.25	5.25	1	2650,100
6	-11.75	4.75	1	2650,100
6	-12.25	4.75	1	2650,100
6	-12.25	5.25	1	2650,100
6	-10.75	6.75	1	2650,100
6	-10.75	7.75	1	2650,100
6	-10.25	8.25	1	2650,100
6	-10.25	9.25	1	2650,100
6	-9.75	9.75	1	2650,100
6	-9.75	10.25	1	2650,100
6	-10.75	10.25	1	2650,100
6	-11.75	11.25	1	2650,100
357	-36.75	45.25	316	2650,100
357	-36.75	45.75	316	2650,100
357	-36.25	45.75	316	2650,100
357	-35.25	44.75	316	2650,100
357	-35.25	44.25	316	2650,100
357	-35.75	44.25	316	2650,100
357	-36.75	45.25	316	2650,100
606	-36.25	45.75	54	2650,100
606	-36.25	46.25	54	2650,100
606	-33.25	49.25	54	2650,100
606	-32.75	49.25	54	2650,100
606	-32.75	48.75	54	2650,100
606	-34.25	47.25	54	2650,100
606	-34.25	46.25	54	2650,100
606	-35.25	45.25	54	2650,100
606	-35.75	45.25	54	2650,100
606	-36.25	45.75	54	2650,100
606	-32.75	-0.75	54	2650,150
606	-32.75	-0.25	54	2650,150
606	-29.75	2.75	54	2650,150
606	-29.25	2.75	54	2650,150
606	-29.25	-0.75	54	2650,150
606	-32.75	-0.75	54	2650,150
607	-33.25	46.75	54	2650,100
607	-33.25	47.25	54	2650,100
607	-31.25	49.25	54	2650,100
607	-28.75	49.25	54	2650,100
607	-28.75	48.25	54	2650,100
607	-27.75	48.25	54	2650,100
607	-27.25	47.75	54	2650,100
607	-26.75	47.75	54	2650,100
607	-26.25	48.25	54	2650,100
607	-24.75	48.25	54	2650,100
607	-24.25	47.75	54	2650,100
607	-23.75	47.75	54	2650,100
607	-23.75	48.25	54	2650,100
607	-24.25	48.75	54	2650,100
607	-24.25	49.25	54	2650,100
607	-22.75	49.25	54	2650,100
607	-22.25	48.75	54	2650,100
607	-22.25	47.75	54	2650,100
607	-21.75	47.25	54	2650,100
607	-21.75	46.75	54	2650,100
607	-22.75	46.75	54	2650,100
607	-22.75	45.25	54	2650,100
607	-21.25	43.75	54	2650,100
607	-21.25	42.75	54	2650,100
607	-20.75	42.25	54	2650,100
607	-20.75	41.75	54	2650,100
607	-23.25	41.75	54	2650,100
607	-23.25	42.75	54	2650,100
607	-24.25	43.75	54	2650,100
607	-26.25	43.75	54	2650,100
607	-26.75	44.25	54	2650,100
607	-26.75	45.25	54	2650,100
607	-27.25	45.25	54	2650,100
607	-27.75	44.75	54	2650,100
607	-28.25	44.75	54	2650,100
607	-28.75	45.25	54	2650,100
607	-28.75	46.25	54	2650,100
607	-29.25	46.25	54	2650,100
607	-29.75	45.75	54	2650,100
607	-30.25	45.75	54	2650,100
607	-31.25	46.75	54	2650,100
607	-31.75	46.75	54	2650,100
607	-32.25	46.25	54	2650,100
607	-32.75	46.25	54	2650,100
607	-33.25	46.75	54	2650,100
607	-28.25	1.75	54	2650,150
607	-28.25	2.25	54	2650,150
607	-27.25	3.25	54	2650,150
607	-26.25	3.25	54	2650,150
607	-25.25	4.25	54	2650,150
607	-24.75	4.25	54	2650,150
607	-24.75	3.75	54	2650,150
607	-25.25	3.25	54	2650,150
607	-25.25	1.75	54	2650,150
607	-24.75	1.75	54	2650,150
607	-24.25	2.25	54	2650,150
607	-24.25	3.25	54	2650,150
607	-23.25	3.25	54	2650,150
607	-21.25	5.25	54	2650,150
607	-20.75	5.25	54	2650,150
607	-20.25	4.75	54	2650,150
607	-19.75	4.75	54	2650,150
607	-19.25	5.25	54	2650,150
607	-18.75	5.25	54	2650,150
607	-16.25	2.75	54	2650,150
607	-16.25	2.25	54	2650,150
607	-17.25	2.25	54	2650,150
607	-17.75	1.75	54	2650,150
607	-17.75	1.25	54	2650,150
607	-17.25	0.75	54	2650,150
607	-17.25	-0.75	54	2650,150
607	-19.75	-0.75	54	2650,150
607	-20.25	-0.25	54	2650,150
607	-20.25	1.75	54	2650,150
607	-20.75	2.25	54	2650,150
607	-21.25	2.25	54	2650,150
607	-23.25	0.25	54	2650,150
607	-23.25	-0.75	54	2650,150
607	-24.75	-0.75	54	2650,150
607	-24.75	0.25	54	2650,150
607	-25.75	1.25	54	2650,150
607	-26.25	1.25	54	2650,150
607	-27.25	0.25	54	2650,150
607	-27.75	0.25	54	2650,150
607	-28.25	0.75	54	2650,150
607	-28.25	1.75	54	2650,150
608	-20.75	47.25	54	2650,100
608	-20.75	47.75	54	2650,100
608	-19.25	49.25	54	2650,100
608	-17.75	49.25	54	2650,100
608	-15.75	47.25	54	2650,100
608	-14.25	47.25	54	2650,100
608	-13.75	47.75	54	2650,100
608	-13.75	48.25	54	2650,100
608	-14.75	48.25	54	2650,100
608	-14.75	48.75	54	2650,100
608	-14.25	49.25	54	2650,100
608	-12.75	49.25	54	2650,100
608	-10.75	47.25	54	2650,100
608	-10.75	46.75	54	2650,100
608	-11.75	46.75	54	2650,100
608	-12.25	46.25	54	2650,100
608	-12.25	45.75	54	2650,100
608	-11.75	45.25	54	2650,100
608	-11.25	45.25	54	2650,100
608	-10.75	45.75	54	2650,100
608	-9.25	45.75	54	2650,100
608	-6.25	42.75	54	2650,100
608	-6.25	42.25	54	2650,100
608	-6.75	41.75	54	2650,100
608	-7.25	41.75	54	2650,100
608	-8.25	42.75	54	2650,100
608	-8.75	42.75	54	2650,100
608	-8.75	42.25	54	2650,100
608	-8.25	41.75	54	2650,100
608	-8.25	41.25	54	2650,100
608	-8.75	40.75	54	2650,100
608	-8.75	38.75	54	2650,100
608	-9.75	38.75	54	2650,100
608	-9.75	37.75	54	2650,100
608	-10.25	37.75	54	2650,100
608	-10.75	38.25	54	2650,100
608	-11.75	38.25	54	2650,100
608	-11.75	39.25	54	2650,100
608	-12.75	40.25	54	2650,100
608	-12.75	40.75	54	2650,100
608	-12.25	41.25	54	2650,100
608	-12.25	42.75	54	2650,100
608	-13.75	44.25	54	2650,100
608	-13.75	45.25	54	2650,100
608	-14.25	45.25	54	2650,100
608	-14.75	44.75	54	2650,100
608	-15.25	44.75	54	2650,100
608	-15.25	45.25	54	2650,100
608	-14.75	45.75	54	2650,100
608	-14.75	46.25	54	2650,100
608	-15.75	46.25	54	2650,100
608	-16.25	46.75	54	2650,100
608	-17.25	46.75	54	2650,100
608	-17.75	47.25	54	2650,100
608	-17.75	48.25	54	2650,100
608	-19.25	48.25	54	2650,100
608	-20.25	47.25	54	2650,100
608	-20.75	47.25	54	2650,100
608	-28.75	-0.25	54	2650,150
608	-28.75	-0.75	54	2650,150
608	-28.25	-0.75	54	2650,150
608	-28.25	-0.25	54	2650,150
608	-28.75	-0.25	54	2650,150
609	-14.25	-0.25	54	2650,150
609	-14.25	0.25	54	2650,150
609	-13.75	0.25	54	2650,150
609	-13.25	-0.25	54	2650,150
609	-13.25	-0.75	54	2650,150
609	-13.75	-0.75	54	2650,150
609	-14.25	-0.25	54	2650,150
205	-29.25	2.75	215	2650,150
205	-29.25	3.25	215	2650,150
205	-23.25	9.25	215	2650,150
205	-22.75	9.25	215	2650,150
205	-19.25	5.75	215	2650,150
205	-19.25	5.25	215	2650,150
205	-19.75	4.75	215	2650,150
205	-20.25	4.75	215	2650,150
205	-20.75	5.25	215	2650,150
205	-21.25	5.25	215	2650,150
205	-23.25	3.25	215	2650,150
205	-24.25	3.25	215	2650,150
205	-24.25	2.25	215	2650,150
205	-24.75	1.75	215	2650,150
205	-25.25	1.75	215	2650,150
205	-25.25	3.25	215	2650,150
205	-24.75	3.75	215	2650,150
205	-24.75	4.25	215	2650,150
205	-25.25	4.25	215	2650,150
205	-26.25	3.25	215	2650,150
205	-27.25	3.25	215	2650,150
205	-28.25	2.25	215	2650,150
205	-28.25	0.75	215	2650,150
205	-27.75	0.25	215	2650,150
205	-27.25	0.25	215	2650,150
205	-26.25	1.25	215	2650,150
205	-25.75	1.25	215	2650,150
205	-24.75	0.25	215	2650,150
205	-24.75	-0.25	215	2650,150
205	-25.25	-0.75	215	2650,150
205	-27.75	-0.75	215	2650,150
205	-28.25	-0.25	215	2650,150
205	-29.25	-0.25	215	2650,150
205	-29.25	2.75	215	2650,150
205	-28.75	48.25	215	2650,100
205	-28.75	48.75	215	2650,100
205	-28.25	49.25	215	2650,100
205	-24.75	49.25	215	2650,100
205	-23.75	48.25	215	2650,100
205	-23.75	47.75	215	2650,100
205	-24.25	47.75	215	2650,100
205	-24.75	48.25	215	2650,100
205	-26.25	48.25	215	2650,100
205	-26.75	47.75	215	2650,100
205	-27.25	47.75	215	2650,100
205	-27.75	48.25	215	2650,100
205	-28.75	48.25	215	2650,100
36	-11.75	19.25	113	2550,50
36	-11.75	19.75	113	2550,50
36	-11.25	20.25	113	2550,50
36	-10.75	20.25	113	2550,50
36	-10.75	19.25	113	2550,50
36	-10.25	19.25	113	2550,50
36	-9.75	19.75	113	2550,50
36	-9.75	20.25	113	2550,50
36	-10.25	20.75	113	2550,50
36	-10.25	21.25	113	2550,50
36	-9.75	21.25	113	2550,50
36	-7.75	19.25	113	2550,50
36	-7.75	18.75	113	2550,50
36	-8.75	18.75	113	2550,50
36	-9.25	18.25	113	2550,50
36	-9.25	17.25	113	2550,50
36	-10.75	17.25	113	2550,50
36	-11.25	17.75	113	2550,50
36	-11.25	18.75	113	2550,50
36	-11.75	19.25	113	2550,50
253	-21.25	9.75	251	2600,100
253	-21.25	10.25	251	2600,100
253	-20.25	10.25	251	2600,100
253	-19.75	10.75	251	2600,100
253	-18.75	10.75	251	2600,100
253	-16.75	12.75	251	2600,100
253	-16.25	12.75	251	2600,100
253	-15.75	12.25	251	2600,100
253	-15.75	11.75	251	2600,100
253	-16.75	10.75	251	2600,100
253	-17.75	10.75	251	2600,100
253	-17.75	9.75	251	2600,100
253	-18.75	9.75	251	2600,100
253	-19.75	8.75	251	2600,100
253	-21.25	8.75	251	2600,100
253	-21.25	9.75	251	2600,100
402	-13.25	17.75	346	2600,100
402	-13.25	18.25	346	2600,100
402	-12.75	18.25	346	2600,100
402	-12.25	17.75	346	2600,100
402	-12.25	17.25	346	2600,100
402	-12.75	17.25	346	2600,100
402	-13.25	17.75	346	2600,100
409	-5.75	25.25	351	2600,100
409	-5.75	25.75	351	2600,100
409	-4.25	25.75	351	2600,100
409	-4.25	25.25	351	2600,100
409	-4.75	24.75	351	2600,100
409	-5.25	24.75	351	2600,100
409	-5.75	25.25	351	2600,100
355	-12.25	17.75	314	2500,0
355	-12.25	18.25	314	2500,0
355	-11.75	18.25	314	2500,0
355	-11.75	17.75	314	2500,0
355	-12.25	17.75	314	2500,0
497	-23.75	6.25	410	2550,50
497	-23.75	6.75	410	2550,50
497	-23.25	7.25	410	2550,50
497	-22.75	7.25	410	2550,50
497	-22.75	5.75	410	2550,50
497	-23.25	5.75	410	2550,50
497	-23.75	6.25	410	2550,50
444	-20.75	9.25	376	2550,50
444	-20.75	9.75	376	2550,50
444	-20.25	9.75	376	2550,50
444	-20.25	9.25	376	2550,50
444	-20.75	9.25	376	2550,50
579	-20.25	9.75	477	2550,50
579	-20.25	10.25	477	2550,50
579	-19.75	10.75	477	2550,50
579	-19.25	10.75	477	2550,50
579	-19.25	10.25	477	2550,50
579	-19.75	9.75	477	2550,50
579	-20.25	9.75	477	2550,50
453	-38.25	41.75	382	2600,50
453	-38.25	42.25	382	2600,50
453	-37.75	42.25	382	2600,50
453	-37.25	41.75	382	2600,50
453	-36.25	41.75	382	2600,50
453	-36.25	41.25	382	2600,50
453	-37.25	40.25	382	2600,50
453	-37.75	40.25	382	2600,50
453	-38.25	40.75	382	2600,50
453	-38.25	41.75	382	2600,50
198	-35.75	44.25	209	2600,50
198	-35.75	44.75	209	2600,50
198	-34.75	45.75	209	2600,50
198	-33.75	45.75	209	2600,50
198	-32.25	47.25	209	2600,50
198	-31.25	47.25	209	2600,50
198	-30.75	47.75	209	2600,50
198	-30.75	48.75	209	2600,50
198	-30.25	48.75	209	2600,50
198	-29.75	48.25	209	2600,50
198	-29.75	47.75	209	2600,50
198	-30.25	47.25	209	2600,50
198	-30.25	46.75	209	2600,50
198	-29.25	46.75	209	2600,50
198	-28.75	46.25	209	2600,50
198	-28.75	45.25	209	2600,50
198	-28.25	44.75	209	2600,50
198	-28.25	43.75	209	2600,50
198	-27.75	43.25	209	2600,50
198	-27.75	42.75	209	2600,50
198	-28.25	42.25	209	2600,50
198	-28.75	42.25	209	2600,50
198	-29.25	42.75	209	2600,50
198	-30.25	42.75	209	2600,50
198	-30.75	43.25	209	2600,50
198	-30.75	43.75	209	2600,50
198	-29.75	43.75	209	2600,50
198	-29.75	44.25	209	2600,50
198	-30.25	44.75	209	2600,50
198	-30.25	45.75	209	2600,50
198	-31.75	45.75	209	2600,50
198	-31.75	44.75	209	2600,50
198	-32.75	44.75	209	2600,50
198	-33.25	44.25	209	2600,50
198	-35.75	44.25	209	2600,50
576	-13.25	16.75	474	2600,100
576	-13.25	17.25	474	2600,100
576	-12.75	17.25	474	2600,100
576	-12.75	16.75	474	2600,100
576	-13.25	16.75	474	2600,100
525	-11.25	18.75	435	2600,100
525	-11.25	19.25	435	2600,100
525	-10.75	19.75	435	2600,100
525	-10.25	19.75	435	2600,100
525	-10.25	18.75	435	2600,100
525	-9.25	18.75	435	2600,100
525	-9.25	17.25	435	2600,100
525	-10.25	17.25	435	2600,100
525	-10.75	16.75	435	2600,100
525	-11.25	16.75	435	2600,100
525	-11.25	17.25	435	2600,100
525	-10.75	17.75	435	2600,100
525	-10.75	18.25	435	2600,100
525	-11.25	18.75	435	2600,100
142	-8.75	21.25	175	2600,100
142	-8.75	21.75	175	2600,100
142	-7.75	21.75	175	2600,100
142	-7.25	22.25	175	2600,100
142	-7.25	23.25	175	2600,100
142	-6.75	23.25	175	2600,100
142	-5.75	22.25	175	2600,100
142	-5.25	22.25	175	2600,100
142	-5.25	22.75	175	2600,100
142	-5.75	23.25	175	2600,100
142	-5.75	23.75	175	2600,100
142	-5.25	24.25	175	2600,100
142	-4.75	24.25	175	2600,100
142	-4.75	23.25	175	2600,100
142	-4.25	22.75	175	2600,100
142	-3.25	22.75	175	2600,100
142	-3.25	22.25	175	2600,100
142	-3.75	21.75	175	2600,100
142	-4.75	21.75	175	2600,100
142	-5.25	21.25	175	2600,100
142	-6.25	21.25	175	2600,100
142	-6.25	20.75	175	2600,100
142	-5.75	20.25	175	2600,100
142	-4.75	20.25	175	2600,100
142	-4.75	19.75	175	2600,100
142	-5.75	18.75	175	2600,100
142	-5.75	18.25	175	2600,100
142	-5.25	17.75	175	2600,100
142	-4.25	17.75	175	2600,100
142	-4.25	16.25	175	2600,100
142	-4.75	16.25	175	2600,100
142	-5.25	16.75	175	2600,100
142	-6.25	16.75	175	2600,100
142	-6.75	17.25	175	2600,100
142	-6.75	18.25	175	2600,100
142	-7.75	18.25	175	2600,100
142	-7.75	20.25	175	2600,100
142	-8.75	20.25	175	2600,100
142	-8.75	21.25	175	2600,100
340	-37.25	42.75	309	2650,100
340	-37.25	43.25	309	2650,100
340	-36.75	43.25	309	2650,100
340	-36.25	42.75	309	2650,100
340	-36.25	41.25	309	2650,100
340	-37.25	40.25	309	2650,100
340	-37.75	40.25	309	2650,100
340	-37.75	41.75	309	2650,100
340	-37.25	42.25	309	2650,100
340	-37.25	42.75	309	2650,100
517	-35.25	44.75	429	2650,100
517	-35.25	45.25	429	2650,100
517	-34.75	45.25	429	2650,100
517	-34.75	44.75	429	2650,100
517	-35.25	44.75	429	2650,100
246	-19.75	9.25	245	2550,50
246	-19.75	9.75	245	2550,50
246	-19.25	10.25	245	2550,50
246	-18.75	10.25	245	2550,50
246	-18.25	9.75	245	2550,50
246	-17.25	9.75	245	2550,50
246	-17.25	9.25	245	2550,50
246	-17.75	8.75	245	2550,50
246	-18.25	8.75	245	2550,50
246	-18.75	9.25	245	2550,50
246	-19.75	9.25	245	2550,50
166	0.25	29.25	194	2550,50
166	0.25	29.75	194	2550,50
166	1.75	29.75	194	2550,50
166	1.75	29.25	194	2550,50
166	1.25	28.75	194	2550,50
166	0.75	28.75	194	2550,50
166	0.25	29.25	194	2550,50
278	4.25	33.25	267	2550,50
278	4.25	33.75	267	2550,50
278	4.75	33.75	267	2550,50
278	4.75	32.25	267	2550,50
278	4.25	32.25	267	2550,50
278	4.25	33.25	267	2550,50
278	-45.25	32.75	267	2600,50
278	-45.25	33.25	267	2600,50
278	-44.75	33.75	267	2600,50
278	-44.25	33.75	267	2600,50
278	-44.25	33.25	267	2600,50
278	-44.75	32.75	267	2600,50
278	-44.75	32.25	267	2600,50
278	-43.75	32.25	267	2600,50
278	-42.75	31.25	267	2600,50
278	-41.75	31.25	267	2600,50
278	-41.75	30.75	267	2600,50
278	-42.75	29.75	267	2600,50
278	-42.75	29.25	267	2600,50
278	-42.25	28.75	267	2600,50
278	-42.25	27.75	267	2600,50
278	-41.25	27.75	267	2600,50
278	-40.25	26.75	267	2600,50
278	-39.75	26.75	267	2600,50
278	-39.75	27.75	267	2600,50
278	-39.25	27.75	267	2600,50
278	-38.75	27.25	267	2600,50
278	-38.75	26.75	267	2600,50
278	-40.75	24.75	267	2600,50
278	-41.25	24.75	267	2600,50
278	-41.25	25.75	267	2600,50
278	-42.25	26.75	267	2600,50
278	-43.25	26.75	267	2600,50
278	-43.25	28.75	267	2600,50
278	-44.25	29.75	267	2600,50
278	-45.25	29.75	267	2600,50
278	-45.25	30.25	267	2600,50
278	-44.75	30.75	267	2600,50
278	-44.75	31.25	267	2600,50
278	-45.25	31.75	267	2600,50
278	-45.25	32.75	267	2600,50
432	-44.75	34.25	366	2600,50
432	-44.75	34.75	366	2600,50
432	-44.25	34.75	366	2600,50
432	-44.25	34.25	366	2600,50
432	-44.75	34.25	366	2600,50
531	-15.25	13.75	439	2600,100
531	-15.25	14.25	439	2600,100
531	-14.75	14.75	439	2600,100
531	-14.25	14.75	439	2600,100
531	-14.25	14.25	439	2600,100
531	-14.75	13.75	439	2600,100
531	-15.25	13.75	439	2600,100
143	-4.75	24.25	176	2600,100
143	-4.75	24.75	176	2600,100
143	-4.25	25.25	176	2600,100
143	-3.75	25.25	176	2600,100
143	-3.25	24.75	176	2600,100
143	-3.25	24.25	176	2600,100
143	-3.75	23.75	176	2600,100
143	-3.75	22.75	176	2600,100
143	-4.25	22.75	176	2600,100
143	-4.75	23.25	176	2600,100
143	-4.75	24.25	176	2600,100
251	-34.75	44.25	25	2650,100
251	-34.75	44.75	25	2650,100
251	-34.25	45.25	25	2650,100
251	-32.75	45.25	25	2650,100
251	-32.25	44.75	25	2650,100
251	-31.25	44.75	25	2650,100
251	-31.25	44.25	25	2650,100
251	-31.75	43.75	25	2650,100
251	-33.25	43.75	25	2650,100
251	-33.75	44.25	25	2650,100
251	-34.75	44.25	25	2650,100
81	-24.75	3.25	141	2550,50
81	-24.75	3.75	141	2550,50
81	-24.25	4.25	141	2550,50
81	-23.75	4.25	141	2550,50
81	-23.25	3.75	141	2550,50
81	-23.25	3.25	141	2550,50
81	-24.25	2.25	141	2550,50
81	-24.25	1.75	141	2550,50
81	-23.75	1.75	141	2550,50
81	-23.25	2.25	141	2550,50
81	-22.25	2.25	141	2550,50
81	-22.25	3.25	141	2550,50
81	-20.75	3.25	141	2550,50
81	-20.75	2.75	141	2550,50
81	-21.25	2.25	141	2550,50
81	-21.25	1.75	141	2550,50
81	-20.25	1.75	141	2550,50
81	-20.25	1.25	141	2550,50
81	-20.75	0.75	141	2550,50
81	-21.75	0.75	141	2550,50
81	-23.25	-0.75	141	2550,50
81	-23.75	-0.75	141	2550,50
81	-23.75	0.25	141	2550,50
81	-24.75	1.25	141	2550,50
81	-25.25	1.25	141	2550,50
81	-25.75	0.75	141	2550,50
81	-25.75	-0.25	141	2550,50
81	-26.75	-0.25	141	2550,50
81	-27.25	-0.75	141	2550,50
81	-27.75	-0.75	141	2550,50
81	-27.75	-0.25	141	2550,50
81	-24.75	2.75	141	2550,50
81	-24.75	3.25	141	2550,50
81	-28.25	48.75	141	2550,0
81	-28.25	49.25	141	2550,0
81	-27.75	49.25	141	2550,0
81	-27.75	48.75	141	2550,0
81	-28.25	48.75	141	2550,0
546	-17.75	10.25	450	2550,50
546	-17.75	10.75	450	2550,50
546	-17.25	10.75	450	2550,50
546	-16.75	10.25	450	2550,50
546	-16.75	9.75	450	2550,50
546	-17.25	9.75	450	2550,50
546	-17.75	10.25	450	2550,50
360	-16.25	11.75	319	2550,50
360	-16.25	12.25	319	2550,50
360	-15.75	12.75	319	2550,50
360	-15.25	12.75	319	2550,50
360	-15.25	12.25	319	2550,50
360	-15.75	11.75	319	2550,50
360	-16.25	11.75	319	2550,50
369	-1.75	26.25	322	2550,50
369	-1.75	26.75	322	2550,50
369	-1.25	26.75	322	2550,50
369	-1.25	26.25	322	2550,50
369	-1.75	26.25	322	2550,50
411	-1.25	26.75	353	2550,50
411	-1.25	27.25	353	2550,50
411	-0.75	27.75	353	2550,50
411	-0.25	27.75	353	2550,50
411	-0.25	27.25	353	2550,50
411	-0.75	26.75	353	2550,50
411	-1.25	26.75	353	2550,50
206	-40.25	37.75	216	2600,50
206	-40.25	38.25	216	2600,50
206	-39.75	38.75	216	2600,50
206	-38.75	38.75	216	2600,50
206	-38.25	39.25	216	2600,50
206	-37.75	39.25	216	2600,50
206	-37.25	38.75	216	2600,50
206	-37.25	38.25	216	2600,50
206	-38.25	37.25	216	2600,50
206	-38.75	37.25	216	2600,50
206	-39.25	37.75	216	2600,50
206	-40.25	37.75	216	2600,50
577	-19.25	8.75	475	2600,100
577	-19.25	9.25	475	2600,100
577	-18.75	9.25	475	2600,100
577	-18.75	8.75	475	2600,100
577	-19.25	8.75	475	2600,100
311	-12.75	15.25	286	2600,100
311	-12.75	15.75	286	2600,100
311	-12.25	15.75	286	2600,100
311	-12.25	15.25	286	2600,100
311	-12.75	15.25	286	2600,100
460	-11.75	16.25	388	2600,100
460	-11.75	16.75	388	2600,100
460	-11.25	16.75	388	2600,100
460	-11.25	16.25	388	2600,100
460	-11.75	16.25	388	2600,100
433	-35.25	42.75	367	2650,100
433	-35.25	43.25	367	2650,100
433	-34.75	43.25	367	2650,100
433	-34.75	42.75	367	2650,100
433	-35.25	42.75	367	2650,100
82	-24.25	48.75	141	2550,0
82	-24.25	49.25	141	2550,0
82	-23.75	49.25	141	2550,0
82	-23.25	48.75	141	2550,0
82	-23.25	48.25	141	2550,0
82	-23.75	48.25	141	2550,0
82	-24.25	48.75	141	2550,0
153	-22.75	4.25	183	2550,50
153	-22.75	4.75	183	2550,50
153	-22.25	5.25	183	2550,50
153	-21.75	5.25	183	2550,50
153	-21.75	4.75	183	2550,50
153	-22.25	4.25	183	2550,50
153	-22.75	4.25	183	2550,50
440	-21.75	5.25	372	2550,50
440	-21.75	5.75	372	2550,50
440	-21.25	5.75	372	2550,50
440	-21.25	5.25	372	2550,50
440	-21.75	5.25	372	2550,50
279	-18.75	8.25	268	2550,50
279	-18.75	8.75	268	2550,50
279	-18.25	8.75	268	2550,50
279	-18.25	8.25	268	2550,50
279	-18.75	8.25	268	2550,50
533	-40.75	36.25	440	2600,50
533	-40.75	36.75	440	2600,50
533	-40.25	36.75	440	2600,50
533	-40.25	36.25	440	2600,50
533	-40.75	36.25	440	2600,50
128	-14.25	12.75	169	2600,100
128	-14.25	13.25	169	2600,100
128	-13.25	13.25	169	2600,100
128	-13.25	14.25	169	2600,100
128	-12.75	14.25	169	2600,100
128	-12.25	13.75	169	2600,100
128	-12.25	11.25	169	2600,100
128	-12.75	11.25	169	2600,100
128	-14.25	12.75	169	2600,100
630	-6.25	20.75	65	2600,100
630	-6.25	21.25	65	2600,100
630	-5.25	21.25	65	2600,100
630	-4.75	21.75	65	2600,100
630	-3.75	21.75	65	2600,100
630	-3.25	22.25	65	2600,100
630	-3.25	23.25	65	2600,100
630	-1.75	24.75	65	2600,100
630	-1.25	24.75	65	2600,100
630	-1.25	22.75	65	2600,100
630	-0.25	22.75	65	2600,100
630	0.75	21.75	65	2600,100
630	0.75	20.75	65	2600,100
630	2.25	19.25	65	2600,100
630	2.25	18.75	65	2600,100
630	0.75	18.75	65	2600,100
630	0.75	19.75	65	2600,100
630	-0.25	19.75	65	2600,100
630	-0.75	20.25	65	2600,100
630	-1.75	20.25	65	2600,100
630	-1.75	20.75	65	2600,100
630	-1.25	21.25	65	2600,100
630	-1.25	21.75	65	2600,100
630	-1.75	21.75	65	2600,100
630	-2.25	21.25	65	2600,100
630	-3.25	21.25	65	2600,100
630	-3.25	20.75	65	2600,100
630	-2.25	19.75	65	2600,100
630	-2.25	19.25	65	2600,100
630	-2.75	18.75	65	2600,100
630	-2.75	17.75	65	2600,100
630	-3.75	16.75	65	2600,100
630	-4.25	16.75	65	2600,100
630	-4.25	17.75	65	2600,100
630	-5.25	17.75	65	2600,100
630	-5.75	18.25	65	2600,100
630	-5.75	18.75	65	2600,100
630	-4.75	19.75	65	2600,100
630	-4.75	20.25	65	2600,100
630	-5.75	20.25	65	2600,100
630	-6.25	20.75	65	2600,100
504	-33.75	43.25	417	2650,100
504	-33.75	43.75	417	2650,100
504	-33.25	43.75	417	2650,100
504	-33.25	43.25	417	2650,100
504	-33.75	43.25	417	2650,100
530	-17.75	8.25	438	2600,100
530	-17.75	8.75	438	2600,100
530	-17.25	8.75	438	2600,100
530	-17.25	8.25	438	2600,100
530	-17.75	8.25	438	2600,100
313	-18.25	5.75	288	2550,50
313	-18.25	6.25	288	2550,50
313	-17.75	6.25	288	2550,50
313	-17.75	5.75	288	2550,50
313	-18.25	5.75	288	2550,50
520	-25.75	47.25	430	2550,0
520	-25.75	47.75	430	2550,0
520	-25.25	47.75	430	2550,0
520	-23.75	46.25	430	2550,0
520	-22.75	46.25	430	2550,0
520	-22.75	45.25	430	2550,0
520	-22.25	45.25	430	2550,0
520	-21.75	45.75	430	2550,0
520	-21.25	45.75	430	2550,0
520	-20.75	45.25	430	2550,0
520	-19.25	45.25	430	2550,0
520	-19.25	46.25	430	2550,0
520	-17.75	46.25	430	2550,0
520	-17.25	45.75	430	2550,0
520	-17.25	45.25	430	2550,0
520	-18.25	45.25	430	2550,0
520	-18.75	44.75	430	2550,0
520	-18.75	43.75	430	2550,0
520	-20.25	43.75	430	2550,0
520	-20.75	44.25	430	2550,0
520	-21.25	44.25	430	2550,0
520	-21.75	43.75	430	2550,0
520	-21.75	42.75	430	2550,0
520	-22.25	42.25	430	2550,0
520	-22.25	40.75	430	2550,0
520	-21.25	40.75	430	2550,0
520	-21.25	39.75	430	2550,0
520	-20.75	39.25	430	2550,0
520	-20.75	38.25	430	2550,0
520	-20.25	37.75	430	2550,0
520	-20.25	37.25	430	2550,0
520	-20.75	37.25	430	2550,0
520	-22.25	38.75	430	2550,0
520	-23.25	38.75	430	2550,0
520	-23.25	40.75	430	2550,0
520	-23.75	41.25	430	2550,0
520	-23.75	41.75	430	2550,0
520	-23.25	42.25	430	2550,0
520	-23.25	42.75	430	2550,0
520	-23.75	43.25	430	2550,0
520	-23.75	43.75	430	2550,0
520	-23.25	44.25	430	2550,0
520	-23.25	44.75	430	2550,0
520	-24.25	44.75	430	2550,0
520	-24.25	45.75	430	2550,0
520	-24.75	46.25	430	2550,0
520	-25.75	46.25	430	2550,0
520	-25.75	47.25	430	2550,0
70	-33.25	39.75	137	2650,100
70	-33.25	40.25	137	2650,100
70	-32.25	40.25	137	2650,100
70	-31.75	40.75	137	2650,100
70	-31.25	40.75	137	2650,100
70	-31.25	40.25	137	2650,100
70	-32.25	39.25	137	2650,100
70	-32.75	39.25	137	2650,100
70	-33.25	39.75	137	2650,100
302	-16.75	5.25	279	2550,50
302	-16.75	5.75	279	2550,50
302	-16.25	5.75	279	2550,50
302	-15.25	4.75	279	2550,50
302	-14.25	4.75	279	2550,50
302	-13.75	4.25	279	2550,50
302	-13.75	3.75	279	2550,50
302	-15.25	3.75	279	2550,50
302	-16.75	5.25	279	2550,50
226	-15.25	6.75	229	2550,50
226	-15.25	7.25	229	2550,50
226	-14.75	7.75	229	2550,50
226	-14.25	7.75	229	2550,50
226	-14.25	6.25	229	2550,50
226	-14.75	6.25	229	2550,50
226	-15.25	6.75	229	2550,50
367	-18.25	3.75	320	2600,100
367	-18.25	4.25	320	2600,100
367	-17.75	4.25	320	2600,100
367	-17.75	3.75	320	2600,100
367	-18.25	3.75	320	2600,100
599	-8.25	46.75	51	2550,0
599	-8.25	47.25	51	2550,0
599	-6.25	47.25	51	2550,0
599	-5.25	48.25	51	2550,0
599	-1.25	48.25	51	2550,0
599	-0.25	49.25	51	2550,0
599	4.25	49.25	51	2550,0
599	4.75	48.75	51	2550,0
599	4.75	44.25	51	2550,0
599	4.25	44.25	51	2550,0
599	2.75	45.75	51	2550,0
599	2.75	46.75	51	2550,0
599	2.25	46.75	51	2550,0
599	1.75	46.25	51	2550,0
599	1.75	45.75	51	2550,0
599	2.75	44.75	51	2550,0
599	2.75	44.25	51	2550,0
599	1.75	44.25	51	2550,0
599	1.25	43.75	51	2550,0
599	0.25	43.75	51	2550,0
599	0.25	42.25	51	2550,0
599	0.75	42.25	51	2550,0
599	1.75	43.25	51	2550,0
599	2.25	43.25	51	2550,0
599	2.25	41.75	51	2550,0
599	1.75	41.25	51	2550,0
599	-0.25	41.25	51	2550,0
599	-1.25	40.25	51	2550,0
599	-1.75	40.25	51	2550,0
599	-2.75	41.25	51	2550,0
599	-2.75	42.25	51	2550,0
599	-3.75	42.25	51	2550,0
599	-3.75	43.25	51	2550,0
599	-4.75	43.25	51	2550,0
599	-8.25	46.75	51	2550,0
599	3.75	1.75	51	2550,50
599	3.75	2.25	51	2550,50
599	4.25	2.75	51	2550,50
599	4.75	2.75	51	2550,50
599	4.75	-0.75	51	2550,50
599	4.25	-0.75	51	2550,50
599	4.25	0.25	51	2550,50
599	3.25	0.25	51	2550,50
599	3.25	0.75	51	2550,50
599	3.75	1.25	51	2550,50
599	3.75	1.75	51	2550,50
599	-36.25	46.75	51	2600,0
599	-36.25	47.25	51	2600,0
599	-35.75	47.25	51	2600,0
599	-34.75	46.25	51	2600,0
599	-33.25	46.25	51	2600,0
599	-33.25	47.25	51	2600,0
599	-32.75	47.25	51	2600,0
599	-32.25	46.75	51	2600,0
599	-32.25	46.25	51	2600,0
599	-32.75	45.75	51	2600,0
599	-32.75	44.75	51	2600,0
599	-33.25	44.75	51	2600,0
599	-33.75	45.25	51	2600,0
599	-34.25	45.25	51	2600,0
599	-34.25	43.25	51	2600,0
599	-34.75	42.75	51	2600,0
599	-35.25	42.75	51	2600,0
599	-35.25	43.75	51	2600,0
599	-35.75	43.75	51	2600,0
599	-36.25	43.25	51	2600,0
599	-36.75	43.25	51	2600,0
599	-36.75	44.75	51	2600,0
599	-35.75	44.75	51	2600,0
599	-35.75	46.25	51	2600,0
599	-36.25	46.75	51	2600,0
600	3.25	42.25	51	2550,0
600	3.25	42.75	51	2550,0
600	4.75	42.75	51	2550,0
600	4.75	39.25	51	2550,0
600	3.25	37.75	51	2550,0
600	3.25	36.25	51	2550,0
600	3.75	35.75	51	2550,0
600	3.75	35.25	51	2550,0
600	3.25	35.25	51	2550,0
600	1.25	37.25	51	2550,0
600	1.25	37.75	51	2550,0
600	1.75	38.25	51	2550,0
600	2.75	38.25	51	2550,0
600	3.75	39.25	51	2550,0
600	3.75	39.75	51	2550,0
600	2.75	40.75	51	2550,0
600	2.75	41.25	51	2550,0
600	3.25	41.75	51	2550,0
600	3.25	42.25	51	2550,0
600	-43.25	31.75	51	2600,0
600	-43.25	32.25	51	2600,0
600	-41.75	32.25	51	2600,0
600	-41.75	31.75	51	2600,0
600	-42.25	31.25	51	2600,0
600	-42.75	31.25	51	2600,0
600	-43.25	31.75	51	2600,0
601	0.25	38.25	51	2550,0
601	0.25	38.75	51	2550,0
601	0.75	38.75	51	2550,0
601	0.75	38.25	51	2550,0
601	0.25	38.25	51	2550,0
601	-45.25	28.75	51	2600,0
601	-45.25	29.25	51	2600,0
601	-44.75	29.25	51	2600,0
601	-42.25	26.75	51	2600,0
601	-42.25	26.25	51	2600,0
601	-44.75	23.75	51	2600,0
601	-45.25	23.75	51	2600,0
601	-45.25	28.75	51	2600,0
501	-18.75	2.25	414	2550,50
501	-18.75	2.75	414	2550,50
501	-18.25	2.75	414	2550,50
501	-18.25	2.25	414	2550,50
501	-18.75	2.25	414	2550,50
422	-15.75	5.25	361	2550,50
422	-15.75	5.75	361	2550,50
422	-15.25	5.75	361	2550,50
422	-14.75	5.25	361	2550,50
422	-14.75	4.75	361	2550,50
422	-15.25	4.75	361	2550,50
422	-15.75	5.25	361	2550,50
298	-15.25	5.75	276	2550,50
298	-15.25	6.25	276	2550,50
298	-14.75	6.25	276	2550,50
298	-14.75	5.75	276	2550,50
298	-15.25	5.75	276	2550,50
436	-6.25	14.75	37	2550,50
436	-6.25	15.25	37	2550,50
436	-5.75	15.75	37	2550,50
436	-5.25	15.75	37	2550,50
436	-5.25	14.75	37	2550,50
436	-4.75	14.75	37	2550,50
436	-3.75	15.75	37	2550,50
436	-3.25	15.75	37	2550,50
436	-3.25	15.25	37	2550,50
436	-3.75	14.75	37	2550,50
436	-3.75	13.75	37	2550,50
436	-4.75	13.75	37	2550,50
436	-4.75	12.75	37	2550,50
436	-5.25	12.25	37	2550,50
436	-5.25	11.75	37	2550,50
436	-4.75	11.25	37	2550,50
436	-3.75	11.25	37	2550,50
436	-1.75	9.25	37	2550,50
436	-1.75	8.75	37	2550,50
436	-2.25	8.75	37	2550,50
436	-3.75	10.25	37	2550,50
436	-4.25	10.25	37	2550,50
436	-4.25	9.25	37	2550,50
436	-6.25	9.25	37	2550,50
436	-6.25	8.75	37	2550,50
436	-5.25	7.75	37	2550,50
436	-5.25	6.25	37	2550,50
436	-5.75	5.75	37	2550,50
436	-6.75	5.75	37	2550,50
436	-6.75	5.25	37	2550,50
436	-6.25	4.75	37	2550,50
436	-6.25	4.25	37	2550,50
436	-7.25	4.25	37	2550,50
436	-7.75	3.75	37	2550,50
436	-8.25	3.75	37	2550,50
436	-8.25	4.75	37	2550,50
436	-8.75	5.25	37	2550,50
436	-9.25	5.25	37	2550,50
436	-9.75	4.75	37	2550,50
436	-9.75	3.75	37	2550,50
436	-10.75	3.75	37	2550,50
436	-10.75	2.75	37	2550,50
436	-11.75	2.75	37	2550,50
436	-12.25	2.25	37	2550,50
436	-13.75	2.25	37	2550,50
436	-13.75	4.25	37	2550,50
436	-14.25	4.75	37	2550,50
436	-14.25	5.25	37	2550,50
436	-13.75	5.25	37	2550,50
436	-12.75	4.25	37	2550,50
436	-12.25	4.25	37	2550,50
436	-12.25	5.75	37	2550,50
436	-13.25	5.75	37	2550,50
436	-13.75	6.25	37	2550,50
436	-13.75	6.75	37	2550,50
436	-11.25	6.75	37	2550,50
436	-11.25	5.75	37	2550,50
436	-9.75	5.75	37	2550,50
436	-9.25	6.25	37	2550,50
436	-9.25	7.25	37	2550,50
436	-8.25	8.25	37	2550,50
436	-7.25	8.25	37	2550,50
436	-7.25	11.25	37	2550,50
436	-6.25	11.25	37	2550,50
436	-6.25	11.75	37	2550,50
436	-6.75	12.25	37	2550,50
436	-6.75	12.75	37	2550,50
436	-5.75	13.75	37	2550,50
436	-5.75	14.25	37	2550,50
436	-6.25	14.75	37	2550,50
437	-16.25	-0.25	37	2550,50
437	-16.25	0.25	37	2550,50
437	-15.75	0.25	37	2550,50
437	-15.75	-0.25	37	2550,50
437	-16.25	-0.25	37	2550,50
368	-37.75	33.25	321	2600,50
368	-37.75	33.75	321	2600,50
368	-37.25	33.75	321	2600,50
368	-37.25	33.25	321	2600,50
368	-37.75	33.25	321	2600,50
208	-30.75	40.25	218	2650,100
208	-30.75	40.75	218	2650,100
208	-30.25	41.25	218	2650,100
208	-29.75	41.25	218	2650,100
208	-27.75	39.25	218	2650,100
208	-26.75	39.25	218	2650,100
208	-26.75	37.75	218	2650,100
208	-27.75	37.75	218	2650,100
208	-28.25	37.25	218	2650,100
208	-28.25	35.75	218	2650,100
208	-27.75	35.25	218	2650,100
208	-27.75	34.75	218	2650,100
208	-28.75	33.75	218	2650,100
208	-29.25	33.75	218	2650,100
208	-29.25	34.75	218	2650,100
208	-30.25	34.75	218	2650,100
208	-30.75	35.25	218	2650,100
208	-30.75	36.25	218	2650,100
208	-31.75	37.25	218	2650,100
208	-31.75	37.75	218	2650,100
208	-30.75	37.75	218	2650,100
208	-30.75	38.75	218	2650,100
208	-29.75	39.75	218	2650,100
208	-29.75	40.25	218	2650,100
208	-30.75	40.25	218	2650,100
429	-14.75	5.25	363	2550,50
429	-14.75	5.75	363	2550,50
429	-14.25	6.25	363	2550,50
429	-13.75	6.25	363	2550,50
429	-13.25	5.75	363	2550,50
429	-12.25	5.75	363	2550,50
429	-12.25	4.25	363	2550,50
429	-12.75	4.25	363	2550,50
429	-13.75	5.25	363	2550,50
429	-14.75	5.25	363	2550,50
654	-30.75	39.25	79	2600,50
654	-30.75	39.75	79	2600,50
654	-29.75	40.75	79	2600,50
654	-29.25	40.75	79	2600,50
654	-27.75	39.25	79	2600,50
654	-27.25	39.25	79	2600,50
654	-26.75	39.75	79	2600,50
654	-26.75	40.25	79	2600,50
654	-27.75	40.25	79	2600,50
654	-28.25	40.75	79	2600,50
654	-28.25	41.25	79	2600,50
654	-25.75	41.25	79	2600,50
654	-25.25	40.75	79	2600,50
654	-25.25	40.25	79	2600,50
654	-27.25	38.25	79	2600,50
654	-27.25	37.75	79	2600,50
654	-26.75	37.25	79	2600,50
654	-26.75	36.25	79	2600,50
654	-25.75	35.25	79	2600,50
654	-25.25	35.25	79	2600,50
654	-23.75	36.75	79	2600,50
654	-23.25	36.75	79	2600,50
654	-23.25	35.75	79	2600,50
654	-22.25	35.75	79	2600,50
654	-22.25	35.25	79	2600,50
654	-22.75	34.75	79	2600,50
654	-22.75	34.25	79	2600,50
654	-21.25	32.75	79	2600,50
654	-21.25	32.25	79	2600,50
654	-22.25	31.25	79	2600,50
654	-22.25	30.75	79	2600,50
654	-21.75	30.25	79	2600,50
654	-21.75	28.75	79	2600,50
654	-22.75	27.75	79	2600,50
654	-23.25	27.75	79	2600,50
654	-23.25	29.75	79	2600,50
654	-23.75	30.25	79	2600,50
654	-23.75	31.25	79	2600,50
654	-24.25	31.25	79	2600,50
654	-24.75	30.75	79	2600,50
654	-24.75	28.75	79	2600,50
654	-25.25	28.25	79	2600,50
654	-25.25	27.75	79	2600,50
654	-24.75	27.25	79	2600,50
654	-24.75	25.25	79	2600,50
654	-23.75	25.25	79	2600,50
654	-23.25	24.75	79	2600,50
654	-22.75	24.75	79	2600,50
654	-22.75	25.75	79	2600,50
654	-22.25	25.75	79	2600,50
654	-21.75	25.25	79	2600,50
654	-20.75	25.25	79	2600,50
654	-20.75	22.75	79	2600,50
654	-21.25	22.25	79	2600,50
654	-21.25	21.75	79	2600,50
654	-19.75	21.75	79	2600,50
654	-19.25	22.25	79	2600,50
654	-18.75	22.25	79	2600,50
654	-18.75	21.75	79	2600,50
654	-19.75	20.75	79	2600,50
654	-19.75	20.25	79	2600,50
654	-19.25	20.25	79	2600,50
654	-18.25	21.25	79	2600,50
654	-17.25	21.25	79	2600,50
654	-16.75	21.75	79	2600,50
654	-15.75	21.75	79	2600,50
654	-15.75	22.75	79	2600,50
654	-15.25	22.75	79	2600,50
654	-14.25	21.75	79	2600,50
654	-13.25	21.75	79	2600,50
654	-12.75	21.25	79	2600,50
654	-12.75	20.75	79	2600,50
654	-13.75	20.75	79	2600,50
654	-13.75	19.25	79	2600,50
654	-12.25	19.25	79	2600,50
654	-11.75	19.75	79	2600,50
654	-11.75	20.75	79	2600,50
654	-11.25	20.75	79	2600,50
654	-10.75	20.25	79	2600,50
654	-10.75	19.75	79	2600,50
654	-12.25	18.25	79	2600,50
654	-14.25	18.25	79	2600,50
654	-14.75	17.75	79	2600,50
654	-14.75	16.75	79	2600,50
654	-15.25	16.25	79	2600,50
654	-15.75	16.25	79	2600,50
654	-15.75	17.25	79	2600,50
654	-16.25	17.75	79	2600,50
654	-16.25	20.75	79	2600,50
654	-16.75	20.75	79	2600,50
654	-17.25	20.25	79	2600,50
654	-18.25	20.25	79	2600,50
654	-19.75	18.75	79	2600,50
654	-20.25	18.75	79	2600,50
654	-20.75	19.25	79	2600,50
654	-21.25	19.25	79	2600,50
654	-21.25	18.75	79	2600,50
654	-20.75	18.25	79	2600,50
654	-20.75	17.75	79	2600,50
654	-21.25	17.25	79	2600,50
654	-21.75	17.25	79	2600,50
654	-22.25	17.75	79	2600,50
654	-22.25	18.75	79	2600,50
654	-23.25	18.75	79	2600,50
654	-23.75	19.25	79	2600,50
654	-24.25	19.25	79	2600,50
654	-24.25	18.25	79	2600,50
654	-25.25	17.25	79	2600,50
654	-25.75	17.25	79	2600,50
654	-26.25	17.75	79	2600,50
654	-26.25	18.75	79	2600,50
654	-26.75	18.75	79	2600,50
654	-27.75	17.75	79	2600,50
654	-27.75	17.25	79	2600,50
654	-26.75	16.25	79	2600,50
654	-26.75	15.75	79	2600,50
654	-27.25	15.25	79	2600,50
654	-27.25	14.75	79	2600,50
654	-26.75	14.75	79	2600,50
654	-26.25	15.25	79	2600,50
654	-25.75	15.25	79	2600,50
654	-25.75	13.75	79	2600,50
654	-26.25	13.25	79	2600,50
654	-26.25	12.25	79	2600,50
654	-26.75	11.75	79	2600,50
654	-27.25	11.75	79	2600,50
654	-27.25	12.75	79	2600,50
654	-27.75	13.25	79	2600,50
654	-28.25	13.25	79	2600,50
654	-28.75	12.75	79	2600,50
654	-29.75	12.75	79	2600,50
654	-31.25	11.25	79	2600,50
654	-31.25	10.25	79	2600,50
654	-31.75	10.25	79	2600,50
654	-32.25	10.75	79	2600,50
654	-32.25	11.75	79	2600,50
654	-33.25	11.75	79	2600,50
654	-33.25	12.25	79	2600,50
654	-32.75	12.75	79	2600,50
654	-32.75	13.25	79	2600,50
654	-34.25	14.75	79	2600,50
654	-34.25	15.25	79	2600,50
654	-33.75	15.25	79	2600,50
654	-33.25	14.75	79	2600,50
654	-32.75	14.75	79	2600,50
654	-32.75	15.75	79	2600,50
654	-32.25	15.75	79	2600,50
654	-31.75	15.25	79	2600,50
654	-31.75	14.25	79	2600,50
654	-30.75	14.25	79	2600,50
654	-30.25	13.75	79	2600,50
654	-29.75	13.75	79	2600,50
654	-29.75	14.25	79	2600,50
654	-31.25	15.75	79	2600,50
654	-31.25	16.25	79	2600,50
654	-30.75	16.25	79	2600,50
654	-30.25	15.75	79	2600,50
654	-28.75	15.75	79	2600,50
654	-28.75	17.25	79	2600,50
654	-29.25	17.75	79	2600,50
654	-29.25	18.75	79	2600,50
654	-29.75	19.25	79	2600,50
654	-29.75	19.75	79	2600,50
654	-29.25	20.25	79	2600,50
654	-29.25	20.75	79	2600,50
654	-30.25	21.75	79	2600,50
654	-30.25	23.75	79	2600,50
654	-30.75	24.25	79	2600,50
654	-30.75	24.75	79	2600,50
654	-29.25	26.25	79	2600,50
654	-28.75	26.25	79	2600,50
654	-28.75	25.25	79	2600,50
654	-27.75	24.25	79	2600,50
654	-27.25	24.25	79	2600,50
654	-26.75	24.75	79	2600,50
654	-26.75	25.25	79	2600,50
654	-27.25	25.75	79	2600,50
654	-27.25	26.25	79	2600,50
654	-26.25	26.25	79	2600,50
654	-26.25	29.75	79	2600,50
654	-26.75	30.25	79	2600,50
654	-26.75	30.75	79	2600,50
654	-25.75	30.75	79	2600,50
654	-25.75	32.25	79	2600,50
654	-27.75	32.25	79	2600,50
654	-28.25	32.75	79	2600,50
654	-28.25	33.25	79	2600,50
654	-27.25	33.25	79	2600,50
654	-26.75	33.75	79	2600,50
654	-26.75	34.25	79	2600,50
654	-27.25	34.75	79	2600,50
654	-27.25	35.75	79	2600,50
654	-28.25	35.75	79	2600,50
654	-28.25	37.75	79	2600,50
654	-29.75	37.75	79	2600,50
654	-30.25	37.25	79	2600,50
654	-30.25	36.75	79	2600,50
654	-29.25	36.75	79	2600,50
654	-29.25	36.25	79	2600,50
654	-29.75	35.75	79	2600,50
654	-30.25	35.75	79	2600,50
654	-30.75	36.25	79	2600,50
654	-31.25	36.25	79	2600,50
654	-31.75	35.75	79	2600,50
654	-32.25	35.75	79	2600,50
654	-32.25	36.25	79	2600,50
654	-31.25	37.25	79	2600,50
654	-31.25	38.25	79	2600,50
654	-30.75	38.75	79	2600,50
654	-30.75	39.25	79	2600,50
122	-7.75	12.25	164	2600,100
122	-7.75	12.75	164	2600,100
122	-6.75	12.75	164	2600,100
122	-6.25	13.25	164	2600,100
122	-5.25	13.25	164	2600,100
122	-5.25	13.75	164	2600,100
122	-5.75	14.25	164	2600,100
122	-5.75	14.75	164	2600,100
122	-4.75	15.75	164	2600,100
122	-4.25	15.75	164	2600,100
122	-4.25	14.75	164	2600,100
122	-3.25	13.75	164	2600,100
122	-3.25	13.25	164	2600,100
122	-4.25	13.25	164	2600,100
122	-6.25	11.25	164	2600,100
122	-7.75	11.25	164	2600,100
122	-7.75	12.25	164	2600,100
595	-1.25	17.75	50	2550,50
595	-1.25	18.25	50	2550,50
595	-0.75	18.25	50	2550,50
595	0.25	17.25	50	2550,50
595	1.25	17.25	50	2550,50
595	1.25	16.25	50	2550,50
595	1.75	16.25	50	2550,50
595	1.75	17.25	50	2550,50
595	2.25	17.25	50	2550,50
595	3.25	16.25	50	2550,50
595	3.75	16.25	50	2550,50
595	3.75	16.75	50	2550,50
595	3.25	17.25	50	2550,50
595	3.25	18.75	50	2550,50
595	3.75	19.25	50	2550,50
595	4.25	19.25	50	2550,50
595	4.75	18.75	50	2550,50
595	4.75	14.25	50	2550,50
595	3.75	13.25	50	2550,50
595	3.75	12.75	50	2550,50
595	4.75	12.75	50	2550,50
595	4.75	12.25	50	2550,50
595	4.25	11.75	50	2550,50
595	4.25	11.25	50	2550,50
595	4.75	10.75	50	2550,50
595	4.75	5.25	50	2550,50
595	4.25	4.75	50	2550,50
595	4.25	3.75	50	2550,50
595	3.75	3.25	50	2550,50
595	3.25	3.25	50	2550,50
595	2.25	4.25	50	2550,50
595	1.75	4.25	50	2550,50
595	1.75	3.25	50	2550,50
595	1.25	3.25	50	2550,50
595	0.75	3.75	50	2550,50
595	0.25	3.75	50	2550,50
595	0.25	2.25	50	2550,50
595	1.25	1.25	50	2550,50
595	1.25	0.75	50	2550,50
595	0.25	0.75	50	2550,50
595	-1.25	-0.75	50	2550,50
595	-1.75	-0.75	50	2550,50
595	-1.75	-0.25	50	2550,50
595	-1.25	0.25	50	2550,50
595	-1.25	0.75	50	2550,50
595	-2.25	0.75	50	2550,50
595	-2.75	1.25	50	2550,50
595	-2.75	2.25	50	2550,50
595	-4.25	3.75	50	2550,50
595	-5.25	3.75	50	2550,50
595	-5.25	4.75	50	2550,50
595	-6.25	4.75	50	2550,50
595	-6.75	5.25	50	2550,50
595	-6.75	5.75	50	2550,50
595	-5.75	5.75	50	2550,50
595	-5.25	6.25	50	2550,50
595	-5.25	7.75	50	2550,50
595	-6.25	8.75	50	2550,50
595	-6.25	9.25	50	2550,50
595	-4.25	9.25	50	2550,50
595	-4.25	10.25	50	2550,50
595	-3.75	10.25	50	2550,50
595	-2.25	8.75	50	2550,50
595	-1.75	8.75	50	2550,50
595	-1.75	9.25	50	2550,50
595	-3.75	11.25	50	2550,50
595	-4.75	11.25	50	2550,50
595	-5.25	11.75	50	2550,50
595	-5.25	12.25	50	2550,50
595	-4.75	12.75	50	2550,50
595	-4.75	13.75	50	2550,50
595	-1.25	13.75	50	2550,50
595	-0.25	12.75	50	2550,50
595	0.25	12.75	50	2550,50
595	0.75	13.25	50	2550,50
595	2.75	13.25	50	2550,50
595	2.75	14.25	50	2550,50
595	3.25	14.75	50	2550,50
595	3.25	15.25	50	2550,50
595	2.75	15.75	50	2550,50
595	2.25	15.75	50	2550,50
595	0.75	14.25	50	2550,50
595	0.25	14.25	50	2550,50
595	0.25	15.25	50	2550,50
595	-0.75	15.25	50	2550,50
595	-0.75	16.25	50	2550,50
595	-1.25	16.75	50	2550,50
595	-1.25	17.75	50	2550,50
595	-45.25	17.75	50	2600,50
595	-45.25	18.25	50	2600,50
595	-42.25	18.25	50	2600,50
595	-41.75	18.75	50	2600,50
595	-41.75	21.75	50	2600,50
595	-40.75	21.75	50	2600,50
595	-40.25	22.25	50	2600,50
595	-39.75	22.25	50	2600,50
595	-39.75	21.75	50	2600,50
595	-40.75	20.75	50	2600,50
595	-40.75	20.25	50	2600,50
595	-39.75	19.25	50	2600,50
595	-39.75	18.75	50	2600,50
595	-40.25	18.25	50	2600,50
595	-40.25	16.25	50	2600,50
595	-40.75	15.75	50	2600,50
595	-41.25	15.75	50	2600,50
595	-41.75	16.25	50	2600,50
595	-42.25	16.25	50	2600,50
595	-43.25	15.25	50	2600,50
595	-43.25	14.75	50	2600,50
595	-41.75	13.25	50	2600,50
595	-41.25	13.25	50	2600,50
595	-41.25	14.25	50	2600,50
595	-40.75	14.75	50	2600,50
595	-39.25	14.75	50	2600,50
595	-38.75	14.25	50	2600,50
595	-38.75	12.75	50	2600,50
595	-39.25	12.75	50	2600,50
595	-39.75	13.25	50	2600,50
595	-40.25	13.25	50	2600,50
595	-40.25	12.75	50	2600,50
595	-39.75	12.25	50	2600,50
595	-39.75	11.75	50	2600,50
595	-40.25	11.25	50	2600,50
595	-40.25	10.75	50	2600,50
595	-39.75	10.25	50	2600,50
595	-38.75	10.25	50	2600,50
595	-38.25	9.75	50	2600,50
595	-38.25	9.25	50	2600,50
595	-38.75	8.75	50	2600,50
595	-38.75	8.25	50	2600,50
595	-38.25	8.25	50	2600,50
595	-37.25	9.25	50	2600,50
595	-36.75	9.25	50	2600,50
595	-36.75	8.75	50	2600,50
595	-37.75	7.75	50	2600,50
595	-37.75	7.25	50	2600,50
595	-37.25	6.75	50	2600,50
595	-36.25	6.75	50	2600,50
595	-35.75	6.25	50	2600,50
595	-35.75	5.75	50	2600,50
595	-38.25	5.75	50	2600,50
595	-38.75	6.25	50	2600,50
595	-40.75	6.25	50	2600,50
595	-40.75	6.75	50	2600,50
595	-39.75	7.75	50	2600,50
595	-39.75	9.25	50	2600,50
595	-40.75	10.25	50	2600,50
595	-41.75	10.25	50	2600,50
595	-42.25	10.75	50	2600,50
595	-42.75	10.75	50	2600,50
595	-43.75	9.75	50	2600,50
595	-43.75	8.75	50	2600,50
595	-45.25	8.75	50	2600,50
595	-45.25	10.25	50	2600,50
595	-44.25	10.25	50	2600,50
595	-44.25	11.25	50	2600,50
595	-43.25	11.25	50	2600,50
595	-43.25	11.75	50	2600,50
595	-44.75	13.25	50	2600,50
595	-44.75	14.25	50	2600,50
595	-45.25	14.75	50	2600,50
595	-45.25	17.75	50	2600,50
595	-39.25	48.75	50	2600,0
595	-39.25	49.25	50	2600,0
595	-38.75	49.25	50	2600,0
595	-38.25	48.75	50	2600,0
595	-37.25	48.75	50	2600,0
595	-37.25	48.25	50	2600,0
595	-38.25	47.25	50	2600,0
595	-38.75	47.25	50	2600,0
595	-38.75	48.25	50	2600,0
595	-39.25	48.75	50	2600,0
34	-17.75	1.25	111	2650,150
34	-17.75	1.75	111	2650,150
34	-17.25	2.25	111	2650,150
34	-15.75	2.25	111	2650,150
34	-14.25	0.75	111	2650,150
34	-14.25	-0.75	111	2650,150
34	-16.75	-0.75	111	2650,150
34	-17.25	-0.25	111	2650,150
34	-17.25	0.75	111	2650,150
34	-17.75	1.25	111	2650,150
34	-17.25	48.75	111	2650,100
34	-17.25	49.25	111	2650,100
34	-14.75	49.25	111	2650,100
34	-14.75	48.25	111	2650,100
34	-13.75	48.25	111	2650,100
34	-13.75	47.75	111	2650,100
34	-14.25	47.25	111	2650,100
34	-15.75	47.25	111	2650,100
34	-17.25	48.75	111	2650,100
291	-14.75	0.25	275	2550,50
291	-14.75	0.75	275	2550,50
291	-14.25	0.75	275	2550,50
291	-14.25	0.25	275	2550,50
291	-14.75	0.25	275	2550,50
291	-4.25	41.75	275	2550,0
291	-4.25	42.25	275	2550,0
291	-3.75	42.25	275	2550,0
291	-3.75	41.75	275	2550,0
291	-4.25	41.75	275	2550,0
291	-38.75	24.25	275	2600,0
291	-38.75	24.75	275	2600,0
291	-38.25	24.75	275	2600,0
291	-38.25	24.25	275	2600,0
291	-38.75	24.25	275	2600,0
115	1.25	16.25	160	2550,50
115	1.25	16.75	160	2550,50
115	1.75	16.75	160	2550,50
115	1.75	16.25	160	2550,50
115	1.25	16.25	160	2550,50
692	-21.75	43.25	97	2600,50
692	-21.75	43.75	97	2600,50
692	-19.25	43.75	97	2600,50
692	-19.25	43.25	97	2600,50
692	-20.25	42.25	97	2600,50
692	-21.25	42.25	97	2600,50
692	-21.25	41.25	97	2600,50
692	-21.75	41.25	97	2600,50
692	-22.25	41.75	97	2600,50
692	-22.25	42.25	97	2600,50
692	-21.75	42.75	97	2600,50
692	-21.75	43.25	97	2600,50
234	-33.75	31.25	236	2650,100
234	-33.75	31.75	236	2650,100
234	-33.25	31.75	236	2650,100
234	-31.75	30.25	236	2650,100
234	-30.75	30.25	236	2650,100
234	-29.75	29.25	236	2650,100
234	-29.75	28.75	236	2650,100
234	-30.25	28.25	236	2650,100
234	-30.75	28.25	236	2650,100
234	-33.75	31.25	236	2650,100
461	-42.75	21.25	389	2550,0
461	-42.75	21.75	389	2550,0
461	-42.25	22.25	389	2550,0
461	-39.75	22.25	389	2550,0
461	-39.75	21.75	389	2550,0
461	-40.75	20.75	389	2550,0
461	-40.75	20.25	389	2550,0
461	-40.25	19.75	389	2550,0
461	-37.75	19.75	389	2550,0
461	-36.75	20.75	389	2550,0
461	-35.75	20.75	389	2550,0
461	-35.25	21.25	389	2550,0
461	-33.25	21.25	389	2550,0
461	-33.25	21.75	389	2550,0
461	-33.75	22.25	389	2550,0
461	-33.75	23.75	389	2550,0
461	-33.25	23.75	389	2550,0
461	-32.75	23.25	389	2550,0
461	-30.75	23.25	389	2550,0
461	-30.25	22.75	389	2550,0
461	-30.25	21.75	389	2550,0
461	-29.75	21.25	389	2550,0
461	-29.75	19.25	389	2550,0
461	-28.75	18.25	389	2550,0
461	-27.75	18.25	389	2550,0
461	-27.75	17.75	389	2550,0
461	-28.75	16.75	389	2550,0
461	-28.75	15.75	389	2550,0
461	-30.25	15.75	389	2550,0
461	-30.25	16.75	389	2550,0
461	-31.25	16.75	389	2550,0
461	-31.25	17.75	389	2550,0
461	-31.75	18.25	389	2550,0
461	-32.75	18.25	389	2550,0
461	-33.75	19.25	389	2550,0
461	-35.25	19.25	389	2550,0
461	-35.25	18.75	389	2550,0
461	-34.75	18.25	389	2550,0
461	-34.75	16.75	389	2550,0
461	-35.25	16.75	389	2550,0
461	-35.75	17.25	389	2550,0
461	-35.75	18.25	389	2550,0
461	-36.25	18.75	389	2550,0
461	-37.75	18.75	389	2550,0
461	-38.25	18.25	389	2550,0
461	-40.25	18.25	389	2550,0
461	-40.25	17.75	389	2550,0
461	-39.75	17.25	389	2550,0
461	-38.75	17.25	389	2550,0
461	-38.75	16.75	389	2550,0
461	-39.25	16.25	389	2550,0
461	-40.25	16.25	389	2550,0
461	-40.25	15.75	389	2550,0
461	-39.75	15.25	389	2550,0
461	-39.25	15.25	389	2550,0
461	-38.25	16.25	389	2550,0
461	-37.75	16.25	389	2550,0
461	-37.75	15.75	389	2550,0
461	-38.75	14.75	389	2550,0
461	-38.75	14.25	389	2550,0
461	-37.75	14.25	389	2550,0
461	-37.25	13.75	389	2550,0
461	-37.25	12.25	389	2550,0
461	-37.75	12.25	389	2550,0
461	-38.75	13.25	389	2550,0
461	-39.25	13.25	389	2550,0
461	-39.25	12.75	389	2550,0
461	-38.75	12.25	389	2550,0
461	-38.75	10.25	389	2550,0
461	-35.75	10.25	389	2550,0
461	-35.75	9.75	389	2550,0
461	-36.25	9.25	389	2550,0
461	-36.25	7.25	389	2550,0
461	-37.25	7.25	389	2550,0
461	-37.25	6.25	389	2550,0
461	-37.75	6.25	389	2550,0
461	-38.25	6.75	389	2550,0
461	-38.25	7.75	389	2550,0
461	-39.25	8.75	389	2550,0
461	-40.25	8.75	389	2550,0
461	-40.25	9.75	389	2550,0
461	-40.75	10.25	389	2550,0
461	-41.25	10.25	389	2550,0
461	-42.25	9.25	389	2550,0
461	-42.75	9.25	389	2550,0
461	-42.75	9.75	389	2550,0
461	-42.25	10.25	389	2550,0
461	-42.25	10.75	389	2550,0
461	-42.75	11.25	389	2550,0
461	-43.25	11.25	389	2550,0
461	-43.75	10.75	389	2550,0
461	-44.25	10.75	389	2550,0
461	-44.75	11.25	389	2550,0
461	-44.75	11.75	389	2550,0
461	-44.25	12.25	389	2550,0
461	-42.75	12.25	389	2550,0
461	-42.25	11.75	389	2550,0
461	-41.75	11.75	389	2550,0
461	-41.75	12.25	389	2550,0
461	-42.25	12.75	389	2550,0
461	-42.25	13.25	389	2550,0
461	-41.75	13.75	389	2550,0
461	-40.75	13.75	389	2550,0
461	-40.75	14.25	389	2550,0
461	-41.25	14.75	389	2550,0
461	-41.25	15.75	389	2550,0
461	-41.75	16.25	389	2550,0
461	-42.75	16.25	389	2550,0
461	-42.75	17.75	389	2550,0
461	-42.25	17.75	389	2550,0
461	-41.75	17.25	389	2550,0
461	-41.25	17.25	389	2550,0
461	-41.25	17.75	389	2550,0
461	-42.75	19.25	389	2550,0
461	-43.75	19.25	389	2550,0
461	-43.75	19.75	389	2550,0
461	-43.25	20.25	389	2550,0
461	-42.75	20.25	389	2550,0
461	-42.25	19.75	389	2550,0
461	-41.75	19.75	389	2550,0
461	-41.75	20.25	389	2550,0
461	-42.75	21.25	389	2550,0
165	-0.25	13.75	193	2550,50
165	-0.25	14.25	193	2550,50
165	0.75	14.25	193	2550,50
165	1.75	15.25	193	2550,50
165	2.25	15.25	193	2550,50
165	2.75	14.75	193	2550,50
165	2.75	13.25	193	2550,50
165	0.25	13.25	193	2550,50
165	-0.25	13.75	193	2550,50
230	-42.75	21.25	232	2650,100
230	-42.75	21.75	232	2650,100
230	-41.75	22.75	232	2650,100
230	-41.25	22.75	232	2650,100
230	-41.25	21.25	232	2650,100
230	-42.75	21.25	232	2650,100
329	-14.25	48.75	300	2550,0
329	-14.25	49.25	300	2550,0
329	-13.75	49.25	300	2550,0
329	-13.75	48.75	300	2550,0
329	-14.25	48.75	300	2550,0
330	-8.75	43.25	300	2550,0
330	-8.75	43.75	300	2550,0
330	-8.25	43.75	300	2550,0
330	-8.25	43.25	300	2550,0
330	-8.75	43.25	300	2550,0
331	-6.75	41.25	300	2550,0
331	-6.75	41.75	300	2550,0
331	-6.25	41.75	300	2550,0
331	-6.25	41.25	300	2550,0
331	-6.75	41.25	300	2550,0
140	2.25	15.25	173	2550,50
140	2.25	15.75	173	2550,50
140	2.75	15.75	173	2550,50
140	3.25	15.25	173	2550,50
140	3.25	14.75	173	2550,50
140	2.75	14.75	173	2550,50
140	2.25	15.25	173	2550,50
596	-45.25	6.75	50	2600,50
596	-45.25	7.25	50	2600,50
596	-44.75	7.75	50	2600,50
596	-44.25	7.75	50	2600,50
596	-43.75	7.25	50	2600,50
596	-43.25	7.25	50	2600,50
596	-42.25	8.25	50	2600,50
596	-42.25	8.75	50	2600,50
596	-42.75	9.25	50	2600,50
596	-42.75	9.75	50	2600,50
596	-42.25	9.75	50	2600,50
596	-41.75	9.25	50	2600,50
596	-40.75	9.25	50	2600,50
596	-40.25	8.75	50	2600,50
596	-40.25	8.25	50	2600,50
596	-41.25	8.25	50	2600,50
596	-41.25	7.25	50	2600,50
596	-41.75	6.75	50	2600,50
596	-41.75	5.25	50	2600,50
596	-40.75	5.25	50	2600,50
596	-39.75	4.25	50	2600,50
596	-39.75	3.25	50	2600,50
596	-39.25	2.75	50	2600,50
596	-37.25	2.75	50	2600,50
596	-36.75	2.25	50	2600,50
596	-35.25	2.25	50	2600,50
596	-35.25	4.25	50	2600,50
596	-34.75	4.25	50	2600,50
596	-34.25	3.75	50	2600,50
596	-34.25	2.75	50	2600,50
596	-33.75	2.25	50	2600,50
596	-33.75	0.75	50	2600,50
596	-34.25	0.25	50	2600,50
596	-34.75	0.25	50	2600,50
596	-35.25	0.75	50	2600,50
596	-37.25	0.75	50	2600,50
596	-37.25	1.75	50	2600,50
596	-38.75	1.75	50	2600,50
596	-39.25	1.25	50	2600,50
596	-39.25	0.75	50	2600,50
596	-38.25	-0.25	50	2600,50
596	-38.25	-0.75	50	2600,50
596	-39.75	-0.75	50	2600,50
596	-40.25	-0.25	50	2600,50
596	-40.25	0.75	50	2600,50
596	-42.25	2.75	50	2600,50
596	-43.25	2.75	50	2600,50
596	-44.25	3.75	50	2600,50
596	-44.25	4.25	50	2600,50
596	-43.25	4.25	50	2600,50
596	-42.75	4.75	50	2600,50
596	-42.75	5.25	50	2600,50
596	-44.75	5.25	50	2600,50
596	-45.25	5.75	50	2600,50
596	-45.25	6.75	50	2600,50
160	-6.25	5.75	189	2600,100
160	-6.25	6.25	189	2600,100
160	-5.75	6.75	189	2600,100
160	-5.25	6.75	189	2600,100
160	-3.75	5.25	189	2600,100
160	-3.75	4.75	189	2600,100
160	-4.75	4.75	189	2600,100
160	-4.75	4.25	189	2600,100
160	-4.25	3.75	189	2600,100
160	-3.75	3.75	189	2600,100
160	-3.25	4.25	189	2600,100
160	-2.75	4.25	189	2600,100
160	-2.75	3.25	189	2600,100
160	-2.25	2.75	189	2600,100
160	-2.25	2.25	189	2600,100
160	-3.25	2.25	189	2600,100
160	-4.25	1.25	189	2600,100
160	-4.75	1.25	189	2600,100
160	-4.75	1.75	189	2600,100
160	-4.25	2.25	189	2600,100
160	-4.25	2.75	189	2600,100
160	-5.75	2.75	189	2600,100
160	-6.25	2.25	189	2600,100
160	-6.75	2.25	189	2600,100
160	-6.75	3.75	189	2600,100
160	-6.25	4.25	189	2600,100
160	-6.25	5.75	189	2600,100
92	-43.25	18.75	149	2650,100
92	-43.25	19.25	149	2650,100
92	-42.75	19.75	149	2650,100
92	-42.25	19.75	149	2650,100
92	-42.25	18.25	149	2650,100
92	-42.75	18.25	149	2650,100
92	-43.25	18.75	149	2650,100
486	-11.75	-0.75	400	2550,50
486	-11.75	-0.25	400	2550,50
486	-11.25	-0.25	400	2550,50
486	-11.25	-0.75	400	2550,50
486	-11.75	-0.75	400	2550,50
571	-20.25	40.75	47	2600,50
571	-20.25	41.25	47	2600,50
571	-19.25	41.25	47	2600,50
571	-19.25	42.25	47	2600,50
571	-18.75	42.75	47	2600,50
571	-17.75	42.75	47	2600,50
571	-17.75	43.75	47	2600,50
571	-17.25	43.75	47	2600,50
571	-16.25	42.75	47	2600,50
571	-16.25	41.75	47	2600,50
571	-15.25	40.75	47	2600,50
571	-15.25	40.25	47	2600,50
571	-15.75	40.25	47	2600,50
571	-16.75	41.25	47	2600,50
571	-17.25	41.25	47	2600,50
571	-17.75	40.75	47	2600,50
571	-17.75	39.75	47	2600,50
571	-19.25	39.75	47	2600,50
571	-20.25	40.75	47	2600,50
675	-21.25	39.75	89	2650,100
675	-21.25	40.25	89	2650,100
675	-18.75	40.25	89	2650,100
675	-18.25	39.75	89	2650,100
675	-18.25	39.25	89	2650,100
675	-18.75	38.75	89	2650,100
675	-18.75	38.25	89	2650,100
675	-17.75	37.25	89	2650,100
675	-17.75	36.75	89	2650,100
675	-19.25	36.75	89	2650,100
675	-19.75	37.25	89	2650,100
675	-20.75	37.25	89	2650,100
675	-21.25	37.75	89	2650,100
675	-21.25	38.25	89	2650,100
675	-20.75	38.75	89	2650,100
675	-20.75	39.25	89	2650,100
675	-21.25	39.75	89	2650,100
97	-42.75	17.25	151	2650,100
97	-42.75	17.75	151	2650,100
97	-42.25	17.75	151	2650,100
97	-41.25	16.75	151	2650,100
97	-40.25	16.75	151	2650,100
97	-39.75	16.25	151	2650,100
97	-39.75	15.25	151	2650,100
97	-39.25	15.25	151	2650,100
97	-38.75	15.75	151	2650,100
97	-38.25	15.75	151	2650,100
97	-38.25	14.75	151	2650,100
97	-37.25	13.75	151	2650,100
97	-36.75	13.75	151	2650,100
97	-36.75	15.25	151	2650,100
97	-37.25	15.75	151	2650,100
97	-37.25	16.25	151	2650,100
97	-36.25	16.25	151	2650,100
97	-35.75	16.75	151	2650,100
97	-35.75	17.75	151	2650,100
97	-35.25	17.75	151	2650,100
97	-34.75	17.25	151	2650,100
97	-34.75	16.75	151	2650,100
97	-35.75	15.75	151	2650,100
97	-35.75	15.25	151	2650,100
97	-35.25	14.75	151	2650,100
97	-34.25	14.75	151	2650,100
97	-34.25	13.25	151	2650,100
97	-35.25	13.25	151	2650,100
97	-35.75	12.75	151	2650,100
97	-36.75	12.75	151	2650,100
97	-37.25	12.25	151	2650,100
97	-38.25	12.25	151	2650,100
97	-38.75	11.75	151	2650,100
97	-40.25	11.75	151	2650,100
97	-40.25	12.25	151	2650,100
97	-39.75	12.75	151	2650,100
97	-39.75	13.25	151	2650,100
97	-40.75	13.25	151	2650,100
97	-40.75	14.25	151	2650,100
97	-42.75	14.25	151	2650,100
97	-42.75	15.75	151	2650,100
97	-42.25	15.75	151	2650,100
97	-41.75	15.25	151	2650,100
97	-41.25	15.25	151	2650,100
97	-41.25	15.75	151	2650,100
97	-42.75	17.25	151	2650,100
553	-10.75	48.25	457	2550,0
553	-10.75	48.75	457	2550,0
553	-10.25	48.75	457	2550,0
553	-9.75	48.25	457	2550,0
553	-9.75	47.75	457	2550,0
553	-10.25	47.75	457	2550,0
553	-10.75	48.25	457	2550,0
379	3.75	12.75	331	2550,50
379	3.75	13.25	331	2550,50
379	4.25	13.75	331	2550,50
379	4.75	13.75	331	2550,50
379	4.75	13.25	331	2550,50
379	4.25	12.75	331	2550,50
379	3.75	12.75	331	2550,50
379	-45.25	13.75	331	2600,50
379	-45.25	14.25	331	2600,50
379	-44.75	14.25	331	2600,50
379	-44.75	13.25	331	2600,50
379	-44.25	12.75	331	2600,50
379	-44.25	10.25	331	2600,50
379	-44.75	10.25	331	2600,50
379	-45.25	10.75	331	2600,50
379	-45.25	13.75	331	2600,50
380	4.25	11.25	331	2550,50
380	4.25	11.75	331	2550,50
380	4.75	11.75	331	2550,50
380	4.75	11.25	331	2550,50
380	4.25	11.25	331	2550,50
323	-19.75	38.25	297	2600,50
323	-19.75	38.75	297	2600,50
323	-19.25	39.25	297	2600,50
323	-18.75	39.25	297	2600,50
323	-17.25	37.75	297	2600,50
323	-17.25	37.25	297	2600,50
323	-17.75	36.75	297	2600,50
323	-18.25	36.75	297	2600,50
323	-18.25	37.75	297	2600,50
323	-18.75	38.25	297	2600,50
323	-19.75	38.25	297	2600,50
466	-12.25	45.75	393	2650,100
466	-12.25	46.25	393	2650,100
466	-11.75	46.75	393	2650,100
466	-10.25	46.75	393	2650,100
466	-9.75	46.25	393	2650,100
466	-9.75	45.75	393	2650,100
466	-10.75	45.75	393	2650,100
466	-11.25	45.25	393	2650,100
466	-11.75	45.25	393	2650,100
466	-12.25	45.75	393	2650,100
443	-30.25	26.75	375	2650,100
443	-30.25	27.25	375	2650,100
443	-29.75	27.75	375	2650,100
443	-29.25	27.75	375	2650,100
443	-28.75	27.25	375	2650,100
443	-28.75	26.25	375	2650,100
443	-28.25	25.75	375	2650,100
443	-27.25	25.75	375	2650,100
443	-26.25	24.75	375	2650,100
443	-26.25	23.75	375	2650,100
443	-25.75	23.75	375	2650,100
443	-25.25	24.25	375	2650,100
443	-24.75	24.25	375	2650,100
443	-24.25	23.75	375	2650,100
443	-24.25	23.25	375	2650,100
443	-25.25	22.25	375	2650,100
443	-25.25	21.75	375	2650,100
443	-24.75	21.25	375	2650,100
443	-24.75	20.75	375	2650,100
443	-25.25	20.25	375	2650,100
443	-25.75	20.25	375	2650,100
443	-25.75	21.25	375	2650,100
443	-26.25	21.75	375	2650,100
443	-27.25	21.75	375	2650,100
443	-27.25	22.75	375	2650,100
443	-27.75	22.75	375	2650,100
443	-28.25	22.25	375	2650,100
443	-28.75	22.25	375	2650,100
443	-28.75	22.75	375	2650,100
443	-27.75	23.75	375	2650,100
443	-27.75	24.25	375	2650,100
443	-29.25	25.75	375	2650,100
443	-29.75	25.75	375	2650,100
443	-30.75	24.75	375	2650,100
443	-31.25	24.75	375	2650,100
443	-31.25	25.25	375	2650,100
443	-30.25	26.25	375	2650,100
443	-30.25	26.75	375	2650,100
195	-27.75	29.25	206	2650,100
195	-27.75	29.75	206	2650,100
195	-26.75	30.75	206	2650,100
195	-26.25	30.75	206	2650,100
195	-25.75	30.25	206	2650,100
195	-25.75	29.75	206	2650,100
195	-26.25	29.25	206	2650,100
195	-27.75	29.25	206	2650,100
417	-44.25	11.75	358	2600,50
417	-44.25	12.25	358	2600,50
417	-43.75	12.25	358	2600,50
417	-43.25	11.75	358	2600,50
417	-43.25	11.25	358	2600,50
417	-43.75	11.25	358	2600,50
417	-44.25	11.75	358	2600,50
372	-16.75	39.25	325	2600,50
372	-16.75	39.75	325	2600,50
372	-14.75	39.75	325	2600,50
372	-14.25	40.25	325	2600,50
372	-12.75	40.25	325	2600,50
372	-12.75	39.25	325	2600,50
372	-12.25	38.75	325	2600,50
372	-11.25	38.75	325	2600,50
372	-10.75	38.25	325	2600,50
372	-10.75	37.75	325	2600,50
372	-12.25	37.75	325	2600,50
372	-13.25	38.75	325	2600,50
372	-13.75	38.75	325	2600,50
372	-13.75	37.75	325	2600,50
372	-14.25	37.75	325	2600,50
372	-14.75	38.25	325	2600,50
372	-15.25	38.25	325	2600,50
372	-15.75	37.75	325	2600,50
372	-16.25	37.75	325	2600,50
372	-16.25	38.75	325	2600,50
372	-16.75	39.25	325	2600,50
303	-17.75	38.25	28	2650,100
303	-17.75	38.75	28	2650,100
303	-16.25	38.75	28	2650,100
303	-15.25	37.75	28	2650,100
303	-14.25	37.75	28	2650,100
303	-12.75	36.25	28	2650,100
303	-11.75	36.25	28	2650,100
303	-11.75	35.75	28	2650,100
303	-12.25	35.25	28	2650,100
303	-12.75	35.25	28	2650,100
303	-13.25	35.75	28	2650,100
303	-13.75	35.75	28	2650,100
303	-13.75	35.25	28	2650,100
303	-13.25	34.75	28	2650,100
303	-13.25	33.25	28	2650,100
303	-13.75	33.25	28	2650,100
303	-14.25	33.75	28	2650,100
303	-14.75	33.75	28	2650,100
303	-16.75	31.75	28	2650,100
303	-16.75	31.25	28	2650,100
303	-16.25	31.25	28	2650,100
303	-15.75	31.75	28	2650,100
303	-15.25	31.75	28	2650,100
303	-15.25	30.75	28	2650,100
303	-14.75	30.25	28	2650,100
303	-14.75	29.25	28	2650,100
303	-14.25	28.75	28	2650,100
303	-13.25	28.75	28	2650,100
303	-11.75	27.25	28	2650,100
303	-11.75	26.75	28	2650,100
303	-12.25	26.25	28	2650,100
303	-13.75	26.25	28	2650,100
303	-13.75	27.25	28	2650,100
303	-14.25	27.75	28	2650,100
303	-14.75	27.75	28	2650,100
303	-14.75	26.25	28	2650,100
303	-13.75	25.25	28	2650,100
303	-12.25	25.25	28	2650,100
303	-10.75	26.75	28	2650,100
303	-9.75	26.75	28	2650,100
303	-9.25	27.25	28	2650,100
303	-8.75	27.25	28	2650,100
303	-8.25	26.75	28	2650,100
303	-7.75	26.75	28	2650,100
303	-7.75	27.25	28	2650,100
303	-8.25	27.75	28	2650,100
303	-8.25	28.25	28	2650,100
303	-7.75	28.25	28	2650,100
303	-6.75	27.25	28	2650,100
303	-6.75	26.75	28	2650,100
303	-7.75	25.75	28	2650,100
303	-8.25	25.75	28	2650,100
303	-8.75	26.25	28	2650,100
303	-9.25	26.25	28	2650,100
303	-9.25	25.25	28	2650,100
303	-10.25	24.25	28	2650,100
303	-10.25	22.75	28	2650,100
303	-9.25	22.75	28	2650,100
303	-9.25	22.25	28	2650,100
303	-9.75	21.75	28	2650,100
303	-9.75	20.25	28	2650,100
303	-9.25	20.25	28	2650,100
303	-8.75	20.75	28	2650,100
303	-8.25	20.75	28	2650,100
303	-8.25	20.25	28	2650,100
303	-9.25	19.25	28	2650,100
303	-9.25	18.75	28	2650,100
303	-8.25	17.75	28	2650,100
303	-7.25	17.75	28	2650,100
303	-7.25	16.75	28	2650,100
303	-6.75	16.75	28	2650,100
303	-6.25	17.25	28	2650,100
303	-5.75	17.25	28	2650,100
303	-5.75	16.75	28	2650,100
303	-6.75	15.75	28	2650,100
303	-10.25	15.75	28	2650,100
303	-10.25	17.25	28	2650,100
303	-9.75	17.75	28	2650,100
303	-9.75	18.25	28	2650,100
303	-10.25	18.75	28	2650,100
303	-11.75	18.75	28	2650,100
303	-11.75	18.25	28	2650,100
303	-11.25	17.75	28	2650,100
303	-11.25	17.25	28	2650,100
303	-12.25	17.25	28	2650,100
303	-12.75	16.75	28	2650,100
303	-13.75	16.75	28	2650,100
303	-14.25	16.25	28	2650,100
303	-14.25	15.75	28	2650,100
303	-13.25	14.75	28	2650,100
303	-12.25	14.75	28	2650,100
303	-12.25	14.25	28	2650,100
303	-13.25	13.25	28	2650,100
303	-13.75	13.25	28	2650,100
303	-14.25	13.75	28	2650,100
303	-15.25	13.75	28	2650,100
303	-15.25	15.75	28	2650,100
303	-15.75	15.75	28	2650,100
303	-16.25	15.25	28	2650,100
303	-16.25	14.25	28	2650,100
303	-17.25	14.25	28	2650,100
303	-17.25	13.25	28	2650,100
303	-17.75	13.25	28	2650,100
303	-18.25	13.75	28	2650,100
303	-19.25	13.75	28	2650,100
303	-19.25	14.75	28	2650,100
303	-20.25	14.75	28	2650,100
303	-20.25	15.75	28	2650,100
303	-20.75	16.25	28	2650,100
303	-21.75	16.25	28	2650,100
303	-21.75	17.75	28	2650,100
303	-21.25	18.25	28	2650,100
303	-20.75	18.25	28	2650,100
303	-20.75	17.25	28	2650,100
303	-20.25	17.25	28	2650,100
303	-19.75	17.75	28	2650,100
303	-18.75	17.75	28	2650,100
303	-18.75	18.75	28	2650,100
303	-18.25	19.25	28	2650,100
303	-17.75	19.25	28	2650,100
303	-17.75	17.25	28	2650,100
303	-16.75	17.25	28	2650,100
303	-16.25	16.75	28	2650,100
303	-15.75	16.75	28	2650,100
303	-15.75	17.75	28	2650,100
303	-14.75	17.75	28	2650,100
303	-14.75	18.25	28	2650,100
303	-15.75	19.25	28	2650,100
303	-16.25	19.25	28	2650,100
303	-16.75	18.75	28	2650,100
303	-17.25	18.75	28	2650,100
303	-17.25	19.25	28	2650,100
303	-16.75	19.75	28	2650,100
303	-16.75	20.25	28	2650,100
303	-17.25	20.75	28	2650,100
303	-17.25	21.25	28	2650,100
303	-16.75	21.75	28	2650,100
303	-16.75	22.75	28	2650,100
303	-16.25	22.75	28	2650,100
303	-15.75	22.25	28	2650,100
303	-15.25	22.25	28	2650,100
303	-15.25	22.75	28	2650,100
303	-16.25	23.75	28	2650,100
303	-16.25	24.75	28	2650,100
303	-17.25	24.75	28	2650,100
303	-17.25	25.25	28	2650,100
303	-15.75	26.75	28	2650,100
303	-15.75	27.25	28	2650,100
303	-16.25	27.25	28	2650,100
303	-18.25	25.25	28	2650,100
303	-18.75	25.25	28	2650,100
303	-19.25	25.75	28	2650,100
303	-19.25	26.75	28	2650,100
303	-20.25	27.75	28	2650,100
303	-20.25	30.25	28	2650,100
303	-19.75	30.75	28	2650,100
303	-19.75	31.25	28	2650,100
303	-20.25	31.75	28	2650,100
303	-20.25	33.25	28	2650,100
303	-19.75	33.75	28	2650,100
303	-19.75	34.25	28	2650,100
303	-20.25	34.75	28	2650,100
303	-20.25	35.25	28	2650,100
303	-19.75	35.75	28	2650,100
303	-16.75	35.75	28	2650,100
303	-16.75	36.25	28	2650,100
303	-17.25	36.75	28	2650,100
303	-17.25	37.75	28	2650,100
303	-17.75	38.25	28	2650,100
304	-14.75	22.75	28	2650,100
304	-14.75	22.25	28	2650,100
304	-14.25	22.25	28	2650,100
304	-13.75	22.75	28	2650,100
304	-13.25	22.75	28	2650,100
304	-13.25	21.75	28	2650,100
304	-11.75	21.75	28	2650,100
304	-11.75	22.25	28	2650,100
304	-13.25	23.75	28	2650,100
304	-13.75	23.75	28	2650,100
304	-14.75	22.75	28	2650,100
207	-27.25	26.75	217	2650,100
207	-27.25	27.25	217	2650,100
207	-25.75	28.75	217	2650,100
207	-25.25	28.75	217	2650,100
207	-25.25	27.75	217	2650,100
207	-24.25	27.75	217	2650,100
207	-23.25	26.75	217	2650,100
207	-23.25	26.25	217	2650,100
207	-23.75	26.25	217	2650,100
207	-24.25	26.75	217	2650,100
207	-25.75	26.75	217	2650,100
207	-25.75	25.75	217	2650,100
207	-26.25	25.75	217	2650,100
207	-27.25	26.75	217	2650,100
168	-45.25	7.75	196	2600,50
168	-45.25	8.25	196	2600,50
168	-44.75	8.75	196	2600,50
168	-43.75	8.75	196	2600,50
168	-43.75	9.75	196	2600,50
168	-42.75	10.75	196	2600,50
168	-42.25	10.75	196	2600,50
168	-41.75	10.25	196	2600,50
168	-40.75	10.25	196	2600,50
168	-39.75	9.25	196	2600,50
168	-39.75	8.75	196	2600,50
168	-40.25	8.75	196	2600,50
168	-40.75	9.25	196	2600,50
168	-41.75	9.25	196	2600,50
168	-42.25	9.75	196	2600,50
168	-42.75	9.75	196	2600,50
168	-42.75	9.25	196	2600,50
168	-42.25	8.75	196	2600,50
168	-42.25	8.25	196	2600,50
168	-43.25	7.25	196	2600,50
168	-43.75	7.25	196	2600,50
168	-44.25	7.75	196	2600,50
168	-45.25	7.75	196	2600,50
243	-37.25	15.75	242	2600,50
243	-37.25	16.25	242	2600,50
243	-36.75	16.75	242	2600,50
243	-36.25	16.75	242	2600,50
243	-36.25	15.75	242	2600,50
243	-35.75	15.75	242	2600,50
243	-34.25	17.25	242	2600,50
243	-33.25	17.25	242	2600,50
243	-33.25	18.75	242	2600,50
243	-33.75	19.25	242	2600,50
243	-33.75	19.75	242	2600,50
243	-32.75	19.75	242	2600,50
243	-31.75	20.75	242	2600,50
243	-31.25	20.75	242	2600,50
243	-31.25	19.25	242	2600,50
243	-31.75	18.75	242	2600,50
243	-31.75	18.25	242	2600,50
243	-31.25	18.25	242	2600,50
243	-30.75	18.75	242	2600,50
243	-30.25	18.75	242	2600,50
243	-30.25	17.75	242	2600,50
243	-29.75	17.25	242	2600,50
243	-29.75	16.75	242	2600,50
243	-30.25	16.75	242	2600,50
243	-30.75	17.25	242	2600,50
243	-31.25	17.25	242	2600,50
243	-31.75	16.75	242	2600,50
243	-32.75	16.75	242	2600,50
243	-33.75	15.75	242	2600,50
243	-34.75	15.75	242	2600,50
243	-36.25	14.25	242	2600,50
243	-36.75	14.25	242	2600,50
243	-37.25	14.75	242	2600,50
243	-37.25	15.75	242	2600,50
581	-32.75	20.25	479	2650,100
581	-32.75	20.75	479	2650,100
581	-32.25	20.75	479	2650,100
581	-31.75	20.25	479	2650,100
581	-30.75	20.25	479	2650,100
581	-30.75	19.75	479	2650,100
581	-31.75	18.75	479	2650,100
581	-31.75	18.25	479	2650,100
581	-31.25	18.25	479	2650,100
581	-30.25	19.25	479	2650,100
581	-29.75	19.25	479	2650,100
581	-29.25	18.75	479	2650,100
581	-29.25	18.25	479	2650,100
581	-29.75	17.75	479	2650,100
581	-30.75	17.75	479	2650,100
581	-30.75	17.25	479	2650,100
581	-30.25	16.75	479	2650,100
581	-30.25	16.25	479	2650,100
581	-31.25	16.25	479	2650,100
581	-31.75	15.75	479	2650,100
581	-32.25	15.75	479	2650,100
581	-32.25	16.25	479	2650,100
581	-31.75	16.75	479	2650,100
581	-31.75	17.25	479	2650,100
581	-32.75	18.25	479	2650,100
581	-32.75	18.75	479	2650,100
581	-32.25	19.25	479	2650,100
581	-32.25	19.75	479	2650,100
581	-32.75	20.25	479	2650,100
335	-7.25	44.75	304	2550,0
335	-7.25	45.25	304	2550,0
335	-6.75	45.25	304	2550,0
335	-6.75	44.75	304	2550,0
335	-7.25	44.75	304	2550,0
499	-6.75	44.25	412	2550,0
499	-6.75	44.75	412	2550,0
499	-6.25	44.75	412	2550,0
499	-6.25	44.25	412	2550,0
499	-6.75	44.25	412	2550,0
261	-44.25	6.75	257	2650,100
261	-44.25	7.25	257	2650,100
261	-43.25	7.25	257	2650,100
261	-42.75	7.75	257	2650,100
261	-42.25	7.75	257	2650,100
261	-41.25	6.75	257	2650,100
261	-40.25	6.75	257	2650,100
261	-39.75	6.25	257	2650,100
261	-39.75	5.75	257	2650,100
261	-40.75	4.75	257	2650,100
261	-40.75	4.25	257	2650,100
261	-40.25	4.25	257	2650,100
261	-39.25	5.25	257	2650,100
261	-38.75	5.25	257	2650,100
261	-38.75	3.25	257	2650,100
261	-38.25	2.75	257	2650,100
261	-38.25	2.25	257	2650,100
261	-38.75	2.25	257	2650,100
261	-39.75	3.25	257	2650,100
261	-40.25	3.25	257	2650,100
261	-41.25	2.25	257	2650,100
261	-41.75	2.25	257	2650,100
261	-42.75	3.25	257	2650,100
261	-42.75	5.25	257	2650,100
261	-43.25	5.25	257	2650,100
261	-44.25	4.25	257	2650,100
261	-44.75	4.25	257	2650,100
261	-44.75	4.75	257	2650,100
261	-44.25	5.25	257	2650,100
261	-44.25	6.75	257	2650,100
261	4.25	4.25	257	2600,100
261	4.25	4.75	257	2600,100
261	4.75	5.25	257	2600,100
261	5.25	5.25	257	2600,100
261	5.25	4.75	257	2600,100
261	4.75	4.25	257	2600,100
261	4.25	4.25	257	2600,100
487	-35.75	15.25	401	2650,100
487	-35.75	15.75	401	2650,100
487	-33.75	17.75	401	2650,100
487	-33.25	17.75	401	2650,100
487	-33.25	17.25	401	2650,100
487	-33.75	16.75	401	2650,100
487	-33.75	15.75	401	2650,100
487	-34.75	15.75	401	2650,100
487	-34.75	14.75	401	2650,100
487	-35.25	14.75	401	2650,100
487	-35.75	15.25	401	2650,100
333	-6.25	43.75	302	2550,0
333	-6.25	44.25	302	2550,0
333	-5.75	44.25	302	2550,0
333	-5.75	43.75	302	2550,0
333	-6.25	43.75	302	2550,0
454	-41.25	7.75	383	2600,50
454	-41.25	8.25	383	2600,50
454	-39.75	8.25	383	2600,50
454	-39.75	7.75	383	2600,50
454	-40.75	6.75	383	2600,50
454	-40.75	6.25	383	2600,50
454	-38.75	6.25	383	2600,50
454	-38.25	5.75	383	2600,50
454	-37.25	5.75	383	2600,50
454	-37.25	4.75	383	2600,50
454	-36.25	4.75	383	2600,50
454	-36.25	3.75	383	2600,50
454	-35.25	3.75	383	2600,50
454	-35.25	2.25	383	2600,50
454	-36.75	2.25	383	2600,50
454	-37.25	2.75	383	2600,50
454	-39.25	2.75	383	2600,50
454	-39.75	3.25	383	2600,50
454	-39.75	4.25	383	2600,50
454	-40.75	5.25	383	2600,50
454	-41.75	5.25	383	2600,50
454	-41.75	6.75	383	2600,50
454	-41.25	7.25	383	2600,50
454	-41.25	7.75	383	2600,50
29	-13.75	35.25	109	2600,50
29	-13.75	35.75	109	2600,50
29	-13.25	35.75	109	2600,50
29	-12.25	34.75	109	2600,50
29	-11.25	34.75	109	2600,50
29	-10.25	33.75	109	2600,50
29	-8.25	33.75	109	2600,50
29	-7.25	32.75	109	2600,50
29	-7.25	32.25	109	2600,50
29	-7.75	31.75	109	2600,50
29	-7.75	30.25	109	2600,50
29	-7.25	29.75	109	2600,50
29	-6.75	29.75	109	2600,50
29	-6.75	30.75	109	2600,50
29	-6.25	30.75	109	2600,50
29	-5.75	30.25	109	2600,50
29	-5.75	29.25	109	2600,50
29	-5.25	28.75	109	2600,50
29	-5.25	28.25	109	2600,50
29	-5.75	27.75	109	2600,50
29	-5.75	27.25	109	2600,50
29	-4.75	27.25	109	2600,50
29	-4.75	25.75	109	2600,50
29	-5.25	25.75	109	2600,50
29	-6.75	27.25	109	2600,50
29	-6.75	28.25	109	2600,50
29	-7.75	29.25	109	2600,50
29	-8.75	29.25	109	2600,50
29	-8.75	30.25	109	2600,50
29	-9.75	30.25	109	2600,50
29	-9.75	30.75	109	2600,50
29	-8.25	32.25	109	2600,50
29	-8.25	32.75	109	2600,50
29	-8.75	32.75	109	2600,50
29	-9.25	32.25	109	2600,50
29	-9.75	32.25	109	2600,50
29	-10.25	32.75	109	2600,50
29	-10.75	32.75	109	2600,50
29	-10.75	32.25	109	2600,50
29	-10.25	31.75	109	2600,50
29	-10.25	29.25	109	2600,50
29	-11.25	28.25	109	2600,50
29	-11.75	28.25	109	2600,50
29	-13.75	30.25	109	2600,50
29	-13.75	30.75	109	2600,50
29	-13.25	31.25	109	2600,50
29	-12.25	31.25	109	2600,50
29	-12.25	31.75	109	2600,50
29	-12.75	32.25	109	2600,50
29	-12.75	32.75	109	2600,50
29	-12.25	33.25	109	2600,50
29	-12.25	33.75	109	2600,50
29	-13.75	35.25	109	2600,50
374	-22.75	26.25	327	2650,100
374	-22.75	26.75	327	2650,100
374	-22.25	27.25	327	2650,100
374	-21.75	27.25	327	2650,100
374	-20.75	26.25	327	2650,100
374	-20.75	25.25	327	2650,100
374	-19.75	25.25	327	2650,100
374	-19.25	24.75	327	2650,100
374	-18.25	24.75	327	2650,100
374	-17.75	24.25	327	2650,100
374	-17.75	23.75	327	2650,100
374	-19.25	23.75	327	2650,100
374	-19.75	24.25	327	2650,100
374	-21.25	24.25	327	2650,100
374	-21.75	23.75	327	2650,100
374	-22.25	23.75	327	2650,100
374	-22.75	24.25	327	2650,100
374	-22.75	24.75	327	2650,100
374	-21.75	24.75	327	2650,100
374	-21.75	26.25	327	2650,100
374	-22.75	26.25	327	2650,100
252	-35.75	12.25	250	2650,100
252	-35.75	12.75	250	2650,100
252	-35.25	13.25	250	2650,100
252	-33.75	13.25	250	2650,100
252	-33.75	12.75	250	2650,100
252	-34.25	12.25	250	2650,100
252	-34.25	10.75	250	2650,100
252	-33.75	10.25	250	2650,100
252	-33.75	9.75	250	2650,100
252	-34.25	9.25	250	2650,100
252	-35.25	9.25	250	2650,100
252	-35.25	8.25	250	2650,100
252	-35.75	7.75	250	2650,100
252	-36.25	7.75	250	2650,100
252	-36.75	8.25	250	2650,100
252	-36.75	8.75	250	2650,100
252	-36.25	9.25	250	2650,100
252	-36.25	10.25	250	2650,100
252	-35.25	10.25	250	2650,100
252	-35.25	11.75	250	2650,100
252	-35.75	12.25	250	2650,100
508	-5.75	41.25	420	2650,100
508	-5.75	41.75	420	2650,100
508	-5.25	41.75	420	2650,100
508	-5.25	41.25	420	2650,100
508	-5.75	41.25	420	2650,100
292	-3.75	39.25	275	2550,0
292	-3.75	39.75	275	2550,0
292	-3.25	39.75	275	2550,0
292	-3.25	39.25	275	2550,0
292	-3.75	39.25	275	2550,0
292	-34.25	18.75	275	2600,0
292	-34.25	19.25	275	2600,0
292	-33.75	19.25	275	2600,0
292	-33.75	18.75	275	2600,0
292	-34.25	18.75	275	2600,0
293	-2.75	40.25	275	2550,0
293	-2.75	40.75	275	2550,0
293	-2.25	40.75	275	2550,0
293	-2.25	40.25	275	2550,0
293	-2.75	40.25	275	2550,0
293	-30.25	14.75	275	2600,0
293	-30.25	15.25	275	2600,0
293	-29.75	15.25	275	2600,0
293	-29.75	14.75	275	2600,0
293	-30.25	14.75	275	2600,0
294	-1.25	35.75	275	2550,0
294	-1.25	36.25	275	2550,0
294	-0.75	36.25	275	2550,0
294	-0.75	35.75	275	2550,0
294	-1.25	35.75	275	2550,0
294	-27.75	13.25	275	2600,0
294	-27.75	13.75	275	2600,0
294	-27.25	13.75	275	2600,0
294	-26.75	13.25	275	2600,0
294	-26.75	12.75	275	2600,0
294	-27.25	12.75	275	2600,0
294	-27.75	13.25	275	2600,0
295	0.25	37.25	275	2550,0
295	0.25	37.75	275	2550,0
295	0.75	37.75	275	2550,0
295	0.75	37.25	275	2550,0
295	0.25	37.25	275	2550,0
295	-26.25	13.75	275	2600,0
295	-26.25	14.25	275	2600,0
295	-25.75	14.25	275	2600,0
295	-24.75	13.25	275	2600,0
295	-24.75	12.75	275	2600,0
295	-25.25	12.75	275	2600,0
295	-26.25	13.75	275	2600,0
296	0.75	33.75	275	2550,0
296	0.75	34.25	275	2550,0
296	1.25	34.25	275	2550,0
296	1.25	33.75	275	2550,0
296	0.75	33.75	275	2550,0
296	-21.75	7.25	275	2600,0
296	-21.75	7.75	275	2600,0
296	-21.25	7.75	275	2600,0
296	-20.75	7.25	275	2600,0
296	-20.75	6.75	275	2600,0
296	-21.25	6.25	275	2600,0
296	-21.75	6.25	275	2600,0
296	-21.75	7.25	275	2600,0
297	1.75	34.25	275	2550,0
297	1.75	33.75	275	2550,0
297	2.25	33.75	275	2550,0
297	2.25	34.25	275	2550,0
297	1.75	34.25	275	2550,0
201	-28.75	17.25	211	2650,100
201	-28.75	17.75	211	2650,100
201	-26.75	17.75	211	2650,100
201	-26.25	18.25	211	2650,100
201	-24.25	18.25	211	2650,100
201	-23.25	19.25	211	2650,100
201	-23.25	19.75	211	2650,100
201	-24.25	20.75	211	2650,100
201	-24.25	22.25	211	2650,100
201	-23.75	22.25	211	2650,100
201	-23.25	21.75	211	2650,100
201	-22.25	21.75	211	2650,100
201	-20.75	20.25	211	2650,100
201	-20.75	19.75	211	2650,100
201	-22.25	18.25	211	2650,100
201	-23.25	18.25	211	2650,100
201	-23.25	17.25	211	2650,100
201	-24.25	17.25	211	2650,100
201	-24.75	16.75	211	2650,100
201	-24.75	16.25	211	2650,100
201	-24.25	15.75	211	2650,100
201	-24.25	15.25	211	2650,100
201	-24.75	15.25	211	2650,100
201	-25.75	16.25	211	2650,100
201	-26.25	16.25	211	2650,100
201	-26.25	14.25	211	2650,100
201	-27.25	14.25	211	2650,100
201	-28.25	13.25	211	2650,100
201	-28.75	13.25	211	2650,100
201	-28.75	13.75	211	2650,100
201	-28.25	14.25	211	2650,100
201	-28.25	14.75	211	2650,100
201	-28.75	15.25	211	2650,100
201	-28.75	15.75	211	2650,100
201	-28.25	16.25	211	2650,100
201	-28.25	16.75	211	2650,100
201	-28.75	17.25	211	2650,100
54	-12.25	32.75	125	2650,100
54	-12.25	33.25	125	2650,100
54	-11.75	33.25	125	2650,100
54	-11.25	32.75	125	2650,100
54	-9.75	32.75	125	2650,100
54	-9.25	33.25	125	2650,100
54	-8.75	33.25	125	2650,100
54	-8.75	32.25	125	2650,100
54	-7.75	31.25	125	2650,100
54	-7.75	30.75	125	2650,100
54	-8.25	30.75	125	2650,100
54	-9.25	31.75	125	2650,100
54	-9.75	31.75	125	2650,100
54	-12.25	29.25	125	2650,100
54	-12.75	29.25	125	2650,100
54	-13.75	30.25	125	2650,100
54	-13.75	30.75	125	2650,100
54	-13.25	31.25	125	2650,100
54	-11.25	31.25	125	2650,100
54	-11.25	31.75	125	2650,100
54	-12.25	32.75	125	2650,100
452	-8.25	36.75	381	2650,100
452	-8.25	37.25	381	2650,100
452	-6.75	37.25	381	2650,100
452	-6.25	36.75	381	2650,100
452	-5.25	36.75	381	2650,100
452	-5.25	36.25	381	2650,100
452	-5.75	35.75	381	2650,100
452	-7.25	35.75	381	2650,100
452	-8.25	36.75	381	2650,100
41	1.75	45.75	118	2550,0
41	1.75	46.25	118	2550,0
41	2.25	46.75	118	2550,0
41	2.75	46.75	118	2550,0
41	2.75	45.75	118	2550,0
41	4.75	43.75	118	2550,0
41	4.75	43.25	118	2550,0
41	4.25	42.75	118	2550,0
41	3.25	42.75	118	2550,0
41	3.25	41.75	118	2550,0
41	2.75	41.25	118	2550,0
41	2.75	40.75	118	2550,0
41	3.75	39.75	118	2550,0
41	3.75	39.25	118	2550,0
41	2.75	38.25	118	2550,0
41	1.75	38.25	118	2550,0
41	1.25	37.75	118	2550,0
41	0.75	37.75	118	2550,0
41	0.75	38.75	118	2550,0
41	-0.25	38.75	118	2550,0
41	-1.25	39.75	118	2550,0
41	-1.25	40.25	118	2550,0
41	-0.25	41.25	118	2550,0
41	1.75	41.25	118	2550,0
41	2.25	41.75	118	2550,0
41	2.25	43.25	118	2550,0
41	1.75	43.25	118	2550,0
41	0.75	42.25	118	2550,0
41	0.25	42.25	118	2550,0
41	0.25	43.75	118	2550,0
41	1.25	43.75	118	2550,0
41	1.75	44.25	118	2550,0
41	2.75	44.25	118	2550,0
41	2.75	44.75	118	2550,0
41	1.75	45.75	118	2550,0
41	-45.25	43.75	118	2600,0
41	-45.25	44.25	118	2600,0
41	-44.75	44.75	118	2600,0
41	-43.25	44.75	118	2600,0
41	-43.25	44.25	118	2600,0
41	-43.75	43.75	118	2600,0
41	-43.75	43.25	118	2600,0
41	-43.25	43.25	118	2600,0
41	-42.75	43.75	118	2600,0
41	-42.25	43.75	118	2600,0
41	-41.25	42.75	118	2600,0
41	-41.25	42.25	118	2600,0
41	-41.75	42.25	118	2600,0
41	-42.25	42.75	118	2600,0
41	-42.75	42.75	118	2600,0
41	-43.25	42.25	118	2600,0
41	-44.75	42.25	118	2600,0
41	-44.75	43.25	118	2600,0
41	-45.25	43.75	118	2600,0
42	-3.75	37.25	118	2550,0
42	-3.75	37.75	118	2550,0
42	-3.25	37.75	118	2550,0
42	-2.25	36.75	118	2550,0
42	-2.25	36.25	118	2550,0
42	-2.75	36.25	118	2550,0
42	-3.75	37.25	118	2550,0
215	-10.75	32.25	220	2600,50
215	-10.75	32.75	220	2600,50
215	-10.25	32.75	220	2600,50
215	-9.75	32.25	220	2600,50
215	-9.25	32.25	220	2600,50
215	-8.75	32.75	220	2600,50
215	-8.25	32.75	220	2600,50
215	-8.25	32.25	220	2600,50
215	-9.75	30.75	220	2600,50
215	-10.25	30.75	220	2600,50
215	-10.25	31.75	220	2600,50
215	-10.75	32.25	220	2600,50
48	-37.75	48.75	120	2650,50
48	-37.75	48.25	120	2650,50
48	-37.25	48.25	120	2650,50
48	-37.25	48.75	120	2650,50
48	-37.75	48.75	120	2650,50
49	-37.25	46.75	120	2650,50
49	-37.25	47.25	120	2650,50
49	-35.75	48.75	120	2650,50
49	-34.25	48.75	120	2650,50
49	-33.25	47.75	120	2650,50
49	-33.25	47.25	120	2650,50
49	-34.25	47.25	120	2650,50
49	-34.25	45.75	120	2650,50
49	-32.25	45.75	120	2650,50
49	-32.25	45.25	120	2650,50
49	-33.75	43.75	120	2650,50
49	-34.25	43.75	120	2650,50
49	-35.25	44.75	120	2650,50
49	-37.25	44.75	120	2650,50
49	-37.25	45.25	120	2650,50
49	-36.75	45.75	120	2650,50
49	-36.75	46.25	120	2650,50
49	-37.25	46.75	120	2650,50
350	-3.25	37.75	310	2550,0
350	-3.25	38.25	310	2550,0
350	-2.75	38.25	310	2550,0
350	-2.75	37.75	310	2550,0
350	-3.25	37.75	310	2550,0
473	-8.25	32.75	4	2650,100
473	-8.25	33.25	4	2650,100
473	-7.75	33.75	4	2650,100
473	-7.25	33.75	4	2650,100
473	-6.75	33.25	4	2650,100
473	-6.75	32.25	4	2650,100
473	-5.25	32.25	4	2650,100
473	-5.25	33.25	4	2650,100
473	-3.75	33.25	4	2650,100
473	-2.75	32.25	4	2650,100
473	-1.25	32.25	4	2650,100
473	-1.25	33.25	4	2650,100
473	-0.25	33.25	4	2650,100
473	0.25	33.75	4	2650,100
473	1.25	33.75	4	2650,100
473	1.75	34.25	4	2650,100
473	2.25	34.25	4	2650,100
473	4.75	31.75	4	2650,100
473	4.75	31.25	4	2650,100
473	3.75	31.25	4	2650,100
473	3.25	30.75	4	2650,100
473	1.75	30.75	4	2650,100
473	0.75	31.75	4	2650,100
473	0.75	32.75	4	2650,100
473	0.25	32.75	4	2650,100
473	-0.25	32.25	4	2650,100
473	-0.25	31.25	4	2650,100
473	-1.25	30.25	4	2650,100
473	-1.25	29.75	4	2650,100
473	-0.75	29.75	4	2650,100
473	-0.25	30.25	4	2650,100
473	1.25	30.25	4	2650,100
473	1.25	29.25	4	2650,100
473	2.25	29.25	4	2650,100
473	3.25	28.25	4	2650,100
473	3.25	26.25	4	2650,100
473	3.75	25.75	4	2650,100
473	4.75	25.75	4	2650,100
473	4.75	22.25	4	2650,100
473	4.25	22.25	4	2650,100
473	2.25	24.25	4	2650,100
473	1.75	24.25	4	2650,100
473	0.75	23.25	4	2650,100
473	0.75	21.75	4	2650,100
473	1.25	21.75	4	2650,100
473	1.75	22.25	4	2650,100
473	3.25	22.25	4	2650,100
473	4.25	21.25	4	2650,100
473	4.25	20.75	4	2650,100
473	3.75	20.25	4	2650,100
473	3.75	19.75	4	2650,100
473	4.75	19.75	4	2650,100
473	4.75	19.25	4	2650,100
473	3.75	18.25	4	2650,100
473	3.75	17.75	4	2650,100
473	4.25	17.25	4	2650,100
473	4.25	16.75	4	2650,100
473	2.75	16.75	4	2650,100
473	2.75	18.25	4	2650,100
473	3.25	18.75	4	2650,100
473	3.25	19.25	4	2650,100
473	2.75	19.75	4	2650,100
473	2.75	20.75	4	2650,100
473	2.25	20.75	4	2650,100
473	1.75	20.25	4	2650,100
473	1.75	18.25	4	2650,100
473	1.25	18.25	4	2650,100
473	0.25	19.25	4	2650,100
473	-0.25	19.25	4	2650,100
473	-0.25	18.75	4	2650,100
473	0.75	17.75	4	2650,100
473	0.75	16.75	4	2650,100
473	1.75	16.75	4	2650,100
473	2.25	16.25	4	2650,100
473	2.25	15.75	4	2650,100
473	1.25	15.75	4	2650,100
473	1.25	15.25	4	2650,100
473	2.75	13.75	4	2650,100
473	4.25	13.75	4	2650,100
473	4.25	14.25	4	2650,100
473	3.75	14.75	4	2650,100
473	2.75	14.75	4	2650,100
473	2.75	15.25	4	2650,100
473	3.25	15.75	4	2650,100
473	4.75	15.75	4	2650,100
473	4.75	8.25	4	2650,100
473	3.75	8.25	4	2650,100
473	3.25	7.75	4	2650,100
473	2.75	7.75	4	2650,100
473	2.75	8.25	4	2650,100
473	4.25	9.75	4	2650,100
473	4.25	10.25	4	2650,100
473	3.25	10.25	4	2650,100
473	3.25	10.75	4	2650,100
473	3.75	11.25	4	2650,100
473	3.75	11.75	4	2650,100
473	3.25	12.25	4	2650,100
473	2.75	12.25	4	2650,100
473	2.25	11.75	4	2650,100
473	0.25	11.75	4	2650,100
473	-0.75	10.75	4	2650,100
473	-0.75	9.75	4	2650,100
473	-1.25	9.25	4	2650,100
473	-1.25	8.75	4	2650,100
473	-0.75	8.75	4	2650,100
473	-0.25	9.25	4	2650,100
473	0.75	9.25	4	2650,100
473	1.25	9.75	4	2650,100
473	1.75	9.75	4	2650,100
473	1.75	7.75	4	2650,100
473	2.25	7.25	4	2650,100
473	2.25	6.25	4	2650,100
473	3.25	6.25	4	2650,100
473	3.25	5.25	4	2650,100
473	3.75	4.75	4	2650,100
473	3.75	3.75	4	2650,100
473	4.75	2.75	4	2650,100
473	4.75	-0.75	4	2650,100
473	4.25	-1.25	4	2650,100
473	3.75	-1.25	4	2650,100
473	3.75	0.25	4	2650,100
473	4.25	0.75	4	2650,100
473	4.25	1.25	4	2650,100
473	3.25	2.25	4	2650,100
473	1.75	2.25	4	2650,100
473	1.25	1.75	4	2650,100
473	1.25	1.25	4	2650,100
473	2.25	1.25	4	2650,100
473	2.75	0.75	4	2650,100
473	2.75	0.25	4	2650,100
473	1.25	-1.25	4	2650,100
473	0.75	-1.25	4	2650,100
473	0.25	-0.75	4	2650,100
473	-0.25	-0.75	4	2650,100
473	-0.75	-1.25	4	2650,100
473	-1.25	-1.25	4	2650,100
473	-1.75	-0.75	4	2650,100
473	-3.25	-0.75	4	2650,100
473	-3.75	-1.25	4	2650,100
473	-9.25	-1.25	4	2650,100
473	-9.25	0.25	4	2650,100
473	-7.75	0.25	4	2650,100
473	-7.25	-0.25	4	2650,100
473	-5.75	-0.25	4	2650,100
473	-5.25	0.25	4	2650,100
473	-5.25	1.25	4	2650,100
473	-4.25	1.25	4	2650,100
473	-3.25	2.25	4	2650,100
473	-0.25	2.25	4	2650,100
473	0.75	3.25	4	2650,100
473	0.75	3.75	4	2650,100
473	0.25	4.25	4	2650,100
473	0.25	5.25	4	2650,100
473	-0.75	6.25	4	2650,100
473	-1.75	6.25	4	2650,100
473	-3.75	8.25	4	2650,100
473	-3.75	8.75	4	2650,100
473	-3.25	9.25	4	2650,100
473	-3.25	9.75	4	2650,100
473	-3.75	9.75	4	2650,100
473	-4.25	9.25	4	2650,100
473	-5.75	9.25	4	2650,100
473	-7.25	10.75	4	2650,100
473	-7.25	11.25	4	2650,100
473	-6.75	11.75	4	2650,100
473	-6.75	12.75	4	2650,100
473	-6.25	13.25	4	2650,100
473	-6.25	13.75	4	2650,100
473	-6.75	14.25	4	2650,100
473	-6.75	14.75	4	2650,100
473	-5.25	14.75	4	2650,100
473	-4.75	14.25	4	2650,100
473	-4.75	13.75	4	2650,100
473	-5.75	12.75	4	2650,100
473	-5.75	11.75	4	2650,100
473	-6.25	11.25	4	2650,100
473	-6.25	10.75	4	2650,100
473	-5.25	10.75	4	2650,100
473	-4.75	10.25	4	2650,100
473	-4.25	10.25	4	2650,100
473	-3.75	10.75	4	2650,100
473	-3.75	13.75	4	2650,100
473	-2.75	13.75	4	2650,100
473	-1.75	14.75	4	2650,100
473	-0.25	14.75	4	2650,100
473	-0.25	13.75	4	2650,100
473	0.25	13.75	4	2650,100
473	0.75	14.25	4	2650,100
473	0.75	15.75	4	2650,100
473	-0.25	16.75	4	2650,100
473	-0.25	17.75	4	2650,100
473	-1.25	18.75	4	2650,100
473	-2.25	18.75	4	2650,100
473	-3.25	19.75	4	2650,100
473	-3.75	19.75	4	2650,100
473	-4.25	19.25	4	2650,100
473	-4.25	18.75	4	2650,100
473	-3.25	17.75	4	2650,100
473	-3.25	17.25	4	2650,100
473	-3.75	16.75	4	2650,100
473	-4.25	16.75	4	2650,100
473	-4.75	17.25	4	2650,100
473	-4.75	18.25	4	2650,100
473	-5.75	18.25	4	2650,100
473	-5.75	19.25	4	2650,100
473	-6.25	19.25	4	2650,100
473	-6.75	18.75	4	2650,100
473	-7.25	18.75	4	2650,100
473	-7.25	19.75	4	2650,100
473	-8.25	20.75	4	2650,100
473	-8.75	20.75	4	2650,100
473	-9.25	20.25	4	2650,100
473	-9.75	20.25	4	2650,100
473	-9.75	21.75	4	2650,100
473	-8.75	22.75	4	2650,100
473	-8.75	23.25	4	2650,100
473	-9.25	23.75	4	2650,100
473	-9.25	24.25	4	2650,100
473	-8.75	24.75	4	2650,100
473	-8.25	24.75	4	2650,100
473	-8.25	23.75	4	2650,100
473	-7.25	22.75	4	2650,100
473	-6.75	22.75	4	2650,100
473	-6.75	23.75	4	2650,100
473	-6.25	23.75	4	2650,100
473	-5.75	23.25	4	2650,100
473	-5.25	23.25	4	2650,100
473	-4.75	23.75	4	2650,100
473	-2.75	23.75	4	2650,100
473	-2.25	24.25	4	2650,100
473	-1.25	24.25	4	2650,100
473	-1.25	24.75	4	2650,100
473	-2.25	25.75	4	2650,100
473	-4.25	25.75	4	2650,100
473	-4.75	26.25	4	2650,100
473	-4.75	27.25	4	2650,100
473	-5.25	27.75	4	2650,100
473	-6.25	27.75	4	2650,100
473	-6.25	29.75	4	2650,100
473	-6.75	30.25	4	2650,100
473	-6.75	31.25	4	2650,100
473	-8.25	32.75	4	2650,100
473	-45.25	28.75	4	2700,100
473	-45.25	29.25	4	2700,100
473	-44.25	29.25	4	2700,100
473	-43.75	29.75	4	2700,100
473	-43.25	29.75	4	2700,100
473	-33.75	20.25	4	2700,100
473	-33.75	18.75	4	2700,100
473	-34.25	18.75	4	2700,100
473	-35.75	20.25	4	2700,100
473	-36.25	20.25	4	2700,100
473	-37.25	19.25	4	2700,100
473	-39.25	19.25	4	2700,100
473	-39.75	18.75	4	2700,100
473	-39.75	18.25	4	2700,100
473	-39.25	17.75	4	2700,100
473	-39.25	17.25	4	2700,100
473	-39.75	16.75	4	2700,100
473	-39.75	16.25	4	2700,100
473	-37.75	16.25	4	2700,100
473	-37.25	15.75	4	2700,100
473	-36.75	15.75	4	2700,100
473	-36.75	16.75	4	2700,100
473	-36.25	17.25	4	2700,100
473	-36.25	17.75	4	2700,100
473	-36.75	18.25	4	2700,100
473	-36.75	18.75	4	2700,100
473	-36.25	19.25	4	2700,100
473	-35.75	19.25	4	2700,100
473	-35.25	18.75	4	2700,100
473	-35.25	17.75	4	2700,100
473	-34.25	17.75	4	2700,100
473	-34.25	17.25	4	2700,100
473	-34.75	16.75	4	2700,100
473	-34.75	16.25	4	2700,100
473	-33.75	16.25	4	2700,100
473	-32.25	14.75	4	2700,100
473	-31.75	14.75	4	2700,100
473	-31.75	15.25	4	2700,100
473	-32.25	15.75	4	2700,100
473	-32.25	16.25	4	2700,100
473	-31.75	16.75	4	2700,100
473	-31.75	17.25	4	2700,100
473	-32.75	17.25	4	2700,100
473	-32.75	18.75	4	2700,100
473	-32.25	18.75	4	2700,100
473	-19.25	5.75	4	2700,100
473	-19.25	5.25	4	2700,100
473	-20.25	5.25	4	2700,100
473	-21.25	4.25	4	2700,100
473	-22.75	4.25	4	2700,100
473	-22.75	4.75	4	2700,100
473	-22.25	5.25	4	2700,100
473	-22.25	5.75	4	2700,100
473	-24.75	5.75	4	2700,100
473	-25.25	5.25	4	2700,100
473	-25.25	4.75	4	2700,100
473	-24.25	4.75	4	2700,100
473	-23.75	4.25	4	2700,100
473	-23.75	3.75	4	2700,100
473	-25.25	3.75	4	2700,100
473	-25.75	4.25	4	2700,100
473	-26.25	4.25	4	2700,100
473	-26.25	0.25	4	2700,100
473	-26.75	0.25	4	2700,100
473	-27.25	0.75	4	2700,100
473	-27.75	0.75	4	2700,100
473	-28.25	0.25	4	2700,100
473	-28.75	0.25	4	2700,100
473	-29.25	0.75	4	2700,100
473	-29.25	1.25	4	2700,100
473	-28.75	1.75	4	2700,100
473	-28.75	2.75	4	2700,100
473	-27.75	2.75	4	2700,100
473	-27.75	3.25	4	2700,100
473	-28.25	3.75	4	2700,100
473	-28.25	4.75	4	2700,100
473	-28.75	4.75	4	2700,100
473	-29.25	4.25	4	2700,100
473	-29.25	3.25	4	2700,100
473	-29.75	3.25	4	2700,100
473	-30.25	3.75	4	2700,100
473	-30.25	4.25	4	2700,100
473	-29.75	4.75	4	2700,100
473	-29.75	5.25	4	2700,100
473	-30.25	5.25	4	2700,100
473	-31.25	4.25	4	2700,100
473	-31.25	3.75	4	2700,100
473	-30.25	2.75	4	2700,100
473	-30.25	1.25	4	2700,100
473	-30.75	0.75	4	2700,100
473	-31.75	0.75	4	2700,100
473	-31.75	0.25	4	2700,100
473	-30.75	-0.75	4	2700,100
473	-30.75	-1.25	4	2700,100
473	-31.25	-1.25	4	2700,100
473	-32.75	0.25	4	2700,100
473	-33.25	0.25	4	2700,100
473	-34.25	-0.75	4	2700,100
473	-35.25	-0.75	4	2700,100
473	-35.75	-1.25	4	2700,100
473	-45.25	-1.25	4	2700,100
473	-45.25	3.25	4	2700,100
473	-44.75	3.75	4	2700,100
473	-44.75	4.75	4	2700,100
473	-44.25	5.25	4	2700,100
473	-44.25	5.75	4	2700,100
473	-45.25	5.75	4	2700,100
473	-45.25	15.25	4	2700,100
473	-44.75	15.75	4	2700,100
473	-44.75	16.75	4	2700,100
473	-43.75	16.75	4	2700,100
473	-42.75	17.75	4	2700,100
473	-42.75	18.25	4	2700,100
473	-43.25	18.75	4	2700,100
473	-43.75	18.75	4	2700,100
473	-43.75	17.75	4	2700,100
473	-45.25	17.75	4	2700,100
473	-45.25	19.25	4	2700,100
473	-44.25	20.25	4	2700,100
473	-44.25	21.75	4	2700,100
473	-45.25	22.75	4	2700,100
473	-45.25	28.75	4	2700,100
473	-22.75	48.25	4	2650,50
473	-22.75	48.75	4	2650,50
473	-22.25	48.75	4	2650,50
473	-22.25	48.25	4	2650,50
473	-22.75	48.25	4	2650,50
473	2.25	8.25	4	2600,50
473	2.25	8.75	4	2600,50
473	2.75	8.75	4	2600,50
473	3.25	8.25	4	2600,50
473	3.25	7.25	4	2600,50
473	5.25	7.25	4	2600,50
473	5.25	0.75	4	2600,50
473	3.75	-0.75	4	2600,50
473	0.25	-0.75	4	2600,50
473	0.25	-0.25	4	2600,50
473	0.75	0.25	4	2600,50
473	0.75	0.75	4	2600,50
473	0.25	1.25	4	2600,50
473	0.25	1.75	4	2600,50
473	0.75	2.25	4	2600,50
473	0.75	4.25	4	2600,50
473	1.25	4.25	4	2600,50
473	1.75	3.75	4	2600,50
473	2.25	3.75	4	2600,50
473	2.25	4.75	4	2600,50
473	2.75	5.25	4	2600,50
473	2.75	6.75	4	2600,50
473	2.25	7.25	4	2600,50
473	2.25	8.25	4	2600,50
473	1.75	48.75	4	2600,0
473	1.75	49.25	4	2600,0
473	3.25	49.25	4	2600,0
473	3.75	48.75	4	2600,0
473	3.75	48.25	4	2600,0
473	3.25	47.75	4	2600,0
473	2.75	47.75	4	2600,0
473	1.75	48.75	4	2600,0
473	-45.25	47.75	4	2700,50
473	-45.25	48.25	4	2700,50
473	-44.75	48.75	4	2700,50
473	-35.25	48.75	4	2700,50
473	-35.25	47.25	4	2700,50
473	-35.75	46.75	4	2700,50
473	-35.75	45.75	4	2700,50
473	-36.25	45.25	4	2700,50
473	-36.25	41.75	4	2700,50
473	-35.75	41.25	4	2700,50
473	-35.25	41.25	4	2700,50
473	-34.75	41.75	4	2700,50
473	-32.75	41.75	4	2700,50
473	-31.75	42.75	4	2700,50
473	-31.25	42.75	4	2700,50
473	-31.25	42.25	4	2700,50
473	-31.75	41.75	4	2700,50
473	-31.75	39.75	4	2700,50
473	-32.25	39.75	4	2700,50
473	-32.75	40.25	4	2700,50
473	-33.25	40.25	4	2700,50
473	-33.25	39.75	4	2700,50
473	-32.25	38.75	4	2700,50
473	-32.25	38.25	4	2700,50
473	-32.75	37.75	4	2700,50
473	-33.75	37.75	4	2700,50
473	-33.75	37.25	4	2700,50
473	-33.25	36.75	4	2700,50
473	-33.25	36.25	4	2700,50
473	-33.75	35.75	4	2700,50
473	-33.75	34.25	4	2700,50
473	-32.75	34.25	4	2700,50
473	-32.75	32.75	4	2700,50
473	-33.75	32.75	4	2700,50
473	-34.25	32.25	4	2700,50
473	-34.25	31.25	4	2700,50
473	-35.25	31.25	4	2700,50
473	-35.25	30.25	4	2700,50
473	-39.25	26.25	4	2700,50
473	-39.75	26.25	4	2700,50
473	-40.25	26.75	4	2700,50
473	-41.25	26.75	4	2700,50
473	-41.25	28.75	4	2700,50
473	-41.75	28.75	4	2700,50
473	-42.75	27.75	4	2700,50
473	-43.25	27.75	4	2700,50
473	-43.75	28.25	4	2700,50
473	-44.75	28.25	4	2700,50
473	-45.25	28.75	4	2700,50
473	-45.25	33.25	4	2700,50
473	-44.25	34.25	4	2700,50
473	-43.75	34.25	4	2700,50
473	-43.75	33.75	4	2700,50
473	-44.75	32.75	4	2700,50
473	-44.75	32.25	4	2700,50
473	-43.75	32.25	4	2700,50
473	-42.75	31.25	4	2700,50
473	-42.75	30.25	4	2700,50
473	-42.25	29.75	4	2700,50
473	-41.75	29.75	4	2700,50
473	-41.75	31.25	4	2700,50
473	-43.25	32.75	4	2700,50
473	-43.25	33.25	4	2700,50
473	-42.25	34.25	4	2700,50
473	-40.25	34.25	4	2700,50
473	-39.75	34.75	4	2700,50
473	-39.75	35.75	4	2700,50
473	-39.25	36.25	4	2700,50
473	-37.25	36.25	4	2700,50
473	-37.25	38.25	4	2700,50
473	-36.75	38.75	4	2700,50
473	-36.75	39.25	4	2700,50
473	-37.75	39.25	4	2700,50
473	-37.75	39.75	4	2700,50
473	-36.75	40.75	4	2700,50
473	-36.75	41.25	4	2700,50
473	-37.25	41.75	4	2700,50
473	-37.25	42.75	4	2700,50
473	-37.75	42.75	4	2700,50
473	-39.25	41.25	4	2700,50
473	-39.75	41.25	4	2700,50
473	-39.75	41.75	4	2700,50
473	-38.25	43.25	4	2700,50
473	-38.25	44.25	4	2700,50
473	-37.25	45.25	4	2700,50
473	-37.25	45.75	4	2700,50
473	-38.75	45.75	4	2700,50
473	-39.25	45.25	4	2700,50
473	-39.75	45.25	4	2700,50
473	-40.25	45.75	4	2700,50
473	-40.75	45.75	4	2700,50
473	-40.75	45.25	4	2700,50
473	-39.75	44.25	4	2700,50
473	-39.75	43.75	4	2700,50
473	-40.25	43.25	4	2700,50
473	-40.25	42.25	4	2700,50
473	-40.75	42.25	4	2700,50
473	-41.75	43.25	4	2700,50
473	-41.75	43.75	4	2700,50
473	-41.25	44.25	4	2700,50
473	-41.25	44.75	4	2700,50
473	-41.75	44.75	4	2700,50
473	-42.25	44.25	4	2700,50
473	-42.75	44.25	4	2700,50
473	-43.25	44.75	4	2700,50
473	-43.25	45.75	4	2700,50
473	-44.25	45.75	4	2700,50
473	-44.25	46.75	4	2700,50
473	-45.25	46.75	4	2700,50
473	-45.25	47.75	4	2700,50
473	-42.75	48.25	4	2650,0
473	-42.75	48.75	4	2650,0
473	-42.25	49.25	4	2650,0
473	-41.75	49.25	4	2650,0
473	-41.75	48.75	4	2650,0
473	-42.25	48.25	4	2650,0
473	-42.75	48.25	4	2650,0
473	-45.25	44.75	4	2700,0
473	-45.25	45.25	4	2700,0
473	-43.75	45.25	4	2700,0
473	-43.25	44.75	4	2700,0
473	-42.75	44.75	4	2700,0
473	-42.75	45.75	4	2700,0
473	-41.25	45.75	4	2700,0
473	-40.75	45.25	4	2700,0
473	-40.25	45.25	4	2700,0
473	-40.25	46.25	4	2700,0
473	-39.75	46.75	4	2700,0
473	-39.25	46.75	4	2700,0
473	-39.25	45.75	4	2700,0
473	-38.75	45.75	4	2700,0
473	-38.25	46.25	4	2700,0
473	-37.75	46.25	4	2700,0
473	-37.75	45.75	4	2700,0
473	-38.75	44.75	4	2700,0
473	-39.75	44.75	4	2700,0
473	-40.25	44.25	4	2700,0
473	-40.25	43.75	4	2700,0
473	-39.25	43.75	4	2700,0
473	-38.75	43.25	4	2700,0
473	-37.75	43.25	4	2700,0
473	-37.25	42.75	4	2700,0
473	-37.25	42.25	4	2700,0
473	-37.75	41.75	4	2700,0
473	-37.75	41.25	4	2700,0
473	-37.25	41.25	4	2700,0
473	-35.75	42.75	4	2700,0
473	-35.75	43.75	4	2700,0
473	-34.75	43.75	4	2700,0
473	-34.75	45.25	4	2700,0
473	-35.25	45.25	4	2700,0
473	-36.25	44.25	4	2700,0
473	-36.75	44.25	4	2700,0
473	-36.75	45.25	4	2700,0
473	-37.25	45.75	4	2700,0
473	-37.25	46.25	4	2700,0
473	-36.75	46.25	4	2700,0
473	-36.25	45.75	4	2700,0
473	-35.75	45.75	4	2700,0
473	-35.75	46.75	4	2700,0
473	-31.25	46.75	4	2700,0
473	-30.25	45.75	4	2700,0
473	-29.25	45.75	4	2700,0
473	-28.75	45.25	4	2700,0
473	-27.75	45.25	4	2700,0
473	-27.25	44.75	4	2700,0
473	-26.25	44.75	4	2700,0
473	-26.25	43.25	4	2700,0
473	-26.75	42.75	4	2700,0
473	-26.75	42.25	4	2700,0
473	-23.25	38.75	4	2700,0
473	-23.25	38.25	4	2700,0
473	-23.75	38.25	4	2700,0
473	-24.75	39.25	4	2700,0
473	-25.25	39.25	4	2700,0
473	-25.25	37.75	4	2700,0
473	-24.75	37.25	4	2700,0
473	-24.75	36.75	4	2700,0
473	-25.75	35.75	4	2700,0
473	-26.25	35.75	4	2700,0
473	-26.25	36.75	4	2700,0
473	-27.25	36.75	4	2700,0
473	-27.25	37.25	4	2700,0
473	-26.75	37.75	4	2700,0
473	-26.75	38.25	4	2700,0
473	-28.25	38.25	4	2700,0
473	-28.75	37.75	4	2700,0
473	-28.75	35.25	4	2700,0
473	-27.75	35.25	4	2700,0
473	-26.25	33.75	4	2700,0
473	-26.25	33.25	4	2700,0
473	-26.75	32.75	4	2700,0
473	-26.75	31.75	4	2700,0
473	-27.25	31.75	4	2700,0
473	-28.25	32.75	4	2700,0
473	-29.75	32.75	4	2700,0
473	-29.75	31.75	4	2700,0
473	-30.75	31.75	4	2700,0
473	-30.75	31.25	4	2700,0
473	-29.75	30.25	4	2700,0
473	-29.75	29.75	4	2700,0
473	-30.25	29.75	4	2700,0
473	-30.75	30.25	4	2700,0
473	-31.25	30.25	4	2700,0
473	-31.25	29.25	4	2700,0
473	-31.75	29.25	4	2700,0
473	-32.25	29.75	4	2700,0
473	-32.25	30.75	4	2700,0
473	-33.25	31.75	4	2700,0
473	-33.75	31.75	4	2700,0
473	-34.25	31.25	4	2700,0
473	-35.75	31.25	4	2700,0
473	-36.25	31.75	4	2700,0
473	-36.75	31.75	4	2700,0
473	-38.25	30.25	4	2700,0
473	-38.25	29.25	4	2700,0
473	-39.25	29.25	4	2700,0
473	-40.25	28.25	4	2700,0
473	-40.25	27.75	4	2700,0
473	-38.75	27.75	4	2700,0
473	-38.25	28.25	4	2700,0
473	-37.75	28.25	4	2700,0
473	-37.75	27.25	4	2700,0
473	-36.75	26.25	4	2700,0
473	-36.25	26.25	4	2700,0
473	-36.25	27.25	4	2700,0
473	-35.25	28.25	4	2700,0
473	-35.25	29.25	4	2700,0
473	-34.75	29.75	4	2700,0
473	-34.25	29.75	4	2700,0
473	-34.25	28.75	4	2700,0
473	-33.75	28.75	4	2700,0
473	-33.25	29.25	4	2700,0
473	-32.75	29.25	4	2700,0
473	-32.25	28.75	4	2700,0
473	-32.25	27.75	4	2700,0
473	-31.25	26.75	4	2700,0
473	-31.25	26.25	4	2700,0
473	-32.75	26.25	4	2700,0
473	-32.75	27.25	4	2700,0
473	-33.25	27.25	4	2700,0
473	-34.75	25.75	4	2700,0
473	-34.75	23.75	4	2700,0
473	-35.75	22.75	4	2700,0
473	-36.75	22.75	4	2700,0
473	-37.25	22.25	4	2700,0
473	-37.75	22.25	4	2700,0
473	-38.75	23.25	4	2700,0
473	-39.25	23.25	4	2700,0
473	-39.25	21.25	4	2700,0
473	-40.25	20.25	4	2700,0
473	-41.25	20.25	4	2700,0
473	-42.25	19.25	4	2700,0
473	-42.75	19.25	4	2700,0
473	-43.25	19.75	4	2700,0
473	-43.75	19.75	4	2700,0
473	-43.75	18.75	4	2700,0
473	-44.25	18.75	4	2700,0
473	-45.25	19.75	4	2700,0
473	-45.25	27.25	4	2700,0
473	-44.25	27.25	4	2700,0
473	-43.25	28.25	4	2700,0
473	-43.25	30.25	4	2700,0
473	-42.75	30.75	4	2700,0
473	-41.75	30.75	4	2700,0
473	-41.75	32.25	4	2700,0
473	-42.25	32.75	4	2700,0
473	-42.25	33.25	4	2700,0
473	-41.75	33.75	4	2700,0
473	-41.75	34.75	4	2700,0
473	-41.25	35.25	4	2700,0
473	-39.75	35.25	4	2700,0
473	-38.75	34.25	4	2700,0
473	-38.75	33.25	4	2700,0
473	-38.25	32.75	4	2700,0
473	-36.75	32.75	4	2700,0
473	-36.75	33.75	4	2700,0
473	-36.25	34.25	4	2700,0
473	-34.25	34.25	4	2700,0
473	-33.75	34.75	4	2700,0
473	-33.75	35.25	4	2700,0
473	-34.25	35.75	4	2700,0
473	-35.75	35.75	4	2700,0
473	-37.25	34.25	4	2700,0
473	-37.75	34.25	4	2700,0
473	-39.75	36.25	4	2700,0
473	-39.75	36.75	4	2700,0
473	-39.25	37.25	4	2700,0
473	-39.25	38.25	4	2700,0
473	-38.75	38.75	4	2700,0
473	-38.75	39.25	4	2700,0
473	-39.25	39.75	4	2700,0
473	-39.75	39.75	4	2700,0
473	-39.75	38.75	4	2700,0
473	-40.75	37.75	4	2700,0
473	-41.75	37.75	4	2700,0
473	-42.25	37.25	4	2700,0
473	-42.75	37.25	4	2700,0
473	-42.75	37.75	4	2700,0
473	-42.25	38.25	4	2700,0
473	-42.25	38.75	4	2700,0
473	-42.75	38.75	4	2700,0
473	-43.25	38.25	4	2700,0
473	-43.75	38.25	4	2700,0
473	-44.75	39.25	4	2700,0
473	-44.75	40.25	4	2700,0
473	-45.25	40.75	4	2700,0
473	-45.25	44.75	4	2700,0
476	-27.75	7.25	4	2650,100
476	-27.75	7.75	4	2650,100
476	-25.25	7.75	4	2650,100
476	-24.75	7.25	4	2650,100
476	-23.25	7.25	4	2650,100
476	-22.75	7.75	4	2650,100
476	-22.75	8.25	4	2650,100
476	-23.75	8.25	4	2650,100
476	-23.75	8.75	4	2650,100
476	-22.75	9.75	4	2650,100
476	-21.25	9.75	4	2650,100
476	-21.25	9.25	4	2650,100
476	-21.75	8.75	4	2650,100
476	-21.75	8.25	4	2650,100
476	-20.75	8.25	4	2650,100
476	-20.75	7.75	4	2650,100
476	-21.75	6.75	4	2650,100
476	-21.75	6.25	4	2650,100
476	-21.25	6.25	4	2650,100
476	-20.75	6.75	4	2650,100
476	-19.75	6.75	4	2650,100
476	-19.25	7.25	4	2650,100
476	-18.75	7.25	4	2650,100
476	-18.75	6.25	4	2650,100
476	-18.25	5.75	4	2650,100
476	-18.25	5.25	4	2650,100
476	-19.75	3.75	4	2650,100
476	-19.75	3.25	4	2650,100
476	-19.25	2.75	4	2650,100
476	-18.75	2.75	4	2650,100
476	-18.75	3.75	4	2650,100
476	-17.75	3.75	4	2650,100
476	-16.75	4.75	4	2650,100
476	-16.75	5.75	4	2650,100
476	-15.25	5.75	4	2650,100
476	-15.25	4.25	4	2650,100
476	-16.25	4.25	4	2650,100
476	-16.25	3.75	4	2650,100
476	-15.75	3.25	4	2650,100
476	-15.25	3.25	4	2650,100
476	-14.75	3.75	4	2650,100
476	-14.25	3.75	4	2650,100
476	-14.25	2.25	4	2650,100
476	-16.25	2.25	4	2650,100
476	-16.75	1.75	4	2650,100
476	-17.25	1.75	4	2650,100
476	-17.75	2.25	4	2650,100
476	-18.25	2.25	4	2650,100
476	-18.75	1.75	4	2650,100
476	-18.75	1.25	4	2650,100
476	-17.75	1.25	4	2650,100
476	-16.75	0.25	4	2650,100
476	-15.75	0.25	4	2650,100
476	-14.75	-0.75	4	2650,100
476	-14.75	-1.25	4	2650,100
476	-22.25	-1.25	4	2650,100
476	-23.25	-0.25	4	2650,100
476	-23.25	0.25	4	2650,100
476	-22.75	0.75	4	2650,100
476	-22.75	3.25	4	2650,100
476	-23.25	3.25	4	2650,100
476	-23.75	2.75	4	2650,100
476	-24.25	2.75	4	2650,100
476	-24.25	3.25	4	2650,100
476	-23.75	3.75	4	2650,100
476	-23.75	4.25	4	2650,100
476	-24.25	4.75	4	2650,100
476	-25.75	4.75	4	2650,100
476	-25.75	4.25	4	2650,100
476	-25.25	3.75	4	2650,100
476	-25.25	3.25	4	2650,100
476	-25.75	3.25	4	2650,100
476	-26.75	4.25	4	2650,100
476	-26.75	4.75	4	2650,100
476	-26.25	5.25	4	2650,100
476	-26.25	5.75	4	2650,100
476	-26.75	5.75	4	2650,100
476	-28.25	4.25	4	2650,100
476	-28.75	4.25	4	2650,100
476	-28.75	5.75	4	2650,100
476	-27.75	5.75	4	2650,100
476	-27.75	7.25	4	2650,100
476	-41.25	14.75	4	2700,100
476	-41.25	15.25	4	2700,100
476	-40.75	15.25	4	2700,100
476	-39.25	13.75	4	2700,100
476	-38.25	13.75	4	2700,100
476	-38.25	12.25	4	2700,100
476	-38.75	11.75	4	2700,100
476	-38.75	11.25	4	2700,100
476	-37.75	11.25	4	2700,100
476	-37.25	10.75	4	2700,100
476	-37.25	9.75	4	2700,100
476	-36.75	9.25	4	2700,100
476	-36.75	8.75	4	2700,100
476	-37.25	8.75	4	2700,100
476	-38.25	9.75	4	2700,100
476	-38.75	9.75	4	2700,100
476	-39.75	8.75	4	2700,100
476	-39.75	7.75	4	2700,100
476	-40.75	7.75	4	2700,100
476	-41.25	7.25	4	2700,100
476	-41.75	7.25	4	2700,100
476	-41.75	8.25	4	2700,100
476	-42.25	8.75	4	2700,100
476	-42.25	10.25	4	2700,100
476	-40.25	10.25	4	2700,100
476	-39.75	10.75	4	2700,100
476	-39.75	11.25	4	2700,100
476	-40.25	11.75	4	2700,100
476	-40.25	12.25	4	2700,100
476	-39.25	12.25	4	2700,100
476	-39.25	12.75	4	2700,100
476	-41.25	14.75	4	2700,100
476	-21.75	48.75	4	2650,50
476	-21.75	48.25	4	2650,50
476	-21.25	48.25	4	2650,50
476	-21.25	48.75	4	2650,50
476	-21.75	48.75	4	2650,50
476	4.75	8.75	4	2600,50
476	4.75	9.25	4	2600,50
476	5.25	9.25	4	2600,50
476	5.25	8.75	4	2600,50
476	4.75	8.75	4	2600,50
476	-45.25	42.75	4	2700,50
476	-45.25	43.25	4	2700,50
476	-44.75	43.25	4	2700,50
476	-44.25	42.75	4	2700,50
476	-44.25	42.25	4	2700,50
476	-44.75	41.75	4	2700,50
476	-45.25	41.75	4	2700,50
476	-45.25	42.75	4	2700,50
476	-41.75	47.25	4	2650,0
476	-41.75	47.75	4	2650,0
476	-40.25	49.25	4	2650,0
476	-39.75	49.25	4	2650,0
476	-39.75	48.75	4	2650,0
476	-40.75	47.75	4	2650,0
476	-40.75	46.75	4	2650,0
476	-41.25	46.75	4	2650,0
476	-41.75	47.25	4	2650,0
476	-45.25	16.75	4	2700,0
476	-45.25	17.25	4	2700,0
476	-44.75	17.75	4	2700,0
476	-44.25	17.75	4	2700,0
476	-43.25	16.75	4	2700,0
476	-43.25	15.75	4	2700,0
476	-42.75	15.25	4	2700,0
476	-42.75	14.75	4	2700,0
476	-43.25	14.25	4	2700,0
476	-43.75	14.25	4	2700,0
476	-44.25	14.75	4	2700,0
476	-44.25	15.75	4	2700,0
476	-45.25	15.75	4	2700,0
476	-45.25	16.75	4	2700,0
477	4.25	28.25	4	2650,100
477	4.25	28.75	4	2650,100
477	4.75	28.75	4	2650,100
477	4.75	27.25	4	2650,100
477	4.25	27.25	4	2650,100
477	4.25	28.25	4	2650,100
477	-43.25	1.75	4	2700,100
477	-43.25	2.25	4	2700,100
477	-42.25	2.25	4	2700,100
477	-42.25	3.25	4	2700,100
477	-40.75	4.75	4	2700,100
477	-40.25	4.75	4	2700,100
477	-40.25	4.25	4	2700,100
477	-41.25	3.25	4	2700,100
477	-41.25	2.25	4	2700,100
477	-42.25	1.25	4	2700,100
477	-42.75	1.25	4	2700,100
477	-43.25	1.75	4	2700,100
477	-28.25	39.75	4	2650,50
477	-28.25	40.25	4	2650,50
477	-27.75	40.75	4	2650,50
477	-27.25	40.75	4	2650,50
477	-26.75	40.25	4	2650,50
477	-26.75	39.25	4	2650,50
477	-26.25	38.75	4	2650,50
477	-25.75	38.75	4	2650,50
477	-25.75	39.75	4	2650,50
477	-24.75	39.75	4	2650,50
477	-24.25	40.25	4	2650,50
477	-24.25	41.25	4	2650,50
477	-23.75	41.75	4	2650,50
477	-22.75	41.75	4	2650,50
477	-21.75	42.75	4	2650,50
477	-21.25	42.75	4	2650,50
477	-20.75	42.25	4	2650,50
477	-20.75	40.75	4	2650,50
477	-21.75	40.75	4	2650,50
477	-21.75	39.25	4	2650,50
477	-21.25	39.25	4	2650,50
477	-19.75	40.75	4	2650,50
477	-19.25	40.75	4	2650,50
477	-18.75	40.25	4	2650,50
477	-18.75	37.75	4	2650,50
477	-19.75	36.75	4	2650,50
477	-19.75	36.25	4	2650,50
477	-19.25	35.75	4	2650,50
477	-18.75	35.75	4	2650,50
477	-18.25	36.25	4	2650,50
477	-18.25	37.25	4	2650,50
477	-16.75	38.75	4	2650,50
477	-16.25	38.75	4	2650,50
477	-16.25	37.75	4	2650,50
477	-14.75	36.25	4	2650,50
477	-14.75	35.25	4	2650,50
477	-14.25	34.75	4	2650,50
477	-14.25	34.25	4	2650,50
477	-14.75	33.75	4	2650,50
477	-15.25	33.75	4	2650,50
477	-15.25	34.75	4	2650,50
477	-15.75	34.75	4	2650,50
477	-16.25	34.25	4	2650,50
477	-16.25	33.75	4	2650,50
477	-15.25	32.75	4	2650,50
477	-14.75	32.75	4	2650,50
477	-13.75	33.75	4	2650,50
477	-13.25	33.75	4	2650,50
477	-13.25	31.25	4	2650,50
477	-14.25	31.25	4	2650,50
477	-14.25	29.25	4	2650,50
477	-14.75	28.75	4	2650,50
477	-15.75	28.75	4	2650,50
477	-16.25	28.25	4	2650,50
477	-16.75	28.25	4	2650,50
477	-17.25	28.75	4	2650,50
477	-17.75	28.75	4	2650,50
477	-18.25	28.25	4	2650,50
477	-18.25	27.75	4	2650,50
477	-17.75	27.25	4	2650,50
477	-15.25	27.25	4	2650,50
477	-14.75	27.75	4	2650,50
477	-14.25	27.75	4	2650,50
477	-13.75	27.25	4	2650,50
477	-13.75	26.75	4	2650,50
477	-14.25	26.25	4	2650,50
477	-14.25	24.75	4	2650,50
477	-13.75	24.25	4	2650,50
477	-13.25	24.25	4	2650,50
477	-13.25	25.25	4	2650,50
477	-12.75	25.75	4	2650,50
477	-12.25	25.75	4	2650,50
477	-11.75	25.25	4	2650,50
477	-10.75	25.25	4	2650,50
477	-10.75	23.25	4	2650,50
477	-10.25	22.75	4	2650,50
477	-9.25	22.75	4	2650,50
477	-8.75	22.25	4	2650,50
477	-8.25	22.25	4	2650,50
477	-7.75	22.75	4	2650,50
477	-7.75	23.25	4	2650,50
477	-8.75	23.25	4	2650,50
477	-8.75	23.75	4	2650,50
477	-8.25	24.25	4	2650,50
477	-7.25	24.25	4	2650,50
477	-7.25	24.75	4	2650,50
477	-7.75	25.25	4	2650,50
477	-7.75	25.75	4	2650,50
477	-7.25	26.25	4	2650,50
477	-7.25	26.75	4	2650,50
477	-7.75	27.25	4	2650,50
477	-7.75	27.75	4	2650,50
477	-6.75	28.75	4	2650,50
477	-5.75	28.75	4	2650,50
477	-5.25	29.25	4	2650,50
477	-4.75	29.25	4	2650,50
477	-4.75	28.75	4	2650,50
477	-6.25	27.25	4	2650,50
477	-6.25	26.75	4	2650,50
477	-5.75	26.75	4	2650,50
477	-5.25	27.25	4	2650,50
477	-4.25	27.25	4	2650,50
477	-3.75	27.75	4	2650,50
477	-3.75	28.75	4	2650,50
477	-3.25	29.25	4	2650,50
477	-1.75	29.25	4	2650,50
477	-1.75	28.25	4	2650,50
477	-0.25	28.25	4	2650,50
477	-0.25	28.75	4	2650,50
477	-0.75	29.25	4	2650,50
477	-0.75	29.75	4	2650,50
477	1.25	29.75	4	2650,50
477	1.25	30.25	4	2650,50
477	-0.25	31.75	4	2650,50
477	-0.75	31.75	4	2650,50
477	-1.25	31.25	4	2650,50
477	-1.25	30.25	4	2650,50
477	-1.75	30.25	4	2650,50
477	-2.75	31.25	4	2650,50
477	-2.75	31.75	4	2650,50
477	-1.75	31.75	4	2650,50
477	-1.75	32.75	4	2650,50
477	-0.75	32.75	4	2650,50
477	0.75	34.25	4	2650,50
477	1.25	34.25	4	2650,50
477	1.75	33.75	4	2650,50
477	2.75	33.75	4	2650,50
477	2.75	32.75	4	2650,50
477	3.25	32.25	4	2650,50
477	3.75	32.25	4	2650,50
477	4.25	32.75	4	2650,50
477	4.25	33.75	4	2650,50
477	4.75	33.75	4	2650,50
477	4.75	28.25	4	2650,50
477	3.75	28.25	4	2650,50
477	3.75	26.75	4	2650,50
477	4.75	26.75	4	2650,50
477	4.75	25.25	4	2650,50
477	4.25	24.75	4	2650,50
477	4.25	23.25	4	2650,50
477	4.75	22.75	4	2650,50
477	4.75	21.25	4	2650,50
477	3.75	20.25	4	2650,50
477	2.25	20.25	4	2650,50
477	1.75	20.75	4	2650,50
477	1.75	21.25	4	2650,50
477	2.75	21.25	4	2650,50
477	3.25	21.75	4	2650,50
477	3.25	22.25	4	2650,50
477	1.25	22.25	4	2650,50
477	0.75	22.75	4	2650,50
477	0.75	23.75	4	2650,50
477	0.25	24.25	4	2650,50
477	-0.25	24.25	4	2650,50
477	-0.25	23.25	4	2650,50
477	-1.25	22.25	4	2650,50
477	-4.25	22.25	4	2650,50
477	-5.25	21.25	4	2650,50
477	-6.25	21.25	4	2650,50
477	-6.75	20.75	4	2650,50
477	-8.75	20.75	4	2650,50
477	-10.25	19.25	4	2650,50
477	-11.25	19.25	4	2650,50
477	-11.75	18.75	4	2650,50
477	-12.25	18.75	4	2650,50
477	-12.25	19.25	4	2650,50
477	-11.75	19.75	4	2650,50
477	-11.75	20.25	4	2650,50
477	-12.25	20.25	4	2650,50
477	-12.75	19.75	4	2650,50
477	-13.25	19.75	4	2650,50
477	-14.25	20.75	4	2650,50
477	-14.75	20.75	4	2650,50
477	-14.75	20.25	4	2650,50
477	-12.75	18.25	4	2650,50
477	-12.75	17.75	4	2650,50
477	-13.25	17.75	4	2650,50
477	-13.75	18.25	4	2650,50
477	-14.25	18.25	4	2650,50
477	-14.75	17.75	4	2650,50
477	-14.75	17.25	4	2650,50
477	-13.75	17.25	4	2650,50
477	-13.25	16.75	4	2650,50
477	-13.25	15.75	4	2650,50
477	-12.25	15.75	4	2650,50
477	-12.25	14.25	4	2650,50
477	-13.25	14.25	4	2650,50
477	-13.25	13.25	4	2650,50
477	-14.25	13.25	4	2650,50
477	-14.25	11.75	4	2650,50
477	-13.75	11.25	4	2650,50
477	-13.75	9.75	4	2650,50
477	-14.25	9.25	4	2650,50
477	-14.25	8.25	4	2650,50
477	-14.75	7.75	4	2650,50
477	-15.25	7.75	4	2650,50
477	-15.75	8.25	4	2650,50
477	-16.25	8.25	4	2650,50
477	-16.25	7.25	4	2650,50
477	-16.75	7.25	4	2650,50
477	-17.25	7.75	4	2650,50
477	-17.25	8.75	4	2650,50
477	-18.75	8.75	4	2650,50
477	-18.75	7.25	4	2650,50
477	-17.75	7.25	4	2650,50
477	-17.25	6.75	4	2650,50
477	-17.25	5.75	4	2650,50
477	-16.75	5.25	4	2650,50
477	-15.75	5.25	4	2650,50
477	-15.75	4.25	4	2650,50
477	-14.25	4.25	4	2650,50
477	-13.25	5.25	4	2650,50
477	-12.75	5.25	4	2650,50
477	-12.75	4.75	4	2650,50
477	-13.25	4.25	4	2650,50
477	-13.25	3.75	4	2650,50
477	-12.75	3.75	4	2650,50
477	-12.25	4.25	4	2650,50
477	-11.75	4.25	4	2650,50
477	-11.75	3.75	4	2650,50
477	-16.25	-0.75	4	2650,50
477	-19.75	-0.75	4	2650,50
477	-19.75	0.25	4	2650,50
477	-20.75	1.25	4	2650,50
477	-20.75	5.25	4	2650,50
477	-21.25	5.75	4	2650,50
477	-21.25	6.25	4	2650,50
477	-19.75	7.75	4	2650,50
477	-19.75	8.25	4	2650,50
477	-20.25	8.25	4	2650,50
477	-22.75	5.75	4	2650,50
477	-23.25	5.75	4	2650,50
477	-24.75	7.25	4	2650,50
477	-24.75	7.75	4	2650,50
477	-24.25	7.75	4	2650,50
477	-23.25	6.75	4	2650,50
477	-22.75	6.75	4	2650,50
477	-22.75	7.25	4	2650,50
477	-24.75	9.25	4	2650,50
477	-24.75	11.25	4	2650,50
477	-25.25	11.25	4	2650,50
477	-25.75	10.75	4	2650,50
477	-25.75	9.75	4	2650,50
477	-26.25	9.75	4	2650,50
477	-26.75	10.25	4	2650,50
477	-26.75	11.25	4	2650,50
477	-27.75	11.25	4	2650,50
477	-28.75	12.25	4	2650,50
477	-29.25	12.25	4	2650,50
477	-30.25	11.25	4	2650,50
477	-30.25	10.75	4	2650,50
477	-29.75	10.25	4	2650,50
477	-29.25	10.25	4	2650,50
477	-29.25	11.25	4	2650,50
477	-28.75	11.25	4	2650,50
477	-28.25	10.75	4	2650,50
477	-28.25	10.25	4	2650,50
477	-29.25	9.25	4	2650,50
477	-29.75	9.25	4	2650,50
477	-30.25	9.75	4	2650,50
477	-31.75	9.75	4	2650,50
477	-31.75	9.25	4	2650,50
477	-30.75	8.25	4	2650,50
477	-30.75	7.75	4	2650,50
477	-31.25	7.25	4	2650,50
477	-31.75	7.25	4	2650,50
477	-32.75	8.25	4	2650,50
477	-33.25	8.25	4	2650,50
477	-33.75	7.75	4	2650,50
477	-33.75	6.25	4	2650,50
477	-33.25	6.25	4	2650,50
477	-32.75	6.75	4	2650,50
477	-32.25	6.75	4	2650,50
477	-32.25	5.25	4	2650,50
477	-32.75	4.75	4	2650,50
477	-32.75	4.25	4	2650,50
477	-31.25	4.25	4	2650,50
477	-30.75	4.75	4	2650,50
477	-30.25	4.75	4	2650,50
477	-30.25	4.25	4	2650,50
477	-30.75	3.75	4	2650,50
477	-30.75	3.25	4	2650,50
477	-29.75	3.25	4	2650,50
477	-28.75	2.25	4	2650,50
477	-28.75	1.75	4	2650,50
477	-30.25	0.25	4	2650,50
477	-30.75	0.25	4	2650,50
477	-31.25	0.75	4	2650,50
477	-32.75	0.75	4	2650,50
477	-32.75	-0.25	4	2650,50
477	-33.25	-0.75	4	2650,50
477	-36.75	-0.75	4	2650,50
477	-36.75	-0.25	4	2650,50
477	-36.25	0.25	4	2650,50
477	-36.25	1.25	4	2650,50
477	-35.75	1.25	4	2650,50
477	-34.75	0.25	4	2650,50
477	-34.25	0.25	4	2650,50
477	-34.25	1.75	4	2650,50
477	-34.75	2.25	4	2650,50
477	-36.25	2.25	4	2650,50
477	-36.75	1.75	4	2650,50
477	-38.25	1.75	4	2650,50
477	-39.25	2.75	4	2650,50
477	-39.75	2.75	4	2650,50
477	-39.75	1.75	4	2650,50
477	-40.25	1.25	4	2650,50
477	-40.25	-0.75	4	2650,50
477	-42.75	-0.75	4	2650,50
477	-42.75	0.25	4	2650,50
477	-43.25	0.25	4	2650,50
477	-43.75	-0.25	4	2650,50
477	-44.25	-0.25	4	2650,50
477	-44.75	0.25	4	2650,50
477	-44.75	6.75	4	2650,50
477	-43.75	6.75	4	2650,50
477	-43.25	7.25	4	2650,50
477	-43.25	7.75	4	2650,50
477	-44.25	7.75	4	2650,50
477	-44.75	8.25	4	2650,50
477	-44.75	10.75	4	2650,50
477	-44.25	10.75	4	2650,50
477	-43.75	10.25	4	2650,50
477	-43.25	10.25	4	2650,50
477	-42.75	10.75	4	2650,50
477	-41.75	10.75	4	2650,50
477	-41.75	11.75	4	2650,50
477	-39.75	11.75	4	2650,50
477	-39.25	12.25	4	2650,50
477	-38.75	12.25	4	2650,50
477	-38.75	11.75	4	2650,50
477	-39.25	11.25	4	2650,50
477	-39.25	10.25	4	2650,50
477	-39.75	10.25	4	2650,50
477	-40.25	10.75	4	2650,50
477	-40.75	10.75	4	2650,50
477	-40.75	10.25	4	2650,50
477	-39.75	9.25	4	2650,50
477	-38.75	9.25	4	2650,50
477	-37.75	8.25	4	2650,50
477	-37.25	8.25	4	2650,50
477	-37.25	9.75	4	2650,50
477	-38.25	9.75	4	2650,50
477	-38.25	11.25	4	2650,50
477	-37.75	11.75	4	2650,50
477	-36.75	11.75	4	2650,50
477	-36.25	12.25	4	2650,50
477	-36.25	13.25	4	2650,50
477	-35.75	13.75	4	2650,50
477	-34.25	13.75	4	2650,50
477	-33.75	13.25	4	2650,50
477	-33.75	11.75	4	2650,50
477	-34.75	11.75	4	2650,50
477	-34.75	11.25	4	2650,50
477	-33.75	10.25	4	2650,50
477	-33.25	10.25	4	2650,50
477	-32.75	10.75	4	2650,50
477	-31.75	10.75	4	2650,50
477	-30.75	11.75	4	2650,50
477	-30.75	13.25	4	2650,50
477	-31.75	14.25	4	2650,50
477	-31.75	16.75	4	2650,50
477	-30.75	16.75	4	2650,50
477	-30.25	17.25	4	2650,50
477	-29.75	17.25	4	2650,50
477	-29.25	16.75	4	2650,50
477	-28.75	16.75	4	2650,50
477	-28.25	17.25	4	2650,50
477	-27.25	17.25	4	2650,50
477	-26.75	17.75	4	2650,50
477	-26.25	17.75	4	2650,50
477	-25.25	16.75	4	2650,50
477	-24.75	16.75	4	2650,50
477	-23.75	17.75	4	2650,50
477	-22.75	17.75	4	2650,50
477	-22.75	19.25	4	2650,50
477	-23.75	20.25	4	2650,50
477	-24.25	20.25	4	2650,50
477	-24.75	19.75	4	2650,50
477	-25.25	19.75	4	2650,50
477	-25.75	20.25	4	2650,50
477	-25.75	20.75	4	2650,50
477	-24.75	21.75	4	2650,50
477	-24.75	28.25	4	2650,50
477	-25.25	28.75	4	2650,50
477	-25.25	31.25	4	2650,50
477	-24.25	31.25	4	2650,50
477	-24.25	31.75	4	2650,50
477	-25.25	32.75	4	2650,50
477	-25.25	33.75	4	2650,50
477	-26.25	33.75	4	2650,50
477	-26.25	35.75	4	2650,50
477	-27.25	36.75	4	2650,50
477	-27.25	37.25	4	2650,50
477	-26.75	37.75	4	2650,50
477	-26.75	38.25	4	2650,50
477	-28.25	39.75	4	2650,50
477	-45.25	26.75	4	2700,50
477	-45.25	27.25	4	2700,50
477	-44.75	27.25	4	2700,50
477	-44.75	26.75	4	2700,50
477	-45.25	26.75	4	2700,50
477	-36.25	48.75	4	2650,0
477	-36.25	49.25	4	2650,0
477	-34.75	49.25	4	2650,0
477	-34.75	48.25	4	2650,0
477	-34.25	47.75	4	2650,0
477	-34.25	47.25	4	2650,0
477	-35.25	46.25	4	2650,0
477	-36.75	46.25	4	2650,0
477	-36.75	46.75	4	2650,0
477	-35.75	47.75	4	2650,0
477	-35.75	48.25	4	2650,0
477	-36.25	48.75	4	2650,0
478	-14.25	0.75	4	2650,100
478	-14.25	1.25	4	2650,100
478	-13.75	1.75	4	2650,100
478	-12.25	1.75	4	2650,100
478	-11.25	0.75	4	2650,100
478	-11.25	-0.25	4	2650,100
478	-10.75	-0.75	4	2650,100
478	-10.75	-1.25	4	2650,100
478	-14.25	-1.25	4	2650,100
478	-14.25	-0.75	4	2650,100
478	-13.75	-0.25	4	2650,100
478	-13.75	0.25	4	2650,100
478	-14.25	0.75	4	2650,100
478	-21.75	46.25	4	2650,50
478	-21.75	46.75	4	2650,50
478	-21.25	47.25	4	2650,50
478	-20.25	47.25	4	2650,50
478	-19.75	47.75	4	2650,50
478	-19.75	48.75	4	2650,50
478	-5.25	48.75	4	2650,50
478	-5.25	47.75	4	2650,50
478	-3.25	45.75	4	2650,50
478	-1.75	45.75	4	2650,50
478	-1.75	46.75	4	2650,50
478	-1.25	46.75	4	2650,50
478	-0.75	46.25	4	2650,50
478	-0.75	44.25	4	2650,50
478	-0.25	43.75	4	2650,50
478	-0.25	43.25	4	2650,50
478	-1.25	43.25	4	2650,50
478	-1.75	42.75	4	2650,50
478	-1.75	42.25	4	2650,50
478	-0.75	42.25	4	2650,50
478	-0.75	41.25	4	2650,50
478	0.75	41.25	4	2650,50
478	0.75	41.75	4	2650,50
478	0.25	42.25	4	2650,50
478	0.25	42.75	4	2650,50
478	1.75	44.25	4	2650,50
478	2.25	44.25	4	2650,50
478	2.25	43.75	4	2650,50
478	1.25	42.75	4	2650,50
478	1.25	42.25	4	2650,50
478	2.25	42.25	4	2650,50
478	3.25	41.25	4	2650,50
478	3.25	40.75	4	2650,50
478	2.25	40.75	4	2650,50
478	2.25	39.25	4	2650,50
478	2.75	39.25	4	2650,50
478	3.25	39.75	4	2650,50
478	3.75	39.75	4	2650,50
478	4.25	39.25	4	2650,50
478	4.25	38.75	4	2650,50
478	3.25	38.75	4	2650,50
478	2.25	37.75	4	2650,50
478	2.25	36.75	4	2650,50
478	1.75	36.25	4	2650,50
478	1.25	36.25	4	2650,50
478	1.25	39.25	4	2650,50
478	0.75	39.75	4	2650,50
478	0.25	39.75	4	2650,50
478	0.25	36.75	4	2650,50
478	-0.25	36.25	4	2650,50
478	-0.75	36.25	4	2650,50
478	-0.75	37.25	4	2650,50
478	-1.25	37.25	4	2650,50
478	-1.75	36.75	4	2650,50
478	-2.75	36.75	4	2650,50
478	-2.75	36.25	4	2650,50
478	-1.75	35.25	4	2650,50
478	-1.75	34.75	4	2650,50
478	-2.25	34.75	4	2650,50
478	-2.75	35.25	4	2650,50
478	-3.75	35.25	4	2650,50
478	-5.25	36.75	4	2650,50
478	-5.75	36.75	4	2650,50
478	-6.75	35.75	4	2650,50
478	-7.75	35.75	4	2650,50
478	-7.75	35.25	4	2650,50
478	-7.25	34.75	4	2650,50
478	-7.25	34.25	4	2650,50
478	-8.25	34.25	4	2650,50
478	-8.75	33.75	4	2650,50
478	-8.75	32.75	4	2650,50
478	-9.75	32.75	4	2650,50
478	-10.75	31.75	4	2650,50
478	-11.25	31.75	4	2650,50
478	-11.75	32.25	4	2650,50
478	-11.75	33.25	4	2650,50
478	-12.25	33.75	4	2650,50
478	-12.25	35.25	4	2650,50
478	-11.75	35.25	4	2650,50
478	-10.75	34.25	4	2650,50
478	-10.25	34.25	4	2650,50
478	-10.25	34.75	4	2650,50
478	-11.75	36.25	4	2650,50
478	-12.25	36.25	4	2650,50
478	-12.75	35.75	4	2650,50
478	-14.25	35.75	4	2650,50
478	-14.25	36.25	4	2650,50
478	-13.75	36.75	4	2650,50
478	-13.75	37.25	4	2650,50
478	-14.75	37.25	4	2650,50
478	-14.75	37.75	4	2650,50
478	-12.75	39.75	4	2650,50
478	-12.75	41.25	4	2650,50
478	-14.25	41.25	4	2650,50
478	-14.25	40.75	4	2650,50
478	-13.75	40.25	4	2650,50
478	-13.75	39.75	4	2650,50
478	-17.25	39.75	4	2650,50
478	-17.25	40.25	4	2650,50
478	-16.75	40.75	4	2650,50
478	-15.75	40.75	4	2650,50
478	-15.25	41.25	4	2650,50
478	-15.25	41.75	4	2650,50
478	-16.75	43.25	4	2650,50
478	-16.75	43.75	4	2650,50
478	-16.25	43.75	4	2650,50
478	-15.75	43.25	4	2650,50
478	-15.25	43.25	4	2650,50
478	-15.25	43.75	4	2650,50
478	-16.75	45.25	4	2650,50
478	-17.25	45.25	4	2650,50
478	-18.25	44.25	4	2650,50
478	-18.25	43.75	4	2650,50
478	-16.75	42.25	4	2650,50
478	-16.75	41.75	4	2650,50
478	-17.25	41.25	4	2650,50
478	-17.75	41.25	4	2650,50
478	-18.25	41.75	4	2650,50
478	-19.25	41.75	4	2650,50
478	-21.75	44.25	4	2650,50
478	-21.75	46.25	4	2650,50
478	-44.25	24.75	4	2700,50
478	-44.25	25.25	4	2700,50
478	-42.75	25.25	4	2700,50
478	-42.25	24.75	4	2700,50
478	-41.75	24.75	4	2700,50
478	-41.75	25.75	4	2700,50
478	-41.25	25.75	4	2700,50
478	-40.75	25.25	4	2700,50
478	-40.75	24.75	4	2700,50
478	-44.25	21.25	4	2700,50
478	-44.75	21.25	4	2700,50
478	-45.25	21.75	4	2700,50
478	-45.25	23.25	4	2700,50
478	-44.25	23.25	4	2700,50
478	-44.25	24.75	4	2700,50
478	-34.25	49.25	4	2650,0
478	-34.25	48.75	4	2650,0
478	-33.25	47.75	4	2650,0
478	-32.75	47.75	4	2650,0
478	-32.75	49.25	4	2650,0
478	-34.25	49.25	4	2650,0
479	-10.25	-0.75	4	2650,100
479	-10.25	-1.25	4	2650,100
479	-9.75	-1.25	4	2650,100
479	-9.75	-0.75	4	2650,100
479	-10.25	-0.75	4	2650,100
479	-25.75	36.25	4	2650,50
479	-25.75	36.75	4	2650,50
479	-24.75	36.75	4	2650,50
479	-24.25	37.25	4	2650,50
479	-23.75	37.25	4	2650,50
479	-23.25	36.75	4	2650,50
479	-23.25	36.25	4	2650,50
479	-24.25	36.25	4	2650,50
479	-24.25	35.75	4	2650,50
479	-23.75	35.25	4	2650,50
479	-22.75	35.25	4	2650,50
479	-22.75	34.25	4	2650,50
479	-22.25	34.25	4	2650,50
479	-21.75	34.75	4	2650,50
479	-21.25	34.75	4	2650,50
479	-21.25	34.25	4	2650,50
479	-21.75	33.75	4	2650,50
479	-21.75	33.25	4	2650,50
479	-20.75	33.25	4	2650,50
479	-20.25	32.75	4	2650,50
479	-20.25	30.75	4	2650,50
479	-19.75	30.25	4	2650,50
479	-19.75	29.75	4	2650,50
479	-20.25	29.25	4	2650,50
479	-20.75	29.25	4	2650,50
479	-21.75	30.25	4	2650,50
479	-21.75	31.25	4	2650,50
479	-22.75	31.25	4	2650,50
479	-23.75	32.25	4	2650,50
479	-23.75	33.25	4	2650,50
479	-25.75	35.25	4	2650,50
479	-25.75	36.25	4	2650,50
479	-42.75	18.25	4	2700,50
479	-42.75	18.75	4	2700,50
479	-41.75	19.75	4	2700,50
479	-40.75	19.75	4	2700,50
479	-40.25	20.25	4	2700,50
479	-40.25	21.25	4	2700,50
479	-39.25	22.25	4	2700,50
479	-38.75	22.25	4	2700,50
479	-38.75	21.75	4	2700,50
479	-39.25	21.25	4	2700,50
479	-39.25	20.25	4	2700,50
479	-39.75	19.75	4	2700,50
479	-39.75	19.25	4	2700,50
479	-38.25	17.75	4	2700,50
479	-37.25	17.75	4	2700,50
479	-37.25	16.25	4	2700,50
479	-38.75	14.75	4	2700,50
479	-39.25	14.75	4	2700,50
479	-39.25	15.75	4	2700,50
479	-40.25	15.75	4	2700,50
479	-40.25	16.75	4	2700,50
479	-41.25	16.75	4	2700,50
479	-42.75	18.25	4	2700,50
479	-23.75	48.25	4	2650,0
479	-23.75	48.75	4	2650,0
479	-23.25	49.25	4	2650,0
479	-22.75	49.25	4	2650,0
479	-21.75	48.25	4	2650,0
479	-20.25	48.25	4	2650,0
479	-20.25	49.25	4	2650,0
479	-18.75	49.25	4	2650,0
479	-18.25	48.75	4	2650,0
479	-18.25	47.25	4	2650,0
479	-21.25	44.25	4	2650,0
479	-21.75	44.25	4	2650,0
479	-22.75	45.25	4	2650,0
479	-22.75	46.25	4	2650,0
479	-23.25	46.75	4	2650,0
479	-23.25	47.75	4	2650,0
479	-23.75	48.25	4	2650,0
480	4.25	6.25	4	2650,100
480	4.25	6.75	4	2650,100
480	4.75	6.75	4	2650,100
480	4.75	5.25	4	2650,100
480	4.25	5.25	4	2650,100
480	4.25	6.25	4	2650,100
480	-5.75	43.25	4	2650,50
480	-5.75	43.75	4	2650,50
480	-5.25	43.75	4	2650,50
480	-4.25	42.75	4	2650,50
480	-2.25	42.75	4	2650,50
480	-2.25	42.25	4	2650,50
480	-2.75	41.75	4	2650,50
480	-2.75	40.75	4	2650,50
480	-3.25	40.25	4	2650,50
480	-3.25	39.75	4	2650,50
480	-1.25	39.75	4	2650,50
480	-0.75	39.25	4	2650,50
480	-0.75	38.75	4	2650,50
480	-1.75	37.75	4	2650,50
480	-2.25	37.75	4	2650,50
480	-3.25	38.75	4	2650,50
480	-4.25	38.75	4	2650,50
480	-4.75	39.25	4	2650,50
480	-5.25	39.25	4	2650,50
480	-5.25	38.75	4	2650,50
480	-4.75	38.25	4	2650,50
480	-4.75	37.75	4	2650,50
480	-5.25	37.75	4	2650,50
480	-6.25	38.75	4	2650,50
480	-7.25	38.75	4	2650,50
480	-7.75	39.25	4	2650,50
480	-7.75	39.75	4	2650,50
480	-6.75	40.75	4	2650,50
480	-5.75	40.75	4	2650,50
480	-5.25	41.25	4	2650,50
480	-5.25	41.75	4	2650,50
480	-5.75	42.25	4	2650,50
480	-5.75	43.25	4	2650,50
480	-37.75	23.25	4	2700,50
480	-37.75	23.75	4	2700,50
480	-33.75	27.75	4	2700,50
480	-33.25	27.75	4	2700,50
480	-32.75	27.25	4	2700,50
480	-31.75	27.25	4	2700,50
480	-30.75	26.25	4	2700,50
480	-30.75	25.25	4	2700,50
480	-30.25	25.25	4	2700,50
480	-29.75	25.75	4	2700,50
480	-29.25	25.75	4	2700,50
480	-28.75	25.25	4	2700,50
480	-28.75	24.25	4	2700,50
480	-27.75	23.25	4	2700,50
480	-27.75	22.75	4	2700,50
480	-28.25	22.25	4	2700,50
480	-28.25	21.75	4	2700,50
480	-27.75	21.25	4	2700,50
480	-27.75	20.75	4	2700,50
480	-28.25	20.75	4	2700,50
480	-28.75	21.25	4	2700,50
480	-30.25	21.25	4	2700,50
480	-30.25	20.75	4	2700,50
480	-29.75	20.25	4	2700,50
480	-29.75	18.75	4	2700,50
480	-30.25	18.75	4	2700,50
480	-31.25	19.75	4	2700,50
480	-32.25	19.75	4	2700,50
480	-32.25	20.25	4	2700,50
480	-31.75	20.75	4	2700,50
480	-31.75	21.25	4	2700,50
480	-32.25	21.25	4	2700,50
480	-32.75	20.75	4	2700,50
480	-33.25	20.75	4	2700,50
480	-33.25	21.25	4	2700,50
480	-31.75	22.75	4	2700,50
480	-31.25	22.75	4	2700,50
480	-31.25	21.75	4	2700,50
480	-30.75	21.75	4	2700,50
480	-30.25	22.25	4	2700,50
480	-30.25	23.75	4	2700,50
480	-31.25	24.75	4	2700,50
480	-31.75	24.75	4	2700,50
480	-31.75	23.75	4	2700,50
480	-33.75	21.75	4	2700,50
480	-34.25	21.75	4	2700,50
480	-34.75	22.25	4	2700,50
480	-35.25	22.25	4	2700,50
480	-35.75	21.75	4	2700,50
480	-36.75	21.75	4	2700,50
480	-37.25	21.25	4	2700,50
480	-37.75	21.25	4	2700,50
480	-38.25	21.75	4	2700,50
480	-38.25	22.25	4	2700,50
480	-37.75	22.75	4	2700,50
480	-37.75	23.25	4	2700,50
480	-18.75	42.25	4	2650,0
480	-18.75	42.75	4	2650,0
480	-18.25	43.25	4	2650,0
480	-17.75	43.25	4	2650,0
480	-17.75	42.75	4	2650,0
480	-18.25	42.25	4	2650,0
480	-18.75	42.25	4	2650,0
481	2.75	-1.25	4	2650,100
481	2.75	-0.75	4	2650,100
481	3.25	-0.75	4	2650,100
481	3.25	-1.25	4	2650,100
481	2.75	-1.25	4	2650,100
481	0.25	47.25	4	2650,50
481	0.25	47.75	4	2650,50
481	1.25	48.75	4	2650,50
481	1.75	48.75	4	2650,50
481	2.25	48.25	4	2650,50
481	2.75	48.25	4	2650,50
481	3.25	48.75	4	2650,50
481	4.75	48.75	4	2650,50
481	4.75	46.25	4	2650,50
481	4.25	45.75	4	2650,50
481	4.25	44.25	4	2650,50
481	4.75	43.75	4	2650,50
481	4.75	41.25	4	2650,50
481	4.25	40.75	4	2650,50
481	3.75	40.75	4	2650,50
481	3.75	42.25	4	2650,50
481	4.25	42.75	4	2650,50
481	4.25	43.25	4	2650,50
481	3.75	43.25	4	2650,50
481	3.25	42.75	4	2650,50
481	2.75	42.75	4	2650,50
481	2.75	43.25	4	2650,50
481	3.25	43.75	4	2650,50
481	3.25	45.25	4	2650,50
481	2.25	45.25	4	2650,50
481	1.75	45.75	4	2650,50
481	0.75	45.75	4	2650,50
481	0.75	46.75	4	2650,50
481	0.25	47.25	4	2650,50
481	-41.75	18.25	4	2700,50
481	-41.75	18.75	4	2700,50
481	-41.25	18.75	4	2700,50
481	-41.25	18.25	4	2700,50
481	-41.75	18.25	4	2700,50
481	-14.25	46.75	4	2650,0
481	-14.25	47.25	4	2650,0
481	-12.25	49.25	4	2650,0
481	-8.75	49.25	4	2650,0
481	-8.75	47.75	4	2650,0
481	-9.75	47.75	4	2650,0
481	-10.25	47.25	4	2650,0
481	-11.25	47.25	4	2650,0
481	-11.25	46.75	4	2650,0
481	-10.25	45.75	4	2650,0
481	-9.75	45.75	4	2650,0
481	-9.75	46.75	4	2650,0
481	-9.25	46.75	4	2650,0
481	-8.75	46.25	4	2650,0
481	-7.75	46.25	4	2650,0
481	-7.25	45.75	4	2650,0
481	-7.25	45.25	4	2650,0
481	-8.25	45.25	4	2650,0
481	-9.25	44.25	4	2650,0
481	-9.25	43.75	4	2650,0
481	-8.75	43.25	4	2650,0
481	-8.75	42.75	4	2650,0
481	-9.25	42.25	4	2650,0
481	-10.25	42.25	4	2650,0
481	-10.75	41.75	4	2650,0
481	-10.75	41.25	4	2650,0
481	-9.75	41.25	4	2650,0
481	-9.25	40.75	4	2650,0
481	-8.75	40.75	4	2650,0
481	-8.25	41.25	4	2650,0
481	-8.25	42.25	4	2650,0
481	-6.75	42.25	4	2650,0
481	-6.25	41.75	4	2650,0
481	-6.25	41.25	4	2650,0
481	-6.75	40.75	4	2650,0
481	-6.75	40.25	4	2650,0
481	-5.75	40.25	4	2650,0
481	-5.75	39.25	4	2650,0
481	-5.25	39.25	4	2650,0
481	-4.75	39.75	4	2650,0
481	-4.75	40.25	4	2650,0
481	-5.25	40.75	4	2650,0
481	-5.25	41.75	4	2650,0
481	-6.75	43.25	4	2650,0
481	-7.75	43.25	4	2650,0
481	-7.75	43.75	4	2650,0
481	-7.25	44.25	4	2650,0
481	-6.75	44.25	4	2650,0
481	-5.75	43.25	4	2650,0
481	-5.25	43.25	4	2650,0
481	-5.25	44.25	4	2650,0
481	-4.75	44.75	4	2650,0
481	-4.25	44.75	4	2650,0
481	-4.25	41.75	4	2650,0
481	-3.75	41.25	4	2650,0
481	-3.75	40.25	4	2650,0
481	-2.75	39.25	4	2650,0
481	-2.75	38.75	4	2650,0
481	-3.25	38.25	4	2650,0
481	-3.25	37.25	4	2650,0
481	-3.75	36.75	4	2650,0
481	-4.75	36.75	4	2650,0
481	-5.75	35.75	4	2650,0
481	-5.75	34.25	4	2650,0
481	-4.75	34.25	4	2650,0
481	-4.75	33.75	4	2650,0
481	-5.25	33.25	4	2650,0
481	-5.25	32.75	4	2650,0
481	-4.75	32.25	4	2650,0
481	-4.25	32.25	4	2650,0
481	-4.25	33.25	4	2650,0
481	-2.75	33.25	4	2650,0
481	-2.75	32.75	4	2650,0
481	-3.25	32.25	4	2650,0
481	-3.25	31.75	4	2650,0
481	-2.75	31.25	4	2650,0
481	-1.75	31.25	4	2650,0
481	-1.75	30.25	4	2650,0
481	-1.25	29.75	4	2650,0
481	-0.75	29.75	4	2650,0
481	-0.75	30.75	4	2650,0
481	0.25	30.75	4	2650,0
481	0.75	31.25	4	2650,0
481	0.75	32.25	4	2650,0
481	2.25	32.25	4	2650,0
481	2.75	31.75	4	2650,0
481	2.75	30.75	4	2650,0
481	3.25	30.25	4	2650,0
481	4.25	30.25	4	2650,0
481	4.75	29.75	4	2650,0
481	4.75	29.25	4	2650,0
481	3.75	29.25	4	2650,0
481	3.75	28.25	4	2650,0
481	2.75	28.25	4	2650,0
481	2.75	27.25	4	2650,0
481	0.75	25.25	4	2650,0
481	0.75	24.25	4	2650,0
481	0.25	23.75	4	2650,0
481	0.25	23.25	4	2650,0
481	1.25	22.25	4	2650,0
481	1.25	21.75	4	2650,0
481	0.25	21.75	4	2650,0
481	0.25	21.25	4	2650,0
481	0.75	20.75	4	2650,0
481	2.75	20.75	4	2650,0
481	3.25	20.25	4	2650,0
481	3.75	20.25	4	2650,0
481	3.75	22.25	4	2650,0
481	4.25	22.75	4	2650,0
481	4.25	23.75	4	2650,0
481	4.75	23.75	4	2650,0
481	4.75	15.25	4	2650,0
481	4.25	15.25	4	2650,0
481	3.75	15.75	4	2650,0
481	3.75	16.25	4	2650,0
481	4.25	16.75	4	2650,0
481	4.25	17.25	4	2650,0
481	3.25	18.25	4	2650,0
481	1.75	18.25	4	2650,0
481	1.25	17.75	4	2650,0
481	0.75	17.75	4	2650,0
481	0.75	18.25	4	2650,0
481	1.25	18.75	4	2650,0
481	1.25	19.25	4	2650,0
481	-0.25	20.75	4	2650,0
481	-1.25	20.75	4	2650,0
481	-1.25	21.25	4	2650,0
481	-0.25	22.25	4	2650,0
481	-0.25	22.75	4	2650,0
481	-1.75	24.25	4	2650,0
481	-1.75	24.75	4	2650,0
481	-0.75	24.75	4	2650,0
481	-0.75	25.75	4	2650,0
481	0.25	25.75	4	2650,0
481	0.75	26.25	4	2650,0
481	0.75	27.25	4	2650,0
481	1.25	27.75	4	2650,0
481	1.25	28.75	4	2650,0
481	1.75	29.25	4	2650,0
481	1.75	29.75	4	2650,0
481	1.25	30.25	4	2650,0
481	0.75	30.25	4	2650,0
481	0.25	29.75	4	2650,0
481	0.25	28.75	4	2650,0
481	-0.25	28.25	4	2650,0
481	-0.75	28.25	4	2650,0
481	-2.75	30.25	4	2650,0
481	-3.25	30.25	4	2650,0
481	-3.25	28.25	4	2650,0
481	-3.75	27.75	4	2650,0
481	-3.75	26.75	4	2650,0
481	-4.25	26.25	4	2650,0
481	-4.25	25.25	4	2650,0
481	-4.75	24.75	4	2650,0
481	-5.25	24.75	4	2650,0
481	-7.25	26.75	4	2650,0
481	-7.25	27.25	4	2650,0
481	-6.25	28.25	4	2650,0
481	-6.25	28.75	4	2650,0
481	-6.75	29.25	4	2650,0
481	-6.75	29.75	4	2650,0
481	-6.25	30.25	4	2650,0
481	-5.25	30.25	4	2650,0
481	-5.25	31.75	4	2650,0
481	-6.75	31.75	4	2650,0
481	-7.75	30.75	4	2650,0
481	-8.25	30.75	4	2650,0
481	-8.75	31.25	4	2650,0
481	-8.75	31.75	4	2650,0
481	-8.25	32.25	4	2650,0
481	-8.25	33.25	4	2650,0
481	-7.25	34.25	4	2650,0
481	-7.25	34.75	4	2650,0
481	-9.25	34.75	4	2650,0
481	-9.25	36.25	4	2650,0
481	-8.75	36.75	4	2650,0
481	-7.75	36.75	4	2650,0
481	-7.75	37.25	4	2650,0
481	-8.75	38.25	4	2650,0
481	-9.25	38.25	4	2650,0
481	-9.75	37.75	4	2650,0
481	-10.75	37.75	4	2650,0
481	-11.25	37.25	4	2650,0
481	-11.25	36.75	4	2650,0
481	-10.75	36.25	4	2650,0
481	-10.75	34.75	4	2650,0
481	-11.25	34.75	4	2650,0
481	-12.75	36.25	4	2650,0
481	-13.75	36.25	4	2650,0
481	-14.25	36.75	4	2650,0
481	-14.75	36.75	4	2650,0
481	-14.75	36.25	4	2650,0
481	-13.75	35.25	4	2650,0
481	-13.75	34.75	4	2650,0
481	-14.75	34.75	4	2650,0
481	-14.75	33.75	4	2650,0
481	-15.25	33.25	4	2650,0
481	-16.25	33.25	4	2650,0
481	-16.25	32.25	4	2650,0
481	-17.75	30.75	4	2650,0
481	-17.75	29.75	4	2650,0
481	-18.25	29.25	4	2650,0
481	-18.75	29.25	4	2650,0
481	-18.75	31.75	4	2650,0
481	-17.75	31.75	4	2650,0
481	-17.25	32.25	4	2650,0
481	-17.25	33.25	4	2650,0
481	-16.25	34.25	4	2650,0
481	-16.25	34.75	4	2650,0
481	-17.75	34.75	4	2650,0
481	-17.75	33.75	4	2650,0
481	-18.25	33.25	4	2650,0
481	-18.75	33.25	4	2650,0
481	-18.75	34.25	4	2650,0
481	-19.75	34.25	4	2650,0
481	-20.25	34.75	4	2650,0
481	-20.25	35.25	4	2650,0
481	-18.25	37.25	4	2650,0
481	-18.25	38.75	4	2650,0
481	-19.25	39.75	4	2650,0
481	-19.25	40.25	4	2650,0
481	-18.25	41.25	4	2650,0
481	-17.75	41.25	4	2650,0
481	-17.75	40.75	4	2650,0
481	-18.25	40.25	4	2650,0
481	-18.25	39.75	4	2650,0
481	-16.75	39.75	4	2650,0
481	-16.25	40.25	4	2650,0
481	-16.25	40.75	4	2650,0
481	-16.75	41.25	4	2650,0
481	-16.75	41.75	4	2650,0
481	-14.75	43.75	4	2650,0
481	-14.75	44.75	4	2650,0
481	-13.75	44.75	4	2650,0
481	-13.75	45.25	4	2650,0
481	-14.25	45.75	4	2650,0
481	-14.25	46.75	4	2650,0
505	-14.75	22.25	418	2650,100
505	-14.75	22.75	418	2650,100
505	-13.75	23.75	418	2650,100
505	-13.25	23.75	418	2650,100
505	-11.75	22.25	418	2650,100
505	-11.75	21.75	418	2650,100
505	-13.25	21.75	418	2650,100
505	-13.25	22.75	418	2650,100
505	-13.75	22.75	418	2650,100
505	-14.25	22.25	418	2650,100
505	-14.75	22.25	418	2650,100
559	-17.75	18.25	461	2650,100
559	-17.75	18.75	461	2650,100
559	-16.75	18.75	461	2650,100
559	-16.25	19.25	461	2650,100
559	-15.75	19.25	461	2650,100
559	-14.75	18.25	461	2650,100
559	-14.75	17.75	461	2650,100
559	-15.75	17.75	461	2650,100
559	-15.75	16.75	461	2650,100
559	-16.25	16.75	461	2650,100
559	-16.75	17.25	461	2650,100
559	-17.75	17.25	461	2650,100
559	-17.75	18.25	461	2650,100
137	-45.25	39.75	170	2600,0
137	-45.25	40.25	170	2600,0
137	-43.25	40.25	170	2600,0
137	-42.75	40.75	170	2600,0
137	-42.25	40.75	170	2600,0
137	-42.25	39.25	170	2600,0
137	-43.25	39.25	170	2600,0
137	-43.25	38.75	170	2600,0
137	-42.25	37.75	170	2600,0
137	-41.75	37.75	170	2600,0
137	-41.75	38.75	170	2600,0
137	-41.25	39.25	170	2600,0
137	-40.75	39.25	170	2600,0
137	-39.75	38.25	170	2600,0
137	-35.75	38.25	170	2600,0
137	-34.25	36.75	170	2600,0
137	-34.25	35.25	170	2600,0
137	-34.75	34.75	170	2600,0
137	-36.75	34.75	170	2600,0
137	-37.25	34.25	170	2600,0
137	-37.25	33.75	170	2600,0
137	-36.75	33.25	170	2600,0
137	-36.75	31.75	170	2600,0
137	-37.25	31.25	170	2600,0
137	-37.75	31.25	170	2600,0
137	-38.25	31.75	170	2600,0
137	-40.25	31.75	170	2600,0
137	-40.25	32.75	170	2600,0
137	-41.25	32.75	170	2600,0
137	-41.25	33.25	170	2600,0
137	-40.25	34.25	170	2600,0
137	-40.25	35.25	170	2600,0
137	-39.75	35.75	170	2600,0
137	-39.75	36.25	170	2600,0
137	-40.25	36.25	170	2600,0
137	-40.75	35.75	170	2600,0
137	-44.25	35.75	170	2600,0
137	-45.25	36.75	170	2600,0
137	-45.25	39.75	170	2600,0
137	3.25	37.25	170	2550,0
137	3.25	37.75	170	2550,0
137	4.25	38.75	170	2550,0
137	4.75	38.75	170	2550,0
137	4.75	37.25	170	2550,0
137	4.25	36.75	170	2550,0
137	4.25	35.75	170	2550,0
137	3.75	35.75	170	2550,0
137	3.25	36.25	170	2550,0
137	3.25	37.25	170	2550,0
339	1.75	35.75	308	2550,0
339	1.75	36.25	308	2550,0
339	2.25	36.25	308	2550,0
339	2.25	35.75	308	2550,0
339	1.75	35.75	308	2550,0
218	-31.75	2.25	223	2600,50
218	-31.75	2.75	223	2600,50
218	-31.25	2.75	223	2600,50
218	-30.25	1.75	223	2600,50
218	-29.75	1.75	223	2600,50
218	-28.75	2.75	223	2600,50
218	-28.75	4.75	223	2600,50
218	-28.25	4.75	223	2600,50
218	-26.75	3.25	223	2600,50
218	-26.25	3.25	223	2600,50
218	-25.75	3.75	223	2600,50
218	-25.25	3.75	223	2600,50
218	-24.75	3.25	223	2600,50
218	-24.25	3.25	223	2600,50
218	-23.75	3.75	223	2600,50
218	-23.25	3.75	223	2600,50
218	-23.25	2.25	223	2600,50
218	-24.25	2.25	223	2600,50
218	-25.75	0.75	223	2600,50
218	-25.75	0.25	223	2600,50
218	-25.25	-0.25	223	2600,50
218	-25.25	-0.75	223	2600,50
218	-25.75	-0.75	223	2600,50
218	-26.25	-0.25	223	2600,50
218	-26.75	-0.25	223	2600,50
218	-27.25	-0.75	223	2600,50
218	-27.75	-0.75	223	2600,50
218	-28.75	0.25	223	2600,50
218	-29.75	0.25	223	2600,50
218	-30.25	0.75	223	2600,50
218	-32.25	0.75	223	2600,50
218	-32.25	1.25	223	2600,50
218	-31.75	1.75	223	2600,50
218	-31.75	2.25	223	2600,50
218	-27.25	48.75	223	2600,0
218	-27.25	49.25	223	2600,0
218	-26.75	49.25	223	2600,0
218	-25.75	48.25	223	2600,0
218	-25.75	47.75	223	2600,0
218	-26.25	47.75	223	2600,0
218	-27.25	48.75	223	2600,0
651	-1.75	32.25	77	2600,50
651	-1.75	32.75	77	2600,50
651	-1.25	33.25	77	2600,50
651	-0.75	33.25	77	2600,50
651	-0.25	32.75	77	2600,50
651	-0.25	31.75	77	2600,50
651	0.75	31.75	77	2600,50
651	0.75	30.75	77	2600,50
651	1.25	30.75	77	2600,50
651	1.75	31.25	77	2600,50
651	2.25	31.25	77	2600,50
651	2.25	30.75	77	2600,50
651	1.75	30.25	77	2600,50
651	1.75	29.75	77	2600,50
651	2.25	29.25	77	2600,50
651	2.75	29.25	77	2600,50
651	3.25	29.75	77	2600,50
651	3.75	29.75	77	2600,50
651	3.75	29.25	77	2600,50
651	3.25	28.75	77	2600,50
651	3.25	28.25	77	2600,50
651	3.75	28.25	77	2600,50
651	4.75	29.25	77	2600,50
651	5.25	29.25	77	2600,50
651	5.25	22.75	77	2600,50
651	4.75	22.75	77	2600,50
651	3.75	23.75	77	2600,50
651	2.75	23.75	77	2600,50
651	2.25	24.25	77	2600,50
651	1.75	24.25	77	2600,50
651	1.25	23.75	77	2600,50
651	0.75	23.75	77	2600,50
651	0.75	24.75	77	2600,50
651	0.25	25.25	77	2600,50
651	-0.25	25.25	77	2600,50
651	-0.75	24.75	77	2600,50
651	-1.25	24.75	77	2600,50
651	-1.25	25.25	77	2600,50
651	-0.75	25.75	77	2600,50
651	-0.75	26.25	77	2600,50
651	-1.25	26.75	77	2600,50
651	-1.75	26.75	77	2600,50
651	-2.75	25.75	77	2600,50
651	-3.25	25.75	77	2600,50
651	-3.75	26.25	77	2600,50
651	-3.75	26.75	77	2600,50
651	-2.75	26.75	77	2600,50
651	-2.25	27.25	77	2600,50
651	-2.25	28.25	77	2600,50
651	-1.75	28.75	77	2600,50
651	-1.25	28.75	77	2600,50
651	-0.75	28.25	77	2600,50
651	0.25	28.25	77	2600,50
651	0.25	27.75	77	2600,50
651	-0.25	27.25	77	2600,50
651	-0.25	26.75	77	2600,50
651	1.25	26.75	77	2600,50
651	2.25	27.75	77	2600,50
651	2.25	28.25	77	2600,50
651	-1.75	32.25	77	2600,50
651	-44.75	28.25	77	2650,50
651	-44.75	28.75	77	2650,50
651	-44.25	29.25	77	2650,50
651	-43.75	29.25	77	2650,50
651	-43.75	28.25	77	2650,50
651	-42.25	28.25	77	2650,50
651	-41.75	28.75	77	2650,50
651	-41.75	29.75	77	2650,50
651	-39.25	29.75	77	2650,50
651	-38.75	29.25	77	2650,50
651	-38.25	29.25	77	2650,50
651	-37.75	29.75	77	2650,50
651	-33.25	29.75	77	2650,50
651	-33.25	29.25	77	2650,50
651	-33.75	28.75	77	2650,50
651	-34.75	28.75	77	2650,50
651	-35.25	28.25	77	2650,50
651	-35.25	27.75	77	2650,50
651	-34.25	26.75	77	2650,50
651	-33.75	26.75	77	2650,50
651	-33.75	27.75	77	2650,50
651	-32.75	27.75	77	2650,50
651	-32.75	28.75	77	2650,50
651	-31.75	28.75	77	2650,50
651	-31.75	29.25	77	2650,50
651	-32.25	29.75	77	2650,50
651	-32.25	30.25	77	2650,50
651	-31.75	30.75	77	2650,50
651	-30.25	30.75	77	2650,50
651	-29.75	30.25	77	2650,50
651	-28.75	30.25	77	2650,50
651	-28.25	29.75	77	2650,50
651	-28.25	28.75	77	2650,50
651	-26.25	26.75	77	2650,50
651	-26.25	26.25	77	2650,50
651	-26.75	25.75	77	2650,50
651	-27.25	25.75	77	2650,50
651	-27.75	26.25	77	2650,50
651	-27.75	27.25	77	2650,50
651	-28.25	27.25	77	2650,50
651	-29.75	25.75	77	2650,50
651	-30.75	25.75	77	2650,50
651	-31.75	24.75	77	2650,50
651	-32.25	24.75	77	2650,50
651	-32.75	25.25	77	2650,50
651	-33.25	25.25	77	2650,50
651	-33.25	24.25	77	2650,50
651	-33.75	24.25	77	2650,50
651	-35.25	25.75	77	2650,50
651	-35.25	26.75	77	2650,50
651	-35.75	27.25	77	2650,50
651	-36.25	27.25	77	2650,50
651	-36.75	26.75	77	2650,50
651	-37.75	26.75	77	2650,50
651	-38.25	26.25	77	2650,50
651	-38.25	24.75	77	2650,50
651	-35.25	21.75	77	2650,50
651	-32.25	21.75	77	2650,50
651	-31.75	21.25	77	2650,50
651	-28.75	21.25	77	2650,50
651	-28.75	18.75	77	2650,50
651	-29.75	17.75	77	2650,50
651	-30.25	17.75	77	2650,50
651	-31.25	18.75	77	2650,50
651	-32.25	18.75	77	2650,50
651	-32.25	19.75	77	2650,50
651	-33.25	20.75	77	2650,50
651	-33.75	20.75	77	2650,50
651	-35.25	19.25	77	2650,50
651	-36.75	19.25	77	2650,50
651	-36.75	21.25	77	2650,50
651	-37.25	21.75	77	2650,50
651	-37.25	22.75	77	2650,50
651	-39.25	24.75	77	2650,50
651	-39.75	24.75	77	2650,50
651	-39.75	24.25	77	2650,50
651	-39.25	23.75	77	2650,50
651	-39.25	23.25	77	2650,50
651	-39.75	22.75	77	2650,50
651	-40.25	22.75	77	2650,50
651	-40.25	23.75	77	2650,50
651	-41.75	23.75	77	2650,50
651	-42.25	23.25	77	2650,50
651	-42.25	22.75	77	2650,50
651	-41.25	21.75	77	2650,50
651	-41.25	21.25	77	2650,50
651	-41.75	21.25	77	2650,50
651	-43.25	22.75	77	2650,50
651	-43.75	22.75	77	2650,50
651	-43.75	22.25	77	2650,50
651	-41.75	20.25	77	2650,50
651	-41.75	19.75	77	2650,50
651	-42.75	18.75	77	2650,50
651	-43.75	18.75	77	2650,50
651	-44.25	18.25	77	2650,50
651	-44.75	18.25	77	2650,50
651	-44.75	28.25	77	2650,50
652	-0.25	21.75	77	2600,50
652	-0.25	22.25	77	2600,50
652	1.25	22.25	77	2600,50
652	1.75	21.75	77	2600,50
652	2.75	21.75	77	2600,50
652	2.75	20.75	77	2600,50
652	3.25	20.75	77	2600,50
652	3.75	21.25	77	2600,50
652	3.75	22.25	77	2600,50
652	4.25	22.25	77	2600,50
652	5.25	21.25	77	2600,50
652	5.25	18.75	77	2600,50
652	4.25	17.75	77	2600,50
652	3.75	17.75	77	2600,50
652	3.25	18.25	77	2600,50
652	2.25	18.25	77	2600,50
652	1.75	18.75	77	2600,50
652	1.75	19.75	77	2600,50
652	0.75	19.75	77	2600,50
652	-0.25	20.75	77	2600,50
652	-0.25	21.75	77	2600,50
613	0.25	33.25	57	2550,0
613	0.25	33.75	57	2550,0
613	0.75	33.75	57	2550,0
613	1.75	32.75	57	2550,0
613	1.75	32.25	57	2550,0
613	1.25	32.25	57	2550,0
613	0.25	33.25	57	2550,0
613	-45.25	34.75	57	2600,0
613	-45.25	35.25	57	2600,0
613	-44.75	35.25	57	2600,0
613	-44.25	34.75	57	2600,0
613	-43.75	34.75	57	2600,0
613	-43.25	35.25	57	2600,0
613	-42.75	35.25	57	2600,0
613	-41.75	34.25	57	2600,0
613	-41.75	33.75	57	2600,0
613	-42.25	33.75	57	2600,0
613	-42.75	34.25	57	2600,0
613	-43.25	34.25	57	2600,0
613	-43.25	33.75	57	2600,0
613	-42.75	33.25	57	2600,0
613	-42.75	32.75	57	2600,0
613	-43.25	32.25	57	2600,0
613	-43.75	32.25	57	2600,0
613	-45.25	33.75	57	2600,0
613	-45.25	34.75	57	2600,0
614	3.75	34.75	57	2550,0
614	3.75	35.25	57	2550,0
614	4.25	35.25	57	2550,0
614	4.75	34.75	57	2550,0
614	4.75	34.25	57	2550,0
614	4.25	34.25	57	2550,0
614	3.75	34.75	57	2550,0
615	1.25	30.25	57	2550,0
615	1.25	30.75	57	2550,0
615	2.25	31.75	57	2550,0
615	2.75	31.75	57	2550,0
615	3.75	30.75	57	2550,0
615	3.75	30.25	57	2550,0
615	3.25	29.75	57	2550,0
615	1.75	29.75	57	2550,0
615	1.25	30.25	57	2550,0
580	-36.25	46.75	478	2600,0
580	-36.25	47.25	478	2600,0
580	-35.75	47.25	478	2600,0
580	-34.75	46.25	478	2600,0
580	-33.25	46.25	478	2600,0
580	-33.25	47.25	478	2600,0
580	-32.75	47.25	478	2600,0
580	-32.25	46.75	478	2600,0
580	-32.25	46.25	478	2600,0
580	-32.75	45.75	478	2600,0
580	-32.75	44.75	478	2600,0
580	-33.25	44.75	478	2600,0
580	-33.75	45.25	478	2600,0
580	-34.25	45.25	478	2600,0
580	-34.25	43.25	478	2600,0
580	-34.75	42.75	478	2600,0
580	-35.25	42.75	478	2600,0
580	-35.25	43.75	478	2600,0
580	-35.75	43.75	478	2600,0
580	-36.25	43.25	478	2600,0
580	-36.75	43.25	478	2600,0
580	-36.75	44.75	478	2600,0
580	-35.75	44.75	478	2600,0
580	-35.75	46.25	478	2600,0
580	-36.25	46.75	478	2600,0
554	4.25	36.25	458	2550,0
554	4.25	36.75	458	2550,0
554	4.75	36.75	458	2550,0
554	4.75	35.25	458	2550,0
554	4.25	35.25	458	2550,0
554	4.25	36.25	458	2550,0
554	-45.25	35.75	458	2600,0
554	-45.25	36.25	458	2600,0
554	-44.75	36.25	458	2600,0
554	-44.25	35.75	458	2600,0
554	-43.25	35.75	458	2600,0
554	-43.25	35.25	458	2600,0
554	-43.75	34.75	458	2600,0
554	-44.25	34.75	458	2600,0
554	-45.25	35.75	458	2600,0
341	-31.75	0.25	31	2600,50
341	-31.75	0.75	31	2600,50
341	-30.25	0.75	31	2600,50
341	-29.75	0.25	31	2600,50
341	-28.75	0.25	31	2600,50
341	-28.25	-0.25	31	2600,50
341	-28.25	-0.75	31	2600,50
341	-30.75	-0.75	31	2600,50
341	-31.75	0.25	31	2600,50
341	-31.25	48.75	31	2600,0
341	-31.25	49.25	31	2600,0
341	-27.75	49.25	31	2600,0
341	-26.25	47.75	31	2600,0
341	-25.75	47.75	31	2600,0
341	-25.75	48.25	31	2600,0
341	-26.25	48.75	31	2600,0
341	-26.25	49.25	31	2600,0
341	-16.75	49.25	31	2600,0
341	-16.75	48.75	31	2600,0
341	-18.25	47.25	31	2600,0
341	-19.75	47.25	31	2600,0
341	-20.75	48.25	31	2600,0
341	-21.25	48.25	31	2600,0
341	-21.25	47.75	31	2600,0
341	-20.75	47.25	31	2600,0
341	-20.75	46.25	31	2600,0
341	-19.75	46.25	31	2600,0
341	-19.75	45.25	31	2600,0
341	-19.25	45.25	31	2600,0
341	-17.75	46.75	31	2600,0
341	-17.25	46.75	31	2600,0
341	-17.25	45.25	31	2600,0
341	-17.75	44.75	31	2600,0
341	-17.75	44.25	31	2600,0
341	-16.75	44.25	31	2600,0
341	-16.25	43.75	31	2600,0
341	-15.75	43.75	31	2600,0
341	-15.75	44.25	31	2600,0
341	-16.25	44.75	31	2600,0
341	-16.25	45.25	31	2600,0
341	-15.75	45.25	31	2600,0
341	-14.25	43.75	31	2600,0
341	-12.75	43.75	31	2600,0
341	-11.75	44.75	31	2600,0
341	-11.75	45.25	31	2600,0
341	-12.25	45.25	31	2600,0
341	-12.75	44.75	31	2600,0
341	-14.25	44.75	31	2600,0
341	-14.25	45.25	31	2600,0
341	-13.75	45.75	31	2600,0
341	-12.75	45.75	31	2600,0
341	-12.75	46.25	31	2600,0
341	-13.25	46.75	31	2600,0
341	-14.25	46.75	31	2600,0
341	-14.25	47.25	31	2600,0
341	-13.75	47.75	31	2600,0
341	-13.75	48.25	31	2600,0
341	-14.25	48.75	31	2600,0
341	-14.25	49.25	31	2600,0
341	-13.75	49.25	31	2600,0
341	-13.25	48.75	31	2600,0
341	-12.75	48.75	31	2600,0
341	-12.25	49.25	31	2600,0
341	-8.75	49.25	31	2600,0
341	-8.75	48.25	31	2600,0
341	-8.25	47.75	31	2600,0
341	-7.75	47.75	31	2600,0
341	-7.25	48.25	31	2600,0
341	-7.25	49.25	31	2600,0
341	-3.75	49.25	31	2600,0
341	-3.75	48.25	31	2600,0
341	-2.25	48.25	31	2600,0
341	-1.25	49.25	31	2600,0
341	-0.75	49.25	31	2600,0
341	-0.75	48.25	31	2600,0
341	-0.25	47.75	31	2600,0
341	0.75	47.75	31	2600,0
341	0.75	46.25	31	2600,0
341	-0.25	46.25	31	2600,0
341	-0.25	45.75	31	2600,0
341	0.75	44.75	31	2600,0
341	0.75	43.75	31	2600,0
341	1.75	42.75	31	2600,0
341	2.25	42.75	31	2600,0
341	2.25	43.25	31	2600,0
341	1.75	43.75	31	2600,0
341	1.75	45.25	31	2600,0
341	3.25	45.25	31	2600,0
341	3.25	44.25	31	2600,0
341	3.75	43.75	31	2600,0
341	4.25	43.75	31	2600,0
341	4.75	44.25	31	2600,0
341	5.25	44.25	31	2600,0
341	5.25	40.75	31	2600,0
341	4.25	40.75	31	2600,0
341	2.75	39.25	31	2600,0
341	2.25	39.25	31	2600,0
341	2.25	39.75	31	2600,0
341	2.75	40.25	31	2600,0
341	2.75	40.75	31	2600,0
341	0.25	43.25	31	2600,0
341	-0.25	43.25	31	2600,0
341	-0.75	42.75	31	2600,0
341	-0.75	41.75	31	2600,0
341	-1.25	41.25	31	2600,0
341	-1.25	40.75	31	2600,0
341	-0.25	40.75	31	2600,0
341	0.25	40.25	31	2600,0
341	1.25	40.25	31	2600,0
341	1.25	38.75	31	2600,0
341	0.25	37.75	31	2600,0
341	0.25	37.25	31	2600,0
341	0.75	36.75	31	2600,0
341	1.25	36.75	31	2600,0
341	1.75	37.25	31	2600,0
341	2.25	37.25	31	2600,0
341	2.75	36.75	31	2600,0
341	4.75	36.75	31	2600,0
341	5.25	36.25	31	2600,0
341	5.25	27.75	31	2600,0
341	4.75	27.75	31	2600,0
341	4.75	28.75	31	2600,0
341	4.25	29.25	31	2600,0
341	3.75	29.25	31	2600,0
341	3.75	28.25	31	2600,0
341	3.25	27.75	31	2600,0
341	2.75	27.75	31	2600,0
341	2.75	28.75	31	2600,0
341	1.75	29.75	31	2600,0
341	1.75	30.75	31	2600,0
341	1.25	30.75	31	2600,0
341	0.25	29.75	31	2600,0
341	-0.25	29.75	31	2600,0
341	-0.25	30.25	31	2600,0
341	0.25	30.75	31	2600,0
341	0.25	31.25	31	2600,0
341	-0.75	32.25	31	2600,0
341	-1.25	32.25	31	2600,0
341	-1.25	31.75	31	2600,0
341	-0.75	31.25	31	2600,0
341	-0.75	30.75	31	2600,0
341	-1.25	30.25	31	2600,0
341	-1.25	29.25	31	2600,0
341	-1.75	28.75	31	2600,0
341	-1.75	28.25	31	2600,0
341	-1.25	28.25	31	2600,0
341	-0.75	28.75	31	2600,0
341	0.25	28.75	31	2600,0
341	0.75	29.25	31	2600,0
341	1.25	29.25	31	2600,0
341	1.75	28.75	31	2600,0
341	1.75	28.25	31	2600,0
341	0.75	28.25	31	2600,0
341	-0.25	27.25	31	2600,0
341	-0.25	26.75	31	2600,0
341	1.75	26.75	31	2600,0
341	1.75	26.25	31	2600,0
341	1.25	25.75	31	2600,0
341	1.25	25.25	31	2600,0
341	1.75	24.75	31	2600,0
341	1.75	22.75	31	2600,0
341	2.25	22.75	31	2600,0
341	2.75	23.25	31	2600,0
341	2.75	24.25	31	2600,0
341	3.25	24.25	31	2600,0
341	3.75	23.75	31	2600,0
341	3.75	22.25	31	2600,0
341	2.75	22.25	31	2600,0
341	2.75	21.25	31	2600,0
341	2.25	20.75	31	2600,0
341	1.75	20.75	31	2600,0
341	0.75	21.75	31	2600,0
341	-0.25	21.75	31	2600,0
341	-0.75	22.25	31	2600,0
341	-1.25	22.25	31	2600,0
341	-1.75	21.75	31	2600,0
341	-1.75	21.25	31	2600,0
341	-0.75	21.25	31	2600,0
341	-0.25	20.75	31	2600,0
341	-0.25	19.25	31	2600,0
341	-1.75	17.75	31	2600,0
341	-1.75	17.25	31	2600,0
341	-1.25	16.75	31	2600,0
341	-1.25	15.75	31	2600,0
341	-0.75	15.25	31	2600,0
341	-0.75	14.75	31	2600,0
341	-2.75	12.75	31	2600,0
341	-3.25	12.75	31	2600,0
341	-3.25	13.25	31	2600,0
341	-2.75	13.75	31	2600,0
341	-2.75	14.25	31	2600,0
341	-3.25	14.75	31	2600,0
341	-3.25	15.75	31	2600,0
341	-4.25	16.75	31	2600,0
341	-4.25	17.25	31	2600,0
341	-3.75	17.25	31	2600,0
341	-3.25	16.75	31	2600,0
341	-2.75	16.75	31	2600,0
341	-2.75	18.25	31	2600,0
341	-3.75	18.25	31	2600,0
341	-3.75	18.75	31	2600,0
341	-3.25	19.25	31	2600,0
341	-3.25	20.25	31	2600,0
341	-2.75	20.75	31	2600,0
341	-2.75	21.25	31	2600,0
341	-3.75	22.25	31	2600,0
341	-4.75	22.25	31	2600,0
341	-5.25	22.75	31	2600,0
341	-5.25	23.25	31	2600,0
341	-3.75	23.25	31	2600,0
341	-3.25	22.75	31	2600,0
341	-2.75	22.75	31	2600,0
341	-2.25	23.25	31	2600,0
341	-2.25	24.75	31	2600,0
341	-2.75	25.25	31	2600,0
341	-3.75	25.25	31	2600,0
341	-5.75	27.25	31	2600,0
341	-6.75	27.25	31	2600,0
341	-6.75	27.75	31	2600,0
341	-6.25	28.25	31	2600,0
341	-6.25	28.75	31	2600,0
341	-6.75	29.25	31	2600,0
341	-7.25	29.25	31	2600,0
341	-7.75	28.75	31	2600,0
341	-7.75	27.75	31	2600,0
341	-8.75	27.75	31	2600,0
341	-9.25	27.25	31	2600,0
341	-9.75	27.25	31	2600,0
341	-9.75	30.25	31	2600,0
341	-11.25	31.75	31	2600,0
341	-11.25	32.75	31	2600,0
341	-12.25	32.75	31	2600,0
341	-12.25	34.25	31	2600,0
341	-10.25	34.25	31	2600,0
341	-10.25	35.25	31	2600,0
341	-9.75	35.75	31	2600,0
341	-9.25	35.75	31	2600,0
341	-9.25	33.25	31	2600,0
341	-10.25	33.25	31	2600,0
341	-10.25	32.75	31	2600,0
341	-9.25	31.75	31	2600,0
341	-9.25	30.75	31	2600,0
341	-8.25	30.75	31	2600,0
341	-8.25	30.25	31	2600,0
341	-8.75	29.75	31	2600,0
341	-8.75	29.25	31	2600,0
341	-8.25	29.25	31	2600,0
341	-7.25	30.25	31	2600,0
341	-7.25	31.25	31	2600,0
341	-6.75	31.75	31	2600,0
341	-6.25	31.75	31	2600,0
341	-5.75	31.25	31	2600,0
341	-5.25	31.25	31	2600,0
341	-5.25	31.75	31	2600,0
341	-6.25	32.75	31	2600,0
341	-7.25	32.75	31	2600,0
341	-7.25	33.25	31	2600,0
341	-6.75	33.75	31	2600,0
341	-6.75	34.75	31	2600,0
341	-6.25	35.25	31	2600,0
341	-6.25	36.25	31	2600,0
341	-5.75	36.75	31	2600,0
341	-5.75	37.25	31	2600,0
341	-6.75	37.25	31	2600,0
341	-7.25	37.75	31	2600,0
341	-7.75	37.75	31	2600,0
341	-8.25	37.25	31	2600,0
341	-8.75	37.25	31	2600,0
341	-9.25	37.75	31	2600,0
341	-9.25	38.75	31	2600,0
341	-10.25	38.75	31	2600,0
341	-11.25	39.75	31	2600,0
341	-11.75	39.75	31	2600,0
341	-11.75	38.25	31	2600,0
341	-11.25	37.75	31	2600,0
341	-10.25	37.75	31	2600,0
341	-10.25	37.25	31	2600,0
341	-10.75	36.75	31	2600,0
341	-11.25	36.75	31	2600,0
341	-12.75	38.25	31	2600,0
341	-13.25	38.25	31	2600,0
341	-13.75	37.75	31	2600,0
341	-13.75	37.25	31	2600,0
341	-12.75	37.25	31	2600,0
341	-12.75	36.25	31	2600,0
341	-11.75	36.25	31	2600,0
341	-11.25	35.75	31	2600,0
341	-11.25	35.25	31	2600,0
341	-14.25	35.25	31	2600,0
341	-14.25	33.25	31	2600,0
341	-15.25	33.25	31	2600,0
341	-15.25	32.75	31	2600,0
341	-14.25	31.75	31	2600,0
341	-14.25	31.25	31	2600,0
341	-16.25	31.25	31	2600,0
341	-16.75	30.75	31	2600,0
341	-16.75	30.25	31	2600,0
341	-16.25	29.75	31	2600,0
341	-16.25	29.25	31	2600,0
341	-17.75	29.25	31	2600,0
341	-17.75	30.25	31	2600,0
341	-18.75	30.25	31	2600,0
341	-18.75	31.25	31	2600,0
341	-19.25	31.25	31	2600,0
341	-19.75	30.75	31	2600,0
341	-19.75	29.75	31	2600,0
341	-20.25	29.75	31	2600,0
341	-20.75	30.25	31	2600,0
341	-20.75	30.75	31	2600,0
341	-19.25	32.25	31	2600,0
341	-19.25	32.75	31	2600,0
341	-20.75	32.75	31	2600,0
341	-20.75	31.75	31	2600,0
341	-22.25	30.25	31	2600,0
341	-22.25	29.75	31	2600,0
341	-21.75	29.25	31	2600,0
341	-20.75	29.25	31	2600,0
341	-20.75	28.75	31	2600,0
341	-21.25	28.25	31	2600,0
341	-21.25	27.25	31	2600,0
341	-22.25	26.25	31	2600,0
341	-24.75	26.25	31	2600,0
341	-24.75	27.25	31	2600,0
341	-25.75	27.25	31	2600,0
341	-25.75	28.25	31	2600,0
341	-26.75	29.25	31	2600,0
341	-26.75	29.75	31	2600,0
341	-26.25	29.75	31	2600,0
341	-25.25	28.75	31	2600,0
341	-24.75	28.75	31	2600,0
341	-23.75	29.75	31	2600,0
341	-23.75	30.25	31	2600,0
341	-24.75	31.25	31	2600,0
341	-24.75	31.75	31	2600,0
341	-24.25	31.75	31	2600,0
341	-23.25	30.75	31	2600,0
341	-22.75	30.75	31	2600,0
341	-21.75	31.75	31	2600,0
341	-21.75	32.25	31	2600,0
341	-22.75	32.25	31	2600,0
341	-22.75	32.75	31	2600,0
341	-22.25	33.25	31	2600,0
341	-21.25	33.25	31	2600,0
341	-21.25	35.25	31	2600,0
341	-20.75	35.75	31	2600,0
341	-20.75	36.75	31	2600,0
341	-19.75	36.75	31	2600,0
341	-19.75	40.25	31	2600,0
341	-21.25	41.75	31	2600,0
341	-21.25	42.75	31	2600,0
341	-22.25	43.75	31	2600,0
341	-23.25	43.75	31	2600,0
341	-23.25	44.25	31	2600,0
341	-22.25	45.25	31	2600,0
341	-22.25	45.75	31	2600,0
341	-22.75	45.75	31	2600,0
341	-23.25	45.25	31	2600,0
341	-24.25	45.25	31	2600,0
341	-24.25	44.25	31	2600,0
341	-25.25	43.25	31	2600,0
341	-25.25	41.75	31	2600,0
341	-24.25	40.75	31	2600,0
341	-23.25	40.75	31	2600,0
341	-23.25	39.25	31	2600,0
341	-24.75	39.25	31	2600,0
341	-25.25	39.75	31	2600,0
341	-26.25	39.75	31	2600,0
341	-26.25	40.25	31	2600,0
341	-25.75	40.75	31	2600,0
341	-25.75	41.25	31	2600,0
341	-26.25	41.25	31	2600,0
341	-26.75	40.75	31	2600,0
341	-27.25	40.75	31	2600,0
341	-27.25	41.25	31	2600,0
341	-26.75	41.75	31	2600,0
341	-26.75	42.25	31	2600,0
341	-27.25	42.75	31	2600,0
341	-27.25	43.25	31	2600,0
341	-26.25	43.25	31	2600,0
341	-25.75	43.75	31	2600,0
341	-25.75	44.25	31	2600,0
341	-26.75	45.25	31	2600,0
341	-26.75	45.75	31	2600,0
341	-25.75	45.75	31	2600,0
341	-25.25	46.25	31	2600,0
341	-25.25	46.75	31	2600,0
341	-26.25	46.75	31	2600,0
341	-26.75	47.25	31	2600,0
341	-28.25	47.25	31	2600,0
341	-28.25	46.25	31	2600,0
341	-28.75	46.25	31	2600,0
341	-31.25	48.75	31	2600,0
341	-44.75	44.25	31	2650,0
341	-44.75	44.75	31	2650,0
341	-44.25	44.75	31	2650,0
341	-43.75	44.25	31	2650,0
341	-42.75	44.25	31	2650,0
341	-42.25	43.75	31	2650,0
341	-42.25	42.75	31	2650,0
341	-41.75	42.25	31	2650,0
341	-40.75	42.25	31	2650,0
341	-39.75	41.25	31	2650,0
341	-39.25	41.25	31	2650,0
341	-39.25	42.25	31	2650,0
341	-38.75	42.25	31	2650,0
341	-38.25	41.75	31	2650,0
341	-36.75	41.75	31	2650,0
341	-35.25	43.25	31	2650,0
341	-35.25	44.75	31	2650,0
341	-35.75	45.25	31	2650,0
341	-35.75	45.75	31	2650,0
341	-35.25	45.75	31	2650,0
341	-34.75	45.25	31	2650,0
341	-34.25	45.25	31	2650,0
341	-33.25	46.25	31	2650,0
341	-32.25	46.25	31	2650,0
341	-32.25	47.25	31	2650,0
341	-30.75	48.75	31	2650,0
341	-29.75	48.75	31	2650,0
341	-29.25	49.25	31	2650,0
341	-26.75	49.25	31	2650,0
341	-26.75	47.75	31	2650,0
341	-29.75	47.75	31	2650,0
341	-29.75	45.75	31	2650,0
341	-30.75	45.75	31	2650,0
341	-30.75	43.75	31	2650,0
341	-31.25	43.75	31	2650,0
341	-31.75	44.25	31	2650,0
341	-32.25	44.25	31	2650,0
341	-32.75	43.75	31	2650,0
341	-32.75	41.75	31	2650,0
341	-33.75	40.75	31	2650,0
341	-33.75	39.75	31	2650,0
341	-35.25	39.75	31	2650,0
341	-35.25	40.75	31	2650,0
341	-37.75	40.75	31	2650,0
341	-37.75	39.75	31	2650,0
341	-39.25	38.25	31	2650,0
341	-39.25	37.25	31	2650,0
341	-40.25	36.25	31	2650,0
341	-41.25	36.25	31	2650,0
341	-41.25	35.75	31	2650,0
341	-40.25	34.75	31	2650,0
341	-40.25	34.25	31	2650,0
341	-40.75	33.75	31	2650,0
341	-40.75	33.25	31	2650,0
341	-40.25	32.75	31	2650,0
341	-39.75	32.75	31	2650,0
341	-39.75	33.75	31	2650,0
341	-39.25	33.75	31	2650,0
341	-38.75	33.25	31	2650,0
341	-37.75	33.25	31	2650,0
341	-36.25	31.75	31	2650,0
341	-36.25	31.25	31	2650,0
341	-36.75	30.75	31	2650,0
341	-36.75	29.75	31	2650,0
341	-37.25	29.25	31	2650,0
341	-37.25	28.25	31	2650,0
341	-38.25	27.25	31	2650,0
341	-39.25	27.25	31	2650,0
341	-39.25	26.25	31	2650,0
341	-39.75	26.25	31	2650,0
341	-40.25	26.75	31	2650,0
341	-40.25	27.75	31	2650,0
341	-41.25	27.75	31	2650,0
341	-41.75	28.25	31	2650,0
341	-41.75	28.75	31	2650,0
341	-40.75	28.75	31	2650,0
341	-39.75	29.75	31	2650,0
341	-39.75	30.25	31	2650,0
341	-40.25	30.25	31	2650,0
341	-40.75	29.75	31	2650,0
341	-41.75	29.75	31	2650,0
341	-42.75	28.75	31	2650,0
341	-43.75	28.75	31	2650,0
341	-44.25	28.25	31	2650,0
341	-44.75	28.25	31	2650,0
341	-44.75	36.75	31	2650,0
341	-44.25	37.25	31	2650,0
341	-43.75	37.25	31	2650,0
341	-43.25	36.75	31	2650,0
341	-42.75	36.75	31	2650,0
341	-42.75	37.25	31	2650,0
341	-43.25	37.75	31	2650,0
341	-43.25	38.75	31	2650,0
341	-44.25	38.75	31	2650,0
341	-44.75	39.25	31	2650,0
341	-44.75	44.25	31	2650,0
341	-28.75	0.25	31	2650,50
341	-28.75	0.75	31	2650,50
341	-28.25	1.25	31	2650,50
341	-27.25	1.25	31	2650,50
341	-27.25	2.25	31	2650,50
341	-26.75	2.75	31	2650,50
341	-26.25	2.75	31	2650,50
341	-26.25	0.75	31	2650,50
341	-25.75	0.25	31	2650,50
341	-25.75	-0.25	31	2650,50
341	-26.75	-0.25	31	2650,50
341	-27.25	-0.75	31	2650,50
341	-28.75	-0.75	31	2650,50
341	-28.75	0.25	31	2650,50
342	-25.75	5.25	31	2600,50
342	-25.75	5.75	31	2600,50
342	-25.25	5.75	31	2600,50
342	-24.75	5.25	31	2600,50
342	-24.25	5.25	31	2600,50
342	-23.75	5.75	31	2600,50
342	-20.75	5.75	31	2600,50
342	-20.25	6.25	31	2600,50
342	-19.75	6.25	31	2600,50
342	-19.75	5.25	31	2600,50
342	-18.75	5.25	31	2600,50
342	-18.25	4.75	31	2600,50
342	-18.25	4.25	31	2600,50
342	-19.25	4.25	31	2600,50
342	-19.75	3.75	31	2600,50
342	-19.75	2.25	31	2600,50
342	-18.75	2.25	31	2600,50
342	-18.25	1.75	31	2600,50
342	-18.25	-0.75	31	2600,50
342	-24.75	-0.75	31	2600,50
342	-25.75	0.25	31	2600,50
342	-25.75	0.75	31	2600,50
342	-24.25	2.25	31	2600,50
342	-23.25	2.25	31	2600,50
342	-23.25	3.75	31	2600,50
342	-23.75	3.75	31	2600,50
342	-24.25	3.25	31	2600,50
342	-24.75	3.25	31	2600,50
342	-25.25	3.75	31	2600,50
342	-25.25	4.75	31	2600,50
342	-25.75	5.25	31	2600,50
342	-16.25	49.25	31	2600,0
342	-16.25	48.25	31	2600,0
342	-16.75	47.75	31	2600,0
342	-16.75	47.25	31	2600,0
342	-16.25	47.25	31	2600,0
342	-15.25	48.25	31	2600,0
342	-15.25	48.75	31	2600,0
342	-15.75	49.25	31	2600,0
342	-16.25	49.25	31	2600,0
342	-35.75	37.25	31	2650,0
342	-35.75	37.75	31	2650,0
342	-31.75	37.75	31	2650,0
342	-31.75	38.25	31	2650,0
342	-33.25	39.75	31	2650,0
342	-33.25	40.25	31	2650,0
342	-32.75	40.75	31	2650,0
342	-32.25	40.75	31	2650,0
342	-32.25	39.75	31	2650,0
342	-31.75	39.25	31	2650,0
342	-30.75	39.25	31	2650,0
342	-30.75	37.25	31	2650,0
342	-30.25	36.75	31	2650,0
342	-30.25	35.25	31	2650,0
342	-31.75	33.75	31	2650,0
342	-32.25	33.75	31	2650,0
342	-32.75	34.25	31	2650,0
342	-34.25	34.25	31	2650,0
342	-34.75	33.75	31	2650,0
342	-35.25	33.75	31	2650,0
342	-36.25	34.75	31	2650,0
342	-36.25	35.25	31	2650,0
342	-35.25	35.25	31	2650,0
342	-34.75	35.75	31	2650,0
342	-34.75	36.25	31	2650,0
342	-35.75	36.25	31	2650,0
342	-35.75	37.25	31	2650,0
343	-12.75	15.25	31	2600,50
343	-12.75	15.75	31	2600,50
343	-11.25	15.75	31	2600,50
343	-11.25	14.75	31	2600,50
343	-9.25	12.75	31	2600,50
343	-9.25	12.25	31	2600,50
343	-9.75	12.25	31	2600,50
343	-10.75	13.25	31	2600,50
343	-11.25	13.25	31	2600,50
343	-11.25	12.75	31	2600,50
343	-9.75	11.25	31	2600,50
343	-9.75	10.25	31	2600,50
343	-9.25	10.25	31	2600,50
343	-8.25	11.25	31	2600,50
343	-7.75	11.25	31	2600,50
343	-7.75	10.75	31	2600,50
343	-8.75	9.75	31	2600,50
343	-8.75	9.25	31	2600,50
343	-7.25	9.25	31	2600,50
343	-7.25	10.25	31	2600,50
343	-6.75	10.25	31	2600,50
343	-5.75	9.25	31	2600,50
343	-4.75	9.25	31	2600,50
343	-4.25	8.75	31	2600,50
343	-4.25	8.25	31	2600,50
343	-5.25	8.25	31	2600,50
343	-5.75	7.75	31	2600,50
343	-5.75	7.25	31	2600,50
343	-5.25	6.75	31	2600,50
343	-4.25	6.75	31	2600,50
343	-4.25	4.75	31	2600,50
343	-1.75	4.75	31	2600,50
343	-1.25	5.25	31	2600,50
343	-0.75	5.25	31	2600,50
343	-0.75	4.25	31	2600,50
343	0.25	3.25	31	2600,50
343	0.25	2.75	31	2600,50
343	-0.25	2.25	31	2600,50
343	-1.25	2.25	31	2600,50
343	-2.25	1.25	31	2600,50
343	-2.75	1.25	31	2600,50
343	-2.75	3.25	31	2600,50
343	-3.75	3.25	31	2600,50
343	-4.75	4.25	31	2600,50
343	-6.25	4.25	31	2600,50
343	-6.25	3.25	31	2600,50
343	-6.75	3.25	31	2600,50
343	-7.25	3.75	31	2600,50
343	-7.75	3.75	31	2600,50
343	-8.25	3.25	31	2600,50
343	-9.25	3.25	31	2600,50
343	-9.25	2.75	31	2600,50
343	-8.75	2.25	31	2600,50
343	-8.25	2.25	31	2600,50
343	-7.75	2.75	31	2600,50
343	-7.25	2.75	31	2600,50
343	-7.25	1.75	31	2600,50
343	-6.75	1.75	31	2600,50
343	-6.25	2.25	31	2600,50
343	-5.75	2.25	31	2600,50
343	-5.25	1.75	31	2600,50
343	-5.25	1.25	31	2600,50
343	-5.75	0.75	31	2600,50
343	-6.75	0.75	31	2600,50
343	-7.25	0.25	31	2600,50
343	-7.75	0.25	31	2600,50
343	-7.75	1.25	31	2600,50
343	-8.25	1.25	31	2600,50
343	-8.75	0.75	31	2600,50
343	-8.75	-0.25	31	2600,50
343	-9.25	-0.75	31	2600,50
343	-11.75	-0.75	31	2600,50
343	-12.25	-0.25	31	2600,50
343	-13.25	-0.25	31	2600,50
343	-13.75	0.25	31	2600,50
343	-14.25	0.25	31	2600,50
343	-15.25	-0.75	31	2600,50
343	-15.75	-0.75	31	2600,50
343	-15.75	-0.25	31	2600,50
343	-15.25	0.25	31	2600,50
343	-15.25	0.75	31	2600,50
343	-16.25	0.75	31	2600,50
343	-16.25	1.75	31	2600,50
343	-16.75	2.25	31	2600,50
343	-16.75	3.75	31	2600,50
343	-16.25	4.25	31	2600,50
343	-14.75	4.25	31	2600,50
343	-14.75	3.75	31	2600,50
343	-15.75	2.75	31	2600,50
343	-15.75	2.25	31	2600,50
343	-14.75	2.25	31	2600,50
343	-14.25	1.75	31	2600,50
343	-13.25	1.75	31	2600,50
343	-13.25	0.75	31	2600,50
343	-12.75	0.75	31	2600,50
343	-11.75	1.75	31	2600,50
343	-11.75	3.25	31	2600,50
343	-12.25	3.75	31	2600,50
343	-12.25	4.25	31	2600,50
343	-10.75	5.75	31	2600,50
343	-10.75	6.25	31	2600,50
343	-11.75	6.25	31	2600,50
343	-12.75	7.25	31	2600,50
343	-13.25	7.25	31	2600,50
343	-14.25	6.25	31	2600,50
343	-14.25	5.25	31	2600,50
343	-15.75	5.25	31	2600,50
343	-15.75	6.75	31	2600,50
343	-15.25	7.25	31	2600,50
343	-14.25	7.25	31	2600,50
343	-13.75	7.75	31	2600,50
343	-13.75	8.75	31	2600,50
343	-12.75	8.75	31	2600,50
343	-12.75	9.25	31	2600,50
343	-13.25	9.75	31	2600,50
343	-13.75	9.75	31	2600,50
343	-14.25	9.25	31	2600,50
343	-14.75	9.25	31	2600,50
343	-14.75	10.25	31	2600,50
343	-15.25	10.75	31	2600,50
343	-15.25	11.25	31	2600,50
343	-14.75	11.25	31	2600,50
343	-14.25	10.75	31	2600,50
343	-12.75	10.75	31	2600,50
343	-12.75	13.75	31	2600,50
343	-11.75	13.75	31	2600,50
343	-11.75	14.25	31	2600,50
343	-12.75	15.25	31	2600,50
343	-20.25	34.75	31	2600,0
343	-20.25	35.25	31	2600,0
343	-19.25	36.25	31	2600,0
343	-17.75	36.25	31	2600,0
343	-16.75	35.25	31	2600,0
343	-16.75	34.75	31	2600,0
343	-17.25	34.75	31	2600,0
343	-17.75	35.25	31	2600,0
343	-19.25	35.25	31	2600,0
343	-19.25	34.25	31	2600,0
343	-19.75	33.75	31	2600,0
343	-20.25	33.75	31	2600,0
343	-20.25	34.75	31	2600,0
343	-35.75	30.25	31	2650,0
343	-35.75	30.75	31	2650,0
343	-35.25	31.25	31	2650,0
343	-34.75	31.25	31	2650,0
343	-34.75	30.75	31	2650,0
343	-35.25	30.25	31	2650,0
343	-35.75	30.25	31	2650,0
344	-26.75	-0.75	31	2600,50
344	-26.75	-0.25	31	2600,50
344	-26.25	-0.25	31	2600,50
344	-26.25	-0.75	31	2600,50
344	-26.75	-0.75	31	2600,50
344	-18.75	23.25	31	2600,0
344	-18.75	23.75	31	2600,0
344	-17.75	23.75	31	2600,0
344	-16.75	24.75	31	2600,0
344	-16.75	25.75	31	2600,0
344	-16.25	25.75	31	2600,0
344	-15.75	25.25	31	2600,0
344	-15.75	23.25	31	2600,0
344	-15.25	22.75	31	2600,0
344	-15.25	21.75	31	2600,0
344	-14.25	21.75	31	2600,0
344	-13.25	20.75	31	2600,0
344	-13.25	19.75	31	2600,0
344	-12.25	18.75	31	2600,0
344	-12.25	17.75	31	2600,0
344	-10.75	17.75	31	2600,0
344	-10.75	18.25	31	2600,0
344	-11.25	18.75	31	2600,0
344	-11.25	19.25	31	2600,0
344	-10.25	20.25	31	2600,0
344	-9.25	20.25	31	2600,0
344	-9.25	20.75	31	2600,0
344	-9.75	21.25	31	2600,0
344	-10.75	21.25	31	2600,0
344	-10.75	21.75	31	2600,0
344	-10.25	22.25	31	2600,0
344	-9.75	22.25	31	2600,0
344	-9.25	21.75	31	2600,0
344	-8.25	21.75	31	2600,0
344	-7.25	20.75	31	2600,0
344	-7.25	17.25	31	2600,0
344	-7.75	16.75	31	2600,0
344	-8.25	16.75	31	2600,0
344	-8.25	17.75	31	2600,0
344	-9.75	17.75	31	2600,0
344	-11.25	16.25	31	2600,0
344	-11.25	15.75	31	2600,0
344	-9.25	15.75	31	2600,0
344	-8.25	14.75	31	2600,0
344	-8.25	14.25	31	2600,0
344	-10.25	14.25	31	2600,0
344	-10.25	13.25	31	2600,0
344	-10.75	13.25	31	2600,0
344	-11.75	14.25	31	2600,0
344	-12.25	14.25	31	2600,0
344	-12.25	12.75	31	2600,0
344	-11.75	12.25	31	2600,0
344	-11.75	11.75	31	2600,0
344	-12.75	11.75	31	2600,0
344	-12.75	11.25	31	2600,0
344	-10.75	9.25	31	2600,0
344	-10.25	9.25	31	2600,0
344	-10.25	9.75	31	2600,0
344	-10.75	10.25	31	2600,0
344	-10.75	11.75	31	2600,0
344	-10.25	11.75	31	2600,0
344	-9.75	11.25	31	2600,0
344	-9.25	11.25	31	2600,0
344	-9.25	11.75	31	2600,0
344	-9.75	12.25	31	2600,0
344	-9.75	12.75	31	2600,0
344	-9.25	12.75	31	2600,0
344	-8.25	11.75	31	2600,0
344	-7.75	11.75	31	2600,0
344	-7.75	12.75	31	2600,0
344	-6.25	14.25	31	2600,0
344	-5.75	14.25	31	2600,0
344	-5.75	11.75	31	2600,0
344	-6.75	11.75	31	2600,0
344	-7.25	11.25	31	2600,0
344	-7.25	10.75	31	2600,0
344	-6.25	9.75	31	2600,0
344	-6.25	9.25	31	2600,0
344	-6.75	8.75	31	2600,0
344	-7.75	8.75	31	2600,0
344	-7.75	7.75	31	2600,0
344	-9.75	5.75	31	2600,0
344	-10.25	5.75	31	2600,0
344	-14.25	9.75	31	2600,0
344	-14.25	10.75	31	2600,0
344	-14.75	11.25	31	2600,0
344	-14.75	12.25	31	2600,0
344	-15.75	12.25	31	2600,0
344	-15.75	12.75	31	2600,0
344	-15.25	13.25	31	2600,0
344	-14.25	13.25	31	2600,0
344	-14.25	16.25	31	2600,0
344	-13.25	17.25	31	2600,0
344	-13.25	17.75	31	2600,0
344	-13.75	17.75	31	2600,0
344	-14.75	16.75	31	2600,0
344	-15.25	16.75	31	2600,0
344	-16.25	17.75	31	2600,0
344	-16.25	18.75	31	2600,0
344	-16.75	19.25	31	2600,0
344	-16.75	19.75	31	2600,0
344	-16.25	19.75	31	2600,0
344	-15.75	19.25	31	2600,0
344	-15.25	19.25	31	2600,0
344	-15.25	19.75	31	2600,0
344	-15.75	20.25	31	2600,0
344	-15.75	21.25	31	2600,0
344	-18.75	21.25	31	2600,0
344	-19.25	21.75	31	2600,0
344	-19.25	22.25	31	2600,0
344	-18.75	22.75	31	2600,0
344	-18.75	23.25	31	2600,0
344	-33.75	28.25	31	2650,0
344	-33.75	28.75	31	2650,0
344	-32.75	28.75	31	2650,0
344	-32.25	29.25	31	2650,0
344	-31.25	29.25	31	2650,0
344	-29.25	31.25	31	2650,0
344	-28.25	31.25	31	2650,0
344	-28.25	31.75	31	2650,0
344	-28.75	32.25	31	2650,0
344	-28.75	32.75	31	2650,0
344	-27.75	33.75	31	2650,0
344	-26.25	33.75	31	2650,0
344	-26.25	33.25	31	2650,0
344	-27.25	32.25	31	2650,0
344	-27.25	30.75	31	2650,0
344	-26.75	30.75	31	2650,0
344	-26.25	31.25	31	2650,0
344	-25.75	31.25	31	2650,0
344	-25.75	30.75	31	2650,0
344	-26.75	29.75	31	2650,0
344	-27.75	29.75	31	2650,0
344	-27.75	27.75	31	2650,0
344	-28.25	27.25	31	2650,0
344	-29.25	27.25	31	2650,0
344	-29.75	26.75	31	2650,0
344	-29.75	24.75	31	2650,0
344	-30.25	24.75	31	2650,0
344	-30.75	25.25	31	2650,0
344	-31.25	25.25	31	2650,0
344	-32.25	24.25	31	2650,0
344	-32.25	23.75	31	2650,0
344	-31.25	22.75	31	2650,0
344	-31.25	22.25	31	2650,0
344	-31.75	22.25	31	2650,0
344	-33.25	23.75	31	2650,0
344	-34.25	23.75	31	2650,0
344	-34.25	24.25	31	2650,0
344	-33.75	24.75	31	2650,0
344	-33.75	25.25	31	2650,0
344	-34.25	25.25	31	2650,0
344	-34.75	24.75	31	2650,0
344	-35.25	24.75	31	2650,0
344	-35.75	25.25	31	2650,0
344	-35.75	25.75	31	2650,0
344	-35.25	26.25	31	2650,0
344	-34.25	26.25	31	2650,0
344	-34.25	27.25	31	2650,0
344	-33.75	27.75	31	2650,0
344	-33.75	28.25	31	2650,0
345	-17.75	-0.25	31	2600,50
345	-17.75	-0.75	31	2600,50
345	-16.25	-0.75	31	2600,50
345	-16.25	-0.25	31	2600,50
345	-16.75	0.25	31	2600,50
345	-17.25	0.25	31	2600,50
345	-17.75	-0.25	31	2600,50
345	4.25	39.25	31	2600,0
345	4.25	39.75	31	2600,0
345	4.75	39.75	31	2600,0
345	5.25	39.25	31	2600,0
345	5.25	38.75	31	2600,0
345	4.75	38.75	31	2600,0
345	4.25	39.25	31	2600,0
345	-44.75	10.25	31	2650,0
345	-44.75	10.75	31	2650,0
345	-44.25	10.75	31	2650,0
345	-44.25	9.75	31	2650,0
345	-42.75	8.25	31	2650,0
345	-41.75	8.25	31	2650,0
345	-41.25	7.75	31	2650,0
345	-40.75	7.75	31	2650,0
345	-40.25	8.25	31	2650,0
345	-37.75	8.25	31	2650,0
345	-37.75	6.75	31	2650,0
345	-38.25	6.75	31	2650,0
345	-38.75	7.25	31	2650,0
345	-39.25	7.25	31	2650,0
345	-40.25	6.25	31	2650,0
345	-40.25	5.25	31	2650,0
345	-40.75	4.75	31	2650,0
345	-40.75	4.25	31	2650,0
345	-38.75	4.25	31	2650,0
345	-38.25	3.75	31	2650,0
345	-37.25	3.75	31	2650,0
345	-36.75	3.25	31	2650,0
345	-35.75	3.25	31	2650,0
345	-35.25	2.75	31	2650,0
345	-35.25	2.25	31	2650,0
345	-36.25	2.25	31	2650,0
345	-36.25	1.75	31	2650,0
345	-35.75	1.25	31	2650,0
345	-35.25	1.25	31	2650,0
345	-32.75	3.75	31	2650,0
345	-32.25	3.75	31	2650,0
345	-30.75	2.25	31	2650,0
345	-29.75	2.25	31	2650,0
345	-29.75	1.25	31	2650,0
345	-29.25	1.25	31	2650,0
345	-28.75	1.75	31	2650,0
345	-27.75	1.75	31	2650,0
345	-27.75	2.25	31	2650,0
345	-28.25	2.75	31	2650,0
345	-28.25	3.75	31	2650,0
345	-29.25	4.75	31	2650,0
345	-29.25	5.25	31	2650,0
345	-27.25	5.25	31	2650,0
345	-27.25	6.25	31	2650,0
345	-26.75	6.25	31	2650,0
345	-25.25	4.75	31	2650,0
345	-24.75	4.75	31	2650,0
345	-24.25	5.25	31	2650,0
345	-24.25	6.25	31	2650,0
345	-23.75	6.25	31	2650,0
345	-22.75	5.25	31	2650,0
345	-22.25	5.25	31	2650,0
345	-21.75	5.75	31	2650,0
345	-21.25	5.75	31	2650,0
345	-21.25	0.75	31	2650,0
345	-20.25	0.75	31	2650,0
345	-19.75	0.25	31	2650,0
345	-19.75	-0.25	31	2650,0
345	-44.25	-0.25	31	2650,0
345	-44.75	0.25	31	2650,0
345	-44.75	10.25	31	2650,0
346	-6.75	-0.75	31	2600,50
346	-6.75	-0.25	31	2600,50
346	-6.25	-0.25	31	2600,50
346	-6.25	-0.75	31	2600,50
346	-6.75	-0.75	31	2600,50
346	-5.75	10.25	31	2600,0
346	-5.75	10.75	31	2600,0
346	-5.25	11.25	31	2600,0
346	-4.75	11.25	31	2600,0
346	-4.75	10.75	31	2600,0
346	-5.25	10.25	31	2600,0
346	-5.75	10.25	31	2600,0
347	-5.25	-0.25	31	2600,50
347	-5.25	0.25	31	2600,50
347	-4.75	0.75	31	2600,50
347	-4.25	0.75	31	2600,50
347	-3.75	0.25	31	2600,50
347	-2.75	0.25	31	2600,50
347	-2.75	-0.25	31	2600,50
347	-3.25	-0.75	31	2600,50
347	-4.75	-0.75	31	2600,50
347	-5.25	-0.25	31	2600,50
347	-10.25	3.75	31	2600,0
347	-10.25	4.25	31	2600,0
347	-9.25	5.25	31	2600,0
347	-8.75	5.25	31	2600,0
347	-8.75	4.75	31	2600,0
347	-9.75	3.75	31	2600,0
347	-10.25	3.75	31	2600,0
348	-0.75	-0.75	31	2600,50
348	-0.75	-0.25	31	2600,50
348	-0.25	-0.25	31	2600,50
348	-0.25	-0.75	31	2600,50
348	-0.75	-0.75	31	2600,50
348	-1.25	12.75	31	2600,0
348	-1.25	13.25	31	2600,0
348	-0.75	13.25	31	2600,0
348	-0.75	12.75	31	2600,0
348	-1.25	12.75	31	2600,0
418	-21.75	10.25	359	2600,50
418	-21.75	10.75	359	2600,50
418	-21.25	11.25	359	2600,50
418	-20.75	11.25	359	2600,50
418	-19.25	9.75	359	2600,50
418	-18.25	9.75	359	2600,50
418	-18.25	8.75	359	2600,50
418	-17.25	8.75	359	2600,50
418	-17.25	6.75	359	2600,50
418	-16.25	6.75	359	2600,50
418	-16.25	6.25	359	2600,50
418	-16.75	5.75	359	2600,50
418	-17.25	5.75	359	2600,50
418	-17.75	6.25	359	2600,50
418	-18.75	6.25	359	2600,50
418	-19.25	6.75	359	2600,50
418	-19.25	7.75	359	2600,50
418	-19.75	8.25	359	2600,50
418	-20.75	8.25	359	2600,50
418	-20.75	9.25	359	2600,50
418	-21.75	9.25	359	2600,50
418	-21.75	10.25	359	2600,50
273	-33.75	48.25	262	2650,50
273	-33.75	48.75	262	2650,50
273	-32.25	48.75	262	2650,50
273	-31.75	48.25	262	2650,50
273	-31.75	47.75	262	2650,50
273	-32.25	47.25	262	2650,50
273	-32.25	46.75	262	2650,50
273	-31.75	46.25	262	2650,50
273	-31.25	46.25	262	2650,50
273	-30.25	47.25	262	2650,50
273	-28.75	47.25	262	2650,50
273	-28.25	46.75	262	2650,50
273	-26.25	46.75	262	2650,50
273	-25.75	46.25	262	2650,50
273	-25.25	46.25	262	2650,50
273	-23.75	47.75	262	2650,50
273	-22.25	47.75	262	2650,50
273	-22.25	47.25	262	2650,50
273	-22.75	46.75	262	2650,50
273	-23.75	46.75	262	2650,50
273	-23.75	45.75	262	2650,50
273	-24.75	45.75	262	2650,50
273	-24.75	44.75	262	2650,50
273	-25.25	44.25	262	2650,50
273	-25.25	42.25	262	2650,50
273	-26.75	42.25	262	2650,50
273	-27.75	43.25	262	2650,50
273	-28.25	43.25	262	2650,50
273	-28.25	42.25	262	2650,50
273	-28.75	42.25	262	2650,50
273	-29.25	42.75	262	2650,50
273	-30.75	42.75	262	2650,50
273	-30.75	40.75	262	2650,50
273	-31.75	39.75	262	2650,50
273	-33.75	39.75	262	2650,50
273	-33.75	39.25	262	2650,50
273	-33.25	38.75	262	2650,50
273	-32.25	38.75	262	2650,50
273	-32.25	37.75	262	2650,50
273	-31.75	37.25	262	2650,50
273	-30.75	37.25	262	2650,50
273	-30.75	36.75	262	2650,50
273	-31.25	36.25	262	2650,50
273	-31.25	35.25	262	2650,50
273	-31.75	35.25	262	2650,50
273	-32.25	35.75	262	2650,50
273	-32.25	36.75	262	2650,50
273	-32.75	37.25	262	2650,50
273	-33.75	37.25	262	2650,50
273	-34.25	37.75	262	2650,50
273	-36.25	37.75	262	2650,50
273	-36.25	38.25	262	2650,50
273	-35.75	38.75	262	2650,50
273	-35.75	40.75	262	2650,50
273	-34.75	40.75	262	2650,50
273	-34.75	41.75	262	2650,50
273	-33.75	41.75	262	2650,50
273	-33.75	42.75	262	2650,50
273	-33.25	43.25	262	2650,50
273	-33.25	44.25	262	2650,50
273	-32.25	45.25	262	2650,50
273	-32.25	45.75	262	2650,50
273	-34.25	45.75	262	2650,50
273	-34.25	47.25	262	2650,50
273	-33.25	47.25	262	2650,50
273	-33.25	47.75	262	2650,50
273	-33.75	48.25	262	2650,50
273	-33.25	-1.25	262	2650,100
273	-33.25	-0.75	262	2650,100
273	-32.75	-0.75	262	2650,100
273	-32.75	-1.25	262	2650,100
273	-33.25	-1.25	262	2650,100
172	-0.25	31.75	199	2650,100
172	-0.25	32.25	199	2650,100
172	0.25	32.75	199	2650,100
172	0.75	32.75	199	2650,100
172	0.75	31.75	199	2650,100
172	1.75	30.75	199	2650,100
172	3.25	30.75	199	2650,100
172	3.75	31.25	199	2650,100
172	4.25	31.25	199	2650,100
172	4.75	30.75	199	2650,100
172	4.75	29.25	199	2650,100
172	4.25	28.75	199	2650,100
172	4.25	27.25	199	2650,100
172	4.75	26.75	199	2650,100
172	4.75	26.25	199	2650,100
172	4.25	25.75	199	2650,100
172	3.75	25.75	199	2650,100
172	3.25	26.25	199	2650,100
172	3.25	28.25	199	2650,100
172	2.25	29.25	199	2650,100
172	1.25	29.25	199	2650,100
172	1.25	30.25	199	2650,100
172	-0.25	30.25	199	2650,100
172	-0.75	29.75	199	2650,100
172	-1.25	29.75	199	2650,100
172	-1.25	30.25	199	2650,100
172	-0.25	31.25	199	2650,100
172	-0.25	31.75	199	2650,100
172	-45.25	30.75	199	2700,100
172	-45.25	31.25	199	2700,100
172	-44.75	31.25	199	2700,100
172	-43.75	30.25	199	2700,100
172	-43.75	29.75	199	2700,100
172	-44.25	29.25	199	2700,100
172	-44.75	29.25	199	2700,100
172	-45.25	29.75	199	2700,100
172	-45.25	30.75	199	2700,100
249	3.75	33.75	248	2550,0
249	3.75	34.25	248	2550,0
249	4.25	34.25	248	2550,0
249	4.25	33.75	248	2550,0
249	3.75	33.75	248	2550,0
349	-8.75	3.25	31	2600,0
349	-8.75	3.75	31	2600,0
349	-7.25	5.25	31	2600,0
349	-6.25	5.25	31	2600,0
349	-3.25	8.25	31	2600,0
349	-3.25	9.25	31	2600,0
349	-2.25	9.25	31	2600,0
349	-2.25	10.25	31	2600,0
349	-1.25	10.25	31	2600,0
349	1.25	12.75	31	2600,0
349	1.75	12.75	31	2600,0
349	3.25	11.25	31	2600,0
349	4.25	11.25	31	2600,0
349	5.25	10.25	31	2600,0
349	5.25	-0.25	31	2600,0
349	-4.25	-0.25	31	2600,0
349	-7.75	3.25	31	2600,0
349	-8.75	3.25	31	2600,0
138	-8.25	21.75	171	2600,50
138	-8.25	22.25	171	2600,50
138	-7.75	22.75	171	2600,50
138	-7.25	22.75	171	2600,50
138	-6.75	22.25	171	2600,50
138	-5.75	22.25	171	2600,50
138	-5.75	21.25	171	2600,50
138	-4.75	20.25	171	2600,50
138	-4.25	20.25	171	2600,50
138	-4.25	20.75	171	2600,50
138	-4.75	21.25	171	2600,50
138	-4.75	21.75	171	2600,50
138	-4.25	22.25	171	2600,50
138	-3.75	22.25	171	2600,50
138	-3.75	21.25	171	2600,50
138	-3.25	20.75	171	2600,50
138	-3.25	19.75	171	2600,50
138	-2.25	19.75	171	2600,50
138	-1.75	19.25	171	2600,50
138	-1.75	18.25	171	2600,50
138	-0.25	16.75	171	2600,50
138	1.75	16.75	171	2600,50
138	1.75	16.25	171	2600,50
138	0.25	14.75	171	2600,50
138	-0.75	14.75	171	2600,50
138	-1.75	13.75	171	2600,50
138	-2.25	13.75	171	2600,50
138	-2.75	14.25	171	2600,50
138	-2.75	14.75	171	2600,50
138	-1.75	15.75	171	2600,50
138	-1.75	16.25	171	2600,50
138	-3.25	16.25	171	2600,50
138	-3.75	15.75	171	2600,50
138	-3.75	14.25	171	2600,50
138	-3.25	13.75	171	2600,50
138	-3.25	12.75	171	2600,50
138	-2.25	11.75	171	2600,50
138	-1.75	11.75	171	2600,50
138	-1.25	12.25	171	2600,50
138	-1.25	13.25	171	2600,50
138	-0.75	13.75	171	2600,50
138	-0.25	13.75	171	2600,50
138	-0.25	10.25	171	2600,50
138	-0.75	9.75	171	2600,50
138	-0.75	9.25	171	2600,50
138	0.25	9.25	171	2600,50
138	0.25	6.75	171	2600,50
138	-0.25	6.25	171	2600,50
138	-0.75	6.25	171	2600,50
138	-1.75	7.25	171	2600,50
138	-2.75	7.25	171	2600,50
138	-2.75	7.75	171	2600,50
138	-1.75	8.75	171	2600,50
138	-1.75	10.25	171	2600,50
138	-2.25	10.25	171	2600,50
138	-2.75	9.75	171	2600,50
138	-4.25	9.75	171	2600,50
138	-4.25	10.75	171	2600,50
138	-4.75	10.75	171	2600,50
138	-5.25	10.25	171	2600,50
138	-5.75	10.25	171	2600,50
138	-5.75	10.75	171	2600,50
138	-4.25	12.25	171	2600,50
138	-4.25	13.75	171	2600,50
138	-4.75	13.75	171	2600,50
138	-5.25	13.25	171	2600,50
138	-5.75	13.25	171	2600,50
138	-5.75	14.25	171	2600,50
138	-6.25	14.75	171	2600,50
138	-6.25	15.25	171	2600,50
138	-5.25	15.25	171	2600,50
138	-5.25	15.75	171	2600,50
138	-5.75	16.25	171	2600,50
138	-5.75	16.75	171	2600,50
138	-5.25	17.25	171	2600,50
138	-4.25	17.25	171	2600,50
138	-3.75	17.75	171	2600,50
138	-3.75	18.25	171	2600,50
138	-6.25	20.75	171	2600,50
138	-6.75	20.75	171	2600,50
138	-7.25	20.25	171	2600,50
138	-7.75	20.25	171	2600,50
138	-7.75	20.75	171	2600,50
138	-7.25	21.25	171	2600,50
138	-7.25	21.75	171	2600,50
138	-8.25	21.75	171	2600,50
337	4.25	33.25	306	2550,0
337	4.25	33.75	306	2550,0
337	4.75	33.75	306	2550,0
337	4.75	33.25	306	2550,0
337	4.25	33.25	306	2550,0
494	-42.75	35.25	408	2600,0
494	-42.75	35.75	408	2600,0
494	-40.75	35.75	408	2600,0
494	-40.25	36.25	408	2600,0
494	-39.75	36.25	408	2600,0
494	-39.75	35.75	408	2600,0
494	-40.25	35.25	408	2600,0
494	-40.25	34.25	408	2600,0
494	-41.25	33.25	408	2600,0
494	-41.25	32.75	408	2600,0
494	-40.25	32.75	408	2600,0
494	-40.25	31.75	408	2600,0
494	-38.25	31.75	408	2600,0
494	-37.75	31.25	408	2600,0
494	-37.75	30.75	408	2600,0
494	-39.75	28.75	408	2600,0
494	-40.25	28.75	408	2600,0
494	-40.25	29.75	408	2600,0
494	-40.75	30.25	408	2600,0
494	-41.75	30.25	408	2600,0
494	-41.75	32.25	408	2600,0
494	-42.75	32.25	408	2600,0
494	-42.75	33.25	408	2600,0
494	-43.25	33.75	408	2600,0
494	-43.25	34.25	408	2600,0
494	-42.75	34.25	408	2600,0
494	-42.25	33.75	408	2600,0
494	-41.75	33.75	408	2600,0
494	-41.75	34.25	408	2600,0
494	-42.75	35.25	408	2600,0
506	-29.25	47.75	419	2650,50
506	-29.25	48.25	419	2650,50
506	-28.75	48.25	419	2650,50
506	-28.75	47.75	419	2650,50
506	-29.25	47.75	419	2650,50
240	-44.25	31.75	240	2600,0
240	-44.25	32.25	240	2600,0
240	-43.75	32.25	240	2600,0
240	-43.25	31.75	240	2600,0
240	-43.25	31.25	240	2600,0
240	-43.75	31.25	240	2600,0
240	-44.25	31.75	240	2600,0
241	-41.75	29.25	240	2600,0
241	-41.75	29.75	240	2600,0
241	-41.25	29.75	240	2600,0
241	-40.25	28.75	240	2600,0
241	-40.25	28.25	240	2600,0
241	-40.75	28.25	240	2600,0
241	-41.75	29.25	240	2600,0
216	-29.75	46.25	221	2600,0
216	-29.75	46.75	221	2600,0
216	-29.25	46.75	221	2600,0
216	-28.75	46.25	221	2600,0
216	-28.25	46.25	221	2600,0
216	-28.25	47.25	221	2600,0
216	-26.75	47.25	221	2600,0
216	-26.25	46.75	221	2600,0
216	-25.25	46.75	221	2600,0
216	-25.25	46.25	221	2600,0
216	-25.75	45.75	221	2600,0
216	-26.75	45.75	221	2600,0
216	-26.75	45.25	221	2600,0
216	-25.75	44.25	221	2600,0
216	-25.75	43.75	221	2600,0
216	-26.25	43.25	221	2600,0
216	-26.75	43.25	221	2600,0
216	-26.75	44.25	221	2600,0
216	-27.75	45.25	221	2600,0
216	-28.25	45.25	221	2600,0
216	-28.25	44.25	221	2600,0
216	-28.75	44.25	221	2600,0
216	-29.25	44.75	221	2600,0
216	-29.25	45.75	221	2600,0
216	-29.75	46.25	221	2600,0
484	-34.25	40.75	40	2600,0
484	-34.25	41.25	40	2600,0
484	-33.75	41.75	40	2600,0
484	-33.25	41.75	40	2600,0
484	-32.75	41.25	40	2600,0
484	-32.25	41.25	40	2600,0
484	-31.25	42.25	40	2600,0
484	-30.25	42.25	40	2600,0
484	-29.25	43.25	40	2600,0
484	-28.25	43.25	40	2600,0
484	-27.75	43.75	40	2600,0
484	-27.25	43.75	40	2600,0
484	-27.25	42.75	40	2600,0
484	-26.75	42.25	40	2600,0
484	-26.75	41.75	40	2600,0
484	-27.25	41.25	40	2600,0
484	-27.25	40.75	40	2600,0
484	-26.75	40.75	40	2600,0
484	-26.25	41.25	40	2600,0
484	-25.75	41.25	40	2600,0
484	-25.75	40.75	40	2600,0
484	-26.25	40.25	40	2600,0
484	-26.25	39.75	40	2600,0
484	-25.25	39.75	40	2600,0
484	-24.75	39.25	40	2600,0
484	-23.25	39.25	40	2600,0
484	-23.25	40.75	40	2600,0
484	-24.25	40.75	40	2600,0
484	-25.25	41.75	40	2600,0
484	-25.25	43.25	40	2600,0
484	-24.25	44.25	40	2600,0
484	-24.25	45.25	40	2600,0
484	-23.25	45.25	40	2600,0
484	-22.75	45.75	40	2600,0
484	-22.25	45.75	40	2600,0
484	-22.25	45.25	40	2600,0
484	-23.25	44.25	40	2600,0
484	-23.25	43.75	40	2600,0
484	-22.25	43.75	40	2600,0
484	-21.25	42.75	40	2600,0
484	-21.25	41.75	40	2600,0
484	-19.75	40.25	40	2600,0
484	-19.75	36.75	40	2600,0
484	-20.75	36.75	40	2600,0
484	-20.75	35.75	40	2600,0
484	-21.25	35.25	40	2600,0
484	-21.25	33.25	40	2600,0
484	-22.25	33.25	40	2600,0
484	-22.75	32.75	40	2600,0
484	-22.75	32.25	40	2600,0
484	-21.75	32.25	40	2600,0
484	-21.75	31.75	40	2600,0
484	-22.75	30.75	40	2600,0
484	-23.25	30.75	40	2600,0
484	-24.25	31.75	40	2600,0
484	-24.75	31.75	40	2600,0
484	-24.75	31.25	40	2600,0
484	-23.75	30.25	40	2600,0
484	-23.75	29.75	40	2600,0
484	-24.75	28.75	40	2600,0
484	-25.25	28.75	40	2600,0
484	-26.25	29.75	40	2600,0
484	-26.75	29.75	40	2600,0
484	-26.75	29.25	40	2600,0
484	-25.75	28.25	40	2600,0
484	-25.75	26.75	40	2600,0
484	-26.25	26.75	40	2600,0
484	-26.75	27.25	40	2600,0
484	-26.75	28.25	40	2600,0
484	-27.25	28.75	40	2600,0
484	-28.75	28.75	40	2600,0
484	-28.75	28.25	40	2600,0
484	-28.25	27.75	40	2600,0
484	-28.25	27.25	40	2600,0
484	-28.75	27.25	40	2600,0
484	-29.25	27.75	40	2600,0
484	-30.25	27.75	40	2600,0
484	-30.75	28.25	40	2600,0
484	-30.75	28.75	40	2600,0
484	-30.25	29.25	40	2600,0
484	-29.25	29.25	40	2600,0
484	-29.25	30.75	40	2600,0
484	-30.25	31.75	40	2600,0
484	-30.25	32.75	40	2600,0
484	-31.25	32.75	40	2600,0
484	-31.25	33.75	40	2600,0
484	-31.75	34.25	40	2600,0
484	-31.75	35.25	40	2600,0
484	-32.75	35.25	40	2600,0
484	-32.75	35.75	40	2600,0
484	-32.25	36.25	40	2600,0
484	-32.25	36.75	40	2600,0
484	-33.25	36.75	40	2600,0
484	-33.75	37.25	40	2600,0
484	-33.75	39.75	40	2600,0
484	-33.25	40.25	40	2600,0
484	-33.25	40.75	40	2600,0
484	-34.25	40.75	40	2600,0
485	-22.75	40.75	40	2600,0
485	-22.75	40.25	40	2600,0
485	-22.25	40.25	40	2600,0
485	-21.75	40.75	40	2600,0
485	-21.75	41.25	40	2600,0
485	-22.25	41.25	40	2600,0
485	-22.75	40.75	40	2600,0
435	-42.25	30.75	369	2600,0
435	-42.25	31.25	369	2600,0
435	-41.75	31.25	369	2600,0
435	-41.75	30.75	369	2600,0
435	-42.25	30.75	369	2600,0
26	-39.75	33.25	106	2650,50
26	-39.75	33.75	106	2650,50
26	-38.25	35.25	106	2650,50
26	-37.75	35.25	106	2650,50
26	-36.25	33.75	106	2650,50
26	-36.25	33.25	106	2650,50
26	-36.75	32.75	106	2650,50
26	-36.75	31.75	106	2650,50
26	-37.75	31.75	106	2650,50
26	-39.25	30.25	106	2650,50
26	-39.75	30.25	106	2650,50
26	-39.75	30.75	106	2650,50
26	-39.25	31.25	106	2650,50
26	-39.25	32.25	106	2650,50
26	-38.25	32.25	106	2650,50
26	-38.25	32.75	106	2650,50
26	-38.75	33.25	106	2650,50
26	-39.75	33.25	106	2650,50
24	-11.75	11.25	104	2650,100
24	-11.75	11.75	104	2650,100
24	-11.25	12.25	104	2650,100
24	-9.25	12.25	104	2650,100
24	-8.75	12.75	104	2650,100
24	-8.75	13.25	104	2650,100
24	-9.75	13.25	104	2650,100
24	-9.75	13.75	104	2650,100
24	-8.75	14.75	104	2650,100
24	-8.25	14.75	104	2650,100
24	-8.25	13.75	104	2650,100
24	-7.75	13.25	104	2650,100
24	-7.75	12.75	104	2650,100
24	-8.75	11.75	104	2650,100
24	-8.75	11.25	104	2650,100
24	-7.25	9.75	104	2650,100
24	-7.25	8.25	104	2650,100
24	-7.75	8.25	104	2650,100
24	-8.25	8.75	104	2650,100
24	-8.75	8.75	104	2650,100
24	-9.25	8.25	104	2650,100
24	-9.25	7.75	104	2650,100
24	-8.75	7.25	104	2650,100
24	-8.75	6.75	104	2650,100
24	-9.75	6.75	104	2650,100
24	-10.25	6.25	104	2650,100
24	-10.25	5.75	104	2650,100
24	-6.75	5.75	104	2650,100
24	-6.75	6.75	104	2650,100
24	-6.25	6.75	104	2650,100
24	-5.75	6.25	104	2650,100
24	-5.25	6.25	104	2650,100
24	-4.75	6.75	104	2650,100
24	-4.25	6.75	104	2650,100
24	-4.25	5.75	104	2650,100
24	-3.25	4.75	104	2650,100
24	-3.25	4.25	104	2650,100
24	-4.25	3.25	104	2650,100
24	-6.75	3.25	104	2650,100
24	-7.25	3.75	104	2650,100
24	-7.25	4.75	104	2650,100
24	-7.75	4.75	104	2650,100
24	-9.25	3.25	104	2650,100
24	-9.75	3.25	104	2650,100
24	-9.75	3.75	104	2650,100
24	-9.25	4.25	104	2650,100
24	-9.25	4.75	104	2650,100
24	-10.25	4.75	104	2650,100
24	-10.75	5.25	104	2650,100
24	-11.25	5.25	104	2650,100
24	-11.75	4.75	104	2650,100
24	-12.25	4.75	104	2650,100
24	-12.25	5.25	104	2650,100
24	-10.75	6.75	104	2650,100
24	-10.75	7.75	104	2650,100
24	-10.25	8.25	104	2650,100
24	-10.25	9.25	104	2650,100
24	-9.75	9.75	104	2650,100
24	-9.75	10.25	104	2650,100
24	-10.75	10.25	104	2650,100
24	-11.75	11.25	104	2650,100
468	0.75	22.75	395	2650,100
468	0.75	23.25	395	2650,100
468	1.75	24.25	395	2650,100
468	2.25	24.25	395	2650,100
468	4.75	21.75	395	2650,100
468	4.75	20.25	395	2650,100
468	4.25	19.75	395	2650,100
468	3.75	19.75	395	2650,100
468	3.75	20.25	395	2650,100
468	4.25	20.75	395	2650,100
468	4.25	21.25	395	2650,100
468	3.25	22.25	395	2650,100
468	1.75	22.25	395	2650,100
468	1.25	21.75	395	2650,100
468	0.75	21.75	395	2650,100
468	0.75	22.75	395	2650,100
468	-45.25	21.75	395	2700,100
468	-45.25	22.25	395	2700,100
468	-44.75	22.25	395	2700,100
468	-44.25	21.75	395	2700,100
468	-44.25	20.25	395	2700,100
468	-44.75	19.75	395	2700,100
468	-45.25	19.75	395	2700,100
468	-45.25	21.75	395	2700,100
310	-41.25	29.75	285	2600,0
310	-41.25	30.25	285	2600,0
310	-40.75	30.25	285	2600,0
310	-40.25	29.75	285	2600,0
310	-40.25	29.25	285	2600,0
310	-40.75	29.25	285	2600,0
310	-41.25	29.75	285	2600,0
482	-18.75	15.25	4	2650,50
482	-18.75	15.75	4	2650,50
482	-17.25	15.75	4	2650,50
482	-16.75	15.25	4	2650,50
482	-15.75	15.25	4	2650,50
482	-15.75	13.75	4	2650,50
482	-16.25	13.75	4	2650,50
482	-17.25	14.75	4	2650,50
482	-17.75	14.75	4	2650,50
482	-17.75	13.25	4	2650,50
482	-17.25	12.75	4	2650,50
482	-17.25	12.25	4	2650,50
482	-17.75	12.25	4	2650,50
482	-18.75	13.25	4	2650,50
482	-18.75	15.25	4	2650,50
482	-13.25	45.75	4	2650,0
482	-13.25	46.25	4	2650,0
482	-12.75	46.25	4	2650,0
482	-12.75	45.75	4	2650,0
482	-13.25	45.75	4	2650,0
483	-12.75	-0.75	4	2650,50
483	-12.75	-0.25	4	2650,50
483	-12.25	-0.25	4	2650,50
483	-12.25	-0.75	4	2650,50
483	-12.75	-0.75	4	2650,50
483	-8.25	49.25	4	2650,0
483	-8.25	48.75	4	2650,0
483	-7.25	47.75	4	2650,0
483	-6.75	47.75	4	2650,0
483	-6.75	49.25	4	2650,0
483	-8.25	49.25	4	2650,0
474	-11.75	-0.25	4	2650,50
474	-11.75	-0.75	4	2650,50
474	-8.25	-0.75	4	2650,50
474	-8.25	-0.25	4	2650,50
474	-8.75	0.25	4	2650,50
474	-8.75	0.75	4	2650,50
474	-7.75	0.75	4	2650,50
474	-7.25	1.25	4	2650,50
474	-7.25	1.75	4	2650,50
474	-8.25	1.75	4	2650,50
474	-8.25	2.75	4	2650,50
474	-8.75	2.75	4	2650,50
474	-11.75	-0.25	4	2650,50
474	-0.25	41.75	4	2650,0
474	-0.25	42.25	4	2650,0
474	0.25	42.25	4	2650,0
474	0.75	41.75	4	2650,0
474	1.25	41.75	4	2650,0
474	1.25	42.25	4	2650,0
474	0.75	42.75	4	2650,0
474	0.75	43.25	4	2650,0
474	1.25	43.75	4	2650,0
474	1.75	43.75	4	2650,0
474	1.75	42.75	4	2650,0
474	2.25	42.75	4	2650,0
474	3.25	43.75	4	2650,0
474	3.25	44.75	4	2650,0
474	4.75	44.75	4	2650,0
474	4.75	40.25	4	2650,0
474	3.75	40.25	4	2650,0
474	3.25	39.75	4	2650,0
474	2.75	39.75	4	2650,0
474	2.75	40.75	4	2650,0
474	0.75	40.75	4	2650,0
474	-0.25	41.75	4	2650,0
475	-7.75	-0.25	4	2650,50
475	-7.75	-0.75	4	2650,50
475	-7.25	-0.75	4	2650,50
475	-7.25	-0.25	4	2650,50
475	-7.75	-0.25	4	2650,50
475	4.25	25.25	4	2650,0
475	4.25	25.75	4	2650,0
475	4.75	25.75	4	2650,0
475	4.75	25.25	4	2650,0
475	4.25	25.25	4	2650,0
262	-21.25	47.75	258	2600,0
262	-21.25	48.25	258	2600,0
262	-20.75	48.25	258	2600,0
262	-19.75	47.25	258	2600,0
262	-18.25	47.25	258	2600,0
262	-16.75	48.75	258	2600,0
262	-16.25	48.75	258	2600,0
262	-16.25	48.25	258	2600,0
262	-16.75	47.75	258	2600,0
262	-16.75	47.25	258	2600,0
262	-16.25	47.25	258	2600,0
262	-15.25	48.25	258	2600,0
262	-15.25	49.25	258	2600,0
262	-14.75	49.25	258	2600,0
262	-13.75	48.25	258	2600,0
262	-13.75	47.75	258	2600,0
262	-14.25	47.25	258	2600,0
262	-14.25	46.75	258	2600,0
262	-13.25	46.75	258	2600,0
262	-12.75	46.25	258	2600,0
262	-12.75	45.75	258	2600,0
262	-13.75	45.75	258	2600,0
262	-14.25	45.25	258	2600,0
262	-14.25	44.75	258	2600,0
262	-12.75	44.75	258	2600,0
262	-12.25	45.25	258	2600,0
262	-11.75	45.25	258	2600,0
262	-11.75	44.75	258	2600,0
262	-12.75	43.75	258	2600,0
262	-14.25	43.75	258	2600,0
262	-15.75	45.25	258	2600,0
262	-16.25	45.25	258	2600,0
262	-16.25	44.75	258	2600,0
262	-15.75	44.25	258	2600,0
262	-15.75	43.75	258	2600,0
262	-16.25	43.75	258	2600,0
262	-16.75	44.25	258	2600,0
262	-17.75	44.25	258	2600,0
262	-17.75	44.75	258	2600,0
262	-17.25	45.25	258	2600,0
262	-17.25	46.75	258	2600,0
262	-17.75	46.75	258	2600,0
262	-19.25	45.25	258	2600,0
262	-19.75	45.25	258	2600,0
262	-19.75	46.25	258	2600,0
262	-20.75	46.25	258	2600,0
262	-20.75	47.25	258	2600,0
262	-21.25	47.75	258	2600,0
262	-14.75	-0.75	258	2600,50
262	-14.75	-0.25	258	2600,50
262	-14.25	0.25	258	2600,50
262	-13.75	0.25	258	2600,50
262	-13.25	-0.25	258	2600,50
262	-13.25	-0.75	258	2600,50
262	-14.75	-0.75	258	2600,50
263	-13.25	48.75	258	2600,0
263	-13.25	49.25	258	2600,0
263	-12.75	49.25	258	2600,0
263	-12.75	48.75	258	2600,0
263	-13.25	48.75	258	2600,0
263	-12.75	-0.25	258	2600,50
263	-12.75	-0.75	258	2600,50
263	-12.25	-0.75	258	2600,50
263	-12.25	-0.25	258	2600,50
263	-12.75	-0.25	258	2600,50
536	-0.25	18.75	443	2650,100
536	-0.25	19.25	443	2650,100
536	0.25	19.25	443	2650,100
536	1.25	18.25	443	2650,100
536	1.75	18.25	443	2650,100
536	1.75	20.25	443	2650,100
536	2.25	20.75	443	2650,100
536	2.75	20.75	443	2650,100
536	2.75	19.75	443	2650,100
536	3.25	19.25	443	2650,100
536	3.25	18.75	443	2650,100
536	2.75	18.25	443	2650,100
536	2.75	16.75	443	2650,100
536	4.25	16.75	443	2650,100
536	4.25	17.25	443	2650,100
536	3.75	17.75	443	2650,100
536	3.75	18.25	443	2650,100
536	4.25	18.75	443	2650,100
536	4.75	18.75	443	2650,100
536	4.75	16.25	443	2650,100
536	4.25	15.75	443	2650,100
536	3.25	15.75	443	2650,100
536	2.75	15.25	443	2650,100
536	2.75	14.75	443	2650,100
536	3.75	14.75	443	2650,100
536	4.25	14.25	443	2650,100
536	4.25	13.75	443	2650,100
536	2.75	13.75	443	2650,100
536	1.25	15.25	443	2650,100
536	1.25	15.75	443	2650,100
536	2.25	15.75	443	2650,100
536	2.25	16.25	443	2650,100
536	1.75	16.75	443	2650,100
536	0.75	16.75	443	2650,100
536	0.75	17.75	443	2650,100
536	-0.25	18.75	443	2650,100
536	-45.25	16.75	443	2700,100
536	-45.25	17.25	443	2700,100
536	-44.75	17.75	443	2700,100
536	-43.75	17.75	443	2700,100
536	-43.75	18.75	443	2700,100
536	-43.25	18.75	443	2700,100
536	-42.75	18.25	443	2700,100
536	-42.75	17.75	443	2700,100
536	-43.75	16.75	443	2700,100
536	-44.75	16.75	443	2700,100
536	-44.75	15.75	443	2700,100
536	-45.25	15.75	443	2700,100
536	-45.25	16.75	443	2700,100
524	-18.25	-0.25	434	2550,0
524	-18.25	0.25	434	2550,0
524	-17.75	0.25	434	2550,0
524	-17.75	-0.25	434	2550,0
524	-18.25	-0.25	434	2550,0
275	-17.75	0.25	264	2550,0
275	-17.75	0.75	264	2550,0
275	-16.25	2.25	264	2550,0
275	-15.75	2.25	264	2550,0
275	-15.75	0.75	264	2550,0
275	-16.75	0.75	264	2550,0
275	-17.25	0.25	264	2550,0
275	-17.75	0.25	264	2550,0
67	-15.75	2.25	134	2550,0
67	-15.75	2.75	134	2550,0
67	-15.25	2.75	134	2550,0
67	-14.75	2.25	134	2550,0
67	-14.75	1.75	134	2550,0
67	-15.25	1.25	134	2550,0
67	-15.75	1.25	134	2550,0
67	-15.75	2.25	134	2550,0
114	-15.25	2.75	16	2550,0
114	-15.25	3.25	16	2550,0
114	-13.75	4.75	16	2550,0
114	-13.25	4.75	16	2550,0
114	-13.25	3.75	16	2550,0
114	-12.75	3.25	16	2550,0
114	-12.25	3.25	16	2550,0
114	-11.75	3.75	16	2550,0
114	-10.25	3.75	16	2550,0
114	-9.75	3.25	16	2550,0
114	-9.75	2.75	16	2550,0
114	-11.25	1.25	16	2550,0
114	-11.75	1.25	16	2550,0
114	-13.25	2.75	16	2550,0
114	-13.75	2.75	16	2550,0
114	-14.25	2.25	16	2550,0
114	-14.75	2.25	16	2550,0
114	-15.25	2.75	16	2550,0
448	-13.25	4.75	38	2550,0
448	-13.25	5.25	38	2550,0
448	-9.25	9.25	38	2550,0
448	-8.75	9.25	38	2550,0
448	-8.75	8.75	38	2550,0
448	-9.75	7.75	38	2550,0
448	-9.75	6.75	38	2550,0
448	-10.75	6.75	38	2550,0
448	-11.25	6.25	38	2550,0
448	-11.25	5.75	38	2550,0
448	-10.25	5.75	38	2550,0
448	-9.75	5.25	38	2550,0
448	-9.25	5.25	38	2550,0
448	-9.25	6.25	38	2550,0
448	-8.25	7.25	38	2550,0
448	-6.75	7.25	38	2550,0
448	-6.25	6.75	38	2550,0
448	-6.25	6.25	38	2550,0
448	-6.75	5.75	38	2550,0
448	-6.75	4.75	38	2550,0
448	-7.25	4.25	38	2550,0
448	-9.25	4.25	38	2550,0
448	-9.25	3.25	38	2550,0
448	-9.75	3.25	38	2550,0
448	-10.25	3.75	38	2550,0
448	-11.75	3.75	38	2550,0
448	-12.25	3.25	38	2550,0
448	-12.75	3.25	38	2550,0
448	-13.25	3.75	38	2550,0
448	-13.25	4.75	38	2550,0
635	-8.75	9.25	69	2550,0
635	-8.75	9.75	69	2550,0
635	-8.25	10.25	69	2550,0
635	-7.75	10.25	69	2550,0
635	-7.25	9.75	69	2550,0
635	-7.25	9.25	69	2550,0
635	-7.75	8.75	69	2550,0
635	-7.75	8.25	69	2550,0
635	-7.25	7.75	69	2550,0
635	-7.25	7.25	69	2550,0
635	-8.25	7.25	69	2550,0
635	-9.25	6.25	69	2550,0
635	-9.25	5.25	69	2550,0
635	-9.75	5.25	69	2550,0
635	-10.25	5.75	69	2550,0
635	-11.25	5.75	69	2550,0
635	-11.25	6.25	69	2550,0
635	-10.75	6.75	69	2550,0
635	-9.75	6.75	69	2550,0
635	-9.75	7.75	69	2550,0
635	-8.75	8.75	69	2550,0
635	-8.75	9.25	69	2550,0
139	-7.75	10.25	172	2550,0
139	-7.75	10.75	172	2550,0
139	-6.75	11.75	172	2550,0
139	-6.25	11.75	172	2550,0
139	-6.25	11.25	172	2550,0
139	-6.75	10.75	172	2550,0
139	-6.75	10.25	172	2550,0
139	-5.75	9.25	172	2550,0
139	-3.75	9.25	172	2550,0
139	-1.75	7.25	172	2550,0
139	-1.75	6.75	172	2550,0
139	-2.25	6.25	172	2550,0
139	-2.75	6.25	172	2550,0
139	-3.25	6.75	172	2550,0
139	-3.75	6.75	172	2550,0
139	-4.25	6.25	172	2550,0
139	-4.75	6.25	172	2550,0
139	-5.25	6.75	172	2550,0
139	-5.25	7.75	172	2550,0
139	-7.25	7.75	172	2550,0
139	-7.75	8.25	172	2550,0
139	-7.75	8.75	172	2550,0
139	-7.25	9.25	172	2550,0
139	-7.25	9.75	172	2550,0
139	-7.75	10.25	172	2550,0
55	-6.25	11.75	126	2550,0
55	-6.25	12.25	126	2550,0
55	-2.75	15.75	126	2550,0
55	-2.25	15.75	126	2550,0
55	-1.75	15.25	126	2550,0
55	-1.75	13.75	126	2550,0
55	-2.25	13.25	126	2550,0
55	-2.25	12.75	126	2550,0
55	-1.75	12.25	126	2550,0
55	-1.75	11.75	126	2550,0
55	-3.75	11.75	126	2550,0
55	-4.25	11.25	126	2550,0
55	-5.25	11.25	126	2550,0
55	-5.25	9.25	126	2550,0
55	-5.75	9.25	126	2550,0
55	-6.75	10.25	126	2550,0
55	-6.75	10.75	126	2550,0
55	-6.25	11.25	126	2550,0
55	-6.25	11.75	126	2550,0
56	-3.75	13.25	126	2550,0
56	-3.75	13.75	126	2550,0
56	-3.25	13.75	126	2550,0
56	-2.75	13.25	126	2550,0
56	-2.75	12.75	126	2550,0
56	-3.25	12.75	126	2550,0
56	-3.75	13.25	126	2550,0
186	-2.25	15.75	20	2550,0
186	-2.25	16.25	20	2550,0
186	-0.75	17.75	20	2550,0
186	-0.25	17.75	20	2550,0
186	-0.25	17.25	20	2550,0
186	-1.25	16.25	20	2550,0
186	-1.25	15.75	20	2550,0
186	-0.75	15.25	20	2550,0
186	-0.25	15.25	20	2550,0
186	0.75	16.25	20	2550,0
186	1.25	16.25	20	2550,0
186	1.75	15.75	20	2550,0
186	2.25	15.75	20	2550,0
186	2.25	16.25	20	2550,0
186	0.25	18.25	20	2550,0
186	0.25	18.75	20	2550,0
186	1.25	19.75	20	2550,0
186	1.75	19.75	20	2550,0
186	1.75	19.25	20	2550,0
186	1.25	18.75	20	2550,0
186	1.25	18.25	20	2550,0
186	1.75	18.25	20	2550,0
186	2.25	18.75	20	2550,0
186	2.75	18.75	20	2550,0
186	3.75	17.75	20	2550,0
186	4.25	17.75	20	2550,0
186	4.25	18.75	20	2550,0
186	4.75	18.75	20	2550,0
186	4.75	17.25	20	2550,0
186	4.25	16.75	20	2550,0
186	4.25	16.25	20	2550,0
186	4.75	15.75	20	2550,0
186	4.75	13.25	20	2550,0
186	4.25	13.25	20	2550,0
186	3.75	13.75	20	2550,0
186	3.75	14.75	20	2550,0
186	3.25	15.25	20	2550,0
186	2.75	15.25	20	2550,0
186	1.75	14.25	20	2550,0
186	1.75	12.75	20	2550,0
186	2.25	12.25	20	2550,0
186	2.25	11.75	20	2550,0
186	1.25	11.75	20	2550,0
186	1.25	10.75	20	2550,0
186	0.75	10.75	20	2550,0
186	0.25	11.25	20	2550,0
186	0.25	11.75	20	2550,0
186	0.75	12.25	20	2550,0
186	0.75	12.75	20	2550,0
186	-0.25	12.75	20	2550,0
186	-0.75	13.25	20	2550,0
186	-1.25	13.25	20	2550,0
186	-1.25	12.75	20	2550,0
186	-0.75	12.25	20	2550,0
186	-0.75	11.75	20	2550,0
186	-1.25	11.25	20	2550,0
186	-1.75	11.25	20	2550,0
186	-1.75	12.25	20	2550,0
186	-2.25	12.75	20	2550,0
186	-2.25	13.25	20	2550,0
186	-1.75	13.75	20	2550,0
186	-1.75	15.25	20	2550,0
186	-2.25	15.75	20	2550,0
186	-45.25	18.75	20	2600,0
186	-45.25	19.25	20	2600,0
186	-43.75	19.25	20	2600,0
186	-43.25	18.75	20	2600,0
186	-43.25	18.25	20	2600,0
186	-44.75	16.75	20	2600,0
186	-45.25	16.75	20	2600,0
186	-45.25	18.75	20	2600,0
187	-1.75	9.25	20	2550,0
187	-1.75	9.75	20	2550,0
187	-1.25	9.75	20	2550,0
187	-0.75	9.25	20	2550,0
187	0.25	9.25	20	2550,0
187	0.25	8.25	20	2550,0
187	1.25	8.25	20	2550,0
187	1.75	7.75	20	2550,0
187	2.75	7.75	20	2550,0
187	3.25	7.25	20	2550,0
187	3.25	6.25	20	2550,0
187	4.25	6.25	20	2550,0
187	4.75	5.75	20	2550,0
187	4.75	4.25	20	2550,0
187	4.25	3.75	20	2550,0
187	4.25	3.25	20	2550,0
187	4.75	2.75	20	2550,0
187	4.75	2.25	20	2550,0
187	4.25	2.25	20	2550,0
187	3.75	2.75	20	2550,0
187	1.75	2.75	20	2550,0
187	1.75	3.75	20	2550,0
187	0.25	5.25	20	2550,0
187	0.25	7.25	20	2550,0
187	-0.75	8.25	20	2550,0
187	-1.75	8.25	20	2550,0
187	-1.75	9.25	20	2550,0
187	-45.25	14.75	20	2600,0
187	-45.25	15.25	20	2600,0
187	-44.75	15.25	20	2600,0
187	-43.75	14.25	20	2600,0
187	-42.75	14.25	20	2600,0
187	-42.75	12.25	20	2600,0
187	-42.25	12.25	20	2600,0
187	-41.75	12.75	20	2600,0
187	-41.25	12.75	20	2600,0
187	-41.25	11.75	20	2600,0
187	-40.75	11.75	20	2600,0
187	-40.25	12.25	20	2600,0
187	-39.25	12.25	20	2600,0
187	-38.25	13.25	20	2600,0
187	-36.75	13.25	20	2600,0
187	-36.75	12.75	20	2600,0
187	-37.25	12.25	20	2600,0
187	-37.25	11.75	20	2600,0
187	-36.75	11.25	20	2600,0
187	-36.75	9.75	20	2600,0
187	-37.25	9.25	20	2600,0
187	-37.75	9.25	20	2600,0
187	-38.25	9.75	20	2600,0
187	-38.25	10.75	20	2600,0
187	-38.75	10.75	20	2600,0
187	-39.25	10.25	20	2600,0
187	-39.75	10.25	20	2600,0
187	-40.25	10.75	20	2600,0
187	-40.75	10.75	20	2600,0
187	-40.75	10.25	20	2600,0
187	-38.75	8.25	20	2600,0
187	-37.75	8.25	20	2600,0
187	-36.25	6.75	20	2600,0
187	-36.25	6.25	20	2600,0
187	-37.25	6.25	20	2600,0
187	-37.25	5.25	20	2600,0
187	-37.75	5.25	20	2600,0
187	-38.25	5.75	20	2600,0
187	-38.75	5.75	20	2600,0
187	-39.25	5.25	20	2600,0
187	-39.25	4.25	20	2600,0
187	-39.75	3.75	20	2600,0
187	-40.25	3.75	20	2600,0
187	-40.25	5.25	20	2600,0
187	-39.25	6.25	20	2600,0
187	-39.25	6.75	20	2600,0
187	-40.75	6.75	20	2600,0
187	-40.75	5.75	20	2600,0
187	-41.75	5.75	20	2600,0
187	-42.75	4.75	20	2600,0
187	-43.25	4.75	20	2600,0
187	-43.75	5.25	20	2600,0
187	-44.25	5.25	20	2600,0
187	-44.75	4.75	20	2600,0
187	-45.25	4.75	20	2600,0
187	-45.25	6.25	20	2600,0
187	-44.75	6.75	20	2600,0
187	-43.25	6.75	20	2600,0
187	-42.75	6.25	20	2600,0
187	-42.25	6.25	20	2600,0
187	-42.25	6.75	20	2600,0
187	-42.75	7.25	20	2600,0
187	-42.75	7.75	20	2600,0
187	-41.75	7.75	20	2600,0
187	-41.25	8.25	20	2600,0
187	-41.25	8.75	20	2600,0
187	-41.75	9.25	20	2600,0
187	-43.25	9.25	20	2600,0
187	-43.25	8.25	20	2600,0
187	-44.75	8.25	20	2600,0
187	-44.75	8.75	20	2600,0
187	-42.75	10.75	20	2600,0
187	-42.75	11.25	20	2600,0
187	-43.75	11.25	20	2600,0
187	-44.25	11.75	20	2600,0
187	-44.75	11.75	20	2600,0
187	-44.75	11.25	20	2600,0
187	-44.25	10.75	20	2600,0
187	-44.25	10.25	20	2600,0
187	-44.75	9.75	20	2600,0
187	-45.25	9.75	20	2600,0
187	-45.25	14.75	20	2600,0
188	2.75	12.25	20	2550,0
188	2.75	10.75	20	2550,0
188	3.75	9.75	20	2550,0
188	4.25	9.75	20	2550,0
188	4.75	10.25	20	2550,0
188	4.75	11.75	20	2550,0
188	4.25	12.25	20	2550,0
188	2.75	12.25	20	2550,0
227	-0.25	17.75	23	2550,0
227	-0.25	18.25	23	2550,0
227	0.25	18.25	23	2550,0
227	2.25	16.25	23	2550,0
227	2.25	15.75	23	2550,0
227	1.75	15.75	23	2550,0
227	1.25	16.25	23	2550,0
227	0.75	16.25	23	2550,0
227	-0.25	15.25	23	2550,0
227	-0.75	15.25	23	2550,0
227	-1.25	15.75	23	2550,0
227	-1.25	16.25	23	2550,0
227	-0.25	17.25	23	2550,0
227	-0.25	17.75	23	2550,0
632	1.75	19.75	67	2550,0
632	1.75	20.25	67	2550,0
632	3.25	21.75	67	2550,0
632	4.75	21.75	67	2550,0
632	4.75	19.25	67	2550,0
632	4.25	18.75	67	2550,0
632	4.25	17.75	67	2550,0
632	3.75	17.75	67	2550,0
632	2.75	18.75	67	2550,0
632	2.25	18.75	67	2550,0
632	1.75	18.25	67	2550,0
632	1.25	18.25	67	2550,0
632	1.25	18.75	67	2550,0
632	1.75	19.25	67	2550,0
632	1.75	19.75	67	2550,0
632	-45.25	21.75	67	2600,0
632	-45.25	22.25	67	2600,0
632	-44.75	22.75	67	2600,0
632	-44.25	22.75	67	2600,0
632	-44.25	22.25	67	2600,0
632	-44.75	21.75	67	2600,0
632	-44.75	20.75	67	2600,0
632	-45.25	20.75	67	2600,0
632	-45.25	21.75	67	2600,0
633	3.25	19.25	67	2550,0
633	3.25	19.75	67	2550,0
633	3.75	20.25	67	2550,0
633	4.25	20.25	67	2550,0
633	4.25	19.75	67	2550,0
633	3.75	19.25	67	2550,0
633	3.25	19.25	67	2550,0
61	3.75	21.75	13	2550,0
61	3.75	22.25	13	2550,0
61	4.25	22.75	13	2550,0
61	4.75	22.75	13	2550,0
61	4.75	22.25	13	2550,0
61	4.25	21.75	13	2550,0
61	3.75	21.75	13	2550,0
61	-45.25	22.75	13	2600,0
61	-45.25	23.25	13	2600,0
61	-42.75	25.75	13	2600,0
61	-42.25	25.75	13	2600,0
61	-42.25	25.25	13	2600,0
61	-43.25	24.25	13	2600,0
61	-43.25	23.75	13	2600,0
61	-42.75	23.25	13	2600,0
61	-42.75	22.75	13	2600,0
61	-43.25	22.25	13	2600,0
61	-43.25	21.75	13	2600,0
61	-42.75	21.25	13	2600,0
61	-41.75	21.25	13	2600,0
61	-41.75	20.75	13	2600,0
61	-43.25	19.25	13	2600,0
61	-44.75	19.25	13	2600,0
61	-45.25	19.75	13	2600,0
61	-45.25	20.25	13	2600,0
61	-44.75	20.75	13	2600,0
61	-44.75	21.75	13	2600,0
61	-44.25	22.25	13	2600,0
61	-44.25	22.75	13	2600,0
61	-45.25	22.75	13	2600,0
210	-42.25	25.75	22	2600,0
210	-42.25	26.25	22	2600,0
210	-41.75	26.25	22	2600,0
210	-33.25	17.75	22	2600,0
210	-33.25	17.25	22	2600,0
210	-33.75	17.25	22	2600,0
210	-37.75	21.25	22	2600,0
210	-39.25	21.25	22	2600,0
210	-39.25	20.25	22	2600,0
210	-39.75	20.25	22	2600,0
210	-40.25	20.75	22	2600,0
210	-40.25	21.25	22	2600,0
210	-39.25	22.25	22	2600,0
210	-39.25	22.75	22	2600,0
210	-41.25	24.75	22	2600,0
210	-41.75	24.75	22	2600,0
210	-42.75	23.75	22	2600,0
210	-43.25	23.75	22	2600,0
210	-43.25	24.25	22	2600,0
210	-42.25	25.25	22	2600,0
210	-42.25	25.75	22	2600,0
211	-41.25	26.75	22	2600,0
211	-41.25	27.25	22	2600,0
211	-40.75	27.25	22	2600,0
211	-40.75	26.75	22	2600,0
211	-41.25	26.75	22	2600,0
212	-39.75	28.25	22	2600,0
212	-39.75	28.75	22	2600,0
212	-37.25	31.25	22	2600,0
212	-36.75	31.25	22	2600,0
212	-36.75	30.25	22	2600,0
212	-35.75	30.25	22	2600,0
212	-35.75	29.75	22	2600,0
212	-37.25	28.25	22	2600,0
212	-37.25	27.75	22	2600,0
212	-36.75	27.25	22	2600,0
212	-35.75	27.25	22	2600,0
212	-34.25	25.75	22	2600,0
212	-34.25	24.75	22	2600,0
212	-33.75	24.75	22	2600,0
212	-33.25	25.25	22	2600,0
212	-32.75	25.25	22	2600,0
212	-32.75	24.75	22	2600,0
212	-33.25	24.25	22	2600,0
212	-33.25	23.75	22	2600,0
212	-32.75	23.25	22	2600,0
212	-32.75	22.25	22	2600,0
212	-32.25	21.75	22	2600,0
212	-31.75	21.75	22	2600,0
212	-31.75	22.75	22	2600,0
212	-31.25	23.25	22	2600,0
212	-30.25	23.25	22	2600,0
212	-29.75	23.75	22	2600,0
212	-29.25	23.75	22	2600,0
212	-29.25	22.25	22	2600,0
212	-29.75	21.75	22	2600,0
212	-29.75	21.25	22	2600,0
212	-29.25	20.75	22	2600,0
212	-28.75	20.75	22	2600,0
212	-28.75	21.75	22	2600,0
212	-28.25	21.75	22	2600,0
212	-27.75	21.25	22	2600,0
212	-26.75	21.25	22	2600,0
212	-26.75	20.75	22	2600,0
212	-27.25	20.25	22	2600,0
212	-28.25	20.25	22	2600,0
212	-28.25	19.75	22	2600,0
212	-27.75	19.25	22	2600,0
212	-24.75	19.25	22	2600,0
212	-24.75	18.75	22	2600,0
212	-26.25	17.25	22	2600,0
212	-26.25	16.75	22	2600,0
212	-25.25	16.75	22	2600,0
212	-24.75	16.25	22	2600,0
212	-24.75	15.75	22	2600,0
212	-26.25	15.75	22	2600,0
212	-26.75	16.25	22	2600,0
212	-27.75	16.25	22	2600,0
212	-33.25	21.75	22	2600,0
212	-33.25	22.75	22	2600,0
212	-33.75	23.25	22	2600,0
212	-34.75	23.25	22	2600,0
212	-39.75	28.25	22	2600,0
213	-31.25	13.75	22	2600,0
213	-31.25	14.25	22	2600,0
213	-30.75	14.75	22	2600,0
213	-30.25	14.75	22	2600,0
213	-25.25	9.75	22	2600,0
213	-25.25	9.25	22	2600,0
213	-25.75	9.25	22	2600,0
213	-29.25	12.75	22	2600,0
213	-30.25	12.75	22	2600,0
213	-31.25	13.75	22	2600,0
214	-24.75	14.25	22	2600,0
214	-24.75	14.75	22	2600,0
214	-23.75	14.75	22	2600,0
214	-23.25	15.25	22	2600,0
214	-23.25	16.25	22	2600,0
214	-22.75	16.25	22	2600,0
214	-21.75	15.25	22	2600,0
214	-21.75	14.75	22	2600,0
214	-22.25	14.25	22	2600,0
214	-22.25	13.75	22	2600,0
214	-21.75	13.25	22	2600,0
214	-21.75	12.75	22	2600,0
214	-22.25	12.75	22	2600,0
214	-22.75	13.25	22	2600,0
214	-23.25	13.25	22	2600,0
214	-23.25	12.25	22	2600,0
214	-23.75	11.75	22	2600,0
214	-24.25	11.75	22	2600,0
214	-24.25	13.75	22	2600,0
214	-24.75	14.25	22	2600,0
695	-36.75	31.25	99	2600,0
695	-36.75	31.75	99	2600,0
695	-36.25	31.75	99	2600,0
695	-34.75	30.25	99	2600,0
695	-34.75	29.75	99	2600,0
695	-35.75	28.75	99	2600,0
695	-35.75	28.25	99	2600,0
695	-34.25	28.25	99	2600,0
695	-34.25	29.25	99	2600,0
695	-33.75	29.25	99	2600,0
695	-19.25	14.75	99	2600,0
695	-19.25	14.25	99	2600,0
695	-19.75	14.25	99	2600,0
695	-20.25	14.75	99	2600,0
695	-20.75	14.75	99	2600,0
695	-21.75	13.75	99	2600,0
695	-22.25	13.75	99	2600,0
695	-22.25	14.25	99	2600,0
695	-21.75	14.75	99	2600,0
695	-21.75	15.25	99	2600,0
695	-22.75	16.25	99	2600,0
695	-23.25	16.25	99	2600,0
695	-23.25	15.25	99	2600,0
695	-23.75	14.75	99	2600,0
695	-24.75	14.75	99	2600,0
695	-24.75	14.25	99	2600,0
695	-24.25	13.75	99	2600,0
695	-24.25	13.25	99	2600,0
695	-24.75	13.25	99	2600,0
695	-26.25	14.75	99	2600,0
695	-26.25	15.25	99	2600,0
695	-25.75	15.75	99	2600,0
695	-24.75	15.75	99	2600,0
695	-24.75	16.25	99	2600,0
695	-25.25	16.75	99	2600,0
695	-26.25	16.75	99	2600,0
695	-26.25	17.25	99	2600,0
695	-24.75	18.75	99	2600,0
695	-24.75	19.25	99	2600,0
695	-27.75	19.25	99	2600,0
695	-28.25	19.75	99	2600,0
695	-28.25	20.25	99	2600,0
695	-27.25	20.25	99	2600,0
695	-26.75	20.75	99	2600,0
695	-26.75	21.25	99	2600,0
695	-27.75	21.25	99	2600,0
695	-28.25	21.75	99	2600,0
695	-28.75	21.75	99	2600,0
695	-28.75	20.75	99	2600,0
695	-29.25	20.75	99	2600,0
695	-29.75	21.25	99	2600,0
695	-29.75	21.75	99	2600,0
695	-29.25	22.25	99	2600,0
695	-29.25	23.75	99	2600,0
695	-29.75	23.75	99	2600,0
695	-30.25	23.25	99	2600,0
695	-31.25	23.25	99	2600,0
695	-31.75	22.75	99	2600,0
695	-31.75	21.75	99	2600,0
695	-32.25	21.75	99	2600,0
695	-32.75	22.25	99	2600,0
695	-32.75	23.25	99	2600,0
695	-33.25	23.75	99	2600,0
695	-33.25	24.25	99	2600,0
695	-32.75	24.75	99	2600,0
695	-32.75	25.25	99	2600,0
695	-33.25	25.25	99	2600,0
695	-33.75	24.75	99	2600,0
695	-34.25	24.75	99	2600,0
695	-34.25	25.75	99	2600,0
695	-35.75	27.25	99	2600,0
695	-36.75	27.25	99	2600,0
695	-37.25	27.75	99	2600,0
695	-37.25	28.25	99	2600,0
695	-35.75	29.75	99	2600,0
695	-35.75	30.25	99	2600,0
695	-36.75	30.25	99	2600,0
695	-36.75	31.25	99	2600,0
359	-17.25	-0.25	318	2550,0
359	-17.25	0.25	318	2550,0
359	-16.75	0.75	318	2550,0
359	-15.75	0.75	318	2550,0
359	-15.25	1.25	318	2550,0
359	-14.75	1.25	318	2550,0
359	-14.75	-0.25	318	2550,0
359	-17.25	-0.25	318	2550,0
540	-3.75	13.25	447	2550,0
540	-3.75	13.75	447	2550,0
540	-3.25	13.75	447	2550,0
540	-2.75	13.25	447	2550,0
540	-2.75	12.75	447	2550,0
540	-3.25	12.75	447	2550,0
540	-3.75	13.25	447	2550,0
358	-14.75	1.25	317	2550,0
358	-14.75	1.75	317	2550,0
358	-14.25	1.75	317	2550,0
358	-13.75	1.25	317	2550,0
358	-13.75	0.75	317	2550,0
358	-14.25	0.25	317	2550,0
358	-14.75	0.25	317	2550,0
358	-14.75	1.25	317	2550,0
309	-14.25	1.75	284	2550,0
309	-14.25	2.25	284	2550,0
309	-13.75	2.75	284	2550,0
309	-13.25	2.75	284	2550,0
309	-11.75	1.25	284	2550,0
309	-11.75	0.75	284	2550,0
309	-12.25	0.75	284	2550,0
309	-12.75	1.25	284	2550,0
309	-13.75	1.25	284	2550,0
309	-14.25	1.75	284	2550,0
645	-5.25	10.75	71	2550,0
645	-5.25	11.25	71	2550,0
645	-4.25	11.25	71	2550,0
645	-3.75	11.75	71	2550,0
645	-3.25	11.75	71	2550,0
645	-3.25	10.25	71	2550,0
645	-4.25	9.25	71	2550,0
645	-4.75	9.25	71	2550,0
645	-5.25	9.75	71	2550,0
645	-5.25	10.75	71	2550,0
171	3.25	19.25	198	2550,0
171	3.25	19.75	198	2550,0
171	3.75	20.25	198	2550,0
171	4.25	20.25	198	2550,0
171	4.25	19.75	198	2550,0
171	3.75	19.25	198	2550,0
171	3.25	19.25	198	2550,0
655	-42.75	23.25	8	2600,0
655	-42.75	23.75	8	2600,0
655	-41.75	24.75	8	2600,0
655	-41.25	24.75	8	2600,0
655	-39.25	22.75	8	2600,0
655	-39.25	22.25	8	2600,0
655	-40.25	21.25	8	2600,0
655	-40.25	20.75	8	2600,0
655	-39.25	19.75	8	2600,0
655	-39.25	19.25	8	2600,0
655	-39.75	18.75	8	2600,0
655	-39.75	18.25	8	2600,0
655	-37.75	16.25	8	2600,0
655	-37.75	15.75	8	2600,0
655	-38.75	15.75	8	2600,0
655	-39.75	14.75	8	2600,0
655	-41.75	14.75	8	2600,0
655	-41.75	14.25	8	2600,0
655	-40.75	13.25	8	2600,0
655	-40.25	13.25	8	2600,0
655	-38.75	14.75	8	2600,0
655	-38.25	14.75	8	2600,0
655	-38.25	13.25	8	2600,0
655	-39.25	12.25	8	2600,0
655	-40.25	12.25	8	2600,0
655	-40.75	11.75	8	2600,0
655	-41.25	11.75	8	2600,0
655	-41.25	12.75	8	2600,0
655	-42.25	12.75	8	2600,0
655	-42.75	13.25	8	2600,0
655	-42.75	14.25	8	2600,0
655	-43.75	14.25	8	2600,0
655	-45.25	15.75	8	2600,0
655	-45.25	16.25	8	2600,0
655	-44.75	16.75	8	2600,0
655	-44.25	16.75	8	2600,0
655	-43.75	16.25	8	2600,0
655	-43.25	16.25	8	2600,0
655	-42.75	16.75	8	2600,0
655	-42.25	16.75	8	2600,0
655	-42.25	16.25	8	2600,0
655	-42.75	15.75	8	2600,0
655	-42.75	15.25	8	2600,0
655	-42.25	15.25	8	2600,0
655	-41.25	16.25	8	2600,0
655	-41.25	16.75	8	2600,0
655	-42.25	17.75	8	2600,0
655	-42.25	18.75	8	2600,0
655	-42.75	19.25	8	2600,0
655	-42.75	19.75	8	2600,0
655	-41.75	20.75	8	2600,0
655	-41.75	21.25	8	2600,0
655	-42.75	21.25	8	2600,0
655	-43.25	21.75	8	2600,0
655	-43.25	22.25	8	2600,0
655	-42.75	22.75	8	2600,0
655	-42.75	23.25	8	2600,0
655	4.25	16.25	8	2550,0
655	4.25	16.75	8	2550,0
655	4.75	16.75	8	2550,0
655	4.75	16.25	8	2550,0
655	4.25	16.25	8	2550,0
656	-41.75	19.25	8	2600,0
656	-41.75	19.75	8	2600,0
656	-40.25	19.75	8	2600,0
656	-40.25	19.25	8	2600,0
656	-41.25	18.25	8	2600,0
656	-41.75	18.25	8	2600,0
656	-41.75	19.25	8	2600,0
274	-14.25	-0.25	263	2550,0
274	-14.25	0.25	263	2550,0
274	-13.25	1.25	263	2550,0
274	-12.75	1.25	263	2550,0
274	-12.25	0.75	263	2550,0
274	-9.75	0.75	263	2550,0
274	-9.25	1.25	263	2550,0
274	-8.25	1.25	263	2550,0
274	-7.75	1.75	263	2550,0
274	-7.25	1.75	263	2550,0
274	-7.25	0.75	263	2550,0
274	-4.75	0.75	263	2550,0
274	-4.25	1.25	263	2550,0
274	-3.75	1.25	263	2550,0
274	-3.25	0.75	263	2550,0
274	-1.75	0.75	263	2550,0
274	-0.75	1.75	263	2550,0
274	-0.25	1.75	263	2550,0
274	0.75	0.75	263	2550,0
274	4.75	0.75	263	2550,0
274	4.75	0.25	263	2550,0
274	4.25	-0.25	263	2550,0
274	-14.25	-0.25	263	2550,0
274	-45.25	-0.25	263	2600,0
274	-45.25	0.25	263	2600,0
274	-44.75	0.25	263	2600,0
274	-44.75	-0.25	263	2600,0
274	-45.25	-0.25	263	2600,0
80	-6.75	7.25	140	2550,0
80	-6.75	7.75	140	2550,0
80	-5.25	7.75	140	2550,0
80	-5.25	6.75	140	2550,0
80	-4.75	6.25	140	2550,0
80	-4.75	5.25	140	2550,0
80	-3.75	4.25	140	2550,0
80	-3.75	3.75	140	2550,0
80	-4.75	2.75	140	2550,0
80	-5.25	2.75	140	2550,0
80	-6.25	3.75	140	2550,0
80	-6.25	4.75	140	2550,0
80	-6.75	5.25	140	2550,0
80	-6.75	5.75	140	2550,0
80	-6.25	6.25	140	2550,0
80	-6.25	6.75	140	2550,0
80	-6.75	7.25	140	2550,0
674	-3.25	10.75	88	2550,0
674	-3.25	11.25	88	2550,0
674	-1.25	11.25	88	2550,0
674	-0.75	11.75	88	2550,0
674	-0.75	12.25	88	2550,0
674	-1.25	12.75	88	2550,0
674	-1.25	13.25	88	2550,0
674	-0.75	13.25	88	2550,0
674	-0.25	12.75	88	2550,0
674	0.75	12.75	88	2550,0
674	0.75	12.25	88	2550,0
674	0.25	11.75	88	2550,0
674	0.25	11.25	88	2550,0
674	0.75	10.75	88	2550,0
674	1.25	10.75	88	2550,0
674	1.25	11.75	88	2550,0
674	2.75	11.75	88	2550,0
674	2.75	10.75	88	2550,0
674	4.25	9.25	88	2550,0
674	4.25	7.25	88	2550,0
674	4.75	6.75	88	2550,0
674	4.75	6.25	88	2550,0
674	3.25	6.25	88	2550,0
674	3.25	7.25	88	2550,0
674	2.75	7.75	88	2550,0
674	1.75	7.75	88	2550,0
674	1.25	8.25	88	2550,0
674	0.25	8.25	88	2550,0
674	0.25	10.25	88	2550,0
674	-0.25	10.75	88	2550,0
674	-0.75	10.75	88	2550,0
674	-0.75	10.25	88	2550,0
674	-0.25	9.75	88	2550,0
674	-0.25	9.25	88	2550,0
674	-0.75	9.25	88	2550,0
674	-1.25	9.75	88	2550,0
674	-1.75	9.75	88	2550,0
674	-1.75	8.25	88	2550,0
674	-0.75	8.25	88	2550,0
674	0.25	7.25	88	2550,0
674	0.25	5.75	88	2550,0
674	-1.75	5.75	88	2550,0
674	-2.75	4.75	88	2550,0
674	-3.25	4.75	88	2550,0
674	-4.25	5.75	88	2550,0
674	-4.25	6.25	88	2550,0
674	-3.75	6.75	88	2550,0
674	-3.25	6.75	88	2550,0
674	-2.75	6.25	88	2550,0
674	-2.25	6.25	88	2550,0
674	-1.75	6.75	88	2550,0
674	-1.75	7.25	88	2550,0
674	-3.75	9.25	88	2550,0
674	-3.75	9.75	88	2550,0
674	-3.25	10.25	88	2550,0
674	-3.25	10.75	88	2550,0
529	-2.75	11.25	437	2550,0
529	-2.75	11.75	437	2550,0
529	-2.25	11.75	437	2550,0
529	-2.25	11.25	437	2550,0
529	-2.75	11.25	437	2550,0
570	-35.75	28.25	469	2600,0
570	-35.75	28.75	469	2600,0
570	-34.75	29.75	469	2600,0
570	-34.25	29.75	469	2600,0
570	-34.25	28.25	469	2600,0
570	-35.75	28.25	469	2600,0
370	-30.25	33.75	323	2650,50
370	-30.25	34.25	323	2650,50
370	-29.75	34.25	323	2650,50
370	-29.25	33.75	323	2650,50
370	-29.25	33.25	323	2650,50
370	-29.75	32.75	323	2650,50
370	-29.75	32.25	323	2650,50
370	-28.25	32.25	323	2650,50
370	-28.25	33.25	323	2650,50
370	-27.75	33.75	323	2650,50
370	-27.25	33.75	323	2650,50
370	-27.25	32.75	323	2650,50
370	-26.75	32.25	323	2650,50
370	-25.75	32.25	323	2650,50
370	-25.75	31.75	323	2650,50
370	-26.25	31.25	323	2650,50
370	-26.25	29.25	323	2650,50
370	-26.75	29.25	323	2650,50
370	-27.75	30.25	323	2650,50
370	-27.75	31.25	323	2650,50
370	-30.75	31.25	323	2650,50
370	-30.75	32.75	323	2650,50
370	-30.25	33.25	323	2650,50
370	-30.25	33.75	323	2650,50
193	-9.25	3.75	204	2550,0
193	-9.25	4.25	204	2550,0
193	-7.25	4.25	204	2550,0
193	-6.75	4.75	204	2550,0
193	-6.25	4.75	204	2550,0
193	-6.25	3.75	204	2550,0
193	-5.25	2.75	204	2550,0
193	-4.75	2.75	204	2550,0
193	-3.75	3.75	204	2550,0
193	-1.75	3.75	204	2550,0
193	-1.25	4.25	204	2550,0
193	-0.75	4.25	204	2550,0
193	0.25	3.25	204	2550,0
193	0.25	2.75	204	2550,0
193	-0.25	2.25	204	2550,0
193	-0.75	2.25	204	2550,0
193	-1.25	2.75	204	2550,0
193	-2.75	2.75	204	2550,0
193	-3.75	1.75	204	2550,0
193	-7.25	1.75	204	2550,0
193	-7.75	2.25	204	2550,0
193	-8.75	2.25	204	2550,0
193	-9.25	2.75	204	2550,0
193	-9.25	3.75	204	2550,0
568	-37.75	25.25	467	2600,0
568	-37.75	25.75	467	2600,0
568	-37.25	25.75	467	2600,0
568	-37.25	25.25	467	2600,0
568	-37.75	25.25	467	2600,0
618	-22.75	40.25	59	2600,0
618	-22.75	40.75	59	2600,0
618	-22.25	41.25	59	2600,0
618	-21.75	41.25	59	2600,0
618	-21.75	40.75	59	2600,0
618	-22.25	40.25	59	2600,0
618	-22.75	40.25	59	2600,0
500	2.25	15.25	413	2600,50
500	2.25	15.75	413	2600,50
500	2.75	16.25	413	2600,50
500	3.25	16.25	413	2600,50
500	3.25	14.75	413	2600,50
500	2.75	14.75	413	2600,50
500	2.25	15.25	413	2600,50
53	-11.25	0.75	124	2550,0
53	-11.25	1.25	124	2550,0
53	-9.75	2.75	124	2550,0
53	-9.25	2.75	124	2550,0
53	-8.75	2.25	124	2550,0
53	-7.75	2.25	124	2550,0
53	-7.75	1.75	124	2550,0
53	-8.25	1.25	124	2550,0
53	-9.25	1.25	124	2550,0
53	-9.75	0.75	124	2550,0
53	-11.25	0.75	124	2550,0
28	1.75	13.75	108	2550,0
28	1.75	14.25	108	2550,0
28	2.75	15.25	108	2550,0
28	3.25	15.25	108	2550,0
28	3.75	14.75	108	2550,0
28	3.75	13.75	108	2550,0
28	4.75	12.75	108	2550,0
28	4.75	12.25	108	2550,0
28	2.25	12.25	108	2550,0
28	1.75	12.75	108	2550,0
28	1.75	13.75	108	2550,0
502	-43.25	18.75	415	2600,0
502	-43.25	19.25	415	2600,0
502	-42.75	19.25	415	2600,0
502	-42.25	18.75	415	2600,0
502	-42.25	17.75	415	2600,0
502	-41.25	16.75	415	2600,0
502	-41.25	16.25	415	2600,0
502	-42.25	15.25	415	2600,0
502	-42.75	15.25	415	2600,0
502	-42.75	15.75	415	2600,0
502	-42.25	16.25	415	2600,0
502	-42.25	16.75	415	2600,0
502	-42.75	16.75	415	2600,0
502	-43.25	16.25	415	2600,0
502	-43.75	16.25	415	2600,0
502	-44.25	16.75	415	2600,0
502	-44.25	17.25	415	2600,0
502	-43.25	18.25	415	2600,0
502	-43.25	18.75	415	2600,0
271	-9.25	2.75	261	2600,50
271	-9.25	3.25	261	2600,50
271	-8.25	3.25	261	2600,50
271	-7.75	3.75	261	2600,50
271	-7.25	3.75	261	2600,50
271	-6.75	3.25	261	2600,50
271	-6.25	3.25	261	2600,50
271	-6.25	4.25	261	2600,50
271	-4.75	4.25	261	2600,50
271	-3.75	3.25	261	2600,50
271	-2.75	3.25	261	2600,50
271	-2.75	1.25	261	2600,50
271	-2.25	1.25	261	2600,50
271	-1.25	2.25	261	2600,50
271	-0.25	2.25	261	2600,50
271	0.25	2.75	261	2600,50
271	0.75	2.75	261	2600,50
271	0.75	2.25	261	2600,50
271	0.25	1.75	261	2600,50
271	0.25	1.25	261	2600,50
271	0.75	0.75	261	2600,50
271	0.75	0.25	261	2600,50
271	0.25	-0.25	261	2600,50
271	-0.75	-0.25	261	2600,50
271	-1.25	-0.75	261	2600,50
271	-2.75	-0.75	261	2600,50
271	-2.75	0.25	261	2600,50
271	-3.75	0.25	261	2600,50
271	-4.25	0.75	261	2600,50
271	-4.75	0.75	261	2600,50
271	-5.25	0.25	261	2600,50
271	-5.25	-0.75	261	2600,50
271	-5.75	-0.75	261	2600,50
271	-6.25	-0.25	261	2600,50
271	-6.75	-0.25	261	2600,50
271	-7.25	-0.75	261	2600,50
271	-8.75	-0.75	261	2600,50
271	-8.75	0.75	261	2600,50
271	-8.25	1.25	261	2600,50
271	-7.75	1.25	261	2600,50
271	-7.75	0.25	261	2600,50
271	-7.25	0.25	261	2600,50
271	-6.75	0.75	261	2600,50
271	-5.75	0.75	261	2600,50
271	-5.25	1.25	261	2600,50
271	-5.25	1.75	261	2600,50
271	-5.75	2.25	261	2600,50
271	-6.25	2.25	261	2600,50
271	-6.75	1.75	261	2600,50
271	-7.25	1.75	261	2600,50
271	-7.25	2.75	261	2600,50
271	-7.75	2.75	261	2600,50
271	-8.25	2.25	261	2600,50
271	-8.75	2.25	261	2600,50
271	-9.25	2.75	261	2600,50
271	-8.75	48.25	261	2600,0
271	-8.75	48.75	261	2600,0
271	-8.25	49.25	261	2600,0
271	-7.75	49.25	261	2600,0
271	-7.25	48.75	261	2600,0
271	-7.25	48.25	261	2600,0
271	-7.75	47.75	261	2600,0
271	-8.25	47.75	261	2600,0
271	-8.75	48.25	261	2600,0
472	-25.75	36.25	399	2650,50
472	-25.75	36.75	399	2650,50
472	-24.75	36.75	399	2650,50
472	-24.25	37.25	399	2650,50
472	-23.75	37.25	399	2650,50
472	-23.25	36.75	399	2650,50
472	-23.25	36.25	399	2650,50
472	-24.25	36.25	399	2650,50
472	-24.25	35.75	399	2650,50
472	-23.75	35.25	399	2650,50
472	-22.75	35.25	399	2650,50
472	-22.75	34.25	399	2650,50
472	-22.25	34.25	399	2650,50
472	-21.75	34.75	399	2650,50
472	-21.25	34.75	399	2650,50
472	-21.25	34.25	399	2650,50
472	-21.75	33.75	399	2650,50
472	-21.75	33.25	399	2650,50
472	-20.75	33.25	399	2650,50
472	-20.25	32.75	399	2650,50
472	-20.25	30.75	399	2650,50
472	-19.75	30.25	399	2650,50
472	-19.75	29.75	399	2650,50
472	-20.25	29.25	399	2650,50
472	-20.75	29.25	399	2650,50
472	-21.75	30.25	399	2650,50
472	-21.75	31.25	399	2650,50
472	-22.75	31.25	399	2650,50
472	-23.75	32.25	399	2650,50
472	-23.75	33.25	399	2650,50
472	-25.75	35.25	399	2650,50
472	-25.75	36.25	399	2650,50
470	-0.75	10.25	397	2550,0
470	-0.75	10.75	397	2550,0
470	-0.25	10.75	397	2550,0
470	0.25	10.25	397	2550,0
470	0.25	9.75	397	2550,0
470	-0.25	9.75	397	2550,0
470	-0.75	10.25	397	2550,0
245	-41.75	19.25	244	2600,0
245	-41.75	19.75	244	2600,0
245	-40.25	19.75	244	2600,0
245	-40.25	19.25	244	2600,0
245	-41.25	18.25	244	2600,0
245	-41.75	18.25	244	2600,0
245	-41.75	19.25	244	2600,0
209	-0.75	10.25	219	2650,100
209	-0.75	10.75	219	2650,100
209	0.25	11.75	219	2650,100
209	2.25	11.75	219	2650,100
209	2.75	12.25	219	2650,100
209	3.25	12.25	219	2650,100
209	3.75	11.75	219	2650,100
209	3.75	11.25	219	2650,100
209	3.25	10.75	219	2650,100
209	3.25	10.25	219	2650,100
209	4.25	10.25	219	2650,100
209	4.25	9.75	219	2650,100
209	2.75	8.25	219	2650,100
209	2.75	7.75	219	2650,100
209	3.25	7.75	219	2650,100
209	3.75	8.25	219	2650,100
209	4.25	8.25	219	2650,100
209	4.75	7.75	219	2650,100
209	4.75	7.25	219	2650,100
209	4.25	6.75	219	2650,100
209	4.25	5.25	219	2650,100
209	4.75	4.75	219	2650,100
209	4.75	3.25	219	2650,100
209	4.25	3.25	219	2650,100
209	3.75	3.75	219	2650,100
209	3.75	4.75	219	2650,100
209	3.25	5.25	219	2650,100
209	3.25	6.25	219	2650,100
209	2.25	6.25	219	2650,100
209	2.25	7.25	219	2650,100
209	1.75	7.75	219	2650,100
209	1.75	9.75	219	2650,100
209	1.25	9.75	219	2650,100
209	0.75	9.25	219	2650,100
209	-0.25	9.25	219	2650,100
209	-0.75	8.75	219	2650,100
209	-1.25	8.75	219	2650,100
209	-1.25	9.25	219	2650,100
209	-0.75	9.75	219	2650,100
209	-0.75	10.25	219	2650,100
209	-45.25	4.75	219	2700,100
209	-45.25	5.25	219	2700,100
209	-44.75	5.75	219	2700,100
209	-44.25	5.75	219	2700,100
209	-44.25	5.25	219	2700,100
209	-44.75	4.75	219	2700,100
209	-44.75	3.75	219	2700,100
209	-45.25	3.75	219	2700,100
209	-45.25	4.75	219	2700,100
646	-4.75	5.25	72	2550,0
646	-4.75	5.75	72	2550,0
646	-4.25	5.75	72	2550,0
646	-3.25	4.75	72	2550,0
646	-2.75	4.75	72	2550,0
646	-1.75	5.75	72	2550,0
646	-0.25	5.75	72	2550,0
646	0.75	4.75	72	2550,0
646	0.75	3.25	72	2550,0
646	0.25	3.25	72	2550,0
646	-0.75	4.25	72	2550,0
646	-1.25	4.25	72	2550,0
646	-1.75	3.75	72	2550,0
646	-3.25	3.75	72	2550,0
646	-4.75	5.25	72	2550,0
19	-39.25	20.75	101	2600,0
19	-39.25	21.25	101	2600,0
19	-37.75	21.25	101	2600,0
19	-34.75	18.25	101	2600,0
19	-34.75	17.75	101	2600,0
19	-35.25	17.25	101	2600,0
19	-35.25	16.25	101	2600,0
19	-35.75	16.25	101	2600,0
19	-36.25	16.75	101	2600,0
19	-36.25	17.25	101	2600,0
19	-35.75	17.75	101	2600,0
19	-35.75	18.25	101	2600,0
19	-36.25	18.75	101	2600,0
19	-36.75	18.75	101	2600,0
19	-36.75	17.75	101	2600,0
19	-37.25	17.75	101	2600,0
19	-38.25	18.75	101	2600,0
19	-39.25	18.75	101	2600,0
19	-39.25	20.75	101	2600,0
512	-35.75	23.25	424	2600,0
512	-35.75	23.75	424	2600,0
512	-35.25	23.75	424	2600,0
512	-35.25	23.25	424	2600,0
512	-35.75	23.25	424	2600,0
590	-39.25	19.75	483	2650,50
590	-39.25	20.25	483	2650,50
590	-38.75	20.25	483	2650,50
590	-37.25	18.75	483	2650,50
590	-36.25	18.75	483	2650,50
590	-36.25	17.75	483	2650,50
590	-35.25	17.75	483	2650,50
590	-34.75	17.25	483	2650,50
590	-34.25	17.25	483	2650,50
590	-33.75	17.75	483	2650,50
590	-33.25	17.75	483	2650,50
590	-32.75	17.25	483	2650,50
590	-32.75	16.75	483	2650,50
590	-33.75	16.75	483	2650,50
590	-33.75	15.75	483	2650,50
590	-34.75	15.75	483	2650,50
590	-34.75	14.75	483	2650,50
590	-35.25	14.25	483	2650,50
590	-35.75	14.25	483	2650,50
590	-36.25	14.75	483	2650,50
590	-36.25	16.75	483	2650,50
590	-36.75	16.75	483	2650,50
590	-37.25	16.25	483	2650,50
590	-37.75	16.25	483	2650,50
590	-37.75	18.25	483	2650,50
590	-38.25	18.75	483	2650,50
590	-39.25	18.75	483	2650,50
590	-39.25	19.75	483	2650,50
325	-7.25	0.75	299	2550,0
325	-7.25	1.25	299	2550,0
325	-6.75	1.75	299	2550,0
325	-4.25	1.75	299	2550,0
325	-4.25	1.25	299	2550,0
325	-4.75	0.75	299	2550,0
325	-7.25	0.75	299	2550,0
631	-39.75	18.25	66	2600,0
631	-39.75	18.75	66	2600,0
631	-38.25	18.75	66	2600,0
631	-37.25	17.75	66	2600,0
631	-36.75	17.75	66	2600,0
631	-36.75	18.75	66	2600,0
631	-36.25	18.75	66	2600,0
631	-35.75	18.25	66	2600,0
631	-35.75	17.75	66	2600,0
631	-36.25	17.25	66	2600,0
631	-36.25	16.75	66	2600,0
631	-35.75	16.25	66	2600,0
631	-35.25	16.25	66	2600,0
631	-35.25	17.25	66	2600,0
631	-34.75	17.75	66	2600,0
631	-34.25	17.75	66	2600,0
631	-33.25	16.75	66	2600,0
631	-33.25	16.25	66	2600,0
631	-34.25	15.25	66	2600,0
631	-34.25	14.75	66	2600,0
631	-33.75	14.25	66	2600,0
631	-33.75	13.75	66	2600,0
631	-34.75	12.75	66	2600,0
631	-35.25	12.75	66	2600,0
631	-35.25	13.75	66	2600,0
631	-35.75	14.25	66	2600,0
631	-36.25	14.25	66	2600,0
631	-36.25	13.25	66	2600,0
631	-37.75	13.25	66	2600,0
631	-38.25	13.75	66	2600,0
631	-38.25	14.25	66	2600,0
631	-37.75	14.75	66	2600,0
631	-37.75	16.25	66	2600,0
631	-39.75	18.25	66	2600,0
287	-39.75	18.25	271	2700,100
287	-39.75	18.75	271	2700,100
287	-39.25	19.25	271	2700,100
287	-37.25	19.25	271	2700,100
287	-36.25	20.25	271	2700,100
287	-35.75	20.25	271	2700,100
287	-34.25	18.75	271	2700,100
287	-33.75	18.75	271	2700,100
287	-33.75	19.75	271	2700,100
287	-33.25	19.75	271	2700,100
287	-32.75	19.25	271	2700,100
287	-32.75	17.25	271	2700,100
287	-31.75	17.25	271	2700,100
287	-31.75	16.75	271	2700,100
287	-32.25	16.25	271	2700,100
287	-32.25	15.75	271	2700,100
287	-31.75	15.25	271	2700,100
287	-31.75	14.75	271	2700,100
287	-32.25	14.75	271	2700,100
287	-33.75	16.25	271	2700,100
287	-34.75	16.25	271	2700,100
287	-34.75	16.75	271	2700,100
287	-34.25	17.25	271	2700,100
287	-34.25	17.75	271	2700,100
287	-35.25	17.75	271	2700,100
287	-35.25	18.75	271	2700,100
287	-35.75	19.25	271	2700,100
287	-36.25	19.25	271	2700,100
287	-36.75	18.75	271	2700,100
287	-36.75	18.25	271	2700,100
287	-36.25	17.75	271	2700,100
287	-36.25	17.25	271	2700,100
287	-36.75	16.75	271	2700,100
287	-36.75	15.75	271	2700,100
287	-37.25	15.75	271	2700,100
287	-37.75	16.25	271	2700,100
287	-39.75	16.25	271	2700,100
287	-39.75	16.75	271	2700,100
287	-39.25	17.25	271	2700,100
287	-39.25	17.75	271	2700,100
287	-39.75	18.25	271	2700,100
191	-34.75	22.25	202	2600,0
191	-34.75	22.75	202	2600,0
191	-34.25	23.25	202	2600,0
191	-33.75	23.25	202	2600,0
191	-33.25	22.75	202	2600,0
191	-33.25	22.25	202	2600,0
191	-34.75	22.25	202	2600,0
272	-3.75	48.25	261	2600,0
272	-3.75	48.75	261	2600,0
272	-3.25	49.25	261	2600,0
272	-1.75	49.25	261	2600,0
272	-1.75	48.75	261	2600,0
272	-2.25	48.25	261	2600,0
272	-3.75	48.25	261	2600,0
88	-44.75	11.25	145	2600,0
88	-44.75	11.75	145	2600,0
88	-44.25	11.75	145	2600,0
88	-43.75	11.25	145	2600,0
88	-42.75	11.25	145	2600,0
88	-42.75	10.75	145	2600,0
88	-44.75	8.75	145	2600,0
88	-44.75	8.25	145	2600,0
88	-43.25	8.25	145	2600,0
88	-43.25	9.25	145	2600,0
88	-41.75	9.25	145	2600,0
88	-41.25	8.75	145	2600,0
88	-41.25	8.25	145	2600,0
88	-41.75	7.75	145	2600,0
88	-42.75	7.75	145	2600,0
88	-42.75	7.25	145	2600,0
88	-42.25	6.75	145	2600,0
88	-42.25	6.25	145	2600,0
88	-42.75	6.25	145	2600,0
88	-43.25	6.75	145	2600,0
88	-45.25	6.75	145	2600,0
88	-45.25	9.25	145	2600,0
88	-44.25	10.25	145	2600,0
88	-44.25	10.75	145	2600,0
88	-44.75	11.25	145	2600,0
88	4.25	9.25	145	2550,0
88	4.25	9.75	145	2550,0
88	4.75	9.75	145	2550,0
88	4.75	7.25	145	2550,0
88	4.25	7.25	145	2550,0
88	4.25	9.25	145	2550,0
622	-41.75	14.25	61	2600,0
622	-41.75	14.75	61	2600,0
622	-39.75	14.75	61	2600,0
622	-38.75	15.75	61	2600,0
622	-38.25	15.75	61	2600,0
622	-37.75	15.25	61	2600,0
622	-37.75	14.75	61	2600,0
622	-38.75	14.75	61	2600,0
622	-40.25	13.25	61	2600,0
622	-40.75	13.25	61	2600,0
622	-41.75	14.25	61	2600,0
647	-41.25	14.75	73	2700,100
647	-41.25	15.25	73	2700,100
647	-40.75	15.25	73	2700,100
647	-39.25	13.75	73	2700,100
647	-38.25	13.75	73	2700,100
647	-38.25	12.25	73	2700,100
647	-38.75	11.75	73	2700,100
647	-38.75	11.25	73	2700,100
647	-37.75	11.25	73	2700,100
647	-37.25	10.75	73	2700,100
647	-37.25	9.75	73	2700,100
647	-36.75	9.25	73	2700,100
647	-36.75	8.75	73	2700,100
647	-37.25	8.75	73	2700,100
647	-38.25	9.75	73	2700,100
647	-38.75	9.75	73	2700,100
647	-39.75	8.75	73	2700,100
647	-39.75	7.75	73	2700,100
647	-40.75	7.75	73	2700,100
647	-41.25	7.25	73	2700,100
647	-41.75	7.25	73	2700,100
647	-41.75	8.25	73	2700,100
647	-42.25	8.75	73	2700,100
647	-42.25	10.25	73	2700,100
647	-40.25	10.25	73	2700,100
647	-39.75	10.75	73	2700,100
647	-39.75	11.25	73	2700,100
647	-40.25	11.75	73	2700,100
647	-40.25	12.25	73	2700,100
647	-39.25	12.25	73	2700,100
647	-39.25	12.75	73	2700,100
647	-41.25	14.75	73	2700,100
51	-3.75	1.25	122	2550,0
51	-3.75	1.75	122	2550,0
51	-2.75	2.75	122	2550,0
51	-1.25	2.75	122	2550,0
51	-0.75	2.25	122	2550,0
51	-0.75	1.75	122	2550,0
51	-1.75	0.75	122	2550,0
51	-3.25	0.75	122	2550,0
51	-3.75	1.25	122	2550,0
574	-42.75	12.25	472	2600,0
574	-42.75	12.75	472	2600,0
574	-42.25	12.75	472	2600,0
574	-42.25	12.25	472	2600,0
574	-42.75	12.25	472	2600,0
516	-33.75	21.25	428	2600,0
516	-33.75	21.75	428	2600,0
516	-33.25	21.75	428	2600,0
516	-33.25	21.25	428	2600,0
516	-33.75	21.25	428	2600,0
662	-20.25	34.75	83	2600,0
662	-20.25	35.25	83	2600,0
662	-19.25	36.25	83	2600,0
662	-17.75	36.25	83	2600,0
662	-16.75	35.25	83	2600,0
662	-16.75	34.75	83	2600,0
662	-17.25	34.75	83	2600,0
662	-17.75	35.25	83	2600,0
662	-19.25	35.25	83	2600,0
662	-19.25	34.25	83	2600,0
662	-19.75	33.75	83	2600,0
662	-20.25	33.75	83	2600,0
662	-20.25	34.75	83	2600,0
589	-36.25	18.75	482	2650,50
589	-36.25	19.25	482	2650,50
589	-35.25	19.25	482	2650,50
589	-33.75	20.75	482	2650,50
589	-33.25	20.75	482	2650,50
589	-32.25	19.75	482	2650,50
589	-32.25	18.75	482	2650,50
589	-31.25	18.75	482	2650,50
589	-30.25	17.75	482	2650,50
589	-30.25	17.25	482	2650,50
589	-30.75	16.75	482	2650,50
589	-31.75	16.75	482	2650,50
589	-31.75	14.25	482	2650,50
589	-30.75	13.25	482	2650,50
589	-30.75	11.75	482	2650,50
589	-31.75	10.75	482	2650,50
589	-32.75	10.75	482	2650,50
589	-33.25	10.25	482	2650,50
589	-33.75	10.25	482	2650,50
589	-34.75	11.25	482	2650,50
589	-34.75	11.75	482	2650,50
589	-33.75	11.75	482	2650,50
589	-33.75	13.25	482	2650,50
589	-34.25	13.75	482	2650,50
589	-35.25	13.75	482	2650,50
589	-35.25	14.25	482	2650,50
589	-34.75	14.75	482	2650,50
589	-34.75	15.75	482	2650,50
589	-33.75	15.75	482	2650,50
589	-33.75	16.75	482	2650,50
589	-32.75	16.75	482	2650,50
589	-32.75	17.25	482	2650,50
589	-33.25	17.75	482	2650,50
589	-33.75	17.75	482	2650,50
589	-34.25	17.25	482	2650,50
589	-34.75	17.25	482	2650,50
589	-35.25	17.75	482	2650,50
589	-36.25	17.75	482	2650,50
589	-36.25	18.75	482	2650,50
567	-33.25	20.75	466	2600,0
567	-33.25	21.25	466	2600,0
567	-32.75	21.25	466	2600,0
567	-32.75	20.75	466	2600,0
567	-33.25	20.75	466	2600,0
324	0.75	3.75	298	2550,0
324	0.75	4.25	298	2550,0
324	1.25	4.25	298	2550,0
324	1.75	3.75	298	2550,0
324	1.75	3.25	298	2550,0
324	1.25	3.25	298	2550,0
324	0.75	3.75	298	2550,0
76	-20.75	32.25	14	2600,0
76	-20.75	32.75	14	2600,0
76	-19.25	32.75	14	2600,0
76	-19.25	32.25	14	2600,0
76	-20.75	30.75	14	2600,0
76	-20.75	30.25	14	2600,0
76	-20.25	29.75	14	2600,0
76	-19.75	29.75	14	2600,0
76	-19.75	30.75	14	2600,0
76	-19.25	31.25	14	2600,0
76	-18.75	31.25	14	2600,0
76	-18.75	30.25	14	2600,0
76	-17.75	30.25	14	2600,0
76	-17.75	29.25	14	2600,0
76	-16.25	29.25	14	2600,0
76	-16.25	29.75	14	2600,0
76	-16.75	30.25	14	2600,0
76	-16.75	30.75	14	2600,0
76	-16.25	31.25	14	2600,0
76	-14.25	31.25	14	2600,0
76	-14.25	31.75	14	2600,0
76	-15.25	32.75	14	2600,0
76	-15.25	33.25	14	2600,0
76	-14.25	33.25	14	2600,0
76	-14.25	35.25	14	2600,0
76	-11.25	35.25	14	2600,0
76	-11.25	35.75	14	2600,0
76	-11.75	36.25	14	2600,0
76	-12.75	36.25	14	2600,0
76	-12.75	37.25	14	2600,0
76	-13.75	37.25	14	2600,0
76	-13.75	37.75	14	2600,0
76	-13.25	38.25	14	2600,0
76	-12.75	38.25	14	2600,0
76	-11.25	36.75	14	2600,0
76	-10.75	36.75	14	2600,0
76	-10.25	37.25	14	2600,0
76	-10.25	37.75	14	2600,0
76	-11.25	37.75	14	2600,0
76	-11.75	38.25	14	2600,0
76	-11.75	39.75	14	2600,0
76	-11.25	39.75	14	2600,0
76	-10.25	38.75	14	2600,0
76	-9.25	38.75	14	2600,0
76	-9.25	37.75	14	2600,0
76	-8.75	37.25	14	2600,0
76	-8.25	37.25	14	2600,0
76	-7.75	37.75	14	2600,0
76	-7.25	37.75	14	2600,0
76	-6.75	37.25	14	2600,0
76	-5.75	37.25	14	2600,0
76	-5.75	36.75	14	2600,0
76	-6.25	36.25	14	2600,0
76	-6.25	35.25	14	2600,0
76	-6.75	34.75	14	2600,0
76	-6.75	33.75	14	2600,0
76	-7.25	33.25	14	2600,0
76	-7.25	32.75	14	2600,0
76	-6.25	32.75	14	2600,0
76	-5.25	31.75	14	2600,0
76	-5.25	31.25	14	2600,0
76	-5.75	31.25	14	2600,0
76	-6.25	31.75	14	2600,0
76	-6.75	31.75	14	2600,0
76	-7.25	31.25	14	2600,0
76	-7.25	30.25	14	2600,0
76	-8.25	29.25	14	2600,0
76	-8.75	29.25	14	2600,0
76	-8.75	29.75	14	2600,0
76	-8.25	30.25	14	2600,0
76	-8.25	30.75	14	2600,0
76	-9.25	30.75	14	2600,0
76	-9.25	31.75	14	2600,0
76	-10.25	32.75	14	2600,0
76	-10.25	33.25	14	2600,0
76	-9.25	33.25	14	2600,0
76	-9.25	35.75	14	2600,0
76	-9.75	35.75	14	2600,0
76	-10.25	35.25	14	2600,0
76	-10.25	34.25	14	2600,0
76	-12.25	34.25	14	2600,0
76	-12.25	32.75	14	2600,0
76	-11.25	32.75	14	2600,0
76	-11.25	31.75	14	2600,0
76	-9.75	30.25	14	2600,0
76	-9.75	27.25	14	2600,0
76	-9.25	27.25	14	2600,0
76	-8.75	27.75	14	2600,0
76	-7.75	27.75	14	2600,0
76	-7.75	28.75	14	2600,0
76	-7.25	29.25	14	2600,0
76	-6.75	29.25	14	2600,0
76	-6.25	28.75	14	2600,0
76	-6.25	28.25	14	2600,0
76	-6.75	27.75	14	2600,0
76	-6.75	27.25	14	2600,0
76	-5.75	27.25	14	2600,0
76	-3.75	25.25	14	2600,0
76	-2.75	25.25	14	2600,0
76	-2.25	24.75	14	2600,0
76	-2.25	23.25	14	2600,0
76	-2.75	22.75	14	2600,0
76	-3.25	22.75	14	2600,0
76	-3.75	23.25	14	2600,0
76	-5.25	23.25	14	2600,0
76	-5.25	21.75	14	2600,0
76	-4.25	21.75	14	2600,0
76	-3.75	21.25	14	2600,0
76	-2.75	21.25	14	2600,0
76	-2.75	20.75	14	2600,0
76	-3.25	20.25	14	2600,0
76	-3.25	19.25	14	2600,0
76	-3.75	18.75	14	2600,0
76	-3.75	18.25	14	2600,0
76	-2.75	18.25	14	2600,0
76	-2.75	16.75	14	2600,0
76	-3.25	16.75	14	2600,0
76	-3.75	17.25	14	2600,0
76	-4.25	17.25	14	2600,0
76	-4.25	16.75	14	2600,0
76	-3.25	15.75	14	2600,0
76	-3.25	14.75	14	2600,0
76	-2.75	14.25	14	2600,0
76	-2.75	13.75	14	2600,0
76	-3.25	13.25	14	2600,0
76	-3.25	12.25	14	2600,0
76	-4.25	11.25	14	2600,0
76	-5.25	11.25	14	2600,0
76	-5.75	10.75	14	2600,0
76	-5.75	9.75	14	2600,0
76	-6.25	9.75	14	2600,0
76	-7.25	10.75	14	2600,0
76	-7.25	11.25	14	2600,0
76	-6.75	11.75	14	2600,0
76	-5.75	11.75	14	2600,0
76	-5.75	14.25	14	2600,0
76	-6.25	14.25	14	2600,0
76	-7.75	12.75	14	2600,0
76	-7.75	11.75	14	2600,0
76	-8.25	11.75	14	2600,0
76	-9.25	12.75	14	2600,0
76	-9.75	12.75	14	2600,0
76	-9.75	12.25	14	2600,0
76	-9.25	11.75	14	2600,0
76	-9.25	11.25	14	2600,0
76	-9.75	11.25	14	2600,0
76	-10.25	11.75	14	2600,0
76	-10.75	11.75	14	2600,0
76	-10.75	10.25	14	2600,0
76	-10.25	9.75	14	2600,0
76	-10.25	9.25	14	2600,0
76	-10.75	9.25	14	2600,0
76	-12.75	11.25	14	2600,0
76	-12.75	11.75	14	2600,0
76	-11.75	11.75	14	2600,0
76	-11.75	12.25	14	2600,0
76	-12.25	12.75	14	2600,0
76	-12.25	14.25	14	2600,0
76	-11.75	14.25	14	2600,0
76	-10.75	13.25	14	2600,0
76	-10.25	13.25	14	2600,0
76	-10.25	14.25	14	2600,0
76	-8.25	14.25	14	2600,0
76	-8.25	14.75	14	2600,0
76	-9.25	15.75	14	2600,0
76	-11.25	15.75	14	2600,0
76	-11.25	16.25	14	2600,0
76	-9.75	17.75	14	2600,0
76	-8.25	17.75	14	2600,0
76	-8.25	16.75	14	2600,0
76	-7.75	16.75	14	2600,0
76	-7.25	17.25	14	2600,0
76	-7.25	20.75	14	2600,0
76	-8.25	21.75	14	2600,0
76	-9.25	21.75	14	2600,0
76	-9.75	22.25	14	2600,0
76	-10.25	22.25	14	2600,0
76	-10.75	21.75	14	2600,0
76	-10.75	21.25	14	2600,0
76	-9.75	21.25	14	2600,0
76	-9.25	20.75	14	2600,0
76	-9.25	20.25	14	2600,0
76	-10.25	20.25	14	2600,0
76	-11.25	19.25	14	2600,0
76	-11.25	18.75	14	2600,0
76	-10.75	18.25	14	2600,0
76	-10.75	17.75	14	2600,0
76	-12.25	17.75	14	2600,0
76	-12.25	18.75	14	2600,0
76	-13.25	19.75	14	2600,0
76	-13.25	20.75	14	2600,0
76	-14.25	21.75	14	2600,0
76	-15.25	21.75	14	2600,0
76	-15.25	22.75	14	2600,0
76	-15.75	23.25	14	2600,0
76	-15.75	25.25	14	2600,0
76	-16.25	25.75	14	2600,0
76	-16.75	25.75	14	2600,0
76	-16.75	24.75	14	2600,0
76	-17.75	23.75	14	2600,0
76	-18.75	23.75	14	2600,0
76	-18.75	22.75	14	2600,0
76	-19.25	22.25	14	2600,0
76	-19.25	21.75	14	2600,0
76	-18.75	21.25	14	2600,0
76	-15.75	21.25	14	2600,0
76	-15.75	20.25	14	2600,0
76	-15.25	19.75	14	2600,0
76	-15.25	19.25	14	2600,0
76	-15.75	19.25	14	2600,0
76	-16.25	19.75	14	2600,0
76	-16.75	19.75	14	2600,0
76	-16.75	19.25	14	2600,0
76	-16.25	18.75	14	2600,0
76	-16.25	17.75	14	2600,0
76	-15.25	16.75	14	2600,0
76	-14.75	16.75	14	2600,0
76	-13.75	17.75	14	2600,0
76	-13.25	17.75	14	2600,0
76	-13.25	17.25	14	2600,0
76	-14.25	16.25	14	2600,0
76	-14.25	13.25	14	2600,0
76	-15.25	13.25	14	2600,0
76	-15.75	12.75	14	2600,0
76	-15.75	12.25	14	2600,0
76	-14.75	12.25	14	2600,0
76	-14.75	11.25	14	2600,0
76	-14.25	10.75	14	2600,0
76	-14.25	10.25	14	2600,0
76	-14.75	10.25	14	2600,0
76	-27.75	23.25	14	2600,0
76	-27.75	23.75	14	2600,0
76	-25.75	23.75	14	2600,0
76	-25.75	24.25	14	2600,0
76	-26.25	24.75	14	2600,0
76	-26.25	25.25	14	2600,0
76	-25.25	26.25	14	2600,0
76	-22.25	26.25	14	2600,0
76	-21.25	27.25	14	2600,0
76	-21.25	28.25	14	2600,0
76	-20.75	28.75	14	2600,0
76	-20.75	29.25	14	2600,0
76	-21.75	29.25	14	2600,0
76	-22.25	29.75	14	2600,0
76	-22.25	30.25	14	2600,0
76	-20.75	31.75	14	2600,0
76	-20.75	32.25	14	2600,0
77	-8.75	25.25	14	2600,0
77	-8.75	25.75	14	2600,0
77	-8.25	26.25	14	2600,0
77	-7.75	26.25	14	2600,0
77	-7.75	24.75	14	2600,0
77	-8.25	24.75	14	2600,0
77	-8.75	25.25	14	2600,0
78	-6.75	20.75	14	2600,0
78	-6.75	20.25	14	2600,0
78	-6.25	20.25	14	2600,0
78	-6.25	20.75	14	2600,0
78	-6.75	20.75	14	2600,0
79	-5.75	8.25	14	2600,0
79	-5.75	8.75	14	2600,0
79	-5.25	9.25	14	2600,0
79	-4.75	9.25	14	2600,0
79	-4.75	8.75	14	2600,0
79	-5.25	8.25	14	2600,0
79	-5.75	8.25	14	2600,0
560	-5.25	47.75	462	2650,50
560	-5.25	48.25	462	2650,50
560	-4.75	48.75	462	2650,50
560	0.75	48.75	462	2650,50
560	0.75	48.25	462	2650,50
560	0.25	47.75	462	2650,50
560	0.25	47.25	462	2650,50
560	0.75	46.75	462	2650,50
560	0.75	45.75	462	2650,50
560	1.75	45.75	462	2650,50
560	2.25	45.25	462	2650,50
560	3.25	45.25	462	2650,50
560	3.25	43.75	462	2650,50
560	2.75	43.25	462	2650,50
560	2.75	42.75	462	2650,50
560	3.25	42.75	462	2650,50
560	3.75	43.25	462	2650,50
560	4.25	43.25	462	2650,50
560	4.25	42.75	462	2650,50
560	3.75	42.25	462	2650,50
560	3.75	41.25	462	2650,50
560	3.25	41.25	462	2650,50
560	2.25	42.25	462	2650,50
560	1.25	42.25	462	2650,50
560	1.25	42.75	462	2650,50
560	2.25	43.75	462	2650,50
560	2.25	44.25	462	2650,50
560	1.75	44.25	462	2650,50
560	0.25	42.75	462	2650,50
560	0.25	42.25	462	2650,50
560	0.75	41.75	462	2650,50
560	0.75	41.25	462	2650,50
560	-0.75	41.25	462	2650,50
560	-0.75	42.25	462	2650,50
560	-1.75	42.25	462	2650,50
560	-1.75	42.75	462	2650,50
560	-1.25	43.25	462	2650,50
560	-0.25	43.25	462	2650,50
560	-0.25	43.75	462	2650,50
560	-0.75	44.25	462	2650,50
560	-0.75	46.25	462	2650,50
560	-1.25	46.75	462	2650,50
560	-1.75	46.75	462	2650,50
560	-1.75	45.75	462	2650,50
560	-3.25	45.75	462	2650,50
560	-5.25	47.75	462	2650,50
560	-3.25	-1.25	462	2650,100
560	-3.25	-0.75	462	2650,100
560	-2.75	-0.75	462	2650,100
560	-2.75	-1.25	462	2650,100
560	-3.25	-1.25	462	2650,100
588	-0.25	1.75	481	2550,0
588	-0.25	2.25	481	2550,0
588	0.75	3.25	481	2550,0
588	1.25	3.25	481	2550,0
588	2.75	1.75	481	2550,0
588	4.75	1.75	481	2550,0
588	4.75	1.25	481	2550,0
588	4.25	0.75	481	2550,0
588	0.75	0.75	481	2550,0
588	-0.25	1.75	481	2550,0
561	-2.25	-0.75	462	2650,100
561	-2.25	-1.25	462	2650,100
561	-1.75	-1.25	462	2650,100
561	-1.75	-0.75	462	2650,100
561	-2.25	-0.75	462	2650,100
562	-0.25	-1.25	462	2650,100
562	-0.25	-0.75	462	2650,100
562	0.25	-0.75	462	2650,100
562	0.25	-1.25	462	2650,100
562	-0.25	-1.25	462	2650,100
35	-40.75	10.25	112	2600,0
35	-40.75	10.75	112	2600,0
35	-40.25	10.75	112	2600,0
35	-39.75	10.25	112	2600,0
35	-39.25	10.25	112	2600,0
35	-38.75	10.75	112	2600,0
35	-38.25	10.75	112	2600,0
35	-38.25	9.75	112	2600,0
35	-37.75	9.25	112	2600,0
35	-37.25	9.25	112	2600,0
35	-36.75	9.75	112	2600,0
35	-35.25	9.75	112	2600,0
35	-35.25	8.25	112	2600,0
35	-36.25	8.25	112	2600,0
35	-36.25	7.25	112	2600,0
35	-36.75	7.25	112	2600,0
35	-37.75	8.25	112	2600,0
35	-38.75	8.25	112	2600,0
35	-40.75	10.25	112	2600,0
224	2.25	2.25	227	2550,0
224	2.25	2.75	227	2550,0
224	3.75	2.75	227	2550,0
224	4.25	2.25	227	2550,0
224	4.25	1.75	227	2550,0
224	2.75	1.75	227	2550,0
224	2.25	2.25	227	2550,0
20	-36.25	13.75	102	2600,0
20	-36.25	14.25	102	2600,0
20	-35.75	14.25	102	2600,0
20	-35.25	13.75	102	2600,0
20	-35.25	12.75	102	2600,0
20	-34.75	12.75	102	2600,0
20	-33.75	13.75	102	2600,0
20	-33.25	13.75	102	2600,0
20	-32.25	12.75	102	2600,0
20	-32.25	11.75	102	2600,0
20	-31.75	11.25	102	2600,0
20	-30.75	11.25	102	2600,0
20	-30.25	10.75	102	2600,0
20	-29.75	10.75	102	2600,0
20	-29.75	11.25	102	2600,0
20	-30.25	11.75	102	2600,0
20	-30.25	12.25	102	2600,0
20	-29.75	12.75	102	2600,0
20	-29.25	12.75	102	2600,0
20	-28.25	11.75	102	2600,0
20	-28.25	10.25	102	2600,0
20	-28.75	9.75	102	2600,0
20	-28.75	9.25	102	2600,0
20	-28.25	8.75	102	2600,0
20	-27.75	8.75	102	2600,0
20	-27.25	9.25	102	2600,0
20	-26.75	9.25	102	2600,0
20	-26.75	8.25	102	2600,0
20	-26.25	7.75	102	2600,0
20	-25.75	7.75	102	2600,0
20	-25.25	8.25	102	2600,0
20	-24.75	8.25	102	2600,0
20	-23.25	6.75	102	2600,0
20	-23.25	6.25	102	2600,0
20	-23.75	5.75	102	2600,0
20	-24.75	5.75	102	2600,0
20	-25.25	5.25	102	2600,0
20	-25.75	5.25	102	2600,0
20	-26.25	5.75	102	2600,0
20	-27.25	5.75	102	2600,0
20	-27.75	6.25	102	2600,0
20	-27.75	6.75	102	2600,0
20	-27.25	7.25	102	2600,0
20	-27.25	7.75	102	2600,0
20	-28.25	7.75	102	2600,0
20	-28.75	8.25	102	2600,0
20	-29.25	8.25	102	2600,0
20	-29.25	7.25	102	2600,0
20	-32.75	3.75	102	2600,0
20	-33.25	3.75	102	2600,0
20	-33.75	4.25	102	2600,0
20	-33.75	4.75	102	2600,0
20	-32.25	6.25	102	2600,0
20	-32.25	7.25	102	2600,0
20	-31.25	8.25	102	2600,0
20	-31.25	9.75	102	2600,0
20	-33.25	9.75	102	2600,0
20	-34.25	10.75	102	2600,0
20	-34.75	10.75	102	2600,0
20	-35.75	9.75	102	2600,0
20	-36.25	9.75	102	2600,0
20	-36.75	10.25	102	2600,0
20	-36.75	11.25	102	2600,0
20	-37.25	11.75	102	2600,0
20	-37.25	12.25	102	2600,0
20	-36.25	13.25	102	2600,0
20	-36.25	13.75	102	2600,0
21	-31.75	6.75	102	2600,0
21	-31.75	6.25	102	2600,0
21	-31.25	6.25	102	2600,0
21	-30.75	6.75	102	2600,0
21	-30.75	7.25	102	2600,0
21	-31.25	7.25	102	2600,0
21	-31.75	6.75	102	2600,0
616	-33.25	16.75	58	2600,0
616	-33.25	17.25	58	2600,0
616	-32.75	17.25	58	2600,0
616	-30.75	15.25	58	2600,0
616	-30.75	14.75	58	2600,0
616	-31.25	14.75	58	2600,0
616	-33.25	16.75	58	2600,0
617	-29.75	17.25	58	2600,0
617	-29.75	17.75	58	2600,0
617	-29.25	17.75	58	2600,0
617	-29.25	17.25	58	2600,0
617	-29.75	17.25	58	2600,0
493	-31.25	18.75	407	2600,0
493	-31.25	19.25	407	2600,0
493	-30.75	19.25	407	2600,0
493	-29.75	18.25	407	2600,0
493	-29.75	17.75	407	2600,0
493	-30.25	17.75	407	2600,0
493	-31.25	18.75	407	2600,0
684	-16.25	33.75	91	2650,50
684	-16.25	34.25	91	2650,50
684	-15.75	34.75	91	2650,50
684	-15.25	34.75	91	2650,50
684	-15.25	33.75	91	2650,50
684	-14.75	33.75	91	2650,50
684	-14.25	34.25	91	2650,50
684	-14.25	34.75	91	2650,50
684	-14.75	35.25	91	2650,50
684	-14.75	35.75	91	2650,50
684	-12.75	35.75	91	2650,50
684	-12.25	36.25	91	2650,50
684	-11.75	36.25	91	2650,50
684	-10.25	34.75	91	2650,50
684	-10.25	34.25	91	2650,50
684	-10.75	34.25	91	2650,50
684	-11.75	35.25	91	2650,50
684	-12.25	35.25	91	2650,50
684	-12.25	33.75	91	2650,50
684	-11.75	33.25	91	2650,50
684	-11.75	32.25	91	2650,50
684	-11.25	31.75	91	2650,50
684	-10.75	31.75	91	2650,50
684	-9.75	32.75	91	2650,50
684	-8.75	32.75	91	2650,50
684	-8.75	33.75	91	2650,50
684	-8.25	34.25	91	2650,50
684	-7.25	34.25	91	2650,50
684	-7.25	34.75	91	2650,50
684	-7.75	35.25	91	2650,50
684	-7.75	35.75	91	2650,50
684	-6.75	35.75	91	2650,50
684	-5.75	36.75	91	2650,50
684	-5.25	36.75	91	2650,50
684	-3.75	35.25	91	2650,50
684	-2.75	35.25	91	2650,50
684	-2.25	34.75	91	2650,50
684	-1.75	34.75	91	2650,50
684	-1.75	35.25	91	2650,50
684	-2.75	36.25	91	2650,50
684	-2.75	36.75	91	2650,50
684	-1.75	36.75	91	2650,50
684	-1.25	37.25	91	2650,50
684	-0.75	37.25	91	2650,50
684	-0.75	36.25	91	2650,50
684	-0.25	36.25	91	2650,50
684	0.25	36.75	91	2650,50
684	0.25	39.75	91	2650,50
684	0.75	39.75	91	2650,50
684	1.25	39.25	91	2650,50
684	1.25	36.25	91	2650,50
684	1.75	36.25	91	2650,50
684	2.25	36.75	91	2650,50
684	2.25	37.75	91	2650,50
684	3.25	38.75	91	2650,50
684	4.25	38.75	91	2650,50
684	4.25	39.25	91	2650,50
684	3.75	39.75	91	2650,50
684	3.25	39.75	91	2650,50
684	2.75	39.25	91	2650,50
684	2.25	39.25	91	2650,50
684	2.25	40.75	91	2650,50
684	4.75	40.75	91	2650,50
684	4.75	34.25	91	2650,50
684	4.25	33.75	91	2650,50
684	4.25	32.75	91	2650,50
684	3.75	32.25	91	2650,50
684	3.25	32.25	91	2650,50
684	2.75	32.75	91	2650,50
684	2.75	33.75	91	2650,50
684	1.75	33.75	91	2650,50
684	1.25	34.25	91	2650,50
684	0.75	34.25	91	2650,50
684	-0.75	32.75	91	2650,50
684	-1.75	32.75	91	2650,50
684	-1.75	31.75	91	2650,50
684	-2.75	31.75	91	2650,50
684	-2.75	31.25	91	2650,50
684	-1.75	30.25	91	2650,50
684	-1.25	30.25	91	2650,50
684	-1.25	31.25	91	2650,50
684	-0.75	31.75	91	2650,50
684	-0.25	31.75	91	2650,50
684	1.25	30.25	91	2650,50
684	1.25	29.75	91	2650,50
684	-0.75	29.75	91	2650,50
684	-0.75	29.25	91	2650,50
684	-0.25	28.75	91	2650,50
684	-0.25	28.25	91	2650,50
684	-1.75	28.25	91	2650,50
684	-1.75	29.25	91	2650,50
684	-3.25	29.25	91	2650,50
684	-3.75	28.75	91	2650,50
684	-3.75	27.75	91	2650,50
684	-4.25	27.25	91	2650,50
684	-5.25	27.25	91	2650,50
684	-5.75	26.75	91	2650,50
684	-6.25	26.75	91	2650,50
684	-6.25	27.25	91	2650,50
684	-4.75	28.75	91	2650,50
684	-4.75	29.25	91	2650,50
684	-5.25	29.25	91	2650,50
684	-5.75	28.75	91	2650,50
684	-6.75	28.75	91	2650,50
684	-7.75	27.75	91	2650,50
684	-7.75	27.25	91	2650,50
684	-7.25	26.75	91	2650,50
684	-7.25	26.25	91	2650,50
684	-7.75	25.75	91	2650,50
684	-7.75	25.25	91	2650,50
684	-7.25	24.75	91	2650,50
684	-7.25	24.25	91	2650,50
684	-8.25	24.25	91	2650,50
684	-8.75	23.75	91	2650,50
684	-8.75	23.25	91	2650,50
684	-7.75	23.25	91	2650,50
684	-7.75	22.75	91	2650,50
684	-8.25	22.25	91	2650,50
684	-8.75	22.25	91	2650,50
684	-9.25	22.75	91	2650,50
684	-10.25	22.75	91	2650,50
684	-10.75	23.25	91	2650,50
684	-10.75	25.25	91	2650,50
684	-11.75	25.25	91	2650,50
684	-12.25	25.75	91	2650,50
684	-12.75	25.75	91	2650,50
684	-13.25	25.25	91	2650,50
684	-13.25	24.25	91	2650,50
684	-13.75	24.25	91	2650,50
684	-14.25	24.75	91	2650,50
684	-14.25	26.25	91	2650,50
684	-13.75	26.75	91	2650,50
684	-13.75	27.25	91	2650,50
684	-14.25	27.75	91	2650,50
684	-14.75	27.75	91	2650,50
684	-15.25	27.25	91	2650,50
684	-17.75	27.25	91	2650,50
684	-18.25	27.75	91	2650,50
684	-18.25	28.25	91	2650,50
684	-17.75	28.75	91	2650,50
684	-17.25	28.75	91	2650,50
684	-16.75	28.25	91	2650,50
684	-16.25	28.25	91	2650,50
684	-15.75	28.75	91	2650,50
684	-14.75	28.75	91	2650,50
684	-14.25	29.25	91	2650,50
684	-14.25	31.25	91	2650,50
684	-13.25	31.25	91	2650,50
684	-13.25	33.75	91	2650,50
684	-13.75	33.75	91	2650,50
684	-14.75	32.75	91	2650,50
684	-15.25	32.75	91	2650,50
684	-16.25	33.75	91	2650,50
684	-45.25	45.75	91	2700,50
684	-45.25	46.25	91	2700,50
684	-44.75	46.75	91	2700,50
684	-44.25	46.75	91	2700,50
684	-44.25	45.75	91	2700,50
684	-43.25	45.75	91	2700,50
684	-43.25	44.75	91	2700,50
684	-42.75	44.25	91	2700,50
684	-42.25	44.25	91	2700,50
684	-41.75	44.75	91	2700,50
684	-41.25	44.75	91	2700,50
684	-41.25	44.25	91	2700,50
684	-41.75	43.75	91	2700,50
684	-41.75	43.25	91	2700,50
684	-40.75	42.25	91	2700,50
684	-40.25	42.25	91	2700,50
684	-40.25	43.25	91	2700,50
684	-39.75	43.75	91	2700,50
684	-39.75	44.25	91	2700,50
684	-40.75	45.25	91	2700,50
684	-40.75	45.75	91	2700,50
684	-40.25	45.75	91	2700,50
684	-39.75	45.25	91	2700,50
684	-39.25	45.25	91	2700,50
684	-38.75	45.75	91	2700,50
684	-37.25	45.75	91	2700,50
684	-37.25	45.25	91	2700,50
684	-38.25	44.25	91	2700,50
684	-38.25	43.25	91	2700,50
684	-39.75	41.75	91	2700,50
684	-39.75	41.25	91	2700,50
684	-39.25	41.25	91	2700,50
684	-37.75	42.75	91	2700,50
684	-37.25	42.75	91	2700,50
684	-37.25	41.75	91	2700,50
684	-36.75	41.25	91	2700,50
684	-36.75	40.75	91	2700,50
684	-37.75	39.75	91	2700,50
684	-37.75	39.25	91	2700,50
684	-36.75	39.25	91	2700,50
684	-36.75	38.75	91	2700,50
684	-37.25	38.25	91	2700,50
684	-37.25	36.25	91	2700,50
684	-39.25	36.25	91	2700,50
684	-39.75	35.75	91	2700,50
684	-39.75	34.75	91	2700,50
684	-40.25	34.25	91	2700,50
684	-42.25	34.25	91	2700,50
684	-43.25	33.25	91	2700,50
684	-43.25	32.75	91	2700,50
684	-41.75	31.25	91	2700,50
684	-41.75	29.75	91	2700,50
684	-42.25	29.75	91	2700,50
684	-42.75	30.25	91	2700,50
684	-42.75	31.25	91	2700,50
684	-43.75	32.25	91	2700,50
684	-44.75	32.25	91	2700,50
684	-44.75	32.75	91	2700,50
684	-43.75	33.75	91	2700,50
684	-43.75	34.25	91	2700,50
684	-44.25	34.25	91	2700,50
684	-44.75	33.75	91	2700,50
684	-45.25	33.75	91	2700,50
684	-45.25	37.25	91	2700,50
684	-44.75	37.75	91	2700,50
684	-44.25	37.75	91	2700,50
684	-44.25	36.75	91	2700,50
684	-43.75	36.25	91	2700,50
684	-43.25	36.25	91	2700,50
684	-43.25	38.25	91	2700,50
684	-42.25	39.25	91	2700,50
684	-41.75	39.25	91	2700,50
684	-41.75	38.25	91	2700,50
684	-41.25	38.25	91	2700,50
684	-40.75	38.75	91	2700,50
684	-40.75	39.25	91	2700,50
684	-41.25	39.75	91	2700,50
684	-41.25	40.75	91	2700,50
684	-42.25	40.75	91	2700,50
684	-42.25	41.75	91	2700,50
684	-42.75	42.25	91	2700,50
684	-43.25	42.25	91	2700,50
684	-43.75	41.75	91	2700,50
684	-43.75	40.75	91	2700,50
684	-44.75	40.75	91	2700,50
684	-44.75	40.25	91	2700,50
684	-43.75	39.25	91	2700,50
684	-43.75	38.75	91	2700,50
684	-45.25	38.75	91	2700,50
684	-45.25	41.25	91	2700,50
684	-44.25	42.25	91	2700,50
684	-44.25	42.75	91	2700,50
684	-45.25	43.75	91	2700,50
684	-45.25	45.75	91	2700,50
685	4.25	45.25	91	2650,50
685	4.25	45.75	91	2650,50
685	4.75	45.75	91	2650,50
685	4.75	44.25	91	2650,50
685	4.25	44.25	91	2650,50
685	4.25	45.25	91	2650,50
492	1.25	1.25	406	2650,100
492	1.25	1.75	406	2650,100
492	1.75	2.25	406	2650,100
492	3.25	2.25	406	2650,100
492	4.25	1.25	406	2650,100
492	4.25	0.75	406	2650,100
492	3.75	0.25	406	2650,100
492	3.75	-0.75	406	2650,100
492	2.75	-0.75	406	2650,100
492	2.25	-1.25	406	2650,100
492	1.75	-1.25	406	2650,100
492	1.75	-0.75	406	2650,100
492	2.75	0.25	406	2650,100
492	2.75	0.75	406	2650,100
492	2.25	1.25	406	2650,100
492	1.25	1.25	406	2650,100
492	2.25	48.25	406	2650,50
492	2.25	48.75	406	2650,50
492	2.75	48.75	406	2650,50
492	2.75	48.25	406	2650,50
492	2.25	48.25	406	2650,50
111	4.25	3.25	158	2550,0
111	4.25	3.75	158	2550,0
111	4.75	3.75	158	2550,0
111	4.75	3.25	158	2550,0
111	4.25	3.25	158	2550,0
111	-45.25	3.75	158	2600,0
111	-45.25	4.25	158	2600,0
111	-44.25	5.25	158	2600,0
111	-43.75	5.25	158	2600,0
111	-43.25	4.75	158	2600,0
111	-42.75	4.75	158	2600,0
111	-41.75	5.75	158	2600,0
111	-40.75	5.75	158	2600,0
111	-40.75	6.75	158	2600,0
111	-39.25	6.75	158	2600,0
111	-39.25	6.25	158	2600,0
111	-40.25	5.25	158	2600,0
111	-40.25	3.75	158	2600,0
111	-39.25	3.75	158	2600,0
111	-39.25	3.25	158	2600,0
111	-41.25	1.25	158	2600,0
111	-41.75	1.25	158	2600,0
111	-42.25	1.75	158	2600,0
111	-42.25	2.25	158	2600,0
111	-41.75	2.75	158	2600,0
111	-41.75	3.25	158	2600,0
111	-42.25	3.25	158	2600,0
111	-42.75	2.75	158	2600,0
111	-43.75	2.75	158	2600,0
111	-44.25	2.25	158	2600,0
111	-44.25	1.25	158	2600,0
111	-44.75	0.75	158	2600,0
111	-45.25	0.75	158	2600,0
111	-45.25	3.75	158	2600,0
83	-34.25	14.75	142	2600,0
83	-34.25	15.25	142	2600,0
83	-33.25	16.25	142	2600,0
83	-32.75	16.25	142	2600,0
83	-31.75	15.25	142	2600,0
83	-31.75	14.75	142	2600,0
83	-32.25	14.75	142	2600,0
83	-32.75	15.25	142	2600,0
83	-33.25	15.25	142	2600,0
83	-33.25	14.75	142	2600,0
83	-32.25	13.75	142	2600,0
83	-31.25	13.75	142	2600,0
83	-30.25	12.75	142	2600,0
83	-30.25	11.75	142	2600,0
83	-29.75	11.25	142	2600,0
83	-29.75	10.75	142	2600,0
83	-30.25	10.75	142	2600,0
83	-30.75	11.25	142	2600,0
83	-31.75	11.25	142	2600,0
83	-32.25	11.75	142	2600,0
83	-32.25	12.75	142	2600,0
83	-34.25	14.75	142	2600,0
71	-0.75	48.25	138	2600,0
71	-0.75	48.75	138	2600,0
71	-0.25	49.25	138	2600,0
71	1.25	49.25	138	2600,0
71	2.75	47.75	138	2600,0
71	3.25	47.75	138	2600,0
71	3.75	48.25	138	2600,0
71	3.75	49.25	138	2600,0
71	5.25	49.25	138	2600,0
71	5.25	44.75	138	2600,0
71	4.25	43.75	138	2600,0
71	3.75	43.75	138	2600,0
71	3.25	44.25	138	2600,0
71	3.25	45.25	138	2600,0
71	1.75	45.25	138	2600,0
71	1.75	43.75	138	2600,0
71	2.25	43.25	138	2600,0
71	2.25	42.75	138	2600,0
71	1.75	42.75	138	2600,0
71	0.75	43.75	138	2600,0
71	0.75	44.75	138	2600,0
71	-0.25	45.75	138	2600,0
71	-0.25	46.25	138	2600,0
71	0.75	46.25	138	2600,0
71	0.75	47.75	138	2600,0
71	-0.25	47.75	138	2600,0
71	-0.75	48.25	138	2600,0
71	4.25	-0.75	138	2600,50
71	4.25	-0.25	138	2600,50
71	4.75	0.25	138	2600,50
71	5.25	0.25	138	2600,50
71	5.25	-0.25	138	2600,50
71	4.75	-0.75	138	2600,50
71	4.25	-0.75	138	2600,50
71	-44.75	-0.75	138	2650,50
71	-44.75	-0.25	138	2650,50
71	-44.25	-0.25	138	2650,50
71	-44.25	-0.75	138	2650,50
71	-44.75	-0.75	138	2650,50
71	-44.75	48.25	138	2650,0
71	-44.75	48.75	138	2650,0
71	-44.25	49.25	138	2650,0
71	-42.75	49.25	138	2650,0
71	-42.75	48.25	138	2650,0
71	-42.25	48.25	138	2650,0
71	-41.25	49.25	138	2650,0
71	-40.75	49.25	138	2650,0
71	-40.75	48.75	138	2650,0
71	-41.75	47.75	138	2650,0
71	-41.75	47.25	138	2650,0
71	-41.25	46.75	138	2650,0
71	-40.75	46.75	138	2650,0
71	-40.75	47.75	138	2650,0
71	-39.25	49.25	138	2650,0
71	-36.75	49.25	138	2650,0
71	-35.75	48.25	138	2650,0
71	-35.75	47.75	138	2650,0
71	-36.75	46.75	138	2650,0
71	-36.75	46.25	138	2650,0
71	-35.75	46.25	138	2650,0
71	-35.75	45.25	138	2650,0
71	-35.25	44.75	138	2650,0
71	-35.25	43.25	138	2650,0
71	-36.75	41.75	138	2650,0
71	-38.25	41.75	138	2650,0
71	-38.75	42.25	138	2650,0
71	-39.25	42.25	138	2650,0
71	-39.25	41.25	138	2650,0
71	-39.75	41.25	138	2650,0
71	-40.75	42.25	138	2650,0
71	-41.75	42.25	138	2650,0
71	-42.25	42.75	138	2650,0
71	-42.25	43.75	138	2650,0
71	-42.75	44.25	138	2650,0
71	-43.75	44.25	138	2650,0
71	-44.75	45.25	138	2650,0
71	-44.75	48.25	138	2650,0
376	-5.75	43.25	329	2650,50
376	-5.75	43.75	329	2650,50
376	-5.25	43.75	329	2650,50
376	-4.25	42.75	329	2650,50
376	-2.25	42.75	329	2650,50
376	-2.25	42.25	329	2650,50
376	-2.75	41.75	329	2650,50
376	-2.75	40.75	329	2650,50
376	-3.25	40.25	329	2650,50
376	-3.25	39.75	329	2650,50
376	-1.25	39.75	329	2650,50
376	-0.75	39.25	329	2650,50
376	-0.75	38.75	329	2650,50
376	-1.75	37.75	329	2650,50
376	-2.25	37.75	329	2650,50
376	-3.25	38.75	329	2650,50
376	-4.25	38.75	329	2650,50
376	-4.75	39.25	329	2650,50
376	-5.25	39.25	329	2650,50
376	-5.25	38.75	329	2650,50
376	-4.75	38.25	329	2650,50
376	-4.75	37.75	329	2650,50
376	-5.25	37.75	329	2650,50
376	-6.25	38.75	329	2650,50
376	-7.25	38.75	329	2650,50
376	-7.75	39.25	329	2650,50
376	-7.75	39.75	329	2650,50
376	-6.75	40.75	329	2650,50
376	-5.75	40.75	329	2650,50
376	-5.25	41.25	329	2650,50
376	-5.25	41.75	329	2650,50
376	-5.75	42.25	329	2650,50
376	-5.75	43.25	329	2650,50
98	-33.25	14.75	152	2600,0
98	-33.25	15.25	152	2600,0
98	-32.75	15.25	152	2600,0
98	-32.25	14.75	152	2600,0
98	-31.25	14.75	152	2600,0
98	-31.25	14.25	152	2600,0
98	-31.75	13.75	152	2600,0
98	-32.25	13.75	152	2600,0
98	-33.25	14.75	152	2600,0
572	-44.25	1.75	470	2600,0
572	-44.25	2.25	470	2600,0
572	-43.75	2.75	470	2600,0
572	-43.25	2.75	470	2600,0
572	-43.25	1.75	470	2600,0
572	-42.75	1.25	470	2600,0
572	-42.75	0.75	470	2600,0
572	-43.75	0.75	470	2600,0
572	-44.25	0.25	470	2600,0
572	-44.75	0.25	470	2600,0
572	-44.75	0.75	470	2600,0
572	-44.25	1.25	470	2600,0
572	-44.25	1.75	470	2600,0
123	-43.25	1.75	165	2600,0
123	-43.25	2.25	165	2600,0
123	-42.75	2.25	165	2600,0
123	-41.75	1.25	165	2600,0
123	-41.75	0.75	165	2600,0
123	-42.25	0.75	165	2600,0
123	-43.25	1.75	165	2600,0
289	-42.75	2.25	273	2600,0
289	-42.75	2.75	273	2600,0
289	-42.25	3.25	273	2600,0
289	-41.75	3.25	273	2600,0
289	-41.75	2.75	273	2600,0
289	-42.25	2.25	273	2600,0
289	-42.75	2.25	273	2600,0
163	-35.25	9.75	191	2600,0
163	-35.25	10.25	191	2600,0
163	-34.75	10.75	191	2600,0
163	-34.25	10.75	191	2600,0
163	-33.25	9.75	191	2600,0
163	-33.25	9.25	191	2600,0
163	-35.75	6.75	191	2600,0
163	-36.25	6.75	191	2600,0
163	-36.25	8.25	191	2600,0
163	-35.25	8.25	191	2600,0
163	-35.25	9.75	191	2600,0
189	-43.25	1.75	200	2700,100
189	-43.25	2.25	200	2700,100
189	-42.25	2.25	200	2700,100
189	-42.25	3.25	200	2700,100
189	-40.75	4.75	200	2700,100
189	-40.25	4.75	200	2700,100
189	-40.25	4.25	200	2700,100
189	-41.25	3.25	200	2700,100
189	-41.25	2.25	200	2700,100
189	-42.25	1.25	200	2700,100
189	-42.75	1.25	200	2700,100
189	-43.25	1.75	200	2700,100
255	-44.25	-0.25	253	2600,0
255	-44.25	0.25	253	2600,0
255	-43.75	0.75	253	2600,0
255	-40.75	0.75	253	2600,0
255	-39.75	1.75	253	2600,0
255	-39.25	1.75	253	2600,0
255	-38.25	0.75	253	2600,0
255	-37.75	0.75	253	2600,0
255	-37.25	1.25	253	2600,0
255	-36.75	1.25	253	2600,0
255	-36.25	0.75	253	2600,0
255	-35.75	0.75	253	2600,0
255	-35.25	1.25	253	2600,0
255	-33.75	1.25	253	2600,0
255	-33.25	0.75	253	2600,0
255	-31.75	0.75	253	2600,0
255	-30.75	1.75	253	2600,0
255	-30.25	1.75	253	2600,0
255	-30.25	0.75	253	2600,0
255	-28.75	0.75	253	2600,0
255	-28.25	1.25	253	2600,0
255	-25.75	1.25	253	2600,0
255	-25.25	0.75	253	2600,0
255	-24.75	0.75	253	2600,0
255	-24.25	1.25	253	2600,0
255	-23.75	1.25	253	2600,0
255	-23.25	0.75	253	2600,0
255	-17.25	0.75	253	2600,0
255	-16.75	0.25	253	2600,0
255	-16.75	-0.25	253	2600,0
255	-44.25	-0.25	253	2600,0
236	-39.25	4.75	238	2600,0
236	-39.25	5.25	238	2600,0
236	-38.75	5.75	238	2600,0
236	-38.25	5.75	238	2600,0
236	-37.75	5.25	238	2600,0
236	-37.75	4.75	238	2600,0
236	-38.75	3.75	238	2600,0
236	-39.25	3.75	238	2600,0
236	-39.25	4.75	238	2600,0
72	-43.75	-0.25	138	2650,50
72	-43.75	-0.75	138	2650,50
72	-43.25	-0.75	138	2650,50
72	-42.75	-0.25	138	2650,50
72	-42.75	0.25	138	2650,50
72	-43.25	0.25	138	2650,50
72	-43.75	-0.25	138	2650,50
73	-39.75	2.25	138	2650,50
73	-39.75	2.75	138	2650,50
73	-39.25	2.75	138	2650,50
73	-38.25	1.75	138	2650,50
73	-36.75	1.75	138	2650,50
73	-36.25	2.25	138	2650,50
73	-34.75	2.25	138	2650,50
73	-34.25	1.75	138	2650,50
73	-34.25	0.25	138	2650,50
73	-34.75	0.25	138	2650,50
73	-35.75	1.25	138	2650,50
73	-36.25	1.25	138	2650,50
73	-36.25	0.25	138	2650,50
73	-37.25	-0.75	138	2650,50
73	-39.75	-0.75	138	2650,50
73	-40.25	-0.25	138	2650,50
73	-40.25	1.25	138	2650,50
73	-39.75	1.75	138	2650,50
73	-39.75	2.25	138	2650,50
60	-37.25	5.75	129	2600,0
60	-37.25	6.25	129	2600,0
60	-35.75	6.25	129	2600,0
60	-34.75	5.25	129	2600,0
60	-34.25	5.25	129	2600,0
60	-34.25	6.25	129	2600,0
60	-33.25	6.25	129	2600,0
60	-33.25	7.25	129	2600,0
60	-32.25	8.25	129	2600,0
60	-32.25	8.75	129	2600,0
60	-32.75	9.25	129	2600,0
60	-32.75	9.75	129	2600,0
60	-31.25	9.75	129	2600,0
60	-31.25	8.25	129	2600,0
60	-32.25	7.25	129	2600,0
60	-32.25	6.25	129	2600,0
60	-33.75	4.75	129	2600,0
60	-33.75	3.75	129	2600,0
60	-34.25	3.25	129	2600,0
60	-35.75	3.25	129	2600,0
60	-37.25	4.75	129	2600,0
60	-37.25	5.75	129	2600,0
386	-27.25	15.75	337	2600,0
386	-27.25	16.25	337	2600,0
386	-26.75	16.25	337	2600,0
386	-26.25	15.75	337	2600,0
386	-26.25	15.25	337	2600,0
386	-26.75	15.25	337	2600,0
386	-27.25	15.75	337	2600,0
62	-0.75	42.25	130	2600,0
62	-0.75	42.75	130	2600,0
62	-0.25	43.25	130	2600,0
62	0.25	43.25	130	2600,0
62	2.75	40.75	130	2600,0
62	2.75	40.25	130	2600,0
62	2.25	39.75	130	2600,0
62	2.25	39.25	130	2600,0
62	2.75	39.25	130	2600,0
62	4.25	40.75	130	2600,0
62	4.75	40.75	130	2600,0
62	5.25	40.25	130	2600,0
62	5.25	39.75	130	2600,0
62	4.25	39.75	130	2600,0
62	4.25	39.25	130	2600,0
62	5.25	38.25	130	2600,0
62	5.25	36.75	130	2600,0
62	2.75	36.75	130	2600,0
62	2.25	37.25	130	2600,0
62	1.75	37.25	130	2600,0
62	1.25	36.75	130	2600,0
62	0.75	36.75	130	2600,0
62	0.25	37.25	130	2600,0
62	0.25	37.75	130	2600,0
62	1.25	38.75	130	2600,0
62	1.25	40.25	130	2600,0
62	0.25	40.25	130	2600,0
62	-0.25	40.75	130	2600,0
62	-1.25	40.75	130	2600,0
62	-1.25	41.25	130	2600,0
62	-0.75	41.75	130	2600,0
62	-0.75	42.25	130	2600,0
62	-44.75	38.25	130	2650,0
62	-44.75	38.75	130	2650,0
62	-43.25	38.75	130	2650,0
62	-43.25	37.75	130	2650,0
62	-42.75	37.25	130	2650,0
62	-42.75	36.75	130	2650,0
62	-43.25	36.75	130	2650,0
62	-43.75	37.25	130	2650,0
62	-44.75	37.25	130	2650,0
62	-44.75	38.25	130	2650,0
569	-41.25	0.75	468	2600,0
569	-41.25	1.25	468	2600,0
569	-39.75	2.75	468	2600,0
569	-38.25	2.75	468	2600,0
569	-37.75	2.25	468	2600,0
569	-37.75	0.75	468	2600,0
569	-38.25	0.75	468	2600,0
569	-39.25	1.75	468	2600,0
569	-39.75	1.75	468	2600,0
569	-40.75	0.75	468	2600,0
569	-41.25	0.75	468	2600,0
244	-39.25	2.75	243	2600,0
244	-39.25	3.25	243	2600,0
244	-38.75	3.75	243	2600,0
244	-38.25	3.75	243	2600,0
244	-37.75	3.25	243	2600,0
244	-37.25	3.25	243	2600,0
244	-36.75	3.75	243	2600,0
244	-36.25	3.75	243	2600,0
244	-35.75	3.25	243	2600,0
244	-35.75	2.75	243	2600,0
244	-37.25	1.25	243	2600,0
244	-37.75	1.25	243	2600,0
244	-37.75	2.25	243	2600,0
244	-38.25	2.75	243	2600,0
244	-39.25	2.75	243	2600,0
332	-38.25	3.75	301	2600,0
332	-38.25	4.25	301	2600,0
332	-37.75	4.75	301	2600,0
332	-37.25	4.75	301	2600,0
332	-36.75	4.25	301	2600,0
332	-36.75	3.75	301	2600,0
332	-37.25	3.25	301	2600,0
332	-37.75	3.25	301	2600,0
332	-38.25	3.75	301	2600,0
691	-35.75	6.25	96	2600,0
691	-35.75	6.75	96	2600,0
691	-33.25	9.25	96	2600,0
691	-32.75	9.25	96	2600,0
691	-32.25	8.75	96	2600,0
691	-32.25	8.25	96	2600,0
691	-33.25	7.25	96	2600,0
691	-33.25	6.25	96	2600,0
691	-34.25	6.25	96	2600,0
691	-34.25	5.25	96	2600,0
691	-34.75	5.25	96	2600,0
691	-35.75	6.25	96	2600,0
582	-33.75	7.25	48	2650,50
582	-33.75	7.75	48	2650,50
582	-33.25	8.25	48	2650,50
582	-32.75	8.25	48	2650,50
582	-31.75	7.25	48	2650,50
582	-31.25	7.25	48	2650,50
582	-30.75	7.75	48	2650,50
582	-30.75	8.25	48	2650,50
582	-31.75	9.25	48	2650,50
582	-31.75	9.75	48	2650,50
582	-30.25	9.75	48	2650,50
582	-29.75	9.25	48	2650,50
582	-29.25	9.25	48	2650,50
582	-28.25	10.25	48	2650,50
582	-28.25	10.75	48	2650,50
582	-28.75	11.25	48	2650,50
582	-29.25	11.25	48	2650,50
582	-29.25	10.25	48	2650,50
582	-29.75	10.25	48	2650,50
582	-30.25	10.75	48	2650,50
582	-30.25	11.25	48	2650,50
582	-29.25	12.25	48	2650,50
582	-28.75	12.25	48	2650,50
582	-27.75	11.25	48	2650,50
582	-26.75	11.25	48	2650,50
582	-26.75	10.25	48	2650,50
582	-26.25	9.75	48	2650,50
582	-25.75	9.75	48	2650,50
582	-25.75	10.75	48	2650,50
582	-25.25	11.25	48	2650,50
582	-24.75	11.25	48	2650,50
582	-24.75	9.25	48	2650,50
582	-22.75	7.25	48	2650,50
582	-22.75	6.75	48	2650,50
582	-23.25	6.75	48	2650,50
582	-24.25	7.75	48	2650,50
582	-24.75	7.75	48	2650,50
582	-24.75	7.25	48	2650,50
582	-23.25	5.75	48	2650,50
582	-22.75	5.75	48	2650,50
582	-20.25	8.25	48	2650,50
582	-19.75	8.25	48	2650,50
582	-19.75	7.75	48	2650,50
582	-21.25	6.25	48	2650,50
582	-21.25	5.75	48	2650,50
582	-20.75	5.25	48	2650,50
582	-20.75	1.25	48	2650,50
582	-19.75	0.25	48	2650,50
582	-19.75	-0.25	48	2650,50
582	-20.25	-0.75	48	2650,50
582	-25.75	-0.75	48	2650,50
582	-25.75	0.25	48	2650,50
582	-26.25	0.75	48	2650,50
582	-26.25	2.75	48	2650,50
582	-26.75	2.75	48	2650,50
582	-27.25	2.25	48	2650,50
582	-27.25	1.25	48	2650,50
582	-28.25	1.25	48	2650,50
582	-28.75	0.75	48	2650,50
582	-28.75	-0.25	48	2650,50
582	-29.25	-0.75	48	2650,50
582	-32.75	-0.75	48	2650,50
582	-32.75	0.75	48	2650,50
582	-31.25	0.75	48	2650,50
582	-30.75	0.25	48	2650,50
582	-30.25	0.25	48	2650,50
582	-28.75	1.75	48	2650,50
582	-28.75	2.25	48	2650,50
582	-29.75	3.25	48	2650,50
582	-30.75	3.25	48	2650,50
582	-30.75	3.75	48	2650,50
582	-30.25	4.25	48	2650,50
582	-30.25	4.75	48	2650,50
582	-30.75	4.75	48	2650,50
582	-31.25	4.25	48	2650,50
582	-32.75	4.25	48	2650,50
582	-32.75	4.75	48	2650,50
582	-32.25	5.25	48	2650,50
582	-32.25	6.75	48	2650,50
582	-32.75	6.75	48	2650,50
582	-33.25	6.25	48	2650,50
582	-33.75	6.25	48	2650,50
582	-33.75	7.25	48	2650,50
582	-34.75	48.25	48	2650,0
582	-34.75	48.75	48	2650,0
582	-34.25	48.75	48	2650,0
582	-33.25	47.75	48	2650,0
582	-32.75	47.75	48	2650,0
582	-32.75	48.75	48	2650,0
582	-32.25	49.25	48	2650,0
582	-30.75	49.25	48	2650,0
582	-30.75	48.75	48	2650,0
582	-32.25	47.25	48	2650,0
582	-32.25	46.25	48	2650,0
582	-33.25	46.25	48	2650,0
582	-34.25	45.25	48	2650,0
582	-34.75	45.25	48	2650,0
582	-35.25	45.75	48	2650,0
582	-35.25	46.25	48	2650,0
582	-34.25	47.25	48	2650,0
582	-34.25	47.75	48	2650,0
582	-34.75	48.25	48	2650,0
583	-25.25	1.75	48	2650,50
583	-25.25	2.25	48	2650,50
583	-23.25	2.25	48	2650,50
583	-23.25	3.25	48	2650,50
583	-22.75	3.75	48	2650,50
583	-21.25	3.75	48	2650,50
583	-21.25	3.25	48	2650,50
583	-22.25	2.25	48	2650,50
583	-22.25	1.75	48	2650,50
583	-21.75	1.25	48	2650,50
583	-21.75	0.75	48	2650,50
583	-22.25	0.75	48	2650,50
583	-22.75	1.25	48	2650,50
583	-24.25	1.25	48	2650,50
583	-24.25	0.25	48	2650,50
583	-24.75	0.25	48	2650,50
583	-25.25	0.75	48	2650,50
583	-25.25	1.75	48	2650,50
583	-30.25	49.25	48	2650,0
583	-30.25	48.75	48	2650,0
583	-29.75	48.75	48	2650,0
583	-29.75	49.25	48	2650,0
583	-30.25	49.25	48	2650,0
584	-26.75	-0.75	48	2650,50
584	-26.75	-0.25	48	2650,50
584	-26.25	-0.25	48	2650,50
584	-26.25	-0.75	48	2650,50
584	-26.75	-0.75	48	2650,50
584	-27.75	47.25	48	2650,0
584	-27.75	47.75	48	2650,0
584	-26.75	47.75	48	2650,0
584	-26.75	48.75	48	2650,0
584	-26.25	49.25	48	2650,0
584	-23.75	49.25	48	2650,0
584	-23.75	48.25	48	2650,0
584	-23.25	47.75	48	2650,0
584	-23.25	46.75	48	2650,0
584	-22.75	46.25	48	2650,0
584	-22.75	45.25	48	2650,0
584	-22.25	44.75	48	2650,0
584	-22.25	44.25	48	2650,0
584	-22.75	43.75	48	2650,0
584	-23.75	43.75	48	2650,0
584	-23.75	43.25	48	2650,0
584	-23.25	42.75	48	2650,0
584	-23.25	42.25	48	2650,0
584	-23.75	42.25	48	2650,0
584	-24.25	42.75	48	2650,0
584	-25.75	42.75	48	2650,0
584	-25.75	41.75	48	2650,0
584	-26.25	41.75	48	2650,0
584	-26.75	42.25	48	2650,0
584	-26.75	43.75	48	2650,0
584	-25.75	43.75	48	2650,0
584	-25.25	44.25	48	2650,0
584	-25.25	46.25	48	2650,0
584	-24.75	46.25	48	2650,0
584	-24.25	45.75	48	2650,0
584	-23.75	45.75	48	2650,0
584	-23.75	46.25	48	2650,0
584	-24.75	47.25	48	2650,0
584	-25.25	47.25	48	2650,0
584	-25.75	46.75	48	2650,0
584	-27.25	46.75	48	2650,0
584	-27.75	47.25	48	2650,0
200	-28.25	10.75	210	2600,0
200	-28.25	11.25	210	2600,0
200	-27.75	11.25	210	2600,0
200	-26.25	9.75	210	2600,0
200	-26.25	9.25	210	2600,0
200	-27.25	9.25	210	2600,0
200	-27.75	8.75	210	2600,0
200	-28.25	8.75	210	2600,0
200	-28.75	9.25	210	2600,0
200	-28.75	9.75	210	2600,0
200	-28.25	10.25	210	2600,0
200	-28.25	10.75	210	2600,0
594	-36.75	1.25	5	2600,0
594	-36.75	1.75	5	2600,0
594	-35.25	3.25	5	2600,0
594	-34.25	3.25	5	2600,0
594	-33.75	3.75	5	2600,0
594	-33.25	3.75	5	2600,0
594	-32.25	2.75	5	2600,0
594	-32.25	1.25	5	2600,0
594	-32.75	1.25	5	2600,0
594	-33.25	1.75	5	2600,0
594	-33.25	2.75	5	2600,0
594	-33.75	2.75	5	2600,0
594	-35.75	0.75	5	2600,0
594	-36.25	0.75	5	2600,0
594	-36.75	1.25	5	2600,0
548	-31.75	6.25	452	2600,0
548	-31.75	6.75	452	2600,0
548	-31.25	7.25	452	2600,0
548	-30.75	7.25	452	2600,0
548	-30.75	6.75	452	2600,0
548	-31.25	6.25	452	2600,0
548	-31.75	6.25	452	2600,0
644	-29.25	7.75	70	2600,0
644	-29.25	8.25	70	2600,0
644	-28.75	8.25	70	2600,0
644	-28.25	7.75	70	2600,0
644	-27.25	7.75	70	2600,0
644	-27.25	7.25	70	2600,0
644	-27.75	6.75	70	2600,0
644	-27.75	6.25	70	2600,0
644	-27.25	5.75	70	2600,0
644	-27.25	5.25	70	2600,0
644	-28.25	4.25	70	2600,0
644	-28.75	4.25	70	2600,0
644	-29.25	4.75	70	2600,0
644	-29.75	4.75	70	2600,0
644	-30.25	4.25	70	2600,0
644	-31.25	4.25	70	2600,0
644	-32.25	3.25	70	2600,0
644	-32.75	3.25	70	2600,0
644	-32.75	3.75	70	2600,0
644	-29.25	7.25	70	2600,0
644	-29.25	7.75	70	2600,0
50	-34.75	1.25	121	2600,0
50	-34.75	1.75	121	2600,0
50	-33.75	2.75	121	2600,0
50	-33.25	2.75	121	2600,0
50	-33.25	1.75	121	2600,0
50	-32.75	1.25	121	2600,0
50	-32.75	0.75	121	2600,0
50	-33.25	0.75	121	2600,0
50	-33.75	1.25	121	2600,0
50	-34.75	1.25	121	2600,0
147	-23.25	12.75	18	2600,0
147	-23.25	13.25	18	2600,0
147	-22.75	13.25	18	2600,0
147	-22.25	12.75	18	2600,0
147	-21.25	12.75	18	2600,0
147	-20.75	12.25	18	2600,0
147	-20.25	12.25	18	2600,0
147	-20.25	12.75	18	2600,0
147	-20.75	13.25	18	2600,0
147	-20.75	13.75	18	2600,0
147	-20.25	13.75	18	2600,0
147	-19.75	13.25	18	2600,0
147	-19.25	13.25	18	2600,0
147	-18.75	13.75	18	2600,0
147	-18.25	13.75	18	2600,0
147	-17.75	13.25	18	2600,0
147	-17.75	12.75	18	2600,0
147	-18.25	12.25	18	2600,0
147	-18.25	11.75	18	2600,0
147	-17.75	11.25	18	2600,0
147	-17.75	10.75	18	2600,0
147	-18.75	10.75	18	2600,0
147	-19.25	10.25	18	2600,0
147	-19.25	9.75	18	2600,0
147	-18.25	9.75	18	2600,0
147	-18.25	8.75	18	2600,0
147	-17.25	8.75	18	2600,0
147	-16.75	8.25	18	2600,0
147	-16.75	7.75	18	2600,0
147	-17.75	7.75	18	2600,0
147	-17.75	7.25	18	2600,0
147	-17.25	6.75	18	2600,0
147	-15.25	6.75	18	2600,0
147	-14.75	6.25	18	2600,0
147	-14.75	5.75	18	2600,0
147	-15.75	4.75	18	2600,0
147	-16.25	4.75	18	2600,0
147	-19.25	7.75	18	2600,0
147	-20.25	7.75	18	2600,0
147	-20.75	8.25	18	2600,0
147	-20.75	9.25	18	2600,0
147	-23.25	11.75	18	2600,0
147	-23.25	12.75	18	2600,0
148	-25.25	8.75	18	2600,0
148	-25.25	9.25	18	2600,0
148	-24.75	9.25	18	2600,0
148	-21.25	5.75	18	2600,0
148	-21.25	5.25	18	2600,0
148	-21.75	5.25	18	2600,0
148	-25.25	8.75	18	2600,0
149	-19.25	2.75	18	2600,0
149	-19.25	3.25	18	2600,0
149	-18.75	3.25	18	2600,0
149	-17.75	2.25	18	2600,0
149	-17.75	1.75	18	2600,0
149	-18.25	1.75	18	2600,0
149	-19.25	2.75	18	2600,0
242	-32.25	2.75	241	2600,0
242	-32.25	3.25	241	2600,0
242	-31.75	3.75	241	2600,0
242	-31.25	3.75	241	2600,0
242	-30.25	2.75	241	2600,0
242	-29.75	2.75	241	2600,0
242	-29.25	3.25	241	2600,0
242	-28.75	3.25	241	2600,0
242	-28.75	1.75	241	2600,0
242	-29.75	0.75	241	2600,0
242	-30.25	0.75	241	2600,0
242	-30.25	1.75	241	2600,0
242	-30.75	1.75	241	2600,0
242	-31.75	0.75	241	2600,0
242	-32.25	0.75	241	2600,0
242	-32.25	2.75	241	2600,0
233	-31.25	3.75	235	2600,0
233	-31.25	4.25	235	2600,0
233	-30.25	4.25	235	2600,0
233	-29.75	4.75	235	2600,0
233	-29.25	4.75	235	2600,0
233	-28.25	3.75	235	2600,0
233	-27.75	3.75	235	2600,0
233	-27.25	4.25	235	2600,0
233	-27.25	5.25	235	2600,0
233	-26.75	5.75	235	2600,0
233	-26.25	5.75	235	2600,0
233	-25.75	5.25	235	2600,0
233	-24.75	5.25	235	2600,0
233	-23.75	4.25	235	2600,0
233	-23.75	2.25	235	2600,0
233	-23.25	2.25	235	2600,0
233	-23.25	3.25	235	2600,0
233	-21.75	3.25	235	2600,0
233	-21.75	2.75	235	2600,0
233	-23.25	1.25	235	2600,0
233	-23.75	1.25	235	2600,0
233	-26.25	3.75	235	2600,0
233	-26.75	3.75	235	2600,0
233	-28.25	2.25	235	2600,0
233	-28.75	2.25	235	2600,0
233	-28.75	3.25	235	2600,0
233	-29.25	3.25	235	2600,0
233	-29.75	2.75	235	2600,0
233	-30.25	2.75	235	2600,0
233	-31.25	3.75	235	2600,0
491	-26.75	8.25	405	2600,0
491	-26.75	8.75	405	2600,0
491	-26.25	9.25	405	2600,0
491	-25.75	9.25	405	2600,0
491	-25.25	8.75	405	2600,0
491	-25.25	8.25	405	2600,0
491	-25.75	7.75	405	2600,0
491	-26.25	7.75	405	2600,0
491	-26.75	8.25	405	2600,0
412	-23.75	11.25	354	2600,0
412	-23.75	11.75	354	2600,0
412	-23.25	11.75	354	2600,0
412	-23.25	11.25	354	2600,0
412	-23.75	11.25	354	2600,0
413	-22.75	10.25	354	2600,0
413	-22.75	10.75	354	2600,0
413	-22.25	10.75	354	2600,0
413	-22.25	10.25	354	2600,0
413	-22.75	10.25	354	2600,0
121	-21.75	13.25	163	2600,0
121	-21.75	13.75	163	2600,0
121	-20.75	14.75	163	2600,0
121	-20.25	14.75	163	2600,0
121	-19.75	14.25	163	2600,0
121	-18.75	14.25	163	2600,0
121	-18.75	13.75	163	2600,0
121	-19.25	13.25	163	2600,0
121	-19.75	13.25	163	2600,0
121	-20.25	13.75	163	2600,0
121	-20.75	13.75	163	2600,0
121	-20.75	13.25	163	2600,0
121	-20.25	12.75	163	2600,0
121	-20.25	12.25	163	2600,0
121	-20.75	12.25	163	2600,0
121	-21.75	13.25	163	2600,0
155	-14.75	20.25	185	2650,50
155	-14.75	20.75	185	2650,50
155	-14.25	20.75	185	2650,50
155	-13.25	19.75	185	2650,50
155	-12.75	19.75	185	2650,50
155	-12.25	20.25	185	2650,50
155	-11.75	20.25	185	2650,50
155	-11.75	19.75	185	2650,50
155	-12.25	19.25	185	2650,50
155	-12.25	18.75	185	2650,50
155	-11.75	18.75	185	2650,50
155	-11.25	19.25	185	2650,50
155	-10.25	19.25	185	2650,50
155	-8.75	20.75	185	2650,50
155	-6.75	20.75	185	2650,50
155	-6.25	21.25	185	2650,50
155	-5.25	21.25	185	2650,50
155	-4.25	22.25	185	2650,50
155	-1.25	22.25	185	2650,50
155	-0.25	23.25	185	2650,50
155	-0.25	24.25	185	2650,50
155	0.25	24.25	185	2650,50
155	0.75	23.75	185	2650,50
155	0.75	22.75	185	2650,50
155	1.25	22.25	185	2650,50
155	2.25	22.25	185	2650,50
155	2.75	21.75	185	2650,50
155	2.75	21.25	185	2650,50
155	1.75	21.25	185	2650,50
155	1.75	20.75	185	2650,50
155	2.25	20.25	185	2650,50
155	3.25	20.25	185	2650,50
155	3.75	19.75	185	2650,50
155	3.75	19.25	185	2650,50
155	0.25	15.75	185	2650,50
155	-0.25	15.75	185	2650,50
155	-1.75	17.25	185	2650,50
155	-1.75	17.75	185	2650,50
155	-0.75	17.75	185	2650,50
155	-0.75	18.25	185	2650,50
155	-1.25	18.75	185	2650,50
155	-3.25	18.75	185	2650,50
155	-3.25	19.25	185	2650,50
155	-2.75	19.75	185	2650,50
155	-2.75	20.25	185	2650,50
155	-3.25	20.75	185	2650,50
155	-3.75	20.75	185	2650,50
155	-4.75	19.75	185	2650,50
155	-4.75	19.25	185	2650,50
155	-1.25	15.75	185	2650,50
155	-1.25	15.25	185	2650,50
155	-2.25	15.25	185	2650,50
155	-2.75	14.75	185	2650,50
155	-3.25	14.75	185	2650,50
155	-3.25	15.25	185	2650,50
155	-2.75	15.75	185	2650,50
155	-2.75	16.25	185	2650,50
155	-3.25	16.25	185	2650,50
155	-3.75	15.75	185	2650,50
155	-4.25	15.75	185	2650,50
155	-4.75	16.25	185	2650,50
155	-4.75	16.75	185	2650,50
155	-3.75	16.75	185	2650,50
155	-3.75	17.25	185	2650,50
155	-5.25	18.75	185	2650,50
155	-5.75	18.75	185	2650,50
155	-6.75	17.75	185	2650,50
155	-6.75	16.75	185	2650,50
155	-7.25	16.75	185	2650,50
155	-7.75	17.25	185	2650,50
155	-7.75	17.75	185	2650,50
155	-6.75	18.75	185	2650,50
155	-6.75	19.25	185	2650,50
155	-7.25	19.25	185	2650,50
155	-7.75	18.75	185	2650,50
155	-8.25	18.75	185	2650,50
155	-8.75	19.25	185	2650,50
155	-9.25	19.25	185	2650,50
155	-9.25	18.75	185	2650,50
155	-8.75	18.25	185	2650,50
155	-8.75	17.75	185	2650,50
155	-9.75	17.75	185	2650,50
155	-9.75	16.75	185	2650,50
155	-11.75	14.75	185	2650,50
155	-12.25	14.75	185	2650,50
155	-12.25	15.75	185	2650,50
155	-13.25	15.75	185	2650,50
155	-13.25	16.75	185	2650,50
155	-13.75	17.25	185	2650,50
155	-14.75	17.25	185	2650,50
155	-14.75	17.75	185	2650,50
155	-14.25	18.25	185	2650,50
155	-13.75	18.25	185	2650,50
155	-13.25	17.75	185	2650,50
155	-12.75	17.75	185	2650,50
155	-12.75	18.25	185	2650,50
155	-14.75	20.25	185	2650,50
25	-44.75	40.25	105	2700,50
25	-44.75	40.75	105	2700,50
25	-43.75	40.75	105	2700,50
25	-43.75	41.75	105	2700,50
25	-43.25	42.25	105	2700,50
25	-42.75	42.25	105	2700,50
25	-42.25	41.75	105	2700,50
25	-42.25	40.75	105	2700,50
25	-41.25	40.75	105	2700,50
25	-41.25	39.75	105	2700,50
25	-40.75	39.25	105	2700,50
25	-40.75	38.75	105	2700,50
25	-41.25	38.25	105	2700,50
25	-41.75	38.25	105	2700,50
25	-41.75	39.25	105	2700,50
25	-42.25	39.25	105	2700,50
25	-43.25	38.25	105	2700,50
25	-43.25	36.25	105	2700,50
25	-43.75	36.25	105	2700,50
25	-44.25	36.75	105	2700,50
25	-44.25	37.75	105	2700,50
25	-45.25	37.75	105	2700,50
25	-45.25	38.25	105	2700,50
25	-44.75	38.75	105	2700,50
25	-43.75	38.75	105	2700,50
25	-43.75	39.25	105	2700,50
25	-44.75	40.25	105	2700,50
173	-31.25	3.75	2	2700,100
173	-31.25	4.25	2	2700,100
173	-30.25	5.25	2	2700,100
173	-29.75	5.25	2	2700,100
173	-29.75	4.75	2	2700,100
173	-30.25	4.25	2	2700,100
173	-30.25	3.75	2	2700,100
173	-29.75	3.25	2	2700,100
173	-29.25	3.25	2	2700,100
173	-29.25	4.25	2	2700,100
173	-28.75	4.75	2	2700,100
173	-28.25	4.75	2	2700,100
173	-28.25	3.75	2	2700,100
173	-27.75	3.25	2	2700,100
173	-27.75	2.75	2	2700,100
173	-28.75	2.75	2	2700,100
173	-28.75	1.75	2	2700,100
173	-29.25	1.25	2	2700,100
173	-29.25	0.75	2	2700,100
173	-28.75	0.25	2	2700,100
173	-28.25	0.25	2	2700,100
173	-27.75	0.75	2	2700,100
173	-27.25	0.75	2	2700,100
173	-26.75	0.25	2	2700,100
173	-26.25	0.25	2	2700,100
173	-26.25	4.25	2	2700,100
173	-25.75	4.25	2	2700,100
173	-25.25	3.75	2	2700,100
173	-23.75	3.75	2	2700,100
173	-23.75	4.25	2	2700,100
173	-24.25	4.75	2	2700,100
173	-25.25	4.75	2	2700,100
173	-25.25	5.25	2	2700,100
173	-24.75	5.75	2	2700,100
173	-22.25	5.75	2	2700,100
173	-22.25	5.25	2	2700,100
173	-22.75	4.75	2	2700,100
173	-22.75	4.25	2	2700,100
173	-21.25	4.25	2	2700,100
173	-20.25	5.25	2	2700,100
173	-18.75	5.25	2	2700,100
173	-16.25	2.75	2	2700,100
173	-16.25	1.75	2	2700,100
173	-15.75	1.25	2	2700,100
173	-15.75	0.75	2	2700,100
173	-16.25	0.25	2	2700,100
173	-16.25	-0.75	2	2700,100
173	-16.75	-1.25	2	2700,100
173	-18.25	-1.25	2	2700,100
173	-18.25	0.75	2	2700,100
173	-18.75	0.75	2	2700,100
173	-19.25	0.25	2	2700,100
173	-19.25	-0.75	2	2700,100
173	-19.75	-1.25	2	2700,100
173	-22.25	-1.25	2	2700,100
173	-23.25	-0.25	2	2700,100
173	-24.75	-0.25	2	2700,100
173	-24.75	-1.25	2	2700,100
173	-26.25	-1.25	2	2700,100
173	-26.75	-0.75	2	2700,100
173	-27.25	-0.75	2	2700,100
173	-27.75	-1.25	2	2700,100
173	-30.25	-1.25	2	2700,100
173	-31.75	0.25	2	2700,100
173	-31.75	0.75	2	2700,100
173	-30.75	0.75	2	2700,100
173	-30.25	1.25	2	2700,100
173	-30.25	2.75	2	2700,100
173	-31.25	3.75	2	2700,100
173	-35.25	47.75	2	2700,50
173	-35.25	48.25	2	2700,50
173	-34.75	48.75	2	2700,50
173	-29.25	48.75	2	2700,50
173	-29.25	46.25	2	2700,50
173	-30.25	45.25	2	2700,50
173	-30.25	44.75	2	2700,50
173	-29.75	44.25	2	2700,50
173	-29.25	44.25	2	2700,50
173	-28.25	45.25	2	2700,50
173	-27.75	45.25	2	2700,50
173	-27.25	44.75	2	2700,50
173	-26.75	44.75	2	2700,50
173	-26.75	45.75	2	2700,50
173	-25.25	45.75	2	2700,50
173	-25.25	43.75	2	2700,50
173	-23.25	43.75	2	2700,50
173	-23.25	42.25	2	2700,50
173	-24.25	41.25	2	2700,50
173	-25.25	41.25	2	2700,50
173	-25.25	40.25	2	2700,50
173	-25.75	39.75	2	2700,50
173	-26.75	39.75	2	2700,50
173	-27.75	38.75	2	2700,50
173	-27.75	37.75	2	2700,50
173	-32.25	33.25	2	2700,50
173	-32.75	33.25	2	2700,50
173	-32.75	34.25	2	2700,50
173	-33.75	34.25	2	2700,50
173	-33.75	35.75	2	2700,50
173	-33.25	36.25	2	2700,50
173	-33.25	36.75	2	2700,50
173	-33.75	37.25	2	2700,50
173	-33.75	37.75	2	2700,50
173	-32.75	37.75	2	2700,50
173	-32.25	38.25	2	2700,50
173	-32.25	38.75	2	2700,50
173	-33.25	39.75	2	2700,50
173	-33.25	40.25	2	2700,50
173	-32.75	40.25	2	2700,50
173	-32.25	39.75	2	2700,50
173	-31.75	39.75	2	2700,50
173	-31.75	41.75	2	2700,50
173	-31.25	42.25	2	2700,50
173	-31.25	42.75	2	2700,50
173	-31.75	42.75	2	2700,50
173	-32.75	41.75	2	2700,50
173	-34.75	41.75	2	2700,50
173	-35.25	41.25	2	2700,50
173	-35.75	41.25	2	2700,50
173	-36.25	41.75	2	2700,50
173	-36.25	45.25	2	2700,50
173	-35.75	45.75	2	2700,50
173	-35.75	46.75	2	2700,50
173	-35.25	47.25	2	2700,50
173	-35.25	47.75	2	2700,50
173	-32.75	43.25	2	2650,0
173	-32.75	43.75	2	2650,0
173	-32.25	44.25	2	2650,0
173	-31.75	44.25	2	2650,0
173	-31.25	43.75	2	2650,0
173	-30.75	43.75	2	2650,0
173	-30.75	45.75	2	2650,0
173	-30.25	45.75	2	2650,0
173	-29.75	45.25	2	2650,0
173	-29.25	45.25	2	2650,0
173	-28.25	46.25	2	2650,0
173	-28.25	47.25	2	2650,0
173	-27.75	47.25	2	2650,0
173	-27.25	46.75	2	2650,0
173	-25.75	46.75	2	2650,0
173	-25.25	47.25	2	2650,0
173	-24.75	47.25	2	2650,0
173	-23.75	46.25	2	2650,0
173	-23.75	45.75	2	2650,0
173	-24.25	45.75	2	2650,0
173	-24.75	46.25	2	2650,0
173	-25.25	46.25	2	2650,0
173	-25.25	44.25	2	2650,0
173	-25.75	43.75	2	2650,0
173	-26.75	43.75	2	2650,0
173	-26.75	42.25	2	2650,0
173	-26.25	41.75	2	2650,0
173	-25.75	41.75	2	2650,0
173	-25.75	42.75	2	2650,0
173	-25.25	42.75	2	2650,0
173	-24.25	41.75	2	2650,0
173	-24.25	41.25	2	2650,0
173	-26.25	39.25	2	2650,0
173	-28.75	39.25	2	2650,0
173	-28.75	40.25	2	2650,0
173	-29.75	40.25	2	2650,0
173	-29.75	41.25	2	2650,0
173	-30.25	41.25	2	2650,0
173	-30.75	40.75	2	2650,0
173	-30.75	40.25	2	2650,0
173	-29.75	39.25	2	2650,0
173	-29.75	38.25	2	2650,0
173	-28.75	37.25	2	2650,0
173	-28.75	36.75	2	2650,0
173	-30.25	36.75	2	2650,0
173	-30.75	37.25	2	2650,0
173	-30.75	39.25	2	2650,0
173	-31.75	39.25	2	2650,0
173	-32.25	39.75	2	2650,0
173	-32.25	40.75	2	2650,0
173	-32.75	40.75	2	2650,0
173	-33.25	40.25	2	2650,0
173	-33.75	40.25	2	2650,0
173	-33.75	40.75	2	2650,0
173	-32.75	41.75	2	2650,0
173	-32.75	43.25	2	2650,0
173	2.25	8.25	2	2650,50
173	2.25	8.75	2	2650,50
173	3.25	8.75	2	2650,50
173	3.25	9.75	2	2650,50
173	3.75	10.25	2	2650,50
173	4.25	10.25	2	2650,50
173	4.25	9.25	2	2650,50
173	4.75	8.75	2	2650,50
173	4.75	7.25	2	2650,50
173	4.25	7.25	2	2650,50
173	4.25	8.25	2	2650,50
173	3.75	8.25	2	2650,50
173	3.25	7.75	2	2650,50
173	2.75	7.75	2	2650,50
173	2.25	8.25	2	2650,50
173	-45.25	48.75	2	2700,0
173	-45.25	49.25	2	2700,0
173	-42.75	49.25	2	2700,0
173	-42.25	48.75	2	2700,0
173	-41.75	48.75	2	2700,0
173	-41.25	49.25	2	2700,0
173	-37.75	49.25	2	2700,0
173	-37.25	48.75	2	2700,0
173	-36.75	48.75	2	2700,0
173	-36.25	49.25	2	2700,0
173	-33.75	49.25	2	2700,0
173	-33.75	48.25	2	2700,0
173	-33.25	48.25	2	2700,0
173	-32.75	48.75	2	2700,0
173	-32.25	48.75	2	2700,0
173	-31.75	48.25	2	2700,0
173	-31.25	48.25	2	2700,0
173	-30.25	49.25	2	2700,0
173	-26.75	49.25	2	2700,0
173	-26.75	48.25	2	2700,0
173	-25.75	48.25	2	2700,0
173	-25.75	47.75	2	2700,0
173	-26.25	47.25	2	2700,0
173	-26.25	46.75	2	2700,0
173	-23.75	46.75	2	2700,0
173	-23.25	47.25	2	2700,0
173	-22.25	47.25	2	2700,0
173	-21.75	47.75	2	2700,0
173	-21.25	47.75	2	2700,0
173	-21.25	46.75	2	2700,0
173	-20.25	45.75	2	2700,0
173	-20.25	44.75	2	2700,0
173	-18.25	44.75	2	2700,0
173	-18.25	43.75	2	2700,0
173	-16.75	43.75	2	2700,0
173	-16.75	44.75	2	2700,0
173	-16.25	45.25	2	2700,0
173	-16.25	47.25	2	2700,0
173	-15.75	47.75	2	2700,0
173	-15.75	48.25	2	2700,0
173	-16.25	48.75	2	2700,0
173	-16.25	49.25	2	2700,0
173	-15.75	49.25	2	2700,0
173	-14.25	47.75	2	2700,0
173	-13.75	47.75	2	2700,0
173	-13.75	48.25	2	2700,0
173	-14.25	48.75	2	2700,0
173	-14.25	49.25	2	2700,0
173	-9.75	49.25	2	2700,0
173	-9.25	48.75	2	2700,0
173	-9.25	47.75	2	2700,0
173	-8.75	47.75	2	2700,0
173	-7.75	48.75	2	2700,0
173	-6.75	48.75	2	2700,0
173	-6.25	49.25	2	2700,0
173	-5.75	49.25	2	2700,0
173	-5.75	48.75	2	2700,0
173	-6.75	47.75	2	2700,0
173	-6.75	46.75	2	2700,0
173	-7.75	45.75	2	2700,0
173	-8.75	45.75	2	2700,0
173	-9.25	45.25	2	2700,0
173	-9.75	45.25	2	2700,0
173	-10.25	45.75	2	2700,0
173	-10.25	46.75	2	2700,0
173	-12.25	46.75	2	2700,0
173	-12.75	47.25	2	2700,0
173	-13.25	47.25	2	2700,0
173	-13.75	46.75	2	2700,0
173	-13.75	45.75	2	2700,0
173	-14.75	45.75	2	2700,0
173	-15.75	44.75	2	2700,0
173	-15.75	44.25	2	2700,0
173	-15.25	44.25	2	2700,0
173	-14.75	44.75	2	2700,0
173	-13.25	44.75	2	2700,0
173	-13.25	44.25	2	2700,0
173	-13.75	43.75	2	2700,0
173	-14.75	43.75	2	2700,0
173	-15.25	43.25	2	2700,0
173	-16.25	43.25	2	2700,0
173	-16.25	41.75	2	2700,0
173	-15.25	41.75	2	2700,0
173	-15.25	40.75	2	2700,0
173	-14.75	40.25	2	2700,0
173	-14.75	39.25	2	2700,0
173	-14.25	38.75	2	2700,0
173	-13.75	38.75	2	2700,0
173	-13.75	39.75	2	2700,0
173	-12.25	39.75	2	2700,0
173	-11.75	39.25	2	2700,0
173	-11.75	38.75	2	2700,0
173	-12.25	38.25	2	2700,0
173	-12.25	37.75	2	2700,0
173	-10.25	37.75	2	2700,0
173	-8.75	36.25	2	2700,0
173	-8.75	35.75	2	2700,0
173	-9.25	35.25	2	2700,0
173	-10.25	35.25	2	2700,0
173	-10.75	34.75	2	2700,0
173	-11.25	34.75	2	2700,0
173	-11.25	35.75	2	2700,0
173	-12.25	35.75	2	2700,0
173	-12.25	36.75	2	2700,0
173	-13.75	36.75	2	2700,0
173	-13.75	35.75	2	2700,0
173	-14.25	35.25	2	2700,0
173	-14.25	34.25	2	2700,0
173	-14.75	33.75	2	2700,0
173	-14.75	33.25	2	2700,0
173	-14.25	32.75	2	2700,0
173	-13.25	32.75	2	2700,0
173	-13.25	32.25	2	2700,0
173	-13.75	31.75	2	2700,0
173	-16.75	31.75	2	2700,0
173	-17.75	30.75	2	2700,0
173	-17.75	28.75	2	2700,0
173	-18.25	28.75	2	2700,0
173	-19.25	29.75	2	2700,0
173	-19.75	29.75	2	2700,0
173	-19.75	29.25	2	2700,0
173	-19.25	28.75	2	2700,0
173	-19.25	27.25	2	2700,0
173	-19.75	27.25	2	2700,0
173	-20.25	27.75	2	2700,0
173	-20.75	27.75	2	2700,0
173	-20.75	27.25	2	2700,0
173	-19.75	26.25	2	2700,0
173	-19.75	25.75	2	2700,0
173	-20.25	25.25	2	2700,0
173	-20.25	24.75	2	2700,0
173	-19.75	24.25	2	2700,0
173	-19.75	23.75	2	2700,0
173	-20.25	23.75	2	2700,0
173	-20.75	24.25	2	2700,0
173	-21.25	24.25	2	2700,0
173	-22.25	23.25	2	2700,0
173	-22.25	22.75	2	2700,0
173	-21.75	22.25	2	2700,0
173	-20.75	22.25	2	2700,0
173	-20.25	21.75	2	2700,0
173	-20.25	21.25	2	2700,0
173	-28.25	13.25	2	2700,0
173	-28.75	13.25	2	2700,0
173	-29.25	13.75	2	2700,0
173	-30.25	13.75	2	2700,0
173	-30.75	14.25	2	2700,0
173	-30.75	14.75	2	2700,0
173	-29.75	14.75	2	2700,0
173	-29.75	15.25	2	2700,0
173	-31.25	16.75	2	2700,0
173	-31.75	16.75	2	2700,0
173	-32.25	16.25	2	2700,0
173	-32.25	15.75	2	2700,0
173	-31.75	15.25	2	2700,0
173	-31.75	14.75	2	2700,0
173	-33.75	14.75	2	2700,0
173	-34.25	14.25	2	2700,0
173	-34.75	14.25	2	2700,0
173	-35.75	15.25	2	2700,0
173	-36.25	15.25	2	2700,0
173	-36.25	14.25	2	2700,0
173	-37.25	14.25	2	2700,0
173	-38.25	13.25	2	2700,0
173	-38.25	12.75	2	2700,0
173	-37.75	12.25	2	2700,0
173	-37.75	11.75	2	2700,0
173	-38.25	11.75	2	2700,0
173	-38.75	12.25	2	2700,0
173	-40.25	12.25	2	2700,0
173	-40.25	9.25	2	2700,0
173	-40.75	8.75	2	2700,0
173	-41.25	8.75	2	2700,0
173	-41.25	9.75	2	2700,0
173	-42.25	9.75	2	2700,0
173	-43.25	10.75	2	2700,0
173	-43.25	11.25	2	2700,0
173	-42.75	11.75	2	2700,0
173	-41.75	11.75	2	2700,0
173	-41.75	12.25	2	2700,0
173	-42.25	12.75	2	2700,0
173	-43.25	12.75	2	2700,0
173	-43.75	13.25	2	2700,0
173	-44.25	13.25	2	2700,0
173	-44.25	12.25	2	2700,0
173	-44.75	12.25	2	2700,0
173	-45.25	12.75	2	2700,0
173	-45.25	15.25	2	2700,0
173	-44.75	15.75	2	2700,0
173	-44.25	15.75	2	2700,0
173	-44.25	14.75	2	2700,0
173	-43.75	14.25	2	2700,0
173	-43.25	14.25	2	2700,0
173	-42.75	14.75	2	2700,0
173	-42.75	15.25	2	2700,0
173	-43.25	15.75	2	2700,0
173	-43.25	16.75	2	2700,0
173	-44.25	17.75	2	2700,0
173	-45.25	17.75	2	2700,0
173	-45.25	19.25	2	2700,0
173	-44.75	19.25	2	2700,0
173	-44.25	18.75	2	2700,0
173	-43.75	18.75	2	2700,0
173	-43.75	19.75	2	2700,0
173	-43.25	19.75	2	2700,0
173	-42.75	19.25	2	2700,0
173	-42.25	19.25	2	2700,0
173	-41.25	20.25	2	2700,0
173	-40.25	20.25	2	2700,0
173	-39.25	21.25	2	2700,0
173	-39.25	23.25	2	2700,0
173	-38.75	23.25	2	2700,0
173	-37.75	22.25	2	2700,0
173	-37.25	22.25	2	2700,0
173	-36.75	22.75	2	2700,0
173	-35.75	22.75	2	2700,0
173	-34.75	23.75	2	2700,0
173	-34.75	25.75	2	2700,0
173	-33.25	27.25	2	2700,0
173	-32.75	27.25	2	2700,0
173	-32.75	26.25	2	2700,0
173	-31.25	26.25	2	2700,0
173	-31.25	26.75	2	2700,0
173	-32.25	27.75	2	2700,0
173	-32.25	28.75	2	2700,0
173	-32.75	29.25	2	2700,0
173	-33.25	29.25	2	2700,0
173	-33.75	28.75	2	2700,0
173	-34.25	28.75	2	2700,0
173	-34.25	29.75	2	2700,0
173	-34.75	29.75	2	2700,0
173	-35.25	29.25	2	2700,0
173	-35.25	28.25	2	2700,0
173	-36.25	27.25	2	2700,0
173	-36.25	26.25	2	2700,0
173	-36.75	26.25	2	2700,0
173	-37.75	27.25	2	2700,0
173	-37.75	28.25	2	2700,0
173	-38.25	28.25	2	2700,0
173	-38.75	27.75	2	2700,0
173	-40.25	27.75	2	2700,0
173	-40.25	28.25	2	2700,0
173	-39.25	29.25	2	2700,0
173	-38.25	29.25	2	2700,0
173	-38.25	30.25	2	2700,0
173	-36.75	31.75	2	2700,0
173	-36.25	31.75	2	2700,0
173	-35.75	31.25	2	2700,0
173	-34.25	31.25	2	2700,0
173	-33.75	31.75	2	2700,0
173	-33.25	31.75	2	2700,0
173	-32.25	30.75	2	2700,0
173	-32.25	29.75	2	2700,0
173	-31.75	29.25	2	2700,0
173	-31.25	29.25	2	2700,0
173	-31.25	30.25	2	2700,0
173	-30.75	30.25	2	2700,0
173	-30.25	29.75	2	2700,0
173	-29.75	29.75	2	2700,0
173	-29.75	30.25	2	2700,0
173	-30.75	31.25	2	2700,0
173	-30.75	31.75	2	2700,0
173	-29.75	31.75	2	2700,0
173	-29.75	32.75	2	2700,0
173	-28.25	32.75	2	2700,0
173	-27.25	31.75	2	2700,0
173	-26.75	31.75	2	2700,0
173	-26.75	32.75	2	2700,0
173	-26.25	33.25	2	2700,0
173	-26.25	33.75	2	2700,0
173	-27.75	35.25	2	2700,0
173	-28.75	35.25	2	2700,0
173	-28.75	37.75	2	2700,0
173	-28.25	38.25	2	2700,0
173	-26.75	38.25	2	2700,0
173	-26.75	37.75	2	2700,0
173	-27.25	37.25	2	2700,0
173	-27.25	36.75	2	2700,0
173	-26.25	36.75	2	2700,0
173	-26.25	35.75	2	2700,0
173	-25.75	35.75	2	2700,0
173	-24.75	36.75	2	2700,0
173	-24.75	37.25	2	2700,0
173	-25.25	37.75	2	2700,0
173	-25.25	39.25	2	2700,0
173	-24.75	39.25	2	2700,0
173	-23.75	38.25	2	2700,0
173	-23.25	38.25	2	2700,0
173	-23.25	38.75	2	2700,0
173	-26.75	42.25	2	2700,0
173	-26.75	42.75	2	2700,0
173	-26.25	43.25	2	2700,0
173	-26.25	44.75	2	2700,0
173	-27.25	44.75	2	2700,0
173	-27.75	45.25	2	2700,0
173	-28.75	45.25	2	2700,0
173	-29.25	45.75	2	2700,0
173	-30.25	45.75	2	2700,0
173	-31.25	46.75	2	2700,0
173	-35.75	46.75	2	2700,0
173	-35.75	45.75	2	2700,0
173	-36.25	45.75	2	2700,0
173	-36.75	46.25	2	2700,0
173	-38.25	46.25	2	2700,0
173	-38.75	45.75	2	2700,0
173	-39.25	45.75	2	2700,0
173	-39.25	46.75	2	2700,0
173	-39.75	46.75	2	2700,0
173	-40.25	46.25	2	2700,0
173	-40.25	45.25	2	2700,0
173	-40.75	45.25	2	2700,0
173	-41.25	45.75	2	2700,0
173	-42.75	45.75	2	2700,0
173	-42.75	44.75	2	2700,0
173	-43.25	44.75	2	2700,0
173	-43.75	45.25	2	2700,0
173	-44.75	45.25	2	2700,0
173	-45.25	45.75	2	2700,0
173	-45.25	48.75	2	2700,0
173	-44.75	26.25	2	2750,50
173	-44.75	26.75	2	2750,50
173	-44.25	26.75	2	2750,50
173	-43.75	26.25	2	2750,50
173	-43.75	24.75	2	2750,50
173	-44.25	24.25	2	2750,50
173	-44.25	23.25	2	2750,50
173	-44.75	23.25	2	2750,50
173	-44.75	26.25	2	2750,50
173	-44.75	48.25	2	2750,0
173	-44.75	48.75	2	2750,0
173	-44.25	49.25	2	2750,0
173	-42.75	49.25	2	2750,0
173	-42.75	48.75	2	2750,0
173	-43.25	48.25	2	2750,0
173	-44.25	48.25	2	2750,0
173	-44.25	47.75	2	2750,0
173	-43.75	47.25	2	2750,0
173	-43.75	45.75	2	2750,0
173	-44.25	45.25	2	2750,0
173	-44.75	45.25	2	2750,0
173	-44.75	48.25	2	2750,0
178	-35.25	-1.25	2	2700,100
178	-35.25	-0.75	2	2700,100
178	-34.75	-0.75	2	2700,100
178	-34.75	-1.25	2	2700,100
178	-35.25	-1.25	2	2700,100
178	-28.75	48.75	2	2700,50
178	-28.75	48.25	2	2700,50
178	-28.25	47.75	2	2700,50
178	-27.75	47.75	2	2700,50
178	-27.75	48.25	2	2700,50
178	-28.25	48.75	2	2700,50
178	-28.75	48.75	2	2700,50
178	-25.75	38.25	2	2650,0
178	-25.75	38.75	2	2650,0
178	-25.25	38.75	2	2650,0
178	-25.25	38.25	2	2650,0
178	-25.75	38.25	2	2650,0
178	2.25	4.25	2	2650,50
178	2.25	4.75	2	2650,50
178	2.75	5.25	2	2650,50
178	3.25	5.25	2	2650,50
178	3.25	4.25	2	2650,50
178	3.75	3.75	2	2650,50
178	4.75	3.75	2	2650,50
178	4.75	3.25	2	2650,50
178	3.75	2.25	2	2650,50
178	3.25	2.25	2	2650,50
178	3.25	3.25	2	2650,50
178	2.25	4.25	2	2650,50
178	-29.25	30.25	2	2700,0
178	-29.25	28.75	2	2700,0
178	-27.75	27.25	2	2700,0
178	-27.75	26.75	2	2700,0
178	-28.25	26.25	2	2700,0
178	-28.25	25.25	2	2700,0
178	-33.25	25.25	2	2700,0
178	-33.25	24.75	2	2700,0
178	-32.75	24.25	2	2700,0
178	-32.75	23.75	2	2700,0
178	-34.25	22.25	2	2700,0
178	-34.25	20.25	2	2700,0
178	-34.75	20.25	2	2700,0
178	-35.75	21.25	2	2700,0
178	-36.25	21.25	2	2700,0
178	-36.75	20.75	2	2700,0
178	-36.75	18.25	2	2700,0
178	-36.25	17.75	2	2700,0
178	-35.25	17.75	2	2700,0
178	-34.75	17.25	2	2700,0
178	-34.75	16.75	2	2700,0
178	-35.75	16.75	2	2700,0
178	-35.75	16.25	2	2700,0
178	-34.75	15.25	2	2700,0
178	-34.25	15.25	2	2700,0
178	-34.25	16.25	2	2700,0
178	-33.75	16.75	2	2700,0
178	-33.75	17.25	2	2700,0
178	-35.75	19.25	2	2700,0
178	-35.75	19.75	2	2700,0
178	-35.25	19.75	2	2700,0
178	-34.75	19.25	2	2700,0
178	-33.75	19.25	2	2700,0
178	-33.75	18.25	2	2700,0
178	-33.25	17.75	2	2700,0
178	-31.75	17.75	2	2700,0
178	-30.75	18.75	2	2700,0
178	-30.75	19.25	2	2700,0
178	-31.25	19.75	2	2700,0
178	-31.25	20.75	2	2700,0
178	-31.75	21.25	2	2700,0
178	-32.75	21.25	2	2700,0
178	-33.25	21.75	2	2700,0
178	-33.25	22.25	2	2700,0
178	-32.25	23.25	2	2700,0
178	-31.75	23.25	2	2700,0
178	-31.75	22.25	2	2700,0
178	-30.75	22.25	2	2700,0
178	-30.75	21.25	2	2700,0
178	-30.25	20.75	2	2700,0
178	-29.75	20.75	2	2700,0
178	-29.25	21.25	2	2700,0
178	-29.25	23.25	2	2700,0
178	-28.75	23.25	2	2700,0
178	-27.75	22.25	2	2700,0
178	-26.25	22.25	2	2700,0
178	-25.75	22.75	2	2700,0
178	-25.75	23.75	2	2700,0
178	-25.25	24.25	2	2700,0
178	-23.75	24.25	2	2700,0
178	-23.25	23.75	2	2700,0
178	-22.75	23.75	2	2700,0
178	-22.75	24.25	2	2700,0
178	-23.25	24.75	2	2700,0
178	-23.25	25.25	2	2700,0
178	-22.75	25.75	2	2700,0
178	-22.75	26.75	2	2700,0
178	-21.25	28.25	2	2700,0
178	-21.25	29.25	2	2700,0
178	-20.75	29.75	2	2700,0
178	-20.75	31.25	2	2700,0
178	-22.25	32.75	2	2700,0
178	-22.75	32.75	2	2700,0
178	-23.25	32.25	2	2700,0
178	-23.25	31.75	2	2700,0
178	-22.25	31.75	2	2700,0
178	-21.75	31.25	2	2700,0
178	-21.75	30.75	2	2700,0
178	-22.25	30.25	2	2700,0
178	-23.25	30.25	2	2700,0
178	-23.25	28.25	2	2700,0
178	-23.75	28.25	2	2700,0
178	-24.25	28.75	2	2700,0
178	-24.25	30.75	2	2700,0
178	-25.75	30.75	2	2700,0
178	-25.75	28.75	2	2700,0
178	-26.25	28.75	2	2700,0
178	-26.75	29.25	2	2700,0
178	-27.75	29.25	2	2700,0
178	-28.75	30.25	2	2700,0
178	-29.25	30.25	2	2700,0
178	-44.75	19.25	2	2750,50
178	-44.75	19.75	2	2750,50
178	-44.25	19.75	2	2750,50
178	-43.25	18.75	2	2750,50
178	-42.75	18.75	2	2750,50
178	-42.25	19.25	2	2750,50
178	-42.25	21.25	2	2750,50
178	-41.75	21.25	2	2750,50
178	-40.75	20.25	2	2750,50
178	-40.25	20.25	2	2750,50
178	-39.25	21.25	2	2750,50
178	-38.75	21.25	2	2750,50
178	-38.25	20.75	2	2750,50
178	-38.25	20.25	2	2750,50
178	-39.25	20.25	2	2750,50
178	-39.75	19.75	2	2750,50
178	-39.75	19.25	2	2750,50
178	-39.25	18.75	2	2750,50
178	-39.25	17.75	2	2750,50
178	-38.25	17.75	2	2750,50
178	-38.25	17.25	2	2750,50
178	-38.75	16.75	2	2750,50
178	-38.75	14.75	2	2750,50
178	-39.25	14.25	2	2750,50
178	-39.25	13.25	2	2750,50
178	-39.75	12.75	2	2750,50
178	-41.25	12.75	2	2750,50
178	-41.75	13.25	2	2750,50
178	-42.25	13.25	2	2750,50
178	-43.25	12.25	2	2750,50
178	-43.25	11.75	2	2750,50
178	-42.75	11.25	2	2750,50
178	-41.75	11.25	2	2750,50
178	-41.25	10.75	2	2750,50
178	-41.25	10.25	2	2750,50
178	-43.25	10.25	2	2750,50
178	-43.25	9.75	2	2750,50
178	-42.75	9.25	2	2750,50
178	-42.75	8.75	2	2750,50
178	-43.25	8.75	2	2750,50
178	-43.75	9.25	2	2750,50
178	-44.75	9.25	2	2750,50
178	-44.75	19.25	2	2750,50
179	-34.25	-0.75	2	2700,100
179	-34.25	-1.25	2	2700,100
179	-31.75	-1.25	2	2700,100
179	-31.75	-0.75	2	2700,100
179	-32.75	0.25	2	2700,100
179	-33.25	0.25	2	2700,100
179	-34.25	-0.75	2	2700,100
179	-25.75	48.25	2	2700,50
179	-25.75	48.75	2	2700,50
179	-25.25	48.75	2	2700,50
179	-25.25	48.25	2	2700,50
179	-25.75	48.25	2	2700,50
179	-24.25	36.75	2	2650,0
179	-24.25	37.25	2	2650,0
179	-21.75	39.75	2	2650,0
179	-20.25	39.75	2	2650,0
179	-19.75	39.25	2	2650,0
179	-19.75	38.75	2	2650,0
179	-20.75	38.75	2	2650,0
179	-20.75	38.25	2	2650,0
179	-20.25	37.75	2	2650,0
179	-19.75	37.75	2	2650,0
179	-18.75	38.75	2	2650,0
179	-18.25	38.75	2	2650,0
179	-18.25	37.25	2	2650,0
179	-20.25	35.25	2	2650,0
179	-20.25	34.75	2	2650,0
179	-19.75	34.25	2	2650,0
179	-18.75	34.25	2	2650,0
179	-18.75	33.25	2	2650,0
179	-18.25	33.25	2	2650,0
179	-17.75	33.75	2	2650,0
179	-17.75	34.75	2	2650,0
179	-16.25	34.75	2	2650,0
179	-16.25	34.25	2	2650,0
179	-17.25	33.25	2	2650,0
179	-17.25	32.25	2	2650,0
179	-17.75	31.75	2	2650,0
179	-18.75	31.75	2	2650,0
179	-18.75	29.25	2	2650,0
179	-18.25	29.25	2	2650,0
179	-17.75	29.75	2	2650,0
179	-17.75	30.75	2	2650,0
179	-16.25	32.25	2	2650,0
179	-16.25	33.25	2	2650,0
179	-15.25	33.25	2	2650,0
179	-14.75	33.75	2	2650,0
179	-14.75	34.75	2	2650,0
179	-13.75	34.75	2	2650,0
179	-13.75	35.25	2	2650,0
179	-14.75	36.25	2	2650,0
179	-14.75	36.75	2	2650,0
179	-14.25	36.75	2	2650,0
179	-13.75	36.25	2	2650,0
179	-12.75	36.25	2	2650,0
179	-11.25	34.75	2	2650,0
179	-10.75	34.75	2	2650,0
179	-10.75	36.25	2	2650,0
179	-11.25	36.75	2	2650,0
179	-11.25	37.25	2	2650,0
179	-10.75	37.75	2	2650,0
179	-9.75	37.75	2	2650,0
179	-9.25	38.25	2	2650,0
179	-8.75	38.25	2	2650,0
179	-7.75	37.25	2	2650,0
179	-7.75	36.75	2	2650,0
179	-8.75	36.75	2	2650,0
179	-9.25	36.25	2	2650,0
179	-9.25	34.75	2	2650,0
179	-7.25	34.75	2	2650,0
179	-7.25	34.25	2	2650,0
179	-8.25	33.25	2	2650,0
179	-8.25	32.25	2	2650,0
179	-8.75	31.75	2	2650,0
179	-8.75	31.25	2	2650,0
179	-8.25	30.75	2	2650,0
179	-7.75	30.75	2	2650,0
179	-6.75	31.75	2	2650,0
179	-5.25	31.75	2	2650,0
179	-5.25	30.25	2	2650,0
179	-6.25	30.25	2	2650,0
179	-6.75	29.75	2	2650,0
179	-6.75	29.25	2	2650,0
179	-6.25	28.75	2	2650,0
179	-6.25	28.25	2	2650,0
179	-7.25	27.25	2	2650,0
179	-7.25	26.75	2	2650,0
179	-5.25	24.75	2	2650,0
179	-4.75	24.75	2	2650,0
179	-4.25	25.25	2	2650,0
179	-4.25	26.25	2	2650,0
179	-3.75	26.75	2	2650,0
179	-3.75	27.75	2	2650,0
179	-3.25	28.25	2	2650,0
179	-3.25	30.25	2	2650,0
179	-2.75	30.25	2	2650,0
179	-0.75	28.25	2	2650,0
179	-0.25	28.25	2	2650,0
179	0.25	28.75	2	2650,0
179	0.25	29.75	2	2650,0
179	0.75	30.25	2	2650,0
179	1.25	30.25	2	2650,0
179	1.75	29.75	2	2650,0
179	1.75	29.25	2	2650,0
179	1.25	28.75	2	2650,0
179	1.25	27.75	2	2650,0
179	0.75	27.25	2	2650,0
179	0.75	26.25	2	2650,0
179	0.25	25.75	2	2650,0
179	-0.75	25.75	2	2650,0
179	-0.75	24.75	2	2650,0
179	-1.75	24.75	2	2650,0
179	-1.75	24.25	2	2650,0
179	-0.25	22.75	2	2650,0
179	-0.25	22.25	2	2650,0
179	-1.25	21.25	2	2650,0
179	-1.25	20.75	2	2650,0
179	-0.25	20.75	2	2650,0
179	1.25	19.25	2	2650,0
179	1.25	18.75	2	2650,0
179	0.75	18.25	2	2650,0
179	0.75	17.75	2	2650,0
179	1.25	17.75	2	2650,0
179	1.75	18.25	2	2650,0
179	3.25	18.25	2	2650,0
179	4.25	17.25	2	2650,0
179	4.25	16.75	2	2650,0
179	3.75	16.25	2	2650,0
179	3.75	15.75	2	2650,0
179	4.75	14.75	2	2650,0
179	4.75	12.25	2	2650,0
179	3.75	11.25	2	2650,0
179	3.25	11.25	2	2650,0
179	3.25	12.25	2	2650,0
179	2.25	12.25	2	2650,0
179	2.25	12.75	2	2650,0
179	2.75	13.25	2	2650,0
179	3.25	13.25	2	2650,0
179	3.75	12.75	2	2650,0
179	4.25	12.75	2	2650,0
179	4.25	14.25	2	2650,0
179	2.25	16.25	2	2650,0
179	1.25	16.25	2	2650,0
179	0.75	16.75	2	2650,0
179	0.25	16.75	2	2650,0
179	-0.25	16.25	2	2650,0
179	-1.25	16.25	2	2650,0
179	-1.25	15.75	2	2650,0
179	-0.75	15.25	2	2650,0
179	-0.75	14.75	2	2650,0
179	-2.25	13.25	2	2650,0
179	-2.75	13.25	2	2650,0
179	-3.25	13.75	2	2650,0
179	-3.25	14.25	2	2650,0
179	-2.75	14.75	2	2650,0
179	-2.75	16.25	2	2650,0
179	-3.25	16.25	2	2650,0
179	-4.75	14.75	2	2650,0
179	-5.25	14.75	2	2650,0
179	-5.25	15.25	2	2650,0
179	-4.75	15.75	2	2650,0
179	-4.75	16.75	2	2650,0
179	-3.75	16.75	2	2650,0
179	-3.75	17.75	2	2650,0
179	-1.75	17.75	2	2650,0
179	-0.25	19.25	2	2650,0
179	-0.25	19.75	2	2650,0
179	-0.75	19.75	2	2650,0
179	-1.25	19.25	2	2650,0
179	-1.75	19.25	2	2650,0
179	-2.25	19.75	2	2650,0
179	-2.25	20.75	2	2650,0
179	-2.75	21.25	2	2650,0
179	-3.25	21.25	2	2650,0
179	-3.25	19.25	2	2650,0
179	-3.75	19.25	2	2650,0
179	-4.25	19.75	2	2650,0
179	-4.75	19.75	2	2650,0
179	-4.75	19.25	2	2650,0
179	-4.25	18.75	2	2650,0
179	-4.25	18.25	2	2650,0
179	-5.25	17.25	2	2650,0
179	-7.25	17.25	2	2650,0
179	-7.75	16.75	2	2650,0
179	-8.25	16.75	2	2650,0
179	-8.25	17.75	2	2650,0
179	-9.25	18.75	2	2650,0
179	-9.25	19.25	2	2650,0
179	-8.25	20.25	2	2650,0
179	-7.75	20.25	2	2650,0
179	-7.75	19.75	2	2650,0
179	-8.25	19.25	2	2650,0
179	-8.25	18.75	2	2650,0
179	-6.75	18.75	2	2650,0
179	-5.25	20.25	2	2650,0
179	-5.25	20.75	2	2650,0
179	-6.75	22.25	2	2650,0
179	-6.75	22.75	2	2650,0
179	-6.25	22.75	2	2650,0
179	-5.75	22.25	2	2650,0
179	-5.25	22.25	2	2650,0
179	-5.25	22.75	2	2650,0
179	-5.75	23.25	2	2650,0
179	-5.75	24.25	2	2650,0
179	-7.75	24.25	2	2650,0
179	-8.75	25.25	2	2650,0
179	-8.75	25.75	2	2650,0
179	-7.75	25.75	2	2650,0
179	-7.75	26.25	2	2650,0
179	-8.25	26.75	2	2650,0
179	-8.75	26.75	2	2650,0
179	-9.25	26.25	2	2650,0
179	-9.75	26.25	2	2650,0
179	-9.75	26.75	2	2650,0
179	-9.25	27.25	2	2650,0
179	-9.25	27.75	2	2650,0
179	-9.75	28.25	2	2650,0
179	-10.25	28.25	2	2650,0
179	-10.75	27.75	2	2650,0
179	-10.75	26.75	2	2650,0
179	-11.75	26.75	2	2650,0
179	-12.25	26.25	2	2650,0
179	-12.25	25.25	2	2650,0
179	-13.25	24.25	2	2650,0
179	-13.75	24.25	2	2650,0
179	-13.75	25.75	2	2650,0
179	-13.25	26.25	2	2650,0
179	-13.25	26.75	2	2650,0
179	-15.25	28.75	2	2650,0
179	-15.75	28.75	2	2650,0
179	-15.75	27.25	2	2650,0
179	-14.75	27.25	2	2650,0
179	-14.75	26.75	2	2650,0
179	-15.25	26.25	2	2650,0
179	-15.25	25.25	2	2650,0
179	-17.25	25.25	2	2650,0
179	-17.75	24.75	2	2650,0
179	-17.75	24.25	2	2650,0
179	-17.25	23.75	2	2650,0
179	-16.25	23.75	2	2650,0
179	-15.75	23.25	2	2650,0
179	-15.75	22.25	2	2650,0
179	-14.75	22.25	2	2650,0
179	-14.75	21.25	2	2650,0
179	-14.25	20.75	2	2650,0
179	-14.25	20.25	2	2650,0
179	-14.75	20.25	2	2650,0
179	-15.25	20.75	2	2650,0
179	-15.75	20.75	2	2650,0
179	-16.25	20.25	2	2650,0
179	-16.75	20.25	2	2650,0
179	-16.75	22.25	2	2650,0
179	-17.25	22.25	2	2650,0
179	-18.75	20.75	2	2650,0
179	-19.25	20.75	2	2650,0
179	-20.75	22.25	2	2650,0
179	-20.75	23.25	2	2650,0
179	-21.75	23.25	2	2650,0
179	-22.25	23.75	2	2650,0
179	-23.25	23.75	2	2650,0
179	-23.75	24.25	2	2650,0
179	-24.25	24.25	2	2650,0
179	-24.25	23.75	2	2650,0
179	-23.75	23.25	2	2650,0
179	-23.75	22.75	2	2650,0
179	-24.25	22.75	2	2650,0
179	-24.75	23.25	2	2650,0
179	-27.25	23.25	2	2650,0
179	-27.75	22.75	2	2650,0
179	-29.25	22.75	2	2650,0
179	-29.25	23.75	2	2650,0
179	-29.75	23.75	2	2650,0
179	-30.75	22.75	2	2650,0
179	-31.25	22.75	2	2650,0
179	-32.25	23.75	2	2650,0
179	-32.25	24.25	2	2650,0
179	-31.25	25.25	2	2650,0
179	-30.75	25.25	2	2650,0
179	-30.25	24.75	2	2650,0
179	-29.75	24.75	2	2650,0
179	-29.75	26.75	2	2650,0
179	-29.25	27.25	2	2650,0
179	-28.25	27.25	2	2650,0
179	-27.75	27.75	2	2650,0
179	-27.75	29.75	2	2650,0
179	-26.75	29.75	2	2650,0
179	-25.75	30.75	2	2650,0
179	-25.75	31.25	2	2650,0
179	-26.25	31.25	2	2650,0
179	-26.75	30.75	2	2650,0
179	-27.25	30.75	2	2650,0
179	-27.25	32.25	2	2650,0
179	-26.75	32.75	2	2650,0
179	-25.75	32.75	2	2650,0
179	-25.25	33.25	2	2650,0
179	-25.25	34.25	2	2650,0
179	-24.25	34.25	2	2650,0
179	-23.75	34.75	2	2650,0
179	-23.75	35.25	2	2650,0
179	-24.25	35.75	2	2650,0
179	-24.25	36.75	2	2650,0
179	4.25	0.25	2	2650,50
179	4.25	0.75	2	2650,50
179	4.75	0.75	2	2650,50
179	4.75	-0.75	2	2650,50
179	4.25	-0.75	2	2650,50
179	4.25	0.25	2	2650,50
179	-5.25	49.25	2	2700,0
179	-5.25	48.75	2	2700,0
179	-4.75	48.75	2	2700,0
179	-4.75	49.25	2	2700,0
179	-5.25	49.25	2	2700,0
179	-44.75	7.25	2	2750,50
179	-44.75	7.75	2	2750,50
179	-44.25	8.25	2	2750,50
179	-43.75	8.25	2	2750,50
179	-43.75	7.75	2	2750,50
179	-44.25	7.25	2	2750,50
179	-44.25	6.75	2	2750,50
179	-43.75	6.25	2	2750,50
179	-43.75	5.25	2	2750,50
179	-42.75	5.25	2	2750,50
179	-42.75	4.75	2	2750,50
179	-43.75	3.75	2	2750,50
179	-44.25	3.75	2	2750,50
179	-44.75	4.25	2	2750,50
179	-44.75	7.25	2	2750,50
509	-23.75	10.25	421	2600,0
509	-23.75	10.75	421	2600,0
509	-23.25	10.75	421	2600,0
509	-23.25	10.25	421	2600,0
509	-23.75	10.25	421	2600,0
458	-8.75	25.25	386	2600,0
458	-8.75	25.75	386	2600,0
458	-8.25	26.25	386	2600,0
458	-7.75	26.25	386	2600,0
458	-7.75	24.75	386	2600,0
458	-8.25	24.75	386	2600,0
458	-8.75	25.25	386	2600,0
431	-18.75	15.25	365	2650,50
431	-18.75	15.75	365	2650,50
431	-17.25	15.75	365	2650,50
431	-16.75	15.25	365	2650,50
431	-15.75	15.25	365	2650,50
431	-15.75	13.75	365	2650,50
431	-16.25	13.75	365	2650,50
431	-17.25	14.75	365	2650,50
431	-17.75	14.75	365	2650,50
431	-17.75	13.25	365	2650,50
431	-17.25	12.75	365	2650,50
431	-17.25	12.25	365	2650,50
431	-17.75	12.25	365	2650,50
431	-18.75	13.25	365	2650,50
431	-18.75	15.25	365	2650,50
15	-1.25	31.75	10	2600,0
15	-1.25	32.25	10	2600,0
15	-0.75	32.25	10	2600,0
15	0.25	31.25	10	2600,0
15	0.25	30.75	10	2600,0
15	-0.25	30.25	10	2600,0
15	-0.25	29.75	10	2600,0
15	0.25	29.75	10	2600,0
15	1.25	30.75	10	2600,0
15	1.75	30.75	10	2600,0
15	1.75	29.75	10	2600,0
15	2.75	28.75	10	2600,0
15	2.75	27.75	10	2600,0
15	3.25	27.75	10	2600,0
15	3.75	28.25	10	2600,0
15	3.75	29.25	10	2600,0
15	4.25	29.25	10	2600,0
15	4.75	28.75	10	2600,0
15	4.75	27.75	10	2600,0
15	5.25	27.25	10	2600,0
15	5.25	20.75	10	2600,0
15	3.25	18.75	10	2600,0
15	2.25	18.75	10	2600,0
15	2.25	17.75	10	2600,0
15	1.25	16.75	10	2600,0
15	0.75	16.75	10	2600,0
15	-0.25	17.75	10	2600,0
15	-0.25	20.75	10	2600,0
15	-0.75	21.25	10	2600,0
15	-1.75	21.25	10	2600,0
15	-1.75	21.75	10	2600,0
15	-1.25	22.25	10	2600,0
15	-0.75	22.25	10	2600,0
15	-0.25	21.75	10	2600,0
15	0.75	21.75	10	2600,0
15	1.75	20.75	10	2600,0
15	2.25	20.75	10	2600,0
15	2.75	21.25	10	2600,0
15	2.75	22.25	10	2600,0
15	3.75	22.25	10	2600,0
15	3.75	23.75	10	2600,0
15	3.25	24.25	10	2600,0
15	2.75	24.25	10	2600,0
15	2.75	23.25	10	2600,0
15	2.25	22.75	10	2600,0
15	1.75	22.75	10	2600,0
15	1.75	24.75	10	2600,0
15	1.25	25.25	10	2600,0
15	1.25	25.75	10	2600,0
15	1.75	26.25	10	2600,0
15	1.75	26.75	10	2600,0
15	-0.25	26.75	10	2600,0
15	-0.25	27.25	10	2600,0
15	0.75	28.25	10	2600,0
15	1.75	28.25	10	2600,0
15	1.75	28.75	10	2600,0
15	1.25	29.25	10	2600,0
15	0.75	29.25	10	2600,0
15	0.25	28.75	10	2600,0
15	-0.75	28.75	10	2600,0
15	-1.25	28.25	10	2600,0
15	-1.75	28.25	10	2600,0
15	-1.75	28.75	10	2600,0
15	-1.25	29.25	10	2600,0
15	-1.25	30.25	10	2600,0
15	-0.75	30.75	10	2600,0
15	-0.75	31.25	10	2600,0
15	-1.25	31.75	10	2600,0
15	-44.75	27.25	10	2650,0
15	-44.75	27.75	10	2650,0
15	-43.75	28.75	10	2650,0
15	-42.75	28.75	10	2650,0
15	-41.75	29.75	10	2650,0
15	-40.75	29.75	10	2650,0
15	-40.25	30.25	10	2650,0
15	-39.75	30.25	10	2650,0
15	-39.75	29.75	10	2650,0
15	-40.75	28.75	10	2650,0
15	-41.75	28.75	10	2650,0
15	-41.75	28.25	10	2650,0
15	-41.25	27.75	10	2650,0
15	-40.25	27.75	10	2650,0
15	-40.25	26.75	10	2650,0
15	-39.75	26.25	10	2650,0
15	-39.75	25.75	10	2650,0
15	-41.25	24.25	10	2650,0
15	-42.25	24.25	10	2650,0
15	-42.75	23.75	10	2650,0
15	-43.25	23.75	10	2650,0
15	-43.75	24.25	10	2650,0
15	-44.25	24.25	10	2650,0
15	-44.25	22.75	10	2650,0
15	-43.75	22.25	10	2650,0
15	-43.75	21.75	10	2650,0
15	-44.25	21.25	10	2650,0
15	-44.75	21.25	10	2650,0
15	-44.75	27.25	10	2650,0
16	4.75	15.75	10	2600,0
16	4.75	16.25	10	2600,0
16	5.25	16.25	10	2600,0
16	5.25	15.75	10	2600,0
16	4.75	15.75	10	2600,0
16	-39.25	26.75	10	2650,0
16	-39.25	27.25	10	2650,0
16	-38.75	27.25	10	2650,0
16	-38.75	26.75	10	2650,0
16	-39.25	26.75	10	2650,0
17	4.25	14.25	10	2600,0
17	4.25	14.75	10	2600,0
17	4.75	14.75	10	2600,0
17	5.25	14.25	10	2600,0
17	5.25	12.75	10	2600,0
17	4.25	11.75	10	2600,0
17	3.75	11.75	10	2600,0
17	3.25	12.25	10	2600,0
17	3.25	12.75	10	2600,0
17	4.25	12.75	10	2600,0
17	4.25	14.25	10	2600,0
17	-43.25	18.75	10	2650,0
17	-43.25	19.25	10	2650,0
17	-42.25	19.25	10	2650,0
17	-41.75	19.75	10	2650,0
17	-41.25	19.75	10	2650,0
17	-40.75	19.25	10	2650,0
17	-40.75	18.75	10	2650,0
17	-41.75	17.75	10	2650,0
17	-41.75	17.25	10	2650,0
17	-41.25	16.75	10	2650,0
17	-40.25	16.75	10	2650,0
17	-39.75	16.25	10	2650,0
17	-39.25	16.25	10	2650,0
17	-39.25	16.75	10	2650,0
17	-39.75	17.25	10	2650,0
17	-39.75	17.75	10	2650,0
17	-38.75	17.75	10	2650,0
17	-36.75	19.75	10	2650,0
17	-36.75	20.25	10	2650,0
17	-37.25	20.25	10	2650,0
17	-38.75	18.75	10	2650,0
17	-39.25	18.75	10	2650,0
17	-39.25	19.25	10	2650,0
17	-38.75	19.75	10	2650,0
17	-38.75	20.25	10	2650,0
17	-39.25	20.75	10	2650,0
17	-39.25	22.25	10	2650,0
17	-38.75	22.75	10	2650,0
17	-38.75	23.75	10	2650,0
17	-37.75	23.75	10	2650,0
17	-36.25	25.25	10	2650,0
17	-35.75	25.25	10	2650,0
17	-35.25	24.75	10	2650,0
17	-34.75	24.75	10	2650,0
17	-34.25	25.25	10	2650,0
17	-33.75	25.25	10	2650,0
17	-33.75	24.75	10	2650,0
17	-34.25	24.25	10	2650,0
17	-34.25	23.75	10	2650,0
17	-33.25	23.75	10	2650,0
17	-31.75	22.25	10	2650,0
17	-29.75	22.25	10	2650,0
17	-29.25	21.75	10	2650,0
17	-29.25	21.25	10	2650,0
17	-29.75	20.75	10	2650,0
17	-29.75	20.25	10	2650,0
17	-29.25	19.75	10	2650,0
17	-28.25	19.75	10	2650,0
17	-28.25	19.25	10	2650,0
17	-29.75	17.75	10	2650,0
17	-29.75	17.25	10	2650,0
17	-28.25	15.75	10	2650,0
17	-28.25	15.25	10	2650,0
17	-28.75	15.25	10	2650,0
17	-29.25	15.75	10	2650,0
17	-29.75	15.75	10	2650,0
17	-29.75	15.25	10	2650,0
17	-28.75	14.25	10	2650,0
17	-28.75	13.75	10	2650,0
17	-29.25	13.75	10	2650,0
17	-30.25	14.75	10	2650,0
17	-31.75	14.75	10	2650,0
17	-32.25	14.25	10	2650,0
17	-32.75	14.25	10	2650,0
17	-34.75	16.25	10	2650,0
17	-35.25	16.25	10	2650,0
17	-36.75	14.75	10	2650,0
17	-37.75	14.75	10	2650,0
17	-37.75	12.25	10	2650,0
17	-37.25	11.75	10	2650,0
17	-36.75	11.75	10	2650,0
17	-36.25	12.25	10	2650,0
17	-35.75	12.25	10	2650,0
17	-35.25	11.75	10	2650,0
17	-35.25	10.75	10	2650,0
17	-33.75	10.75	10	2650,0
17	-33.75	11.25	10	2650,0
17	-34.25	11.75	10	2650,0
17	-34.25	12.25	10	2650,0
17	-33.25	12.25	10	2650,0
17	-33.25	13.25	10	2650,0
17	-32.75	13.25	10	2650,0
17	-32.25	12.75	10	2650,0
17	-31.25	12.75	10	2650,0
17	-30.25	11.75	10	2650,0
17	-30.25	11.25	10	2650,0
17	-30.75	10.75	10	2650,0
17	-31.25	10.75	10	2650,0
17	-31.75	11.25	10	2650,0
17	-32.25	11.25	10	2650,0
17	-33.25	10.25	10	2650,0
17	-33.25	9.25	10	2650,0
17	-34.25	9.25	10	2650,0
17	-34.25	8.75	10	2650,0
17	-33.75	8.25	10	2650,0
17	-33.25	8.25	10	2650,0
17	-32.75	8.75	10	2650,0
17	-32.25	8.75	10	2650,0
17	-32.25	8.25	10	2650,0
17	-33.25	7.25	10	2650,0
17	-33.25	6.75	10	2650,0
17	-32.75	6.25	10	2650,0
17	-32.75	5.75	10	2650,0
17	-33.25	5.25	10	2650,0
17	-33.25	4.75	10	2650,0
17	-32.25	4.75	10	2650,0
17	-31.25	3.75	10	2650,0
17	-30.75	3.75	10	2650,0
17	-30.75	5.25	10	2650,0
17	-31.75	5.25	10	2650,0
17	-31.75	5.75	10	2650,0
17	-31.25	6.25	10	2650,0
17	-31.25	7.25	10	2650,0
17	-30.75	7.75	10	2650,0
17	-30.25	7.75	10	2650,0
17	-29.75	7.25	10	2650,0
17	-29.25	7.25	10	2650,0
17	-28.25	8.25	10	2650,0
17	-28.25	9.25	10	2650,0
17	-27.75	9.75	10	2650,0
17	-26.75	9.75	10	2650,0
17	-26.25	10.25	10	2650,0
17	-25.75	10.25	10	2650,0
17	-25.25	9.75	10	2650,0
17	-25.25	8.75	10	2650,0
17	-24.75	8.25	10	2650,0
17	-24.25	8.25	10	2650,0
17	-24.25	9.25	10	2650,0
17	-21.25	9.25	10	2650,0
17	-19.75	10.75	10	2650,0
17	-17.75	10.75	10	2650,0
17	-17.75	11.75	10	2650,0
17	-16.75	12.75	10	2650,0
17	-16.25	12.75	10	2650,0
17	-16.25	12.25	10	2650,0
17	-16.75	11.75	10	2650,0
17	-16.75	11.25	10	2650,0
17	-16.25	10.75	10	2650,0
17	-15.75	10.75	10	2650,0
17	-14.75	11.75	10	2650,0
17	-13.75	11.75	10	2650,0
17	-13.25	12.25	10	2650,0
17	-11.75	12.25	10	2650,0
17	-11.75	11.75	10	2650,0
17	-13.75	9.75	10	2650,0
17	-13.75	8.25	10	2650,0
17	-12.75	8.25	10	2650,0
17	-12.75	7.25	10	2650,0
17	-11.75	7.25	10	2650,0
17	-10.75	6.25	10	2650,0
17	-10.75	5.75	10	2650,0
17	-14.75	5.75	10	2650,0
17	-15.25	5.25	10	2650,0
17	-15.25	4.25	10	2650,0
17	-15.75	4.25	10	2650,0
17	-16.25	4.75	10	2650,0
17	-17.25	4.75	10	2650,0
17	-18.25	5.75	10	2650,0
17	-18.75	5.75	10	2650,0
17	-19.25	5.25	10	2650,0
17	-19.25	4.75	10	2650,0
17	-18.25	4.75	10	2650,0
17	-18.25	3.75	10	2650,0
17	-17.25	2.75	10	2650,0
17	-17.25	2.25	10	2650,0
17	-17.75	2.25	10	2650,0
17	-18.75	3.25	10	2650,0
17	-19.25	3.25	10	2650,0
17	-19.75	2.75	10	2650,0
17	-19.75	2.25	10	2650,0
17	-18.75	1.25	10	2650,0
17	-18.75	0.75	10	2650,0
17	-19.25	0.25	10	2650,0
17	-19.75	0.25	10	2650,0
17	-20.25	0.75	10	2650,0
17	-21.25	0.75	10	2650,0
17	-21.25	5.75	10	2650,0
17	-21.75	5.75	10	2650,0
17	-22.25	5.25	10	2650,0
17	-22.75	5.25	10	2650,0
17	-23.75	6.25	10	2650,0
17	-24.25	6.25	10	2650,0
17	-24.25	5.25	10	2650,0
17	-24.75	4.75	10	2650,0
17	-25.25	4.75	10	2650,0
17	-26.75	6.25	10	2650,0
17	-27.25	6.25	10	2650,0
17	-27.25	5.25	10	2650,0
17	-29.25	5.25	10	2650,0
17	-29.25	4.75	10	2650,0
17	-28.25	3.75	10	2650,0
17	-28.25	2.75	10	2650,0
17	-27.75	2.25	10	2650,0
17	-27.75	1.75	10	2650,0
17	-28.75	1.75	10	2650,0
17	-29.25	1.25	10	2650,0
17	-29.75	1.25	10	2650,0
17	-29.75	2.25	10	2650,0
17	-30.75	2.25	10	2650,0
17	-32.25	3.75	10	2650,0
17	-32.75	3.75	10	2650,0
17	-35.25	1.25	10	2650,0
17	-35.75	1.25	10	2650,0
17	-36.25	1.75	10	2650,0
17	-36.25	2.25	10	2650,0
17	-35.25	2.25	10	2650,0
17	-35.25	2.75	10	2650,0
17	-35.75	3.25	10	2650,0
17	-36.75	3.25	10	2650,0
17	-37.25	3.75	10	2650,0
17	-38.25	3.75	10	2650,0
17	-38.75	4.25	10	2650,0
17	-40.75	4.25	10	2650,0
17	-40.75	4.75	10	2650,0
17	-40.25	5.25	10	2650,0
17	-40.25	6.25	10	2650,0
17	-39.25	7.25	10	2650,0
17	-38.75	7.25	10	2650,0
17	-38.25	6.75	10	2650,0
17	-37.75	6.75	10	2650,0
17	-37.75	8.25	10	2650,0
17	-40.25	8.25	10	2650,0
17	-40.75	7.75	10	2650,0
17	-41.25	7.75	10	2650,0
17	-41.75	8.25	10	2650,0
17	-42.75	8.25	10	2650,0
17	-44.25	9.75	10	2650,0
17	-44.25	11.25	10	2650,0
17	-43.75	11.75	10	2650,0
17	-43.75	12.25	10	2650,0
17	-44.75	12.25	10	2650,0
17	-44.75	13.75	10	2650,0
17	-44.25	14.25	10	2650,0
17	-44.25	15.25	10	2650,0
17	-43.75	15.75	10	2650,0
17	-43.75	16.25	10	2650,0
17	-44.75	16.25	10	2650,0
17	-44.75	16.75	10	2650,0
17	-43.25	18.25	10	2650,0
17	-43.25	18.75	10	2650,0
585	-22.25	48.75	48	2650,0
585	-22.25	49.25	48	2650,0
585	-20.75	49.25	48	2650,0
585	-20.25	48.75	48	2650,0
585	-20.25	48.25	48	2650,0
585	-21.75	48.25	48	2650,0
585	-22.25	48.75	48	2650,0
586	-21.25	39.75	48	2650,0
586	-21.25	40.25	48	2650,0
586	-20.75	40.25	48	2650,0
586	-20.75	39.75	48	2650,0
586	-21.25	39.75	48	2650,0
180	-22.75	48.25	2	2700,50
180	-22.75	48.75	2	2700,50
180	-21.25	48.75	2	2700,50
180	-21.25	48.25	2	2700,50
180	-21.75	47.75	2	2700,50
180	-22.25	47.75	2	2700,50
180	-22.75	48.25	2	2700,50
180	0.25	48.25	2	2650,0
180	0.25	48.75	2	2650,0
180	0.75	48.75	2	2650,0
180	1.25	48.25	2	2650,0
180	2.25	48.25	2	2650,0
180	2.25	47.25	2	2650,0
180	2.75	47.25	2	2650,0
180	3.75	48.25	2	2650,0
180	3.75	49.25	2	2650,0
180	4.25	49.25	2	2650,0
180	4.75	48.75	2	2650,0
180	4.75	45.25	2	2650,0
180	4.25	44.75	2	2650,0
180	3.25	44.75	2	2650,0
180	3.25	43.75	2	2650,0
180	2.25	42.75	2	2650,0
180	1.75	42.75	2	2650,0
180	1.75	44.25	2	2650,0
180	3.75	46.25	2	2650,0
180	3.75	46.75	2	2650,0
180	3.25	46.75	2	2650,0
180	2.25	45.75	2	2650,0
180	1.75	45.75	2	2650,0
180	1.75	46.75	2	2650,0
180	0.75	46.75	2	2650,0
180	0.25	47.25	2	2650,0
180	0.25	48.25	2	2650,0
180	3.25	48.25	2	2700,0
180	3.25	48.75	2	2700,0
180	3.75	49.25	2	2700,0
180	5.25	49.25	2	2700,0
180	5.25	47.75	2	2700,0
180	4.75	47.25	2	2700,0
180	3.75	47.25	2	2700,0
180	3.25	46.75	2	2700,0
180	2.75	46.75	2	2700,0
180	2.75	47.25	2	2700,0
180	3.25	47.75	2	2700,0
180	3.25	48.25	2	2700,0
180	-44.75	2.25	2	2750,50
180	-44.75	2.75	2	2750,50
180	-44.25	2.75	2	2750,50
180	-43.75	2.25	2	2750,50
180	-42.75	2.25	2	2750,50
180	-42.75	1.25	2	2750,50
180	-42.25	0.75	2	2750,50
180	-42.25	-0.75	2	2750,50
180	-44.75	-0.75	2	2750,50
180	-44.75	2.25	2	2750,50
181	-23.75	46.25	2	2700,50
181	-23.75	46.75	2	2700,50
181	-20.25	46.75	2	2700,50
181	-20.25	45.25	2	2700,50
181	-22.25	43.25	2	2700,50
181	-22.75	43.25	2	2700,50
181	-22.75	44.25	2	2700,50
181	-23.25	44.75	2	2700,50
181	-23.25	45.75	2	2700,50
181	-23.75	46.25	2	2700,50
181	4.25	45.25	2	2700,0
181	4.25	45.75	2	2700,0
181	4.75	46.25	2	2700,0
181	5.25	46.25	2	2700,0
181	5.25	44.75	2	2700,0
181	4.75	44.75	2	2700,0
181	4.25	45.25	2	2700,0
182	-20.75	48.75	2	2700,50
182	-20.75	48.25	2	2700,50
182	-20.25	48.25	2	2700,50
182	-20.25	48.75	2	2700,50
182	-20.75	48.75	2	2700,50
183	-27.25	36.75	2	2700,50
183	-27.25	37.25	2	2700,50
183	-26.75	37.25	2	2700,50
183	-26.75	36.75	2	2700,50
183	-27.25	36.75	2	2700,50
184	-18.75	43.25	2	2700,50
184	-18.75	43.75	2	2700,50
184	-17.25	43.75	2	2700,50
184	-16.75	43.25	2	2700,50
184	-14.75	43.25	2	2700,50
184	-14.75	42.75	2	2700,50
184	-16.25	41.25	2	2700,50
184	-17.25	41.25	2	2700,50
184	-17.75	40.75	2	2700,50
184	-18.25	40.75	2	2700,50
184	-18.25	41.75	2	2700,50
184	-18.75	41.75	2	2700,50
184	-20.25	40.25	2	2700,50
184	-20.25	39.75	2	2700,50
184	-19.25	39.75	2	2700,50
184	-19.25	38.25	2	2700,50
184	-19.75	37.75	2	2700,50
184	-19.75	37.25	2	2700,50
184	-18.25	37.25	2	2700,50
184	-17.75	37.75	2	2700,50
184	-15.75	37.75	2	2700,50
184	-15.25	38.25	2	2700,50
184	-14.75	38.25	2	2700,50
184	-14.75	37.75	2	2700,50
184	-15.75	36.75	2	2700,50
184	-15.75	35.25	2	2700,50
184	-15.25	35.25	2	2700,50
184	-14.25	36.25	2	2700,50
184	-13.25	36.25	2	2700,50
184	-13.25	38.25	2	2700,50
184	-12.75	38.75	2	2700,50
184	-12.75	39.75	2	2700,50
184	-11.75	39.75	2	2700,50
184	-11.75	40.25	2	2700,50
184	-12.25	40.75	2	2700,50
184	-12.25	41.25	2	2700,50
184	-11.25	41.25	2	2700,50
184	-11.25	41.75	2	2700,50
184	-12.25	42.75	2	2700,50
184	-12.25	43.75	2	2700,50
184	-13.75	45.25	2	2700,50
184	-13.75	45.75	2	2700,50
184	-12.75	46.75	2	2700,50
184	-11.75	46.75	2	2700,50
184	-11.75	47.75	2	2700,50
184	-11.25	47.75	2	2700,50
184	4.75	31.75	2	2700,50
184	4.75	31.25	2	2700,50
184	2.75	29.25	2	2700,50
184	2.75	28.75	2	2700,50
184	3.75	28.75	2	2700,50
184	5.25	27.25	2	2700,50
184	5.25	21.75	2	2700,50
184	4.25	21.75	2	2700,50
184	4.25	20.25	2	2700,50
184	5.25	19.25	2	2700,50
184	5.25	4.75	2	2700,50
184	4.25	4.75	2	2700,50
184	3.75	4.25	2	2700,50
184	2.75	4.25	2	2700,50
184	2.75	2.75	2	2700,50
184	3.25	2.25	2	2700,50
184	3.25	1.25	2	2700,50
184	4.75	1.25	2	2700,50
184	4.75	1.75	2	2700,50
184	4.25	2.25	2	2700,50
184	4.25	3.75	2	2700,50
184	4.75	3.75	2	2700,50
184	5.25	3.25	2	2700,50
184	5.25	-0.25	2	2700,50
184	4.75	-0.75	2	2700,50
184	3.25	-0.75	2	2700,50
184	2.75	-0.25	2	2700,50
184	1.75	-0.25	2	2700,50
184	0.25	1.25	2	2700,50
184	-0.25	1.25	2	2700,50
184	-0.75	0.75	2	2700,50
184	-2.75	0.75	2	2700,50
184	-3.25	0.25	2	2700,50
184	-3.25	-0.75	2	2700,50
184	-4.75	-0.75	2	2700,50
184	-4.75	0.75	2	2700,50
184	-3.75	0.75	2	2700,50
184	-3.75	1.75	2	2700,50
184	-2.75	1.75	2	2700,50
184	-1.25	3.25	2	2700,50
184	-1.25	4.25	2	2700,50
184	-0.25	4.25	2	2700,50
184	-0.25	4.75	2	2700,50
184	-0.75	5.25	2	2700,50
184	-0.75	5.75	2	2700,50
184	-0.25	5.75	2	2700,50
184	0.25	5.25	2	2700,50
184	0.75	5.25	2	2700,50
184	0.75	5.75	2	2700,50
184	0.25	6.25	2	2700,50
184	0.25	6.75	2	2700,50
184	1.25	6.75	2	2700,50
184	1.25	8.25	2	2700,50
184	-0.25	8.25	2	2700,50
184	-1.25	7.25	2	2700,50
184	-3.25	7.25	2	2700,50
184	-3.75	6.75	2	2700,50
184	-3.75	6.25	2	2700,50
184	-3.25	5.75	2	2700,50
184	-3.25	5.25	2	2700,50
184	-3.75	5.25	2	2700,50
184	-5.25	6.75	2	2700,50
184	-5.25	7.25	2	2700,50
184	-4.25	8.25	2	2700,50
184	-4.25	9.75	2	2700,50
184	-4.75	10.25	2	2700,50
184	-4.75	10.75	2	2700,50
184	-3.25	10.75	2	2700,50
184	-2.75	10.25	2	2700,50
184	-2.25	10.25	2	2700,50
184	-1.75	10.75	2	2700,50
184	-1.75	11.25	2	2700,50
184	-2.25	11.75	2	2700,50
184	-3.25	11.75	2	2700,50
184	-3.25	12.75	2	2700,50
184	-5.25	12.75	2	2700,50
184	-5.25	13.75	2	2700,50
184	-5.75	13.75	2	2700,50
184	-7.25	12.25	2	2700,50
184	-7.75	12.25	2	2700,50
184	-7.75	12.75	2	2700,50
184	-6.75	13.75	2	2700,50
184	-6.75	15.25	2	2700,50
184	-7.75	16.25	2	2700,50
184	-8.25	16.25	2	2700,50
184	-8.75	15.75	2	2700,50
184	-8.75	15.25	2	2700,50
184	-8.25	14.75	2	2700,50
184	-8.25	14.25	2	2700,50
184	-8.75	13.75	2	2700,50
184	-10.25	13.75	2	2700,50
184	-11.75	15.25	2	2700,50
184	-12.25	15.25	2	2700,50
184	-12.25	14.75	2	2700,50
184	-11.75	14.25	2	2700,50
184	-11.75	13.75	2	2700,50
184	-12.75	13.75	2	2700,50
184	-12.75	12.75	2	2700,50
184	-13.25	12.25	2	2700,50
184	-14.25	12.25	2	2700,50
184	-14.75	11.75	2	2700,50
184	-14.75	11.25	2	2700,50
184	-13.75	10.25	2	2700,50
184	-13.75	9.75	2	2700,50
184	-14.25	9.25	2	2700,50
184	-14.75	9.25	2	2700,50
184	-14.75	10.25	2	2700,50
184	-15.75	11.25	2	2700,50
184	-15.75	11.75	2	2700,50
184	-14.75	12.75	2	2700,50
184	-14.75	13.25	2	2700,50
184	-16.25	14.75	2	2700,50
184	-16.25	16.75	2	2700,50
184	-17.25	16.75	2	2700,50
184	-18.25	17.75	2	2700,50
184	-18.25	18.25	2	2700,50
184	-17.75	18.25	2	2700,50
184	-17.25	17.75	2	2700,50
184	-15.75	17.75	2	2700,50
184	-15.25	18.25	2	2700,50
184	-15.25	18.75	2	2700,50
184	-15.75	19.25	2	2700,50
184	-16.75	19.25	2	2700,50
184	-16.75	19.75	2	2700,50
184	-16.25	20.25	2	2700,50
184	-16.25	20.75	2	2700,50
184	-16.75	20.75	2	2700,50
184	-17.25	20.25	2	2700,50
184	-17.75	20.25	2	2700,50
184	-17.75	21.25	2	2700,50
184	-19.25	21.25	2	2700,50
184	-19.75	20.75	2	2700,50
184	-19.75	19.75	2	2700,50
184	-21.25	19.75	2	2700,50
184	-21.75	20.25	2	2700,50
184	-22.25	20.25	2	2700,50
184	-22.25	19.75	2	2700,50
184	-21.75	19.25	2	2700,50
184	-21.75	17.25	2	2700,50
184	-21.25	16.75	2	2700,50
184	-20.75	16.75	2	2700,50
184	-20.25	17.25	2	2700,50
184	-20.25	17.75	2	2700,50
184	-20.75	18.25	2	2700,50
184	-20.75	18.75	2	2700,50
184	-20.25	18.75	2	2700,50
184	-19.25	17.75	2	2700,50
184	-19.25	17.25	2	2700,50
184	-20.25	16.25	2	2700,50
184	-20.25	15.25	2	2700,50
184	-21.25	15.25	2	2700,50
184	-21.75	14.75	2	2700,50
184	-21.75	13.75	2	2700,50
184	-22.75	13.75	2	2700,50
184	-22.75	13.25	2	2700,50
184	-21.75	12.25	2	2700,50
184	-21.75	11.75	2	2700,50
184	-22.25	11.75	2	2700,50
184	-24.25	13.75	2	2700,50
184	-24.25	15.75	2	2700,50
184	-24.75	15.75	2	2700,50
184	-25.25	15.25	2	2700,50
184	-25.25	13.75	2	2700,50
184	-23.75	12.25	2	2700,50
184	-23.75	11.75	2	2700,50
184	-25.75	11.75	2	2700,50
184	-25.75	10.25	2	2700,50
184	-24.75	10.25	2	2700,50
184	-24.75	9.25	2	2700,50
184	-23.75	8.25	2	2700,50
184	-23.25	8.25	2	2700,50
184	-23.25	9.25	2	2700,50
184	-22.25	10.25	2	2700,50
184	-21.75	10.25	2	2700,50
184	-21.75	9.25	2	2700,50
184	-21.25	8.75	2	2700,50
184	-21.25	8.25	2	2700,50
184	-21.75	7.75	2	2700,50
184	-21.75	7.25	2	2700,50
184	-21.25	6.75	2	2700,50
184	-20.75	6.75	2	2700,50
184	-20.75	7.75	2	2700,50
184	-19.75	8.75	2	2700,50
184	-19.75	9.25	2	2700,50
184	-20.25	9.75	2	2700,50
184	-20.25	13.25	2	2700,50
184	-19.75	13.75	2	2700,50
184	-19.25	13.75	2	2700,50
184	-18.75	13.25	2	2700,50
184	-18.75	12.25	2	2700,50
184	-17.75	11.25	2	2700,50
184	-17.75	10.25	2	2700,50
184	-16.25	8.75	2	2700,50
184	-15.25	8.75	2	2700,50
184	-15.25	6.25	2	2700,50
184	-15.75	5.75	2	2700,50
184	-16.75	5.75	2	2700,50
184	-16.75	4.75	2	2700,50
184	-17.25	4.25	2	2700,50
184	-18.25	4.25	2	2700,50
184	-18.75	3.75	2	2700,50
184	-18.75	3.25	2	2700,50
184	-18.25	2.75	2	2700,50
184	-16.75	2.75	2	2700,50
184	-16.75	3.75	2	2700,50
184	-16.25	4.25	2	2700,50
184	-15.25	4.25	2	2700,50
184	-14.75	4.75	2	2700,50
184	-13.25	4.75	2	2700,50
184	-13.25	2.75	2	2700,50
184	-12.75	2.75	2	2700,50
184	-11.75	3.75	2	2700,50
184	-11.75	4.75	2	2700,50
184	-10.75	4.75	2	2700,50
184	-10.75	5.75	2	2700,50
184	-10.25	6.25	2	2700,50
184	-9.75	6.25	2	2700,50
184	-9.25	5.75	2	2700,50
184	-6.75	5.75	2	2700,50
184	-6.75	6.75	2	2700,50
184	-6.25	6.75	2	2700,50
184	-4.75	5.25	2	2700,50
184	-4.75	4.75	2	2700,50
184	-5.25	4.75	2	2700,50
184	-5.75	5.25	2	2700,50
184	-6.25	5.25	2	2700,50
184	-6.25	3.25	2	2700,50
184	-7.25	2.25	2	2700,50
184	-7.25	0.25	2	2700,50
184	-7.75	-0.25	2	2700,50
184	-8.25	-0.25	2	2700,50
184	-9.25	0.75	2	2700,50
184	-9.25	1.25	2	2700,50
184	-7.75	2.75	2	2700,50
184	-7.75	3.25	2	2700,50
184	-8.25	3.25	2	2700,50
184	-9.25	2.25	2	2700,50
184	-9.75	2.25	2	2700,50
184	-10.25	2.75	2	2700,50
184	-11.75	2.75	2	2700,50
184	-11.75	2.25	2	2700,50
184	-11.25	1.75	2	2700,50
184	-10.25	1.75	2	2700,50
184	-10.25	0.75	2	2700,50
184	-9.25	-0.25	2	2700,50
184	-9.25	-0.75	2	2700,50
184	-14.75	-0.75	2	2700,50
184	-14.75	0.25	2	2700,50
184	-15.25	0.75	2	2700,50
184	-16.25	0.75	2	2700,50
184	-16.25	1.75	2	2700,50
184	-17.75	1.75	2	2700,50
184	-18.25	1.25	2	2700,50
184	-18.25	0.25	2	2700,50
184	-18.75	0.25	2	2700,50
184	-19.75	1.25	2	2700,50
184	-21.75	1.25	2	2700,50
184	-22.25	1.75	2	2700,50
184	-22.25	2.25	2	2700,50
184	-21.25	2.25	2	2700,50
184	-20.75	2.75	2	2700,50
184	-19.75	2.75	2	2700,50
184	-19.75	3.25	2	2700,50
184	-20.25	3.75	2	2700,50
184	-20.25	4.25	2	2700,50
184	-19.75	4.75	2	2700,50
184	-18.75	4.75	2	2700,50
184	-18.75	5.25	2	2700,50
184	-19.25	5.75	2	2700,50
184	-19.75	5.75	2	2700,50
184	-20.25	5.25	2	2700,50
184	-20.75	5.25	2	2700,50
184	-21.25	5.75	2	2700,50
184	-21.75	5.75	2	2700,50
184	-21.75	5.25	2	2700,50
184	-21.25	4.75	2	2700,50
184	-21.25	3.25	2	2700,50
184	-21.75	3.25	2	2700,50
184	-22.25	3.75	2	2700,50
184	-23.25	3.75	2	2700,50
184	-24.25	4.75	2	2700,50
184	-24.75	4.75	2	2700,50
184	-25.25	4.25	2	2700,50
184	-26.25	4.25	2	2700,50
184	-26.25	3.75	2	2700,50
184	-25.75	3.25	2	2700,50
184	-25.25	3.25	2	2700,50
184	-24.75	3.75	2	2700,50
184	-24.25	3.75	2	2700,50
184	-23.25	2.75	2	2700,50
184	-23.25	2.25	2	2700,50
184	-23.75	2.25	2	2700,50
184	-24.25	2.75	2	2700,50
184	-24.75	2.75	2	2700,50
184	-25.25	2.25	2	2700,50
184	-25.25	1.75	2	2700,50
184	-24.25	1.75	2	2700,50
184	-23.75	1.25	2	2700,50
184	-23.75	0.25	2	2700,50
184	-23.25	-0.25	2	2700,50
184	-23.25	-0.75	2	2700,50
184	-23.75	-0.75	2	2700,50
184	-24.25	-0.25	2	2700,50
184	-25.25	-0.25	2	2700,50
184	-25.75	0.25	2	2700,50
184	-26.25	0.25	2	2700,50
184	-26.25	-0.75	2	2700,50
184	-29.75	-0.75	2	2700,50
184	-30.25	-0.25	2	2700,50
184	-30.75	-0.25	2	2700,50
184	-31.25	-0.75	2	2700,50
184	-31.75	-0.75	2	2700,50
184	-31.75	-0.25	2	2700,50
184	-30.75	0.75	2	2700,50
184	-30.75	2.25	2	2700,50
184	-31.25	2.75	2	2700,50
184	-31.25	3.25	2	2700,50
184	-30.75	3.75	2	2700,50
184	-30.75	5.25	2	2700,50
184	-31.25	5.75	2	2700,50
184	-31.25	6.25	2	2700,50
184	-30.75	6.25	2	2700,50
184	-29.75	5.25	2	2700,50
184	-29.25	5.25	2	2700,50
184	-29.25	5.75	2	2700,50
184	-30.75	7.25	2	2700,50
184	-30.75	7.75	2	2700,50
184	-29.75	7.75	2	2700,50
184	-29.75	9.25	2	2700,50
184	-30.75	10.25	2	2700,50
184	-31.25	10.25	2	2700,50
184	-31.25	9.75	2	2700,50
184	-30.75	9.25	2	2700,50
184	-30.75	8.75	2	2700,50
184	-31.25	8.25	2	2700,50
184	-32.75	8.25	2	2700,50
184	-32.75	8.75	2	2700,50
184	-32.25	9.25	2	2700,50
184	-32.25	9.75	2	2700,50
184	-32.75	9.75	2	2700,50
184	-34.25	8.25	2	2700,50
184	-34.25	7.75	2	2700,50
184	-33.25	7.75	2	2700,50
184	-33.25	7.25	2	2700,50
184	-33.75	6.75	2	2700,50
184	-34.25	6.75	2	2700,50
184	-34.75	7.25	2	2700,50
184	-35.25	7.25	2	2700,50
184	-35.75	6.75	2	2700,50
184	-35.75	6.25	2	2700,50
184	-34.75	6.25	2	2700,50
184	-34.75	5.25	2	2700,50
184	-34.25	5.25	2	2700,50
184	-33.75	5.75	2	2700,50
184	-32.25	5.75	2	2700,50
184	-31.25	4.75	2	2700,50
184	-31.25	4.25	2	2700,50
184	-31.75	3.75	2	2700,50
184	-32.75	3.75	2	2700,50
184	-32.75	3.25	2	2700,50
184	-32.25	2.75	2	2700,50
184	-32.25	2.25	2	2700,50
184	-33.25	1.25	2	2700,50
184	-33.25	-0.75	2	2700,50
184	-41.75	-0.75	2	2700,50
184	-41.75	-0.25	2	2700,50
184	-40.75	0.75	2	2700,50
184	-39.75	0.75	2	2700,50
184	-39.75	1.75	2	2700,50
184	-39.25	2.25	2	2700,50
184	-39.25	2.75	2	2700,50
184	-40.25	3.75	2	2700,50
184	-42.25	3.75	2	2700,50
184	-42.75	4.25	2	2700,50
184	-43.75	4.25	2	2700,50
184	-43.75	4.75	2	2700,50
184	-43.25	5.25	2	2700,50
184	-43.25	5.75	2	2700,50
184	-44.25	6.75	2	2700,50
184	-44.25	7.25	2	2700,50
184	-43.75	7.75	2	2700,50
184	-43.75	8.25	2	2700,50
184	-44.25	8.75	2	2700,50
184	-44.75	8.75	2	2700,50
184	-44.75	7.75	2	2700,50
184	-45.25	7.75	2	2700,50
184	-45.25	9.25	2	2700,50
184	-44.25	10.25	2	2700,50
184	-43.75	10.25	2	2700,50
184	-43.75	9.25	2	2700,50
184	-43.25	8.75	2	2700,50
184	-42.25	8.75	2	2700,50
184	-41.75	8.25	2	2700,50
184	-41.75	7.75	2	2700,50
184	-42.75	6.75	2	2700,50
184	-42.75	6.25	2	2700,50
184	-42.25	5.75	2	2700,50
184	-40.75	5.75	2	2700,50
184	-38.75	7.75	2	2700,50
184	-38.75	8.25	2	2700,50
184	-39.25	8.75	2	2700,50
184	-39.25	11.25	2	2700,50
184	-38.75	11.75	2	2700,50
184	-38.75	12.25	2	2700,50
184	-39.75	12.25	2	2700,50
184	-40.25	12.75	2	2700,50
184	-40.25	13.25	2	2700,50
184	-39.75	13.75	2	2700,50
184	-39.75	14.25	2	2700,50
184	-40.75	15.25	2	2700,50
184	-41.25	15.25	2	2700,50
184	-41.75	14.75	2	2700,50
184	-42.25	14.75	2	2700,50
184	-43.75	16.25	2	2700,50
184	-43.75	16.75	2	2700,50
184	-43.25	17.25	2	2700,50
184	-41.75	17.25	2	2700,50
184	-41.25	16.75	2	2700,50
184	-40.25	16.75	2	2700,50
184	-40.25	15.75	2	2700,50
184	-39.25	15.75	2	2700,50
184	-39.25	14.75	2	2700,50
184	-38.75	14.75	2	2700,50
184	-37.25	16.25	2	2700,50
184	-37.25	17.75	2	2700,50
184	-38.25	17.75	2	2700,50
184	-39.25	18.75	2	2700,50
184	-39.25	19.25	2	2700,50
184	-38.75	19.75	2	2700,50
184	-38.75	20.25	2	2700,50
184	-39.25	20.75	2	2700,50
184	-39.25	21.25	2	2700,50
184	-38.75	21.75	2	2700,50
184	-38.25	21.75	2	2700,50
184	-37.75	21.25	2	2700,50
184	-37.25	21.25	2	2700,50
184	-36.75	21.75	2	2700,50
184	-35.75	21.75	2	2700,50
184	-35.25	22.25	2	2700,50
184	-34.75	22.25	2	2700,50
184	-34.25	21.75	2	2700,50
184	-33.75	21.75	2	2700,50
184	-31.75	23.75	2	2700,50
184	-31.75	24.75	2	2700,50
184	-31.25	24.75	2	2700,50
184	-30.25	23.75	2	2700,50
184	-30.25	22.25	2	2700,50
184	-30.75	21.75	2	2700,50
184	-31.25	21.75	2	2700,50
184	-31.25	22.75	2	2700,50
184	-31.75	22.75	2	2700,50
184	-33.25	21.25	2	2700,50
184	-33.25	20.75	2	2700,50
184	-32.75	20.75	2	2700,50
184	-32.25	21.25	2	2700,50
184	-31.75	21.25	2	2700,50
184	-31.75	20.75	2	2700,50
184	-32.25	20.25	2	2700,50
184	-32.25	19.75	2	2700,50
184	-31.25	19.75	2	2700,50
184	-30.25	18.75	2	2700,50
184	-29.75	18.75	2	2700,50
184	-29.75	20.25	2	2700,50
184	-30.25	20.75	2	2700,50
184	-30.25	21.25	2	2700,50
184	-28.75	21.25	2	2700,50
184	-28.25	20.75	2	2700,50
184	-27.75	20.75	2	2700,50
184	-27.75	21.25	2	2700,50
184	-28.25	21.75	2	2700,50
184	-28.25	22.25	2	2700,50
184	-27.75	22.75	2	2700,50
184	-27.75	23.25	2	2700,50
184	-28.75	24.25	2	2700,50
184	-28.75	25.25	2	2700,50
184	-29.25	25.75	2	2700,50
184	-29.75	25.75	2	2700,50
184	-30.25	25.25	2	2700,50
184	-30.75	25.25	2	2700,50
184	-30.75	26.25	2	2700,50
184	-32.25	27.75	2	2700,50
184	-32.25	28.25	2	2700,50
184	-31.75	28.25	2	2700,50
184	-31.25	27.75	2	2700,50
184	-30.75	27.75	2	2700,50
184	-30.25	28.25	2	2700,50
184	-30.25	28.75	2	2700,50
184	-31.25	28.75	2	2700,50
184	-31.25	30.25	2	2700,50
184	-24.75	36.75	2	2700,50
184	-24.25	36.75	2	2700,50
184	-24.25	35.25	2	2700,50
184	-25.25	35.25	2	2700,50
184	-25.75	34.75	2	2700,50
184	-25.75	34.25	2	2700,50
184	-25.25	33.75	2	2700,50
184	-25.25	33.25	2	2700,50
184	-25.75	32.75	2	2700,50
184	-26.25	32.75	2	2700,50
184	-26.75	33.25	2	2700,50
184	-27.25	33.25	2	2700,50
184	-27.75	32.75	2	2700,50
184	-27.75	32.25	2	2700,50
184	-26.75	32.25	2	2700,50
184	-26.75	31.75	2	2700,50
184	-28.25	30.25	2	2700,50
184	-28.25	29.75	2	2700,50
184	-27.75	29.75	2	2700,50
184	-26.75	30.75	2	2700,50
184	-25.75	30.75	2	2700,50
184	-25.25	31.25	2	2700,50
184	-23.75	31.25	2	2700,50
184	-22.75	30.25	2	2700,50
184	-22.25	30.25	2	2700,50
184	-22.25	31.25	2	2700,50
184	-21.25	31.25	2	2700,50
184	-20.75	31.75	2	2700,50
184	-19.75	31.75	2	2700,50
184	-19.75	32.25	2	2700,50
184	-20.25	32.75	2	2700,50
184	-21.25	32.75	2	2700,50
184	-22.25	33.75	2	2700,50
184	-22.25	34.25	2	2700,50
184	-21.25	34.25	2	2700,50
184	-21.25	34.75	2	2700,50
184	-21.75	35.25	2	2700,50
184	-21.75	36.25	2	2700,50
184	-22.25	36.75	2	2700,50
184	-22.25	37.75	2	2700,50
184	-23.25	37.75	2	2700,50
184	-23.25	38.25	2	2700,50
184	-18.75	42.75	2	2700,50
184	-18.75	43.25	2	2700,50
185	-23.25	27.75	2	2700,50
185	-23.25	28.25	2	2700,50
185	-22.75	28.75	2	2700,50
185	-21.75	28.75	2	2700,50
185	-19.75	30.75	2	2700,50
185	-19.25	30.75	2	2700,50
185	-18.25	29.75	2	2700,50
185	-18.25	28.75	2	2700,50
185	-17.75	28.25	2	2700,50
185	-17.75	27.75	2	2700,50
185	-18.25	27.25	2	2700,50
185	-18.25	25.75	2	2700,50
185	-17.75	25.25	2	2700,50
185	-17.75	24.75	2	2700,50
185	-19.25	24.75	2	2700,50
185	-19.75	25.25	2	2700,50
185	-20.75	25.25	2	2700,50
185	-21.25	25.75	2	2700,50
185	-21.25	26.25	2	2700,50
185	-20.25	27.25	2	2700,50
185	-20.25	28.75	2	2700,50
185	-20.75	28.75	2	2700,50
185	-21.25	28.25	2	2700,50
185	-21.25	27.25	2	2700,50
185	-22.75	27.25	2	2700,50
185	-23.25	27.75	2	2700,50
174	-45.25	2.75	2	2700,50
174	-45.25	3.25	2	2700,50
174	-43.75	3.25	2	2700,50
174	-43.25	2.75	2	2700,50
174	-43.25	-0.75	2	2700,50
174	-44.75	-0.75	2	2700,50
174	-45.25	-0.25	2	2700,50
174	-45.25	0.25	2	2700,50
174	-44.25	1.25	2	2700,50
174	-44.25	1.75	2	2700,50
174	-45.25	1.75	2	2700,50
174	-45.25	2.75	2	2700,50
175	-15.75	32.25	2	2700,50
175	-15.75	32.75	2	2700,50
175	-15.25	33.25	2	2700,50
175	-14.25	33.25	2	2700,50
175	-13.75	33.75	2	2700,50
175	-12.75	33.75	2	2700,50
175	-12.25	34.25	2	2700,50
175	-11.75	34.25	2	2700,50
175	-11.25	33.75	2	2700,50
175	-10.75	33.75	2	2700,50
175	-10.75	34.75	2	2700,50
175	-10.25	34.75	2	2700,50
175	-9.75	34.25	2	2700,50
175	-9.75	33.25	2	2700,50
175	-9.25	32.75	2	2700,50
175	-9.25	32.25	2	2700,50
175	-10.25	32.25	2	2700,50
175	-10.25	31.75	2	2700,50
175	-9.75	31.25	2	2700,50
175	-9.25	31.25	2	2700,50
175	-7.25	33.25	2	2700,50
175	-6.75	33.25	2	2700,50
175	-6.75	31.75	2	2700,50
175	-7.75	30.75	2	2700,50
175	-7.75	30.25	2	2700,50
175	-7.25	29.75	2	2700,50
175	-7.25	29.25	2	2700,50
175	-7.75	29.25	2	2700,50
175	-8.25	29.75	2	2700,50
175	-10.75	29.75	2	2700,50
175	-10.75	28.75	2	2700,50
175	-11.75	28.75	2	2700,50
175	-12.25	28.25	2	2700,50
175	-12.25	27.25	2	2700,50
175	-12.75	27.25	2	2700,50
175	-13.25	27.75	2	2700,50
175	-13.75	27.75	2	2700,50
175	-14.25	27.25	2	2700,50
175	-14.75	27.25	2	2700,50
175	-14.75	27.75	2	2700,50
175	-14.25	28.25	2	2700,50
175	-14.25	28.75	2	2700,50
175	-14.75	29.25	2	2700,50
175	-14.75	29.75	2	2700,50
175	-14.25	29.75	2	2700,50
175	-13.75	29.25	2	2700,50
175	-13.25	29.25	2	2700,50
175	-12.75	29.75	2	2700,50
175	-11.75	29.75	2	2700,50
175	-11.75	30.75	2	2700,50
175	-10.75	30.75	2	2700,50
175	-10.75	31.25	2	2700,50
175	-11.25	31.75	2	2700,50
175	-11.75	31.75	2	2700,50
175	-12.25	31.25	2	2700,50
175	-13.25	31.25	2	2700,50
175	-13.75	30.75	2	2700,50
175	-14.25	30.75	2	2700,50
175	-15.75	32.25	2	2700,50
176	-12.75	24.25	2	2700,50
176	-12.75	24.75	2	2700,50
176	-12.25	25.25	2	2700,50
176	-11.75	25.25	2	2700,50
176	-11.25	24.75	2	2700,50
176	-10.75	24.75	2	2700,50
176	-10.75	25.75	2	2700,50
176	-10.25	26.25	2	2700,50
176	-9.25	26.25	2	2700,50
176	-9.25	27.25	2	2700,50
176	-8.75	27.25	2	2700,50
176	-7.25	25.75	2	2700,50
176	-7.25	25.25	2	2700,50
176	-7.75	24.75	2	2700,50
176	-7.75	24.25	2	2700,50
176	-7.25	24.25	2	2700,50
176	-6.25	25.25	2	2700,50
176	-5.75	25.25	2	2700,50
176	-4.75	24.25	2	2700,50
176	-4.75	23.75	2	2700,50
176	-5.25	23.25	2	2700,50
176	-5.25	22.75	2	2700,50
176	-4.75	22.25	2	2700,50
176	-4.75	21.75	2	2700,50
176	-5.25	21.25	2	2700,50
176	-5.25	19.75	2	2700,50
176	-4.75	19.25	2	2700,50
176	-4.75	18.25	2	2700,50
176	-4.25	18.25	2	2700,50
176	-3.25	19.25	2	2700,50
176	-3.25	20.25	2	2700,50
176	-2.75	20.75	2	2700,50
176	-2.25	20.75	2	2700,50
176	-2.25	19.75	2	2700,50
176	-1.75	19.25	2	2700,50
176	-1.75	18.75	2	2700,50
176	-2.25	18.25	2	2700,50
176	-3.25	18.25	2	2700,50
176	-4.25	17.25	2	2700,50
176	-4.25	16.75	2	2700,50
176	-3.75	16.25	2	2700,50
176	-2.75	16.25	2	2700,50
176	-2.75	15.75	2	2700,50
176	-3.25	15.25	2	2700,50
176	-3.75	15.25	2	2700,50
176	-4.25	15.75	2	2700,50
176	-6.25	15.75	2	2700,50
176	-6.25	18.75	2	2700,50
176	-7.25	19.75	2	2700,50
176	-7.25	20.25	2	2700,50
176	-5.75	21.75	2	2700,50
176	-5.75	22.25	2	2700,50
176	-6.25	22.75	2	2700,50
176	-6.75	22.75	2	2700,50
176	-7.25	22.25	2	2700,50
176	-7.75	22.25	2	2700,50
176	-8.25	22.75	2	2700,50
176	-8.75	22.75	2	2700,50
176	-8.75	22.25	2	2700,50
176	-8.25	21.75	2	2700,50
176	-8.25	21.25	2	2700,50
176	-9.25	21.25	2	2700,50
176	-9.25	19.75	2	2700,50
176	-8.25	19.75	2	2700,50
176	-7.75	19.25	2	2700,50
176	-7.75	17.75	2	2700,50
176	-8.25	17.25	2	2700,50
176	-8.75	17.25	2	2700,50
176	-8.75	18.25	2	2700,50
176	-9.25	18.75	2	2700,50
176	-9.75	18.75	2	2700,50
176	-10.25	18.25	2	2700,50
176	-10.75	18.25	2	2700,50
176	-10.75	18.75	2	2700,50
176	-10.25	19.25	2	2700,50
176	-10.25	19.75	2	2700,50
176	-10.75	19.75	2	2700,50
176	-11.75	18.75	2	2700,50
176	-11.75	17.75	2	2700,50
176	-12.25	17.75	2	2700,50
176	-12.75	18.25	2	2700,50
176	-13.75	18.25	2	2700,50
176	-14.25	18.75	2	2700,50
176	-14.25	19.25	2	2700,50
176	-13.75	19.75	2	2700,50
176	-13.75	20.75	2	2700,50
176	-13.25	21.25	2	2700,50
176	-13.25	21.75	2	2700,50
176	-13.75	22.25	2	2700,50
176	-13.75	22.75	2	2700,50
176	-12.75	23.75	2	2700,50
176	-12.75	24.25	2	2700,50
177	-6.25	29.75	2	2700,50
177	-6.25	30.25	2	2700,50
177	-5.25	30.25	2	2700,50
177	-4.75	30.75	2	2700,50
177	-3.75	30.75	2	2700,50
177	-3.25	31.25	2	2700,50
177	-2.75	31.25	2	2700,50
177	-2.25	30.75	2	2700,50
177	-1.75	30.75	2	2700,50
177	-1.75	31.75	2	2700,50
177	-0.25	33.25	2	2700,50
177	0.25	33.25	2	2700,50
177	1.75	31.75	2	2700,50
177	1.75	31.25	2	2700,50
177	0.75	30.25	2	2700,50
177	-0.25	30.25	2	2700,50
177	-0.25	29.25	2	2700,50
177	-1.25	29.25	2	2700,50
177	-2.25	28.25	2	2700,50
177	-2.25	27.75	2	2700,50
177	-1.25	27.75	2	2700,50
177	-1.25	27.25	2	2700,50
177	-2.75	25.75	2	2700,50
177	-3.25	25.75	2	2700,50
177	-4.75	27.25	2	2700,50
177	-4.75	27.75	2	2700,50
177	-4.25	28.25	2	2700,50
177	-3.25	28.25	2	2700,50
177	-2.25	29.25	2	2700,50
177	-2.25	29.75	2	2700,50
177	-2.75	30.25	2	2700,50
177	-3.25	30.25	2	2700,50
177	-3.25	29.25	2	2700,50
177	-3.75	29.25	2	2700,50
177	-4.25	29.75	2	2700,50
177	-4.75	29.75	2	2700,50
177	-5.25	29.25	2	2700,50
177	-5.75	29.25	2	2700,50
177	-6.25	29.75	2	2700,50
316	-28.25	3.75	290	2600,0
316	-28.25	4.25	290	2600,0
316	-27.75	4.75	290	2600,0
316	-27.25	4.75	290	2600,0
316	-27.25	4.25	290	2600,0
316	-27.75	3.75	290	2600,0
316	-28.25	3.75	290	2600,0
511	-22.25	9.75	423	2600,0
511	-22.25	10.25	423	2600,0
511	-21.75	10.25	423	2600,0
511	-21.75	9.75	423	2600,0
511	-22.25	9.75	423	2600,0
410	-21.75	9.25	352	2600,0
410	-21.75	9.75	352	2600,0
410	-21.25	9.75	352	2600,0
410	-21.25	9.25	352	2600,0
410	-21.75	9.25	352	2600,0
507	-29.25	0.75	42	2600,0
507	-29.25	1.25	42	2600,0
507	-26.75	3.75	42	2600,0
507	-26.25	3.75	42	2600,0
507	-24.25	1.75	42	2600,0
507	-24.25	1.25	42	2600,0
507	-24.75	0.75	42	2600,0
507	-25.25	0.75	42	2600,0
507	-25.75	1.25	42	2600,0
507	-28.25	1.25	42	2600,0
507	-28.75	0.75	42	2600,0
507	-29.25	0.75	42	2600,0
538	-24.75	5.25	445	2600,0
538	-24.75	5.75	445	2600,0
538	-23.75	5.75	445	2600,0
538	-23.25	6.25	445	2600,0
538	-22.75	6.25	445	2600,0
538	-21.75	5.25	445	2600,0
538	-21.75	4.75	445	2600,0
538	-22.75	4.75	445	2600,0
538	-22.75	4.25	445	2600,0
538	-22.25	3.75	445	2600,0
538	-22.25	3.25	445	2600,0
538	-23.75	3.25	445	2600,0
538	-23.75	4.25	445	2600,0
538	-24.75	5.25	445	2600,0
238	-18.25	11.75	24	2600,0
238	-18.25	12.25	24	2600,0
238	-17.75	12.75	24	2600,0
238	-17.25	12.75	24	2600,0
238	-13.25	8.75	24	2600,0
238	-13.25	8.25	24	2600,0
238	-14.25	8.25	24	2600,0
238	-14.75	7.75	24	2600,0
238	-14.75	7.25	24	2600,0
238	-14.25	6.75	24	2600,0
238	-14.25	6.25	24	2600,0
238	-14.75	6.25	24	2600,0
238	-15.25	6.75	24	2600,0
238	-17.25	6.75	24	2600,0
238	-17.75	7.25	24	2600,0
238	-17.75	7.75	24	2600,0
238	-16.75	7.75	24	2600,0
238	-16.75	8.25	24	2600,0
238	-17.25	8.75	24	2600,0
238	-18.25	8.75	24	2600,0
238	-18.25	9.75	24	2600,0
238	-19.25	9.75	24	2600,0
238	-19.25	10.25	24	2600,0
238	-18.75	10.75	24	2600,0
238	-17.75	10.75	24	2600,0
238	-17.75	11.25	24	2600,0
238	-18.25	11.75	24	2600,0
239	-16.25	8.25	24	2600,0
239	-16.25	7.75	24	2600,0
239	-15.75	7.75	24	2600,0
239	-15.75	8.25	24	2600,0
239	-16.25	8.25	24	2600,0
603	-37.75	40.25	53	2650,0
603	-37.75	40.75	53	2650,0
603	-35.25	40.75	53	2650,0
603	-35.25	39.75	53	2650,0
603	-33.25	39.75	53	2650,0
603	-31.75	38.25	53	2650,0
603	-31.75	37.75	53	2650,0
603	-35.75	37.75	53	2650,0
603	-35.75	36.25	53	2650,0
603	-34.75	36.25	53	2650,0
603	-34.75	35.75	53	2650,0
603	-35.25	35.25	53	2650,0
603	-36.25	35.25	53	2650,0
603	-36.25	34.75	53	2650,0
603	-35.25	33.75	53	2650,0
603	-34.75	33.75	53	2650,0
603	-34.25	34.25	53	2650,0
603	-32.75	34.25	53	2650,0
603	-32.25	33.75	53	2650,0
603	-32.25	33.25	53	2650,0
603	-34.25	31.25	53	2650,0
603	-35.25	31.25	53	2650,0
603	-35.75	30.75	53	2650,0
603	-35.75	29.75	53	2650,0
603	-36.75	28.75	53	2650,0
603	-37.25	28.75	53	2650,0
603	-37.25	29.25	53	2650,0
603	-36.75	29.75	53	2650,0
603	-36.75	30.75	53	2650,0
603	-36.25	31.25	53	2650,0
603	-36.25	31.75	53	2650,0
603	-37.75	33.25	53	2650,0
603	-38.75	33.25	53	2650,0
603	-39.25	33.75	53	2650,0
603	-39.75	33.75	53	2650,0
603	-39.75	32.75	53	2650,0
603	-40.25	32.75	53	2650,0
603	-40.75	33.25	53	2650,0
603	-40.75	33.75	53	2650,0
603	-40.25	34.25	53	2650,0
603	-40.25	34.75	53	2650,0
603	-41.25	35.75	53	2650,0
603	-41.25	36.25	53	2650,0
603	-40.25	36.25	53	2650,0
603	-39.25	37.25	53	2650,0
603	-39.25	38.25	53	2650,0
603	-37.75	39.75	53	2650,0
603	-37.75	40.25	53	2650,0
604	-34.75	26.25	53	2650,0
604	-34.75	26.75	53	2650,0
604	-34.25	26.75	53	2650,0
604	-34.25	26.25	53	2650,0
604	-34.75	26.25	53	2650,0
605	-30.25	30.75	53	2650,0
605	-30.25	31.25	53	2650,0
605	-29.25	32.25	53	2650,0
605	-28.75	32.25	53	2650,0
605	-28.25	31.75	53	2650,0
605	-28.25	31.25	53	2650,0
605	-29.25	31.25	53	2650,0
605	-29.75	30.75	53	2650,0
605	-30.25	30.75	53	2650,0
103	-9.25	18.75	154	2650,50
103	-9.25	19.25	154	2650,50
103	-8.75	19.25	154	2650,50
103	-8.25	18.75	154	2650,50
103	-7.75	18.75	154	2650,50
103	-7.25	19.25	154	2650,50
103	-6.75	19.25	154	2650,50
103	-6.75	18.75	154	2650,50
103	-7.75	17.75	154	2650,50
103	-7.75	17.25	154	2650,50
103	-7.25	16.75	154	2650,50
103	-6.75	16.75	154	2650,50
103	-6.75	17.75	154	2650,50
103	-5.75	18.75	154	2650,50
103	-5.25	18.75	154	2650,50
103	-3.75	17.25	154	2650,50
103	-3.75	16.75	154	2650,50
103	-4.75	16.75	154	2650,50
103	-4.75	16.25	154	2650,50
103	-4.25	15.75	154	2650,50
103	-3.75	15.75	154	2650,50
103	-3.25	16.25	154	2650,50
103	-2.75	16.25	154	2650,50
103	-2.75	15.75	154	2650,50
103	-3.25	15.25	154	2650,50
103	-3.25	14.75	154	2650,50
103	-2.75	14.75	154	2650,50
103	-2.25	15.25	154	2650,50
103	-1.25	15.25	154	2650,50
103	-1.25	15.75	154	2650,50
103	-4.75	19.25	154	2650,50
103	-4.75	19.75	154	2650,50
103	-3.75	20.75	154	2650,50
103	-3.25	20.75	154	2650,50
103	-2.75	20.25	154	2650,50
103	-2.75	19.75	154	2650,50
103	-3.25	19.25	154	2650,50
103	-3.25	18.75	154	2650,50
103	-1.25	18.75	154	2650,50
103	-0.75	18.25	154	2650,50
103	-0.75	17.75	154	2650,50
103	-1.75	17.75	154	2650,50
103	-1.75	17.25	154	2650,50
103	-0.25	15.75	154	2650,50
103	-0.25	15.25	154	2650,50
103	-1.75	13.75	154	2650,50
103	-2.75	13.75	154	2650,50
103	-3.25	13.25	154	2650,50
103	-5.25	13.25	154	2650,50
103	-5.25	11.25	154	2650,50
103	-6.75	11.25	154	2650,50
103	-6.75	11.75	154	2650,50
103	-6.25	12.25	154	2650,50
103	-6.25	12.75	154	2650,50
103	-6.75	12.75	154	2650,50
103	-7.25	12.25	154	2650,50
103	-8.25	12.25	154	2650,50
103	-8.25	10.75	154	2650,50
103	-7.75	10.25	154	2650,50
103	-7.75	9.75	154	2650,50
103	-8.75	9.75	154	2650,50
103	-8.75	8.75	154	2650,50
103	-10.25	7.25	154	2650,50
103	-10.75	7.25	154	2650,50
103	-11.25	7.75	154	2650,50
103	-12.75	7.75	154	2650,50
103	-12.75	7.25	154	2650,50
103	-12.25	6.75	154	2650,50
103	-12.25	6.25	154	2650,50
103	-12.75	5.75	154	2650,50
103	-13.25	5.75	154	2650,50
103	-13.25	6.75	154	2650,50
103	-13.75	7.25	154	2650,50
103	-13.75	7.75	154	2650,50
103	-12.75	8.75	154	2650,50
103	-12.75	9.75	154	2650,50
103	-12.25	10.25	154	2650,50
103	-11.75	10.25	154	2650,50
103	-10.75	9.25	154	2650,50
103	-10.25	9.25	154	2650,50
103	-10.25	9.75	154	2650,50
103	-11.75	11.25	154	2650,50
103	-11.75	11.75	154	2650,50
103	-10.75	11.75	154	2650,50
103	-9.75	12.75	154	2650,50
103	-8.75	12.75	154	2650,50
103	-8.25	13.25	154	2650,50
103	-8.25	13.75	154	2650,50
103	-9.25	14.75	154	2650,50
103	-10.75	14.75	154	2650,50
103	-11.25	14.25	154	2650,50
103	-11.75	14.25	154	2650,50
103	-11.75	14.75	154	2650,50
103	-9.75	16.75	154	2650,50
103	-9.75	17.75	154	2650,50
103	-8.75	17.75	154	2650,50
103	-8.75	18.25	154	2650,50
103	-9.25	18.75	154	2650,50
103	-45.25	15.75	154	2700,50
103	-45.25	16.25	154	2700,50
103	-44.75	16.75	154	2700,50
103	-44.25	16.75	154	2700,50
103	-42.25	14.75	154	2700,50
103	-41.75	14.75	154	2700,50
103	-41.25	15.25	154	2700,50
103	-40.75	15.25	154	2700,50
103	-39.75	14.25	154	2700,50
103	-39.75	13.75	154	2700,50
103	-40.25	13.25	154	2700,50
103	-40.25	12.75	154	2700,50
103	-39.75	12.25	154	2700,50
103	-38.75	12.25	154	2700,50
103	-38.75	11.75	154	2700,50
103	-39.25	11.25	154	2700,50
103	-39.25	8.75	154	2700,50
103	-38.75	8.25	154	2700,50
103	-38.75	7.75	154	2700,50
103	-40.75	5.75	154	2700,50
103	-42.25	5.75	154	2700,50
103	-42.75	6.25	154	2700,50
103	-42.75	6.75	154	2700,50
103	-41.75	7.75	154	2700,50
103	-41.75	8.25	154	2700,50
103	-42.25	8.75	154	2700,50
103	-43.25	8.75	154	2700,50
103	-43.75	9.25	154	2700,50
103	-43.75	10.25	154	2700,50
103	-44.25	10.25	154	2700,50
103	-44.75	9.75	154	2700,50
103	-45.25	9.75	154	2700,50
103	-45.25	15.75	154	2700,50
103	-3.25	48.75	154	2650,0
103	-3.25	49.25	154	2650,0
103	0.25	49.25	154	2650,0
103	0.25	47.25	154	2650,0
103	0.75	46.75	154	2650,0
103	1.75	46.75	154	2650,0
103	1.75	45.75	154	2650,0
103	2.25	45.75	154	2650,0
103	3.25	46.75	154	2650,0
103	3.75	46.75	154	2650,0
103	3.75	46.25	154	2650,0
103	1.75	44.25	154	2650,0
103	0.75	44.25	154	2650,0
103	0.25	43.75	154	2650,0
103	-0.25	43.75	154	2650,0
103	-0.25	44.75	154	2650,0
103	-1.25	45.75	154	2650,0
103	-1.25	46.75	154	2650,0
103	-1.75	47.25	154	2650,0
103	-2.25	47.25	154	2650,0
103	-2.25	44.75	154	2650,0
103	-0.75	43.25	154	2650,0
103	-0.75	42.75	154	2650,0
103	-1.25	42.25	154	2650,0
103	-1.75	42.25	154	2650,0
103	-1.75	43.25	154	2650,0
103	-3.25	44.75	154	2650,0
103	-3.25	48.75	154	2650,0
103	-42.25	48.75	154	2700,0
103	-42.25	49.25	154	2700,0
103	-41.75	49.25	154	2700,0
103	-41.75	48.75	154	2700,0
103	-42.25	48.75	154	2700,0
104	2.75	14.75	154	2650,50
104	2.75	15.25	154	2650,50
104	3.75	15.25	154	2650,50
104	4.25	15.75	154	2650,50
104	4.75	15.75	154	2650,50
104	4.75	14.25	154	2650,50
104	2.75	12.25	154	2650,50
104	2.25	12.25	154	2650,50
104	1.75	12.75	154	2650,50
104	1.75	13.25	154	2650,50
104	2.75	14.25	154	2650,50
104	2.75	14.75	154	2650,50
104	-44.75	8.25	154	2700,50
104	-44.75	8.75	154	2700,50
104	-44.25	8.75	154	2700,50
104	-43.75	8.25	154	2700,50
104	-43.75	7.75	154	2700,50
104	-44.25	7.25	154	2700,50
104	-44.25	6.75	154	2700,50
104	-43.25	5.75	154	2700,50
104	-43.25	5.25	154	2700,50
104	-43.75	4.75	154	2700,50
104	-43.75	4.25	154	2700,50
104	-42.75	4.25	154	2700,50
104	-42.25	3.75	154	2700,50
104	-40.25	3.75	154	2700,50
104	-39.25	2.75	154	2700,50
104	-39.25	2.25	154	2700,50
104	-39.75	1.75	154	2700,50
104	-39.75	0.75	154	2700,50
104	-40.75	0.75	154	2700,50
104	-42.25	-0.75	154	2700,50
104	-42.75	-0.75	154	2700,50
104	-43.25	-0.25	154	2700,50
104	-43.25	2.75	154	2700,50
104	-43.75	3.25	154	2700,50
104	-44.75	3.25	154	2700,50
104	-45.25	3.75	154	2700,50
104	-45.25	7.25	154	2700,50
104	-44.75	7.75	154	2700,50
104	-44.75	8.25	154	2700,50
104	0.75	49.25	154	2650,0
104	0.75	48.75	154	2650,0
104	1.25	48.25	154	2650,0
104	2.25	48.25	154	2650,0
104	2.25	47.25	154	2650,0
104	2.75	47.25	154	2650,0
104	3.75	48.25	154	2650,0
104	3.75	48.75	154	2650,0
104	3.25	49.25	154	2650,0
104	0.75	49.25	154	2650,0
105	-6.25	2.75	154	2650,50
105	-6.25	3.25	154	2650,50
105	-5.25	3.25	154	2650,50
105	-4.75	3.75	154	2650,50
105	-4.25	3.75	154	2650,50
105	-3.25	2.75	154	2650,50
105	-2.25	2.75	154	2650,50
105	-1.25	1.75	154	2650,50
105	-0.75	1.75	154	2650,50
105	-0.75	2.75	154	2650,50
105	-0.25	3.25	154	2650,50
105	-0.25	3.75	154	2650,50
105	-0.75	4.25	154	2650,50
105	-1.75	4.25	154	2650,50
105	-1.75	4.75	154	2650,50
105	-1.25	5.25	154	2650,50
105	-1.25	6.25	154	2650,50
105	-0.75	6.75	154	2650,50
105	-0.25	6.75	154	2650,50
105	-0.25	5.75	154	2650,50
105	0.25	5.75	154	2650,50
105	1.25	6.75	154	2650,50
105	2.25	6.75	154	2650,50
105	2.25	7.25	154	2650,50
105	1.75	7.75	154	2650,50
105	0.75	7.75	154	2650,50
105	0.25	8.25	154	2650,50
105	0.25	9.75	154	2650,50
105	0.75	10.25	154	2650,50
105	1.25	10.25	154	2650,50
105	1.75	9.75	154	2650,50
105	2.25	9.75	154	2650,50
105	2.25	10.75	154	2650,50
105	4.25	12.75	154	2650,50
105	4.75	12.75	154	2650,50
105	4.75	9.25	154	2650,50
105	4.25	9.25	154	2650,50
105	4.25	10.25	154	2650,50
105	3.75	10.25	154	2650,50
105	3.25	9.75	154	2650,50
105	3.25	8.75	154	2650,50
105	2.25	8.75	154	2650,50
105	2.25	8.25	154	2650,50
105	2.75	7.75	154	2650,50
105	3.25	7.75	154	2650,50
105	3.75	8.25	154	2650,50
105	4.25	8.25	154	2650,50
105	4.25	7.25	154	2650,50
105	4.75	6.75	154	2650,50
105	4.75	4.25	154	2650,50
105	4.25	3.75	154	2650,50
105	3.75	3.75	154	2650,50
105	3.25	4.25	154	2650,50
105	3.25	5.25	154	2650,50
105	2.75	5.25	154	2650,50
105	2.25	4.75	154	2650,50
105	2.25	4.25	154	2650,50
105	3.25	3.25	154	2650,50
105	3.25	2.25	154	2650,50
105	3.75	2.25	154	2650,50
105	4.25	2.75	154	2650,50
105	4.75	2.75	154	2650,50
105	4.75	1.25	154	2650,50
105	4.25	0.75	154	2650,50
105	4.25	-0.25	154	2650,50
105	3.75	-0.75	154	2650,50
105	-2.75	-0.75	154	2650,50
105	-3.25	-0.25	154	2650,50
105	-4.25	-0.25	154	2650,50
105	-4.25	0.25	154	2650,50
105	-3.75	0.75	154	2650,50
105	-3.75	1.25	154	2650,50
105	-4.25	1.75	154	2650,50
105	-5.25	1.75	154	2650,50
105	-6.25	2.75	154	2650,50
105	-45.25	0.75	154	2700,50
105	-45.25	1.25	154	2700,50
105	-44.75	1.75	154	2700,50
105	-44.25	1.75	154	2700,50
105	-44.25	1.25	154	2700,50
105	-44.75	0.75	154	2700,50
105	-45.25	0.75	154	2700,50
419	-22.75	4.25	36	2600,0
419	-22.75	4.75	36	2600,0
419	-21.25	4.75	36	2600,0
419	-20.25	3.75	36	2600,0
419	-20.25	2.25	36	2600,0
419	-20.75	1.75	36	2600,0
419	-21.75	1.75	36	2600,0
419	-22.75	0.75	36	2600,0
419	-23.25	0.75	36	2600,0
419	-23.25	1.25	36	2600,0
419	-21.75	2.75	36	2600,0
419	-21.75	3.25	36	2600,0
419	-22.75	4.25	36	2600,0
277	-6.75	20.25	266	2600,0
277	-6.75	20.75	266	2600,0
277	-6.25	20.75	266	2600,0
277	-6.25	20.25	266	2600,0
277	-6.75	20.25	266	2600,0
318	-5.25	21.75	292	2600,0
318	-5.25	22.25	292	2600,0
318	-4.75	22.25	292	2600,0
318	-4.75	21.75	292	2600,0
318	-5.25	21.75	292	2600,0
649	-29.75	47.25	75	2650,0
649	-29.75	47.75	75	2650,0
649	-28.25	47.75	75	2650,0
649	-28.25	46.25	75	2650,0
649	-29.25	45.25	75	2650,0
649	-29.75	45.25	75	2650,0
649	-29.75	47.25	75	2650,0
457	-25.25	1.75	385	2650,50
457	-25.25	2.25	385	2650,50
457	-23.25	2.25	385	2650,50
457	-23.25	3.25	385	2650,50
457	-22.75	3.75	385	2650,50
457	-21.25	3.75	385	2650,50
457	-21.25	3.25	385	2650,50
457	-22.25	2.25	385	2650,50
457	-22.25	1.75	385	2650,50
457	-21.75	1.25	385	2650,50
457	-21.75	0.75	385	2650,50
457	-22.25	0.75	385	2650,50
457	-22.75	1.25	385	2650,50
457	-24.25	1.25	385	2650,50
457	-24.25	0.25	385	2650,50
457	-24.75	0.25	385	2650,50
457	-25.25	0.75	385	2650,50
457	-25.25	1.75	385	2650,50
106	-18.75	8.25	155	2650,50
106	-18.75	8.75	155	2650,50
106	-17.25	8.75	155	2650,50
106	-17.25	7.75	155	2650,50
106	-16.75	7.25	155	2650,50
106	-16.25	7.25	155	2650,50
106	-16.25	8.25	155	2650,50
106	-15.75	8.25	155	2650,50
106	-15.25	7.75	155	2650,50
106	-14.75	7.75	155	2650,50
106	-14.25	8.25	155	2650,50
106	-14.25	9.25	155	2650,50
106	-13.75	9.75	155	2650,50
106	-13.75	11.25	155	2650,50
106	-14.25	11.75	155	2650,50
106	-14.25	13.25	155	2650,50
106	-13.25	13.25	155	2650,50
106	-13.25	14.25	155	2650,50
106	-11.25	14.25	155	2650,50
106	-10.75	14.75	155	2650,50
106	-9.25	14.75	155	2650,50
106	-8.25	13.75	155	2650,50
106	-8.25	13.25	155	2650,50
106	-8.75	12.75	155	2650,50
106	-9.75	12.75	155	2650,50
106	-10.75	11.75	155	2650,50
106	-11.75	11.75	155	2650,50
106	-11.75	11.25	155	2650,50
106	-10.25	9.75	155	2650,50
106	-10.25	9.25	155	2650,50
106	-10.75	9.25	155	2650,50
106	-11.75	10.25	155	2650,50
106	-12.25	10.25	155	2650,50
106	-12.75	9.75	155	2650,50
106	-12.75	8.75	155	2650,50
106	-13.75	7.75	155	2650,50
106	-13.75	7.25	155	2650,50
106	-13.25	6.75	155	2650,50
106	-13.25	5.25	155	2650,50
106	-14.25	4.25	155	2650,50
106	-15.75	4.25	155	2650,50
106	-15.75	5.25	155	2650,50
106	-16.75	5.25	155	2650,50
106	-17.25	5.75	155	2650,50
106	-17.25	6.75	155	2650,50
106	-17.75	7.25	155	2650,50
106	-18.75	7.25	155	2650,50
106	-18.75	8.25	155	2650,50
658	-29.25	47.75	81	2700,50
658	-29.25	48.25	81	2700,50
658	-28.75	48.25	81	2700,50
658	-28.25	47.75	81	2700,50
658	-27.75	47.75	81	2700,50
658	-27.75	48.75	81	2700,50
658	-26.25	48.75	81	2700,50
658	-25.75	48.25	81	2700,50
658	-25.25	48.25	81	2700,50
658	-24.75	48.75	81	2700,50
658	-23.25	48.75	81	2700,50
658	-22.25	47.75	81	2700,50
658	-21.75	47.75	81	2700,50
658	-21.25	48.25	81	2700,50
658	-20.25	48.25	81	2700,50
658	-19.75	48.75	81	2700,50
658	-17.25	48.75	81	2700,50
658	-17.25	48.25	81	2700,50
658	-19.75	45.75	81	2700,50
658	-20.25	45.75	81	2700,50
658	-20.25	46.75	81	2700,50
658	-23.75	46.75	81	2700,50
658	-23.75	45.75	81	2700,50
658	-24.25	45.25	81	2700,50
658	-24.25	44.75	81	2700,50
658	-23.25	44.75	81	2700,50
658	-22.75	44.25	81	2700,50
658	-22.75	43.75	81	2700,50
658	-25.25	43.75	81	2700,50
658	-25.25	45.75	81	2700,50
658	-26.75	45.75	81	2700,50
658	-26.75	44.75	81	2700,50
658	-27.25	44.75	81	2700,50
658	-27.75	45.25	81	2700,50
658	-28.25	45.25	81	2700,50
658	-29.25	44.25	81	2700,50
658	-29.75	44.25	81	2700,50
658	-30.25	44.75	81	2700,50
658	-30.25	45.25	81	2700,50
658	-29.25	46.25	81	2700,50
658	-29.25	47.75	81	2700,50
658	-27.25	-1.25	81	2700,100
658	-27.25	-0.75	81	2700,100
658	-26.75	-0.75	81	2700,100
658	-26.75	-1.25	81	2700,100
658	-27.25	-1.25	81	2700,100
659	-18.25	43.75	81	2700,50
659	-18.25	44.25	81	2700,50
659	-17.75	44.25	81	2700,50
659	-17.75	43.75	81	2700,50
659	-18.25	43.75	81	2700,50
659	-24.75	-0.75	81	2700,100
659	-24.75	-0.25	81	2700,100
659	-23.25	-0.25	81	2700,100
659	-22.75	-0.75	81	2700,100
659	-22.75	-1.25	81	2700,100
659	-24.25	-1.25	81	2700,100
659	-24.75	-0.75	81	2700,100
660	-17.25	44.25	81	2700,50
660	-17.25	43.75	81	2700,50
660	-16.75	43.25	81	2700,50
660	-14.75	43.25	81	2700,50
660	-14.75	42.75	81	2700,50
660	-16.25	41.25	81	2700,50
660	-17.25	41.25	81	2700,50
660	-17.75	40.75	81	2700,50
660	-18.25	40.75	81	2700,50
660	-18.25	41.75	81	2700,50
660	-18.75	41.75	81	2700,50
660	-19.25	41.25	81	2700,50
660	-19.25	39.75	81	2700,50
660	-18.75	39.25	81	2700,50
660	-18.75	38.75	81	2700,50
660	-19.75	37.75	81	2700,50
660	-19.75	37.25	81	2700,50
660	-18.25	37.25	81	2700,50
660	-17.75	37.75	81	2700,50
660	-15.75	37.75	81	2700,50
660	-15.25	38.25	81	2700,50
660	-14.75	38.25	81	2700,50
660	-14.75	37.75	81	2700,50
660	-15.75	36.75	81	2700,50
660	-15.75	35.25	81	2700,50
660	-15.25	35.25	81	2700,50
660	-14.25	36.25	81	2700,50
660	-13.25	36.25	81	2700,50
660	-13.25	38.25	81	2700,50
660	-12.75	38.75	81	2700,50
660	-12.75	39.75	81	2700,50
660	-11.75	39.75	81	2700,50
660	-11.75	40.25	81	2700,50
660	-12.25	40.75	81	2700,50
660	-12.25	41.25	81	2700,50
660	-11.25	41.25	81	2700,50
660	-11.25	41.75	81	2700,50
660	-12.25	42.75	81	2700,50
660	-12.25	43.75	81	2700,50
660	-13.75	45.25	81	2700,50
660	-16.25	45.25	81	2700,50
660	-17.25	44.25	81	2700,50
660	-19.25	-0.25	81	2700,100
660	-19.25	0.25	81	2700,100
660	-18.75	0.75	81	2700,100
660	-18.25	0.75	81	2700,100
660	-18.25	-0.75	81	2700,100
660	-18.75	-1.25	81	2700,100
660	-19.25	-1.25	81	2700,100
660	-19.25	-0.25	81	2700,100
542	-23.75	2.25	449	2600,0
542	-23.75	2.75	449	2600,0
542	-23.25	2.75	449	2600,0
542	-23.25	2.25	449	2600,0
542	-23.75	2.25	449	2600,0
96	-21.25	4.75	150	2600,0
96	-21.25	5.25	150	2600,0
96	-20.75	5.25	150	2600,0
96	-19.25	3.75	150	2600,0
96	-19.25	3.25	150	2600,0
96	-19.75	3.25	150	2600,0
96	-21.25	4.75	150	2600,0
398	-20.75	5.25	342	2600,0
398	-20.75	5.75	342	2600,0
398	-20.25	5.75	342	2600,0
398	-20.25	5.25	342	2600,0
398	-20.75	5.25	342	2600,0
99	-19.25	6.75	153	2600,0
99	-19.25	7.25	153	2600,0
99	-18.75	7.25	153	2600,0
99	-18.25	6.75	153	2600,0
99	-18.25	6.25	153	2600,0
99	-18.75	6.25	153	2600,0
99	-19.25	6.75	153	2600,0
100	-18.25	2.75	153	2600,0
100	-18.25	3.25	153	2600,0
100	-17.75	3.25	153	2600,0
100	-17.75	2.75	153	2600,0
100	-18.25	2.75	153	2600,0
101	-16.75	4.25	153	2600,0
101	-16.75	4.75	153	2600,0
101	-16.25	4.75	153	2600,0
101	-15.25	3.75	153	2600,0
101	-15.25	3.25	153	2600,0
101	-15.75	3.25	153	2600,0
101	-16.75	4.25	153	2600,0
102	-17.25	3.25	153	2600,0
102	-17.25	2.75	153	2600,0
102	-16.75	2.75	153	2600,0
102	-16.75	3.25	153	2600,0
102	-17.25	3.25	153	2600,0
305	-4.25	21.75	280	2600,0
305	-4.25	22.25	280	2600,0
305	-3.75	22.25	280	2600,0
305	-3.75	21.75	280	2600,0
305	-4.25	21.75	280	2600,0
404	-3.75	21.25	348	2600,0
404	-3.75	21.75	348	2600,0
404	-3.25	21.75	348	2600,0
404	-3.25	21.25	348	2600,0
404	-3.75	21.25	348	2600,0
510	-19.25	4.75	422	2600,0
510	-19.25	5.25	422	2600,0
510	-18.75	5.25	422	2600,0
510	-18.75	4.75	422	2600,0
510	-19.25	4.75	422	2600,0
387	-16.25	7.75	338	2600,0
387	-16.25	8.25	338	2600,0
387	-15.75	8.25	338	2600,0
387	-15.75	7.75	338	2600,0
387	-16.25	7.75	338	2600,0
116	3.75	27.75	161	2650,50
116	3.75	28.25	161	2650,50
116	4.25	28.25	161	2650,50
116	4.75	27.75	161	2650,50
116	4.75	27.25	161	2650,50
116	4.25	26.75	161	2650,50
116	3.75	26.75	161	2650,50
116	3.75	27.75	161	2650,50
116	-45.25	27.75	161	2700,50
116	-45.25	28.25	161	2700,50
116	-43.75	28.25	161	2700,50
116	-43.25	27.75	161	2700,50
116	-42.75	27.75	161	2700,50
116	-41.75	28.75	161	2700,50
116	-41.25	28.75	161	2700,50
116	-41.25	26.75	161	2700,50
116	-40.25	26.75	161	2700,50
116	-39.75	26.25	161	2700,50
116	-39.75	25.75	161	2700,50
116	-40.25	25.25	161	2700,50
116	-40.75	25.25	161	2700,50
116	-41.25	25.75	161	2700,50
116	-41.75	25.75	161	2700,50
116	-41.75	24.75	161	2700,50
116	-42.25	24.75	161	2700,50
116	-42.75	25.25	161	2700,50
116	-44.25	25.25	161	2700,50
116	-44.25	23.25	161	2700,50
116	-44.75	23.25	161	2700,50
116	-45.25	23.75	161	2700,50
116	-45.25	26.25	161	2700,50
116	-44.75	26.75	161	2700,50
116	-44.75	27.25	161	2700,50
116	-45.25	27.75	161	2700,50
117	4.25	24.25	161	2650,50
117	4.25	24.75	161	2650,50
117	4.75	24.75	161	2650,50
117	4.75	23.25	161	2650,50
117	4.25	23.25	161	2650,50
117	4.25	24.25	161	2650,50
321	-22.25	0.75	295	2600,0
321	-22.25	1.25	295	2600,0
321	-21.75	1.75	295	2600,0
321	-21.25	1.75	295	2600,0
321	-20.75	1.25	295	2600,0
321	-20.75	0.75	295	2600,0
321	-22.25	0.75	295	2600,0
150	-20.25	2.75	180	2600,0
150	-20.25	3.25	180	2600,0
150	-19.75	3.25	180	2600,0
150	-18.75	2.25	180	2600,0
150	-18.75	1.75	180	2600,0
150	-19.75	1.75	180	2600,0
150	-20.25	1.25	180	2600,0
150	-20.75	1.25	180	2600,0
150	-20.75	1.75	180	2600,0
150	-20.25	2.25	180	2600,0
150	-20.25	2.75	180	2600,0
197	-14.75	7.25	208	2600,0
197	-14.75	7.75	208	2600,0
197	-14.25	8.25	208	2600,0
197	-13.75	8.25	208	2600,0
197	-13.75	6.75	208	2600,0
197	-14.25	6.75	208	2600,0
197	-14.75	7.25	208	2600,0
68	-20.25	0.75	135	2600,0
68	-20.25	1.25	135	2600,0
68	-19.75	1.75	135	2600,0
68	-18.25	1.75	135	2600,0
68	-17.75	1.25	135	2600,0
68	-17.75	0.75	135	2600,0
68	-20.25	0.75	135	2600,0
225	-13.75	7.25	228	2600,0
225	-13.75	7.75	228	2600,0
225	-13.25	8.25	228	2600,0
225	-12.75	8.25	228	2600,0
225	-12.75	5.75	228	2600,0
225	-13.25	5.25	228	2600,0
225	-13.25	4.75	228	2600,0
225	-12.75	4.25	228	2600,0
225	-11.75	4.25	228	2600,0
225	-11.75	3.75	228	2600,0
225	-12.25	3.25	228	2600,0
225	-12.75	3.25	228	2600,0
225	-13.25	3.75	228	2600,0
225	-14.25	3.75	228	2600,0
225	-14.25	4.75	228	2600,0
225	-14.75	5.25	228	2600,0
225	-14.75	5.75	228	2600,0
225	-13.75	6.75	228	2600,0
225	-13.75	7.25	228	2600,0
396	-30.75	40.25	341	2650,0
396	-30.75	40.75	341	2650,0
396	-30.25	41.25	341	2650,0
396	-29.75	41.25	341	2650,0
396	-29.75	40.25	341	2650,0
396	-28.75	40.25	341	2650,0
396	-28.75	39.25	341	2650,0
396	-26.75	39.25	341	2650,0
396	-26.75	38.75	341	2650,0
396	-28.25	37.25	341	2650,0
396	-28.75	37.25	341	2650,0
396	-29.75	38.25	341	2650,0
396	-29.75	39.25	341	2650,0
396	-30.75	40.25	341	2650,0
397	-25.25	36.75	341	2650,0
397	-25.25	37.25	341	2650,0
397	-24.75	37.25	341	2650,0
397	-24.25	36.75	341	2650,0
397	-24.25	35.75	341	2650,0
397	-23.75	35.25	341	2650,0
397	-23.75	34.75	341	2650,0
397	-24.25	34.25	341	2650,0
397	-24.75	34.25	341	2650,0
397	-25.25	34.75	341	2650,0
397	-25.25	36.75	341	2650,0
167	-17.75	2.25	195	2600,0
167	-17.75	2.75	195	2600,0
167	-16.25	2.75	195	2600,0
167	-16.25	2.25	195	2600,0
167	-16.75	1.75	195	2600,0
167	-17.25	1.75	195	2600,0
167	-17.75	2.25	195	2600,0
648	-15.75	4.25	74	2600,0
648	-15.75	4.75	74	2600,0
648	-15.25	5.25	74	2600,0
648	-14.75	5.25	74	2600,0
648	-14.25	4.75	74	2600,0
648	-14.25	3.75	74	2600,0
648	-13.25	3.75	74	2600,0
648	-13.25	2.25	74	2600,0
648	-13.75	2.25	74	2600,0
648	-15.75	4.25	74	2600,0
495	-12.75	7.25	409	2600,0
495	-12.75	7.75	409	2600,0
495	-12.25	7.75	409	2600,0
495	-11.25	6.75	409	2600,0
495	-11.25	6.25	409	2600,0
495	-12.25	5.25	409	2600,0
495	-12.25	4.25	409	2600,0
495	-12.75	4.25	409	2600,0
495	-13.25	4.75	409	2600,0
495	-13.25	5.25	409	2600,0
495	-12.75	5.75	409	2600,0
495	-12.75	7.25	409	2600,0
663	-12.75	7.25	84	2650,50
663	-12.75	7.75	84	2650,50
663	-11.25	7.75	84	2650,50
663	-10.75	7.25	84	2650,50
663	-10.25	7.25	84	2650,50
663	-8.75	8.75	84	2650,50
663	-8.75	9.75	84	2650,50
663	-7.75	9.75	84	2650,50
663	-7.75	10.25	84	2650,50
663	-8.25	10.75	84	2650,50
663	-8.25	12.25	84	2650,50
663	-7.25	12.25	84	2650,50
663	-6.75	12.75	84	2650,50
663	-6.25	12.75	84	2650,50
663	-6.25	12.25	84	2650,50
663	-6.75	11.75	84	2650,50
663	-6.75	11.25	84	2650,50
663	-5.25	11.25	84	2650,50
663	-5.25	13.25	84	2650,50
663	-3.25	13.25	84	2650,50
663	-2.75	13.75	84	2650,50
663	-2.25	13.75	84	2650,50
663	-2.25	13.25	84	2650,50
663	-11.25	4.25	84	2650,50
663	-12.25	4.25	84	2650,50
663	-12.75	3.75	84	2650,50
663	-13.25	3.75	84	2650,50
663	-13.25	4.25	84	2650,50
663	-12.75	4.75	84	2650,50
663	-12.75	5.75	84	2650,50
663	-12.25	6.25	84	2650,50
663	-12.25	6.75	84	2650,50
663	-12.75	7.25	84	2650,50
663	-11.25	46.75	84	2650,0
663	-11.25	47.25	84	2650,0
663	-10.25	47.25	84	2650,0
663	-9.75	47.75	84	2650,0
663	-8.75	47.75	84	2650,0
663	-8.75	48.75	84	2650,0
663	-8.25	48.75	84	2650,0
663	-7.25	47.75	84	2650,0
663	-6.75	47.75	84	2650,0
663	-6.75	48.75	84	2650,0
663	-6.25	49.25	84	2650,0
663	-3.75	49.25	84	2650,0
663	-3.25	48.75	84	2650,0
663	-3.25	44.75	84	2650,0
663	-1.75	43.25	84	2650,0
663	-1.75	42.25	84	2650,0
663	-1.25	42.25	84	2650,0
663	-0.75	42.75	84	2650,0
663	-0.75	43.25	84	2650,0
663	-2.25	44.75	84	2650,0
663	-2.25	47.25	84	2650,0
663	-1.75	47.25	84	2650,0
663	-1.25	46.75	84	2650,0
663	-1.25	45.75	84	2650,0
663	-0.25	44.75	84	2650,0
663	-0.25	43.75	84	2650,0
663	0.25	43.75	84	2650,0
663	0.75	44.25	84	2650,0
663	1.25	44.25	84	2650,0
663	1.25	43.75	84	2650,0
663	0.75	43.25	84	2650,0
663	0.75	42.75	84	2650,0
663	1.25	42.25	84	2650,0
663	1.25	41.75	84	2650,0
663	0.75	41.75	84	2650,0
663	0.25	42.25	84	2650,0
663	-0.25	42.25	84	2650,0
663	-0.25	41.75	84	2650,0
663	0.75	40.75	84	2650,0
663	2.75	40.75	84	2650,0
663	2.75	39.75	84	2650,0
663	3.25	39.75	84	2650,0
663	3.75	40.25	84	2650,0
663	4.25	40.25	84	2650,0
663	4.75	39.75	84	2650,0
663	4.75	37.25	84	2650,0
663	3.75	36.25	84	2650,0
663	3.75	35.75	84	2650,0
663	4.75	34.75	84	2650,0
663	4.75	34.25	84	2650,0
663	3.75	34.25	84	2650,0
663	3.75	33.75	84	2650,0
663	4.75	32.75	84	2650,0
663	4.75	30.25	84	2650,0
663	3.25	30.25	84	2650,0
663	2.75	30.75	84	2650,0
663	2.75	31.75	84	2650,0
663	2.25	32.25	84	2650,0
663	0.75	32.25	84	2650,0
663	0.75	31.25	84	2650,0
663	0.25	30.75	84	2650,0
663	-0.75	30.75	84	2650,0
663	-0.75	29.75	84	2650,0
663	-1.25	29.75	84	2650,0
663	-1.75	30.25	84	2650,0
663	-1.75	31.25	84	2650,0
663	-2.75	31.25	84	2650,0
663	-3.25	31.75	84	2650,0
663	-3.25	32.25	84	2650,0
663	-2.75	32.75	84	2650,0
663	-2.75	33.25	84	2650,0
663	-4.25	33.25	84	2650,0
663	-4.25	32.25	84	2650,0
663	-4.75	32.25	84	2650,0
663	-5.25	32.75	84	2650,0
663	-5.25	33.25	84	2650,0
663	-4.75	33.75	84	2650,0
663	-4.75	34.25	84	2650,0
663	-5.75	34.25	84	2650,0
663	-5.75	35.75	84	2650,0
663	-4.75	36.75	84	2650,0
663	-3.75	36.75	84	2650,0
663	-3.25	37.25	84	2650,0
663	-3.25	38.25	84	2650,0
663	-2.75	38.75	84	2650,0
663	-2.75	39.25	84	2650,0
663	-3.75	40.25	84	2650,0
663	-3.75	41.25	84	2650,0
663	-4.25	41.75	84	2650,0
663	-4.25	44.75	84	2650,0
663	-4.75	44.75	84	2650,0
663	-5.25	44.25	84	2650,0
663	-5.25	43.25	84	2650,0
663	-5.75	43.25	84	2650,0
663	-6.75	44.25	84	2650,0
663	-7.25	44.25	84	2650,0
663	-7.75	43.75	84	2650,0
663	-7.75	43.25	84	2650,0
663	-6.75	43.25	84	2650,0
663	-5.25	41.75	84	2650,0
663	-5.25	40.75	84	2650,0
663	-4.75	40.25	84	2650,0
663	-4.75	39.75	84	2650,0
663	-5.25	39.25	84	2650,0
663	-5.75	39.25	84	2650,0
663	-5.75	40.25	84	2650,0
663	-6.75	40.25	84	2650,0
663	-6.75	40.75	84	2650,0
663	-6.25	41.25	84	2650,0
663	-6.25	41.75	84	2650,0
663	-6.75	42.25	84	2650,0
663	-8.25	42.25	84	2650,0
663	-8.25	41.25	84	2650,0
663	-8.75	40.75	84	2650,0
663	-9.25	40.75	84	2650,0
663	-9.75	41.25	84	2650,0
663	-10.75	41.25	84	2650,0
663	-10.75	41.75	84	2650,0
663	-10.25	42.25	84	2650,0
663	-9.25	42.25	84	2650,0
663	-8.75	42.75	84	2650,0
663	-8.75	43.25	84	2650,0
663	-9.25	43.75	84	2650,0
663	-9.25	44.25	84	2650,0
663	-8.25	45.25	84	2650,0
663	-7.25	45.25	84	2650,0
663	-7.25	45.75	84	2650,0
663	-7.75	46.25	84	2650,0
663	-8.75	46.25	84	2650,0
663	-9.25	46.75	84	2650,0
663	-9.75	46.75	84	2650,0
663	-9.75	45.75	84	2650,0
663	-10.25	45.75	84	2650,0
663	-11.25	46.75	84	2650,0
663	-45.25	39.75	84	2700,0
663	-45.25	40.25	84	2700,0
663	-44.75	40.25	84	2700,0
663	-44.75	39.25	84	2700,0
663	-43.75	38.25	84	2700,0
663	-43.25	38.25	84	2700,0
663	-42.75	38.75	84	2700,0
663	-42.25	38.75	84	2700,0
663	-42.25	38.25	84	2700,0
663	-42.75	37.75	84	2700,0
663	-42.75	37.25	84	2700,0
663	-42.25	37.25	84	2700,0
663	-41.75	37.75	84	2700,0
663	-40.75	37.75	84	2700,0
663	-39.75	38.75	84	2700,0
663	-39.75	39.75	84	2700,0
663	-39.25	39.75	84	2700,0
663	-38.75	39.25	84	2700,0
663	-38.75	38.75	84	2700,0
663	-39.25	38.25	84	2700,0
663	-39.25	37.25	84	2700,0
663	-39.75	36.75	84	2700,0
663	-39.75	36.25	84	2700,0
663	-37.75	34.25	84	2700,0
663	-37.25	34.25	84	2700,0
663	-35.75	35.75	84	2700,0
663	-34.25	35.75	84	2700,0
663	-33.75	35.25	84	2700,0
663	-33.75	34.75	84	2700,0
663	-34.25	34.25	84	2700,0
663	-36.25	34.25	84	2700,0
663	-36.75	33.75	84	2700,0
663	-36.75	32.75	84	2700,0
663	-38.25	32.75	84	2700,0
663	-38.75	33.25	84	2700,0
663	-38.75	34.25	84	2700,0
663	-39.75	35.25	84	2700,0
663	-41.25	35.25	84	2700,0
663	-41.75	34.75	84	2700,0
663	-41.75	33.75	84	2700,0
663	-42.25	33.25	84	2700,0
663	-42.25	32.75	84	2700,0
663	-41.75	32.25	84	2700,0
663	-41.75	30.75	84	2700,0
663	-42.75	30.75	84	2700,0
663	-43.25	30.25	84	2700,0
663	-43.25	28.25	84	2700,0
663	-44.25	27.25	84	2700,0
663	-44.75	27.25	84	2700,0
663	-45.25	27.75	84	2700,0
663	-45.25	33.25	84	2700,0
663	-44.25	34.25	84	2700,0
663	-44.25	35.25	84	2700,0
663	-43.75	35.75	84	2700,0
663	-43.25	35.75	84	2700,0
663	-42.75	35.25	84	2700,0
663	-42.25	35.25	84	2700,0
663	-41.25	36.25	84	2700,0
663	-41.25	36.75	84	2700,0
663	-41.75	36.75	84	2700,0
663	-42.25	36.25	84	2700,0
663	-42.75	36.25	84	2700,0
663	-43.25	36.75	84	2700,0
663	-43.75	36.75	84	2700,0
663	-44.25	36.25	84	2700,0
663	-44.75	36.25	84	2700,0
663	-45.25	36.75	84	2700,0
663	-45.25	39.75	84	2700,0
664	-7.75	3.25	84	2650,50
664	-7.75	3.75	84	2650,50
664	-5.75	5.75	84	2650,50
664	-4.75	5.75	84	2650,50
664	-4.75	6.75	84	2650,50
664	-3.75	6.75	84	2650,50
664	-2.25	8.25	84	2650,50
664	-2.25	9.25	84	2650,50
664	1.25	12.75	84	2650,50
664	1.75	12.75	84	2650,50
664	2.25	12.25	84	2650,50
664	2.75	12.25	84	2650,50
664	4.25	13.75	84	2650,50
664	4.75	13.75	84	2650,50
664	4.75	13.25	84	2650,50
664	2.25	10.75	84	2650,50
664	2.25	9.75	84	2650,50
664	1.75	9.75	84	2650,50
664	1.25	10.25	84	2650,50
664	0.75	10.25	84	2650,50
664	0.25	9.75	84	2650,50
664	0.25	8.25	84	2650,50
664	0.75	7.75	84	2650,50
664	1.75	7.75	84	2650,50
664	2.25	7.25	84	2650,50
664	2.25	6.75	84	2650,50
664	1.25	6.75	84	2650,50
664	0.25	5.75	84	2650,50
664	-0.25	5.75	84	2650,50
664	-0.25	6.75	84	2650,50
664	-0.75	6.75	84	2650,50
664	-1.25	6.25	84	2650,50
664	-1.25	5.25	84	2650,50
664	-1.75	4.75	84	2650,50
664	-1.75	4.25	84	2650,50
664	-0.75	4.25	84	2650,50
664	-0.25	3.75	84	2650,50
664	-0.25	3.25	84	2650,50
664	-0.75	2.75	84	2650,50
664	-0.75	1.75	84	2650,50
664	-1.25	1.75	84	2650,50
664	-2.25	2.75	84	2650,50
664	-3.25	2.75	84	2650,50
664	-4.25	3.75	84	2650,50
664	-4.75	3.75	84	2650,50
664	-5.25	3.25	84	2650,50
664	-6.25	3.25	84	2650,50
664	-6.25	2.75	84	2650,50
664	-5.25	1.75	84	2650,50
664	-4.25	1.75	84	2650,50
664	-3.75	1.25	84	2650,50
664	-3.75	0.75	84	2650,50
664	-4.25	0.25	84	2650,50
664	-4.25	-0.75	84	2650,50
664	-6.75	-0.75	84	2650,50
664	-7.25	-0.25	84	2650,50
664	-8.25	-0.25	84	2650,50
664	-8.75	0.25	84	2650,50
664	-8.75	0.75	84	2650,50
664	-7.75	0.75	84	2650,50
664	-7.25	1.25	84	2650,50
664	-7.25	1.75	84	2650,50
664	-8.25	1.75	84	2650,50
664	-8.25	2.25	84	2650,50
664	-7.75	2.75	84	2650,50
664	-7.75	3.25	84	2650,50
664	2.75	27.75	84	2650,0
664	2.75	28.25	84	2650,0
664	3.75	28.25	84	2650,0
664	3.75	29.25	84	2650,0
664	4.25	29.25	84	2650,0
664	4.75	28.75	84	2650,0
664	4.75	26.25	84	2650,0
664	4.25	25.75	84	2650,0
664	4.25	25.25	84	2650,0
664	4.75	24.75	84	2650,0
664	4.75	24.25	84	2650,0
664	4.25	23.75	84	2650,0
664	4.25	22.75	84	2650,0
664	3.75	22.25	84	2650,0
664	3.75	20.25	84	2650,0
664	3.25	20.25	84	2650,0
664	2.75	20.75	84	2650,0
664	0.75	20.75	84	2650,0
664	0.25	21.25	84	2650,0
664	0.25	21.75	84	2650,0
664	1.25	21.75	84	2650,0
664	1.25	22.25	84	2650,0
664	0.25	23.25	84	2650,0
664	0.25	23.75	84	2650,0
664	0.75	24.25	84	2650,0
664	0.75	25.25	84	2650,0
664	2.75	27.25	84	2650,0
664	2.75	27.75	84	2650,0
665	-3.75	-0.25	84	2650,50
665	-3.75	-0.75	84	2650,50
665	-3.25	-0.75	84	2650,50
665	-3.25	-0.25	84	2650,50
665	-3.75	-0.25	84	2650,50
27	-17.75	1.25	107	2600,0
27	-17.75	1.75	107	2600,0
27	-17.25	1.75	107	2600,0
27	-15.75	0.25	107	2600,0
27	-15.75	-0.25	107	2600,0
27	-16.25	-0.25	107	2600,0
27	-17.75	1.25	107	2600,0
518	-1.75	17.25	43	2600,0
518	-1.75	17.75	43	2600,0
518	-1.25	17.75	43	2600,0
518	-0.25	16.75	43	2600,0
518	-0.25	15.25	43	2600,0
518	-0.75	15.25	43	2600,0
518	-1.25	15.75	43	2600,0
518	-1.25	16.75	43	2600,0
518	-1.75	17.25	43	2600,0
519	1.75	12.75	43	2600,0
519	1.75	13.25	43	2600,0
519	2.25	13.75	43	2600,0
519	2.75	13.75	43	2600,0
519	3.25	13.25	43	2600,0
519	3.25	12.25	43	2600,0
519	3.75	11.75	43	2600,0
519	3.75	11.25	43	2600,0
519	3.25	11.25	43	2600,0
519	1.75	12.75	43	2600,0
306	-1.25	17.75	281	2600,0
306	-1.25	18.25	281	2600,0
306	-0.75	18.75	281	2600,0
306	-0.25	18.75	281	2600,0
306	-0.25	17.75	281	2600,0
306	0.25	17.25	281	2600,0
306	0.25	16.75	281	2600,0
306	-0.25	16.75	281	2600,0
306	-1.25	17.75	281	2600,0
441	2.75	21.75	373	2650,50
441	2.75	22.25	373	2650,50
441	3.25	22.25	373	2650,50
441	3.25	21.75	373	2650,50
441	2.75	21.75	373	2650,50
91	-24.25	44.75	148	2700,50
91	-24.25	45.25	148	2700,50
91	-23.75	45.75	148	2700,50
91	-23.25	45.75	148	2700,50
91	-23.25	45.25	148	2700,50
91	-23.75	44.75	148	2700,50
91	-24.25	44.75	148	2700,50
447	-15.25	2.75	379	2600,0
447	-15.25	3.25	379	2600,0
447	-14.75	3.25	379	2600,0
447	-14.75	2.75	379	2600,0
447	-15.25	2.75	379	2600,0
688	-44.25	23.75	94	2650,0
688	-44.25	24.25	94	2650,0
688	-43.75	24.25	94	2650,0
688	-43.25	23.75	94	2650,0
688	-42.75	23.75	94	2650,0
688	-42.25	24.25	94	2650,0
688	-41.75	24.25	94	2650,0
688	-41.75	23.75	94	2650,0
688	-43.25	22.25	94	2650,0
688	-43.75	22.25	94	2650,0
688	-44.25	22.75	94	2650,0
688	-44.25	23.75	94	2650,0
689	-41.25	19.75	94	2650,0
689	-41.25	20.25	94	2650,0
689	-39.75	21.75	94	2650,0
689	-39.25	21.75	94	2650,0
689	-39.25	20.75	94	2650,0
689	-38.75	20.25	94	2650,0
689	-38.75	19.75	94	2650,0
689	-39.25	19.25	94	2650,0
689	-39.25	18.75	94	2650,0
689	-38.75	18.75	94	2650,0
689	-37.25	20.25	94	2650,0
689	-36.75	20.25	94	2650,0
689	-36.75	19.75	94	2650,0
689	-38.75	17.75	94	2650,0
689	-39.75	17.75	94	2650,0
689	-39.75	17.25	94	2650,0
689	-39.25	16.75	94	2650,0
689	-39.25	16.25	94	2650,0
689	-39.75	16.25	94	2650,0
689	-40.25	16.75	94	2650,0
689	-41.25	16.75	94	2650,0
689	-41.75	17.25	94	2650,0
689	-41.75	17.75	94	2650,0
689	-40.75	18.75	94	2650,0
689	-40.75	19.25	94	2650,0
689	-41.25	19.75	94	2650,0
312	-16.25	1.75	287	2700,100
312	-16.25	2.25	287	2700,100
312	-15.75	2.25	287	2700,100
312	-14.75	1.25	287	2700,100
312	-14.75	0.75	287	2700,100
312	-15.75	-0.25	287	2700,100
312	-16.25	-0.25	287	2700,100
312	-16.25	0.25	287	2700,100
312	-15.75	0.75	287	2700,100
312	-15.75	1.25	287	2700,100
312	-16.25	1.75	287	2700,100
312	-14.25	47.75	287	2700,50
312	-14.25	48.25	287	2700,50
312	-13.25	48.25	287	2700,50
312	-12.75	48.75	287	2700,50
312	-12.25	48.75	287	2700,50
312	-12.25	47.75	287	2700,50
312	-11.75	47.25	287	2700,50
312	-11.75	46.75	287	2700,50
312	-12.75	46.75	287	2700,50
312	-13.75	45.75	287	2700,50
312	-14.25	45.75	287	2700,50
312	-14.75	46.25	287	2700,50
312	-14.75	46.75	287	2700,50
312	-14.25	47.25	287	2700,50
312	-14.25	47.75	287	2700,50
264	-14.75	2.25	259	2600,0
264	-14.75	2.75	259	2600,0
264	-14.25	2.75	259	2600,0
264	-14.25	2.25	259	2600,0
264	-14.75	2.25	259	2600,0
307	-12.25	4.75	282	2600,0
307	-12.25	5.25	282	2600,0
307	-11.25	6.25	282	2600,0
307	-10.75	6.25	282	2600,0
307	-10.75	5.75	282	2600,0
307	-11.75	4.75	282	2600,0
307	-12.25	4.75	282	2600,0
549	-24.75	42.25	453	2650,0
549	-24.75	42.75	453	2650,0
549	-24.25	42.75	453	2650,0
549	-23.75	42.25	453	2650,0
549	-23.75	41.75	453	2650,0
549	-24.25	41.75	453	2650,0
549	-24.75	42.25	453	2650,0
620	-23.75	43.25	60	2650,0
620	-23.75	43.75	60	2650,0
620	-22.75	43.75	60	2650,0
620	-22.25	44.25	60	2650,0
620	-21.75	44.25	60	2650,0
620	-21.75	43.75	60	2650,0
620	-22.75	42.75	60	2650,0
620	-23.25	42.75	60	2650,0
620	-23.75	43.25	60	2650,0
621	-19.75	41.25	60	2650,0
621	-19.75	41.75	60	2650,0
621	-19.25	42.25	60	2650,0
621	-18.25	42.25	60	2650,0
621	-17.75	42.75	60	2650,0
621	-17.75	43.75	60	2650,0
621	-17.25	44.25	60	2650,0
621	-16.25	44.25	60	2650,0
621	-15.75	44.75	60	2650,0
621	-15.25	44.75	60	2650,0
621	-15.25	44.25	60	2650,0
621	-15.75	43.75	60	2650,0
621	-15.75	42.75	60	2650,0
621	-16.75	41.75	60	2650,0
621	-16.75	41.25	60	2650,0
621	-16.25	40.75	60	2650,0
621	-16.25	40.25	60	2650,0
621	-16.75	39.75	60	2650,0
621	-18.25	39.75	60	2650,0
621	-18.25	40.25	60	2650,0
621	-17.75	40.75	60	2650,0
621	-17.75	41.25	60	2650,0
621	-18.25	41.25	60	2650,0
621	-18.75	40.75	60	2650,0
621	-19.25	40.75	60	2650,0
621	-19.75	41.25	60	2650,0
300	-18.25	48.75	278	2650,0
300	-18.25	49.25	278	2650,0
300	-16.75	49.25	278	2650,0
300	-16.75	48.75	278	2650,0
300	-17.75	47.75	278	2650,0
300	-18.25	47.75	278	2650,0
300	-18.25	48.75	278	2650,0
301	-16.25	44.75	278	2650,0
301	-16.25	45.25	278	2650,0
301	-14.75	46.75	278	2650,0
301	-14.25	46.75	278	2650,0
301	-14.25	45.75	278	2650,0
301	-13.75	45.25	278	2650,0
301	-13.75	44.75	278	2650,0
301	-16.25	44.75	278	2650,0
405	-15.25	0.75	349	2600,0
405	-15.25	1.25	349	2600,0
405	-14.75	1.25	349	2600,0
405	-14.75	0.75	349	2600,0
405	-15.25	0.75	349	2600,0
627	-13.25	2.75	64	2600,0
627	-13.25	3.25	64	2600,0
627	-12.75	3.25	64	2600,0
627	-12.75	2.75	64	2600,0
627	-13.25	2.75	64	2600,0
628	-10.75	3.25	64	2600,0
628	-10.75	3.75	64	2600,0
628	-10.25	3.75	64	2600,0
628	-10.25	3.25	64	2600,0
628	-10.75	3.25	64	2600,0
629	-11.75	0.25	64	2600,0
629	-11.75	0.75	64	2600,0
629	-9.25	3.25	64	2600,0
629	-8.75	3.25	64	2600,0
629	-8.75	2.75	64	2600,0
629	-11.25	0.25	64	2600,0
629	-11.75	0.25	64	2600,0
38	-11.75	4.25	115	2600,0
38	-11.75	4.75	115	2600,0
38	-10.75	5.75	115	2600,0
38	-10.25	5.75	115	2600,0
38	-10.25	4.25	115	2600,0
38	-11.75	4.25	115	2600,0
112	-7.75	8.25	159	2600,0
112	-7.75	8.75	159	2600,0
112	-7.25	8.75	159	2600,0
112	-7.25	8.25	159	2600,0
112	-7.75	8.25	159	2600,0
113	-6.75	7.25	159	2600,0
113	-6.75	7.75	159	2600,0
113	-6.25	7.75	159	2600,0
113	-6.25	7.25	159	2600,0
113	-6.75	7.25	159	2600,0
514	-0.25	15.75	426	2600,0
514	-0.25	16.25	426	2600,0
514	0.25	16.25	426	2600,0
514	0.25	15.75	426	2600,0
514	-0.25	15.75	426	2600,0
526	0.25	16.25	436	2600,0
526	0.25	16.75	436	2600,0
526	0.75	16.75	436	2600,0
526	0.75	16.25	436	2600,0
526	0.25	16.25	436	2600,0
527	2.75	13.75	436	2600,0
527	2.75	14.25	436	2600,0
527	3.25	14.25	436	2600,0
527	3.75	13.75	436	2600,0
527	3.75	13.25	436	2600,0
527	3.25	13.25	436	2600,0
527	2.75	13.75	436	2600,0
528	3.75	14.75	436	2600,0
528	3.75	15.25	436	2600,0
528	4.25	15.25	436	2600,0
528	4.25	14.75	436	2600,0
528	3.75	14.75	436	2600,0
235	2.25	18.25	237	2600,0
235	2.25	18.75	237	2600,0
235	2.75	18.75	237	2600,0
235	2.75	18.25	237	2600,0
235	2.25	18.25	237	2600,0
158	-30.25	35.75	188	2650,0
158	-30.25	36.25	188	2650,0
158	-29.75	36.75	188	2650,0
158	-29.25	36.75	188	2650,0
158	-29.25	36.25	188	2650,0
158	-29.75	35.75	188	2650,0
158	-30.25	35.75	188	2650,0
159	-27.25	33.75	188	2650,0
159	-27.25	34.25	188	2650,0
159	-25.75	35.75	188	2650,0
159	-25.25	35.75	188	2650,0
159	-25.25	34.25	188	2650,0
159	-26.25	34.25	188	2650,0
159	-26.75	33.75	188	2650,0
159	-27.25	33.75	188	2650,0
64	3.75	19.75	132	2650,50
64	3.75	20.25	132	2650,50
64	4.25	20.25	132	2650,50
64	4.25	19.75	132	2650,50
64	3.75	19.75	132	2650,50
64	-45.25	20.75	132	2700,50
64	-45.25	21.25	132	2700,50
64	-44.75	21.25	132	2700,50
64	-44.75	20.75	132	2700,50
64	-45.25	20.75	132	2700,50
65	-44.25	16.75	132	2700,50
65	-44.25	17.25	132	2700,50
65	-43.25	18.25	132	2700,50
65	-42.75	18.25	132	2700,50
65	-42.25	17.75	132	2700,50
65	-42.25	17.25	132	2700,50
65	-43.25	17.25	132	2700,50
65	-43.75	16.75	132	2700,50
65	-44.25	16.75	132	2700,50
624	-35.25	30.75	63	2700,50
624	-35.25	31.25	63	2700,50
624	-34.75	31.25	63	2700,50
624	-34.75	30.75	63	2700,50
624	-35.25	30.75	63	2700,50
625	-34.25	31.75	63	2700,50
625	-34.25	32.25	63	2700,50
625	-33.75	32.75	63	2700,50
625	-33.25	32.75	63	2700,50
625	-33.25	32.25	63	2700,50
625	-33.75	31.75	63	2700,50
625	-34.25	31.75	63	2700,50
626	-33.25	27.75	63	2700,50
626	-33.25	28.25	63	2700,50
626	-31.75	29.75	63	2700,50
626	-31.25	29.75	63	2700,50
626	-31.25	28.75	63	2700,50
626	-30.25	28.75	63	2700,50
626	-30.25	28.25	63	2700,50
626	-30.75	27.75	63	2700,50
626	-31.25	27.75	63	2700,50
626	-31.75	28.25	63	2700,50
626	-32.25	28.25	63	2700,50
626	-32.25	27.25	63	2700,50
626	-32.75	27.25	63	2700,50
626	-33.25	27.75	63	2700,50
57	-27.75	38.25	127	2700,50
57	-27.75	38.75	127	2700,50
57	-26.75	39.75	127	2700,50
57	-26.25	39.75	127	2700,50
57	-26.25	39.25	127	2700,50
57	-27.25	38.25	127	2700,50
57	-27.75	38.25	127	2700,50
58	-24.25	36.75	127	2700,50
58	-24.25	37.25	127	2700,50
58	-23.75	37.75	127	2700,50
58	-22.25	37.75	127	2700,50
58	-22.25	36.75	127	2700,50
58	-21.75	36.25	127	2700,50
58	-21.75	35.25	127	2700,50
58	-21.25	34.75	127	2700,50
58	-21.25	34.25	127	2700,50
58	-22.25	34.25	127	2700,50
58	-22.25	33.75	127	2700,50
58	-21.25	32.75	127	2700,50
58	-20.25	32.75	127	2700,50
58	-19.75	32.25	127	2700,50
58	-19.75	31.75	127	2700,50
58	-20.75	31.75	127	2700,50
58	-21.25	31.25	127	2700,50
58	-22.25	31.25	127	2700,50
58	-22.25	30.25	127	2700,50
58	-22.75	30.25	127	2700,50
58	-23.75	31.25	127	2700,50
58	-25.25	31.25	127	2700,50
58	-25.75	30.75	127	2700,50
58	-26.75	30.75	127	2700,50
58	-27.75	29.75	127	2700,50
58	-28.25	29.75	127	2700,50
58	-28.25	30.25	127	2700,50
58	-26.75	31.75	127	2700,50
58	-26.75	32.25	127	2700,50
58	-27.75	32.25	127	2700,50
58	-27.75	32.75	127	2700,50
58	-27.25	33.25	127	2700,50
58	-26.75	33.25	127	2700,50
58	-26.25	32.75	127	2700,50
58	-25.75	32.75	127	2700,50
58	-25.25	33.25	127	2700,50
58	-25.25	33.75	127	2700,50
58	-25.75	34.25	127	2700,50
58	-25.75	34.75	127	2700,50
58	-25.25	35.25	127	2700,50
58	-24.25	35.25	127	2700,50
58	-24.25	36.75	127	2700,50
513	-25.25	40.75	425	2700,50
513	-25.25	41.25	425	2700,50
513	-24.75	41.25	425	2700,50
513	-24.75	40.75	425	2700,50
513	-25.25	40.75	425	2700,50
465	-23.25	42.75	392	2700,50
465	-23.25	43.25	392	2700,50
465	-22.75	43.25	392	2700,50
465	-22.75	42.75	392	2700,50
465	-23.25	42.75	392	2700,50
406	-10.25	4.75	35	2600,0
406	-10.25	5.25	35	2600,0
406	-9.75	5.25	35	2600,0
406	-9.75	4.75	35	2600,0
406	-10.25	4.75	35	2600,0
407	-8.25	6.75	35	2600,0
407	-8.25	7.25	35	2600,0
407	-7.75	7.25	35	2600,0
407	-7.75	6.75	35	2600,0
407	-8.25	6.75	35	2600,0
423	-6.25	8.75	362	2600,0
423	-6.25	9.25	362	2600,0
423	-5.75	9.25	362	2600,0
423	-5.75	8.75	362	2600,0
423	-6.25	8.75	362	2600,0
423	-40.75	24.25	362	2650,0
423	-40.75	24.75	362	2650,0
423	-40.25	24.75	362	2650,0
423	-40.25	24.25	362	2650,0
423	-40.75	24.25	362	2650,0
424	-1.25	13.75	362	2600,0
424	-1.25	14.25	362	2600,0
424	-0.75	14.25	362	2600,0
424	-0.75	13.75	362	2600,0
424	-1.25	13.75	362	2600,0
424	-39.25	25.75	362	2650,0
424	-39.25	26.25	362	2650,0
424	-38.75	26.25	362	2650,0
424	-38.75	25.75	362	2650,0
424	-39.25	25.75	362	2650,0
425	-2.75	10.25	362	2600,0
425	-2.75	10.75	362	2600,0
425	-2.25	10.75	362	2600,0
425	-2.25	10.25	362	2600,0
425	-2.75	10.25	362	2600,0
425	-38.25	24.75	362	2650,0
425	-38.25	25.25	362	2650,0
425	-37.75	25.25	362	2650,0
425	-37.25	24.75	362	2650,0
425	-37.25	24.25	362	2650,0
425	-37.75	24.25	362	2650,0
425	-38.25	24.75	362	2650,0
426	-28.75	34.25	362	2650,0
426	-28.75	34.75	362	2650,0
426	-28.25	34.75	362	2650,0
426	-28.25	34.25	362	2650,0
426	-28.75	34.25	362	2650,0
427	-36.75	25.25	362	2650,0
427	-36.75	25.75	362	2650,0
427	-36.25	26.25	362	2650,0
427	-35.75	26.25	362	2650,0
427	-35.75	25.75	362	2650,0
427	-36.25	25.25	362	2650,0
427	-36.75	25.25	362	2650,0
428	-34.75	27.25	362	2650,0
428	-34.75	27.75	362	2650,0
428	-34.25	27.75	362	2650,0
428	-34.25	27.25	362	2650,0
428	-34.75	27.25	362	2650,0
322	-36.25	28.75	296	2650,0
322	-36.25	29.25	296	2650,0
322	-35.75	29.25	296	2650,0
322	-35.75	28.75	296	2650,0
322	-36.25	28.75	296	2650,0
270	-24.25	40.75	260	2650,0
270	-24.25	41.25	260	2650,0
270	-23.75	41.25	260	2650,0
270	-23.75	40.75	260	2650,0
270	-24.25	40.75	260	2650,0
270	-9.75	5.25	260	2650,50
270	-9.75	5.75	260	2650,50
270	-9.25	5.75	260	2650,50
270	-9.25	5.25	260	2650,50
270	-9.75	5.25	260	2650,50
449	-5.25	9.75	380	2650,50
449	-5.25	10.25	380	2650,50
449	-4.75	10.25	380	2650,50
449	-4.75	9.75	380	2650,50
449	-5.25	9.75	380	2650,50
450	-0.75	14.25	380	2650,50
450	-0.75	14.75	380	2650,50
450	-0.25	14.75	380	2650,50
450	-0.25	14.25	380	2650,50
450	-0.75	14.25	380	2650,50
451	1.25	16.25	380	2650,50
451	1.25	16.75	380	2650,50
451	1.75	16.75	380	2650,50
451	1.75	16.25	380	2650,50
451	1.25	16.25	380	2650,50
592	-37.25	27.75	485	2700,50
592	-37.25	28.25	485	2700,50
592	-36.75	28.25	485	2700,50
592	-36.75	27.75	485	2700,50
592	-37.25	27.75	485	2700,50
592	-15.25	-0.25	485	2700,100
592	-15.25	0.25	485	2700,100
592	-14.75	0.25	485	2700,100
592	-14.75	-0.25	485	2700,100
592	-15.25	-0.25	485	2700,100
408	-11.75	2.25	350	2600,0
408	-11.75	2.75	350	2600,0
408	-11.25	3.25	350	2600,0
408	-10.75	3.25	350	2600,0
408	-10.75	2.75	350	2600,0
408	-11.25	2.25	350	2600,0
408	-11.75	2.25	350	2600,0
438	-8.75	5.25	370	2600,0
438	-8.75	5.75	370	2600,0
438	-8.25	6.25	370	2600,0
438	-7.75	6.25	370	2600,0
438	-7.75	5.75	370	2600,0
438	-8.25	5.25	370	2600,0
438	-8.75	5.25	370	2600,0
575	-4.75	9.25	473	2600,0
575	-4.75	9.75	473	2600,0
575	-4.25	9.75	473	2600,0
575	-4.25	9.25	473	2600,0
575	-4.75	9.25	473	2600,0
388	-3.75	10.25	339	2600,0
388	-3.75	10.75	339	2600,0
388	-3.25	10.75	339	2600,0
388	-3.25	10.25	339	2600,0
388	-3.75	10.25	339	2600,0
558	-2.25	11.75	460	2600,0
558	-2.25	12.25	460	2600,0
558	-1.75	12.25	460	2600,0
558	-1.75	11.75	460	2600,0
558	-2.25	11.75	460	2600,0
563	3.25	17.25	463	2600,0
563	3.25	17.75	463	2600,0
563	3.75	17.75	463	2600,0
563	3.75	17.25	463	2600,0
563	3.25	17.25	463	2600,0
564	4.25	18.25	463	2600,0
564	4.25	18.75	463	2600,0
564	4.75	18.75	463	2600,0
564	4.75	18.25	463	2600,0
564	4.25	18.25	463	2600,0
220	-41.75	22.25	225	2650,0
220	-41.75	22.75	225	2650,0
220	-41.25	22.75	225	2650,0
220	-41.25	22.25	225	2650,0
220	-41.75	22.25	225	2650,0
221	-39.75	24.25	225	2650,0
221	-39.75	24.75	225	2650,0
221	-39.25	24.75	225	2650,0
221	-39.25	24.25	225	2650,0
221	-39.75	24.25	225	2650,0
222	-40.75	21.25	225	2650,0
222	-40.75	21.75	225	2650,0
222	-39.75	22.75	225	2650,0
222	-39.25	22.75	225	2650,0
222	-39.25	22.25	225	2650,0
222	-40.25	21.25	225	2650,0
222	-40.75	21.25	225	2650,0
248	-32.75	31.25	247	2650,0
248	-32.75	31.75	247	2650,0
248	-32.25	31.75	247	2650,0
248	-32.25	31.25	247	2650,0
248	-32.75	31.25	247	2650,0
430	-18.75	45.25	364	2650,0
430	-18.75	45.75	364	2650,0
430	-18.25	45.75	364	2650,0
430	-18.25	45.25	364	2650,0
430	-18.75	45.25	364	2650,0
430	-8.75	5.25	364	2650,50
430	-8.75	5.75	364	2650,50
430	-8.25	5.75	364	2650,50
430	-8.25	5.25	364	2650,50
430	-8.75	5.25	364	2650,50
676	-4.25	9.75	9	2650,50
676	-4.25	10.25	9	2650,50
676	-3.75	10.75	9	2650,50
676	-3.25	10.75	9	2650,50
676	-3.25	10.25	9	2650,50
676	-3.75	9.75	9	2650,50
676	-4.25	9.75	9	2650,50
676	-27.75	35.25	9	2700,50
676	-27.75	35.75	9	2700,50
676	-26.75	35.75	9	2700,50
676	-26.25	36.25	9	2700,50
676	-25.75	36.25	9	2700,50
676	-25.75	35.75	9	2700,50
676	-26.75	34.75	9	2700,50
676	-27.25	34.75	9	2700,50
676	-27.75	35.25	9	2700,50
677	1.75	15.75	9	2650,50
677	1.75	16.25	9	2650,50
677	2.25	16.25	9	2650,50
677	2.25	15.75	9	2650,50
677	1.75	15.75	9	2650,50
677	-45.25	16.75	9	2700,50
677	-45.25	17.25	9	2700,50
677	-44.75	17.25	9	2700,50
677	-44.75	16.75	9	2700,50
677	-45.25	16.75	9	2700,50
678	2.75	16.75	9	2650,50
678	2.75	17.25	9	2650,50
678	3.25	17.75	9	2650,50
678	3.75	17.75	9	2650,50
678	3.75	17.25	9	2650,50
678	3.25	16.75	9	2650,50
678	2.75	16.75	9	2650,50
678	-43.25	18.75	9	2700,50
678	-43.25	19.25	9	2700,50
678	-42.75	19.25	9	2700,50
678	-42.75	18.75	9	2700,50
678	-43.25	18.75	9	2700,50
679	3.75	15.75	9	2650,50
679	3.75	16.25	9	2650,50
679	4.25	16.25	9	2650,50
679	4.25	15.75	9	2650,50
679	3.75	15.75	9	2650,50
679	-38.75	23.25	9	2700,50
679	-38.75	23.75	9	2700,50
679	-38.25	23.75	9	2700,50
679	-37.75	23.25	9	2700,50
679	-37.75	22.75	9	2700,50
679	-38.25	22.25	9	2700,50
679	-38.75	22.25	9	2700,50
679	-38.75	23.25	9	2700,50
352	3.75	17.75	312	2650,50
352	3.75	18.25	312	2650,50
352	4.25	18.25	312	2650,50
352	4.25	17.75	312	2650,50
352	3.75	17.75	312	2650,50
352	-34.75	29.25	312	2700,50
352	-34.75	29.75	312	2700,50
352	-34.25	29.75	312	2700,50
352	-34.25	29.25	312	2700,50
352	-34.75	29.25	312	2700,50
353	-27.75	36.25	312	2700,50
353	-27.75	36.75	312	2700,50
353	-27.25	36.75	312	2700,50
353	-26.75	36.25	312	2700,50
353	-26.75	35.75	312	2700,50
353	-27.25	35.75	312	2700,50
353	-27.75	36.25	312	2700,50
455	-26.75	37.25	384	2700,50
455	-26.75	37.75	384	2700,50
455	-26.25	38.25	384	2700,50
455	-25.75	38.25	384	2700,50
455	-25.75	37.75	384	2700,50
455	-26.25	37.25	384	2700,50
455	-26.75	37.25	384	2700,50
456	-25.25	36.75	384	2700,50
456	-25.25	37.25	384	2700,50
456	-24.75	37.25	384	2700,50
456	-24.75	36.75	384	2700,50
456	-25.25	36.75	384	2700,50
446	-16.75	47.25	378	2700,50
446	-16.75	47.75	378	2700,50
446	-16.25	47.75	378	2700,50
446	-16.25	47.25	378	2700,50
446	-16.75	47.25	378	2700,50
385	2.25	15.25	336	2650,50
385	2.25	15.75	336	2650,50
385	2.75	15.75	336	2650,50
385	2.75	15.25	336	2650,50
385	2.25	15.25	336	2650,50
680	-35.25	26.75	9	2700,50
680	-35.25	27.25	9	2700,50
680	-34.75	27.75	9	2700,50
680	-34.25	27.75	9	2700,50
680	-34.25	27.25	9	2700,50
680	-34.75	26.75	9	2700,50
680	-35.25	26.75	9	2700,50
681	-30.25	31.75	9	2700,50
681	-30.25	32.25	9	2700,50
681	-29.75	32.25	9	2700,50
681	-29.75	31.75	9	2700,50
681	-30.25	31.75	9	2700,50
682	-28.25	33.75	9	2700,50
682	-28.25	34.25	9	2700,50
682	-27.75	34.25	9	2700,50
682	-27.75	33.75	9	2700,50
682	-28.25	33.75	9	2700,50
541	-24.25	38.75	448	2700,50
541	-24.25	39.25	448	2700,50
541	-23.75	39.25	448	2700,50
541	-23.75	38.75	448	2700,50
541	-24.25	38.75	448	2700,50
125	-6.75	5.25	167	2600,0
125	-6.75	5.75	167	2600,0
125	-6.25	5.75	167	2600,0
125	-6.25	5.25	167	2600,0
125	-6.75	5.25	167	2600,0
126	-5.25	6.75	167	2600,0
126	-5.25	7.25	167	2600,0
126	-4.75	7.25	167	2600,0
126	-4.75	6.75	167	2600,0
126	-5.25	6.75	167	2600,0
231	-4.75	7.25	233	2600,0
231	-4.75	7.75	233	2600,0
231	-3.75	8.75	233	2600,0
231	-3.25	8.75	233	2600,0
231	-3.25	8.25	233	2600,0
231	-4.25	7.25	233	2600,0
231	-4.75	7.25	233	2600,0
317	-1.25	10.75	291	2600,0
317	-1.25	11.25	291	2600,0
317	-0.75	11.25	291	2600,0
317	-0.75	10.75	291	2600,0
317	-1.25	10.75	291	2600,0
317	-43.75	18.25	291	2650,0
317	-43.75	18.75	291	2650,0
317	-43.25	18.75	291	2650,0
317	-43.25	18.25	291	2650,0
317	-43.75	18.25	291	2650,0
537	-41.25	20.75	444	2650,0
537	-41.25	21.25	444	2650,0
537	-40.75	21.25	444	2650,0
537	-40.75	20.75	444	2650,0
537	-41.25	20.75	444	2650,0
393	-33.25	28.75	340	2650,0
393	-33.25	29.25	340	2650,0
393	-32.75	29.25	340	2650,0
393	-32.75	28.75	340	2650,0
393	-33.25	28.75	340	2650,0
394	-31.25	30.75	340	2650,0
394	-31.25	31.25	340	2650,0
394	-30.75	31.25	340	2650,0
394	-30.75	30.75	340	2650,0
394	-31.25	30.75	340	2650,0
395	-30.25	31.75	340	2650,0
395	-30.25	32.25	340	2650,0
395	-29.75	32.25	340	2650,0
395	-29.75	31.75	340	2650,0
395	-30.25	31.75	340	2650,0
420	-28.75	33.25	360	2650,0
420	-28.75	33.75	360	2650,0
420	-28.25	33.75	360	2650,0
420	-28.25	33.25	360	2650,0
420	-28.75	33.25	360	2650,0
421	-26.75	35.25	360	2650,0
421	-26.75	35.75	360	2650,0
421	-26.25	35.75	360	2650,0
421	-26.25	35.25	360	2650,0
421	-26.75	35.25	360	2650,0
250	-19.75	42.25	249	2650,0
250	-19.75	42.75	249	2650,0
250	-19.25	42.75	249	2650,0
250	-19.25	42.25	249	2650,0
250	-19.75	42.25	249	2650,0
381	-17.75	44.25	332	2650,0
381	-17.75	44.75	332	2650,0
381	-17.25	44.75	332	2650,0
381	-17.25	44.25	332	2650,0
381	-17.75	44.25	332	2650,0
383	-13.25	48.75	334	2650,0
383	-13.25	49.25	334	2650,0
383	-12.75	49.25	334	2650,0
383	-12.75	48.75	334	2650,0
383	-13.25	48.75	334	2650,0
463	-12.25	-0.25	390	2650,50
463	-12.25	0.25	390	2650,50
463	-11.75	0.25	390	2650,50
463	-11.75	-0.25	390	2650,50
463	-12.25	-0.25	390	2650,50
378	-11.75	0.25	330	2650,50
378	-11.75	0.75	330	2650,50
378	-11.25	0.75	330	2650,50
378	-11.25	0.25	330	2650,50
378	-11.75	0.25	330	2650,50
467	-8.75	3.25	394	2650,50
467	-8.75	3.75	394	2650,50
467	-8.25	3.75	394	2650,50
467	-7.75	3.25	394	2650,50
467	-7.75	2.75	394	2650,50
467	-8.25	2.75	394	2650,50
467	-8.75	3.25	394	2650,50
108	-4.25	7.75	157	2650,50
108	-4.25	8.25	157	2650,50
108	-3.75	8.25	157	2650,50
108	-3.75	7.75	157	2650,50
108	-4.25	7.75	157	2650,50
109	-3.25	8.75	157	2650,50
109	-3.25	9.25	157	2650,50
109	-2.75	9.25	157	2650,50
109	-2.75	8.75	157	2650,50
109	-3.25	8.75	157	2650,50
110	-2.25	9.75	157	2650,50
110	-2.25	10.25	157	2650,50
110	-1.75	10.25	157	2650,50
110	-1.75	9.75	157	2650,50
110	-2.25	9.75	157	2650,50
84	-1.75	10.25	143	2650,50
84	-1.75	10.75	143	2650,50
84	-1.25	10.75	143	2650,50
84	-1.25	10.25	143	2650,50
84	-1.75	10.25	143	2650,50
85	-0.75	11.25	143	2650,50
85	-0.75	11.75	143	2650,50
85	0.25	12.75	143	2650,50
85	0.75	12.75	143	2650,50
85	0.75	12.25	143	2650,50
85	-0.25	11.25	143	2650,50
85	-0.75	11.25	143	2650,50
86	1.75	13.75	143	2650,50
86	1.75	14.25	143	2650,50
86	2.25	14.25	143	2650,50
86	2.25	13.75	143	2650,50
86	1.75	13.75	143	2650,50
375	2.25	14.25	328	2650,50
375	2.25	14.75	328	2650,50
375	2.75	14.75	328	2650,50
375	2.75	14.25	328	2650,50
375	2.25	14.25	328	2650,50
539	-19.25	42.75	446	2700,50
539	-19.25	43.25	446	2700,50
539	-18.75	43.25	446	2700,50
539	-18.75	42.75	446	2700,50
539	-19.25	42.75	446	2700,50
320	-17.75	44.25	294	2700,50
320	-17.75	44.75	294	2700,50
320	-17.25	44.75	294	2700,50
320	-17.25	44.25	294	2700,50
320	-17.75	44.25	294	2700,50
668	-16.25	45.75	86	2700,50
668	-16.25	46.25	86	2700,50
668	-14.75	46.25	86	2700,50
668	-14.25	45.75	86	2700,50
668	-14.25	45.25	86	2700,50
668	-15.75	45.25	86	2700,50
668	-16.25	45.75	86	2700,50
319	-15.75	46.25	293	2700,50
319	-15.75	46.75	293	2700,50
319	-15.25	46.75	293	2700,50
319	-15.25	46.25	293	2700,50
319	-15.75	46.25	293	2700,50
219	-11.25	-0.25	224	2600,0
219	-11.25	0.25	224	2600,0
219	-10.75	0.25	224	2600,0
219	-10.75	-0.25	224	2600,0
219	-11.25	-0.25	224	2600,0
39	-10.75	0.25	116	2600,0
39	-10.75	0.75	116	2600,0
39	-10.25	1.25	116	2600,0
39	-8.25	1.25	116	2600,0
39	-7.75	1.75	116	2600,0
39	-7.25	1.75	116	2600,0
39	-7.25	0.25	116	2600,0
39	-10.75	0.25	116	2600,0
532	-9.75	1.25	44	2600,0
532	-9.75	1.75	44	2600,0
532	-8.25	3.25	44	2600,0
532	-7.75	3.25	44	2600,0
532	-6.25	1.75	44	2600,0
532	-6.25	1.25	44	2600,0
532	-6.75	0.75	44	2600,0
532	-7.25	0.75	44	2600,0
532	-7.25	1.75	44	2600,0
532	-7.75	1.75	44	2600,0
532	-8.25	1.25	44	2600,0
532	-9.75	1.25	44	2600,0
445	4.25	15.25	377	2600,0
445	4.25	15.75	377	2600,0
445	4.75	15.75	377	2600,0
445	5.25	15.25	377	2600,0
445	5.25	14.75	377	2600,0
445	4.75	14.75	377	2600,0
445	4.25	15.25	377	2600,0
445	-44.75	15.25	377	2650,0
445	-44.75	15.75	377	2650,0
445	-44.25	16.25	377	2650,0
445	-43.75	16.25	377	2650,0
445	-43.75	15.75	377	2650,0
445	-44.25	15.25	377	2650,0
445	-44.75	15.25	377	2650,0
229	-31.75	29.25	231	2650,0
229	-31.75	29.75	231	2650,0
229	-30.75	30.75	231	2650,0
229	-30.25	30.75	231	2650,0
229	-30.25	30.25	231	2650,0
229	-31.25	29.25	231	2650,0
229	-31.75	29.25	231	2650,0
522	-20.75	40.25	432	2650,0
522	-20.75	40.75	432	2650,0
522	-20.25	40.75	432	2650,0
522	-20.25	40.25	432	2650,0
522	-20.75	40.25	432	2650,0
464	-20.25	40.75	391	2650,0
464	-20.25	41.25	391	2650,0
464	-19.75	41.25	391	2650,0
464	-19.25	40.75	391	2650,0
464	-19.25	40.25	391	2650,0
464	-19.75	39.75	391	2650,0
464	-20.25	39.75	391	2650,0
464	-20.25	40.75	391	2650,0
288	-16.75	44.25	272	2650,0
288	-16.75	44.75	272	2650,0
288	-16.25	44.75	272	2650,0
288	-16.25	44.25	272	2650,0
288	-16.75	44.25	272	2650,0
515	-5.25	5.75	427	2650,50
515	-5.25	6.25	427	2650,50
515	-4.75	6.25	427	2650,50
515	-4.75	5.75	427	2650,50
515	-5.25	5.75	427	2650,50
127	-4.25	6.75	168	2650,50
127	-4.25	7.25	168	2650,50
127	-2.75	8.75	168	2650,50
127	-2.25	8.75	168	2650,50
127	-2.25	8.25	168	2650,50
127	-3.75	6.75	168	2650,50
127	-4.25	6.75	168	2650,50
565	-41.25	19.75	464	2700,50
565	-41.25	20.25	464	2700,50
565	-40.75	20.25	464	2700,50
565	-40.75	19.75	464	2700,50
565	-41.25	19.75	464	2700,50
415	-40.75	20.25	356	2700,50
415	-40.75	20.75	356	2700,50
415	-40.25	20.75	356	2700,50
415	-40.25	20.25	356	2700,50
415	-40.75	20.25	356	2700,50
439	-10.25	-0.25	371	2600,0
439	-10.25	0.25	371	2600,0
439	-9.75	0.25	371	2600,0
439	-9.75	-0.25	371	2600,0
439	-10.25	-0.25	371	2600,0
566	3.75	13.75	465	2600,0
566	3.75	14.25	465	2600,0
566	4.25	14.25	465	2600,0
566	4.25	13.75	465	2600,0
566	3.75	13.75	465	2600,0
403	-26.25	33.75	347	2650,0
403	-26.25	34.25	347	2650,0
403	-25.75	34.25	347	2650,0
403	-25.25	33.75	347	2650,0
403	-25.25	33.25	347	2650,0
403	-25.75	32.75	347	2650,0
403	-26.25	32.75	347	2650,0
403	-26.25	33.75	347	2650,0
488	-41.75	18.25	402	2700,50
488	-41.75	18.75	402	2700,50
488	-41.25	18.75	402	2700,50
488	-41.25	18.25	402	2700,50
488	-41.75	18.25	402	2700,50
503	-20.25	39.75	416	2700,50
503	-20.25	40.25	416	2700,50
503	-19.75	40.25	416	2700,50
503	-19.75	39.75	416	2700,50
503	-20.25	39.75	416	2700,50
89	-19.75	40.25	146	2700,50
89	-19.75	40.75	146	2700,50
89	-19.25	40.75	146	2700,50
89	-19.25	40.25	146	2700,50
89	-19.75	40.25	146	2700,50
490	-12.25	47.75	404	2700,50
490	-12.25	48.25	404	2700,50
490	-11.75	48.25	404	2700,50
490	-11.75	47.75	404	2700,50
490	-12.25	47.75	404	2700,50
308	-9.25	-0.25	283	2600,0
308	-9.25	0.25	283	2600,0
308	-8.75	0.25	283	2600,0
308	-8.75	-0.25	283	2600,0
308	-9.25	-0.25	283	2600,0
535	3.75	12.75	442	2600,0
535	3.75	13.25	442	2600,0
535	4.25	13.25	442	2600,0
535	4.25	12.75	442	2600,0
535	3.75	12.75	442	2600,0
314	-44.75	14.25	289	2650,0
314	-44.75	14.75	289	2650,0
314	-44.25	14.75	289	2650,0
314	-44.25	14.25	289	2650,0
314	-44.75	14.25	289	2650,0
382	-20.75	38.25	333	2650,0
382	-20.75	38.75	333	2650,0
382	-20.25	38.75	333	2650,0
382	-20.25	38.25	333	2650,0
382	-20.75	38.25	333	2650,0
190	-19.75	39.25	201	2650,0
190	-19.75	39.75	201	2650,0
190	-19.25	39.75	201	2650,0
190	-18.75	39.25	201	2650,0
190	-18.75	38.75	201	2650,0
190	-19.25	38.25	201	2650,0
190	-19.75	38.25	201	2650,0
190	-19.75	39.25	201	2650,0
145	-15.75	43.25	178	2650,0
145	-15.75	43.75	178	2650,0
145	-15.25	44.25	178	2650,0
145	-14.75	44.25	178	2650,0
145	-14.75	43.75	178	2650,0
145	-15.25	43.25	178	2650,0
145	-15.75	43.25	178	2650,0
399	-13.25	45.75	343	2650,0
399	-13.25	46.25	343	2650,0
399	-12.75	46.25	343	2650,0
399	-12.75	45.75	343	2650,0
399	-13.25	45.75	343	2650,0
334	-39.75	19.25	303	2700,50
334	-39.75	19.75	303	2700,50
334	-39.25	20.25	303	2700,50
334	-38.75	20.25	303	2700,50
334	-38.75	19.75	303	2700,50
334	-39.25	19.25	303	2700,50
334	-39.75	19.25	303	2700,50
469	-8.25	-0.25	396	2600,0
469	-8.25	0.25	396	2600,0
469	-7.75	0.25	396	2600,0
469	-7.75	-0.25	396	2600,0
469	-8.25	-0.25	396	2600,0
247	-20.25	37.75	246	2650,0
247	-20.25	38.25	246	2650,0
247	-19.75	38.25	246	2650,0
247	-19.75	37.75	246	2650,0
247	-20.25	37.75	246	2650,0
489	-19.25	38.75	403	2700,50
489	-19.25	39.25	403	2700,50
489	-18.75	39.25	403	2700,50
489	-18.75	38.75	403	2700,50
489	-19.25	38.75	403	2700,50
661	-7.25	-0.25	82	2600,0
661	-7.25	0.25	82	2600,0
661	-6.75	0.75	82	2600,0
661	-6.25	0.75	82	2600,0
661	-5.75	0.25	82	2600,0
661	-5.75	-0.25	82	2600,0
661	-7.25	-0.25	82	2600,0
471	-6.25	0.75	398	2600,0
471	-6.25	1.25	398	2600,0
471	-5.75	1.25	398	2600,0
471	-5.25	0.75	398	2600,0
471	-5.25	0.25	398	2600,0
471	-5.75	0.25	398	2600,0
471	-6.25	0.75	398	2600,0
400	4.25	11.25	344	2600,0
400	4.25	11.75	344	2600,0
400	4.75	12.25	344	2600,0
400	5.25	12.25	344	2600,0
400	5.25	10.75	344	2600,0
400	4.75	10.75	344	2600,0
400	4.25	11.25	344	2600,0
400	-44.75	11.25	344	2650,0
400	-44.75	11.75	344	2650,0
400	-44.25	11.75	344	2650,0
400	-44.25	11.25	344	2650,0
400	-44.75	11.25	344	2650,0
534	-44.25	11.75	441	2650,0
534	-44.25	12.25	441	2650,0
534	-43.75	12.25	441	2650,0
534	-43.75	11.75	441	2650,0
534	-44.25	11.75	441	2650,0
124	-5.25	-0.25	166	2600,0
124	-5.25	0.25	166	2600,0
124	-4.75	0.25	166	2600,0
124	-4.75	-0.25	166	2600,0
124	-5.25	-0.25	166	2600,0
66	-30.75	22.25	133	2650,0
66	-30.75	22.75	133	2650,0
66	-29.75	23.75	133	2650,0
66	-29.25	23.75	133	2650,0
66	-29.25	22.75	133	2650,0
66	-27.75	22.75	133	2650,0
66	-27.25	23.25	133	2650,0
66	-24.75	23.25	133	2650,0
66	-24.25	22.75	133	2650,0
66	-23.75	22.75	133	2650,0
66	-23.75	23.25	133	2650,0
66	-24.25	23.75	133	2650,0
66	-24.25	24.25	133	2650,0
66	-23.75	24.25	133	2650,0
66	-23.25	23.75	133	2650,0
66	-22.25	23.75	133	2650,0
66	-21.75	23.25	133	2650,0
66	-20.75	23.25	133	2650,0
66	-20.75	22.25	133	2650,0
66	-19.25	20.75	133	2650,0
66	-18.75	20.75	133	2650,0
66	-17.25	22.25	133	2650,0
66	-16.75	22.25	133	2650,0
66	-16.75	20.25	133	2650,0
66	-16.25	20.25	133	2650,0
66	-15.75	20.75	133	2650,0
66	-15.25	20.75	133	2650,0
66	-14.75	20.25	133	2650,0
66	-14.75	19.75	133	2650,0
66	-15.75	18.75	133	2650,0
66	-15.75	17.75	133	2650,0
66	-16.75	16.75	133	2650,0
66	-17.25	16.75	133	2650,0
66	-17.25	17.25	133	2650,0
66	-16.75	17.75	133	2650,0
66	-16.75	19.25	133	2650,0
66	-17.25	19.75	133	2650,0
66	-17.75	19.75	133	2650,0
66	-18.75	18.75	133	2650,0
66	-18.75	17.75	133	2650,0
66	-19.25	17.25	133	2650,0
66	-19.25	16.75	133	2650,0
66	-18.75	16.25	133	2650,0
66	-17.75	16.25	133	2650,0
66	-16.75	15.25	133	2650,0
66	-16.75	14.75	133	2650,0
66	-17.25	14.25	133	2650,0
66	-17.75	14.25	133	2650,0
66	-18.25	14.75	133	2650,0
66	-18.75	14.75	133	2650,0
66	-18.75	13.75	133	2650,0
66	-19.25	13.25	133	2650,0
66	-19.25	12.75	133	2650,0
66	-18.75	12.75	133	2650,0
66	-18.25	13.25	133	2650,0
66	-17.25	13.25	133	2650,0
66	-16.75	13.75	133	2650,0
66	-15.75	13.75	133	2650,0
66	-15.25	14.25	133	2650,0
66	-13.25	14.25	133	2650,0
66	-11.25	16.25	133	2650,0
66	-11.25	16.75	133	2650,0
66	-12.25	16.75	133	2650,0
66	-12.75	17.25	133	2650,0
66	-12.75	17.75	133	2650,0
66	-10.25	17.75	133	2650,0
66	-9.75	17.25	133	2650,0
66	-9.25	17.25	133	2650,0
66	-9.25	17.75	133	2650,0
66	-9.75	18.25	133	2650,0
66	-9.75	18.75	133	2650,0
66	-9.25	18.75	133	2650,0
66	-8.25	17.75	133	2650,0
66	-8.25	16.75	133	2650,0
66	-7.75	16.75	133	2650,0
66	-7.25	17.25	133	2650,0
66	-5.25	17.25	133	2650,0
66	-4.25	18.25	133	2650,0
66	-4.25	18.75	133	2650,0
66	-4.75	19.25	133	2650,0
66	-4.75	19.75	133	2650,0
66	-4.25	19.75	133	2650,0
66	-3.75	19.25	133	2650,0
66	-3.25	19.25	133	2650,0
66	-3.25	21.25	133	2650,0
66	-2.75	21.25	133	2650,0
66	-2.25	20.75	133	2650,0
66	-2.25	19.75	133	2650,0
66	-1.75	19.25	133	2650,0
66	-1.25	19.25	133	2650,0
66	-0.75	19.75	133	2650,0
66	-0.25	19.75	133	2650,0
66	-0.25	19.25	133	2650,0
66	-1.75	17.75	133	2650,0
66	-3.75	17.75	133	2650,0
66	-3.75	16.75	133	2650,0
66	-4.75	16.75	133	2650,0
66	-4.75	15.75	133	2650,0
66	-5.25	15.25	133	2650,0
66	-5.25	14.75	133	2650,0
66	-4.75	14.75	133	2650,0
66	-3.25	16.25	133	2650,0
66	-2.75	16.25	133	2650,0
66	-2.75	14.75	133	2650,0
66	-3.25	14.25	133	2650,0
66	-3.25	13.75	133	2650,0
66	-2.75	13.25	133	2650,0
66	-2.25	13.25	133	2650,0
66	-0.75	14.75	133	2650,0
66	-0.75	15.25	133	2650,0
66	-1.25	15.75	133	2650,0
66	-1.25	16.25	133	2650,0
66	-0.25	16.25	133	2650,0
66	0.25	16.75	133	2650,0
66	0.75	16.75	133	2650,0
66	1.25	16.25	133	2650,0
66	2.25	16.25	133	2650,0
66	4.25	14.25	133	2650,0
66	4.25	12.75	133	2650,0
66	3.75	12.75	133	2650,0
66	3.25	13.25	133	2650,0
66	2.75	13.25	133	2650,0
66	2.25	12.75	133	2650,0
66	2.25	12.25	133	2650,0
66	3.25	12.25	133	2650,0
66	3.25	11.25	133	2650,0
66	3.75	11.25	133	2650,0
66	4.25	11.75	133	2650,0
66	4.75	11.75	133	2650,0
66	4.75	0.25	133	2650,0
66	4.25	-0.25	133	2650,0
66	-19.25	-0.25	133	2650,0
66	-19.25	0.25	133	2650,0
66	-18.75	0.75	133	2650,0
66	-18.75	1.25	133	2650,0
66	-19.75	2.25	133	2650,0
66	-19.75	2.75	133	2650,0
66	-19.25	3.25	133	2650,0
66	-18.75	3.25	133	2650,0
66	-17.75	2.25	133	2650,0
66	-17.25	2.25	133	2650,0
66	-17.25	2.75	133	2650,0
66	-18.25	3.75	133	2650,0
66	-18.25	4.75	133	2650,0
66	-19.25	4.75	133	2650,0
66	-19.25	5.25	133	2650,0
66	-18.75	5.75	133	2650,0
66	-18.25	5.75	133	2650,0
66	-17.25	4.75	133	2650,0
66	-16.25	4.75	133	2650,0
66	-15.75	4.25	133	2650,0
66	-15.25	4.25	133	2650,0
66	-15.25	5.25	133	2650,0
66	-14.75	5.75	133	2650,0
66	-10.75	5.75	133	2650,0
66	-10.75	6.25	133	2650,0
66	-11.75	7.25	133	2650,0
66	-12.75	7.25	133	2650,0
66	-12.75	8.25	133	2650,0
66	-13.75	8.25	133	2650,0
66	-13.75	9.75	133	2650,0
66	-11.75	11.75	133	2650,0
66	-11.75	12.25	133	2650,0
66	-13.25	12.25	133	2650,0
66	-13.75	11.75	133	2650,0
66	-14.75	11.75	133	2650,0
66	-15.75	10.75	133	2650,0
66	-16.25	10.75	133	2650,0
66	-16.75	11.25	133	2650,0
66	-16.75	11.75	133	2650,0
66	-16.25	12.25	133	2650,0
66	-16.25	12.75	133	2650,0
66	-16.75	12.75	133	2650,0
66	-17.75	11.75	133	2650,0
66	-17.75	10.75	133	2650,0
66	-19.75	10.75	133	2650,0
66	-21.25	9.25	133	2650,0
66	-24.25	9.25	133	2650,0
66	-24.25	8.25	133	2650,0
66	-24.75	8.25	133	2650,0
66	-25.25	8.75	133	2650,0
66	-25.25	9.75	133	2650,0
66	-25.75	10.25	133	2650,0
66	-26.25	10.25	133	2650,0
66	-26.75	9.75	133	2650,0
66	-27.75	9.75	133	2650,0
66	-28.25	9.25	133	2650,0
66	-28.25	8.25	133	2650,0
66	-29.25	7.25	133	2650,0
66	-29.75	7.25	133	2650,0
66	-30.25	7.75	133	2650,0
66	-30.75	7.75	133	2650,0
66	-31.25	7.25	133	2650,0
66	-31.25	6.25	133	2650,0
66	-31.75	5.75	133	2650,0
66	-31.75	5.25	133	2650,0
66	-30.75	5.25	133	2650,0
66	-30.75	3.75	133	2650,0
66	-31.25	3.75	133	2650,0
66	-32.25	4.75	133	2650,0
66	-33.25	4.75	133	2650,0
66	-33.25	5.25	133	2650,0
66	-32.75	5.75	133	2650,0
66	-32.75	6.25	133	2650,0
66	-33.25	6.75	133	2650,0
66	-33.25	7.25	133	2650,0
66	-32.25	8.25	133	2650,0
66	-32.25	8.75	133	2650,0
66	-32.75	8.75	133	2650,0
66	-33.25	8.25	133	2650,0
66	-33.75	8.25	133	2650,0
66	-34.25	8.75	133	2650,0
66	-34.25	9.25	133	2650,0
66	-33.25	9.25	133	2650,0
66	-33.25	10.25	133	2650,0
66	-32.25	11.25	133	2650,0
66	-31.75	11.25	133	2650,0
66	-31.25	10.75	133	2650,0
66	-30.75	10.75	133	2650,0
66	-30.25	11.25	133	2650,0
66	-30.25	11.75	133	2650,0
66	-31.25	12.75	133	2650,0
66	-32.25	12.75	133	2650,0
66	-32.75	13.25	133	2650,0
66	-33.25	13.25	133	2650,0
66	-33.25	12.25	133	2650,0
66	-34.25	12.25	133	2650,0
66	-34.25	11.75	133	2650,0
66	-33.75	11.25	133	2650,0
66	-33.75	10.75	133	2650,0
66	-35.25	10.75	133	2650,0
66	-35.25	11.75	133	2650,0
66	-35.75	12.25	133	2650,0
66	-36.25	12.25	133	2650,0
66	-36.75	11.75	133	2650,0
66	-37.25	11.75	133	2650,0
66	-37.75	12.25	133	2650,0
66	-37.75	14.75	133	2650,0
66	-36.75	14.75	133	2650,0
66	-35.25	16.25	133	2650,0
66	-34.75	16.25	133	2650,0
66	-32.75	14.25	133	2650,0
66	-32.25	14.25	133	2650,0
66	-31.75	14.75	133	2650,0
66	-30.25	14.75	133	2650,0
66	-29.25	13.75	133	2650,0
66	-28.75	13.75	133	2650,0
66	-28.75	14.25	133	2650,0
66	-29.75	15.25	133	2650,0
66	-29.75	15.75	133	2650,0
66	-29.25	15.75	133	2650,0
66	-28.75	15.25	133	2650,0
66	-28.25	15.25	133	2650,0
66	-28.25	15.75	133	2650,0
66	-29.75	17.25	133	2650,0
66	-29.75	17.75	133	2650,0
66	-28.25	19.25	133	2650,0
66	-28.25	19.75	133	2650,0
66	-29.25	19.75	133	2650,0
66	-29.75	20.25	133	2650,0
66	-29.75	20.75	133	2650,0
66	-29.25	21.25	133	2650,0
66	-29.25	21.75	133	2650,0
66	-29.75	22.25	133	2650,0
66	-30.75	22.25	133	2650,0
66	-45.25	11.75	133	2700,0
66	-45.25	12.25	133	2700,0
66	-44.25	12.25	133	2700,0
66	-44.25	13.25	133	2700,0
66	-43.75	13.25	133	2700,0
66	-43.25	12.75	133	2700,0
66	-42.25	12.75	133	2700,0
66	-41.75	12.25	133	2700,0
66	-41.75	11.75	133	2700,0
66	-42.75	11.75	133	2700,0
66	-43.25	11.25	133	2700,0
66	-43.25	10.75	133	2700,0
66	-42.25	9.75	133	2700,0
66	-41.25	9.75	133	2700,0
66	-41.25	8.75	133	2700,0
66	-40.75	8.75	133	2700,0
66	-40.25	9.25	133	2700,0
66	-40.25	12.25	133	2700,0
66	-38.75	12.25	133	2700,0
66	-38.25	11.75	133	2700,0
66	-37.75	11.75	133	2700,0
66	-37.75	12.25	133	2700,0
66	-38.25	12.75	133	2700,0
66	-38.25	13.25	133	2700,0
66	-37.25	14.25	133	2700,0
66	-36.25	14.25	133	2700,0
66	-36.25	15.25	133	2700,0
66	-35.75	15.25	133	2700,0
66	-34.75	14.25	133	2700,0
66	-34.25	14.25	133	2700,0
66	-33.75	14.75	133	2700,0
66	-31.75	14.75	133	2700,0
66	-31.75	15.25	133	2700,0
66	-32.25	15.75	133	2700,0
66	-32.25	16.25	133	2700,0
66	-31.75	16.75	133	2700,0
66	-31.25	16.75	133	2700,0
66	-29.75	15.25	133	2700,0
66	-29.75	14.75	133	2700,0
66	-30.75	14.75	133	2700,0
66	-30.75	14.25	133	2700,0
66	-30.25	13.75	133	2700,0
66	-29.25	13.75	133	2700,0
66	-28.75	13.25	133	2700,0
66	-28.75	12.75	133	2700,0
66	-41.75	-0.25	133	2700,0
66	-45.25	-0.25	133	2700,0
66	-45.25	11.75	133	2700,0
686	-23.25	27.75	92	2700,50
686	-23.25	28.25	92	2700,50
686	-22.75	28.75	92	2700,50
686	-21.75	28.75	92	2700,50
686	-19.75	30.75	92	2700,50
686	-19.25	30.75	92	2700,50
686	-18.25	29.75	92	2700,50
686	-18.25	28.75	92	2700,50
686	-17.75	28.25	92	2700,50
686	-17.75	27.75	92	2700,50
686	-18.25	27.25	92	2700,50
686	-18.25	25.75	92	2700,50
686	-17.75	25.25	92	2700,50
686	-17.75	24.75	92	2700,50
686	-19.25	24.75	92	2700,50
686	-19.75	25.25	92	2700,50
686	-20.75	25.25	92	2700,50
686	-21.25	25.75	92	2700,50
686	-21.25	26.25	92	2700,50
686	-20.25	27.25	92	2700,50
686	-20.25	28.75	92	2700,50
686	-20.75	28.75	92	2700,50
686	-21.25	28.25	92	2700,50
686	-21.25	27.25	92	2700,50
686	-22.75	27.25	92	2700,50
686	-23.25	27.75	92	2700,50
384	-15.75	32.25	335	2700,50
384	-15.75	32.75	335	2700,50
384	-15.25	33.25	335	2700,50
384	-14.25	33.25	335	2700,50
384	-13.75	33.75	335	2700,50
384	-12.75	33.75	335	2700,50
384	-12.25	34.25	335	2700,50
384	-11.75	34.25	335	2700,50
384	-11.25	33.75	335	2700,50
384	-10.75	33.75	335	2700,50
384	-10.75	34.75	335	2700,50
384	-10.25	34.75	335	2700,50
384	-9.75	34.25	335	2700,50
384	-9.75	33.25	335	2700,50
384	-9.25	32.75	335	2700,50
384	-9.25	32.25	335	2700,50
384	-10.25	32.25	335	2700,50
384	-10.25	31.75	335	2700,50
384	-9.75	31.25	335	2700,50
384	-9.25	31.25	335	2700,50
384	-7.25	33.25	335	2700,50
384	-6.75	33.25	335	2700,50
384	-6.75	31.75	335	2700,50
384	-7.75	30.75	335	2700,50
384	-7.75	30.25	335	2700,50
384	-7.25	29.75	335	2700,50
384	-7.25	29.25	335	2700,50
384	-7.75	29.25	335	2700,50
384	-8.25	29.75	335	2700,50
384	-10.75	29.75	335	2700,50
384	-10.75	28.75	335	2700,50
384	-11.75	28.75	335	2700,50
384	-12.25	28.25	335	2700,50
384	-12.25	27.25	335	2700,50
384	-12.75	27.25	335	2700,50
384	-13.25	27.75	335	2700,50
384	-13.75	27.75	335	2700,50
384	-14.25	27.25	335	2700,50
384	-14.75	27.25	335	2700,50
384	-14.75	27.75	335	2700,50
384	-14.25	28.25	335	2700,50
384	-14.25	28.75	335	2700,50
384	-14.75	29.25	335	2700,50
384	-14.75	29.75	335	2700,50
384	-14.25	29.75	335	2700,50
384	-13.75	29.25	335	2700,50
384	-13.25	29.25	335	2700,50
384	-12.75	29.75	335	2700,50
384	-11.75	29.75	335	2700,50
384	-11.75	30.75	335	2700,50
384	-10.75	30.75	335	2700,50
384	-10.75	31.25	335	2700,50
384	-11.25	31.75	335	2700,50
384	-11.75	31.75	335	2700,50
384	-12.25	31.25	335	2700,50
384	-13.25	31.25	335	2700,50
384	-13.75	30.75	335	2700,50
384	-14.25	30.75	335	2700,50
384	-15.75	32.25	335	2700,50
22	-15.75	28.25	103	2650,0
22	-15.75	28.75	103	2650,0
22	-15.25	28.75	103	2650,0
22	-13.25	26.75	103	2650,0
22	-13.25	26.25	103	2650,0
22	-13.75	25.75	103	2650,0
22	-13.75	24.25	103	2650,0
22	-13.25	24.25	103	2650,0
22	-12.25	25.25	103	2650,0
22	-12.25	26.25	103	2650,0
22	-11.75	26.75	103	2650,0
22	-10.75	26.75	103	2650,0
22	-10.75	27.75	103	2650,0
22	-10.25	28.25	103	2650,0
22	-9.75	28.25	103	2650,0
22	-9.25	27.75	103	2650,0
22	-9.25	27.25	103	2650,0
22	-9.75	26.75	103	2650,0
22	-9.75	26.25	103	2650,0
22	-9.25	26.25	103	2650,0
22	-8.75	26.75	103	2650,0
22	-8.25	26.75	103	2650,0
22	-7.75	26.25	103	2650,0
22	-7.75	25.75	103	2650,0
22	-8.75	25.75	103	2650,0
22	-8.75	25.25	103	2650,0
22	-7.75	24.25	103	2650,0
22	-5.75	24.25	103	2650,0
22	-5.75	23.25	103	2650,0
22	-5.25	22.75	103	2650,0
22	-5.25	22.25	103	2650,0
22	-5.75	22.25	103	2650,0
22	-6.25	22.75	103	2650,0
22	-6.75	22.75	103	2650,0
22	-6.75	22.25	103	2650,0
22	-5.25	20.75	103	2650,0
22	-5.25	20.25	103	2650,0
22	-6.75	18.75	103	2650,0
22	-8.25	18.75	103	2650,0
22	-8.25	19.25	103	2650,0
22	-7.75	19.75	103	2650,0
22	-7.75	20.25	103	2650,0
22	-8.25	20.25	103	2650,0
22	-9.25	19.25	103	2650,0
22	-10.25	19.25	103	2650,0
22	-10.75	18.75	103	2650,0
22	-11.25	18.75	103	2650,0
22	-11.25	19.75	103	2650,0
22	-12.25	19.75	103	2650,0
22	-12.75	20.25	103	2650,0
22	-13.25	20.25	103	2650,0
22	-13.75	19.75	103	2650,0
22	-14.25	19.75	103	2650,0
22	-14.25	20.75	103	2650,0
22	-14.75	21.25	103	2650,0
22	-14.75	22.25	103	2650,0
22	-15.75	22.25	103	2650,0
22	-15.75	23.25	103	2650,0
22	-16.25	23.75	103	2650,0
22	-17.25	23.75	103	2650,0
22	-17.75	24.25	103	2650,0
22	-17.75	24.75	103	2650,0
22	-17.25	25.25	103	2650,0
22	-15.25	25.25	103	2650,0
22	-15.25	26.25	103	2650,0
22	-14.75	26.75	103	2650,0
22	-14.75	27.25	103	2650,0
22	-15.75	27.25	103	2650,0
22	-15.75	28.25	103	2650,0
23	-10.75	22.25	103	2650,0
23	-10.75	22.75	103	2650,0
23	-10.25	22.75	103	2650,0
23	-9.75	22.25	103	2650,0
23	-9.75	21.75	103	2650,0
23	-10.25	21.25	103	2650,0
23	-10.75	21.25	103	2650,0
23	-10.75	22.25	103	2650,0
547	-35.75	6.25	451	2700,50
547	-35.75	6.75	451	2700,50
547	-35.25	7.25	451	2700,50
547	-34.75	7.25	451	2700,50
547	-34.25	6.75	451	2700,50
547	-33.75	6.75	451	2700,50
547	-33.25	7.25	451	2700,50
547	-33.25	7.75	451	2700,50
547	-34.25	7.75	451	2700,50
547	-34.25	8.25	451	2700,50
547	-32.75	9.75	451	2700,50
547	-32.25	9.75	451	2700,50
547	-32.25	9.25	451	2700,50
547	-32.75	8.75	451	2700,50
547	-32.75	8.25	451	2700,50
547	-31.25	8.25	451	2700,50
547	-30.75	8.75	451	2700,50
547	-30.75	9.25	451	2700,50
547	-31.25	9.75	451	2700,50
547	-31.25	10.25	451	2700,50
547	-30.75	10.25	451	2700,50
547	-29.75	9.25	451	2700,50
547	-29.75	7.75	451	2700,50
547	-30.75	7.75	451	2700,50
547	-30.75	7.25	451	2700,50
547	-29.25	5.75	451	2700,50
547	-29.25	5.25	451	2700,50
547	-29.75	5.25	451	2700,50
547	-30.75	6.25	451	2700,50
547	-31.25	6.25	451	2700,50
547	-31.25	5.75	451	2700,50
547	-30.75	5.25	451	2700,50
547	-30.75	4.75	451	2700,50
547	-31.25	4.75	451	2700,50
547	-32.25	5.75	451	2700,50
547	-33.75	5.75	451	2700,50
547	-34.25	5.25	451	2700,50
547	-34.75	5.25	451	2700,50
547	-34.75	6.25	451	2700,50
547	-35.75	6.25	451	2700,50
611	-22.25	19.75	56	2700,50
611	-22.25	20.25	56	2700,50
611	-21.75	20.25	56	2700,50
611	-21.25	19.75	56	2700,50
611	-19.75	19.75	56	2700,50
611	-19.75	20.75	56	2700,50
611	-19.25	21.25	56	2700,50
611	-17.75	21.25	56	2700,50
611	-17.75	20.25	56	2700,50
611	-17.25	20.25	56	2700,50
611	-16.75	20.75	56	2700,50
611	-16.25	20.75	56	2700,50
611	-16.25	20.25	56	2700,50
611	-16.75	19.75	56	2700,50
611	-16.75	19.25	56	2700,50
611	-15.75	19.25	56	2700,50
611	-15.25	18.75	56	2700,50
611	-15.25	18.25	56	2700,50
611	-15.75	17.75	56	2700,50
611	-17.25	17.75	56	2700,50
611	-17.75	18.25	56	2700,50
611	-18.25	18.25	56	2700,50
611	-18.25	17.75	56	2700,50
611	-17.25	16.75	56	2700,50
611	-16.25	16.75	56	2700,50
611	-16.25	14.75	56	2700,50
611	-14.75	13.25	56	2700,50
611	-14.75	12.75	56	2700,50
611	-15.75	11.75	56	2700,50
611	-15.75	11.25	56	2700,50
611	-14.75	10.25	56	2700,50
611	-14.75	9.25	56	2700,50
611	-14.25	9.25	56	2700,50
611	-13.75	9.75	56	2700,50
611	-13.75	10.25	56	2700,50
611	-14.75	11.25	56	2700,50
611	-14.75	11.75	56	2700,50
611	-14.25	12.25	56	2700,50
611	-13.25	12.25	56	2700,50
611	-12.75	12.75	56	2700,50
611	-12.75	13.75	56	2700,50
611	-11.75	13.75	56	2700,50
611	-11.75	14.25	56	2700,50
611	-12.25	14.75	56	2700,50
611	-12.25	15.25	56	2700,50
611	-11.75	15.25	56	2700,50
611	-10.25	13.75	56	2700,50
611	-8.75	13.75	56	2700,50
611	-8.25	14.25	56	2700,50
611	-8.25	14.75	56	2700,50
611	-8.75	15.25	56	2700,50
611	-8.75	15.75	56	2700,50
611	-8.25	16.25	56	2700,50
611	-7.75	16.25	56	2700,50
611	-6.75	15.25	56	2700,50
611	-6.75	13.75	56	2700,50
611	-7.75	12.75	56	2700,50
611	-7.75	12.25	56	2700,50
611	-7.25	12.25	56	2700,50
611	-5.75	13.75	56	2700,50
611	-5.25	13.75	56	2700,50
611	-5.25	12.75	56	2700,50
611	-3.25	12.75	56	2700,50
611	-3.25	11.75	56	2700,50
611	-2.25	11.75	56	2700,50
611	-1.75	11.25	56	2700,50
611	-1.75	10.75	56	2700,50
611	-2.25	10.25	56	2700,50
611	-2.75	10.25	56	2700,50
611	-3.25	10.75	56	2700,50
611	-4.75	10.75	56	2700,50
611	-4.75	10.25	56	2700,50
611	-4.25	9.75	56	2700,50
611	-4.25	8.25	56	2700,50
611	-5.25	7.25	56	2700,50
611	-5.25	6.75	56	2700,50
611	-3.75	5.25	56	2700,50
611	-3.25	5.25	56	2700,50
611	-3.25	5.75	56	2700,50
611	-3.75	6.25	56	2700,50
611	-3.75	6.75	56	2700,50
611	-3.25	7.25	56	2700,50
611	-1.25	7.25	56	2700,50
611	-0.25	8.25	56	2700,50
611	1.25	8.25	56	2700,50
611	1.25	6.75	56	2700,50
611	0.25	6.75	56	2700,50
611	0.25	6.25	56	2700,50
611	0.75	5.75	56	2700,50
611	0.75	5.25	56	2700,50
611	0.25	5.25	56	2700,50
611	-0.25	5.75	56	2700,50
611	-0.75	5.75	56	2700,50
611	-0.75	5.25	56	2700,50
611	-0.25	4.75	56	2700,50
611	-0.25	4.25	56	2700,50
611	-1.25	4.25	56	2700,50
611	-1.25	3.25	56	2700,50
611	-2.75	1.75	56	2700,50
611	-3.75	1.75	56	2700,50
611	-3.75	0.75	56	2700,50
611	-4.75	0.75	56	2700,50
611	-4.75	-0.25	56	2700,50
611	-5.25	-0.75	56	2700,50
611	-7.75	-0.75	56	2700,50
611	-7.75	-0.25	56	2700,50
611	-7.25	0.25	56	2700,50
611	-7.25	2.25	56	2700,50
611	-6.25	3.25	56	2700,50
611	-6.25	5.25	56	2700,50
611	-5.75	5.25	56	2700,50
611	-5.25	4.75	56	2700,50
611	-4.75	4.75	56	2700,50
611	-4.75	5.25	56	2700,50
611	-6.25	6.75	56	2700,50
611	-6.75	6.75	56	2700,50
611	-6.75	5.75	56	2700,50
611	-9.25	5.75	56	2700,50
611	-9.75	6.25	56	2700,50
611	-10.25	6.25	56	2700,50
611	-10.75	5.75	56	2700,50
611	-10.75	4.75	56	2700,50
611	-11.75	4.75	56	2700,50
611	-11.75	3.75	56	2700,50
611	-12.75	2.75	56	2700,50
611	-13.25	2.75	56	2700,50
611	-13.25	4.75	56	2700,50
611	-14.75	4.75	56	2700,50
611	-15.25	4.25	56	2700,50
611	-16.25	4.25	56	2700,50
611	-16.75	3.75	56	2700,50
611	-16.75	2.75	56	2700,50
611	-18.25	2.75	56	2700,50
611	-18.75	3.25	56	2700,50
611	-18.75	3.75	56	2700,50
611	-18.25	4.25	56	2700,50
611	-17.25	4.25	56	2700,50
611	-16.75	4.75	56	2700,50
611	-16.75	5.75	56	2700,50
611	-15.75	5.75	56	2700,50
611	-15.25	6.25	56	2700,50
611	-15.25	8.75	56	2700,50
611	-16.25	8.75	56	2700,50
611	-17.75	10.25	56	2700,50
611	-17.75	11.25	56	2700,50
611	-18.75	12.25	56	2700,50
611	-18.75	13.25	56	2700,50
611	-19.25	13.75	56	2700,50
611	-19.75	13.75	56	2700,50
611	-20.25	13.25	56	2700,50
611	-20.25	9.75	56	2700,50
611	-19.75	9.25	56	2700,50
611	-19.75	8.75	56	2700,50
611	-20.75	7.75	56	2700,50
611	-20.75	6.75	56	2700,50
611	-21.25	6.75	56	2700,50
611	-21.75	7.25	56	2700,50
611	-21.75	7.75	56	2700,50
611	-21.25	8.25	56	2700,50
611	-21.25	8.75	56	2700,50
611	-21.75	9.25	56	2700,50
611	-21.75	10.25	56	2700,50
611	-22.25	10.25	56	2700,50
611	-23.25	9.25	56	2700,50
611	-23.25	8.25	56	2700,50
611	-23.75	8.25	56	2700,50
611	-24.75	9.25	56	2700,50
611	-24.75	10.25	56	2700,50
611	-25.75	10.25	56	2700,50
611	-25.75	11.75	56	2700,50
611	-23.75	11.75	56	2700,50
611	-23.75	12.25	56	2700,50
611	-25.25	13.75	56	2700,50
611	-25.25	15.25	56	2700,50
611	-24.75	15.75	56	2700,50
611	-24.25	15.75	56	2700,50
611	-24.25	13.75	56	2700,50
611	-22.25	11.75	56	2700,50
611	-21.75	11.75	56	2700,50
611	-21.75	12.25	56	2700,50
611	-22.75	13.25	56	2700,50
611	-22.75	13.75	56	2700,50
611	-21.75	13.75	56	2700,50
611	-21.75	14.75	56	2700,50
611	-21.25	15.25	56	2700,50
611	-20.25	15.25	56	2700,50
611	-20.25	16.25	56	2700,50
611	-19.25	17.25	56	2700,50
611	-19.25	17.75	56	2700,50
611	-20.25	18.75	56	2700,50
611	-20.75	18.75	56	2700,50
611	-20.75	18.25	56	2700,50
611	-20.25	17.75	56	2700,50
611	-20.25	17.25	56	2700,50
611	-20.75	16.75	56	2700,50
611	-21.25	16.75	56	2700,50
611	-21.75	17.25	56	2700,50
611	-21.75	19.25	56	2700,50
611	-22.25	19.75	56	2700,50
611	-9.25	48.75	56	2700,0
611	-9.25	49.25	56	2700,0
611	-7.75	49.25	56	2700,0
611	-7.75	48.75	56	2700,0
611	-8.75	47.75	56	2700,0
611	-9.25	47.75	56	2700,0
611	-9.25	48.75	56	2700,0
612	-11.75	2.25	56	2700,50
612	-11.75	2.75	56	2700,50
612	-10.25	2.75	56	2700,50
612	-9.75	2.25	56	2700,50
612	-9.25	2.25	56	2700,50
612	-8.25	3.25	56	2700,50
612	-7.75	3.25	56	2700,50
612	-7.75	2.75	56	2700,50
612	-9.25	1.25	56	2700,50
612	-9.25	0.75	56	2700,50
612	-8.25	-0.25	56	2700,50
612	-8.25	-0.75	56	2700,50
612	-8.75	-0.75	56	2700,50
612	-10.25	0.75	56	2700,50
612	-10.25	1.75	56	2700,50
612	-11.25	1.75	56	2700,50
612	-11.75	2.25	56	2700,50
612	-7.25	49.25	56	2700,0
612	-7.25	48.75	56	2700,0
612	-6.75	48.75	56	2700,0
612	-6.75	49.25	56	2700,0
612	-7.25	49.25	56	2700,0
196	-18.75	18.25	207	2650,0
196	-18.75	18.75	207	2650,0
196	-17.75	19.75	207	2650,0
196	-17.25	19.75	207	2650,0
196	-16.75	19.25	207	2650,0
196	-16.75	17.75	207	2650,0
196	-17.25	17.25	207	2650,0
196	-17.25	16.75	207	2650,0
196	-16.75	16.75	207	2650,0
196	-15.75	17.75	207	2650,0
196	-15.75	18.75	207	2650,0
196	-14.75	19.75	207	2650,0
196	-13.75	19.75	207	2650,0
196	-13.25	20.25	207	2650,0
196	-12.75	20.25	207	2650,0
196	-12.25	19.75	207	2650,0
196	-11.25	19.75	207	2650,0
196	-11.25	18.75	207	2650,0
196	-10.75	18.75	207	2650,0
196	-10.25	19.25	207	2650,0
196	-9.75	19.25	207	2650,0
196	-9.75	18.25	207	2650,0
196	-9.25	17.75	207	2650,0
196	-9.25	17.25	207	2650,0
196	-9.75	17.25	207	2650,0
196	-10.25	17.75	207	2650,0
196	-12.75	17.75	207	2650,0
196	-12.75	17.25	207	2650,0
196	-12.25	16.75	207	2650,0
196	-11.25	16.75	207	2650,0
196	-11.25	16.25	207	2650,0
196	-13.25	14.25	207	2650,0
196	-15.25	14.25	207	2650,0
196	-15.75	13.75	207	2650,0
196	-16.75	13.75	207	2650,0
196	-17.25	13.25	207	2650,0
196	-18.25	13.25	207	2650,0
196	-18.75	12.75	207	2650,0
196	-19.25	12.75	207	2650,0
196	-19.25	13.25	207	2650,0
196	-18.75	13.75	207	2650,0
196	-18.75	14.75	207	2650,0
196	-18.25	14.75	207	2650,0
196	-17.75	14.25	207	2650,0
196	-17.25	14.25	207	2650,0
196	-16.75	14.75	207	2650,0
196	-16.75	15.25	207	2650,0
196	-17.75	16.25	207	2650,0
196	-18.75	16.25	207	2650,0
196	-19.25	16.75	207	2650,0
196	-19.25	17.25	207	2650,0
196	-18.75	17.75	207	2650,0
196	-18.75	18.25	207	2650,0
666	-12.75	24.25	85	2700,50
666	-12.75	24.75	85	2700,50
666	-12.25	25.25	85	2700,50
666	-11.75	25.25	85	2700,50
666	-11.25	24.75	85	2700,50
666	-10.75	24.75	85	2700,50
666	-10.75	25.75	85	2700,50
666	-10.25	26.25	85	2700,50
666	-9.25	26.25	85	2700,50
666	-9.25	27.25	85	2700,50
666	-8.75	27.25	85	2700,50
666	-7.25	25.75	85	2700,50
666	-7.25	25.25	85	2700,50
666	-7.75	24.75	85	2700,50
666	-7.75	24.25	85	2700,50
666	-7.25	24.25	85	2700,50
666	-6.25	25.25	85	2700,50
666	-5.75	25.25	85	2700,50
666	-4.75	24.25	85	2700,50
666	-4.75	23.75	85	2700,50
666	-5.25	23.25	85	2700,50
666	-5.25	22.75	85	2700,50
666	-4.75	22.25	85	2700,50
666	-4.75	21.75	85	2700,50
666	-5.25	21.25	85	2700,50
666	-5.25	19.75	85	2700,50
666	-4.75	19.25	85	2700,50
666	-4.75	18.25	85	2700,50
666	-4.25	18.25	85	2700,50
666	-3.25	19.25	85	2700,50
666	-3.25	20.25	85	2700,50
666	-2.75	20.75	85	2700,50
666	-2.25	20.75	85	2700,50
666	-2.25	19.75	85	2700,50
666	-1.75	19.25	85	2700,50
666	-1.75	18.75	85	2700,50
666	-2.25	18.25	85	2700,50
666	-3.25	18.25	85	2700,50
666	-4.25	17.25	85	2700,50
666	-4.25	16.75	85	2700,50
666	-3.75	16.25	85	2700,50
666	-2.75	16.25	85	2700,50
666	-2.75	15.75	85	2700,50
666	-3.25	15.25	85	2700,50
666	-3.75	15.25	85	2700,50
666	-4.25	15.75	85	2700,50
666	-6.25	15.75	85	2700,50
666	-6.25	18.75	85	2700,50
666	-7.25	19.75	85	2700,50
666	-7.25	20.25	85	2700,50
666	-5.75	21.75	85	2700,50
666	-5.75	22.25	85	2700,50
666	-6.25	22.75	85	2700,50
666	-6.75	22.75	85	2700,50
666	-7.25	22.25	85	2700,50
666	-7.75	22.25	85	2700,50
666	-8.25	22.75	85	2700,50
666	-8.75	22.75	85	2700,50
666	-8.75	22.25	85	2700,50
666	-8.25	21.75	85	2700,50
666	-8.25	21.25	85	2700,50
666	-9.25	21.25	85	2700,50
666	-9.25	19.75	85	2700,50
666	-8.25	19.75	85	2700,50
666	-7.75	19.25	85	2700,50
666	-7.75	17.75	85	2700,50
666	-8.25	17.25	85	2700,50
666	-8.75	17.25	85	2700,50
666	-8.75	18.25	85	2700,50
666	-9.25	18.75	85	2700,50
666	-9.75	18.75	85	2700,50
666	-10.25	18.25	85	2700,50
666	-10.75	18.25	85	2700,50
666	-10.75	18.75	85	2700,50
666	-10.25	19.25	85	2700,50
666	-10.25	19.75	85	2700,50
666	-10.75	19.75	85	2700,50
666	-11.75	18.75	85	2700,50
666	-11.75	17.75	85	2700,50
666	-12.25	17.75	85	2700,50
666	-12.75	18.25	85	2700,50
666	-13.75	18.25	85	2700,50
666	-14.25	18.75	85	2700,50
666	-14.25	19.25	85	2700,50
666	-13.75	19.75	85	2700,50
666	-13.75	20.75	85	2700,50
666	-11.75	20.75	85	2700,50
666	-11.25	21.25	85	2700,50
666	-11.25	21.75	85	2700,50
666	-11.75	22.25	85	2700,50
666	-11.75	23.25	85	2700,50
666	-12.25	23.25	85	2700,50
666	-12.75	22.75	85	2700,50
666	-12.75	21.75	85	2700,50
666	-13.25	21.75	85	2700,50
666	-13.75	22.25	85	2700,50
666	-13.75	22.75	85	2700,50
666	-12.75	23.75	85	2700,50
666	-12.75	24.25	85	2700,50
667	-10.25	21.75	85	2700,50
667	-10.25	22.25	85	2700,50
667	-9.75	22.25	85	2700,50
667	-9.75	21.75	85	2700,50
667	-10.25	21.75	85	2700,50
591	-37.25	48.75	484	2700,0
591	-37.25	49.25	484	2700,0
591	-36.75	49.25	484	2700,0
591	-36.75	48.75	484	2700,0
591	-37.25	48.75	484	2700,0
462	-32.75	3.25	39	2700,50
462	-32.75	3.75	39	2700,50
462	-31.75	3.75	39	2700,50
462	-31.25	4.25	39	2700,50
462	-30.75	4.25	39	2700,50
462	-30.75	3.75	39	2700,50
462	-31.25	3.25	39	2700,50
462	-31.25	2.75	39	2700,50
462	-30.75	2.25	39	2700,50
462	-30.75	0.75	39	2700,50
462	-31.25	0.75	39	2700,50
462	-31.75	1.25	39	2700,50
462	-32.75	1.25	39	2700,50
462	-32.75	1.75	39	2700,50
462	-32.25	2.25	39	2700,50
462	-32.25	2.75	39	2700,50
462	-32.75	3.25	39	2700,50
232	-6.25	29.75	234	2700,50
232	-6.25	30.25	234	2700,50
232	-5.25	30.25	234	2700,50
232	-4.75	30.75	234	2700,50
232	-3.75	30.75	234	2700,50
232	-3.25	31.25	234	2700,50
232	-2.75	31.25	234	2700,50
232	-2.25	30.75	234	2700,50
232	-1.75	30.75	234	2700,50
232	-1.75	31.75	234	2700,50
232	-0.25	33.25	234	2700,50
232	0.25	33.25	234	2700,50
232	1.75	31.75	234	2700,50
232	1.75	31.25	234	2700,50
232	0.75	30.25	234	2700,50
232	-0.25	30.25	234	2700,50
232	-0.25	29.25	234	2700,50
232	-1.25	29.25	234	2700,50
232	-2.25	28.25	234	2700,50
232	-2.25	27.75	234	2700,50
232	-1.25	27.75	234	2700,50
232	-1.25	27.25	234	2700,50
232	-2.75	25.75	234	2700,50
232	-3.25	25.75	234	2700,50
232	-4.75	27.25	234	2700,50
232	-4.75	27.75	234	2700,50
232	-4.25	28.25	234	2700,50
232	-3.25	28.25	234	2700,50
232	-2.25	29.25	234	2700,50
232	-2.25	29.75	234	2700,50
232	-2.75	30.25	234	2700,50
232	-3.25	30.25	234	2700,50
232	-3.25	29.25	234	2700,50
232	-3.75	29.25	234	2700,50
232	-4.25	29.75	234	2700,50
232	-4.75	29.75	234	2700,50
232	-5.25	29.25	234	2700,50
232	-5.75	29.25	234	2700,50
232	-6.25	29.75	234	2700,50
371	-12.75	22.25	324	2700,50
371	-12.75	22.75	324	2700,50
371	-12.25	23.25	324	2700,50
371	-11.75	23.25	324	2700,50
371	-11.75	20.75	324	2700,50
371	-13.25	20.75	324	2700,50
371	-13.25	21.25	324	2700,50
371	-12.75	21.75	324	2700,50
371	-12.75	22.25	324	2700,50
299	-40.25	43.75	277	2700,0
299	-40.25	44.25	277	2700,0
299	-39.75	44.75	277	2700,0
299	-38.75	44.75	277	2700,0
299	-37.75	45.75	277	2700,0
299	-37.25	45.75	277	2700,0
299	-36.75	45.25	277	2700,0
299	-36.75	44.25	277	2700,0
299	-36.25	44.25	277	2700,0
299	-35.25	45.25	277	2700,0
299	-34.75	45.25	277	2700,0
299	-34.75	43.75	277	2700,0
299	-35.75	43.75	277	2700,0
299	-35.75	42.75	277	2700,0
299	-37.25	41.25	277	2700,0
299	-37.75	41.25	277	2700,0
299	-37.75	41.75	277	2700,0
299	-36.75	42.75	277	2700,0
299	-36.75	43.25	277	2700,0
299	-37.75	44.25	277	2700,0
299	-38.25	44.25	277	2700,0
299	-38.75	43.75	277	2700,0
299	-40.25	43.75	277	2700,0
74	-33.25	0.75	139	2700,50
74	-33.25	1.25	139	2700,50
74	-31.75	1.25	139	2700,50
74	-31.25	0.75	139	2700,50
74	-31.25	0.25	139	2700,50
74	-32.25	-0.75	139	2700,50
74	-32.75	-0.75	139	2700,50
74	-33.25	-0.25	139	2700,50
74	-33.25	0.75	139	2700,50
74	-33.75	48.25	139	2700,0
74	-33.75	48.75	139	2700,0
74	-33.25	49.25	139	2700,0
74	-32.75	49.25	139	2700,0
74	-32.75	48.75	139	2700,0
74	-33.25	48.25	139	2700,0
74	-33.75	48.25	139	2700,0
75	-30.75	-0.75	139	2700,50
75	-30.75	-0.25	139	2700,50
75	-30.25	-0.25	139	2700,50
75	-30.25	-0.75	139	2700,50
75	-30.75	-0.75	139	2700,50
75	-32.25	49.25	139	2700,0
75	-32.25	48.75	139	2700,0
75	-31.75	48.25	139	2700,0
75	-31.25	48.25	139	2700,0
75	-30.75	48.75	139	2700,0
75	-30.75	49.25	139	2700,0
75	-32.25	49.25	139	2700,0
87	-10.75	22.25	144	2650,0
87	-10.75	22.75	144	2650,0
87	-10.25	22.75	144	2650,0
87	-9.75	22.25	144	2650,0
87	-9.75	21.75	144	2650,0
87	-10.25	21.25	144	2650,0
87	-10.75	21.25	144	2650,0
87	-10.75	22.25	144	2650,0
260	-11.75	21.25	256	2700,50
260	-11.75	21.75	256	2700,50
260	-11.25	21.75	256	2700,50
260	-11.25	21.25	256	2700,50
260	-11.75	21.25	256	2700,50
555	3.75	35.75	459	2650,0
555	3.75	36.25	459	2650,0
555	4.25	36.75	459	2650,0
555	4.75	36.75	459	2650,0
555	4.75	35.25	459	2650,0
555	4.25	35.25	459	2650,0
555	3.75	35.75	459	2650,0
555	-45.25	35.75	459	2700,0
555	-45.25	36.25	459	2700,0
555	-44.25	36.25	459	2700,0
555	-43.75	36.75	459	2700,0
555	-43.25	36.75	459	2700,0
555	-42.75	36.25	459	2700,0
555	-42.25	36.25	459	2700,0
555	-41.75	36.75	459	2700,0
555	-41.25	36.75	459	2700,0
555	-41.25	36.25	459	2700,0
555	-42.25	35.25	459	2700,0
555	-42.75	35.25	459	2700,0
555	-43.25	35.75	459	2700,0
555	-43.75	35.75	459	2700,0
555	-44.25	35.25	459	2700,0
555	-44.25	34.25	459	2700,0
555	-44.75	33.75	459	2700,0
555	-45.25	33.75	459	2700,0
555	-45.25	35.75	459	2700,0
556	3.75	33.75	459	2650,0
556	3.75	34.25	459	2650,0
556	4.25	34.25	459	2650,0
556	4.75	33.75	459	2650,0
556	4.75	33.25	459	2650,0
556	4.25	33.25	459	2650,0
556	3.75	33.75	459	2650,0
573	-38.75	43.25	471	2700,0
573	-38.75	43.75	471	2700,0
573	-38.25	44.25	471	2700,0
573	-37.75	44.25	471	2700,0
573	-36.75	43.25	471	2700,0
573	-36.75	42.75	471	2700,0
573	-37.25	42.75	471	2700,0
573	-37.75	43.25	471	2700,0
573	-38.75	43.25	471	2700,0
434	-10.25	21.75	368	2700,50
434	-10.25	22.25	368	2700,50
434	-9.75	22.25	368	2700,50
434	-9.75	21.75	368	2700,50
434	-10.25	21.75	368	2700,50
257	-26.25	3.75	255	2700,50
257	-26.25	4.25	255	2700,50
257	-25.25	4.25	255	2700,50
257	-24.75	4.75	255	2700,50
257	-24.25	4.75	255	2700,50
257	-23.25	3.75	255	2700,50
257	-22.25	3.75	255	2700,50
257	-21.75	3.25	255	2700,50
257	-21.25	3.25	255	2700,50
257	-21.25	4.75	255	2700,50
257	-21.75	5.25	255	2700,50
257	-21.75	5.75	255	2700,50
257	-21.25	5.75	255	2700,50
257	-20.75	5.25	255	2700,50
257	-20.25	5.25	255	2700,50
257	-19.75	5.75	255	2700,50
257	-19.25	5.75	255	2700,50
257	-18.75	5.25	255	2700,50
257	-18.75	4.75	255	2700,50
257	-19.75	4.75	255	2700,50
257	-20.25	4.25	255	2700,50
257	-20.25	3.75	255	2700,50
257	-19.75	3.25	255	2700,50
257	-19.75	2.75	255	2700,50
257	-20.75	2.75	255	2700,50
257	-21.25	2.25	255	2700,50
257	-22.25	2.25	255	2700,50
257	-22.25	1.75	255	2700,50
257	-21.75	1.25	255	2700,50
257	-19.75	1.25	255	2700,50
257	-18.75	0.25	255	2700,50
257	-18.25	0.25	255	2700,50
257	-18.25	1.25	255	2700,50
257	-17.75	1.75	255	2700,50
257	-16.25	1.75	255	2700,50
257	-16.25	0.75	255	2700,50
257	-15.25	0.75	255	2700,50
257	-14.75	0.25	255	2700,50
257	-14.75	-0.25	255	2700,50
257	-15.25	-0.75	255	2700,50
257	-22.75	-0.75	255	2700,50
257	-23.75	0.25	255	2700,50
257	-23.75	1.25	255	2700,50
257	-24.25	1.75	255	2700,50
257	-25.25	1.75	255	2700,50
257	-25.25	2.25	255	2700,50
257	-24.75	2.75	255	2700,50
257	-24.25	2.75	255	2700,50
257	-23.75	2.25	255	2700,50
257	-23.25	2.25	255	2700,50
257	-23.25	2.75	255	2700,50
257	-24.25	3.75	255	2700,50
257	-24.75	3.75	255	2700,50
257	-25.25	3.25	255	2700,50
257	-25.75	3.25	255	2700,50
257	-26.25	3.75	255	2700,50
257	-26.75	48.25	255	2700,0
257	-26.75	48.75	255	2700,0
257	-26.25	49.25	255	2700,0
257	-16.75	49.25	255	2700,0
257	-15.75	48.25	255	2700,0
257	-15.75	47.75	255	2700,0
257	-16.25	47.25	255	2700,0
257	-16.25	45.25	255	2700,0
257	-16.75	44.75	255	2700,0
257	-16.75	43.75	255	2700,0
257	-18.25	43.75	255	2700,0
257	-18.25	44.75	255	2700,0
257	-20.25	44.75	255	2700,0
257	-20.25	45.75	255	2700,0
257	-21.25	46.75	255	2700,0
257	-21.25	47.75	255	2700,0
257	-21.75	47.75	255	2700,0
257	-22.25	47.25	255	2700,0
257	-23.25	47.25	255	2700,0
257	-23.75	46.75	255	2700,0
257	-26.25	46.75	255	2700,0
257	-26.25	47.25	255	2700,0
257	-25.75	47.75	255	2700,0
257	-25.75	48.25	255	2700,0
257	-26.75	48.25	255	2700,0
258	-26.25	-0.25	255	2700,50
258	-26.25	0.25	255	2700,50
258	-25.75	0.25	255	2700,50
258	-25.25	-0.25	255	2700,50
258	-25.25	-0.75	255	2700,50
258	-25.75	-0.75	255	2700,50
258	-26.25	-0.25	255	2700,50
258	-15.25	48.75	255	2700,0
258	-15.25	49.25	255	2700,0
258	-14.75	49.25	255	2700,0
258	-13.75	48.25	255	2700,0
258	-13.75	47.75	255	2700,0
258	-14.25	47.75	255	2700,0
258	-15.25	48.75	255	2700,0
259	-24.75	-0.25	255	2700,50
259	-24.75	-0.75	255	2700,50
259	-24.25	-0.75	255	2700,50
259	-24.25	-0.25	255	2700,50
259	-24.75	-0.25	255	2700,50
669	2.75	28.75	87	2700,50
669	2.75	29.25	87	2700,50
669	4.75	31.25	87	2700,50
669	5.25	31.25	87	2700,50
669	5.25	27.75	87	2700,50
669	4.75	27.75	87	2700,50
669	3.75	28.75	87	2700,50
669	2.75	28.75	87	2700,50
669	-44.75	30.25	87	2750,50
669	-44.75	30.75	87	2750,50
669	-44.25	30.75	87	2750,50
669	-29.75	16.25	87	2750,50
669	-29.75	15.75	87	2750,50
669	-30.75	15.75	87	2750,50
669	-30.75	14.25	87	2750,50
669	-30.25	13.75	87	2750,50
669	-30.25	13.25	87	2750,50
669	-31.25	13.25	87	2750,50
669	-31.25	11.25	87	2750,50
669	-31.75	11.25	87	2750,50
669	-32.25	11.75	87	2750,50
669	-32.75	11.75	87	2750,50
669	-33.75	10.75	87	2750,50
669	-34.75	10.75	87	2750,50
669	-34.75	8.75	87	2750,50
669	-35.75	8.75	87	2750,50
669	-36.25	8.25	87	2750,50
669	-38.25	8.25	87	2750,50
669	-38.25	7.75	87	2750,50
669	-37.25	6.75	87	2750,50
669	-37.25	5.25	87	2750,50
669	-38.75	3.75	87	2750,50
669	-39.25	3.75	87	2750,50
669	-40.25	4.75	87	2750,50
669	-40.25	5.75	87	2750,50
669	-40.75	5.75	87	2750,50
669	-41.25	5.25	87	2750,50
669	-41.25	4.75	87	2750,50
669	-40.75	4.25	87	2750,50
669	-40.75	2.75	87	2750,50
669	-41.75	2.75	87	2750,50
669	-41.75	1.25	87	2750,50
669	-41.25	1.25	87	2750,50
669	-40.25	2.25	87	2750,50
669	-39.75	2.25	87	2750,50
669	-39.75	1.25	87	2750,50
669	-39.25	0.75	87	2750,50
669	-39.25	-0.75	87	2750,50
669	-41.75	-0.75	87	2750,50
669	-42.25	-0.25	87	2750,50
669	-42.25	0.75	87	2750,50
669	-42.75	1.25	87	2750,50
669	-42.75	2.25	87	2750,50
669	-43.75	2.25	87	2750,50
669	-44.75	3.25	87	2750,50
669	-44.75	3.75	87	2750,50
669	-43.75	3.75	87	2750,50
669	-42.75	4.75	87	2750,50
669	-42.75	5.25	87	2750,50
669	-43.75	5.25	87	2750,50
669	-43.75	6.25	87	2750,50
669	-44.25	6.75	87	2750,50
669	-44.25	7.25	87	2750,50
669	-43.75	7.75	87	2750,50
669	-43.75	8.25	87	2750,50
669	-44.75	8.25	87	2750,50
669	-44.75	8.75	87	2750,50
669	-44.25	9.25	87	2750,50
669	-43.75	9.25	87	2750,50
669	-43.25	8.75	87	2750,50
669	-42.75	8.75	87	2750,50
669	-42.75	9.25	87	2750,50
669	-43.25	9.75	87	2750,50
669	-43.25	10.25	87	2750,50
669	-41.25	10.25	87	2750,50
669	-41.25	10.75	87	2750,50
669	-41.75	11.25	87	2750,50
669	-42.75	11.25	87	2750,50
669	-43.25	11.75	87	2750,50
669	-43.25	12.25	87	2750,50
669	-42.25	13.25	87	2750,50
669	-41.75	13.25	87	2750,50
669	-41.25	12.75	87	2750,50
669	-39.75	12.75	87	2750,50
669	-39.25	13.25	87	2750,50
669	-39.25	14.25	87	2750,50
669	-38.75	14.75	87	2750,50
669	-38.75	16.75	87	2750,50
669	-38.25	17.25	87	2750,50
669	-38.25	17.75	87	2750,50
669	-39.25	17.75	87	2750,50
669	-39.25	18.75	87	2750,50
669	-39.75	19.25	87	2750,50
669	-39.75	19.75	87	2750,50
669	-39.25	20.25	87	2750,50
669	-38.25	20.25	87	2750,50
669	-38.25	20.75	87	2750,50
669	-38.75	21.25	87	2750,50
669	-39.25	21.25	87	2750,50
669	-40.25	20.25	87	2750,50
669	-40.75	20.25	87	2750,50
669	-41.75	21.25	87	2750,50
669	-42.25	21.25	87	2750,50
669	-42.25	19.25	87	2750,50
669	-42.75	18.75	87	2750,50
669	-43.25	18.75	87	2750,50
669	-44.75	20.25	87	2750,50
669	-44.75	22.75	87	2750,50
669	-44.25	23.25	87	2750,50
669	-44.25	24.25	87	2750,50
669	-43.75	24.75	87	2750,50
669	-43.75	26.25	87	2750,50
669	-44.75	27.25	87	2750,50
669	-44.75	30.25	87	2750,50
669	-15.75	44.25	87	2700,0
669	-15.75	44.75	87	2700,0
669	-14.75	45.75	87	2700,0
669	-13.75	45.75	87	2700,0
669	-13.75	46.75	87	2700,0
669	-13.25	47.25	87	2700,0
669	-12.75	47.25	87	2700,0
669	-12.25	46.75	87	2700,0
669	-10.25	46.75	87	2700,0
669	-10.25	45.75	87	2700,0
669	-9.75	45.25	87	2700,0
669	-9.25	45.25	87	2700,0
669	-8.75	45.75	87	2700,0
669	-7.75	45.75	87	2700,0
669	-6.75	46.75	87	2700,0
669	-6.75	47.75	87	2700,0
669	-5.75	48.75	87	2700,0
669	-4.75	48.75	87	2700,0
669	-4.25	49.25	87	2700,0
669	3.25	49.25	87	2700,0
669	3.25	47.75	87	2700,0
669	2.75	47.25	87	2700,0
669	2.75	46.75	87	2700,0
669	3.25	46.75	87	2700,0
669	3.75	47.25	87	2700,0
669	5.25	47.25	87	2700,0
669	5.25	46.75	87	2700,0
669	4.25	45.75	87	2700,0
669	4.25	45.25	87	2700,0
669	5.25	44.25	87	2700,0
669	5.25	24.75	87	2700,0
669	4.25	24.75	87	2700,0
669	2.75	23.25	87	2700,0
669	2.25	23.25	87	2700,0
669	2.25	24.25	87	2700,0
669	1.75	24.75	87	2700,0
669	1.75	25.75	87	2700,0
669	1.25	26.25	87	2700,0
669	1.25	26.75	87	2700,0
669	2.25	26.75	87	2700,0
669	3.25	27.75	87	2700,0
669	3.25	28.25	87	2700,0
669	2.75	28.25	87	2700,0
669	2.25	27.75	87	2700,0
669	1.75	27.75	87	2700,0
669	1.75	28.25	87	2700,0
669	2.75	29.25	87	2700,0
669	2.75	30.25	87	2700,0
669	4.25	31.75	87	2700,0
669	4.25	32.25	87	2700,0
669	3.75	32.25	87	2700,0
669	2.25	30.75	87	2700,0
669	1.75	30.75	87	2700,0
669	1.75	31.25	87	2700,0
669	2.75	32.25	87	2700,0
669	2.75	32.75	87	2700,0
669	2.25	33.25	87	2700,0
669	1.75	33.25	87	2700,0
669	1.25	32.75	87	2700,0
669	0.75	32.75	87	2700,0
669	0.75	33.25	87	2700,0
669	1.25	33.75	87	2700,0
669	1.25	34.25	87	2700,0
669	0.25	34.25	87	2700,0
669	-0.25	34.75	87	2700,0
669	-0.75	34.75	87	2700,0
669	-0.75	34.25	87	2700,0
669	-0.25	33.75	87	2700,0
669	-0.25	33.25	87	2700,0
669	-1.25	33.25	87	2700,0
669	-2.25	32.25	87	2700,0
669	-2.75	32.25	87	2700,0
669	-2.75	32.75	87	2700,0
669	-1.75	33.75	87	2700,0
669	-1.75	34.75	87	2700,0
669	-1.25	35.25	87	2700,0
669	-1.25	35.75	87	2700,0
669	-1.75	36.25	87	2700,0
669	-1.75	36.75	87	2700,0
669	-0.75	37.75	87	2700,0
669	0.25	37.75	87	2700,0
669	0.75	38.25	87	2700,0
669	0.75	38.75	87	2700,0
669	0.25	39.25	87	2700,0
669	-0.25	39.25	87	2700,0
669	-1.75	37.75	87	2700,0
669	-2.75	37.75	87	2700,0
669	-2.75	36.25	87	2700,0
669	-2.25	35.75	87	2700,0
669	-2.25	35.25	87	2700,0
669	-3.25	35.25	87	2700,0
669	-4.75	33.75	87	2700,0
669	-4.75	33.25	87	2700,0
669	-4.25	33.25	87	2700,0
669	-3.75	33.75	87	2700,0
669	-3.25	33.75	87	2700,0
669	-3.25	33.25	87	2700,0
669	-3.75	32.75	87	2700,0
669	-3.75	32.25	87	2700,0
669	-2.75	31.25	87	2700,0
669	-1.75	31.25	87	2700,0
669	-1.25	30.75	87	2700,0
669	-1.25	29.25	87	2700,0
669	-1.75	28.75	87	2700,0
669	-1.75	27.75	87	2700,0
669	-2.25	27.25	87	2700,0
669	-3.75	27.25	87	2700,0
669	-4.25	27.75	87	2700,0
669	-5.25	27.75	87	2700,0
669	-9.25	31.75	87	2700,0
669	-9.75	31.75	87	2700,0
669	-19.75	21.75	87	2700,0
669	-20.25	21.75	87	2700,0
669	-20.75	22.25	87	2700,0
669	-21.75	22.25	87	2700,0
669	-22.25	22.75	87	2700,0
669	-22.25	23.25	87	2700,0
669	-21.25	24.25	87	2700,0
669	-20.75	24.25	87	2700,0
669	-20.25	23.75	87	2700,0
669	-19.75	23.75	87	2700,0
669	-19.75	24.25	87	2700,0
669	-20.25	24.75	87	2700,0
669	-20.25	25.25	87	2700,0
669	-19.75	25.75	87	2700,0
669	-19.75	26.25	87	2700,0
669	-20.75	27.25	87	2700,0
669	-20.75	27.75	87	2700,0
669	-20.25	27.75	87	2700,0
669	-19.75	27.25	87	2700,0
669	-19.25	27.25	87	2700,0
669	-19.25	28.75	87	2700,0
669	-19.75	29.25	87	2700,0
669	-19.75	29.75	87	2700,0
669	-19.25	29.75	87	2700,0
669	-18.25	28.75	87	2700,0
669	-17.75	28.75	87	2700,0
669	-17.75	30.75	87	2700,0
669	-16.75	31.75	87	2700,0
669	-13.75	31.75	87	2700,0
669	-13.25	32.25	87	2700,0
669	-13.25	32.75	87	2700,0
669	-14.25	32.75	87	2700,0
669	-14.75	33.25	87	2700,0
669	-14.75	33.75	87	2700,0
669	-14.25	34.25	87	2700,0
669	-14.25	35.25	87	2700,0
669	-13.75	35.75	87	2700,0
669	-13.75	36.75	87	2700,0
669	-12.25	36.75	87	2700,0
669	-12.25	35.75	87	2700,0
669	-11.25	35.75	87	2700,0
669	-11.25	34.75	87	2700,0
669	-10.75	34.75	87	2700,0
669	-10.25	35.25	87	2700,0
669	-9.25	35.25	87	2700,0
669	-8.75	35.75	87	2700,0
669	-8.75	36.25	87	2700,0
669	-10.25	37.75	87	2700,0
669	-12.25	37.75	87	2700,0
669	-12.25	38.25	87	2700,0
669	-11.75	38.75	87	2700,0
669	-11.75	39.25	87	2700,0
669	-12.25	39.75	87	2700,0
669	-13.75	39.75	87	2700,0
669	-13.75	38.75	87	2700,0
669	-14.25	38.75	87	2700,0
669	-14.75	39.25	87	2700,0
669	-14.75	40.25	87	2700,0
669	-15.25	40.75	87	2700,0
669	-15.25	41.75	87	2700,0
669	-16.25	41.75	87	2700,0
669	-16.25	43.25	87	2700,0
669	-15.25	43.25	87	2700,0
669	-14.75	43.75	87	2700,0
669	-13.75	43.75	87	2700,0
669	-13.25	44.25	87	2700,0
669	-13.25	44.75	87	2700,0
669	-14.75	44.75	87	2700,0
669	-15.25	44.25	87	2700,0
669	-15.75	44.25	87	2700,0
669	-44.25	47.75	87	2750,0
669	-44.25	48.25	87	2750,0
669	-43.25	48.25	87	2750,0
669	-42.25	49.25	87	2750,0
669	-38.75	49.25	87	2750,0
669	-38.75	48.75	87	2750,0
669	-39.25	48.25	87	2750,0
669	-39.25	45.75	87	2750,0
669	-38.25	45.75	87	2750,0
669	-38.25	45.25	87	2750,0
669	-38.75	44.75	87	2750,0
669	-38.75	44.25	87	2750,0
669	-38.25	43.75	87	2750,0
669	-37.25	43.75	87	2750,0
669	-37.25	42.25	87	2750,0
669	-37.75	41.75	87	2750,0
669	-37.75	41.25	87	2750,0
669	-37.25	41.25	87	2750,0
669	-36.25	42.25	87	2750,0
669	-35.75	42.25	87	2750,0
669	-35.25	41.75	87	2750,0
669	-35.25	40.75	87	2750,0
669	-34.75	40.25	87	2750,0
669	-34.25	40.25	87	2750,0
669	-33.75	40.75	87	2750,0
669	-33.25	40.75	87	2750,0
669	-33.25	39.75	87	2750,0
669	-32.75	39.75	87	2750,0
669	-31.75	40.75	87	2750,0
669	-31.75	41.25	87	2750,0
669	-32.75	41.25	87	2750,0
669	-32.75	42.25	87	2750,0
669	-33.25	42.75	87	2750,0
669	-34.25	42.75	87	2750,0
669	-34.25	44.25	87	2750,0
669	-33.75	44.25	87	2750,0
669	-32.25	42.75	87	2750,0
669	-31.25	42.75	87	2750,0
669	-29.75	41.25	87	2750,0
669	-28.25	41.25	87	2750,0
669	-28.25	42.75	87	2750,0
669	-28.75	42.75	87	2750,0
669	-29.25	42.25	87	2750,0
669	-29.75	42.25	87	2750,0
669	-29.75	42.75	87	2750,0
669	-29.25	43.25	87	2750,0
669	-29.25	43.75	87	2750,0
669	-30.25	43.75	87	2750,0
669	-30.75	44.25	87	2750,0
669	-32.75	44.25	87	2750,0
669	-33.75	45.25	87	2750,0
669	-33.75	45.75	87	2750,0
669	-32.75	46.75	87	2750,0
669	-32.75	47.25	87	2750,0
669	-33.75	48.25	87	2750,0
669	-33.75	48.75	87	2750,0
669	-33.25	49.25	87	2750,0
669	-32.75	49.25	87	2750,0
669	-32.75	48.25	87	2750,0
669	-32.25	47.75	87	2750,0
669	-31.75	47.75	87	2750,0
669	-31.75	48.75	87	2750,0
669	-31.25	49.25	87	2750,0
669	-29.75	49.25	87	2750,0
669	-28.75	48.25	87	2750,0
669	-28.75	47.25	87	2750,0
669	-27.75	47.25	87	2750,0
669	-27.25	46.75	87	2750,0
669	-27.25	45.25	87	2750,0
669	-27.75	45.25	87	2750,0
669	-28.25	45.75	87	2750,0
669	-29.75	45.75	87	2750,0
669	-29.75	45.25	87	2750,0
669	-29.25	44.75	87	2750,0
669	-28.25	44.75	87	2750,0
669	-27.75	44.25	87	2750,0
669	-27.75	43.25	87	2750,0
669	-27.25	43.25	87	2750,0
669	-26.75	43.75	87	2750,0
669	-26.25	43.75	87	2750,0
669	-25.75	43.25	87	2750,0
669	-25.25	43.25	87	2750,0
669	-24.75	43.75	87	2750,0
669	-23.25	43.75	87	2750,0
669	-22.75	43.25	87	2750,0
669	-22.75	42.25	87	2750,0
669	-22.25	41.75	87	2750,0
669	-21.75	41.75	87	2750,0
669	-21.25	42.25	87	2750,0
669	-20.75	42.25	87	2750,0
669	-20.75	40.75	87	2750,0
669	-21.75	39.75	87	2750,0
669	-21.75	38.25	87	2750,0
669	-21.25	37.75	87	2750,0
669	-21.25	37.25	87	2750,0
669	-22.25	36.25	87	2750,0
669	-23.75	36.25	87	2750,0
669	-24.75	37.25	87	2750,0
669	-24.75	38.75	87	2750,0
669	-23.25	40.25	87	2750,0
669	-23.25	41.75	87	2750,0
669	-23.75	42.25	87	2750,0
669	-24.25	42.25	87	2750,0
669	-24.75	41.75	87	2750,0
669	-26.75	41.75	87	2750,0
669	-26.75	40.75	87	2750,0
669	-27.25	40.25	87	2750,0
669	-27.25	39.25	87	2750,0
669	-27.75	38.75	87	2750,0
669	-28.25	38.75	87	2750,0
669	-28.75	39.25	87	2750,0
669	-29.25	39.25	87	2750,0
669	-29.25	38.75	87	2750,0
669	-28.75	38.25	87	2750,0
669	-28.75	37.25	87	2750,0
669	-28.25	37.25	87	2750,0
669	-27.75	37.75	87	2750,0
669	-27.25	37.75	87	2750,0
669	-27.25	37.25	87	2750,0
669	-27.75	36.75	87	2750,0
669	-27.75	35.75	87	2750,0
669	-28.25	35.75	87	2750,0
669	-29.75	37.25	87	2750,0
669	-30.25	37.25	87	2750,0
669	-30.75	36.75	87	2750,0
669	-31.75	36.75	87	2750,0
669	-32.25	36.25	87	2750,0
669	-33.25	36.25	87	2750,0
669	-33.75	35.75	87	2750,0
669	-34.25	35.75	87	2750,0
669	-34.75	36.25	87	2750,0
669	-35.25	36.25	87	2750,0
669	-35.25	35.25	87	2750,0
669	-35.75	35.25	87	2750,0
669	-40.75	40.25	87	2750,0
669	-40.75	40.75	87	2750,0
669	-39.75	40.75	87	2750,0
669	-39.75	41.25	87	2750,0
669	-40.75	42.25	87	2750,0
669	-41.25	42.25	87	2750,0
669	-41.25	41.25	87	2750,0
669	-41.75	40.75	87	2750,0
669	-41.75	39.75	87	2750,0
669	-42.25	39.25	87	2750,0
669	-44.25	39.25	87	2750,0
669	-44.25	38.75	87	2750,0
669	-43.25	37.75	87	2750,0
669	-43.25	35.75	87	2750,0
669	-42.25	35.75	87	2750,0
669	-41.75	35.25	87	2750,0
669	-41.75	34.25	87	2750,0
669	-41.25	34.25	87	2750,0
669	-40.75	34.75	87	2750,0
669	-40.25	34.75	87	2750,0
669	-39.75	34.25	87	2750,0
669	-39.25	34.25	87	2750,0
669	-39.25	35.25	87	2750,0
669	-37.75	35.25	87	2750,0
669	-37.75	34.25	87	2750,0
669	-37.25	33.75	87	2750,0
669	-37.25	32.75	87	2750,0
669	-36.75	32.25	87	2750,0
669	-36.75	31.75	87	2750,0
669	-37.25	31.25	87	2750,0
669	-37.25	30.75	87	2750,0
669	-36.75	30.25	87	2750,0
669	-36.75	29.75	87	2750,0
669	-37.25	29.25	87	2750,0
669	-37.25	28.75	87	2750,0
669	-36.75	28.25	87	2750,0
669	-36.75	27.75	87	2750,0
669	-37.75	27.75	87	2750,0
669	-39.25	26.25	87	2750,0
669	-39.75	26.25	87	2750,0
669	-40.25	26.75	87	2750,0
669	-40.75	26.75	87	2750,0
669	-40.75	26.25	87	2750,0
669	-39.75	25.25	87	2750,0
669	-38.25	25.25	87	2750,0
669	-38.25	26.25	87	2750,0
669	-37.75	26.75	87	2750,0
669	-37.25	26.75	87	2750,0
669	-36.75	26.25	87	2750,0
669	-36.75	25.25	87	2750,0
669	-34.75	23.25	87	2750,0
669	-34.25	23.25	87	2750,0
669	-33.75	23.75	87	2750,0
669	-33.75	24.25	87	2750,0
669	-34.75	24.25	87	2750,0
669	-34.75	25.25	87	2750,0
669	-35.75	25.25	87	2750,0
669	-35.75	26.75	87	2750,0
669	-34.75	26.75	87	2750,0
669	-34.25	27.25	87	2750,0
669	-34.25	29.25	87	2750,0
669	-33.75	29.25	87	2750,0
669	-33.25	28.75	87	2750,0
669	-33.25	27.75	87	2750,0
669	-31.75	26.25	87	2750,0
669	-31.75	25.75	87	2750,0
669	-32.75	24.75	87	2750,0
669	-32.75	24.25	87	2750,0
669	-31.75	24.25	87	2750,0
669	-31.75	23.25	87	2750,0
669	-31.25	22.75	87	2750,0
669	-31.25	21.75	87	2750,0
669	-30.75	21.25	87	2750,0
669	-29.25	21.25	87	2750,0
669	-29.25	22.25	87	2750,0
669	-28.25	23.25	87	2750,0
669	-27.75	23.25	87	2750,0
669	-27.75	21.25	87	2750,0
669	-25.25	21.25	87	2750,0
669	-24.75	21.75	87	2750,0
669	-24.75	22.25	87	2750,0
669	-25.25	22.75	87	2750,0
669	-25.25	23.25	87	2750,0
669	-24.75	23.25	87	2750,0
669	-24.25	22.75	87	2750,0
669	-23.75	22.75	87	2750,0
669	-23.25	23.25	87	2750,0
669	-22.75	23.25	87	2750,0
669	-22.75	22.25	87	2750,0
669	-21.25	22.25	87	2750,0
669	-20.25	23.25	87	2750,0
669	-19.25	23.25	87	2750,0
669	-18.75	23.75	87	2750,0
669	-18.75	24.25	87	2750,0
669	-19.25	24.75	87	2750,0
669	-20.25	24.75	87	2750,0
669	-21.25	25.75	87	2750,0
669	-21.25	26.25	87	2750,0
669	-20.75	26.75	87	2750,0
669	-20.75	27.25	87	2750,0
669	-21.25	27.75	87	2750,0
669	-22.25	27.75	87	2750,0
669	-23.75	29.25	87	2750,0
669	-23.75	29.75	87	2750,0
669	-22.75	30.75	87	2750,0
669	-22.75	31.25	87	2750,0
669	-23.25	31.75	87	2750,0
669	-23.25	32.75	87	2750,0
669	-23.75	32.75	87	2750,0
669	-24.25	32.25	87	2750,0
669	-24.25	31.25	87	2750,0
669	-24.75	31.25	87	2750,0
669	-25.25	31.75	87	2750,0
669	-25.25	32.25	87	2750,0
669	-24.75	32.75	87	2750,0
669	-24.75	33.75	87	2750,0
669	-22.25	33.75	87	2750,0
669	-20.25	31.75	87	2750,0
669	-20.25	30.25	87	2750,0
669	-21.25	30.25	87	2750,0
669	-21.25	29.75	87	2750,0
669	-20.75	29.25	87	2750,0
669	-18.75	29.25	87	2750,0
669	-17.75	28.25	87	2750,0
669	-17.25	28.25	87	2750,0
669	-17.25	29.75	87	2750,0
669	-18.25	30.75	87	2750,0
669	-18.25	31.75	87	2750,0
669	-18.75	32.25	87	2750,0
669	-18.75	32.75	87	2750,0
669	-18.25	33.25	87	2750,0
669	-18.25	35.25	87	2750,0
669	-17.75	35.25	87	2750,0
669	-16.75	34.25	87	2750,0
669	-16.25	34.25	87	2750,0
669	-15.75	34.75	87	2750,0
669	-15.75	35.25	87	2750,0
669	-16.75	35.25	87	2750,0
669	-16.75	35.75	87	2750,0
669	-16.25	36.25	87	2750,0
669	-14.75	36.25	87	2750,0
669	-14.75	35.25	87	2750,0
669	-13.75	34.25	87	2750,0
669	-13.75	33.75	87	2750,0
669	-14.75	33.75	87	2750,0
669	-15.25	33.25	87	2750,0
669	-16.25	33.25	87	2750,0
669	-16.75	32.75	87	2750,0
669	-16.75	31.25	87	2750,0
669	-16.25	30.75	87	2750,0
669	-15.75	30.75	87	2750,0
669	-14.75	31.75	87	2750,0
669	-13.75	31.75	87	2750,0
669	-13.25	32.25	87	2750,0
669	-12.25	32.25	87	2750,0
669	-11.75	32.75	87	2750,0
669	-11.75	33.25	87	2750,0
669	-12.25	33.75	87	2750,0
669	-12.25	34.25	87	2750,0
669	-10.75	35.75	87	2750,0
669	-10.25	35.75	87	2750,0
669	-9.25	34.75	87	2750,0
669	-8.75	34.75	87	2750,0
669	-8.75	35.75	87	2750,0
669	-7.25	35.75	87	2750,0
669	-7.25	34.25	87	2750,0
669	-8.25	34.25	87	2750,0
669	-8.75	33.75	87	2750,0
669	-9.75	33.75	87	2750,0
669	-10.75	32.75	87	2750,0
669	-10.75	32.25	87	2750,0
669	-9.75	31.25	87	2750,0
669	-9.75	30.25	87	2750,0
669	-9.25	29.75	87	2750,0
669	-8.75	29.75	87	2750,0
669	-8.25	30.25	87	2750,0
669	-7.75	30.25	87	2750,0
669	-7.75	28.75	87	2750,0
669	-8.75	28.75	87	2750,0
669	-9.25	28.25	87	2750,0
669	-9.25	25.75	87	2750,0
669	-8.75	25.25	87	2750,0
669	-8.75	24.25	87	2750,0
669	-8.25	24.25	87	2750,0
669	-7.75	24.75	87	2750,0
669	-7.25	24.75	87	2750,0
669	-6.75	24.25	87	2750,0
669	-6.75	23.75	87	2750,0
669	-7.75	23.75	87	2750,0
669	-7.75	22.75	87	2750,0
669	-8.75	21.75	87	2750,0
669	-8.75	21.25	87	2750,0
669	-7.75	21.25	87	2750,0
669	-7.25	20.75	87	2750,0
669	-7.25	20.25	87	2750,0
669	-7.75	19.75	87	2750,0
669	-7.75	19.25	87	2750,0
669	-7.25	18.75	87	2750,0
669	-7.25	18.25	87	2750,0
669	-9.25	16.25	87	2750,0
669	-10.25	16.25	87	2750,0
669	-10.25	15.75	87	2750,0
669	-9.75	15.25	87	2750,0
669	-9.75	14.75	87	2750,0
669	-10.25	14.25	87	2750,0
669	-10.25	13.75	87	2750,0
669	-7.75	13.75	87	2750,0
669	-7.25	14.25	87	2750,0
669	-7.25	15.75	87	2750,0
669	-7.75	16.25	87	2750,0
669	-7.75	16.75	87	2750,0
669	-7.25	16.75	87	2750,0
669	-6.75	16.25	87	2750,0
669	-6.25	16.25	87	2750,0
669	-6.25	18.25	87	2750,0
669	-5.75	18.75	87	2750,0
669	-5.25	18.75	87	2750,0
669	-4.75	18.25	87	2750,0
669	-4.75	17.25	87	2750,0
669	-3.25	15.75	87	2750,0
669	-3.25	15.25	87	2750,0
669	-3.75	14.75	87	2750,0
669	-4.25	14.75	87	2750,0
669	-4.75	15.25	87	2750,0
669	-5.25	15.25	87	2750,0
669	-5.75	14.75	87	2750,0
669	-5.75	12.25	87	2750,0
669	-5.25	11.75	87	2750,0
669	-4.25	11.75	87	2750,0
669	-3.75	11.25	87	2750,0
669	-3.75	10.25	87	2750,0
669	-3.25	10.25	87	2750,0
669	-2.25	11.25	87	2750,0
669	-2.25	11.75	87	2750,0
669	-3.25	11.75	87	2750,0
669	-3.25	12.75	87	2750,0
669	-3.75	13.25	87	2750,0
669	-3.75	13.75	87	2750,0
669	-3.25	14.25	87	2750,0
669	-2.75	14.25	87	2750,0
669	-2.75	13.25	87	2750,0
669	-1.25	11.75	87	2750,0
669	-1.25	9.75	87	2750,0
669	-0.75	9.75	87	2750,0
669	-0.25	10.25	87	2750,0
669	-0.25	14.25	87	2750,0
669	0.25	14.75	87	2750,0
669	0.25	15.75	87	2750,0
669	1.25	15.75	87	2750,0
669	1.25	16.75	87	2750,0
669	2.25	17.75	87	2750,0
669	2.75	17.75	87	2750,0
669	2.75	17.25	87	2750,0
669	2.25	16.75	87	2750,0
669	2.25	16.25	87	2750,0
669	2.75	16.25	87	2750,0
669	3.25	16.75	87	2750,0
669	3.75	16.75	87	2750,0
669	4.75	15.75	87	2750,0
669	4.75	0.25	87	2750,0
669	4.25	-0.25	87	2750,0
669	-27.25	-0.25	87	2750,0
669	-37.25	9.75	87	2750,0
669	-37.25	11.75	87	2750,0
669	-37.75	12.25	87	2750,0
669	-37.75	12.75	87	2750,0
669	-36.75	13.75	87	2750,0
669	-36.75	14.75	87	2750,0
669	-36.25	15.25	87	2750,0
669	-34.75	15.25	87	2750,0
669	-34.75	14.75	87	2750,0
669	-35.75	13.75	87	2750,0
669	-35.75	13.25	87	2750,0
669	-35.25	13.25	87	2750,0
669	-34.75	13.75	87	2750,0
669	-34.25	13.75	87	2750,0
669	-33.75	13.25	87	2750,0
669	-33.75	12.25	87	2750,0
669	-33.25	12.25	87	2750,0
669	-32.25	13.25	87	2750,0
669	-31.75	13.25	87	2750,0
669	-31.25	12.75	87	2750,0
669	-30.25	12.75	87	2750,0
669	-30.25	9.75	87	2750,0
669	-29.75	9.75	87	2750,0
669	-29.25	10.25	87	2750,0
669	-28.75	10.25	87	2750,0
669	-28.75	9.25	87	2750,0
669	-28.25	9.25	87	2750,0
669	-27.75	9.75	87	2750,0
669	-27.75	10.75	87	2750,0
669	-27.25	10.75	87	2750,0
669	-25.75	9.25	87	2750,0
669	-25.25	9.25	87	2750,0
669	-25.25	9.75	87	2750,0
669	-26.75	11.25	87	2750,0
669	-26.75	12.25	87	2750,0
669	-27.25	12.75	87	2750,0
669	-28.25	12.75	87	2750,0
669	-29.25	13.75	87	2750,0
669	-30.25	13.75	87	2750,0
669	-30.75	14.25	87	2750,0
669	-32.25	14.25	87	2750,0
669	-32.75	13.75	87	2750,0
669	-33.25	13.75	87	2750,0
669	-33.25	14.25	87	2750,0
669	-32.75	14.75	87	2750,0
669	-32.75	16.25	87	2750,0
669	-35.75	16.25	87	2750,0
669	-36.25	16.75	87	2750,0
669	-36.25	17.75	87	2750,0
669	-36.75	17.75	87	2750,0
669	-37.25	17.25	87	2750,0
669	-39.25	17.25	87	2750,0
669	-39.75	16.75	87	2750,0
669	-39.75	15.75	87	2750,0
669	-40.75	15.75	87	2750,0
669	-40.75	14.75	87	2750,0
669	-41.25	14.25	87	2750,0
669	-41.75	14.25	87	2750,0
669	-43.75	16.25	87	2750,0
669	-43.75	20.25	87	2750,0
669	-44.25	20.75	87	2750,0
669	-44.25	21.25	87	2750,0
669	-43.75	21.75	87	2750,0
669	-43.75	22.25	87	2750,0
669	-44.25	22.75	87	2750,0
669	-44.25	23.25	87	2750,0
669	-43.75	23.75	87	2750,0
669	-43.75	24.25	87	2750,0
669	-44.75	24.25	87	2750,0
669	-44.75	44.75	87	2750,0
669	-43.75	45.75	87	2750,0
669	-43.75	47.25	87	2750,0
669	-44.25	47.75	87	2750,0
669	-44.25	18.75	87	2800,0
669	-44.25	19.25	87	2800,0
669	-41.75	19.25	87	2800,0
669	-41.25	18.75	87	2800,0
669	-40.75	18.75	87	2800,0
669	-40.25	19.25	87	2800,0
669	-40.25	20.25	87	2800,0
669	-39.75	20.75	87	2800,0
669	-37.75	20.75	87	2800,0
669	-37.75	21.75	87	2800,0
669	-36.75	21.75	87	2800,0
669	-36.75	22.25	87	2800,0
669	-37.25	22.75	87	2800,0
669	-37.25	23.25	87	2800,0
669	-36.75	23.25	87	2800,0
669	-13.75	0.25	87	2800,0
669	-13.75	-0.25	87	2800,0
669	-45.25	-0.25	87	2800,0
669	-45.25	16.25	87	2800,0
669	-44.75	16.25	87	2800,0
669	-44.25	15.75	87	2800,0
669	-43.25	15.75	87	2800,0
669	-43.25	14.25	87	2800,0
669	-43.75	14.25	87	2800,0
669	-44.25	14.75	87	2800,0
669	-44.75	14.75	87	2800,0
669	-44.75	14.25	87	2800,0
669	-43.75	13.25	87	2800,0
669	-42.25	13.25	87	2800,0
669	-42.25	16.75	87	2800,0
669	-44.25	18.75	87	2800,0
670	4.25	21.25	87	2700,50
670	4.25	21.75	87	2700,50
670	4.75	21.75	87	2700,50
670	5.25	21.25	87	2700,50
670	5.25	19.75	87	2700,50
670	4.75	19.75	87	2700,50
670	4.25	20.25	87	2700,50
670	4.25	21.25	87	2700,50
670	-30.75	-0.75	87	2750,50
670	-30.75	-0.25	87	2750,50
670	-30.25	-0.25	87	2750,50
670	-30.25	-0.75	87	2750,50
670	-30.75	-0.75	87	2750,50
670	-42.75	22.25	87	2750,0
670	-42.75	22.75	87	2750,0
670	-41.25	22.75	87	2750,0
670	-41.25	21.75	87	2750,0
670	-40.75	21.25	87	2750,0
670	-40.25	21.25	87	2750,0
670	-39.75	21.75	87	2750,0
670	-38.25	21.75	87	2750,0
670	-38.25	21.25	87	2750,0
670	-38.75	20.75	87	2750,0
670	-39.75	20.75	87	2750,0
670	-40.25	20.25	87	2750,0
670	-40.25	19.25	87	2750,0
670	-41.25	19.25	87	2750,0
670	-41.25	18.25	87	2750,0
670	-42.25	17.25	87	2750,0
670	-42.75	17.25	87	2750,0
670	-42.75	18.25	87	2750,0
670	-43.25	18.75	87	2750,0
670	-43.25	19.25	87	2750,0
670	-42.25	19.25	87	2750,0
670	-42.25	20.25	87	2750,0
670	-41.75	20.75	87	2750,0
670	-41.75	21.25	87	2750,0
670	-42.75	22.25	87	2750,0
671	-3.25	-0.25	87	2700,50
671	-3.25	0.25	87	2700,50
671	-2.75	0.75	87	2700,50
671	-0.75	0.75	87	2700,50
671	-0.25	1.25	87	2700,50
671	0.25	1.25	87	2700,50
671	1.75	-0.25	87	2700,50
671	1.75	-0.75	87	2700,50
671	-2.75	-0.75	87	2700,50
671	-3.25	-0.25	87	2700,50
672	2.75	3.75	87	2700,50
672	2.75	4.25	87	2700,50
672	3.75	4.25	87	2700,50
672	4.25	4.75	87	2700,50
672	4.75	4.75	87	2700,50
672	5.25	4.25	87	2700,50
672	5.25	3.75	87	2700,50
672	4.25	3.75	87	2700,50
672	4.25	2.25	87	2700,50
672	4.75	1.75	87	2700,50
672	4.75	1.25	87	2700,50
672	3.25	1.25	87	2700,50
672	3.25	2.25	87	2700,50
672	2.75	2.75	87	2700,50
672	2.75	3.75	87	2700,50
673	2.25	-0.25	87	2700,50
673	2.25	-0.75	87	2700,50
673	2.75	-0.75	87	2700,50
673	2.75	-0.25	87	2700,50
673	2.25	-0.25	87	2700,50
286	-29.25	29.75	270	2700,0
286	-29.25	30.25	270	2700,0
286	-28.75	30.25	270	2700,0
286	-27.75	29.25	270	2700,0
286	-26.75	29.25	270	2700,0
286	-26.25	28.75	270	2700,0
286	-25.75	28.75	270	2700,0
286	-25.75	30.75	270	2700,0
286	-24.25	30.75	270	2700,0
286	-24.25	28.75	270	2700,0
286	-23.75	28.25	270	2700,0
286	-23.25	28.25	270	2700,0
286	-23.25	30.25	270	2700,0
286	-22.25	30.25	270	2700,0
286	-21.75	30.75	270	2700,0
286	-21.75	31.25	270	2700,0
286	-22.25	31.75	270	2700,0
286	-23.25	31.75	270	2700,0
286	-23.25	32.25	270	2700,0
286	-22.75	32.75	270	2700,0
286	-22.25	32.75	270	2700,0
286	-20.75	31.25	270	2700,0
286	-20.75	29.75	270	2700,0
286	-21.25	29.25	270	2700,0
286	-21.25	28.25	270	2700,0
286	-22.75	26.75	270	2700,0
286	-22.75	25.75	270	2700,0
286	-23.25	25.25	270	2700,0
286	-23.25	24.75	270	2700,0
286	-22.75	24.25	270	2700,0
286	-22.75	23.75	270	2700,0
286	-23.25	23.75	270	2700,0
286	-23.75	24.25	270	2700,0
286	-25.25	24.25	270	2700,0
286	-25.75	23.75	270	2700,0
286	-25.75	22.75	270	2700,0
286	-26.25	22.25	270	2700,0
286	-27.75	22.25	270	2700,0
286	-28.75	23.25	270	2700,0
286	-29.25	23.25	270	2700,0
286	-29.25	21.25	270	2700,0
286	-29.75	20.75	270	2700,0
286	-30.25	20.75	270	2700,0
286	-30.75	21.25	270	2700,0
286	-30.75	22.25	270	2700,0
286	-31.75	22.25	270	2700,0
286	-31.75	23.25	270	2700,0
286	-32.25	23.25	270	2700,0
286	-33.25	22.25	270	2700,0
286	-33.25	21.75	270	2700,0
286	-32.75	21.25	270	2700,0
286	-31.75	21.25	270	2700,0
286	-31.25	20.75	270	2700,0
286	-31.25	19.75	270	2700,0
286	-30.75	19.25	270	2700,0
286	-30.75	18.75	270	2700,0
286	-31.75	17.75	270	2700,0
286	-33.25	17.75	270	2700,0
286	-33.75	18.25	270	2700,0
286	-33.75	19.25	270	2700,0
286	-34.75	19.25	270	2700,0
286	-35.25	19.75	270	2700,0
286	-35.75	19.75	270	2700,0
286	-35.75	19.25	270	2700,0
286	-33.75	17.25	270	2700,0
286	-33.75	16.75	270	2700,0
286	-34.25	16.25	270	2700,0
286	-34.25	15.25	270	2700,0
286	-34.75	15.25	270	2700,0
286	-35.75	16.25	270	2700,0
286	-35.75	16.75	270	2700,0
286	-34.75	16.75	270	2700,0
286	-34.75	17.25	270	2700,0
286	-35.25	17.75	270	2700,0
286	-36.25	17.75	270	2700,0
286	-36.75	18.25	270	2700,0
286	-36.75	20.75	270	2700,0
286	-36.25	21.25	270	2700,0
286	-35.75	21.25	270	2700,0
286	-34.75	20.25	270	2700,0
286	-34.25	20.25	270	2700,0
286	-34.25	22.25	270	2700,0
286	-32.75	23.75	270	2700,0
286	-32.75	24.25	270	2700,0
286	-33.25	24.75	270	2700,0
286	-33.25	25.25	270	2700,0
286	-28.25	25.25	270	2700,0
286	-28.25	26.25	270	2700,0
286	-27.75	26.75	270	2700,0
286	-27.75	27.25	270	2700,0
286	-29.25	28.75	270	2700,0
286	-29.25	29.75	270	2700,0
389	-41.25	4.75	34	2750,50
389	-41.25	5.25	34	2750,50
389	-40.75	5.75	34	2750,50
389	-40.25	5.75	34	2750,50
389	-40.25	4.75	34	2750,50
389	-39.25	3.75	34	2750,50
389	-38.75	3.75	34	2750,50
389	-37.25	5.25	34	2750,50
389	-37.25	6.75	34	2750,50
389	-38.25	7.75	34	2750,50
389	-38.25	8.25	34	2750,50
389	-36.25	8.25	34	2750,50
389	-35.75	8.75	34	2750,50
389	-34.75	8.75	34	2750,50
389	-34.75	10.75	34	2750,50
389	-33.75	10.75	34	2750,50
389	-32.75	11.75	34	2750,50
389	-32.25	11.75	34	2750,50
389	-31.75	11.25	34	2750,50
389	-31.25	11.25	34	2750,50
389	-31.25	13.25	34	2750,50
389	-30.25	13.25	34	2750,50
389	-30.25	13.75	34	2750,50
389	-30.75	14.25	34	2750,50
389	-30.75	15.75	34	2750,50
389	-29.25	15.75	34	2750,50
389	-13.25	-0.25	34	2750,50
389	-13.25	-0.75	34	2750,50
389	-29.75	-0.75	34	2750,50
389	-30.25	-0.25	34	2750,50
389	-30.75	-0.25	34	2750,50
389	-31.25	-0.75	34	2750,50
389	-38.75	-0.75	34	2750,50
389	-39.25	-0.25	34	2750,50
389	-39.25	0.75	34	2750,50
389	-39.75	1.25	34	2750,50
389	-39.75	2.25	34	2750,50
389	-40.25	2.25	34	2750,50
389	-41.25	1.25	34	2750,50
389	-41.75	1.25	34	2750,50
389	-41.75	2.75	34	2750,50
389	-40.75	2.75	34	2750,50
389	-40.75	4.25	34	2750,50
389	-41.25	4.75	34	2750,50
389	-39.25	47.75	34	2750,0
389	-39.25	48.25	34	2750,0
389	-38.25	49.25	34	2750,0
389	-33.75	49.25	34	2750,0
389	-33.75	48.25	34	2750,0
389	-32.75	47.25	34	2750,0
389	-32.75	46.75	34	2750,0
389	-33.75	45.75	34	2750,0
389	-33.75	45.25	34	2750,0
389	-32.75	44.25	34	2750,0
389	-30.75	44.25	34	2750,0
389	-30.25	43.75	34	2750,0
389	-29.25	43.75	34	2750,0
389	-29.25	43.25	34	2750,0
389	-29.75	42.75	34	2750,0
389	-29.75	42.25	34	2750,0
389	-29.25	42.25	34	2750,0
389	-28.75	42.75	34	2750,0
389	-28.25	42.75	34	2750,0
389	-28.25	41.25	34	2750,0
389	-29.75	41.25	34	2750,0
389	-31.25	42.75	34	2750,0
389	-32.25	42.75	34	2750,0
389	-33.75	44.25	34	2750,0
389	-34.25	44.25	34	2750,0
389	-34.25	42.75	34	2750,0
389	-33.25	42.75	34	2750,0
389	-32.75	42.25	34	2750,0
389	-32.75	41.25	34	2750,0
389	-31.75	41.25	34	2750,0
389	-31.75	40.75	34	2750,0
389	-32.75	39.75	34	2750,0
389	-33.25	39.75	34	2750,0
389	-33.25	40.75	34	2750,0
389	-33.75	40.75	34	2750,0
389	-34.25	40.25	34	2750,0
389	-34.75	40.25	34	2750,0
389	-35.25	40.75	34	2750,0
389	-35.25	41.75	34	2750,0
389	-35.75	42.25	34	2750,0
389	-36.25	42.25	34	2750,0
389	-37.25	41.25	34	2750,0
389	-37.75	41.25	34	2750,0
389	-37.75	41.75	34	2750,0
389	-37.25	42.25	34	2750,0
389	-37.25	43.75	34	2750,0
389	-38.25	43.75	34	2750,0
389	-38.75	44.25	34	2750,0
389	-38.75	44.75	34	2750,0
389	-38.25	45.25	34	2750,0
389	-38.25	45.75	34	2750,0
389	-39.25	45.75	34	2750,0
389	-39.25	47.75	34	2750,0
389	-45.25	30.75	34	2800,0
389	-45.25	31.25	34	2800,0
389	-44.75	31.25	34	2800,0
389	-37.25	23.75	34	2800,0
389	-37.25	22.75	34	2800,0
389	-36.75	22.25	34	2800,0
389	-36.75	21.75	34	2800,0
389	-37.75	21.75	34	2800,0
389	-37.75	20.75	34	2800,0
389	-39.75	20.75	34	2800,0
389	-40.25	20.25	34	2800,0
389	-40.25	19.25	34	2800,0
389	-40.75	18.75	34	2800,0
389	-41.25	18.75	34	2800,0
389	-41.75	19.25	34	2800,0
389	-44.25	19.25	34	2800,0
389	-44.25	18.75	34	2800,0
389	-42.25	16.75	34	2800,0
389	-42.25	13.25	34	2800,0
389	-43.75	13.25	34	2800,0
389	-44.75	14.25	34	2800,0
389	-44.75	14.75	34	2800,0
389	-44.25	14.75	34	2800,0
389	-43.75	14.25	34	2800,0
389	-43.25	14.25	34	2800,0
389	-43.25	15.75	34	2800,0
389	-44.25	15.75	34	2800,0
389	-45.25	16.75	34	2800,0
389	-45.25	26.25	34	2800,0
389	-44.75	26.75	34	2800,0
389	-44.75	27.25	34	2800,0
389	-45.25	27.75	34	2800,0
389	-45.25	30.75	34	2800,0
37	-41.25	-0.25	114	2700,0
37	-41.25	0.25	114	2700,0
37	-39.75	1.75	114	2700,0
37	-39.25	1.75	114	2700,0
37	-38.75	1.25	114	2700,0
37	-37.75	1.25	114	2700,0
37	-37.25	0.75	114	2700,0
37	-33.75	0.75	114	2700,0
37	-33.25	1.25	114	2700,0
37	-32.25	1.25	114	2700,0
37	-31.75	1.75	114	2700,0
37	-31.25	1.75	114	2700,0
37	-30.25	0.75	114	2700,0
37	-28.25	0.75	114	2700,0
37	-27.75	0.25	114	2700,0
37	-27.75	-0.25	114	2700,0
37	-41.25	-0.25	114	2700,0
254	-39.25	1.75	252	2700,0
254	-39.25	2.25	252	2700,0
254	-38.75	2.75	252	2700,0
254	-37.25	2.75	252	2700,0
254	-35.75	1.25	252	2700,0
254	-35.75	0.75	252	2700,0
254	-37.25	0.75	252	2700,0
254	-37.75	1.25	252	2700,0
254	-38.75	1.25	252	2700,0
254	-39.25	1.75	252	2700,0
156	-38.25	2.75	186	2700,0
156	-38.25	3.25	186	2700,0
156	-37.75	3.75	186	2700,0
156	-36.25	3.75	186	2700,0
156	-34.75	2.25	186	2700,0
156	-34.75	1.75	186	2700,0
156	-35.25	1.25	186	2700,0
156	-35.75	1.25	186	2700,0
156	-37.25	2.75	186	2700,0
156	-38.25	2.75	186	2700,0
623	-37.25	3.75	62	2700,0
623	-37.25	4.25	62	2700,0
623	-34.25	7.25	62	2700,0
623	-33.75	7.25	62	2700,0
623	-32.25	5.75	62	2700,0
623	-32.25	4.25	62	2700,0
623	-34.25	2.25	62	2700,0
623	-34.75	2.25	62	2700,0
623	-36.25	3.75	62	2700,0
623	-37.25	3.75	62	2700,0
587	-33.75	7.25	480	2700,0
587	-33.75	7.75	480	2700,0
587	-31.25	10.25	480	2700,0
587	-30.75	10.25	480	2700,0
587	-30.75	9.25	480	2700,0
587	-30.25	8.75	480	2700,0
587	-30.25	8.25	480	2700,0
587	-31.25	7.25	480	2700,0
587	-31.25	6.75	480	2700,0
587	-30.75	6.25	480	2700,0
587	-30.25	6.25	480	2700,0
587	-30.25	7.25	480	2700,0
587	-29.25	7.25	480	2700,0
587	-29.25	8.25	480	2700,0
587	-28.75	8.75	480	2700,0
587	-28.75	9.25	480	2700,0
587	-29.25	9.75	480	2700,0
587	-29.25	10.25	480	2700,0
587	-28.75	10.25	480	2700,0
587	-27.75	9.25	480	2700,0
587	-27.75	8.75	480	2700,0
587	-28.25	8.25	480	2700,0
587	-28.25	7.75	480	2700,0
587	-26.25	7.75	480	2700,0
587	-26.25	7.25	480	2700,0
587	-27.25	6.25	480	2700,0
587	-29.25	6.25	480	2700,0
587	-30.25	5.25	480	2700,0
587	-31.25	5.25	480	2700,0
587	-31.25	4.75	480	2700,0
587	-30.25	3.75	480	2700,0
587	-30.25	3.25	480	2700,0
587	-30.75	3.25	480	2700,0
587	-31.25	3.75	480	2700,0
587	-31.75	3.75	480	2700,0
587	-32.25	3.25	480	2700,0
587	-32.25	2.25	480	2700,0
587	-32.75	1.75	480	2700,0
587	-34.25	1.75	480	2700,0
587	-34.25	2.25	480	2700,0
587	-32.25	4.25	480	2700,0
587	-32.25	5.75	480	2700,0
587	-33.75	7.25	480	2700,0
44	-30.75	10.25	12	2700,0
44	-30.75	10.75	12	2700,0
44	-24.75	16.75	12	2700,0
44	-24.25	16.75	12	2700,0
44	-23.25	15.75	12	2700,0
44	-23.25	15.25	12	2700,0
44	-23.75	14.75	12	2700,0
44	-23.75	14.25	12	2700,0
44	-22.75	13.25	12	2700,0
44	-22.75	12.75	12	2700,0
44	-23.75	12.75	12	2700,0
44	-25.25	11.25	12	2700,0
44	-25.25	10.75	12	2700,0
44	-24.25	10.75	12	2700,0
44	-24.25	9.75	12	2700,0
44	-23.25	9.75	12	2700,0
44	-23.25	9.25	12	2700,0
44	-23.75	8.75	12	2700,0
44	-23.75	7.25	12	2700,0
44	-22.75	7.25	12	2700,0
44	-22.75	6.75	12	2700,0
44	-23.25	6.25	12	2700,0
44	-23.25	5.75	12	2700,0
44	-22.75	5.75	12	2700,0
44	-22.25	6.25	12	2700,0
44	-20.75	6.25	12	2700,0
44	-20.25	5.75	12	2700,0
44	-20.25	5.25	12	2700,0
44	-21.25	5.25	12	2700,0
44	-22.75	3.75	12	2700,0
44	-23.25	3.75	12	2700,0
44	-23.75	4.25	12	2700,0
44	-24.25	4.25	12	2700,0
44	-24.25	3.75	12	2700,0
44	-23.75	3.25	12	2700,0
44	-23.75	2.75	12	2700,0
44	-24.75	2.75	12	2700,0
44	-26.25	1.25	12	2700,0
44	-26.75	1.25	12	2700,0
44	-27.25	1.75	12	2700,0
44	-27.25	4.75	12	2700,0
44	-27.75	4.75	12	2700,0
44	-28.25	4.25	12	2700,0
44	-28.75	4.25	12	2700,0
44	-29.25	4.75	12	2700,0
44	-29.25	5.25	12	2700,0
44	-28.25	6.25	12	2700,0
44	-27.25	6.25	12	2700,0
44	-26.25	7.25	12	2700,0
44	-26.25	7.75	12	2700,0
44	-28.25	7.75	12	2700,0
44	-28.25	8.25	12	2700,0
44	-27.75	8.75	12	2700,0
44	-27.75	9.25	12	2700,0
44	-28.75	10.25	12	2700,0
44	-28.75	10.75	12	2700,0
44	-28.25	11.25	12	2700,0
44	-28.25	11.75	12	2700,0
44	-28.75	11.75	12	2700,0
44	-29.25	11.25	12	2700,0
44	-29.25	9.75	12	2700,0
44	-28.75	9.25	12	2700,0
44	-28.75	8.75	12	2700,0
44	-29.25	8.25	12	2700,0
44	-29.25	7.25	12	2700,0
44	-30.25	7.25	12	2700,0
44	-30.25	6.25	12	2700,0
44	-30.75	6.25	12	2700,0
44	-31.25	6.75	12	2700,0
44	-31.25	7.25	12	2700,0
44	-30.25	8.25	12	2700,0
44	-30.25	8.75	12	2700,0
44	-30.75	9.25	12	2700,0
44	-30.75	10.25	12	2700,0
32	-24.25	16.75	110	2700,0
32	-24.25	17.25	110	2700,0
32	-22.75	18.75	110	2700,0
32	-22.25	18.75	110	2700,0
32	-22.25	18.25	110	2700,0
32	-22.75	17.75	110	2700,0
32	-22.75	16.25	110	2700,0
32	-22.25	15.75	110	2700,0
32	-22.25	14.75	110	2700,0
32	-21.75	14.25	110	2700,0
32	-21.25	14.25	110	2700,0
32	-21.25	15.25	110	2700,0
32	-20.75	15.75	110	2700,0
32	-20.75	16.75	110	2700,0
32	-20.25	17.25	110	2700,0
32	-20.25	17.75	110	2700,0
32	-21.25	17.75	110	2700,0
32	-21.25	18.75	110	2700,0
32	-21.75	19.25	110	2700,0
32	-21.75	19.75	110	2700,0
32	-21.25	20.25	110	2700,0
32	-20.25	20.25	110	2700,0
32	-19.75	20.75	110	2700,0
32	-18.75	20.75	110	2700,0
32	-17.75	21.75	110	2700,0
32	-17.75	22.25	110	2700,0
32	-18.25	22.75	110	2700,0
32	-18.25	23.25	110	2700,0
32	-17.75	23.75	110	2700,0
32	-16.25	23.75	110	2700,0
32	-16.25	23.25	110	2700,0
32	-16.75	22.75	110	2700,0
32	-16.75	22.25	110	2700,0
32	-16.25	22.25	110	2700,0
32	-15.25	23.25	110	2700,0
32	-14.75	23.25	110	2700,0
32	-14.75	22.25	110	2700,0
32	-14.25	21.75	110	2700,0
32	-14.25	21.25	110	2700,0
32	-15.25	20.25	110	2700,0
32	-15.25	19.75	110	2700,0
32	-14.75	19.25	110	2700,0
32	-13.75	19.25	110	2700,0
32	-13.75	18.75	110	2700,0
32	-14.25	18.25	110	2700,0
32	-15.25	18.25	110	2700,0
32	-15.25	17.25	110	2700,0
32	-15.75	16.75	110	2700,0
32	-16.25	16.75	110	2700,0
32	-16.75	17.25	110	2700,0
32	-17.25	17.25	110	2700,0
32	-20.75	13.75	110	2700,0
32	-20.75	12.75	110	2700,0
32	-21.75	11.75	110	2700,0
32	-22.75	11.75	110	2700,0
32	-23.75	10.75	110	2700,0
32	-25.25	10.75	110	2700,0
32	-25.25	11.25	110	2700,0
32	-23.75	12.75	110	2700,0
32	-22.75	12.75	110	2700,0
32	-22.75	13.25	110	2700,0
32	-23.75	14.25	110	2700,0
32	-23.75	14.75	110	2700,0
32	-23.25	15.25	110	2700,0
32	-23.25	15.75	110	2700,0
32	-24.25	16.75	110	2700,0
33	-18.25	19.75	110	2700,0
33	-18.25	20.25	110	2700,0
33	-17.75	20.25	110	2700,0
33	-17.25	19.75	110	2700,0
33	-16.75	19.75	110	2700,0
33	-16.75	20.25	110	2700,0
33	-17.25	20.75	110	2700,0
33	-17.25	21.25	110	2700,0
33	-15.75	21.25	110	2700,0
33	-15.75	19.75	110	2700,0
33	-16.25	19.25	110	2700,0
33	-16.25	18.25	110	2700,0
33	-17.25	18.25	110	2700,0
33	-17.75	17.75	110	2700,0
33	-18.25	17.75	110	2700,0
33	-18.25	18.25	110	2700,0
33	-17.75	18.75	110	2700,0
33	-17.75	19.25	110	2700,0
33	-18.25	19.75	110	2700,0
192	-22.25	18.75	203	2700,0
192	-22.25	19.25	203	2700,0
192	-21.75	19.25	203	2700,0
192	-21.25	18.75	203	2700,0
192	-21.25	17.75	203	2700,0
192	-20.25	17.75	203	2700,0
192	-20.25	17.25	203	2700,0
192	-20.75	16.75	203	2700,0
192	-20.75	15.75	203	2700,0
192	-21.25	15.25	203	2700,0
192	-21.25	14.25	203	2700,0
192	-21.75	14.25	203	2700,0
192	-22.25	14.75	203	2700,0
192	-22.25	15.75	203	2700,0
192	-22.75	16.25	203	2700,0
192	-22.75	17.75	203	2700,0
192	-22.25	18.25	203	2700,0
192	-22.25	18.75	203	2700,0
550	-20.75	20.25	454	2700,0
550	-20.75	20.75	454	2700,0
550	-18.75	22.75	454	2700,0
550	-18.25	22.75	454	2700,0
550	-17.75	22.25	454	2700,0
550	-17.75	21.75	454	2700,0
550	-18.75	20.75	454	2700,0
550	-19.75	20.75	454	2700,0
550	-20.25	20.25	454	2700,0
550	-20.75	20.25	454	2700,0
326	-17.25	23.75	3	2700,0
326	-17.25	24.25	3	2700,0
326	-9.75	31.75	3	2700,0
326	-9.25	31.75	3	2700,0
326	-6.25	28.75	3	2700,0
326	-6.25	28.25	3	2700,0
326	-6.75	28.25	3	2700,0
326	-7.25	28.75	3	2700,0
326	-7.75	28.75	3	2700,0
326	-8.25	28.25	3	2700,0
326	-8.75	28.25	3	2700,0
326	-9.25	28.75	3	2700,0
326	-9.75	28.75	3	2700,0
326	-10.25	28.25	3	2700,0
326	-10.25	27.25	3	2700,0
326	-11.25	27.25	3	2700,0
326	-11.25	24.75	3	2700,0
326	-10.75	24.75	3	2700,0
326	-10.25	25.25	3	2700,0
326	-10.25	26.25	3	2700,0
326	-9.75	26.25	3	2700,0
326	-9.25	25.75	3	2700,0
326	-9.25	25.25	3	2700,0
326	-10.75	23.75	3	2700,0
326	-11.25	23.75	3	2700,0
326	-11.75	24.25	3	2700,0
326	-12.25	24.25	3	2700,0
326	-12.75	23.75	3	2700,0
326	-12.75	21.75	3	2700,0
326	-14.75	19.75	3	2700,0
326	-15.25	19.75	3	2700,0
326	-15.25	20.25	3	2700,0
326	-14.25	21.25	3	2700,0
326	-14.25	21.75	3	2700,0
326	-14.75	22.25	3	2700,0
326	-14.75	23.25	3	2700,0
326	-15.25	23.25	3	2700,0
326	-16.25	22.25	3	2700,0
326	-16.75	22.25	3	2700,0
326	-16.75	22.75	3	2700,0
326	-16.25	23.25	3	2700,0
326	-16.25	23.75	3	2700,0
326	-17.25	23.75	3	2700,0
653	-29.25	10.75	78	2700,0
653	-29.25	11.25	78	2700,0
653	-28.75	11.75	78	2700,0
653	-28.25	11.75	78	2700,0
653	-28.25	11.25	78	2700,0
653	-28.75	10.75	78	2700,0
653	-29.25	10.75	78	2700,0
157	-2.75	37.25	187	2700,0
157	-2.75	37.75	187	2700,0
157	-1.75	37.75	187	2700,0
157	-0.25	39.25	187	2700,0
157	0.25	39.25	187	2700,0
157	0.75	38.75	187	2700,0
157	0.75	38.25	187	2700,0
157	0.25	37.75	187	2700,0
157	-0.75	37.75	187	2700,0
157	-1.75	36.75	187	2700,0
157	-1.75	36.25	187	2700,0
157	-1.25	35.75	187	2700,0
157	-1.25	35.25	187	2700,0
157	-1.75	34.75	187	2700,0
157	-1.75	33.75	187	2700,0
157	-2.75	32.75	187	2700,0
157	-2.75	32.25	187	2700,0
157	-2.25	32.25	187	2700,0
157	-1.25	33.25	187	2700,0
157	-0.25	33.25	187	2700,0
157	-0.25	33.75	187	2700,0
157	-0.75	34.25	187	2700,0
157	-0.75	34.75	187	2700,0
157	-0.25	34.75	187	2700,0
157	0.25	34.25	187	2700,0
157	1.25	34.25	187	2700,0
157	1.25	33.75	187	2700,0
157	0.75	33.25	187	2700,0
157	0.75	32.75	187	2700,0
157	1.25	32.75	187	2700,0
157	1.75	33.25	187	2700,0
157	2.25	33.25	187	2700,0
157	2.75	32.75	187	2700,0
157	2.75	32.25	187	2700,0
157	1.75	31.25	187	2700,0
157	1.75	30.75	187	2700,0
157	2.25	30.75	187	2700,0
157	3.75	32.25	187	2700,0
157	4.25	32.25	187	2700,0
157	4.25	31.75	187	2700,0
157	2.75	30.25	187	2700,0
157	2.75	29.25	187	2700,0
157	1.75	28.25	187	2700,0
157	1.75	27.75	187	2700,0
157	2.25	27.75	187	2700,0
157	2.75	28.25	187	2700,0
157	3.25	28.25	187	2700,0
157	3.25	27.75	187	2700,0
157	2.25	26.75	187	2700,0
157	1.25	26.75	187	2700,0
157	1.25	26.25	187	2700,0
157	1.75	25.75	187	2700,0
157	1.75	24.75	187	2700,0
157	2.25	24.25	187	2700,0
157	2.25	23.25	187	2700,0
157	2.75	23.25	187	2700,0
157	4.25	24.75	187	2700,0
157	4.75	24.75	187	2700,0
157	5.25	24.25	187	2700,0
157	5.25	17.75	187	2700,0
157	4.75	17.75	187	2700,0
157	-4.75	27.25	187	2700,0
157	-4.75	27.75	187	2700,0
157	-4.25	27.75	187	2700,0
157	-3.75	27.25	187	2700,0
157	-2.25	27.25	187	2700,0
157	-1.75	27.75	187	2700,0
157	-1.75	28.75	187	2700,0
157	-1.25	29.25	187	2700,0
157	-1.25	30.75	187	2700,0
157	-1.75	31.25	187	2700,0
157	-2.75	31.25	187	2700,0
157	-3.75	32.25	187	2700,0
157	-3.75	32.75	187	2700,0
157	-3.25	33.25	187	2700,0
157	-3.25	33.75	187	2700,0
157	-3.75	33.75	187	2700,0
157	-4.25	33.25	187	2700,0
157	-4.75	33.25	187	2700,0
157	-4.75	33.75	187	2700,0
157	-3.25	35.25	187	2700,0
157	-2.25	35.25	187	2700,0
157	-2.25	35.75	187	2700,0
157	-2.75	36.25	187	2700,0
157	-2.75	37.25	187	2700,0
157	-44.75	23.25	187	2750,0
157	-44.75	23.75	187	2750,0
157	-44.25	24.25	187	2750,0
157	-43.75	24.25	187	2750,0
157	-43.75	23.75	187	2750,0
157	-44.25	23.25	187	2750,0
157	-44.25	22.75	187	2750,0
157	-43.75	22.25	187	2750,0
157	-43.75	21.75	187	2750,0
157	-44.25	21.25	187	2750,0
157	-44.25	20.75	187	2750,0
157	-43.75	20.25	187	2750,0
157	-43.75	16.75	187	2750,0
157	-44.25	16.75	187	2750,0
157	-44.75	17.25	187	2750,0
157	-44.75	23.25	187	2750,0
194	-18.25	19.75	205	2700,0
194	-18.25	20.25	205	2700,0
194	-17.75	20.25	205	2700,0
194	-17.25	19.75	205	2700,0
194	-16.75	19.75	205	2700,0
194	-16.75	20.25	205	2700,0
194	-17.25	20.75	205	2700,0
194	-17.25	21.25	205	2700,0
194	-15.75	21.25	205	2700,0
194	-15.75	19.75	205	2700,0
194	-16.25	19.25	205	2700,0
194	-16.25	18.25	205	2700,0
194	-17.25	18.25	205	2700,0
194	-17.75	17.75	205	2700,0
194	-18.25	17.75	205	2700,0
194	-18.25	18.25	205	2700,0
194	-17.75	18.75	205	2700,0
194	-17.75	19.25	205	2700,0
194	-18.25	19.75	205	2700,0
151	-11.25	26.75	181	2700,0
151	-11.25	27.25	181	2700,0
151	-10.25	27.25	181	2700,0
151	-10.25	28.25	181	2700,0
151	-9.75	28.75	181	2700,0
151	-9.25	28.75	181	2700,0
151	-8.75	28.25	181	2700,0
151	-8.25	28.25	181	2700,0
151	-7.75	28.75	181	2700,0
151	-7.25	28.75	181	2700,0
151	-6.75	28.25	181	2700,0
151	-6.75	27.75	181	2700,0
151	-7.25	27.25	181	2700,0
151	-7.25	26.25	181	2700,0
151	-8.25	26.25	181	2700,0
151	-8.75	25.75	181	2700,0
151	-9.25	25.75	181	2700,0
151	-9.75	26.25	181	2700,0
151	-10.25	26.25	181	2700,0
151	-10.25	25.25	181	2700,0
151	-10.75	24.75	181	2700,0
151	-11.25	24.75	181	2700,0
151	-11.25	26.75	181	2700,0
390	-44.25	38.75	34	2750,0
390	-44.25	39.25	34	2750,0
390	-42.25	39.25	34	2750,0
390	-41.75	39.75	34	2750,0
390	-41.75	40.75	34	2750,0
390	-41.25	41.25	34	2750,0
390	-41.25	42.25	34	2750,0
390	-40.75	42.25	34	2750,0
390	-39.75	41.25	34	2750,0
390	-39.75	40.75	34	2750,0
390	-40.75	40.75	34	2750,0
390	-40.75	40.25	34	2750,0
390	-35.75	35.25	34	2750,0
390	-35.25	35.25	34	2750,0
390	-35.25	36.25	34	2750,0
390	-34.75	36.25	34	2750,0
390	-34.25	35.75	34	2750,0
390	-33.75	35.75	34	2750,0
390	-33.25	36.25	34	2750,0
390	-32.25	36.25	34	2750,0
390	-31.75	36.75	34	2750,0
390	-30.75	36.75	34	2750,0
390	-30.25	37.25	34	2750,0
390	-29.75	37.25	34	2750,0
390	-28.25	35.75	34	2750,0
390	-27.75	35.75	34	2750,0
390	-27.75	36.75	34	2750,0
390	-27.25	37.25	34	2750,0
390	-27.25	37.75	34	2750,0
390	-27.75	37.75	34	2750,0
390	-28.25	37.25	34	2750,0
390	-28.75	37.25	34	2750,0
390	-28.75	38.25	34	2750,0
390	-29.25	38.75	34	2750,0
390	-29.25	39.25	34	2750,0
390	-28.75	39.25	34	2750,0
390	-28.25	38.75	34	2750,0
390	-27.75	38.75	34	2750,0
390	-27.25	39.25	34	2750,0
390	-27.25	40.25	34	2750,0
390	-26.75	40.75	34	2750,0
390	-26.75	41.75	34	2750,0
390	-24.75	41.75	34	2750,0
390	-24.25	42.25	34	2750,0
390	-23.75	42.25	34	2750,0
390	-23.25	41.75	34	2750,0
390	-23.25	40.25	34	2750,0
390	-24.75	38.75	34	2750,0
390	-24.75	37.25	34	2750,0
390	-23.75	36.25	34	2750,0
390	-22.25	36.25	34	2750,0
390	-21.25	37.25	34	2750,0
390	-21.25	37.75	34	2750,0
390	-21.75	38.25	34	2750,0
390	-21.75	39.75	34	2750,0
390	-20.75	40.75	34	2750,0
390	-20.75	42.25	34	2750,0
390	-21.25	42.25	34	2750,0
390	-21.75	41.75	34	2750,0
390	-22.25	41.75	34	2750,0
390	-22.75	42.25	34	2750,0
390	-22.75	43.25	34	2750,0
390	-23.25	43.75	34	2750,0
390	-24.75	43.75	34	2750,0
390	-25.25	43.25	34	2750,0
390	-25.75	43.25	34	2750,0
390	-26.25	43.75	34	2750,0
390	-26.75	43.75	34	2750,0
390	-27.25	43.25	34	2750,0
390	-27.75	43.25	34	2750,0
390	-27.75	44.25	34	2750,0
390	-28.25	44.75	34	2750,0
390	-29.25	44.75	34	2750,0
390	-29.75	45.25	34	2750,0
390	-29.75	45.75	34	2750,0
390	-28.25	45.75	34	2750,0
390	-27.75	45.25	34	2750,0
390	-27.25	45.25	34	2750,0
390	-27.25	46.75	34	2750,0
390	-27.75	47.25	34	2750,0
390	-28.75	47.25	34	2750,0
390	-28.75	48.25	34	2750,0
390	-29.25	48.75	34	2750,0
390	-29.25	49.25	34	2750,0
390	-12.75	49.25	34	2750,0
390	4.75	31.75	34	2750,0
390	4.75	27.25	34	2750,0
390	4.25	27.25	34	2750,0
390	4.25	28.25	34	2750,0
390	2.25	30.25	34	2750,0
390	1.25	30.25	34	2750,0
390	0.75	30.75	34	2750,0
390	0.25	30.75	34	2750,0
390	-0.75	29.75	34	2750,0
390	-0.75	29.25	34	2750,0
390	-0.25	29.25	34	2750,0
390	0.25	29.75	34	2750,0
390	0.75	29.75	34	2750,0
390	0.75	29.25	34	2750,0
390	-0.75	27.75	34	2750,0
390	-1.25	27.75	34	2750,0
390	-1.25	28.75	34	2750,0
390	-2.25	28.75	34	2750,0
390	-2.25	29.25	34	2750,0
390	-1.75	29.75	34	2750,0
390	-1.75	30.25	34	2750,0
390	-2.25	30.25	34	2750,0
390	-3.25	29.25	34	2750,0
390	-3.25	28.75	34	2750,0
390	-2.75	28.25	34	2750,0
390	-2.75	27.75	34	2750,0
390	-3.25	27.25	34	2750,0
390	-4.75	27.25	34	2750,0
390	-4.75	28.25	34	2750,0
390	-5.25	28.25	34	2750,0
390	-5.75	27.75	34	2750,0
390	-5.75	26.75	34	2750,0
390	-6.25	26.25	34	2750,0
390	-6.75	26.25	34	2750,0
390	-6.75	27.25	34	2750,0
390	-7.25	27.25	34	2750,0
390	-7.75	26.75	34	2750,0
390	-7.75	24.75	34	2750,0
390	-8.25	24.25	34	2750,0
390	-8.75	24.25	34	2750,0
390	-8.75	25.25	34	2750,0
390	-9.25	25.75	34	2750,0
390	-9.25	28.25	34	2750,0
390	-8.75	28.75	34	2750,0
390	-7.75	28.75	34	2750,0
390	-7.75	30.25	34	2750,0
390	-8.25	30.25	34	2750,0
390	-8.75	29.75	34	2750,0
390	-9.25	29.75	34	2750,0
390	-9.75	30.25	34	2750,0
390	-9.75	31.25	34	2750,0
390	-10.75	32.25	34	2750,0
390	-10.75	32.75	34	2750,0
390	-9.75	33.75	34	2750,0
390	-8.75	33.75	34	2750,0
390	-8.25	34.25	34	2750,0
390	-7.25	34.25	34	2750,0
390	-7.25	35.75	34	2750,0
390	-8.75	35.75	34	2750,0
390	-8.75	34.75	34	2750,0
390	-9.25	34.75	34	2750,0
390	-10.25	35.75	34	2750,0
390	-10.75	35.75	34	2750,0
390	-12.25	34.25	34	2750,0
390	-12.25	33.75	34	2750,0
390	-11.75	33.25	34	2750,0
390	-11.75	32.75	34	2750,0
390	-12.25	32.25	34	2750,0
390	-13.25	32.25	34	2750,0
390	-13.75	31.75	34	2750,0
390	-14.75	31.75	34	2750,0
390	-15.75	30.75	34	2750,0
390	-16.25	30.75	34	2750,0
390	-16.75	31.25	34	2750,0
390	-16.75	32.75	34	2750,0
390	-16.25	33.25	34	2750,0
390	-15.25	33.25	34	2750,0
390	-14.75	33.75	34	2750,0
390	-13.75	33.75	34	2750,0
390	-13.75	34.25	34	2750,0
390	-14.75	35.25	34	2750,0
390	-14.75	36.25	34	2750,0
390	-16.25	36.25	34	2750,0
390	-16.75	35.75	34	2750,0
390	-16.75	35.25	34	2750,0
390	-15.75	35.25	34	2750,0
390	-15.75	34.75	34	2750,0
390	-16.25	34.25	34	2750,0
390	-16.75	34.25	34	2750,0
390	-17.75	35.25	34	2750,0
390	-18.25	35.25	34	2750,0
390	-18.25	33.25	34	2750,0
390	-18.75	32.75	34	2750,0
390	-18.75	32.25	34	2750,0
390	-18.25	31.75	34	2750,0
390	-18.25	30.75	34	2750,0
390	-17.25	29.75	34	2750,0
390	-17.25	28.25	34	2750,0
390	-17.75	28.25	34	2750,0
390	-18.75	29.25	34	2750,0
390	-20.75	29.25	34	2750,0
390	-21.25	29.75	34	2750,0
390	-21.25	30.25	34	2750,0
390	-20.25	30.25	34	2750,0
390	-20.25	31.75	34	2750,0
390	-22.25	33.75	34	2750,0
390	-24.75	33.75	34	2750,0
390	-24.75	32.75	34	2750,0
390	-25.25	32.25	34	2750,0
390	-25.25	31.75	34	2750,0
390	-24.75	31.25	34	2750,0
390	-24.25	31.25	34	2750,0
390	-24.25	32.25	34	2750,0
390	-23.75	32.75	34	2750,0
390	-23.25	32.75	34	2750,0
390	-23.25	31.75	34	2750,0
390	-22.75	31.25	34	2750,0
390	-22.75	30.75	34	2750,0
390	-23.75	29.75	34	2750,0
390	-23.75	29.25	34	2750,0
390	-22.25	27.75	34	2750,0
390	-21.25	27.75	34	2750,0
390	-20.75	27.25	34	2750,0
390	-20.75	26.75	34	2750,0
390	-21.25	26.25	34	2750,0
390	-21.25	25.75	34	2750,0
390	-20.25	24.75	34	2750,0
390	-19.25	24.75	34	2750,0
390	-18.75	24.25	34	2750,0
390	-18.75	23.75	34	2750,0
390	-19.25	23.25	34	2750,0
390	-20.25	23.25	34	2750,0
390	-21.25	22.25	34	2750,0
390	-22.75	22.25	34	2750,0
390	-22.75	23.25	34	2750,0
390	-23.25	23.25	34	2750,0
390	-23.75	22.75	34	2750,0
390	-24.25	22.75	34	2750,0
390	-24.75	23.25	34	2750,0
390	-25.25	23.25	34	2750,0
390	-25.25	22.75	34	2750,0
390	-24.75	22.25	34	2750,0
390	-24.75	21.75	34	2750,0
390	-25.25	21.25	34	2750,0
390	-27.75	21.25	34	2750,0
390	-27.75	23.25	34	2750,0
390	-28.25	23.25	34	2750,0
390	-29.25	22.25	34	2750,0
390	-29.25	21.25	34	2750,0
390	-30.75	21.25	34	2750,0
390	-31.25	21.75	34	2750,0
390	-31.25	22.75	34	2750,0
390	-31.75	23.25	34	2750,0
390	-31.75	24.25	34	2750,0
390	-32.75	24.25	34	2750,0
390	-32.75	24.75	34	2750,0
390	-31.75	25.75	34	2750,0
390	-31.75	26.25	34	2750,0
390	-33.25	27.75	34	2750,0
390	-33.25	28.75	34	2750,0
390	-33.75	29.25	34	2750,0
390	-34.25	29.25	34	2750,0
390	-34.25	27.25	34	2750,0
390	-34.75	26.75	34	2750,0
390	-35.75	26.75	34	2750,0
390	-35.75	25.25	34	2750,0
390	-34.75	25.25	34	2750,0
390	-34.75	24.25	34	2750,0
390	-33.75	24.25	34	2750,0
390	-33.75	23.75	34	2750,0
390	-34.25	23.25	34	2750,0
390	-34.75	23.25	34	2750,0
390	-36.75	25.25	34	2750,0
390	-36.75	26.25	34	2750,0
390	-37.25	26.75	34	2750,0
390	-37.75	26.75	34	2750,0
390	-38.25	26.25	34	2750,0
390	-38.25	25.25	34	2750,0
390	-39.75	25.25	34	2750,0
390	-40.75	26.25	34	2750,0
390	-40.75	26.75	34	2750,0
390	-40.25	26.75	34	2750,0
390	-39.75	26.25	34	2750,0
390	-39.25	26.25	34	2750,0
390	-37.75	27.75	34	2750,0
390	-36.75	27.75	34	2750,0
390	-36.75	28.25	34	2750,0
390	-37.25	28.75	34	2750,0
390	-37.25	29.25	34	2750,0
390	-36.75	29.75	34	2750,0
390	-36.75	30.25	34	2750,0
390	-37.25	30.75	34	2750,0
390	-37.25	31.25	34	2750,0
390	-36.75	31.75	34	2750,0
390	-36.75	32.25	34	2750,0
390	-37.25	32.75	34	2750,0
390	-37.25	33.75	34	2750,0
390	-37.75	34.25	34	2750,0
390	-37.75	35.25	34	2750,0
390	-39.25	35.25	34	2750,0
390	-39.25	34.25	34	2750,0
390	-39.75	34.25	34	2750,0
390	-40.25	34.75	34	2750,0
390	-40.75	34.75	34	2750,0
390	-41.25	34.25	34	2750,0
390	-41.75	34.25	34	2750,0
390	-41.75	35.25	34	2750,0
390	-42.25	35.75	34	2750,0
390	-43.25	35.75	34	2750,0
390	-43.25	37.75	34	2750,0
390	-44.25	38.75	34	2750,0
391	-32.75	48.25	34	2750,0
391	-32.75	48.75	34	2750,0
391	-32.25	49.25	34	2750,0
391	-31.75	49.25	34	2750,0
391	-31.75	47.75	34	2750,0
391	-32.25	47.75	34	2750,0
391	-32.75	48.25	34	2750,0
392	-7.25	25.25	34	2750,0
392	-7.25	24.75	34	2750,0
392	-6.75	24.25	34	2750,0
392	-6.75	23.75	34	2750,0
392	-7.75	23.75	34	2750,0
392	-7.75	22.75	34	2750,0
392	-8.75	21.75	34	2750,0
392	-8.75	21.25	34	2750,0
392	-7.75	21.25	34	2750,0
392	-7.25	20.75	34	2750,0
392	-7.25	20.25	34	2750,0
392	-7.75	19.75	34	2750,0
392	-7.75	19.25	34	2750,0
392	-7.25	18.75	34	2750,0
392	-7.25	18.25	34	2750,0
392	-9.25	16.25	34	2750,0
392	-10.25	16.25	34	2750,0
392	-10.25	15.75	34	2750,0
392	-9.75	15.25	34	2750,0
392	-9.75	14.75	34	2750,0
392	-10.25	14.25	34	2750,0
392	-10.25	13.75	34	2750,0
392	-7.75	13.75	34	2750,0
392	-7.25	14.25	34	2750,0
392	-7.25	15.75	34	2750,0
392	-7.75	16.25	34	2750,0
392	-7.75	16.75	34	2750,0
392	-7.25	16.75	34	2750,0
392	-6.75	16.25	34	2750,0
392	-6.25	16.25	34	2750,0
392	-6.25	18.25	34	2750,0
392	-5.75	18.75	34	2750,0
392	-5.25	18.75	34	2750,0
392	-4.75	18.25	34	2750,0
392	-4.75	17.25	34	2750,0
392	-3.25	15.75	34	2750,0
392	-3.25	15.25	34	2750,0
392	-3.75	14.75	34	2750,0
392	-4.25	14.75	34	2750,0
392	-4.75	15.25	34	2750,0
392	-5.25	15.25	34	2750,0
392	-5.75	14.75	34	2750,0
392	-5.75	12.25	34	2750,0
392	-5.25	11.75	34	2750,0
392	-4.25	11.75	34	2750,0
392	-3.75	11.25	34	2750,0
392	-3.75	10.25	34	2750,0
392	-3.25	10.25	34	2750,0
392	-2.25	11.25	34	2750,0
392	-2.25	11.75	34	2750,0
392	-3.25	11.75	34	2750,0
392	-3.25	12.75	34	2750,0
392	-3.75	13.25	34	2750,0
392	-3.75	13.75	34	2750,0
392	-3.25	14.25	34	2750,0
392	-2.75	14.25	34	2750,0
392	-2.75	13.25	34	2750,0
392	-1.25	11.75	34	2750,0
392	-1.25	9.75	34	2750,0
392	-0.75	9.75	34	2750,0
392	-0.25	10.25	34	2750,0
392	-0.25	14.25	34	2750,0
392	0.25	14.75	34	2750,0
392	0.25	15.75	34	2750,0
392	1.25	15.75	34	2750,0
392	1.25	16.75	34	2750,0
392	2.25	17.75	34	2750,0
392	2.75	17.75	34	2750,0
392	2.75	17.25	34	2750,0
392	2.25	16.75	34	2750,0
392	2.25	16.25	34	2750,0
392	2.75	16.25	34	2750,0
392	3.25	16.75	34	2750,0
392	3.75	16.75	34	2750,0
392	4.25	16.25	34	2750,0
392	4.75	16.25	34	2750,0
392	4.75	25.75	34	2750,0
392	4.25	26.25	34	2750,0
392	3.25	26.25	34	2750,0
392	3.25	27.25	34	2750,0
392	1.75	27.25	34	2750,0
392	1.25	26.75	34	2750,0
392	1.25	26.25	34	2750,0
392	1.75	25.75	34	2750,0
392	2.75	25.75	34	2750,0
392	2.75	25.25	34	2750,0
392	2.25	24.75	34	2750,0
392	1.75	24.75	34	2750,0
392	1.25	25.25	34	2750,0
392	0.25	25.25	34	2750,0
392	-1.75	27.25	34	2750,0
392	-2.25	27.25	34	2750,0
392	-2.25	26.25	34	2750,0
392	-4.25	26.25	34	2750,0
392	-4.25	25.25	34	2750,0
392	-4.75	24.75	34	2750,0
392	-4.75	24.25	34	2750,0
392	-4.25	23.75	34	2750,0
392	-4.25	23.25	34	2750,0
392	-5.75	23.25	34	2750,0
392	-5.75	24.25	34	2750,0
392	-6.75	25.25	34	2750,0
392	-7.25	25.25	34	2750,0
164	-35.25	0.75	192	2700,0
164	-35.25	1.25	192	2700,0
164	-34.75	1.75	192	2700,0
164	-33.25	1.75	192	2700,0
164	-33.25	1.25	192	2700,0
164	-33.75	0.75	192	2700,0
164	-35.25	0.75	192	2700,0
63	-31.25	4.75	131	2700,0
63	-31.25	5.25	131	2700,0
63	-30.25	5.25	131	2700,0
63	-29.25	6.25	131	2700,0
63	-28.75	6.25	131	2700,0
63	-28.75	5.75	131	2700,0
63	-29.75	4.75	131	2700,0
63	-29.75	4.25	131	2700,0
63	-26.75	1.25	131	2700,0
63	-26.75	0.75	131	2700,0
63	-27.25	0.25	131	2700,0
63	-27.75	0.25	131	2700,0
63	-29.75	2.25	131	2700,0
63	-30.25	2.25	131	2700,0
63	-30.25	1.25	131	2700,0
63	-30.75	1.25	131	2700,0
63	-31.25	1.75	131	2700,0
63	-31.75	1.75	131	2700,0
63	-32.25	1.25	131	2700,0
63	-32.75	1.25	131	2700,0
63	-32.75	1.75	131	2700,0
63	-32.25	2.25	131	2700,0
63	-32.25	3.25	131	2700,0
63	-31.75	3.75	131	2700,0
63	-31.25	3.75	131	2700,0
63	-30.75	3.25	131	2700,0
63	-30.25	3.25	131	2700,0
63	-30.25	3.75	131	2700,0
63	-31.25	4.75	131	2700,0
152	-12.75	23.25	182	2700,0
152	-12.75	23.75	182	2700,0
152	-12.25	24.25	182	2700,0
152	-11.75	24.25	182	2700,0
152	-11.25	23.75	182	2700,0
152	-10.25	23.75	182	2700,0
152	-10.25	22.25	182	2700,0
152	-12.25	20.25	182	2700,0
152	-12.75	20.25	182	2700,0
152	-12.75	23.25	182	2700,0
683	-29.75	4.25	90	2700,0
683	-29.75	4.75	90	2700,0
683	-29.25	4.75	90	2700,0
683	-28.75	4.25	90	2700,0
683	-28.25	4.25	90	2700,0
683	-27.75	4.75	90	2700,0
683	-27.25	4.75	90	2700,0
683	-27.25	2.25	90	2700,0
683	-27.75	2.25	90	2700,0
683	-29.75	4.25	90	2700,0
543	-24.25	9.75	45	2700,0
543	-24.25	10.25	45	2700,0
543	-22.75	11.75	45	2700,0
543	-21.75	11.75	45	2700,0
543	-20.75	12.75	45	2700,0
543	-20.75	13.75	45	2700,0
543	-17.25	17.25	45	2700,0
543	-16.75	17.25	45	2700,0
543	-16.25	16.75	45	2700,0
543	-15.75	16.75	45	2700,0
543	-15.25	17.25	45	2700,0
543	-15.25	18.25	45	2700,0
543	-14.25	18.25	45	2700,0
543	-13.75	18.75	45	2700,0
543	-13.75	19.25	45	2700,0
543	-14.75	19.25	45	2700,0
543	-14.75	19.75	45	2700,0
543	-13.25	21.25	45	2700,0
543	-12.75	21.25	45	2700,0
543	-12.75	20.25	45	2700,0
543	-12.25	20.25	45	2700,0
543	-10.25	22.25	45	2700,0
543	-10.25	24.25	45	2700,0
543	-8.25	26.25	45	2700,0
543	-7.25	26.25	45	2700,0
543	-7.25	27.25	45	2700,0
543	-6.25	28.25	45	2700,0
543	-5.75	28.25	45	2700,0
543	-3.25	25.75	45	2700,0
543	-3.25	24.75	45	2700,0
543	-2.75	24.25	45	2700,0
543	-2.75	23.75	45	2700,0
543	-3.25	23.25	45	2700,0
543	-3.25	22.25	45	2700,0
543	-5.25	22.25	45	2700,0
543	-5.75	21.75	45	2700,0
543	-6.25	21.75	45	2700,0
543	-7.25	22.75	45	2700,0
543	-7.75	22.75	45	2700,0
543	-7.75	22.25	45	2700,0
543	-5.75	20.25	45	2700,0
543	-5.75	19.75	45	2700,0
543	-7.75	19.75	45	2700,0
543	-7.75	18.75	45	2700,0
543	-8.25	18.25	45	2700,0
543	-9.25	18.25	45	2700,0
543	-9.25	17.25	45	2700,0
543	-10.25	17.25	45	2700,0
543	-12.25	15.25	45	2700,0
543	-12.75	15.25	45	2700,0
543	-13.25	15.75	45	2700,0
543	-13.75	15.75	45	2700,0
543	-13.75	15.25	45	2700,0
543	-13.25	14.75	45	2700,0
543	-13.25	14.25	45	2700,0
543	-14.25	14.25	45	2700,0
543	-14.25	12.25	45	2700,0
543	-14.75	12.25	45	2700,0
543	-15.25	12.75	45	2700,0
543	-16.75	12.75	45	2700,0
543	-16.75	12.25	45	2700,0
543	-16.25	11.75	45	2700,0
543	-16.25	11.25	45	2700,0
543	-17.25	10.25	45	2700,0
543	-17.75	10.25	45	2700,0
543	-18.25	10.75	45	2700,0
543	-18.75	10.75	45	2700,0
543	-19.25	10.25	45	2700,0
543	-19.25	8.25	45	2700,0
543	-20.25	7.25	45	2700,0
543	-20.25	6.75	45	2700,0
543	-19.75	6.25	45	2700,0
543	-19.75	5.75	45	2700,0
543	-20.25	5.75	45	2700,0
543	-20.75	6.25	45	2700,0
543	-22.25	6.25	45	2700,0
543	-22.75	5.75	45	2700,0
543	-23.25	5.75	45	2700,0
543	-23.25	6.25	45	2700,0
543	-22.75	6.75	45	2700,0
543	-22.75	7.25	45	2700,0
543	-23.75	7.25	45	2700,0
543	-23.75	8.75	45	2700,0
543	-23.25	9.25	45	2700,0
543	-23.25	9.75	45	2700,0
543	-24.25	9.75	45	2700,0
544	-20.25	11.75	45	2700,0
544	-20.25	12.25	45	2700,0
544	-19.75	12.25	45	2700,0
544	-19.75	11.75	45	2700,0
544	-20.25	11.75	45	2700,0
545	-15.75	15.25	45	2700,0
545	-15.75	15.75	45	2700,0
545	-14.25	15.75	45	2700,0
545	-14.25	15.25	45	2700,0
545	-15.25	14.25	45	2700,0
545	-15.75	14.25	45	2700,0
545	-15.75	15.25	45	2700,0
107	-30.25	1.75	156	2700,0
107	-30.25	2.25	156	2700,0
107	-29.75	2.25	156	2700,0
107	-28.75	1.25	156	2700,0
107	-28.75	0.75	156	2700,0
107	-30.25	0.75	156	2700,0
107	-30.25	1.75	156	2700,0
552	-20.25	11.75	456	2700,0
552	-20.25	12.25	456	2700,0
552	-19.75	12.25	456	2700,0
552	-19.75	11.75	456	2700,0
552	-20.25	11.75	456	2700,0
498	-15.75	15.25	411	2700,0
498	-15.75	15.75	411	2700,0
498	-14.25	15.75	411	2700,0
498	-14.25	15.25	411	2700,0
498	-15.25	14.25	411	2700,0
498	-15.75	14.25	411	2700,0
498	-15.75	15.25	411	2700,0
557	-7.75	22.25	46	2700,0
557	-7.75	22.75	46	2700,0
557	-7.25	22.75	46	2700,0
557	-6.25	21.75	46	2700,0
557	-5.75	21.75	46	2700,0
557	-5.25	22.25	46	2700,0
557	-3.25	22.25	46	2700,0
557	-3.25	23.25	46	2700,0
557	-2.75	23.75	46	2700,0
557	-2.75	24.25	46	2700,0
557	-3.25	24.75	46	2700,0
557	-3.25	25.25	46	2700,0
557	-2.75	25.25	46	2700,0
557	-0.75	23.25	46	2700,0
557	-0.75	22.75	46	2700,0
557	-1.75	22.75	46	2700,0
557	-2.25	22.25	46	2700,0
557	-2.25	21.75	46	2700,0
557	-1.25	21.75	46	2700,0
557	-1.25	20.25	46	2700,0
557	-1.75	20.25	46	2700,0
557	-2.25	20.75	46	2700,0
557	-2.75	20.75	46	2700,0
557	-2.75	20.25	46	2700,0
557	-2.25	19.75	46	2700,0
557	-2.25	19.25	46	2700,0
557	-3.75	19.25	46	2700,0
557	-4.25	19.75	46	2700,0
557	-4.75	19.75	46	2700,0
557	-4.75	18.75	46	2700,0
557	-5.25	18.75	46	2700,0
557	-5.75	19.25	46	2700,0
557	-5.75	20.25	46	2700,0
557	-7.75	22.25	46	2700,0
69	-19.25	9.75	136	2700,0
69	-19.25	10.25	136	2700,0
69	-18.75	10.75	136	2700,0
69	-18.25	10.75	136	2700,0
69	-17.75	10.25	136	2700,0
69	-17.25	10.25	136	2700,0
69	-16.25	11.25	136	2700,0
69	-16.25	11.75	136	2700,0
69	-16.75	12.25	136	2700,0
69	-16.75	12.75	136	2700,0
69	-15.25	12.75	136	2700,0
69	-14.75	12.25	136	2700,0
69	-14.25	12.25	136	2700,0
69	-14.25	14.25	136	2700,0
69	-13.75	14.25	136	2700,0
69	-13.25	13.75	136	2700,0
69	-13.25	12.25	136	2700,0
69	-14.25	11.25	136	2700,0
69	-14.25	10.75	136	2700,0
69	-13.25	10.75	136	2700,0
69	-13.25	10.25	136	2700,0
69	-13.75	9.75	136	2700,0
69	-14.25	9.75	136	2700,0
69	-14.75	10.25	136	2700,0
69	-16.25	10.25	136	2700,0
69	-17.75	8.75	136	2700,0
69	-17.75	7.75	136	2700,0
69	-19.25	6.25	136	2700,0
69	-19.75	6.25	136	2700,0
69	-20.25	6.75	136	2700,0
69	-20.25	7.25	136	2700,0
69	-19.25	8.25	136	2700,0
69	-19.25	9.75	136	2700,0
657	-13.75	15.25	80	2700,0
657	-13.75	15.75	80	2700,0
657	-13.25	15.75	80	2700,0
657	-12.75	15.25	80	2700,0
657	-12.25	15.25	80	2700,0
657	-10.25	17.25	80	2700,0
657	-9.25	17.25	80	2700,0
657	-9.25	18.25	80	2700,0
657	-8.25	18.25	80	2700,0
657	-7.75	18.75	80	2700,0
657	-7.75	19.75	80	2700,0
657	-6.25	19.75	80	2700,0
657	-5.25	18.75	80	2700,0
657	-4.75	18.75	80	2700,0
657	-4.75	19.75	80	2700,0
657	-4.25	19.75	80	2700,0
657	-3.75	19.25	80	2700,0
657	-2.75	19.25	80	2700,0
657	-2.75	18.25	80	2700,0
657	-1.75	17.25	80	2700,0
657	-1.25	17.25	80	2700,0
657	-1.25	17.75	80	2700,0
657	-1.75	18.25	80	2700,0
657	-1.75	18.75	80	2700,0
657	-1.25	19.25	80	2700,0
657	-0.25	19.25	80	2700,0
657	1.25	20.75	80	2700,0
657	1.75	20.75	80	2700,0
657	3.75	18.75	80	2700,0
657	3.75	18.25	80	2700,0
657	3.25	17.75	80	2700,0
657	2.25	17.75	80	2700,0
657	2.25	16.75	80	2700,0
657	0.25	16.75	80	2700,0
657	0.25	15.75	80	2700,0
657	-0.75	15.75	80	2700,0
657	-0.75	14.75	80	2700,0
657	-1.75	14.75	80	2700,0
657	-1.75	13.75	80	2700,0
657	-3.75	13.75	80	2700,0
657	-3.75	11.75	80	2700,0
657	-4.25	11.25	80	2700,0
657	-5.25	11.25	80	2700,0
657	-5.75	10.75	80	2700,0
657	-6.25	10.75	80	2700,0
657	-6.25	11.75	80	2700,0
657	-6.75	12.25	80	2700,0
657	-7.75	12.25	80	2700,0
657	-8.75	13.25	80	2700,0
657	-8.75	13.75	80	2700,0
657	-8.25	14.25	80	2700,0
657	-8.25	14.75	80	2700,0
657	-8.75	15.25	80	2700,0
657	-8.75	15.75	80	2700,0
657	-7.75	15.75	80	2700,0
657	-7.25	16.25	80	2700,0
657	-6.25	16.25	80	2700,0
657	-5.25	17.25	80	2700,0
657	-5.25	17.75	80	2700,0
657	-6.25	18.75	80	2700,0
657	-6.75	18.75	80	2700,0
657	-6.75	18.25	80	2700,0
657	-6.25	17.75	80	2700,0
657	-6.25	17.25	80	2700,0
657	-7.25	17.25	80	2700,0
657	-7.75	16.75	80	2700,0
657	-8.75	16.75	80	2700,0
657	-9.25	16.25	80	2700,0
657	-10.25	16.25	80	2700,0
657	-10.75	15.75	80	2700,0
657	-10.75	14.75	80	2700,0
657	-11.25	14.25	80	2700,0
657	-12.75	14.25	80	2700,0
657	-13.75	15.25	80	2700,0
59	-24.25	3.75	128	2700,0
59	-24.25	4.25	128	2700,0
59	-23.75	4.25	128	2700,0
59	-23.25	3.75	128	2700,0
59	-22.75	3.75	128	2700,0
59	-21.25	5.25	128	2700,0
59	-20.25	5.25	128	2700,0
59	-17.75	7.75	128	2700,0
59	-17.75	8.75	128	2700,0
59	-16.75	9.75	128	2700,0
59	-16.25	9.75	128	2700,0
59	-16.25	8.75	128	2700,0
59	-15.75	8.25	128	2700,0
59	-15.75	7.75	128	2700,0
59	-16.75	6.75	128	2700,0
59	-16.75	5.75	128	2700,0
59	-17.75	5.75	128	2700,0
59	-17.75	4.75	128	2700,0
59	-18.25	4.25	128	2700,0
59	-18.25	3.75	128	2700,0
59	-16.75	2.25	128	2700,0
59	-16.75	1.75	128	2700,0
59	-17.25	1.75	128	2700,0
59	-19.25	3.75	128	2700,0
59	-19.75	3.75	128	2700,0
59	-20.25	3.25	128	2700,0
59	-20.25	2.25	128	2700,0
59	-20.75	1.75	128	2700,0
59	-22.25	1.75	128	2700,0
59	-24.25	3.75	128	2700,0
377	-27.25	-0.25	33	2700,0
377	-27.25	0.25	33	2700,0
377	-26.75	0.75	33	2700,0
377	-25.75	0.75	33	2700,0
377	-24.25	2.25	33	2700,0
377	-23.75	2.25	33	2700,0
377	-23.75	1.25	33	2700,0
377	-21.75	1.25	33	2700,0
377	-21.25	0.75	33	2700,0
377	-20.75	0.75	33	2700,0
377	-20.25	1.25	33	2700,0
377	-19.75	1.25	33	2700,0
377	-19.25	0.75	33	2700,0
377	-14.75	0.75	33	2700,0
377	-11.75	3.75	33	2700,0
377	-11.25	3.75	33	2700,0
377	-11.25	3.25	33	2700,0
377	-11.75	2.75	33	2700,0
377	-11.75	2.25	33	2700,0
377	-10.75	2.25	33	2700,0
377	-10.25	1.75	33	2700,0
377	-10.25	1.25	33	2700,0
377	-10.75	0.75	33	2700,0
377	-10.75	-0.25	33	2700,0
377	-27.25	-0.25	33	2700,0
356	-26.25	0.75	315	2700,0
356	-26.25	1.25	315	2700,0
356	-24.75	2.75	315	2700,0
356	-24.25	2.75	315	2700,0
356	-24.25	2.25	315	2700,0
356	-25.75	0.75	315	2700,0
356	-26.25	0.75	315	2700,0
327	-13.25	13.75	30	2700,0
327	-13.25	14.25	30	2700,0
327	-11.25	14.25	30	2700,0
327	-10.75	14.75	30	2700,0
327	-10.75	15.75	30	2700,0
327	-10.25	16.25	30	2700,0
327	-9.25	16.25	30	2700,0
327	-8.75	16.75	30	2700,0
327	-7.75	16.75	30	2700,0
327	-7.25	17.25	30	2700,0
327	-6.25	17.25	30	2700,0
327	-6.25	17.75	30	2700,0
327	-6.75	18.25	30	2700,0
327	-6.75	18.75	30	2700,0
327	-6.25	18.75	30	2700,0
327	-5.25	17.75	30	2700,0
327	-5.25	17.25	30	2700,0
327	-6.25	16.25	30	2700,0
327	-7.25	16.25	30	2700,0
327	-7.75	15.75	30	2700,0
327	-8.75	15.75	30	2700,0
327	-8.75	15.25	30	2700,0
327	-8.25	14.75	30	2700,0
327	-8.25	14.25	30	2700,0
327	-8.75	13.75	30	2700,0
327	-8.75	13.25	30	2700,0
327	-7.75	12.25	30	2700,0
327	-7.75	11.25	30	2700,0
327	-6.75	10.25	30	2700,0
327	-6.75	9.25	30	2700,0
327	-6.25	9.25	30	2700,0
327	-5.75	9.75	30	2700,0
327	-5.25	9.75	30	2700,0
327	-4.75	9.25	30	2700,0
327	-4.75	7.75	30	2700,0
327	-5.25	7.75	30	2700,0
327	-5.75	8.25	30	2700,0
327	-6.25	8.25	30	2700,0
327	-6.25	7.75	30	2700,0
327	-5.75	7.25	30	2700,0
327	-5.75	6.75	30	2700,0
327	-7.25	6.75	30	2700,0
327	-7.75	7.25	30	2700,0
327	-8.25	7.25	30	2700,0
327	-8.25	6.25	30	2700,0
327	-8.75	5.75	30	2700,0
327	-9.25	5.75	30	2700,0
327	-9.25	6.75	30	2700,0
327	-10.25	7.75	30	2700,0
327	-10.25	8.75	30	2700,0
327	-10.75	9.25	30	2700,0
327	-11.25	9.25	30	2700,0
327	-11.25	8.25	30	2700,0
327	-13.25	6.25	30	2700,0
327	-13.75	6.25	30	2700,0
327	-13.75	6.75	30	2700,0
327	-13.25	7.25	30	2700,0
327	-13.25	7.75	30	2700,0
327	-13.75	8.25	30	2700,0
327	-14.25	8.25	30	2700,0
327	-14.75	7.75	30	2700,0
327	-14.75	6.75	30	2700,0
327	-15.25	6.25	30	2700,0
327	-15.25	5.25	30	2700,0
327	-15.75	4.75	30	2700,0
327	-17.25	4.75	30	2700,0
327	-17.75	5.25	30	2700,0
327	-17.75	5.75	30	2700,0
327	-16.75	5.75	30	2700,0
327	-16.75	6.75	30	2700,0
327	-15.75	7.75	30	2700,0
327	-15.75	8.25	30	2700,0
327	-16.25	8.75	30	2700,0
327	-16.25	10.25	30	2700,0
327	-14.75	10.25	30	2700,0
327	-14.25	9.75	30	2700,0
327	-13.75	9.75	30	2700,0
327	-13.25	10.25	30	2700,0
327	-13.25	10.75	30	2700,0
327	-14.25	10.75	30	2700,0
327	-14.25	11.25	30	2700,0
327	-13.25	12.25	30	2700,0
327	-13.25	13.75	30	2700,0
328	-9.25	11.75	30	2700,0
328	-9.25	12.25	30	2700,0
328	-8.75	12.25	30	2700,0
328	-8.25	11.75	30	2700,0
328	-8.25	11.25	30	2700,0
328	-8.75	11.25	30	2700,0
328	-9.25	11.75	30	2700,0
162	-23.75	2.25	190	2700,0
162	-23.75	2.75	190	2700,0
162	-23.25	2.75	190	2700,0
162	-22.25	1.75	190	2700,0
162	-22.25	1.25	190	2700,0
162	-23.75	1.25	190	2700,0
162	-23.75	2.25	190	2700,0
52	-2.25	21.75	123	2700,0
52	-2.25	22.25	123	2700,0
52	-1.75	22.75	123	2700,0
52	-0.25	22.75	123	2700,0
52	1.25	21.25	123	2700,0
52	1.25	20.75	123	2700,0
52	-0.25	19.25	123	2700,0
52	-1.25	19.25	123	2700,0
52	-1.75	18.75	123	2700,0
52	-1.75	18.25	123	2700,0
52	-1.25	17.75	123	2700,0
52	-1.25	17.25	123	2700,0
52	-1.75	17.25	123	2700,0
52	-2.75	18.25	123	2700,0
52	-2.75	18.75	123	2700,0
52	-2.25	19.25	123	2700,0
52	-2.25	19.75	123	2700,0
52	-2.75	20.25	123	2700,0
52	-2.75	20.75	123	2700,0
52	-2.25	20.75	123	2700,0
52	-1.75	20.25	123	2700,0
52	-1.25	20.25	123	2700,0
52	-1.25	21.75	123	2700,0
52	-2.25	21.75	123	2700,0
256	-21.75	1.25	254	2700,0
256	-21.75	1.75	254	2700,0
256	-20.75	1.75	254	2700,0
256	-19.75	2.75	254	2700,0
256	-19.25	2.75	254	2700,0
256	-18.25	1.75	254	2700,0
256	-16.25	1.75	254	2700,0
256	-15.75	1.25	254	2700,0
256	-15.75	0.75	254	2700,0
256	-19.25	0.75	254	2700,0
256	-19.75	1.25	254	2700,0
256	-20.25	1.25	254	2700,0
256	-20.75	0.75	254	2700,0
256	-21.25	0.75	254	2700,0
256	-21.75	1.25	254	2700,0
551	-20.25	2.75	455	2700,0
551	-20.25	3.25	455	2700,0
551	-19.75	3.75	455	2700,0
551	-19.25	3.75	455	2700,0
551	-17.75	2.25	455	2700,0
551	-17.75	1.75	455	2700,0
551	-18.25	1.75	455	2700,0
551	-19.25	2.75	455	2700,0
551	-20.25	2.75	455	2700,0
203	-18.25	3.75	213	2700,0
203	-18.25	4.25	213	2700,0
203	-17.75	4.75	213	2700,0
203	-16.25	4.75	213	2700,0
203	-16.25	3.25	213	2700,0
203	-16.75	3.25	213	2700,0
203	-17.25	3.75	213	2700,0
203	-18.25	3.75	213	2700,0
315	-14.75	7.25	29	2700,0
315	-14.75	7.75	29	2700,0
315	-14.25	8.25	29	2700,0
315	-13.75	8.25	29	2700,0
315	-13.25	7.75	29	2700,0
315	-13.25	7.25	29	2700,0
315	-13.75	6.75	29	2700,0
315	-13.75	6.25	29	2700,0
315	-13.25	6.25	29	2700,0
315	-11.25	8.25	29	2700,0
315	-11.25	9.25	29	2700,0
315	-10.75	9.25	29	2700,0
315	-10.25	8.75	29	2700,0
315	-10.25	7.75	29	2700,0
315	-9.25	6.75	29	2700,0
315	-9.25	5.75	29	2700,0
315	-8.75	5.75	29	2700,0
315	-8.25	6.25	29	2700,0
315	-8.25	7.25	29	2700,0
315	-7.75	7.25	29	2700,0
315	-7.25	6.75	29	2700,0
315	-5.75	6.75	29	2700,0
315	-5.75	7.25	29	2700,0
315	-6.25	7.75	29	2700,0
315	-6.25	8.25	29	2700,0
315	-5.75	8.25	29	2700,0
315	-5.25	7.75	29	2700,0
315	-4.75	7.75	29	2700,0
315	-4.75	9.25	29	2700,0
315	-5.25	9.75	29	2700,0
315	-5.75	9.75	29	2700,0
315	-6.25	9.25	29	2700,0
315	-6.75	9.25	29	2700,0
315	-6.75	10.25	29	2700,0
315	-7.75	11.25	29	2700,0
315	-7.75	11.75	29	2700,0
315	-7.25	12.25	29	2700,0
315	-6.75	12.25	29	2700,0
315	-6.25	11.75	29	2700,0
315	-6.25	10.75	29	2700,0
315	-5.75	10.75	29	2700,0
315	-5.25	11.25	29	2700,0
315	-4.25	11.25	29	2700,0
315	-3.75	11.75	29	2700,0
315	-3.25	11.75	29	2700,0
315	-2.75	11.25	29	2700,0
315	-1.75	11.25	29	2700,0
315	-0.25	9.75	29	2700,0
315	-0.25	9.25	29	2700,0
315	-0.75	8.75	29	2700,0
315	-0.75	8.25	29	2700,0
315	-0.25	8.25	29	2700,0
315	0.75	9.25	29	2700,0
315	2.25	9.25	29	2700,0
315	2.75	8.75	29	2700,0
315	3.25	8.75	29	2700,0
315	3.25	9.75	29	2700,0
315	4.75	9.75	29	2700,0
315	4.75	9.25	29	2700,0
315	4.25	8.75	29	2700,0
315	4.25	7.25	29	2700,0
315	5.25	6.25	29	2700,0
315	5.25	4.75	29	2700,0
315	4.25	4.75	29	2700,0
315	4.25	4.25	29	2700,0
315	4.75	3.75	29	2700,0
315	4.75	3.25	29	2700,0
315	4.25	2.75	29	2700,0
315	3.75	2.75	29	2700,0
315	3.75	3.75	29	2700,0
315	3.25	4.25	29	2700,0
315	3.25	5.25	29	2700,0
315	2.75	5.25	29	2700,0
315	1.75	4.25	29	2700,0
315	1.25	4.25	29	2700,0
315	1.25	4.75	29	2700,0
315	1.75	5.25	29	2700,0
315	1.75	6.75	29	2700,0
315	1.25	7.25	29	2700,0
315	0.75	7.25	29	2700,0
315	-0.25	6.25	29	2700,0
315	-0.25	5.25	29	2700,0
315	-2.75	5.25	29	2700,0
315	-3.25	5.75	29	2700,0
315	-4.75	5.75	29	2700,0
315	-5.25	5.25	29	2700,0
315	-6.25	5.25	29	2700,0
315	-6.25	4.25	29	2700,0
315	-8.75	4.25	29	2700,0
315	-9.75	5.25	29	2700,0
315	-10.75	5.25	29	2700,0
315	-10.75	6.25	29	2700,0
315	-11.25	6.75	29	2700,0
315	-11.75	6.75	29	2700,0
315	-11.75	6.25	29	2700,0
315	-11.25	5.75	29	2700,0
315	-11.25	5.25	29	2700,0
315	-13.25	5.25	29	2700,0
315	-13.25	4.25	29	2700,0
315	-14.25	4.25	29	2700,0
315	-14.25	3.75	29	2700,0
315	-13.75	3.25	29	2700,0
315	-13.75	2.75	29	2700,0
315	-14.75	2.75	29	2700,0
315	-14.75	1.75	29	2700,0
315	-15.25	1.25	29	2700,0
315	-15.75	1.25	29	2700,0
315	-17.75	3.25	29	2700,0
315	-17.75	3.75	29	2700,0
315	-17.25	3.75	29	2700,0
315	-16.75	3.25	29	2700,0
315	-16.25	3.25	29	2700,0
315	-16.25	4.25	29	2700,0
315	-15.25	5.25	29	2700,0
315	-15.25	6.25	29	2700,0
315	-14.75	6.75	29	2700,0
315	-14.75	7.25	29	2700,0
315	-44.75	6.25	29	2750,0
315	-44.75	6.75	29	2750,0
315	-44.25	6.75	29	2750,0
315	-42.75	5.25	29	2750,0
315	-42.75	3.75	29	2750,0
315	-43.25	3.25	29	2750,0
315	-43.75	3.25	29	2750,0
315	-43.75	4.25	29	2750,0
315	-44.75	5.25	29	2750,0
315	-44.75	6.25	29	2750,0
204	-9.25	11.75	214	2700,0
204	-9.25	12.25	214	2700,0
204	-8.75	12.25	214	2700,0
204	-8.25	11.75	214	2700,0
204	-8.25	11.25	214	2700,0
204	-8.75	11.25	214	2700,0
204	-9.25	11.75	214	2700,0
280	-14.25	3.75	269	2700,0
280	-14.25	4.25	269	2700,0
280	-13.25	4.25	269	2700,0
280	-13.25	5.25	269	2700,0
280	-11.75	5.25	269	2700,0
280	-11.75	4.75	269	2700,0
280	-13.25	3.25	269	2700,0
280	-13.75	3.25	269	2700,0
280	-14.25	3.75	269	2700,0
459	-11.75	6.25	387	2700,0
459	-11.75	6.75	387	2700,0
459	-11.25	6.75	387	2700,0
459	-10.75	6.25	387	2700,0
459	-10.75	5.75	387	2700,0
459	-11.25	5.75	387	2700,0
459	-11.75	6.25	387	2700,0
237	-14.75	2.25	239	2700,0
237	-14.75	2.75	239	2700,0
237	-13.75	2.75	239	2700,0
237	-11.25	5.25	239	2700,0
237	-9.75	5.25	239	2700,0
237	-6.75	2.25	239	2700,0
237	-6.75	1.75	239	2700,0
237	-8.25	1.75	239	2700,0
237	-8.25	2.75	239	2700,0
237	-8.75	3.25	239	2700,0
237	-9.25	3.25	239	2700,0
237	-10.25	2.25	239	2700,0
237	-11.75	2.25	239	2700,0
237	-11.75	2.75	239	2700,0
237	-11.25	3.25	239	2700,0
237	-11.25	3.75	239	2700,0
237	-11.75	3.75	239	2700,0
237	-14.75	0.75	239	2700,0
237	-15.25	0.75	239	2700,0
237	-15.25	1.25	239	2700,0
237	-14.75	1.75	239	2700,0
237	-14.75	2.25	239	2700,0
30	-3.75	13.25	11	2700,0
30	-3.75	13.75	11	2700,0
30	-1.75	13.75	11	2700,0
30	-1.75	14.75	11	2700,0
30	-0.75	14.75	11	2700,0
30	-0.75	15.75	11	2700,0
30	0.25	15.75	11	2700,0
30	0.25	16.75	11	2700,0
30	2.25	16.75	11	2700,0
30	2.25	17.75	11	2700,0
30	3.25	17.75	11	2700,0
30	3.75	18.25	11	2700,0
30	4.25	18.25	11	2700,0
30	5.25	17.25	11	2700,0
30	5.25	15.75	11	2700,0
30	4.25	15.75	11	2700,0
30	4.25	13.25	11	2700,0
30	5.25	13.25	11	2700,0
30	5.25	6.75	11	2700,0
30	4.75	6.75	11	2700,0
30	4.25	7.25	11	2700,0
30	4.25	8.75	11	2700,0
30	4.75	9.25	11	2700,0
30	4.75	9.75	11	2700,0
30	3.25	9.75	11	2700,0
30	3.25	8.75	11	2700,0
30	2.75	8.75	11	2700,0
30	2.25	9.25	11	2700,0
30	0.75	9.25	11	2700,0
30	-0.25	8.25	11	2700,0
30	-0.75	8.25	11	2700,0
30	-0.75	8.75	11	2700,0
30	-0.25	9.25	11	2700,0
30	-0.25	9.75	11	2700,0
30	-1.75	11.25	11	2700,0
30	-2.75	11.25	11	2700,0
30	-3.75	12.25	11	2700,0
30	-3.75	13.25	11	2700,0
30	-44.75	16.25	11	2750,0
30	-44.75	16.75	11	2750,0
30	-44.25	16.75	11	2750,0
30	-44.25	15.25	11	2750,0
30	-44.75	15.25	11	2750,0
30	-44.75	16.25	11	2750,0
578	-42.75	22.25	476	2750,0
578	-42.75	22.75	476	2750,0
578	-41.25	22.75	476	2750,0
578	-41.25	21.75	476	2750,0
578	-40.75	21.25	476	2750,0
578	-40.25	21.25	476	2750,0
578	-39.75	21.75	476	2750,0
578	-38.25	21.75	476	2750,0
578	-38.25	21.25	476	2750,0
578	-38.75	20.75	476	2750,0
578	-39.75	20.75	476	2750,0
578	-40.25	20.25	476	2750,0
578	-40.25	19.25	476	2750,0
578	-41.25	19.25	476	2750,0
578	-41.25	18.25	476	2750,0
578	-42.25	17.25	476	2750,0
578	-42.75	17.25	476	2750,0
578	-42.75	18.25	476	2750,0
578	-43.25	18.75	476	2750,0
578	-43.25	19.25	476	2750,0
578	-42.25	19.25	476	2750,0
578	-42.25	20.25	476	2750,0
578	-41.75	20.75	476	2750,0
578	-41.75	21.25	476	2750,0
578	-42.75	22.25	476	2750,0
217	-10.25	1.75	222	2700,0
217	-10.25	2.25	222	2700,0
217	-9.25	3.25	222	2700,0
217	-8.75	3.25	222	2700,0
217	-8.25	2.75	222	2700,0
217	-8.25	1.75	222	2700,0
217	-7.75	1.25	222	2700,0
217	-7.75	0.75	222	2700,0
217	-9.75	0.75	222	2700,0
217	-10.25	0.25	222	2700,0
217	-10.75	0.25	222	2700,0
217	-10.75	0.75	222	2700,0
217	-10.25	1.25	222	2700,0
217	-10.25	1.75	222	2700,0
496	-8.25	3.75	41	2700,0
496	-8.25	4.25	41	2700,0
496	-6.25	4.25	41	2700,0
496	-6.25	5.25	41	2700,0
496	-5.25	5.25	41	2700,0
496	-4.75	5.75	41	2700,0
496	-3.25	5.75	41	2700,0
496	-2.75	5.25	41	2700,0
496	-0.25	5.25	41	2700,0
496	-0.25	6.25	41	2700,0
496	0.75	7.25	41	2700,0
496	1.25	7.25	41	2700,0
496	1.75	6.75	41	2700,0
496	1.75	5.25	41	2700,0
496	1.25	4.75	41	2700,0
496	1.25	4.25	41	2700,0
496	1.75	4.25	41	2700,0
496	2.75	5.25	41	2700,0
496	3.25	5.25	41	2700,0
496	3.25	4.25	41	2700,0
496	3.75	3.75	41	2700,0
496	3.75	2.25	41	2700,0
496	2.75	1.25	41	2700,0
496	2.25	1.25	41	2700,0
496	2.25	2.25	41	2700,0
496	1.75	2.25	41	2700,0
496	0.75	1.25	41	2700,0
496	0.25	1.25	41	2700,0
496	-0.25	1.75	41	2700,0
496	-0.25	2.75	41	2700,0
496	-1.25	2.75	41	2700,0
496	-1.25	3.75	41	2700,0
496	-1.75	3.75	41	2700,0
496	-1.75	2.75	41	2700,0
496	-2.75	2.75	41	2700,0
496	-4.75	0.75	41	2700,0
496	-5.25	0.75	41	2700,0
496	-5.75	1.25	41	2700,0
496	-6.75	1.25	41	2700,0
496	-6.75	2.25	41	2700,0
496	-8.25	3.75	41	2700,0
351	4.25	15.25	311	2700,0
351	4.25	15.75	311	2700,0
351	4.75	15.75	311	2700,0
351	5.25	15.25	311	2700,0
351	5.25	13.75	311	2700,0
351	4.75	13.25	311	2700,0
351	4.25	13.25	311	2700,0
351	4.25	15.25	311	2700,0
351	-44.25	15.75	311	2750,0
351	-44.25	16.25	311	2750,0
351	-43.75	16.25	311	2750,0
351	-42.75	15.25	311	2750,0
351	-42.75	14.75	311	2750,0
351	-43.75	14.75	311	2750,0
351	-43.75	13.75	311	2750,0
351	-44.25	13.25	311	2750,0
351	-44.75	13.25	311	2750,0
351	-44.75	14.75	311	2750,0
351	-44.25	15.25	311	2750,0
351	-44.25	15.75	311	2750,0
31	-43.75	14.25	11	2750,0
31	-43.75	14.75	11	2750,0
31	-42.25	14.75	11	2750,0
31	-36.25	8.75	11	2750,0
31	-36.25	8.25	11	2750,0
31	-36.75	7.75	11	2750,0
31	-37.25	7.75	11	2750,0
31	-37.75	8.25	11	2750,0
31	-38.75	8.25	11	2750,0
31	-38.75	9.25	11	2750,0
31	-39.25	9.75	11	2750,0
31	-39.25	10.75	11	2750,0
31	-39.75	11.25	11	2750,0
31	-40.25	11.25	11	2750,0
31	-40.25	9.25	11	2750,0
31	-41.25	9.25	11	2750,0
31	-41.25	7.25	11	2750,0
31	-41.75	7.25	11	2750,0
31	-42.25	7.75	11	2750,0
31	-43.75	7.75	11	2750,0
31	-43.75	7.25	11	2750,0
31	-41.75	5.25	11	2750,0
31	-41.75	4.75	11	2750,0
31	-42.25	4.25	11	2750,0
31	-42.75	4.25	11	2750,0
31	-42.75	5.25	11	2750,0
31	-44.75	7.25	11	2750,0
31	-44.75	12.75	11	2750,0
31	-43.75	13.75	11	2750,0
31	-43.75	14.25	11	2750,0
634	-10.25	-0.25	68	2700,0
634	-10.25	0.25	68	2700,0
634	-9.75	0.75	68	2700,0
634	-7.75	0.75	68	2700,0
634	-7.75	1.75	68	2700,0
634	-7.25	1.75	68	2700,0
634	-6.75	1.25	68	2700,0
634	-5.75	1.25	68	2700,0
634	-5.25	0.75	68	2700,0
634	-3.75	0.75	68	2700,0
634	-2.75	1.75	68	2700,0
634	-1.25	1.75	68	2700,0
634	-0.25	0.75	68	2700,0
634	1.25	0.75	68	2700,0
634	1.75	1.25	68	2700,0
634	2.25	1.25	68	2700,0
634	2.75	0.75	68	2700,0
634	4.25	0.75	68	2700,0
634	4.75	1.25	68	2700,0
634	5.25	1.25	68	2700,0
634	5.25	-0.25	68	2700,0
634	-10.25	-0.25	68	2700,0
634	-44.75	0.25	68	2750,0
634	-44.75	0.75	68	2750,0
634	-43.75	1.75	68	2750,0
634	-42.25	1.75	68	2750,0
634	-42.25	0.75	68	2750,0
634	-38.75	0.75	68	2750,0
634	-38.25	1.25	68	2750,0
634	-37.75	1.25	68	2750,0
634	-37.25	0.75	68	2750,0
634	-36.25	0.75	68	2750,0
634	-35.75	0.25	68	2750,0
634	-35.75	-0.25	68	2750,0
634	-44.25	-0.25	68	2750,0
634	-44.75	0.25	68	2750,0
90	-40.75	15.25	147	2750,0
90	-40.75	15.75	147	2750,0
90	-39.75	15.75	147	2750,0
90	-39.75	16.75	147	2750,0
90	-39.25	17.25	147	2750,0
90	-37.25	17.25	147	2750,0
90	-36.75	17.75	147	2750,0
90	-36.25	17.75	147	2750,0
90	-36.25	16.75	147	2750,0
90	-35.75	16.25	147	2750,0
90	-32.75	16.25	147	2750,0
90	-32.75	14.75	147	2750,0
90	-33.25	14.25	147	2750,0
90	-33.25	13.75	147	2750,0
90	-32.75	13.75	147	2750,0
90	-32.25	14.25	147	2750,0
90	-30.75	14.25	147	2750,0
90	-30.25	13.75	147	2750,0
90	-29.25	13.75	147	2750,0
90	-28.25	12.75	147	2750,0
90	-27.25	12.75	147	2750,0
90	-26.75	12.25	147	2750,0
90	-26.75	11.25	147	2750,0
90	-25.25	9.75	147	2750,0
90	-25.25	9.25	147	2750,0
90	-25.75	9.25	147	2750,0
90	-27.25	10.75	147	2750,0
90	-27.75	10.75	147	2750,0
90	-27.75	9.75	147	2750,0
90	-28.25	9.25	147	2750,0
90	-28.75	9.25	147	2750,0
90	-28.75	10.25	147	2750,0
90	-29.25	10.25	147	2750,0
90	-29.75	9.75	147	2750,0
90	-30.25	9.75	147	2750,0
90	-30.25	12.75	147	2750,0
90	-31.25	12.75	147	2750,0
90	-31.75	13.25	147	2750,0
90	-32.25	13.25	147	2750,0
90	-33.25	12.25	147	2750,0
90	-33.75	12.25	147	2750,0
90	-33.75	13.25	147	2750,0
90	-34.25	13.75	147	2750,0
90	-34.75	13.75	147	2750,0
90	-35.25	13.25	147	2750,0
90	-35.75	13.25	147	2750,0
90	-35.75	13.75	147	2750,0
90	-34.75	14.75	147	2750,0
90	-34.75	15.25	147	2750,0
90	-36.25	15.25	147	2750,0
90	-36.75	14.75	147	2750,0
90	-36.75	13.75	147	2750,0
90	-37.75	12.75	147	2750,0
90	-37.75	12.25	147	2750,0
90	-37.25	11.75	147	2750,0
90	-37.25	10.25	147	2750,0
90	-37.75	10.25	147	2750,0
90	-41.25	13.75	147	2750,0
90	-41.25	14.25	147	2750,0
90	-40.75	14.75	147	2750,0
90	-40.75	15.25	147	2750,0
338	-4.25	0.75	307	2700,0
338	-4.25	1.25	307	2700,0
338	-2.75	2.75	307	2700,0
338	-0.25	2.75	307	2700,0
338	-0.25	1.75	307	2700,0
338	0.25	1.25	307	2700,0
338	0.25	0.75	307	2700,0
338	-0.25	0.75	307	2700,0
338	-1.25	1.75	307	2700,0
338	-2.75	1.75	307	2700,0
338	-3.75	0.75	307	2700,0
338	-4.25	0.75	307	2700,0
290	-1.75	3.25	274	2700,0
290	-1.75	3.75	274	2700,0
290	-1.25	3.75	274	2700,0
290	-1.25	3.25	274	2700,0
290	-1.75	3.25	274	2700,0
199	-43.75	7.25	21	2750,0
199	-43.75	7.75	21	2750,0
199	-42.25	7.75	21	2750,0
199	-41.75	7.25	21	2750,0
199	-41.25	7.25	21	2750,0
199	-40.25	8.25	21	2750,0
199	-39.75	8.25	21	2750,0
199	-38.75	7.25	21	2750,0
199	-38.25	7.25	21	2750,0
199	-38.25	8.25	21	2750,0
199	-37.75	8.25	21	2750,0
199	-37.25	7.75	21	2750,0
199	-36.75	7.75	21	2750,0
199	-36.25	8.25	21	2750,0
199	-35.75	8.25	21	2750,0
199	-32.25	4.75	21	2750,0
199	-32.25	4.25	21	2750,0
199	-35.75	4.25	21	2750,0
199	-36.25	4.75	21	2750,0
199	-36.25	5.75	21	2750,0
199	-37.75	5.75	21	2750,0
199	-37.75	4.75	21	2750,0
199	-38.75	4.75	21	2750,0
199	-39.25	4.25	21	2750,0
199	-39.75	4.25	21	2750,0
199	-40.25	4.75	21	2750,0
199	-41.25	4.75	21	2750,0
199	-43.75	7.25	21	2750,0
354	-40.25	10.75	313	2750,0
354	-40.25	11.25	313	2750,0
354	-39.75	11.25	313	2750,0
354	-39.25	10.75	313	2750,0
354	-39.25	9.75	313	2750,0
354	-38.75	9.25	313	2750,0
354	-38.75	8.25	313	2750,0
354	-38.25	7.75	313	2750,0
354	-38.25	7.25	313	2750,0
354	-38.75	7.25	313	2750,0
354	-39.75	8.25	313	2750,0
354	-40.25	8.25	313	2750,0
354	-40.75	7.75	313	2750,0
354	-41.25	7.75	313	2750,0
354	-41.25	9.25	313	2750,0
354	-40.25	9.25	313	2750,0
354	-40.25	10.75	313	2750,0
202	0.75	0.75	212	2700,0
202	0.75	1.25	212	2700,0
202	1.75	2.25	212	2700,0
202	2.25	2.25	212	2700,0
202	2.25	1.75	212	2700,0
202	1.25	0.75	212	2700,0
202	0.75	0.75	212	2700,0
18	4.25	4.25	100	2700,0
18	4.25	4.75	100	2700,0
18	4.75	4.75	100	2700,0
18	5.25	4.25	100	2700,0
18	5.25	1.75	100	2700,0
18	4.75	1.75	100	2700,0
18	4.75	3.75	100	2700,0
18	4.25	4.25	100	2700,0
18	-44.75	4.25	100	2750,0
18	-44.75	4.75	100	2750,0
18	-44.25	4.75	100	2750,0
18	-43.75	4.25	100	2750,0
18	-43.75	3.25	100	2750,0
18	-43.25	3.25	100	2750,0
18	-41.75	4.75	100	2750,0
18	-40.25	4.75	100	2750,0
18	-39.75	4.25	100	2750,0
18	-39.75	3.75	100	2750,0
18	-40.75	2.75	100	2750,0
18	-41.25	2.75	100	2750,0
18	-41.75	3.25	100	2750,0
18	-42.25	3.25	100	2750,0
18	-42.25	2.25	100	2750,0
18	-42.75	1.75	100	2750,0
18	-43.75	1.75	100	2750,0
18	-44.25	1.25	100	2750,0
18	-44.75	1.25	100	2750,0
18	-44.75	4.25	100	2750,0
336	2.75	0.75	305	2700,0
336	2.75	1.25	305	2700,0
336	4.25	2.75	305	2700,0
336	4.75	2.75	305	2700,0
336	4.75	1.25	305	2700,0
336	4.25	0.75	305	2700,0
336	2.75	0.75	305	2700,0
602	-42.25	2.75	52	2750,0
602	-42.25	3.25	52	2750,0
602	-41.75	3.25	52	2750,0
602	-41.25	2.75	52	2750,0
602	-40.75	2.75	52	2750,0
602	-39.75	3.75	52	2750,0
602	-39.25	3.75	52	2750,0
602	-38.75	3.25	52	2750,0
602	-38.75	2.25	52	2750,0
602	-37.75	2.25	52	2750,0
602	-37.75	1.75	52	2750,0
602	-38.75	0.75	52	2750,0
602	-42.25	0.75	52	2750,0
602	-42.25	2.75	52	2750,0
593	-39.25	3.75	49	2750,0
593	-39.25	4.25	49	2750,0
593	-38.75	4.75	49	2750,0
593	-37.75	4.75	49	2750,0
593	-37.75	5.75	49	2750,0
593	-36.25	5.75	49	2750,0
593	-36.25	4.75	49	2750,0
593	-35.75	4.25	49	2750,0
593	-31.75	4.25	49	2750,0
593	-29.75	2.25	49	2750,0
593	-29.75	1.75	49	2750,0
593	-30.25	1.75	49	2750,0
593	-30.75	2.25	49	2750,0
593	-32.25	2.25	49	2750,0
593	-32.75	1.75	49	2750,0
593	-33.25	1.75	49	2750,0
593	-33.25	2.75	49	2750,0
593	-33.75	2.75	49	2750,0
593	-34.75	1.75	49	2750,0
593	-37.25	1.75	49	2750,0
593	-37.75	2.25	49	2750,0
593	-38.75	2.25	49	2750,0
593	-38.75	3.25	49	2750,0
593	-39.25	3.75	49	2750,0
228	-37.75	1.25	230	2750,0
228	-37.75	1.75	230	2750,0
228	-34.75	1.75	230	2750,0
228	-33.75	2.75	230	2750,0
228	-33.25	2.75	230	2750,0
228	-33.25	1.75	230	2750,0
228	-32.75	1.75	230	2750,0
228	-32.25	2.25	230	2750,0
228	-30.75	2.25	230	2750,0
228	-30.25	1.75	230	2750,0
228	-29.25	1.75	230	2750,0
228	-29.25	1.25	230	2750,0
228	-29.75	0.75	230	2750,0
228	-30.25	0.75	230	2750,0
228	-30.75	1.25	230	2750,0
228	-32.25	1.25	230	2750,0
228	-32.25	0.25	230	2750,0
228	-32.75	0.25	230	2750,0
228	-33.25	0.75	230	2750,0
228	-34.75	0.75	230	2750,0
228	-35.25	0.25	230	2750,0
228	-35.75	0.25	230	2750,0
228	-36.25	0.75	230	2750,0
228	-37.25	0.75	230	2750,0
228	-37.75	1.25	230	2750,0
523	-35.25	-0.25	433	2750,0
523	-35.25	0.25	433	2750,0
523	-34.75	0.75	433	2750,0
523	-33.25	0.75	433	2750,0
523	-32.75	0.25	433	2750,0
523	-32.75	-0.25	433	2750,0
523	-35.25	-0.25	433	2750,0
414	-7.75	26.25	355	2750,0
414	-7.75	26.75	355	2750,0
414	-7.25	27.25	355	2750,0
414	-6.75	27.25	355	2750,0
414	-6.75	26.25	355	2750,0
414	-6.25	26.25	355	2750,0
414	-5.75	26.75	355	2750,0
414	-5.75	27.75	355	2750,0
414	-5.25	28.25	355	2750,0
414	-4.75	28.25	355	2750,0
414	-4.75	27.25	355	2750,0
414	-3.25	27.25	355	2750,0
414	-2.75	27.75	355	2750,0
414	-2.75	28.25	355	2750,0
414	-3.25	28.75	355	2750,0
414	-3.25	29.25	355	2750,0
414	-2.25	30.25	355	2750,0
414	-1.75	30.25	355	2750,0
414	-1.75	29.75	355	2750,0
414	-2.25	29.25	355	2750,0
414	-2.25	28.75	355	2750,0
414	-1.25	28.75	355	2750,0
414	-1.25	27.75	355	2750,0
414	-0.75	27.75	355	2750,0
414	0.75	29.25	355	2750,0
414	0.75	29.75	355	2750,0
414	0.25	29.75	355	2750,0
414	-0.25	29.25	355	2750,0
414	-0.75	29.25	355	2750,0
414	-0.75	29.75	355	2750,0
414	0.25	30.75	355	2750,0
414	0.75	30.75	355	2750,0
414	1.25	30.25	355	2750,0
414	2.25	30.25	355	2750,0
414	4.25	28.25	355	2750,0
414	4.25	27.25	355	2750,0
414	4.75	26.75	355	2750,0
414	4.75	26.25	355	2750,0
414	3.25	26.25	355	2750,0
414	3.25	27.25	355	2750,0
414	1.75	27.25	355	2750,0
414	1.25	26.75	355	2750,0
414	1.25	26.25	355	2750,0
414	1.75	25.75	355	2750,0
414	2.75	25.75	355	2750,0
414	2.75	25.25	355	2750,0
414	2.25	24.75	355	2750,0
414	1.75	24.75	355	2750,0
414	1.25	25.25	355	2750,0
414	0.25	25.25	355	2750,0
414	-1.75	27.25	355	2750,0
414	-2.25	27.25	355	2750,0
414	-2.25	26.25	355	2750,0
414	-4.25	26.25	355	2750,0
414	-4.25	25.25	355	2750,0
414	-4.75	24.75	355	2750,0
414	-4.75	24.25	355	2750,0
414	-4.25	23.75	355	2750,0
414	-4.25	23.25	355	2750,0
414	-5.75	23.25	355	2750,0
414	-5.75	24.25	355	2750,0
414	-6.75	25.25	355	2750,0
414	-7.75	25.25	355	2750,0
414	-7.75	26.25	355	2750,0
414	-45.25	26.75	355	2800,0
414	-45.25	27.25	355	2800,0
414	-44.75	27.25	355	2800,0
414	-44.75	26.75	355	2800,0
414	-45.25	26.75	355	2800,0
521	-32.25	0.75	431	2750,0
521	-32.25	1.25	431	2750,0
521	-30.75	1.25	431	2750,0
521	-30.25	0.75	431	2750,0
521	-29.75	0.75	431	2750,0
521	-29.25	1.25	431	2750,0
521	-28.75	1.25	431	2750,0
521	-27.75	0.25	431	2750,0
521	-27.75	-0.25	431	2750,0
521	-32.25	-0.25	431	2750,0
521	-32.25	0.75	431	2750,0
