group	fill	colour	clickSelects
1	#FFFFFF	#D3D3D3	154
2	#FFFFFF	#D3D3D3	154
3	#FFFFFF	#D3D3D3	154
4	#FFFFFF	#D3D3D3	84
5	#FFFFFF	#D3D3D3	143
8	#FFFFFF	#D3D3D3	380
9	#FFFFFF	#D3D3D3	154
10	#FFFFFF	#D3D3D3	185
11	#FFFFFF	#D3D3D3	185
12	#FFFFFF	#D3D3D3	185
13	#FFFFFF	#D3D3D3	185
14	#FFFFFF	#D3D3D3	154
15	#FFFFFF	#D3D3D3	185
16	#FFFFFF	#D3D3D3	185
17	#FFFFFF	#D3D3D3	185
18	#FFFFFF	#D3D3D3	4
19	#FFFFFF	#D3D3D3	4
20	#FFFFFF	#D3D3D3	4
21	#FFFFFF	#D3D3D3	4
22	#FFFFFF	#D3D3D3	4
23	#FFFFFF	#D3D3D3	91
24	#FFFFFF	#D3D3D3	4
25	#FFFFFF	#D3D3D3	84
26	#FFFFFF	#D3D3D3	91
27	#FFFFFF	#D3D3D3	91
28	#FFFFFF	#D3D3D3	4
29	#FFFFFF	#D3D3D3	91
30	#FFFFFF	#D3D3D3	91
31	#FFFFFF	#D3D3D3	91
32	#FFFFFF	#D3D3D3	4
33	#FFFFFF	#D3D3D3	4
34	#FFFFFF	#D3D3D3	4
35	#FFFFFF	#D3D3D3	4
36	#FFFFFF	#D3D3D3	154
37	#FFFFFF	#D3D3D3	4
38	#FFFFFF	#D3D3D3	462
39	#FFFFFF	#D3D3D3	462
40	#FFFFFF	#D3D3D3	4
41	#FFFFFF	#D3D3D3	462
42	#FFFFFF	#D3D3D3	462
43	#FFFFFF	#D3D3D3	462
44	#FFFFFF	#D3D3D3	462
45	#FFFFFF	#D3D3D3	462
46	#FFFFFF	#D3D3D3	154
47	#FFFFFF	#D3D3D3	154
48	#FFFFFF	#D3D3D3	84
49	#FFFFFF	#D3D3D3	84
50	#FFFFFF	#D3D3D3	84
52	#FFFFFF	#D3D3D3	154
53	#FFFFFF	#D3D3D3	154
54	#FFFFFF	#D3D3D3	84
59	#FFFFFF	#D3D3D3	154
60	#FFFFFF	#D3D3D3	154
61	#FFFFFF	#D3D3D3	185
62	#FFFFFF	#D3D3D3	154
63	#FFFFFF	#D3D3D3	185
64	#FFFFFF	#D3D3D3	84
65	#FFFFFF	#D3D3D3	185
66	#FFFFFF	#D3D3D3	185
67	#FFFFFF	#D3D3D3	185
68	#FFFFFF	#D3D3D3	4
69	#FFFFFF	#D3D3D3	4
70	#FFFFFF	#D3D3D3	4
71	#FFFFFF	#D3D3D3	4
72	#FFFFFF	#D3D3D3	4
73	#FFFFFF	#D3D3D3	4
74	#FFFFFF	#D3D3D3	91
75	#FFFFFF	#D3D3D3	84
76	#FFFFFF	#D3D3D3	91
77	#FFFFFF	#D3D3D3	91
78	#FFFFFF	#D3D3D3	4
79	#FFFFFF	#D3D3D3	91
80	#FFFFFF	#D3D3D3	91
81	#FFFFFF	#D3D3D3	91
82	#FFFFFF	#D3D3D3	91
83	#FFFFFF	#D3D3D3	91
84	#FFFFFF	#D3D3D3	4
85	#FFFFFF	#D3D3D3	329
86	#FFFFFF	#D3D3D3	84
87	#FFFFFF	#D3D3D3	4
88	#FFFFFF	#D3D3D3	4
89	#FFFFFF	#D3D3D3	4
90	#FFFFFF	#D3D3D3	462
91	#FFFFFF	#D3D3D3	4
92	#FFFFFF	#D3D3D3	4
93	#FFFFFF	#D3D3D3	4
94	#FFFFFF	#D3D3D3	462
95	#FFFFFF	#D3D3D3	462
97	#FFFFFF	#D3D3D3	154
98	#FFFFFF	#D3D3D3	154
99	#FFFFFF	#D3D3D3	84
100	#FFFFFF	#D3D3D3	84
101	#FFFFFF	#D3D3D3	84
102	#FFFFFF	#D3D3D3	154
103	#FFFFFF	#D3D3D3	154
104	#FFFFFF	#D3D3D3	154
105	#FFFFFF	#D3D3D3	143
109	#FFFFFF	#D3D3D3	154
110	#FFFFFF	#D3D3D3	185
111	#FFFFFF	#D3D3D3	154
112	#FFFFFF	#D3D3D3	185
113	#FFFFFF	#D3D3D3	154
114	#FFFFFF	#D3D3D3	185
115	#FFFFFF	#D3D3D3	84
116	#FFFFFF	#D3D3D3	185
117	#FFFFFF	#D3D3D3	185
118	#FFFFFF	#D3D3D3	4
119	#FFFFFF	#D3D3D3	4
120	#FFFFFF	#D3D3D3	4
121	#FFFFFF	#D3D3D3	4
122	#FFFFFF	#D3D3D3	4
123	#FFFFFF	#D3D3D3	4
124	#FFFFFF	#D3D3D3	91
125	#FFFFFF	#D3D3D3	91
126	#FFFFFF	#D3D3D3	84
127	#FFFFFF	#D3D3D3	4
128	#FFFFFF	#D3D3D3	4
129	#FFFFFF	#D3D3D3	4
130	#FFFFFF	#D3D3D3	91
131	#FFFFFF	#D3D3D3	91
132	#FFFFFF	#D3D3D3	91
133	#FFFFFF	#D3D3D3	91
134	#FFFFFF	#D3D3D3	4
135	#FFFFFF	#D3D3D3	329
136	#FFFFFF	#D3D3D3	329
137	#FFFFFF	#D3D3D3	154
138	#FFFFFF	#D3D3D3	4
139	#FFFFFF	#D3D3D3	4
140	#FFFFFF	#D3D3D3	462
141	#FFFFFF	#D3D3D3	4
142	#FFFFFF	#D3D3D3	4
143	#FFFFFF	#D3D3D3	4
144	#FFFFFF	#D3D3D3	4
145	#FFFFFF	#D3D3D3	462
146	#FFFFFF	#D3D3D3	462
147	#FFFFFF	#D3D3D3	84
148	#FFFFFF	#D3D3D3	84
149	#FFFFFF	#D3D3D3	84
150	#FFFFFF	#D3D3D3	84
151	#FFFFFF	#D3D3D3	84
153	#FFFFFF	#D3D3D3	4
154	#FFFFFF	#D3D3D3	4
155	#FFFFFF	#D3D3D3	154
156	#FFFFFF	#D3D3D3	154
157	#FFFFFF	#D3D3D3	154
158	#FFFFFF	#D3D3D3	155
159	#FFFFFF	#D3D3D3	155
160	#FFFFFF	#D3D3D3	154
161	#FFFFFF	#D3D3D3	154
162	#FFFFFF	#D3D3D3	185
163	#FFFFFF	#D3D3D3	185
164	#FFFFFF	#D3D3D3	185
166	#FFFFFF	#D3D3D3	4
167	#FFFFFF	#D3D3D3	4
168	#FFFFFF	#D3D3D3	4
169	#FFFFFF	#D3D3D3	91
170	#FFFFFF	#D3D3D3	91
171	#FFFFFF	#D3D3D3	91
172	#FFFFFF	#D3D3D3	91
173	#FFFFFF	#D3D3D3	91
174	#FFFFFF	#D3D3D3	91
175	#FFFFFF	#D3D3D3	91
177	#FFFFFF	#D3D3D3	91
178	#FFFFFF	#D3D3D3	91
179	#FFFFFF	#D3D3D3	91
180	#FFFFFF	#D3D3D3	4
181	#FFFFFF	#D3D3D3	4
182	#FFFFFF	#D3D3D3	4
183	#FFFFFF	#D3D3D3	4
184	#FFFFFF	#D3D3D3	4
185	#FFFFFF	#D3D3D3	4
186	#FFFFFF	#D3D3D3	4
188	#FFFFFF	#D3D3D3	4
189	#FFFFFF	#D3D3D3	4
190	#FFFFFF	#D3D3D3	4
191	#FFFFFF	#D3D3D3	4
192	#FFFFFF	#D3D3D3	4
193	#FFFFFF	#D3D3D3	4
194	#FFFFFF	#D3D3D3	4
195	#FFFFFF	#D3D3D3	4
196	#FFFFFF	#D3D3D3	4
199	#FFFFFF	#D3D3D3	84
200	#FFFFFF	#D3D3D3	84
201	#FFFFFF	#D3D3D3	154
202	#FFFFFF	#D3D3D3	154
203	#FFFFFF	#D3D3D3	4
204	#FFFFFF	#D3D3D3	4
206	#FFFFFF	#D3D3D3	154
207	#FFFFFF	#D3D3D3	154
208	#FFFFFF	#D3D3D3	155
209	#FFFFFF	#D3D3D3	155
210	#FFFFFF	#D3D3D3	155
211	#FFFFFF	#D3D3D3	154
212	#FFFFFF	#D3D3D3	185
213	#FFFFFF	#D3D3D3	185
214	#FFFFFF	#D3D3D3	185
215	#FFFFFF	#D3D3D3	4
217	#FFFFFF	#D3D3D3	4
218	#FFFFFF	#D3D3D3	4
219	#FFFFFF	#D3D3D3	4
220	#FFFFFF	#D3D3D3	91
221	#FFFFFF	#D3D3D3	91
222	#FFFFFF	#D3D3D3	91
223	#FFFFFF	#D3D3D3	91
224	#FFFFFF	#D3D3D3	91
225	#FFFFFF	#D3D3D3	91
226	#FFFFFF	#D3D3D3	91
228	#FFFFFF	#D3D3D3	91
229	#FFFFFF	#D3D3D3	91
230	#FFFFFF	#D3D3D3	4
231	#FFFFFF	#D3D3D3	4
232	#FFFFFF	#D3D3D3	91
233	#FFFFFF	#D3D3D3	4
234	#FFFFFF	#D3D3D3	4
235	#FFFFFF	#D3D3D3	4
236	#FFFFFF	#D3D3D3	4
237	#FFFFFF	#D3D3D3	4
239	#FFFFFF	#D3D3D3	4
240	#FFFFFF	#D3D3D3	4
241	#FFFFFF	#D3D3D3	4
242	#FFFFFF	#D3D3D3	4
243	#FFFFFF	#D3D3D3	4
244	#FFFFFF	#D3D3D3	4
245	#FFFFFF	#D3D3D3	4
246	#FFFFFF	#D3D3D3	4
247	#FFFFFF	#D3D3D3	4
248	#FFFFFF	#D3D3D3	84
249	#FFFFFF	#D3D3D3	84
250	#FFFFFF	#D3D3D3	154
251	#FFFFFF	#D3D3D3	154
252	#FFFFFF	#D3D3D3	155
254	#FFFFFF	#D3D3D3	4
256	#FFFFFF	#D3D3D3	155
257	#FFFFFF	#D3D3D3	154
258	#FFFFFF	#D3D3D3	155
259	#FFFFFF	#D3D3D3	155
260	#FFFFFF	#D3D3D3	155
261	#FFFFFF	#D3D3D3	154
262	#FFFFFF	#D3D3D3	185
263	#FFFFFF	#D3D3D3	185
264	#FFFFFF	#D3D3D3	185
265	#FFFFFF	#D3D3D3	185
267	#FFFFFF	#D3D3D3	4
268	#FFFFFF	#D3D3D3	4
269	#FFFFFF	#D3D3D3	4
270	#FFFFFF	#D3D3D3	4
271	#FFFFFF	#D3D3D3	4
272	#FFFFFF	#D3D3D3	4
273	#FFFFFF	#D3D3D3	91
274	#FFFFFF	#D3D3D3	91
275	#FFFFFF	#D3D3D3	91
276	#FFFFFF	#D3D3D3	91
278	#FFFFFF	#D3D3D3	91
279	#FFFFFF	#D3D3D3	91
280	#FFFFFF	#D3D3D3	4
281	#FFFFFF	#D3D3D3	4
282	#FFFFFF	#D3D3D3	4
283	#FFFFFF	#D3D3D3	91
284	#FFFFFF	#D3D3D3	4
285	#FFFFFF	#D3D3D3	4
286	#FFFFFF	#D3D3D3	4
287	#FFFFFF	#D3D3D3	4
289	#FFFFFF	#D3D3D3	4
290	#FFFFFF	#D3D3D3	4
291	#FFFFFF	#D3D3D3	4
292	#FFFFFF	#D3D3D3	4
293	#FFFFFF	#D3D3D3	4
294	#FFFFFF	#D3D3D3	4
295	#FFFFFF	#D3D3D3	4
296	#FFFFFF	#D3D3D3	4
297	#FFFFFF	#D3D3D3	4
299	#FFFFFF	#D3D3D3	84
300	#FFFFFF	#D3D3D3	84
301	#FFFFFF	#D3D3D3	84
302	#FFFFFF	#D3D3D3	154
303	#FFFFFF	#D3D3D3	154
304	#FFFFFF	#D3D3D3	4
305	#FFFFFF	#D3D3D3	330
307	#FFFFFF	#D3D3D3	155
308	#FFFFFF	#D3D3D3	154
309	#FFFFFF	#D3D3D3	155
310	#FFFFFF	#D3D3D3	155
311	#FFFFFF	#D3D3D3	154
312	#FFFFFF	#D3D3D3	185
313	#FFFFFF	#D3D3D3	185
314	#FFFFFF	#D3D3D3	185
315	#FFFFFF	#D3D3D3	185
316	#FFFFFF	#D3D3D3	4
318	#FFFFFF	#D3D3D3	4
319	#FFFFFF	#D3D3D3	4
320	#FFFFFF	#D3D3D3	4
321	#FFFFFF	#D3D3D3	4
322	#FFFFFF	#D3D3D3	4
323	#FFFFFF	#D3D3D3	91
324	#FFFFFF	#D3D3D3	91
325	#FFFFFF	#D3D3D3	91
326	#FFFFFF	#D3D3D3	91
327	#FFFFFF	#D3D3D3	91
329	#FFFFFF	#D3D3D3	91
330	#FFFFFF	#D3D3D3	91
331	#FFFFFF	#D3D3D3	4
332	#FFFFFF	#D3D3D3	4
333	#FFFFFF	#D3D3D3	4
334	#FFFFFF	#D3D3D3	91
335	#FFFFFF	#D3D3D3	4
336	#FFFFFF	#D3D3D3	4
337	#FFFFFF	#D3D3D3	4
338	#FFFFFF	#D3D3D3	4
339	#FFFFFF	#D3D3D3	84
340	#FFFFFF	#D3D3D3	4
341	#FFFFFF	#D3D3D3	4
342	#FFFFFF	#D3D3D3	4
343	#FFFFFF	#D3D3D3	4
344	#FFFFFF	#D3D3D3	4
345	#FFFFFF	#D3D3D3	4
346	#FFFFFF	#D3D3D3	4
347	#FFFFFF	#D3D3D3	4
348	#FFFFFF	#D3D3D3	4
349	#FFFFFF	#D3D3D3	84
350	#FFFFFF	#D3D3D3	84
351	#FFFFFF	#D3D3D3	84
352	#FFFFFF	#D3D3D3	154
353	#FFFFFF	#D3D3D3	154
355	#FFFFFF	#D3D3D3	390
357	#FFFFFF	#D3D3D3	154
358	#FFFFFF	#D3D3D3	155
359	#FFFFFF	#D3D3D3	155
360	#FFFFFF	#D3D3D3	155
361	#FFFFFF	#D3D3D3	155
362	#FFFFFF	#D3D3D3	185
363	#FFFFFF	#D3D3D3	185
364	#FFFFFF	#D3D3D3	185
365	#FFFFFF	#D3D3D3	185
366	#FFFFFF	#D3D3D3	4
368	#FFFFFF	#D3D3D3	185
369	#FFFFFF	#D3D3D3	4
370	#FFFFFF	#D3D3D3	4
371	#FFFFFF	#D3D3D3	4
372	#FFFFFF	#D3D3D3	4
373	#FFFFFF	#D3D3D3	4
374	#FFFFFF	#D3D3D3	91
375	#FFFFFF	#D3D3D3	91
376	#FFFFFF	#D3D3D3	91
377	#FFFFFF	#D3D3D3	91
379	#FFFFFF	#D3D3D3	91
380	#FFFFFF	#D3D3D3	91
381	#FFFFFF	#D3D3D3	91
382	#FFFFFF	#D3D3D3	91
383	#FFFFFF	#D3D3D3	4
384	#FFFFFF	#D3D3D3	4
385	#FFFFFF	#D3D3D3	91
386	#FFFFFF	#D3D3D3	4
387	#FFFFFF	#D3D3D3	4
388	#FFFFFF	#D3D3D3	4
389	#FFFFFF	#D3D3D3	4
390	#FFFFFF	#D3D3D3	4
391	#FFFFFF	#D3D3D3	4
392	#FFFFFF	#D3D3D3	4
393	#FFFFFF	#D3D3D3	4
394	#FFFFFF	#D3D3D3	4
395	#FFFFFF	#D3D3D3	4
396	#FFFFFF	#D3D3D3	4
397	#FFFFFF	#D3D3D3	4
398	#FFFFFF	#D3D3D3	4
400	#FFFFFF	#D3D3D3	84
401	#FFFFFF	#D3D3D3	84
402	#FFFFFF	#D3D3D3	84
403	#FFFFFF	#D3D3D3	154
404	#FFFFFF	#D3D3D3	154
405	#FFFFFF	#D3D3D3	4
408	#FFFFFF	#D3D3D3	155
409	#FFFFFF	#D3D3D3	155
410	#FFFFFF	#D3D3D3	155
411	#FFFFFF	#D3D3D3	155
412	#FFFFFF	#D3D3D3	4
413	#FFFFFF	#D3D3D3	4
414	#FFFFFF	#D3D3D3	185
415	#FFFFFF	#D3D3D3	185
416	#FFFFFF	#D3D3D3	185
417	#FFFFFF	#D3D3D3	185
419	#FFFFFF	#D3D3D3	4
420	#FFFFFF	#D3D3D3	4
421	#FFFFFF	#D3D3D3	4
422	#FFFFFF	#D3D3D3	4
423	#FFFFFF	#D3D3D3	4
424	#FFFFFF	#D3D3D3	4
425	#FFFFFF	#D3D3D3	91
426	#FFFFFF	#D3D3D3	91
427	#FFFFFF	#D3D3D3	91
428	#FFFFFF	#D3D3D3	91
429	#FFFFFF	#D3D3D3	4
430	#FFFFFF	#D3D3D3	91
431	#FFFFFF	#D3D3D3	91
432	#FFFFFF	#D3D3D3	91
433	#FFFFFF	#D3D3D3	91
434	#FFFFFF	#D3D3D3	91
435	#FFFFFF	#D3D3D3	91
436	#FFFFFF	#D3D3D3	4
437	#FFFFFF	#D3D3D3	4
438	#FFFFFF	#D3D3D3	4
439	#FFFFFF	#D3D3D3	4
440	#FFFFFF	#D3D3D3	84
441	#FFFFFF	#D3D3D3	4
442	#FFFFFF	#D3D3D3	4
443	#FFFFFF	#D3D3D3	4
444	#FFFFFF	#D3D3D3	4
445	#FFFFFF	#D3D3D3	4
446	#FFFFFF	#D3D3D3	4
447	#FFFFFF	#D3D3D3	4
448	#FFFFFF	#D3D3D3	4
449	#FFFFFF	#D3D3D3	4
450	#FFFFFF	#D3D3D3	84
451	#FFFFFF	#D3D3D3	154
452	#FFFFFF	#D3D3D3	84
453	#FFFFFF	#D3D3D3	154
454	#FFFFFF	#D3D3D3	154
458	#FFFFFF	#D3D3D3	155
459	#FFFFFF	#D3D3D3	155
460	#FFFFFF	#D3D3D3	155
461	#FFFFFF	#D3D3D3	155
462	#FFFFFF	#D3D3D3	155
463	#FFFFFF	#D3D3D3	4
464	#FFFFFF	#D3D3D3	185
465	#FFFFFF	#D3D3D3	185
466	#FFFFFF	#D3D3D3	4
467	#FFFFFF	#D3D3D3	185
469	#FFFFFF	#D3D3D3	4
470	#FFFFFF	#D3D3D3	4
471	#FFFFFF	#D3D3D3	4
472	#FFFFFF	#D3D3D3	4
473	#FFFFFF	#D3D3D3	4
474	#FFFFFF	#D3D3D3	4
475	#FFFFFF	#D3D3D3	91
476	#FFFFFF	#D3D3D3	91
477	#FFFFFF	#D3D3D3	91
478	#FFFFFF	#D3D3D3	91
479	#FFFFFF	#D3D3D3	4
480	#FFFFFF	#D3D3D3	91
481	#FFFFFF	#D3D3D3	91
482	#FFFFFF	#D3D3D3	91
483	#FFFFFF	#D3D3D3	91
484	#FFFFFF	#D3D3D3	91
485	#FFFFFF	#D3D3D3	91
486	#FFFFFF	#D3D3D3	4
487	#FFFFFF	#D3D3D3	4
488	#FFFFFF	#D3D3D3	4
489	#FFFFFF	#D3D3D3	4
490	#FFFFFF	#D3D3D3	84
491	#FFFFFF	#D3D3D3	7
492	#FFFFFF	#D3D3D3	7
493	#FFFFFF	#D3D3D3	4
494	#FFFFFF	#D3D3D3	4
495	#FFFFFF	#D3D3D3	4
496	#FFFFFF	#D3D3D3	4
497	#FFFFFF	#D3D3D3	4
498	#FFFFFF	#D3D3D3	4
499	#FFFFFF	#D3D3D3	4
501	#FFFFFF	#D3D3D3	4
502	#FFFFFF	#D3D3D3	154
503	#FFFFFF	#D3D3D3	154
504	#FFFFFF	#D3D3D3	154
505	#FFFFFF	#D3D3D3	155
509	#FFFFFF	#D3D3D3	155
510	#FFFFFF	#D3D3D3	155
511	#FFFFFF	#D3D3D3	155
512	#FFFFFF	#D3D3D3	4
513	#FFFFFF	#D3D3D3	4
514	#FFFFFF	#D3D3D3	4
515	#FFFFFF	#D3D3D3	4
516	#FFFFFF	#D3D3D3	185
517	#FFFFFF	#D3D3D3	4
518	#FFFFFF	#D3D3D3	185
519	#FFFFFF	#D3D3D3	4
520	#FFFFFF	#D3D3D3	4
521	#FFFFFF	#D3D3D3	4
522	#FFFFFF	#D3D3D3	4
523	#FFFFFF	#D3D3D3	4
524	#FFFFFF	#D3D3D3	91
525	#FFFFFF	#D3D3D3	91
526	#FFFFFF	#D3D3D3	91
527	#FFFFFF	#D3D3D3	91
528	#FFFFFF	#D3D3D3	91
529	#FFFFFF	#D3D3D3	91
530	#FFFFFF	#D3D3D3	4
531	#FFFFFF	#D3D3D3	91
532	#FFFFFF	#D3D3D3	4
533	#FFFFFF	#D3D3D3	4
534	#FFFFFF	#D3D3D3	4
535	#FFFFFF	#D3D3D3	91
536	#FFFFFF	#D3D3D3	91
537	#FFFFFF	#D3D3D3	4
538	#FFFFFF	#D3D3D3	4
539	#FFFFFF	#D3D3D3	4
540	#FFFFFF	#D3D3D3	7
541	#FFFFFF	#D3D3D3	4
542	#FFFFFF	#D3D3D3	7
543	#FFFFFF	#D3D3D3	4
544	#FFFFFF	#D3D3D3	4
545	#FFFFFF	#D3D3D3	4
546	#FFFFFF	#D3D3D3	4
547	#FFFFFF	#D3D3D3	4
548	#FFFFFF	#D3D3D3	4
549	#FFFFFF	#D3D3D3	4
550	#FFFFFF	#D3D3D3	4
551	#FFFFFF	#D3D3D3	155
552	#FFFFFF	#D3D3D3	155
553	#FFFFFF	#D3D3D3	154
554	#FFFFFF	#D3D3D3	155
555	#FFFFFF	#D3D3D3	155
559	#FFFFFF	#D3D3D3	4
560	#FFFFFF	#D3D3D3	4
561	#FFFFFF	#D3D3D3	155
562	#FFFFFF	#D3D3D3	155
563	#FFFFFF	#D3D3D3	4
564	#FFFFFF	#D3D3D3	4
565	#FFFFFF	#D3D3D3	4
566	#FFFFFF	#D3D3D3	4
567	#FFFFFF	#D3D3D3	185
568	#FFFFFF	#D3D3D3	4
569	#FFFFFF	#D3D3D3	4
570	#FFFFFF	#D3D3D3	185
571	#FFFFFF	#D3D3D3	4
572	#FFFFFF	#D3D3D3	4
573	#FFFFFF	#D3D3D3	4
574	#FFFFFF	#D3D3D3	4
575	#FFFFFF	#D3D3D3	91
576	#FFFFFF	#D3D3D3	91
577	#FFFFFF	#D3D3D3	4
578	#FFFFFF	#D3D3D3	91
579	#FFFFFF	#D3D3D3	91
580	#FFFFFF	#D3D3D3	4
581	#FFFFFF	#D3D3D3	91
582	#FFFFFF	#D3D3D3	91
583	#FFFFFF	#D3D3D3	4
584	#FFFFFF	#D3D3D3	4
585	#FFFFFF	#D3D3D3	91
586	#FFFFFF	#D3D3D3	91
587	#FFFFFF	#D3D3D3	4
588	#FFFFFF	#D3D3D3	7
589	#FFFFFF	#D3D3D3	4
590	#FFFFFF	#D3D3D3	7
591	#FFFFFF	#D3D3D3	4
592	#FFFFFF	#D3D3D3	4
593	#FFFFFF	#D3D3D3	7
594	#FFFFFF	#D3D3D3	4
595	#FFFFFF	#D3D3D3	4
596	#FFFFFF	#D3D3D3	4
597	#FFFFFF	#D3D3D3	4
598	#FFFFFF	#D3D3D3	4
599	#FFFFFF	#D3D3D3	4
600	#FFFFFF	#D3D3D3	4
602	#FFFFFF	#D3D3D3	155
603	#FFFFFF	#D3D3D3	155
604	#FFFFFF	#D3D3D3	155
605	#FFFFFF	#D3D3D3	155
606	#FFFFFF	#D3D3D3	155
609	#FFFFFF	#D3D3D3	4
610	#FFFFFF	#D3D3D3	4
611	#FFFFFF	#D3D3D3	4
612	#FFFFFF	#D3D3D3	4
613	#FFFFFF	#D3D3D3	4
614	#FFFFFF	#D3D3D3	4
615	#FFFFFF	#D3D3D3	4
616	#FFFFFF	#D3D3D3	4
617	#FFFFFF	#D3D3D3	185
618	#FFFFFF	#D3D3D3	4
619	#FFFFFF	#D3D3D3	4
620	#FFFFFF	#D3D3D3	4
621	#FFFFFF	#D3D3D3	185
622	#FFFFFF	#D3D3D3	4
623	#FFFFFF	#D3D3D3	4
624	#FFFFFF	#D3D3D3	4
625	#FFFFFF	#D3D3D3	4
626	#FFFFFF	#D3D3D3	4
627	#FFFFFF	#D3D3D3	4
628	#FFFFFF	#D3D3D3	4
629	#FFFFFF	#D3D3D3	91
630	#FFFFFF	#D3D3D3	4
631	#FFFFFF	#D3D3D3	4
632	#FFFFFF	#D3D3D3	4
633	#FFFFFF	#D3D3D3	4
634	#FFFFFF	#D3D3D3	4
635	#FFFFFF	#D3D3D3	91
636	#FFFFFF	#D3D3D3	4
637	#FFFFFF	#D3D3D3	91
638	#FFFFFF	#D3D3D3	7
639	#FFFFFF	#D3D3D3	4
640	#FFFFFF	#D3D3D3	7
641	#FFFFFF	#D3D3D3	7
642	#FFFFFF	#D3D3D3	155
643	#FFFFFF	#D3D3D3	4
644	#FFFFFF	#D3D3D3	4
645	#FFFFFF	#D3D3D3	4
646	#FFFFFF	#D3D3D3	4
647	#FFFFFF	#D3D3D3	4
648	#FFFFFF	#D3D3D3	4
649	#FFFFFF	#D3D3D3	4
650	#FFFFFF	#D3D3D3	4
651	#FFFFFF	#D3D3D3	4
652	#FFFFFF	#D3D3D3	155
653	#FFFFFF	#D3D3D3	155
654	#FFFFFF	#D3D3D3	155
655	#FFFFFF	#D3D3D3	4
656	#FFFFFF	#D3D3D3	4
659	#FFFFFF	#D3D3D3	4
660	#FFFFFF	#D3D3D3	4
661	#FFFFFF	#D3D3D3	4
662	#FFFFFF	#D3D3D3	4
663	#FFFFFF	#D3D3D3	4
664	#FFFFFF	#D3D3D3	4
665	#FFFFFF	#D3D3D3	4
666	#FFFFFF	#D3D3D3	4
667	#FFFFFF	#D3D3D3	4
668	#FFFFFF	#D3D3D3	4
669	#FFFFFF	#D3D3D3	4
670	#FFFFFF	#D3D3D3	4
671	#FFFFFF	#D3D3D3	4
672	#FFFFFF	#D3D3D3	4
673	#FFFFFF	#D3D3D3	4
674	#FFFFFF	#D3D3D3	4
675	#FFFFFF	#D3D3D3	4
676	#FFFFFF	#D3D3D3	4
677	#FFFFFF	#D3D3D3	4
678	#FFFFFF	#D3D3D3	4
679	#FFFFFF	#D3D3D3	91
680	#FFFFFF	#D3D3D3	4
681	#FFFFFF	#D3D3D3	4
682	#FFFFFF	#D3D3D3	4
683	#FFFFFF	#D3D3D3	4
684	#FFFFFF	#D3D3D3	4
685	#FFFFFF	#D3D3D3	91
686	#FFFFFF	#D3D3D3	4
687	#FFFFFF	#D3D3D3	4
688	#FFFFFF	#D3D3D3	4
689	#FFFFFF	#D3D3D3	7
690	#FFFFFF	#D3D3D3	7
691	#FFFFFF	#D3D3D3	7
692	#FFFFFF	#D3D3D3	4
693	#FFFFFF	#D3D3D3	4
694	#FFFFFF	#D3D3D3	4
695	#FFFFFF	#D3D3D3	4
696	#FFFFFF	#D3D3D3	4
697	#FFFFFF	#D3D3D3	4
698	#FFFFFF	#D3D3D3	4
699	#FFFFFF	#D3D3D3	4
700	#FFFFFF	#D3D3D3	4
701	#FFFFFF	#D3D3D3	4
703	#FFFFFF	#D3D3D3	155
704	#FFFFFF	#D3D3D3	155
705	#FFFFFF	#D3D3D3	155
706	#FFFFFF	#D3D3D3	4
707	#FFFFFF	#D3D3D3	4
709	#FFFFFF	#D3D3D3	4
710	#FFFFFF	#D3D3D3	4
711	#FFFFFF	#D3D3D3	4
712	#FFFFFF	#D3D3D3	4
713	#FFFFFF	#D3D3D3	4
714	#FFFFFF	#D3D3D3	4
715	#FFFFFF	#D3D3D3	4
716	#FFFFFF	#D3D3D3	4
717	#FFFFFF	#D3D3D3	4
718	#FFFFFF	#D3D3D3	4
719	#FFFFFF	#D3D3D3	4
720	#FFFFFF	#D3D3D3	4
721	#FFFFFF	#D3D3D3	4
722	#FFFFFF	#D3D3D3	4
723	#FFFFFF	#D3D3D3	4
724	#FFFFFF	#D3D3D3	4
725	#FFFFFF	#D3D3D3	4
726	#FFFFFF	#D3D3D3	4
727	#FFFFFF	#D3D3D3	4
728	#FFFFFF	#D3D3D3	4
729	#FFFFFF	#D3D3D3	91
730	#FFFFFF	#D3D3D3	91
731	#FFFFFF	#D3D3D3	4
732	#FFFFFF	#D3D3D3	4
733	#FFFFFF	#D3D3D3	4
734	#FFFFFF	#D3D3D3	4
735	#FFFFFF	#D3D3D3	4
736	#FFFFFF	#D3D3D3	91
737	#FFFFFF	#D3D3D3	91
738	#FFFFFF	#D3D3D3	4
739	#FFFFFF	#D3D3D3	4
740	#FFFFFF	#D3D3D3	7
741	#FFFFFF	#D3D3D3	7
742	#FFFFFF	#D3D3D3	7
743	#FFFFFF	#D3D3D3	155
744	#FFFFFF	#D3D3D3	4
745	#FFFFFF	#D3D3D3	7
746	#FFFFFF	#D3D3D3	4
747	#FFFFFF	#D3D3D3	7
748	#FFFFFF	#D3D3D3	4
749	#FFFFFF	#D3D3D3	4
750	#FFFFFF	#D3D3D3	4
751	#FFFFFF	#D3D3D3	4
752	#FFFFFF	#D3D3D3	4
753	#FFFFFF	#D3D3D3	155
754	#FFFFFF	#D3D3D3	155
755	#FFFFFF	#D3D3D3	155
756	#FFFFFF	#D3D3D3	4
757	#FFFFFF	#D3D3D3	4
759	#FFFFFF	#D3D3D3	4
760	#FFFFFF	#D3D3D3	4
761	#FFFFFF	#D3D3D3	4
762	#FFFFFF	#D3D3D3	4
763	#FFFFFF	#D3D3D3	4
764	#FFFFFF	#D3D3D3	4
765	#FFFFFF	#D3D3D3	365
766	#FFFFFF	#D3D3D3	365
767	#FFFFFF	#D3D3D3	4
768	#FFFFFF	#D3D3D3	4
769	#FFFFFF	#D3D3D3	4
770	#FFFFFF	#D3D3D3	4
771	#FFFFFF	#D3D3D3	4
772	#FFFFFF	#D3D3D3	4
773	#FFFFFF	#D3D3D3	4
774	#FFFFFF	#D3D3D3	4
775	#FFFFFF	#D3D3D3	4
776	#FFFFFF	#D3D3D3	4
777	#FFFFFF	#D3D3D3	4
778	#FFFFFF	#D3D3D3	4
779	#FFFFFF	#D3D3D3	4
780	#FFFFFF	#D3D3D3	91
781	#FFFFFF	#D3D3D3	4
782	#FFFFFF	#D3D3D3	4
783	#FFFFFF	#D3D3D3	4
784	#FFFFFF	#D3D3D3	4
785	#FFFFFF	#D3D3D3	4
786	#FFFFFF	#D3D3D3	4
787	#FFFFFF	#D3D3D3	91
788	#FFFFFF	#D3D3D3	4
789	#FFFFFF	#D3D3D3	4
790	#FFFFFF	#D3D3D3	4
791	#FFFFFF	#D3D3D3	7
792	#FFFFFF	#D3D3D3	7
793	#FFFFFF	#D3D3D3	4
794	#FFFFFF	#D3D3D3	4
795	#FFFFFF	#D3D3D3	7
796	#FFFFFF	#D3D3D3	7
797	#FFFFFF	#D3D3D3	4
798	#FFFFFF	#D3D3D3	7
799	#FFFFFF	#D3D3D3	4
800	#FFFFFF	#D3D3D3	4
801	#FFFFFF	#D3D3D3	4
802	#FFFFFF	#D3D3D3	4
804	#FFFFFF	#D3D3D3	4
805	#FFFFFF	#D3D3D3	155
806	#FFFFFF	#D3D3D3	155
807	#FFFFFF	#D3D3D3	155
808	#FFFFFF	#D3D3D3	4
809	#FFFFFF	#D3D3D3	4
810	#FFFFFF	#D3D3D3	4
811	#FFFFFF	#D3D3D3	4
812	#FFFFFF	#D3D3D3	4
813	#FFFFFF	#D3D3D3	4
814	#FFFFFF	#D3D3D3	4
815	#FFFFFF	#D3D3D3	4
816	#FFFFFF	#D3D3D3	365
817	#FFFFFF	#D3D3D3	4
818	#FFFFFF	#D3D3D3	4
819	#FFFFFF	#D3D3D3	4
820	#FFFFFF	#D3D3D3	4
821	#FFFFFF	#D3D3D3	4
822	#FFFFFF	#D3D3D3	4
823	#FFFFFF	#D3D3D3	4
824	#FFFFFF	#D3D3D3	4
825	#FFFFFF	#D3D3D3	4
826	#FFFFFF	#D3D3D3	4
827	#FFFFFF	#D3D3D3	4
828	#FFFFFF	#D3D3D3	4
829	#FFFFFF	#D3D3D3	4
830	#FFFFFF	#D3D3D3	91
831	#FFFFFF	#D3D3D3	4
832	#FFFFFF	#D3D3D3	4
833	#FFFFFF	#D3D3D3	4
834	#FFFFFF	#D3D3D3	4
835	#FFFFFF	#D3D3D3	4
836	#FFFFFF	#D3D3D3	4
837	#FFFFFF	#D3D3D3	4
838	#FFFFFF	#D3D3D3	4
839	#FFFFFF	#D3D3D3	4
840	#FFFFFF	#D3D3D3	4
841	#FFFFFF	#D3D3D3	4
842	#FFFFFF	#D3D3D3	4
843	#FFFFFF	#D3D3D3	7
844	#FFFFFF	#D3D3D3	4
845	#FFFFFF	#D3D3D3	4
846	#FFFFFF	#D3D3D3	7
847	#FFFFFF	#D3D3D3	7
848	#FFFFFF	#D3D3D3	4
849	#FFFFFF	#D3D3D3	7
850	#FFFFFF	#D3D3D3	4
851	#FFFFFF	#D3D3D3	4
852	#FFFFFF	#D3D3D3	4
853	#FFFFFF	#D3D3D3	4
854	#FFFFFF	#D3D3D3	155
855	#FFFFFF	#D3D3D3	155
856	#FFFFFF	#D3D3D3	4
857	#FFFFFF	#D3D3D3	4
858	#FFFFFF	#D3D3D3	4
860	#FFFFFF	#D3D3D3	4
861	#FFFFFF	#D3D3D3	4
862	#FFFFFF	#D3D3D3	4
863	#FFFFFF	#D3D3D3	4
864	#FFFFFF	#D3D3D3	4
865	#FFFFFF	#D3D3D3	4
866	#FFFFFF	#D3D3D3	4
867	#FFFFFF	#D3D3D3	365
868	#FFFFFF	#D3D3D3	4
869	#FFFFFF	#D3D3D3	4
870	#FFFFFF	#D3D3D3	4
871	#FFFFFF	#D3D3D3	4
872	#FFFFFF	#D3D3D3	4
873	#FFFFFF	#D3D3D3	4
874	#FFFFFF	#D3D3D3	4
875	#FFFFFF	#D3D3D3	4
876	#FFFFFF	#D3D3D3	4
877	#FFFFFF	#D3D3D3	4
878	#FFFFFF	#D3D3D3	4
879	#FFFFFF	#D3D3D3	4
880	#FFFFFF	#D3D3D3	4
881	#FFFFFF	#D3D3D3	91
882	#FFFFFF	#D3D3D3	4
883	#FFFFFF	#D3D3D3	4
884	#FFFFFF	#D3D3D3	4
885	#FFFFFF	#D3D3D3	4
886	#FFFFFF	#D3D3D3	4
887	#FFFFFF	#D3D3D3	4
888	#FFFFFF	#D3D3D3	4
889	#FFFFFF	#D3D3D3	4
890	#FFFFFF	#D3D3D3	4
891	#FFFFFF	#D3D3D3	4
892	#FFFFFF	#D3D3D3	4
893	#FFFFFF	#D3D3D3	7
894	#FFFFFF	#D3D3D3	4
895	#FFFFFF	#D3D3D3	4
896	#FFFFFF	#D3D3D3	7
897	#FFFFFF	#D3D3D3	4
898	#FFFFFF	#D3D3D3	7
899	#FFFFFF	#D3D3D3	7
900	#FFFFFF	#D3D3D3	7
901	#FFFFFF	#D3D3D3	4
902	#FFFFFF	#D3D3D3	4
903	#FFFFFF	#D3D3D3	4
905	#FFFFFF	#D3D3D3	4
906	#FFFFFF	#D3D3D3	155
907	#FFFFFF	#D3D3D3	155
908	#FFFFFF	#D3D3D3	4
909	#FFFFFF	#D3D3D3	4
910	#FFFFFF	#D3D3D3	4
911	#FFFFFF	#D3D3D3	4
912	#FFFFFF	#D3D3D3	4
913	#FFFFFF	#D3D3D3	4
914	#FFFFFF	#D3D3D3	4
915	#FFFFFF	#D3D3D3	365
916	#FFFFFF	#D3D3D3	4
917	#FFFFFF	#D3D3D3	4
918	#FFFFFF	#D3D3D3	365
919	#FFFFFF	#D3D3D3	4
920	#FFFFFF	#D3D3D3	4
921	#FFFFFF	#D3D3D3	4
922	#FFFFFF	#D3D3D3	4
923	#FFFFFF	#D3D3D3	4
924	#FFFFFF	#D3D3D3	4
925	#FFFFFF	#D3D3D3	4
926	#FFFFFF	#D3D3D3	4
927	#FFFFFF	#D3D3D3	4
928	#FFFFFF	#D3D3D3	4
929	#FFFFFF	#D3D3D3	4
930	#FFFFFF	#D3D3D3	4
931	#FFFFFF	#D3D3D3	91
932	#FFFFFF	#D3D3D3	91
933	#FFFFFF	#D3D3D3	4
934	#FFFFFF	#D3D3D3	4
935	#FFFFFF	#D3D3D3	4
936	#FFFFFF	#D3D3D3	4
937	#FFFFFF	#D3D3D3	4
938	#FFFFFF	#D3D3D3	4
939	#FFFFFF	#D3D3D3	4
940	#FFFFFF	#D3D3D3	4
941	#FFFFFF	#D3D3D3	4
942	#FFFFFF	#D3D3D3	4
943	#FFFFFF	#D3D3D3	7
944	#FFFFFF	#D3D3D3	7
945	#FFFFFF	#D3D3D3	4
946	#FFFFFF	#D3D3D3	7
947	#FFFFFF	#D3D3D3	4
948	#FFFFFF	#D3D3D3	4
949	#FFFFFF	#D3D3D3	7
950	#FFFFFF	#D3D3D3	7
951	#FFFFFF	#D3D3D3	4
952	#FFFFFF	#D3D3D3	4
953	#FFFFFF	#D3D3D3	4
954	#FFFFFF	#D3D3D3	4
955	#FFFFFF	#D3D3D3	4
956	#FFFFFF	#D3D3D3	4
957	#FFFFFF	#D3D3D3	155
958	#FFFFFF	#D3D3D3	155
959	#FFFFFF	#D3D3D3	4
961	#FFFFFF	#D3D3D3	4
962	#FFFFFF	#D3D3D3	4
963	#FFFFFF	#D3D3D3	4
964	#FFFFFF	#D3D3D3	4
965	#FFFFFF	#D3D3D3	4
966	#FFFFFF	#D3D3D3	365
967	#FFFFFF	#D3D3D3	365
968	#FFFFFF	#D3D3D3	365
969	#FFFFFF	#D3D3D3	4
970	#FFFFFF	#D3D3D3	4
971	#FFFFFF	#D3D3D3	4
972	#FFFFFF	#D3D3D3	4
973	#FFFFFF	#D3D3D3	4
974	#FFFFFF	#D3D3D3	4
975	#FFFFFF	#D3D3D3	4
976	#FFFFFF	#D3D3D3	4
977	#FFFFFF	#D3D3D3	4
978	#FFFFFF	#D3D3D3	4
979	#FFFFFF	#D3D3D3	4
980	#FFFFFF	#D3D3D3	4
981	#FFFFFF	#D3D3D3	4
982	#FFFFFF	#D3D3D3	91
983	#FFFFFF	#D3D3D3	4
984	#FFFFFF	#D3D3D3	4
985	#FFFFFF	#D3D3D3	4
986	#FFFFFF	#D3D3D3	4
987	#FFFFFF	#D3D3D3	4
988	#FFFFFF	#D3D3D3	4
989	#FFFFFF	#D3D3D3	4
990	#FFFFFF	#D3D3D3	4
991	#FFFFFF	#D3D3D3	4
992	#FFFFFF	#D3D3D3	4
993	#FFFFFF	#D3D3D3	7
994	#FFFFFF	#D3D3D3	7
995	#FFFFFF	#D3D3D3	4
996	#FFFFFF	#D3D3D3	7
997	#FFFFFF	#D3D3D3	7
998	#FFFFFF	#D3D3D3	4
999	#FFFFFF	#D3D3D3	4
1000	#FFFFFF	#D3D3D3	7
1001	#FFFFFF	#D3D3D3	4
1002	#FFFFFF	#D3D3D3	4
1003	#FFFFFF	#D3D3D3	4
1004	#FFFFFF	#D3D3D3	4
1006	#FFFFFF	#D3D3D3	4
1007	#FFFFFF	#D3D3D3	4
1008	#FFFFFF	#D3D3D3	4
1009	#FFFFFF	#D3D3D3	155
1010	#FFFFFF	#D3D3D3	4
1011	#FFFFFF	#D3D3D3	4
1012	#FFFFFF	#D3D3D3	4
1013	#FFFFFF	#D3D3D3	4
1014	#FFFFFF	#D3D3D3	4
1015	#FFFFFF	#D3D3D3	4
1016	#FFFFFF	#D3D3D3	4
1017	#FFFFFF	#D3D3D3	365
1018	#FFFFFF	#D3D3D3	365
1019	#FFFFFF	#D3D3D3	365
1020	#FFFFFF	#D3D3D3	4
1021	#FFFFFF	#D3D3D3	4
1022	#FFFFFF	#D3D3D3	4
1023	#FFFFFF	#D3D3D3	4
1024	#FFFFFF	#D3D3D3	4
1025	#FFFFFF	#D3D3D3	4
1026	#FFFFFF	#D3D3D3	4
1027	#FFFFFF	#D3D3D3	4
1028	#FFFFFF	#D3D3D3	4
1029	#FFFFFF	#D3D3D3	4
1030	#FFFFFF	#D3D3D3	4
1031	#FFFFFF	#D3D3D3	4
1032	#FFFFFF	#D3D3D3	4
1033	#FFFFFF	#D3D3D3	4
1034	#FFFFFF	#D3D3D3	4
1035	#FFFFFF	#D3D3D3	4
1036	#FFFFFF	#D3D3D3	4
1037	#FFFFFF	#D3D3D3	4
1038	#FFFFFF	#D3D3D3	4
1039	#FFFFFF	#D3D3D3	4
1040	#FFFFFF	#D3D3D3	4
1041	#FFFFFF	#D3D3D3	4
1042	#FFFFFF	#D3D3D3	7
1043	#FFFFFF	#D3D3D3	7
1044	#FFFFFF	#D3D3D3	7
1045	#FFFFFF	#D3D3D3	7
1046	#FFFFFF	#D3D3D3	4
1047	#FFFFFF	#D3D3D3	7
1048	#FFFFFF	#D3D3D3	7
1049	#FFFFFF	#D3D3D3	4
1050	#FFFFFF	#D3D3D3	4
1051	#FFFFFF	#D3D3D3	4
1052	#FFFFFF	#D3D3D3	4
1053	#FFFFFF	#D3D3D3	4
1054	#FFFFFF	#D3D3D3	4
1055	#FFFFFF	#D3D3D3	4
1056	#FFFFFF	#D3D3D3	4
1057	#FFFFFF	#D3D3D3	4
1058	#FFFFFF	#D3D3D3	155
1059	#FFFFFF	#D3D3D3	155
1060	#FFFFFF	#D3D3D3	4
1062	#FFFFFF	#D3D3D3	4
1063	#FFFFFF	#D3D3D3	4
1064	#FFFFFF	#D3D3D3	4
1065	#FFFFFF	#D3D3D3	4
1066	#FFFFFF	#D3D3D3	4
1067	#FFFFFF	#D3D3D3	4
1068	#FFFFFF	#D3D3D3	4
1069	#FFFFFF	#D3D3D3	4
1070	#FFFFFF	#D3D3D3	4
1071	#FFFFFF	#D3D3D3	4
1072	#FFFFFF	#D3D3D3	4
1073	#FFFFFF	#D3D3D3	4
1074	#FFFFFF	#D3D3D3	4
1075	#FFFFFF	#D3D3D3	4
1076	#FFFFFF	#D3D3D3	4
1077	#FFFFFF	#D3D3D3	4
1078	#FFFFFF	#D3D3D3	4
1079	#FFFFFF	#D3D3D3	4
1080	#FFFFFF	#D3D3D3	4
1081	#FFFFFF	#D3D3D3	4
1082	#FFFFFF	#D3D3D3	4
1083	#FFFFFF	#D3D3D3	4
1084	#FFFFFF	#D3D3D3	4
1085	#FFFFFF	#D3D3D3	4
1086	#FFFFFF	#D3D3D3	4
1087	#FFFFFF	#D3D3D3	4
1088	#FFFFFF	#D3D3D3	4
1089	#FFFFFF	#D3D3D3	4
1090	#FFFFFF	#D3D3D3	4
1091	#FFFFFF	#D3D3D3	4
1092	#FFFFFF	#D3D3D3	7
1093	#FFFFFF	#D3D3D3	7
1094	#FFFFFF	#D3D3D3	4
1095	#FFFFFF	#D3D3D3	4
1096	#FFFFFF	#D3D3D3	4
1097	#FFFFFF	#D3D3D3	4
1098	#FFFFFF	#D3D3D3	7
1099	#FFFFFF	#D3D3D3	4
1100	#FFFFFF	#D3D3D3	4
1101	#FFFFFF	#D3D3D3	4
1102	#FFFFFF	#D3D3D3	4
1103	#FFFFFF	#D3D3D3	4
1104	#FFFFFF	#D3D3D3	4
1105	#FFFFFF	#D3D3D3	4
1107	#FFFFFF	#D3D3D3	4
1108	#FFFFFF	#D3D3D3	4
1109	#FFFFFF	#D3D3D3	4
1110	#FFFFFF	#D3D3D3	4
1111	#FFFFFF	#D3D3D3	4
1112	#FFFFFF	#D3D3D3	4
1113	#FFFFFF	#D3D3D3	4
1114	#FFFFFF	#D3D3D3	4
1115	#FFFFFF	#D3D3D3	4
1116	#FFFFFF	#D3D3D3	4
1117	#FFFFFF	#D3D3D3	4
1118	#FFFFFF	#D3D3D3	4
1119	#FFFFFF	#D3D3D3	4
1120	#FFFFFF	#D3D3D3	4
1121	#FFFFFF	#D3D3D3	4
1122	#FFFFFF	#D3D3D3	4
1123	#FFFFFF	#D3D3D3	4
1124	#FFFFFF	#D3D3D3	4
1125	#FFFFFF	#D3D3D3	4
1126	#FFFFFF	#D3D3D3	4
1127	#FFFFFF	#D3D3D3	4
1128	#FFFFFF	#D3D3D3	4
1129	#FFFFFF	#D3D3D3	4
1130	#FFFFFF	#D3D3D3	4
1131	#FFFFFF	#D3D3D3	4
1132	#FFFFFF	#D3D3D3	4
1133	#FFFFFF	#D3D3D3	4
1134	#FFFFFF	#D3D3D3	4
1135	#FFFFFF	#D3D3D3	4
1136	#FFFFFF	#D3D3D3	4
1137	#FFFFFF	#D3D3D3	4
1138	#FFFFFF	#D3D3D3	4
1139	#FFFFFF	#D3D3D3	4
1140	#FFFFFF	#D3D3D3	4
1141	#FFFFFF	#D3D3D3	4
1142	#FFFFFF	#D3D3D3	4
1143	#FFFFFF	#D3D3D3	7
1144	#FFFFFF	#D3D3D3	4
1145	#FFFFFF	#D3D3D3	4
1146	#FFFFFF	#D3D3D3	4
1147	#FFFFFF	#D3D3D3	4
1148	#FFFFFF	#D3D3D3	4
1149	#FFFFFF	#D3D3D3	7
1150	#FFFFFF	#D3D3D3	4
1151	#FFFFFF	#D3D3D3	4
1152	#FFFFFF	#D3D3D3	4
1153	#FFFFFF	#D3D3D3	4
1154	#FFFFFF	#D3D3D3	4
1155	#FFFFFF	#D3D3D3	4
1156	#FFFFFF	#D3D3D3	4
1157	#FFFFFF	#D3D3D3	4
1158	#FFFFFF	#D3D3D3	4
1159	#FFFFFF	#D3D3D3	4
1160	#FFFFFF	#D3D3D3	4
1161	#FFFFFF	#D3D3D3	4
1163	#FFFFFF	#D3D3D3	154
1164	#FFFFFF	#D3D3D3	154
1165	#FFFFFF	#D3D3D3	157
1169	#FFFFFF	#D3D3D3	154
1170	#FFFFFF	#D3D3D3	154
1171	#FFFFFF	#D3D3D3	185
1172	#FFFFFF	#D3D3D3	154
1173	#FFFFFF	#D3D3D3	154
1174	#FFFFFF	#D3D3D3	185
1175	#FFFFFF	#D3D3D3	154
1176	#FFFFFF	#D3D3D3	185
1177	#FFFFFF	#D3D3D3	185
1178	#FFFFFF	#D3D3D3	185
1179	#FFFFFF	#D3D3D3	4
1180	#FFFFFF	#D3D3D3	4
1181	#FFFFFF	#D3D3D3	4
1182	#FFFFFF	#D3D3D3	4
1183	#FFFFFF	#D3D3D3	4
1184	#FFFFFF	#D3D3D3	4
1185	#FFFFFF	#D3D3D3	4
1186	#FFFFFF	#D3D3D3	84
1187	#FFFFFF	#D3D3D3	91
1188	#FFFFFF	#D3D3D3	4
1189	#FFFFFF	#D3D3D3	91
1190	#FFFFFF	#D3D3D3	91
1191	#FFFFFF	#D3D3D3	91
1192	#FFFFFF	#D3D3D3	4
1193	#FFFFFF	#D3D3D3	91
1194	#FFFFFF	#D3D3D3	4
1195	#FFFFFF	#D3D3D3	329
1196	#FFFFFF	#D3D3D3	329
1197	#FFFFFF	#D3D3D3	84
1198	#FFFFFF	#D3D3D3	4
1199	#FFFFFF	#D3D3D3	4
1200	#FFFFFF	#D3D3D3	4
1201	#FFFFFF	#D3D3D3	4
1202	#FFFFFF	#D3D3D3	4
1203	#FFFFFF	#D3D3D3	4
1204	#FFFFFF	#D3D3D3	462
1205	#FFFFFF	#D3D3D3	462
1206	#FFFFFF	#D3D3D3	462
1208	#FFFFFF	#D3D3D3	84
1209	#FFFFFF	#D3D3D3	84
1210	#FFFFFF	#D3D3D3	84
1211	#FFFFFF	#D3D3D3	84
1212	#FFFFFF	#D3D3D3	84
1213	#FFFFFF	#D3D3D3	154
1214	#FFFFFF	#D3D3D3	154
1215	#FFFFFF	#D3D3D3	154
1219	#FFFFFF	#D3D3D3	84
1220	#FFFFFF	#D3D3D3	154
1221	#FFFFFF	#D3D3D3	185
1222	#FFFFFF	#D3D3D3	185
1223	#FFFFFF	#D3D3D3	154
1224	#FFFFFF	#D3D3D3	154
1225	#FFFFFF	#D3D3D3	185
1226	#FFFFFF	#D3D3D3	154
1227	#FFFFFF	#D3D3D3	185
1228	#FFFFFF	#D3D3D3	185
1229	#FFFFFF	#D3D3D3	4
1230	#FFFFFF	#D3D3D3	4
1231	#FFFFFF	#D3D3D3	4
1232	#FFFFFF	#D3D3D3	4
1233	#FFFFFF	#D3D3D3	4
1234	#FFFFFF	#D3D3D3	4
1235	#FFFFFF	#D3D3D3	4
1236	#FFFFFF	#D3D3D3	91
1237	#FFFFFF	#D3D3D3	84
1238	#FFFFFF	#D3D3D3	91
1239	#FFFFFF	#D3D3D3	4
1240	#FFFFFF	#D3D3D3	91
1241	#FFFFFF	#D3D3D3	91
1242	#FFFFFF	#D3D3D3	91
1243	#FFFFFF	#D3D3D3	4
1244	#FFFFFF	#D3D3D3	91
1245	#FFFFFF	#D3D3D3	4
1246	#FFFFFF	#D3D3D3	329
1247	#FFFFFF	#D3D3D3	329
1248	#FFFFFF	#D3D3D3	84
1249	#FFFFFF	#D3D3D3	4
1250	#FFFFFF	#D3D3D3	4
1251	#FFFFFF	#D3D3D3	329
1252	#FFFFFF	#D3D3D3	4
1253	#FFFFFF	#D3D3D3	4
1254	#FFFFFF	#D3D3D3	4
1255	#FFFFFF	#D3D3D3	462
1256	#FFFFFF	#D3D3D3	462
1257	#FFFFFF	#D3D3D3	462
1258	#FFFFFF	#D3D3D3	84
1259	#FFFFFF	#D3D3D3	84
1260	#FFFFFF	#D3D3D3	84
1261	#FFFFFF	#D3D3D3	168
1264	#FFFFFF	#D3D3D3	48
1265	#FFFFFF	#D3D3D3	4
1266	#FFFFFF	#D3D3D3	4
1267	#FFFFFF	#D3D3D3	4
1268	#FFFFFF	#D3D3D3	4
1269	#FFFFFF	#D3D3D3	4
1270	#FFFFFF	#D3D3D3	4
1271	#FFFFFF	#D3D3D3	4
1272	#FFFFFF	#D3D3D3	4
1273	#FFFFFF	#D3D3D3	4
1274	#FFFFFF	#D3D3D3	4
1275	#FFFFFF	#D3D3D3	4
1276	#FFFFFF	#D3D3D3	4
1277	#FFFFFF	#D3D3D3	4
1278	#FFFFFF	#D3D3D3	4
1279	#FFFFFF	#D3D3D3	4
1280	#FFFFFF	#D3D3D3	4
1281	#FFFFFF	#D3D3D3	4
1282	#FFFFFF	#D3D3D3	4
1283	#FFFFFF	#D3D3D3	4
1284	#FFFFFF	#D3D3D3	4
1285	#FFFFFF	#D3D3D3	4
1286	#FFFFFF	#D3D3D3	4
1287	#FFFFFF	#D3D3D3	4
1288	#FFFFFF	#D3D3D3	399
1289	#FFFFFF	#D3D3D3	4
1290	#FFFFFF	#D3D3D3	4
1291	#FFFFFF	#D3D3D3	4
1292	#FFFFFF	#D3D3D3	4
1293	#FFFFFF	#D3D3D3	4
1294	#FFFFFF	#D3D3D3	4
1295	#FFFFFF	#D3D3D3	4
1296	#FFFFFF	#D3D3D3	4
1297	#FFFFFF	#D3D3D3	4
1298	#FFFFFF	#D3D3D3	4
1299	#FFFFFF	#D3D3D3	4
1300	#FFFFFF	#D3D3D3	7
1301	#FFFFFF	#D3D3D3	7
1302	#FFFFFF	#D3D3D3	4
1303	#FFFFFF	#D3D3D3	4
1304	#FFFFFF	#D3D3D3	4
1305	#FFFFFF	#D3D3D3	4
1306	#FFFFFF	#D3D3D3	4
1307	#FFFFFF	#D3D3D3	7
1309	#FFFFFF	#D3D3D3	4
1310	#FFFFFF	#D3D3D3	4
1311	#FFFFFF	#D3D3D3	4
1312	#FFFFFF	#D3D3D3	48
1313	#FFFFFF	#D3D3D3	4
1314	#FFFFFF	#D3D3D3	48
1315	#FFFFFF	#D3D3D3	48
1316	#FFFFFF	#D3D3D3	4
1317	#FFFFFF	#D3D3D3	4
1318	#FFFFFF	#D3D3D3	4
1319	#FFFFFF	#D3D3D3	4
1320	#FFFFFF	#D3D3D3	4
1321	#FFFFFF	#D3D3D3	4
1322	#FFFFFF	#D3D3D3	4
1323	#FFFFFF	#D3D3D3	4
1324	#FFFFFF	#D3D3D3	4
1325	#FFFFFF	#D3D3D3	4
1326	#FFFFFF	#D3D3D3	4
1327	#FFFFFF	#D3D3D3	4
1328	#FFFFFF	#D3D3D3	4
1329	#FFFFFF	#D3D3D3	4
1330	#FFFFFF	#D3D3D3	4
1331	#FFFFFF	#D3D3D3	4
1332	#FFFFFF	#D3D3D3	4
1333	#FFFFFF	#D3D3D3	4
1334	#FFFFFF	#D3D3D3	4
1335	#FFFFFF	#D3D3D3	4
1336	#FFFFFF	#D3D3D3	4
1337	#FFFFFF	#D3D3D3	399
1338	#FFFFFF	#D3D3D3	4
1339	#FFFFFF	#D3D3D3	399
1340	#FFFFFF	#D3D3D3	399
1341	#FFFFFF	#D3D3D3	399
1342	#FFFFFF	#D3D3D3	4
1343	#FFFFFF	#D3D3D3	4
1344	#FFFFFF	#D3D3D3	4
1345	#FFFFFF	#D3D3D3	4
1346	#FFFFFF	#D3D3D3	4
1347	#FFFFFF	#D3D3D3	4
1348	#FFFFFF	#D3D3D3	4
1349	#FFFFFF	#D3D3D3	4
1350	#FFFFFF	#D3D3D3	7
1351	#FFFFFF	#D3D3D3	7
1352	#FFFFFF	#D3D3D3	7
1353	#FFFFFF	#D3D3D3	4
1354	#FFFFFF	#D3D3D3	4
1355	#FFFFFF	#D3D3D3	4
1356	#FFFFFF	#D3D3D3	4
1357	#FFFFFF	#D3D3D3	7
1358	#FFFFFF	#D3D3D3	7
1359	#FFFFFF	#D3D3D3	4
1360	#FFFFFF	#D3D3D3	4
1361	#FFFFFF	#D3D3D3	48
1362	#FFFFFF	#D3D3D3	4
1363	#FFFFFF	#D3D3D3	4
1365	#FFFFFF	#D3D3D3	48
1366	#FFFFFF	#D3D3D3	48
1367	#FFFFFF	#D3D3D3	4
1368	#FFFFFF	#D3D3D3	4
1369	#FFFFFF	#D3D3D3	4
1370	#FFFFFF	#D3D3D3	4
1371	#FFFFFF	#D3D3D3	4
1372	#FFFFFF	#D3D3D3	4
1373	#FFFFFF	#D3D3D3	4
1374	#FFFFFF	#D3D3D3	4
1375	#FFFFFF	#D3D3D3	4
1376	#FFFFFF	#D3D3D3	4
1377	#FFFFFF	#D3D3D3	48
1378	#FFFFFF	#D3D3D3	4
1379	#FFFFFF	#D3D3D3	4
1380	#FFFFFF	#D3D3D3	4
1381	#FFFFFF	#D3D3D3	4
1382	#FFFFFF	#D3D3D3	4
1383	#FFFFFF	#D3D3D3	4
1384	#FFFFFF	#D3D3D3	4
1385	#FFFFFF	#D3D3D3	4
1386	#FFFFFF	#D3D3D3	4
1387	#FFFFFF	#D3D3D3	4
1388	#FFFFFF	#D3D3D3	48
1389	#FFFFFF	#D3D3D3	399
1390	#FFFFFF	#D3D3D3	399
1391	#FFFFFF	#D3D3D3	399
1392	#FFFFFF	#D3D3D3	399
1393	#FFFFFF	#D3D3D3	4
1394	#FFFFFF	#D3D3D3	4
1395	#FFFFFF	#D3D3D3	4
1396	#FFFFFF	#D3D3D3	4
1397	#FFFFFF	#D3D3D3	4
1398	#FFFFFF	#D3D3D3	4
1399	#FFFFFF	#D3D3D3	48
1400	#FFFFFF	#D3D3D3	7
1401	#FFFFFF	#D3D3D3	4
1402	#FFFFFF	#D3D3D3	4
1403	#FFFFFF	#D3D3D3	7
1404	#FFFFFF	#D3D3D3	4
1405	#FFFFFF	#D3D3D3	4
1406	#FFFFFF	#D3D3D3	4
1407	#FFFFFF	#D3D3D3	4
1408	#FFFFFF	#D3D3D3	7
1410	#FFFFFF	#D3D3D3	48
1411	#FFFFFF	#D3D3D3	4
1412	#FFFFFF	#D3D3D3	48
1413	#FFFFFF	#D3D3D3	4
1414	#FFFFFF	#D3D3D3	4
1415	#FFFFFF	#D3D3D3	48
1416	#FFFFFF	#D3D3D3	48
1417	#FFFFFF	#D3D3D3	48
1418	#FFFFFF	#D3D3D3	4
1419	#FFFFFF	#D3D3D3	4
1420	#FFFFFF	#D3D3D3	4
1421	#FFFFFF	#D3D3D3	4
1422	#FFFFFF	#D3D3D3	4
1423	#FFFFFF	#D3D3D3	4
1424	#FFFFFF	#D3D3D3	4
1425	#FFFFFF	#D3D3D3	4
1426	#FFFFFF	#D3D3D3	4
1427	#FFFFFF	#D3D3D3	4
1428	#FFFFFF	#D3D3D3	48
1429	#FFFFFF	#D3D3D3	4
1430	#FFFFFF	#D3D3D3	4
1431	#FFFFFF	#D3D3D3	4
1432	#FFFFFF	#D3D3D3	4
1433	#FFFFFF	#D3D3D3	4
1434	#FFFFFF	#D3D3D3	4
1435	#FFFFFF	#D3D3D3	4
1436	#FFFFFF	#D3D3D3	4
1437	#FFFFFF	#D3D3D3	4
1438	#FFFFFF	#D3D3D3	4
1439	#FFFFFF	#D3D3D3	385
1440	#FFFFFF	#D3D3D3	399
1441	#FFFFFF	#D3D3D3	399
1442	#FFFFFF	#D3D3D3	399
1443	#FFFFFF	#D3D3D3	4
1444	#FFFFFF	#D3D3D3	399
1445	#FFFFFF	#D3D3D3	4
1446	#FFFFFF	#D3D3D3	4
1447	#FFFFFF	#D3D3D3	4
1448	#FFFFFF	#D3D3D3	4
1449	#FFFFFF	#D3D3D3	7
1450	#FFFFFF	#D3D3D3	48
1451	#FFFFFF	#D3D3D3	7
1452	#FFFFFF	#D3D3D3	4
1453	#FFFFFF	#D3D3D3	4
1454	#FFFFFF	#D3D3D3	7
1455	#FFFFFF	#D3D3D3	4
1456	#FFFFFF	#D3D3D3	4
1457	#FFFFFF	#D3D3D3	4
1458	#FFFFFF	#D3D3D3	7
1459	#FFFFFF	#D3D3D3	4
1460	#FFFFFF	#D3D3D3	48
1461	#FFFFFF	#D3D3D3	48
1462	#FFFFFF	#D3D3D3	4
1463	#FFFFFF	#D3D3D3	4
1464	#FFFFFF	#D3D3D3	4
1466	#FFFFFF	#D3D3D3	48
1467	#FFFFFF	#D3D3D3	385
1468	#FFFFFF	#D3D3D3	4
1469	#FFFFFF	#D3D3D3	4
1470	#FFFFFF	#D3D3D3	4
1471	#FFFFFF	#D3D3D3	4
1472	#FFFFFF	#D3D3D3	4
1473	#FFFFFF	#D3D3D3	4
1474	#FFFFFF	#D3D3D3	4
1475	#FFFFFF	#D3D3D3	4
1476	#FFFFFF	#D3D3D3	4
1477	#FFFFFF	#D3D3D3	4
1478	#FFFFFF	#D3D3D3	48
1479	#FFFFFF	#D3D3D3	4
1480	#FFFFFF	#D3D3D3	4
1481	#FFFFFF	#D3D3D3	4
1482	#FFFFFF	#D3D3D3	4
1483	#FFFFFF	#D3D3D3	4
1484	#FFFFFF	#D3D3D3	4
1485	#FFFFFF	#D3D3D3	4
1486	#FFFFFF	#D3D3D3	4
1487	#FFFFFF	#D3D3D3	4
1488	#FFFFFF	#D3D3D3	4
1489	#FFFFFF	#D3D3D3	385
1490	#FFFFFF	#D3D3D3	4
1491	#FFFFFF	#D3D3D3	4
1492	#FFFFFF	#D3D3D3	399
1493	#FFFFFF	#D3D3D3	399
1494	#FFFFFF	#D3D3D3	399
1495	#FFFFFF	#D3D3D3	4
1496	#FFFFFF	#D3D3D3	4
1497	#FFFFFF	#D3D3D3	4
1498	#FFFFFF	#D3D3D3	4
1499	#FFFFFF	#D3D3D3	4
1500	#FFFFFF	#D3D3D3	48
1501	#FFFFFF	#D3D3D3	4
1502	#FFFFFF	#D3D3D3	4
1503	#FFFFFF	#D3D3D3	4
1504	#FFFFFF	#D3D3D3	7
1505	#FFFFFF	#D3D3D3	7
1506	#FFFFFF	#D3D3D3	7
1507	#FFFFFF	#D3D3D3	7
1508	#FFFFFF	#D3D3D3	7
1509	#FFFFFF	#D3D3D3	7
1511	#FFFFFF	#D3D3D3	48
1512	#FFFFFF	#D3D3D3	48
1513	#FFFFFF	#D3D3D3	4
1514	#FFFFFF	#D3D3D3	4
1515	#FFFFFF	#D3D3D3	4
1516	#FFFFFF	#D3D3D3	48
1517	#FFFFFF	#D3D3D3	48
1518	#FFFFFF	#D3D3D3	385
1519	#FFFFFF	#D3D3D3	4
1520	#FFFFFF	#D3D3D3	4
1521	#FFFFFF	#D3D3D3	4
1522	#FFFFFF	#D3D3D3	4
1523	#FFFFFF	#D3D3D3	4
1524	#FFFFFF	#D3D3D3	4
1525	#FFFFFF	#D3D3D3	4
1526	#FFFFFF	#D3D3D3	4
1527	#FFFFFF	#D3D3D3	4
1528	#FFFFFF	#D3D3D3	4
1529	#FFFFFF	#D3D3D3	385
1530	#FFFFFF	#D3D3D3	4
1531	#FFFFFF	#D3D3D3	4
1532	#FFFFFF	#D3D3D3	4
1533	#FFFFFF	#D3D3D3	4
1534	#FFFFFF	#D3D3D3	4
1535	#FFFFFF	#D3D3D3	4
1536	#FFFFFF	#D3D3D3	4
1537	#FFFFFF	#D3D3D3	4
1538	#FFFFFF	#D3D3D3	4
1539	#FFFFFF	#D3D3D3	4
1540	#FFFFFF	#D3D3D3	385
1541	#FFFFFF	#D3D3D3	4
1542	#FFFFFF	#D3D3D3	399
1543	#FFFFFF	#D3D3D3	399
1544	#FFFFFF	#D3D3D3	399
1545	#FFFFFF	#D3D3D3	4
1546	#FFFFFF	#D3D3D3	4
1547	#FFFFFF	#D3D3D3	4
1548	#FFFFFF	#D3D3D3	4
1549	#FFFFFF	#D3D3D3	4
1550	#FFFFFF	#D3D3D3	4
1551	#FFFFFF	#D3D3D3	48
1552	#FFFFFF	#D3D3D3	4
1553	#FFFFFF	#D3D3D3	4
1554	#FFFFFF	#D3D3D3	7
1555	#FFFFFF	#D3D3D3	7
1556	#FFFFFF	#D3D3D3	7
1557	#FFFFFF	#D3D3D3	7
1558	#FFFFFF	#D3D3D3	7
1559	#FFFFFF	#D3D3D3	262
1560	#FFFFFF	#D3D3D3	4
1561	#FFFFFF	#D3D3D3	48
1562	#FFFFFF	#D3D3D3	4
1563	#FFFFFF	#D3D3D3	4
1564	#FFFFFF	#D3D3D3	4
1565	#FFFFFF	#D3D3D3	4
1567	#FFFFFF	#D3D3D3	48
1568	#FFFFFF	#D3D3D3	48
1569	#FFFFFF	#D3D3D3	4
1570	#FFFFFF	#D3D3D3	4
1571	#FFFFFF	#D3D3D3	4
1572	#FFFFFF	#D3D3D3	4
1573	#FFFFFF	#D3D3D3	4
1574	#FFFFFF	#D3D3D3	4
1575	#FFFFFF	#D3D3D3	4
1576	#FFFFFF	#D3D3D3	4
1577	#FFFFFF	#D3D3D3	7
1578	#FFFFFF	#D3D3D3	7
1579	#FFFFFF	#D3D3D3	385
1580	#FFFFFF	#D3D3D3	4
1581	#FFFFFF	#D3D3D3	4
1582	#FFFFFF	#D3D3D3	4
1583	#FFFFFF	#D3D3D3	4
1584	#FFFFFF	#D3D3D3	4
1585	#FFFFFF	#D3D3D3	4
1586	#FFFFFF	#D3D3D3	4
1587	#FFFFFF	#D3D3D3	4
1588	#FFFFFF	#D3D3D3	4
1589	#FFFFFF	#D3D3D3	4
1590	#FFFFFF	#D3D3D3	385
1591	#FFFFFF	#D3D3D3	4
1592	#FFFFFF	#D3D3D3	4
1593	#FFFFFF	#D3D3D3	399
1594	#FFFFFF	#D3D3D3	399
1595	#FFFFFF	#D3D3D3	399
1596	#FFFFFF	#D3D3D3	399
1597	#FFFFFF	#D3D3D3	4
1598	#FFFFFF	#D3D3D3	4
1599	#FFFFFF	#D3D3D3	4
1600	#FFFFFF	#D3D3D3	4
1601	#FFFFFF	#D3D3D3	48
1602	#FFFFFF	#D3D3D3	4
1603	#FFFFFF	#D3D3D3	4
1604	#FFFFFF	#D3D3D3	7
1605	#FFFFFF	#D3D3D3	7
1606	#FFFFFF	#D3D3D3	7
1607	#FFFFFF	#D3D3D3	7
1608	#FFFFFF	#D3D3D3	7
1609	#FFFFFF	#D3D3D3	262
1610	#FFFFFF	#D3D3D3	1
1612	#FFFFFF	#D3D3D3	48
1613	#FFFFFF	#D3D3D3	4
1614	#FFFFFF	#D3D3D3	48
1615	#FFFFFF	#D3D3D3	4
1616	#FFFFFF	#D3D3D3	4
1617	#FFFFFF	#D3D3D3	48
1618	#FFFFFF	#D3D3D3	48
1619	#FFFFFF	#D3D3D3	385
1620	#FFFFFF	#D3D3D3	4
1621	#FFFFFF	#D3D3D3	4
1622	#FFFFFF	#D3D3D3	4
1623	#FFFFFF	#D3D3D3	4
1624	#FFFFFF	#D3D3D3	4
1625	#FFFFFF	#D3D3D3	4
1626	#FFFFFF	#D3D3D3	4
1627	#FFFFFF	#D3D3D3	4
1628	#FFFFFF	#D3D3D3	7
1629	#FFFFFF	#D3D3D3	7
1630	#FFFFFF	#D3D3D3	48
1631	#FFFFFF	#D3D3D3	4
1632	#FFFFFF	#D3D3D3	4
1633	#FFFFFF	#D3D3D3	4
1634	#FFFFFF	#D3D3D3	4
1635	#FFFFFF	#D3D3D3	4
1636	#FFFFFF	#D3D3D3	4
1637	#FFFFFF	#D3D3D3	4
1638	#FFFFFF	#D3D3D3	4
1639	#FFFFFF	#D3D3D3	4
1640	#FFFFFF	#D3D3D3	4
1641	#FFFFFF	#D3D3D3	48
1642	#FFFFFF	#D3D3D3	4
1643	#FFFFFF	#D3D3D3	4
1644	#FFFFFF	#D3D3D3	399
1645	#FFFFFF	#D3D3D3	399
1646	#FFFFFF	#D3D3D3	399
1647	#FFFFFF	#D3D3D3	4
1648	#FFFFFF	#D3D3D3	399
1649	#FFFFFF	#D3D3D3	4
1650	#FFFFFF	#D3D3D3	4
1651	#FFFFFF	#D3D3D3	4
1652	#FFFFFF	#D3D3D3	48
1653	#FFFFFF	#D3D3D3	4
1654	#FFFFFF	#D3D3D3	4
1655	#FFFFFF	#D3D3D3	7
1656	#FFFFFF	#D3D3D3	7
1657	#FFFFFF	#D3D3D3	7
1658	#FFFFFF	#D3D3D3	7
1659	#FFFFFF	#D3D3D3	7
1660	#FFFFFF	#D3D3D3	262
1661	#FFFFFF	#D3D3D3	1
1662	#FFFFFF	#D3D3D3	48
1663	#FFFFFF	#D3D3D3	4
1664	#FFFFFF	#D3D3D3	48
1665	#FFFFFF	#D3D3D3	4
1666	#FFFFFF	#D3D3D3	4
1668	#FFFFFF	#D3D3D3	48
1669	#FFFFFF	#D3D3D3	48
1670	#FFFFFF	#D3D3D3	4
1671	#FFFFFF	#D3D3D3	4
1672	#FFFFFF	#D3D3D3	4
1673	#FFFFFF	#D3D3D3	4
1674	#FFFFFF	#D3D3D3	4
1675	#FFFFFF	#D3D3D3	4
1676	#FFFFFF	#D3D3D3	4
1677	#FFFFFF	#D3D3D3	4
1678	#FFFFFF	#D3D3D3	7
1679	#FFFFFF	#D3D3D3	7
1680	#FFFFFF	#D3D3D3	385
1681	#FFFFFF	#D3D3D3	7
1682	#FFFFFF	#D3D3D3	4
1683	#FFFFFF	#D3D3D3	4
1684	#FFFFFF	#D3D3D3	4
1685	#FFFFFF	#D3D3D3	4
1686	#FFFFFF	#D3D3D3	4
1687	#FFFFFF	#D3D3D3	4
1688	#FFFFFF	#D3D3D3	4
1689	#FFFFFF	#D3D3D3	4
1690	#FFFFFF	#D3D3D3	4
1691	#FFFFFF	#D3D3D3	48
1692	#FFFFFF	#D3D3D3	4
1693	#FFFFFF	#D3D3D3	4
1694	#FFFFFF	#D3D3D3	4
1695	#FFFFFF	#D3D3D3	4
1696	#FFFFFF	#D3D3D3	399
1697	#FFFFFF	#D3D3D3	399
1698	#FFFFFF	#D3D3D3	4
1699	#FFFFFF	#D3D3D3	399
1700	#FFFFFF	#D3D3D3	4
1701	#FFFFFF	#D3D3D3	4
1702	#FFFFFF	#D3D3D3	48
1703	#FFFFFF	#D3D3D3	4
1704	#FFFFFF	#D3D3D3	4
1705	#FFFFFF	#D3D3D3	7
1706	#FFFFFF	#D3D3D3	7
1707	#FFFFFF	#D3D3D3	7
1708	#FFFFFF	#D3D3D3	7
1709	#FFFFFF	#D3D3D3	262
1710	#FFFFFF	#D3D3D3	262
1711	#FFFFFF	#D3D3D3	1
1713	#FFFFFF	#D3D3D3	48
1714	#FFFFFF	#D3D3D3	48
1715	#FFFFFF	#D3D3D3	4
1716	#FFFFFF	#D3D3D3	48
1717	#FFFFFF	#D3D3D3	4
1718	#FFFFFF	#D3D3D3	48
1719	#FFFFFF	#D3D3D3	385
1720	#FFFFFF	#D3D3D3	385
1721	#FFFFFF	#D3D3D3	4
1722	#FFFFFF	#D3D3D3	4
1723	#FFFFFF	#D3D3D3	4
1724	#FFFFFF	#D3D3D3	4
1725	#FFFFFF	#D3D3D3	4
1726	#FFFFFF	#D3D3D3	4
1727	#FFFFFF	#D3D3D3	4
1728	#FFFFFF	#D3D3D3	7
1729	#FFFFFF	#D3D3D3	7
1730	#FFFFFF	#D3D3D3	7
1731	#FFFFFF	#D3D3D3	48
1732	#FFFFFF	#D3D3D3	4
1733	#FFFFFF	#D3D3D3	4
1734	#FFFFFF	#D3D3D3	4
1735	#FFFFFF	#D3D3D3	4
1736	#FFFFFF	#D3D3D3	4
1737	#FFFFFF	#D3D3D3	4
1738	#FFFFFF	#D3D3D3	4
1739	#FFFFFF	#D3D3D3	4
1740	#FFFFFF	#D3D3D3	4
1741	#FFFFFF	#D3D3D3	4
1742	#FFFFFF	#D3D3D3	48
1743	#FFFFFF	#D3D3D3	4
1744	#FFFFFF	#D3D3D3	7
1745	#FFFFFF	#D3D3D3	4
1746	#FFFFFF	#D3D3D3	4
1747	#FFFFFF	#D3D3D3	399
1748	#FFFFFF	#D3D3D3	399
1749	#FFFFFF	#D3D3D3	399
1750	#FFFFFF	#D3D3D3	4
1751	#FFFFFF	#D3D3D3	4
1752	#FFFFFF	#D3D3D3	4
1753	#FFFFFF	#D3D3D3	48
1754	#FFFFFF	#D3D3D3	7
1755	#FFFFFF	#D3D3D3	7
1756	#FFFFFF	#D3D3D3	7
1757	#FFFFFF	#D3D3D3	7
1758	#FFFFFF	#D3D3D3	7
1759	#FFFFFF	#D3D3D3	7
1760	#FFFFFF	#D3D3D3	262
1761	#FFFFFF	#D3D3D3	1
1762	#FFFFFF	#D3D3D3	1
1763	#FFFFFF	#D3D3D3	48
1764	#FFFFFF	#D3D3D3	48
1765	#FFFFFF	#D3D3D3	4
1766	#FFFFFF	#D3D3D3	48
1767	#FFFFFF	#D3D3D3	4
1769	#FFFFFF	#D3D3D3	48
1770	#FFFFFF	#D3D3D3	385
1771	#FFFFFF	#D3D3D3	48
1772	#FFFFFF	#D3D3D3	48
1773	#FFFFFF	#D3D3D3	4
1774	#FFFFFF	#D3D3D3	4
1775	#FFFFFF	#D3D3D3	4
1776	#FFFFFF	#D3D3D3	4
1777	#FFFFFF	#D3D3D3	4
1778	#FFFFFF	#D3D3D3	7
1779	#FFFFFF	#D3D3D3	7
1780	#FFFFFF	#D3D3D3	7
1781	#FFFFFF	#D3D3D3	385
1782	#FFFFFF	#D3D3D3	4
1783	#FFFFFF	#D3D3D3	4
1784	#FFFFFF	#D3D3D3	7
1785	#FFFFFF	#D3D3D3	7
1786	#FFFFFF	#D3D3D3	7
1787	#FFFFFF	#D3D3D3	7
1788	#FFFFFF	#D3D3D3	7
1789	#FFFFFF	#D3D3D3	7
1790	#FFFFFF	#D3D3D3	7
1791	#FFFFFF	#D3D3D3	4
1792	#FFFFFF	#D3D3D3	48
1793	#FFFFFF	#D3D3D3	4
1794	#FFFFFF	#D3D3D3	4
1795	#FFFFFF	#D3D3D3	7
1796	#FFFFFF	#D3D3D3	4
1797	#FFFFFF	#D3D3D3	4
1798	#FFFFFF	#D3D3D3	399
1799	#FFFFFF	#D3D3D3	399
1800	#FFFFFF	#D3D3D3	4
1801	#FFFFFF	#D3D3D3	4
1802	#FFFFFF	#D3D3D3	4
1803	#FFFFFF	#D3D3D3	48
1804	#FFFFFF	#D3D3D3	7
1805	#FFFFFF	#D3D3D3	7
1806	#FFFFFF	#D3D3D3	7
1807	#FFFFFF	#D3D3D3	7
1808	#FFFFFF	#D3D3D3	7
1809	#FFFFFF	#D3D3D3	262
1810	#FFFFFF	#D3D3D3	262
1811	#FFFFFF	#D3D3D3	1
1812	#FFFFFF	#D3D3D3	1
1814	#FFFFFF	#D3D3D3	48
1815	#FFFFFF	#D3D3D3	48
1816	#FFFFFF	#D3D3D3	48
1817	#FFFFFF	#D3D3D3	48
1818	#FFFFFF	#D3D3D3	48
1819	#FFFFFF	#D3D3D3	48
1820	#FFFFFF	#D3D3D3	48
1821	#FFFFFF	#D3D3D3	48
1822	#FFFFFF	#D3D3D3	48
1823	#FFFFFF	#D3D3D3	4
1824	#FFFFFF	#D3D3D3	4
1825	#FFFFFF	#D3D3D3	4
1826	#FFFFFF	#D3D3D3	4
1827	#FFFFFF	#D3D3D3	4
1828	#FFFFFF	#D3D3D3	4
1829	#FFFFFF	#D3D3D3	7
1830	#FFFFFF	#D3D3D3	7
1831	#FFFFFF	#D3D3D3	7
1832	#FFFFFF	#D3D3D3	48
1833	#FFFFFF	#D3D3D3	4
1834	#FFFFFF	#D3D3D3	7
1835	#FFFFFF	#D3D3D3	7
1836	#FFFFFF	#D3D3D3	7
1837	#FFFFFF	#D3D3D3	7
1838	#FFFFFF	#D3D3D3	7
1839	#FFFFFF	#D3D3D3	7
1840	#FFFFFF	#D3D3D3	7
1841	#FFFFFF	#D3D3D3	7
1842	#FFFFFF	#D3D3D3	7
1843	#FFFFFF	#D3D3D3	48
1844	#FFFFFF	#D3D3D3	7
1845	#FFFFFF	#D3D3D3	7
1846	#FFFFFF	#D3D3D3	7
1847	#FFFFFF	#D3D3D3	7
1848	#FFFFFF	#D3D3D3	4
1849	#FFFFFF	#D3D3D3	399
1850	#FFFFFF	#D3D3D3	399
1851	#FFFFFF	#D3D3D3	4
1852	#FFFFFF	#D3D3D3	4
1853	#FFFFFF	#D3D3D3	4
1854	#FFFFFF	#D3D3D3	48
1855	#FFFFFF	#D3D3D3	7
1856	#FFFFFF	#D3D3D3	7
1857	#FFFFFF	#D3D3D3	262
1858	#FFFFFF	#D3D3D3	262
1859	#FFFFFF	#D3D3D3	262
1860	#FFFFFF	#D3D3D3	262
1861	#FFFFFF	#D3D3D3	1
1862	#FFFFFF	#D3D3D3	1
1863	#FFFFFF	#D3D3D3	1
1864	#FFFFFF	#D3D3D3	48
1865	#FFFFFF	#D3D3D3	48
1866	#FFFFFF	#D3D3D3	48
1867	#FFFFFF	#D3D3D3	48
1868	#FFFFFF	#D3D3D3	48
1870	#FFFFFF	#D3D3D3	31
1871	#FFFFFF	#D3D3D3	48
1872	#FFFFFF	#D3D3D3	4
1873	#FFFFFF	#D3D3D3	4
1874	#FFFFFF	#D3D3D3	4
1875	#FFFFFF	#D3D3D3	4
1876	#FFFFFF	#D3D3D3	4
1877	#FFFFFF	#D3D3D3	4
1878	#FFFFFF	#D3D3D3	4
1879	#FFFFFF	#D3D3D3	4
1880	#FFFFFF	#D3D3D3	7
1881	#FFFFFF	#D3D3D3	7
1882	#FFFFFF	#D3D3D3	48
1883	#FFFFFF	#D3D3D3	7
1884	#FFFFFF	#D3D3D3	7
1885	#FFFFFF	#D3D3D3	7
1886	#FFFFFF	#D3D3D3	7
1887	#FFFFFF	#D3D3D3	7
1888	#FFFFFF	#D3D3D3	7
1889	#FFFFFF	#D3D3D3	7
1890	#FFFFFF	#D3D3D3	7
1891	#FFFFFF	#D3D3D3	7
1892	#FFFFFF	#D3D3D3	7
1893	#FFFFFF	#D3D3D3	48
1894	#FFFFFF	#D3D3D3	7
1895	#FFFFFF	#D3D3D3	7
1896	#FFFFFF	#D3D3D3	323
1897	#FFFFFF	#D3D3D3	7
1898	#FFFFFF	#D3D3D3	4
1899	#FFFFFF	#D3D3D3	4
1900	#FFFFFF	#D3D3D3	4
1901	#FFFFFF	#D3D3D3	4
1902	#FFFFFF	#D3D3D3	4
1903	#FFFFFF	#D3D3D3	7
1904	#FFFFFF	#D3D3D3	48
1905	#FFFFFF	#D3D3D3	7
1906	#FFFFFF	#D3D3D3	7
1907	#FFFFFF	#D3D3D3	7
1908	#FFFFFF	#D3D3D3	262
1909	#FFFFFF	#D3D3D3	262
1910	#FFFFFF	#D3D3D3	262
1911	#FFFFFF	#D3D3D3	262
1912	#FFFFFF	#D3D3D3	1
1913	#FFFFFF	#D3D3D3	1
1915	#FFFFFF	#D3D3D3	48
1916	#FFFFFF	#D3D3D3	48
1917	#FFFFFF	#D3D3D3	48
1918	#FFFFFF	#D3D3D3	48
1919	#FFFFFF	#D3D3D3	48
1920	#FFFFFF	#D3D3D3	48
1921	#FFFFFF	#D3D3D3	31
1922	#FFFFFF	#D3D3D3	31
1923	#FFFFFF	#D3D3D3	4
1924	#FFFFFF	#D3D3D3	4
1925	#FFFFFF	#D3D3D3	4
1926	#FFFFFF	#D3D3D3	4
1927	#FFFFFF	#D3D3D3	4
1928	#FFFFFF	#D3D3D3	4
1929	#FFFFFF	#D3D3D3	4
1930	#FFFFFF	#D3D3D3	4
1931	#FFFFFF	#D3D3D3	7
1932	#FFFFFF	#D3D3D3	7
1933	#FFFFFF	#D3D3D3	31
1934	#FFFFFF	#D3D3D3	7
1935	#FFFFFF	#D3D3D3	7
1936	#FFFFFF	#D3D3D3	7
1937	#FFFFFF	#D3D3D3	7
1938	#FFFFFF	#D3D3D3	7
1939	#FFFFFF	#D3D3D3	7
1940	#FFFFFF	#D3D3D3	77
1941	#FFFFFF	#D3D3D3	7
1942	#FFFFFF	#D3D3D3	7
1943	#FFFFFF	#D3D3D3	323
1944	#FFFFFF	#D3D3D3	48
1945	#FFFFFF	#D3D3D3	323
1946	#FFFFFF	#D3D3D3	323
1947	#FFFFFF	#D3D3D3	7
1948	#FFFFFF	#D3D3D3	7
1949	#FFFFFF	#D3D3D3	7
1950	#FFFFFF	#D3D3D3	7
1951	#FFFFFF	#D3D3D3	4
1952	#FFFFFF	#D3D3D3	4
1953	#FFFFFF	#D3D3D3	4
1954	#FFFFFF	#D3D3D3	7
1955	#FFFFFF	#D3D3D3	48
1956	#FFFFFF	#D3D3D3	7
1957	#FFFFFF	#D3D3D3	7
1958	#FFFFFF	#D3D3D3	262
1959	#FFFFFF	#D3D3D3	262
1960	#FFFFFF	#D3D3D3	262
1961	#FFFFFF	#D3D3D3	262
1962	#FFFFFF	#D3D3D3	262
1963	#FFFFFF	#D3D3D3	1
1964	#FFFFFF	#D3D3D3	1
1965	#FFFFFF	#D3D3D3	48
1966	#FFFFFF	#D3D3D3	48
1967	#FFFFFF	#D3D3D3	48
1968	#FFFFFF	#D3D3D3	48
1969	#FFFFFF	#D3D3D3	48
1971	#FFFFFF	#D3D3D3	31
1972	#FFFFFF	#D3D3D3	31
1973	#FFFFFF	#D3D3D3	48
1974	#FFFFFF	#D3D3D3	48
1975	#FFFFFF	#D3D3D3	4
1976	#FFFFFF	#D3D3D3	4
1977	#FFFFFF	#D3D3D3	4
1978	#FFFFFF	#D3D3D3	4
1979	#FFFFFF	#D3D3D3	4
1980	#FFFFFF	#D3D3D3	4
1981	#FFFFFF	#D3D3D3	7
1982	#FFFFFF	#D3D3D3	7
1983	#FFFFFF	#D3D3D3	31
1984	#FFFFFF	#D3D3D3	7
1985	#FFFFFF	#D3D3D3	7
1986	#FFFFFF	#D3D3D3	7
1987	#FFFFFF	#D3D3D3	7
1988	#FFFFFF	#D3D3D3	7
1989	#FFFFFF	#D3D3D3	7
1990	#FFFFFF	#D3D3D3	77
1991	#FFFFFF	#D3D3D3	77
1992	#FFFFFF	#D3D3D3	7
1993	#FFFFFF	#D3D3D3	7
1994	#FFFFFF	#D3D3D3	48
1995	#FFFFFF	#D3D3D3	323
1996	#FFFFFF	#D3D3D3	323
1997	#FFFFFF	#D3D3D3	323
1998	#FFFFFF	#D3D3D3	7
1999	#FFFFFF	#D3D3D3	7
2000	#FFFFFF	#D3D3D3	7
2001	#FFFFFF	#D3D3D3	7
2002	#FFFFFF	#D3D3D3	4
2003	#FFFFFF	#D3D3D3	7
2004	#FFFFFF	#D3D3D3	4
2005	#FFFFFF	#D3D3D3	48
2006	#FFFFFF	#D3D3D3	4
2007	#FFFFFF	#D3D3D3	7
2008	#FFFFFF	#D3D3D3	7
2009	#FFFFFF	#D3D3D3	262
2010	#FFFFFF	#D3D3D3	262
2011	#FFFFFF	#D3D3D3	262
2012	#FFFFFF	#D3D3D3	262
2013	#FFFFFF	#D3D3D3	1
2014	#FFFFFF	#D3D3D3	1
2016	#FFFFFF	#D3D3D3	48
2017	#FFFFFF	#D3D3D3	48
2018	#FFFFFF	#D3D3D3	48
2019	#FFFFFF	#D3D3D3	48
2020	#FFFFFF	#D3D3D3	48
2021	#FFFFFF	#D3D3D3	31
2022	#FFFFFF	#D3D3D3	31
2023	#FFFFFF	#D3D3D3	48
2024	#FFFFFF	#D3D3D3	48
2025	#FFFFFF	#D3D3D3	4
2026	#FFFFFF	#D3D3D3	4
2027	#FFFFFF	#D3D3D3	4
2028	#FFFFFF	#D3D3D3	4
2029	#FFFFFF	#D3D3D3	4
2030	#FFFFFF	#D3D3D3	4
2031	#FFFFFF	#D3D3D3	7
2032	#FFFFFF	#D3D3D3	7
2033	#FFFFFF	#D3D3D3	7
2034	#FFFFFF	#D3D3D3	48
2035	#FFFFFF	#D3D3D3	7
2036	#FFFFFF	#D3D3D3	7
2037	#FFFFFF	#D3D3D3	7
2038	#FFFFFF	#D3D3D3	7
2039	#FFFFFF	#D3D3D3	7
2040	#FFFFFF	#D3D3D3	7
2041	#FFFFFF	#D3D3D3	77
2042	#FFFFFF	#D3D3D3	77
2043	#FFFFFF	#D3D3D3	7
2044	#FFFFFF	#D3D3D3	7
2045	#FFFFFF	#D3D3D3	48
2046	#FFFFFF	#D3D3D3	323
2047	#FFFFFF	#D3D3D3	323
2048	#FFFFFF	#D3D3D3	323
2049	#FFFFFF	#D3D3D3	323
2050	#FFFFFF	#D3D3D3	7
2051	#FFFFFF	#D3D3D3	7
2052	#FFFFFF	#D3D3D3	7
2053	#FFFFFF	#D3D3D3	7
2054	#FFFFFF	#D3D3D3	7
2055	#FFFFFF	#D3D3D3	4
2056	#FFFFFF	#D3D3D3	48
2057	#FFFFFF	#D3D3D3	4
2058	#FFFFFF	#D3D3D3	7
2059	#FFFFFF	#D3D3D3	7
2060	#FFFFFF	#D3D3D3	262
2061	#FFFFFF	#D3D3D3	262
2062	#FFFFFF	#D3D3D3	262
2063	#FFFFFF	#D3D3D3	262
2064	#FFFFFF	#D3D3D3	1
2065	#FFFFFF	#D3D3D3	1
2066	#FFFFFF	#D3D3D3	48
2067	#FFFFFF	#D3D3D3	48
2068	#FFFFFF	#D3D3D3	48
2069	#FFFFFF	#D3D3D3	48
2070	#FFFFFF	#D3D3D3	48
2072	#FFFFFF	#D3D3D3	31
2073	#FFFFFF	#D3D3D3	31
2074	#FFFFFF	#D3D3D3	48
2075	#FFFFFF	#D3D3D3	48
2076	#FFFFFF	#D3D3D3	4
2077	#FFFFFF	#D3D3D3	4
2078	#FFFFFF	#D3D3D3	4
2079	#FFFFFF	#D3D3D3	4
2080	#FFFFFF	#D3D3D3	4
2081	#FFFFFF	#D3D3D3	4
2082	#FFFFFF	#D3D3D3	7
2083	#FFFFFF	#D3D3D3	7
2084	#FFFFFF	#D3D3D3	48
2085	#FFFFFF	#D3D3D3	7
2086	#FFFFFF	#D3D3D3	7
2087	#FFFFFF	#D3D3D3	7
2088	#FFFFFF	#D3D3D3	7
2089	#FFFFFF	#D3D3D3	7
2090	#FFFFFF	#D3D3D3	7
2091	#FFFFFF	#D3D3D3	7
2092	#FFFFFF	#D3D3D3	7
2093	#FFFFFF	#D3D3D3	77
2094	#FFFFFF	#D3D3D3	7
2095	#FFFFFF	#D3D3D3	48
2096	#FFFFFF	#D3D3D3	7
2097	#FFFFFF	#D3D3D3	7
2098	#FFFFFF	#D3D3D3	323
2099	#FFFFFF	#D3D3D3	323
2100	#FFFFFF	#D3D3D3	7
2101	#FFFFFF	#D3D3D3	7
2102	#FFFFFF	#D3D3D3	7
2103	#FFFFFF	#D3D3D3	7
2104	#FFFFFF	#D3D3D3	7
2105	#FFFFFF	#D3D3D3	7
2106	#FFFFFF	#D3D3D3	48
2107	#FFFFFF	#D3D3D3	4
2108	#FFFFFF	#D3D3D3	7
2109	#FFFFFF	#D3D3D3	7
2110	#FFFFFF	#D3D3D3	7
2111	#FFFFFF	#D3D3D3	262
2112	#FFFFFF	#D3D3D3	262
2113	#FFFFFF	#D3D3D3	262
2114	#FFFFFF	#D3D3D3	1
2115	#FFFFFF	#D3D3D3	1
2117	#FFFFFF	#D3D3D3	48
2118	#FFFFFF	#D3D3D3	48
2119	#FFFFFF	#D3D3D3	48
2120	#FFFFFF	#D3D3D3	48
2121	#FFFFFF	#D3D3D3	48
2122	#FFFFFF	#D3D3D3	31
2123	#FFFFFF	#D3D3D3	31
2124	#FFFFFF	#D3D3D3	48
2125	#FFFFFF	#D3D3D3	4
2126	#FFFFFF	#D3D3D3	48
2127	#FFFFFF	#D3D3D3	4
2128	#FFFFFF	#D3D3D3	4
2129	#FFFFFF	#D3D3D3	4
2130	#FFFFFF	#D3D3D3	4
2131	#FFFFFF	#D3D3D3	4
2132	#FFFFFF	#D3D3D3	7
2133	#FFFFFF	#D3D3D3	7
2134	#FFFFFF	#D3D3D3	7
2135	#FFFFFF	#D3D3D3	48
2136	#FFFFFF	#D3D3D3	7
2137	#FFFFFF	#D3D3D3	7
2138	#FFFFFF	#D3D3D3	7
2139	#FFFFFF	#D3D3D3	7
2140	#FFFFFF	#D3D3D3	7
2141	#FFFFFF	#D3D3D3	7
2142	#FFFFFF	#D3D3D3	7
2143	#FFFFFF	#D3D3D3	77
2144	#FFFFFF	#D3D3D3	77
2145	#FFFFFF	#D3D3D3	77
2146	#FFFFFF	#D3D3D3	48
2147	#FFFFFF	#D3D3D3	7
2148	#FFFFFF	#D3D3D3	323
2149	#FFFFFF	#D3D3D3	7
2150	#FFFFFF	#D3D3D3	7
2151	#FFFFFF	#D3D3D3	7
2152	#FFFFFF	#D3D3D3	7
2153	#FFFFFF	#D3D3D3	7
2154	#FFFFFF	#D3D3D3	7
2155	#FFFFFF	#D3D3D3	7
2156	#FFFFFF	#D3D3D3	7
2157	#FFFFFF	#D3D3D3	48
2158	#FFFFFF	#D3D3D3	7
2159	#FFFFFF	#D3D3D3	7
2160	#FFFFFF	#D3D3D3	262
2161	#FFFFFF	#D3D3D3	262
2162	#FFFFFF	#D3D3D3	262
2163	#FFFFFF	#D3D3D3	262
2164	#FFFFFF	#D3D3D3	262
2165	#FFFFFF	#D3D3D3	1
2166	#FFFFFF	#D3D3D3	1
2167	#FFFFFF	#D3D3D3	48
2168	#FFFFFF	#D3D3D3	48
2169	#FFFFFF	#D3D3D3	48
2170	#FFFFFF	#D3D3D3	48
2171	#FFFFFF	#D3D3D3	48
2173	#FFFFFF	#D3D3D3	48
2174	#FFFFFF	#D3D3D3	48
2175	#FFFFFF	#D3D3D3	4
2176	#FFFFFF	#D3D3D3	4
2177	#FFFFFF	#D3D3D3	48
2178	#FFFFFF	#D3D3D3	4
2179	#FFFFFF	#D3D3D3	4
2180	#FFFFFF	#D3D3D3	4
2181	#FFFFFF	#D3D3D3	4
2182	#FFFFFF	#D3D3D3	7
2183	#FFFFFF	#D3D3D3	7
2184	#FFFFFF	#D3D3D3	77
2185	#FFFFFF	#D3D3D3	4
2186	#FFFFFF	#D3D3D3	77
2187	#FFFFFF	#D3D3D3	77
2188	#FFFFFF	#D3D3D3	7
2189	#FFFFFF	#D3D3D3	7
2190	#FFFFFF	#D3D3D3	7
2191	#FFFFFF	#D3D3D3	7
2192	#FFFFFF	#D3D3D3	7
2193	#FFFFFF	#D3D3D3	77
2194	#FFFFFF	#D3D3D3	77
2195	#FFFFFF	#D3D3D3	77
2196	#FFFFFF	#D3D3D3	48
2197	#FFFFFF	#D3D3D3	77
2198	#FFFFFF	#D3D3D3	7
2199	#FFFFFF	#D3D3D3	323
2200	#FFFFFF	#D3D3D3	7
2201	#FFFFFF	#D3D3D3	7
2202	#FFFFFF	#D3D3D3	7
2203	#FFFFFF	#D3D3D3	7
2204	#FFFFFF	#D3D3D3	7
2205	#FFFFFF	#D3D3D3	7
2206	#FFFFFF	#D3D3D3	7
2207	#FFFFFF	#D3D3D3	48
2208	#FFFFFF	#D3D3D3	7
2209	#FFFFFF	#D3D3D3	7
2210	#FFFFFF	#D3D3D3	7
2211	#FFFFFF	#D3D3D3	262
2212	#FFFFFF	#D3D3D3	262
2213	#FFFFFF	#D3D3D3	262
2214	#FFFFFF	#D3D3D3	262
2215	#FFFFFF	#D3D3D3	262
2216	#FFFFFF	#D3D3D3	419
2218	#FFFFFF	#D3D3D3	48
2219	#FFFFFF	#D3D3D3	48
2220	#FFFFFF	#D3D3D3	48
2221	#FFFFFF	#D3D3D3	48
2222	#FFFFFF	#D3D3D3	48
2223	#FFFFFF	#D3D3D3	48
2224	#FFFFFF	#D3D3D3	48
2225	#FFFFFF	#D3D3D3	4
2226	#FFFFFF	#D3D3D3	48
2227	#FFFFFF	#D3D3D3	48
2228	#FFFFFF	#D3D3D3	4
2229	#FFFFFF	#D3D3D3	4
2230	#FFFFFF	#D3D3D3	4
2231	#FFFFFF	#D3D3D3	4
2232	#FFFFFF	#D3D3D3	4
2233	#FFFFFF	#D3D3D3	7
2234	#FFFFFF	#D3D3D3	77
2235	#FFFFFF	#D3D3D3	77
2236	#FFFFFF	#D3D3D3	4
2237	#FFFFFF	#D3D3D3	77
2238	#FFFFFF	#D3D3D3	7
2239	#FFFFFF	#D3D3D3	7
2240	#FFFFFF	#D3D3D3	7
2241	#FFFFFF	#D3D3D3	7
2242	#FFFFFF	#D3D3D3	7
2243	#FFFFFF	#D3D3D3	77
2244	#FFFFFF	#D3D3D3	77
2245	#FFFFFF	#D3D3D3	77
2246	#FFFFFF	#D3D3D3	77
2247	#FFFFFF	#D3D3D3	48
2248	#FFFFFF	#D3D3D3	7
2249	#FFFFFF	#D3D3D3	323
2250	#FFFFFF	#D3D3D3	7
2251	#FFFFFF	#D3D3D3	323
2252	#FFFFFF	#D3D3D3	7
2253	#FFFFFF	#D3D3D3	7
2254	#FFFFFF	#D3D3D3	7
2255	#FFFFFF	#D3D3D3	7
2256	#FFFFFF	#D3D3D3	7
2257	#FFFFFF	#D3D3D3	7
2258	#FFFFFF	#D3D3D3	48
2259	#FFFFFF	#D3D3D3	7
2260	#FFFFFF	#D3D3D3	7
2261	#FFFFFF	#D3D3D3	7
2262	#FFFFFF	#D3D3D3	262
2263	#FFFFFF	#D3D3D3	262
2264	#FFFFFF	#D3D3D3	262
2265	#FFFFFF	#D3D3D3	262
2266	#FFFFFF	#D3D3D3	1
2267	#FFFFFF	#D3D3D3	1
2268	#FFFFFF	#D3D3D3	48
2269	#FFFFFF	#D3D3D3	48
2270	#FFFFFF	#D3D3D3	48
2271	#FFFFFF	#D3D3D3	48
2272	#FFFFFF	#D3D3D3	4
2274	#FFFFFF	#D3D3D3	154
2275	#FFFFFF	#D3D3D3	154
2279	#FFFFFF	#D3D3D3	84
2280	#FFFFFF	#D3D3D3	154
2281	#FFFFFF	#D3D3D3	185
2282	#FFFFFF	#D3D3D3	154
2283	#FFFFFF	#D3D3D3	185
2284	#FFFFFF	#D3D3D3	154
2285	#FFFFFF	#D3D3D3	185
2286	#FFFFFF	#D3D3D3	154
2287	#FFFFFF	#D3D3D3	154
2288	#FFFFFF	#D3D3D3	185
2289	#FFFFFF	#D3D3D3	185
2290	#FFFFFF	#D3D3D3	4
2291	#FFFFFF	#D3D3D3	4
2292	#FFFFFF	#D3D3D3	4
2293	#FFFFFF	#D3D3D3	4
2294	#FFFFFF	#D3D3D3	4
2295	#FFFFFF	#D3D3D3	4
2296	#FFFFFF	#D3D3D3	4
2297	#FFFFFF	#D3D3D3	84
2298	#FFFFFF	#D3D3D3	91
2299	#FFFFFF	#D3D3D3	91
2300	#FFFFFF	#D3D3D3	91
2301	#FFFFFF	#D3D3D3	91
2302	#FFFFFF	#D3D3D3	91
2303	#FFFFFF	#D3D3D3	91
2304	#FFFFFF	#D3D3D3	4
2305	#FFFFFF	#D3D3D3	4
2306	#FFFFFF	#D3D3D3	4
2307	#FFFFFF	#D3D3D3	329
2308	#FFFFFF	#D3D3D3	84
2309	#FFFFFF	#D3D3D3	4
2310	#FFFFFF	#D3D3D3	329
2311	#FFFFFF	#D3D3D3	329
2312	#FFFFFF	#D3D3D3	4
2313	#FFFFFF	#D3D3D3	4
2314	#FFFFFF	#D3D3D3	4
2315	#FFFFFF	#D3D3D3	462
2316	#FFFFFF	#D3D3D3	462
2317	#FFFFFF	#D3D3D3	462
2319	#FFFFFF	#D3D3D3	84
2320	#FFFFFF	#D3D3D3	84
2321	#FFFFFF	#D3D3D3	84
2322	#FFFFFF	#D3D3D3	168
2323	#FFFFFF	#D3D3D3	157
2324	#FFFFFF	#D3D3D3	84
2325	#FFFFFF	#D3D3D3	154
2326	#FFFFFF	#D3D3D3	154
2327	#FFFFFF	#D3D3D3	9
2329	#FFFFFF	#D3D3D3	84
2330	#FFFFFF	#D3D3D3	154
2331	#FFFFFF	#D3D3D3	154
2332	#FFFFFF	#D3D3D3	154
2333	#FFFFFF	#D3D3D3	185
2334	#FFFFFF	#D3D3D3	185
2335	#FFFFFF	#D3D3D3	154
2336	#FFFFFF	#D3D3D3	154
2337	#FFFFFF	#D3D3D3	154
2338	#FFFFFF	#D3D3D3	154
2339	#FFFFFF	#D3D3D3	185
2340	#FFFFFF	#D3D3D3	4
2341	#FFFFFF	#D3D3D3	4
2342	#FFFFFF	#D3D3D3	4
2343	#FFFFFF	#D3D3D3	4
2344	#FFFFFF	#D3D3D3	4
2345	#FFFFFF	#D3D3D3	4
2346	#FFFFFF	#D3D3D3	4
2347	#FFFFFF	#D3D3D3	91
2348	#FFFFFF	#D3D3D3	84
2349	#FFFFFF	#D3D3D3	91
2350	#FFFFFF	#D3D3D3	91
2351	#FFFFFF	#D3D3D3	91
2352	#FFFFFF	#D3D3D3	91
2353	#FFFFFF	#D3D3D3	91
2354	#FFFFFF	#D3D3D3	4
2355	#FFFFFF	#D3D3D3	4
2356	#FFFFFF	#D3D3D3	4
2357	#FFFFFF	#D3D3D3	4
2358	#FFFFFF	#D3D3D3	329
2359	#FFFFFF	#D3D3D3	84
2360	#FFFFFF	#D3D3D3	329
2361	#FFFFFF	#D3D3D3	329
2362	#FFFFFF	#D3D3D3	329
2363	#FFFFFF	#D3D3D3	4
2364	#FFFFFF	#D3D3D3	4
2365	#FFFFFF	#D3D3D3	4
2366	#FFFFFF	#D3D3D3	462
2367	#FFFFFF	#D3D3D3	462
2368	#FFFFFF	#D3D3D3	462
2369	#FFFFFF	#D3D3D3	84
2370	#FFFFFF	#D3D3D3	84
2371	#FFFFFF	#D3D3D3	168
2375	#FFFFFF	#D3D3D3	48
2376	#FFFFFF	#D3D3D3	4
2377	#FFFFFF	#D3D3D3	4
2378	#FFFFFF	#D3D3D3	48
2379	#FFFFFF	#D3D3D3	4
2380	#FFFFFF	#D3D3D3	4
2381	#FFFFFF	#D3D3D3	4
2382	#FFFFFF	#D3D3D3	4
2383	#FFFFFF	#D3D3D3	4
2384	#FFFFFF	#D3D3D3	4
2385	#FFFFFF	#D3D3D3	77
2386	#FFFFFF	#D3D3D3	77
2387	#FFFFFF	#D3D3D3	4
2388	#FFFFFF	#D3D3D3	77
2389	#FFFFFF	#D3D3D3	77
2390	#FFFFFF	#D3D3D3	7
2391	#FFFFFF	#D3D3D3	7
2392	#FFFFFF	#D3D3D3	7
2393	#FFFFFF	#D3D3D3	7
2394	#FFFFFF	#D3D3D3	77
2395	#FFFFFF	#D3D3D3	77
2396	#FFFFFF	#D3D3D3	77
2397	#FFFFFF	#D3D3D3	77
2398	#FFFFFF	#D3D3D3	4
2399	#FFFFFF	#D3D3D3	77
2400	#FFFFFF	#D3D3D3	7
2401	#FFFFFF	#D3D3D3	323
2402	#FFFFFF	#D3D3D3	323
2403	#FFFFFF	#D3D3D3	323
2404	#FFFFFF	#D3D3D3	7
2405	#FFFFFF	#D3D3D3	7
2406	#FFFFFF	#D3D3D3	7
2407	#FFFFFF	#D3D3D3	7
2408	#FFFFFF	#D3D3D3	7
2409	#FFFFFF	#D3D3D3	48
2410	#FFFFFF	#D3D3D3	7
2411	#FFFFFF	#D3D3D3	7
2412	#FFFFFF	#D3D3D3	7
2413	#FFFFFF	#D3D3D3	262
2414	#FFFFFF	#D3D3D3	262
2415	#FFFFFF	#D3D3D3	262
2416	#FFFFFF	#D3D3D3	262
2417	#FFFFFF	#D3D3D3	262
2418	#FFFFFF	#D3D3D3	1
2420	#FFFFFF	#D3D3D3	48
2421	#FFFFFF	#D3D3D3	48
2422	#FFFFFF	#D3D3D3	48
2423	#FFFFFF	#D3D3D3	48
2424	#FFFFFF	#D3D3D3	48
2425	#FFFFFF	#D3D3D3	48
2426	#FFFFFF	#D3D3D3	4
2427	#FFFFFF	#D3D3D3	4
2428	#FFFFFF	#D3D3D3	4
2429	#FFFFFF	#D3D3D3	4
2430	#FFFFFF	#D3D3D3	4
2431	#FFFFFF	#D3D3D3	4
2432	#FFFFFF	#D3D3D3	4
2433	#FFFFFF	#D3D3D3	4
2434	#FFFFFF	#D3D3D3	4
2435	#FFFFFF	#D3D3D3	482
2436	#FFFFFF	#D3D3D3	77
2437	#FFFFFF	#D3D3D3	77
2438	#FFFFFF	#D3D3D3	4
2439	#FFFFFF	#D3D3D3	77
2440	#FFFFFF	#D3D3D3	7
2441	#FFFFFF	#D3D3D3	7
2442	#FFFFFF	#D3D3D3	7
2443	#FFFFFF	#D3D3D3	7
2444	#FFFFFF	#D3D3D3	7
2445	#FFFFFF	#D3D3D3	77
2446	#FFFFFF	#D3D3D3	77
2447	#FFFFFF	#D3D3D3	77
2448	#FFFFFF	#D3D3D3	77
2449	#FFFFFF	#D3D3D3	48
2450	#FFFFFF	#D3D3D3	77
2451	#FFFFFF	#D3D3D3	323
2452	#FFFFFF	#D3D3D3	323
2453	#FFFFFF	#D3D3D3	7
2454	#FFFFFF	#D3D3D3	7
2455	#FFFFFF	#D3D3D3	7
2456	#FFFFFF	#D3D3D3	7
2457	#FFFFFF	#D3D3D3	7
2458	#FFFFFF	#D3D3D3	7
2459	#FFFFFF	#D3D3D3	7
2460	#FFFFFF	#D3D3D3	4
2461	#FFFFFF	#D3D3D3	7
2462	#FFFFFF	#D3D3D3	7
2463	#FFFFFF	#D3D3D3	7
2464	#FFFFFF	#D3D3D3	262
2465	#FFFFFF	#D3D3D3	262
2466	#FFFFFF	#D3D3D3	262
2467	#FFFFFF	#D3D3D3	262
2468	#FFFFFF	#D3D3D3	1
2469	#FFFFFF	#D3D3D3	1
2470	#FFFFFF	#D3D3D3	48
2471	#FFFFFF	#D3D3D3	48
2472	#FFFFFF	#D3D3D3	48
2473	#FFFFFF	#D3D3D3	48
2474	#FFFFFF	#D3D3D3	48
2476	#FFFFFF	#D3D3D3	48
2477	#FFFFFF	#D3D3D3	4
2478	#FFFFFF	#D3D3D3	4
2479	#FFFFFF	#D3D3D3	4
2480	#FFFFFF	#D3D3D3	482
2481	#FFFFFF	#D3D3D3	482
2482	#FFFFFF	#D3D3D3	4
2483	#FFFFFF	#D3D3D3	4
2484	#FFFFFF	#D3D3D3	4
2485	#FFFFFF	#D3D3D3	482
2486	#FFFFFF	#D3D3D3	482
2487	#FFFFFF	#D3D3D3	77
2488	#FFFFFF	#D3D3D3	4
2489	#FFFFFF	#D3D3D3	77
2490	#FFFFFF	#D3D3D3	77
2491	#FFFFFF	#D3D3D3	7
2492	#FFFFFF	#D3D3D3	7
2493	#FFFFFF	#D3D3D3	7
2494	#FFFFFF	#D3D3D3	7
2495	#FFFFFF	#D3D3D3	77
2496	#FFFFFF	#D3D3D3	77
2497	#FFFFFF	#D3D3D3	77
2498	#FFFFFF	#D3D3D3	77
2499	#FFFFFF	#D3D3D3	4
2500	#FFFFFF	#D3D3D3	77
2501	#FFFFFF	#D3D3D3	7
2502	#FFFFFF	#D3D3D3	7
2503	#FFFFFF	#D3D3D3	7
2504	#FFFFFF	#D3D3D3	7
2505	#FFFFFF	#D3D3D3	7
2506	#FFFFFF	#D3D3D3	7
2507	#FFFFFF	#D3D3D3	262
2508	#FFFFFF	#D3D3D3	7
2509	#FFFFFF	#D3D3D3	7
2510	#FFFFFF	#D3D3D3	4
2511	#FFFFFF	#D3D3D3	7
2512	#FFFFFF	#D3D3D3	262
2513	#FFFFFF	#D3D3D3	262
2514	#FFFFFF	#D3D3D3	262
2515	#FFFFFF	#D3D3D3	262
2516	#FFFFFF	#D3D3D3	262
2517	#FFFFFF	#D3D3D3	262
2518	#FFFFFF	#D3D3D3	1
2519	#FFFFFF	#D3D3D3	1
2521	#FFFFFF	#D3D3D3	48
2522	#FFFFFF	#D3D3D3	48
2523	#FFFFFF	#D3D3D3	48
2524	#FFFFFF	#D3D3D3	4
2525	#FFFFFF	#D3D3D3	48
2526	#FFFFFF	#D3D3D3	48
2527	#FFFFFF	#D3D3D3	48
2528	#FFFFFF	#D3D3D3	4
2529	#FFFFFF	#D3D3D3	4
2530	#FFFFFF	#D3D3D3	482
2531	#FFFFFF	#D3D3D3	482
2532	#FFFFFF	#D3D3D3	482
2533	#FFFFFF	#D3D3D3	4
2534	#FFFFFF	#D3D3D3	4
2535	#FFFFFF	#D3D3D3	4
2536	#FFFFFF	#D3D3D3	482
2537	#FFFFFF	#D3D3D3	482
2538	#FFFFFF	#D3D3D3	77
2539	#FFFFFF	#D3D3D3	4
2540	#FFFFFF	#D3D3D3	77
2541	#FFFFFF	#D3D3D3	7
2542	#FFFFFF	#D3D3D3	7
2543	#FFFFFF	#D3D3D3	7
2544	#FFFFFF	#D3D3D3	7
2545	#FFFFFF	#D3D3D3	77
2546	#FFFFFF	#D3D3D3	77
2547	#FFFFFF	#D3D3D3	77
2548	#FFFFFF	#D3D3D3	77
2549	#FFFFFF	#D3D3D3	77
2550	#FFFFFF	#D3D3D3	4
2551	#FFFFFF	#D3D3D3	77
2552	#FFFFFF	#D3D3D3	7
2553	#FFFFFF	#D3D3D3	7
2554	#FFFFFF	#D3D3D3	7
2555	#FFFFFF	#D3D3D3	7
2556	#FFFFFF	#D3D3D3	262
2557	#FFFFFF	#D3D3D3	262
2558	#FFFFFF	#D3D3D3	7
2559	#FFFFFF	#D3D3D3	7
2560	#FFFFFF	#D3D3D3	7
2561	#FFFFFF	#D3D3D3	48
2562	#FFFFFF	#D3D3D3	262
2563	#FFFFFF	#D3D3D3	262
2564	#FFFFFF	#D3D3D3	262
2565	#FFFFFF	#D3D3D3	262
2566	#FFFFFF	#D3D3D3	262
2567	#FFFFFF	#D3D3D3	262
2568	#FFFFFF	#D3D3D3	1
2569	#FFFFFF	#D3D3D3	1
2570	#FFFFFF	#D3D3D3	1
2571	#FFFFFF	#D3D3D3	48
2572	#FFFFFF	#D3D3D3	48
2573	#FFFFFF	#D3D3D3	4
2574	#FFFFFF	#D3D3D3	4
2575	#FFFFFF	#D3D3D3	48
2577	#FFFFFF	#D3D3D3	48
2578	#FFFFFF	#D3D3D3	4
2579	#FFFFFF	#D3D3D3	4
2580	#FFFFFF	#D3D3D3	482
2581	#FFFFFF	#D3D3D3	482
2582	#FFFFFF	#D3D3D3	482
2583	#FFFFFF	#D3D3D3	482
2584	#FFFFFF	#D3D3D3	482
2585	#FFFFFF	#D3D3D3	482
2586	#FFFFFF	#D3D3D3	482
2587	#FFFFFF	#D3D3D3	482
2588	#FFFFFF	#D3D3D3	77
2589	#FFFFFF	#D3D3D3	4
2590	#FFFFFF	#D3D3D3	77
2591	#FFFFFF	#D3D3D3	77
2592	#FFFFFF	#D3D3D3	7
2593	#FFFFFF	#D3D3D3	7
2594	#FFFFFF	#D3D3D3	7
2595	#FFFFFF	#D3D3D3	77
2596	#FFFFFF	#D3D3D3	77
2597	#FFFFFF	#D3D3D3	77
2598	#FFFFFF	#D3D3D3	77
2599	#FFFFFF	#D3D3D3	7
2600	#FFFFFF	#D3D3D3	4
2601	#FFFFFF	#D3D3D3	77
2602	#FFFFFF	#D3D3D3	7
2603	#FFFFFF	#D3D3D3	7
2604	#FFFFFF	#D3D3D3	7
2605	#FFFFFF	#D3D3D3	7
2606	#FFFFFF	#D3D3D3	7
2607	#FFFFFF	#D3D3D3	262
2608	#FFFFFF	#D3D3D3	262
2609	#FFFFFF	#D3D3D3	7
2610	#FFFFFF	#D3D3D3	7
2611	#FFFFFF	#D3D3D3	4
2612	#FFFFFF	#D3D3D3	262
2613	#FFFFFF	#D3D3D3	262
2614	#FFFFFF	#D3D3D3	262
2615	#FFFFFF	#D3D3D3	262
2616	#FFFFFF	#D3D3D3	262
2617	#FFFFFF	#D3D3D3	262
2618	#FFFFFF	#D3D3D3	262
2619	#FFFFFF	#D3D3D3	1
2620	#FFFFFF	#D3D3D3	262
2622	#FFFFFF	#D3D3D3	48
2623	#FFFFFF	#D3D3D3	48
2624	#FFFFFF	#D3D3D3	48
2625	#FFFFFF	#D3D3D3	4
2626	#FFFFFF	#D3D3D3	4
2627	#FFFFFF	#D3D3D3	48
2628	#FFFFFF	#D3D3D3	48
2629	#FFFFFF	#D3D3D3	4
2630	#FFFFFF	#D3D3D3	4
2631	#FFFFFF	#D3D3D3	482
2632	#FFFFFF	#D3D3D3	482
2633	#FFFFFF	#D3D3D3	482
2634	#FFFFFF	#D3D3D3	482
2635	#FFFFFF	#D3D3D3	482
2636	#FFFFFF	#D3D3D3	482
2637	#FFFFFF	#D3D3D3	482
2638	#FFFFFF	#D3D3D3	482
2639	#FFFFFF	#D3D3D3	482
2640	#FFFFFF	#D3D3D3	4
2641	#FFFFFF	#D3D3D3	77
2642	#FFFFFF	#D3D3D3	77
2643	#FFFFFF	#D3D3D3	7
2644	#FFFFFF	#D3D3D3	7
2645	#FFFFFF	#D3D3D3	7
2646	#FFFFFF	#D3D3D3	77
2647	#FFFFFF	#D3D3D3	77
2648	#FFFFFF	#D3D3D3	77
2649	#FFFFFF	#D3D3D3	77
2650	#FFFFFF	#D3D3D3	7
2651	#FFFFFF	#D3D3D3	4
2652	#FFFFFF	#D3D3D3	7
2653	#FFFFFF	#D3D3D3	7
2654	#FFFFFF	#D3D3D3	7
2655	#FFFFFF	#D3D3D3	7
2656	#FFFFFF	#D3D3D3	7
2657	#FFFFFF	#D3D3D3	7
2658	#FFFFFF	#D3D3D3	7
2659	#FFFFFF	#D3D3D3	262
2660	#FFFFFF	#D3D3D3	262
2661	#FFFFFF	#D3D3D3	7
2662	#FFFFFF	#D3D3D3	48
2663	#FFFFFF	#D3D3D3	262
2664	#FFFFFF	#D3D3D3	262
2665	#FFFFFF	#D3D3D3	262
2666	#FFFFFF	#D3D3D3	262
2667	#FFFFFF	#D3D3D3	262
2668	#FFFFFF	#D3D3D3	120
2669	#FFFFFF	#D3D3D3	262
2670	#FFFFFF	#D3D3D3	262
2671	#FFFFFF	#D3D3D3	262
2672	#FFFFFF	#D3D3D3	4
2673	#FFFFFF	#D3D3D3	4
2674	#FFFFFF	#D3D3D3	48
2675	#FFFFFF	#D3D3D3	4
2676	#FFFFFF	#D3D3D3	4
2678	#FFFFFF	#D3D3D3	4
2679	#FFFFFF	#D3D3D3	4
2680	#FFFFFF	#D3D3D3	4
2681	#FFFFFF	#D3D3D3	482
2682	#FFFFFF	#D3D3D3	482
2683	#FFFFFF	#D3D3D3	482
2684	#FFFFFF	#D3D3D3	482
2685	#FFFFFF	#D3D3D3	482
2686	#FFFFFF	#D3D3D3	482
2687	#FFFFFF	#D3D3D3	483
2688	#FFFFFF	#D3D3D3	482
2689	#FFFFFF	#D3D3D3	482
2690	#FFFFFF	#D3D3D3	4
2691	#FFFFFF	#D3D3D3	482
2692	#FFFFFF	#D3D3D3	77
2693	#FFFFFF	#D3D3D3	7
2694	#FFFFFF	#D3D3D3	7
2695	#FFFFFF	#D3D3D3	7
2696	#FFFFFF	#D3D3D3	7
2697	#FFFFFF	#D3D3D3	77
2698	#FFFFFF	#D3D3D3	77
2699	#FFFFFF	#D3D3D3	7
2700	#FFFFFF	#D3D3D3	7
2701	#FFFFFF	#D3D3D3	4
2702	#FFFFFF	#D3D3D3	7
2703	#FFFFFF	#D3D3D3	7
2704	#FFFFFF	#D3D3D3	7
2705	#FFFFFF	#D3D3D3	7
2706	#FFFFFF	#D3D3D3	7
2707	#FFFFFF	#D3D3D3	7
2708	#FFFFFF	#D3D3D3	7
2709	#FFFFFF	#D3D3D3	7
2710	#FFFFFF	#D3D3D3	262
2711	#FFFFFF	#D3D3D3	7
2712	#FFFFFF	#D3D3D3	4
2713	#FFFFFF	#D3D3D3	262
2714	#FFFFFF	#D3D3D3	262
2715	#FFFFFF	#D3D3D3	262
2716	#FFFFFF	#D3D3D3	262
2717	#FFFFFF	#D3D3D3	262
2718	#FFFFFF	#D3D3D3	120
2719	#FFFFFF	#D3D3D3	262
2720	#FFFFFF	#D3D3D3	262
2721	#FFFFFF	#D3D3D3	262
2723	#FFFFFF	#D3D3D3	4
2724	#FFFFFF	#D3D3D3	4
2725	#FFFFFF	#D3D3D3	48
2726	#FFFFFF	#D3D3D3	48
2727	#FFFFFF	#D3D3D3	4
2728	#FFFFFF	#D3D3D3	4
2729	#FFFFFF	#D3D3D3	4
2730	#FFFFFF	#D3D3D3	4
2731	#FFFFFF	#D3D3D3	482
2732	#FFFFFF	#D3D3D3	482
2733	#FFFFFF	#D3D3D3	482
2734	#FFFFFF	#D3D3D3	482
2735	#FFFFFF	#D3D3D3	482
2736	#FFFFFF	#D3D3D3	482
2737	#FFFFFF	#D3D3D3	482
2738	#FFFFFF	#D3D3D3	483
2739	#FFFFFF	#D3D3D3	482
2740	#FFFFFF	#D3D3D3	482
2741	#FFFFFF	#D3D3D3	4
2742	#FFFFFF	#D3D3D3	482
2743	#FFFFFF	#D3D3D3	77
2744	#FFFFFF	#D3D3D3	7
2745	#FFFFFF	#D3D3D3	7
2746	#FFFFFF	#D3D3D3	77
2747	#FFFFFF	#D3D3D3	77
2748	#FFFFFF	#D3D3D3	77
2749	#FFFFFF	#D3D3D3	77
2750	#FFFFFF	#D3D3D3	7
2751	#FFFFFF	#D3D3D3	77
2752	#FFFFFF	#D3D3D3	4
2753	#FFFFFF	#D3D3D3	7
2754	#FFFFFF	#D3D3D3	7
2755	#FFFFFF	#D3D3D3	7
2756	#FFFFFF	#D3D3D3	7
2757	#FFFFFF	#D3D3D3	7
2758	#FFFFFF	#D3D3D3	7
2759	#FFFFFF	#D3D3D3	7
2760	#FFFFFF	#D3D3D3	262
2761	#FFFFFF	#D3D3D3	262
2762	#FFFFFF	#D3D3D3	7
2763	#FFFFFF	#D3D3D3	4
2764	#FFFFFF	#D3D3D3	262
2765	#FFFFFF	#D3D3D3	262
2766	#FFFFFF	#D3D3D3	262
2767	#FFFFFF	#D3D3D3	7
2768	#FFFFFF	#D3D3D3	120
2769	#FFFFFF	#D3D3D3	120
2770	#FFFFFF	#D3D3D3	262
2771	#FFFFFF	#D3D3D3	120
2772	#FFFFFF	#D3D3D3	262
2773	#FFFFFF	#D3D3D3	4
2774	#FFFFFF	#D3D3D3	48
2775	#FFFFFF	#D3D3D3	48
2776	#FFFFFF	#D3D3D3	4
2777	#FFFFFF	#D3D3D3	4
2779	#FFFFFF	#D3D3D3	4
2780	#FFFFFF	#D3D3D3	4
2781	#FFFFFF	#D3D3D3	4
2782	#FFFFFF	#D3D3D3	482
2783	#FFFFFF	#D3D3D3	4
2784	#FFFFFF	#D3D3D3	4
2785	#FFFFFF	#D3D3D3	482
2786	#FFFFFF	#D3D3D3	482
2787	#FFFFFF	#D3D3D3	483
2788	#FFFFFF	#D3D3D3	483
2789	#FFFFFF	#D3D3D3	482
2790	#FFFFFF	#D3D3D3	482
2791	#FFFFFF	#D3D3D3	4
2792	#FFFFFF	#D3D3D3	482
2793	#FFFFFF	#D3D3D3	77
2794	#FFFFFF	#D3D3D3	7
2795	#FFFFFF	#D3D3D3	7
2796	#FFFFFF	#D3D3D3	7
2797	#FFFFFF	#D3D3D3	77
2798	#FFFFFF	#D3D3D3	77
2799	#FFFFFF	#D3D3D3	7
2800	#FFFFFF	#D3D3D3	7
2801	#FFFFFF	#D3D3D3	77
2802	#FFFFFF	#D3D3D3	4
2803	#FFFFFF	#D3D3D3	7
2804	#FFFFFF	#D3D3D3	7
2805	#FFFFFF	#D3D3D3	7
2806	#FFFFFF	#D3D3D3	7
2807	#FFFFFF	#D3D3D3	7
2808	#FFFFFF	#D3D3D3	7
2809	#FFFFFF	#D3D3D3	7
2810	#FFFFFF	#D3D3D3	7
2811	#FFFFFF	#D3D3D3	262
2812	#FFFFFF	#D3D3D3	262
2813	#FFFFFF	#D3D3D3	4
2814	#FFFFFF	#D3D3D3	262
2815	#FFFFFF	#D3D3D3	262
2816	#FFFFFF	#D3D3D3	7
2817	#FFFFFF	#D3D3D3	7
2818	#FFFFFF	#D3D3D3	120
2819	#FFFFFF	#D3D3D3	120
2820	#FFFFFF	#D3D3D3	262
2821	#FFFFFF	#D3D3D3	262
2822	#FFFFFF	#D3D3D3	120
2824	#FFFFFF	#D3D3D3	4
2825	#FFFFFF	#D3D3D3	4
2826	#FFFFFF	#D3D3D3	4
2827	#FFFFFF	#D3D3D3	4
2828	#FFFFFF	#D3D3D3	4
2829	#FFFFFF	#D3D3D3	4
2830	#FFFFFF	#D3D3D3	138
2831	#FFFFFF	#D3D3D3	138
2832	#FFFFFF	#D3D3D3	4
2833	#FFFFFF	#D3D3D3	482
2834	#FFFFFF	#D3D3D3	4
2835	#FFFFFF	#D3D3D3	4
2836	#FFFFFF	#D3D3D3	482
2837	#FFFFFF	#D3D3D3	482
2838	#FFFFFF	#D3D3D3	483
2839	#FFFFFF	#D3D3D3	482
2840	#FFFFFF	#D3D3D3	482
2841	#FFFFFF	#D3D3D3	482
2842	#FFFFFF	#D3D3D3	4
2843	#FFFFFF	#D3D3D3	77
2844	#FFFFFF	#D3D3D3	77
2845	#FFFFFF	#D3D3D3	7
2846	#FFFFFF	#D3D3D3	7
2847	#FFFFFF	#D3D3D3	7
2848	#FFFFFF	#D3D3D3	77
2849	#FFFFFF	#D3D3D3	77
2850	#FFFFFF	#D3D3D3	7
2851	#FFFFFF	#D3D3D3	7
2852	#FFFFFF	#D3D3D3	77
2853	#FFFFFF	#D3D3D3	4
2854	#FFFFFF	#D3D3D3	7
2855	#FFFFFF	#D3D3D3	7
2856	#FFFFFF	#D3D3D3	7
2857	#FFFFFF	#D3D3D3	7
2858	#FFFFFF	#D3D3D3	7
2859	#FFFFFF	#D3D3D3	7
2860	#FFFFFF	#D3D3D3	7
2861	#FFFFFF	#D3D3D3	7
2862	#FFFFFF	#D3D3D3	262
2863	#FFFFFF	#D3D3D3	262
2864	#FFFFFF	#D3D3D3	4
2865	#FFFFFF	#D3D3D3	262
2866	#FFFFFF	#D3D3D3	262
2867	#FFFFFF	#D3D3D3	7
2868	#FFFFFF	#D3D3D3	7
2869	#FFFFFF	#D3D3D3	120
2870	#FFFFFF	#D3D3D3	120
2871	#FFFFFF	#D3D3D3	120
2872	#FFFFFF	#D3D3D3	120
2873	#FFFFFF	#D3D3D3	120
2874	#FFFFFF	#D3D3D3	4
2875	#FFFFFF	#D3D3D3	4
2876	#FFFFFF	#D3D3D3	4
2877	#FFFFFF	#D3D3D3	4
2878	#FFFFFF	#D3D3D3	4
2880	#FFFFFF	#D3D3D3	4
2881	#FFFFFF	#D3D3D3	138
2882	#FFFFFF	#D3D3D3	4
2883	#FFFFFF	#D3D3D3	4
2884	#FFFFFF	#D3D3D3	4
2885	#FFFFFF	#D3D3D3	4
2886	#FFFFFF	#D3D3D3	482
2887	#FFFFFF	#D3D3D3	483
2888	#FFFFFF	#D3D3D3	483
2889	#FFFFFF	#D3D3D3	483
2890	#FFFFFF	#D3D3D3	482
2891	#FFFFFF	#D3D3D3	482
2892	#FFFFFF	#D3D3D3	138
2893	#FFFFFF	#D3D3D3	77
2894	#FFFFFF	#D3D3D3	77
2895	#FFFFFF	#D3D3D3	7
2896	#FFFFFF	#D3D3D3	7
2897	#FFFFFF	#D3D3D3	7
2898	#FFFFFF	#D3D3D3	7
2899	#FFFFFF	#D3D3D3	77
2900	#FFFFFF	#D3D3D3	77
2901	#FFFFFF	#D3D3D3	7
2902	#FFFFFF	#D3D3D3	77
2903	#FFFFFF	#D3D3D3	4
2904	#FFFFFF	#D3D3D3	7
2905	#FFFFFF	#D3D3D3	7
2906	#FFFFFF	#D3D3D3	7
2907	#FFFFFF	#D3D3D3	7
2908	#FFFFFF	#D3D3D3	7
2909	#FFFFFF	#D3D3D3	7
2910	#FFFFFF	#D3D3D3	7
2911	#FFFFFF	#D3D3D3	7
2912	#FFFFFF	#D3D3D3	262
2913	#FFFFFF	#D3D3D3	262
2914	#FFFFFF	#D3D3D3	4
2915	#FFFFFF	#D3D3D3	262
2916	#FFFFFF	#D3D3D3	7
2917	#FFFFFF	#D3D3D3	7
2918	#FFFFFF	#D3D3D3	7
2919	#FFFFFF	#D3D3D3	7
2920	#FFFFFF	#D3D3D3	120
2921	#FFFFFF	#D3D3D3	120
2922	#FFFFFF	#D3D3D3	120
2923	#FFFFFF	#D3D3D3	120
2925	#FFFFFF	#D3D3D3	4
2926	#FFFFFF	#D3D3D3	4
2927	#FFFFFF	#D3D3D3	4
2928	#FFFFFF	#D3D3D3	4
2929	#FFFFFF	#D3D3D3	4
2930	#FFFFFF	#D3D3D3	4
2931	#FFFFFF	#D3D3D3	4
2932	#FFFFFF	#D3D3D3	138
2933	#FFFFFF	#D3D3D3	4
2934	#FFFFFF	#D3D3D3	4
2935	#FFFFFF	#D3D3D3	4
2936	#FFFFFF	#D3D3D3	4
2937	#FFFFFF	#D3D3D3	483
2938	#FFFFFF	#D3D3D3	483
2939	#FFFFFF	#D3D3D3	483
2940	#FFFFFF	#D3D3D3	483
2941	#FFFFFF	#D3D3D3	482
2942	#FFFFFF	#D3D3D3	77
2943	#FFFFFF	#D3D3D3	4
2944	#FFFFFF	#D3D3D3	77
2945	#FFFFFF	#D3D3D3	77
2946	#FFFFFF	#D3D3D3	7
2947	#FFFFFF	#D3D3D3	7
2948	#FFFFFF	#D3D3D3	7
2949	#FFFFFF	#D3D3D3	7
2950	#FFFFFF	#D3D3D3	7
2951	#FFFFFF	#D3D3D3	77
2952	#FFFFFF	#D3D3D3	77
2953	#FFFFFF	#D3D3D3	77
2954	#FFFFFF	#D3D3D3	4
2955	#FFFFFF	#D3D3D3	7
2956	#FFFFFF	#D3D3D3	7
2957	#FFFFFF	#D3D3D3	7
2958	#FFFFFF	#D3D3D3	7
2959	#FFFFFF	#D3D3D3	7
2960	#FFFFFF	#D3D3D3	7
2961	#FFFFFF	#D3D3D3	7
2962	#FFFFFF	#D3D3D3	7
2963	#FFFFFF	#D3D3D3	262
2964	#FFFFFF	#D3D3D3	262
2965	#FFFFFF	#D3D3D3	4
2966	#FFFFFF	#D3D3D3	262
2967	#FFFFFF	#D3D3D3	7
2968	#FFFFFF	#D3D3D3	7
2969	#FFFFFF	#D3D3D3	7
2970	#FFFFFF	#D3D3D3	7
2971	#FFFFFF	#D3D3D3	120
2972	#FFFFFF	#D3D3D3	120
2973	#FFFFFF	#D3D3D3	120
2974	#FFFFFF	#D3D3D3	120
2975	#FFFFFF	#D3D3D3	4
2976	#FFFFFF	#D3D3D3	4
2977	#FFFFFF	#D3D3D3	4
2978	#FFFFFF	#D3D3D3	4
2979	#FFFFFF	#D3D3D3	4
2981	#FFFFFF	#D3D3D3	4
2982	#FFFFFF	#D3D3D3	4
2983	#FFFFFF	#D3D3D3	4
2984	#FFFFFF	#D3D3D3	4
2985	#FFFFFF	#D3D3D3	4
2986	#FFFFFF	#D3D3D3	4
2987	#FFFFFF	#D3D3D3	7
2988	#FFFFFF	#D3D3D3	483
2989	#FFFFFF	#D3D3D3	483
2990	#FFFFFF	#D3D3D3	483
2991	#FFFFFF	#D3D3D3	482
2992	#FFFFFF	#D3D3D3	482
2993	#FFFFFF	#D3D3D3	138
2994	#FFFFFF	#D3D3D3	77
2995	#FFFFFF	#D3D3D3	77
2996	#FFFFFF	#D3D3D3	77
2997	#FFFFFF	#D3D3D3	7
2998	#FFFFFF	#D3D3D3	7
2999	#FFFFFF	#D3D3D3	7
3000	#FFFFFF	#D3D3D3	7
3001	#FFFFFF	#D3D3D3	7
3002	#FFFFFF	#D3D3D3	77
3003	#FFFFFF	#D3D3D3	77
3004	#FFFFFF	#D3D3D3	4
3005	#FFFFFF	#D3D3D3	7
3006	#FFFFFF	#D3D3D3	7
3007	#FFFFFF	#D3D3D3	7
3008	#FFFFFF	#D3D3D3	7
3009	#FFFFFF	#D3D3D3	7
3010	#FFFFFF	#D3D3D3	7
3011	#FFFFFF	#D3D3D3	7
3012	#FFFFFF	#D3D3D3	7
3013	#FFFFFF	#D3D3D3	262
3014	#FFFFFF	#D3D3D3	7
3015	#FFFFFF	#D3D3D3	4
3016	#FFFFFF	#D3D3D3	7
3017	#FFFFFF	#D3D3D3	7
3018	#FFFFFF	#D3D3D3	7
3019	#FFFFFF	#D3D3D3	7
3020	#FFFFFF	#D3D3D3	7
3021	#FFFFFF	#D3D3D3	120
3022	#FFFFFF	#D3D3D3	120
3023	#FFFFFF	#D3D3D3	120
3024	#FFFFFF	#D3D3D3	120
3026	#FFFFFF	#D3D3D3	4
3027	#FFFFFF	#D3D3D3	4
3028	#FFFFFF	#D3D3D3	4
3029	#FFFFFF	#D3D3D3	4
3030	#FFFFFF	#D3D3D3	4
3031	#FFFFFF	#D3D3D3	4
3032	#FFFFFF	#D3D3D3	138
3033	#FFFFFF	#D3D3D3	138
3034	#FFFFFF	#D3D3D3	4
3035	#FFFFFF	#D3D3D3	4
3036	#FFFFFF	#D3D3D3	7
3037	#FFFFFF	#D3D3D3	7
3038	#FFFFFF	#D3D3D3	7
3039	#FFFFFF	#D3D3D3	7
3040	#FFFFFF	#D3D3D3	7
3041	#FFFFFF	#D3D3D3	483
3042	#FFFFFF	#D3D3D3	483
3043	#FFFFFF	#D3D3D3	77
3044	#FFFFFF	#D3D3D3	4
3045	#FFFFFF	#D3D3D3	77
3046	#FFFFFF	#D3D3D3	77
3047	#FFFFFF	#D3D3D3	77
3048	#FFFFFF	#D3D3D3	7
3049	#FFFFFF	#D3D3D3	7
3050	#FFFFFF	#D3D3D3	7
3051	#FFFFFF	#D3D3D3	7
3052	#FFFFFF	#D3D3D3	77
3053	#FFFFFF	#D3D3D3	77
3054	#FFFFFF	#D3D3D3	77
3055	#FFFFFF	#D3D3D3	4
3056	#FFFFFF	#D3D3D3	7
3057	#FFFFFF	#D3D3D3	7
3058	#FFFFFF	#D3D3D3	7
3059	#FFFFFF	#D3D3D3	106
3060	#FFFFFF	#D3D3D3	7
3061	#FFFFFF	#D3D3D3	7
3062	#FFFFFF	#D3D3D3	7
3063	#FFFFFF	#D3D3D3	7
3064	#FFFFFF	#D3D3D3	7
3065	#FFFFFF	#D3D3D3	7
3066	#FFFFFF	#D3D3D3	4
3067	#FFFFFF	#D3D3D3	7
3068	#FFFFFF	#D3D3D3	7
3069	#FFFFFF	#D3D3D3	7
3070	#FFFFFF	#D3D3D3	7
3071	#FFFFFF	#D3D3D3	7
3072	#FFFFFF	#D3D3D3	120
3073	#FFFFFF	#D3D3D3	120
3074	#FFFFFF	#D3D3D3	120
3075	#FFFFFF	#D3D3D3	26
3076	#FFFFFF	#D3D3D3	4
3077	#FFFFFF	#D3D3D3	4
3078	#FFFFFF	#D3D3D3	4
3079	#FFFFFF	#D3D3D3	4
3080	#FFFFFF	#D3D3D3	4
3082	#FFFFFF	#D3D3D3	138
3083	#FFFFFF	#D3D3D3	138
3084	#FFFFFF	#D3D3D3	4
3085	#FFFFFF	#D3D3D3	4
3086	#FFFFFF	#D3D3D3	7
3087	#FFFFFF	#D3D3D3	7
3088	#FFFFFF	#D3D3D3	7
3089	#FFFFFF	#D3D3D3	7
3090	#FFFFFF	#D3D3D3	7
3091	#FFFFFF	#D3D3D3	483
3092	#FFFFFF	#D3D3D3	483
3093	#FFFFFF	#D3D3D3	7
3094	#FFFFFF	#D3D3D3	4
3095	#FFFFFF	#D3D3D3	7
3096	#FFFFFF	#D3D3D3	7
3097	#FFFFFF	#D3D3D3	77
3098	#FFFFFF	#D3D3D3	77
3099	#FFFFFF	#D3D3D3	7
3100	#FFFFFF	#D3D3D3	7
3101	#FFFFFF	#D3D3D3	7
3102	#FFFFFF	#D3D3D3	77
3103	#FFFFFF	#D3D3D3	77
3104	#FFFFFF	#D3D3D3	77
3105	#FFFFFF	#D3D3D3	4
3106	#FFFFFF	#D3D3D3	7
3107	#FFFFFF	#D3D3D3	7
3108	#FFFFFF	#D3D3D3	106
3109	#FFFFFF	#D3D3D3	106
3110	#FFFFFF	#D3D3D3	106
3111	#FFFFFF	#D3D3D3	7
3112	#FFFFFF	#D3D3D3	7
3113	#FFFFFF	#D3D3D3	7
3114	#FFFFFF	#D3D3D3	7
3115	#FFFFFF	#D3D3D3	7
3116	#FFFFFF	#D3D3D3	4
3117	#FFFFFF	#D3D3D3	7
3118	#FFFFFF	#D3D3D3	7
3119	#FFFFFF	#D3D3D3	7
3120	#FFFFFF	#D3D3D3	7
3121	#FFFFFF	#D3D3D3	7
3122	#FFFFFF	#D3D3D3	120
3123	#FFFFFF	#D3D3D3	26
3124	#FFFFFF	#D3D3D3	120
3125	#FFFFFF	#D3D3D3	26
3127	#FFFFFF	#D3D3D3	4
3128	#FFFFFF	#D3D3D3	4
3129	#FFFFFF	#D3D3D3	4
3130	#FFFFFF	#D3D3D3	4
3131	#FFFFFF	#D3D3D3	4
3132	#FFFFFF	#D3D3D3	138
3133	#FFFFFF	#D3D3D3	138
3134	#FFFFFF	#D3D3D3	138
3135	#FFFFFF	#D3D3D3	4
3136	#FFFFFF	#D3D3D3	4
3137	#FFFFFF	#D3D3D3	7
3138	#FFFFFF	#D3D3D3	7
3139	#FFFFFF	#D3D3D3	7
3140	#FFFFFF	#D3D3D3	7
3141	#FFFFFF	#D3D3D3	483
3142	#FFFFFF	#D3D3D3	483
3143	#FFFFFF	#D3D3D3	483
3144	#FFFFFF	#D3D3D3	7
3145	#FFFFFF	#D3D3D3	4
3146	#FFFFFF	#D3D3D3	7
3147	#FFFFFF	#D3D3D3	7
3148	#FFFFFF	#D3D3D3	7
3149	#FFFFFF	#D3D3D3	77
3150	#FFFFFF	#D3D3D3	7
3151	#FFFFFF	#D3D3D3	7
3152	#FFFFFF	#D3D3D3	7
3153	#FFFFFF	#D3D3D3	77
3154	#FFFFFF	#D3D3D3	77
3155	#FFFFFF	#D3D3D3	77
3156	#FFFFFF	#D3D3D3	4
3157	#FFFFFF	#D3D3D3	7
3158	#FFFFFF	#D3D3D3	7
3159	#FFFFFF	#D3D3D3	106
3160	#FFFFFF	#D3D3D3	106
3161	#FFFFFF	#D3D3D3	106
3162	#FFFFFF	#D3D3D3	7
3163	#FFFFFF	#D3D3D3	7
3164	#FFFFFF	#D3D3D3	7
3165	#FFFFFF	#D3D3D3	7
3166	#FFFFFF	#D3D3D3	7
3167	#FFFFFF	#D3D3D3	4
3168	#FFFFFF	#D3D3D3	7
3169	#FFFFFF	#D3D3D3	7
3170	#FFFFFF	#D3D3D3	7
3171	#FFFFFF	#D3D3D3	7
3172	#FFFFFF	#D3D3D3	7
3173	#FFFFFF	#D3D3D3	7
3174	#FFFFFF	#D3D3D3	26
3175	#FFFFFF	#D3D3D3	26
3176	#FFFFFF	#D3D3D3	120
3177	#FFFFFF	#D3D3D3	4
3178	#FFFFFF	#D3D3D3	4
3179	#FFFFFF	#D3D3D3	4
3180	#FFFFFF	#D3D3D3	7
3181	#FFFFFF	#D3D3D3	7
3183	#FFFFFF	#D3D3D3	138
3184	#FFFFFF	#D3D3D3	138
3185	#FFFFFF	#D3D3D3	4
3186	#FFFFFF	#D3D3D3	4
3187	#FFFFFF	#D3D3D3	7
3188	#FFFFFF	#D3D3D3	7
3189	#FFFFFF	#D3D3D3	7
3190	#FFFFFF	#D3D3D3	7
3191	#FFFFFF	#D3D3D3	7
3192	#FFFFFF	#D3D3D3	7
3193	#FFFFFF	#D3D3D3	7
3194	#FFFFFF	#D3D3D3	483
3195	#FFFFFF	#D3D3D3	4
3196	#FFFFFF	#D3D3D3	7
3197	#FFFFFF	#D3D3D3	7
3198	#FFFFFF	#D3D3D3	7
3199	#FFFFFF	#D3D3D3	7
3200	#FFFFFF	#D3D3D3	77
3201	#FFFFFF	#D3D3D3	7
3202	#FFFFFF	#D3D3D3	7
3203	#FFFFFF	#D3D3D3	77
3204	#FFFFFF	#D3D3D3	77
3205	#FFFFFF	#D3D3D3	77
3206	#FFFFFF	#D3D3D3	4
3207	#FFFFFF	#D3D3D3	7
3208	#FFFFFF	#D3D3D3	7
3209	#FFFFFF	#D3D3D3	106
3210	#FFFFFF	#D3D3D3	106
3211	#FFFFFF	#D3D3D3	106
3212	#FFFFFF	#D3D3D3	106
3213	#FFFFFF	#D3D3D3	7
3214	#FFFFFF	#D3D3D3	7
3215	#FFFFFF	#D3D3D3	7
3216	#FFFFFF	#D3D3D3	7
3217	#FFFFFF	#D3D3D3	4
3218	#FFFFFF	#D3D3D3	7
3219	#FFFFFF	#D3D3D3	7
3220	#FFFFFF	#D3D3D3	26
3221	#FFFFFF	#D3D3D3	26
3222	#FFFFFF	#D3D3D3	7
3223	#FFFFFF	#D3D3D3	7
3224	#FFFFFF	#D3D3D3	26
3225	#FFFFFF	#D3D3D3	26
3226	#FFFFFF	#D3D3D3	26
3228	#FFFFFF	#D3D3D3	4
3229	#FFFFFF	#D3D3D3	4
3230	#FFFFFF	#D3D3D3	4
3231	#FFFFFF	#D3D3D3	4
3232	#FFFFFF	#D3D3D3	7
3233	#FFFFFF	#D3D3D3	138
3234	#FFFFFF	#D3D3D3	138
3235	#FFFFFF	#D3D3D3	138
3236	#FFFFFF	#D3D3D3	7
3237	#FFFFFF	#D3D3D3	7
3238	#FFFFFF	#D3D3D3	7
3239	#FFFFFF	#D3D3D3	7
3240	#FFFFFF	#D3D3D3	7
3241	#FFFFFF	#D3D3D3	7
3242	#FFFFFF	#D3D3D3	7
3243	#FFFFFF	#D3D3D3	7
3244	#FFFFFF	#D3D3D3	7
3245	#FFFFFF	#D3D3D3	483
3246	#FFFFFF	#D3D3D3	4
3247	#FFFFFF	#D3D3D3	7
3248	#FFFFFF	#D3D3D3	7
3249	#FFFFFF	#D3D3D3	7
3250	#FFFFFF	#D3D3D3	7
3251	#FFFFFF	#D3D3D3	77
3252	#FFFFFF	#D3D3D3	77
3253	#FFFFFF	#D3D3D3	77
3254	#FFFFFF	#D3D3D3	77
3255	#FFFFFF	#D3D3D3	77
3256	#FFFFFF	#D3D3D3	7
3257	#FFFFFF	#D3D3D3	4
3258	#FFFFFF	#D3D3D3	7
3259	#FFFFFF	#D3D3D3	106
3260	#FFFFFF	#D3D3D3	7
3261	#FFFFFF	#D3D3D3	106
3262	#FFFFFF	#D3D3D3	106
3263	#FFFFFF	#D3D3D3	7
3264	#FFFFFF	#D3D3D3	7
3265	#FFFFFF	#D3D3D3	7
3266	#FFFFFF	#D3D3D3	7
3267	#FFFFFF	#D3D3D3	7
3268	#FFFFFF	#D3D3D3	4
3269	#FFFFFF	#D3D3D3	7
3270	#FFFFFF	#D3D3D3	7
3271	#FFFFFF	#D3D3D3	26
3272	#FFFFFF	#D3D3D3	7
3273	#FFFFFF	#D3D3D3	7
3274	#FFFFFF	#D3D3D3	26
3275	#FFFFFF	#D3D3D3	26
3276	#FFFFFF	#D3D3D3	120
3277	#FFFFFF	#D3D3D3	120
3278	#FFFFFF	#D3D3D3	4
3279	#FFFFFF	#D3D3D3	4
3280	#FFFFFF	#D3D3D3	4
3281	#FFFFFF	#D3D3D3	4
3282	#FFFFFF	#D3D3D3	7
3284	#FFFFFF	#D3D3D3	138
3285	#FFFFFF	#D3D3D3	138
3286	#FFFFFF	#D3D3D3	7
3287	#FFFFFF	#D3D3D3	7
3288	#FFFFFF	#D3D3D3	4
3289	#FFFFFF	#D3D3D3	7
3290	#FFFFFF	#D3D3D3	7
3291	#FFFFFF	#D3D3D3	7
3292	#FFFFFF	#D3D3D3	7
3293	#FFFFFF	#D3D3D3	7
3294	#FFFFFF	#D3D3D3	7
3295	#FFFFFF	#D3D3D3	483
3296	#FFFFFF	#D3D3D3	138
3297	#FFFFFF	#D3D3D3	483
3298	#FFFFFF	#D3D3D3	7
3299	#FFFFFF	#D3D3D3	7
3300	#FFFFFF	#D3D3D3	7
3301	#FFFFFF	#D3D3D3	7
3302	#FFFFFF	#D3D3D3	77
3303	#FFFFFF	#D3D3D3	77
3304	#FFFFFF	#D3D3D3	77
3305	#FFFFFF	#D3D3D3	77
3306	#FFFFFF	#D3D3D3	77
3307	#FFFFFF	#D3D3D3	4
3308	#FFFFFF	#D3D3D3	7
3309	#FFFFFF	#D3D3D3	106
3310	#FFFFFF	#D3D3D3	106
3311	#FFFFFF	#D3D3D3	7
3312	#FFFFFF	#D3D3D3	106
3313	#FFFFFF	#D3D3D3	7
3314	#FFFFFF	#D3D3D3	7
3315	#FFFFFF	#D3D3D3	7
3316	#FFFFFF	#D3D3D3	7
3317	#FFFFFF	#D3D3D3	7
3318	#FFFFFF	#D3D3D3	4
3319	#FFFFFF	#D3D3D3	7
3320	#FFFFFF	#D3D3D3	7
3321	#FFFFFF	#D3D3D3	26
3322	#FFFFFF	#D3D3D3	26
3323	#FFFFFF	#D3D3D3	7
3324	#FFFFFF	#D3D3D3	26
3325	#FFFFFF	#D3D3D3	26
3326	#FFFFFF	#D3D3D3	26
3327	#FFFFFF	#D3D3D3	120
3329	#FFFFFF	#D3D3D3	4
3330	#FFFFFF	#D3D3D3	4
3331	#FFFFFF	#D3D3D3	4
3332	#FFFFFF	#D3D3D3	4
3333	#FFFFFF	#D3D3D3	4
3334	#FFFFFF	#D3D3D3	138
3335	#FFFFFF	#D3D3D3	138
3336	#FFFFFF	#D3D3D3	138
3337	#FFFFFF	#D3D3D3	4
3338	#FFFFFF	#D3D3D3	4
3339	#FFFFFF	#D3D3D3	7
3340	#FFFFFF	#D3D3D3	7
3341	#FFFFFF	#D3D3D3	7
3342	#FFFFFF	#D3D3D3	7
3343	#FFFFFF	#D3D3D3	7
3344	#FFFFFF	#D3D3D3	7
3345	#FFFFFF	#D3D3D3	7
3346	#FFFFFF	#D3D3D3	7
3347	#FFFFFF	#D3D3D3	138
3348	#FFFFFF	#D3D3D3	7
3349	#FFFFFF	#D3D3D3	7
3350	#FFFFFF	#D3D3D3	7
3351	#FFFFFF	#D3D3D3	77
3352	#FFFFFF	#D3D3D3	7
3353	#FFFFFF	#D3D3D3	77
3354	#FFFFFF	#D3D3D3	77
3355	#FFFFFF	#D3D3D3	77
3356	#FFFFFF	#D3D3D3	77
3357	#FFFFFF	#D3D3D3	77
3358	#FFFFFF	#D3D3D3	4
3359	#FFFFFF	#D3D3D3	106
3360	#FFFFFF	#D3D3D3	7
3361	#FFFFFF	#D3D3D3	7
3362	#FFFFFF	#D3D3D3	106
3363	#FFFFFF	#D3D3D3	7
3364	#FFFFFF	#D3D3D3	7
3365	#FFFFFF	#D3D3D3	7
3366	#FFFFFF	#D3D3D3	7
3367	#FFFFFF	#D3D3D3	7
3368	#FFFFFF	#D3D3D3	7
3369	#FFFFFF	#D3D3D3	4
3370	#FFFFFF	#D3D3D3	7
3371	#FFFFFF	#D3D3D3	7
3372	#FFFFFF	#D3D3D3	26
3373	#FFFFFF	#D3D3D3	26
3374	#FFFFFF	#D3D3D3	26
3375	#FFFFFF	#D3D3D3	7
3376	#FFFFFF	#D3D3D3	26
3377	#FFFFFF	#D3D3D3	26
3378	#FFFFFF	#D3D3D3	26
3379	#FFFFFF	#D3D3D3	4
3380	#FFFFFF	#D3D3D3	4
3381	#FFFFFF	#D3D3D3	4
3382	#FFFFFF	#D3D3D3	4
3383	#FFFFFF	#D3D3D3	7
3385	#FFFFFF	#D3D3D3	154
3386	#FFFFFF	#D3D3D3	84
3387	#FFFFFF	#D3D3D3	9
3389	#FFFFFF	#D3D3D3	84
3390	#FFFFFF	#D3D3D3	84
3391	#FFFFFF	#D3D3D3	154
3392	#FFFFFF	#D3D3D3	154
3393	#FFFFFF	#D3D3D3	185
3394	#FFFFFF	#D3D3D3	154
3395	#FFFFFF	#D3D3D3	185
3396	#FFFFFF	#D3D3D3	154
3397	#FFFFFF	#D3D3D3	154
3398	#FFFFFF	#D3D3D3	154
3399	#FFFFFF	#D3D3D3	185
3400	#FFFFFF	#D3D3D3	185
3401	#FFFFFF	#D3D3D3	4
3402	#FFFFFF	#D3D3D3	4
3403	#FFFFFF	#D3D3D3	4
3404	#FFFFFF	#D3D3D3	4
3405	#FFFFFF	#D3D3D3	4
3406	#FFFFFF	#D3D3D3	91
3407	#FFFFFF	#D3D3D3	91
3408	#FFFFFF	#D3D3D3	154
3409	#FFFFFF	#D3D3D3	91
3410	#FFFFFF	#D3D3D3	91
3411	#FFFFFF	#D3D3D3	91
3412	#FFFFFF	#D3D3D3	91
3413	#FFFFFF	#D3D3D3	91
3414	#FFFFFF	#D3D3D3	91
3415	#FFFFFF	#D3D3D3	4
3416	#FFFFFF	#D3D3D3	4
3417	#FFFFFF	#D3D3D3	4
3418	#FFFFFF	#D3D3D3	329
3419	#FFFFFF	#D3D3D3	84
3420	#FFFFFF	#D3D3D3	329
3421	#FFFFFF	#D3D3D3	329
3422	#FFFFFF	#D3D3D3	329
3423	#FFFFFF	#D3D3D3	4
3424	#FFFFFF	#D3D3D3	4
3425	#FFFFFF	#D3D3D3	4
3426	#FFFFFF	#D3D3D3	4
3427	#FFFFFF	#D3D3D3	462
3428	#FFFFFF	#D3D3D3	462
3430	#FFFFFF	#D3D3D3	84
3431	#FFFFFF	#D3D3D3	84
3432	#FFFFFF	#D3D3D3	168
3433	#FFFFFF	#D3D3D3	157
3435	#FFFFFF	#D3D3D3	84
3436	#FFFFFF	#D3D3D3	84
3437	#FFFFFF	#D3D3D3	84
3439	#FFFFFF	#D3D3D3	84
3440	#FFFFFF	#D3D3D3	84
3441	#FFFFFF	#D3D3D3	154
3442	#FFFFFF	#D3D3D3	154
3443	#FFFFFF	#D3D3D3	154
3444	#FFFFFF	#D3D3D3	185
3445	#FFFFFF	#D3D3D3	154
3446	#FFFFFF	#D3D3D3	185
3447	#FFFFFF	#D3D3D3	154
3448	#FFFFFF	#D3D3D3	154
3449	#FFFFFF	#D3D3D3	185
3450	#FFFFFF	#D3D3D3	185
3451	#FFFFFF	#D3D3D3	4
3452	#FFFFFF	#D3D3D3	4
3453	#FFFFFF	#D3D3D3	4
3454	#FFFFFF	#D3D3D3	4
3455	#FFFFFF	#D3D3D3	4
3456	#FFFFFF	#D3D3D3	91
3457	#FFFFFF	#D3D3D3	91
3458	#FFFFFF	#D3D3D3	91
3459	#FFFFFF	#D3D3D3	154
3460	#FFFFFF	#D3D3D3	91
3461	#FFFFFF	#D3D3D3	91
3462	#FFFFFF	#D3D3D3	91
3463	#FFFFFF	#D3D3D3	91
3464	#FFFFFF	#D3D3D3	91
3465	#FFFFFF	#D3D3D3	91
3466	#FFFFFF	#D3D3D3	4
3467	#FFFFFF	#D3D3D3	4
3468	#FFFFFF	#D3D3D3	4
3469	#FFFFFF	#D3D3D3	329
3470	#FFFFFF	#D3D3D3	84
3471	#FFFFFF	#D3D3D3	329
3472	#FFFFFF	#D3D3D3	329
3473	#FFFFFF	#D3D3D3	329
3474	#FFFFFF	#D3D3D3	4
3475	#FFFFFF	#D3D3D3	4
3476	#FFFFFF	#D3D3D3	4
3477	#FFFFFF	#D3D3D3	4
3478	#FFFFFF	#D3D3D3	462
3479	#FFFFFF	#D3D3D3	462
3480	#FFFFFF	#D3D3D3	84
3481	#FFFFFF	#D3D3D3	84
3486	#FFFFFF	#D3D3D3	138
3487	#FFFFFF	#D3D3D3	138
3488	#FFFFFF	#D3D3D3	7
3489	#FFFFFF	#D3D3D3	4
3490	#FFFFFF	#D3D3D3	7
3491	#FFFFFF	#D3D3D3	7
3492	#FFFFFF	#D3D3D3	7
3493	#FFFFFF	#D3D3D3	7
3494	#FFFFFF	#D3D3D3	7
3495	#FFFFFF	#D3D3D3	7
3496	#FFFFFF	#D3D3D3	7
3497	#FFFFFF	#D3D3D3	7
3498	#FFFFFF	#D3D3D3	4
3499	#FFFFFF	#D3D3D3	7
3500	#FFFFFF	#D3D3D3	7
3501	#FFFFFF	#D3D3D3	7
3502	#FFFFFF	#D3D3D3	77
3503	#FFFFFF	#D3D3D3	77
3504	#FFFFFF	#D3D3D3	77
3505	#FFFFFF	#D3D3D3	77
3506	#FFFFFF	#D3D3D3	77
3507	#FFFFFF	#D3D3D3	77
3508	#FFFFFF	#D3D3D3	77
3509	#FFFFFF	#D3D3D3	4
3510	#FFFFFF	#D3D3D3	7
3511	#FFFFFF	#D3D3D3	7
3512	#FFFFFF	#D3D3D3	7
3513	#FFFFFF	#D3D3D3	7
3514	#FFFFFF	#D3D3D3	7
3515	#FFFFFF	#D3D3D3	7
3516	#FFFFFF	#D3D3D3	7
3517	#FFFFFF	#D3D3D3	7
3518	#FFFFFF	#D3D3D3	7
3519	#FFFFFF	#D3D3D3	7
3520	#FFFFFF	#D3D3D3	4
3521	#FFFFFF	#D3D3D3	7
3522	#FFFFFF	#D3D3D3	7
3523	#FFFFFF	#D3D3D3	7
3524	#FFFFFF	#D3D3D3	26
3525	#FFFFFF	#D3D3D3	26
3526	#FFFFFF	#D3D3D3	26
3527	#FFFFFF	#D3D3D3	7
3528	#FFFFFF	#D3D3D3	26
3529	#FFFFFF	#D3D3D3	26
3531	#FFFFFF	#D3D3D3	4
3532	#FFFFFF	#D3D3D3	4
3533	#FFFFFF	#D3D3D3	4
3534	#FFFFFF	#D3D3D3	4
3535	#FFFFFF	#D3D3D3	4
3536	#FFFFFF	#D3D3D3	4
3537	#FFFFFF	#D3D3D3	4
3538	#FFFFFF	#D3D3D3	4
3539	#FFFFFF	#D3D3D3	7
3540	#FFFFFF	#D3D3D3	4
3541	#FFFFFF	#D3D3D3	7
3542	#FFFFFF	#D3D3D3	7
3543	#FFFFFF	#D3D3D3	7
3544	#FFFFFF	#D3D3D3	7
3545	#FFFFFF	#D3D3D3	7
3546	#FFFFFF	#D3D3D3	7
3547	#FFFFFF	#D3D3D3	7
3548	#FFFFFF	#D3D3D3	7
3549	#FFFFFF	#D3D3D3	4
3550	#FFFFFF	#D3D3D3	7
3551	#FFFFFF	#D3D3D3	7
3552	#FFFFFF	#D3D3D3	7
3553	#FFFFFF	#D3D3D3	7
3554	#FFFFFF	#D3D3D3	77
3555	#FFFFFF	#D3D3D3	77
3556	#FFFFFF	#D3D3D3	77
3557	#FFFFFF	#D3D3D3	77
3558	#FFFFFF	#D3D3D3	77
3559	#FFFFFF	#D3D3D3	77
3560	#FFFFFF	#D3D3D3	4
3561	#FFFFFF	#D3D3D3	7
3562	#FFFFFF	#D3D3D3	7
3563	#FFFFFF	#D3D3D3	7
3564	#FFFFFF	#D3D3D3	7
3565	#FFFFFF	#D3D3D3	7
3566	#FFFFFF	#D3D3D3	7
3567	#FFFFFF	#D3D3D3	7
3568	#FFFFFF	#D3D3D3	7
3569	#FFFFFF	#D3D3D3	7
3570	#FFFFFF	#D3D3D3	7
3571	#FFFFFF	#D3D3D3	4
3572	#FFFFFF	#D3D3D3	7
3573	#FFFFFF	#D3D3D3	7
3574	#FFFFFF	#D3D3D3	26
3575	#FFFFFF	#D3D3D3	7
3576	#FFFFFF	#D3D3D3	26
3577	#FFFFFF	#D3D3D3	7
3578	#FFFFFF	#D3D3D3	7
3579	#FFFFFF	#D3D3D3	26
3580	#FFFFFF	#D3D3D3	26
3581	#FFFFFF	#D3D3D3	4
3582	#FFFFFF	#D3D3D3	4
3583	#FFFFFF	#D3D3D3	4
3584	#FFFFFF	#D3D3D3	4
3585	#FFFFFF	#D3D3D3	4
3587	#FFFFFF	#D3D3D3	4
3588	#FFFFFF	#D3D3D3	4
3589	#FFFFFF	#D3D3D3	4
3590	#FFFFFF	#D3D3D3	4
3591	#FFFFFF	#D3D3D3	7
3592	#FFFFFF	#D3D3D3	7
3593	#FFFFFF	#D3D3D3	7
3594	#FFFFFF	#D3D3D3	7
3595	#FFFFFF	#D3D3D3	7
3596	#FFFFFF	#D3D3D3	7
3597	#FFFFFF	#D3D3D3	7
3598	#FFFFFF	#D3D3D3	7
3599	#FFFFFF	#D3D3D3	4
3600	#FFFFFF	#D3D3D3	7
3601	#FFFFFF	#D3D3D3	7
3602	#FFFFFF	#D3D3D3	7
3603	#FFFFFF	#D3D3D3	7
3604	#FFFFFF	#D3D3D3	77
3605	#FFFFFF	#D3D3D3	77
3606	#FFFFFF	#D3D3D3	77
3607	#FFFFFF	#D3D3D3	77
3608	#FFFFFF	#D3D3D3	77
3609	#FFFFFF	#D3D3D3	77
3610	#FFFFFF	#D3D3D3	4
3611	#FFFFFF	#D3D3D3	7
3612	#FFFFFF	#D3D3D3	7
3613	#FFFFFF	#D3D3D3	26
3614	#FFFFFF	#D3D3D3	7
3615	#FFFFFF	#D3D3D3	7
3616	#FFFFFF	#D3D3D3	7
3617	#FFFFFF	#D3D3D3	7
3618	#FFFFFF	#D3D3D3	26
3619	#FFFFFF	#D3D3D3	7
3620	#FFFFFF	#D3D3D3	7
3621	#FFFFFF	#D3D3D3	4
3622	#FFFFFF	#D3D3D3	7
3623	#FFFFFF	#D3D3D3	7
3624	#FFFFFF	#D3D3D3	7
3625	#FFFFFF	#D3D3D3	26
3626	#FFFFFF	#D3D3D3	7
3627	#FFFFFF	#D3D3D3	7
3628	#FFFFFF	#D3D3D3	7
3629	#FFFFFF	#D3D3D3	26
3630	#FFFFFF	#D3D3D3	26
3632	#FFFFFF	#D3D3D3	4
3633	#FFFFFF	#D3D3D3	4
3634	#FFFFFF	#D3D3D3	4
3635	#FFFFFF	#D3D3D3	4
3636	#FFFFFF	#D3D3D3	4
3637	#FFFFFF	#D3D3D3	4
3638	#FFFFFF	#D3D3D3	4
3639	#FFFFFF	#D3D3D3	4
3640	#FFFFFF	#D3D3D3	4
3641	#FFFFFF	#D3D3D3	4
3642	#FFFFFF	#D3D3D3	7
3643	#FFFFFF	#D3D3D3	7
3644	#FFFFFF	#D3D3D3	7
3645	#FFFFFF	#D3D3D3	7
3646	#FFFFFF	#D3D3D3	7
3647	#FFFFFF	#D3D3D3	7
3648	#FFFFFF	#D3D3D3	7
3649	#FFFFFF	#D3D3D3	7
3650	#FFFFFF	#D3D3D3	4
3651	#FFFFFF	#D3D3D3	7
3652	#FFFFFF	#D3D3D3	77
3653	#FFFFFF	#D3D3D3	7
3654	#FFFFFF	#D3D3D3	7
3655	#FFFFFF	#D3D3D3	77
3656	#FFFFFF	#D3D3D3	77
3657	#FFFFFF	#D3D3D3	77
3658	#FFFFFF	#D3D3D3	77
3659	#FFFFFF	#D3D3D3	77
3660	#FFFFFF	#D3D3D3	77
3661	#FFFFFF	#D3D3D3	4
3662	#FFFFFF	#D3D3D3	7
3663	#FFFFFF	#D3D3D3	7
3664	#FFFFFF	#D3D3D3	26
3665	#FFFFFF	#D3D3D3	7
3666	#FFFFFF	#D3D3D3	7
3667	#FFFFFF	#D3D3D3	7
3668	#FFFFFF	#D3D3D3	26
3669	#FFFFFF	#D3D3D3	26
3670	#FFFFFF	#D3D3D3	7
3671	#FFFFFF	#D3D3D3	7
3672	#FFFFFF	#D3D3D3	4
3673	#FFFFFF	#D3D3D3	7
3674	#FFFFFF	#D3D3D3	7
3675	#FFFFFF	#D3D3D3	26
3676	#FFFFFF	#D3D3D3	7
3677	#FFFFFF	#D3D3D3	7
3678	#FFFFFF	#D3D3D3	7
3679	#FFFFFF	#D3D3D3	26
3680	#FFFFFF	#D3D3D3	26
3681	#FFFFFF	#D3D3D3	26
3682	#FFFFFF	#D3D3D3	4
3683	#FFFFFF	#D3D3D3	4
3684	#FFFFFF	#D3D3D3	4
3685	#FFFFFF	#D3D3D3	4
3686	#FFFFFF	#D3D3D3	4
3688	#FFFFFF	#D3D3D3	4
3689	#FFFFFF	#D3D3D3	4
3690	#FFFFFF	#D3D3D3	4
3691	#FFFFFF	#D3D3D3	7
3692	#FFFFFF	#D3D3D3	7
3693	#FFFFFF	#D3D3D3	7
3694	#FFFFFF	#D3D3D3	7
3695	#FFFFFF	#D3D3D3	7
3696	#FFFFFF	#D3D3D3	7
3697	#FFFFFF	#D3D3D3	7
3698	#FFFFFF	#D3D3D3	7
3699	#FFFFFF	#D3D3D3	7
3700	#FFFFFF	#D3D3D3	4
3701	#FFFFFF	#D3D3D3	77
3702	#FFFFFF	#D3D3D3	7
3703	#FFFFFF	#D3D3D3	77
3704	#FFFFFF	#D3D3D3	7
3705	#FFFFFF	#D3D3D3	77
3706	#FFFFFF	#D3D3D3	77
3707	#FFFFFF	#D3D3D3	77
3708	#FFFFFF	#D3D3D3	77
3709	#FFFFFF	#D3D3D3	77
3710	#FFFFFF	#D3D3D3	7
3711	#FFFFFF	#D3D3D3	4
3712	#FFFFFF	#D3D3D3	7
3713	#FFFFFF	#D3D3D3	7
3714	#FFFFFF	#D3D3D3	26
3715	#FFFFFF	#D3D3D3	26
3716	#FFFFFF	#D3D3D3	26
3717	#FFFFFF	#D3D3D3	26
3718	#FFFFFF	#D3D3D3	7
3719	#FFFFFF	#D3D3D3	26
3720	#FFFFFF	#D3D3D3	7
3721	#FFFFFF	#D3D3D3	7
3722	#FFFFFF	#D3D3D3	4
3723	#FFFFFF	#D3D3D3	7
3724	#FFFFFF	#D3D3D3	7
3725	#FFFFFF	#D3D3D3	7
3726	#FFFFFF	#D3D3D3	7
3727	#FFFFFF	#D3D3D3	7
3728	#FFFFFF	#D3D3D3	26
3729	#FFFFFF	#D3D3D3	7
3730	#FFFFFF	#D3D3D3	26
3731	#FFFFFF	#D3D3D3	26
3733	#FFFFFF	#D3D3D3	4
3734	#FFFFFF	#D3D3D3	4
3735	#FFFFFF	#D3D3D3	4
3736	#FFFFFF	#D3D3D3	4
3737	#FFFFFF	#D3D3D3	4
3738	#FFFFFF	#D3D3D3	4
3739	#FFFFFF	#D3D3D3	4
3740	#FFFFFF	#D3D3D3	4
3741	#FFFFFF	#D3D3D3	4
3742	#FFFFFF	#D3D3D3	7
3743	#FFFFFF	#D3D3D3	7
3744	#FFFFFF	#D3D3D3	7
3745	#FFFFFF	#D3D3D3	7
3746	#FFFFFF	#D3D3D3	7
3747	#FFFFFF	#D3D3D3	7
3748	#FFFFFF	#D3D3D3	7
3749	#FFFFFF	#D3D3D3	7
3750	#FFFFFF	#D3D3D3	77
3751	#FFFFFF	#D3D3D3	4
3752	#FFFFFF	#D3D3D3	77
3753	#FFFFFF	#D3D3D3	7
3754	#FFFFFF	#D3D3D3	77
3755	#FFFFFF	#D3D3D3	77
3756	#FFFFFF	#D3D3D3	77
3757	#FFFFFF	#D3D3D3	77
3758	#FFFFFF	#D3D3D3	77
3759	#FFFFFF	#D3D3D3	77
3760	#FFFFFF	#D3D3D3	7
3761	#FFFFFF	#D3D3D3	7
3762	#FFFFFF	#D3D3D3	4
3763	#FFFFFF	#D3D3D3	7
3764	#FFFFFF	#D3D3D3	26
3765	#FFFFFF	#D3D3D3	26
3766	#FFFFFF	#D3D3D3	26
3767	#FFFFFF	#D3D3D3	26
3768	#FFFFFF	#D3D3D3	7
3769	#FFFFFF	#D3D3D3	26
3770	#FFFFFF	#D3D3D3	26
3771	#FFFFFF	#D3D3D3	7
3772	#FFFFFF	#D3D3D3	7
3773	#FFFFFF	#D3D3D3	4
3774	#FFFFFF	#D3D3D3	7
3775	#FFFFFF	#D3D3D3	7
3776	#FFFFFF	#D3D3D3	7
3777	#FFFFFF	#D3D3D3	7
3778	#FFFFFF	#D3D3D3	26
3779	#FFFFFF	#D3D3D3	26
3780	#FFFFFF	#D3D3D3	7
3781	#FFFFFF	#D3D3D3	26
3782	#FFFFFF	#D3D3D3	26
3783	#FFFFFF	#D3D3D3	4
3784	#FFFFFF	#D3D3D3	4
3785	#FFFFFF	#D3D3D3	4
3786	#FFFFFF	#D3D3D3	4
3787	#FFFFFF	#D3D3D3	4
3789	#FFFFFF	#D3D3D3	138
3790	#FFFFFF	#D3D3D3	4
3791	#FFFFFF	#D3D3D3	4
3792	#FFFFFF	#D3D3D3	7
3793	#FFFFFF	#D3D3D3	7
3794	#FFFFFF	#D3D3D3	7
3795	#FFFFFF	#D3D3D3	7
3796	#FFFFFF	#D3D3D3	7
3797	#FFFFFF	#D3D3D3	7
3798	#FFFFFF	#D3D3D3	7
3799	#FFFFFF	#D3D3D3	7
3800	#FFFFFF	#D3D3D3	77
3801	#FFFFFF	#D3D3D3	4
3802	#FFFFFF	#D3D3D3	77
3803	#FFFFFF	#D3D3D3	77
3804	#FFFFFF	#D3D3D3	7
3805	#FFFFFF	#D3D3D3	77
3806	#FFFFFF	#D3D3D3	77
3807	#FFFFFF	#D3D3D3	77
3808	#FFFFFF	#D3D3D3	77
3809	#FFFFFF	#D3D3D3	77
3810	#FFFFFF	#D3D3D3	77
3811	#FFFFFF	#D3D3D3	7
3812	#FFFFFF	#D3D3D3	4
3813	#FFFFFF	#D3D3D3	7
3814	#FFFFFF	#D3D3D3	7
3815	#FFFFFF	#D3D3D3	26
3816	#FFFFFF	#D3D3D3	26
3817	#FFFFFF	#D3D3D3	26
3818	#FFFFFF	#D3D3D3	26
3819	#FFFFFF	#D3D3D3	7
3820	#FFFFFF	#D3D3D3	26
3821	#FFFFFF	#D3D3D3	26
3822	#FFFFFF	#D3D3D3	7
3823	#FFFFFF	#D3D3D3	4
3824	#FFFFFF	#D3D3D3	7
3825	#FFFFFF	#D3D3D3	7
3826	#FFFFFF	#D3D3D3	7
3827	#FFFFFF	#D3D3D3	7
3828	#FFFFFF	#D3D3D3	26
3829	#FFFFFF	#D3D3D3	7
3830	#FFFFFF	#D3D3D3	7
3831	#FFFFFF	#D3D3D3	26
3832	#FFFFFF	#D3D3D3	26
3834	#FFFFFF	#D3D3D3	4
3835	#FFFFFF	#D3D3D3	4
3836	#FFFFFF	#D3D3D3	4
3837	#FFFFFF	#D3D3D3	4
3838	#FFFFFF	#D3D3D3	4
3839	#FFFFFF	#D3D3D3	138
3840	#FFFFFF	#D3D3D3	4
3841	#FFFFFF	#D3D3D3	4
3842	#FFFFFF	#D3D3D3	7
3843	#FFFFFF	#D3D3D3	7
3844	#FFFFFF	#D3D3D3	7
3845	#FFFFFF	#D3D3D3	7
3846	#FFFFFF	#D3D3D3	7
3847	#FFFFFF	#D3D3D3	7
3848	#FFFFFF	#D3D3D3	7
3849	#FFFFFF	#D3D3D3	7
3850	#FFFFFF	#D3D3D3	7
3851	#FFFFFF	#D3D3D3	77
3852	#FFFFFF	#D3D3D3	4
3853	#FFFFFF	#D3D3D3	77
3854	#FFFFFF	#D3D3D3	77
3855	#FFFFFF	#D3D3D3	7
3856	#FFFFFF	#D3D3D3	77
3857	#FFFFFF	#D3D3D3	77
3858	#FFFFFF	#D3D3D3	77
3859	#FFFFFF	#D3D3D3	77
3860	#FFFFFF	#D3D3D3	77
3861	#FFFFFF	#D3D3D3	7
3862	#FFFFFF	#D3D3D3	7
3863	#FFFFFF	#D3D3D3	4
3864	#FFFFFF	#D3D3D3	26
3865	#FFFFFF	#D3D3D3	26
3866	#FFFFFF	#D3D3D3	26
3867	#FFFFFF	#D3D3D3	26
3868	#FFFFFF	#D3D3D3	26
3869	#FFFFFF	#D3D3D3	7
3870	#FFFFFF	#D3D3D3	26
3871	#FFFFFF	#D3D3D3	7
3872	#FFFFFF	#D3D3D3	7
3873	#FFFFFF	#D3D3D3	7
3874	#FFFFFF	#D3D3D3	4
3875	#FFFFFF	#D3D3D3	7
3876	#FFFFFF	#D3D3D3	26
3877	#FFFFFF	#D3D3D3	26
3878	#FFFFFF	#D3D3D3	26
3879	#FFFFFF	#D3D3D3	7
3880	#FFFFFF	#D3D3D3	7
3881	#FFFFFF	#D3D3D3	7
3882	#FFFFFF	#D3D3D3	26
3883	#FFFFFF	#D3D3D3	120
3884	#FFFFFF	#D3D3D3	4
3885	#FFFFFF	#D3D3D3	4
3886	#FFFFFF	#D3D3D3	7
3887	#FFFFFF	#D3D3D3	4
3888	#FFFFFF	#D3D3D3	4
3890	#FFFFFF	#D3D3D3	4
3891	#FFFFFF	#D3D3D3	4
3892	#FFFFFF	#D3D3D3	4
3893	#FFFFFF	#D3D3D3	7
3894	#FFFFFF	#D3D3D3	7
3895	#FFFFFF	#D3D3D3	7
3896	#FFFFFF	#D3D3D3	7
3897	#FFFFFF	#D3D3D3	7
3898	#FFFFFF	#D3D3D3	7
3899	#FFFFFF	#D3D3D3	7
3900	#FFFFFF	#D3D3D3	7
3901	#FFFFFF	#D3D3D3	77
3902	#FFFFFF	#D3D3D3	4
3903	#FFFFFF	#D3D3D3	77
3904	#FFFFFF	#D3D3D3	77
3905	#FFFFFF	#D3D3D3	77
3906	#FFFFFF	#D3D3D3	77
3907	#FFFFFF	#D3D3D3	77
3908	#FFFFFF	#D3D3D3	77
3909	#FFFFFF	#D3D3D3	77
3910	#FFFFFF	#D3D3D3	77
3911	#FFFFFF	#D3D3D3	77
3912	#FFFFFF	#D3D3D3	77
3913	#FFFFFF	#D3D3D3	4
3914	#FFFFFF	#D3D3D3	7
3915	#FFFFFF	#D3D3D3	26
3916	#FFFFFF	#D3D3D3	26
3917	#FFFFFF	#D3D3D3	26
3918	#FFFFFF	#D3D3D3	26
3919	#FFFFFF	#D3D3D3	7
3920	#FFFFFF	#D3D3D3	26
3921	#FFFFFF	#D3D3D3	7
3922	#FFFFFF	#D3D3D3	7
3923	#FFFFFF	#D3D3D3	7
3924	#FFFFFF	#D3D3D3	4
3925	#FFFFFF	#D3D3D3	7
3926	#FFFFFF	#D3D3D3	7
3927	#FFFFFF	#D3D3D3	26
3928	#FFFFFF	#D3D3D3	26
3929	#FFFFFF	#D3D3D3	7
3930	#FFFFFF	#D3D3D3	7
3931	#FFFFFF	#D3D3D3	7
3932	#FFFFFF	#D3D3D3	26
3933	#FFFFFF	#D3D3D3	26
3935	#FFFFFF	#D3D3D3	4
3936	#FFFFFF	#D3D3D3	4
3937	#FFFFFF	#D3D3D3	7
3938	#FFFFFF	#D3D3D3	4
3939	#FFFFFF	#D3D3D3	4
3940	#FFFFFF	#D3D3D3	138
3941	#FFFFFF	#D3D3D3	4
3942	#FFFFFF	#D3D3D3	4
3943	#FFFFFF	#D3D3D3	4
3944	#FFFFFF	#D3D3D3	7
3945	#FFFFFF	#D3D3D3	7
3946	#FFFFFF	#D3D3D3	7
3947	#FFFFFF	#D3D3D3	7
3948	#FFFFFF	#D3D3D3	7
3949	#FFFFFF	#D3D3D3	7
3950	#FFFFFF	#D3D3D3	7
3951	#FFFFFF	#D3D3D3	77
3952	#FFFFFF	#D3D3D3	77
3953	#FFFFFF	#D3D3D3	4
3954	#FFFFFF	#D3D3D3	77
3955	#FFFFFF	#D3D3D3	77
3956	#FFFFFF	#D3D3D3	77
3957	#FFFFFF	#D3D3D3	77
3958	#FFFFFF	#D3D3D3	77
3959	#FFFFFF	#D3D3D3	77
3960	#FFFFFF	#D3D3D3	77
3961	#FFFFFF	#D3D3D3	77
3962	#FFFFFF	#D3D3D3	77
3963	#FFFFFF	#D3D3D3	7
3964	#FFFFFF	#D3D3D3	4
3965	#FFFFFF	#D3D3D3	7
3966	#FFFFFF	#D3D3D3	26
3967	#FFFFFF	#D3D3D3	26
3968	#FFFFFF	#D3D3D3	26
3969	#FFFFFF	#D3D3D3	26
3970	#FFFFFF	#D3D3D3	26
3971	#FFFFFF	#D3D3D3	26
3972	#FFFFFF	#D3D3D3	7
3973	#FFFFFF	#D3D3D3	7
3974	#FFFFFF	#D3D3D3	7
3975	#FFFFFF	#D3D3D3	4
3976	#FFFFFF	#D3D3D3	7
3977	#FFFFFF	#D3D3D3	26
3978	#FFFFFF	#D3D3D3	26
3979	#FFFFFF	#D3D3D3	7
3980	#FFFFFF	#D3D3D3	7
3981	#FFFFFF	#D3D3D3	7
3982	#FFFFFF	#D3D3D3	7
3983	#FFFFFF	#D3D3D3	26
3984	#FFFFFF	#D3D3D3	120
3985	#FFFFFF	#D3D3D3	4
3986	#FFFFFF	#D3D3D3	4
3987	#FFFFFF	#D3D3D3	7
3988	#FFFFFF	#D3D3D3	4
3989	#FFFFFF	#D3D3D3	4
4042	#FFFFFF	#D3D3D3	84
4043	#FFFFFF	#D3D3D3	84
4044	#FFFFFF	#D3D3D3	380
4045	#FFFFFF	#D3D3D3	84
4046	#FFFFFF	#D3D3D3	84
4047	#FFFFFF	#D3D3D3	84
4048	#FFFFFF	#D3D3D3	154
4049	#FFFFFF	#D3D3D3	154
4050	#FFFFFF	#D3D3D3	154
4051	#FFFFFF	#D3D3D3	154
4052	#FFFFFF	#D3D3D3	154
4053	#FFFFFF	#D3D3D3	185
4054	#FFFFFF	#D3D3D3	154
4055	#FFFFFF	#D3D3D3	185
4056	#FFFFFF	#D3D3D3	185
4057	#FFFFFF	#D3D3D3	4
4058	#FFFFFF	#D3D3D3	4
4059	#FFFFFF	#D3D3D3	4
4060	#FFFFFF	#D3D3D3	4
4061	#FFFFFF	#D3D3D3	4
4062	#FFFFFF	#D3D3D3	4
4063	#FFFFFF	#D3D3D3	91
4064	#FFFFFF	#D3D3D3	4
4065	#FFFFFF	#D3D3D3	154
4066	#FFFFFF	#D3D3D3	91
4067	#FFFFFF	#D3D3D3	91
4068	#FFFFFF	#D3D3D3	91
4069	#FFFFFF	#D3D3D3	91
4070	#FFFFFF	#D3D3D3	91
4071	#FFFFFF	#D3D3D3	91
4072	#FFFFFF	#D3D3D3	91
4073	#FFFFFF	#D3D3D3	4
4074	#FFFFFF	#D3D3D3	329
4075	#FFFFFF	#D3D3D3	4
4076	#FFFFFF	#D3D3D3	84
4077	#FFFFFF	#D3D3D3	329
4078	#FFFFFF	#D3D3D3	329
4079	#FFFFFF	#D3D3D3	329
4080	#FFFFFF	#D3D3D3	329
4081	#FFFFFF	#D3D3D3	4
4082	#FFFFFF	#D3D3D3	4
4083	#FFFFFF	#D3D3D3	4
4084	#FFFFFF	#D3D3D3	4
4085	#FFFFFF	#D3D3D3	462
4087	#FFFFFF	#D3D3D3	84
4088	#FFFFFF	#D3D3D3	427
4092	#FFFFFF	#D3D3D3	84
4093	#FFFFFF	#D3D3D3	84
4094	#FFFFFF	#D3D3D3	84
4095	#FFFFFF	#D3D3D3	84
4096	#FFFFFF	#D3D3D3	154
4097	#FFFFFF	#D3D3D3	154
4098	#FFFFFF	#D3D3D3	154
4099	#FFFFFF	#D3D3D3	154
4100	#FFFFFF	#D3D3D3	154
4101	#FFFFFF	#D3D3D3	154
4102	#FFFFFF	#D3D3D3	154
4103	#FFFFFF	#D3D3D3	154
4104	#FFFFFF	#D3D3D3	185
4105	#FFFFFF	#D3D3D3	154
4106	#FFFFFF	#D3D3D3	185
4107	#FFFFFF	#D3D3D3	4
4108	#FFFFFF	#D3D3D3	4
4109	#FFFFFF	#D3D3D3	4
4110	#FFFFFF	#D3D3D3	4
4111	#FFFFFF	#D3D3D3	4
4112	#FFFFFF	#D3D3D3	4
4113	#FFFFFF	#D3D3D3	91
4114	#FFFFFF	#D3D3D3	4
4115	#FFFFFF	#D3D3D3	91
4116	#FFFFFF	#D3D3D3	84
4117	#FFFFFF	#D3D3D3	91
4118	#FFFFFF	#D3D3D3	91
4119	#FFFFFF	#D3D3D3	91
4120	#FFFFFF	#D3D3D3	91
4121	#FFFFFF	#D3D3D3	91
4122	#FFFFFF	#D3D3D3	91
4123	#FFFFFF	#D3D3D3	91
4124	#FFFFFF	#D3D3D3	4
4125	#FFFFFF	#D3D3D3	329
4126	#FFFFFF	#D3D3D3	329
4127	#FFFFFF	#D3D3D3	84
4128	#FFFFFF	#D3D3D3	329
4129	#FFFFFF	#D3D3D3	4
4130	#FFFFFF	#D3D3D3	329
4131	#FFFFFF	#D3D3D3	329
4132	#FFFFFF	#D3D3D3	4
4133	#FFFFFF	#D3D3D3	4
4134	#FFFFFF	#D3D3D3	4
4135	#FFFFFF	#D3D3D3	4
4136	#FFFFFF	#D3D3D3	4
4137	#FFFFFF	#D3D3D3	84
4143	#FFFFFF	#D3D3D3	84
4144	#FFFFFF	#D3D3D3	84
4145	#FFFFFF	#D3D3D3	84
4146	#FFFFFF	#D3D3D3	84
4147	#FFFFFF	#D3D3D3	154
4148	#FFFFFF	#D3D3D3	154
4149	#FFFFFF	#D3D3D3	154
4150	#FFFFFF	#D3D3D3	154
4151	#FFFFFF	#D3D3D3	154
4152	#FFFFFF	#D3D3D3	154
4153	#FFFFFF	#D3D3D3	154
4154	#FFFFFF	#D3D3D3	185
4155	#FFFFFF	#D3D3D3	84
4156	#FFFFFF	#D3D3D3	185
4157	#FFFFFF	#D3D3D3	185
4158	#FFFFFF	#D3D3D3	4
4159	#FFFFFF	#D3D3D3	4
4160	#FFFFFF	#D3D3D3	4
4161	#FFFFFF	#D3D3D3	4
4162	#FFFFFF	#D3D3D3	4
4163	#FFFFFF	#D3D3D3	91
4164	#FFFFFF	#D3D3D3	4
4165	#FFFFFF	#D3D3D3	91
4166	#FFFFFF	#D3D3D3	154
4167	#FFFFFF	#D3D3D3	91
4168	#FFFFFF	#D3D3D3	91
4169	#FFFFFF	#D3D3D3	91
4170	#FFFFFF	#D3D3D3	91
4171	#FFFFFF	#D3D3D3	91
4172	#FFFFFF	#D3D3D3	91
4173	#FFFFFF	#D3D3D3	91
4174	#FFFFFF	#D3D3D3	4
4175	#FFFFFF	#D3D3D3	4
4176	#FFFFFF	#D3D3D3	329
4177	#FFFFFF	#D3D3D3	84
4178	#FFFFFF	#D3D3D3	329
4179	#FFFFFF	#D3D3D3	4
4180	#FFFFFF	#D3D3D3	4
4181	#FFFFFF	#D3D3D3	4
4182	#FFFFFF	#D3D3D3	4
4183	#FFFFFF	#D3D3D3	4
4184	#FFFFFF	#D3D3D3	4
4185	#FFFFFF	#D3D3D3	4
4186	#FFFFFF	#D3D3D3	4
4188	#FFFFFF	#D3D3D3	84
4193	#FFFFFF	#D3D3D3	84
4194	#FFFFFF	#D3D3D3	84
4195	#FFFFFF	#D3D3D3	84
4196	#FFFFFF	#D3D3D3	84
4197	#FFFFFF	#D3D3D3	154
4198	#FFFFFF	#D3D3D3	84
4199	#FFFFFF	#D3D3D3	154
4200	#FFFFFF	#D3D3D3	154
4201	#FFFFFF	#D3D3D3	154
4202	#FFFFFF	#D3D3D3	154
4203	#FFFFFF	#D3D3D3	154
4204	#FFFFFF	#D3D3D3	185
4205	#FFFFFF	#D3D3D3	185
4206	#FFFFFF	#D3D3D3	84
4207	#FFFFFF	#D3D3D3	185
4208	#FFFFFF	#D3D3D3	4
4209	#FFFFFF	#D3D3D3	4
4210	#FFFFFF	#D3D3D3	4
4211	#FFFFFF	#D3D3D3	4
4212	#FFFFFF	#D3D3D3	4
4213	#FFFFFF	#D3D3D3	4
4214	#FFFFFF	#D3D3D3	4
4215	#FFFFFF	#D3D3D3	4
4216	#FFFFFF	#D3D3D3	91
4217	#FFFFFF	#D3D3D3	84
4218	#FFFFFF	#D3D3D3	91
4219	#FFFFFF	#D3D3D3	91
4220	#FFFFFF	#D3D3D3	91
4221	#FFFFFF	#D3D3D3	91
4222	#FFFFFF	#D3D3D3	91
4223	#FFFFFF	#D3D3D3	91
4224	#FFFFFF	#D3D3D3	4
4225	#FFFFFF	#D3D3D3	4
4226	#FFFFFF	#D3D3D3	4
4227	#FFFFFF	#D3D3D3	329
4228	#FFFFFF	#D3D3D3	84
4229	#FFFFFF	#D3D3D3	329
4230	#FFFFFF	#D3D3D3	4
4231	#FFFFFF	#D3D3D3	4
4232	#FFFFFF	#D3D3D3	4
4233	#FFFFFF	#D3D3D3	4
4234	#FFFFFF	#D3D3D3	4
4235	#FFFFFF	#D3D3D3	4
4236	#FFFFFF	#D3D3D3	4
4237	#FFFFFF	#D3D3D3	4
4242	#FFFFFF	#D3D3D3	84
4244	#FFFFFF	#D3D3D3	84
4245	#FFFFFF	#D3D3D3	84
4246	#FFFFFF	#D3D3D3	84
4247	#FFFFFF	#D3D3D3	84
4248	#FFFFFF	#D3D3D3	84
4249	#FFFFFF	#D3D3D3	154
4250	#FFFFFF	#D3D3D3	154
4251	#FFFFFF	#D3D3D3	154
4252	#FFFFFF	#D3D3D3	154
4253	#FFFFFF	#D3D3D3	185
4254	#FFFFFF	#D3D3D3	185
4255	#FFFFFF	#D3D3D3	154
4256	#FFFFFF	#D3D3D3	84
4257	#FFFFFF	#D3D3D3	185
4258	#FFFFFF	#D3D3D3	4
4259	#FFFFFF	#D3D3D3	4
4260	#FFFFFF	#D3D3D3	4
4261	#FFFFFF	#D3D3D3	4
4262	#FFFFFF	#D3D3D3	4
4263	#FFFFFF	#D3D3D3	4
4264	#FFFFFF	#D3D3D3	4
4265	#FFFFFF	#D3D3D3	4
4266	#FFFFFF	#D3D3D3	91
4267	#FFFFFF	#D3D3D3	84
4268	#FFFFFF	#D3D3D3	91
4269	#FFFFFF	#D3D3D3	91
4270	#FFFFFF	#D3D3D3	91
4271	#FFFFFF	#D3D3D3	91
4272	#FFFFFF	#D3D3D3	91
4273	#FFFFFF	#D3D3D3	91
4274	#FFFFFF	#D3D3D3	4
4275	#FFFFFF	#D3D3D3	4
4276	#FFFFFF	#D3D3D3	4
4277	#FFFFFF	#D3D3D3	329
4278	#FFFFFF	#D3D3D3	84
4279	#FFFFFF	#D3D3D3	329
4280	#FFFFFF	#D3D3D3	4
4281	#FFFFFF	#D3D3D3	4
4282	#FFFFFF	#D3D3D3	4
4283	#FFFFFF	#D3D3D3	4
4284	#FFFFFF	#D3D3D3	4
4285	#FFFFFF	#D3D3D3	4
4286	#FFFFFF	#D3D3D3	4
4287	#FFFFFF	#D3D3D3	4
4293	#FFFFFF	#D3D3D3	84
4294	#FFFFFF	#D3D3D3	4
4295	#FFFFFF	#D3D3D3	84
4296	#FFFFFF	#D3D3D3	4
4297	#FFFFFF	#D3D3D3	84
4298	#FFFFFF	#D3D3D3	84
4299	#FFFFFF	#D3D3D3	154
4300	#FFFFFF	#D3D3D3	154
4301	#FFFFFF	#D3D3D3	154
4302	#FFFFFF	#D3D3D3	154
4303	#FFFFFF	#D3D3D3	154
4304	#FFFFFF	#D3D3D3	185
4305	#FFFFFF	#D3D3D3	154
4306	#FFFFFF	#D3D3D3	185
4307	#FFFFFF	#D3D3D3	84
4308	#FFFFFF	#D3D3D3	185
4309	#FFFFFF	#D3D3D3	4
4310	#FFFFFF	#D3D3D3	4
4311	#FFFFFF	#D3D3D3	4
4312	#FFFFFF	#D3D3D3	91
4313	#FFFFFF	#D3D3D3	4
4314	#FFFFFF	#D3D3D3	91
4315	#FFFFFF	#D3D3D3	4
4316	#FFFFFF	#D3D3D3	91
4317	#FFFFFF	#D3D3D3	91
4318	#FFFFFF	#D3D3D3	84
4319	#FFFFFF	#D3D3D3	91
4320	#FFFFFF	#D3D3D3	91
4321	#FFFFFF	#D3D3D3	91
4322	#FFFFFF	#D3D3D3	91
4323	#FFFFFF	#D3D3D3	4
4324	#FFFFFF	#D3D3D3	91
4325	#FFFFFF	#D3D3D3	4
4326	#FFFFFF	#D3D3D3	4
4327	#FFFFFF	#D3D3D3	4
4328	#FFFFFF	#D3D3D3	329
4330	#FFFFFF	#D3D3D3	4
4331	#FFFFFF	#D3D3D3	4
4332	#FFFFFF	#D3D3D3	4
4333	#FFFFFF	#D3D3D3	4
4334	#FFFFFF	#D3D3D3	4
4335	#FFFFFF	#D3D3D3	4
4336	#FFFFFF	#D3D3D3	4
4337	#FFFFFF	#D3D3D3	4
4338	#FFFFFF	#D3D3D3	4
4342	#FFFFFF	#D3D3D3	84
4343	#FFFFFF	#D3D3D3	84
4345	#FFFFFF	#D3D3D3	84
4346	#FFFFFF	#D3D3D3	4
4347	#FFFFFF	#D3D3D3	154
4348	#FFFFFF	#D3D3D3	84
4349	#FFFFFF	#D3D3D3	84
4350	#FFFFFF	#D3D3D3	154
4351	#FFFFFF	#D3D3D3	154
4352	#FFFFFF	#D3D3D3	154
4353	#FFFFFF	#D3D3D3	154
4354	#FFFFFF	#D3D3D3	154
4355	#FFFFFF	#D3D3D3	154
4356	#FFFFFF	#D3D3D3	185
4357	#FFFFFF	#D3D3D3	84
4358	#FFFFFF	#D3D3D3	185
4359	#FFFFFF	#D3D3D3	4
4360	#FFFFFF	#D3D3D3	4
4361	#FFFFFF	#D3D3D3	91
4362	#FFFFFF	#D3D3D3	4
4363	#FFFFFF	#D3D3D3	91
4364	#FFFFFF	#D3D3D3	91
4365	#FFFFFF	#D3D3D3	91
4366	#FFFFFF	#D3D3D3	91
4367	#FFFFFF	#D3D3D3	91
4368	#FFFFFF	#D3D3D3	394
4369	#FFFFFF	#D3D3D3	91
4370	#FFFFFF	#D3D3D3	91
4371	#FFFFFF	#D3D3D3	91
4372	#FFFFFF	#D3D3D3	91
4373	#FFFFFF	#D3D3D3	91
4374	#FFFFFF	#D3D3D3	4
4375	#FFFFFF	#D3D3D3	4
4376	#FFFFFF	#D3D3D3	4
4377	#FFFFFF	#D3D3D3	4
4378	#FFFFFF	#D3D3D3	4
4380	#FFFFFF	#D3D3D3	4
4381	#FFFFFF	#D3D3D3	4
4382	#FFFFFF	#D3D3D3	4
4383	#FFFFFF	#D3D3D3	4
4384	#FFFFFF	#D3D3D3	4
4385	#FFFFFF	#D3D3D3	4
4386	#FFFFFF	#D3D3D3	4
4387	#FFFFFF	#D3D3D3	4
4388	#FFFFFF	#D3D3D3	4
4393	#FFFFFF	#D3D3D3	84
4394	#FFFFFF	#D3D3D3	84
4395	#FFFFFF	#D3D3D3	4
4396	#FFFFFF	#D3D3D3	84
4397	#FFFFFF	#D3D3D3	4
4398	#FFFFFF	#D3D3D3	154
4399	#FFFFFF	#D3D3D3	154
4400	#FFFFFF	#D3D3D3	154
4401	#FFFFFF	#D3D3D3	155
4402	#FFFFFF	#D3D3D3	154
4403	#FFFFFF	#D3D3D3	154
4404	#FFFFFF	#D3D3D3	154
4405	#FFFFFF	#D3D3D3	154
4406	#FFFFFF	#D3D3D3	154
4407	#FFFFFF	#D3D3D3	185
4408	#FFFFFF	#D3D3D3	4
4409	#FFFFFF	#D3D3D3	185
4410	#FFFFFF	#D3D3D3	4
4411	#FFFFFF	#D3D3D3	91
4412	#FFFFFF	#D3D3D3	4
4413	#FFFFFF	#D3D3D3	91
4414	#FFFFFF	#D3D3D3	91
4415	#FFFFFF	#D3D3D3	91
4416	#FFFFFF	#D3D3D3	91
4417	#FFFFFF	#D3D3D3	91
4418	#FFFFFF	#D3D3D3	91
4419	#FFFFFF	#D3D3D3	394
4420	#FFFFFF	#D3D3D3	91
4421	#FFFFFF	#D3D3D3	91
4422	#FFFFFF	#D3D3D3	91
4423	#FFFFFF	#D3D3D3	91
4424	#FFFFFF	#D3D3D3	4
4425	#FFFFFF	#D3D3D3	4
4426	#FFFFFF	#D3D3D3	4
4427	#FFFFFF	#D3D3D3	4
4428	#FFFFFF	#D3D3D3	4
4429	#FFFFFF	#D3D3D3	4
4431	#FFFFFF	#D3D3D3	4
4432	#FFFFFF	#D3D3D3	4
4433	#FFFFFF	#D3D3D3	4
4434	#FFFFFF	#D3D3D3	4
4435	#FFFFFF	#D3D3D3	4
4436	#FFFFFF	#D3D3D3	4
4437	#FFFFFF	#D3D3D3	4
4438	#FFFFFF	#D3D3D3	4
4439	#FFFFFF	#D3D3D3	4
4440	#FFFFFF	#D3D3D3	364
4442	#FFFFFF	#D3D3D3	84
4443	#FFFFFF	#D3D3D3	84
4444	#FFFFFF	#D3D3D3	84
4446	#FFFFFF	#D3D3D3	4
4447	#FFFFFF	#D3D3D3	4
4448	#FFFFFF	#D3D3D3	154
4449	#FFFFFF	#D3D3D3	154
4450	#FFFFFF	#D3D3D3	154
4451	#FFFFFF	#D3D3D3	155
4452	#FFFFFF	#D3D3D3	155
4453	#FFFFFF	#D3D3D3	154
4454	#FFFFFF	#D3D3D3	154
4455	#FFFFFF	#D3D3D3	154
4456	#FFFFFF	#D3D3D3	185
4457	#FFFFFF	#D3D3D3	154
4458	#FFFFFF	#D3D3D3	4
4459	#FFFFFF	#D3D3D3	185
4460	#FFFFFF	#D3D3D3	4
4461	#FFFFFF	#D3D3D3	4
4462	#FFFFFF	#D3D3D3	91
4463	#FFFFFF	#D3D3D3	91
4464	#FFFFFF	#D3D3D3	91
4465	#FFFFFF	#D3D3D3	91
4466	#FFFFFF	#D3D3D3	91
4467	#FFFFFF	#D3D3D3	91
4468	#FFFFFF	#D3D3D3	91
4470	#FFFFFF	#D3D3D3	91
4471	#FFFFFF	#D3D3D3	91
4472	#FFFFFF	#D3D3D3	91
4473	#FFFFFF	#D3D3D3	4
4474	#FFFFFF	#D3D3D3	4
4475	#FFFFFF	#D3D3D3	4
4476	#FFFFFF	#D3D3D3	4
4477	#FFFFFF	#D3D3D3	4
4478	#FFFFFF	#D3D3D3	4
4479	#FFFFFF	#D3D3D3	4
4481	#FFFFFF	#D3D3D3	4
4482	#FFFFFF	#D3D3D3	4
4483	#FFFFFF	#D3D3D3	4
4484	#FFFFFF	#D3D3D3	4
4485	#FFFFFF	#D3D3D3	4
4486	#FFFFFF	#D3D3D3	4
4487	#FFFFFF	#D3D3D3	4
4488	#FFFFFF	#D3D3D3	4
4489	#FFFFFF	#D3D3D3	4
4493	#FFFFFF	#D3D3D3	84
4494	#FFFFFF	#D3D3D3	84
4495	#FFFFFF	#D3D3D3	154
4496	#FFFFFF	#D3D3D3	4
4497	#FFFFFF	#D3D3D3	4
4498	#FFFFFF	#D3D3D3	4
4499	#FFFFFF	#D3D3D3	154
4500	#FFFFFF	#D3D3D3	154
4501	#FFFFFF	#D3D3D3	154
4502	#FFFFFF	#D3D3D3	155
4503	#FFFFFF	#D3D3D3	155
4504	#FFFFFF	#D3D3D3	154
4505	#FFFFFF	#D3D3D3	154
4506	#FFFFFF	#D3D3D3	154
4507	#FFFFFF	#D3D3D3	185
4508	#FFFFFF	#D3D3D3	185
4510	#FFFFFF	#D3D3D3	4
4511	#FFFFFF	#D3D3D3	4
4512	#FFFFFF	#D3D3D3	4
4513	#FFFFFF	#D3D3D3	91
4514	#FFFFFF	#D3D3D3	91
4515	#FFFFFF	#D3D3D3	91
4516	#FFFFFF	#D3D3D3	91
4517	#FFFFFF	#D3D3D3	91
4518	#FFFFFF	#D3D3D3	91
4519	#FFFFFF	#D3D3D3	91
4521	#FFFFFF	#D3D3D3	91
4522	#FFFFFF	#D3D3D3	91
4523	#FFFFFF	#D3D3D3	91
4524	#FFFFFF	#D3D3D3	4
4525	#FFFFFF	#D3D3D3	4
4526	#FFFFFF	#D3D3D3	4
4527	#FFFFFF	#D3D3D3	4
4528	#FFFFFF	#D3D3D3	4
4529	#FFFFFF	#D3D3D3	4
4530	#FFFFFF	#D3D3D3	4
4532	#FFFFFF	#D3D3D3	4
4533	#FFFFFF	#D3D3D3	4
4534	#FFFFFF	#D3D3D3	4
4535	#FFFFFF	#D3D3D3	4
4536	#FFFFFF	#D3D3D3	4
4537	#FFFFFF	#D3D3D3	4
4538	#FFFFFF	#D3D3D3	4
4539	#FFFFFF	#D3D3D3	4
4540	#FFFFFF	#D3D3D3	4
4541	#FFFFFF	#D3D3D3	260
4542	#FFFFFF	#D3D3D3	84
4543	#FFFFFF	#D3D3D3	84
4544	#FFFFFF	#D3D3D3	154
4545	#FFFFFF	#D3D3D3	154
4547	#FFFFFF	#D3D3D3	154
4548	#FFFFFF	#D3D3D3	154
4549	#FFFFFF	#D3D3D3	84
4550	#FFFFFF	#D3D3D3	84
4551	#FFFFFF	#D3D3D3	143
4555	#FFFFFF	#D3D3D3	185
4556	#FFFFFF	#D3D3D3	185
4557	#FFFFFF	#D3D3D3	185
4558	#FFFFFF	#D3D3D3	185
4559	#FFFFFF	#D3D3D3	154
4560	#FFFFFF	#D3D3D3	185
4561	#FFFFFF	#D3D3D3	185
4562	#FFFFFF	#D3D3D3	185
4563	#FFFFFF	#D3D3D3	185
4564	#FFFFFF	#D3D3D3	185
4565	#FFFFFF	#D3D3D3	4
4566	#FFFFFF	#D3D3D3	4
4567	#FFFFFF	#D3D3D3	4
4568	#FFFFFF	#D3D3D3	4
4569	#FFFFFF	#D3D3D3	4
4570	#FFFFFF	#D3D3D3	154
4571	#FFFFFF	#D3D3D3	91
4572	#FFFFFF	#D3D3D3	91
4573	#FFFFFF	#D3D3D3	4
4574	#FFFFFF	#D3D3D3	4
4575	#FFFFFF	#D3D3D3	91
4576	#FFFFFF	#D3D3D3	91
4577	#FFFFFF	#D3D3D3	91
4578	#FFFFFF	#D3D3D3	4
4579	#FFFFFF	#D3D3D3	4
4580	#FFFFFF	#D3D3D3	4
4581	#FFFFFF	#D3D3D3	154
4582	#FFFFFF	#D3D3D3	4
4583	#FFFFFF	#D3D3D3	4
4584	#FFFFFF	#D3D3D3	462
4585	#FFFFFF	#D3D3D3	462
4586	#FFFFFF	#D3D3D3	462
4587	#FFFFFF	#D3D3D3	462
4588	#FFFFFF	#D3D3D3	462
4589	#FFFFFF	#D3D3D3	462
4590	#FFFFFF	#D3D3D3	462
4592	#FFFFFF	#D3D3D3	154
4593	#FFFFFF	#D3D3D3	84
4594	#FFFFFF	#D3D3D3	84
4595	#FFFFFF	#D3D3D3	84
4596	#FFFFFF	#D3D3D3	84
4597	#FFFFFF	#D3D3D3	154
4598	#FFFFFF	#D3D3D3	154
4599	#FFFFFF	#D3D3D3	154
4600	#FFFFFF	#D3D3D3	84
4601	#FFFFFF	#D3D3D3	84
4602	#FFFFFF	#D3D3D3	143
4606	#FFFFFF	#D3D3D3	185
4607	#FFFFFF	#D3D3D3	185
4608	#FFFFFF	#D3D3D3	185
4609	#FFFFFF	#D3D3D3	185
4610	#FFFFFF	#D3D3D3	154
4611	#FFFFFF	#D3D3D3	185
4612	#FFFFFF	#D3D3D3	185
4613	#FFFFFF	#D3D3D3	185
4614	#FFFFFF	#D3D3D3	185
4615	#FFFFFF	#D3D3D3	4
4616	#FFFFFF	#D3D3D3	4
4617	#FFFFFF	#D3D3D3	4
4618	#FFFFFF	#D3D3D3	4
4619	#FFFFFF	#D3D3D3	4
4620	#FFFFFF	#D3D3D3	4
4621	#FFFFFF	#D3D3D3	154
4622	#FFFFFF	#D3D3D3	91
4623	#FFFFFF	#D3D3D3	4
4624	#FFFFFF	#D3D3D3	4
4625	#FFFFFF	#D3D3D3	4
4626	#FFFFFF	#D3D3D3	91
4627	#FFFFFF	#D3D3D3	91
4628	#FFFFFF	#D3D3D3	91
4629	#FFFFFF	#D3D3D3	91
4630	#FFFFFF	#D3D3D3	91
4631	#FFFFFF	#D3D3D3	91
4632	#FFFFFF	#D3D3D3	154
4633	#FFFFFF	#D3D3D3	4
4634	#FFFFFF	#D3D3D3	462
4635	#FFFFFF	#D3D3D3	4
4636	#FFFFFF	#D3D3D3	462
4637	#FFFFFF	#D3D3D3	462
4638	#FFFFFF	#D3D3D3	462
4639	#FFFFFF	#D3D3D3	462
4640	#FFFFFF	#D3D3D3	4
4641	#FFFFFF	#D3D3D3	462
4642	#FFFFFF	#D3D3D3	154
4643	#FFFFFF	#D3D3D3	84
4644	#FFFFFF	#D3D3D3	84
4645	#FFFFFF	#D3D3D3	154
4646	#FFFFFF	#D3D3D3	154
4648	#FFFFFF	#D3D3D3	154
4649	#FFFFFF	#D3D3D3	154
4650	#FFFFFF	#D3D3D3	154
4651	#FFFFFF	#D3D3D3	84
4652	#FFFFFF	#D3D3D3	84
4657	#FFFFFF	#D3D3D3	185
4658	#FFFFFF	#D3D3D3	185
4659	#FFFFFF	#D3D3D3	185
4660	#FFFFFF	#D3D3D3	154
4661	#FFFFFF	#D3D3D3	185
4662	#FFFFFF	#D3D3D3	185
4663	#FFFFFF	#D3D3D3	185
4664	#FFFFFF	#D3D3D3	4
4665	#FFFFFF	#D3D3D3	4
4666	#FFFFFF	#D3D3D3	4
4667	#FFFFFF	#D3D3D3	4
4668	#FFFFFF	#D3D3D3	4
4669	#FFFFFF	#D3D3D3	4
4670	#FFFFFF	#D3D3D3	4
4671	#FFFFFF	#D3D3D3	154
4672	#FFFFFF	#D3D3D3	91
4673	#FFFFFF	#D3D3D3	4
4674	#FFFFFF	#D3D3D3	4
4675	#FFFFFF	#D3D3D3	4
4676	#FFFFFF	#D3D3D3	4
4677	#FFFFFF	#D3D3D3	91
4678	#FFFFFF	#D3D3D3	91
4679	#FFFFFF	#D3D3D3	91
4680	#FFFFFF	#D3D3D3	91
4681	#FFFFFF	#D3D3D3	91
4682	#FFFFFF	#D3D3D3	154
4683	#FFFFFF	#D3D3D3	4
4684	#FFFFFF	#D3D3D3	4
4685	#FFFFFF	#D3D3D3	4
4686	#FFFFFF	#D3D3D3	4
4687	#FFFFFF	#D3D3D3	462
4688	#FFFFFF	#D3D3D3	462
4689	#FFFFFF	#D3D3D3	4
4690	#FFFFFF	#D3D3D3	4
4691	#FFFFFF	#D3D3D3	4
4693	#FFFFFF	#D3D3D3	154
4694	#FFFFFF	#D3D3D3	154
4695	#FFFFFF	#D3D3D3	84
4696	#FFFFFF	#D3D3D3	154
4697	#FFFFFF	#D3D3D3	154
4698	#FFFFFF	#D3D3D3	154
4699	#FFFFFF	#D3D3D3	154
4700	#FFFFFF	#D3D3D3	154
4701	#FFFFFF	#D3D3D3	84
4702	#FFFFFF	#D3D3D3	84
4703	#FFFFFF	#D3D3D3	84
4707	#FFFFFF	#D3D3D3	380
4708	#FFFFFF	#D3D3D3	185
4709	#FFFFFF	#D3D3D3	185
4710	#FFFFFF	#D3D3D3	185
4711	#FFFFFF	#D3D3D3	154
4712	#FFFFFF	#D3D3D3	185
4713	#FFFFFF	#D3D3D3	185
4714	#FFFFFF	#D3D3D3	4
4715	#FFFFFF	#D3D3D3	4
4716	#FFFFFF	#D3D3D3	4
4717	#FFFFFF	#D3D3D3	4
4718	#FFFFFF	#D3D3D3	4
4719	#FFFFFF	#D3D3D3	4
4720	#FFFFFF	#D3D3D3	4
4721	#FFFFFF	#D3D3D3	4
4722	#FFFFFF	#D3D3D3	154
4723	#FFFFFF	#D3D3D3	4
4724	#FFFFFF	#D3D3D3	4
4725	#FFFFFF	#D3D3D3	4
4726	#FFFFFF	#D3D3D3	4
4727	#FFFFFF	#D3D3D3	91
4728	#FFFFFF	#D3D3D3	91
4729	#FFFFFF	#D3D3D3	4
4730	#FFFFFF	#D3D3D3	4
4731	#FFFFFF	#D3D3D3	4
4732	#FFFFFF	#D3D3D3	4
4733	#FFFFFF	#D3D3D3	154
4734	#FFFFFF	#D3D3D3	4
4735	#FFFFFF	#D3D3D3	4
4736	#FFFFFF	#D3D3D3	462
4737	#FFFFFF	#D3D3D3	4
4738	#FFFFFF	#D3D3D3	462
4739	#FFFFFF	#D3D3D3	462
4740	#FFFFFF	#D3D3D3	4
4741	#FFFFFF	#D3D3D3	4
4742	#FFFFFF	#D3D3D3	4
4743	#FFFFFF	#D3D3D3	154
4744	#FFFFFF	#D3D3D3	154
4745	#FFFFFF	#D3D3D3	84
4746	#FFFFFF	#D3D3D3	154
4747	#FFFFFF	#D3D3D3	154
4749	#FFFFFF	#D3D3D3	154
4750	#FFFFFF	#D3D3D3	154
4751	#FFFFFF	#D3D3D3	84
4752	#FFFFFF	#D3D3D3	84
4753	#FFFFFF	#D3D3D3	84
4754	#FFFFFF	#D3D3D3	154
4755	#FFFFFF	#D3D3D3	143
4757	#FFFFFF	#D3D3D3	9
4759	#FFFFFF	#D3D3D3	185
4760	#FFFFFF	#D3D3D3	185
4761	#FFFFFF	#D3D3D3	154
4762	#FFFFFF	#D3D3D3	185
4763	#FFFFFF	#D3D3D3	4
4764	#FFFFFF	#D3D3D3	185
4765	#FFFFFF	#D3D3D3	4
4766	#FFFFFF	#D3D3D3	4
4767	#FFFFFF	#D3D3D3	4
4768	#FFFFFF	#D3D3D3	4
4769	#FFFFFF	#D3D3D3	4
4770	#FFFFFF	#D3D3D3	4
4771	#FFFFFF	#D3D3D3	4
4772	#FFFFFF	#D3D3D3	154
4773	#FFFFFF	#D3D3D3	4
4774	#FFFFFF	#D3D3D3	4
4775	#FFFFFF	#D3D3D3	4
4776	#FFFFFF	#D3D3D3	4
4777	#FFFFFF	#D3D3D3	91
4778	#FFFFFF	#D3D3D3	91
4779	#FFFFFF	#D3D3D3	91
4780	#FFFFFF	#D3D3D3	4
4781	#FFFFFF	#D3D3D3	4
4782	#FFFFFF	#D3D3D3	4
4783	#FFFFFF	#D3D3D3	154
4784	#FFFFFF	#D3D3D3	4
4785	#FFFFFF	#D3D3D3	4
4786	#FFFFFF	#D3D3D3	4
4787	#FFFFFF	#D3D3D3	462
4788	#FFFFFF	#D3D3D3	4
4789	#FFFFFF	#D3D3D3	462
4790	#FFFFFF	#D3D3D3	4
4791	#FFFFFF	#D3D3D3	4
4792	#FFFFFF	#D3D3D3	4
4794	#FFFFFF	#D3D3D3	154
4795	#FFFFFF	#D3D3D3	154
4796	#FFFFFF	#D3D3D3	84
4797	#FFFFFF	#D3D3D3	154
4798	#FFFFFF	#D3D3D3	154
4799	#FFFFFF	#D3D3D3	154
4800	#FFFFFF	#D3D3D3	154
4801	#FFFFFF	#D3D3D3	154
4802	#FFFFFF	#D3D3D3	154
4803	#FFFFFF	#D3D3D3	84
4804	#FFFFFF	#D3D3D3	154
4805	#FFFFFF	#D3D3D3	154
4806	#FFFFFF	#D3D3D3	328
4807	#FFFFFF	#D3D3D3	336
4810	#FFFFFF	#D3D3D3	185
4811	#FFFFFF	#D3D3D3	185
4812	#FFFFFF	#D3D3D3	154
4813	#FFFFFF	#D3D3D3	4
4814	#FFFFFF	#D3D3D3	185
4815	#FFFFFF	#D3D3D3	4
4816	#FFFFFF	#D3D3D3	4
4817	#FFFFFF	#D3D3D3	4
4818	#FFFFFF	#D3D3D3	4
4819	#FFFFFF	#D3D3D3	4
4820	#FFFFFF	#D3D3D3	4
4821	#FFFFFF	#D3D3D3	4
4822	#FFFFFF	#D3D3D3	4
4823	#FFFFFF	#D3D3D3	154
4824	#FFFFFF	#D3D3D3	4
4825	#FFFFFF	#D3D3D3	4
4826	#FFFFFF	#D3D3D3	4
4827	#FFFFFF	#D3D3D3	4
4828	#FFFFFF	#D3D3D3	91
4829	#FFFFFF	#D3D3D3	91
4830	#FFFFFF	#D3D3D3	91
4831	#FFFFFF	#D3D3D3	91
4832	#FFFFFF	#D3D3D3	4
4833	#FFFFFF	#D3D3D3	91
4834	#FFFFFF	#D3D3D3	2
4835	#FFFFFF	#D3D3D3	91
4836	#FFFFFF	#D3D3D3	4
4837	#FFFFFF	#D3D3D3	462
4838	#FFFFFF	#D3D3D3	462
4839	#FFFFFF	#D3D3D3	462
4840	#FFFFFF	#D3D3D3	4
4841	#FFFFFF	#D3D3D3	4
4842	#FFFFFF	#D3D3D3	4
4843	#FFFFFF	#D3D3D3	406
4844	#FFFFFF	#D3D3D3	154
4845	#FFFFFF	#D3D3D3	154
4846	#FFFFFF	#D3D3D3	154
4847	#FFFFFF	#D3D3D3	2
4848	#FFFFFF	#D3D3D3	154
4850	#FFFFFF	#D3D3D3	154
4851	#FFFFFF	#D3D3D3	154
4852	#FFFFFF	#D3D3D3	154
4853	#FFFFFF	#D3D3D3	154
4854	#FFFFFF	#D3D3D3	84
4855	#FFFFFF	#D3D3D3	154
4856	#FFFFFF	#D3D3D3	154
4857	#FFFFFF	#D3D3D3	154
4859	#FFFFFF	#D3D3D3	9
4861	#FFFFFF	#D3D3D3	185
4862	#FFFFFF	#D3D3D3	154
4863	#FFFFFF	#D3D3D3	185
4864	#FFFFFF	#D3D3D3	4
4865	#FFFFFF	#D3D3D3	373
4866	#FFFFFF	#D3D3D3	4
4867	#FFFFFF	#D3D3D3	4
4868	#FFFFFF	#D3D3D3	4
4869	#FFFFFF	#D3D3D3	4
4870	#FFFFFF	#D3D3D3	4
4871	#FFFFFF	#D3D3D3	4
4872	#FFFFFF	#D3D3D3	4
4873	#FFFFFF	#D3D3D3	154
4874	#FFFFFF	#D3D3D3	4
4875	#FFFFFF	#D3D3D3	4
4876	#FFFFFF	#D3D3D3	4
4877	#FFFFFF	#D3D3D3	91
4878	#FFFFFF	#D3D3D3	91
4879	#FFFFFF	#D3D3D3	91
4880	#FFFFFF	#D3D3D3	91
4881	#FFFFFF	#D3D3D3	91
4882	#FFFFFF	#D3D3D3	91
4883	#FFFFFF	#D3D3D3	4
4884	#FFFFFF	#D3D3D3	2
4885	#FFFFFF	#D3D3D3	91
4886	#FFFFFF	#D3D3D3	4
4887	#FFFFFF	#D3D3D3	462
4888	#FFFFFF	#D3D3D3	4
4889	#FFFFFF	#D3D3D3	462
4890	#FFFFFF	#D3D3D3	462
4891	#FFFFFF	#D3D3D3	4
4892	#FFFFFF	#D3D3D3	4
4893	#FFFFFF	#D3D3D3	4
4895	#FFFFFF	#D3D3D3	2
4896	#FFFFFF	#D3D3D3	154
4897	#FFFFFF	#D3D3D3	154
4898	#FFFFFF	#D3D3D3	2
4899	#FFFFFF	#D3D3D3	154
4900	#FFFFFF	#D3D3D3	154
4901	#FFFFFF	#D3D3D3	154
4902	#FFFFFF	#D3D3D3	154
4903	#FFFFFF	#D3D3D3	154
4904	#FFFFFF	#D3D3D3	154
4905	#FFFFFF	#D3D3D3	84
4906	#FFFFFF	#D3D3D3	154
4907	#FFFFFF	#D3D3D3	154
4910	#FFFFFF	#D3D3D3	9
4912	#FFFFFF	#D3D3D3	185
4913	#FFFFFF	#D3D3D3	2
4914	#FFFFFF	#D3D3D3	4
4915	#FFFFFF	#D3D3D3	4
4916	#FFFFFF	#D3D3D3	4
4917	#FFFFFF	#D3D3D3	4
4918	#FFFFFF	#D3D3D3	4
4919	#FFFFFF	#D3D3D3	4
4920	#FFFFFF	#D3D3D3	4
4921	#FFFFFF	#D3D3D3	4
4922	#FFFFFF	#D3D3D3	4
4923	#FFFFFF	#D3D3D3	4
4924	#FFFFFF	#D3D3D3	2
4925	#FFFFFF	#D3D3D3	4
4926	#FFFFFF	#D3D3D3	4
4927	#FFFFFF	#D3D3D3	91
4928	#FFFFFF	#D3D3D3	91
4929	#FFFFFF	#D3D3D3	91
4930	#FFFFFF	#D3D3D3	91
4931	#FFFFFF	#D3D3D3	91
4932	#FFFFFF	#D3D3D3	91
4933	#FFFFFF	#D3D3D3	91
4934	#FFFFFF	#D3D3D3	4
4935	#FFFFFF	#D3D3D3	154
4936	#FFFFFF	#D3D3D3	91
4937	#FFFFFF	#D3D3D3	462
4938	#FFFFFF	#D3D3D3	462
4939	#FFFFFF	#D3D3D3	4
4940	#FFFFFF	#D3D3D3	4
4941	#FFFFFF	#D3D3D3	4
4942	#FFFFFF	#D3D3D3	4
4943	#FFFFFF	#D3D3D3	4
4944	#FFFFFF	#D3D3D3	4
4945	#FFFFFF	#D3D3D3	154
4946	#FFFFFF	#D3D3D3	154
4947	#FFFFFF	#D3D3D3	154
4948	#FFFFFF	#D3D3D3	2
4949	#FFFFFF	#D3D3D3	2
4951	#FFFFFF	#D3D3D3	154
4952	#FFFFFF	#D3D3D3	154
4953	#FFFFFF	#D3D3D3	2
4954	#FFFFFF	#D3D3D3	154
4955	#FFFFFF	#D3D3D3	154
4956	#FFFFFF	#D3D3D3	84
4957	#FFFFFF	#D3D3D3	154
4958	#FFFFFF	#D3D3D3	154
4959	#FFFFFF	#D3D3D3	9
4961	#FFFFFF	#D3D3D3	312
4963	#FFFFFF	#D3D3D3	154
4964	#FFFFFF	#D3D3D3	132
4965	#FFFFFF	#D3D3D3	4
4966	#FFFFFF	#D3D3D3	4
4967	#FFFFFF	#D3D3D3	4
4968	#FFFFFF	#D3D3D3	4
4969	#FFFFFF	#D3D3D3	4
4970	#FFFFFF	#D3D3D3	4
4971	#FFFFFF	#D3D3D3	161
4972	#FFFFFF	#D3D3D3	161
4973	#FFFFFF	#D3D3D3	4
4974	#FFFFFF	#D3D3D3	2
4975	#FFFFFF	#D3D3D3	4
4976	#FFFFFF	#D3D3D3	4
4977	#FFFFFF	#D3D3D3	4
4978	#FFFFFF	#D3D3D3	91
4979	#FFFFFF	#D3D3D3	91
4980	#FFFFFF	#D3D3D3	91
4981	#FFFFFF	#D3D3D3	91
4982	#FFFFFF	#D3D3D3	91
4983	#FFFFFF	#D3D3D3	91
4984	#FFFFFF	#D3D3D3	4
4985	#FFFFFF	#D3D3D3	154
4986	#FFFFFF	#D3D3D3	91
4987	#FFFFFF	#D3D3D3	4
4988	#FFFFFF	#D3D3D3	4
4989	#FFFFFF	#D3D3D3	462
4990	#FFFFFF	#D3D3D3	4
4991	#FFFFFF	#D3D3D3	4
4992	#FFFFFF	#D3D3D3	4
4993	#FFFFFF	#D3D3D3	4
4994	#FFFFFF	#D3D3D3	4
4996	#FFFFFF	#D3D3D3	154
4997	#FFFFFF	#D3D3D3	154
4998	#FFFFFF	#D3D3D3	154
4999	#FFFFFF	#D3D3D3	154
5000	#FFFFFF	#D3D3D3	2
5001	#FFFFFF	#D3D3D3	2
5002	#FFFFFF	#D3D3D3	2
5003	#FFFFFF	#D3D3D3	154
5004	#FFFFFF	#D3D3D3	154
5005	#FFFFFF	#D3D3D3	154
5006	#FFFFFF	#D3D3D3	154
5007	#FFFFFF	#D3D3D3	84
5008	#FFFFFF	#D3D3D3	154
5009	#FFFFFF	#D3D3D3	154
5014	#FFFFFF	#D3D3D3	154
5016	#FFFFFF	#D3D3D3	4
5017	#FFFFFF	#D3D3D3	4
5018	#FFFFFF	#D3D3D3	161
5019	#FFFFFF	#D3D3D3	161
5020	#FFFFFF	#D3D3D3	4
5021	#FFFFFF	#D3D3D3	4
5022	#FFFFFF	#D3D3D3	161
5023	#FFFFFF	#D3D3D3	4
5024	#FFFFFF	#D3D3D3	4
5025	#FFFFFF	#D3D3D3	2
5026	#FFFFFF	#D3D3D3	4
5027	#FFFFFF	#D3D3D3	4
5028	#FFFFFF	#D3D3D3	4
5029	#FFFFFF	#D3D3D3	4
5030	#FFFFFF	#D3D3D3	91
5031	#FFFFFF	#D3D3D3	91
5032	#FFFFFF	#D3D3D3	91
5033	#FFFFFF	#D3D3D3	91
5034	#FFFFFF	#D3D3D3	91
5035	#FFFFFF	#D3D3D3	91
5036	#FFFFFF	#D3D3D3	154
5037	#FFFFFF	#D3D3D3	91
5038	#FFFFFF	#D3D3D3	4
5039	#FFFFFF	#D3D3D3	4
5040	#FFFFFF	#D3D3D3	4
5041	#FFFFFF	#D3D3D3	91
5042	#FFFFFF	#D3D3D3	91
5043	#FFFFFF	#D3D3D3	4
5044	#FFFFFF	#D3D3D3	4
5045	#FFFFFF	#D3D3D3	4
5046	#FFFFFF	#D3D3D3	154
5047	#FFFFFF	#D3D3D3	154
5048	#FFFFFF	#D3D3D3	2
5049	#FFFFFF	#D3D3D3	2
5050	#FFFFFF	#D3D3D3	154
