x	y	clickSelects
-0.041491062062503	0.941951604593183	51
-0.061470038497338	0.358052713150291	51
-0.11996604373897	0.158059149036606	55
0.08903415898637	0.381580174124601	55
-0.013695240915631	0.261497796127904	55
-0.061927000170419	0.23244751648431	55
-0.043470604813278	0.305685610475657	55
-0.113042430768107	0.140760481401342	55
0.092637432833476	0.407183355818571	51
0.084462566207842	0.777710040370919	51
-0.043687295385667	0.426899080523623	51
0.103266858110837	0.793595787821647	51
-0.095502952722606	0.168247025623166	197
0.023912366668734	0.369725754177571	98
0.087980226026524	0.589093924847458	98
-0.019368173348732	0.381301864345738	98
-0.062004637274705	0.23234665893715	98
-0.121588116762116	0.128177762142402	98
-0.010481750453215	0.371063545163407	17
-0.082342870779766	0.360386468836297	17
-0.099854224674949	0.14148134757115	17
-0.049405283099719	0.347195618627478	17
0.052024343042227	0.249401674208504	177
-0.018244370336742	0.429533834943747	27
-0.074612617652681	0.206494602088943	162
0.064601253652194	0.447032334279344	162
0.061971997627547	0.434019378429538	162
0.100028960504815	0.470371573945424	162
-0.085828181961055	0.243465055724217	162
-0.116838565564668	0.258641477168711	7
-0.106278935035493	0.182707780263395	7
-0.095866186024064	0.167801527750864	7
-0.049959832144796	0.189877867621073	7
-0.094087248648016	0.127841023590957	15
-0.017701686017588	0.199316930391436	15
0.00285452410777098	0.153864956588849	15
-0.02748054950009	0.183318618312106	7
-0.0951341092743	0.126904053372934	7
0.020173847355635	0.275850905121679	7
-0.099214303642789	0.196048275039222	26
0.042085819604245	0.344132076410515	26
-0.070993779790955	0.158322681161001	32
0.028901939265175	0.195246988582365	32
-0.03213935600797	0.112416316274168	374
0.045956904212167	0.232701020141883	32
-0.048639496370811	0.191259462465996	6
-0.0279565810448	0.313169353382133	120
0.116359468523959	0.663647762179483	120
-0.107869015612819	0.249998345563261	120
-0.049617381246146	0.259464093546843	120
0.010249567950421	0.327817169312372	120
-0.094503541981493	0.127471324119007	19
-0.099707709878901	0.141625615985629	1
-0.016909037313048	0.391339862929628	1
0.05133614324027	0.382833415562386	1
-0.038361323077237	0.25149308734756	1
-0.013609800184196	0.132904577735689	54
-0.041734091720532	0.204256672708235	54
0.071111439652413	0.619454567344833	54
-0.110972397342862	0.263769712973859	54
0.00221875569472801	0.531055263353491	54
-0.112178989000621	0.198872314398245	215
0.062398258650684	0.549444524783151	215
-0.096509583946939	0.347262390975752	215
-0.088661263986061	1.05172639956672	51
0.075889755282617	2.20888646274474	51
0.046712882996365	0.359081996624766	51
-0.052160371527713	0.28157249032793	55
-0.087681190757774	0.220072681068511	55
-0.101501465481735	0.177238894342843	55
0.081506106260807	0.547866189338797	55
-0.032318275317885	0.265331008980661	55
-0.089144408588097	0.179764351707733	55
-0.055832017619411	0.352889410521234	51
-0.033559655291098	0.520599504617844	51
-0.059233073969467	0.430072672650593	51
-0.070142813362841	0.328193268507743	51
0.000158945297295987	0.299401407473745	98
-0.050152275572255	0.189688739645321	162
-0.00835842658178501	0.329667133335895	162
0.075666326258042	0.324420940653819	162
0.00354218098777898	0.367515935736447	7
-0.085810218147848	0.109571474192626	7
0.00285452410777098	0.153864956588849	15
0.082683331151423	0.352912983725235	117
-0.113247128804376	0.155892357338217	117
0.057558121208526	0.265112741733178	7
-0.052127946299127	0.148432391557806	7
-0.025151475226351	0.698438342379106	7
-0.053965076950508	0.563385476298865	7
-0.044606452530732	0.54860102684485	7
0.063305581318409	0.559624703457675	7
0.052232313793679	0.38423992325736	26
-0.09963829802998	0.141723906074453	26
0.123155829394001	0.764413360057457	26
-0.079741740518006	0.257671831728613	26
0.030426425524835	0.478877861643475	26
-0.060153461223003	0.235094321149971	26
-0.039667906429777	0.165729234583892	26
0.037998265786146	0.214387287310988	251
0.018354274337967	0.175699993304796	32
0.020279537001209	0.275990122812089	32
-0.096441931139059	0.167048999571941	32
0.05229259370112	0.249593637405959	6
0.087208638658295	0.817816719043201	120
0.029332472936742	0.630180742409473	120
0.019316128063598	0.561183355508244	120
0.071512018943561	0.636476587944888	120
-0.053773175676586	0.248814934965162	120
0.046609355858063	0.461043148041343	120
0.0186263109561	0.354610640379443	19
-0.096635134214816	0.218589540077944	1
0.00548407990684602	0.490810826776032	1
-0.111466257751735	0.126140042200973	1
-0.124936721780595	0.277781776063497	215
-0.064307623562264	0.348070394531246	215
-0.04603290460139	0.390592118044867	215
-0.096674105887378	0.397599763518864	215
-0.116258471729273	0.638195909949549	51
0.076633402135543	0.842457224205109	51
-0.106231433184412	0.241039320762856	51
-0.027587696049174	0.183224818191687	76
-0.119272461038944	0.171821889978504	55
0.014369472762003	0.399736421972956	51
-0.087595396271235	0.181784817443704	51
-0.113190946249453	0.210244128270174	51
-0.044537224422869	0.472551756531836	51
0.012126415127825	0.637786310306223	51
0.00807138698281101	0.655342766606393	197
0.048061997203349	0.369436412075491	197
0.071917107196968	0.637679993717021	98
-0.120040994491611	0.170641734702034	98
0.100746392569367	0.47165486284117	98
0.089394536539625	0.610940347746716	17
-0.033675208541122	0.73831833760715	17
-0.048262763701786	0.26156380801545	17
-0.109030609948585	0.110821353706091	174
-0.070776390309648	0.158546540729564	174
-0.094476636681303	0.127506059696649	17
-0.052142335333441	0.148503249584676	17
0.025171028517872	0.600586271470639	162
0.086022422044997	0.575656580110857	162
0.051066905180489	0.485057297108204	7
0.051733294598251	0.249106909867031	7
-0.013589850434908	0.132908613924942	15
0.064005135232232	0.281856333265437	382
-0.109744947283989	0.110205427312441	209
-0.094087248648016	0.127841023590957	209
-0.082005243193557	0.143225600999403	209
-0.080932406912674	0.234255227537015	7
0.042274151246621	0.344385809823579	26
-0.11770259534275	0.174166460276163	26
0.086800512779603	0.368375186744537	26
-0.11071131487817	0.109352066464858	26
0.029197931590375	0.195510860885178	251
-0.105326450907839	0.0902817296623495	32
-0.079169698000097	0.072136696709115	6
-0.052857677016305	0.14790346928952	6
0.084901872889445	0.786880042842863	120
-0.112357939094319	0.184904244667327	120
-0.049824157414294	0.225857457653248	120
-0.049723360069718	0.226028231698297	120
-0.105173787930069	0.0903797188632894	1
0.037998265786146	0.214387287310988	1
-0.099972169754887	0.242498631086531	54
-0.082005243193557	0.143225600999403	54
0.00249943829139798	0.617227238234488	215
-0.116406154003803	0.591334692581303	51
-0.057241085285765	0.915256654435977	51
-0.108411707950698	0.450329628283879	51
-0.073217468363576	0.208429639355948	51
-0.105966675320821	0.152117368722687	55
-0.021835258257159	0.371072044569795	55
0.063745985837448	0.56865926807724	55
0.041399417576041	0.343032903601276	55
0.100425114660154	0.471077178335487	51
0.062236011369845	0.434487301290419	51
-0.098685407254051	0.230385868283105	51
0.029997931134073	0.552342506667568	51
0.015516359331254	0.466719105229325	51
-0.121934355329999	0.269665710214687	51
-0.123405053115303	0.258422988101978	197
-0.027603838286651	0.277450991277395	197
0.123330026245839	0.795370049449074	98
-0.066979750976214	0.245229988439585	98
0.118225480926452	0.668517333213013	98
0.113193909586302	0.58581885382448	98
-0.082355022273044	0.28920587808493	98
-0.117289624877738	0.200543169532444	98
0.036815501211778	0.507319911736856	98
-0.119784889525662	0.240006832315862	17
-0.020494890167367	0.246627510603954	174
-0.03232184452551	0.11230911504638	162
0.029488195085805	0.19570978675539	162
0.019726378093327	0.275340914948009	162
-0.044792593589313	0.237506764753884	162
-0.095268918171387	0.301945212419082	162
-0.041576151137565	0.309140024373133	162
-0.100178913321161	0.390937704038443	7
-0.084939037888806	0.110209203834675	7
0.072331148657146	0.31073958092141	7
-0.0089796581978	0.214796666536821	184
-0.013897643892108	0.132731805045921	15
-0.009661551194137	0.214063723009975	15
-0.084788392288641	0.110330814380002	15
0.058661205976498	0.266247085396491	117
-0.051711610241069	0.148848502793816	117
-0.029716616718959	0.18110446971656	117
-0.06695594212042	0.130028010373943	382
0.052852511221041	0.61132527646654	209
-0.01734715262308	0.618072929427464	209
0.068168055901058	0.461950622230062	7
-0.100517307467605	0.194061004304459	7
-0.100597943943219	0.178543624682598	26
0.104398202825557	0.518370377330063	26
-0.110144144002697	0.109861820930549	32
0.045371614652362	0.232307288035454	6
0.037998265786146	0.214387287310988	176
-0.098931266117159	0.229927590032629	120
-0.087969842732403	0.33554567084821	120
-0.116007972801837	0.250333490310212	120
-0.064053117824043	0.301560387702305	120
-0.000178577036864996	0.230901098838259	19
0.024318381839139	0.288530118457004	1
0.057145078857981	0.408935178723032	309
0.051878825948748	0.24925956828207	309
-0.020789770244172	0.456696005511568	54
-0.066923917374915	0.268994270452175	54
-0.018995864430699	0.339082435018616	54
0.099784486957829	0.747487450158138	54
0.00408284920707502	0.423634082348215	54
-0.099137759452141	0.960663853413726	51
-0.101831741561666	0.364298166679969	51
-0.112078162434363	0.292657104685331	51
-0.02102102879726	0.245922587777469	51
0.010539965332055	0.39238995321085	51
0.098332043522132	0.457223967234742	55
-0.078102884721367	0.284716001233264	55
0.014728373945579	0.406819448670744	51
0.036888281908611	0.596129131519144	51
-0.032441368854858	0.594890721107341	51
-0.080680040658361	0.468848636423019	197
0.045928540270085	0.824362375526801	197
-0.07167458260662	0.279563001657234	98
-0.090289503150824	0.232543905943066	98
-0.068902695772742	0.44406042924261	17
0.033263395578063	0.57365063088365	17
-0.026787744725143	0.278759767311119	17
-0.044926636654238	0.393311807267858	141
0.025351710838092	0.379458286870256	162
0.059174009470458	0.671688391136922	162
0.023558016101792	0.516952004406718	7
-0.091409417080488	0.408057258026697	7
-0.051864789041086	0.148715649835488	7
0.045952186173068	0.232837676598989	184
-0.065942644098929	0.130715918273708	184
-0.032817127593889	0.112044423952116	15
-0.014205395795715	0.132547020016395	15
-0.00921957941839899	0.214508853378953	209
-0.026159094598997	0.397199052444892	209
-0.037222214902498	0.585380632056971	209
-0.029135715589561	0.663680667015672	209
0.065904450092877	1.18949816714029	209
-0.01341139395965	0.261882978688376	26
-0.094814197100062	0.272084054586796	26
-0.02568285312604	0.358408447935931	26
-0.080770776883381	0.170013763441637	26
0.052307781116206	0.24968742092045	26
0.039026856151793	0.215205394828213	6
0.026613482934547	0.381652642004324	120
-0.032292432745476	0.265342153924754	120
0.093131064460393	0.407884042145543	19
0.121453137109855	0.749191062965344	19
-0.124418030183532	0.110267883687819	1
-0.067506254602683	0.220402813711038	309
-0.095747869309007	0.283394875726099	54
-0.122308541564803	0.303673703409616	54
-0.079513779565705	0.416529949257016	54
-0.112124872784394	0.125456872646538	54
-0.079799490720754	0.218173721414925	54
-0.123312937709562	0.239922735336085	215
-0.12050311158133	0.307169923395892	215
-0.036619010826175	1.24950114308529	51
-0.017691681188254	0.346641872616689	51
-0.084694582775928	0.207549561327404	51
-0.017253926961497	0.304224511851726	51
0.082322684591727	0.747312882346682	51
0.026048648933891	0.672004568783104	51
-0.019133518708486	0.38179467172615	51
0.113058766004245	0.595444229850123	55
-0.098610822555214	0.289503696503661	55
-0.047126356775501	0.356076382496513	51
-0.035139912910913	0.330294659950134	51
-0.053527163082337	0.459540057208684	51
0.052624134668871	0.996679648385935	51
-0.00944896296669101	0.782360038782492	51
-0.097364720164889	0.43863494588199	197
-0.05662235047331	0.269956957029954	98
-0.073601018672445	0.409872865522218	98
-0.064695265453227	0.389508139638	98
0.09948366095438	0.46936635332118	141
0.063745836627184	0.713855591699376	141
0.016634835642505	0.663161681690573	141
-0.110832708281478	0.253025094083216	141
-0.080229519149064	0.29674387795777	141
0.092353938030729	0.406740994319509	162
0.082723924302492	0.550513856265479	162
-0.081012074943987	0.255380787052412	162
-0.003214439547682	0.344166139380318	162
0.053142956241317	0.385638430256778	162
-0.050011312161978	0.225658604716277	162
-0.028788003105835	0.61164206338769	7
0.071013987887422	0.475679291130492	7
-0.089583217541744	0.288576120553787	7
-0.080112752638827	0.144943875068361	7
0.044003303235683	0.346774472440446	7
0.030407327977564	0.304115986422623	184
-0.013158106779561	0.133155260824066	15
0.034655196612145	0.317645443527381	15
-0.043957170331706	0.272741854168461	15
-0.09963829802998	0.141723906074453	7
-0.110912995115006	0.126702328385968	7
-0.049502758852855	0.226327963296019	7
0.045324400968198	0.357066556492	209
-0.070576074984302	0.472026610861821	7
-0.060105538823966	0.174119844234905	7
-0.107442916500951	0.223192740496747	26
0.024872559744898	0.520404578673637	26
-0.028431179694708	0.18243861192976	26
0.025936803802113	0.290551754611759	169
-0.050557009627489	0.189240255801785	6
0.095910834571014	0.663702098880188	120
0.063718815129559	0.56863092877542	120
-0.012340920538168	0.317591039279105	120
0.073424197512998	0.31196733140614	19
0.110133723445399	0.549758578458337	19
-0.121692507186389	0.142451108717304	19
-0.032898423501017	0.368510984353004	19
0.079047525473196	0.338359609198303	1
-0.0619117041157	0.356977233529323	54
-0.08130714445334	0.312660721808505	54
-0.031059831641275	0.480668200619055	215
-0.079607617092154	0.278586594145656	54
0.078586502927595	0.696401621103894	215
0.034916067431168	0.877684671168382	51
-0.057852804115866	0.539841722969548	51
0.018877916897035	0.790565002060833	55
-0.122683618914053	0.250924849434907	55
0.00439610947666202	0.588341771798252	55
0.066701130818766	0.86307542452221	51
-0.057186834346689	0.52095323992491	51
-0.015027897720536	0.596558152616842	51
-0.039961634370544	0.620448878214464	51
-0.078640967130184	0.506437277089295	51
-0.024776933738265	0.866099865561707	51
-0.063951622633308	0.543614252646609	51
-0.015544205443299	0.76380539602757	197
0.087753223983846	1.19967673420289	197
0.00616246604327198	0.697509023107871	98
-0.082644760340027	0.37317082011764	98
-0.042929989203005	0.509432962580716	98
0.065085061311952	1.08081998468525	98
0.088675470812577	1.0294751977349	98
-0.117725043381074	0.357572272049457	17
-0.049583174325909	0.475014410191638	17
-0.071917373482664	0.394620797687521	17
-0.073999465581105	0.293036387657293	162
0.107666685877636	0.911554047323878	162
-0.000667366426751998	0.558453695957459	162
0.034616993837723	0.583625115730977	162
0.057269277196007	0.529635569333844	162
0.015659944689959	0.473420320474695	7
0.114562903361641	0.997455630572253	7
0.06731209865746	0.460197594394598	7
-0.013934256319101	0.261183085525823	7
-0.106150689652398	0.16809240967381	7
-0.079423332246286	0.171542460267567	184
-0.025699021396429	0.234291435931758	15
-0.060406038845712	0.173746495848511	15
0.073038824553167	0.487926721982248	15
-0.049853721934995	0.190007633588015	15
0.098695931445405	0.457873314696042	15
0.020546974395852	0.357631209457897	15
-0.07167458260662	0.279563001657234	7
-0.07942963081203	0.278918524946154	26
0.099557758867791	0.746750124600843	26
-0.112455675360246	0.211549873461239	32
0.046243575310381	0.358454423872741	32
-0.087486770930074	0.181922327108163	169
0.00483970612455498	0.312843575135841	169
0.048426877892013	0.370016011722942	32
-0.000407678540590012	0.230681993399948	6
0.071291424512595	0.484305137121777	6
0.113648208575335	0.586704550964178	65
0.085187326567843	0.366203898354583	65
-0.090370074269411	0.195997834530711	65
-0.09116919836523	0.327352356968215	120
-0.079336220842131	0.258417087416745	19
-0.008610507212544	0.516643008077976	19
0.070971492235733	0.619075496559098	19
-0.031225377928242	0.34257580084291	19
0.00038062065622102	0.231490480971852	19
0.098442119456684	0.457430875447941	25
-0.029462220769084	0.489130578031972	54
-0.073543243922904	0.354785411142225	54
0.013068666636905	0.397396849106453	54
0.086171147951003	0.790820729772345	54
-0.061342343507916	0.381888582506383	54
0.055682720034895	0.829237093116943	215
-0.021649115097779	0.622953433974947	51
-0.014422139903411	0.563301367881806	55
-0.103470732852564	0.323572391097383	51
-0.015468115522907	0.594946961515135	51
-0.122805317378406	0.302219943409138	51
0.085361227615011	1.12388617804982	51
-0.059141149657604	0.513916958288452	51
0.041327390509956	1.02024410855426	51
-0.099923188039785	0.487163316282477	51
-0.113835037349337	0.374198242964988	51
-0.0436792878485	0.528006145828717	98
0.051533699808995	0.985414150941673	98
-0.048766341762138	0.697524784172953	17
-0.018517518558095	0.678425997439869	17
0.034742907866238	0.877155925302542	141
-0.049842046233039	0.562910133848661	141
-0.110845296781408	0.317922509104609	141
0.121075347859451	0.717313637249655	141
0.00285452410777098	0.153864956588849	162
-0.096826095900326	0.233791125117298	162
0.053952971264026	0.506756316547235	162
-0.072685714892631	0.392498676051426	162
0.017835286903388	0.613183295601092	7
-0.095328828408245	0.204857707436347	7
0.114021503447882	0.617436506516199	7
-0.105910705967753	0.183243466711214	7
-0.027327912606623	0.277939412094215	15
0.058854652966198	0.411848392528856	7
0.019467312188613	0.3559924241535	15
0.029857546859203	0.303396532077276	15
0.077565935155169	0.513575360207879	15
-0.113395080628815	0.169784544239998	7
-0.099512535917794	0.19560566264299	7
-0.016873424054358	0.391617096230893	7
-0.109250694941358	0.322499796774819	7
0.076074782882882	0.665197927776009	26
0.121353392179608	0.769075098299563	26
0.077089652299356	0.326110971183768	169
-0.065960770595537	0.246810712427068	32
-0.027001210920876	0.278440791549228	32
0.092779202045844	0.407389215432166	65
0.0000865563027879768	0.355564510870578	65
-0.022240130308804	0.370322237419531	65
-0.038184854152082	0.352989956381857	120
-0.110629752760717	0.242006536581339	120
0.064585824459052	0.83495792107771	120
0.014691192720469	0.5427118700028	120
0.036692893048094	0.607991457119323	120
-0.089808734918055	0.252545591841225	120
-0.120975550067191	0.191795558231689	19
-0.105562852007722	0.198293782872284	19
-0.097653630294388	0.246965583492354	19
-0.09202318871756	0.245502176307992	19
-0.04368264404861	0.367745246367458	54
0.033015886858382	0.579136003719076	54
-0.124647934481887	0.225733451743501	54
-0.079729057282503	0.364956704014763	54
0.118672939041284	1.15227700626393	54
-0.123763409810497	0.265018972321274	54
-0.120289875453626	0.492946151363827	51
-0.04016494975754	0.897909052023924	51
-0.021635276562664	0.832927308090431	51
-0.00522892704412101	0.735835007042367	51
0.090221061766371	1.03664200280674	51
0.015539409996532	0.706801845323623	51
-0.123700945763968	0.265171991550466	55
-0.036321764227018	0.50830970272628	55
-0.014381276275419	0.563642729311178	55
-0.084730756673271	0.393211145289855	51
-0.049508986271888	0.541558848689145	51
-0.08118042499171	0.511295953459092	51
-0.080027714491575	0.513532785157452	51
-0.049347864319244	0.712764514843745	98
-0.110954992253343	0.287070298826918	98
0.073709513897902	0.925318923798752	98
0.017415025094673	0.834890209010475	17
0.072506000969326	1.50964596397947	17
-0.034439853483093	0.669806323551127	17
0.000129308381706994	0.780321544372702	17
0.010125237190477	0.616148675100726	17
-0.112680673620823	0.237717159257121	17
-0.102061695655295	0.361584977503974	141
0.072757940476185	0.631902225289709	141
-0.114313970738791	0.2434001054878	141
-0.053134933430205	0.147634340417389	162
-0.106214443498036	0.241072537634026	162
-0.073372576235882	0.407893615510402	226
0.023681881163255	0.719317942792585	162
-0.045492475357785	0.568636632339529	162
-0.124717201245893	0.24446024444665	162
-0.074800869157702	0.206249671688234	162
0.111337825259716	0.581494773176327	15
0.057871754036687	0.410288918854231	15
0.058314320330753	0.410948005629624	15
0.072006559395368	0.477475306895045	15
-0.088208534117124	0.180983132974353	15
-0.123951063481405	0.280458581794553	209
-0.063198355179654	0.449898406121858	7
-0.002286312854098	0.634898733198948	7
-0.010282567127482	0.371452971543329	7
-0.043095092958897	0.397744288238498	7
0.053968404077632	0.499012890719334	26
-0.103163968005641	0.155518695025645	32
0.092478039207943	0.396507284589283	26
-0.081397215655063	0.193562338329173	32
-0.049097472517893	0.260280025419105	32
-0.090888540064071	0.195237468939117	6
-0.087591618405312	0.181682812270872	65
0.090151943497173	0.82783818506209	120
0.079738499097522	0.723632281458963	120
-0.002888424519987	0.632776597867317	120
-0.114317514724852	0.254121551026712	120
-0.022731060412198	0.451683989326102	120
-0.093199662218458	0.208235325303301	120
0.053542491755834	0.497997155041321	19
-0.114861684295031	0.23111911845358	19
-0.03793962883696	0.384741126748938	1
0.067270258870336	0.59340912001719	54
0.095165734644603	1.14076743771748	54
-0.12018714452663	0.352990760375362	54
-0.100926204088508	0.981673263347507	51
-0.032635037321742	0.689532716807642	55
-0.087067904402667	0.340409060352172	55
-0.090529525286167	0.266609260977958	55
0.03613836486829	0.746313215970872	55
0.087298472464936	0.818101051909147	51
-0.042963896302533	0.42893608265367	51
-0.021028166368691	0.530256832106468	51
0.028074613328149	0.811828486295802	51
0.071606351416567	0.80289503442512	51
0.05111378543194	1.15265770678432	51
0.028110181883645	1.06121976053306	51
-0.012303653679479	0.91553530282476	197
0.00100586750500598	0.664574815257497	98
-0.12402203367915	0.219051787638163	197
-0.017797452711249	0.648997039657479	98
0.093965072423508	1.28526259766419	98
-0.093778710432867	0.396071769551746	98
0.010273112014043	0.722636504798516	17
-0.073615177482626	0.47263490122214	17
-0.00403761653370699	0.740788004860074	17
-0.016662615787936	0.392077602433756	430
-0.106223770489526	0.290180964884626	141
0.00301356866140001	0.801844805256716	141
-0.066664231723261	0.130246642954455	162
-0.020129168774257	0.424968644532603	162
-0.016206589507249	0.477608580694325	162
-0.062946813106388	0.354466503944975	162
-0.048692786960389	0.260908136714609	15
0.088114741366704	0.380309695256054	15
0.045040310295338	0.356643372117342	15
-0.023416445860996	0.326085720889523	15
0.094560118488785	0.42035580728836	15
-0.074348545463108	0.206902913106707	15
-0.11917134283041	0.171959795457787	26
0.064478499765964	0.722973492796201	26
-0.091342132756603	0.311580671632938	26
0.091969250371576	0.406143192110453	32
0.067009244332635	0.294795318618148	32
0.098642034911913	0.447414198054313	26
-0.044212253558127	0.23834237288986	26
0.009948154155353	0.32730542447521	26
-0.121478585834554	0.14270458237319	32
-0.12411928527739	0.110581084104324	175
-0.063940225946474	0.19854036786743	65
-0.085155809552729	0.331878865703074	120
-0.037932444351121	0.422186598612955	120
-0.064989159342048	0.325350732412138	120
0.11513549105796	0.973194060931956	19
-0.113621762951978	0.169460397320312	19
-0.00790982920870301	0.215872287336619	1
-0.00939237293724701	0.373304550962091	1
-0.124589086580895	0.262840710808637	54
-0.018555422920442	0.471377660270065	54
-0.050425587320302	0.445025200213911	54
0.075711387360234	0.982046841372816	54
-0.049706374342783	0.501254651802256	54
-0.095526530348945	0.665067650174331	51
0.064464054963487	0.94863015522369	55
-0.031673112377661	0.564790968280451	51
-0.049285109287297	0.347455904132278	51
0.06878076173905	0.605299344074173	55
-0.008206973826972	0.637317530807567	51
0.01869278643602	0.421043109697615	55
-0.067065398563854	0.338411421823726	51
0.083738152257039	0.759747662694838	51
0.035860568012802	0.797862846480545	51
0.011880759853957	0.632053796832286	51
-0.023879583781772	0.366943274036817	51
-0.037414139239493	0.668747213912637	51
0.045313057141571	1.15560702464017	197
-0.062656276472437	0.436113575314762	197
-0.066128313602362	0.340517689048256	197
-0.005380974709881	0.699950269071032	98
0.00506101444673102	0.370352896762495	17
-0.123382962249396	0.256822152428901	17
0.056768173691514	0.865354336401255	17
-0.017764056154496	0.468966574034793	17
0.084771070271515	0.355456185026063	141
-0.122258210659944	0.141744717440287	17
-0.084792022309837	0.110324598971647	162
-0.066010191536596	0.270599146356643	162
0.069190505912543	0.75968405150939	162
-0.033210974815767	0.299472617972058	162
-0.047709852989229	0.293717251754597	162
-0.105895977643687	0.183265527017244	162
0.032877384479166	0.406514648650266	162
-0.035327293792294	0.806465880866192	7
-0.02041631457814	0.792781115000572	7
-0.073317786961584	0.294171522228058	7
0.029782236565642	0.195929839575648	15
-0.084784656321409	0.110311566259187	7
-0.00175462368853099	0.229180275155678	15
-0.084358004068313	0.11061156587668	15
-0.072386949237024	0.183930116388335	7
-0.014493253831038	0.132338565915454	15
0.038903886782581	0.331502413161364	15
-0.070224091991292	0.186436012318641	15
0.00985949368141498	0.327187628188083	15
-0.07329191096541	0.231620358505266	15
-0.101843742204811	0.267480939075883	209
-0.098755565054047	0.462608167798284	7
-0.036613643105439	0.32285350310066	26
-0.057388679106938	0.395336836184309	26
-0.104398321436648	0.231426786625557	32
-0.095308937212589	0.126751698035652	32
0.045817637256893	0.35783150486463	6
-0.085225793816091	0.110013449805839	65
-0.112157588840615	0.300582938983248	120
-0.112407887911681	0.29179502712795	120
-0.00806911004898	0.375920489337922	120
-0.012924640493165	0.361041157245093	1
-0.105762334573844	0.0899949365990893	1
-0.026159667945487	0.279703003314914	1
-0.031875189773852	0.375383768541363	1
0.034224076523169	0.494430692136792	54
0.059913178510348	2.16289265135768	51
-0.099686870648778	0.256722453780761	51
-0.025079108371459	0.506013278463134	51
-0.070629174681863	0.258741616296605	51
-0.062008346874743	0.257078006015699	55
-0.109327452572623	0.322280555875426	51
-0.00565496643001301	0.33428377163382	55
-0.024821669012951	0.442057587374436	55
-0.046137794630326	0.362069145362743	51
-0.018618062329729	0.428666574657085	51
0.095631924122543	0.93417952880063	51
-0.020967422262937	0.664663337174103	51
-0.076275545885248	0.580451450134608	51
-0.112141807076826	0.471459216658622	51
0.022094655330782	0.434457530256279	98
-0.05812876920936	0.317206305570353	197
-0.031780460856947	0.446062852562275	51
-0.085828181961055	0.243465055724217	17
-0.110509017948342	0.127105348805443	17
-0.070174086333478	0.159163996750449	430
-0.041223949104692	0.377287663199863	17
-0.032843462488172	0.111978868316147	162
0.089180423001718	0.381779588731403	162
0.017648019248951	0.418885558953827	162
-0.087991499826438	0.181277087293592	162
0.026011864074319	0.861117163314501	7
-0.029736923848854	0.421216601011863	7
0.027052389491168	0.742575525142659	7
-0.106045523906183	0.0898067859911616	7
-0.027627890699183	0.183169613726124	15
0.066687147231663	0.294441753862706	15
-0.014225232183906	0.132527826397414	15
0.050130449668492	0.483205376886628	7
-0.013003655780319	0.451879015149818	209
0.106880067882947	0.88337905335683	209
-0.064568859022116	0.535761411570189	7
-0.033960454039449	0.690636977141672	7
-0.014554286028364	0.739539265890754	7
-0.069650447613983	0.159667773817108	26
0.00986382464110802	0.385096680322862	26
-0.112762096596526	0.248808887742308	26
0.044781296283755	0.356232588712048	32
-0.088965165774983	0.179975182916582	32
0.045934915896163	0.357988409727042	26
-0.014513105852948	0.132355121587171	26
-0.11101833725742	0.12658936922751	6
0.028032243878781	0.194472866448466	6
0.075404609843984	0.324073541445071	65
0.00314077052266198	0.154049704706593	26
-0.013917537198989	0.132719763672096	65
-0.071982803747679	0.184418077966406	65
-0.071010610110811	0.535845988820395	120
0.031261243543071	0.396658513631098	19
-0.014163111615271	0.444157515659717	19
0.016072463592283	0.343590471703812	19
-0.051242307941154	0.442718421574587	19
0.040810872472074	0.780818355318105	19
-0.121469992250451	0.113090585020259	1
0.067371487261386	0.295301719662572	1
-0.091005751451579	0.265653495481251	1
0.043994607908083	0.724942732475787	54
-0.032854491310449	0.634262291538752	54
-0.071111414058049	0.325874940995151	54
-0.070208766860188	0.384426518981935	54
-0.024243787258224	1.69695305701546	51
0.03872057144213	0.848754700215223	51
0.032909164485452	1.17187548432902	51
-0.096453301424733	0.252026327593692	55
0.087507223873375	1.00206072161048	51
-0.114367521099592	0.429376681964422	51
0.107237775317295	1.68628941152046	51
0.043151229682244	0.728191717804663	55
0.046765848350158	0.752927519030417	51
-0.103670097536147	0.261235748216377	98
-0.12223764537908	0.189631651366766	197
-0.073967001798586	0.616687666586479	197
-0.062309709463518	0.356005649357515	51
-0.001138702338873	0.561561111259695	17
-0.044040497775313	0.735147458545473	17
-0.036554218633815	0.480863692245169	17
0.046194191174307	0.358361402218303	430
0.013573647226985	0.260605736042559	17
-0.032129304011645	0.589249623505014	17
-0.095281824294716	0.126775228698931	162
-0.111357039981979	0.186447103004495	162
-0.122646971280882	0.472619403098222	162
-0.002290948696763	0.345770657384481	162
-0.037412226624999	0.287857377559617	162
-0.121325324623896	0.191201438811584	162
0.00364811510716301	0.540001282102295	162
0.018839587989649	0.354973442506253	162
-0.102335466297402	0.394076767673152	7
-0.113874845496992	0.155090840537667	7
0.043860008590816	0.455513605639682	15
-0.044908819669034	0.330515400619042	15
0.028468924171271	0.19490345965389	7
0.082210094153445	0.549463775864083	7
0.112187177357972	0.996522851021337	7
-0.084529294151044	0.514952963230478	7
-0.121139130407779	0.128644495777898	26
-0.114414923344916	0.154383764610347	26
0.035275036515848	0.318482174240107	26
-0.113939172170131	0.139722094495021	26
-0.103231251981949	0.233664496235553	26
0.102741477781956	0.79190475459184	26
0.0330150063771	0.40679118332205	26
0.00678102114505502	0.315839508668526	26
0.095250714247364	0.431638066799029	26
-0.099552263449993	0.25949305257245	19
0.057502679545273	0.530187545393861	19
0.062377197333265	0.800182368355778	19
0.089815207693132	0.620927718286328	19
-0.017528177367928	0.722568956012189	19
-0.085912633670793	0.401944233256588	19
0.028436730601447	0.956701378263967	19
0.050967363472615	0.886701188960757	19
-0.013433688774911	0.261839538655075	1
-0.0482431233568	0.292743693150752	1
0.00305846483024203	0.806202042356477	1
-0.122170732665689	0.279770809903101	1
-0.03125283281797	0.476211544513096	54
-0.071196182067896	0.185356960357061	54
-0.052345592006028	0.281364143648986	54
0.100740345443763	0.741351653364458	54
-0.023510633310838	1.25656171247501	51
-0.084828864179944	0.815640591025452	51
-0.059191289090593	0.606214434457499	51
-0.027175059521235	0.943658759735166	51
0.031845451965446	1.24308590033357	51
-0.049955284387492	0.562391179807523	55
-0.095211327215573	0.389352815890112	51
0.065630079913923	1.08348563972907	51
-0.072180019149422	0.634023758102156	51
0.007499283518834	1.12153224863683	51
-0.035136000664338	0.748944638828536	51
0.071785788854451	1.71437955681943	51
-0.00425006911040501	0.930592284039333	197
-0.030812082537574	0.682581176280968	51
-0.121694981697402	0.307113739744414	51
-0.077430337711707	0.619887243543071	51
-0.081254505214439	0.588988545854286	17
-0.041347915522874	0.459772969291364	17
-0.057266855534485	0.637955993889141	17
-0.023384660188605	0.408157094801744	430
-0.079089753493553	0.0721619184282498	17
-0.00528005368526699	0.387050991778632	162
-0.066541093662553	0.269670697554103	162
0.043700563436956	0.54488597711773	50
-0.028402693402797	0.348072078332564	7
-0.092287703412067	0.193317962565585	7
0.083213096633762	0.551643707431542	15
-0.065815361241441	0.270856764847739	15
0.01363859746573	0.260639165684376	15
-0.07996228246732	0.195468905193702	15
0.041445625922597	0.343184809617045	15
-0.049614762557827	0.374622081829979	15
0.117650753248017	0.656789281445934	7
0.091814208412205	0.625947305366117	79
-0.062568478962569	0.330773114531006	79
0.050195362142601	0.483396472497789	79
0.121248068653154	0.707437071789016	79
-0.043458941782422	0.368254176786066	26
0.00517064787647498	0.640471454505683	26
-0.068939417263686	0.265351763889835	26
-0.055889994146069	0.381465537345763	26
-0.00916967508101399	0.552494952184142	26
0.08625035404325	0.799013315904675	26
-0.023697801031963	0.449194934133254	26
-0.098434248875208	0.261838216764666	32
-0.080495990024022	0.234882652725137	32
-0.04998246063713	0.189798221862108	26
0.084933090202567	0.365843011603131	26
-0.093123065136146	0.19209643831822	26
-0.099787467285432	0.141565560698118	26
-0.081158004087857	0.193888118482143	65
0.00035891771754698	0.657791805510731	120
-0.118479890713222	0.252908134549551	19
-0.050587158902222	0.224860704853718	19
-0.045464984749616	0.359758898297913	19
-0.010399918249346	0.41607374571651	19
0.033059950648095	0.723922687266797	19
-0.0907198654369	0.328520738465224	19
-0.061232976818822	0.283027577609631	1
0.00054899027800398	0.300005325535244	218
0.038258811611169	0.330569939309315	218
0.084408796538404	0.355044987884751	218
0.054220396911635	0.73241869259543	54
-0.122280919499109	0.212170775390728	54
-0.123725247520183	0.175098257879059	54
-0.043574329267116	0.478894438136294	54
-0.064090767665023	0.301368913614178	54
-0.033027809623416	0.299737894558906	54
-0.107660164460975	0.689008381815183	51
0.077457501156181	1.79742714405809	55
-0.120166763819595	0.525039424285164	51
0.012070702014754	1.33419762372513	51
-0.121478133579811	0.408201544070061	51
-0.059348364501427	0.654050990637602	51
-0.015283418962531	1.03110487775733	51
-0.006291300585304	1.03632406152495	51
0.073736426407398	1.71501263832183	17
-0.033584034676417	0.810070145145526	17
-0.056308091742959	0.585319838004503	17
-0.060646365147211	0.502931170584572	430
-0.112013717686874	0.322495185839312	17
0.106744122800892	1.78411768358987	17
-0.083770021968494	0.111041243729348	17
-0.032733943208385	0.264679308552753	363
-0.105454174320565	0.24260425173673	162
0.017566677477968	0.55623024693118	162
0.00874340759503101	0.611741891701228	162
-0.024884941232845	0.404535009904108	50
-0.000383693336992008	0.508866766378145	7
0.00833196176804302	0.558614440833816	15
-0.050020632528795	0.345804750230418	15
0.053136635833983	0.611990294529531	15
-0.004665282146565	0.388280907551845	15
-0.079273759091982	0.25851664031785	15
0.116742025811652	0.664693103642645	15
0.059004660728101	0.671239271158182	15
-0.090028874010628	0.301422683480609	15
0.060781420712387	0.676625688866786	15
-0.010344615516911	0.371261615359164	15
-0.118600749308319	0.210168158444429	7
-0.117680351254695	0.187238834558554	79
0.011822365314461	0.626817285683862	79
-0.057640016463398	0.26815804548579	7
0.00927513966670601	0.446761786784444	26
-0.003304787838732	0.442751140888123	26
-0.071819687816255	0.321205348709303	26
-0.112292340693661	0.23853714357929	26
-0.113646402158397	0.268110779377244	26
-0.025062059924628	0.441197671793063	26
-0.05392712378342	0.386519582937038	26
-0.078063330581368	0.260560876636931	26
-0.121289985650595	0.202994183569	26
0.015659944689959	0.473420320474695	26
0.119123008025745	0.660270284541975	26
0.045690009676152	0.459279060603964	26
-0.01078575281302	0.320195216730267	65
0.032978486925007	0.484752335747151	65
0.000679140525223998	0.521812335660478	120
-0.059110126922771	0.387637796523867	120
-0.076252744036409	0.327157115521637	19
0.106023000453499	0.854711184000189	19
0.047679425696735	0.679090121935602	19
0.019758500438407	0.567946979550511	19
-0.008249423327258	0.329935770568987	19
-0.052978999924743	0.38884304558159	19
0.033232801802684	0.724507838077498	1
0.065508742575071	0.572950780130192	218
-0.097898159479254	0.197963057988621	218
0.022332029363982	0.367531019564971	218
-0.044558487644801	0.331233162442869	1
0.019152029770661	0.493864833435235	54
-0.109283659853373	0.25845308298236	54
0.010590695315219	0.617758692643104	54
-0.053967611871558	1.2341690198022	51
0.011559685939189	1.87169505053613	51
-0.00372284729223599	1.33118579075521	55
-0.10998978150264	0.550340184295812	55
0.052288906342211	1.32350849580142	55
0.098047197740194	1.91988934721809	55
-0.119842327335513	0.493624234795237	51
-0.076998314504421	0.689969761623733	51
-0.035145764182135	1.03255345862909	51
-0.082612293379466	0.687135350504176	55
-0.087757292989098	0.683223481296919	51
0.064329225947091	1.51818486560402	51
-0.119006603995337	0.522070676257803	51
0.021645431563654	1.42996746630782	51
-0.064558829741043	0.793628330724411	51
-0.030714213032784	0.834741203932419	51
-0.020192561339884	1.07231878130561	51
-0.064540924698177	0.812159313975917	51
-0.057803400745525	0.632741945157291	51
-0.078546695613043	0.549083976335712	17
0.059284902737381	1.1730965375745	17
0.070899145553307	1.5763666323875	17
-0.123095127850383	0.30831784637579	17
-0.00244737926918501	1.14457943477274	17
-0.096933072181989	0.379634069894043	430
0.039665326872252	0.521021781835472	17
0.076461630400303	0.985469732345006	162
0.038855867511422	1.06385828569136	162
-0.083208382440311	0.371611922873316	50
-0.042188547856473	0.371059512168024	50
-0.106635399878407	0.287071353644022	7
0.063177880636108	0.697906527693583	7
-0.016767963356144	0.391852284573825	7
-0.018094449969378	0.429946010742231	7
0.020483586799432	0.497185197022886	7
-0.081706155297382	0.293500144750772	7
-0.119062684771526	0.209226021588888	15
-0.119944646099135	0.158089648481129	15
-0.022904013696404	0.40918131905673	15
-0.065973916684281	0.246831127707447	15
0.074872342623926	0.82191201438842	79
-0.088811921625549	0.304244020795324	7
-0.06193074878392	0.281791126308996	26
0.069526420643169	0.615285948307982	26
-0.094643046315134	0.25561693783945	26
-0.03182089730362	0.506279833727797	32
-0.042654636273972	0.339353759557239	26
-0.075569218714636	0.289891103959187	26
-0.113308597005818	0.16990779426195	26
-0.088784101999012	0.218297390113501	26
0.072428052468896	0.486718379262903	26
-0.047957738165654	0.382179506455102	26
-0.123276869054136	0.140460535460851	26
-0.064228684871767	0.348230117723483	120
-0.096214541052912	0.282343184370029	120
-0.043464850674956	0.40064481937472	120
-0.095491901828931	0.236178148693594	19
0.098873220438542	0.458136043966403	19
0.057566779384489	0.530390411908943	19
-0.066390586893531	0.40075603905938	19
0.00843026061806701	0.661451942976702	19
0.014703580838903	0.598285317373383	19
-0.0322798181768	0.335746043131415	218
-0.028599549180579	0.423992034357779	218
-0.103784592631882	0.154801075433748	218
-0.043183952278861	0.397465371992972	1
-0.018577749201944	0.382935280507821	1
-0.122471804166178	0.200813939882505	54
-0.120171570009529	0.239143172076462	54
0.016080539984628	0.804525562318928	54
-0.085107194820932	0.244774357268538	54
0.106999353510786	0.892231133999437	54
0.103498470644018	0.497020724963699	111
-0.123975364500646	1.14199658880826	51
-0.085529435042315	0.841354207402354	51
-0.117785216074712	0.586975207496763	51
-0.024040880590612	1.15174992113207	55
-0.058424680867022	0.898641082864824	55
-0.087265954946256	0.679903065094909	55
-0.04025477989983	1.01863438577539	51
-0.111966612268249	0.552878460132393	51
-0.092386217368997	0.656726732814156	51
-0.066723796065692	0.748850527562641	17
-0.094694651221894	0.540814419895871	17
-0.03879810819158	0.857455175898795	17
-0.091667114803944	0.582001390497796	17
-0.085743891526416	0.614374468330485	17
-0.09208676427419	0.620882944296656	17
-0.107733245437183	0.515999632087256	430
-0.02172043839798	0.8060457673982	430
-0.111309610237176	0.34554017442387	17
0.00265415787301698	0.666163489488327	162
0.076543300650565	0.682510771858012	50
-0.0919092420912	0.210198393978897	7
0.053596710863361	0.839848159249565	7
-0.039201134707543	0.418792712204045	7
0.047210237465815	0.57493052857631	15
-0.04978040068498	0.374129332970953	15
0.00424901695221402	0.592495047152768	15
-0.045935092699411	0.387023563292169	15
-0.079606266678352	0.334144704611099	15
-0.00689014402225599	0.429274022832425	15
-0.00555573885715699	0.432159769511907	15
-0.029295011216493	0.422259691026351	15
0.013247163481614	0.641598141986544	7
0.098471769830911	0.734134051328332	79
-0.085639861913814	0.300060972634677	79
-0.061397500192374	0.442873309856606	79
0.074397312106321	0.798584871318613	79
0.115749454409566	0.641817098126908	26
-0.032303946292125	0.30093947970128	26
0.019316128063598	0.561183355508244	32
0.087114370513499	0.809642016021811	32
-0.096054476039583	0.2351831050559	26
0.049769080199558	0.482425404969531	26
0.019284590358912	0.494238431986975	26
-0.117943456229019	0.222811636843586	26
-0.030014872424112	0.344994971362369	26
0.05356934957958	0.620356501841508	26
0.023181178937886	0.589119818552883	26
0.072964199072909	0.640576830125873	26
-0.049659966613042	0.346640945977706	26
0.07516185578633	0.662691940902767	26
-0.112012915861562	0.185453566515536	26
-0.101137447531123	0.208295953973087	26
0.071318348552581	0.794853289037652	19
0.104014066432647	0.804809238328488	19
-0.084140626422642	0.266532502651794	19
-0.027836474395459	0.464630453391708	19
-0.092797254821312	0.348013673091271	19
0.00277242308582198	0.532629957053454	19
0.049697052927307	0.69821793793161	1
0.057180467558758	0.409132626915678	218
0.089602256549159	0.841679131903949	218
-0.01145640155264	0.408370234462141	218
-0.073660082186989	0.231053062356521	218
-0.098042363652194	0.246223824929858	1
-0.045146138689427	0.392787553612493	54
-0.05169361948245	0.369669202447707	1
-0.025279275830248	0.359193190031967	111
-0.123822331108083	0.66483756492056	51
-0.099901631270823	0.848235670841051	51
-0.101882641030512	0.734372773100631	51
-0.012705886856253	1.37006797984641	55
-0.108023783818004	0.510699774866395	55
-0.005786276889341	0.654676266169733	51
-0.115592077272509	0.240665906464381	51
0.021771324049828	0.986689535441488	51
-0.042017464957407	1.05419638678776	51
-0.097631710842314	0.648665510007109	51
0.047813797624302	1.59343325294787	51
-0.024024460968244	1.13143483407228	17
0.00497959433990702	1.17914862320965	17
0.018821720130139	0.836016673311728	17
-0.093297049011632	0.586285542735269	17
-0.00270951698404001	1.14546061917254	17
-0.066202960316659	0.529545366760009	17
-0.085672228521031	0.647977210850135	17
0.055503667098115	1.53169659379727	430
-0.11953907780161	0.417464040807406	430
-0.055880376375168	0.765026121942802	430
0.010822973626813	1.38678549769591	430
-0.118448353609301	0.433344179608426	17
-0.106803158182376	0.415993011763254	17
0.027422107277049	0.915882797568683	50
-0.109474130365995	0.290825952497798	50
0.067129931240148	0.294985366714479	50
0.08713613950918	0.587377341545808	50
-0.046812899994199	0.511036605220715	7
-0.050859395426609	0.470971620773727	7
0.00627074716646903	0.683785957654749	15
0.030763433853004	0.628538930960428	15
-0.027919926671594	0.313262616452901	7
-0.089101543499821	0.272292793829601	7
0.082211866752064	0.762499532656402	79
0.083663284022969	0.354150068835449	7
-0.028705522139128	0.182168049121733	26
-0.102764927641496	0.155989606504971	26
-0.089167766403595	0.15668641939762	32
0.049002245132003	0.370916536135901	32
-0.073330553821556	0.208313815099601	32
-0.022850584489411	0.446961153620738	26
-0.124917785417732	0.2153297958747	26
-0.090460234542105	0.195892185223459	26
0.038792760568418	0.689543204186056	26
0.09717855519157	0.940261083425163	26
-0.076935869222862	0.343476512067728	26
-0.014459041027463	0.527836815772723	26
0.068745507080891	0.751027414398504	26
0.082573719418305	0.915872293065419	26
0.016223103887907	0.343839733274349	26
-0.096517187918425	0.166979579925506	26
0.00564613562987199	0.244291994461026	120
0.090830613367908	0.394257829304796	120
0.076538260056032	0.511570961734523	19
-0.076930812084976	0.346181731460401	19
-0.014104128714743	0.564589351327855	19
-0.087756548547568	0.322868391401937	19
-0.124384542527626	0.226275225370817	19
-0.060997267372674	0.334183368741928	1
-0.047546768283802	0.435271626457402	218
0.070435918116293	0.905071601392973	218
-0.113168457391925	0.170106446964101	1
0.03756056140845	0.214012700014089	54
-0.092918742415198	0.192401616012248	1
-0.123256756183446	0.230526259133591	54
-0.015196398980617	0.351413866302765	111
-0.088027294289875	0.891258295697176	51
-0.031049397424985	0.570536731870353	51
-0.048321289051438	0.429649314159695	51
-0.018002033186924	0.716692173735534	51
-0.073183274310348	0.650777583812127	17
0.017475196498301	0.665974241244084	17
-0.104936994586776	0.59340838668596	17
-0.123325019399746	0.377567938015375	430
-0.060772618966412	0.619348135789871	430
-0.099431457196232	0.624921224228001	430
-0.09601885279243	0.661271571663029	430
-0.115733798951806	0.47672379154614	17
-0.00685478652736299	0.27679864848349	17
0.114641153383745	0.618948543154706	17
0.014258725688392	0.53608469221273	17
-0.036188166819775	0.43049211976945	17
0.00435133085264999	0.582943626622699	17
-0.089345091659064	0.398481695838513	17
0.023839373481955	0.517816831970662	37
-0.08902123389531	0.156846789811814	37
-0.074416278491366	0.504077316210188	50
0.028903845192873	0.195290815804	50
-0.051307495074647	0.0933494831138831	50
-0.00841768284054501	0.215365529754684	50
0.070178438050179	0.474080702547984	50
0.022508656039231	0.704574667751589	7
-0.116553131156531	0.298403542206653	15
0.039080315810133	0.621364841926548	15
-0.098388645901899	0.290049551184489	15
0.033782297514065	0.486360002214496	15
0.02829493812554	0.621364876284111	15
0.047760389085299	0.58330575430801	7
-0.089188793716391	0.27212520022226	7
-0.00810672602000601	0.275185732805505	26
-0.084194546173995	0.303336458311051	26
0.077739957539073	0.685980208909209	26
-0.096119719321188	0.167483180283539	32
-0.00727711764887401	0.331600401338967	32
0.071550788220471	0.795834740391032	26
-0.056236377269048	0.398274956884828	26
0.033305294761447	0.573755737544903	26
-0.025194564809869	0.359340383366583	26
-0.108847044062867	0.245578354868122	26
0.101113059932715	0.482529729180174	26
-0.100149340673568	0.334891191418435	26
-0.01863422620924	0.466661995824682	26
0.077554813872885	0.513701078330741	26
-0.111466257751735	0.126140042200973	120
-0.1128453238137	0.184171617361968	19
0.111553398306231	0.572497331499226	19
-0.00786595845438401	0.33060613340983	19
0.039351457737394	0.432494493638569	19
-0.099474537025399	0.349941262000948	19
0.070966701872079	0.627118627221051	19
0.015112704684291	0.40759250661594	1
0.026093010062302	0.380653932980294	218
-0.050699178423039	0.093675900784545	54
-0.107655532318367	0.209122328574866	1
-0.071463058915076	0.279903382719279	54
0.067250678985041	0.295154035861003	54
-0.076078215709057	1.60284848143818	51
-0.072076238234672	1.38755362055304	51
-0.073779354921826	1.03987684098723	51
-0.118064641268544	0.651982732746239	51
-0.035331235223948	0.956467351791511	51
-0.02678892187108	1.14661679966419	51
-0.063086778923274	0.680538429646446	51
-0.117720440411115	0.254747523241917	51
-0.075357167664268	0.731261661497991	51
-0.00173442302794599	1.09867414618723	51
0.096404258606894	1.15434439300004	51
-0.018287060004855	0.834456025003728	51
-0.10751115413867	0.40027951126586	51
-0.062237357685633	0.497345611271782	51
-0.121155040150424	0.470242070795322	51
-0.124149881160649	0.393446622923617	17
-0.079796211869006	0.693269128259733	17
-0.046359782111091	0.488451448682801	17
-0.085133626498637	0.514700722297	430
-0.00600149578363801	1.20940671661406	17
-0.064606120456212	0.408666935905475	430
-0.04680980755926	0.751288355170235	17
-0.053776341061173	0.761870968493052	17
-0.044005379717182	0.272670012619767	17
-0.046461376487171	0.466707855630036	17
-0.059324720627113	0.387063707777777	17
-0.057403923224724	0.520173399593754	50
-0.068032809603476	0.377676252529156	50
0.05636547224732	0.635139651803022	50
-0.105772163276421	0.268472677849276	50
0.074689368342533	0.499513270420757	50
0.059309950066631	0.672058896597993	15
-0.06367152030942	0.369622200705666	15
0.086642466275944	0.81581962445749	15
0.122250416281465	0.730867348005499	7
0.054607738430236	0.500216925863681	7
-0.045225837271137	0.329938069542268	7
-0.065488138516126	0.294990243263429	26
-0.032945165823667	0.219863075183848	32
-0.120043052643233	0.237490052600448	26
0.048506549140651	0.571173134924533	26
0.06407024609552	0.561356322599863	26
0.040577858569765	0.707421646987745	26
-0.00115944943714999	0.458581766797678	26
-0.100361743966996	0.194307565887342	26
0.073040089974142	0.894129417755145	26
-0.109744947283989	0.110205427312441	120
-0.091069241119821	0.195048648080471	19
-0.073120664156389	0.231906370421477	19
-0.04341862764421	0.239442503566512	19
0.012436288691417	0.396134208873672	19
0.036118473710244	0.419409052676195	218
0.105749804698717	1.11991420914598	1
0.09917025483967	0.458620623175781	1
-0.008903693380205	0.511132199613805	1
-0.105547651071624	0.168891442469009	54
-0.070811074148675	0.158528003612739	54
-0.079892421285851	0.962110173357939	51
-0.096848124165667	0.778851247153909	51
-0.070087725632123	0.929486360918892	51
-0.096823057552556	0.729712675525011	51
-0.044310633633774	0.918130084700374	51
-0.111681267043426	0.334817302922889	51
0.111368935890095	1.31470031760877	51
0.064856659963432	0.571173379748071	51
-0.104914161172989	0.559885014923054	51
-0.108983420471872	0.602149546880403	51
0.052888543473555	1.17472016782206	51
-0.045131878810724	0.795897939521093	51
0.030951852148439	1.25938755231706	17
0.062893779296874	1.13489004729153	430
-0.052067280257597	0.806100031070617	17
-0.013106693026543	1.12991028628892	17
-0.033443467382587	0.841395058392762	17
0.101757105284191	0.473306475486934	17
0.01176780643836	0.394907118066999	17
-0.049503705123063	0.374879109480289	17
-0.092790685180805	0.335691150763973	17
0.00218038938082998	0.302514467400282	50
-0.039508315993288	0.549086261514782	50
0.00490004994815602	0.678931726049534	50
-0.105456979677487	0.0901953135501711	50
0.058680591391986	0.266281658097754	50
-0.041540634429499	0.2044774835415	50
-0.099051679044519	0.300610983247228	50
0.092428127691348	0.859187271776055	50
0.013720326772887	0.643169310069378	15
-0.056876477729339	0.420189828130701	15
0.037330669047054	0.684649950069894	15
-0.096769981357543	0.293781786002249	15
-0.088050029075692	0.219418618679196	15
0.028099375884917	0.460397474576604	7
-0.064722018943857	0.197565724657753	7
0.019396844650331	0.42245747700621	79
-0.11086900564568	0.126732300983103	7
-0.00510162378235901	0.535960005129537	32
-0.030473290395784	0.45348389522357	26
0.074410252957365	0.66050140471485	26
0.025637316041705	0.455032887670791	26
-0.022778496412321	0.482451704867241	26
-0.084576588580796	0.24569317840107	26
0.029204722448568	0.550266718642973	26
-0.092763424000501	0.276403455850252	26
-0.005731189902284	0.529460308634359	26
0.055924116967733	0.518896809527322	26
-0.024404084093484	0.443107282111315	26
-0.097347922473228	0.307087670598034	26
0.00034030825421999	0.516034276397878	26
-0.033724043063976	0.333047102268483	26
-0.099339922168115	0.142029576581485	120
-0.100190001249263	0.141135149922327	1
-0.076559487592358	0.287906173109935	1
-0.012228565426565	0.534493055913184	1
-0.10777090676686	0.284343081274671	1
-0.104625979821797	0.153767516901222	1
-0.089167766403595	0.15668641939762	1
0.041563344505629	0.635102719917679	1
-0.000399467563305	0.408258056031055	1
0.014277690188975	0.2613785820409	54
-0.061761658119897	1.40831098825803	51
-0.048295129223095	1.48094041353839	51
-0.055351678125452	1.0431228875652	51
-0.035533889942132	1.24473794333331	51
-0.097800131528159	0.689041844501288	51
-0.078207689345925	0.807068501608434	51
0.002335077779063	1.40684642893746	51
-0.05716163585563	0.563644045542855	51
-0.011743894061784	0.755869039746733	51
-0.098542829911861	0.423698013927297	51
-0.079675825966655	0.532039908542256	51
-0.083534372788289	0.707758552995677	51
-0.094062021049451	0.643533310303954	51
-0.048245643743382	0.760337070235349	51
0.00194214763623601	1.06460788963381	51
0.072940498455159	1.30829057589604	51
-0.056146933964918	0.527565075713561	51
-0.032620023829312	0.900893714257219	430
-0.074282729949257	0.66335486657874	17
-0.00161600499843201	1.07119503854128	17
0.048404090046402	0.578170864916431	50
0.010633913005785	0.627879263256338	50
-0.091519788476482	0.295431582266951	50
0.085929905351107	0.766388788823278	15
0.123145037054653	0.882255924809901	15
0.031211586285992	0.561842383064125	15
0.048786805976437	0.675909795977372	79
-0.00999672799193899	0.46892632572595	79
0.107259453897171	0.524157288684373	7
0.064111439086302	0.281889196594252	26
-0.115278763725818	0.230288150132844	26
-0.082065577030593	0.232442400791231	32
0.016712829985587	0.475765676407076	26
0.042855295534835	0.632366328501463	26
0.022966339703212	0.515626787211065	189
0.023712632638476	0.584890971558904	26
-0.109161610667515	0.22002281964303	26
0.033865333215661	0.581490761777553	26
-0.102461659626095	0.251084265769335	26
-0.033878493476727	0.298340604086364	120
0.031719797572508	0.563199032911952	19
-0.117449574230646	0.212343976518543	19
-0.016526842988968	0.517457412596908	19
-0.09236322629899	0.209514663092937	236
0.085120783320033	0.573705906662009	236
-0.124424636082343	0.20786282390746	1
-0.00322071227069001	0.288309728269146	1
-0.105684043590822	0.183569358053401	1
-0.012929252234318	0.316646601626486	54
0.052129820186605	0.384138153639135	54
0.095628611494605	0.42193892120595	54
-0.09019441621592	0.976980946044056	51
-0.113342939257827	0.687121512197719	55
-0.085323664205035	0.839949804931327	51
-0.073558444786525	0.840967739649364	51
0.005386172587593	1.34573705085893	51
0.022125903075261	1.42337009477772	51
-0.117627230968115	0.382148429995611	51
-0.023631421213332	0.898828799989939	51
0.00759501008806401	0.929763943950123	389
0.00959428302089399	1.38881916374083	51
-0.00437287033557801	1.14905259066452	51
-0.060206204841884	0.528063645065986	51
-0.094892945861072	0.589959823682144	430
-0.016399756168301	1.00074063117705	430
-0.088509359882713	0.580205556768144	17
-0.104520003547753	0.331377180371547	17
0.06069241948481	0.900614603672303	17
0.067009244332635	0.294795318618148	17
0.12311465911296	0.764218517789733	17
0.051990450302276	0.802726926843949	50
-0.040131503556494	0.470261031666207	50
-0.0102990614906	0.507317341115057	50
0.00372792884749901	0.581440057241095	50
0.093677661575214	0.918605487629051	50
-0.012700282944077	0.491437814627018	50
0.104307356138851	0.831904918398863	50
-0.080169923064177	0.0716855910060232	50
-0.118703972337159	0.172660146709466	50
0.107539572192523	0.868617000988088	50
-0.103388650389344	0.285649566767214	50
-0.083309257774653	0.305315124976968	15
0.012119786015856	0.524813661850161	15
-0.116799059893083	0.201393547808866	7
-0.113606422666355	0.221903588296613	7
-0.045395212017291	0.392173700223201	7
-0.044426219579391	0.421433032677864	79
-0.016237755997366	0.434222021183614	79
-0.014535774328647	0.486563539170767	79
0.010705988131632	0.515569147405272	79
0.105903896800495	0.86300308468911	47
0.085218810317466	0.780114339399464	26
0.078062579497503	0.694906620095536	26
-0.112630239161979	0.211262067551887	26
0.047134808486425	0.567755044886506	26
0.02322154847889	0.516286696434308	26
-0.068613022559382	0.288911010429935	26
-0.088865398807764	0.290160813104799	26
0.123721704927927	0.765842705309688	26
-0.015400278308504	0.441132504975996	26
0.034144632895045	0.408801109167564	19
-0.102679414605312	0.234704210761001	19
0.078368566314078	0.687771076618382	19
0.00999122079242198	0.578222266107321	19
-0.082084539705462	0.232404921726594	19
-0.074697885671212	0.314794244806853	1
-0.100183256878874	0.242079651375179	1
-0.112566952651663	0.184570532775204	1
0.013317413149306	0.260304140211822	89
-0.016329241862589	0.349229845951687	1
0.010829481270454	0.510183504162249	54
0.115758318566163	0.631677772569344	54
-0.090641979430893	0.852414153971642	51
-0.098088329047726	0.76711487960287	51
-0.097692319002378	0.68919669099467	51
0.040223753616617	1.74227441740438	51
-0.052340860448326	0.930147500162349	51
-0.073454744867523	0.770082631217531	51
-0.030393558880053	0.879693080560086	51
-0.012568834916914	0.953749101676731	51
-0.070984832040902	0.746179825828579	51
-0.107229588601377	0.370044747107433	51
-0.061413047656377	0.401477070042561	51
0.00723886338591301	1.27325753191327	430
-0.113739099537079	0.492477568576205	51
-0.119821353433581	0.456211298744844	17
0.032845023481057	1.00520031125427	17
0.02657584373465	0.530971934401182	17
-0.051511344749048	0.282828799789601	50
0.036731214800615	0.676897493668053	50
-0.099329106814359	0.273037941789323	50
0.014922775160394	0.532168889014623	50
-0.018132796714089	0.472475014195312	50
0.096332127491502	0.913199914778669	50
-0.082656567924131	0.142581797893319	50
-0.102737067942218	0.250520593055442	50
-0.052730016596153	0.431719947284248	50
-0.08066231082976	0.397357868136396	50
-0.00448910382090401	0.585041318780407	15
-0.120060021058954	0.229180119303581	15
0.000572151682925015	0.467757090371975	15
0.02335581418185	0.516625122140625	15
0.021453908976759	0.583917678776758	7
-0.043158700132654	0.3689093450691	7
0.066042218868695	0.721102255506709	79
0.078429915532111	0.71173387636768	79
-0.048488420817412	0.261223982294594	7
-0.069764203584922	0.159570529020039	26
0.071210801529039	0.309329545263693	26
0.031282308187459	0.396683306151427	26
-0.09989508702358	0.195028746258108	26
-0.091317081013403	0.194700834244059	26
-0.00504734086814301	0.387520464483625	26
-0.060308288180744	0.312754059645342	32
-0.063108126586606	0.329533091896901	26
0.000876095846882974	0.468842047787815	26
0.00434118786169102	0.42419433587482	26
-0.055143061526788	0.354370853144918	26
-0.088609562546358	0.273272291753398	189
-0.085849447116951	0.243463315255578	26
0.105334448629369	0.83532312155226	26
0.023309676845529	0.589503340580151	26
-0.078211175429336	0.26373313043354	26
-0.084598353896368	0.265651677976122	120
-0.100873839990659	0.254315323192218	26
-0.09758586241745	0.279302910711755	26
-0.056304531920185	0.377232727198554	26
-0.058671051372486	0.368079015084649	26
-0.123559140266457	0.125968236594285	120
-0.018861011617231	0.339417481233168	19
-0.00568027179711	0.386197302377568	19
0.065931681858101	0.449508750234028	19
-0.091327597599288	0.28218200039031	19
-0.060724890882642	0.359813239444218	19
-0.074685883638338	0.270385903273783	236
0.028740793095765	0.548877121059787	1
0.07938023577351	0.526026071455416	1
-0.091700454789894	0.19415731455408	1
-0.00656591082350999	0.477732246744382	1
-0.081069672524023	0.194005711496346	89
0.097078635326737	0.444899139684909	1
-0.118074950704411	0.657421348410806	51
-0.045059273391289	1.24567106548673	51
-0.114688545554783	0.646642443654662	51
-0.062411092620721	0.835644125305094	51
-0.123939463440171	0.452138462956854	51
-0.058853536343489	0.71356141464767	51
-0.032523417684169	0.700463284801998	51
-0.09023473525885	0.520029813683189	51
-0.07236091319095	0.572585730220076	51
-0.060105389865869	0.587345727692124	51
-0.015083018758345	0.798269477808313	51
-0.027718044924933	0.699408357237067	51
-0.002968314367156	1.14098111672703	51
-0.025503060862172	1.00604644876596	51
-0.08438433571462	0.683999168348102	51
-0.124170590308109	0.437757756390966	51
-0.117309315495249	0.422141697956753	51
-0.083997691751819	0.680814346644703	51
0.056053275583017	1.30151214723861	51
-0.101221348201169	0.452828266114118	51
0.081001714416411	1.84627589642697	430
-0.085536979980383	0.548807027826392	51
-0.032080362511335	0.827379444004994	17
0.030636325488893	1.21984508081095	51
-0.024291674172862	0.840964126031428	51
0.02486933663823	0.289234910721833	17
-0.063343979438377	0.412266143865768	17
-0.037960572640712	0.449856758628864	17
-0.090192163511852	0.284636735590264	50
-0.047395646315986	0.355483861750428	50
0.102555059533233	0.808672403246857	50
-0.06717766705075	0.268541149301831	50
0.04126588803267	0.634136030155213	50
-0.054411887196536	0.359671503021687	50
-0.036014676874065	0.486236648832646	50
-0.078201683103705	0.281277432027789	15
-0.117140276298842	0.224382677772028	15
0.101684868374381	0.779843302999261	15
-0.049152706043853	0.379324037336488	15
-0.034266487700003	0.401734909056745	79
-0.083503909966841	0.286828858410911	79
0.095969455512801	0.644905606528224	79
-0.000873383872091987	0.507650750790355	79
-0.066423122471768	0.31880262540012	79
0.104404105976984	0.51861891647337	26
-0.108210628512002	0.1114987303908	26
-0.080050523541169	0.1953608476273	26
-0.045839022176289	0.358928657971922	26
-0.034738521418582	0.331112818365197	26
-0.113548526284916	0.183062271119614	26
-0.112941893214076	0.170426063375491	26
0.044177187024508	0.53857143333847	26
-0.067348310058054	0.291441871857466	26
0.00282913384550498	0.532728985182429	26
0.025318181875894	0.60104228856227	26
-0.104075318904479	0.247687693639413	26
-0.058896102827672	0.342361883705752	26
0.042427389935709	0.445596282694923	19
-0.092518319687105	0.209281663765387	19
-0.057402222374663	0.294015940483905	19
-0.056203156553795	0.32502803371315	19
-0.031275904189692	0.447343456688841	19
-0.061625941143116	0.257714531562591	1
-0.108254625943452	0.221595234526502	1
-0.117869025697018	0.186943922599233	1
0.011215548941998	0.393808400903084	1
-0.038702909822428	0.318995279091693	1
0.00962011208462499	0.326804460104683	89
0.07941993465222	0.3388704122215	89
-0.102842522583943	0.155915789381785	89
-0.014662682886045	0.352380320263873	1
-0.00281303944883299	0.344856842482453	54
-0.088496111567785	0.180619968056972	54
-0.114746362132784	0.954738667138013	51
-0.091030822008223	0.943205906749344	51
-0.116188276943707	0.739952549047474	51
-0.114420321708018	0.648353912676234	51
-0.042243826350543	1.16247700146572	51
-0.074456373491482	0.757499533384016	51
-0.085390837716477	0.540454336454569	51
-0.071931263382976	0.657171644745422	51
-0.085914643645666	0.655055132898091	51
-0.066036153675333	0.787110502083709	51
0.021730266136173	1.34975181243842	51
-0.073016012340212	0.755322179564185	51
-0.102467874310972	0.534039203216031	51
-0.043900468379206	0.75429550066761	51
-0.064979313588454	0.719248422747529	51
0.042914262459178	1.42191877619129	51
0.00720286032696999	0.977856975194487	51
-0.093788821386265	0.432041826009923	17
-0.065292233793698	0.605196048192559	51
-0.115334835596633	0.417436439259201	51
-0.017748276592528	0.505220774311594	17
-0.087563051140215	0.33913052719287	50
-0.037658617802453	0.422882707710654	50
-0.02145416027466	0.41253844899232	50
0.079069129364742	0.713727324942809	50
-0.094688597633268	0.255480026756923	50
-0.013388894436301	0.261896155797031	50
-0.093878549176997	0.17021209681036	50
0.102486073606179	0.799886892212407	15
-0.069989851260219	0.282713164535253	15
-0.099512535917794	0.19560566264299	7
0.028424216306412	0.541969785326642	7
-0.100074200086197	0.255947031292603	79
-0.071500514377871	0.325131251962886	79
0.091306523295364	0.394956696204555	26
0.046101580997002	0.358254937499474	26
-0.040628211067227	0.378714823504156	26
0.094013981057538	0.659034345100827	26
0.00973169724759698	0.447793446908693	26
0.098278576281427	0.716133811035589	26
-0.056233926372585	0.270633249666414	26
0.100308843373673	0.721955964774743	26
-0.058862716347173	0.342489247084052	26
-0.06053598146794	0.338718181885868	26
-0.063591867437835	0.349707150211025	26
-0.089338805654927	0.234173413797444	120
0.119885052580992	0.672594920839733	120
0.105845047041307	0.871165502447378	120
-0.106393123816791	0.196998353939054	120
-0.008958875284799	0.27397078522599	19
0.077493601666688	0.513343398341197	19
-0.119922846593	0.19357320374898	19
0.091110927684296	0.624168979248814	375
-0.09343766251694	0.207869736118276	375
-0.065350220924833	0.271674667307148	1
0.093907873355918	0.658728059261034	206
0.010258271945096	0.448997756786684	1
0.03018668629515	0.303788503354981	89
-0.071306632115645	0.234683270163185	1
-0.041897176742506	0.308529365289775	1
-0.071196182067896	0.185356960357061	54
-0.092698591990598	0.854625857466752	51
-0.124807528447353	0.58871093586919	51
-0.115671937257374	0.533891711534385	51
-0.026224748644822	0.743237095040839	51
0.00208982107365502	0.806347453434838	51
-0.098720922052026	0.408512004727924	51
-0.074804500506124	0.533715766475472	51
-0.104616106926501	0.570985969283238	51
-0.058417857523629	0.669374659477475	389
-0.070233355789966	0.740887827208713	389
-0.035720553094844	0.850153271137164	51
-0.119422453688663	0.395411951610162	51
-0.116216085920173	0.48309249318979	51
-0.019861399549217	1.06939353858005	51
-0.047374590486332	0.764880244404574	51
-0.085667494150371	0.417313181266624	51
0.072288243088474	0.784294356252071	51
-0.098042174086258	0.436122020584916	17
0.112976347161618	0.595308526851469	50
-0.094538864664107	0.255811568043275	50
-0.082446521247929	0.142785806289868	50
-0.00773551010402099	0.216037631573834	50
0.045079182061828	0.231985054650476	50
0.020773662311324	0.570927481088252	7
-0.078438126129042	0.322035355742731	7
0.01156895957289	0.523311050032932	15
-0.060703678624289	0.338248647359358	15
0.059574796442288	0.542870702201802	7
-0.037448352451721	0.354442548592143	7
0.000526964714162026	0.356375937562516	7
-0.0418880689795	0.371755622474041	79
0.03678308937162	0.513907282025701	79
0.123268284507959	0.733557462517356	79
-0.046218416233548	0.296373852082172	7
0.00698535672281198	0.245844524310977	7
0.122037577142984	0.709447957581602	26
-0.095002421148757	0.168823745763666	26
0.107823792064981	0.535433878268602	26
-0.076213565167576	0.267557276731119	26
0.064041013062406	0.56942655833516	26
-0.071287461420687	0.257567775984072	26
-0.081394081116409	0.254673252170781	26
-0.124023417837729	0.174631159562923	120
0.04843343722709	0.570930653999205	120
-0.062077211587643	0.331813455642832	120
-0.019985178890753	0.379993730706069	120
-0.070401303949861	0.158942107076927	19
0.033309722615074	0.407317423094781	19
0.0000865563027879768	0.355564510870578	19
-0.040477531205051	0.379061907753755	19
0.093554331993409	0.639406998408432	19
-0.058994550202564	0.175273013489839	375
-0.038648275697139	0.285783391753545	1
0.117675579499475	0.667167941480435	1
-0.116535314791451	0.189113401550689	1
-0.00701892803742801	0.276582173855349	89
0.10786530937781	0.535232591598557	1
-0.017136720749248	0.347755236784329	1
-0.095975760080212	0.167662282413177	54
-0.110974930165335	0.955223704212046	51
-0.091111452106466	0.855759829689216	51
-0.022001872393828	1.4858427824833	51
-0.115906009802252	0.51961050765119	51
-0.056332793251109	0.863071375611471	51
-0.10102185175651	0.389817064021357	51
-0.079998706560092	0.383320933670381	51
0.101696316694425	1.30300095153403	51
-0.117699864324666	0.293435668926249	51
0.123795173581365	2.35302835900115	51
0.08684401869883	1.79514535910381	51
-0.113691003049187	0.430640651728974	389
-0.10866717991405	0.450801658187682	51
0.085975734073893	0.951510574500433	51
-0.124081280393058	0.125362315979834	51
0.039279797446661	0.432329313828	17
-0.061725603225704	0.380755983027346	17
0.092733195571543	0.646510449554528	50
-0.114502402006786	0.231865456563425	50
-0.093880754952463	0.257104023214308	50
-0.048893606889557	0.376274353866771	50
0.092391261965513	0.627339536868965	50
-0.0678015314104	0.393870491610723	15
-0.00278506467859599	0.547441102946703	15
0.016163581291893	0.546695212152692	15
0.104883624080709	0.825041025776027	15
-0.042769618407642	0.36977195726847	79
0.000918647889119995	0.468903822500475	79
-0.118517652666418	0.198363175346924	79
-0.121588116762116	0.128177762142402	26
-0.001263254503893	0.229712211724455	26
-0.067827930730642	0.129342346787215	26
-0.0079421925531	0.426836982559317	26
0.111013706215221	0.571405082675513	26
-0.092725301672564	0.244127432205165	26
0.10523287170592	0.852157217261145	26
-0.095319404260415	0.236481008027112	26
0.013822567135847	0.529245954933909	26
-0.109040398792015	0.233080446971629	26
0.124486894297785	0.828722617639117	26
-0.099299524128934	0.243818464852186	120
-0.080116752142585	0.29699072997324	120
-0.105014838174045	0.230266689736393	120
0.042423917632613	0.534638042517718	120
-0.012409125976993	0.31750724394335	120
-0.122604068614366	0.112046544137272	19
-0.118870818713894	0.172429939601173	19
-0.018577749201944	0.382935280507821	19
-0.038816631383341	0.351670076523089	1
0.018927515266862	0.355121644978148	375
-0.080826776138511	0.255692198021818	1
-0.092899897002894	0.243878011365715	1
-0.015085165573155	0.395369574244233	1
-0.038791621937375	0.386999981691911	1
0.042013604861803	0.343988747403842	89
-0.058882238576683	0.175389130791143	28
0.00889400288441	0.383394213637393	1
0.013059521993101	0.397360925416577	54
-0.123234384659656	0.637080644446704	51
-0.027047827782567	1.02406100410212	51
-0.019465251653358	0.580892685635074	51
0.018715569433443	0.845593602579892	389
0.079670177374312	2.07019745535754	389
-0.115475901642373	0.466039136903217	51
-0.118291006826249	0.482921745797749	51
-0.00521422099834101	1.02175211170168	51
-0.091565301455359	0.601101306421283	51
-0.01729570472512	0.997756630440165	51
-0.076912916888465	0.638171516207753	51
-0.00614696703126	0.570833446466891	51
-0.122628470084391	0.221940387342187	51
-0.118151384974716	0.326609575392318	51
-0.113753575065723	0.380246443823231	51
-0.00883188360968301	1.07864242988819	51
-0.050511783227434	0.5857927326953	17
-0.061920621928085	0.49843578549461	51
-0.016840220560073	0.200115731037236	51
0.076451749317584	0.325404810653541	51
-0.071705925365177	0.234010342316748	50
-0.072495840115303	0.232844994136064	50
0.082182378743781	0.73910074096416	50
-0.03871656677539	0.383017570140903	50
-0.081913918055446	0.143286778994925	50
-0.067394896145669	0.129682888991469	50
0.020746139663826	0.276497032299218	50
-0.106379129947673	0.182535381560443	50
0.017269018059129	0.723283049580477	50
0.048486603126512	0.58528780142179	15
0.035752816484465	0.497913058219811	79
-0.119656718693836	0.171233855546338	79
-0.072248051363789	0.255970331602888	79
-0.080892020905427	0.295336151245448	79
-0.056449315856862	0.324513865142291	79
-0.041499242272673	0.372600802614546	79
0.067236157705521	0.593355028818593	79
-0.105222317693907	0.169319005564582	7
-0.010131079765725	0.213449595408334	26
-0.087416411239963	0.18198919457275	26
0.036431017417022	0.419972006254141	26
-0.094092748339312	0.241577174920979	26
0.076543300650565	0.682510771858012	26
0.090925566613478	0.623806405436814	26
-0.077578931259265	0.285793384982876	120
-0.00358893525220899	0.395990100015	120
0.104471603495525	0.814969321049381	120
-0.030406452299821	0.383025471441303	120
0.119718287205999	0.703376916902167	120
0.098885426883404	0.708856630498927	120
-0.060271802708839	0.284662934957682	120
-0.05656733976877	0.212378172339383	151
-0.044497688009784	0.271831839610914	19
0.077088428619547	0.512793317516778	19
-0.042532375306256	0.307400250182297	217
-0.003364708051523	0.288098064103782	1
0.037393637208393	0.604088374974146	1
-0.037462364111496	0.252776118439512	28
-0.112077720689633	0.185364349709749	1
-0.041839017849247	0.204139877078984	54
-0.053235359016474	1.40669912012501	51
-0.117916504270641	0.563131626268161	51
-0.06633636648873	0.824865666633238	51
-0.082809156640285	0.786542911569886	51
-0.110338444605119	0.442373094648571	51
-0.026156532368098	0.743529843285329	389
-0.017962574202233	0.812338415076363	51
-0.06558985597236	0.494696962166684	51
-0.123142168522171	0.26657423642163	51
-0.000137371680449	1.26496585724838	51
-0.025045102738537	1.06799043012668	51
-0.073552598566858	0.674821725667638	51
0.068437724076823	1.00491626959424	51
-0.095297274320618	0.411451510255189	51
-0.108119952815794	0.529724443008491	51
-0.099185704551007	0.590866451818954	51
-0.118420205740759	0.478149211521483	51
-0.123286200041611	0.460186267697464	51
-0.00746945227343801	1.19408207663361	51
-0.123188248377729	0.451768981534033	51
0.123707601877556	0.836154016223118	51
-0.042128280828426	0.340462803382673	17
-0.037901656937731	0.476992851862153	17
-0.031211417687463	0.266930431974031	50
0.036784510956627	0.420633166335031	50
-0.064919156865563	0.38893127765242	50
-0.01124314710967	0.461085094798962	50
0.108160181320133	0.896381726302009	50
-0.086091144952594	0.259630583480256	50
-0.086864354591088	0.294621613356282	50
-0.050378062415762	0.420618621573294	50
0.10204405553241	0.484185671942839	50
-0.08179199064484	0.391544699968683	50
-0.053195844606555	0.433788583745562	242
0.070354784314685	0.897957333226138	242
-0.087422178860324	0.293398722366126	79
-0.00894749259333599	0.374156004569677	79
0.039543194382233	0.513447857764693	79
-0.12102048838786	0.203477611373167	79
-0.08120629860086	0.143971326479705	26
-0.014041565555228	0.132632947500883	26
-0.039248869564679	0.166102088871789	26
0.120065355043385	0.704225716904815	325
-0.081308866957593	0.193683164199503	26
0.023709554818259	0.369804396376378	26
-0.09289586892503	0.258935924612375	26
-0.052833592204851	0.280471922634259	26
0.088322254181823	0.598864814154864	26
-0.081850251579908	0.232790877865648	26
0.094646539339911	0.660714910942952	26
-0.088156820114121	0.27427207588666	26
-0.026491199708494	0.433514698192924	26
-0.091854773010242	0.28102742847655	120
-0.00532147176978401	0.386896130071591	120
-0.095818317697662	0.12627040913379	19
0.09413467935842	0.419672203685189	19
-0.099811102716277	0.195149335408145	479
0.102756413987567	0.774253350860202	1
-0.118252981313531	0.17336261786484	1
0.123180496220358	0.743565686226398	217
-0.051192982682916	0.283386706868862	217
-0.063666858029675	0.302330638481338	217
0.096980827128808	0.423697039421254	28
-0.072310587610501	0.255850423060877	1
-0.02515047013922	0.234874693706738	54
-0.099045091908267	0.142316265967189	54
-0.090729396254794	1.06516648508686	51
-0.112065949400557	0.904853638226727	51
-0.016729942860991	0.722245719481704	51
-0.085348405777612	0.490153518693722	51
-0.091212902123755	0.658836316196238	51
-0.122631447368292	0.348154364495946	51
-0.107901639577437	0.58433896187766	389
0.018418732061191	0.98983073052138	389
-0.120414024430935	0.360587175192082	51
-0.102975635800853	0.53033632113357	51
-0.089965338803992	0.629165233051021	51
0.00513016862522198	1.14634451059647	51
-0.019636429868366	1.00899450722048	51
-0.099476633028234	0.547207952238866	51
-0.026679111835538	1.02152790014579	51
-0.082618351641524	0.231532830594812	50
-0.046921121017908	0.295143109945328	50
0.0151777636783	0.407697228300473	50
-0.072615474220266	0.341661572707661	50
-0.014078279722319	0.487484002081549	50
-0.120732202293319	0.156997768600625	50
-0.033916266020515	0.496240432048112	242
-0.069075260308497	0.426246811683427	242
0.091199003096926	1.0409411709528	242
0.118374375500731	0.648090613288997	79
0.020249616452666	0.424101084370908	79
0.054990153966337	0.734890935793326	79
-0.106307674223954	0.197134214574258	79
-0.094191451114104	0.206691308874976	7
0.067672061875387	0.586278784157872	79
0.101409196012873	0.761284360566047	79
0.051587749013645	0.248943007445274	26
-0.00190288209239101	0.229005333571723	26
-0.048894962512951	0.190992856074358	26
-0.022861047052255	0.409363382774308	26
0.11583284682807	0.621707354439257	26
0.07276122600906	0.623552007555769	26
-0.121524957612075	0.23431631604677	26
0.070479119650012	0.61781709083852	26
-0.032121328295792	0.374847647493793	26
-0.082284453494084	0.307573837588173	26
0.04041344491132	0.61886302937312	26
-0.032900507569961	0.373021194639311	7
0.033398618642193	0.492430188721607	26
-0.01759427309624	0.303632508359244	26
-0.061595710462645	0.306334107114854	26
0.049427140638495	0.697295200781968	26
0.055944767140344	0.634098482856846	120
-0.014369169087087	0.132445438925192	151
0.075859907400593	0.32460001833439	19
-0.112682729118406	0.156584238943441	479
-0.109894034351221	0.127711029475331	375
0.00444017618495002	0.424317983222395	217
-0.072866167357807	0.254885191731998	217
-0.065242151082839	0.365752009941368	1
0.062372745170096	0.793225283753076	28
-0.072997875368394	0.321658047085919	28
-0.012768597550622	0.262701737338174	28
-0.052704418222965	0.147994591480261	28
0.013210510719878	0.260162855932742	28
-0.107265302022716	0.223554129593681	1
-0.050407733734738	0.189407694078091	54
-0.11037495303789	0.109610222535762	54
-0.103327635560812	0.949612890762203	51
-0.018410920119673	1.76587498888194	51
-0.057528179045238	1.19381348320059	51
-0.06747786763656	0.922909147089777	51
-0.092381753053394	0.709406803812383	51
-0.053559777029745	0.903252822984038	51
-0.112197369942344	0.54262070493427	51
0.079184329017175	1.30339167789384	51
-0.04817677062224	0.906611045638161	51
-0.01281432753287	0.955587379591003	51
-0.074511386577795	0.519348544325878	51
0.019721249693791	0.684209928665371	51
0.02555007752488	0.664739616874885	51
-0.116022645387543	0.386419389099025	51
-0.123343064923696	0.42898311580303	51
-0.11777310446212	0.446956397512513	51
-0.102170752285309	0.40103022856704	17
-0.017309067098041	0.584449808526304	51
-0.016988150533609	0.199991704000137	51
0.00738213549774702	0.436652376326121	51
0.045401173655332	0.556271921155936	50
0.012759448963326	0.396817637294805	50
0.064966924242469	0.563359694708482	50
-0.095749417959821	0.220193041530531	50
-0.072497156645461	0.341932399018462	17
0.0669308986577	0.738107755598111	50
0.038002405642601	0.21439466206245	50
-0.020799443352393	0.556535410422483	242
-0.023910250160931	0.542659971209921	242
0.055327523558806	0.834134230751567	242
-0.056436593873677	0.444508524471341	242
-0.101226674530536	0.327569759443798	242
-0.036494757742789	0.453753907493028	242
0.102113376594994	0.772322362135089	79
0.02274989013537	0.508922497373867	79
0.124138731442849	0.787725730419653	7
0.034764010756753	0.317804696900733	26
-0.119440909168967	0.171548183554839	26
-0.092619129414616	0.244411668285299	26
-0.05203812824641	0.337633772294463	26
0.124735045491048	0.77917701524745	26
0.092094476914891	0.635683496846746	26
0.032276668870843	0.483185145075815	26
-0.029930453376754	0.345159903501583	26
-0.03893817943935	0.382550821355331	257
-0.028630464844917	0.458462083012574	120
-0.104440618614767	0.259578193386707	120
0.00889400288441	0.383394213637393	401
0.085888184662086	0.57545395796269	401
0.117458028763319	0.646015640316645	479
-0.023504835125942	0.40787816473772	479
-0.117615607233074	0.187361437704897	375
-0.119038349381536	0.172179911507341	375
0.018839587989649	0.354973442506253	375
-0.017430562523146	0.199576614438968	1
-0.047027290592494	0.294926138777771	1
-0.009365677129656	0.465626073411759	1
-0.086729458776526	0.182866348916745	28
-0.064200871454155	0.198219220355278	28
0.104425110710902	0.518752745661381	54
0.101113059932715	0.482529729180174	54
-0.052345907543672	1.85858442766516	51
-0.103024966177182	0.580825951413805	51
0.040850586133305	1.27190901101022	51
0.115673389813397	1.5100716836415	51
-0.030147769648228	1.01411008870387	51
-0.112535248480626	0.555782068768636	51
-0.117966600746885	0.480330082412645	389
0.050334072706611	1.34895952586719	51
-0.091725832538703	0.492449598121821	51
0.099828667895168	1.86939887456793	51
0.010199695770782	1.09076898722333	51
-0.046748950703363	0.694126985270602	51
-0.015778937944753	1.07722351411953	51
-0.08830501824957	0.365303440258177	51
0.063129039422212	0.567098279549564	50
0.073366443794769	0.641605347559695	50
0.050447484365504	0.784622060653921	50
-0.099598360113973	0.228671609345359	50
0.0525912647913	0.249963556755146	50
-0.119530313860846	0.258482778054096	242
-0.111960290008343	0.272179525679857	242
-0.043174143366497	0.368900751751876	242
-0.042292435501058	0.37087040643295	79
0.109378776292103	0.900771252952139	79
-0.11292041298171	0.197616495556186	7
-0.00319667405714399	0.344190275700392	26
-0.067732108037349	0.244024041604062	26
0.00735951892581999	0.246234566808506	7
0.074675544869882	0.499412524426447	26
-0.017136720749248	0.347755236784329	32
-0.09578577630516	0.220051440502347	26
-0.049060384344333	0.375881844675152	26
-0.118434761220109	0.21045179039707	26
-0.037217201077867	0.424046305358376	26
-0.115465231633116	0.25153594259926	26
-0.033526295036876	0.371725720960743	120
-0.046392454841709	0.361463728598073	120
0.102085352999806	0.807175060442388	257
0.045449603555562	0.56338599869498	257
-0.058963109872973	0.342255885296775	257
0.075416829508598	0.663404072505497	257
-0.00522874310278701	0.486260042280703	120
-0.072762478166312	0.319109583171434	120
0.057305045164044	0.645005673563404	120
-0.099875949350538	0.179563571245468	120
0.090684250987047	0.394014727439263	401
-0.057076789777813	0.269191865354448	479
-0.095815582792297	0.220075345987092	1
0.010293555275423	0.449076372739655	28
-0.071079011407346	0.280692443735947	28
-0.061387722312048	0.233276653287039	28
0.075299749182825	0.500737664124451	54
0.00519684638498302	0.313444521144909	54
-0.00787114193143301	0.275520960315505	54
-0.024381415412509	0.235823121888986	54
-0.109319984886316	0.67149644283513	51
-0.109920056670933	0.58718311306822	51
0.00434180790577698	1.24364543422018	51
-0.116238262253307	0.449099738499019	51
-0.102791016777863	0.497618145437325	51
-0.124569810287022	0.468563928655318	51
-0.044967681481852	0.839455914270498	51
-0.035424844666796	0.79731937600649	51
0.067508322441309	1.4103079384088	51
-0.065657635977323	0.724791919428598	51
0.118596818215078	1.57035322251895	51
-0.043686113596095	0.666163603209655	51
-0.10577106251384	0.356591221538362	51
0.013971675011899	1.2084529627449	51
0.020565903216794	0.760619827289457	17
0.03025193059412	1.14059377296717	51
0.011419691926012	0.329629366538248	51
0.082789731328318	0.35306915818079	51
-0.064840421136071	0.197414482129367	51
0.012301117632917	0.684984649790974	51
-0.048556791260641	0.410335128805746	51
-0.00426675576997099	0.660200514661204	51
0.085739718073891	0.575136638662048	17
-0.112736050709664	0.211060548122995	50
0.044791221859093	0.231739048231789	50
-0.08604288606341	0.243081634414899	50
0.04306740328066	0.652001485562267	7
-0.124033641845602	0.217082407418938	7
-0.091157067438616	0.298811908599167	7
0.052089220951048	0.494999334670078	242
-0.07907822057397	0.279582594925175	242
0.102052579219702	0.763200525026721	242
0.107176394309406	0.884480337509289	79
-0.116656183550496	0.213822082130432	79
-0.068260537446082	0.28962825202734	26
-0.099604861574183	0.17995622661088	109
-0.100599046475586	0.254885608290947	26
-0.033749827513168	0.298533673698314	26
0.106356691012997	0.54187046551829	26
0.043273591359411	0.646503058850502	26
-0.013979200206192	0.353573657964956	120
0.045280252722111	0.665229165407757	257
-0.061698058999287	0.282206836203077	257
0.093258560256096	0.638617504457249	257
-0.091948150347143	0.193768584193487	257
0.017901988287853	0.419358115812966	120
-0.034141908321008	0.332229838581719	1
-0.00345502002163101	0.447816045312601	479
0.05729513146549	0.652138533686149	479
-0.113485569258013	0.155590926992018	1
-0.111436575187358	0.213413031821274	375
-0.00642148855687599	0.33305025218109	327
0.071397335929192	0.476386257972541	28
-0.094811361683346	0.205706263210262	28
-0.029151430375824	0.311176813096666	28
0.118301485112058	0.679074202854379	28
0.00674742921489901	0.373365251068523	54
-0.10007454772995	0.209998355465603	54
0.075214714883906	0.500532834371939	54
0.094400399247132	0.660061118027232	54
-0.119142473383275	0.693016452442541	51
-0.117954285075281	0.626148269291107	51
-0.119100499124638	0.532319097022961	51
-0.120914151467475	0.515063061211493	51
0.011490332266305	1.31582294291799	51
-0.116923958933083	0.489504295654059	51
-0.079653819026145	0.625067051587518	51
0.016672422291542	0.985413438927978	51
-0.036961282407445	0.870699921535779	51
0.036640362622146	1.32466753051239	51
-0.037582890039593	0.716446457588125	51
-0.082788952876143	0.456495271787372	51
-0.083325993105869	0.307968429058748	51
-0.051061467659132	0.283573531176463	51
-0.099187399171736	0.257713232291945	51
-0.00839083545604399	0.274806302608363	50
-0.10321718493894	0.233701858297351	50
-0.002300138251213	0.450593762435319	50
0.040736856285239	0.632559787124768	7
-0.087392156607876	0.293467752562335	79
0.103242854644244	0.793441870171684	79
0.053925893941919	0.498790894796289	242
-0.098436298804882	0.19719197652511	79
0.040553735260795	0.625802102066839	79
-0.013655743167017	0.445341295608269	79
-0.123080657001194	0.188115835064335	79
-0.056585913772774	0.320196111370768	79
-0.086308821787522	0.31269181162739	79
0.052261836969366	0.495430751170925	7
0.07869064438553	0.696746424040828	7
0.082060323328144	0.549122674023631	26
-0.117596447376536	0.187360749176132	26
0.053603936573568	0.505872066910341	26
0.014259179896149	0.405854558614603	26
0.072130021475063	0.486076092842176	109
-0.048719774304665	0.318799803990403	26
-0.00340724544593801	0.495979644893854	26
0.08098657882363	0.735077927906563	26
0.010613262025272	0.328381118098585	26
-0.03804454046606	0.353283547901046	26
-0.075240993683756	0.269362372459642	120
-0.00701010278438999	0.332029165360134	120
0.1037019112353	0.497257696551111	120
0.072252190216433	0.638514173287953	257
-0.112628582022683	0.170874272363139	120
-0.110757905522985	0.187377878808418	120
-0.005877610653059	0.385813117263933	250
0.048646277531055	0.57879907519072	479
0.020270776546465	0.496668456555351	479
-0.017377125808118	0.436291801600388	1
0.070141608480222	0.76278616504472	375
0.097350020499603	0.667354349090868	375
-0.041107388847313	0.309737403268561	28
-0.044368725461877	0.272015962189157	28
-0.08244951321455	0.231809389368434	28
0.039591782827516	0.332422843897288	28
0.114401851521299	0.598134175892043	54
-0.018887387763132	0.427975355606611	1
-0.088184700689406	0.873575514656125	51
-0.04918424236786	1.03748234375888	51
-0.086049422171243	0.660171623238959	51
-0.036367660937096	0.922596344007514	51
0.029159940733116	1.40423912459031	51
0.039459299909122	1.52975701668222	51
0.029726806690635	1.3279284531754	51
-0.105429317679875	0.523612108861149	51
0.048645940874002	1.35216753906282	51
-0.104212780400359	0.489771599496861	51
-0.085974731413826	0.604778225084472	51
0.064619007079499	1.15701225846386	51
0.081392495327391	1.04898230809975	51
-0.019693144320241	0.729800758246175	51
-0.112393235007244	0.258389383680714	51
-0.019105941590167	0.248347253743506	51
-0.034407642038892	0.490956829047009	51
0.063450934276927	0.567859583867434	51
0.031839034469623	0.563505273622937	50
0.07557877539823	0.663746140569104	50
-0.014194923605823	0.402498837484452	50
-0.050738502373447	0.401278862373859	79
0.095443599499979	0.690020994341507	79
0.058733156003911	0.533080893076139	79
-0.056309385801798	0.324804846435207	79
-0.083410299813793	0.33886875293164	79
0.016662873094104	0.548113264203503	79
0.090721903023617	0.853458318374232	79
0.048647270445194	0.585809816658642	7
0.083108370851515	0.551327931582862	7
0.086507001044966	0.576834738821859	26
-0.00304755823939001	0.496928778385033	26
-0.050113835263217	0.373449545707017	26
-0.09434436444229	0.169650342148342	26
0.027201613902736	0.382709993139452	26
0.119718287205999	0.703376916902167	26
-0.023809302348967	0.402297314400106	26
-0.026401288042954	0.315814239561383	257
-0.105684329193765	0.212553065985909	120
-0.067602877090827	0.267760914845324	250
-0.045342039123548	0.297821920460089	250
0.022551120742876	0.44183274365465	250
0.077554813872885	0.513701078330741	1
-0.042234537496012	0.307968239266083	327
-0.073566453659306	0.297250382711794	327
-0.124918249148108	0.161066641785922	28
0.106870781562487	0.523473434042071	28
-0.040165747429752	0.283220000883388	28
-0.00513375534427599	0.438611982812392	28
-0.030014872424112	0.344994971362369	28
0.046619938112605	0.359009039688791	1
-0.067481619080063	0.22045171587254	28
0.079047525473196	0.338359609198303	1
-0.060550680955127	0.259459346858377	1
-0.041584936102141	0.204433906601573	1
-0.078586880338147	1.03939019619436	51
-0.110343571382073	0.693808789219309	51
-0.068743140735094	0.862461846171538	51
0.010834199725125	1.1803113207495	389
-0.067539528397195	0.789500516715732	51
-0.017900729389054	0.676954004159669	51
-0.049541979566651	0.65335828504394	51
-0.117928095484913	0.369299811957386	51
-0.119984152111096	0.355192220336142	17
-0.059650337053159	0.28981056254409	51
-0.037653368996232	0.450687605336056	51
0.017677558786708	0.556496401221209	51
-0.00988224027692999	0.508398822949979	51
-0.074084245813034	0.353457631671386	51
-0.00107443770045901	0.512141716713943	50
-0.023326557389809	0.445803738828484	50
-0.058805112031275	0.175428253766159	50
0.037705092716934	0.214128710788201	50
-0.043622021867401	0.27328944889825	50
-0.045841681655742	0.443443017824983	7
-0.103780987770551	0.28478719051335	7
0.07128406788043	0.635884087994229	79
0.123677697524794	0.806350613571729	79
-0.123473610342682	0.218171962482403	79
-0.012754823549474	0.405627648989367	79
0.071391356187321	0.620188936696391	79
-0.073922877473682	0.293073783993196	79
0.00969591904554001	0.507403150018805	79
-0.016171348639123	0.393131361100775	7
0.032151565056499	0.482873942200702	26
-0.111742714679309	0.142218680484826	109
-0.040199095466362	0.344354374753389	26
0.038513442372558	0.430822930346768	26
-0.066330576601915	0.270037501411153	26
-0.033815176309248	0.402872406783855	26
0.062610405795888	0.703318020124526	26
-0.085021990744945	0.244934781313355	26
-0.056768622687756	0.323811731344751	26
-0.034424159775897	0.405479320991798	26
-0.068365775842676	0.289437605503452	120
-0.123489385850694	0.198925925901388	120
0.028771515576639	0.548905405863435	257
-0.09270719885581	0.292757400444517	257
-0.095815582792297	0.220075345987092	120
-0.080201381960715	0.195159386875014	120
-0.030884280471663	0.267371744697341	250
-0.065306353337128	0.271800823520392	1
-0.118379374031147	0.18609625697801	1
-0.060625234935938	0.334988115721497	211
-0.003934596732067	0.494611116823558	1
0.063143512299246	0.559135182058571	375
-0.087831748145916	0.219822699770509	375
-0.096685516319923	0.234049500767727	327
0.031884252644238	0.404615423536453	327
0.119511440987968	0.692524046724517	28
0.00630613266722302	0.372574622465051	28
0.083274244950968	0.560609524272472	28
0.014036679754752	0.34034868159817	1
0.109447815189044	0.538266025094555	1
-0.019522332956068	0.247902091790896	1
-0.097663774085592	0.182602819355462	1
-0.073870929077517	0.20756957951102	1
-0.055321840335626	0.272163318338729	1
-0.059434425036773	1.14667239003008	51
-0.09592722573326	0.711155562376374	51
0.00670140234240901	0.920667087248895	51
-0.072155286716944	0.629647804950356	51
-0.090025851170817	0.68307055458665	51
-0.091323217134588	0.669215058234428	51
-0.041473210056218	1.07620900367928	51
-0.104313584357109	0.587470115285203	51
0.041627701721757	1.52517607024738	51
-0.08662888936927	0.385131069306322	51
-0.02402745796232	0.57498850659683	51
0.025465651245586	1.07797506985052	51
-0.04376632580004	0.77264643778596	51
0.012109843737998	1.06399817930712	51
-0.053902841068833	0.82401109021002	51
-0.103034537580635	0.54371612271616	51
-0.046866774417877	0.842662449439313	51
-0.078115930935797	0.632647121796736	51
-0.013476711478749	0.77706495884372	17
-0.074690848062749	0.560261494525852	51
0.010098852759639	0.327564845714059	51
0.115929420091655	0.632099848820811	51
0.024025446076474	0.709873350962846	51
-0.052915503527927	0.413811556967656	51
0.021274757059039	0.64007865843847	51
-0.020691235401462	0.378460871778938	51
-0.048571931099641	0.319079568626811	51
-0.11220439029799	0.260954325775487	51
-0.083248831457371	0.33926274993667	50
-0.095845570333983	0.126254131627469	50
-0.033520909752231	0.111630882976769	50
0.013722911460081	0.260772983505821	50
0.076540428060671	0.658203287134041	7
-0.018194771322158	0.577562021154592	7
0.060291987893385	0.786088153081179	79
-0.048242499779544	0.433285830821444	79
-0.047099990431537	0.384293170794445	79
-0.03550609186982	0.432299530669568	79
-0.115232551102818	0.241434346633688	79
-0.04571932187413	0.359202083958793	79
-0.015795594071705	0.483188629425824	79
0.00357097985455401	0.475477725850331	79
0.099907200523474	0.738742530075374	79
0.06292319826605	0.55873636401022	79
-0.043001335769292	0.306550662292815	7
0.116249322865254	0.632820247200381	7
-0.058882238576683	0.175389130791143	109
0.043056079115204	0.345532852419518	109
-0.104347014215073	0.259788761742757	26
0.064336015917548	0.570162341420838	26
-0.030948878020374	0.34313201333511	26
0.076964442613408	0.67575808416031	26
0.032842977082876	0.572368183544643	26
-0.102304682551085	0.235415249501128	26
-0.121480030754771	0.213734671549075	26
-0.051001291433601	0.371343248984533	26
-0.111076021681943	0.241039414136547	257
0.045805862376138	0.232705528144067	250
-0.1218053562189	0.142284753475053	1
-0.081466228929146	0.233410985071712	1
0.018884439354866	0.421404339689672	1
0.034740627399	0.416693553419145	211
0.10411417204793	0.508234057572492	211
-0.050491038069185	0.284580439295686	1
0.017391568983527	0.418384907631827	327
-0.071395532183359	0.257441736030655	28
-0.011957524400758	0.318241874181609	1
-0.118870818713894	0.172429939601173	1
0.063332022472513	0.281115814210881	1
0.095366965535018	0.421556384624471	1
-0.120229923246265	0.996934735396551	51
-0.116883615398994	0.686640766628692	51
-0.018960547525949	1.3948785733553	51
-0.050190702347273	0.833641897253153	51
0.053270511697769	1.24925891574317	51
0.000278328924535998	0.657476041656303	51
-0.042652299641347	0.739175200351484	51
-0.059284069306012	0.860200585560645	51
-0.120306908340697	0.587324146789355	51
-0.065358315124649	0.937027777580363	51
-0.091934904303916	0.556987398347596	51
-0.099810914936008	0.513997406722462	51
-0.084027998248803	0.710638808957059	51
0.021331369469533	0.572497916584464	51
-0.049500817659951	0.84972932859108	51
-0.119942435252509	0.438684443023549	51
-0.013543769176685	1.08169166286071	51
-0.061467941894286	0.860252626205813	51
0.076986595921082	1.61038077898624	51
-0.070175015434835	0.670017784060011	51
-0.12115194665179	0.473300052094658	51
-0.000984391568607995	0.347916882078576	51
0.09413467935842	0.419672203685189	51
0.054893064307506	0.508820675397852	51
-0.037003583917224	0.479607235076409	51
0.00537776868703199	0.426365304599532	51
0.021413700787389	0.433031573652464	51
0.05721596245029	0.85454683874966	51
-0.108036144139373	0.261239626717287	51
-0.027177187317325	0.278167298373599	50
-0.06681463066331	0.1301090577248	383
-0.010264617964185	0.507048946137023	7
-0.030694195980374	0.513558512001527	79
-0.008498398687345	0.595832057498961	79
0.00612482782190899	0.427886737345595	79
0.00372803012473	0.4811987222137	79
-0.12181502391986	0.213066509961845	79
-0.12283394030545	0.188515468797271	79
-0.123951644374766	0.208852180935174	7
-0.035390281607683	0.363326554282124	7
0.049198202872357	0.58716651333528	7
0.029197931590375	0.195510860885178	109
0.038291482617823	0.214636724845019	109
-0.111571610546459	0.126031222847953	109
0.025893038193715	0.380449526571997	26
-0.043493283032053	0.239321180791846	26
-0.121325324623896	0.191201438811584	26
0.022712714070796	0.435691295998531	26
0.119606875294594	0.671905934847255	26
0.122236340991415	0.791531946403113	26
-0.098833783953998	0.276468108375415	257
-0.081731263237437	0.293486655691227	257
0.03260489083383	0.571812867034567	257
0.020092875014862	0.563274858840359	120
0.122998971307773	0.75366700363843	250
-0.069877891013776	0.15946359791206	1
0.051174304328935	0.248485115122954	1
0.082403694644249	0.549726833383271	1
0.011533665747095	0.394447718473651	1
0.064128139740851	0.446017176039566	211
0.007038704298164	0.494915730515387	211
0.10292753399559	0.792560528852195	211
0.096858261811418	0.434227199399119	211
0.096314497874246	0.433380660164803	211
-0.099745564532966	0.298928115553862	28
0.00943142748544201	0.561764397999804	28
0.037188353786495	0.59709040540899	28
0.00259404082442799	0.414623223615662	28
0.00703344602349398	0.316222863790245	1
-0.104964685223698	0.243571168335997	1
0.091526140931644	0.395272016125341	381
0.014897304858776	0.262063527268828	1
-0.056865499235961	1.05613068690135	51
-0.124846390837773	0.475446493812495	51
-0.108498423074999	0.523301871426673	51
-0.044119511609544	0.664209198404961	51
-0.091763039415968	0.696203772628047	51
-0.112999607671028	0.512753581310402	51
-0.033206161077038	1.09033474235575	51
0.037302713469785	1.67046174307109	51
-0.100057304082961	0.619549207841908	51
-0.095421878834561	0.635914542891118	51
-0.080606261907834	0.68396699763993	51
0.083074184921059	1.06371585949562	51
-0.03245397362627	0.904587883358595	51
-0.074201047823167	0.744064765162004	51
-0.088861327604555	0.649876162061445	51
-0.072692710595132	0.183533966997986	51
-0.085750532179539	0.282032163878561	51
-0.031934834900928	0.509614627358913	51
-0.087388725613323	0.257206473707445	51
-0.00310360103770699	0.541694573252914	51
-0.00562498673881801	0.572461595054693	50
0.019005561227786	0.274411998533273	50
-0.095402380845133	0.12665337379644	7
0.048307301860261	0.776801228967569	79
-0.086532835052759	0.370380688698	79
0.111169774735023	0.991970115785764	79
-0.059494902822168	0.386660961781235	79
-0.008507052311096	0.563186227919867	79
0.114000302721283	1.00387391946474	79
-0.030611316512309	0.378094114150156	79
-0.11115698534347	0.240907107130041	79
-0.064883295536692	0.346691284698549	7
-0.068061466583907	0.336101549361752	7
0.072794640128035	0.487441622285883	7
-0.049107122318918	0.190704201626468	109
-0.028451455043069	0.182412692734502	109
-0.061145075794313	0.172991881935941	109
0.000747309496816007	0.410770447766432	109
-0.075918309971809	0.268114926554577	26
0.101085972835196	0.482399172114188	26
-0.001839312049258	0.346526423606531	26
-0.00174960833167101	0.451839897584655	26
0.094858033808199	0.661257227196001	26
-0.000180683392975001	0.460914852466839	26
-0.007348537791738	0.428232409935089	26
-0.014031031936788	0.449313671021455	26
-0.070308838744682	0.327772860501697	26
0.033693150800703	0.574788991809961	120
-0.03240716996352	0.374138163615999	120
0.073655689461139	0.650355777665771	257
-0.111237235385217	0.240746290607442	120
-0.100488312355665	0.140799346122469	1
0.00866651758792403	0.382960280613908	1
-0.005297898358429	0.38696626582159	211
0.003725043650045	0.422851184314137	211
-0.056382255042774	0.324615365378913	1
-0.102330941121721	0.22109612620173	1
0.124004816031444	0.787329604262281	28
-0.104693169011036	0.153702901456319	125
0.096758332713082	0.444243883847601	125
0.018262668684728	0.353888616594043	125
-0.070924534769369	0.158404252216884	125
0.00106625239230401	0.357367347319574	1
0.012399581984468	0.259183609020893	1
-0.039548629398076	1.27835191289529	51
-0.113427731450092	0.533450885397533	51
-0.060327846799813	0.856301517074641	51
-0.074357805596711	0.829700357401802	51
-0.071334615678647	0.868654919414196	51
-0.037827695513867	0.982722618426389	51
-0.099702744382667	0.569457530029053	51
-0.004952471649496	1.12459267346385	51
-0.099928569068163	0.580986412954385	51
-0.106627237749637	0.485347901626255	51
-0.043153955341909	0.742539183063572	51
-0.042977002142927	0.695467668552614	51
-0.119654306931665	0.403676298503953	51
0.00432670046691003	0.985025665776766	51
-0.108169364145535	0.111503290136121	51
-0.067247608738463	0.129804051542274	51
0.018072968621859	0.668054581433277	51
0.07315795863837	0.649070076766679	51
-0.064855610039891	0.366700856660146	51
-0.058265275209135	0.368806672544714	50
-0.068507201245539	0.289143923399465	50
-0.031601176810851	0.266373447040568	383
-0.043740555273915	0.2389480975954	383
-0.096247666888046	0.322005957660785	7
-0.066258009037612	0.38234296654225	79
0.124917727925312	0.789976420362313	79
-0.044875815370872	0.330629989820214	79
-0.086672559809214	0.31173264143846	7
-0.00657591271862901	0.384377619093676	7
0.024738393460567	0.520052642936575	7
-0.122095561016168	0.177701880807634	109
-0.107689093926215	0.222732281363564	26
0.00594125408855301	0.486821839741957	26
-0.075889343803978	0.309018426272888	26
0.00158070116091602	0.465024092566116	120
-0.106033940233231	0.277225841314796	120
0.00441551663235001	0.483080716023615	120
-0.076913284944872	0.244445925722398	120
-0.026064945074396	0.357654577246006	120
0.122791609309225	0.742742600862797	120
-0.047086780598946	0.326119882038373	1
-0.09205340675011	0.263548695475119	211
-0.057883247364965	0.3176875813333	211
-0.072144771733054	0.300211612161341	211
-0.092199253855666	0.245132869457221	211
0.035814162411	0.498019731249744	211
-0.033453233881526	0.371842849435363	211
0.072305109542279	0.630582900875903	211
-0.104659098415733	0.259107303936921	211
0.098362243647873	0.71645156225601	211
0.056073270638584	0.519229514530136	211
-0.123805966758692	0.196149474309783	211
0.100817649655047	0.750618968532738	1
-0.011070798533281	0.364568630491852	327
0.021076746669845	0.498516758322012	28
-0.10686224733733	0.196244944717659	28
0.025863119911837	0.535216166834438	28
0.0804325613659	0.536887924750196	125
-0.101207530830851	0.177661254966957	125
0.039531009060438	0.432496553436981	125
0.015933147356501	0.34339329868351	125
-0.00773561609225201	0.376411911937563	125
-0.019061924989433	0.301153368907871	125
-0.101148697595688	1.46868600379867	51
-0.022434335128965	1.10456405665324	51
-0.01326177175234	1.11204089726242	51
-0.106018593011254	0.430318175077221	51
-0.124875114878411	0.510955111332183	51
-0.091755169548963	0.774088248456144	51
-0.092126867177792	0.728868647997303	51
0.00193895113336401	1.22063988776655	51
-0.020766630249529	1.0127899546275	51
0.03721488374699	1.34106762764017	51
-0.116922661798343	0.512849909663042	51
-0.066595937549199	0.717025703437672	51
-0.108921279254979	0.448217703328614	51
-0.011414691219899	0.794707830676617	51
-0.080380066112977	0.235147888743824	51
-0.073593186230485	0.317335266043477	51
0.073602547199712	0.633983397212089	51
-0.084034949677215	0.266722673624674	51
-0.10779457198357	0.27320668785763	51
0.059263458479575	0.664796032972312	51
-0.073704469115251	0.317085020052506	51
-0.058346163937567	0.435783156419969	50
-0.066349002392555	0.362995949799628	50
-0.062897167436101	0.199784669123642	7
0.068640719592984	0.462865143929023	7
-0.116113416423069	0.278460996530148	7
-0.061572029902493	0.42032273564563	7
0.035787596290423	0.667804423806513	79
0.09034574668289	0.622264790948073	79
-0.089583989685594	0.285925240330219	79
-0.011250138830263	0.504677935663945	79
0.043931940959738	0.538047286954149	79
-0.081215466570858	0.312869741667297	7
0.059210803214415	0.657655956774196	7
-0.099659274391665	0.243084738480635	7
-0.095315215549712	0.236455034762598	7
-0.01978535305859	0.247557074066731	109
0.122299002968337	0.741368024567362	26
0.098630201686144	0.717260772020986	26
-0.058907867566676	0.291225794119026	26
0.082397861393944	0.549677197626862	26
-0.111053289677486	0.263568791038614	26
-0.041991551993653	0.371474898063126	120
-0.020442813195147	0.462044323494655	120
-0.01710988742149	0.199857406235676	120
0.011343258922101	0.522698768160896	211
-0.121872122455007	0.127856127302107	211
0.101804568727544	0.483753559577053	211
0.019538065086849	0.494829260798664	28
-0.113503597267462	0.222090150682643	28
-0.102559266802942	0.234937443516686	28
0.108826360353485	0.547224076965742	125
-0.112910607461967	0.210757911228621	4
-0.040296786110511	0.311365128758265	4
-0.09989508702358	0.195028746258108	1
-0.033337142297203	0.263794747062453	1
-0.080076470420738	0.789489969639473	51
-0.098315053835668	0.581556365326506	51
-0.069297265373001	0.891211804251747	51
-0.11760819435037	0.543217251357914	51
0.094703049524457	2.30293397246042	51
-0.059890128500213	0.791474791321629	51
0.002458175234551	1.03323939111117	51
0.041165792893107	1.44592158466713	51
-0.120245274084282	0.389190024560114	51
0.097481984162933	1.15967490459927	51
0.059399345560935	0.42119760688017	51
-0.046103038729358	0.328178295883355	51
-0.026450642644533	0.534619426115969	51
-0.090387851480779	0.284161307160422	51
-0.061521035170202	0.333063277071784	51
-0.082466867197245	0.291892104081788	51
0.01347189851553	0.589250519753296	51
-0.018494824079573	0.507468254033078	50
-0.111117733371624	0.274191647270109	50
0.042809994986324	0.446347803406812	50
-0.03767862454568	0.28729982589283	7
-0.058849229675031	0.391514463521241	7
-0.113257695705256	0.269068248523744	7
-0.056553002953388	0.421129691425628	7
-0.016910335245016	0.516300615415232	7
0.085272393280423	0.780344735810398	7
-0.044925287035775	0.330513230558742	7
0.075315507344484	0.671051667328596	79
0.06211318577422	0.680376642510875	79
0.00981661424109398	0.513207942614865	7
-0.077064592642023	0.265950311393378	7
0.079395554917728	0.70680009061915	109
-0.093989153433059	0.276297785377321	109
-0.117506276745872	0.245007398528844	7
-0.016136039790973	0.393218999405778	7
-0.079289654631188	0.279203454470628	7
-0.075327871332499	0.269189474262948	7
0.041683558707698	0.53272341322132	26
0.024765406311924	0.520175612171572	26
0.111983256424369	0.93582656301903	26
-0.07862386112223	0.280517472060786	26
-0.106465374900928	0.240563371000147	120
-0.073773595425229	0.354205335783169	120
0.00837015567497002	0.498421797070863	120
-0.045919313131141	0.296908783409692	120
-0.067292298105664	0.220656994774708	120
0.099919788331299	0.470210562638745	120
-0.018468106488749	0.429054584322735	1
-0.110375370401087	0.201860357749332	28
0.00349087845742402	0.422338455468419	28
-0.076318917999603	0.288402079517383	28
0.014213348530065	0.40570077947487	125
0.083721273994379	0.561583177604718	4
-0.042852483389927	0.306836525405424	4
-0.06058837444798	0.31220703014952	1
-0.060285100914413	0.234882059845515	1
-0.016582707682161	0.348820360653132	1
0.013979160126528	0.261067512610351	1
-0.038227546941308	1.74165855901916	51
-0.094220384509741	0.983027839650805	51
-0.0151606289092	1.108822526119	51
0.018943329658969	1.54637437229273	51
0.000227662142898988	1.55716125196778	51
-0.107136350074535	0.585671178388875	51
-0.081032113870322	0.718790601122147	51
-0.102419151384309	0.360573761948092	51
-0.047795674036737	0.7818370068971	51
0.118761861034007	2.34627802145152	51
0.079575280739677	1.75795660598692	51
0.055419853089519	1.02260054145653	51
0.00716801602818601	0.246018407887269	118
0.034133795414931	0.58842644428765	51
-0.011267448318248	0.461004707631273	51
-0.070079561668851	0.350759661923059	51
0.032957890810112	0.723315929828124	51
-0.051092218964536	0.397113837318093	50
-0.122157954457496	0.242666612268101	50
0.074604513165114	0.499308400606214	50
0.089695690247399	0.392596097752941	50
-0.092831380696754	0.261957038796958	7
-0.033772775987154	0.371170834580444	79
0.039579166308258	0.616643291125247	7
-0.063805671704803	0.327989862204331	79
0.017812867924717	0.490568828253665	79
-0.014012017692791	0.444513264917969	79
-0.04417600011679	0.366570067285135	79
0.017641980378702	0.484217941090804	79
0.054373522574192	0.629604838889487	7
0.067588165976059	0.594252131423734	7
-0.054411887196536	0.359671503021687	7
-0.095670592493016	0.126399143959516	7
0.046076840966245	0.358212460655362	109
-0.018850950112729	0.248647285944932	109
-0.068050038306637	0.290076938319118	7
-0.111085959681924	0.214023436217054	7
0.068431271647603	0.596304900251094	26
-0.074853518956242	0.291268214125074	26
-0.059141792392162	0.290773022096288	26
-0.120766340821668	0.203943093887145	26
-0.063315297751977	0.303045174162946	26
-0.054240567078433	0.360120790862651	26
-0.014281939007049	0.443881693507092	26
-0.067014143398471	0.338514822069724	7
-0.049311207490573	0.317639423604617	26
0.042423917632613	0.534638042517718	26
0.101475770344866	0.752555882910662	26
0.046076227855835	0.667673986721211	120
0.084933681196743	0.771427500028492	120
-0.042750810410948	0.429512679556733	120
-0.107297936991189	0.209777526768356	1
0.00141406491802398	0.470208409766095	1
-0.105669148131007	0.198118475433468	1
0.082440375744887	0.770832199200426	1
0.112212753452934	0.583745618334493	28
0.00884748965468901	0.505133746588244	1
-0.045192702130631	0.298050412108598	28
-0.034978202962369	0.400130299023757	28
0.051819401473342	0.608468407570599	28
-0.086784429728071	0.241774602329069	28
0.058971187824066	0.541190951029107	28
-0.045893086895082	0.328602445807254	125
-0.080979957104097	0.234190508862846	1
-0.109234536661864	0.877645863049004	51
-0.026964330171944	1.18208513191654	51
0.00367917245274002	1.37213567697738	51
-0.113985588065762	0.566935826685767	51
-0.114519059830935	0.551642951980902	51
-0.034592746477075	1.18676877165827	51
0.000598098050229978	1.49598363710559	51
-0.113031332531546	0.588528929545147	51
-0.093332921939916	0.639890016116084	51
-0.1199481597756	0.496499566512841	51
-0.096268175366115	0.590770296093045	51
0.060776059360954	1.51351681521589	51
-0.122685923085293	0.466846066397485	51
-0.11268146739952	0.419687946170442	51
-0.095421697015428	0.504111225848708	51
-0.093029480454057	0.55355514954058	51
-0.041685583919409	0.538247735466794	51
-0.082005243193557	0.143225600999403	51
-0.105914991418825	0.089887963622652	51
-0.000287601166611001	0.460733840031666	51
0.025408162439947	0.52799170486536	51
-0.093115773217678	0.307288890959036	51
0.015893834737174	0.601650145156703	51
0.047516654469392	0.684818972462133	51
-0.009230325270564	0.510261033725318	50
-0.12008092850065	0.157882113014383	51
-0.016206257189755	0.393035005274579	51
-0.086078786882319	0.361066576823221	51
0.077787288891817	0.846889806800693	51
0.070019672235015	0.616620469148056	7
0.044375677212371	0.649773366012713	7
-0.107196818170303	0.223651159185488	79
-0.089085701360339	0.272343643268743	79
-0.05022646446378	0.421017123040562	79
0.102563958559748	0.791372683296978	7
-0.00375176610521999	0.390050505891434	7
0.063948349556984	0.714428411667452	7
0.010644357057263	0.449861553507714	7
-0.106063317005248	0.168197482156497	26
-0.024764704641587	0.400333070783037	26
0.087950430396238	0.607258322509653	26
0.123981624429966	0.787223024434497	26
0.028049728796765	0.541019400553745	26
0.029429365417834	0.550763718339384	26
-0.017416760358715	0.474355873571907	26
-0.081893567684019	0.293165820380085	120
0.068226915088724	0.611706088617942	120
-0.116482699473841	0.201979113941769	120
0.122336404334489	0.78223144708548	120
0.10708602114869	0.543659422624134	1
-0.075301969958201	0.269257780093661	1
-0.07439571267217	0.315536787743139	28
-0.010013901831967	0.41694282581826	28
-0.090194246633433	0.284454002013566	28
0.101388142933742	0.778812300474784	28
0.057969032609052	0.531113149676323	28
0.010962817894688	0.393211913940989	1
-0.079780726164868	0.25761582624258	1
-0.085321518065	0.743873338806597	51
-0.107789984535261	0.660581818075863	51
0.044662021937794	1.85838327486969	51
-0.014105694103281	1.18534190733691	51
-0.030644948399314	1.01314224702051	51
-0.043702785542392	0.906303535987787	51
0.032090027718039	1.2255612830918	51
-0.0795165490386	0.627480689718038	51
-0.055314703452174	0.73688401407317	51
-0.072405884408225	0.604904944817801	51
-0.058417885523155	0.761779668588303	51
-0.066043977362003	0.796745827335111	51
0.055601674911003	1.3724473850335	51
0.060568313734223	1.32230158788334	51
-0.08759287518593	0.423091911687832	51
-0.11959566729673	0.2301756860701	51
0.014962853311009	0.407293423230126	51
0.036543081483255	0.885117669736738	51
0.013529966404781	0.694451685032473	51
-0.0000502155120049863	0.60413446396895	51
0.092022984677294	0.873764485906424	51
0.048373670065049	0.758350208362446	50
-0.0000585535493169975	0.408873985091947	50
0.098498212379344	0.447180070343199	50
-0.100791773491409	0.208870133952915	51
0.075051130772954	0.95146609757982	51
0.068330219746122	0.749777337627865	51
0.01965587574699	0.62945592070562	51
-0.034065497860798	0.402285218146016	51
-0.049058961644349	0.347883313801171	7
-0.049943017023025	0.346008340271778	7
-0.075929822355331	0.289192386260452	7
-0.057772360747904	0.394363610012706	7
-0.024495990124191	0.400927799074782	79
-0.025189310220544	0.436677202628682	79
-0.030986696550485	0.41809014038775	79
-0.016523431179055	0.433646980899046	7
-0.045988593904314	0.358616066251374	7
-0.082591136900667	0.309666533888627	7
-0.038092508744643	0.286759089074215	109
0.08446057155546	0.785373188249269	109
-0.096303591529924	0.252319536993755	7
0.08343867135711	0.766593423017131	7
-0.03960466542548	0.414117560405087	7
-0.069009416619621	0.310100700627058	7
-0.090110522268509	0.284784786204785	7
-0.017875935089345	0.473217022704232	7
-0.063947329553239	0.301782541498857	26
-0.076424993261036	0.288173501391448	26
-0.121467534983303	0.226190619932525	26
-0.050656326769645	0.314990660717935	26
-0.115672684693767	0.227258235555941	26
0.031512053849727	0.481443330143369	26
0.00814767072120398	0.497857668484144	1
-0.010225467799812	0.416487438226326	1
-0.049463885182179	0.44779661107412	1
-0.082055237620534	0.292815509023452	1
-0.035382821197013	0.432639177476158	1
-0.094219321948961	0.28930691149658	28
0.00407118246140498	0.482115931828117	28
-0.075314667293195	0.310355290776615	28
-0.100324043263905	0.25544597530817	28
0.021265054213085	0.577918160906302	1
-0.054050399970844	0.304375197226368	1
-0.00983923302262099	0.321578670617764	1
-0.121264653557372	0.59919198769069	51
-0.107417002087001	0.641235169711282	51
-0.068117495322821	1.03178271132207	51
-0.116286513251749	0.643267185508672	51
-0.013549865685474	1.20220288091574	51
-0.106136846657552	0.609859408078485	51
-0.104361310959576	0.654171814082877	51
-0.09787570722161	0.543646288179215	51
-0.118737924462707	0.461098264670703	51
-0.015619384468215	1.11717366358733	51
-0.106718711963854	0.5029271194294	51
-0.110982714126326	0.554047000785086	51
-0.120992097564155	0.373418158942933	51
-0.08447079660331	0.349760958967321	51
-0.066811605835517	0.130135819886631	51
0.079353091445162	1.11652863807806	51
-0.087886331959678	0.452375204925114	51
0.005223880715305	0.485021431746552	51
0.083643303233403	0.920036066322203	50
-0.00525696586890401	0.53078244050944	50
0.000183556824707998	0.520460995051019	51
0.059916264392254	0.79123157215109	51
-0.016599399302301	0.653584974823127	51
-0.083557967337374	0.338487850822654	51
-0.078791500708839	0.299732131142528	7
-0.054106897878537	0.386060685388158	7
0.119554177165635	0.682265984323265	7
0.027391605732615	0.539288139092365	7
-0.062122585640648	0.305369881189643	7
-0.023169531809343	0.450591060218707	7
0.049846347411256	0.698694672231198	79
-0.012407124704411	0.4580813143692	79
-0.021572805389489	0.454274124607161	79
-0.078077915223957	0.337736912506004	7
0.00150019284966302	0.652608010447524	7
0.12022336202654	0.714968649208175	7
0.034951570599393	0.496002865124235	109
-0.019195888168336	0.570103798864284	109
-0.019426395114782	0.464712335591723	7
0.0552925603763	0.405677799002967	26
0.068031205099516	0.461740530452821	26
-0.048755318721611	0.376602701665444	26
0.054274836490344	0.50745926047644	26
-0.122483067329039	0.189208153034883	26
0.100476412047	0.731564243467909	26
-0.041285498884256	0.342189311160222	26
0.0642174971819	0.446277242582603	26
-0.122161891541484	0.177596100904384	26
0.111930856793403	0.970163947824895	26
0.013032172601611	0.454846387766038	26
0.108413889414013	0.546406935352087	120
-0.057056788610232	0.41650049012785	1
-0.075770691336693	0.268388660597725	1
0.026645592059224	0.61062524400432	1
-0.050890156370351	0.371612911862163	1
-0.083262784885803	0.305385252519858	28
0.088439821595866	0.806356877755953	28
-0.077813627913271	0.304970311570345	28
-0.044005379717182	0.272670012619767	28
0.100784602090927	0.481888184263655	28
-0.070715018948839	0.258594262486445	28
-0.077195469565315	0.360245779284466	28
0.0391906870012	0.615528900621762	28
-0.093509724917177	0.207760664558494	28
-0.091742292449772	0.24603104071697	28
-0.108197430838801	0.294120967567766	1
0.070021114057072	0.473773988900476	4
-0.092132535466257	0.280405779073592	4
-0.068998643615628	1.07977711164034	51
-0.077478558883345	0.852449517369394	51
0.071455455801175	2.37035682775207	51
-0.094157423619457	0.656995762247787	51
-0.101279789018181	0.613002142081329	51
-0.074583030316441	0.707765630490487	51
-0.03063452732985	0.914889491180751	51
-0.075665950821016	0.570974958032471	51
-0.121235988550438	0.477568470281873	51
-0.079712080477695	0.614932161918013	51
-0.070045195168006	0.681127571906838	51
-0.071674427706407	0.580625392972963	51
-0.054355587128712	0.558825738537968	51
0.075587002786584	0.324207129087082	51
-0.113308597005818	0.16990779426195	51
-0.088278250265626	0.291504140309274	51
-0.095727789558898	0.385595306371953	51
-0.095534316924383	0.27052587230748	51
0.00947425101044302	0.623930389904562	51
0.090525465741878	0.844935865833927	51
-0.058468728955501	0.368586865768114	7
-0.026427974552625	0.437866156932991	7
-0.011815109414551	0.503073573792926	7
-0.069753160256587	0.351564284506596	7
-0.000624500872120987	0.51338104165236	7
0.077615019483922	0.701413076248642	7
-0.118469559685389	0.244712554485608	79
0.02795904466827	0.540683493545123	79
0.035401626276869	0.666716681627157	79
0.049253038179155	0.594244485247924	79
-0.111817467662041	0.261839946540088	7
0.104830237494252	0.509506203629152	109
-0.090167742012528	0.232714448940323	109
-0.042233379104126	0.34026183909116	26
-0.052251212698803	0.394098880029967	26
0.060424720019201	0.689432708914598	26
0.12310386956943	0.784620381766883	26
-0.089425713862991	0.253329153933537	26
0.064576942677184	0.709458414559538	26
0.066125980309872	0.735344713471178	26
-0.059234596228997	0.341661108436797	26
-0.040685163455002	0.411280318726588	1
0.064266098679711	0.561857521701293	4
0.040736359399465	0.530561907923495	1
-0.060957356795042	0.337677860925887	1
-0.029548463157817	0.345901181489874	1
0.00381767868480698	0.535661785365215	1
0.020443944575845	0.497018629747671	28
-0.080003898853607	0.297231917500632	28
0.062016196360392	0.548603758393507	28
-0.034614431257715	0.40098360263723	28
-0.034337681145887	0.365537279210491	28
-0.067506254602683	0.220402813711038	28
0.109920556764368	0.568995380585148	28
0.030583808046064	0.560120422819396	4
-0.096263733905314	0.234807661814639	4
-0.096348417450527	0.252211107232182	4
-0.046836308899436	0.295283574051678	1
-0.093001163792731	0.789370380105699	51
0.019262437031723	1.71315612954018	51
-0.108993660113471	0.640114396653844	51
-0.065386634655496	0.745422950196915	51
0.010342301028191	1.37317025324319	51
-0.086804592053444	0.648884327747017	51
-0.018656278989274	0.713821469501614	51
-0.121928561681247	0.451201035292239	51
0.082485562038637	1.5216576344391	51
-0.121531902093614	0.498587267028008	51
-0.091591225704557	0.681549730857781	51
-0.113347788783643	0.503332562692968	51
0.01677868130615	1.32528852934311	51
-0.018610450970386	1.01284951991476	51
-0.12302789715592	0.370927532316375	51
0.034144428103659	0.316923698360024	51
-0.084399152336816	0.406688342583377	51
0.105367104859042	1.09415963550083	51
-0.082871651040485	0.340257802474717	51
-0.063048078054829	0.434954764029645	51
-0.110299467046257	0.369685706503514	51
-0.00325371656140799	0.288242333064294	51
-0.006704915874467	0.384016008539899	51
-0.066756094743058	0.318244406193295	51
0.019886227666055	0.748336878733635	51
-0.097892959655204	0.327247881253946	51
-0.047684627237091	0.38290910977445	51
0.07251842684011	0.784989666216924	7
-0.024123906130983	0.578513266623966	7
0.01924916773857	0.566608591016541	7
-0.024191051625885	0.406185577848885	79
0.052987143077295	0.611678262599456	79
-0.12396760954978	0.246209311124822	7
0.030335734267867	0.303965706174781	7
0.09662207473473	0.433828879831303	109
0.08131362270794	0.547189163700814	109
-0.101878800109709	0.207077183757968	7
0.031215784390239	0.480750644088909	7
0.121979528537015	0.750748562775312	77
-0.018903345032815	0.501883169896059	7
-0.024902452826938	0.476806857405358	7
0.049510262674017	0.691136657860553	26
-0.112264872934592	0.281882904944353	26
-0.011016961761541	0.46163393211451	26
0.01650321993827	0.475347105644326	26
-0.021363869301234	0.49496418154955	26
0.045681621848751	0.666110301589867	26
-0.023135259594066	0.489751132589002	120
0.054614116464978	0.396509912401122	4
-0.055991024272558	0.325451832916417	4
-0.062195970679222	0.331573968928566	1
-0.070969618920033	0.348506296190571	1
0.045254835909955	0.652372086637823	1
0.074718226815997	0.821411013113525	28
-0.068448004471502	0.394864814730395	28
-0.085167278902063	0.206851398834417	28
-0.110447283313332	0.127160134715382	28
0.057596142269899	0.652909561804654	4
-0.107011132074406	0.196008035723092	4
-0.11480634709638	0.840263368122886	51
-0.114449416014838	0.609527433779462	51
-0.080106121591473	0.822775643454967	51
-0.093247332504756	0.693897098201465	51
-0.11436447066268	0.537495898635144	51
-0.039639715385376	0.889752508887038	51
-0.016755962143821	0.912677781349722	51
-0.086557072314225	0.638754124663777	51
-0.089930331125331	0.556896587115539	51
-0.073117012636772	0.714751228522337	51
-0.104515162968797	0.51177491717064	51
0.034259855877032	1.33814296494648	51
-0.109065954529323	0.532137464670331	51
-0.121650692394264	0.484509802504498	51
-0.021662471871538	1.07116310013076	51
-0.026054131184135	0.740405461108913	51
-0.064116835990598	0.629652023159518	51
-0.052429223086386	0.706657365305249	51
0.06697305268376	0.850734579746332	51
0.05044475205292	0.583316006267196	51
-0.037653368996232	0.450687605336056	51
-0.012654130583138	0.608890487288395	51
-0.012730144325389	0.573186731657903	51
-0.108662924707954	0.248304927917725	51
0.04409615907751	0.355118065684101	51
-0.060741087467049	0.338234961362144	223
-0.025708814873731	0.439773851279837	51
0.027337338775486	0.623820556785157	51
0.1029397693731	0.783721945381607	51
0.101678402300084	0.76210649307325	7
-0.116957300038782	0.213250784770163	7
-0.122960838296619	0.176310296866364	7
0.026896612887555	0.537996752503946	7
-0.03164145347919	0.475014206333471	79
-0.108819960783243	0.233442122653807	7
0.104397570938688	0.814175221186146	7
-0.085500031425727	0.30038365043225	7
-0.112402238552878	0.238309405274056	7
-0.109081343152775	0.258989357081785	7
-0.044557765896195	0.394161317557838	7
0.055260828594328	0.74872150685583	77
0.032874633772364	0.572589243888464	7
-0.07309400549522	0.318434715783805	26
-0.070805914995225	0.326671470374479	26
0.085804317137731	0.782063652253701	26
0.096712619593961	0.684569551188827	120
-0.00604689512838699	0.431110820578056	120
-0.053599943562721	0.305170189358257	120
-0.121439857122295	0.202717844784159	120
-0.090229665113563	0.34253520095702	1
0.06424863598753	0.569938041853686	4
0.085850794237219	0.797774995185118	4
-0.084022838357357	0.303694296618516	28
0.078823625975732	0.720716229757808	28
-0.029315406838981	0.346347767906686	28
-0.06672651992553	0.245616405128792	28
-0.087233287880293	0.326658302294515	4
-0.00833483976398999	0.478085405864866	4
-0.062999158305608	0.303660327151968	4
-0.040880592217571	0.434460253491183	4
-0.034021491246723	0.298046126156678	4
-0.118266397477848	0.890193862538362	51
-0.098470869673913	0.927814405861471	51
-0.056895258043841	0.996473898074506	51
-0.04824336063323	1.01784924649862	51
-0.102329176911008	0.678657695727129	51
-0.074127805906079	0.716825197027719	51
-0.017142979302934	1.17851087423666	51
-0.024178588795183	0.733224152383954	51
-0.123757296308666	0.306329147427362	51
-0.121689222874355	0.43852550787184	51
-0.060299475619034	0.618755144794572	51
0.016493368575759	0.174397451768133	51
0.088518727177346	0.380883012530212	458
-0.092309523731412	0.19328651547269	170
-0.034813729785587	0.296691982556908	51
-0.055442719250924	0.379355750022531	51
-0.095451012042552	0.25399549600368	7
0.102067448252304	0.763259376307846	7
0.026387056071639	0.536627551097954	7
0.058234920067744	0.52402876109842	359
-0.019028014489426	0.339129447796637	359
0.023314114948203	0.652109255000999	7
0.046257085613755	0.668299143112795	7
0.097252208563071	0.722007179514011	79
-0.026677136179903	0.467824792917564	79
0.055094859879585	0.624519172623351	79
-0.069533017760455	0.308982132581812	79
0.122882269402749	0.732544511756797	79
-0.014897488794489	0.44709778498771	7
-0.08250378855055	0.373630380808037	7
-0.051947685649558	0.337787425358375	109
0.047153436149168	0.671052789623642	109
-0.119717553306037	0.219263191087347	7
-0.08600962591612	0.329720428327479	77
0.06866152270314	0.462874250015971	26
-0.03255735307861	0.264974327463497	26
0.017133766653093	0.549502412609562	26
-0.028186450507801	0.4595846001813	7
0.090733489759786	0.640931987774152	26
0.040297108794847	0.522493116650123	262
-0.02140194918244	0.292331376506746	120
-0.089702848310886	0.233494392787485	120
-0.094487227589061	0.328859236829525	4
-0.084747421585776	0.245345368428738	1
-0.123418256050458	0.209946300646769	28
0.012990734463436	0.461191202448493	28
0.064827745186871	0.724276872236961	28
-0.069725776853234	0.332208770340518	28
0.110218658840718	0.569584518978526	28
-0.11530612393621	0.153219172357315	28
-0.097663774085592	0.182602819355462	28
0.046072283321425	0.460025700668446	28
-0.088059406567784	0.322131812977284	4
-0.060974855822457	0.233834907510653	4
0.041517667519334	0.44377010874742	4
-0.121473587819587	0.727658969050568	51
-0.078825398406121	1.01927177595649	51
-0.108561391963919	0.6046203795388	51
-0.09526361904235	0.630494251234978	51
-0.074647505969121	0.732719823346924	51
0.036634044093025	1.4727007064869	51
-0.074990328631998	0.697496274986123	51
-0.030860049531877	0.852923006259908	51
0.062326089338076	1.56959938668576	51
0.01625517377603	0.602915758001448	51
-0.122108933860147	0.414106093475312	51
0.018557918203852	0.27387904181266	170
-0.094420023710205	0.169574205292899	170
-0.123418879224609	0.221962922328546	51
-0.071177021839965	0.399550775736371	51
0.05172602488336	0.717543305722082	51
-0.033812143246752	0.550251476409627	51
-0.066116221807689	0.38274063894093	51
-0.030860062130029	0.448477220331205	51
-0.079108902970608	0.240470608407277	223
-0.035413629360893	0.42854844226988	51
-0.015686270342592	0.440497577910627	7
0.00205811532871297	0.471816019394479	359
0.124474970025599	0.788636650766684	359
0.014135369934958	0.340562136541618	359
-0.016628026597614	0.476527123028607	7
-0.014310660956265	0.39701051806121	7
0.00546862209128302	0.371073416059963	7
-0.043601718359235	0.273251600554049	7
-0.118353866902179	0.173206714887345	7
-0.088301229867351	0.255496106100831	7
-0.074373340367462	0.334541178855383	7
-0.042338589903385	0.340052409604694	79
-0.113365621213968	0.209901618941663	79
0.072092263492007	0.630126024460998	79
-0.067558569614438	0.29104349480417	7
-0.053881610955029	0.431869408369561	7
0.089361716701007	0.381971970332924	26
0.080847741344908	0.528878554402461	26
0.074802808752089	0.828731384347904	7
-0.105583853222679	0.183705351683807	26
-0.029186341147337	0.346564046610142	120
0.115945064176665	0.621891239464224	262
-0.079993678360805	0.277822375043303	262
-0.050774662008269	0.422926049655632	1
-0.030755919794706	0.481530471419663	1
0.029878354494807	0.552003540014988	4
-0.039696596150626	0.284054430604972	1
0.017178306946858	0.555107091909947	1
-0.082131407183796	0.232316940967604	1
-0.102976633229752	0.234141654581569	28
0.064898936579612	0.579433125050617	28
-0.00413794025359401	0.342487968711925	28
-0.075678141207134	0.246495557340945	28
-0.075314710483383	0.290395802320518	4
-0.020334091308587	0.419867227899878	4
-0.112107904964505	0.250222310166977	4
-0.005381776547947	0.38675977348345	4
-0.096595416238615	0.872050649170969	51
0.074510361788978	1.64036140039968	51
-0.097749940249452	0.546367147506681	51
-0.01460195520324	1.18993493739892	51
-0.057230983092759	0.686198557704996	51
-0.042085398078333	0.679687608926362	51
0.057625486789654	0.868930902741594	51
-0.121059884179153	0.324662532533673	51
-0.071348262609187	0.552992666558411	51
-0.122378408249333	0.303426500154286	51
0.068511229982715	1.20372336698218	51
0.111134693541725	0.932869640358342	51
0.108632515887255	0.889591712330573	51
-0.071991385931964	0.278937474911024	51
-0.059425952900337	0.584736354988498	51
0.020508492847399	1.03028880062118	51
-0.03597056182909	0.593497746370951	51
-0.107521420792125	0.195158684695761	51
0.012427792535766	0.459860574930828	51
-0.041998726973391	0.512500646939505	51
-0.070457986919186	0.25901416524192	478
-0.054840869747002	0.380715229690396	51
0.043313342281974	0.808252437319682	51
-0.087378089859859	0.182052925857701	31
-0.119268941108974	0.30710291976361	31
-0.022807238051954	0.290097532846772	223
-0.038554825443786	0.319265938432671	31
0.068031205099516	0.461740530452821	7
0.037308623958731	0.329174868566599	359
0.084496472983971	0.769926926037681	7
-0.09012100441279	0.232846393299294	7
0.120694654347868	0.674324224099462	7
-0.00446401177349601	0.58075995275837	171
0.018303168988088	0.674059978546175	171
0.099186876038266	0.971705176623731	7
-0.050421628670411	0.315463821473971	77
-0.047220062715833	0.294591720270069	77
-0.021067729454999	0.418203224971276	77
-0.068343540567839	0.376773977776677	77
0.077590528424516	0.685582261466691	7
0.00462215783666198	0.31253508771147	26
-0.112941893214076	0.170426063375491	26
-0.095540481965826	0.253846352799567	26
-0.121629526780208	0.142524430341137	26
-0.093416688186148	0.207852267123811	7
0.010426815291659	0.328041465917441	26
-0.075388635020929	0.269095241683888	120
-0.00258607686012199	0.345255616043336	262
0.057809580349703	0.410206119279744	262
-0.107224751009484	0.298634011399721	4
0.067805163927549	0.461314079434106	1
0.057570371161814	0.409801351394459	1
-0.008177374845424	0.215614067005725	28
0.049256615600645	0.371314076498483	28
-0.093116899392068	0.208343012617911	4
-0.036529492124132	0.396368009874406	4
0.046076840966245	0.358212460655362	4
-0.089388102525816	0.156441320267632	4
-0.031585371831884	1.0445326458082	51
-0.007299303994979	1.12237891189172	51
-0.060775048322673	0.668802517245356	51
-0.026440390431906	0.768432570908213	51
-0.047453343793666	0.668777168655396	51
0.00339314718353301	0.979702205895089	51
-0.122209289179655	0.305560356764878	51
-0.041411150916643	0.517741122160135	51
0.00585080463770099	0.546468954739621	51
0.039050584684348	1.0597929463332	51
-0.008154726244918	0.420928020654427	51
0.124010143681656	0.922631145883717	170
-0.013294377458339	0.49450219609944	51
0.121451364454907	1.25842411788746	51
-0.107085033804607	0.286002156064579	51
0.103112870223994	0.81064717434931	51
-0.089375097693978	0.30294845089856	51
0.082172306144798	0.352192694954863	31
-0.02005901784568	0.537323641969504	31
0.072684580177769	0.631695951992787	31
0.070585424728827	0.618063329066302	31
-0.117008921215745	0.20104798749291	7
-0.078806166777509	0.25934957669773	359
-0.09633038537806	0.219133751122473	7
-0.057655082785566	0.293595261196658	7
-0.051005170427881	0.339778799816267	7
-0.031769121614539	0.375606391778901	7
0.04573280438524	0.766916770003544	7
-0.00896031950491899	0.374095961511667	77
0.09914098380899	0.718705694148282	77
-0.024148803473523	0.406372811304241	77
0.045451476441937	0.66570430193262	77
-0.072506975626887	0.183774427687893	26
0.005190821411306	0.425997932190877	26
0.00113704311537999	0.357478591545526	7
-0.065520126580581	0.247535972404739	120
0.000238497518378011	0.409589161086661	262
-0.098047438610042	0.182092026004661	1
-0.016329285851931	0.438916488302123	1
0.00670912195252199	0.600513065381175	4
0.101821173254737	0.797704679303445	4
0.00707569632120802	0.5498502187689	4
0.00897642163965401	0.570490627674729	1
-0.034654453135057	0.40083083897835	28
-0.119211029038776	0.206729276688771	28
0.084578681085466	0.793345336426178	28
-0.119084200641112	0.194968142230738	1
0.097588849069703	0.445744027070954	28
0.030150462413705	0.303780011909553	28
0.09642465442657	0.443761796111245	28
-0.116936086205074	0.188475164662237	4
-0.1131309971792	0.222789387730049	4
-0.054493822311628	0.355865813603465	1
0.01845037385583	0.354328746774321	4
-0.110926855687866	0.707826215746524	51
-0.08157958736096	0.672536941229077	51
-0.012513830580458	1.12976781455294	51
-0.078450758673719	0.725537022504577	51
-0.075399024535573	0.669326318350847	51
-0.050779172446325	0.741972384750127	51
-0.070961217957352	0.674473607857395	51
-0.12092352861959	0.255177755963801	51
-0.054404310497425	0.713291813762277	51
-0.089830798591963	0.49113801061531	51
-0.061671443549164	0.439080500263786	51
0.089712883664345	1.35028130977239	51
0.034613041782708	0.809542333234755	51
-0.068674012289989	0.218697415136108	51
-0.040690699508987	0.282307685188653	57
-0.07878964060803	0.0723057619962507	57
-0.008657750832228	0.215060057196043	408
-0.079132245277941	0.417725647673731	51
-0.107150065176606	0.210035838971002	51
-0.060378600619302	0.407298477604748	51
-0.080872368291846	0.276060956698454	51
0.032448117911505	0.483568566276123	51
-0.071429104016234	0.280032067196095	51
-0.030094502356459	0.577483817901213	51
0.087857085903875	0.379936279833079	31
-0.11110979017628	0.284755414274326	31
-0.043817448384002	0.367446991225578	31
0.042984843995131	0.535786139908796	31
-0.085278128311507	0.244434670735172	31
-0.016838606380679	0.391664893417766	31
0.112726634979558	0.584781356349891	359
-0.087739149998278	0.181601222623086	359
0.098148433887134	0.697651634029955	359
0.029147037462274	0.469380870390063	7
0.026618624781229	0.530897887206144	31
-0.112327261595262	0.198626173129317	7
-0.00199656718143401	0.346256347351749	171
0.011207614338836	0.572005205969668	171
-0.04335583986754	0.400923748906141	171
-0.014881081190073	0.517723449526676	7
0.098739126435646	0.717477311146138	77
0.031870228565086	0.397650368866104	7
0.033712896436358	0.408058669859425	26
-0.040612185022888	0.205467984988022	26
0.033165678000757	0.485024153983484	26
-0.043553516800822	0.27341141963028	7
-0.049808663927085	0.374117249254446	7
-0.081685677339328	0.27123679890611	7
0.09605446090003	0.432972615885307	7
-0.073456186074126	0.208111992025089	7
-0.115000762580641	0.230844250138131	120
-0.062966768607849	0.27983436360447	120
-0.069181749017148	0.284139163294608	120
0.073020672838148	0.487873336712817	262
-0.104601896404131	0.214368802795427	1
-0.105002587941782	0.293233286389643	1
0.110595923086653	0.930946276363158	4
-0.011190802034785	0.31950988526696	1
0.00747371642632999	0.556139698961309	1
0.057064674642351	0.74834860863298	1
-0.035916545603447	0.362189925945942	28
-0.084109385615388	0.246518471732172	28
-0.100516818250432	0.140771338508736	28
0.00907929565591897	0.325889882254027	4
0.124872013437059	0.810118556069833	4
-0.080479733980093	0.296207037338212	4
-0.005766537924497	0.437114033742744	4
0.123584034006822	0.734393610268525	4
-0.084162500445536	0.320431167132285	4
-0.112930157589111	0.184036604260991	4
-0.000747957015367007	0.502715863803978	4
-0.013321400282816	0.4509936659441	4
-0.068347711209989	0.219187137876228	4
-0.00766495012841401	1.01796068165436	51
-0.100688713797373	0.35720778287742	51
-0.093323026632243	0.444763996014847	51
0.103105625897107	0.792969365442982	51
0.114006585319212	1.02941007126771	51
-0.115637863434309	0.380779842338804	51
0.015112704684291	0.40759250661594	51
-0.076664563979244	0.490823621444283	51
0.106604113428501	0.533027776317894	51
0.056091839850337	0.398692483079051	51
-0.028598813035811	0.182256181128811	408
-0.080718980865784	0.427870741680371	51
-0.117551128711165	0.187471519082491	51
0.071958547506292	0.485769771798544	51
-0.00694162295895601	0.332169534035798	51
0.026221118804249	0.734097752120265	51
-0.021865377084146	0.62198204153994	31
0.00959075564904599	0.447422403000732	223
-0.019395706942802	0.338449319555757	31
0.112604034522229	0.574650725207162	31
0.059877084232574	0.422043964672221	31
-0.122195227166803	0.141805710827359	359
0.0249812582346	0.289393875562662	359
-0.055765536382903	0.296974217013641	7
-0.00815550515609401	0.375749526786614	7
0.026475061482408	0.604438156449384	171
-0.111163870410396	0.286533343726259	7
0.106720357563305	0.523187605723903	77
-0.097188470378455	0.319576528432103	77
0.040331621989328	0.434360031522749	7
-0.008297558693766	0.215496931139269	26
-0.038874974659735	0.285413736571505	26
-0.101224281323823	0.208138502343127	26
0.095583244975667	0.690442199991757	7
0.08719619832023	0.58744032067612	7
0.105871177422016	0.521633222164851	262
0.034508548917645	0.31745469656417	262
0.081295051537715	0.744038478174733	1
-0.094028903108972	0.31769347226493	1
0.100439624392349	1.02455934366936	4
0.059172001282943	0.650190021839267	4
0.104176369801005	0.508408492788848	1
0.053839532100608	0.506427718331748	1
-0.118320019153364	0.173244069912257	1
0.104693100079939	0.841778638590081	1
-0.119668859782711	0.269508686109432	1
0.014902964199144	0.64701402892033	1
-0.005728211752972	0.386130983449313	28
-0.089593736368744	0.271278580696754	4
-0.058120156200645	0.37266863836812	4
-0.080415582347833	0.296342340962758	4
-0.112414380581604	0.271108935793961	4
-0.122522115819643	0.141372901033151	4
-0.088037976280812	0.274525503622235	4
-0.091062635481444	0.7882743244313	51
-0.110847038013663	0.594093102448225	51
-0.023722145175503	1.14874776466271	51
-0.04020063285841	0.886235126384786	51
0.00628902374845203	1.19752050453684	51
-0.122461044784221	0.375957728114793	51
-0.120647876771104	0.342992228389111	51
-0.108068966604819	0.428303297408474	51
0.102628118987717	0.791586290723131	170
0.120231409697821	1.25223598939306	51
-0.11614841569218	0.214769172083511	51
-0.030822235512796	0.513108132630837	51
0.099347307615569	0.458974547080341	31
-0.08407959064519	0.384650856507067	31
-0.044663179193049	0.475511932913619	31
-0.089989349031533	0.358213444240285	31
0.100712613272161	0.741299916261184	31
0.00440067940469102	0.483025710346273	31
-0.07474740427671	0.270263954634648	31
0.118374689932432	0.668921838575515	31
-0.018674657961812	0.4236257946495	31
-0.084221766806071	0.20821640923417	359
0.046311652003851	0.358493557656723	31
0.076383490586317	0.697452782652881	31
-0.013668358475761	0.403668871419094	7
0.074166289210139	0.797822016408464	171
0.101760818129319	0.797333356505951	171
-0.000904383324845992	0.459219934150671	171
0.1234528991971	0.835296343310219	77
-0.083463893460065	0.352417706703441	77
0.018810197783437	0.626782692502574	77
-0.040022163862442	0.440516426080476	77
0.025640067055831	0.29021618537128	26
-0.093489252001883	0.207712411220875	26
-0.108038016057663	0.180083264194803	26
0.093567632768102	0.418606918290155	262
0.081067598975541	0.727623128981806	262
-0.092817443325481	0.20881957520745	262
-0.080742181328079	0.194432149313609	262
-0.114264137943051	0.154585659731359	262
0.051185799864577	0.382555401605384	262
0.040428258031173	0.791144541822971	1
0.035093142406028	0.748059667319362	4
0.108722206486506	0.889906897565936	4
0.084984947615281	0.763566819606607	1
-0.039382352899268	0.317704252331771	1
0.015376088802051	0.549920218161769	1
-0.044453811226054	0.331451377026834	28
-0.09535903038855	0.168429831330126	28
-0.100085768463063	0.141237563951893	4
-0.049291395978647	0.226545386236192	4
-0.00675626778344501	0.477292048246518	4
0.102090534988508	0.754269221052374	4
0.052808857743147	0.611126760430479	4
0.107734532242378	0.535243621591174	4
-0.023271438166162	0.32637568662569	4
0.065655578022533	0.727010542762772	4
-0.094409329986574	0.701770666127733	51
-0.041698806087905	0.822626188890136	51
-0.010544599554654	1.20776017005938	51
0.023971835725041	1.37670570968752	51
-0.124811094499167	0.448931668732015	51
0.023718387753564	1.36444054949731	51
-0.081804697493066	0.35941255759851	51
-0.094191738728048	0.467575200864932	51
0.120914053132236	0.727192568135152	51
-0.032348106117246	0.112281079758086	51
0.090135367227759	0.393230314272153	408
0.050593723382482	0.7009810998759	51
0.022934538305428	0.71137076359622	51
-0.085915896432852	0.359126103245427	51
-0.058212070721999	0.413201660335833	51
-0.070594691775059	0.383390652275121	31
-0.088213818175513	0.321757169789563	31
-0.069906936423115	0.308193011756673	31
0.092322045676031	0.63637894297619	31
-0.124205472813251	0.218678701396893	31
-0.10007454772995	0.209998355465603	31
-0.108111526186077	0.234899672241446	359
-0.087178497048971	0.257548051876879	359
0.042387798747316	0.534527530019485	7
0.088737313172006	0.609233428574869	31
0.020344374028665	0.490241158257637	31
-0.10427109663165	0.244940018526489	31
0.095138573854333	0.66199661778618	31
-0.103188793217405	0.233737817645556	7
0.013762888934933	0.462931808680568	7
-0.047107305528543	0.461413911514803	171
-0.016599099390162	0.438248299301712	171
-0.063315297751977	0.303045174162946	7
0.04141159633215	0.628303095735808	7
0.068929467440272	0.885412395108356	7
-0.122942629996994	0.176364552198324	7
-0.111163870410396	0.286533343726259	77
-0.038459963338758	0.531081162495336	77
0.116713691165562	1.12621519611778	77
-0.031865848732331	0.265971694449559	26
0.03477928889904	0.495689171111356	26
0.01274491787114	0.460630949683941	7
0.038051159393759	0.51697993453639	7
0.099827240707232	0.738712682133223	7
-0.107827817129277	0.208845585798963	262
-0.103385616345708	0.155277315587922	262
-0.015261859547157	0.351272699686737	262
-0.11164708316741	0.213041675273506	262
0.070382814708603	0.763472753084765	262
-0.098790847669289	0.230187264626503	262
-0.064159016846701	0.301331178909867	262
0.030013157084186	0.552332037308157	1
-0.119233304821433	0.230949419790553	1
0.057569300461079	0.868550573003697	4
-0.071602938118753	0.380669535378392	4
-0.112623825096044	0.19812637216541	1
-0.028541429871423	0.312247752299744	1
-0.122782829864203	0.231546953573808	1
0.10896634475425	0.557359244244577	28
-0.110206070347791	0.230770730175134	4
-0.018767793088378	0.428229105838301	4
-0.038795349347745	0.419913772171107	4
0.078478514284716	0.849332582390801	4
-0.013236704163526	0.494679699073854	4
-0.09220216557733	0.324652980775279	4
-0.00623759548807001	0.488406212256044	4
0.05018085481416	2.28621619204988	51
-0.018477269345904	1.19731932475975	51
-0.047516738150961	0.797927571208995	51
-0.058044045998419	0.726091345051943	51
-0.065660867927169	0.694534298329376	51
-0.067112805051203	0.624046916167214	51
-0.123691530208273	0.38366941463705	51
-0.089017413633805	0.596054615172299	51
-0.082041439398119	0.548212860937949	51
-0.065196990424599	0.496102381555737	51
-0.077354039841349	0.359776063604984	51
0.0525912647913	0.249963556755146	51
0.069251935705807	0.297314909404552	408
-0.00974636242414201	0.469571400312497	170
-0.069715634605298	0.406595716675391	51
0.047006827256608	0.941305629402509	51
0.024976863061675	0.798694732932826	51
-0.077951508400913	0.304669127097611	31
-0.103115203965441	0.23387103229551	31
-0.114006973642034	0.254829506207224	31
0.081442143760816	0.728698142203017	31
0.098638832035988	0.708179368403939	31
-0.110907664727933	0.187149156351344	31
0.00824999845209401	0.503374422792046	31
-0.03758994932606	0.321069979266107	359
-0.012981262071063	0.451921285662595	7
0.052112989836498	0.495112122193241	31
0.072725666499784	0.487319172671156	31
0.077216139271843	0.684503804671569	31
-0.00980501463334599	0.417402100592812	7
-0.047675286767325	0.379061855883426	171
-0.047070583716318	0.294869631505562	7
0.033110003265163	0.718387252896386	77
0.072607352885781	0.806553984364252	77
-0.018107634421163	0.508498973440499	77
-0.026150407196483	0.357473821855106	26
0.057919033935939	0.523345326101609	7
-0.068031513373324	0.336133339165833	262
0.114485367097309	0.598448086034725	262
-0.080654054359419	0.256036883354317	262
-0.09679027786497	0.233862353691461	262
-0.081109257214373	0.275562219919562	262
-0.039321422501358	0.317811605210958	262
-0.083554188635	0.286708419294274	262
-0.100193741616004	0.194570570045854	262
-0.050442804870556	0.284629413320711	262
-0.024428428329254	0.478119992759061	4
-0.1123846958503	0.269133757363529	4
-0.098937882726277	0.351585464780257	4
-0.070534362019823	0.365349607003967	4
-0.061451322744991	0.333125707019924	1
-0.037417705918364	0.321337085873782	1
0.081016917729283	0.735500435202334	1
-0.071902186414648	0.37983423696042	1
-0.108235271476965	0.208133410604475	1
0.058643357988932	0.524836662663724	28
-0.015344923119679	0.441267361473864	4
0.057472226863014	0.652576864815008	4
0.05411929824903	0.628874079870249	4
-0.017975021299216	0.430215911004466	4
-0.089617439633706	0.268423354158672	4
-0.109794552940755	0.255255725177518	4
0.00793845228971302	0.437894100773419	4
-0.113473001447464	0.531223304149803	51
0.011306801506049	1.12260642564516	51
-0.115419170537262	0.417137683376115	51
-0.089137106206319	0.505226931769437	51
-0.026464828160428	0.916386360313337	51
0.042643469681539	1.30784793411465	51
-0.101114079462188	0.441322654943238	51
-0.056464960007934	0.726060986604845	51
-0.092589605220363	0.533369987630791	51
0.12223826024804	1.22007207680326	51
-0.0195827135256	0.7023631339959	51
-0.061698058999287	0.282206836203077	170
-0.027586872470439	0.461090208944721	170
-0.107838604033041	0.250076370366707	170
0.037715288745808	0.685938852959378	51
-0.085259050727088	0.39160274083353	40
-0.038686926554881	0.416402962580443	31
-0.092408969032378	0.244784055486393	31
-0.035810573920482	0.362409982396065	31
0.00749542214256699	0.436920158140881	31
-0.122131222735338	0.189787283320458	31
-0.049871569334148	0.346048194524794	7
-0.083406408529834	0.399623457750366	171
0.09888561535753	0.717987558683153	7
-0.076007678445799	0.397479196509463	77
0.088169975731028	0.598859222535027	77
-0.056709391428972	0.212187840329111	7
-0.104659098415733	0.259107303936921	26
-0.035224344225501	0.330100750277038	106
-0.001386956967009	0.457881899593642	262
0.028686433596163	0.392058603074131	262
0.038925241812877	0.331515226768306	262
0.040727923298082	0.435079326428861	262
-0.097809120018127	0.216628779439125	262
0.014360984701629	0.470373895052219	262
-0.061632438550426	0.282325036987617	262
0.021482826733278	0.705975212881919	4
-0.098986539307169	0.328652214214654	4
-0.028790740457783	0.51949597472834	4
-0.00258176579233699	0.586639128292766	1
-0.040088603106926	0.379948909458396	104
-0.10263017816806	0.265709289665191	104
-0.039497838865662	0.38518907662667	104
-0.122014103221154	0.127690808338088	104
-0.043131077476395	0.239829266967157	28
-0.117433913093469	0.212371520292268	4
-0.037267697404567	0.451776247536017	4
0.090074901085435	0.62164516020421	4
-0.05718878176419	0.294449147107667	4
-0.1034434004554	0.546963540200145	51
-0.00414904905730901	1.10196957811297	51
-0.115465270055436	0.356455152437093	51
-0.025528244563787	1.19716812348593	51
-0.040557139100645	0.733241027195832	51
0.025268933991063	0.789951813217843	51
-0.065929355781595	0.550106970971572	51
0.122942190883371	1.80610383500432	51
-0.052800403421907	0.389338626285646	51
-0.100527502007355	0.437054191161559	51
0.031648236679253	0.637298603132925	51
0.098949773126099	0.458306146307514	51
-0.122207047226802	0.127479639620611	51
-0.094504772260906	0.222258129834065	51
0.058173391117669	0.668619597112951	40
-0.086612541621027	0.370153799354557	40
-0.00142043897664099	0.817735689355703	31
-0.088931698270141	0.465387358268767	31
0.015347143873664	0.408061017968791	31
0.015179483787773	0.342285070368384	31
-0.037153740941658	0.288213964651084	31
0.062461637691616	0.54954765011305	31
-0.099787467285432	0.141565560698118	31
0.067814210829526	0.29581334456746	31
-0.07532884304551	0.290324705125991	31
0.055449311310031	0.742960435303696	31
-0.060988648018588	0.233875414769379	7
0.044595387085991	0.554192760274988	7
-0.086138685324248	0.205407719409022	171
0.071173973729995	0.484005326233251	171
-0.039492000778063	0.498400380259222	171
0.00119773871790402	0.656210278253456	7
0.00675725076140099	0.699814957512614	77
-0.054348962570112	0.406666752568059	7
-0.100246810168476	0.271036722385063	77
-0.115711787113326	0.310078041970146	77
-0.078487965687636	0.448312826559857	77
-0.116189500860813	0.270249216125413	77
-0.103003562511213	0.205126497117716	7
0.123911682614857	0.756150411528888	106
-0.102559266802942	0.234937443516686	106
-0.110570174047777	0.242118356205025	262
-0.085776249217723	0.205948881424667	262
-0.0745608698151	0.482814844618051	4
0.051882657767301	0.7181239134931	4
0.00698486485156702	0.549632807624639	4
-0.049625832775501	0.426119262882198	4
-0.123582266098495	0.125940891613053	1
-0.00952688910835101	0.423147704033942	104
0.113193909586302	0.58581885382448	104
-0.119608181377728	0.158489776632982	104
-0.013286011546237	0.535631176967496	4
0.00557193161951403	0.780151316934068	4
-0.101884131602911	0.25219676153462	4
-0.023377869205946	0.518973917751453	4
-0.060284127504206	0.446130956686323	4
0.092087672703014	0.635796714949401	4
-0.07441068060237	1.37172446803111	51
-0.103602044602604	0.765477606332375	51
-0.09649050174301	0.698508208957196	51
-0.050085823822316	0.959453515713813	51
-0.063851324880409	0.791072393700818	51
-0.098768961669825	0.535120170112081	51
-0.071526572304988	0.48518972335717	51
0.107019578067039	1.14959778968301	51
0.013455187913912	0.749214080850359	51
-0.010460830549611	1.1534614961796	51
-0.080565470934085	0.606961188117876	51
-0.03232184452551	0.11230911504638	408
-0.053708631471986	0.432386340266254	40
-0.121631450291376	0.253490115599166	40
-0.076870053946185	0.394920359406897	31
0.083099993400466	0.757724994473947	31
0.084387611100717	0.937827964149509	31
0.037225510938159	0.508289301102902	31
0.027700412957316	0.533695300898587	31
-0.013865832408174	0.488329806509657	31
-0.016030882084446	0.393440223553724	31
-0.120309270157436	0.144107139284983	31
-0.081510477084537	0.271543577081007	31
0.042091708753522	0.636688917536195	31
-0.048004150201697	0.408542264566778	31
0.033563132792363	0.799826775080512	171
-0.123685070707666	0.282743133322623	171
-0.12473763445616	0.217564137311693	171
-0.120776066015272	0.24581851311933	77
0.003556514539092	0.475388616454232	77
0.067108435869124	0.73158252018411	77
0.11178970371622	0.952526043819841	77
-0.064227771799254	0.301219905885604	106
-0.003730544872555	0.287567677171353	262
-0.080491656877448	0.194711395829	262
-0.062390769563019	0.25643436630168	262
0.067055164315981	0.745383151926874	262
-0.026767011798307	0.589320663936111	262
-0.079824232136919	0.399909728178055	262
-0.060649396580503	0.383695970965368	4
-0.092642654097344	0.321248546696954	4
-0.02294216832243	0.368900468914343	4
-0.059997308397169	0.427889241739407	1
-0.021966218526018	0.291422488404836	104
0.104304045689007	0.498409676558571	4
0.013125927936829	0.260057818898246	1
0.053543344220958	0.505795952017967	4
0.078903520074716	0.858234740206621	4
-0.085711911539017	0.375164268645773	4
-0.034999197937048	0.516180765982941	4
-0.096940605480781	0.295727589362787	4
-0.111290764228433	0.228609819202144	4
0.060912752484209	0.545867183755918	4
-0.111107962748477	0.898001914498218	51
-0.083830662489988	0.867017424936336	51
-0.094460038405474	0.704433014949908	51
-0.030860226932788	1.05521217249658	51
-0.048349209837106	0.881198268617789	51
-0.097459109869758	0.591299605979439	51
-0.056450445737983	0.905911548288585	51
-0.108431055721065	0.595022856244063	51
-0.116898414974854	0.522436002530865	51
-0.117913260547809	0.18686000342619	408
-0.100344348894313	0.320803027427875	170
-0.036871897541465	0.764118822560993	51
-0.057167167261782	0.652898782783273	40
0.100350280170227	0.470980072779348	31
0.014789872621538	0.341663674457389	31
-0.044683571858606	0.545103995913996	31
0.012553825662358	0.73130835746454	31
0.055518020400892	0.936441933453143	31
-0.010964324842641	0.627139467662493	31
-0.069622604467295	0.403946361300561	7
-0.036960707949415	0.452612844052557	31
0.00400992387823101	0.587105243787225	31
0.045293608164948	0.658800253741473	31
-0.102452030848613	0.290157532460408	31
-0.037257059350013	0.419942914532472	171
-0.019341580576564	0.504941225576108	171
-0.120185773119016	0.228939090242738	171
-0.101845204010356	0.291629265706244	171
-0.087603401805769	0.338993311935212	171
0.078009646390299	0.514621616763589	171
-0.002311037881851	0.345698516769591	77
-0.028386045543354	0.312509018099856	77
0.124808692968239	0.789558538281785	77
-0.043901221369475	0.395807423996104	77
0.102071721028281	0.79854318797716	77
0.092529943384859	0.883292049787285	77
-0.012509358212596	0.406147070700329	106
-0.015082813796208	0.395429811065974	106
-0.101003257207363	0.237808384776238	106
-0.085684061646433	0.316736917039514	262
-0.093106408938037	0.32006262429773	7
-0.089825434879628	0.317734951633801	262
-0.094817653142816	0.313416280082282	262
-0.111993178823689	0.185495157112358	262
0.100746392569367	0.47165486284117	4
0.076550090683518	0.511673253856545	4
-0.046594501184104	0.327172229293854	4
0.037792213863505	0.68624905375325	1
-0.091941521057506	0.307583458408404	1
-0.118664828860118	0.242449638059856	4
-0.042036918674576	0.457814402449319	1
-0.018948033669268	0.540805648908018	1
0.077160305773612	0.51293749010458	4
0.058491378156861	0.411087832589774	4
-0.118398107119497	0.30073138944384	4
0.00531571643331702	0.426272242908203	4
0.087606967764431	0.588480961185507	4
-0.067684572290703	1.55860184320726	51
-0.098203663128645	1.0768873709364	51
-0.076960242243846	1.28816063928562	51
-0.106674950490516	0.674802464347757	51
-0.028562056455376	1.14715764700423	51
-0.050152293173687	1.10697349540724	51
0.014380339179043	1.62828851398602	51
-0.113854819408794	0.421844583344051	51
-0.028803824634528	0.608563078440721	51
0.092718732601153	1.8512813050865	51
-0.078674318615385	0.807465911466777	51
-0.090324948413632	0.621674920694415	51
-0.094779719964915	0.640963716041682	51
-0.021718536988112	1.16729967852446	51
-0.094378753342728	0.576101197707285	51
-0.071079394420256	0.363817381343758	51
-0.095684534594813	0.361121263100628	40
-0.085598650431372	0.444327265374945	40
0.070038320031965	1.25168315171086	40
-0.050195255003669	0.189624561162744	31
-0.00725656101195701	0.331654681671431	31
0.049793967907188	0.887563718660772	31
0.078137032731471	1.13862062808279	31
0.012812543511382	0.755789348696937	31
-0.119897601953815	0.285892654252789	31
-0.055315717634032	0.427742218929107	31
-0.120996849832876	0.264470590013386	31
-0.041151884714798	0.377489084862111	7
0.047307394232292	0.568107683181444	31
-0.074318718039431	0.334526182371458	31
0.024763899984987	0.526307454632166	31
-0.100867542788913	0.281947285434217	171
-0.017119382111942	0.391074293320966	171
-0.029487060007246	0.421830860079531	171
-0.013066061835533	0.316401923074017	77
0.054329623594223	0.499677971323148	77
-0.104734089784898	0.25894972392134	77
0.039700253075991	0.521089920825642	7
0.101310316039826	0.787208677352402	7
0.113561191920928	0.984971359471484	262
-0.024026514763137	0.517021630778178	262
-0.050747762147397	0.444128404069656	262
-0.113573202075542	0.155480379563004	4
-0.056403232780774	0.421544404548469	4
-0.040493347163106	0.379029531263508	4
-0.077833692867592	0.22116161853752	4
-0.122896244728832	0.231346065653287	1
-0.021790902881236	0.291725989686845	1
-0.046044852769257	0.386736070830379	104
-0.098612127016001	0.327638615454591	4
-0.104261919120724	0.330191318297049	4
-0.09178683800418	0.338389080539425	4
0.042032792670236	0.437330805024636	4
-0.020300690035319	0.723298459403194	51
-0.119481631349444	0.30320013454718	51
0.066013650725895	0.954651917042017	51
-0.00292710678638	0.678182730811608	40
-0.070204311220486	0.525437225842416	40
-0.04948084536342	0.259671725209926	31
-0.123457693348233	0.111229082977098	31
-0.029930882032264	0.574421523524781	31
-0.091402265925509	0.339415421394484	31
-0.060882537225336	0.422061517626523	7
0.034340088733411	0.657169716502026	7
-0.011881643870065	0.459450547873062	7
-0.051389595064562	0.370415692464171	31
0.101487500219024	0.787911351210095	31
0.010203603107662	0.563898454715206	31
-0.034035937269864	0.406454651731394	7
0.058355372259354	0.66227098618148	7
-0.088674113188794	0.320618127974403	171
-0.057211426699597	0.439037979131161	77
0.00120772086269599	0.357577822595321	77
-0.117850968304877	0.199561945194485	77
0.01305883845695	0.58806726654582	77
-0.085615578147445	0.282337601660756	77
0.104245241389583	0.796406336884665	7
-0.095218042890515	0.221085179700125	7
-0.083641429592573	0.22979080039155	7
0.010375388260431	0.569753443145942	262
0.068624882281675	0.870660731302634	262
-0.048214978478308	0.319703636460656	7
0.013420217376961	0.589172741034651	4
-0.059367028125345	0.318239708104281	7
-0.122491336587659	0.127175596836901	4
0.065436853531724	0.448583998620858	4
-0.096555848984957	0.265796493312846	4
-0.111811682373512	0.250886152182506	4
0.050494518024307	0.484038901391297	4
-0.122764062174377	0.188712515066715	104
0.00188197444937999	0.663352719944577	104
-0.021590773050524	0.291945906769974	4
-0.121695188778967	0.253331728908131	1
-0.091317081013403	0.194700834244059	4
-0.111106080570229	0.126498964080274	4
-0.043384097052164	0.239484475429444	4
0.124338991846017	0.79823891333181	4
-0.076867302485652	0.474527835343706	51
-0.031978931471453	0.618998895989624	51
-0.093337974502834	0.504842295616027	51
0.080793428232446	0.734741434289716	51
-0.08249858959941	0.389393622921164	40
-0.110035803508039	0.289441509089545	40
0.083812362070999	0.354349939361548	40
0.0071256595957	0.824751059503264	31
-0.017747469054077	0.473518725074291	31
-0.032573370686149	0.300517789546685	31
0.052267423156629	0.616581223789382	31
0.029816871332686	0.394163423890725	31
-0.084321652256593	0.246166974800013	31
-0.11924401537326	0.208940912753417	171
0.002524405980533	0.472873836139335	171
-0.117244622582763	0.285358063348123	171
0.08412811839227	0.562563056980706	7
-0.12371138922355	0.187064195650823	77
0.033255284097708	0.48514073153018	77
-0.068566419402229	0.334903029649781	77
0.02259319409606	0.587397402263623	77
0.014851610153427	0.652053794119379	77
0.089064189373645	0.381143732517652	77
0.085590610302645	0.366777430403151	77
0.017882518864128	0.419361388272434	7
-0.073569317887561	0.207985317186548	7
0.02172204819122	0.366466604997008	7
0.026348894977361	0.678349315410256	7
0.12472446304136	0.809655238447047	262
0.085269191565538	0.574031547298896	4
-0.11616529388571	0.308779295274426	7
0.022467955207717	0.367781048311013	7
0.06715462821896	0.459837389434361	7
0.00990107231328902	0.615609734526732	4
0.015834394760169	0.47376128736369	4
-0.054132003870094	0.333117481059887	4
0.07228319132287	0.646576461085389	4
-0.040235137715351	0.466456714685156	4
-0.057131771823798	0.416319060070443	104
-0.076813681031845	0.307155960724443	104
-0.074167771446332	0.335028471594743	104
-0.068894533370451	0.393622285657046	104
-0.102192434485884	0.278892285747497	4
0.107715405860146	0.545010167074933	1
-0.014865198355334	0.485720807860576	4
0.026199535853787	0.449511740727944	4
0.018289824787143	0.558349869074199	4
0.021455591311435	0.365955333102191	4
-0.112474018014649	0.141436587206524	4
0.061419510920968	0.678493486331901	4
-0.007243065949782	0.558402894353292	4
-0.086901375663355	0.408611502100334	51
0.00972345069672698	0.725105754953347	40
-0.041037306998779	0.515625673192758	40
0.00221504260588401	0.47739992218452	31
-0.123008495968808	0.17626103787667	40
0.046255000870679	0.757197035480473	31
-0.122775122608812	0.221633843800326	31
-0.086404040031842	0.312466247204112	31
-0.017879471127439	0.509260617995506	31
0.072701379749441	0.79225201536385	31
0.05337632499844	0.612721549082372	7
0.010510503382532	0.718721482923866	31
-0.080115246240593	0.315369933448532	31
-0.075781047380473	0.289478900028321	31
-0.047983508552617	0.350231001510338	31
-0.111237235385217	0.240746290607442	171
-0.107095433833075	0.263402241143553	171
-0.067343930133149	0.337781632309998	171
0.034272968488316	0.487519115070621	171
-0.119582998912716	0.158582989519375	7
-0.036061462359735	0.361792594147795	77
-0.104035337824504	0.245421842168255	77
0.104528349017997	0.815255789182054	77
-0.059552895767791	0.34086108369907	77
0.047362457778532	0.470057303235347	77
-0.007893861349417	0.47445619474033	77
-0.023476004168465	0.407883947791968	77
0.121738713137237	0.739790129848145	7
-0.052704681362293	0.389506856949232	7
-0.000522985189298997	0.563419155458498	7
0.043273591359411	0.646503058850502	4
-0.024778818778441	0.404863901298185	7
0.078596941302125	0.857134523895699	4
-0.081251747972273	0.312778203690204	4
-0.053958846710332	0.329538321246372	4
-0.031511425076917	0.446740718761446	104
0.086011886193572	0.944264081406566	104
-0.010744773456524	0.506054993083247	4
-0.124391853521448	0.161833698843508	4
-0.117535118244244	0.200106229754662	4
-0.083196802737852	0.248062711284395	4
0.098466463089221	0.707664572206457	395
-0.113185470260484	0.170049809511819	4
0.015931867928857	0.708197863259801	51
0.040414208985757	1.00433957919349	40
0.041029831503775	0.938529391005404	40
0.093533657602113	1.28288369584442	40
-0.082389254734931	0.387190407228221	40
-0.113443595614103	0.183213779858046	31
-0.082642819114352	0.4170246853039	31
0.024315897808275	0.65531639582035	31
0.026230987695949	0.666973678838839	31
-0.076244428947478	0.34518501599567	31
-0.038558842511435	0.416743714315555	31
-0.11151362970404	0.262528093024894	31
-0.098926415153894	0.288784022559742	31
-0.079132596463694	0.320461822148332	171
-0.088979534155594	0.306295011406499	171
0.019617966993143	0.356224017561081	77
-0.033592129729974	0.333307397177009	77
0.066427516988535	0.72947586456047	77
0.075819874558528	0.66449300399503	77
0.00758995360390502	0.556523983978486	77
-0.074135475798044	0.335098859928884	77
0.015627272999117	0.601055301351871	77
0.00552260736860999	0.540299399436803	77
-0.096608708632469	0.26567552159123	7
-0.103525530424854	0.261552715707981	7
-0.030505618341815	0.378308695247561	7
-0.034359652097356	0.297477174750198	4
-0.013212789379369	0.499052928520554	4
-0.020156682249656	0.462719359832325	4
-0.059601166878844	0.314190101335921	1
-0.072096246828463	0.278747877098882	104
0.069488781290036	0.760396238925143	4
-0.05352366485433	0.361764407853875	4
-0.098544574993621	0.181414482622719	4
0.090244459270503	0.61301669022802	4
0.045254835909955	0.652372086637823	4
0.063864682731125	0.700122400748741	4
0.014890144880036	0.471472907840245	4
-0.056363994421087	0.587934051876759	51
-0.119289645979334	0.287519362859911	51
-0.11633926807772	0.358974127051114	40
-0.028029648460609	0.182820174981901	31
-0.050284506236409	0.315643860261124	31
-0.04792078875104	0.459028773017444	31
-0.05612328833852	0.445485704828455	31
-0.032208252201322	0.505089073109332	31
-0.061841484857826	0.498694088949741	31
-0.107921446690152	0.237576024321296	31
-0.084011022829835	0.285762069270156	31
-0.00657615906838199	0.378669354902562	31
-0.111402678529991	0.213398357137906	31
0.124709914099199	0.868645096032642	171
0.10820558186938	0.913601285958188	171
0.050966645504035	0.78645869947879	171
-0.032835503875966	0.495410022737485	171
-0.111174999829995	0.284608888054416	77
-0.087463456422224	0.22043186937284	77
0.046257085613755	0.668299143112795	77
-0.093891924912488	0.207164944585891	77
0.042122180836847	0.636765192615002	77
0.099276543884598	0.736971087456039	77
-0.013316672181434	0.404453753959645	7
-0.025401057271262	0.440531129187105	7
0.050218036709405	0.596929095878379	7
-0.021693868147051	0.411994732640938	4
-0.000954115970491998	0.610052174513127	4
-0.026439894998408	0.46846462256182	4
0.013408941412599	0.468028491313619	4
-0.020147677600162	0.294223831103508	4
0.054792615277213	0.396791966121225	104
-0.023573469232904	0.551662146361461	1
0.056728551319568	0.408313551179458	4
-0.025406749602212	0.541781766311466	4
-0.007964648885356	0.275366024116366	4
0.021335332071191	0.700344642043373	4
0.093423980399719	0.870768087441546	4
0.064275683361792	0.569998966480382	4
0.085520892438639	1.11060076611953	51
-0.00293884788701601	0.673865430873117	40
-0.03425892306832	0.522260602281564	40
-0.067029395962847	0.22109478115734	31
-0.062618077896025	0.417302792469595	31
0.038561290717349	0.688686896885221	31
-0.074084245813034	0.353457631671386	31
-0.087220865523688	0.324146774114041	31
0.027283640631615	0.532456309930779	31
-0.080278407042207	0.296641848610954	171
0.011368068069658	0.517312314930423	7
0.061785464789059	0.686711242452851	77
0.013444196054439	0.339427489137495	77
-0.074260511980156	0.207024153627516	77
-0.061440266779783	0.23319499778402	77
0.00493925616679802	0.48438603497091	77
-0.066264734843939	0.382408972043286	77
-0.114199721715442	0.232478259759505	7
0.123717000339147	0.806574613181075	77
-0.048386995609567	0.34938039286631	77
-0.065603062164297	0.364887199750893	7
0.116594604462656	1.08296465464772	7
0.052863436112905	0.625161056215739	4
0.061841204708559	0.693936196822306	4
-0.053608513435479	0.411900843049344	4
-0.073700986996403	0.296962567395748	4
0.079827646383157	0.339390011864476	4
0.025446581903665	0.289958469988287	4
-0.017675383150883	0.199336912189793	4
-0.00553102093353	0.386481316778011	4
-0.107183796583645	0.263213195782957	104
-0.033098009055786	0.264160235886369	104
-0.1052794657586	0.152962407929468	104
-0.089448052752552	0.318668438325294	4
-0.052576956001333	0.363996517488891	4
0.013682815440899	0.589955701082102	4
0.052475055420634	0.603044695621724	4
0.081593382028231	0.539365612116223	4
-0.061997451846543	0.257083197911008	4
-0.069989851260219	0.282713164535253	4
0.019228785698108	0.355605263955238	4
-0.041330823109002	0.204723180119086	4
-0.048924619636951	0.34819075320277	51
-0.014012017692791	0.444513264917969	51
0.05490533417328	0.851453939399104	40
-0.090952142983809	0.340592349289615	40
0.073695554336621	0.497432216821377	40
-0.059521490511874	0.340999403242829	31
-0.077294974148963	0.324738314530406	31
-0.008226996124194	0.522236788232134	31
-0.030598330026672	0.419063092079895	31
0.065895517500136	0.720640916001377	31
-0.083060886153811	0.305866856902247	31
-0.062438885974809	0.304627484575865	31
0.083518154211491	0.766883520905732	31
-0.080151548873176	0.315290160354651	31
-0.105243892877277	0.25546118208943	31
0.036346332295615	0.675610101619725	171
0.105461547947662	0.520633305690405	7
-0.018240877969135	0.198781158150164	7
-0.015118343614448	0.395373433090878	77
-0.079507701157175	0.258095691245958	7
-0.060023872892876	0.313395106876018	77
-0.00327074517897899	0.442871116908806	323
-0.073289098985093	0.31797671772509	323
0.12472747031718	0.829288531642823	7
-0.104655732108062	0.25673319195632	4
0.081516429015263	0.752491372282439	4
-0.058549402951172	0.31635247416388	4
-0.11575970122841	0.215485217490153	4
-0.005593900565741	0.437501413456026	4
0.091209411974871	0.633541366483532	4
-0.054767540775071	0.302966618743645	1
-0.000139453552967989	0.461106456590626	104
-0.105825710849439	0.241854221398559	4
0.058713433562177	0.53310189481655	4
0.104307472626599	0.84044154509248	4
-0.010378824180455	0.463239122227347	4
-0.006243184276185	0.333281860779207	4
0.027400199630874	0.458902630244761	4
-0.107232131925841	0.251349211812593	40
0.078317572024743	0.863180408195958	40
-0.033543940044424	0.437453913890203	31
0.058081099629681	0.647131186364926	31
-0.048539599721282	0.407139898459601	31
-0.027072153219354	0.395112791509675	31
0.067853836315877	0.853955012118488	31
-0.112405797264468	0.249585835268142	31
-0.035240987221976	0.395108586538569	31
-0.033386430126523	0.372043001550873	171
-0.117315475518789	0.245449963714427	171
0.019851191752939	0.495663427705387	7
-0.050897852469885	0.440275479428802	7
0.033119840345636	0.647724713861227	7
-0.036473022703926	0.289314324544357	77
-0.092671298784641	0.192764146628732	7
-0.087480291859695	0.220380873558092	77
-0.04830792889188	0.227846655501809	7
-0.055444233401011	0.353761347245049	4
0.011686163405683	0.394719611030916	4
-0.019562723441157	0.338172688862922	4
0.049813984165756	0.58177806002068	4
0.078438399143646	0.703697290847961	4
-0.119495339136246	0.250606775511693	4
-0.109636127207584	0.268877565867776	4
-0.011033131477823	0.319778417168374	1
0.108591072771791	0.536843127053454	1
0.116080769496848	1.08066558791405	104
0.00463127363349503	0.579023867479876	104
0.00449110801211999	0.483072939479597	104
0.00168154435671197	0.412732697819783	4
-0.099063243500836	0.180716708652034	4
0.083787152812489	0.5615797711583	4
0.058798903055297	0.77420935190663	4
-0.03422302313069	0.405912292099664	4
-0.080842656523014	0.295410235859915	4
-0.040099543514745	0.412849815409644	4
0.017643192534882	0.561905773113168	4
-0.043642792201461	0.305370770255641	4
-0.032880203761674	0.443118757224566	4
-0.095013351259173	0.414456966192016	51
-0.120860433667419	0.34227026675666	51
-0.067495318217959	0.340468871206177	40
-0.098162114450764	0.246003904868753	40
-0.085863590886786	0.346044619112813	40
0.016618815126716	0.766748882982871	40
-0.043322938311567	0.397111916068522	40
-0.094172919656845	0.327316127859798	40
-0.100943599045255	0.223589622424321	31
0.00204232103276097	0.413491199815686	31
0.00709886212800098	0.549999326991489	31
-0.05370716405899	0.305052203170386	31
-0.113050780543525	0.210502227399725	31
0.098188139963915	0.697668190696533	31
0.080290576751277	0.725275017903039	31
-0.102343829597092	0.235329333971857	171
-0.064685575164899	0.30027987976332	171
0.123850651791025	0.734931431881217	171
-0.037763891258479	0.35385765227593	171
-0.057076708272238	0.319251553508716	7
0.029716743817701	0.557571910605807	7
-0.082100119199457	0.32804749353456	7
-0.060263611590774	0.384658946697835	7
-0.063893177211613	0.198591830654792	77
-0.105684329193765	0.212553065985909	7
0.018836979876983	0.486901064388021	77
-0.00963355457573101	0.469817305755286	77
0.0315697870616	0.404013505564079	77
-0.119617834691228	0.20822163349187	77
-0.083019756160832	0.268687097829936	77
-0.087674891077419	0.323070636742779	77
0.06762050319071	0.72575412488237	323
-0.011868026780784	0.318431158393994	4
-0.118870818713894	0.172429939601173	4
0.035564061683032	0.418312644615658	4
0.046161513111475	0.467384576214316	4
-0.078861254954239	0.338710598634111	4
-0.114587534841871	0.231687648097774	1
0.103469485524606	0.820354019018723	1
-0.02036399873547	0.497859105566006	104
-0.112958065435505	0.278196774921208	104
-0.105358036171485	0.257587768706794	104
0.043860008590816	0.455513605639682	4
-0.052195588601915	0.281633447959488	4
-0.052374362935136	0.415247594206679	4
-0.032874374954606	0.442990467707951	4
0.048582831493644	0.675234310859796	4
-0.060727027588545	0.334740168536321	4
0.074402143477176	0.668368009827341	4
0.00117922596658399	0.56393813305034	4
-0.02823788594348	0.429049414245651	4
-0.055185139167166	0.32713020611892	4
-0.085340970510344	0.24435519356378	4
0.118890786255658	1.15319785863723	51
-0.028610658861366	0.551917059335288	51
-0.095747869309007	0.283394875726099	40
0.081566732292116	0.89694223983719	40
0.070318073773812	0.784381281976389	40
-0.011247104067399	0.618030503687453	40
-0.00798898973189899	0.275359263557972	40
0.122565667304613	0.731750033723611	31
0.122470335708433	0.782636383636469	31
-0.005766537924497	0.437114033742744	31
0.031900114699049	0.56933493196762	31
-0.079503553359015	0.29828753357015	261
0.00646931413497998	0.54797450799573	7
0.057285602138578	0.521863002198341	171
-0.015680408046271	0.394166886265776	171
0.058582059925894	0.648532053112661	7
0.023554703438555	0.510807684776596	7
-0.112941893214076	0.170426063375491	7
0.017391568983527	0.418384907631827	7
0.11049977738284	0.560558964181698	7
-0.039061568334678	0.386343131784187	7
-0.077476369112174	0.342168464932629	7
-0.038521574319677	0.387640043258613	7
0.044606389254301	0.45697257445039	77
0.00277302789621597	0.527701444443181	7
0.00749542214256699	0.436920158140881	323
0.003506550828349	0.529670305871581	4
-0.013272435601635	0.455818984419063	4
-0.093375249339824	0.224120052549263	4
0.123016044769618	0.763991968307285	4
0.042367860537724	0.541599158219752	4
-0.035228711755741	0.399532347357074	4
-0.027295111678505	0.461976243674302	104
-0.083509624269302	0.307529098193529	104
-0.012496323322069	0.453124173548715	104
0.122791805257868	0.752981589709326	4
-0.07797563516583	0.323176792470154	4
0.021997045067311	0.507065633763101	4
-0.032977354898822	0.334459706035556	4
0.100261950614229	0.730615307939888	4
-0.039823574752151	0.384513684603889	4
-0.02641404055153	0.396612658329268	4
-0.06418502341168	0.323765887316139	4
-0.117590001963079	0.265003357577596	51
0.034028282954733	0.581815673603267	40
0.00498814607421799	0.543973211894574	40
-0.088168813814013	0.291749096578485	31
-0.056087941899197	0.527628871640154	31
-0.092188236221803	0.263273178092237	31
-0.031987376652851	0.374968021090019	31
-0.096662809580553	0.218630302883932	31
-0.02579754402554	0.398022608979255	31
-0.122561457896962	0.200642757917927	31
-0.025279275830248	0.359193190031967	31
0.047980677067255	0.569888507080004	31
0.012675102167203	0.460401381878466	171
-0.096479854008136	0.218857540005876	171
-0.043761958972567	0.396148868910265	7
0.091739460463712	0.634916550731466	7
0.07592664257589	0.664805432443299	7
-0.096089867969717	0.269339419641582	7
0.022409444201626	0.586839693845159	483
0.06559349736872	0.838786447284135	483
-0.050438427172366	0.344936902474904	77
-0.030739953506665	0.452745924744822	77
0.052448768061384	0.610223918711735	323
-0.045261730454729	0.329865038182399	323
0.101074006476118	0.47217003475677	323
0.011600309948768	0.394569372439101	323
-0.107236457268956	0.209883325966345	4
-0.07880235483101	0.302697861240301	4
0.04005581300279	0.611228644066877	4
-0.098027568371939	0.246263214707213	4
-0.030050998822339	0.379252477499089	4
-0.013316672181434	0.404453753959645	4
0.033356268660849	0.654353411976537	4
-0.033963051864248	0.298206370185021	4
-0.053998816610567	0.248482918745805	4
0.100384734992654	0.470994291202228	4
0.034341799903049	0.582894449082934	4
-0.10921060463032	0.267716561448323	4
0.037101482980127	0.59688621047443	4
0.055819327087725	0.640792199600543	4
-0.070430344555142	0.186213873292422	4
-0.100632635322259	0.306256203518966	51
0.006092393049969	0.59850485237643	51
-0.107577558050546	0.330978323408149	40
-0.00419880652993601	0.389197670982985	31
0.113891750454465	0.617161105516268	31
0.00740864623433202	0.436738384668001	31
-0.06219230964122	0.305253697618059	31
-0.020589263362703	0.461655340100337	31
-0.00434006074462401	0.53800717395202	171
-0.068905067349689	0.310286598317171	171
-0.054608091537262	0.2475728560521	7
-0.032516105960376	0.300650952604174	7
-0.064139415677415	0.327213605011055	7
0.047086986809924	0.670784147134716	483
-0.084428133552092	0.24593943014564	77
0.118874551951452	0.680446607238315	7
-0.026307253183426	0.396870583153351	77
-0.050444775149757	0.372620639602284	77
0.074651773962504	0.66124523720309	323
-0.109003806280204	0.247577568105744	323
-0.114761008275988	0.217315037857097	4
0.103625680058855	0.803589992476397	4
0.084016641379629	0.760604042561291	4
0.026214907157564	0.529985612795144	4
-0.00512791951966701	0.491419483122321	4
0.044308751725541	0.553485099777083	4
-0.038795349347745	0.419913772171107	4
0.078980181621956	0.713363278358747	4
-0.124185274319389	0.218690819832043	1
0.050736010675147	0.701587371198507	1
0.033620119012099	0.574505944034777	4
-0.105689994462732	0.242121859083747	4
0.052343301437917	0.609911331333202	4
-0.037343187165672	0.354688198559941	4
0.092322045676031	0.63637894297619	4
-0.039313156170631	0.284713381647339	4
0.017146846753699	0.818815583703508	51
-0.124705204454824	0.253597572561096	51
-0.032752708197072	0.475685387199694	31
0.057925798298	0.870160559724183	31
-0.096661148045704	0.166793531762427	31
-0.019906348448131	0.247374605366532	31
-0.097316796869323	0.232904052144158	31
-0.108642129933385	0.271235561359447	31
0.105902478942125	0.845802838379651	31
-0.038595467789765	0.416646518468197	31
0.083987005231268	0.768347025473418	31
-0.072785890104561	0.319032847820704	31
-0.078784605675313	0.33889562268495	31
0.014752565766437	0.537380994094026	261
0.010181145775903	0.514157075196046	7
-0.026043741856933	0.438816421577432	7
-0.050892861950574	0.283896661590906	7
-0.069383711587392	0.287394117946685	7
0.079519906914644	0.860501555588834	7
-0.049933598349697	0.400072807045166	77
-0.052130004081242	0.281742828634267	77
-0.119903546059379	0.21673736567219	7
-0.09288047041657	0.259001372934604	77
-0.04012032616781	0.379872556778237	77
-0.113066321071523	0.2229221754572	323
0.036670484353839	0.601955763084923	4
0.063220658184541	0.823147185817446	399
0.124309391839472	0.818408623561227	4
-0.121289985650595	0.202994183569	4
0.052656543984554	0.617722721301244	4
-0.020548142844136	0.378682059361016	4
0.048149692143321	0.471691493311349	4
0.076572962039588	0.835280364209446	4
-0.088207845153493	0.337409845442649	4
-0.045508783498299	0.363547455817567	4
0.087398322263971	0.588010666098942	4
-0.00358919719842701	0.447483855456537	4
-0.032545697475572	0.300442124508065	271
0.017304833676085	0.616764351803632	51
-0.048188583454468	0.529528862305089	31
0.063727290631994	0.831642017254194	31
-0.064153557687144	0.391023657547223	31
-0.105151569813336	0.0903766779848599	31
0.113875660961254	0.597184256442037	31
0.04970529315095	0.482347433483669	31
0.029778012205951	0.758229750955468	31
0.021209946736512	0.577786594862424	31
-0.012792561632058	0.495893335657283	31
-0.031522694794575	0.479321587246037	31
-0.02826899191728	0.424738444197513	31
-0.094508295792038	0.255877557506407	31
-0.028971041162302	0.550677684794319	31
-0.04787679044644	0.382438514446663	31
-0.063111223881911	0.374230389732965	261
0.029181885447715	0.629630749107372	31
-0.092957493735281	0.320416474242674	31
-0.124514580536094	0.235603970209348	7
-0.08792884905881	0.393412899083851	4
0.121160368114822	0.727895964353218	4
0.080653339926818	0.726449609419826	7
-0.116402277555738	0.214296551708979	483
-0.098606363610391	0.261542076816309	483
-0.010766505605748	0.462258799236881	77
-0.053433962246377	0.305556384398563	77
-0.119098073583493	0.241534828239941	7
-0.106066136759819	0.211902154840974	7
0.124806785118369	0.878667596961825	77
-0.103026879191652	0.276892246504758	399
0.001065030360411	0.522894912970155	4
0.00132592101574103	0.464408450279453	4
0.00920427041815602	0.506142593942218	4
0.062919068172778	0.711155143971109	4
-0.10214886396623	0.251711912664988	4
0.024619887855318	0.6617639450037	4
-0.106542083178006	0.196761090075846	4
0.022376744962469	0.441401462897588	4
-0.062417244753806	0.331107957386344	4
-0.100396493627172	0.209442429140782	4
-0.085015176951401	0.361512651251219	4
-0.084505402054507	0.302630166917009	4
0.003318346208251	0.584893087511242	1
-0.041312419083	0.346281385116071	4
0.100981287442844	0.742080735766634	4
-0.123577533633457	0.227967474154293	4
0.032651225127809	0.406079248954559	4
-0.00574577969878901	0.386097116236787	4
0.064306846169034	0.446490726225232	4
-0.075406292834638	0.290244871418609	4
0.115814471333497	0.621716462663153	4
-0.047175483733932	0.556229165291145	31
-0.013157913712375	0.571885655916125	31
-0.115545429588037	0.25138678836902	31
-0.039318808018033	0.499009605077018	31
0.056889518391601	0.760878021057706	31
-0.030614494649027	0.594642172249592	31
0.033919688618878	0.801644027840257	31
-0.03516912201213	0.545623299252592	31
-0.090917440402927	0.343013907594816	31
-0.087027295970126	0.310999048285814	31
-0.079783611541347	0.336354437009039	31
-0.076401694103453	0.344769187153331	31
-0.036500431785588	0.457527555273517	31
-0.091721370259287	0.338548862996023	4
0.079821488076787	0.716033467720619	4
0.076346988427648	0.681817709963368	7
-0.103399850291986	0.323741962423994	7
0.038593752931706	0.831525549274968	7
0.049790665699704	0.482548829686587	483
-0.032413353748766	0.335456139395205	483
0.036264163681057	0.505877630184149	483
-0.089435082149526	0.302814830147139	77
-0.108242874021834	0.249172435556926	7
-0.097935724550242	0.27603816615891	7
0.044444418406027	0.656378417104843	7
0.0703902370095	0.784686893863913	77
-0.083327974399729	0.339083127649073	4
-0.08156038917784	0.343571318818834	4
-0.093424084155263	0.306513735004457	4
0.089040713897476	0.831941455494712	4
-0.046765548146437	0.46248417554772	4
0.042795554474033	0.645059002008968	4
-0.102511808204324	0.250978888756488	4
-0.016136039790973	0.393218999405778	4
0.006630949241691	0.600250905556689	4
0.048351699343904	0.687383145665301	4
0.121850439367274	0.69838112847022	4
0.00529154048403302	0.426147962447597	4
0.115481968268379	1.11123503265481	4
-0.031458079272816	0.50746539611087	1
-0.098994319729134	0.260725143989649	1
0.058173203204601	0.410742805801219	4
0.031335497729319	0.642201445720204	4
-0.080659551001301	0.276487985062657	4
-0.094201973979187	0.206671815524461	4
-0.085000670692328	0.244970735825385	4
0.021811876915089	0.366569254725544	4
-0.055919312558418	0.32553349007774	4
-0.013306119322141	0.451033565452748	4
-0.104370637964305	0.231506532187303	4
-0.078982746946665	0.219431286098925	4
-0.111480278910861	0.437641791984946	51
-0.107232033163736	0.340249564954393	31
-0.049545253473197	0.31718824814145	31
-0.034728943456992	0.462596532611752	31
-0.110091377425279	0.329933194100656	31
-0.016461471666762	0.591488082384764	31
-0.111760745160706	0.227635570445508	31
0.045515598966593	0.232435502007551	83
0.051324349243695	0.607006000408869	31
0.00872411805144902	0.667171038497525	31
-0.122623568407681	0.188961458103381	31
-0.077287741443856	0.306114018846457	31
0.024161567651007	0.654839007774918	31
0.124890082042373	0.830102603258446	31
0.020119121106042	0.63101679249716	31
0.122423835841749	0.761942404701108	31
-0.021924567714464	0.453820396468134	31
-0.00220249397585301	0.345906065031604	31
0.023290278098536	0.766689916915645	31
-0.079744866377322	0.400142471919743	31
-0.017396879893932	0.478781044776665	4
0.00478281638816702	0.589492574609439	4
-0.07539905851167	0.347239307076032	4
-0.113931469939409	0.318541639388014	4
0.114042875459969	1.02944151536156	7
-0.099500096107458	0.195602848285848	77
-0.111437265517018	0.213375286627181	7
-0.020744510123983	0.456603657906904	77
-0.093199662218458	0.208235325303301	4
0.061273668378246	0.546875218425532	4
-0.090037020038025	0.232988507463957	4
-0.001710131658715	0.451819266079454	4
-0.095007263548668	0.236974975904239	4
-0.046756982067051	0.411761331475599	4
0.04048470701578	0.791414524123877	4
0.109437779095412	0.558361709908854	4
-0.041968970801136	0.457876225397814	4
0.073227042470773	0.808583585082467	4
-0.093674403303154	0.223637145159178	4
-0.029237226389958	0.422441344637752	4
-0.092348375814663	0.309141463988375	4
0.041348731133625	0.53896935678581	4
-0.001104125189447	0.600758384109804	51
0.038539296884965	0.92135935649655	51
0.014061579643839	0.691153376122356	31
-0.048445654624132	0.261238961343332	31
-0.044221708472931	0.366527962679928	31
0.009803357917405	0.385073601629438	31
-0.119459509698693	0.297741970823764	31
-0.118768769807971	0.271821017390151	31
-0.097826394252677	0.327420702303692	31
-0.080191528681693	0.3497561215471	31
-0.115641744206326	0.289530532600191	31
0.063366934889676	0.817098723381723	31
-0.06720315948037	0.398457567466119	31
-0.113685966262278	0.266111546705816	31
-0.099200001696756	0.312159753733293	31
0.000419312300201979	0.516190096850981	4
-0.092353782475857	0.26287998218319	4
-0.088969558807434	0.287209076668466	4
0.081850394991743	0.74591213991985	4
0.047827719162074	0.679545496254494	4
-0.07915592087233	0.369200503331387	4
0.082928909227664	0.55961200043569	4
-0.063350088551478	0.302977394341709	4
-0.115147443379455	0.262676659422479	7
-0.119621249472171	0.217274463633253	483
-0.121326999001361	0.224606327965951	482
0.124576629863869	0.838978302209078	77
-0.063945831298511	0.372040124407108	77
-0.07459190932772	0.315105038796657	77
-0.088368200378401	0.321379982577092	7
0.02444907522837	0.592671900824233	7
-0.077475489207434	0.324275265624535	4
0.053060492784116	0.618915563600938	4
0.012094727745872	0.524753541912711	4
-0.066562156398421	0.400250276116639	4
-0.124280479241427	0.208246605018834	4
-0.113778354553853	0.16923261373791	4
0.017540708208432	0.418692338372887	4
-0.071778738847153	0.256782019442694	4
-0.023558542247442	0.367619584736475	4
-0.069489338459472	0.287194689495804	4
-0.032553144828466	0.443844240921276	4
-0.124223124059206	0.218603414983382	4
-0.015328441071726	0.394908690842104	4
0.061397053174545	0.685529474342395	4
0.066846393674376	0.870320301463326	4
-0.095444221440628	0.284058088839859	4
0.072562185405849	0.639477393438558	4
-0.097753171978236	0.303830737715936	4
0.096572682317424	0.684192847483866	4
-0.0347652303402	0.434164564561492	4
-0.090502989875505	0.232184969195216	4
-0.106953047237718	0.251949753800197	4
-0.014281888145383	0.448679743764442	4
-0.015287445588297	0.591464187933737	51
-0.031177701404596	0.508129839754618	31
0.016771801679548	0.872555685738032	31
-0.010355097197103	0.803563823413385	31
-0.10040932477947	0.421530998584689	31
-0.102610246321182	0.289792323920711	31
-0.064556177184781	0.197763029551859	31
0.007677237272186	0.437259549280182	31
-0.00613652667419901	0.732014990271624	31
0.017120318377236	0.833538629164731	31
-0.035069245661735	0.578398584945001	31
-0.112329369436176	0.35178078929708	31
-0.056939390707278	0.42003616136383	31
-0.065363439977768	0.345574019888748	31
-0.013070825273319	0.404992590694471	4
0.099805453164206	0.729643044937372	4
-0.064058916540221	0.348648982952592	4
-0.065778299994452	0.364435009694898	4
0.011144974015788	0.629488847767431	4
-0.103503078762929	0.300925593980556	4
0.087701674737281	0.779688757519217	4
-0.042377498426844	0.275172099468767	4
-0.037389392959635	0.252862617555406	4
-0.016218814189946	0.34949808219032	4
-0.121713780719213	0.178297286003572	483
-0.043982505259728	0.367048395459248	483
0.104755605929998	0.833293068674891	483
-0.027883212383145	0.38866886924661	7
-0.089531917407811	0.288620908763278	4
-0.101411362212205	0.31793495519237	4
0.014549735933698	0.597804806299098	4
-0.015279861891531	0.556515188684428	4
-0.092965668772808	0.307461551626317	4
0.030451632597265	0.697992487927129	4
-0.057792744164448	0.437453650717598	4
-0.048416094650311	0.478679062531115	4
-0.081255475294656	0.344352816452243	4
0.066516178605791	0.855643117843642	4
-0.012477371548969	0.317411949236991	4
-0.092151762251281	0.193517486403351	4
-0.019972647397772	0.294465963568514	4
-0.120179628246269	0.216225345114524	4
-0.112481435330863	0.235934650697869	4
-0.09157244709823	0.311015773021191	4
0.09967880011275	0.997640276724942	4
-0.065520785818811	0.345185762230013	462
-0.094452820543785	0.331096202531529	4
0.024806564332985	0.520126839273438	4
0.033313390408769	0.724650223507489	4
-0.055421415189433	0.403686999704786	4
-0.04165796610917	0.513472411179204	4
-0.115135876005282	0.282883794277083	4
-0.051127597576268	0.463632241457132	4
0.09815715135783	0.715710543239721	4
-0.048562278134892	0.227527580921171	4
-0.118492134695379	0.274129746152234	4
0.082804106376436	0.909460812760913	4
-0.005112513514163	0.387378552727161	4
0.069514255158507	0.767674475047621	51
-0.068461856135746	0.534835535141869	31
-0.092832129774284	0.435446102300608	31
-0.033958599626562	0.687282385315986	31
-0.073665041596615	0.336151818918287	31
-0.082985500589878	0.268716128640544	31
0.009743532129179	0.812050260689211	31
0.040884324394523	1.00129756955017	31
0.021105657040236	0.804891415462098	31
-0.018711910861901	0.541566445699064	31
-0.070634663091369	0.418748821234264	31
-0.123459639011951	0.198968720064759	31
-0.06428432572775	0.4311861847852	31
0.026973584815314	0.6116597124294	31
0.048016537724003	0.471310024693831	4
-0.093844300352249	0.274152421587494	4
-0.011365932487049	0.541486525490759	4
0.035017386670994	0.665453624441384	4
0.06097062296995	0.807870431656966	4
-0.105194602398295	0.21334482087512	4
-0.023619987715989	0.453377074113072	4
0.00232419700876801	0.302716321027655	4
-0.060586300753965	0.234413527438185	4
-0.102391484471777	0.278469243962141	7
-0.026173618234348	0.357357338023065	483
0.084972358865961	0.573371589962259	483
-0.0551896798012	0.326993816481975	483
0.00668037275574701	0.5487941315944	77
-0.065287484308575	0.321342899868377	77
0.091259639728289	0.855194782664459	7
0.074539490503008	0.942750052035624	4
-0.086449884867976	0.357666062237482	4
-0.05352366485433	0.361764407853875	4
-0.029066135261364	0.546549818365776	4
-0.064505757431735	0.367597478037665	4
-0.071815144597792	0.279294770036582	4
-0.066917144743788	0.221239829158505	4
0.016936774749105	0.482519595766044	4
-0.04033120877793	0.492329891598346	4
-0.009257517449619	0.373441619867534	4
-0.034790916369426	0.493457178753506	4
0.069729310703542	0.599460468192003	4
0.073413257407043	0.649781586262864	4
-0.116019180515451	0.327476664987808	4
-0.043959220462653	0.238691172215591	73
0.031205834728542	0.567933720774277	4
0.012396042861109	0.69511053420302	4
-0.046765548146437	0.46248417554772	4
-0.002919855951176	0.344655713233955	4
0.039721599504473	0.433214244595458	4
-0.1090810257539	0.371940964026119	31
0.075911848258463	1.33256519981538	31
0.005464273610505	0.946564014464954	31
0.024346090442801	0.716370850453414	31
-0.057231508866523	0.268910398088663	31
-0.00528005368526699	0.387050991778632	31
-0.054267699375085	0.430766812387972	31
-0.082272642097283	0.405471232513694	31
-0.107818681417172	0.305732971869929	31
-0.100184571295729	0.309607469762117	31
-0.033484886504574	0.469805270211714	31
0.046191842521572	0.674313383990515	31
-0.021826559058767	0.489422885172289	4
-0.062417244753806	0.331107957386344	4
-0.057771225056992	0.394361440581847	4
0.018613367207729	0.620961638517287	4
-0.079928966429002	0.333351724223207	4
-0.013491705849885	0.404040795773793	4
-0.00429481592119399	0.440491118526713	4
-0.048367608089339	0.377494918945166	482
0.017608004825576	0.484100084471582	77
-0.056043388966413	0.352357051136459	77
-0.067626136768487	0.267748074473226	7
0.05551423517186	0.625693666951004	4
-0.07191593657956	0.361800501267519	4
-0.110130476397802	0.265669954636305	4
-0.049126739246262	0.379346984090495	4
-0.085002657205354	0.301511406419129	4
-0.073758138560527	0.316956755399255	4
-0.043293691767297	0.401044736787476	4
-0.090236890498228	0.269917025821944	4
0.100782117670202	0.767891565107957	4
0.091552989188228	0.887273508981096	4
-0.121256765456484	0.191307157444671	4
0.072057463645843	0.621849681131237	4
-0.07666551821662	0.287646440317439	4
0.007627596474298	0.6033349993465	4
-0.112123707111322	0.261125765153271	4
-0.054780983395378	0.355215924209924	4
0.011772380847032	0.57904962489111	4
-0.114401091775936	0.294621438197329	4
-0.082896438502677	0.356469096446018	4
-0.074868646990579	0.314489537270268	4
0.067647622023504	0.461009610334268	4
0.032082469125202	1.04005725873563	14
-0.01028314811928	0.544697309551286	31
0.011331192495116	0.329495842816444	31
-0.064533829907209	0.486433748911471	31
-0.098556074619377	0.352711468489246	31
-0.069870330776901	0.351272209868284	31
0.080903724350893	0.727225201193146	31
-0.00113248418206799	0.453333850377735	31
-0.065567809313185	0.361697367542668	31
-0.109385702978508	0.244552067117353	4
-0.044980454979934	0.330424920164008	4
0.040894157654161	0.702435489970422	4
-0.01230680414579	0.534249594408357	4
0.091939681064036	0.644410979399068	4
-0.000940751576613996	0.401435583765837	4
-0.02967851543511	0.310202788305367	4
-0.024727634769846	0.477277682690054	4
0.066198180789176	0.58274333945658	77
-0.017820261532295	0.473348316127511	4
-0.076761802837798	0.307243480150406	4
0.081989062901957	0.746364617855769	4
-0.071770643517135	0.30097501173666	4
0.099697704074284	0.729361990340182	4
0.08576421428245	0.575202719148283	4
-0.030376996141472	0.344260446563972	4
-0.032197012476952	0.444932481876587	4
-0.093290036949807	0.275313857170034	4
0.041509098956395	0.704404179592445	4
-0.112389601606801	0.291859578080617	4
0.016796825912618	0.482187898794133	4
0.050889664397108	0.598895718212698	4
-0.053888226494385	0.407880185607328	4
-0.030225451705098	0.378906480050077	4
-0.065053923827529	0.346317874227879	4
0.00273104220493398	0.57829014656884	4
-0.042049962166839	0.404189685162964	4
-0.034350313742258	0.521976830157927	4
-0.063651026457056	0.433105575491736	4
-0.00446787157821599	0.440152334580451	4
-0.029789360890887	0.421033808672975	4
0.015656882832265	0.467017317901883	4
-0.104756204260825	0.392206970020736	14
-0.010670737016788	0.806238121229268	31
0.09979233889123	0.729528419974995	31
-0.081050281483157	0.419509017955407	31
0.045438111416931	0.894029121676767	31
0.094093664383207	0.897047290806606	31
-0.115391188961732	0.251733928270367	31
-0.10057608098272	0.270307475178666	31
0.020107780156503	0.574536669321925	31
0.049717369639423	0.691882013855469	31
0.022386509641731	0.508018448914487	31
-0.094043663547704	0.289700693920452	4
-0.045723844261313	0.391322895726552	4
0.048303783156234	0.68104275938813	4
-0.059107580461141	0.407704417917432	4
0.008966345617687	0.383539263229852	4
0.021814610054731	0.636162197590152	4
-0.107746256641487	0.261970658143327	4
-0.04685952698842	0.41498292081661	4
-0.037483212920369	0.354414213775962	4
0.124619147762879	0.897048158024784	7
-0.097116250628673	0.280267837037233	7
0.12198589853476	0.75047469478782	7
-0.101620548763491	0.222382176997228	4
0.098745765025221	0.70846818543152	4
0.005836837726514	0.486592359165449	4
-0.0169588704011	0.432586168888297	4
-0.02260648013212	0.409946249188451	4
-0.119797912062123	0.219069400499652	4
0.032533579327938	0.483740077114828	4
-0.124403990287918	0.195138859980566	4
0.117074233972107	0.645108630938933	4
-0.047598457073814	0.383084153813956	4
-0.078783741807044	0.338906352965998	4
0.033706680923344	0.655314436637204	4
0.062410679653983	0.702673243277761	4
-0.104430470037247	0.271600780588235	4
0.105884150704405	0.828255969701167	4
0.075085955700925	0.500267689273677	4
-0.11110466137791	0.240941619708648	4
-0.033635939756264	0.469468991848653	4
-0.04080964481268	0.378120181431906	4
-0.120515634376635	0.238370215169751	4
-0.104126176642713	0.384200562677128	14
-0.015522397516376	0.69046875812832	14
-0.109631170227454	0.301022542082876	14
-0.06392592417604	0.540982970977789	14
-0.062140281070657	0.232148815240335	31
0.051653955427676	0.600942005794184	14
0.00825991440559698	0.503658762988553	31
-0.060172212065156	0.364341898597911	31
-0.03284902164764	0.443192713674835	31
-0.069108926529502	0.39032493358831	31
0.038355392134216	0.693929855548496	31
0.032480759388897	0.639793631328334	31
-0.025238791565315	0.440968428632916	31
-0.099444571864751	0.299692359190534	4
0.014534707206269	0.536867812109015	4
-0.089312834733347	0.305551972926126	4
-0.064727309023245	0.386438681686422	4
0.073420878965056	0.937820881415169	4
-0.053598504058373	0.432676835070019	4
0.053505995268891	0.821111046875152	4
0.006771477322144	0.747272517779812	4
0.098203674252014	0.715709708678487	4
0.00651749968447402	0.645119887989324	4
-0.029141741618144	0.385894362997921	4
-0.090664974453693	0.283526765199125	482
-0.064263812922082	0.387615780320068	4
0.073802571435199	0.650886329432985	4
-0.111261954483676	0.213668169688791	4
0.094927689017363	0.670513172665138	4
0.091123768756056	0.846975483411797	4
-0.100632141147669	0.270188508847195	4
0.071320031236781	0.628034889044432	4
0.026619646157515	0.610621532930946	4
-0.034840931868776	0.400457594506165	4
-0.036610265413269	0.392105541086708	4
-0.074841665462081	0.314541148471596	4
0.055076858080977	0.721722779143466	4
-0.00395368931343501	0.58684774207096	4
0.117240473761182	0.655716761888048	4
-0.028058794763419	0.553727209553003	4
-0.064615884559913	0.326200919435248	4
-0.053006476197932	0.30636619452161	4
-0.082815799694015	0.372745709907094	4
-0.026372647508338	0.391905037191161	4
0.027368931052391	0.526287173331063	4
-0.081491547238765	0.346341551227522	4
-0.083857187984968	0.398221773440192	4
-0.107160507501899	0.285791988455674	4
-0.053396047874043	0.330714973853405	4
0.076849294361057	0.512271842776637	4
-0.060798988892317	0.403158069956925	4
-0.013141768981076	0.404814855029426	4
0.00153073070302701	0.657492931233027	14
-0.00184422344184501	1.07428843623877	14
-0.043324063003914	0.90231642864608	14
-0.047766538705105	0.382715871832207	14
-0.015821034187084	0.730075509261892	14
-0.083728815908667	0.304378223502902	14
-0.00578643061776801	0.572065722604141	14
-0.0417022503886	0.308937769492775	14
-0.011634538412413	0.499018841535065	31
0.00767081371925499	0.934510301137338	31
-0.020785051811851	0.372970492855372	31
-0.00519675688149401	0.387219129928061	31
0.02389862784525	0.5853908593666	14
-0.052978999924743	0.38884304558159	31
-0.101211377600946	0.253651205732731	138
0.080963734395337	0.902084058883011	4
-0.099387035328824	0.429213520285334	4
-0.082404441802981	0.341427522288767	4
-0.098946519162761	0.397029565452022	482
0.060669699946944	0.906804567017109	482
-0.089910633560846	0.343371167123534	482
0.118867613280125	1.1360259956099	4
0.017149592922588	0.4830450205323	4
-0.112538443984856	0.198268077709179	4
0.082235834085368	0.352313719371713	4
0.067342114710816	0.593628046576139	4
-0.065751022190097	0.271011840789342	4
-0.08776789085576	0.275071156755431	4
0.096980098819616	0.694164665556181	4
-0.094511660168146	0.237905541265695	4
0.04289414512653	0.542929992725041	4
0.114147269843209	0.607815217874226	4
-0.039016649069336	0.415546037253282	4
0.034546490940358	0.31747087303123	91
-0.064980533726181	0.444344381609512	4
-0.104800001571626	0.272808264947046	4
-0.014899671513224	0.485659949314643	4
-0.038219747018627	0.479470531722644	329
-0.038540405182747	0.251230110076598	4
0.019555183107314	0.356134563288763	4
-0.003016033643084	0.546730579497779	4
0.110061257730126	0.928728370493985	462
-0.11587103046839	0.327924323571557	4
-0.051453099502881	0.417754732909503	4
0.030114465298874	0.303732450712075	4
-0.119619069840647	0.330823292617066	4
-0.107695002195761	0.360590580827022	4
-0.060199721624478	0.507259358327024	4
-0.106903179122304	0.181782779430653	4
-0.0320193178835	0.474052454402307	4
-0.087948749011687	0.219618934640185	4
0.031327572735137	0.841057341183131	4
0.00153615383440497	0.152851387425509	22
0.089403539612211	0.382023398065906	22
0.094170748006173	0.897143231901077	14
-0.025311497979659	0.598261524943701	14
-0.083488616697789	0.322036281292819	14
-0.079368091859158	0.416968043422426	31
-0.089039364626709	0.254071552953507	31
0.097301163772598	0.445224564789099	31
-0.021220226798723	0.372284582321149	31
0.033103498672471	0.406943563508393	31
0.013615989034124	0.260630867160098	31
-0.112498711799942	0.198317052335954	138
0.112212753452934	0.583745618334493	4
-0.124164892339838	0.162160537201888	4
0.113441908601283	0.615964549497939	4
-0.087100881129391	0.481069750197304	4
-0.010737033000836	0.619618079043207	4
-0.024792952132452	0.404847649611305	4
0.092941481453594	0.407537486697239	4
-0.086528573246644	0.221897778795871	4
0.116517515699216	0.623257471271252	4
-0.044752832073864	0.237562346020819	4
-0.084352307495844	0.266133643429396	4
-0.124438751829982	0.287596393099843	4
-0.095388068903851	0.364169781120493	4
-0.120883555529397	0.283245158110125	4
-0.089736317308437	0.268189035009598	4
0.075853711575708	0.672493555174412	4
-0.048803629487983	0.260715142554531	4
0.034027545489474	0.408590917568235	4
-0.092431837483176	0.416133064719373	4
-0.123972115109802	0.236804738891264	4
0.011235335916444	0.329171471111655	4
0.00587182956322901	0.54133178143585	4
0.070999416951739	0.627230072370359	4
-0.12237047392656	0.222464597202342	14
-0.045079873774196	0.86856502281482	14
-0.04705436208754	0.67636320385405	14
0.012982010360727	0.737879723440931	14
-0.088547194777846	0.255023716856079	14
0.120875308461933	0.72686274448633	14
-0.036772649483121	0.677847088555943	14
-0.058616496336788	0.793157662900782	14
-0.114161256364116	0.254487650380891	31
0.012114931241239	0.778500757499342	31
-0.079051185748789	0.219334100475964	14
-0.043924680296279	0.238748871697789	31
-0.104404879756331	0.154055236873196	31
0.000556438299816997	0.30003793744751	31
-0.067092488515024	0.221010809332768	31
0.083194484143969	0.35359448598017	31
-0.057635118412752	0.293595032429854	138
0.014494095057049	0.655753872728871	138
-0.046403464623604	0.412606537578483	138
-0.055817109588651	0.325830270387199	4
-0.091542671500397	0.194385138218499	4
0.01901013100296	0.846942865237701	4
0.057852954886356	0.523216423481628	4
0.073196744207908	0.649170202385215	4
-0.08653850214626	0.431049708450774	4
-0.110208869127977	0.265474552134976	4
-0.032218498167085	0.301121810738409	4
0.0120489205332	0.330553176724116	4
0.108228394199547	0.536105302135572	4
0.051733294598251	0.249106909867031	4
0.034825568464905	0.41682674934501	4
-0.029578758922064	0.631899977378422	4
-0.109689907040512	0.290315039472099	4
-0.094975486334558	0.378861356270726	4
-0.113654364286197	0.221764353302628	4
-0.016647903822923	0.552025346522115	4
-0.041794848539503	0.276154571430838	4
0.085631187345411	1.12507513162264	4
0.025521610842919	0.601676812303528	4
-0.037893153171059	0.252162622248549	4
-0.052135125548912	0.148485649932745	4
0.057981435046898	0.265567720557598	4
-0.077857621583843	0.455349930518665	4
-0.083145591694983	0.498899724544094	4
0.097972823407518	0.715298648105222	4
-0.104157992771682	0.404274460522241	14
0.068184686779847	1.3069596621433	14
0.070495314259561	1.14778028711922	31
0.020402428421257	0.964746473290803	31
-0.028615964695098	0.387084287471747	31
-0.120662153749895	0.227924988309116	31
0.02611797872315	0.535908653595202	14
-0.117545040727629	0.234479835240528	31
-0.060836338695878	0.362726922288255	31
-0.114757026468336	0.242443297321288	138
0.100592080493642	0.740962272259417	138
-0.119709500048241	0.37293712132395	4
-0.107082333198001	0.288041168372585	4
0.023735276294308	0.647989356071583	4
0.076557776278167	0.682590372401077	4
-0.053424254114195	0.387771094005099	4
-0.024073978031913	0.443948631719013	4
-0.111459820044979	0.186313488933028	4
-0.042876059714309	0.274493245922813	4
0.098918863281778	0.727091080778336	4
-0.113359147402163	0.18333205196753	4
0.025704647203442	0.448529520820685	91
0.120607601532322	0.674192325566804	91
-0.10209153626725	0.27915962550019	4
-0.050230799226901	0.399322317218749	4
0.094324432294771	0.897889642130551	4
-0.054519127027222	0.328472314371318	4
-0.00129308626598801	0.51154301005062	4
-0.055991024272558	0.325451832916417	4
-0.045175711298036	0.392704711691787	4
-0.056338132252406	0.377146223650325	4
-0.07107760144164	0.363914829477359	4
-0.108697099337091	0.29479393743076	4
-0.00793597069003801	0.556350658534811	4
-0.099739545923803	0.195263121660243	4
-0.073484458503492	0.253785215319837	4
-0.114587109120468	0.205200590342546	4
-0.098493554681845	0.313939948695792	4
0.005862087807191	0.597768996511716	4
0.022236468736333	0.648514135103361	4
-0.11742445677135	0.255405598839884	4
-0.117954597013622	0.254216562189874	4
-0.111399882185811	0.273419679537591	4
0.054706091124022	0.623450993097901	4
-0.103734700066917	0.387480131397266	14
0.03187167069876	0.908506043943059	31
0.08702464549727	1.2916412378537	31
-0.073204081403114	0.444238722834582	14
0.027669392536073	0.459424895638962	14
-0.120099812843014	0.218390274522462	31
-0.020868779897967	0.4565127652565	31
-0.08919623933622	0.28675308931909	31
-0.047234980021071	0.351795624065644	31
-0.12150595921434	0.213680555843642	31
0.045637824663284	0.659976184861536	31
-0.101712626802559	0.23650302859135	31
-0.069145770019694	0.330390641395778	138
-0.112390117855617	0.198521948022509	138
-0.067314370610758	0.337837989722819	4
-0.074068090904672	0.335124104091534	4
0.098508767094272	0.716916519436138	4
-0.052340489868383	0.393865382514942	4
-0.035882600851563	0.393669766721769	4
-0.038402716446922	0.387925571047841	4
-0.099454433870514	0.195659945543364	4
0.080498605028394	0.536981622529056	4
0.00257300177810599	0.414561473176926	4
-0.048229247526924	0.377815865859365	4
0.017081986774566	0.482801976877611	4
-0.06678651003328	0.292539557487167	4
0.048027663955918	0.577156240434939	4
0.105943060400643	0.819646063325727	4
0.053210195092573	0.619313530368266	4
-0.106032220761797	0.197475048032391	91
-0.048867623550628	0.318515902365931	91
-0.022443293745202	0.521931265171029	4
-0.072348521039366	0.342283623399176	329
-0.077701444646226	0.305219186518007	4
-0.025574849039011	0.32218533018124	4
-0.013668358475761	0.403668871419094	4
0.028588126590302	0.542361410675935	4
-0.092867202141246	0.305441127855586	4
-0.03238074416895	0.265229677185533	4
0.081128787643263	0.735856090183637	4
0.077838789480274	0.694071492323505	4
0.050888802312948	0.688790674121431	4
-0.040580744230561	0.520495520456869	4
-0.094532578144482	0.328781571863921	4
-0.048695469492278	0.318827126504976	4
-0.088845280089901	0.428532266981009	14
-0.017552731320358	0.540787007824874	14
-0.104964861996586	0.442270786395753	31
0.119417570548974	1.79742951431432	31
-0.08343491635352	0.49774156151523	31
-0.116267183947352	0.359176625319579	31
-0.095500263772659	0.220592938221636	14
-0.061237093486026	0.233508285681703	31
0.01147875061912	0.682083968583058	31
-0.046133800388059	0.485633829531014	31
-0.112504448171467	0.311460444999779	31
-0.073696133429003	0.437361683708865	31
-0.084980396526597	0.361686839363347	4
-0.089775583666613	0.270789077083122	4
0.034124590768783	0.487214855813865	4
-0.057124427607586	0.294573289477719	4
-0.04994544818024	0.373778755878472	4
0.000907986300507979	0.463588344735157	4
-0.085481741985643	0.297626006949124	4
0.107985061674723	0.878394884308922	4
-0.093182334054668	0.291672888933432	4
-0.118925111063411	0.241911732847802	4
-0.00286207360317101	0.547213777186591	4
-0.048840743664097	0.456234457513864	4
-0.085611041045824	0.34420238333895	4
-0.039144809182893	0.415235728241873	91
-0.066876327612224	0.361664793076835	91
-0.105809480318539	0.168504358143684	91
0.030400655212594	0.472202462317743	91
0.00926583926059299	0.384089029278457	91
-0.124555260750118	0.253972197825608	4
-0.010824942593628	0.54315140756509	4
0.053481407041063	0.613036116682573	4
-0.012388012001478	0.317573278536006	4
0.00766385122827601	0.381045177409737	4
-0.095474238524434	0.296701250342122	4
-0.114319703825691	0.220444173343646	4
-0.026722481177248	0.471560261017638	4
0.010043810070715	0.667091744990777	4
-0.013416827861078	0.36008129674205	4
0.055597325132231	0.510291677484663	4
-0.073229682619184	0.411003623471302	4
-0.029412297426398	0.55273342383405	14
-0.091038246307604	0.299066142943473	14
0.031641370788671	1.15424013318256	31
0.024654025833934	1.03166949402863	31
-0.012649443713727	0.569176996961637	14
-0.112707065353893	0.156575469177157	14
0.048162581036232	0.369404043391834	31
-0.025197237226481	0.63321914853957	31
-0.071018713000027	0.451371389142714	31
0.101795374991159	1.03845939144031	31
-0.015466808384709	0.484113113444224	31
-0.063535676623367	0.392676118695396	31
-0.092115398593351	0.324883869025781	31
0.086059984093729	0.790730656191501	4
-0.108842325899526	0.292401126787494	138
-0.05669471794144	0.397178497183495	4
-0.041297243391056	0.309620300556194	4
0.07191918533748	0.62954444406359	4
-0.00461419777379399	0.617803625804218	4
-0.0000502155120049863	0.60413446396895	4
-0.107216929924798	0.23902775404394	4
0.021837809326223	0.506681105329189	4
0.048796308811709	0.688907081217045	4
-0.07267907398429	0.319336551118965	4
0.019078756689947	0.493760940775379	4
0.077321394860548	0.684792430942127	4
0.073975978699394	0.651329148174584	4
-0.0957095711495	0.298706538436131	4
-0.113487559030907	0.222131696586351	4
-0.022289062350359	0.488196526836892	4
-0.01541124733007	0.556185538730175	91
-0.110300286024014	0.242657570002158	91
0.115755244587984	1.04513712818043	4
-0.096367250572697	0.268745270045459	4
-0.014718329096474	0.442708805737639	4
-0.015131207277664	0.552633370178063	4
0.051896566457685	0.608522713338802	4
-0.06623623078419	0.343409398296652	4
-0.083262784885803	0.305385252519858	4
-0.108113905767202	0.208311185946601	4
-0.062709958097855	0.37522461981131	4
-0.051611776918179	0.36985666338001	4
0.033620949547831	0.720246111035689	4
-0.124391853521448	0.161833698843508	4
0.047615086200656	0.470578199171808	4
0.036755875674565	0.507189911116175	4
-0.00380494615350499	0.625079244826662	14
-0.068443868137176	0.537405796330683	14
0.108043998301166	1.60418323265437	31
-0.051055702092757	0.574658215498363	14
0.071191286146886	0.484154510602003	14
-0.117852085314254	0.244279188849136	31
-0.084535356279945	0.349417528965297	31
0.079989038912087	0.724422428417218	31
-0.115951499554288	0.270775811966094	31
-0.044302453545355	0.390816390635832	31
-0.05091734039765	0.371540501072587	31
0.12349167477676	0.755036736865897	31
0.119767151325244	0.682848744553661	31
-0.04986018253487	0.42533531549359	31
-0.040871935742146	0.464697438429149	31
-0.048548520284749	0.429066074179704	31
-0.112512810626592	0.26023492988239	138
-0.043627551170119	0.423460806732962	4
0.091604039292034	0.625491474195281	4
-0.121946233057718	0.177933126915587	4
0.036715064467392	0.682581555864778	48
-0.042650330525741	0.274845506986823	4
-0.106042929370603	0.211915190524734	4
-0.00177666743597599	0.45183395922747	4
-0.023903474117939	0.513532113333264	4
0.00860802401996902	0.445203434071447	4
0.084936498828894	0.564120427926915	4
-0.063361941677586	0.328976444589712	4
0.049576830765781	0.482078811912289	4
-0.078805374445206	0.219700170432633	4
-0.118995248732183	0.231448167562912	4
-0.078446570773752	0.336910659245253	91
0.123489272270331	0.79587397152503	91
0.069268608827776	0.606551577712492	91
0.012704275738391	0.63470980731284	4
-0.092634636759759	0.305987813629531	4
0.021218015907137	0.505126125697788	4
0.109133097156939	0.950626913818301	4
-0.073991940453476	0.335345570252893	4
0.027868006826897	0.614346463220492	4
-0.105257061122069	0.398432949159319	31
-0.087079405056018	0.410432610280495	14
0.00642871249788302	0.245205424802148	31
0.069494137476909	0.767546175140306	31
-0.035038465626134	0.364074346124382	31
-0.027712119642955	0.70299611869289	31
-0.115986544325045	0.290475491260631	31
0.041742120023493	0.629167894144055	31
-0.034128073006303	0.552779048464972	31
-0.123140961062208	0.220882798420995	31
-0.034474142178582	0.494512848277932	31
0.00134181804143202	0.608617773727411	31
0.095244175331103	0.662258831164346	31
-0.112732163512137	0.248853043107436	31
-0.07981116107372	0.350711362468718	31
-0.078014009603976	0.340829367602962	138
0.061335712957546	0.692175680865896	138
-0.00170767370904601	0.55053145003206	138
-0.042281801255224	0.403560821885197	138
0.011594948090143	0.517880060057157	4
-0.079730329312946	0.316239611094369	4
-0.083806090352544	0.304204476913979	48
-0.002786687914617	0.502534593988745	4
-0.104595525523942	0.170126152156708	4
0.028438810261088	0.542018241319102	4
0.052645644557836	0.496254312832763	4
0.122525928078188	0.870574052398181	4
-0.105967512725794	0.225911586080824	4
-0.079188964785546	0.219117863743497	4
-0.020736017211704	0.373295411248854	4
0.067061746196796	0.592887083879842	4
-0.046127325153062	0.516508799503859	91
0.015988092189164	0.607435355068221	4
-0.057689138566567	0.26814772014035	4
-0.057689229072325	0.434501791204238	4
-0.033766231438018	0.527315904898879	4
0.042245729022718	0.798255601742613	4
-0.097664652302282	0.2916951057115	4
-0.000445869410901994	0.563775198315404	4
0.044697812167644	0.457276463328316	4
-0.098930293935433	0.196398030386268	4
0.037869268406908	0.686528232619266	4
0.00630683882920302	0.493236226284784	4
-0.027226449856652	0.560219960532919	4
-0.081283250495856	0.327256963426406	4
-0.008680557214296	0.630945457002969	4
-0.029616606040888	0.488677782519416	4
-0.088982894181256	0.319861983657164	4
-0.077552786786857	0.341978902928643	4
-0.00312930287271901	0.867666485872743	14
-0.085096431085577	0.498606385111155	14
-0.079094676219282	0.507134383891807	31
0.00393848959062199	0.897419619901271	31
-0.087930451199745	0.461845321698663	14
-0.105708185712958	0.212501497819947	31
-0.02365413626747	0.580183764974956	31
-0.028940705720752	0.554473177802906	31
-0.106121813740712	0.312252995415229	31
0.011005526615431	0.633789323978918	31
0.083060612239514	0.9251218495821	31
-0.007804569529277	0.518876836251687	31
0.020871047932065	0.682669227603427	31
-0.1109749977796	0.263762023167918	31
0.022429017657321	0.643821717193004	31
0.109207720257709	0.917327343833841	138
-0.056518609550967	0.417982989261231	138
-0.071890056222428	0.453541192690407	4
-0.03885599956465	0.250761653009776	4
-0.09626367364664	0.167300595133611	4
-0.059341753465384	0.407097100224315	48
-0.04012032616781	0.379872556778237	48
-0.090192163511852	0.284636735590264	4
-0.051712968562716	0.395327630259137	4
0.036420418418213	0.601212103599299	4
-0.087979181795583	0.292132010655894	4
0.079032012355891	0.873083479877983	4
-0.111330118184304	0.26488578926171	4
-0.067853411357895	0.356179173676418	4
0.101043822071418	0.795064423762385	91
-0.00789512715280899	0.275464998524667	91
0.082060323328144	0.549122674023631	91
-0.072166231625808	0.323597213193148	91
0.016320425355468	0.603214446198798	91
-0.108106119801415	0.272469323550713	4
-0.081692429306476	0.311774292046911	4
0.071405801029947	0.636235741135426	4
-0.087054940239538	0.31095619836296	91
-0.019023582232106	0.57865303323762	91
-0.08019071602084	0.346952420481597	4
-0.07050287474412	0.327395441745923	4
0.043006939793546	0.639070671699579	4
0.013393518563824	0.59416737282738	4
0.070654483294532	0.6261164949254	4
0.096857518485041	0.684761263893851	4
-0.098760740453057	0.19671473187208	4
-0.070807667052458	0.326663352755855	4
0.034709937628611	0.664419919803772	4
0.106198846332978	0.864004446997903	4
0.056993756496217	1.23443739409942	14
-0.012328057442925	0.880311476994618	14
0.013210510719878	0.260162855932742	14
-0.053134933430205	0.147634340417389	14
-0.00318596258081	0.396854210730833	31
-0.027086585751907	0.560794590684372	31
0.083610087971423	1.0943001954411	31
-0.079660939810177	0.446745668079149	31
-0.01758083453685	0.617174842228515	31
0.07779577212338	0.998260494093537	31
-0.031094786153166	0.508584039940034	31
-0.0159253607284	0.393596060337139	31
0.043913797390199	0.641805636101226	138
0.053734141547669	0.828187107461227	138
-0.027039966220932	0.528585095396407	4
0.064168922260199	0.715235527780976	4
0.123157496112388	0.77452881432191	4
-0.096067219450138	0.348544640326924	4
-0.041993091823398	0.431477270756205	4
-0.035805210636481	0.459564084792747	4
-0.00471431867748101	0.439575482686078	91
0.103799528606937	0.804006385062439	91
-0.010892560993271	0.461817047373616	91
-0.058291767094451	0.292393034850193	91
0.074078840758839	0.498248206916293	4
0.02405245278553	0.720737564039824	4
-0.066435042212172	0.293120666667227	4
-0.072576261217747	0.209283146504869	4
-0.087451637466664	0.181964762407147	4
0.037724673411543	0.833649523157351	4
0.046761883601717	0.359208555273648	4
0.107196748336647	0.875853385424279	14
-0.106333274568978	0.438514831120779	31
-0.043708684924054	0.524722095585191	14
-0.027714861220394	0.183086825605208	14
-0.062252033904844	0.564804730754297	31
0.035208526924307	0.951420399275042	31
-0.04204526212338	0.560844825914156	31
0.021354115435668	0.964672030850845	31
0.075766315037098	0.982229487071706	31
-0.056436223277473	0.505094455056561	31
-0.044752862980728	0.493446267484549	31
-0.116807306023612	0.235975270689873	31
-0.109293904703628	0.232586949122086	138
-0.037694280128141	0.353928316635496	4
-0.00658486890989199	0.482688872960096	4
-0.041988190955859	0.203962701647766	4
0.030700276834585	0.304467740423088	4
-0.019279810459926	0.338619517435321	48
-0.047938674800156	0.434005876448012	4
-0.071888795168926	0.324241361585114	4
-0.010830527645333	0.462119475799003	4
-0.092262091381132	0.293734626870366	4
0.00571731030669498	0.486291873948259	4
-0.057448854868783	0.293745435730439	4
-0.059454066778763	0.488956114510366	4
-0.040547967362654	0.542145489254095	4
0.044444418406027	0.656378417104843	4
0.05795469636404	0.758056351171883	4
0.07700480293327	0.512609000936555	4
-0.039257199388103	0.166064908853554	91
0.054423171928735	0.507802776973667	4
-0.077723917074952	0.243058375084652	91
0.035421605345031	0.31867297360803	91
-0.09211171963472	0.309723663898784	91
-0.118810838961609	0.262003951554529	91
-0.056734267660616	0.212117120854882	105
0.018563730469897	0.354458095739141	105
-0.096440268296421	0.234489600620488	4
-0.055813754430895	0.443191280899856	4
0.030131892552352	0.394718291152247	4
-0.064982520760958	0.1972334577769	4
-0.102000711755385	0.327670601062327	4
0.024851055703047	0.718266543563967	4
-0.102297608334623	0.221197586206828	4
-0.099808618300131	0.242825474615661	14
-0.094278666123353	0.40785403908008	14
-0.019105941590167	0.248347253743506	14
0.082640583239074	0.352869412854355	14
-0.017405766711987	0.199601748951924	14
-0.00868728126867899	0.374714571302953	31
-0.123691260767991	0.291234539676393	31
-0.122923508972971	0.308784396909524	31
-0.099680769639669	0.336162996589672	31
-0.091617583455899	0.338844332871338	31
0.037656182053109	0.757642646461796	31
0.018074556637721	0.61924681792697	31
-0.053779112645958	0.386897735038493	138
-0.014227048910976	0.528568847770192	138
0.118548668162148	1.11727017196581	4
-0.08507875018692	0.110118119172275	4
0.066514233179411	0.583473763814403	48
0.040113999756444	0.705673123482394	4
0.045018352309751	0.740722932207066	4
0.00529824105089799	0.485252055800723	4
0.089082370393003	0.824269986619513	4
-0.123181613284499	0.230700025987153	4
-0.088671080813441	0.320584956732489	4
0.052652724176834	0.720724734022075	4
-0.026796778348082	0.432781612478114	4
-0.094000070952087	0.256871548997696	4
0.01176083734587	0.458336184039276	91
0.024407008162989	0.445876287978554	91
-0.117761446410798	0.264596079585694	91
0.067645589212288	0.740450369509772	105
-0.080785575095924	0.394427133571048	4
0.00251037269899801	0.30294342994169	4
-0.093090607643468	0.334882520864444	4
-0.072129931039872	0.30023307779816	4
0.022195834232009	0.643053284647597	4
-0.063837281301646	0.630982852138034	14
-0.11021926372162	0.371648685840413	14
-0.052769122206058	0.542864103674504	31
0.110734337504861	1.5447906050871	14
-0.00304401587509601	0.717736748464751	31
0.03828051343329	0.330544547813342	14
0.104087300803962	0.831119088562372	14
-0.004638366155096	0.580212666496345	31
-0.07799730373685	0.323109525666338	31
0.00227991321752502	0.52624780016073	31
-0.000427649113104001	0.402538579560387	31
-0.088125504777579	0.308397290192183	31
-0.077706941845768	0.341597413172312	138
0.096991320818689	0.931591151407456	4
0.112058712197828	0.962127008403692	4
-0.091306888312458	0.265043278777131	4
-0.047859148312261	0.293448946517035	4
0.077869209026195	0.977437271168689	48
0.041574909381893	0.710710020545845	48
-0.076933926603365	0.343417631817634	4
-0.115798198712095	0.240228963793517	4
-0.102297608334623	0.221197586206828	4
0.025420296657208	0.595530344496261	4
0.035168009143081	0.585010255285788	4
-0.101022438911964	0.253998114108562	4
-0.060902669963784	0.359366264055121	4
0.00145933142440302	0.518943228500617	4
-0.066113060109914	0.319646483729945	4
-0.029682226751939	0.425381219050041	4
-0.112947586756539	0.223159995547425	4
0.03609456388514	0.668894280520429	4
-0.095683522957208	0.220295653154557	4
0.117940800679465	0.678059119710605	4
0.057071070998173	0.521485830087614	4
0.121692131878846	0.718963716216567	4
-0.109919619521776	0.231364555703967	4
-0.035653850401972	0.459989188335514	4
-0.00673030609625999	0.477362242011682	91
-0.088677670456815	0.349132692388985	105
-0.096788083819749	0.332474196316942	105
-0.058681822498571	0.412035046300901	105
-0.097541440132841	0.292031757193331	105
-0.063350088551478	0.302977394341709	4
-0.09850998887668	0.230698248627031	4
0.072443590054459	0.622791840388057	4
0.049574128961663	0.588248704604275	2
0.097560323765137	0.67726198222161	4
-0.029628682380697	0.38012999114208	4
-0.000309682393374006	0.603363574334968	4
-0.086346992061341	0.295687095475315	4
0.057712006165294	1.16371258250943	14
-0.016593463663333	0.75480847305915	14
-0.047206027780291	0.683101858367165	14
-0.10894146071744	0.393371510768804	31
-0.021060808810178	0.774559820830092	31
-0.026689538467672	0.714749438574753	31
-0.016582707682161	0.348820360653132	14
-0.067972294857704	0.129216622879109	14
-0.015409138808457	0.56036353067222	31
-0.024397479811514	0.601377591498637	31
-0.070744941455578	0.367632399221468	31
0.048256975423972	0.577779176487451	31
-0.115986435138293	0.260686098488665	31
-0.075584352698346	0.367143884685043	31
-0.038504255143992	0.319340251115619	31
-0.109202417552127	0.258722109902882	31
-0.036497095215032	0.457573899747484	31
0.00585980740012099	0.491964629045258	138
-0.068442268103919	0.373722225379395	138
-0.011310589703003	0.537055139396196	138
-0.120105997413916	0.276116186357957	4
-0.081756063245454	0.293458639034737	48
0.020169031225292	0.490000255966488	4
-0.084568227548223	0.284598091307764	4
0.096085616283459	0.682613728489461	4
-0.030217376922239	0.48310007887945	4
-0.062195970679222	0.331573968928566	4
0.013446920693288	0.462177713480063	4
-0.086615658578492	0.295167394225769	4
-0.121545337216991	0.253693731792019	4
-0.079632551661109	0.257886221059793	4
-0.00534617933724299	0.386912262244366	4
-0.014255097476077	0.559769385704727	4
-0.123369540023071	0.199145481519063	4
0.047493025609338	0.470198676021287	4
-0.091439295713743	0.351764117552237	4
-0.103609768297068	0.321198331810831	4
0.092803283194964	0.860613027807185	4
-0.105368770489426	0.267132610593384	91
-0.02983378682494	0.309937361292253	4
0.066253798180903	0.841203693246305	4
-0.037623555731972	0.354138140992916	4
-0.074225622142947	0.334893387942424	2
0.022789909115837	0.508940001578583	4
0.099646735389073	0.981665627612544	4
-0.054848965385006	0.45238291480374	4
-0.076137818140513	0.382773237136	4
-0.076694504414426	0.32614306376873	4
-0.080644588788754	0.589916213370548	31
-0.111313266023237	0.459096751050893	31
-0.032276087354043	0.842200632819939	31
-0.1153262704307	0.420896740326607	31
0.05927770235289	0.875374143579803	31
-0.027931575016503	0.313296793010787	14
0.035239431653441	0.743040985448734	31
-0.021975385621388	0.585912651696776	31
0.049337857511882	0.703147478951746	31
0.013317134604024	0.593928954267528	31
-0.103816907932335	0.260927012221522	31
0.038366451044163	0.517879988665763	31
-0.032553144828466	0.443844240921276	31
0.059272538901282	0.769009261235299	31
0.000936488009761982	0.463512411406323	31
0.072407877507054	0.906069932958287	31
0.076034061397261	0.68102098054568	48
0.033328841333747	0.573767287977506	4
-0.045136031376712	0.388920670292476	4
-0.012760654433613	0.495984888270886	4
0.080505087391175	0.725568430919859	4
-0.078417744560796	0.32214711689385	4
-0.019326682854631	0.469260351187152	4
-0.022780870034353	0.451607664749088	4
0.038885461532278	0.701547824458852	4
-0.035119930227271	0.433318669248508	4
0.071637478244043	0.620806937360401	4
-0.017508456972819	0.545411891230768	4
-0.05203812824641	0.337633772294463	4
0.07643467907243	0.502849889380111	4
0.0000154615643629952	0.609006958961966	4
0.060293966134231	0.798953089189897	4
-0.098026428416416	0.262708911359898	4
-0.103719828899085	0.27319571588279	4
-0.064477453515062	0.347654739461914	91
-0.016442784267932	0.481439092412801	91
-0.053259310463689	0.433644991567156	105
-0.03295814610826	0.409079893560196	105
0.101099131406619	0.786616152840846	105
-0.055423377147001	0.403763496495942	4
-0.00162496385845301	0.446393041733321	2
0.095403527413327	0.917446279849014	2
0.121395879837574	0.707793518016204	4
-0.045464984749616	0.359758898297913	4
-0.086312636113129	0.328999607840769	4
-0.041698427652817	0.51351605498241	4
-0.041253340336295	0.437143370571506	4
0.043460777655679	0.722994156379073	4
-0.118403295207172	0.173131024983271	4
0.100577169375341	0.749897256334773	31
-0.056657243604351	0.742203346211052	31
-0.077312844807765	0.393683496254314	31
-0.060105776262203	0.558573140491852	31
-0.098692811352514	0.289266059894255	31
0.02592290635542	0.660429404960264	31
-0.059079152170568	0.390875733902572	31
-0.013530879224737	0.261719004450593	31
-0.008177374845424	0.215614067005725	48
-0.023824476089932	0.546947125054624	31
0.066224658189761	0.735780704037756	4
-0.020733814814725	0.336004047968879	4
-0.074431415355741	0.292099248155085	4
0.009366177470916	0.766873259668114	185
0.017835995417024	0.730446753251018	185
0.080690937092231	0.872116969377741	4
-0.035019417233778	0.546149450198094	4
-0.108968846809865	0.313143681701086	4
-0.061781163344848	0.257454164747057	4
-0.039394126320288	0.165966088083965	4
0.072276213907816	0.310609780117982	4
-0.04607084101254	0.328205976350894	4
0.10698789506998	0.533802014808208	4
0.095392614626996	0.431887909240503	4
-0.120055530901004	0.157919284042375	4
0.023550305903205	0.713615033980785	2
0.069484302784201	0.606955003802637	2
0.100528263288336	0.471210115027412	2
-0.067870765934227	0.219885191050542	2
0.05679054740932	0.408448037657988	4
0.000490716647297995	0.462624818772864	4
0.097239118336467	1.20310776473648	4
-0.09001770171185	0.396336497362353	4
-0.116995404065131	0.22669521009249	4
0.037654592804333	0.67983912505161	31
-0.082792445609328	0.558247531785458	31
-0.066917676119414	0.637726809812894	31
0.088665044192719	0.381082400655271	14
-0.085140753060754	0.416607639601317	31
-0.111227920165794	0.355204094959379	31
-0.004523006703188	0.821711420579023	31
-0.034911214532599	0.704514245484053	31
-0.104796542699426	0.373689311533293	31
0.071931033996097	1.05392762569791	31
-0.073438215557628	0.429573187656194	31
0.021993534353375	0.500699818649187	31
-0.122635800339719	0.2856750295683	31
-0.111747653318113	0.26189595250349	31
-0.027489347073601	0.430988557643458	31
0.025422070887248	0.528018251450894	31
-0.006393222866661	0.483262867662676	31
0.029292327433995	0.688461013045111	31
0.098261119316486	0.725101185710496	31
0.100740155829458	0.985941785751657	31
-0.062992887446405	0.199701329053817	48
-0.114167070653011	0.182077727900585	48
-0.06184725961089	0.281933959818522	4
-0.094757623847841	0.272145672186474	4
-0.086550536934272	0.242200760845916	4
-0.052561642610333	0.336532034123023	4
-0.106314068751665	0.278788008092969	4
0.012176886484077	0.689247597900699	185
-0.000976829598043988	0.596466676911582	4
-0.109675574237248	0.255511653328913	4
0.092194872724481	1.09673349346	4
0.117658005323691	1.17267447104318	4
-0.01459750587274	0.352478221031147	4
-0.109744947283989	0.110205427312441	4
0.093313107392503	0.657078645392208	4
0.051404501303804	0.382978615150958	4
0.042809994986324	0.446347803406812	4
0.00778404038932601	0.603904990713483	4
-0.013506172657513	0.450628970208776	91
-0.086536525485267	0.295337944208157	91
-0.00936689376126101	0.214367737649172	91
0.022332029363982	0.367531019564971	91
-0.111155663351314	0.226556106124202	2
-0.015925470874343	0.631018333766181	2
-0.068518006360049	0.373520612590905	4
-0.121755675053448	0.213198482820666	4
0.065594610891777	0.448895174661169	4
-0.118281226694601	0.232934796245748	31
-0.039877026364453	0.64845633074033	31
0.052749122481754	0.900321075640196	31
-0.110330135830495	0.406983406922719	31
0.031267454563361	1.01996918580926	31
-0.042034744985132	0.70319350181442	31
0.059500276786425	1.09841947597333	31
-0.023737264784762	0.697201122530312	31
-0.114879010045419	0.242197829538753	31
-0.033766695143423	0.608701719465505	31
0.059754612255446	0.673553402177997	31
-0.113728353264486	0.276322048531229	31
0.080688667313938	0.872041588705328	31
-0.086864354591088	0.294621613356282	31
0.073295979533997	0.488161702350384	31
-0.074778440181841	0.351648309764954	385
-0.079356025370834	0.384987271335618	4
0.035819344567831	0.803470272152343	4
-0.03251097643798	0.58784312177301	4
-0.121414455952085	0.252118677663256	4
-0.124254490486938	0.208291228744265	4
0.061125143961445	0.546506217725627	4
0.080072213083525	0.716787179363667	4
-0.096996504394275	0.368431510102196	4
-0.016209890711748	0.735823222397586	4
-0.031542687759414	0.4466915201006	4
0.008615963556875	0.439323248173395	4
0.075404609843984	0.324073541445071	4
-0.119782160435782	0.193805188399959	4
-0.046878022889001	0.295177297297544	4
-0.112402028490076	0.171191805042304	4
-0.024536479425628	0.507552097147427	91
-0.06817544976817	0.355418942280461	91
-0.054501631991154	0.470194388304263	2
-0.01914647286652	0.338784021592279	2
-0.02916797640697	0.181650735184307	2
-0.061442826141073	0.420701633036342	2
-0.079463850418802	0.278816281417503	2
-0.020883972010048	0.335728921887619	4
-0.089869581095658	0.233254168735683	4
-0.091648765188024	0.264358469809204	4
0.027296814290311	0.940843320079322	31
0.113441611546249	0.596285887200752	31
-0.074315736171658	0.70644344736176	31
0.000136354854189003	1.03918789448775	31
-0.068116668586591	0.129083279934297	31
-0.101730454028897	0.139440016186044	31
0.060214632244308	1.07734636123213	31
0.0588129880071	0.76770315367949	31
0.021265054213085	0.577918160906302	31
0.022626861405163	0.435528265944574	53
0.00714548039158802	0.555207593637035	31
-0.017196155781145	0.475012804565858	31
0.000370966328818001	0.516119093197819	31
-0.039790787109753	0.441151183222445	31
0.066475017122377	0.583293928968782	31
-0.093670915656321	0.128201731321522	31
-0.084873517181896	0.245190808969107	31
0.079919154235059	0.869289509893562	385
0.048426877892013	0.370016011722942	385
-0.05395346299838	0.248501757582501	385
0.02627427294767	0.672664705431329	4
-0.116752863477759	0.312728657309745	4
0.123641401542543	0.776043465089136	4
-0.123668247783683	0.20945510047182	4
-0.121894273578295	0.223444933974986	154
0.027427684193916	0.754499693925295	154
-0.016200588544215	0.69561098419411	154
0.062479506471667	0.55771981812315	154
0.022433415827395	0.698945054974089	185
-0.096824150945416	0.233752090682287	185
-0.083053457336312	0.415545921820065	4
0.014878187081075	0.407118319669953	4
-0.038232730380968	0.319888564629357	4
-0.025413535396598	0.508848758355285	4
-0.040899431856808	0.342958714827798	4
0.075666326258042	0.324420940653819	4
-0.036221657752792	0.392994694110083	4
-0.01102540475067	0.691350968824217	2
0.099558092939815	0.46957175615981	81
-0.082390494127083	0.142845899638428	81
0.00124664714057299	0.569014509348563	2
0.046762118531081	0.468782985148348	2
-0.053840936936798	0.248712814357387	2
-0.062286457581127	0.529731766340932	31
-0.016233804776472	0.654918221139253	31
0.100685218263486	0.741067921334444	31
-0.072294051598476	0.299888275633273	31
-0.119116459982387	0.323653563677608	31
-0.062100269692174	0.784172198582012	31
-0.028451455043069	0.182412692734502	31
0.047553401781519	0.368589471697079	31
0.045565770512971	1.06477054055531	31
-0.074249784562198	0.519962175580832	31
-0.056295480488789	0.682260224621392	31
-0.116786494165085	0.323430937868523	31
-0.094433474771815	0.477410892547897	31
0.082528868880833	0.558811752574035	31
0.062357759252275	0.702456192095317	31
-0.121432830614856	0.32182997288409	53
-0.017928818728052	0.430320499103702	53
0.090257477490675	0.851639009248584	31
0.088029302696974	0.828366975161029	31
0.00272953830385903	0.578350370371966	31
-0.023975372026254	0.542461188300052	31
0.036325863875798	0.669365188782228	385
-0.112522686036712	0.141351879600499	385
-0.01988066810377	0.337589527018855	385
0.046962098541394	0.567331385966029	4
-0.023099722380496	0.613830127529101	4
-0.074766900837453	0.348638987792227	4
-0.019254852436738	0.381495464189865	4
-0.029582708650909	0.548634728712522	4
0.071285104122921	0.619918172192531	155
-0.053942741061952	0.519573890025137	154
0.027295323251659	0.861913080021296	154
-0.099733374799466	0.38161394283715	154
-0.111556208529221	0.306041382423885	4
0.00110174640794702	0.523065807503161	4
0.000526964714162026	0.356375937562516	4
-0.052711701677009	0.148022923514925	4
-0.00288345489038999	0.344709417889064	4
0.019316673920737	0.35575395803362	4
-0.115001684338789	0.321379563592679	4
0.065488899993223	0.726306180893495	4
0.037339537834945	0.421686617465433	4
-0.114665003007099	0.349975212718864	2
-0.095001549373253	0.40127817214912	2
0.039791331911643	1.00132425193575	2
-0.123456357874636	0.175533671839418	2
0.068595800217805	0.757617279891958	2
-0.034305572659312	1.01632863611988	31
-0.059477634622183	0.627728613097799	31
-0.066261504412708	0.382395883047031	31
0.00985998987478698	1.19495202675006	31
0.081016005356557	0.340796086478584	31
-0.117885804518797	0.173913606313862	31
-0.11295121046358	0.384816409162926	31
-0.056982037239933	0.32330672216833	31
-0.03330449343334	0.664988422837817	53
0.102977461645624	0.792577976455107	53
0.104049864389351	0.804767349068361	31
-0.043992597583474	0.547623525355934	2
0.045805862376138	0.232705528144067	2
0.09984513618217	0.470074278246565	385
-0.044320139223611	0.27216296650654	4
-0.070620540187061	0.488458068836087	4
0.056723302580424	0.753859761511019	4
-0.056745303867185	0.350812041092222	4
0.079587816566887	0.699286179358453	4
0.043767760586561	0.647996044803696	4
0.04236605899813	0.445438425354807	155
0.00378079442187501	0.535260116331944	155
-0.073006690539997	0.356135089297889	155
0.043147486341114	0.728080768052387	154
-0.00324311175786701	0.584664724135692	154
-0.007567007648523	0.524148670319615	4
0.035666341743684	0.497707146996441	4
0.043642667745129	0.551774616738182	4
0.054014155701205	0.506885346849096	4
0.037815079862823	0.509643224312831	4
0.118713970117334	0.659308349762048	4
-0.035565392803297	0.487548971520634	4
-0.105573059184998	0.347086120095747	4
-0.026504388146086	0.233307808168063	4
-0.058262742216265	0.389739638670532	4
-0.10198035414698	0.221743637793004	4
0.055016588962886	0.631454640082035	4
-0.028330378580055	0.613961340496757	4
0.055194133785331	1.09556938336527	4
-0.045468544399428	0.562562727505923	2
0.045462481436558	0.45882523444426	81
0.041990181208992	0.343999934180158	81
0.058257175836281	0.265856445849296	81
-0.090064446916046	0.345351258721013	2
0.04432396162007	0.456453666629284	2
-0.104197709523528	0.414086459183367	14
-0.00927431358098599	0.214477703538611	31
0.089565123817533	0.611370518030118	31
0.070062611030131	1.125690175579	31
-0.0795945264646	0.459957404198195	31
0.050888029815714	0.971116051207446	31
0.092464263779028	1.07602124146227	31
-0.076867899846647	0.440595805322052	31
0.034350377307939	0.880687586153449	31
-0.106255324611907	0.312000863794939	31
-0.057682282904363	0.482207870161311	2
-0.102933124765705	0.262826671803064	2
-0.082026584771065	0.192696690650085	2
-0.08453699076691	0.207775348942673	2
-0.029542151254871	0.582913337359654	48
-0.096269878266971	0.309782917867919	4
-0.100534139854696	0.294775127606169	4
0.038792760568418	0.689543204186056	4
0.005598901065336	0.641994534677746	154
-0.092577368156548	0.321316362897176	154
0.050368607490505	0.796571551401424	154
-0.091267060918402	0.230846243845545	4
0.02343263945925	0.584132603480134	4
-0.065042525007452	0.385534275241451	4
0.057047647553459	0.860268952189418	4
-0.10998594166964	0.312150599205824	4
-0.095787474692421	0.298521948381954	4
-0.059132915212075	0.341874841880881	4
-0.064591539581486	0.405718870576063	4
-0.087562649256901	0.275484005771373	4
-0.039837154157246	0.467684690418539	4
0.012604603669638	0.46030425941236	81
0.011544444666795	0.523205305082634	81
-0.057642047049435	0.370555975508568	81
0.023911414370556	0.841833358054591	81
0.012493732926635	0.740596637404855	2
-0.108542271273006	0.326394918561614	2
-0.030707397116935	0.972699097967117	14
0.077387812784329	1.00998421899047	31
0.071924986796157	0.783067066476087	31
-0.121999612255831	0.261971898265927	31
0.000865086410309024	0.606972859353196	10
-0.08022473516181	0.427221986309818	31
-0.100312082837954	0.358362996902156	31
0.070113531634837	1.03211439844729	31
-0.108052492208638	0.317556261892228	2
0.020127790387467	0.69032295187468	2
-0.0818018482832	0.311490950290303	2
-0.077445925042235	0.373816980722207	4
0.055685996165344	0.848488530263844	4
-0.00465055786499999	0.658834488704998	4
0.091497478269013	0.864028947900109	4
-0.095616298014661	0.349802613382874	155
-0.045988593904314	0.358616066251374	154
0.029865249824873	0.690152602225976	154
-0.109484452802177	0.269257841245944	154
0.00261420187679701	0.41460882151016	154
-0.041347928287288	0.409634212657745	154
0.060847015737444	0.545898786703258	185
-0.030779817137692	0.513300238688043	185
-0.050438427172366	0.344936902474904	4
-0.014372177400614	0.448419244124904	4
0.06536379821245	0.711680230415317	4
0.012853319488046	0.592406817365642	4
0.017320315962619	0.670546736757376	4
0.00825270913165399	0.619666821056977	4
0.095991827729556	0.927777741135081	4
-0.104615889356833	0.351903562396584	4
-0.006667294564075	0.610715805084069	4
-0.091062819620165	0.355189907708233	4
-0.107476232820587	0.319206636889051	4
-0.082610177667669	0.432042428381929	4
-0.12054053357056	0.16977602957881	4
-0.078975593942169	0.279829587473249	4
-0.051019246791846	0.339756122520554	2
0.017144243107476	0.560399197595866	81
-0.120807564529874	0.334020814456909	2
0.043942535953182	0.986009127968546	2
-0.012720278550905	0.612671461289455	2
0.00498500814158498	1.18229998362529	14
-0.079477795150484	0.334402681941822	31
-0.12181359967365	0.202035471021699	31
-0.099884886307417	0.310392912834044	31
-0.111239159002644	0.306938779641474	10
-0.075473362121948	0.36749247759016	31
0.094121929465114	1.07631474588239	31
-0.111370611095037	0.381243289513246	31
-0.032516285659171	0.587760866698059	31
-0.074110309278625	0.438727106872294	341
0.043759095927645	0.962695316260228	341
0.014535952332309	0.697988458095995	2
-0.101137447531123	0.208295953973087	2
-0.104800001571626	0.272808264947046	2
0.00431069165852199	0.482788015652697	2
0.030837403077033	0.778534707971864	4
0.113330022600218	1.35787870093555	4
0.034117322947238	0.796961003938952	48
-0.090783188768684	0.34106405232663	155
-0.124882406982278	0.286323383290119	155
-0.014221202260228	0.524185716629516	154
0.0898405251353	0.621037095989952	154
-0.112372676209105	0.238368081466669	154
-0.124094745528038	0.245921730420636	154
0.00349622493559398	0.580677921364406	154
-0.03704722547372	0.42440603391259	154
0.015746468008728	0.545637515833039	154
0.093247233174118	0.893870302749873	154
-0.057193856289773	0.461890522950427	4
0.077201460585988	0.684464718285105	4
-0.02870099219296	0.491289963713996	4
0.073092175238841	0.801393692387249	4
-0.00811496567215001	0.75422580077189	4
-0.025086198391769	0.664476410709483	4
-0.045547592503736	0.562258408792869	4
0.083429943021586	1.26387311284534	4
-0.030759800825704	0.578408181723971	4
0.123262505054981	0.764688644260311	4
-0.060291261369623	0.407554346732986	4
-0.118192895161664	0.22231582406127	2
-0.041425735159696	0.569645634902482	2
0.00488502959576997	0.805592856337804	81
-0.09897101365102	0.392612334812166	81
-0.088375540987826	0.321224047325794	81
-0.050256223648388	0.622255669659133	2
-0.105239970719964	0.750855376574328	31
-0.124158199058946	0.509932016239793	31
0.046178976824896	1.61496282081201	31
0.019881219570087	1.27757068202391	31
-0.01994583129113	0.957392660790549	31
0.008223593175744	1.02840629424699	31
0.069192501452125	0.752563103402504	31
-0.01596434727615	0.349989236848888	31
-0.060477615660055	0.173725846145135	31
-0.056312835614195	0.270507524658812	10
0.039811621450685	0.783053615470625	31
0.118628590952341	1.10023231736923	10
-0.080933615265046	0.38057702466378	10
-0.067954336294355	0.377886726388902	31
-0.09364942077522	0.421287606172806	31
-0.005913361025743	0.613392042021739	31
-0.066040641739603	0.422984911145844	31
-0.121043799912558	0.29001725495205	31
0.091913914656821	0.635392411440366	2
-0.019341612394985	0.381337786570424	2
-0.102707967530141	0.382470642070451	4
-0.00999932909504001	0.549799559027734	4
-0.008919834142258	0.665282215165137	4
-0.067693176401117	0.394204454235666	155
-0.000928147822319009	0.644192688278965	154
-0.042749042105054	0.402442309592441	154
-0.064383525596715	0.390400133729126	154
-0.08936187080256	0.318847305262577	154
-0.06647638940159	0.400506025773206	154
0.013907786316456	0.643781948812797	185
-0.048392413572102	0.292466857449937	4
0.00942097596192798	0.384378785588016	4
0.077559301765979	0.522095311041997	4
-0.121503563863732	0.253779306089069	4
-0.104434515460259	0.33163996505167	4
-0.068421506853419	0.465300963495939	4
-0.113239168802267	0.341066115296846	2
-0.08669864181103	0.343780711699524	2
-0.083835440916106	0.246977994803445	81
0.030132701497155	0.552677454973214	81
-0.122471472367257	0.232258284803696	81
-0.089395677087658	0.467986184573496	81
-0.116072781470737	0.336432160338414	2
-0.098760205558377	0.604625836282241	31
-0.106476208131413	0.266931886579924	31
0.087453111625604	0.379333427779267	31
-0.080178925797825	0.349685944785376	31
0.00701765982497399	0.601486981238645	31
0.102097841800315	1.05571840055874	10
0.05437393201225	0.732835468017922	31
-0.088762033346541	0.348913928306466	31
0.00750117358324598	0.658119711592688	31
-0.046512172667769	0.357454306727863	31
-0.037268871534188	0.390566583496892	31
-0.015681206257148	0.519956770931362	31
-0.026334542882397	0.396741611717385	31
-0.026159667945487	0.279703003314914	31
0.071944727787458	0.629722008758208	341
-0.088046559451542	0.291914981044836	341
-0.09661837242757	0.33298924215711	2
-0.112741544500407	0.184301697328926	4
0.048460994202291	0.858291716100432	4
-0.049943017023025	0.346008340271778	4
0.01792475301094	0.41948758398829	154
0.08151099909201	0.720983385836134	154
0.035457074363399	0.497253518144806	154
0.00416913664963903	0.423832252314381	84
-0.122085269441139	0.279978808689089	154
-0.056621034368778	0.443969927432663	154
-0.059461029601681	0.314493404821667	154
0.06436275631081	0.701589568734674	154
-0.020364151261723	0.493472283428022	185
-0.026357744212581	0.233484160964095	4
0.016349950213914	0.410012724070783	4
-0.025770285767644	0.28027089837703	4
0.085503352942711	0.366490920672835	4
0.06996906241781	0.76194559278766	2
-0.040848028126132	0.541079243036562	2
-0.035991448561672	0.593410122816995	2
-0.003214439547682	0.344166139380318	2
-0.044539711228977	0.23787248837438	2
0.016035510555898	0.174023783648602	81
-0.114334276956367	0.352820897289192	81
-0.041237836923253	0.536337557736904	81
0.00416423685282502	0.368696009034089	81
-0.043107346152861	0.526728984444323	31
-0.073519438306953	0.510018210353391	31
0.083131713547022	1.94333724355068	31
-0.094815998976082	0.677691600331269	31
-0.082656567924131	0.142581797893319	10
0.028170594089451	0.194659835376997	10
-0.10004082701943	0.141297164464032	10
-0.078631248085552	0.339248834904601	10
-0.045606399898542	0.490754698145984	31
-0.116681133802012	0.316335767575791	31
-0.101366894683336	0.351150490350375	31
-0.037285449818113	0.423778840808911	31
0.013766568387099	0.468817704610104	31
-0.022326050244955	0.37015970338672	31
-0.02608957533159	0.392504139195549	341
-0.121183540392696	0.156372791968783	2
-0.076425995622156	0.307994653852583	4
-0.11162905898869	0.186040278627875	4
-0.113535386885687	0.169581149830731	4
-0.017688129367863	0.435316339842132	4
-0.092308535844998	0.334580708597896	4
0.104943865270941	0.81655674140571	4
0.072044374874428	0.485944359080469	4
0.078605073897191	0.524242478386968	154
-0.052635851793472	0.363826982264742	154
0.078081446643315	0.514774685319009	154
0.102852129632556	1.05093643552131	154
-0.026540879094556	0.624378200188354	154
-0.071207289955633	0.469823686178435	154
-0.069206219766292	0.160109997039059	4
-0.122676803075755	0.176741766624327	4
0.100369665209599	0.984389716835298	4
0.019552740978053	0.793424097440486	4
-0.077317995241373	0.243773517621431	4
-0.00919609758656301	0.633759243207073	4
-0.101055324777449	0.364806969493655	2
-0.071121935166529	0.399750535345463	2
0.087795730594519	1.33162894203149	81
-0.065651996046009	0.341598364964947	81
-0.034637075191031	0.331266925178622	287
-0.039733777683482	0.417336739266578	31
0.037853733438652	0.214271245500042	31
0.052874793877266	0.250229685482306	10
-0.064059247009336	0.428943706912917	94
-0.058204107026085	0.413386698319736	31
-0.080692936544474	0.392207874355228	31
-0.057894631055161	0.459610474651212	31
0.053749551116296	0.910351209049137	31
-0.00680737951022301	0.27692965991822	31
-0.079361559769255	0.279073497062738	2
-0.105540960692934	0.198346250011256	341
-0.091461366960775	0.246548176898469	341
-0.058744429682531	0.411889716253857	341
0.015674620031445	0.649533900054918	2
-0.063537555097605	0.199038961042947	4
-0.1148240087998	0.283680576370598	4
-0.079385584794212	0.171605280525809	4
-0.086711359846944	0.22158180200539	154
-0.07392794193445	0.35383042666624	154
-0.07288021430313	0.340952092955506	154
-0.023416445860996	0.326085720889523	154
-0.105609663994691	0.0900973302937049	4
-0.074109726056373	0.207237897140923	4
0.109349738148217	0.55818848086326	4
-0.106023848124158	0.168258168226679	4
-0.061290179999221	0.378817600449069	4
0.112782411674125	1.03245101028972	4
0.067666646099007	0.295653334961177	4
0.079384805374546	0.338800915633203	2
0.112272242983965	0.583853306496282	2
-0.036802404141875	0.288822170717529	2
-0.113561985809323	0.140159250027728	2
-0.041404466929514	0.309470178625166	2
0.03929663361876	0.526963020370677	81
-0.100302594196994	0.270908686895864	2
-0.025516684042446	0.23448907513007	31
-0.111992227462657	0.125533006008201	31
-0.062400490011445	0.376003285996862	31
-0.00866318557770901	0.374726570502728	31
-0.089277988935926	0.156567489093547	14
-0.078955072657662	0.352923593627294	31
0.082896210834919	0.353205206931757	31
0.085082141391522	0.366065177843554	10
-0.050109144996752	0.189726516137853	94
-0.032985918444582	0.219832626517619	31
0.045520177725853	0.232388537488957	53
-0.033494966773196	0.111638233062458	31
-0.051700672763851	0.0931895306489991	31
-0.069536623362098	0.159754686552688	31
0.052300201016319	0.249668562972126	341
-0.056516865272937	0.212429885684071	341
-0.033025672201365	0.11192632937618	2
-0.052142335333441	0.148503249584676	4
-0.105914991418825	0.089887963622652	4
0.045947495735429	0.232755580858321	84
0.076224061079194	0.325096721123928	154
-0.105348435226146	0.0902525286935112	154
-0.094817570067385	0.169094886219875	185
0.038295663628086	0.214634410302536	4
-0.085082453588995	0.110116274370248	2
0.017947845336556	0.353382745721639	127
0.00360050957861802	0.154354336266783	2
-0.051700672763851	0.0931895306489991	2
-0.104595525523942	0.170126152156708	81
-0.000784744146618999	0.230260245481795	81
0.02773573585487	0.19433696285375	81
-0.067376164590102	0.244519561361224	31
-0.018660974862812	0.339719268695328	31
-0.041794649790973	0.204178657709446	10
-0.042451836753296	0.203400871821267	94
0.023985290279916	0.288044718337335	94
-0.032743023169852	0.300276798298301	31
-0.048788763736313	0.19111961592462	31
0.079644969752517	0.339124653522174	31
-0.05943776577372	0.174819416195582	31
-0.049281934832819	0.226590483965209	31
-0.016961962826566	0.199973080709903	231
0.035166101726494	0.31833806581694	4
0.012869641174898	0.259756362629214	4
-0.013753722097647	0.132822168569281	4
0.038002405642601	0.21439466206245	4
0.049986809227114	0.372390943428099	168
-0.014225232183906	0.132527826397414	84
0.043837166542626	0.354692675712292	154
-0.07878964060803	0.0723057619962507	4
-0.105173787930069	0.0903797188632894	4
-0.085074940214778	0.110094549387888	4
-0.028451455043069	0.182412692734502	4
-0.078709594077745	0.0723379745217916	63
-0.105195820897425	0.0903595460915726	2
-0.033208135725784	0.111820960772134	2
-0.052719015135085	0.148020523020203	81
-0.077789533033079	0.0727156082004367	287
0.033017525431464	0.484734816563118	31
-0.05121716406473	0.188491898056753	31
-0.081721663760482	0.16889399475336	31
0.060454923021696	0.79323795116798	31
-0.073731711847403	0.372144531132571	31
-0.019997645807442	0.337268698459362	31
0.08539793254383	0.366417965922504	94
-0.034051221015949	0.218566501953135	94
0.041990181208992	0.343999934180158	31
-0.00319667405714399	0.344190275700392	31
0.012464136096582	0.259249371341793	31
-0.053142287616275	0.147655396893675	31
0.068230202814665	0.296282125375686	31
-0.109724003512826	0.110228606307489	341
-0.071338119659221	0.185188902421533	341
-0.064887532158085	0.197322187154324	2
-0.033389860524067	0.219363705679875	2
-0.050215205627918	0.189592189821903	60
-0.029843458477167	0.180997394852734	60
0.016167621994894	0.174096530771073	4
-0.024930678016885	0.235206808657089	4
0.036799807709834	0.420704275410332	4
0.016777986682448	0.174619640165306	4
0.037853733438652	0.214271245500042	4
-0.039120248332399	0.166148887652907	84
0.002721583825677	0.153782358844901	84
-0.000407678540590012	0.230681993399948	84
-0.055079751766866	0.214221505754244	154
0.00921395415341603	0.38384204226499	154
-0.055739971311959	0.213417496277423	154
-0.014061466561383	0.132637363207072	4
0.031686820598777	0.39722894117868	127
0.04479339882585	0.231740422637874	127
0.028172628305354	0.194707096244927	127
-0.067539231356136	0.129575135652238	81
0.016625375133051	0.174504879212644	81
-0.071607947364852	0.699783602682549	31
0.008996850098825	0.903535314203692	31
-0.059746606950481	0.235625643286338	31
0.101893383098476	0.483934901678631	31
0.086630626008261	1.01282314030545	31
-0.080670381048277	0.362463004620704	31
0.061564222911768	0.686068185301104	31
0.012376548725772	0.330996459309925	31
-0.063798224022433	0.198721620678265	94
-0.015200604061947	0.30743964217787	94
0.104653793818018	0.509287844879687	94
-0.030502948178893	0.34397170619801	10
-0.067292298105664	0.220656994774708	10
-0.050941687264694	0.283781950416583	10
-0.010297356946384	0.416290539000823	10
-0.123012634871162	0.140791029929954	31
0.03864151088363	0.331134065296965	31
-0.110270134416853	0.109746875206132	2
-0.060513259027997	0.173677393272077	60
-0.105195820897425	0.0903595460915726	4
-0.111541155976482	0.199947866996698	4
-0.068196987674473	0.219409443341805	4
0.018557918203852	0.27387904181266	84
-0.00867488518343601	0.27440171357849	84
-0.06519495429411	0.196910697920887	154
-0.043574004595424	0.273367781338885	154
-0.079169698000097	0.072136696709115	4
-0.078249538940944	0.0725331461672283	4
-0.017527433778086	0.199468528049272	4
-0.094865777929724	0.127151244804982	4
0.052445740030477	0.249821349757923	4
-0.00790982920870301	0.215872287336619	4
-0.017995949717269	0.199004822774006	127
0.097801080362507	0.705715564444446	127
-0.105074693180204	0.184443912634204	127
0.016798675310166	0.174599472197568	2
0.07054197749003	0.474758050430091	81
0.028613823464313	0.195051461416364	10
-0.104846615797404	0.243794058114088	94
0.026940789578289	0.450951317474741	94
-0.105794386910003	0.21234201967824	10
-0.051915988201248	0.416522958371665	31
-0.075406292834638	0.290244871418609	31
-0.025506717460617	0.280655282006025	31
-0.113481743108113	0.16964750699347	31
-0.095550100929744	0.126524592128675	31
0.037372912228838	0.508637992153395	2
0.029086999045716	0.302345757683217	60
-0.07102276200481	0.302454714650008	4
-0.073660082186989	0.231053062356521	4
0.061458055668036	0.43299436687073	4
-0.042855375704049	0.274503047339781	154
0.123870926231031	0.786923630384169	154
-0.032587050709532	0.300535082031372	154
-0.112710132364688	0.223622443013711	154
-0.051700672763851	0.0931895306489991	2
-0.109744947283989	0.110205427312441	2
-0.033793799214041	0.218884179408109	4
0.037133034799474	0.500887337829122	4
0.048537471811405	0.370167129182071	4
-0.0000265134580579862	0.299161041761905	4
0.02905291014473	0.195380471102512	127
-0.084862836328203	0.301831579295522	127
-0.028304110097795	0.182561530183009	2
0.041185029354249	0.34278062466916	81
0.043271143503249	0.345804766181618	81
-0.051596578877248	0.395771796801621	31
-0.097160966711218	0.403013459990951	31
-0.054427347372098	0.55569433272148	31
-0.12462545941362	0.380039164505286	31
-0.055059680661754	0.24688175036989	10
0.040048497660166	0.699679352579203	94
0.115610199243673	1.0956448752883	94
0.055763976396641	0.854931102155108	94
-0.056400697271577	0.483521100194551	94
-0.030555336845486	0.598486400835094	94
-0.018955373485445	0.506083732975453	31
-0.050181396098708	0.564554933817953	31
-0.035267931677146	0.399305079447573	31
0.02528318637368	0.600972818032698	31
-0.018688884648995	0.541699818171604	31
0.074774044623304	0.49967485249828	31
0.053808759441478	0.620981683549377	31
-0.011404747184206	0.460640234265361	2
0.120165709806086	0.714750168987934	2
0.00508735097033602	0.590530393883417	2
0.068472166882257	0.296581613009414	4
0.016499904929189	0.410293652042438	60
0.01580795117684	0.34326012444712	4
-0.10932851828568	0.23241616192863	4
-0.075276924751536	0.269281049402014	4
-0.122949844277558	0.140879211863803	4
0.011091904830239	0.329130393293557	154
0.00558613863994401	0.371237574770745	84
-0.119874279383277	0.267237184135375	154
0.080206128640342	1.04254848256595	154
0.00608323672857097	0.492668157879753	154
-0.007919514472149	0.474370694296371	154
0.033416736556388	0.932052487900391	154
-0.105479100168488	0.0901793206300053	2
-0.057658013039601	0.210885681542962	4
-0.019263706185508	0.505194261918638	4
-0.016880861674519	0.512088586396168	4
-0.036983125196342	0.395247882006206	4
-0.075145176751728	0.313861701159661	4
-0.117211202883406	0.212778936469423	2
0.025127586000938	0.289570925240302	127
0.02941998996273	0.756637929246015	127
-0.073412704424244	0.424597946114992	127
0.08253415318514	0.352723558325172	81
-0.022848345513814	0.524540517807055	81
-0.016069272771774	0.349766005621171	81
-0.024882858921544	0.323499368970292	81
-0.117333352179872	1.11889527196488	31
-0.12215362547431	0.532333448519228	31
-0.070549424625761	0.158794859598795	31
0.043010212113153	0.34545435702809	10
-0.111711460705519	0.199662492713549	10
-0.06628155892156	0.612140487827683	10
-0.06061573462379	0.442144242283031	10
-0.066386848382043	0.730488683042468	10
-0.027390994902592	0.85910251596081	31
-0.012003109253078	0.791960387050189	31
-0.024190069205255	0.75999256802861	2
-0.096632687360714	0.321008581232729	2
0.079532417720359	0.339007896169821	4
-0.017823342526001	0.199198080099027	4
0.060868840586808	0.423791830398323	4
0.054901058626246	0.396984973748751	4
-0.031267264066003	0.413095227143144	4
-0.061570002715723	0.332900061967949	84
-0.102225930214072	0.221301352656507	154
0.084714914767322	0.770708789633678	154
-0.120234635529384	0.238986615134304	154
-0.075420623447141	0.290216724372651	154
-0.066883567141639	0.399321133502282	154
-0.059668392464036	0.409162125009917	154
-0.018457320750777	0.198470698110811	4
-0.066010191536596	0.270599146356643	4
0.022533303488963	0.763729263930998	4
-0.096592052158599	0.395945304307508	4
-0.038451745627165	0.471682785323511	4
0.015241987067626	0.342369577571041	2
-0.111954467544464	0.142028399693472	2
0.014703580838903	0.598285317373383	127
-0.05014585703305	0.558756638669785	127
-0.104740097192789	0.441364564586401	127
0.058852293441108	1.08863514818013	127
-0.00147158014135601	0.400322093509843	2
0.082193212544954	0.352205617939341	81
-0.097281218086727	0.23296984787206	81
-0.06929484999505	0.561449900693875	81
-0.026547278318836	0.433400320581999	81
-0.09195232390173	0.245645398055453	81
0.025863119911837	0.535216166834438	81
-0.056002184438898	0.442717382645885	2
-0.12381765523603	0.139769409540509	2
0.094850486220521	1.76412938643114	31
-0.119240684121779	0.518440703685367	31
-0.073409879949562	0.824627398753015	31
0.106954512846651	0.523636713169831	31
0.00564613562987199	0.244291994461026	31
-0.013176105153919	0.316174476024607	10
-0.044142978447819	0.238424685129165	10
0.065569115059993	0.838691287225708	10
-0.095699245866043	0.351676670646478	10
-0.033703553322761	0.669953457216195	10
-0.070622976549862	0.403988316335988	10
-0.00676844137666499	0.642364765748418	10
-0.102342055453184	0.448325617456214	31
-0.034857131144041	0.575844128853553	31
-0.115145954432715	0.292721622786542	2
-0.048315434724485	0.429678063377232	2
-0.068105532580555	0.414043248368695	2
0.039704845943652	0.852928225608881	2
0.021846996704659	0.879660424906714	2
-0.0164292073919	0.68685497125176	4
-0.018552465406885	0.382915748580842	4
0.093386080363226	0.408237929975476	4
-0.106915939044613	0.21044165889988	4
-0.014452668645754	0.644249659742227	4
0.000420090407633023	0.57096316341699	4
-0.111892752694796	0.212599776463481	4
-0.07375374281578	0.406776800879168	4
-0.00615120958703699	0.478675584161424	84
-0.054791869772111	0.358764100172824	154
-0.113768308259428	0.288251319171945	154
0.106670382841493	1.13203055611548	154
0.077675275036086	0.853693149625969	154
-0.112593897902446	0.211318532810113	2
0.082549388080055	0.92301698565996	4
-0.091267060918402	0.230846243845545	4
-0.111529347207726	0.28561576010462	2
-0.050577450877063	0.495356403015908	2
0.055275290476949	0.93534161112362	2
0.024221250795343	0.377363056765227	2
-0.108317291483666	0.221598230871983	2
0.078789641242425	0.850451660105076	127
0.010115054446684	0.717183502902894	127
0.00638457762073003	0.54798262564149	2
-0.00779739337741001	0.330728225704527	81
-0.12325197765141	0.257170238954062	81
0.023398921534514	0.369307423132428	2
-0.026004045490217	1.24942100160569	31
-0.065979056086267	1.01627956187679	31
-0.107239492740861	0.665297415275266	31
-0.00280929830148899	1.2233721057234	31
0.000993097723426983	1.25567461200621	31
-0.04728790081822	0.743402896834004	10
-0.013742835591948	1.04102952648922	10
-0.115001033040528	0.486418905728194	31
0.025359444997876	1.08230201336213	2
-0.071327544204859	0.607621727823073	4
0.057141720118807	0.86056660033618	4
0.016783745234421	0.475977768996626	4
-0.05595622569272	0.446012894744358	4
-0.120553294352748	0.351736074084659	4
-0.123253982345452	0.322959257925414	84
-0.104904045477284	0.317680409784566	154
-0.118344948739309	0.27279739833414	154
-0.033531934324106	0.642053482808648	154
-0.119117837635829	0.380314793277386	154
-0.035998937411532	0.748134756087697	154
-0.058342318217884	0.516632727374375	154
-0.002958724146122	0.876940542015027	154
-0.021751666081292	0.713243830712636	154
-0.123492137982821	0.175475928433194	4
-0.046217841160314	0.651771484636601	4
-0.093499863312293	0.369735205149632	4
-0.123013402475842	0.284638335648359	2
0.058122523449746	1.23525444554067	2
0.075116255075908	1.34149113438915	2
-0.115209865016887	0.375145528618283	2
0.071919309950307	1.15548193207192	2
0.03764361373256	0.604802653766157	2
-0.085288270241945	0.474090145200195	127
0.101749415908233	1.47433609433197	127
-0.101247876607413	0.460768420841792	127
-0.051127076441246	0.283490831387975	2
-0.07076454079322	0.364764333164714	81
0.101981165404305	1.1468346587098	81
0.067469513543471	1.30886949813208	81
-0.049602961507092	0.672042092628592	81
-0.116660975664417	0.305604027086956	81
-0.00568933699242399	0.769014650928682	81
0.075827295102132	0.933423674254503	2
-0.108750682970592	0.675263853819915	31
-0.013580341872991	1.32611968624302	31
-0.038189016694732	0.449159181951798	10
-0.102689109856552	0.301138785073301	10
-0.090680972224266	0.594851847185815	10
-0.108748477938805	0.429596012558536	10
-0.084483990302532	0.586271215595035	10
-0.071352845886148	0.647234735294718	10
0.018999642598876	1.45080157667298	133
-0.05099792001691	0.823095403228957	133
-0.04999428771427	0.828954532115557	2
-0.042391058655141	0.403314723452791	4
-0.07367756046939	0.596799062109618	4
0.056884744418369	0.859586206418981	4
-0.002857100842109	0.794395420850848	84
0.050174419953835	0.956016383373865	154
0.065231867027614	0.938500872988411	154
0.041748212505347	1.01101765047567	154
0.047917516426519	0.933586871293374	154
0.066670138914438	0.977608511842732	154
-0.120277106893821	0.304171132654637	2
-0.098536450360305	0.434245159719766	2
-0.012007995655094	0.61536274408731	127
-0.07763658319296	0.373304997327715	127
0.060531620240263	0.67588064720669	2
-0.0564836984022	0.507703255149012	81
-0.119480920981942	0.312022214577767	81
-0.112143955322374	0.942650492681644	31
-0.049962792881363	0.797101784574662	10
-0.070085852950082	0.56074156452752	133
-0.03365235788818	0.928078327522477	133
-0.023068386844027	0.707350751607872	2
0.118599602518784	1.52873895324763	2
0.016730902726515	1.0389932125416	2
-0.010340881297092	0.770233212838031	2
-0.089522530916702	0.487916954639731	4
-0.100690848764984	0.378589387997118	4
-0.026519389399186	0.433468311076757	4
-0.041120574188673	0.377576113088862	4
-0.072900704111455	0.55729022495304	4
-0.038500016774612	0.633232433655595	84
-0.110935468536708	0.346710912487853	84
-0.019565533991764	0.468605791331533	154
-0.070673336640383	0.441023409637995	154
-0.087596840938622	0.420780892477878	154
-0.047097853161905	0.579585515013523	154
0.031231924631292	0.706165728789152	154
0.096331054466322	1.38031030927884	154
-0.072729607844318	0.426687703604498	154
-0.105642937061567	0.346897432458979	154
0.056287881081201	0.850851375655731	154
-0.111762062548639	0.344113661881626	154
0.052837875685538	0.611294941995484	2
0.105343813543508	0.86942039066124	2
0.043535746604292	0.729526314143105	2
-0.011595983095341	0.616576511835689	2
-0.085059689725693	0.45068229368027	4
0.105665071328407	0.862153018285405	4
-0.088064910366618	0.308554321450521	4
-0.044329741203357	0.652117213105402	4
-0.037794776617887	0.480833505035779	2
0.00639097939623801	0.698379438067854	2
0.108111108225542	1.43413875509473	2
-0.096409337787377	0.418605639735184	2
-0.085087436241338	0.477045322518235	2
-0.081855979209167	0.311327757162513	81
-0.034206907068416	0.63248657938621	81
-0.123154125279019	0.291192473964555	81
-0.082853693544338	0.356579723453495	81
-0.023656669915354	0.444999244284984	2
-0.064666152563081	0.94759227975009	31
-0.079794884769666	0.851628648322791	31
-0.123904276139601	0.174785013473647	10
0.027204116427611	0.930425221869727	133
-0.086324742573675	0.46795513564874	133
-0.124556142318044	0.31224051882334	10
-0.063829918446474	0.491654120840586	10
-0.076989753030488	0.453303797857523	2
0.013251992348658	0.636455485264883	2
0.00219128219998799	0.719224298357216	2
-0.105445925718267	0.335263610574589	2
-0.122037280691866	0.295971086322926	2
0.036458233103448	0.747413777174375	4
0.07891716487358	0.872691203449626	4
0.119782721997851	1.27405449486885	4
-0.044751992239615	0.330800825818572	4
-0.00668856617574901	0.642671495036197	84
0.02419779932555	0.445411233915857	154
0.00546302587458503	0.485665068622578	154
-0.105078901495419	0.258167189788987	154
-0.10676841529802	0.323106095047673	154
0.083517257780046	0.919614580479466	154
0.074880518141842	0.677531661761213	154
0.053344410079699	0.605367538021084	154
-0.107509138656246	0.262496200734716	154
0.072106547817979	0.904926920872085	154
-0.065840145347337	0.364295225445275	2
-0.089982388272011	0.317374301904395	2
0.106667183341301	0.856993853118925	4
-0.093150621945976	0.275544869163	4
-0.105435937894063	0.316221749622876	2
0.090246368400733	1.03654310647369	2
-0.096044161402869	0.397824290675644	2
0.039811621450685	0.783053615470625	2
0.039839197857107	0.629684556594928	92
-0.045381741152707	0.444746394316356	2
0.054387850764048	0.943110673244808	81
0.067937388375311	0.734031889895185	81
-0.105469369843177	0.280804381873845	2
0.046275919650524	0.926465923726756	2
-0.087764832174084	0.908971330896607	31
-0.098204140148845	0.830097354941668	31
-0.05099609185328	1.21898664609479	31
-0.012380661327179	1.42737548248122	31
-0.019822790251649	0.538078801829268	10
-0.12263169038386	0.341536215338098	133
-0.038326396297122	0.712916956355948	133
0.0229854425845	0.946717688519601	10
-0.118241070483452	0.439027732394169	133
-0.096087557094105	0.336619896336245	133
-0.095243845132487	0.491020473658189	2
-0.01025086868554	0.804116468087809	2
-0.116212960601413	0.475012561368364	2
-0.122831320729848	0.423744444381157	2
-0.034365606906387	0.713682892649449	2
-0.084569999658091	0.693879422945051	4
-0.117568683935784	0.389202457471304	4
-0.081054342937655	0.482372738465965	4
-0.120125266459815	0.283474313163219	4
-0.030566410096438	0.912712639653446	4
0.00825977036264203	0.996810028260547	4
-0.068008255647074	0.312157600524834	4
0.029466307959579	0.470136717501524	154
-0.081066894487977	0.409233509783137	154
0.099594946453398	1.1774347137675	154
-0.069089857320351	0.330552191633491	154
-0.096311264018518	0.294880085170651	154
-0.110264940800307	0.307654310056464	154
0.040474273038925	0.856200140066135	154
-0.00962782476587201	0.465073419614768	154
-0.064153557687144	0.391023657547223	154
-0.021670056716417	0.85007092557801	2
0.010710677405811	1.0016664673865	2
-0.100029411557711	0.380685715789768	2
0.052490383944259	1.15432447641237	2
-0.053302619324619	0.667338881655521	4
-0.051975870424206	0.764041681165423	2
0.106889171892403	0.840270235407443	92
0.120697112615582	1.25451864414227	92
-0.088799749733839	0.272936041193077	92
-0.119190951338009	0.220316386460818	92
0.025649181215831	0.528585052173266	2
0.040791394428225	1.15872686298766	2
-0.029444142847232	1.1294879281459	31
-0.094045279199303	0.874669680809009	31
-0.110016077383131	0.643761910815857	10
-0.065627675970694	0.421140425789139	133
-0.075694751162092	0.446964736278533	133
-0.021981256927505	0.723243739587455	133
-0.043836045345734	0.571775642347211	133
0.119658515746807	1.21604429411384	10
-0.033598871246474	0.660270601438198	133
-0.119923782142676	0.410003064181466	133
0.004000322812789	0.536173121916457	133
-0.113598969184238	0.196435685614912	133
-0.084193287824867	0.382019527922642	2
-0.010570548752453	0.693135247020094	2
-0.026409197427119	0.566768015236544	4
-0.072112272293958	0.743745196424252	4
-0.029739577306011	0.93641334539723	4
-0.044761209010448	1.0253635381116	4
-0.045143469793481	0.729572363369482	4
0.061980921248338	0.811749211708249	4
-0.120169207508371	0.484448221762251	4
-0.076913303367898	0.69394141219105	4
-0.051810436777661	0.772784439767584	4
-0.014796993442132	0.597347971488567	4
0.021408741362881	0.695319543656774	4
-0.100101708603999	0.399707445786893	154
-0.00470750225083699	0.541375483937093	154
-0.101187028053016	0.237481723024691	154
0.011078482907024	0.774161694929477	154
-0.098657163742116	0.440326177817157	154
0.04192922895556	0.873598618721587	154
-0.118950307300792	0.259803678437372	154
-0.076567557576617	0.687167610436799	2
-0.105416913028578	0.55857758375035	2
-0.028455034374047	0.86227242624145	4
-0.105105686409479	0.380875434847004	4
-0.00839310258915699	1.04005136789428	2
0.067823401863687	0.733801416248962	92
-0.123641847569511	0.424071069125193	2
-0.040509078380225	0.378976455798913	2
-0.115451132586888	1.05708598698073	31
-0.116509720857073	0.794515514752129	31
-0.034345824547279	0.551924715566753	31
-0.117421199757815	0.4718474288699	10
0.0000012966354390187	0.904800764901318	133
0.00397155533238602	0.951497132027615	133
-0.096071188160408	0.560043080908994	133
-0.043315214533678	0.670977584168434	133
-0.120986835898722	0.363639316608058	133
-0.113596338120757	0.382328732033819	2
-0.117602031249918	0.338909000352816	2
-0.087888928099098	0.405470647255378	4
-0.120181452155998	0.3376286104574	4
-0.043231804968729	0.736344572755912	4
0.057998057987996	1.30438412917765	4
0.072475089515961	0.799150972843561	4
-0.00707347064667799	0.609398822812575	4
-0.115528476395504	0.354468574496551	154
0.031392201669632	0.70677653183128	154
-0.069903218169155	0.46277840821886	154
-0.053652295424736	0.536581397124684	154
-0.03380430304604	0.579627526620044	154
0.025326719648202	0.853174681079369	154
-0.03640061919877	0.511766124952893	154
-0.041330439432531	0.433279275190975	154
-0.109702789807065	0.350447248249428	2
0.037577773370386	1.03557807523227	2
0.015722378763665	0.872386834578452	2
-0.048176392235718	0.678566011382776	2
0.034469894317896	0.880975007719052	2
0.036903207647469	0.507538137326882	2
0.011534935940975	0.578341856397337	92
0.032643362536767	0.571974735381337	92
-0.070017356267862	0.459890386157843	335
-0.022691285844318	0.797574987377134	2
-0.068088621834538	0.43201168278963	2
-0.052914801089738	0.523307167552379	2
-0.048299526302413	0.678084550967537	2
0.106036241949323	1.16782172929747	2
-0.11513434283001	1.1953475697211	31
-0.00137086047121801	1.6905619578552	31
-0.042004047523926	0.203881914494765	31
-0.03825399112079	0.445213759165151	31
-0.108663412621181	0.513917315134806	133
0.044131841670071	1.43507286724151	133
-0.000284715967863003	1.26601181848219	10
-0.060144278448406	0.726130579629787	133
0.08144195132625	1.21811174924275	133
0.072816593585725	1.05139187766869	2
-0.074755277051514	0.468698806514563	2
-0.023547442523509	0.407693883812114	2
-0.035121955581846	0.571444914011935	4
-0.071657367395589	0.562426385066851	4
-0.080226425781006	0.504894514925	4
0.048633866100595	1.03827850881711	154
-0.109951306027976	0.300179483767065	154
0.084791986752368	1.13493944790049	154
-0.121286780271152	0.254283472092939	154
0.123382465140819	1.48821182873745	154
-0.081270113232536	0.466696106927144	154
0.00802547412411703	0.804391293646995	2
-0.089370300350835	0.54444309871223	2
0.053621907913523	1.08186341452587	2
-0.084867273138392	0.444391228473848	2
-0.046994175948088	0.41115333471111	2
0.041369307932498	1.0939709784541	2
-0.103160885429022	0.299951945004492	92
-0.046605135429435	0.555204732490233	92
-0.073820916401421	0.53541457648929	92
0.070433502795105	1.54090390033851	92
0.012312596438234	0.685081880901316	2
-0.105936528114817	0.168380896342998	335
0.00278069136763798	1.23427264669045	2
-0.063978628021934	0.680381835855911	2
-0.038756019277375	0.576367508134446	2
-0.033211067154543	0.412239724121124	31
0.037147771934934	1.3505863901506	133
-0.057319443303802	0.784756265611463	133
-0.120169736001375	0.473135823575724	133
-0.015013357081105	1.14721521627198	133
-0.104887224719131	0.371553921042519	133
-0.080749422064066	0.599885464979083	133
-0.117961463427971	0.346530682946213	133
-0.120704200770067	0.225868003184901	2
-0.072650529432546	0.476027231034677	2
-0.099774648238598	0.355837761750678	2
0.097173506712864	0.455074100028333	2
-0.011258832196879	0.319424185343033	2
-0.016029845532181	0.558330369808487	4
-0.017928818728052	0.430320499103702	4
-0.089130987453133	0.425230521169981	4
0.03649030287196	1.29201778570056	4
-0.080205276829972	0.50711551667431	4
-0.00616137433452299	0.570806672102305	154
-0.108732006366398	0.292768448572549	154
-0.070207706091477	0.405114420479184	154
-0.012358324430989	0.644290078141386	154
0.047231862753948	1.01403499733545	154
0.066462145889761	1.47833117261775	154
-0.04685103988516	0.462226597659632	154
-0.113397931785556	0.155696016079093	2
-0.00878726951335099	0.424901966435266	2
0.117822827931952	1.18186250363702	2
0.078375796787786	1.02135883748048	2
0.107776539971794	0.851856659824069	2
-0.08553439019317	0.362619409565267	2
0.04706373329441	0.574391979258187	2
-0.11673247752161	0.316239411242453	2
-0.082113879589874	0.232281196674781	92
0.036277501895098	0.686631579930348	92
0.018158458253133	1.1392199759233	92
-0.090548110352149	0.55802148879251	2
-0.091251733712519	0.246922804351109	335
-0.109175411460361	0.232807885209548	335
0.030975582734611	0.779137947114026	2
-0.056840042405851	0.269621975112907	10
-0.027829786425828	0.460578123304931	31
0.015790285609058	0.772802247558535	10
-0.09257300835348	0.422875366769667	10
-0.065329943132036	0.777113379622138	133
-0.081384622736258	0.699599455896514	133
-0.000336180866157998	0.850315656291157	133
-0.050344345020465	0.564059302276769	2
0.08478032960493	0.778568687082176	2
-0.094722974468782	0.439676977939393	4
0.030948607477237	0.640974354292306	4
-0.103550424303229	0.312087406440285	4
0.065722228970073	1.26649218629374	4
-0.075862079768351	0.446464271020971	84
-0.030174256366058	0.655844054521447	154
-0.113395152687992	0.289239045774194	154
-0.112561260636191	0.301494608520912	154
0.056734418750667	0.858990149750367	154
-0.063410677792903	0.414963475154854	154
-0.020563302100523	0.690453026619194	154
-0.023290090664456	0.485393488568683	2
0.079526121511411	1.02657299737085	2
-0.099012067563352	0.502022679240358	2
0.042819820794511	1.17054395244798	2
-0.045111847656405	0.636908166134263	2
-0.017108766056202	0.511457602909676	2
-0.064805632487166	0.57155693218967	2
-0.096112819436493	0.348247797537342	2
-0.025802780135064	0.6883736742987	92
0.00236582386621997	0.531494158000145	335
-0.017586211577669	0.431148964285269	335
-0.033092251830454	0.43855688693833	335
-0.043589433272356	0.721352596771478	2
0.028664752320876	0.883564341222536	2
0.10682097787029	0.891558743203218	2
-0.066344559533605	0.517087131867276	10
-0.086950193817001	0.574458061027166	10
0.022907853648314	1.15041689469538	133
-0.092265244822396	0.555495379697522	133
-0.081132685540633	0.479661530692245	133
0.00869922943274598	0.845909553716218	133
-0.096283013045128	0.309716034782755	133
-0.073938625705752	0.45538498870627	2
0.075042216304106	1.09577165031143	2
-0.010274709028974	0.778345112463086	103
-0.049814575548218	0.497927107408229	2
0.043491444143275	0.89126203515335	4
-0.087612929437643	0.382186983684889	84
-0.051668777320354	0.511399473058797	154
-0.084087862349021	0.437230114632134	154
-0.105257748693559	0.348071330717962	2
-0.084941594447709	0.477601253617455	2
-0.051387040857944	0.636133728167073	154
-0.039829751049146	0.600125670548137	154
-0.081482946267127	0.392449544101471	154
0.023531193778924	0.772757222277629	2
-0.009780157848056	0.700194391116924	2
-0.113668693483723	0.364199033532529	2
-0.036320491600385	0.72199854149693	2
-0.11487430258766	0.400917568983994	2
-0.025366475098895	0.690346888680506	2
0.069192251257721	1.10165346365752	2
-0.08756150656782	0.29308617916442	92
-0.058153552660967	0.53870154990978	92
-0.095749305041364	0.433889405746326	2
0.012924184543639	0.781675215000746	335
-0.080504365617817	0.296166062416456	335
-0.014681793616774	0.522870315625155	335
-0.043211818676171	0.553327059639603	2
-0.050883065664277	0.343772280323669	10
0.058527072606303	0.41137174210253	10
-0.089336303537491	0.515408150494307	10
0.09764226457211	1.60460638273119	10
0.098061912360785	2.03810106725875	133
-0.098541883471092	0.524812949114721	133
-0.123134311625679	0.463865103056372	133
-0.112653030162758	0.491427092406641	10
-0.035836977855933	0.832198069143981	133
-0.081005335883607	0.619933273039138	133
0.02463368804894	1.30348517380111	133
-0.00741560679564199	0.8974682270321	133
0.042590073370689	1.03227107778728	133
-0.002581744189705	0.909596065511435	133
0.084737702501752	1.29889286510544	133
-0.055795199927296	0.531767029119773	2
-0.120936204767714	0.31645112772586	2
-0.068709349022127	0.497923379762172	103
0.083907005412789	0.768151314922658	2
-0.112704333023829	0.257690861695202	2
-0.087385793676647	0.355068727781039	84
-0.01635590752961	0.760088624241035	2
-0.068451538000974	0.44543969851854	154
0.105646885229815	1.37213552059951	154
-0.087390396213638	0.339579350202496	154
-0.114250078787319	0.323598251935129	2
-0.06015700527487	0.468342669052677	2
0.068423504447923	1.32746616593795	2
-0.114956734505485	0.358130949441355	2
-0.00964343179212901	0.889318683800845	2
-0.055922195796674	0.531299633114013	2
0.080393286948332	1.04444692896254	2
-0.066508772455978	0.530956399204978	335
-0.087518103600034	0.539983308622614	2
-0.087539759015117	0.425452553739269	2
-0.073840622853816	0.371873877358593	2
-0.063992988816421	1.23020077490443	31
0.077935983870194	1.67341142403612	31
-0.00966425343644001	0.74334721049471	10
-0.095960240069326	0.609109717516418	133
-0.053680658124603	0.839298183550488	133
-0.124557063812483	0.441159190920781	133
0.041230986413425	1.2938098249022	133
-0.033237752206357	0.764945036969762	133
0.006151673653154	1.00374772847163	133
0.043137166327033	1.04626883417609	2
-0.021279320491914	0.683686551345364	103
-0.056953672951735	0.561587755070237	103
-0.054339631688924	0.574767113565726	103
0.036852817568575	0.897383248017513	4
0.004982451180644	0.726537775949159	4
-0.11233387113663	0.370425600397213	4
0.043810734271134	0.951192315836272	4
-0.040423316066417	0.545935605776662	2
0.113447034398775	1.37465747842236	154
-0.049355585257318	0.584297596343024	154
-0.050973738991377	0.622177898468423	154
-0.034356279817182	0.5519902386274	2
-0.010221009104992	0.8746323875736	451
-0.064822618978121	0.502953137827615	451
-0.068832021587162	0.353851053233024	451
-0.032613655198331	0.503880356536631	2
-0.084443664500019	0.529183806742441	2
-0.054778387591003	0.538441366296847	2
-0.051103659709212	0.596615522751171	2
-0.112912240491522	0.375897348639974	2
0.034649875241525	0.871389294291859	2
-0.028854987135484	0.61198723183868	56
-0.050224447285019	0.647379566813088	2
-0.080234612549953	0.41183028458772	335
0.035621715173617	0.738511205430563	335
-0.121241681414359	0.273190036047719	335
-0.041012762184361	0.540565691037558	335
0.060256330543059	1.18465896448381	335
0.03531755549492	0.946553596682233	2
-0.088052081509085	0.435712493488341	2
-0.062532216769773	0.534394935115646	31
-0.091786589287322	0.467791034166779	10
-0.123493368206597	0.392967762535294	10
0.049972779073543	1.61485825019289	133
-0.095750415931504	0.528930753321852	133
-0.064304898416145	0.556620205962333	133
0.00337815497356703	0.98363275894942	103
-0.099969451039762	0.508019326084655	2
0.00310864245472797	0.421482355469231	2
-0.1177149385401	0.36306307120095	4
-0.0395000175635	0.701074966201554	4
-0.00570701868982801	0.729499364143981	4
-0.039300618376394	0.650760412282783	4
-0.022292264047056	0.683423308206222	4
-0.086860227530728	0.384422247718373	4
0.078285537135465	0.993476137675041	4
0.113441056040825	1.3506135618309	2
0.07085243893432	1.04191026263102	2
-0.00742180867678999	0.722448978153262	154
-0.060818773109771	0.520243660367243	154
-0.062986580216361	0.54738206377091	2
-0.004939683053268	0.741271571600022	2
-0.107298890518591	0.339950171615388	2
0.095784304586954	0.919123723042229	451
-0.106410479535236	0.4618769539539	2
0.088034935257885	1.17302728222386	2
-0.101864547173437	0.418188587367109	2
-0.052754489066654	0.548968195020527	2
-0.121957637522841	0.311701276965936	56
-0.111680754009762	0.391104344830324	2
-0.079149769462126	0.5112514849676	335
0.060061606773173	0.785272715750902	335
-0.010050101953338	0.805130753089765	2
-0.121211765107832	0.298322102725543	2
0.00283640779480998	0.887661871856017	31
-0.078793016931863	0.370024277889518	31
-0.123478719364448	0.111187270436541	10
-0.092855930689906	0.335516216994784	10
-0.086758399265751	0.795483593052666	133
-0.092974041239106	0.691902690429347	133
-0.118356998202613	0.514904086523814	133
-0.072255997435147	0.777649004870578	133
-0.082462221193221	0.754274967813287	133
-0.119749572483959	0.362903372235077	133
-0.010480339441329	0.873528841218756	133
-0.110456233058699	0.369148621212205	103
-0.091772996859115	0.533671033539154	103
-0.113919083555641	0.275819961280599	4
-0.085477806935405	0.650454285030521	84
-0.065121854396443	0.443997463145367	4
-0.084359414842856	0.450956609012584	4
0.01545959812213	1.17987470088401	2
-0.00776457883805101	1.08210466572144	2
-0.045535601208615	0.585705050141378	2
-0.06922557430909	0.561791031910313	2
-0.026852584387136	0.972170251930597	2
-0.028902366192066	0.85083503853407	451
0.014766894002427	0.646627752760422	451
-0.081332173300098	0.254797428887102	451
0.073975978699394	0.651329148174584	451
-0.112734104848571	0.211054927850544	451
-0.023675036956268	0.981842741730764	56
-0.049199405157599	0.585010919714055	2
-0.036610265413269	0.392105541086708	56
-0.109626253216726	0.418769210306122	56
-0.077967349511668	0.434487064563937	2
0.114053112280146	2.04354171726862	2
-0.030065830234359	0.884351054401029	2
0.117576125470954	1.0871815368736	335
-0.093388663059817	0.358396902986243	335
-0.039057395957783	1.03823079163542	335
-0.093314758402466	0.435638621178308	31
-0.022828336030888	0.486723296612684	31
-0.066924061359941	0.458434425991817	10
-0.059355624548648	0.993388498331196	133
-0.082418401865037	0.702875393501956	133
-0.09140265832635	0.669743050900104	133
-0.054318507368388	0.932550349949876	133
-0.016908868783973	0.789525120337381	133
-0.036093838859438	0.542552607516452	133
-0.039904908727581	0.572159357354468	133
-0.105603538926262	0.402596081877858	133
-0.021538683495796	0.776157596993559	103
0.121630264081225	1.7154251674923	103
-0.039934834409815	0.413259185974824	4
-0.05348290662635	0.387643680354015	4
-0.11611347914889	0.396298829597006	84
-0.062472596988221	0.531933868309704	84
-0.00148719051152699	0.683724538131322	4
-0.058719171707164	0.431632080269667	4
-0.067773353860374	0.534886369587136	2
-0.052187323181654	0.48391124415874	2
-0.096780388512503	0.430134372111444	2
-0.049522848736863	0.696624017401139	2
-0.110630491454355	0.495974966474149	2
0.00253434759093202	0.527053173906403	451
-0.05777156315509	0.348433803704203	451
-0.036277604036443	0.814509946673965	2
-0.085361578767494	0.418323099346024	2
-0.089334264236443	0.374706513635661	2
-0.093052086582199	0.570107885932431	56
-0.118601915663416	0.242612951972212	56
-0.099442157936018	0.336750795211921	56
-0.084636963279501	0.265524035852058	2
-0.044775961766144	0.420511047364835	2
-0.057506394653748	0.538235783863865	335
-0.085641000480692	0.458463336663349	2
0.096989433154661	0.694483432069165	31
0.055400329266589	1.13902315815889	133
-0.105276907238516	0.512601501900086	133
-0.088811003487706	0.856658211604257	133
-0.054390334045639	0.884920145194196	133
-0.092194948482162	0.699563660626039	133
-0.085643324329501	0.620137304646932	133
-0.053774910763378	0.773801933436609	133
-0.104015965708164	0.512441102660326	133
-0.100686846818644	0.592158776157669	133
0.021207593473242	1.09285319153835	133
-0.11945822449021	0.429021299648639	133
-0.109817472232221	0.437280154799578	133
-0.107032195103788	0.441515457229717	133
-0.05122661442643	0.915091587278486	103
-0.069542752097374	0.407120390477177	103
-0.112126159461502	0.416405131557557	84
-0.021548776020906	0.595216352135866	4
-0.102759216866069	0.323488632768296	4
0.034807850975055	1.08126032636913	4
-0.062995116289361	0.668612484584158	2
-0.115002915839766	0.283153894042	451
-0.041390669092344	0.341961528614127	451
-0.01611808316931	0.825285169131282	2
-0.10181416848614	0.349897717070922	56
-0.062193841567769	0.699079299120604	2
-0.09175275075517	0.367572095504376	56
-0.096867893849913	0.320402309872822	56
0.081263726463005	1.04134264320875	56
0.022634836878786	1.17172078749421	2
-0.078765747288379	0.633029743372193	2
-0.116728432685092	0.47373362246536	2
0.082833349113742	0.916902321383108	2
0.085179809840059	0.78006007025808	335
-0.028745735464885	0.608856904466101	2
0.090714634625883	1.55091470157444	2
-0.041506189752485	0.459263810314503	2
-0.081703225330082	0.654786352139004	10
-0.111108084132522	0.511951522394934	133
0.04838409549018	1.48284400269361	133
-0.115296866442094	0.355318170060376	133
0.010589331349388	0.873090841262781	133
-0.064874022496586	0.497068454656368	103
-0.089572645777675	0.435418901127646	103
-0.034654809208042	0.733593171115957	103
-0.081684902214828	0.502222073013253	103
-0.063916141027006	0.70871191453103	103
-0.123539501938184	0.362656659564477	103
0.01409119795359	0.585777360495736	84
-0.075931513023711	0.446226722774853	84
-0.102229229573881	0.315750594526141	4
-0.078120814050264	0.355078581682829	4
-0.073877023805288	0.389202482126739	4
-0.031757992288459	0.590572014776884	4
-0.11628681867269	0.317566252413566	4
0.00553708877623299	0.685884356833891	4
0.081148463821314	1.19579079222959	2
-0.0954401129022	0.311808397996861	2
-0.025170384774043	0.66040734000302	451
-0.080919770089835	0.407121646364156	2
-0.09009056363862	0.435931087879798	2
0.012896061674686	0.932555110733397	56
-0.0320193178835	0.474052454402307	2
0.061254123485698	0.692058151933952	2
-0.087365943794872	0.32380741742439	85
0.021046885406258	0.688775722497184	85
0.047661346376789	1.27101990455208	335
-0.115206880189314	0.282698891558118	2
0.065834235412069	1.17646233523124	2
-0.053403070497286	0.608769118200582	2
0.109037395255523	1.20687377813573	2
-0.044579631808793	1.20874151947714	31
-0.098536196733834	0.62864372558914	31
-0.122777313436214	0.651563684724041	31
-0.099776462304243	0.756762527333004	31
-0.09447769155277	0.487789884033782	31
-0.108761735345423	0.513535343648939	133
0.014156480286819	0.644381369383393	133
-0.087831748145916	0.219822699770509	133
0.052135851574032	0.495126579781447	133
0.088593533947908	0.814785984097629	133
-0.032770552427485	0.264643052629979	133
0.035053938306477	0.318050579779377	133
0.057180467558758	0.409132626915678	133
-0.029464313521787	0.346057064724252	103
-0.080544389544044	0.256228709156882	103
-0.053082971376908	0.647354561910965	103
-0.036037765365918	0.833874077335838	103
-0.114681236047817	0.3946724043951	2
0.096426367448011	1.12454422105289	4
0.00201681492108102	0.3588803703608	4
0.035437217808677	0.807722305011931	4
-0.056395218052929	0.27033410092027	84
-0.078256756179246	0.24215210138564	84
0.00512697627553199	0.313341048161158	4
-0.056516865272937	0.212429885684071	4
0.00698535672281198	0.245844524310977	4
0.112895072761437	0.585215421039435	2
0.012604831783482	0.396518713007597	2
0.00568117636572901	0.244321630110241	2
-0.021618702636733	0.686225999715331	451
-0.116851542797454	0.403276792090677	451
0.02413635948956	0.445225502020304	2
-0.053981614438118	0.304427255241265	56
0.00478964828434603	0.484005134793956	56
0.114370264173322	0.628230190006873	56
0.113537132804967	0.606396321704319	56
-0.023318741136252	0.640387035215543	56
-0.050125878075498	0.496831792135847	56
0.109644950275087	1.24937097080754	56
0.093941551273506	0.649585473721316	56
-0.105740126193472	0.0900071327374893	85
0.058237703994943	0.265810915009418	85
-0.039676282103647	0.165717992569144	85
0.036034172308872	0.893563947694896	85
0.086271194999282	0.799240391235953	85
-0.105171998894143	0.380757731911049	2
0.029933679735431	0.471181932491654	2
-0.094259453129586	0.273253952932553	2
-0.048398869256393	0.26137039341324	2
-0.091187134110106	0.719512130371735	31
-0.076155800005218	0.861557661197329	133
0.022240094289608	0.809498433490505	10
0.089691449968959	0.611632850407739	10
0.018116940645822	0.419831414366022	133
-0.116763530630899	0.201477477115839	133
-0.124542821165391	0.271843614018434	133
-0.061431291900756	0.423705249138683	133
-0.021981684851256	0.489106205375372	133
-0.104069996612959	0.245341130376231	207
-0.107562060428367	0.382509640003641	133
-0.070862880206365	0.326583171589687	133
0.050074616066127	0.789439118482245	103
-0.076870300129847	0.802129693099012	103
-0.074129439590819	0.860627505006175	103
-0.087308175016904	0.411936618318783	4
0.062132109359102	0.556726541223465	4
-0.059325416129779	0.174919853342577	84
0.018814439093947	0.354861906158413	84
0.060082158466701	0.544099994789564	84
0.012616170743978	0.69109420297234	84
-0.00638853924795199	0.527446352973572	4
0.07954688129065	0.715186264439408	4
-0.060477615660055	0.173725846145135	4
-0.042750300722047	0.203052512168963	4
0.00977083784108301	0.327056564187156	2
-0.000784744146618999	0.230260245481795	2
-0.02530023005722	0.436433695989265	39
0.042931537634698	1.03961087110616	39
-0.060595264528731	0.864096082030697	451
-0.005044503507419	0.620810444684617	56
-0.086838203723308	0.182738796286137	56
0.041961462452771	0.444616018644626	56
-0.014373313123324	0.486804399756635	56
-0.047309339115885	0.78122387168985	56
-0.039305505900607	0.85703927702784	56
-0.044819804793859	0.365090810274425	56
-0.05527132203822	0.213958260267398	85
-0.069087794645053	0.333713206142549	85
0.014727484469844	0.341538242416394	234
-0.120825820007937	0.128975082173959	234
-0.121480056168878	0.324880713306423	2
-0.120408299265509	0.238616280554793	2
-0.086036656533868	1.24064324438761	31
0.028981738623858	1.56142545556212	31
-0.120417219696039	0.157442175703778	133
-0.056917919878947	0.211921354065682	133
-0.000555894081911007	0.230522012075585	133
0.049818167699709	0.863912520817141	133
-0.04812843777344	0.319893681203773	103
0.073689748310098	0.642517168245456	103
-0.09433639884359	0.20643877845582	103
-0.052291939997757	1.01290050405534	103
-0.097595446269936	0.344195436447215	4
-0.111450327768977	0.325929596455467	4
-0.048893144402388	0.260526730761308	4
0.05183786099687	0.49441941916551	4
-0.091266294236476	0.311781685695031	4
-0.068025388641648	0.466597486430589	84
-0.114540878003514	0.154153338241172	84
-0.109303820478462	0.110588398684669	84
0.098916332547951	0.4582077502765	84
-0.110815857933376	0.229586537986369	4
-0.028324348778714	0.182514689680205	4
-0.061830105201382	0.281911384670066	2
-0.033536342423157	0.21919698844165	2
0.04565957392995	0.232553446045198	39
0.030392335414895	1.21407769997949	2
0.11703446129889	0.644850166103375	56
0.01260399377667	0.396511724569971	56
-0.075571847936887	0.510453481731288	56
-0.116348476310968	0.315695261866075	56
-0.045507073771559	0.329378531347191	56
-0.057795768900615	0.210713424814746	85
-0.058749560916435	0.434515091027427	85
-0.084824010263361	0.461319312545052	85
-0.043716259029497	0.860606061578045	2
-0.081570774513878	0.647457059554663	2
-0.065385083771297	0.196711929778264	234
-0.067220076136314	0.268451225085421	234
-0.00415141477735201	0.498810894900725	234
-0.017283973245441	0.199721227569174	133
-0.074046913271931	0.207318310159328	133
-0.105810811783668	0.18337147982336	133
-0.092287703412067	0.193317962565585	133
-0.099823671121651	0.195133637414899	103
-0.027406697460171	0.43124777382787	103
-0.093254881805458	0.358773976772783	4
0.00758610523192499	0.246396886465365	84
-0.038554213919395	0.251175354094064	4
-0.117741640141433	0.187107643341075	4
0.042630366720318	0.344941667520499	2
-0.094988595072298	0.453532092862189	2
-0.119931313977996	0.303608694397727	2
-0.01283999999796	0.316797391644303	56
0.11797301541852	0.65755746447514	56
-0.046004056662042	0.296762850108174	56
0.090171520027056	0.39328666453348	56
-0.069056896755022	0.372124843225265	56
-0.024423783193935	0.545030373215635	56
0.080249249656707	0.709244218663232	56
0.107194134932275	0.901377856950683	85
0.01749293199691	0.671033578999206	2
-0.086227860487248	0.20527450038347	234
-0.050187027683548	0.31593345491296	234
-0.013532493282446	0.493847770906675	234
-0.051680286018529	0.223361177309108	234
-0.064692640906786	0.322694565592912	2
-0.087633317870664	0.18166468623379	2
-0.022631713887596	0.290365671014575	10
0.029048966574628	0.19538173196954	133
0.012720408331117	0.259557613996688	133
-0.052573020894332	0.148146248686967	207
0.072891321231053	0.311366563557655	103
-0.111576860230328	0.213156265887763	103
-0.123910235387677	0.273396673186617	4
-0.031992874753971	0.505804065913499	4
0.000192947013994027	0.299501152791498	4
-0.105479100168488	0.0901793206300053	4
-0.09474509202075	0.127266026752698	84
-0.105892831929367	0.0899091596148152	4
0.074994920285372	0.323531707983081	4
-0.053003666905257	0.147777799398184	2
0.030003993861318	0.303592215589694	56
-0.081738986970014	0.143478247397845	56
0.00599488739388998	0.372055930143312	56
-0.12337220773136	0.111304435460325	2
-0.033520909752231	0.111630882976769	85
-0.055579271867812	0.403384360382708	2
0.045040310295338	0.356643372117342	234
0.097876552856382	0.446222168183618	234
0.085863312568493	0.366847061710175	234
-0.019956843102637	0.50313741387295	31
0.00161977944492198	0.358318117444476	133
-0.00787114193143301	0.275520960315505	133
-0.117184184791287	0.200739140718464	207
-0.058434566478897	0.346864320777011	103
0.054006247487432	1.86668246430109	103
-0.105161189884167	0.617772267342921	4
-0.099871888294144	0.637159215125283	4
0.077593779440872	1.14928550840628	4
-0.107610856686719	0.20909548076699	2
-0.115684203823334	0.404731858465171	4
-0.018967133175529	0.834615108657504	4
-0.062629413159925	0.280523502617792	459
0.078099358651198	0.687012511035465	4
-0.012223244150275	0.263398833553376	4
-0.109450849934626	0.110464736456304	2
0.05246329326922	1.33927396258626	2
-0.052561848358378	0.894754356873824	2
-0.105612790824215	0.449045272326759	2
-0.109905404438698	0.289783664322419	2
-0.016340550155596	0.625583352846325	56
0.011254703217419	0.634696861614056	56
-0.123578653681998	0.140077019836055	56
-0.114050184445269	0.154865317972578	2
0.00671112635929899	0.494290753571723	2
-0.082683649259444	0.231424140365514	2
-0.072614396126932	0.209278412363078	85
0.06837774279136	0.296420903217619	85
0.043778997116293	0.230681704025671	85
-0.040360329130855	0.165002059782421	85
0.07231817133615	0.919727642352734	85
-0.083123115856998	0.440493477832972	85
-0.070606357623995	0.185960942812654	234
-0.01258211739434	0.262920774890448	234
0.104126189586789	0.805175216593398	234
0.037804541644019	0.611249843133122	234
-0.036187396841	0.592635228111169	31
0.016391813819042	0.825498659793751	133
-0.067277921210294	0.24476187250684	133
-0.060378600619302	0.407298477604748	207
0.028306643137087	0.547847642374796	103
-0.075234700667861	0.774395656222982	103
0.035284500487277	1.59674134947228	4
-0.071890400893596	0.300734115968735	2
-0.101192308118872	0.450953354196543	4
-0.076899618657987	0.502815670379583	4
-0.108854582743446	0.441395714501069	4
-0.0599110917336	0.450414673719882	4
-0.050443204392218	0.225067727417471	459
0.06079692816396	0.919756552989816	459
0.124840662462609	0.897817107387361	459
-0.019661228571996	0.421495406792739	4
-0.058822601073222	0.345941118638592	4
0.06197407736287	0.556433277175868	4
0.041445625922597	0.343184809617045	4
-0.123863183282575	0.110830715101205	277
0.031546817403501	0.474611734035245	4
-0.021580632433788	0.916807401404215	255
-0.04403518776124	0.50253948161319	2
-0.108456162582365	0.31650130616694	2
0.051938744856201	0.890849515377932	56
-0.03145040034705	0.266592451796052	2
-0.086536525485267	0.295337944208157	56
-0.025430394638201	0.440486022100934	2
-0.106198202127863	0.0896998434320828	85
-0.10146417001442	0.399012823931268	85
-0.060733734152066	0.61417415636856	85
-0.00076678411884501	0.649268127349933	234
-0.008109023030445	0.741568056364913	234
-0.117640290931858	0.199929410983149	234
0.027487819682213	1.43458285903851	31
-0.082995528360133	0.628408103798254	31
0.011604855389074	0.969161425694512	31
-0.077935164670538	0.391836560532221	10
-0.02511002890001	0.359477497081415	133
-0.115086088957551	0.230677857415786	133
0.070529995713214	0.756727012974051	133
-0.014997586673917	0.526175841954789	103
-0.115887647961469	0.229023602120875	103
-0.098429302530204	0.387946577253081	103
-0.105964440987064	0.268049181648497	2
-0.124117130017003	0.228647160177627	4
0.065303847404372	0.588221562248418	459
0.034042722199952	0.582057174662923	459
0.024998517324739	0.514182134791725	4
-0.049015478833179	0.318227876259855	4
0.116575710697429	1.06573341545635	4
-0.082526998022663	0.269614858071187	4
-0.112390117855617	0.198521948022509	4
-0.042280834147631	0.307843634190591	4
-0.00861495188570899	0.640023556732518	255
0.048812723776087	0.865593620583178	255
0.094094278654887	0.896961528186027	255
-0.109715208466252	0.231693113240285	2
0.091652425075571	0.864612734908326	56
-0.018353112982298	0.471925953245421	56
-0.1231497540704	0.248122713510154	56
-0.085839319737999	0.296847416158271	56
-0.029322089734021	0.422226394649974	56
-0.091742292449772	0.24603104071697	2
-0.062247167141003	0.356196238999652	85
-0.075538997529771	0.346767296891263	85
-0.00762849242227501	0.427601208066668	234
0.01407295302003	0.340489103519479	234
0.088296196440337	0.380534277017698	234
-0.06667879555898	0.221569498643989	2
0.1050171330233	0.509969386159554	2
-0.096782570316854	0.819172928001624	31
-0.054015822043739	1.15986503172529	31
0.000364100516526023	1.25670779858682	31
-0.091816141685832	0.454460943336279	10
-0.080548206123608	0.652916102432663	10
-0.099367322250811	0.275243131540641	133
-0.056780963075286	0.376049130858715	133
-0.020339841746022	0.599488905940903	133
0.095876692168581	1.34797967071243	133
-0.019261272316656	0.805799851413931	103
0.032304056317361	1.04640200437141	103
-0.0934094908045	0.457620031314525	2
-0.105767887740907	0.411902037662182	2
-0.085440118793313	0.206435967150311	84
-0.046139745767974	0.56010980484864	459
0.023089652814977	0.588823262593681	459
-0.057230127361793	0.294324387938178	459
-0.073995288444423	0.552671202216681	4
0.043168394628884	0.446796977447264	4
0.045666345837705	0.66645631604261	4
-0.042530610036644	0.402949374258189	4
-0.108611180269447	0.355786258708117	4
-0.060491953945812	0.426463230028546	2
0.071217527912574	1.01772051830511	2
0.1083770787513	1.21129928478588	56
0.028757101192007	0.692146748385323	56
-0.033437879122607	0.299094443282769	2
-0.09892807493758	0.180884434168678	85
0.027457291616153	0.803910378287952	85
-0.012041372828388	0.762503749921159	2
-0.071752574456293	0.380253341213526	2
-0.090088111057755	1.19478274702582	31
-0.11127623614922	0.649567975360634	31
0.038584698914785	1.66296037449392	31
-0.044743103532828	0.802803680989064	10
-0.047626075079431	0.815180707658955	133
-0.047528030292638	0.950933715464261	133
-0.044523475802034	0.839853770509207	133
-0.085596323066168	0.548600414263322	133
-0.078071111940961	0.467778354855366	103
0.029755320134268	0.893766554262395	103
-0.07001789019616	0.706941816871932	103
-0.088350376115312	0.623266210832388	4
-0.12117052758123	0.203214376481833	84
0.024318117429489	0.586555148165048	84
-0.00273899498116501	0.628741634339431	4
0.00998952221332999	1.00680980414661	4
-0.100786927816732	0.472219516183805	4
0.030108347571725	0.626769466806207	4
0.016967093119933	0.549095194929237	4
-0.106285554553881	0.253355053389662	4
0.056617068407805	0.947411929167039	4
0.026072697602196	1.14116222185673	4
0.038506686155773	0.842401576253125	2
-0.026574511526963	0.774772217075571	255
-0.118873129216513	0.348850671595628	56
-0.070819179537583	0.557642379791784	56
-0.011492365386274	0.809489046537132	56
0.017901249456189	0.557261227809554	85
0.050960304884976	0.886748604002857	85
0.04842472687203	0.936334437250937	2
-0.07213193830196	0.278654981155758	2
-0.02133356677533	1.68024515818796	31
-0.095345261901406	0.941675583948163	31
-0.038416886163981	1.11735206443657	10
-0.022413881966037	1.25089314189593	10
-0.082312045668092	0.711194466891635	10
0.03436103687258	1.51772365958121	133
-0.113037374503209	0.441259007779228	133
-0.044166930928349	0.823899831853863	133
-0.076112402213219	0.66550857769873	133
-0.102512557253273	0.506920776409884	133
-0.019436397531608	0.967362802410516	103
-0.012219385463243	1.00604187910765	103
-0.059853695041037	0.654728186347563	103
0.011918324222123	0.395203975436061	2
-0.044961097915994	0.567612496723112	4
-0.06404467153205	0.50575102484384	4
0.029539771967808	0.930713606601788	4
0.039100824528526	0.992438751195282	4
-0.123318738575867	0.309157921347221	4
-0.086777294510965	0.586814775546992	4
-0.111958005290853	0.379209022948483	84
-0.073818531045763	0.581472488700825	84
0.071299377902759	1.3967841202628	84
-0.085930637763872	0.532015119489909	4
-0.054752158794559	0.65492216662284	4
-0.054692452875705	0.61894979677752	4
0.063181180145418	1.50991627146486	4
-0.095467156115613	0.509912176852435	4
-0.056240590116152	0.753633104058154	4
-0.029340827521073	0.740427118026324	4
-0.031225019232976	0.539518871550168	255
-0.034165137822822	0.491614806379564	56
0.032881917332397	0.652850261051273	56
-0.076148256344188	0.508161756291974	56
-0.098272992734537	0.386323580062161	56
0.043915834808553	0.968880045165499	85
-0.005530292885468	0.694986541464202	85
-0.014382312354614	0.396893078055084	2
-0.070861765406997	0.490146766677951	2
0.018353476649133	0.843849864886331	2
0.108605745929327	0.898057945429401	87
-0.075467007031485	0.349960812375563	87
-0.036302740175165	0.361346523503465	87
-0.1101524976441	0.643100119612827	10
-0.049489198527927	1.05966292417942	10
-0.085465913018625	0.749546212207917	10
-0.119389398091974	0.514508562121224	10
-0.10422540830156	0.551663722084435	133
0.016182818699122	1.23432073183116	133
-0.025693140685308	0.504207443231428	4
-0.023221811939389	1.01531781105127	4
-0.046049654928255	0.752553945814569	4
-0.049999258285436	0.446285361744798	4
0.063888807322248	0.812256471373064	4
0.064986344010323	0.924624524867044	4
-0.094554965494183	0.511418681868328	84
-0.116842964949353	0.350125961418021	4
-0.049691496590641	0.60851602670604	4
-0.094295087651677	0.498872532367706	4
-0.090880414430517	0.510703748121664	4
0.108958127151479	1.22988013463565	4
-0.086179791778315	0.648144795854305	4
-0.015452110950049	1.09681428962703	4
-0.000226948837333013	1.06992151470509	4
-0.099164423867108	0.5456418264734	4
-0.047048075615687	0.869371451993661	2
-0.079055577512422	0.66770089618334	2
0.110953085666397	1.53911369156843	255
-0.04214612737832	0.536643915697244	255
-0.080457867874718	0.296179051917796	255
0.043788356821805	0.809902502286857	255
-0.098444932112079	0.350924191252857	255
-0.026608770604534	0.566182469736946	255
-0.032708227458089	0.696216391720733	56
-0.055670692889488	0.556606479910029	56
-0.10287469346221	0.250235104954305	56
0.00743740242590402	0.754449117721325	56
0.048378767272534	0.585065656404477	2
-0.121849524442236	0.127891552433583	2
-0.00329846560872099	0.288163850897534	2
-0.085831977169135	0.402240811461433	2
-0.059422205035489	0.366262200331014	2
-0.091515792290566	0.380101030204106	2
0.00412378992835799	0.47680106617773	87
-0.120849110461076	1.23048745947054	31
-0.097053884114241	1.46180989532833	31
-0.104898437614984	1.15885714281727	31
-0.053783110697106	1.49003515969689	10
-0.114128769042826	0.659307360006232	133
-0.081774840595784	0.604698605645115	133
-0.060595408788489	0.712116213715347	133
0.063212579737321	1.0336546200172	133
-0.00521419970839701	0.387161875246219	2
-0.081898435823314	0.626926987645729	4
-0.045689704275855	0.670652332726081	4
0.020322898037277	0.908946554719579	4
0.023801917481105	1.00248471547841	4
0.015061505069633	1.01118308526772	4
-0.079257111360394	0.506439815692207	4
-0.121018992451715	0.331721110919551	4
-0.045985453723759	0.786196644576948	4
0.062972319159867	1.49811333774904	4
-0.095101782195621	0.584072248691927	4
-0.017993399179484	1.00553878034245	4
0.050350354164942	1.39037222218927	4
-0.01302306534823	0.823877861921688	4
-0.111450383032723	0.471730095188294	4
0.080811901409042	1.79366429701599	4
0.041857186184603	1.44440178632139	2
0.086181392339368	0.959698155291511	255
-0.037749561963338	0.252372256351394	255
-0.049908521936758	0.285498453998776	255
0.06061223515621	0.800138319226037	255
-0.054964025270086	0.491210293411665	255
0.000737877568728007	0.70099558243086	2
-0.053960965589948	0.47511566489574	2
-0.094632709392433	0.413682372249035	56
0.033386004377465	0.926629254910304	56
-0.097843277923206	0.400679950892521	56
0.01696956720936	0.977472119595514	56
-0.095993880682039	0.479610704602344	85
-0.10813052010454	0.367243494599526	85
-0.017096070306609	0.304494485947903	2
-0.112541481823658	0.238014382814973	2
-0.116960119826272	0.342594953843517	2
-0.056391755392044	0.542319795570458	2
0.074552944238762	0.983040131557674	2
0.00608902784187998	0.547150511215887	2
-0.069323688554191	0.309277377926909	87
-0.033042570081761	1.05081916104493	10
-0.030240055021777	1.05590683200203	10
-0.062864972309348	0.774551972688638	133
-0.022001422129194	0.948947333474147	133
-0.098994584634354	0.50528150978278	133
0.083625510774557	0.767094607630378	4
-0.015738994470781	0.589935776204966	84
-0.11208959772501	0.46432735012189	4
0.032627051597142	1.1701606544105	4
0.087138396418629	1.35566806482659	4
-0.020262996708206	0.730925792673127	4
-0.122581848389552	0.462093838436334	4
-0.046441981832038	0.883077170964577	4
0.022825486727135	1.38366646107724	4
-0.089248073484483	0.556560571109257	4
0.023587953966122	1.31116887109749	4
-0.039950879840007	0.742469646497032	255
-0.00410779193272901	0.931356411900847	255
-0.008003210012382	0.330328641262043	255
-0.055848604615132	0.271301878290422	255
-0.036862877517069	0.360062645629133	255
0.095128725312669	1.12588114356246	56
0.072333398479901	1.06895506434849	56
0.015627448073405	0.601117443489529	56
-0.102340255228066	0.360824378858349	56
0.027403679757107	0.754388069595842	56
0.101554423126301	1.29485263331699	56
-0.031523865608672	0.780149073067444	56
-0.039594931720019	0.769564218602398	85
-0.00849132129351199	0.374989450925923	85
-0.015749714853837	0.35038825603009	85
0.00109774908267002	0.300896291636265	2
0.01860429653367	0.844551568533765	2
0.11829091962283	0.668741156844268	87
-0.043282060897831	1.54174408537757	133
-0.024783168762507	1.47608707193765	133
-0.080823974393229	0.872142257601913	10
-0.062187164299273	0.815836727503486	133
-0.00953090518601099	1.1242784650422	133
-0.072851797083071	0.689744583725468	133
-0.084688442963693	0.511990380258928	133
0.053522812905126	0.736307018294174	133
-0.07290815115757	0.298627451340332	4
0.037120913737784	0.749925942951727	4
-0.123377577086141	0.364619153143614	84
-0.054548687206593	0.592403776776106	84
-0.040097214396821	0.64427620619209	4
-0.085762414470575	0.495938019539072	4
0.087195535617612	1.45036083215274	4
-0.043256164204646	0.76045082253427	4
-0.093713263423395	0.53078212419558	4
-0.049961775721274	0.675991598976739	4
-0.036420359169352	0.718724757676885	255
0.046814657251714	0.663475544663928	255
-0.091414926007706	0.31129940986272	255
0.071178495309766	1.06941463305844	56
-0.091931599400303	0.40628175175011	56
-0.01742442588585	0.646464958646168	56
-0.121130036347978	0.307215386501308	56
-0.077485021584949	0.305605008471528	56
0.085788564848183	0.928186467664699	56
0.01190574307458	0.835841072434567	56
0.018640040592077	0.835342058228635	85
-0.040872079326149	0.684904708539939	85
0.029578524171411	1.02135765945716	85
-0.059555140475035	0.470229516269624	85
0.082447854626104	0.885840142721103	85
0.10845716412438	0.897507883956411	85
-0.110156320364706	0.319930982449106	2
-0.042525521203682	0.532025590783606	2
-0.026239055539893	0.498525692717929	2
-0.004494709389369	0.38860570511397	87
-0.121351939419055	0.673071611666518	133
-0.029230898074215	0.970358771944083	133
-0.079432302596795	0.59130406447444	133
-0.097580274517873	0.548567698783968	133
-0.101274147490287	0.304658485581988	133
-0.101663369834196	0.396439583158604	84
-0.06323767440738	0.61723428943606	84
-0.059073911984061	0.682231958709994	84
-0.072297415696578	0.544104875100449	84
-0.119794804044127	0.328593853639124	4
-0.097578711151233	0.43979729191857	4
-0.096445396955668	0.448479950346298	4
0.089013061541681	1.55236221689815	4
-0.048036897516808	0.657103659358326	4
0.091640257649621	1.76341453797972	4
-0.026382174352766	0.870904215425443	4
-0.050858266375075	0.782594020179799	4
-0.111178012748612	0.42178522184007	4
-0.049620524728621	0.426102997117712	255
0.029535167986171	0.757328032392802	255
0.024658402345793	0.792314408204896	56
-0.112484614159413	0.397278778074937	56
-0.117008950941528	0.349547400423332	56
0.00206304143664199	0.620514431203323	56
-0.04633288599393	0.53927697844233	56
-0.024571866325289	0.66279165524067	56
-0.123168828713866	0.292755578340831	56
0.031317005573282	0.971469152068239	85
-0.039952983403585	0.413232250131138	85
-0.100337870176089	0.27083385550027	85
-0.103252066526908	0.276459325819343	2
0.084791680611381	0.786470599426176	2
-0.115602255126784	0.3027231543649	2
-0.056042603668535	0.377860661068475	2
0.050829081522463	0.605455750243369	87
-0.090224236381926	0.776125776998187	133
-0.03760099754511	1.18223031185565	133
0.098650916833132	2.04006466088641	133
0.00232645810447801	1.18722504237679	133
-0.102740053740393	0.510771891190591	133
0.010878266925554	1.10273286805999	133
-0.038669317583537	0.875809777523429	133
-0.054048299046461	0.38618884532085	133
0.060655840931582	0.423418790610617	133
-0.023794444611383	0.821824686551759	84
-0.09251786425497	0.388617801243929	4
-0.073177060330012	0.476776452210319	4
-0.063765801148493	0.612222793219566	4
-0.058215119228662	0.613240230609316	4
-0.045418487536692	0.638632900776737	4
-0.079493081181906	0.605932226923869	4
-0.025379290884587	0.89858580044971	4
-0.096532537867058	0.525360829548558	4
-0.054020523713926	0.703724137952229	4
-0.123931265176301	0.35976462898892	4
-0.057898933548362	0.701339686978484	2
0.059650825630173	1.30456366677526	2
-0.075406292834638	0.290244871418609	255
-0.00343390177654501	0.62638190620201	255
-0.104333924611841	0.329966739760332	56
-0.015946283294385	0.888294380282926	56
-0.061064786721362	0.405355410551068	56
0.016693813871473	0.970956800275964	85
-0.01091805345568	0.461828700096027	2
-0.059453464213469	0.236069184294392	2
-0.00129308626598801	0.51154301005062	2
-0.015048442386089	0.70046779613397	2
0.064152759682309	1.04449342042862	2
-0.00618385708286801	0.648892096951412	2
-0.076849078987117	0.244566659645789	87
-0.124009963070595	0.162386522881658	87
-0.120811617645627	0.845869584551231	133
-0.069780926286592	1.09080795214641	133
-0.048512600334106	1.13019039079192	133
-0.068358652102775	0.896835264248774	133
-0.010138847908029	1.25399844872929	133
-0.122703176640194	0.424344224220954	133
-0.097960241511855	0.509897315653854	133
-0.10925782642831	0.421968009282037	133
0.00362577177370799	0.367676994356568	4
-0.015227772291663	0.695605390506607	4
-0.103079536084088	0.431958418382706	4
-0.076402511555699	0.563045343835077	4
-0.053616939711863	0.660194087359973	4
-0.068731151559419	0.657415858893036	4
-0.093986922090595	0.48985017963646	4
-0.067990852239003	0.630213491348347	4
-0.088081377988347	0.559246424070204	4
-0.000696022610467001	0.969533688068203	4
-0.074764370008924	0.516047840560701	4
-0.103363968079686	0.465625212724855	2
-0.071550158192098	0.544525315253162	2
0.048001714082735	0.577112767268047	255
-0.042825027652301	0.481164918858429	255
-0.031267825184438	0.542943420622384	255
-0.053064465668296	0.54485318397889	56
-0.069850805934541	0.543007326062535	56
0.031568954344281	1.1112796233377	2
-0.043230407596731	0.710992560967103	85
-0.084903287636909	0.53123792401264	85
-0.045402357374903	0.329578794268471	2
-0.120060021058954	0.229180119303581	2
-0.043462317580547	0.337709024688338	87
-0.12239423578861	0.177232408606461	87
-0.110154642660017	1.00392738470469	133
0.018827622665718	1.85326605673905	133
-0.033523181749071	1.22078210876724	133
-0.116791603691418	0.560872449254821	133
-0.089415434020219	0.664300159161673	133
0.011673013889457	1.33099269716631	133
-0.115037853765325	0.473117204410658	133
-0.066043277748957	0.730405580039496	133
-0.078975863185784	0.691849557090502	133
0.059836196067961	1.58752641893744	133
-0.098650421923316	0.230444145745666	4
-0.08034212567491	0.349368535652378	4
-0.07604619399078	0.612811138044884	4
0.028562211778063	1.22614565519564	4
-0.01312413341131	0.815570632128377	4
-0.118143652925393	0.326635343593897	4
0.102467167824053	1.28453162830482	4
-0.013803068879887	0.815729921879701	4
0.027093703235154	1.27315034700392	4
-0.075985771365009	0.644677573577151	4
-0.060358439737529	0.696738214428184	4
0.073964889790426	1.62593312616511	4
-0.075226023923508	0.687970437904465	4
0.08674995295509	1.64202465710642	2
0.00447481575404601	1.11723888513878	2
-0.108316643807464	0.475062341775616	2
-0.067975000362933	0.649314117868672	2
0.044985105580364	1.00265588050587	2
-0.029827224585783	0.3452875995582	255
-0.057115245104557	0.323101188234798	255
0.067641446603795	0.962243420675541	255
-0.081702543074215	0.4351008137983	255
-0.020357786071319	0.532424286219944	56
-0.039387371602463	0.601895329060656	56
-0.018555213130364	0.542041166594458	56
-0.040189670346548	0.697474478695101	2
0.020795524128393	0.4317373797884	2
-0.11110979017628	0.284755414274326	87
-0.123754486297556	0.2092847191186	87
0.00189378354957997	0.4131894204708	87
-0.043043073179164	0.30631374251325	87
-0.029234845340136	0.311034292308712	87
-0.111816330322729	1.18951971749713	133
-0.036941788872154	1.64805654142536	133
-0.095075043618906	1.02596428713434	133
-0.06355572172012	1.23967299265157	133
-0.124530428941238	0.552033382000583	133
-0.091822488087065	0.737929871613078	133
-0.044130196690738	1.11068205177357	133
-0.112908265471139	0.46542509934271	133
-0.049276726654201	0.803565662516658	133
-0.105673725531044	0.56582388348977	133
-0.046262249779064	0.609154518631317	133
-0.00834186295956299	0.274803214001363	4
0.000427978300616028	0.410076208188982	4
0.083298223453402	0.918391164264509	4
-0.045206616970425	0.838052498873404	4
-0.120510662170468	0.265684866813215	4
0.011710381942728	0.682914859876895	4
-0.042204278799628	0.845563957419759	4
0.019262719574153	1.37196083605077	4
-0.036298769958195	0.760163310963787	2
-0.076289753037314	0.651133520644886	2
-0.035877642300307	0.797972513060243	4
-0.09138997308885	0.605896601625276	4
-0.00849132129351199	0.374989450925923	255
-0.059146131026204	0.315176752056972	255
-0.090010410997108	0.372767069944169	255
-0.073362895369834	0.443719851258786	255
-0.06399736351565	0.540732786430175	56
-0.0798057168685	0.571891259474913	56
-0.071229454582186	0.518891478201924	56
0.096391687564549	1.41004144515109	56
-0.00441956609881999	1.01610578328636	2
0.031178365036965	0.954885268094827	2
0.057933885228272	0.654011208595212	2
-0.067172522128414	0.291794681480157	2
-0.089655160391762	0.233644948299961	2
0.032416583664607	0.982100154624344	2
0.059297887229768	0.996165631739707	87
0.102765546482707	0.79204067936192	87
-0.02815573340918	0.459723886250533	87
-0.083345387187891	0.247822725242006	87
-0.112360452645363	1.3241570721311	133
-0.070123861965187	0.945704746406258	133
-0.0991351473273	0.755540366266375	133
-0.090079923588185	0.816344141826562	133
-0.092798209285378	0.784824239654532	133
-0.044726808089726	1.02875125812157	133
-0.071597538225846	0.745175106544518	133
-0.067357143871739	0.717364630627825	133
-0.027542706704149	0.677518433766931	133
-0.026320940620222	0.396817891800426	133
0.057347488189948	0.645167668073216	133
0.024851082670155	0.446776206085418	4
0.037099823118172	0.683894806340368	4
-0.080279665719072	0.379923422301354	4
-0.056799472956625	0.839950046936604	4
-0.12451924418559	0.374405475944883	4
-0.100710240083203	0.503185845903933	4
0.031894591718996	1.09284769598213	4
-0.083186185182708	0.538869518083624	4
-0.111770012762035	0.567404077096701	4
-0.031510391206702	0.928790099558165	4
-0.031990230044398	0.991556370634315	4
-0.068861759253334	0.64069383932156	2
-0.075188903357639	0.446031603220161	2
0.121160368114822	0.727895964353218	255
-0.090148929597401	0.34513201107394	255
-0.001195412486344	0.689139772355513	255
-0.070590781353464	0.441259413560047	2
0.050510599685445	0.896499775022797	2
0.075739066051468	1.35192052134258	56
-0.002947260341814	1.00958345297209	56
-0.052921724408338	0.626644976979449	56
-0.068033046335582	0.393198060257437	56
0.061641091925779	1.34116658882974	56
-0.100574422351681	0.376930976147815	56
-0.048695812538035	0.755503592847344	56
-0.095314707881574	0.548008174782285	2
0.092087672703014	0.635796714949401	2
0.083832442121519	1.23838428719489	87
-0.017814019587522	0.384495302419209	87
-0.107723042440479	0.222694957532219	87
0.119926384092139	0.703874115746915	87
-0.09358864174087	0.542183126261766	133
-0.077269655315422	0.657513350027779	133
-0.123996404555139	0.303994947899192	133
-0.124033641845602	0.217082407418938	133
0.000526964714162026	0.356375937562516	4
-0.083281235215133	0.64197465563215	4
-0.111384312412172	0.364307874908875	4
0.000682888942615978	0.737346695363245	4
-0.057853630947455	0.793500730978305	4
0.016079661875937	1.15947177641356	2
-0.12430717685363	0.437143334556276	4
0.003460801029951	1.35978253009092	4
-0.084968158165636	0.739735306397083	4
0.091492625622896	2.17078122796095	4
-0.021840400156522	1.05347867846155	2
-0.069462566302224	0.444972894325608	2
-0.067419401993164	0.291225644511499	255
-0.071183706925242	0.280498148432639	255
-0.073071333800111	0.408769844295654	255
0.083207138450288	1.08526319667235	255
-0.10140500384509	0.340324697859387	2
-0.107123124283578	0.263346455720233	56
-0.074842616851765	0.528783717766036	56
-0.09142455196136	0.431239465218706	56
0.06261757123209	1.04316002276438	56
-0.062770894953348	0.684402245231392	2
-0.062460044436654	0.552135869342516	2
0.034980388710173	0.584657026429577	2
0.067352945711411	0.460437197906971	2
0.048278616331287	1.09060214980498	87
0.013306246869336	0.461878314430312	87
0.090228803157098	0.603652271440111	87
-0.12306021039218	1.10166749268538	133
-0.114696656652243	1.1338435333987	133
-0.110528730246605	0.880745737925786	133
-0.121100296600235	0.597214671284598	133
0.015802528537203	1.46495788102456	133
-0.101100603909913	0.555829370482518	133
-0.097452343411602	0.41495998218683	133
-0.119975782202714	0.412968710720286	4
-0.062666465831209	0.568679250338263	4
-0.021548228128902	0.91705586131949	4
-0.089510642088867	0.606894012866093	4
-0.074616838490451	0.618020493503014	4
-0.04755119193371	0.817588994257973	4
-0.022124698889731	0.994191392155194	4
-0.078789477410502	0.688290428565912	4
0.102132750241328	1.82116427547657	4
-0.069863754613985	0.67802797779304	4
0.013369478642383	1.03491569036414	4
0.075812683648316	1.21659312038692	2
-0.053326617819828	0.36226760364739	255
0.022484802458375	0.581444161105344	255
-0.118392230243346	0.291675243705205	255
-0.037900925274136	0.558136903232206	255
-0.010252344867524	0.736771766944404	2
-0.038234243206264	0.584972034807533	2
0.028437197424998	0.877351464507155	56
-0.105778342352908	0.358432410366324	56
-0.092714684583729	0.399541004220994	56
-0.085046672552564	0.419335959249467	56
0.100771502265456	0.776879090270494	56
0.083505892031714	0.774471682951395	2
0.075086023400524	0.972046907650269	87
-0.080876362077052	1.38635658771971	133
-0.120486488266669	0.641233102781115	133
-0.110171173701874	0.612475012274144	133
0.017082929608369	1.59008566974738	133
-0.115071689821147	0.550647021493186	133
-0.028331937323236	0.970905791719216	133
0.00774638526863097	0.38120952604175	133
-0.073019937098922	0.715263552353621	4
-0.098177123643604	0.498152142714999	4
-0.013594076085452	0.985970997467195	4
-0.020671380388571	0.965649637715727	4
0.00721142650224899	1.07752023913951	4
-0.088182771538155	0.540558222056731	4
-0.044093643846053	0.706916021176517	4
-0.087577941741964	0.631074575608008	4
-0.109335010247025	0.492460342981949	4
0.113563828106654	2.23139904812263	4
0.03216140357071	1.5188094938794	4
-0.06872335721548	0.568982276207237	4
-0.096123591355117	0.55077343281497	2
-0.106456686999753	0.196894031714726	255
-0.116623087992207	0.429540414965074	56
-0.124765569421409	0.40704930331993	56
-0.108937374114255	0.393369331087133	2
-0.00947365545140999	0.701322656844294	2
0.023541600714272	0.939531441260487	56
-0.047331167198704	0.618273060031838	56
0.00106283138389701	0.788406547280799	56
0.045525525109695	0.458891715709008	2
-0.116560869245794	0.247037482416923	2
0.038945299625619	0.855176535278823	87
0.077979563664485	0.686684436064295	87
-0.008003210012382	0.330328641262043	87
-0.107891385369485	1.42814081266867	133
-0.111211626942548	0.771438021417167	133
-0.101948778564258	0.7656134027336	133
-0.095719876599666	0.658975199859134	133
-0.039621511227322	0.894719901001514	133
-0.013843117982592	0.403281845301535	4
-0.112224627423397	0.281978659822707	4
0.009746986363591	0.907487249364151	4
-0.071807750276914	0.484060431834324	4
0.015373400948448	1.24998651063937	4
-0.065416001937344	0.678511677988419	4
-0.121868543580264	0.474449522872199	4
-0.024958966592287	0.940492682984411	4
-0.076261315616598	0.6647354346775	4
-0.026601919946228	0.976822744419299	4
-0.067545031865121	0.724071389955086	4
0.105188811457257	1.67805795195222	4
-0.063364359558067	0.758735150734238	2
-0.093974860525192	0.207025214393525	255
0.00260431356698898	0.478427704879977	255
-0.015094140159883	0.591659773846593	255
-0.102103983169145	0.38255782760983	2
-0.050903535818742	0.762782767314807	56
-0.017659022214608	0.430924717404562	2
-0.037105290626949	0.479302724262754	2
-0.107177232713429	0.239051175714516	2
-0.109797692488523	0.268483389009998	2
-0.083105900721758	0.385109610444941	87
-0.034178453264714	0.402009146088257	87
-0.031807949717398	0.411826247756267	87
-0.104299075842501	1.06017774478992	133
-0.115598101687744	0.743701806246982	133
-0.00700398388336701	1.52868166448199	133
0.00802305730227398	1.40311836448087	133
-0.112263713870579	0.546820384387877	133
-0.012866033449882	0.26258537046078	133
0.113206452823084	0.585836496604321	4
-0.111922996184486	0.199306771248345	4
-0.091369856372613	0.368710632998737	4
-0.023901899907913	1.05167442742265	4
-0.016941172539136	1.02660788804098	4
-0.119640443112703	0.388104414953677	4
-0.00731505436487201	1.10927460366576	4
-0.110250220287927	0.465158707551303	4
-0.052535645655967	0.920221953094353	4
-0.081824068043009	0.668663463583082	2
-0.065063940204347	0.775758022787449	2
-0.079750566712659	0.444025265487758	2
0.019886047625216	0.423368071672222	255
0.00484479108290797	0.725938499624229	2
-0.041933252538946	0.561500566833651	2
0.085796341575598	1.28414949962757	56
-0.123944938128331	0.336945448090298	56
-0.039080417712731	0.808741605089641	2
-0.017495956224603	0.975189262779186	2
-0.104846615797404	0.243794058114088	2
-0.043553516800822	0.27341141963028	2
0.011795079503281	0.692829931022736	87
0.035844028399813	0.504980967201551	87
-0.107271914936841	0.181237285801534	87
-0.094088832519059	1.00567067179827	133
-0.065579758448646	1.32805354686847	133
-0.113681621160841	0.640517784876731	133
-0.020354568650337	1.03740143101448	133
-0.100762166454117	0.596107273180436	133
0.039903448441579	1.75722788581919	133
-0.050951702025775	0.224382431056823	4
0.092331455625184	0.8748817299108	4
-0.108523560129688	0.573064685519984	4
-0.064843012143036	0.703945165322902	4
-0.00500748060035	0.849702504278509	4
-0.115819502623102	0.460512246798482	2
0.032714371893364	1.66784825952274	4
-0.036753057207772	1.1481047084346	4
-0.054763694520323	0.654752660458466	2
-0.100805589978954	0.599191201445929	2
-0.051879954141798	0.786670868990486	2
0.060503131909205	1.94386921085129	2
0.030700646936864	1.56289527571259	2
-0.082096043253965	0.656092726209273	2
-0.055332521423813	0.708369173246008	2
-0.100588717750686	0.193963132935055	87
-0.073558067131922	0.39009952350783	87
-0.033750118272787	0.500300680103108	87
-0.110195630565948	0.276400028152034	87
-0.077283740329699	0.393614020011632	2
0.034548150306674	0.734895226957537	2
-0.023516794676659	0.514689784198853	56
0.053098289126911	0.919690614421271	56
-0.096487360259194	0.578886173710101	2
-0.077307550502122	0.714598039571408	2
-0.081681659069339	0.23306943269953	2
-0.103019888662057	0.155696952327719	2
-0.067067820466969	0.221012626931757	2
-0.065362512030811	0.609913928954729	2
-0.084281398783537	0.285207972372749	2
-0.060108567744975	0.260154847229204	87
-0.088933771192652	0.754491084553663	133
-0.091636278237442	0.610891873250672	133
-0.070066838328063	0.457121407090741	133
0.102184255442088	0.798907948192152	4
-0.095423675928568	0.236304370506814	4
-0.124108805850663	0.417194722023437	2
-0.08654605448772	0.556740283946228	2
0.046764384019865	1.6332929566435	4
-0.118186205729763	0.484378248931466	4
-0.109120985712126	0.555846043630021	4
0.00532329609052601	1.24822705473	2
-0.106579042976609	0.572952988871104	4
-0.061970017796624	0.819923815259885	2
-0.084844501047568	0.676002516197456	2
-0.09151519778711	0.574566252276245	2
-0.053850111599884	0.333767113721452	87
-0.021432736629522	0.623743820757375	87
0.000715118524933001	0.787284761748645	87
-0.115616993698355	0.435027531923367	56
0.086942041648278	1.59881844279991	56
-0.077463584203154	0.393241507224628	56
0.110545024176308	0.964583542483054	56
-0.113175165425347	0.449703270420107	2
-0.114832756902921	0.41126698633015	2
-0.056618376677167	0.397378020293261	2
-0.097692399084881	0.263446778409643	2
-0.014432867489293	0.443496488155651	2
0.015588620699702	0.871789342595633	2
0.042209653253553	1.01908859954881	2
0.031650881391771	0.852996073403648	87
0.038474469333019	0.607078597344334	87
-0.11804550568465	0.723109431687707	133
-0.021616556049331	1.36726315533649	133
-0.117969847360793	0.603354235213348	133
-0.021741888024019	1.3245056659764	133
-0.122771824732432	0.52889088172709	133
-0.09032812022492	0.702155381772878	133
-0.009550999549304	1.24570535579496	133
-0.01265026939035	1.06524130313329	270
-0.109953512072966	0.504165387840461	2
-0.022484352289724	1.1518779576984	2
-0.081872927576333	0.479276112092627	2
-0.10086145950232	0.430179937422557	2
-0.060225213742327	0.468145953350763	87
-0.083101545092601	0.339671688516766	87
-0.101624473317497	0.326532519710982	87
-0.079607972886459	0.502761238132844	56
0.062818577081403	1.41475363857221	56
-0.069599744446452	0.674875403945383	56
-0.062149748303526	0.547811032007331	56
-0.073759202584583	0.548774162658683	2
-0.060380268326084	0.503413601477283	2
-0.106878730001232	0.331189072462932	87
-0.066022085333391	0.441228927125667	87
-0.02083750856385	0.378149616694069	87
-0.111177369097943	0.812769186617338	133
-0.089105119316189	1.01950490584475	133
0.02474738541193	1.81691323375644	133
-0.067702868607328	0.887623386687692	133
-0.108194232523961	0.429839436319107	133
0.00898277826765698	0.992344243318509	133
-0.099387846044082	0.287688266379253	2
-0.020940417409834	0.688984224585963	2
-0.11549419411208	0.517342705535281	2
-0.066810967726048	0.680557421661266	2
-0.088147430313268	0.66507398506102	2
-0.103654507316969	0.619353915373852	270
-0.113591267193581	0.520087671038562	2
0.022700327451535	1.42167961671443	2
-0.091693581583092	0.503365372785689	2
0.00439090071650999	1.04874402757899	2
0.053433090616018	0.814430305287153	87
-0.106314068751665	0.278788008092969	87
0.110058316463195	1.25160036588249	87
0.075449411582479	1.24776089742831	87
0.00131697933661701	0.997671189930682	56
-0.060870843849648	0.593470383066874	56
0.0892961401171	1.53405248654959	56
-0.093944787621	0.496432161105956	56
-0.062900315444844	0.666737383253643	56
0.022787215291331	0.769864939376833	56
-0.00398025882827799	0.789255830674498	56
-0.119616230788514	0.304539769241604	2
-0.096875162738119	0.463054313211434	2
-0.094347274465087	0.357773436493929	2
-0.012441547783457	0.655804806464321	2
-0.039306911446532	0.491702305490674	87
-0.05759106800615	0.293711557485457	87
-0.105230036371341	0.942256506091021	133
-0.063640147857338	1.1774622843594	133
-0.097424476844865	0.769429064022347	133
-0.057233651608396	1.030779376852	133
0.021192586829234	1.65533708567899	133
-0.09748682561723	0.448777336822962	133
-0.123354737125216	0.199178468445803	133
-0.091030625075654	0.677553819034245	2
-0.067989413593379	0.730598541319953	2
-0.03087999029394	1.03154403655968	270
-0.08665089529346	0.619893005415596	270
-0.042183830572025	0.931930807118837	270
-0.032014428461157	0.810934541818418	2
-0.099388635972288	0.352114204282834	87
-0.026754397191005	0.467441416766336	87
-0.033357009129396	0.617066159351998	56
-0.121804219846789	0.409838608775913	56
-0.097128346985151	0.460682389841212	56
-0.113876645262623	0.445322358101886	56
-0.078303743750024	0.484528091593139	2
-0.086210204290549	0.415445595050598	2
-0.084981769870826	0.533175756603952	2
0.109119205577993	0.933889050870835	2
0.055481002530689	0.853570187825733	2
-0.052934926200846	0.437778291500024	87
-0.106037102951856	0.253874664989933	87
-0.113758497507728	0.856398656733822	133
-0.105457400225328	0.730624827857247	133
-0.067785612782234	0.837872457343685	133
0.060190087619487	2.06317410303021	133
0.00767600763734999	0.608422029643419	133
-0.093897481440156	0.468749433678205	2
-0.037672213852087	1.07283218753537	2
-0.099920931117999	0.421201982612959	270
-0.00872454120376101	1.23435965442796	270
-0.123141361127841	0.390339209608064	270
-0.058294519698015	0.751617218728274	270
-0.112369844053152	0.522233430397799	270
-0.104984099348017	0.605083856144347	270
-0.118255956628533	0.540968000756487	270
-0.064208695015156	0.746295032048317	270
-0.101321490888961	0.490256556024839	270
-0.042836633947467	0.88979647014491	2
-0.118353866902179	0.173206714887345	87
0.106969794396893	1.10924937450784	87
0.04883149385192	0.877584549687945	87
-0.07019796955553	0.568333596633649	56
-0.093029929398103	0.462959997370208	56
-0.091892041987242	0.350534857897033	56
-0.004443166498353	0.8179788884618	56
-0.034168544733414	0.861613758269422	2
-0.117551315228774	0.427080728720984	2
-0.090506699809435	0.555596582143777	2
-0.025987029653538	0.439044183725362	2
0.091561666544241	0.872038598262312	87
-0.056851428134713	0.21199260979199	87
-0.034279081187168	0.49512411352729	2
-0.099081932837318	0.442697185248739	2
-0.066875150045818	0.338841349225003	87
-0.067187772234193	0.434811287609976	87
-0.000707658448504012	0.553489469287365	87
-0.112932808072535	0.845600219441465	133
0.089416573208277	0.610993110845247	133
-0.11070519053592	0.285778523674267	2
-0.12216197152811	0.447929762318075	2
-0.043290921728608	0.532515049763409	2
-0.124062444894235	0.298572352707152	270
-0.052221672379721	0.948439334943768	270
-0.013461987643253	1.33141166730632	270
0.044070956922437	1.46815186669017	270
-0.011181649300479	1.18141680035754	270
-0.102965311829502	0.515910883815319	270
-0.086072583628034	0.54635889922256	270
-0.076105321051136	0.676091407340862	270
0.09500591657471	1.94815922384856	270
-0.016436644920384	1.20276255285954	270
-0.089106360918262	0.628228729478686	2
-0.120716300342291	0.499634729358927	2
0.02235272703598	1.26915033631933	2
0.088226157624894	0.380453418100185	87
0.015631632195085	0.342970846392103	87
-0.093881529190394	0.207165117000295	87
-0.094181493220388	0.206670727886096	87
-0.057081758069303	0.323181407414938	87
0.000700336420469017	0.611262720232179	87
0.116382474989883	1.09060277658209	87
0.00398585330208401	0.680220202490094	87
-0.00206127051197899	0.640038829922389	87
-0.116034328752085	0.488336669991387	87
0.103196193108187	1.51429793936434	87
0.068254583112166	0.603874190736884	87
0.058031945922915	0.668067393622817	87
-0.084884197748901	0.847282796843776	133
-0.025179904522651	1.31473121992015	133
-0.096146820129214	0.725709171486772	133
-0.070833281667489	0.936897002413938	133
-0.10208036091931	0.327457360230291	133
-0.075974340501846	0.773484258102671	270
-0.00787388121670801	1.0051432943157	270
-0.109646231657521	0.492413133111883	270
-0.080659597031629	0.709137899964082	270
0.046724813795131	1.88381728426564	270
0.043110251734882	1.24432989855298	270
-0.108428601478682	0.56140844980487	2
0.095320405725435	2.08570290817878	2
0.025595259092133	0.79126025659235	2
-0.099429777208363	0.141931011467995	87
-0.085159801811528	0.361077771900655	87
-0.048249642639073	0.454703174051429	87
-0.03189605645803	0.564049701420492	87
-0.064436917948192	0.521801030067072	87
-0.00759110584841899	0.936784629012368	2
-0.00569029903538901	0.98248273024782	2
-0.034523884199538	0.691315862354988	2
-0.047445955127797	0.850325080416606	2
-0.091645780936204	0.589970747114773	2
0.079083117757084	0.705812813055858	87
-0.088268596173855	0.474443513428238	87
0.074939843791254	0.807758453984725	87
-0.046612641615312	0.548267002597807	87
0.013575270567156	0.404430844534196	87
-0.00261326803067399	2.13939625708372	133
-0.101044966037745	0.684889744968039	133
-0.00885559245884299	0.55358182528959	133
-0.081922597699907	0.695254410215051	270
0.030774018452096	1.49205812264848	270
-0.123314461737394	0.492093500152268	270
-0.00771251914580001	1.21753032862854	270
-0.063228861329211	0.682115534505983	270
-0.022800090563825	0.919765992478473	270
-0.084257542927205	0.672574475584449	270
-0.099256809366016	0.561127304663154	2
0.00711272168469801	1.08813055224459	2
-0.023008022422707	1.09818078879001	2
0.096222615165365	1.49310568889344	2
0.089553929588885	1.42682898958942	2
-0.093479545237605	0.444240522370928	2
-0.096343140789137	0.338065097144069	87
-0.076529459553517	0.412418235492231	87
-0.064559687032036	0.489042317378069	87
-0.109095288237749	0.344513668925001	87
-0.121429170769946	0.35531316748932	87
-0.084599648039352	0.5693223261477	87
0.034848468434708	0.877243483441843	87
-0.036026159882531	0.741154433647732	87
-0.058337745472838	0.615155055887062	87
-0.099844421565994	0.27181890459902	87
-0.079224822914411	0.385536151763255	87
-0.121187664312873	0.273268718084892	87
-0.075888626099742	0.427882749705135	87
-0.00822057943673901	0.60113620581126	87
-0.099052559455584	0.26056357518757	87
0.091895607987346	0.841510846880883	87
-0.043814163157439	0.336954953466335	87
-0.124443179433328	0.719266126982114	133
-0.086985819507085	0.821191394132001	133
-0.107019129097718	0.288216290739601	133
-0.080914207809128	0.480512073652208	133
-0.117781313294698	0.53059702600244	133
-0.071032445461236	0.690123273759283	133
-0.121320096207498	0.456121604155438	270
-0.050866861379017	0.893907563962806	270
-0.071341781529596	0.729715235489705	270
-0.103410324499693	0.548266282092562	270
-0.034444906857396	0.969294250187759	270
-0.093099058139427	0.60466038102864	270
-0.055675175459172	0.845512938414993	270
-0.122538663732643	0.442823209191293	270
-0.119345528777969	0.490568893735633	270
-0.087333749686001	0.650165747222099	2
-0.124187667148111	0.457799993707842	2
-0.09306565835994	0.558658872753725	2
-0.026136247501241	0.506706784228608	87
-0.074045721273859	0.438947403629557	87
0.00869512000290301	0.897580934672379	87
-0.08621498901854	0.482417020477862	87
-0.019974579129329	0.825740809101433	87
-0.110064949930168	0.427788721335971	87
-0.061510234625113	0.53552771875838	87
0.053472479689615	1.11070277588856	87
-0.12344165180616	0.37852784591573	87
-0.105117537241401	0.456665027668281	87
-0.089556267316245	0.333843867159479	2
-0.042373841059551	0.794434384127954	87
-0.00351046852030201	0.822143749958807	87
-0.058386801875006	0.39273493775997	87
-0.124018253402225	0.228891995521434	87
-0.00249575099483401	0.543378386394634	87
-0.097971343625314	0.262726217120107	87
-0.051047515389514	0.439857482654505	87
0.075459525935956	1.08423234936603	87
-0.017528329447464	0.549354475742639	87
-0.058591792555592	1.30061227721798	133
-0.096151097317478	0.823807947373259	133
-0.104219791662127	0.578714163112741	133
-0.12277122645821	0.231617912927291	133
-0.107551434171545	0.486044107337861	133
-0.012712597408747	1.20820785606667	2
-0.098321858716948	0.54826349109863	270
-0.075821543335904	0.677643526648743	270
-0.036323072681515	0.914400054774866	270
0.011484169538256	1.25308151443166	270
-0.110145685864446	0.481903345779916	270
0.034162699184551	1.24835782939904	270
-0.066105379812686	0.741450274349097	270
-0.120901333737279	0.444485370906451	270
-0.041673173075004	0.777100306529704	2
-0.089680518947477	0.511870950093147	87
0.07417029154045	0.805138436069721	87
-0.088835948650338	0.290250547347809	87
-0.054159492148208	0.496933796509069	87
0.044879395073556	0.908918927948455	87
0.097507419907597	1.49354633942824	87
0.081600842592612	1.22586896207502	87
-0.051854671296747	0.689228819222173	87
0.012941841337846	0.980880535077074	2
-0.104754466931991	0.45067502350261	87
-0.022023715302907	0.589713753196069	87
-0.086921953015821	0.410909837885282	87
-0.050224576445146	0.472765195451246	87
-0.11704461262399	0.256229678496777	87
0.069244845791419	0.873027593299521	87
-0.092132392580617	1.31568411557405	133
-0.093931236308201	1.05296572564732	133
-0.122919807254915	0.715649692968987	133
-0.077303293165928	1.07934259228661	133
-0.098599303544973	0.756025991662082	133
-0.038013941910406	1.26332599561891	133
-0.032714913298512	0.37345898154765	133
-0.033272242184374	0.498186172295904	133
-0.091334609979858	0.298380592114366	133
-0.027894007833179	1.11758390573251	133
-0.116817837464755	0.551398768470328	133
-0.055339519740965	0.901907061728938	133
-0.041349122784276	0.865319223712342	133
-0.013125570211919	1.22496265301191	2
-0.078973792164663	0.668158576586945	270
-0.02805354254907	0.921652427982709	270
-0.096270525053946	0.598752640476535	2
0.00295411664099199	1.10061691623852	87
-0.050217834294709	0.714636179287211	87
0.010113362246305	0.909321473576309	87
0.124006596385709	1.35618158642347	87
0.108323451630316	1.69422233849201	87
-0.057961006977367	0.611388351078927	87
-0.049462735652782	0.724048708742431	87
-0.079939392330578	0.531000803048189	87
-0.05282783294396	0.545737823386562	87
-0.074628049329443	0.529677464457713	87
-0.066134648150674	0.532401905936093	87
-0.098708706902527	0.486399041303307	87
-0.091459885408338	0.453764429742636	87
-0.090412212385223	0.284160353913007	87
-0.049947220142016	0.494343951849203	87
0.01381971316336	0.648494601305185	87
-0.109851685196724	1.2583898571951	133
-0.113128403128913	0.742676191662607	133
-0.110006680356626	0.67033362155217	133
-0.012491714217113	0.72286070957434	133
0.114754460086	1.88052104816425	133
-0.093075824595077	0.767490183232019	133
-0.043572707922754	0.870920182233632	133
-0.095750245747518	0.635404179945557	133
0.021840559213386	1.48133745927666	133
-0.015853801053608	1.24283216883181	133
-0.071751867537074	0.670146080618242	133
-0.09173940839888	0.432136955385977	2
-0.097503996861537	0.580750144205137	2
-0.083048251279826	0.735884011790365	270
-0.059995123992679	0.528458714607237	2
-0.077601886921632	0.757144929067637	87
-0.014407716620481	0.849150706528141	87
-0.100794316455515	0.620552742658764	87
-0.08332669250353	0.368730176008254	87
-0.112806061019247	0.49907156081803	87
-0.045261735085646	0.633054214137413	87
-0.047570668557457	0.574690745382071	87
-0.06813912872304	0.48832412952284	87
0.059613489618096	1.54848286199099	87
-0.016668451194554	0.620506096058281	87
-0.010131863176834	0.545195315804441	87
-0.043169710648791	0.480119775718196	87
0.079844316691526	1.43173633596483	87
0.00289112859681201	0.972763668108588	87
-0.049851089446573	0.704622483118713	87
-0.019898691826667	0.985326836379961	87
-0.087188829930827	0.450420228642628	87
0.07724491538593	0.859085147358751	87
-0.053579813227888	0.408689553126394	87
-0.000118576781190011	0.599180218820509	87
-0.032541314714831	0.613409720763366	87
-0.097307340096178	0.38060524666881	87
-0.112939324167822	0.435244421656523	87
-0.066049798175205	0.319668334296268	87
-0.049865873740741	0.316570540443141	87
-0.110955371242837	0.990115632746245	133
-0.097369924384251	1.01058174691179	133
-0.085420878903218	0.884679553723672	133
-0.036315342350737	1.2016070442573	133
-0.045747631335175	0.604802436880883	133
0.012009639572182	0.93731854036793	133
-0.111752776146124	0.559242389503352	133
-0.098466228606779	0.630511247719085	133
-0.103616481929736	0.612957085221977	133
-0.0806434184631	0.694224904376647	133
-0.090721849344351	0.625051279110277	2
-0.043793738162938	1.00598445129926	2
-0.1219593872712	0.336985546996253	2
-0.087758938851057	0.698631940180528	270
-0.117529436554528	0.339142613970447	87
-0.005227112158742	1.18099423594964	87
0.011214141411174	0.837237758454099	87
0.120416454894859	1.89553686956907	87
-0.070062529549726	0.473820702725119	2
0.112281892199998	1.30327844138228	87
-0.114467025336704	0.332038081402512	87
-0.050015137017014	0.517034852814229	87
-0.09785296046235	0.434874321966113	87
-0.052847688621974	0.72377624838463	87
-0.116946793431053	0.256481080174648	87
-0.030735591125707	0.95329845465932	87
-0.038374701868443	0.47559411328902	87
-0.120695666098387	0.227833897484234	87
0.015811638777109	1.13376485528626	87
0.030179697856014	0.901019846577026	87
-0.092055636466922	0.403827106830973	87
-0.048536906772403	0.525217975489096	87
-0.019281028562756	0.38148483534997	87
-0.026475969342617	0.620774622647598	87
-0.022240130308804	0.370322237419531	87
-0.079974538768587	1.49332770003796	133
-0.066858049379648	1.20704601185711	133
-0.035962777198383	1.28038131225174	133
-0.011616643755433	0.867566340612895	133
-0.000237238205491014	1.17061915224989	2
-0.096802414591805	0.63777962054299	2
-0.063930803133114	0.739883667095276	2
-0.050179142728499	0.784072727233961	87
-0.073625246633884	0.592372913594401	87
-0.000677881075637987	0.602032497322711	87
-0.105178967942365	0.348308003627555	87
-0.04592534257411	0.6758209134941	87
-0.104300192693797	0.352879011328191	87
-0.02750936270248	0.643697316999359	87
-0.121027441055142	0.333281203503771	87
-0.080405056745174	0.332121206007558	87
0.054798318092	0.747155896498371	87
-0.055660430533307	0.469735134787901	87
0.047616353922333	0.755711741033841	87
-0.059513304540587	1.02689502816266	133
0.029804603387304	1.07567881161106	133
-0.08876016029667	0.772365108797235	133
-0.029395257843302	0.924950292717083	133
-0.026741665629313	0.871971052420992	133
0.072686712276189	1.80049743157428	2
-0.093073257740851	0.662234049150915	2
-0.078041093787256	0.739007020170681	2
-0.042705972738654	0.829989131850159	2
-0.123224401997788	0.40408216659384	87
-0.112036153983878	0.525777313885003	87
-0.066346916434635	0.710849416607146	87
-0.066582857222006	0.670327889510907	87
0.054214946060489	1.08488628518774	87
0.057950828168823	0.870126376547402	87
-0.083367253499956	0.23026507973057	87
-0.098685465110166	0.315647471066109	87
-0.122252630396529	0.302278826945124	87
-0.01485355402691	0.774667153003755	87
-0.08092614556969	0.536785034300466	87
0.111856218635097	1.59308946799243	87
-0.08026375288187	0.531845208731059	87
-0.107806875064861	0.261837015579005	2
-0.016329211162915	0.687190764014451	2
-0.05026380041808	0.644234808988044	87
0.089901080963986	0.842761534193296	87
0.016981792042907	0.782709679447853	87
0.05952760276487	0.78318574361486	87
-0.065283707162539	0.345704706696425	87
-0.029671080436253	0.455631975317324	87
-0.113211170175223	0.918625782540496	133
-0.051805207164811	1.01357713045735	133
-0.082818004564062	0.431358832550703	133
-0.098600935706596	0.301762881237528	133
-0.11293031071898	0.317957540829081	133
-0.065570932744855	0.831560168209291	133
-0.120230142213685	0.475718468094821	133
-0.114924118383247	0.500162783331508	133
0.025760111592067	1.23823320963027	2
0.090020558363959	1.55290273744389	2
-0.109100003179583	0.529789489533035	2
-0.08224675366625	0.62527284562616	2
-0.099643877410403	0.493396525399581	2
-0.078976099200705	0.677494880840619	87
0.045419430927429	1.4133735363377	87
0.035728439452134	1.3096721976167	87
-0.06676860375325	0.709399763558024	87
-0.090543459710588	0.613562049592067	87
-0.110009638557051	0.406453560004041	87
-0.033402210648641	0.800573909931535	87
0.02838047937496	1.22069465365413	87
0.00696559916989098	0.554689634620367	87
-0.10203612257747	0.264698879039293	87
-0.062387938459429	0.473444863736074	87
-0.080879979014952	0.514722774012271	87
-0.041084210106069	0.713844755075889	87
0.035359588471393	1.01858691453477	87
-0.036301355804201	0.534650832484362	87
-0.027562843957563	0.700154655058294	87
-0.095508727110697	0.497318960539666	2
-0.088107421407343	0.404821105750837	87
0.014063299495986	0.845520405089887	87
-0.063411707529093	0.565568241634972	87
0.043646237474651	0.641209547440631	87
0.059838541234725	0.896973943353362	87
0.044259265369312	0.829452160547842	87
-0.04877595178987	0.348548077378286	87
-0.095633579795111	0.979826497978706	133
-0.00963492494652901	1.62494319436707	133
-0.043216514290751	0.69758509881641	133
-0.092246625468657	0.64132169784752	133
-0.015671651359243	1.23021609749229	133
-0.061021370672138	0.797687282764382	2
-0.110329923743197	0.520304382033769	2
-0.094335237573239	0.616373610065813	2
-0.058708691539814	0.80763212502776	2
-0.071558068352811	0.734462411325872	87
-0.11727178952085	0.492763838294196	87
-0.107860128124234	0.508671560758682	87
-0.081416761064839	0.631009161610983	87
-0.014880282122794	1.11286287305678	87
-0.123319888855104	0.425499393379449	87
-0.115403611652134	0.448942153597716	87
-0.03844347546553	0.6120593426186	87
-0.072500390528588	0.378128270140935	87
-0.093895122163691	0.35909468061225	87
0.083975277216081	1.08908539759357	87
-0.103271751555916	0.411197513466422	87
-0.120137519721418	0.368323011544451	87
-0.081182955394212	0.547575224715021	87
-0.096641887213519	0.41983399803824	87
-0.092582575577684	0.43844886886984	87
-0.032412038713117	0.440322064995633	87
0.101694287798754	0.770862934406832	34
-0.081688098621095	0.378397677474704	34
-0.011917319045936	0.53534133742034	133
-0.096790008656177	0.38425858017807	133
-0.045179621574124	0.470511326570996	133
-0.121796380048964	0.568669149509746	133
-0.036327547840865	0.935355945272882	133
0.017254622018914	1.32312360304113	133
-0.121785413450895	0.41672920147007	133
-0.112029102125065	0.507358965538733	2
-0.109985352717299	0.535292161226246	2
-0.024263716180817	0.952767207453379	2
-0.034089632908635	0.930395104780449	87
-0.090098791980671	0.633856284286714	87
-0.087230578755638	0.633828802592736	87
-0.012680683546393	0.927678310252278	87
-0.100541328970259	0.465487969430427	87
-0.085389302238422	0.331319657979678	87
0.04223141300672	0.637101436917857	87
-0.062324872339811	0.532488362711714	87
-0.00575346295728699	0.729357613628338	87
-0.043701098503033	0.666089394493421	87
-0.0920217521423	0.512371844931078	87
-0.001944902162613	0.593164190744904	87
-0.078578175204428	0.509145067910571	87
-0.087623199249554	0.537553159813689	87
0.00651807990097297	0.974193956003595	87
-0.090034535724184	0.494128932369055	87
-0.122010863910343	0.354925955648046	87
-0.002932704684353	0.789692001712484	87
-0.084908525839847	0.301693618345174	34
0.096487679969743	0.952730545476272	87
-0.000496889932830008	0.607285309672925	87
-0.090214791607586	0.464815434100846	87
-0.124384532377221	0.374895338161237	87
-0.03343030534959	0.686173222979901	87
-0.051023299556926	0.769203711594709	87
-0.09765517920368	0.379383712704026	87
-0.04598431443204	0.65578744998107	87
-0.072048022448029	0.480787920047259	87
0.0640154160373	1.17830884286683	34
-0.102262537359401	0.424949738005708	34
-0.08291537759005	0.433250939794262	34
0.002328795616654	0.798887692726349	34
0.100319294271163	1.26484023461218	34
-0.062185484205548	0.515309249908058	34
0.067137934809382	1.00495369710068	34
-0.069781820479104	0.35150040853055	34
-0.049688350662345	0.346559060428287	34
0.091971259583631	1.04435516554175	87
-0.00868870088836099	0.819646369997348	87
-0.093255898798231	0.560916033288882	87
-0.050799582411497	0.553196529321355	87
0.095454474676658	1.66638302162419	87
0.044097610510219	1.05134386302421	87
-0.112943607004386	0.447792725327772	87
-0.100849572714271	0.317225814440805	87
-0.112637525136245	0.367678740009669	87
-0.102206992227433	0.402890500785957	87
-0.038560627857359	0.605115302337166	87
-0.031163528130021	0.599782524399221	34
0.00101622613406599	0.784255915091769	34
0.045931663103024	0.660889783306437	87
0.043549573533227	1.042716738138	87
0.013750403543456	1.06486671892035	87
-0.116621383772054	0.366869800860527	87
-0.103128389594968	0.464217199733366	87
-0.019681236625261	0.568489163771492	87
-0.094492401934198	0.425253220723233	87
-0.079614039525352	0.519667221486865	87
-0.01214505347267	0.916422734734315	34
-0.121036893306141	0.235228484913372	34
-0.111542498223963	0.393266474439378	34
-0.0878549332277	0.464297576654384	34
-0.032478208844341	0.639362983545443	34
-0.03050984678681	0.568328273015851	34
0.094165069704375	1.32318256107093	34
-0.074816965591959	0.546832657353973	87
0.00251990568136501	1.21052156561192	87
-0.119194355227913	0.391272955612485	87
-0.021624120976167	0.806455492880337	87
0.040686336821212	1.29014645090312	87
-0.034684266926398	0.490206657022761	34
-0.063621587075992	0.524837534972572	34
0.033369696819713	0.876167735591142	34
-0.091253429581613	0.536011813267926	87
-0.105701566075561	0.398827851634366	87
0.09615291375079	0.683009403734371	87
0.098418063433819	0.984491576057069	87
-0.059532063801776	0.314394246621403	87
-0.087423813919972	0.463857106189423	87
-0.09304327423161	0.451942380195205	87
-0.076162840520509	0.597117256029886	87
0.090497128445358	1.21496693247736	87
-0.105530336330555	0.39134277976076	87
-0.013448686578747	1.03994901540498	87
-0.024772445872659	0.78372204260732	87
-0.00947495395259901	0.982329243263209	87
-0.021958912711186	0.888285819951182	34
-0.025162397210219	0.889983520647182	34
0.00562188425260202	0.901584052278273	34
-0.101897860439804	0.385186172295129	34
0.06054271202864	0.899976605102032	34
-0.092104071433194	0.280481974341356	34
0.104974633532299	1.36807615529216	34
-0.100567973039651	0.51357012692858	34
-0.076207727400814	0.580721951983469	34
-0.119139075251168	0.402826676749429	34
-0.015214618314393	0.8848287324107	87
-0.049235866066186	0.427150014712705	87
-0.00261709697095899	1.04121748083182	87
-0.116864550063799	0.462372655586858	87
-0.090798394172763	0.619184251185476	87
-0.092826746140216	0.610120079883645	87
-0.03755165906449	0.949036772023799	87
-0.114852993017365	0.293461536275404	34
-0.057486115336902	0.824038395593216	34
-0.012936409625825	0.972875599687026	34
-0.105323613524483	0.327205774772276	34
-0.044290785973768	0.728138102135922	34
-0.001348720112164	1.16681455582223	34
-0.061337314795802	0.739641955068011	87
0.027950994271231	0.885316506222593	87
0.030133896002175	0.850883532515137	87
0.025619045603335	0.659567029459919	87
-0.096307141893331	0.54175097319626	87
0.035345881767076	0.807389492319572	87
-0.107910921930591	0.379402091355034	34
-0.02331794623158	0.839086480384119	34
-0.011027656505671	0.990733745709351	34
-0.055292863457893	0.687136472385308	34
-0.043452240776606	1.03890690811962	87
0.01050492820045	0.71874349147889	87
0.075289817974415	0.94576750713294	87
-0.093106055000461	0.409680158035939	87
-0.018995864430699	0.339082435018616	87
0.025424156920095	0.96876316559652	87
0.059146338668221	0.893966120754326	87
0.00573100012698602	0.780830746598787	87
0.057691563966796	0.660170684126554	87
-0.081933188768021	0.391062428547198	87
0.061344333374159	0.432818427814499	34
-0.00195540378234799	0.399444989519957	34
0.076417454184025	1.37624580178015	34
-0.106932597175359	0.288424246270988	34
-0.093100289899877	0.443444595238478	34
-0.116851718430138	0.393522405118063	34
-0.052108190498813	0.745820837081476	34
-0.07899255637555	0.655881902592083	87
-0.071377728662282	0.416499246459906	87
-0.095109420029415	0.378345511166491	87
0.01006741564728	0.513875061012388	87
-0.105676190993387	0.469620316699608	87
-0.042278154956756	0.556962728868351	87
-0.079145108157578	0.417627545347849	87
-0.031012617922729	0.343020264828154	87
-0.121081318189157	0.203339619114807	34
-0.030254286578717	0.963621058806546	34
-0.052525560722901	0.587973038717361	34
-0.119953645674164	0.372022568452948	34
-0.051968635528957	0.437282130680305	34
0.070852898040954	1.36837718051611	87
-0.037659428980204	0.353936659014246	87
0.00497573172423699	0.683900809181429	87
0.072191425069006	0.6303875666123	87
0.02520687375733	1.01487336324973	87
0.054451220210172	1.48031377537096	87
0.014428698048493	0.406202638685214	87
0.04172262568845	0.444003227606338	34
-0.020859122396413	0.689183907076231	87
0.00437563958856002	1.11966041881457	87
-0.00623804474867801	0.612260180447546	34
0.070678449150062	0.308630322898424	34
-0.108361447263008	0.378005752149778	34
-0.123020355699792	0.417756491643661	87
0.015683288048575	1.01900948980106	87
0.025374233458691	0.601238318033147	187
-0.102835660027782	0.312108518683873	87
-0.016354169390135	0.553178318927549	87
-0.05616618803629	0.21288881737037	87
-0.017096070306609	0.304494485947903	87
-0.090885008703352	0.231518241114051	87
-0.075314710483383	0.290395802320518	87
0.034092123198952	0.662486124976755	87
0.043868304063705	0.354740803121962	87
-0.055149530533883	0.246748065127861	87
-0.087535734643248	0.382414932667733	87
0.019179880703451	0.963266161798503	34
-0.044557471838236	0.472446812170757	34
-0.037259860728505	0.929328681666498	87
0.080952525687632	0.902007405555205	87
0.083034642823068	0.895482995792881	87
-0.077045251659537	0.360617566253623	87
0.00263657779871701	0.70834057798659	87
0.019228785698108	0.355605263955238	87
0.00951116787593698	0.919669544496395	87
-0.091364744807386	0.476560298932308	87
-0.042294543385928	0.857464627909832	87
-0.00453760151964699	1.14187380734872	34
-0.065244082377216	0.597321531606354	34
0.121706737600996	1.24292393891838	34
-0.088382594757133	0.218953411640654	34
-0.096386555799146	0.520236012743751	187
-0.092802936119669	0.4107296912086	87
-0.020380187485885	0.60687973905043	87
-0.003267143124811	0.344043510998228	87
0.041631640168783	0.795887574253219	34
-0.120125186183141	0.430301855400523	34
-0.00502462119126301	0.578962484324192	87
0.116780102548608	1.09236391538676	87
-0.11665864373822	0.201650456046767	34
-0.086000509072154	0.329752410496806	87
-0.092372094774314	0.439145549440594	87
0.038271588518763	1.26439308045222	87
-0.086079439170225	0.329577317948502	34
-0.094173533977266	0.344172974516624	87
-0.105562852007722	0.198293782872284	87
-0.010356299311147	0.320805687956867	87
-0.087531617637083	0.293160775981405	87
-0.072918099349153	0.359247618327472	34
-0.033125953524561	0.299635163788163	87
-0.110963080256879	0.109124600479257	87
0.054757584987415	0.396751593346569	87
-0.065480365516443	0.517871924797661	87
-0.116292804119028	0.421444606182286	87
-0.032277170826194	0.930985054966311	34
0.104301093060786	0.82323623258925	34
-0.040095929709127	0.440131719656862	34
-0.11381652579642	0.335962609879209	34
-0.102578833796345	0.27798759588164	34
-0.019877585242851	0.791689472057439	187
0.00334507712877402	0.816393870934667	187
-0.095710802846578	0.40097891367799	187
-0.116916852770588	0.268451918172842	87
-0.038154048175679	0.553852051581171	87
0.123033145953751	0.80431226157741	87
-0.037573752952877	0.612335155933382	87
-0.065971164834386	0.496152269735081	87
0.089984170011299	1.04285652470453	34
-0.063140360595278	0.303359548521393	34
-0.046636689049291	0.462737523571637	34
0.076908175323667	0.67514472661725	34
-0.096848505833602	0.608001920995706	187
-0.102241105956584	0.416774506362444	87
0.065061505502414	1.26899863184386	87
-0.016772644316719	0.718133489396103	87
-0.123132686462458	0.372011591096614	87
-0.071783944034855	0.588050365495527	87
-0.097553636112621	0.330439506344726	87
0.087187710892745	1.87053185600412	87
-0.036566664267735	0.828150266792851	87
-0.061191711073449	0.483116697462065	87
-0.081457881210787	0.550763643479723	87
-0.117378130018775	0.429124294129875	34
-0.042884362165837	0.455361660689952	34
-0.00296933380818501	0.632505473340786	34
0.039067769199623	1.14309846678999	34
-0.023406044728316	0.893831638548904	34
0.034807556859349	0.805220230568983	187
-0.117163875383974	0.40718413800057	87
0.109592747911917	1.56176851478818	87
-0.075472448321981	0.61182710923028	87
-0.076994324851522	0.615328628661422	87
-0.123930231173636	0.460019155391445	87
-0.066490386150768	0.597593504464808	87
-0.108692016302113	0.495369255463621	87
-0.057622903651069	0.498029662224026	87
-0.087937519163923	0.482939191077126	34
-0.110278595711351	0.360132563914069	34
-0.035369437922255	0.602292948540364	34
-0.023367196553297	0.485184747309168	187
-0.039750995588192	0.494104060923319	87
-0.095837486593713	0.337388003818386	87
-0.097180883966283	0.494747231365847	87
-0.064034956340697	0.579841756237847	87
0.00916657673781801	1.07261568242225	87
-0.034404047400744	0.865555259588413	87
-0.039472665794167	0.961953402311811	87
-0.030674242318418	0.990318929491196	87
-0.035009798366846	0.873497896236562	87
-0.124988532819898	0.440443306290349	34
-0.122452855731725	0.400230651821698	34
-0.084781884988594	0.463923865010729	34
-0.066817173399442	0.689506146529782	34
0.004598208402675	0.757621929707768	34
-0.063370660286537	0.452346410978371	87
0.111583046612316	1.58317142389954	87
-0.00838391824930401	0.970080353136361	87
-0.08003615414571	0.603308362511055	87
-0.026784008052758	0.714189475256408	87
-0.117335157336067	0.455326730902973	87
0.013386626714245	0.798112249189384	87
0.06040261516465	0.982767827770219	34
-0.112852519021664	0.350099517093125	34
-0.048950600784937	0.611577954730232	34
-0.112475860463512	0.393880337131633	34
-0.037961162704488	0.908595615288342	87
-0.120660947655946	0.417230220629433	87
-0.110296388383616	0.369654244349645	87
0.078496198853556	1.15413113679064	87
0.036952655395644	0.602730489667961	87
-0.102499230654269	0.3583792097657	87
-0.078398964064122	0.451085498158402	87
0.028275267873169	0.541519134774698	87
0.085172322158614	0.564646949879515	87
-0.068569252734998	0.710482143321922	87
-0.010580136511935	0.764919665039944	34
-0.016932007045498	0.761134485305476	34
-0.055188745240819	0.357840935146689	34
0.037080611768139	1.59124072649187	187
-0.060081927539345	0.721170414137608	87
-0.086475788304261	0.60066686717687	87
-0.0571116767888	0.727199880039071	87
-0.038479878611399	0.834482547785242	87
-0.11543994256096	0.272118275126871	87
-0.082245257240555	0.516928207337236	87
-0.071607040293144	0.362561435284974	87
-0.035880380133883	0.909654889582134	87
0.069989730290532	0.769250310504906	34
0.00907589554806398	0.560796503460842	34
-0.096968022130451	0.357380713279692	34
-0.077885405882138	0.389207980077895	34
-0.093442716684903	0.605533387459168	87
-0.102979354986761	0.408404920128422	87
-0.108166037999893	0.470802653251943	87
-0.124699710988265	0.376989540289584	87
-0.064440454309367	0.573068713000665	87
-0.018659614700435	0.738059099298317	87
0.04953029905812	0.79344728015582	87
0.118006322688778	1.14911469782919	87
-0.12375141869637	0.381986978039358	87
-0.06275740844048	0.636001399200232	34
-0.053990494565623	0.360706038878236	34
-0.02385428297201	0.366982817392848	34
-0.089749544217428	0.415722861298575	34
-0.080738601936288	0.313955715950211	34
0.099692888942554	0.73831844301732	34
-0.10803717413957	0.496738235914573	187
0.022036564655613	1.23543613235849	187
-0.099589568316135	0.499374314150257	87
-0.113859495794382	0.416623377692501	87
0.0879026478628	1.59939482136898	87
-0.102775153053269	0.300926290588271	87
-0.097231815718887	0.319415012808375	87
-0.122988413286287	0.257759995302038	87
0.027553556095409	1.24221315095329	87
-0.03759215837785	0.38977178962125	34
-0.074764673582	0.468650802079423	34
-0.119238041316812	0.356238121454472	34
-0.052904408233787	0.782859812226733	187
-0.088825714659043	0.554232030211846	187
-0.00121535489137201	0.894247348401155	87
-0.083896901252678	0.560227605927029	87
-0.049157380273662	0.671107552435271	87
0.050149369510188	0.955760532826003	87
-0.104606565232499	0.351943128471814	87
0.09652734361707	0.929826992394076	87
-0.036034091350136	0.458832768899421	87
-0.102474752243318	0.324218878196583	87
-0.094088141529152	0.454999060693864	87
-0.067913607988792	0.649818344099888	34
-0.053491589994843	0.608483447013675	34
-0.122535605304535	0.241853114729332	34
-0.013408707632084	0.450857079654836	34
-0.086730961826987	0.399410718618267	34
0.066350009244147	1.8133037130486	187
-0.1197035376792	0.433378502193695	187
0.124149009046315	1.92235586438581	87
-0.073716820993078	0.658193568745799	87
-0.111350264005905	0.410439192030619	87
-0.112144699639842	0.447921704128016	34
-0.066110285092872	0.343806759540002	87
0.028787573121401	0.555095629216091	87
-0.032226838310601	0.448598460264305	87
-0.105520930922977	0.407319589678952	87
-0.113867605602388	0.233102166761576	34
-0.015177978958831	0.757332285263335	34
-0.107962583824485	0.249739508889166	34
-0.122207837796328	0.476229831025376	187
-0.00255124984047	0.955843009204404	87
-0.006474413800824	1.00034919538493	87
-0.107483301718046	0.515849002733032	87
0.035382280051296	0.996996588109711	87
-0.106295849594006	0.506189636370449	34
0.100214842126135	1.25685561379106	34
-0.091150846738368	0.521822675260799	87
0.00944925845431199	0.994976883210075	34
-0.00815651230226	0.723370785895253	87
-0.100953718028162	0.439915336370347	34
-0.108925439746555	0.366177659163601	34
-0.063112671448624	0.57848590662014	34
0.068852966368575	1.23783128395224	34
-0.106210277482903	0.34508714507192	34
-0.033910698279358	0.633638456938803	187
-0.118995679138853	0.220709543107362	187
-0.104904352152364	0.270528379855418	87
-0.088926806812495	0.456098147908212	87
0.055204470593655	1.11427911574589	87
-0.09993880992548	0.591230134567264	87
-0.06361691444247	0.701336981116155	34
-0.113667427899694	0.457939346026684	34
-0.060174077646896	0.718616528408782	34
0.023344277256059	1.30233599936449	34
0.043390082211079	1.30837262235776	34
-0.079780068622227	0.413245830194438	34
-0.023696478101111	1.01792499765334	87
0.024976881944518	1.37041721141528	87
-0.112184415885682	0.520810415969115	87
-0.104700150740919	0.530417718167377	34
-0.104150593824779	0.490049981163355	34
-0.030356877540426	0.914149677147165	34
-0.022562247058297	0.709753500501974	34
0.033682446416727	0.861902581159329	34
-0.041229189337746	0.489433056918198	34
-0.122411682369288	0.286269377021358	87
-0.103160885429022	0.299951945004492	87
-0.122343176218363	0.295106134013895	87
-0.117856729914298	0.293109997612763	87
-0.026627642855167	1.07040172622405	34
0.040578599804332	0.619088178835373	34
-0.0398553563918	0.992115319061194	87
0.04716765202257	0.567785160553426	87
-0.050742826378446	0.284145248925188	34
-0.10137246717889	0.207903482163595	87
0.078758943685116	0.86493270803968	87
-0.074191424592743	0.438501634240344	87
0.088237862994196	0.990798588531006	87
-0.056104976364122	0.567681388416961	87
-0.096764835657974	0.21843994832658	34
0.065558403102745	1.17481184148602	34
0.097438923061456	1.44629952358823	34
-0.12180017874614	0.368969299588697	87
-0.115775412223794	0.487214903893159	34
-0.089736317308437	0.268189035009598	34
-0.042531016911076	0.370337136578593	34
-0.103658910758313	0.331895488776967	87
-0.074734906961942	0.450186687194236	87
-0.00818523362005499	1.07359045090447	87
-0.050018540403925	0.694051752896038	87
0.063897994535195	1.26808985170107	87
-0.083051103372424	0.552905626100035	34
-0.070811013152144	0.591462989249068	87
-0.044875815370872	0.330629989820214	87
-0.010742270853903	0.462348321188879	34
-0.063143680407049	0.529381817251021	34
0.016757744779925	0.609856832789346	34
0.115420738947081	1.06085917264602	34
0.057558855814269	0.957703462061362	87
-0.00588701538231601	0.807017677392496	87
-0.104550050744755	0.507133450619113	87
-0.00245403010855599	1.0523020475546	87
0.047325292596075	0.767134845858581	34
-0.064002139003237	0.687894522204489	34
-0.096502372900983	0.416152441620486	34
-0.018935567801782	0.970164680675273	34
-0.048048765917966	0.756379886575626	87
-0.094219069048093	0.341788855661233	34
-0.079021127385431	0.547129231556667	34
-0.063721490623119	0.529783246043477	87
-0.079622438120472	0.536806353743935	87
-0.073630325935743	0.551511412922172	87
-0.120351340402356	0.405521849699781	87
-0.111049366557703	0.344515315049343	34
-0.056767340845764	0.709516892689308	34
-0.036234312474454	0.86895642636239	34
-0.121915401216114	0.396394918149471	87
-0.030269048798067	0.796529580637243	87
0.086994707936922	1.16045799409201	87
-0.059285595514978	0.54971149627054	34
-0.124923873482476	0.26922035345863	34
0.097780470944815	1.19101371211335	34
-0.098520669841801	0.261706611607304	34
0.059104814310285	0.775309825815834	87
0.06569263783538	0.953915785987928	87
-0.010312379282111	0.736290956187373	87
0.025222943172558	0.947589982527271	87
-0.075893844595203	0.60039619879066	87
-0.100900118898819	0.46402252578015	87
-0.037086524109523	0.874816278700531	87
-0.060586443182839	0.651265883613986	34
-0.064201074540962	0.629265271449836	34
-0.045433421552277	0.807387968883126	87
-0.115156205074082	0.429465136425395	87
-0.014283326156747	0.711233284807525	34
-0.073060999083932	0.394231963237202	34
-0.091934138933227	0.263788930982664	34
0.01413724487107	1.15974453878363	87
0.024130577537135	0.895390259354189	87
-0.042550944903371	0.690937326518801	87
0.096460827763985	1.55344532663297	87
-0.029140718863337	0.751954394772432	87
-0.093552871466399	0.495491633414062	87
0.058141796044014	0.97252320195913	87
-0.072933335090893	0.514676607768714	87
-0.060851478281274	0.721976060899019	34
-0.026986292302973	0.98403032919941	34
-0.117490381321515	0.471142308704864	34
0.049713266185654	0.941980349014684	87
0.026122651145955	0.788265328484263	34
-0.028222948907744	0.606967310183036	34
0.091389975766544	1.39657706310914	34
0.00711811630304299	0.800413133159124	34
0.036248761425617	0.669329890803674	34
-0.107410338085283	0.480460763839625	87
0.032796673213971	0.786275306072071	87
0.099716444257968	0.989358894115725	87
0.077227407907502	0.988845169357305	87
-0.043040636237935	0.840728436686339	87
-0.044577150125792	0.720648838663927	87
0.102813605131189	1.30929129676742	87
-0.077142343439685	0.595320853670278	34
-0.020606128190744	0.905479145543487	34
-0.106294734376936	0.504958967710189	34
-0.106276562792641	0.510546168735516	34
0.049517592199853	0.880575007639335	34
0.024537306353983	1.38702952071698	87
-0.123013731879533	0.332065148611667	87
-0.080088180617879	0.515709647855855	34
-0.090513632493279	0.447990328592186	34
-0.090125075098397	0.386590832090097	34
-0.085466138940853	0.489494039874128	34
0.024181230599204	0.827819609987377	34
-0.019190207472007	0.607350664745006	34
-0.118853997358496	0.261942022978781	34
-0.036353385636655	0.485164560427379	34
-0.078760466974959	0.52342420170541	87
-0.068482847419742	0.427970675782251	87
-0.111086190644255	0.214024239300792	87
-0.017008954759932	0.692313586586439	87
-0.113267589038129	0.392723595857972	87
-0.111812016821467	0.379710177696913	87
-0.050692876234609	0.626281750490738	87
0.033393494702513	1.37742663898296	87
-0.07487417763991	0.369081806035015	34
-0.083613280537717	0.453618082443648	34
0.017891720094603	1.09727260337127	34
-0.037054853412689	0.936556797803262	87
0.013138308667144	1.25514394327582	87
-0.039234640685678	0.598988825476339	34
-0.12318176139458	0.365409579449189	34
-0.10960928788571	0.420615147145407	34
-0.083281126249073	0.528896854028155	34
0.043597034972406	0.967601348423747	34
0.122298736414534	1.21169093476353	34
-0.00853886057508599	0.375004423034844	87
0.057811895918791	0.95257626349114	87
0.11642062366014	2.21507522545319	87
-0.05221817744884	0.864860485075674	87
-0.083484176400509	0.511849341781096	34
-0.071615895093191	0.36251558321213	34
-0.092667877696633	0.471520777299426	34
-0.038226938845039	0.991492430015307	87
-0.060672747840901	0.721149209264155	34
-0.087787679770762	0.462460485229707	147
-0.1014529643689	0.317860377725965	147
-0.110170276981636	0.287096103844669	147
-0.021963010387153	0.750738000625581	87
-0.01099758270803	0.800695088343483	87
-0.0614895309292	0.556031501603448	87
-0.067956965002356	0.62244471841661	87
0.122752679468352	1.35769284443572	34
0.077651547538225	1.22642954744216	34
-0.087227775032442	0.409948292518323	34
0.087297205292116	0.818015778246074	34
0.00533028863649898	0.867413835148314	87
-0.099817056176228	0.505598521741292	87
0.071620938669769	1.27409119744553	34
-0.115788571205609	0.447369262030203	34
-0.000719393485206998	1.04454245546858	34
-0.10561188188238	0.407051754421909	87
-0.024914680403023	0.940740119477543	87
-0.104137413251269	0.414195829510979	87
-0.000319284138711989	0.823095401638093	34
0.111084116418171	0.966823325086306	34
-0.067504083876434	0.634985862671653	87
0.119688360685408	1.16549360917956	34
-0.048041039232268	0.50689059302833	34
-0.086315584761105	0.417334440428724	87
0.082741813622819	0.909147642042339	87
-0.00748113465338399	0.562065986973376	87
0.088123884810104	0.997814717938561	34
-0.056516796185045	0.441174203126046	34
0.069590037809246	0.774978426201203	87
-0.09147081506145	0.401227730641953	87
-0.06034542986097	0.5276379927915	87
-0.084546413315585	0.462465546224047	87
-0.067677719930641	0.648771657565532	87
-0.116642442717211	0.395835933471268	87
0.009827102023729	1.02905929368732	87
-0.033424149186964	0.742933012844729	87
0.052920120502783	0.812617337432365	34
-0.033331206161782	0.774325899973463	34
-0.112385340411462	0.404932575218133	34
-0.084648282104773	0.577527458173179	34
0.0816510558247	1.19804212488596	87
-0.078699456567013	0.625593502079988	87
-0.10609439543462	0.470120661178617	87
0.031623248934067	0.831665032662223	87
-0.075825343983374	0.331049401842455	87
0.102345450101978	0.484656529436696	87
0.059574796442288	0.542870702201802	87
-0.12379778498566	0.327936085913598	34
-0.097698130752748	0.411947430525239	34
-0.121262326819588	0.282225318796895	34
-0.015990638504932	0.554226436212304	34
-0.002421032667771	0.450310009006016	34
-0.002808313660981	1.11100633490175	147
0.077974444511614	1.1714946933383	87
0.070917346708568	1.14360538724281	87
-0.01596262301255	0.729448377896365	87
-0.055435584918465	0.597380702141965	87
-0.096515070800252	0.464957571704313	87
-0.030509623366248	0.962295108269045	87
-0.072110797030621	0.664512482677616	87
-0.025384336454121	0.876388020338565	87
-0.060592131276437	0.634570114758155	87
-0.010917228314657	0.830279341703981	87
-0.073608902614043	0.665043895235342	34
-0.014592332037399	0.895650504668393	87
0.000293294113200004	0.941626354312739	87
-0.088425309594437	0.557826701871369	87
-0.061111362377673	0.424638617418435	87
-0.041270823191741	0.563859358860766	87
-0.027509671475407	0.590383699852744	34
0.075278922871049	0.654766813779932	34
0.00160406870408197	0.908838609484822	87
-0.030451657592742	0.709505130719869	87
-0.10551935390553	0.470895774787373	87
-0.038663044732566	0.937847463786005	87
-0.00179595608438499	0.843251008906413	87
-0.092188026929561	0.609237463381216	87
0.000161436116148994	1.2386133578768	34
0.01996281959297	1.33347294069294	87
0.088305704530907	1.21019085182984	87
0.041865139177968	1.10809619617557	87
-0.058992398225094	0.493406046864037	87
0.015289065116149	0.959109321686359	87
-0.123521549973196	0.378219445915732	34
0.06747358824566	0.739850117583441	34
0.01685600006872	0.812761373893505	87
-0.008368859804505	0.948442977853163	87
-0.124297719325819	0.43905923484206	87
-0.106715206833276	0.507309763756314	87
0.092523828881429	1.51830321825591	87
-0.010399606797416	1.15172824907447	34
-0.005678095192894	1.1826844162809	34
-0.039246514518566	0.877766324247986	87
0.065504520867617	1.54252639003625	87
-0.090771426263386	0.609199530701457	87
0.077402839552335	0.845478865515594	87
0.115131717559045	1.63097712112037	34
-0.102039723602121	0.476438826858377	34
0.019083068643907	0.957873146828129	34
-0.103315761680685	0.442688960822284	34
-0.036117158891214	0.485865410399457	34
0.072086062038484	1.7528044081288	87
0.093579832741542	1.06584429791969	87
-0.103785227796674	0.463864817117742	87
-0.117966952205729	0.439492664193999	87
-0.091695451940234	0.570103221327583	87
-0.059838673641579	0.758528978577862	87
-0.094096953712335	0.576222551186594	87
-0.112654995477598	0.311043957286104	87
-0.124016925311224	0.38959169081801	87
-0.032615005825563	0.911392502082171	87
-0.080583936371172	0.696880986854454	87
-0.103072515247493	0.410029607284255	34
0.00647236722654598	0.493661962606927	87
-0.044915418616091	0.446103193508199	87
-0.09204176895919	0.520473080036527	87
-0.033180606200534	0.889533891660929	87
0.047156712457215	1.57661798849488	87
-0.03439959329281	0.939913713888316	87
-0.086609782093936	0.66766515005758	87
-0.118947238259791	0.415361816458831	87
-0.094235785104229	0.631559810568256	87
-0.06833838031454	0.797723210255988	87
0.014671265544331	0.862544119575603	87
-0.122846614782648	0.300543766093966	87
-0.087911402577892	0.514460466727511	87
-0.014227559342736	0.9588142146058	87
-0.025418554234912	0.824785080919634	87
0.055777038106477	0.943610866655655	34
0.083063531177408	1.07776664031479	34
-0.118824217659624	0.269844823771144	34
-0.116974125152437	0.201046457878412	87
0.120619311406056	0.695400356669054	87
-0.116432844715383	0.353201280908712	87
-0.034157855665871	1.05468557605567	87
-0.0521641491676	0.551211143554771	87
0.074557577945738	0.834651007046967	87
-0.109611111651735	0.362356640038216	87
-0.063658602582369	0.827952398458404	34
-0.119324101283068	0.296486695519221	87
-0.032262863566773	1.1365944142288	87
-0.115257366470353	0.579355692407352	87
0.00830245513855399	1.43543614261688	87
-0.030752087067884	0.958367255266355	87
0.091268927694364	0.863160821541186	87
0.045757350430989	0.666723822397171	87
-0.10494043199292	0.291084074080459	87
-0.110132043328984	0.24303038186763	87
0.091214573656627	1.82240308793888	87
0.066723990399927	0.945130716612096	34
-0.105707553903688	0.24209559233044	34
-0.063439963645915	0.433759375644929	87
-0.050765407779736	0.397951579506695	87
0.08179724414012	1.34680511104188	87
0.017150366753461	1.04597232820399	87
-0.064049093349901	0.591358001044218	87
-0.113637895030139	0.45228530255186	87
-0.080094704647062	0.812024243720145	87
-0.038586920322128	0.474938155600675	87
-0.103181311578033	0.262292701908221	87
-0.060601980712962	0.521056903395878	87
-0.101424209151643	0.599940008331479	87
-0.094402481023044	0.580620468702284	87
-0.101236437775042	0.253593637605649	34
0.095075480925707	1.56484204742761	87
-0.048950600784937	0.611577954730232	87
-0.056411880273374	0.966152809453125	87
0.00413128468469598	1.57368456469484	87
0.034749576731131	1.47832274583764	87
-0.076440388517908	0.441744525238918	87
-0.100070529333279	0.610176969726361	87
-0.062651846836217	0.825376539976485	87
-0.024850621944612	1.06716678226247	87
0.017928521842414	1.73628030319723	87
-0.098736430980876	0.679383543138775	87
-0.011468647735103	0.719194095585552	87
-0.077209492365354	0.410353895479041	87
0.063227042075387	0.43630364716845	87
-0.029260364604277	1.09543794264162	87
-0.085715090427781	0.719761348924872	87
-0.07213895823471	0.463984743236789	87
-0.108177493015152	0.478399990273213	34
-0.065901217535949	0.459192147834815	34
0.023140299127262	1.09987303236938	87
0.025530449333917	1.18461113178491	87
0.00258139412344799	1.14305609600035	87
-0.102566319300424	0.693232391896042	87
0.093143801071062	1.41464717517071	87
-0.072062946663438	0.732211944054876	87
-0.00241477720129099	0.756267298545976	87
-0.078367170881556	0.651931377705978	87
-0.112705669799199	0.630932147651924	87
-0.109613754501883	0.621004943307432	87
-0.117324543192393	0.200494814548296	87
-0.116044482129201	0.484937097164156	87
-0.00258731925824199	0.763956267994657	34
0.094681177461104	1.12368543269779	87
-0.036076788797224	0.571243050538253	87
-0.08597937906602	0.418493847947234	87
-0.099733845904442	0.64406084968727	87
-0.064496858934859	0.841126055162538	87
-0.069937769963278	0.820539171333697	87
0.025897564120008	1.35324236064466	87
-0.074627097087914	0.822238125054719	87
-0.124854351087176	0.492098697578551	87
-0.046729460073692	0.91441535381427	87
-0.081641149363648	0.69393493277919	87
0.03667856863251	1.54295593780556	87
-0.119556927375933	0.4835039037952	87
-0.042251661016114	0.560287259310034	87
-0.077784692027739	0.841875520048412	87
0.051453869987368	1.25467751246301	87
-0.093270743912852	0.46218929024375	87
0.053798705925614	1.75567700675286	87
0.013523822757168	1.44874344867666	87
-0.044529819022644	1.01003402953232	87
-0.112145348745654	0.487495649091831	87
-0.014200563072776	1.20664840774952	87
0.018182071025374	1.30345293788594	87
-0.067359968243989	0.725070051926705	87
-0.046855972178734	0.8141635695354	87
-0.031906383304092	0.681056808863851	87
-0.061766567275975	0.631705895361109	34
-0.107778013405868	0.297190939615346	34
-0.096548735782171	0.430918776231825	34
-0.045286095601443	0.470282298315476	87
-0.020364986789126	0.635316770756519	87
-0.108103348014124	0.272492630756364	87
0.031958109159885	1.24893414073929	87
-0.090924024646449	0.588702825114796	87
-0.122404467239188	0.530609205741675	87
-0.033091548735853	1.09575602296195	87
-0.057269135668528	0.745895738807984	87
-0.065907354968768	0.865020235248057	87
-0.052977339410122	0.919166193309801	87
-0.084555400131606	0.684382610896257	87
-0.018901108759237	0.861548971962214	87
-0.118870208905958	0.539862244005734	87
-0.086765528355472	0.658738029618394	34
-0.105881452771101	0.531318399555201	34
-0.039837498306767	0.851295760899668	34
-0.016655087489951	0.750904203128698	34
0.069173425141181	1.24662366093881	34
0.094663068302635	1.10140746169743	34
0.110480339115005	0.947582732974244	34
-0.08219584228789	0.448435918344338	87
-0.101965542781562	0.523460412719319	87
-0.102866701144165	0.582750869310414	87
-0.124970166993069	0.521230413760465	87
-0.095445816586958	0.460619338509339	87
-0.056904039293982	0.621784830387864	87
-0.012194784896027	1.28833766929087	87
0.092714318447406	1.10671197810674	87
0.04270220204188	0.963253460747278	87
-0.053684827121576	0.411698648142024	87
-0.065889950149383	0.441560896968661	87
0.012796321168535	1.36710889627109	34
-0.011098299286733	0.695126022791287	34
-0.007484016998481	0.644187152186521	87
-0.098445651950159	0.38581089890354	87
-0.03358684134932	0.609383246008547	87
-0.074175067197658	0.608493101381295	87
-0.086737483632684	0.633242357290312	87
-0.054961339413588	0.925644032326285	87
-0.032555301982074	1.09821106463074	87
0.042587053029033	1.10671031370793	87
-0.115035868550755	0.384548447804401	34
-0.067449480210946	0.684172520660562	34
-0.117328467187622	0.330834694958352	34
-0.011502619402422	0.689391047020195	87
-0.100522311624251	0.506879586669364	87
0.106411596013678	1.80878686068877	87
0.033980428814132	1.42704103001551	87
-0.091674601482478	0.7638315789286	87
-0.036003169463893	1.16489252991763	87
-0.057023631204213	0.908580510108367	87
-0.117310255957151	0.414512671778562	87
-0.033447467643541	1.06030566621984	87
-0.057373085896319	0.840229409749264	87
-0.039316143517452	1.13036232584271	87
-0.008237472936484	1.4471643232355	87
-0.093943977159102	0.719434347679752	87
-0.072384430721287	0.784447732009642	87
-0.117342799962842	0.424557187917633	87
-0.079749633468779	0.569964264480512	87
0.00513663745973503	0.820481022371514	87
-0.097715517325715	0.379020734111692	34
-0.078905019300192	0.299495120217376	34
-0.118677758000313	0.491786584771746	34
-0.00646010988089599	0.73470264418571	34
-0.123109545074591	0.364225276630599	34
-0.118117073923785	0.253776498953879	34
-0.01047067191879	1.70930104160834	87
-0.096766729426567	0.60685576920931	87
0.070556980360033	2.27907222453197	87
-0.030510422661173	1.17482414178279	87
-0.109156316286409	0.648739207081334	87
-0.059736598788909	1.01853058179625	87
0.00486965326899302	1.19729012046348	87
-0.082204125231645	0.783452308422994	87
-0.037599964078644	0.709941300214659	34
-0.074531109424571	0.629495908836457	34
-0.123869177994228	0.397187933128608	34
0.014257815849428	0.909628070152839	34
0.082089747006244	1.04520607471057	87
0.023694089064604	0.773489722417727	87
-0.073023304102426	0.73441629920608	87
-0.046621102571169	0.669564965123419	87
-0.021544049135435	0.658618790961524	87
-0.088687464183213	0.677689078031119	87
0.101030368623296	1.46980882424353	87
-0.044756946598448	0.913555758646854	87
-0.105224009780531	0.639202979297196	87
0.020486912333084	1.71098447368085	87
-0.122667758250618	0.488977042351749	87
-0.112190023205681	0.389248105584801	87
0.028988146822464	0.939084844185036	355
-0.045493870239844	0.363583445875287	355
0.00612140234944403	1.36361094383457	34
-0.116967814139229	0.67132947721461	87
0.049827620985571	1.04988374079524	87
-0.051837429519167	0.90225826357407	87
-0.099699413551978	0.595089506669937	87
-0.108654098659237	0.58384613510422	87
-0.105769707730884	0.623492694043242	87
-0.047543385687575	1.01123119328617	87
-0.079373577785402	0.830030745851837	87
-0.09832795206517	0.696383161339768	87
-0.101551410859039	0.642302571291614	87
-0.066618991040632	0.459477395380938	355
-0.065408846037174	0.535188491482341	355
-0.061021134641813	0.707689228171236	355
-0.060590426574041	0.614810834975049	34
-0.121517771746612	0.425556503038748	34
-0.110189370643819	0.700728661693039	87
0.020086335195029	0.568995380209841	87
-0.012668129988205	0.688691529360987	87
0.090263211526146	1.21364482231277	87
-0.022212542194185	0.48846061095882	87
0.066431385072216	1.68931014517836	87
-0.117402065651521	0.680136060116759	87
-0.102588286200299	0.668926683463509	87
-0.112263949593878	0.597846015041289	87
-0.113293306930626	0.520632521774837	87
-0.055256110531073	0.95067213172305	87
-0.113242235800018	0.635143992576619	87
-0.090059830051069	0.458961559320346	87
-0.111663238623017	0.33485348613213	87
-0.107091292784074	0.360664807434176	355
-0.010767966811618	1.30261267050462	355
-0.06649342729454	0.494280534893115	34
-0.074256004886638	0.518017219970175	34
0.113409913083382	1.02681981976001	34
-0.062993748397987	1.19334531837306	87
-0.035353030348587	0.548434437009326	87
-0.120510641149099	0.476132535673996	87
-0.071614757423161	0.775330011674814	87
0.048667007619658	1.62187050809806	87
-0.084679021261997	0.939483040665281	87
-0.078612748148921	0.988594685652947	87
-0.097003906538887	0.677067821277589	87
-0.054123038328661	0.556882401476816	87
-0.095377031392075	0.364166277890867	87
0.066136904303053	1.3190650863996	87
-0.124653655320715	0.610934157737347	87
-0.122170675428217	0.319610735452245	87
-0.045610677663069	0.329021222129707	355
-0.027158468739505	0.495896357188888	355
-0.097620349394689	0.6905803884995	355
0.007752055926602	1.27679165370614	87
-0.113617037862706	0.407393640328098	87
-0.029189339465264	1.22173339937484	87
-0.119443504292629	0.600239121677469	87
-0.10077163119983	0.599196317326799	87
-0.124640341088813	0.588953456817399	87
0.076074297022472	1.11419752968529	355
-0.012608245913464	0.818074060836649	355
-0.023308354658754	0.74071430405476	355
-0.030181064673639	1.01410952471822	355
-0.014862581523042	0.807053576342841	34
-0.089732100086659	0.302123862871	34
0.055679629108448	0.743764003814491	34
-0.061211400396433	0.718340153712	87
-0.088305639088731	0.785188386907285	87
-0.108030294470359	0.645202295646513	87
0.01079605194805	1.61897218620089	87
-0.061497340164803	0.71456036379378	87
-0.099077747342066	0.555659578923163	87
-0.066259915339911	1.00083779372578	87
-0.00330162402841	1.45071815663111	87
-0.036844043303586	1.16699626839262	87
-0.090618852753179	0.788097197288156	87
-0.115043379872955	0.629565691740893	87
-0.072293978632275	0.43050566405478	355
0.03857371433144	1.17936440579654	355
-0.101004137511829	0.796022033209849	87
0.00945501422679001	1.73335881678663	87
-0.096015545528332	0.791700385673544	87
-0.084187844202707	0.847920449613243	87
-0.037511186815976	1.2605556741676	87
-0.060910355260038	1.07370137256899	87
0.010289983499373	1.5879330390088	87
-0.102141711072974	0.639334710044279	87
-0.085768269922389	0.749717112559382	34
-0.051970523660129	0.808448897298838	34
-0.071102526349358	0.663362122868494	355
-0.110606479323686	0.587576119980785	355
0.021684204709574	1.43047956303523	355
-0.104960962773129	0.538234868142258	355
-0.119323909957044	0.476547648780375	355
-0.082734631169821	0.598347453399948	355
-0.112824359605482	0.87494068455733	87
-0.040493953722297	1.30930357806132	87
-0.080891220559948	0.917730672980438	87
-0.094496592650561	0.557013819011567	87
-0.119155570746674	0.459277173380273	87
0.023113965335364	1.74805384320985	87
0.060269611342784	2.08792483588609	87
-0.018201742599185	1.36280417250475	87
-0.033171591516071	1.21121919372742	87
-0.0965719056089	0.696070634011089	87
-0.078848949881846	0.645980365291783	87
-0.084236079732512	0.822290737972119	34
-0.034727127177288	1.17495351309758	34
-0.069497867120202	0.800157016955785	355
-0.089147966902173	0.644287706226152	355
-0.046191446781011	0.58270145989318	34
0.02736285254263	0.748643377474477	34
-0.089697495890532	0.828018266674593	87
0.073116046432487	1.99609482572918	87
-0.08486245485305	0.913874503421182	87
-0.095449042354745	0.771096598512662	87
-0.049412817148538	0.908997965465953	87
0.095215929059167	1.12622660762352	87
-0.073998852700399	0.857136865284637	34
-0.119855206204246	0.520555336353818	34
-0.03374479101766	1.1652766156928	34
0.069312997888386	0.989438113263585	355
-0.076210761940581	0.700779027002566	355
0.018523757689011	1.44875058694874	355
-0.108182935095513	0.633705603921229	87
-0.012767489670188	1.26881606663071	87
-0.103321434040747	0.285857433737793	87
-0.037843648458896	0.741923531230147	87
-0.110268385639149	0.368036046948073	87
-0.00859730146891999	0.971890242514207	87
-0.091127836879767	0.820676891064848	87
-0.027764968695413	0.425906770379148	87
0.00505322933137897	1.26509571482938	34
-0.108240532281215	0.551364537113133	34
-0.06174970736126	0.787836638611937	34
-0.087729911076361	0.559324117949082	34
-0.099882771167665	0.195029816820438	355
0.047216145821234	1.17824315429674	355
-0.102004765631275	0.279366129345463	34
-0.106562625571976	1.03472596625337	87
-0.037841419868916	1.51352892237288	87
-0.092585532456908	0.795234898371024	87
-0.02776076452653	1.282621736786	87
-0.095632808149699	0.756188024946702	87
0.109494752593517	1.18525307919158	87
0.00683996866880399	1.05041907974532	87
-0.049008845894253	0.701876177649409	87
-0.088801307062918	0.376309994009667	34
0.11542996443987	0.620844038663462	87
-0.108912159531547	0.55401427406672	34
0.108458225793341	2.22433317793567	34
0.042834300288177	1.76615727767049	34
-0.093139895346271	0.517724398870828	34
-0.11669629421937	0.24874781475299	34
-0.073752780679551	0.643993132651771	355
-0.114214281962344	1.07119680160907	87
-0.079637049594718	0.935668494669519	87
0.00292458656347899	1.4096276200219	87
-0.030754691192278	0.308264435811849	87
-0.084399852139483	0.284949640650397	87
-0.121304664563801	0.492263976908622	34
-0.059435998712949	0.909323594712161	34
0.049503427047597	1.29951870726749	34
-0.100481332797089	0.24150717608261	34
-0.094333519226426	0.316928221424123	355
-0.073016010934077	0.509503905018906	355
-0.065549828093584	0.463010078887239	355
-0.081160601431322	0.801979109692013	87
-0.031340075276568	0.621501042352436	87
-0.052236050073831	0.788638431522071	87
-0.103740140486207	0.590219408236079	87
-0.094943962775176	0.438866425821157	34
-0.010165279084528	0.945687805475076	34
-0.042063606172916	0.431328119831546	34
-0.089774072303876	0.330962333834719	34
-0.094751831725181	1.01072106174185	87
-0.0245275527611	1.53270565367817	87
-0.060077106841119	1.06895760062675	87
-0.119152278846054	0.565989518401687	87
0.118789718321748	1.87509732480993	87
-0.105471253965082	0.242564332579739	87
-0.08625476386969	0.519287706883812	34
0.050423397023912	1.68008028837659	34
-0.116946109501224	0.501223236495496	34
0.064190720737799	1.03835396344854	34
-0.034365344751962	0.494870251328539	34
0.036667164525249	1.45115734071457	87
-0.109927334684334	0.629161507469286	87
-0.055647119757098	1.04430830413063	87
-0.11124241113744	0.358665557612458	34
-0.060752068228917	0.777191240940991	34
-0.013029702696616	0.995662989418045	34
-0.06527652988792	0.624241028756415	34
-0.097007422637938	0.641048533197419	34
-0.00755636431583101	0.643935048293136	34
-0.12273225435645	0.396004668429433	34
-0.02872535443231	0.462162544573705	34
-0.005990266547691	1.4668078465301	87
-0.089571975699224	0.711587336085916	87
-0.009487227973666	1.18845013761822	87
-0.112786411658389	0.394258973794982	87
-0.034862018767952	0.707778112112505	87
-0.122770005223668	0.462647369929116	34
-0.028364346282821	0.978230649926748	34
-0.123639720274386	0.461312258435551	34
-0.059261328658687	0.76548728224783	34
-0.045013511060983	1.15870522439079	87
-0.090040858136683	0.771029167331683	87
-0.084664568708509	0.390921195516617	87
0.00850905820251901	0.938975365744473	34
-0.06977431457735	0.647985858324259	34
-0.082435026002479	0.487154880763037	34
-0.112027249445686	0.50639557329203	34
-0.093607815097554	0.596272044039028	34
0.044414020519867	1.62558593142743	34
-0.118869113330864	0.611096507998925	87
-0.080135149935795	0.867735887032262	87
-0.110493176011151	0.565537138921204	87
-0.102597205780993	0.415489222125757	34
-0.070299052701287	0.60444028598264	34
-0.109997630802058	0.489512591944619	34
-0.096482570183918	0.505387567693552	34
-0.091531271319407	0.711918877199055	87
-0.07811151259892	0.891384552172759	87
-0.03772955407843	1.16820499522145	87
-0.06150564432192	0.881908982005596	87
-0.094578909184799	0.642152514099057	87
-0.099987564756367	0.580692231797522	87
0.045844165068176	1.59786725252753	87
-0.024605456261106	0.757851645436811	87
0.002278457040716	0.995169637867291	34
0.029240928254633	0.761615178799656	34
-0.0958852603804	0.739488376589189	87
-0.074282304624815	0.743299215287504	87
-0.077193233582341	0.603459502682367	87
-0.024962925384754	0.844086674225505	87
-0.058810571339323	0.610630960237134	87
-0.006972456415135	0.685280478222978	87
0.050449678526406	1.4899838529337	34
-0.108241942557363	0.425929591566041	34
-0.111636226601493	0.402060049347554	34
-0.076933001566685	1.12893606847984	87
-0.07768450320447	0.910489095695899	87
-0.084757385273881	0.942887933815361	87
-0.052118222798895	0.948265065918805	87
-0.049155193528259	1.06448723186392	87
-0.11206481368581	0.402039449431861	87
-0.052724118535688	0.85280260290462	87
0.032283289890262	1.31170257626651	34
0.066578859830514	1.4911356547381	34
-0.050157160256829	0.56180652105506	34
-0.116820408854302	1.12321535705547	87
-0.111360213496926	0.783548122679531	87
-0.036511841619468	1.29812102618715	87
-0.123893537930579	0.602793318445519	87
-0.077522669820161	0.941625290578567	87
-0.050451259437461	1.06676046034745	87
-0.023834146767075	1.14658730539586	87
-0.009720471580624	0.873290745172842	87
-0.021444899424425	0.873289894510346	87
-0.099964985193997	0.609963558607873	87
-0.058020217326613	0.74370070541808	87
-0.116451065009992	0.335256424591121	87
-0.032986044925545	0.745024754355808	34
-0.088442710459543	0.406042409101396	34
-0.106749448019372	0.333375947595525	34
-0.080545748290107	1.44570517868127	87
-0.11732521804958	0.734832773753602	87
-0.031223156107223	1.20045974330608	87
0.041160256070259	1.97977341688452	87
-0.063106186622496	0.927685526746265	87
-0.097597665952789	0.513110406843302	87
-0.088200746914158	0.524272181985198	34
-0.048101144474424	1.1685911957761	87
-0.0488401321794	1.27628857866649	87
-0.111924901337893	0.63742932288024	87
0.00253044719586198	1.17529292676507	87
-0.054898920500576	0.59398510083521	87
0.046429920497139	1.34366542956904	87
-0.09619034389551	0.608902385325166	87
-0.105169451305729	0.327619310578557	34
-0.123097021553711	0.780468336988485	87
-0.120927634802503	0.581985161889182	87
-0.082658960596822	0.953908525597212	87
-0.100798180919375	0.725395636032375	87
-0.097777797832233	0.654488949129696	87
0.105902959848526	0.871266631292458	87
0.104923944831273	1.36033704620852	87
0.047949037404386	0.763275792685647	87
-0.11686425103151	0.51746122066989	87
-0.083631295841262	0.844495339892431	87
-0.10904608366044	0.560856025809555	87
-0.117052671341606	0.501676353000454	87
0.018610089360113	1.56709105019971	87
-0.054362269387257	1.15896913752136	87
-0.101557694458669	0.32889273482185	87
-0.085725566512233	0.688868140290085	87
-0.030237763300233	0.486656539502822	87
-0.111741924223914	0.361359495461466	87
-0.091366661715515	0.295674253819548	87
-0.12330675835208	0.866890403665209	87
-0.024504937102536	1.04957949620171	87
-0.06540547140752	0.698779111751389	87
-0.089258915510864	0.70208641552289	87
-0.118793506835888	0.650324994736526	87
-0.037655260638362	1.14745462418337	87
-0.089916761851527	0.516747400031231	87
-0.022153600519216	0.715265341170782	87
0.113639838940433	0.993910919440222	87
0.08942602347073	0.841085815665931	87
0.017052322960375	1.66359761056143	87
-0.085324031435022	0.48568080255373	87
-0.117182422814326	0.26594510125015	87
-0.114297822573868	0.77820065687795	87
-0.100569373338586	0.531503894071006	87
0.029988876355177	1.6855349459136	87
-0.096728934547308	0.695187770026531	87
-0.052378702997019	0.934598382715511	87
-0.066008371840975	0.92084715818401	87
-0.052158880808938	0.977642752131059	87
-0.106674451039697	0.414759845521537	87
-0.119598942210977	0.410009817030405	87
-0.109304629738324	0.51232745401332	87
-0.123380621611142	0.522906922791107	87
-0.112137275262307	0.455545523827255	87
0.061148239372756	1.01110762559415	87
0.011380264986307	1.15794956404608	87
0.00544951004276101	1.15917218918866	87
-0.070765626822007	1.36060050846971	87
0.040097189985997	1.65933154811803	87
0.078608852085471	2.03496148299164	87
-0.06844144055192	0.829781046727477	87
-0.099244677541497	0.497446059858919	87
0.055732658943018	1.67987693190902	87
-0.123440366815732	0.439978580433633	87
-0.09651702681766	0.479325583033329	87
-0.082663924453227	0.448943606698808	87
-0.046923866687386	0.956668948008054	87
-0.116944715939853	0.642708711845284	87
-0.099144323950004	0.63436904473602	87
-0.114866573327304	0.446702435640971	87
-0.108461474834718	0.561852289686226	87
-0.086933909671753	0.86229139551109	87
-0.023749922638847	1.38829649201346	87
0.00397441041088198	0.965827498502606	87
-0.097527890950005	0.599573319403139	87
-0.104679429787629	0.415923052720853	87
-0.033590994524264	0.940470652841961	87
-0.115172478242811	0.574039494382952	87
-0.116449278857104	0.548806262609126	87
-0.118132188987212	0.566134906377606	87
-0.110709182755758	0.308401354741957	87
-0.010947381168215	1.18663109906485	87
0.022903684658448	0.716427359058511	87
-0.005215652941085	0.652219267313017	87
0.00944431798671103	0.614112467459855	87
0.013273400072215	1.5761294368038	87
-0.120353329916311	0.505519532834737	87
0.042085785190377	0.948996741354335	87
0.059392230356087	1.80461083763263	87
-0.053631597788341	0.96704232211815	87
-0.100385197970475	0.731031029765034	87
-0.090087218057123	0.64695497347018	87
0.020280944401447	1.16111250987777	87
-0.058176511946216	0.514473746676964	87
-0.113757165970991	0.50233814622769	87
0.091762361204352	1.40613853174779	87
-0.1096928818101	0.670647999162502	87
-0.051389361677589	0.965751619020497	87
0.044742750430456	0.896924822328478	87
-0.02448419243995	1.15588805215578	87
-0.09006213983185	1.186256395292	87
-0.098903234015515	0.746128690440144	87
-0.04900655726694	1.07022819578019	87
-0.059314968867296	0.959018178159025	87
-0.123699471547217	0.467501227738604	87
-0.012973137873746	0.975804582806526	87
-0.117390223025281	0.374456236753269	87
-0.11902611523846	0.524346054071653	87
-0.111221214666823	0.532550199291558	87
-0.078757197754347	0.7213296199186	87
-0.080679162992501	0.657420703591408	87
-0.046072800005867	1.28615296345158	87
0.00233115358717201	1.2818234937203	87
-0.012162252667247	1.13443802539196	87
0.023195998262465	0.885956793768875	87
0.018362723109886	1.0087771743058	87
-0.09427360556759	0.6616140059883	87
0.05988679206932	2.29276119755124	87
-0.104617448017004	0.730120807330508	87
-0.019809060048896	1.149455013851	87
-0.05090726307759	0.812785424372779	87
-0.042873401820959	0.767935758621401	87
-0.116585864475556	0.46485758635074	87
-0.072816317824578	0.906645117816235	87
-0.123721209804993	0.496643670460318	87
-0.012447252075179	0.826719969855578	87
-0.113451184519182	0.440988193542722	87
-0.096139841387093	1.0166279745366	87
-0.107231387886343	0.627692779104551	87
-0.100778333584652	0.599432522221059	87
-0.049950235801766	0.585125606256363	87
-0.037995677683247	0.585823688324793	87
-0.008669771447403	0.472472335265511	87
-0.113182018516992	0.580984478976749	87
-0.064675541254405	0.608259015992654	87
-0.105563848089824	0.863304454484601	87
-0.040193134813791	0.988379390411885	87
-0.080002585006924	0.835750761590498	87
-0.123823468292086	0.402834111590193	87
-0.098078716715961	0.629755425216828	87
-0.061725513987365	0.457236679076184	87
-0.095685993501941	0.629010661135742	87
0.02139259723354	1.10280598485403	87
-0.063949772379222	0.348896476303492	87
-0.078813616831931	0.953874343467873	87
-0.105856300643417	0.656568119162327	87
-0.096293767115182	0.361476293735171	87
-0.102797194452369	0.300861925212542	87
-0.020218051723936	1.54903657725644	87
-0.032613844092878	0.373763592969636	87
0.102691319688131	0.817729395899631	87
-0.09898453143452	0.860560148476172	87
-0.120793284797759	0.388665420662389	87
0.068460157241934	2.05440123028811	87
-0.024664863795261	0.638875742894752	87
-0.097135518458237	0.469003531745481	87
-0.034592590698209	1.12829849052794	87
0.037441430490557	1.18287990742111	87
-0.047107109019433	1.40927816563967	87
-0.120143043593766	0.611121797007448	87
-0.033114761887795	1.11099834081586	87
-0.119223185684915	0.628467778223788	87
-0.100976224192655	0.528128208222067	87
-0.112553617261924	1.33981551235941	87
-0.091470159988974	0.910104615472897	87
-0.088620827683826	0.692460609698665	87
-0.035236036002874	0.927932093197855	87
0.011279401867235	1.25098279377342	87
-0.115315848521026	0.631821264797467	87
-0.109848290611986	0.781537422072755	87
-0.113593643303702	0.717652696883076	87
0.00910256556683298	1.66302898393027	87
-0.057616665100506	0.79309035518596	87
0.067323980611065	2.30304626966032	87
-0.000463602714686012	1.6435494686208	87
-0.074566120655071	0.886631530601381	87
-0.087268409742416	0.629073045375344	87
-0.115206549934209	0.586939146387367	87
-0.074587732101916	0.854310309406812	87
-0.119008069833946	0.466517727851869	87
-0.052845921827538	0.852057915847685	87
-0.109876135254598	0.627718818618207	87
-0.085318571437783	0.689395469053205	87
-0.102087664094101	0.486907547778209	87
-0.067497039865572	1.23944083416036	87
-0.08876734343429	0.741327594819566	87
-0.02685485341208	1.22192004323388	87
-0.025682539330535	1.78219737796985	87
-0.061325990406399	0.608838818963548	87
-0.11341449648529	0.610215216433622	87
-0.106185992697303	0.655756781496963	87
-0.086327049543386	0.687858381350623	87
-0.067028115934058	0.611093674326601	87
-0.100512288785068	0.88110294817911	87
-0.095784735632361	0.782422321109893	87
0.015851406131561	1.80048532008265	87
-0.110072036590563	0.747143617509517	87
0.02733933231336	1.20517002336975	87
0.040623747010149	1.22335975848179	87
-0.010010413792304	1.56546833108496	87
0.100550249651231	1.87576505574484	87
-0.103107192305381	0.728939306620586	87
-0.099069002305782	1.3026739754206	87
-0.120261425783523	0.58259328312896	87
-0.103615147719119	0.650261489589179	87
-0.119700158096004	0.472084152550692	87
-0.119840464051124	0.410379414803842	87
-0.098344812661887	0.980998200778951	87
-0.09010377481614	0.781501852196085	87
-0.115611616155446	1.02543400091388	87
-0.118594042313641	0.858362767844363	87
-0.113185293188201	0.625221800153099	87
