group	fill	colour	clickSelects
1	#FFFFFF	#D3D3D3	87
2	#FFFFFF	#D3D3D3	87
3	#FFFFFF	#D3D3D3	2
4	#FFFFFF	#D3D3D3	2
5	#FFFFFF	#D3D3D3	2
6	#FFFFFF	#D3D3D3	2
7	#FFFFFF	#D3D3D3	2
8	#FFFFFF	#D3D3D3	2
9	#FFFFFF	#D3D3D3	2
10	#FFFFFF	#D3D3D3	2
11	#FFFFFF	#D3D3D3	2
12	#FFFFFF	#D3D3D3	2
13	#FFFFFF	#D3D3D3	2
14	#FFFFFF	#D3D3D3	2
15	#FFFFFF	#D3D3D3	2
16	#FFFFFF	#D3D3D3	2
17	#FFFFFF	#D3D3D3	2
18	#FFFFFF	#D3D3D3	2
19	#FFFFFF	#D3D3D3	2
20	#FFFFFF	#D3D3D3	2
21	#FFFFFF	#D3D3D3	2
22	#FFFFFF	#D3D3D3	2
23	#FFFFFF	#D3D3D3	2
24	#FFFFFF	#D3D3D3	234
25	#FFFFFF	#D3D3D3	2
26	#FFFFFF	#D3D3D3	234
27	#FFFFFF	#D3D3D3	234
28	#FFFFFF	#D3D3D3	234
29	#FFFFFF	#D3D3D3	2
30	#FFFFFF	#D3D3D3	2
31	#FFFFFF	#D3D3D3	2
32	#FFFFFF	#D3D3D3	2
36	#FFFFFF	#D3D3D3	56
46	#FFFFFF	#D3D3D3	2
47	#FFFFFF	#D3D3D3	56
48	#FFFFFF	#D3D3D3	56
49	#FFFFFF	#D3D3D3	2
50	#FFFFFF	#D3D3D3	2
52	#FFFFFF	#D3D3D3	87
53	#FFFFFF	#D3D3D3	2
54	#FFFFFF	#D3D3D3	2
55	#FFFFFF	#D3D3D3	2
56	#FFFFFF	#D3D3D3	2
57	#FFFFFF	#D3D3D3	2
58	#FFFFFF	#D3D3D3	2
59	#FFFFFF	#D3D3D3	2
60	#FFFFFF	#D3D3D3	2
61	#FFFFFF	#D3D3D3	2
62	#FFFFFF	#D3D3D3	2
63	#FFFFFF	#D3D3D3	2
64	#FFFFFF	#D3D3D3	2
65	#FFFFFF	#D3D3D3	2
66	#FFFFFF	#D3D3D3	2
67	#FFFFFF	#D3D3D3	2
68	#FFFFFF	#D3D3D3	2
69	#FFFFFF	#D3D3D3	2
70	#FFFFFF	#D3D3D3	2
71	#FFFFFF	#D3D3D3	2
72	#FFFFFF	#D3D3D3	2
73	#FFFFFF	#D3D3D3	2
74	#FFFFFF	#D3D3D3	2
75	#FFFFFF	#D3D3D3	2
76	#FFFFFF	#D3D3D3	234
77	#FFFFFF	#D3D3D3	234
78	#FFFFFF	#D3D3D3	234
79	#FFFFFF	#D3D3D3	2
80	#FFFFFF	#D3D3D3	2
81	#FFFFFF	#D3D3D3	2
82	#FFFFFF	#D3D3D3	2
83	#FFFFFF	#D3D3D3	2
86	#FFFFFF	#D3D3D3	2
97	#FFFFFF	#D3D3D3	56
98	#FFFFFF	#D3D3D3	56
99	#FFFFFF	#D3D3D3	56
100	#FFFFFF	#D3D3D3	2
101	#FFFFFF	#D3D3D3	2
102	#FFFFFF	#D3D3D3	87
103	#FFFFFF	#D3D3D3	87
104	#FFFFFF	#D3D3D3	2
105	#FFFFFF	#D3D3D3	2
106	#FFFFFF	#D3D3D3	2
107	#FFFFFF	#D3D3D3	2
108	#FFFFFF	#D3D3D3	2
109	#FFFFFF	#D3D3D3	2
110	#FFFFFF	#D3D3D3	2
111	#FFFFFF	#D3D3D3	2
112	#FFFFFF	#D3D3D3	2
113	#FFFFFF	#D3D3D3	2
114	#FFFFFF	#D3D3D3	2
115	#FFFFFF	#D3D3D3	2
116	#FFFFFF	#D3D3D3	2
117	#FFFFFF	#D3D3D3	2
118	#FFFFFF	#D3D3D3	2
119	#FFFFFF	#D3D3D3	2
120	#FFFFFF	#D3D3D3	2
121	#FFFFFF	#D3D3D3	2
122	#FFFFFF	#D3D3D3	2
123	#FFFFFF	#D3D3D3	234
124	#FFFFFF	#D3D3D3	2
125	#FFFFFF	#D3D3D3	234
126	#FFFFFF	#D3D3D3	56
127	#FFFFFF	#D3D3D3	234
128	#FFFFFF	#D3D3D3	234
129	#FFFFFF	#D3D3D3	2
130	#FFFFFF	#D3D3D3	2
131	#FFFFFF	#D3D3D3	2
132	#FFFFFF	#D3D3D3	2
133	#FFFFFF	#D3D3D3	2
134	#FFFFFF	#D3D3D3	2
137	#FFFFFF	#D3D3D3	56
147	#FFFFFF	#D3D3D3	56
148	#FFFFFF	#D3D3D3	56
149	#FFFFFF	#D3D3D3	2
150	#FFFFFF	#D3D3D3	2
151	#FFFFFF	#D3D3D3	2
153	#FFFFFF	#D3D3D3	2
154	#FFFFFF	#D3D3D3	56
155	#FFFFFF	#D3D3D3	56
156	#FFFFFF	#D3D3D3	56
157	#FFFFFF	#D3D3D3	56
158	#FFFFFF	#D3D3D3	56
159	#FFFFFF	#D3D3D3	2
160	#FFFFFF	#D3D3D3	2
161	#FFFFFF	#D3D3D3	2
162	#FFFFFF	#D3D3D3	2
163	#FFFFFF	#D3D3D3	2
164	#FFFFFF	#D3D3D3	85
165	#FFFFFF	#D3D3D3	56
166	#FFFFFF	#D3D3D3	85
167	#FFFFFF	#D3D3D3	85
168	#FFFFFF	#D3D3D3	368
169	#FFFFFF	#D3D3D3	85
170	#FFFFFF	#D3D3D3	85
171	#FFFFFF	#D3D3D3	85
172	#FFFFFF	#D3D3D3	85
173	#FFFFFF	#D3D3D3	2
174	#FFFFFF	#D3D3D3	2
175	#FFFFFF	#D3D3D3	2
176	#FFFFFF	#D3D3D3	2
177	#FFFFFF	#D3D3D3	335
178	#FFFFFF	#D3D3D3	335
179	#FFFFFF	#D3D3D3	2
180	#FFFFFF	#D3D3D3	335
181	#FFFFFF	#D3D3D3	335
182	#FFFFFF	#D3D3D3	2
183	#FFFFFF	#D3D3D3	2
184	#FFFFFF	#D3D3D3	2
185	#FFFFFF	#D3D3D3	2
186	#FFFFFF	#D3D3D3	2
187	#FFFFFF	#D3D3D3	2
188	#FFFFFF	#D3D3D3	2
189	#FFFFFF	#D3D3D3	2
190	#FFFFFF	#D3D3D3	2
191	#FFFFFF	#D3D3D3	2
192	#FFFFFF	#D3D3D3	2
193	#FFFFFF	#D3D3D3	2
194	#FFFFFF	#D3D3D3	2
198	#FFFFFF	#D3D3D3	2
199	#FFFFFF	#D3D3D3	2
200	#FFFFFF	#D3D3D3	56
201	#FFFFFF	#D3D3D3	56
202	#FFFFFF	#D3D3D3	56
203	#FFFFFF	#D3D3D3	2
204	#FFFFFF	#D3D3D3	2
205	#FFFFFF	#D3D3D3	2
206	#FFFFFF	#D3D3D3	56
207	#FFFFFF	#D3D3D3	56
208	#FFFFFF	#D3D3D3	56
209	#FFFFFF	#D3D3D3	56
210	#FFFFFF	#D3D3D3	2
211	#FFFFFF	#D3D3D3	2
212	#FFFFFF	#D3D3D3	2
213	#FFFFFF	#D3D3D3	2
214	#FFFFFF	#D3D3D3	85
215	#FFFFFF	#D3D3D3	2
216	#FFFFFF	#D3D3D3	56
217	#FFFFFF	#D3D3D3	85
218	#FFFFFF	#D3D3D3	85
219	#FFFFFF	#D3D3D3	85
220	#FFFFFF	#D3D3D3	85
221	#FFFFFF	#D3D3D3	85
222	#FFFFFF	#D3D3D3	85
223	#FFFFFF	#D3D3D3	2
224	#FFFFFF	#D3D3D3	2
225	#FFFFFF	#D3D3D3	2
226	#FFFFFF	#D3D3D3	2
227	#FFFFFF	#D3D3D3	2
228	#FFFFFF	#D3D3D3	335
229	#FFFFFF	#D3D3D3	335
230	#FFFFFF	#D3D3D3	335
231	#FFFFFF	#D3D3D3	335
232	#FFFFFF	#D3D3D3	335
233	#FFFFFF	#D3D3D3	2
234	#FFFFFF	#D3D3D3	2
235	#FFFFFF	#D3D3D3	2
236	#FFFFFF	#D3D3D3	2
237	#FFFFFF	#D3D3D3	2
238	#FFFFFF	#D3D3D3	2
239	#FFFFFF	#D3D3D3	2
240	#FFFFFF	#D3D3D3	2
241	#FFFFFF	#D3D3D3	2
242	#FFFFFF	#D3D3D3	2
243	#FFFFFF	#D3D3D3	2
244	#FFFFFF	#D3D3D3	2
245	#FFFFFF	#D3D3D3	2
248	#FFFFFF	#D3D3D3	2
249	#FFFFFF	#D3D3D3	56
250	#FFFFFF	#D3D3D3	56
251	#FFFFFF	#D3D3D3	56
252	#FFFFFF	#D3D3D3	56
254	#FFFFFF	#D3D3D3	2
255	#FFFFFF	#D3D3D3	2
256	#FFFFFF	#D3D3D3	56
257	#FFFFFF	#D3D3D3	56
258	#FFFFFF	#D3D3D3	56
259	#FFFFFF	#D3D3D3	56
260	#FFFFFF	#D3D3D3	56
261	#FFFFFF	#D3D3D3	2
262	#FFFFFF	#D3D3D3	2
263	#FFFFFF	#D3D3D3	2
264	#FFFFFF	#D3D3D3	2
265	#FFFFFF	#D3D3D3	2
266	#FFFFFF	#D3D3D3	56
267	#FFFFFF	#D3D3D3	85
268	#FFFFFF	#D3D3D3	85
269	#FFFFFF	#D3D3D3	85
270	#FFFFFF	#D3D3D3	85
271	#FFFFFF	#D3D3D3	85
272	#FFFFFF	#D3D3D3	2
273	#FFFFFF	#D3D3D3	2
274	#FFFFFF	#D3D3D3	2
275	#FFFFFF	#D3D3D3	2
276	#FFFFFF	#D3D3D3	335
277	#FFFFFF	#D3D3D3	2
278	#FFFFFF	#D3D3D3	335
279	#FFFFFF	#D3D3D3	2
280	#FFFFFF	#D3D3D3	335
281	#FFFFFF	#D3D3D3	335
282	#FFFFFF	#D3D3D3	2
283	#FFFFFF	#D3D3D3	2
284	#FFFFFF	#D3D3D3	2
285	#FFFFFF	#D3D3D3	2
286	#FFFFFF	#D3D3D3	2
287	#FFFFFF	#D3D3D3	2
288	#FFFFFF	#D3D3D3	2
289	#FFFFFF	#D3D3D3	2
290	#FFFFFF	#D3D3D3	2
291	#FFFFFF	#D3D3D3	2
292	#FFFFFF	#D3D3D3	2
293	#FFFFFF	#D3D3D3	2
294	#FFFFFF	#D3D3D3	2
295	#FFFFFF	#D3D3D3	2
296	#FFFFFF	#D3D3D3	2
299	#FFFFFF	#D3D3D3	56
300	#FFFFFF	#D3D3D3	56
301	#FFFFFF	#D3D3D3	56
302	#FFFFFF	#D3D3D3	56
303	#FFFFFF	#D3D3D3	56
304	#FFFFFF	#D3D3D3	2
305	#FFFFFF	#D3D3D3	2
306	#FFFFFF	#D3D3D3	2
307	#FFFFFF	#D3D3D3	56
308	#FFFFFF	#D3D3D3	56
309	#FFFFFF	#D3D3D3	56
310	#FFFFFF	#D3D3D3	56
311	#FFFFFF	#D3D3D3	56
312	#FFFFFF	#D3D3D3	2
313	#FFFFFF	#D3D3D3	2
314	#FFFFFF	#D3D3D3	2
315	#FFFFFF	#D3D3D3	2
316	#FFFFFF	#D3D3D3	85
317	#FFFFFF	#D3D3D3	56
318	#FFFFFF	#D3D3D3	85
319	#FFFFFF	#D3D3D3	256
320	#FFFFFF	#D3D3D3	85
321	#FFFFFF	#D3D3D3	85
322	#FFFFFF	#D3D3D3	85
323	#FFFFFF	#D3D3D3	2
324	#FFFFFF	#D3D3D3	2
325	#FFFFFF	#D3D3D3	2
326	#FFFFFF	#D3D3D3	2
327	#FFFFFF	#D3D3D3	335
328	#FFFFFF	#D3D3D3	2
329	#FFFFFF	#D3D3D3	335
330	#FFFFFF	#D3D3D3	2
331	#FFFFFF	#D3D3D3	335
332	#FFFFFF	#D3D3D3	335
333	#FFFFFF	#D3D3D3	2
334	#FFFFFF	#D3D3D3	2
335	#FFFFFF	#D3D3D3	2
336	#FFFFFF	#D3D3D3	2
337	#FFFFFF	#D3D3D3	2
338	#FFFFFF	#D3D3D3	2
339	#FFFFFF	#D3D3D3	2
340	#FFFFFF	#D3D3D3	2
341	#FFFFFF	#D3D3D3	81
342	#FFFFFF	#D3D3D3	2
343	#FFFFFF	#D3D3D3	2
344	#FFFFFF	#D3D3D3	2
345	#FFFFFF	#D3D3D3	2
346	#FFFFFF	#D3D3D3	2
347	#FFFFFF	#D3D3D3	2
349	#FFFFFF	#D3D3D3	56
350	#FFFFFF	#D3D3D3	56
351	#FFFFFF	#D3D3D3	56
352	#FFFFFF	#D3D3D3	56
353	#FFFFFF	#D3D3D3	56
355	#FFFFFF	#D3D3D3	2
356	#FFFFFF	#D3D3D3	2
357	#FFFFFF	#D3D3D3	56
358	#FFFFFF	#D3D3D3	56
359	#FFFFFF	#D3D3D3	56
360	#FFFFFF	#D3D3D3	56
361	#FFFFFF	#D3D3D3	2
362	#FFFFFF	#D3D3D3	56
363	#FFFFFF	#D3D3D3	2
364	#FFFFFF	#D3D3D3	2
365	#FFFFFF	#D3D3D3	85
366	#FFFFFF	#D3D3D3	85
367	#FFFFFF	#D3D3D3	2
368	#FFFFFF	#D3D3D3	85
369	#FFFFFF	#D3D3D3	324
370	#FFFFFF	#D3D3D3	324
371	#FFFFFF	#D3D3D3	324
372	#FFFFFF	#D3D3D3	85
373	#FFFFFF	#D3D3D3	85
374	#FFFFFF	#D3D3D3	2
375	#FFFFFF	#D3D3D3	2
376	#FFFFFF	#D3D3D3	2
377	#FFFFFF	#D3D3D3	335
378	#FFFFFF	#D3D3D3	2
379	#FFFFFF	#D3D3D3	2
380	#FFFFFF	#D3D3D3	2
381	#FFFFFF	#D3D3D3	335
382	#FFFFFF	#D3D3D3	335
383	#FFFFFF	#D3D3D3	335
384	#FFFFFF	#D3D3D3	2
385	#FFFFFF	#D3D3D3	2
386	#FFFFFF	#D3D3D3	2
387	#FFFFFF	#D3D3D3	2
388	#FFFFFF	#D3D3D3	2
389	#FFFFFF	#D3D3D3	56
390	#FFFFFF	#D3D3D3	81
391	#FFFFFF	#D3D3D3	2
392	#FFFFFF	#D3D3D3	81
393	#FFFFFF	#D3D3D3	2
394	#FFFFFF	#D3D3D3	2
395	#FFFFFF	#D3D3D3	2
396	#FFFFFF	#D3D3D3	2
397	#FFFFFF	#D3D3D3	287
398	#FFFFFF	#D3D3D3	404
400	#FFFFFF	#D3D3D3	56
401	#FFFFFF	#D3D3D3	56
402	#FFFFFF	#D3D3D3	56
403	#FFFFFF	#D3D3D3	56
404	#FFFFFF	#D3D3D3	56
405	#FFFFFF	#D3D3D3	2
406	#FFFFFF	#D3D3D3	2
407	#FFFFFF	#D3D3D3	2
408	#FFFFFF	#D3D3D3	56
409	#FFFFFF	#D3D3D3	56
410	#FFFFFF	#D3D3D3	56
411	#FFFFFF	#D3D3D3	56
412	#FFFFFF	#D3D3D3	2
413	#FFFFFF	#D3D3D3	2
414	#FFFFFF	#D3D3D3	2
415	#FFFFFF	#D3D3D3	2
416	#FFFFFF	#D3D3D3	85
417	#FFFFFF	#D3D3D3	85
418	#FFFFFF	#D3D3D3	2
419	#FFFFFF	#D3D3D3	85
420	#FFFFFF	#D3D3D3	324
421	#FFFFFF	#D3D3D3	324
422	#FFFFFF	#D3D3D3	85
423	#FFFFFF	#D3D3D3	85
424	#FFFFFF	#D3D3D3	2
425	#FFFFFF	#D3D3D3	2
426	#FFFFFF	#D3D3D3	335
427	#FFFFFF	#D3D3D3	335
428	#FFFFFF	#D3D3D3	335
429	#FFFFFF	#D3D3D3	56
430	#FFFFFF	#D3D3D3	2
431	#FFFFFF	#D3D3D3	335
432	#FFFFFF	#D3D3D3	335
433	#FFFFFF	#D3D3D3	335
434	#FFFFFF	#D3D3D3	2
435	#FFFFFF	#D3D3D3	2
436	#FFFFFF	#D3D3D3	2
437	#FFFFFF	#D3D3D3	2
438	#FFFFFF	#D3D3D3	2
439	#FFFFFF	#D3D3D3	2
440	#FFFFFF	#D3D3D3	56
441	#FFFFFF	#D3D3D3	81
442	#FFFFFF	#D3D3D3	81
443	#FFFFFF	#D3D3D3	81
444	#FFFFFF	#D3D3D3	81
445	#FFFFFF	#D3D3D3	2
446	#FFFFFF	#D3D3D3	2
447	#FFFFFF	#D3D3D3	2
448	#FFFFFF	#D3D3D3	287
449	#FFFFFF	#D3D3D3	287
450	#FFFFFF	#D3D3D3	56
451	#FFFFFF	#D3D3D3	56
452	#FFFFFF	#D3D3D3	56
453	#FFFFFF	#D3D3D3	56
454	#FFFFFF	#D3D3D3	56
456	#FFFFFF	#D3D3D3	2
457	#FFFFFF	#D3D3D3	2
458	#FFFFFF	#D3D3D3	56
459	#FFFFFF	#D3D3D3	56
460	#FFFFFF	#D3D3D3	56
461	#FFFFFF	#D3D3D3	2
462	#FFFFFF	#D3D3D3	2
463	#FFFFFF	#D3D3D3	2
464	#FFFFFF	#D3D3D3	2
465	#FFFFFF	#D3D3D3	2
466	#FFFFFF	#D3D3D3	2
467	#FFFFFF	#D3D3D3	85
468	#FFFFFF	#D3D3D3	2
469	#FFFFFF	#D3D3D3	85
470	#FFFFFF	#D3D3D3	324
471	#FFFFFF	#D3D3D3	85
472	#FFFFFF	#D3D3D3	85
473	#FFFFFF	#D3D3D3	2
474	#FFFFFF	#D3D3D3	2
475	#FFFFFF	#D3D3D3	2
476	#FFFFFF	#D3D3D3	2
477	#FFFFFF	#D3D3D3	335
478	#FFFFFF	#D3D3D3	335
479	#FFFFFF	#D3D3D3	56
480	#FFFFFF	#D3D3D3	2
481	#FFFFFF	#D3D3D3	2
482	#FFFFFF	#D3D3D3	335
483	#FFFFFF	#D3D3D3	335
484	#FFFFFF	#D3D3D3	2
485	#FFFFFF	#D3D3D3	2
486	#FFFFFF	#D3D3D3	2
487	#FFFFFF	#D3D3D3	2
488	#FFFFFF	#D3D3D3	2
489	#FFFFFF	#D3D3D3	81
490	#FFFFFF	#D3D3D3	56
491	#FFFFFF	#D3D3D3	81
492	#FFFFFF	#D3D3D3	81
493	#FFFFFF	#D3D3D3	81
494	#FFFFFF	#D3D3D3	81
495	#FFFFFF	#D3D3D3	81
496	#FFFFFF	#D3D3D3	2
497	#FFFFFF	#D3D3D3	2
498	#FFFFFF	#D3D3D3	287
499	#FFFFFF	#D3D3D3	287
501	#FFFFFF	#D3D3D3	56
502	#FFFFFF	#D3D3D3	56
503	#FFFFFF	#D3D3D3	56
504	#FFFFFF	#D3D3D3	56
505	#FFFFFF	#D3D3D3	56
506	#FFFFFF	#D3D3D3	2
507	#FFFFFF	#D3D3D3	2
508	#FFFFFF	#D3D3D3	2
509	#FFFFFF	#D3D3D3	56
510	#FFFFFF	#D3D3D3	56
511	#FFFFFF	#D3D3D3	2
512	#FFFFFF	#D3D3D3	2
513	#FFFFFF	#D3D3D3	2
514	#FFFFFF	#D3D3D3	2
515	#FFFFFF	#D3D3D3	2
516	#FFFFFF	#D3D3D3	2
517	#FFFFFF	#D3D3D3	85
518	#FFFFFF	#D3D3D3	85
519	#FFFFFF	#D3D3D3	2
520	#FFFFFF	#D3D3D3	85
521	#FFFFFF	#D3D3D3	2
522	#FFFFFF	#D3D3D3	85
523	#FFFFFF	#D3D3D3	2
524	#FFFFFF	#D3D3D3	2
525	#FFFFFF	#D3D3D3	2
526	#FFFFFF	#D3D3D3	2
527	#FFFFFF	#D3D3D3	2
528	#FFFFFF	#D3D3D3	335
529	#FFFFFF	#D3D3D3	2
530	#FFFFFF	#D3D3D3	2
531	#FFFFFF	#D3D3D3	2
532	#FFFFFF	#D3D3D3	335
533	#FFFFFF	#D3D3D3	335
534	#FFFFFF	#D3D3D3	335
535	#FFFFFF	#D3D3D3	2
536	#FFFFFF	#D3D3D3	2
537	#FFFFFF	#D3D3D3	81
538	#FFFFFF	#D3D3D3	81
539	#FFFFFF	#D3D3D3	81
540	#FFFFFF	#D3D3D3	81
541	#FFFFFF	#D3D3D3	2
542	#FFFFFF	#D3D3D3	81
543	#FFFFFF	#D3D3D3	81
544	#FFFFFF	#D3D3D3	81
545	#FFFFFF	#D3D3D3	81
546	#FFFFFF	#D3D3D3	81
547	#FFFFFF	#D3D3D3	2
548	#FFFFFF	#D3D3D3	287
549	#FFFFFF	#D3D3D3	287
551	#FFFFFF	#D3D3D3	56
552	#FFFFFF	#D3D3D3	56
553	#FFFFFF	#D3D3D3	56
554	#FFFFFF	#D3D3D3	56
555	#FFFFFF	#D3D3D3	56
557	#FFFFFF	#D3D3D3	2
558	#FFFFFF	#D3D3D3	2
559	#FFFFFF	#D3D3D3	2
560	#FFFFFF	#D3D3D3	56
561	#FFFFFF	#D3D3D3	56
562	#FFFFFF	#D3D3D3	2
563	#FFFFFF	#D3D3D3	2
564	#FFFFFF	#D3D3D3	2
565	#FFFFFF	#D3D3D3	2
566	#FFFFFF	#D3D3D3	2
567	#FFFFFF	#D3D3D3	2
568	#FFFFFF	#D3D3D3	85
569	#FFFFFF	#D3D3D3	2
570	#FFFFFF	#D3D3D3	2
571	#FFFFFF	#D3D3D3	2
572	#FFFFFF	#D3D3D3	2
573	#FFFFFF	#D3D3D3	2
574	#FFFFFF	#D3D3D3	2
575	#FFFFFF	#D3D3D3	2
576	#FFFFFF	#D3D3D3	2
577	#FFFFFF	#D3D3D3	2
578	#FFFFFF	#D3D3D3	335
579	#FFFFFF	#D3D3D3	335
580	#FFFFFF	#D3D3D3	2
581	#FFFFFF	#D3D3D3	2
582	#FFFFFF	#D3D3D3	335
583	#FFFFFF	#D3D3D3	335
584	#FFFFFF	#D3D3D3	335
585	#FFFFFF	#D3D3D3	2
586	#FFFFFF	#D3D3D3	2
587	#FFFFFF	#D3D3D3	2
588	#FFFFFF	#D3D3D3	81
589	#FFFFFF	#D3D3D3	81
590	#FFFFFF	#D3D3D3	81
591	#FFFFFF	#D3D3D3	2
592	#FFFFFF	#D3D3D3	81
593	#FFFFFF	#D3D3D3	81
594	#FFFFFF	#D3D3D3	81
595	#FFFFFF	#D3D3D3	81
596	#FFFFFF	#D3D3D3	81
597	#FFFFFF	#D3D3D3	81
598	#FFFFFF	#D3D3D3	287
599	#FFFFFF	#D3D3D3	287
600	#FFFFFF	#D3D3D3	287
602	#FFFFFF	#D3D3D3	56
603	#FFFFFF	#D3D3D3	56
604	#FFFFFF	#D3D3D3	56
605	#FFFFFF	#D3D3D3	56
606	#FFFFFF	#D3D3D3	56
607	#FFFFFF	#D3D3D3	2
608	#FFFFFF	#D3D3D3	2
609	#FFFFFF	#D3D3D3	2
610	#FFFFFF	#D3D3D3	2
611	#FFFFFF	#D3D3D3	56
612	#FFFFFF	#D3D3D3	2
613	#FFFFFF	#D3D3D3	2
614	#FFFFFF	#D3D3D3	2
615	#FFFFFF	#D3D3D3	2
616	#FFFFFF	#D3D3D3	2
617	#FFFFFF	#D3D3D3	2
618	#FFFFFF	#D3D3D3	2
619	#FFFFFF	#D3D3D3	2
620	#FFFFFF	#D3D3D3	2
621	#FFFFFF	#D3D3D3	2
622	#FFFFFF	#D3D3D3	2
623	#FFFFFF	#D3D3D3	2
624	#FFFFFF	#D3D3D3	2
625	#FFFFFF	#D3D3D3	2
626	#FFFFFF	#D3D3D3	2
627	#FFFFFF	#D3D3D3	2
628	#FFFFFF	#D3D3D3	335
629	#FFFFFF	#D3D3D3	2
630	#FFFFFF	#D3D3D3	335
631	#FFFFFF	#D3D3D3	2
632	#FFFFFF	#D3D3D3	2
633	#FFFFFF	#D3D3D3	335
634	#FFFFFF	#D3D3D3	335
635	#FFFFFF	#D3D3D3	2
636	#FFFFFF	#D3D3D3	2
637	#FFFFFF	#D3D3D3	2
638	#FFFFFF	#D3D3D3	81
639	#FFFFFF	#D3D3D3	81
640	#FFFFFF	#D3D3D3	81
641	#FFFFFF	#D3D3D3	81
642	#FFFFFF	#D3D3D3	2
643	#FFFFFF	#D3D3D3	81
644	#FFFFFF	#D3D3D3	81
645	#FFFFFF	#D3D3D3	81
646	#FFFFFF	#D3D3D3	81
647	#FFFFFF	#D3D3D3	81
648	#FFFFFF	#D3D3D3	86
649	#FFFFFF	#D3D3D3	287
652	#FFFFFF	#D3D3D3	56
653	#FFFFFF	#D3D3D3	56
654	#FFFFFF	#D3D3D3	56
655	#FFFFFF	#D3D3D3	56
656	#FFFFFF	#D3D3D3	2
658	#FFFFFF	#D3D3D3	255
659	#FFFFFF	#D3D3D3	2
660	#FFFFFF	#D3D3D3	56
661	#FFFFFF	#D3D3D3	2
662	#FFFFFF	#D3D3D3	2
663	#FFFFFF	#D3D3D3	56
664	#FFFFFF	#D3D3D3	2
665	#FFFFFF	#D3D3D3	2
666	#FFFFFF	#D3D3D3	2
667	#FFFFFF	#D3D3D3	2
668	#FFFFFF	#D3D3D3	2
669	#FFFFFF	#D3D3D3	2
670	#FFFFFF	#D3D3D3	2
671	#FFFFFF	#D3D3D3	2
672	#FFFFFF	#D3D3D3	2
673	#FFFFFF	#D3D3D3	2
674	#FFFFFF	#D3D3D3	2
675	#FFFFFF	#D3D3D3	2
676	#FFFFFF	#D3D3D3	2
677	#FFFFFF	#D3D3D3	2
678	#FFFFFF	#D3D3D3	2
679	#FFFFFF	#D3D3D3	2
680	#FFFFFF	#D3D3D3	2
681	#FFFFFF	#D3D3D3	2
682	#FFFFFF	#D3D3D3	2
683	#FFFFFF	#D3D3D3	2
684	#FFFFFF	#D3D3D3	335
685	#FFFFFF	#D3D3D3	335
686	#FFFFFF	#D3D3D3	2
687	#FFFFFF	#D3D3D3	2
688	#FFFFFF	#D3D3D3	81
689	#FFFFFF	#D3D3D3	81
690	#FFFFFF	#D3D3D3	2
691	#FFFFFF	#D3D3D3	81
692	#FFFFFF	#D3D3D3	2
693	#FFFFFF	#D3D3D3	81
694	#FFFFFF	#D3D3D3	81
695	#FFFFFF	#D3D3D3	81
696	#FFFFFF	#D3D3D3	2
697	#FFFFFF	#D3D3D3	81
698	#FFFFFF	#D3D3D3	81
699	#FFFFFF	#D3D3D3	86
703	#FFFFFF	#D3D3D3	56
704	#FFFFFF	#D3D3D3	56
705	#FFFFFF	#D3D3D3	56
706	#FFFFFF	#D3D3D3	56
707	#FFFFFF	#D3D3D3	56
708	#FFFFFF	#D3D3D3	255
709	#FFFFFF	#D3D3D3	255
710	#FFFFFF	#D3D3D3	2
711	#FFFFFF	#D3D3D3	56
712	#FFFFFF	#D3D3D3	2
713	#FFFFFF	#D3D3D3	56
714	#FFFFFF	#D3D3D3	56
715	#FFFFFF	#D3D3D3	2
716	#FFFFFF	#D3D3D3	2
717	#FFFFFF	#D3D3D3	2
718	#FFFFFF	#D3D3D3	2
719	#FFFFFF	#D3D3D3	56
720	#FFFFFF	#D3D3D3	2
721	#FFFFFF	#D3D3D3	2
722	#FFFFFF	#D3D3D3	2
723	#FFFFFF	#D3D3D3	2
724	#FFFFFF	#D3D3D3	2
725	#FFFFFF	#D3D3D3	2
726	#FFFFFF	#D3D3D3	2
727	#FFFFFF	#D3D3D3	2
728	#FFFFFF	#D3D3D3	2
729	#FFFFFF	#D3D3D3	2
730	#FFFFFF	#D3D3D3	2
731	#FFFFFF	#D3D3D3	2
732	#FFFFFF	#D3D3D3	2
733	#FFFFFF	#D3D3D3	2
734	#FFFFFF	#D3D3D3	2
735	#FFFFFF	#D3D3D3	335
736	#FFFFFF	#D3D3D3	2
737	#FFFFFF	#D3D3D3	2
738	#FFFFFF	#D3D3D3	81
739	#FFFFFF	#D3D3D3	81
740	#FFFFFF	#D3D3D3	2
741	#FFFFFF	#D3D3D3	81
742	#FFFFFF	#D3D3D3	81
743	#FFFFFF	#D3D3D3	56
744	#FFFFFF	#D3D3D3	81
745	#FFFFFF	#D3D3D3	81
746	#FFFFFF	#D3D3D3	2
747	#FFFFFF	#D3D3D3	81
748	#FFFFFF	#D3D3D3	81
749	#FFFFFF	#D3D3D3	86
750	#FFFFFF	#D3D3D3	293
753	#FFFFFF	#D3D3D3	56
754	#FFFFFF	#D3D3D3	2
755	#FFFFFF	#D3D3D3	2
756	#FFFFFF	#D3D3D3	2
757	#FFFFFF	#D3D3D3	56
759	#FFFFFF	#D3D3D3	255
760	#FFFFFF	#D3D3D3	2
761	#FFFFFF	#D3D3D3	56
762	#FFFFFF	#D3D3D3	56
763	#FFFFFF	#D3D3D3	56
764	#FFFFFF	#D3D3D3	56
765	#FFFFFF	#D3D3D3	56
766	#FFFFFF	#D3D3D3	2
767	#FFFFFF	#D3D3D3	2
768	#FFFFFF	#D3D3D3	2
769	#FFFFFF	#D3D3D3	56
770	#FFFFFF	#D3D3D3	56
771	#FFFFFF	#D3D3D3	2
772	#FFFFFF	#D3D3D3	2
773	#FFFFFF	#D3D3D3	2
774	#FFFFFF	#D3D3D3	2
775	#FFFFFF	#D3D3D3	2
776	#FFFFFF	#D3D3D3	2
777	#FFFFFF	#D3D3D3	2
778	#FFFFFF	#D3D3D3	2
779	#FFFFFF	#D3D3D3	2
780	#FFFFFF	#D3D3D3	2
781	#FFFFFF	#D3D3D3	2
782	#FFFFFF	#D3D3D3	2
783	#FFFFFF	#D3D3D3	2
784	#FFFFFF	#D3D3D3	2
785	#FFFFFF	#D3D3D3	2
786	#FFFFFF	#D3D3D3	2
787	#FFFFFF	#D3D3D3	2
788	#FFFFFF	#D3D3D3	2
789	#FFFFFF	#D3D3D3	2
790	#FFFFFF	#D3D3D3	2
791	#FFFFFF	#D3D3D3	81
792	#FFFFFF	#D3D3D3	81
793	#FFFFFF	#D3D3D3	2
794	#FFFFFF	#D3D3D3	81
795	#FFFFFF	#D3D3D3	81
796	#FFFFFF	#D3D3D3	2
797	#FFFFFF	#D3D3D3	2
798	#FFFFFF	#D3D3D3	81
799	#FFFFFF	#D3D3D3	81
800	#FFFFFF	#D3D3D3	86
804	#FFFFFF	#D3D3D3	56
805	#FFFFFF	#D3D3D3	2
806	#FFFFFF	#D3D3D3	2
807	#FFFFFF	#D3D3D3	2
808	#FFFFFF	#D3D3D3	56
809	#FFFFFF	#D3D3D3	255
810	#FFFFFF	#D3D3D3	255
811	#FFFFFF	#D3D3D3	255
812	#FFFFFF	#D3D3D3	56
813	#FFFFFF	#D3D3D3	56
814	#FFFFFF	#D3D3D3	56
815	#FFFFFF	#D3D3D3	56
816	#FFFFFF	#D3D3D3	56
817	#FFFFFF	#D3D3D3	56
818	#FFFFFF	#D3D3D3	56
819	#FFFFFF	#D3D3D3	2
820	#FFFFFF	#D3D3D3	56
821	#FFFFFF	#D3D3D3	2
822	#FFFFFF	#D3D3D3	2
823	#FFFFFF	#D3D3D3	56
824	#FFFFFF	#D3D3D3	2
825	#FFFFFF	#D3D3D3	2
826	#FFFFFF	#D3D3D3	2
827	#FFFFFF	#D3D3D3	2
828	#FFFFFF	#D3D3D3	2
829	#FFFFFF	#D3D3D3	2
830	#FFFFFF	#D3D3D3	2
831	#FFFFFF	#D3D3D3	2
832	#FFFFFF	#D3D3D3	2
833	#FFFFFF	#D3D3D3	2
834	#FFFFFF	#D3D3D3	2
835	#FFFFFF	#D3D3D3	2
836	#FFFFFF	#D3D3D3	2
837	#FFFFFF	#D3D3D3	2
838	#FFFFFF	#D3D3D3	2
839	#FFFFFF	#D3D3D3	2
840	#FFFFFF	#D3D3D3	2
841	#FFFFFF	#D3D3D3	2
842	#FFFFFF	#D3D3D3	81
843	#FFFFFF	#D3D3D3	81
844	#FFFFFF	#D3D3D3	56
845	#FFFFFF	#D3D3D3	81
846	#FFFFFF	#D3D3D3	2
847	#FFFFFF	#D3D3D3	2
848	#FFFFFF	#D3D3D3	81
849	#FFFFFF	#D3D3D3	81
852	#FFFFFF	#D3D3D3	378
854	#FFFFFF	#D3D3D3	56
855	#FFFFFF	#D3D3D3	2
856	#FFFFFF	#D3D3D3	2
857	#FFFFFF	#D3D3D3	2
858	#FFFFFF	#D3D3D3	56
860	#FFFFFF	#D3D3D3	255
861	#FFFFFF	#D3D3D3	255
862	#FFFFFF	#D3D3D3	56
863	#FFFFFF	#D3D3D3	56
864	#FFFFFF	#D3D3D3	56
865	#FFFFFF	#D3D3D3	56
866	#FFFFFF	#D3D3D3	56
867	#FFFFFF	#D3D3D3	56
868	#FFFFFF	#D3D3D3	56
869	#FFFFFF	#D3D3D3	2
870	#FFFFFF	#D3D3D3	56
871	#FFFFFF	#D3D3D3	56
872	#FFFFFF	#D3D3D3	2
873	#FFFFFF	#D3D3D3	56
874	#FFFFFF	#D3D3D3	2
875	#FFFFFF	#D3D3D3	2
876	#FFFFFF	#D3D3D3	2
877	#FFFFFF	#D3D3D3	2
878	#FFFFFF	#D3D3D3	2
879	#FFFFFF	#D3D3D3	2
880	#FFFFFF	#D3D3D3	2
881	#FFFFFF	#D3D3D3	2
882	#FFFFFF	#D3D3D3	2
883	#FFFFFF	#D3D3D3	56
884	#FFFFFF	#D3D3D3	2
885	#FFFFFF	#D3D3D3	2
886	#FFFFFF	#D3D3D3	2
887	#FFFFFF	#D3D3D3	2
888	#FFFFFF	#D3D3D3	2
889	#FFFFFF	#D3D3D3	2
890	#FFFFFF	#D3D3D3	2
891	#FFFFFF	#D3D3D3	2
892	#FFFFFF	#D3D3D3	81
893	#FFFFFF	#D3D3D3	81
894	#FFFFFF	#D3D3D3	56
895	#FFFFFF	#D3D3D3	81
896	#FFFFFF	#D3D3D3	81
897	#FFFFFF	#D3D3D3	2
898	#FFFFFF	#D3D3D3	2
899	#FFFFFF	#D3D3D3	81
905	#FFFFFF	#D3D3D3	2
906	#FFFFFF	#D3D3D3	2
907	#FFFFFF	#D3D3D3	2
908	#FFFFFF	#D3D3D3	2
909	#FFFFFF	#D3D3D3	2
910	#FFFFFF	#D3D3D3	255
911	#FFFFFF	#D3D3D3	255
912	#FFFFFF	#D3D3D3	255
913	#FFFFFF	#D3D3D3	56
914	#FFFFFF	#D3D3D3	56
915	#FFFFFF	#D3D3D3	56
916	#FFFFFF	#D3D3D3	56
917	#FFFFFF	#D3D3D3	56
918	#FFFFFF	#D3D3D3	56
919	#FFFFFF	#D3D3D3	56
920	#FFFFFF	#D3D3D3	2
921	#FFFFFF	#D3D3D3	56
922	#FFFFFF	#D3D3D3	56
923	#FFFFFF	#D3D3D3	2
924	#FFFFFF	#D3D3D3	2
925	#FFFFFF	#D3D3D3	2
926	#FFFFFF	#D3D3D3	2
927	#FFFFFF	#D3D3D3	2
928	#FFFFFF	#D3D3D3	2
929	#FFFFFF	#D3D3D3	2
930	#FFFFFF	#D3D3D3	2
931	#FFFFFF	#D3D3D3	2
932	#FFFFFF	#D3D3D3	2
933	#FFFFFF	#D3D3D3	2
934	#FFFFFF	#D3D3D3	56
935	#FFFFFF	#D3D3D3	2
936	#FFFFFF	#D3D3D3	2
937	#FFFFFF	#D3D3D3	2
938	#FFFFFF	#D3D3D3	2
939	#FFFFFF	#D3D3D3	2
940	#FFFFFF	#D3D3D3	2
941	#FFFFFF	#D3D3D3	2
942	#FFFFFF	#D3D3D3	2
943	#FFFFFF	#D3D3D3	81
944	#FFFFFF	#D3D3D3	81
945	#FFFFFF	#D3D3D3	2
946	#FFFFFF	#D3D3D3	81
947	#FFFFFF	#D3D3D3	2
948	#FFFFFF	#D3D3D3	2
949	#FFFFFF	#D3D3D3	2
950	#FFFFFF	#D3D3D3	294
954	#FFFFFF	#D3D3D3	81
955	#FFFFFF	#D3D3D3	2
956	#FFFFFF	#D3D3D3	2
957	#FFFFFF	#D3D3D3	2
958	#FFFFFF	#D3D3D3	2
959	#FFFFFF	#D3D3D3	2
961	#FFFFFF	#D3D3D3	255
962	#FFFFFF	#D3D3D3	255
963	#FFFFFF	#D3D3D3	2
964	#FFFFFF	#D3D3D3	2
965	#FFFFFF	#D3D3D3	56
966	#FFFFFF	#D3D3D3	56
967	#FFFFFF	#D3D3D3	56
968	#FFFFFF	#D3D3D3	56
969	#FFFFFF	#D3D3D3	56
970	#FFFFFF	#D3D3D3	56
971	#FFFFFF	#D3D3D3	2
972	#FFFFFF	#D3D3D3	56
973	#FFFFFF	#D3D3D3	2
974	#FFFFFF	#D3D3D3	56
975	#FFFFFF	#D3D3D3	56
976	#FFFFFF	#D3D3D3	2
977	#FFFFFF	#D3D3D3	2
978	#FFFFFF	#D3D3D3	2
979	#FFFFFF	#D3D3D3	92
980	#FFFFFF	#D3D3D3	2
981	#FFFFFF	#D3D3D3	2
982	#FFFFFF	#D3D3D3	92
983	#FFFFFF	#D3D3D3	2
984	#FFFFFF	#D3D3D3	56
985	#FFFFFF	#D3D3D3	2
986	#FFFFFF	#D3D3D3	2
987	#FFFFFF	#D3D3D3	2
988	#FFFFFF	#D3D3D3	2
989	#FFFFFF	#D3D3D3	2
990	#FFFFFF	#D3D3D3	2
991	#FFFFFF	#D3D3D3	2
992	#FFFFFF	#D3D3D3	2
993	#FFFFFF	#D3D3D3	81
994	#FFFFFF	#D3D3D3	81
995	#FFFFFF	#D3D3D3	56
996	#FFFFFF	#D3D3D3	81
997	#FFFFFF	#D3D3D3	2
998	#FFFFFF	#D3D3D3	2
999	#FFFFFF	#D3D3D3	2
1000	#FFFFFF	#D3D3D3	81
1004	#FFFFFF	#D3D3D3	81
1006	#FFFFFF	#D3D3D3	2
1007	#FFFFFF	#D3D3D3	2
1008	#FFFFFF	#D3D3D3	2
1009	#FFFFFF	#D3D3D3	2
1010	#FFFFFF	#D3D3D3	2
1011	#FFFFFF	#D3D3D3	255
1012	#FFFFFF	#D3D3D3	2
1013	#FFFFFF	#D3D3D3	2
1014	#FFFFFF	#D3D3D3	2
1015	#FFFFFF	#D3D3D3	2
1016	#FFFFFF	#D3D3D3	56
1017	#FFFFFF	#D3D3D3	56
1018	#FFFFFF	#D3D3D3	56
1019	#FFFFFF	#D3D3D3	56
1020	#FFFFFF	#D3D3D3	56
1021	#FFFFFF	#D3D3D3	56
1022	#FFFFFF	#D3D3D3	56
1023	#FFFFFF	#D3D3D3	56
1024	#FFFFFF	#D3D3D3	2
1025	#FFFFFF	#D3D3D3	56
1026	#FFFFFF	#D3D3D3	2
1027	#FFFFFF	#D3D3D3	2
1028	#FFFFFF	#D3D3D3	2
1029	#FFFFFF	#D3D3D3	2
1030	#FFFFFF	#D3D3D3	92
1031	#FFFFFF	#D3D3D3	92
1032	#FFFFFF	#D3D3D3	92
1033	#FFFFFF	#D3D3D3	92
1034	#FFFFFF	#D3D3D3	92
1035	#FFFFFF	#D3D3D3	56
1036	#FFFFFF	#D3D3D3	2
1037	#FFFFFF	#D3D3D3	2
1038	#FFFFFF	#D3D3D3	2
1039	#FFFFFF	#D3D3D3	2
1040	#FFFFFF	#D3D3D3	2
1041	#FFFFFF	#D3D3D3	2
1042	#FFFFFF	#D3D3D3	2
1043	#FFFFFF	#D3D3D3	81
1044	#FFFFFF	#D3D3D3	81
1045	#FFFFFF	#D3D3D3	81
1046	#FFFFFF	#D3D3D3	2
1047	#FFFFFF	#D3D3D3	81
1048	#FFFFFF	#D3D3D3	81
1049	#FFFFFF	#D3D3D3	2
1050	#FFFFFF	#D3D3D3	2
1054	#FFFFFF	#D3D3D3	81
1055	#FFFFFF	#D3D3D3	81
1056	#FFFFFF	#D3D3D3	2
1057	#FFFFFF	#D3D3D3	2
1058	#FFFFFF	#D3D3D3	2
1059	#FFFFFF	#D3D3D3	2
1060	#FFFFFF	#D3D3D3	2
1062	#FFFFFF	#D3D3D3	255
1063	#FFFFFF	#D3D3D3	2
1064	#FFFFFF	#D3D3D3	2
1065	#FFFFFF	#D3D3D3	2
1066	#FFFFFF	#D3D3D3	2
1067	#FFFFFF	#D3D3D3	2
1068	#FFFFFF	#D3D3D3	56
1069	#FFFFFF	#D3D3D3	56
1070	#FFFFFF	#D3D3D3	56
1071	#FFFFFF	#D3D3D3	56
1072	#FFFFFF	#D3D3D3	56
1073	#FFFFFF	#D3D3D3	56
1074	#FFFFFF	#D3D3D3	2
1075	#FFFFFF	#D3D3D3	56
1076	#FFFFFF	#D3D3D3	56
1077	#FFFFFF	#D3D3D3	2
1078	#FFFFFF	#D3D3D3	2
1079	#FFFFFF	#D3D3D3	2
1080	#FFFFFF	#D3D3D3	92
1081	#FFFFFF	#D3D3D3	92
1082	#FFFFFF	#D3D3D3	92
1083	#FFFFFF	#D3D3D3	92
1084	#FFFFFF	#D3D3D3	92
1085	#FFFFFF	#D3D3D3	2
1086	#FFFFFF	#D3D3D3	92
1087	#FFFFFF	#D3D3D3	2
1088	#FFFFFF	#D3D3D3	2
1089	#FFFFFF	#D3D3D3	2
1090	#FFFFFF	#D3D3D3	2
1091	#FFFFFF	#D3D3D3	2
1092	#FFFFFF	#D3D3D3	2
1093	#FFFFFF	#D3D3D3	2
1094	#FFFFFF	#D3D3D3	81
1095	#FFFFFF	#D3D3D3	403
1096	#FFFFFF	#D3D3D3	2
1097	#FFFFFF	#D3D3D3	81
1098	#FFFFFF	#D3D3D3	81
1099	#FFFFFF	#D3D3D3	2
1100	#FFFFFF	#D3D3D3	446
1104	#FFFFFF	#D3D3D3	81
1105	#FFFFFF	#D3D3D3	81
1107	#FFFFFF	#D3D3D3	255
1108	#FFFFFF	#D3D3D3	2
1109	#FFFFFF	#D3D3D3	2
1110	#FFFFFF	#D3D3D3	2
1111	#FFFFFF	#D3D3D3	2
1112	#FFFFFF	#D3D3D3	255
1113	#FFFFFF	#D3D3D3	255
1114	#FFFFFF	#D3D3D3	2
1115	#FFFFFF	#D3D3D3	2
1116	#FFFFFF	#D3D3D3	2
1117	#FFFFFF	#D3D3D3	2
1118	#FFFFFF	#D3D3D3	2
1119	#FFFFFF	#D3D3D3	56
1120	#FFFFFF	#D3D3D3	56
1121	#FFFFFF	#D3D3D3	56
1122	#FFFFFF	#D3D3D3	2
1123	#FFFFFF	#D3D3D3	56
1124	#FFFFFF	#D3D3D3	56
1125	#FFFFFF	#D3D3D3	2
1126	#FFFFFF	#D3D3D3	56
1127	#FFFFFF	#D3D3D3	2
1128	#FFFFFF	#D3D3D3	2
1129	#FFFFFF	#D3D3D3	2
1130	#FFFFFF	#D3D3D3	2
1131	#FFFFFF	#D3D3D3	92
1132	#FFFFFF	#D3D3D3	92
1133	#FFFFFF	#D3D3D3	92
1134	#FFFFFF	#D3D3D3	92
1135	#FFFFFF	#D3D3D3	92
1136	#FFFFFF	#D3D3D3	2
1137	#FFFFFF	#D3D3D3	92
1138	#FFFFFF	#D3D3D3	2
1139	#FFFFFF	#D3D3D3	2
1140	#FFFFFF	#D3D3D3	2
1141	#FFFFFF	#D3D3D3	2
1142	#FFFFFF	#D3D3D3	2
1143	#FFFFFF	#D3D3D3	2
1144	#FFFFFF	#D3D3D3	81
1145	#FFFFFF	#D3D3D3	2
1146	#FFFFFF	#D3D3D3	2
1147	#FFFFFF	#D3D3D3	2
1148	#FFFFFF	#D3D3D3	146
1149	#FFFFFF	#D3D3D3	2
1154	#FFFFFF	#D3D3D3	81
1155	#FFFFFF	#D3D3D3	81
1156	#FFFFFF	#D3D3D3	81
1157	#FFFFFF	#D3D3D3	255
1158	#FFFFFF	#D3D3D3	2
1159	#FFFFFF	#D3D3D3	2
1160	#FFFFFF	#D3D3D3	2
1161	#FFFFFF	#D3D3D3	2
1163	#FFFFFF	#D3D3D3	87
1164	#FFFFFF	#D3D3D3	2
1165	#FFFFFF	#D3D3D3	2
1166	#FFFFFF	#D3D3D3	56
1167	#FFFFFF	#D3D3D3	2
1168	#FFFFFF	#D3D3D3	2
1169	#FFFFFF	#D3D3D3	2
1170	#FFFFFF	#D3D3D3	2
1171	#FFFFFF	#D3D3D3	2
1172	#FFFFFF	#D3D3D3	2
1173	#FFFFFF	#D3D3D3	2
1174	#FFFFFF	#D3D3D3	85
1175	#FFFFFF	#D3D3D3	2
1176	#FFFFFF	#D3D3D3	2
1177	#FFFFFF	#D3D3D3	2
1178	#FFFFFF	#D3D3D3	2
1179	#FFFFFF	#D3D3D3	2
1180	#FFFFFF	#D3D3D3	2
1181	#FFFFFF	#D3D3D3	2
1182	#FFFFFF	#D3D3D3	2
1183	#FFFFFF	#D3D3D3	234
1184	#FFFFFF	#D3D3D3	2
1185	#FFFFFF	#D3D3D3	234
1186	#FFFFFF	#D3D3D3	56
1187	#FFFFFF	#D3D3D3	234
1188	#FFFFFF	#D3D3D3	2
1189	#FFFFFF	#D3D3D3	2
1190	#FFFFFF	#D3D3D3	2
1191	#FFFFFF	#D3D3D3	2
1192	#FFFFFF	#D3D3D3	2
1193	#FFFFFF	#D3D3D3	2
1194	#FFFFFF	#D3D3D3	2
1195	#FFFFFF	#D3D3D3	2
1197	#FFFFFF	#D3D3D3	56
1208	#FFFFFF	#D3D3D3	56
1209	#FFFFFF	#D3D3D3	56
1210	#FFFFFF	#D3D3D3	56
1211	#FFFFFF	#D3D3D3	2
1212	#FFFFFF	#D3D3D3	2
1213	#FFFFFF	#D3D3D3	87
1214	#FFFFFF	#D3D3D3	87
1215	#FFFFFF	#D3D3D3	2
1216	#FFFFFF	#D3D3D3	56
1217	#FFFFFF	#D3D3D3	56
1218	#FFFFFF	#D3D3D3	2
1219	#FFFFFF	#D3D3D3	2
1220	#FFFFFF	#D3D3D3	2
1221	#FFFFFF	#D3D3D3	2
1222	#FFFFFF	#D3D3D3	2
1223	#FFFFFF	#D3D3D3	2
1224	#FFFFFF	#D3D3D3	85
1225	#FFFFFF	#D3D3D3	85
1226	#FFFFFF	#D3D3D3	56
1227	#FFFFFF	#D3D3D3	85
1228	#FFFFFF	#D3D3D3	2
1229	#FFFFFF	#D3D3D3	2
1230	#FFFFFF	#D3D3D3	2
1231	#FFFFFF	#D3D3D3	2
1232	#FFFFFF	#D3D3D3	2
1233	#FFFFFF	#D3D3D3	234
1234	#FFFFFF	#D3D3D3	234
1235	#FFFFFF	#D3D3D3	234
1236	#FFFFFF	#D3D3D3	2
1237	#FFFFFF	#D3D3D3	56
1238	#FFFFFF	#D3D3D3	234
1239	#FFFFFF	#D3D3D3	2
1240	#FFFFFF	#D3D3D3	2
1241	#FFFFFF	#D3D3D3	2
1242	#FFFFFF	#D3D3D3	2
1243	#FFFFFF	#D3D3D3	2
1244	#FFFFFF	#D3D3D3	2
1245	#FFFFFF	#D3D3D3	2
1246	#FFFFFF	#D3D3D3	2
1248	#FFFFFF	#D3D3D3	56
1258	#FFFFFF	#D3D3D3	56
1259	#FFFFFF	#D3D3D3	56
1260	#FFFFFF	#D3D3D3	2
1261	#FFFFFF	#D3D3D3	2
1262	#FFFFFF	#D3D3D3	2
1264	#FFFFFF	#D3D3D3	255
1265	#FFFFFF	#D3D3D3	255
1266	#FFFFFF	#D3D3D3	2
1267	#FFFFFF	#D3D3D3	2
1268	#FFFFFF	#D3D3D3	2
1269	#FFFFFF	#D3D3D3	2
1270	#FFFFFF	#D3D3D3	56
1271	#FFFFFF	#D3D3D3	56
1272	#FFFFFF	#D3D3D3	56
1273	#FFFFFF	#D3D3D3	2
1274	#FFFFFF	#D3D3D3	2
1275	#FFFFFF	#D3D3D3	56
1276	#FFFFFF	#D3D3D3	2
1277	#FFFFFF	#D3D3D3	2
1278	#FFFFFF	#D3D3D3	2
1279	#FFFFFF	#D3D3D3	2
1280	#FFFFFF	#D3D3D3	2
1281	#FFFFFF	#D3D3D3	2
1282	#FFFFFF	#D3D3D3	2
1283	#FFFFFF	#D3D3D3	92
1284	#FFFFFF	#D3D3D3	92
1285	#FFFFFF	#D3D3D3	92
1286	#FFFFFF	#D3D3D3	92
1287	#FFFFFF	#D3D3D3	255
1288	#FFFFFF	#D3D3D3	92
1289	#FFFFFF	#D3D3D3	2
1290	#FFFFFF	#D3D3D3	127
1291	#FFFFFF	#D3D3D3	2
1292	#FFFFFF	#D3D3D3	2
1293	#FFFFFF	#D3D3D3	2
1294	#FFFFFF	#D3D3D3	2
1295	#FFFFFF	#D3D3D3	2
1296	#FFFFFF	#D3D3D3	2
1297	#FFFFFF	#D3D3D3	2
1298	#FFFFFF	#D3D3D3	2
1299	#FFFFFF	#D3D3D3	416
1300	#FFFFFF	#D3D3D3	2
1305	#FFFFFF	#D3D3D3	81
1306	#FFFFFF	#D3D3D3	81
1307	#FFFFFF	#D3D3D3	81
1309	#FFFFFF	#D3D3D3	255
1310	#FFFFFF	#D3D3D3	2
1311	#FFFFFF	#D3D3D3	2
1312	#FFFFFF	#D3D3D3	2
1313	#FFFFFF	#D3D3D3	56
1314	#FFFFFF	#D3D3D3	255
1315	#FFFFFF	#D3D3D3	255
1316	#FFFFFF	#D3D3D3	2
1317	#FFFFFF	#D3D3D3	56
1318	#FFFFFF	#D3D3D3	56
1319	#FFFFFF	#D3D3D3	56
1320	#FFFFFF	#D3D3D3	56
1321	#FFFFFF	#D3D3D3	56
1322	#FFFFFF	#D3D3D3	2
1323	#FFFFFF	#D3D3D3	2
1324	#FFFFFF	#D3D3D3	56
1325	#FFFFFF	#D3D3D3	2
1326	#FFFFFF	#D3D3D3	56
1327	#FFFFFF	#D3D3D3	2
1328	#FFFFFF	#D3D3D3	2
1329	#FFFFFF	#D3D3D3	2
1330	#FFFFFF	#D3D3D3	2
1331	#FFFFFF	#D3D3D3	2
1332	#FFFFFF	#D3D3D3	2
1333	#FFFFFF	#D3D3D3	92
1334	#FFFFFF	#D3D3D3	92
1335	#FFFFFF	#D3D3D3	2
1336	#FFFFFF	#D3D3D3	2
1337	#FFFFFF	#D3D3D3	92
1338	#FFFFFF	#D3D3D3	255
1339	#FFFFFF	#D3D3D3	2
1340	#FFFFFF	#D3D3D3	2
1341	#FFFFFF	#D3D3D3	127
1342	#FFFFFF	#D3D3D3	2
1343	#FFFFFF	#D3D3D3	2
1344	#FFFFFF	#D3D3D3	2
1345	#FFFFFF	#D3D3D3	2
1346	#FFFFFF	#D3D3D3	2
1347	#FFFFFF	#D3D3D3	2
1348	#FFFFFF	#D3D3D3	2
1349	#FFFFFF	#D3D3D3	255
1350	#FFFFFF	#D3D3D3	2
1355	#FFFFFF	#D3D3D3	2
1356	#FFFFFF	#D3D3D3	2
1357	#FFFFFF	#D3D3D3	81
1358	#FFFFFF	#D3D3D3	2
1359	#FFFFFF	#D3D3D3	2
1360	#FFFFFF	#D3D3D3	2
1361	#FFFFFF	#D3D3D3	2
1362	#FFFFFF	#D3D3D3	56
1363	#FFFFFF	#D3D3D3	56
1365	#FFFFFF	#D3D3D3	255
1366	#FFFFFF	#D3D3D3	255
1367	#FFFFFF	#D3D3D3	56
1368	#FFFFFF	#D3D3D3	56
1369	#FFFFFF	#D3D3D3	56
1370	#FFFFFF	#D3D3D3	56
1371	#FFFFFF	#D3D3D3	56
1372	#FFFFFF	#D3D3D3	56
1373	#FFFFFF	#D3D3D3	2
1374	#FFFFFF	#D3D3D3	56
1375	#FFFFFF	#D3D3D3	56
1376	#FFFFFF	#D3D3D3	56
1377	#FFFFFF	#D3D3D3	2
1378	#FFFFFF	#D3D3D3	2
1379	#FFFFFF	#D3D3D3	2
1380	#FFFFFF	#D3D3D3	2
1381	#FFFFFF	#D3D3D3	2
1382	#FFFFFF	#D3D3D3	2
1383	#FFFFFF	#D3D3D3	2
1384	#FFFFFF	#D3D3D3	92
1385	#FFFFFF	#D3D3D3	2
1386	#FFFFFF	#D3D3D3	2
1387	#FFFFFF	#D3D3D3	92
1388	#FFFFFF	#D3D3D3	255
1389	#FFFFFF	#D3D3D3	2
1390	#FFFFFF	#D3D3D3	2
1391	#FFFFFF	#D3D3D3	127
1392	#FFFFFF	#D3D3D3	2
1393	#FFFFFF	#D3D3D3	2
1394	#FFFFFF	#D3D3D3	2
1395	#FFFFFF	#D3D3D3	2
1396	#FFFFFF	#D3D3D3	2
1397	#FFFFFF	#D3D3D3	2
1398	#FFFFFF	#D3D3D3	2
1399	#FFFFFF	#D3D3D3	255
1400	#FFFFFF	#D3D3D3	2
1405	#FFFFFF	#D3D3D3	2
1406	#FFFFFF	#D3D3D3	2
1407	#FFFFFF	#D3D3D3	81
1408	#FFFFFF	#D3D3D3	81
1410	#FFFFFF	#D3D3D3	255
1411	#FFFFFF	#D3D3D3	2
1412	#FFFFFF	#D3D3D3	56
1413	#FFFFFF	#D3D3D3	56
1414	#FFFFFF	#D3D3D3	56
1415	#FFFFFF	#D3D3D3	255
1416	#FFFFFF	#D3D3D3	255
1417	#FFFFFF	#D3D3D3	2
1418	#FFFFFF	#D3D3D3	56
1419	#FFFFFF	#D3D3D3	56
1420	#FFFFFF	#D3D3D3	56
1421	#FFFFFF	#D3D3D3	56
1422	#FFFFFF	#D3D3D3	56
1423	#FFFFFF	#D3D3D3	2
1424	#FFFFFF	#D3D3D3	2
1425	#FFFFFF	#D3D3D3	56
1426	#FFFFFF	#D3D3D3	56
1427	#FFFFFF	#D3D3D3	56
1428	#FFFFFF	#D3D3D3	255
1429	#FFFFFF	#D3D3D3	2
1430	#FFFFFF	#D3D3D3	2
1431	#FFFFFF	#D3D3D3	2
1432	#FFFFFF	#D3D3D3	2
1433	#FFFFFF	#D3D3D3	2
1434	#FFFFFF	#D3D3D3	2
1435	#FFFFFF	#D3D3D3	2
1436	#FFFFFF	#D3D3D3	92
1437	#FFFFFF	#D3D3D3	92
1438	#FFFFFF	#D3D3D3	2
1439	#FFFFFF	#D3D3D3	2
1440	#FFFFFF	#D3D3D3	2
1441	#FFFFFF	#D3D3D3	127
1442	#FFFFFF	#D3D3D3	127
1443	#FFFFFF	#D3D3D3	2
1444	#FFFFFF	#D3D3D3	127
1445	#FFFFFF	#D3D3D3	2
1446	#FFFFFF	#D3D3D3	2
1447	#FFFFFF	#D3D3D3	2
1448	#FFFFFF	#D3D3D3	2
1449	#FFFFFF	#D3D3D3	2
1450	#FFFFFF	#D3D3D3	2
1455	#FFFFFF	#D3D3D3	2
1456	#FFFFFF	#D3D3D3	2
1457	#FFFFFF	#D3D3D3	2
1458	#FFFFFF	#D3D3D3	81
1459	#FFFFFF	#D3D3D3	2
1460	#FFFFFF	#D3D3D3	255
1461	#FFFFFF	#D3D3D3	2
1462	#FFFFFF	#D3D3D3	56
1463	#FFFFFF	#D3D3D3	2
1464	#FFFFFF	#D3D3D3	56
1466	#FFFFFF	#D3D3D3	255
1467	#FFFFFF	#D3D3D3	255
1468	#FFFFFF	#D3D3D3	2
1469	#FFFFFF	#D3D3D3	56
1470	#FFFFFF	#D3D3D3	2
1471	#FFFFFF	#D3D3D3	56
1472	#FFFFFF	#D3D3D3	2
1473	#FFFFFF	#D3D3D3	2
1474	#FFFFFF	#D3D3D3	2
1475	#FFFFFF	#D3D3D3	2
1476	#FFFFFF	#D3D3D3	2
1477	#FFFFFF	#D3D3D3	2
1478	#FFFFFF	#D3D3D3	2
1479	#FFFFFF	#D3D3D3	56
1480	#FFFFFF	#D3D3D3	2
1481	#FFFFFF	#D3D3D3	2
1482	#FFFFFF	#D3D3D3	2
1483	#FFFFFF	#D3D3D3	2
1484	#FFFFFF	#D3D3D3	2
1485	#FFFFFF	#D3D3D3	2
1486	#FFFFFF	#D3D3D3	2
1487	#FFFFFF	#D3D3D3	92
1488	#FFFFFF	#D3D3D3	2
1489	#FFFFFF	#D3D3D3	255
1490	#FFFFFF	#D3D3D3	2
1491	#FFFFFF	#D3D3D3	2
1492	#FFFFFF	#D3D3D3	127
1493	#FFFFFF	#D3D3D3	127
1494	#FFFFFF	#D3D3D3	2
1495	#FFFFFF	#D3D3D3	127
1496	#FFFFFF	#D3D3D3	127
1497	#FFFFFF	#D3D3D3	2
1498	#FFFFFF	#D3D3D3	2
1499	#FFFFFF	#D3D3D3	2
1500	#FFFFFF	#D3D3D3	2
1505	#FFFFFF	#D3D3D3	2
1506	#FFFFFF	#D3D3D3	2
1507	#FFFFFF	#D3D3D3	2
1508	#FFFFFF	#D3D3D3	81
1509	#FFFFFF	#D3D3D3	2
1511	#FFFFFF	#D3D3D3	2
1512	#FFFFFF	#D3D3D3	2
1513	#FFFFFF	#D3D3D3	2
1514	#FFFFFF	#D3D3D3	2
1515	#FFFFFF	#D3D3D3	2
1516	#FFFFFF	#D3D3D3	255
1517	#FFFFFF	#D3D3D3	255
1518	#FFFFFF	#D3D3D3	255
1519	#FFFFFF	#D3D3D3	56
1520	#FFFFFF	#D3D3D3	56
1521	#FFFFFF	#D3D3D3	2
1522	#FFFFFF	#D3D3D3	56
1523	#FFFFFF	#D3D3D3	2
1524	#FFFFFF	#D3D3D3	2
1525	#FFFFFF	#D3D3D3	2
1526	#FFFFFF	#D3D3D3	2
1527	#FFFFFF	#D3D3D3	2
1528	#FFFFFF	#D3D3D3	2
1529	#FFFFFF	#D3D3D3	255
1530	#FFFFFF	#D3D3D3	2
1531	#FFFFFF	#D3D3D3	2
1532	#FFFFFF	#D3D3D3	2
1533	#FFFFFF	#D3D3D3	2
1534	#FFFFFF	#D3D3D3	2
1535	#FFFFFF	#D3D3D3	2
1536	#FFFFFF	#D3D3D3	2
1537	#FFFFFF	#D3D3D3	92
1538	#FFFFFF	#D3D3D3	92
1539	#FFFFFF	#D3D3D3	2
1540	#FFFFFF	#D3D3D3	255
1541	#FFFFFF	#D3D3D3	127
1542	#FFFFFF	#D3D3D3	127
1543	#FFFFFF	#D3D3D3	127
1544	#FFFFFF	#D3D3D3	127
1545	#FFFFFF	#D3D3D3	127
1546	#FFFFFF	#D3D3D3	127
1547	#FFFFFF	#D3D3D3	127
1548	#FFFFFF	#D3D3D3	127
1549	#FFFFFF	#D3D3D3	2
1551	#FFFFFF	#D3D3D3	2
1555	#FFFFFF	#D3D3D3	2
1556	#FFFFFF	#D3D3D3	2
1557	#FFFFFF	#D3D3D3	2
1558	#FFFFFF	#D3D3D3	2
1559	#FFFFFF	#D3D3D3	81
1560	#FFFFFF	#D3D3D3	2
1561	#FFFFFF	#D3D3D3	2
1562	#FFFFFF	#D3D3D3	2
1563	#FFFFFF	#D3D3D3	2
1564	#FFFFFF	#D3D3D3	2
1565	#FFFFFF	#D3D3D3	2
1567	#FFFFFF	#D3D3D3	255
1568	#FFFFFF	#D3D3D3	255
1569	#FFFFFF	#D3D3D3	56
1570	#FFFFFF	#D3D3D3	56
1571	#FFFFFF	#D3D3D3	56
1572	#FFFFFF	#D3D3D3	2
1573	#FFFFFF	#D3D3D3	2
1574	#FFFFFF	#D3D3D3	2
1575	#FFFFFF	#D3D3D3	2
1576	#FFFFFF	#D3D3D3	2
1577	#FFFFFF	#D3D3D3	2
1578	#FFFFFF	#D3D3D3	2
1579	#FFFFFF	#D3D3D3	255
1580	#FFFFFF	#D3D3D3	2
1581	#FFFFFF	#D3D3D3	2
1582	#FFFFFF	#D3D3D3	2
1583	#FFFFFF	#D3D3D3	2
1584	#FFFFFF	#D3D3D3	2
1585	#FFFFFF	#D3D3D3	2
1586	#FFFFFF	#D3D3D3	2
1587	#FFFFFF	#D3D3D3	2
1588	#FFFFFF	#D3D3D3	92
1589	#FFFFFF	#D3D3D3	2
1590	#FFFFFF	#D3D3D3	255
1591	#FFFFFF	#D3D3D3	2
1592	#FFFFFF	#D3D3D3	127
1593	#FFFFFF	#D3D3D3	127
1594	#FFFFFF	#D3D3D3	127
1595	#FFFFFF	#D3D3D3	127
1596	#FFFFFF	#D3D3D3	127
1597	#FFFFFF	#D3D3D3	127
1598	#FFFFFF	#D3D3D3	127
1599	#FFFFFF	#D3D3D3	2
1601	#FFFFFF	#D3D3D3	2
1605	#FFFFFF	#D3D3D3	392
1606	#FFFFFF	#D3D3D3	81
1607	#FFFFFF	#D3D3D3	2
1608	#FFFFFF	#D3D3D3	2
1609	#FFFFFF	#D3D3D3	81
1610	#FFFFFF	#D3D3D3	81
1612	#FFFFFF	#D3D3D3	2
1613	#FFFFFF	#D3D3D3	2
1614	#FFFFFF	#D3D3D3	2
1615	#FFFFFF	#D3D3D3	2
1616	#FFFFFF	#D3D3D3	2
1617	#FFFFFF	#D3D3D3	2
1618	#FFFFFF	#D3D3D3	255
1619	#FFFFFF	#D3D3D3	255
1620	#FFFFFF	#D3D3D3	56
1621	#FFFFFF	#D3D3D3	56
1622	#FFFFFF	#D3D3D3	56
1623	#FFFFFF	#D3D3D3	2
1624	#FFFFFF	#D3D3D3	2
1625	#FFFFFF	#D3D3D3	2
1626	#FFFFFF	#D3D3D3	2
1627	#FFFFFF	#D3D3D3	2
1628	#FFFFFF	#D3D3D3	2
1629	#FFFFFF	#D3D3D3	2
1630	#FFFFFF	#D3D3D3	2
1631	#FFFFFF	#D3D3D3	2
1632	#FFFFFF	#D3D3D3	2
1633	#FFFFFF	#D3D3D3	2
1634	#FFFFFF	#D3D3D3	2
1635	#FFFFFF	#D3D3D3	2
1636	#FFFFFF	#D3D3D3	2
1637	#FFFFFF	#D3D3D3	2
1638	#FFFFFF	#D3D3D3	2
1639	#FFFFFF	#D3D3D3	2
1640	#FFFFFF	#D3D3D3	2
1641	#FFFFFF	#D3D3D3	255
1642	#FFFFFF	#D3D3D3	2
1643	#FFFFFF	#D3D3D3	127
1644	#FFFFFF	#D3D3D3	127
1645	#FFFFFF	#D3D3D3	127
1646	#FFFFFF	#D3D3D3	127
1647	#FFFFFF	#D3D3D3	127
1648	#FFFFFF	#D3D3D3	127
1649	#FFFFFF	#D3D3D3	127
1652	#FFFFFF	#D3D3D3	2
1655	#FFFFFF	#D3D3D3	2
1656	#FFFFFF	#D3D3D3	2
1657	#FFFFFF	#D3D3D3	81
1658	#FFFFFF	#D3D3D3	148
1659	#FFFFFF	#D3D3D3	2
1660	#FFFFFF	#D3D3D3	81
1661	#FFFFFF	#D3D3D3	81
1662	#FFFFFF	#D3D3D3	2
1663	#FFFFFF	#D3D3D3	2
1664	#FFFFFF	#D3D3D3	2
1665	#FFFFFF	#D3D3D3	56
1666	#FFFFFF	#D3D3D3	56
1668	#FFFFFF	#D3D3D3	2
1669	#FFFFFF	#D3D3D3	2
1670	#FFFFFF	#D3D3D3	56
1671	#FFFFFF	#D3D3D3	56
1672	#FFFFFF	#D3D3D3	2
1673	#FFFFFF	#D3D3D3	56
1674	#FFFFFF	#D3D3D3	2
1675	#FFFFFF	#D3D3D3	2
1676	#FFFFFF	#D3D3D3	2
1677	#FFFFFF	#D3D3D3	2
1678	#FFFFFF	#D3D3D3	2
1679	#FFFFFF	#D3D3D3	2
1680	#FFFFFF	#D3D3D3	255
1681	#FFFFFF	#D3D3D3	2
1682	#FFFFFF	#D3D3D3	2
1683	#FFFFFF	#D3D3D3	2
1684	#FFFFFF	#D3D3D3	2
1685	#FFFFFF	#D3D3D3	2
1686	#FFFFFF	#D3D3D3	2
1687	#FFFFFF	#D3D3D3	2
1688	#FFFFFF	#D3D3D3	2
1689	#FFFFFF	#D3D3D3	2
1690	#FFFFFF	#D3D3D3	2
1691	#FFFFFF	#D3D3D3	2
1692	#FFFFFF	#D3D3D3	2
1693	#FFFFFF	#D3D3D3	2
1694	#FFFFFF	#D3D3D3	127
1695	#FFFFFF	#D3D3D3	127
1696	#FFFFFF	#D3D3D3	127
1697	#FFFFFF	#D3D3D3	127
1698	#FFFFFF	#D3D3D3	127
1699	#FFFFFF	#D3D3D3	127
1701	#FFFFFF	#D3D3D3	448
1702	#FFFFFF	#D3D3D3	255
1705	#FFFFFF	#D3D3D3	2
1706	#FFFFFF	#D3D3D3	2
1707	#FFFFFF	#D3D3D3	81
1708	#FFFFFF	#D3D3D3	148
1709	#FFFFFF	#D3D3D3	81
1710	#FFFFFF	#D3D3D3	81
1711	#FFFFFF	#D3D3D3	81
1713	#FFFFFF	#D3D3D3	2
1714	#FFFFFF	#D3D3D3	2
1715	#FFFFFF	#D3D3D3	2
1716	#FFFFFF	#D3D3D3	2
1717	#FFFFFF	#D3D3D3	56
1718	#FFFFFF	#D3D3D3	255
1719	#FFFFFF	#D3D3D3	2
1720	#FFFFFF	#D3D3D3	2
1721	#FFFFFF	#D3D3D3	56
1722	#FFFFFF	#D3D3D3	56
1723	#FFFFFF	#D3D3D3	2
1724	#FFFFFF	#D3D3D3	56
1725	#FFFFFF	#D3D3D3	56
1726	#FFFFFF	#D3D3D3	56
1727	#FFFFFF	#D3D3D3	2
1728	#FFFFFF	#D3D3D3	2
1729	#FFFFFF	#D3D3D3	2
1730	#FFFFFF	#D3D3D3	2
1731	#FFFFFF	#D3D3D3	255
1732	#FFFFFF	#D3D3D3	2
1733	#FFFFFF	#D3D3D3	2
1734	#FFFFFF	#D3D3D3	2
1735	#FFFFFF	#D3D3D3	2
1736	#FFFFFF	#D3D3D3	2
1737	#FFFFFF	#D3D3D3	2
1738	#FFFFFF	#D3D3D3	2
1739	#FFFFFF	#D3D3D3	2
1740	#FFFFFF	#D3D3D3	2
1741	#FFFFFF	#D3D3D3	2
1742	#FFFFFF	#D3D3D3	2
1743	#FFFFFF	#D3D3D3	2
1744	#FFFFFF	#D3D3D3	127
1745	#FFFFFF	#D3D3D3	127
1746	#FFFFFF	#D3D3D3	127
1747	#FFFFFF	#D3D3D3	127
1748	#FFFFFF	#D3D3D3	2
1749	#FFFFFF	#D3D3D3	2
1753	#FFFFFF	#D3D3D3	255
1755	#FFFFFF	#D3D3D3	2
1756	#FFFFFF	#D3D3D3	2
1757	#FFFFFF	#D3D3D3	2
1758	#FFFFFF	#D3D3D3	81
1759	#FFFFFF	#D3D3D3	81
1760	#FFFFFF	#D3D3D3	81
1761	#FFFFFF	#D3D3D3	81
1762	#FFFFFF	#D3D3D3	81
1763	#FFFFFF	#D3D3D3	2
1764	#FFFFFF	#D3D3D3	2
1765	#FFFFFF	#D3D3D3	2
1766	#FFFFFF	#D3D3D3	2
1767	#FFFFFF	#D3D3D3	56
1769	#FFFFFF	#D3D3D3	2
1770	#FFFFFF	#D3D3D3	2
1771	#FFFFFF	#D3D3D3	2
1772	#FFFFFF	#D3D3D3	56
1773	#FFFFFF	#D3D3D3	2
1774	#FFFFFF	#D3D3D3	2
1775	#FFFFFF	#D3D3D3	56
1776	#FFFFFF	#D3D3D3	56
1777	#FFFFFF	#D3D3D3	2
1778	#FFFFFF	#D3D3D3	2
1779	#FFFFFF	#D3D3D3	2
1780	#FFFFFF	#D3D3D3	2
1781	#FFFFFF	#D3D3D3	255
1782	#FFFFFF	#D3D3D3	2
1783	#FFFFFF	#D3D3D3	2
1784	#FFFFFF	#D3D3D3	2
1785	#FFFFFF	#D3D3D3	2
1786	#FFFFFF	#D3D3D3	2
1787	#FFFFFF	#D3D3D3	2
1788	#FFFFFF	#D3D3D3	2
1789	#FFFFFF	#D3D3D3	2
1790	#FFFFFF	#D3D3D3	2
1791	#FFFFFF	#D3D3D3	2
1792	#FFFFFF	#D3D3D3	2
1793	#FFFFFF	#D3D3D3	2
1794	#FFFFFF	#D3D3D3	2
1795	#FFFFFF	#D3D3D3	127
1796	#FFFFFF	#D3D3D3	127
1797	#FFFFFF	#D3D3D3	127
1798	#FFFFFF	#D3D3D3	127
1799	#FFFFFF	#D3D3D3	2
1800	#FFFFFF	#D3D3D3	384
1803	#FFFFFF	#D3D3D3	255
1805	#FFFFFF	#D3D3D3	425
1806	#FFFFFF	#D3D3D3	2
1807	#FFFFFF	#D3D3D3	2
1808	#FFFFFF	#D3D3D3	81
1809	#FFFFFF	#D3D3D3	81
1810	#FFFFFF	#D3D3D3	81
1811	#FFFFFF	#D3D3D3	81
1812	#FFFFFF	#D3D3D3	81
1814	#FFFFFF	#D3D3D3	2
1815	#FFFFFF	#D3D3D3	2
1816	#FFFFFF	#D3D3D3	2
1817	#FFFFFF	#D3D3D3	2
1818	#FFFFFF	#D3D3D3	2
1819	#FFFFFF	#D3D3D3	255
1820	#FFFFFF	#D3D3D3	2
1821	#FFFFFF	#D3D3D3	2
1822	#FFFFFF	#D3D3D3	56
1823	#FFFFFF	#D3D3D3	56
1824	#FFFFFF	#D3D3D3	2
1825	#FFFFFF	#D3D3D3	2
1826	#FFFFFF	#D3D3D3	2
1827	#FFFFFF	#D3D3D3	2
1828	#FFFFFF	#D3D3D3	2
1829	#FFFFFF	#D3D3D3	2
1830	#FFFFFF	#D3D3D3	2
1831	#FFFFFF	#D3D3D3	2
1832	#FFFFFF	#D3D3D3	2
1833	#FFFFFF	#D3D3D3	2
1834	#FFFFFF	#D3D3D3	2
1835	#FFFFFF	#D3D3D3	2
1836	#FFFFFF	#D3D3D3	2
1837	#FFFFFF	#D3D3D3	2
1838	#FFFFFF	#D3D3D3	2
1839	#FFFFFF	#D3D3D3	2
1840	#FFFFFF	#D3D3D3	2
1841	#FFFFFF	#D3D3D3	2
1842	#FFFFFF	#D3D3D3	2
1843	#FFFFFF	#D3D3D3	255
1844	#FFFFFF	#D3D3D3	2
1845	#FFFFFF	#D3D3D3	127
1846	#FFFFFF	#D3D3D3	127
1847	#FFFFFF	#D3D3D3	2
1848	#FFFFFF	#D3D3D3	127
1849	#FFFFFF	#D3D3D3	2
1854	#FFFFFF	#D3D3D3	2
1855	#FFFFFF	#D3D3D3	2
1856	#FFFFFF	#D3D3D3	2
1857	#FFFFFF	#D3D3D3	2
1858	#FFFFFF	#D3D3D3	2
1859	#FFFFFF	#D3D3D3	2
1860	#FFFFFF	#D3D3D3	2
1861	#FFFFFF	#D3D3D3	81
1862	#FFFFFF	#D3D3D3	81
1863	#FFFFFF	#D3D3D3	2
1864	#FFFFFF	#D3D3D3	2
1865	#FFFFFF	#D3D3D3	2
1866	#FFFFFF	#D3D3D3	2
1867	#FFFFFF	#D3D3D3	2
1868	#FFFFFF	#D3D3D3	2
1870	#FFFFFF	#D3D3D3	255
1871	#FFFFFF	#D3D3D3	2
1872	#FFFFFF	#D3D3D3	2
1873	#FFFFFF	#D3D3D3	2
1874	#FFFFFF	#D3D3D3	2
1875	#FFFFFF	#D3D3D3	2
1876	#FFFFFF	#D3D3D3	2
1877	#FFFFFF	#D3D3D3	2
1878	#FFFFFF	#D3D3D3	2
1879	#FFFFFF	#D3D3D3	2
1880	#FFFFFF	#D3D3D3	2
1881	#FFFFFF	#D3D3D3	2
1882	#FFFFFF	#D3D3D3	2
1883	#FFFFFF	#D3D3D3	2
1884	#FFFFFF	#D3D3D3	2
1885	#FFFFFF	#D3D3D3	2
1886	#FFFFFF	#D3D3D3	2
1887	#FFFFFF	#D3D3D3	2
1888	#FFFFFF	#D3D3D3	2
1889	#FFFFFF	#D3D3D3	2
1890	#FFFFFF	#D3D3D3	2
1891	#FFFFFF	#D3D3D3	2
1892	#FFFFFF	#D3D3D3	2
1893	#FFFFFF	#D3D3D3	2
1894	#FFFFFF	#D3D3D3	2
1895	#FFFFFF	#D3D3D3	127
1896	#FFFFFF	#D3D3D3	127
1897	#FFFFFF	#D3D3D3	2
1898	#FFFFFF	#D3D3D3	2
1899	#FFFFFF	#D3D3D3	2
1900	#FFFFFF	#D3D3D3	9
1902	#FFFFFF	#D3D3D3	384
1904	#FFFFFF	#D3D3D3	255
1905	#FFFFFF	#D3D3D3	2
1906	#FFFFFF	#D3D3D3	2
1907	#FFFFFF	#D3D3D3	2
1908	#FFFFFF	#D3D3D3	2
1909	#FFFFFF	#D3D3D3	2
1910	#FFFFFF	#D3D3D3	2
1911	#FFFFFF	#D3D3D3	81
1912	#FFFFFF	#D3D3D3	81
1913	#FFFFFF	#D3D3D3	81
1915	#FFFFFF	#D3D3D3	2
1916	#FFFFFF	#D3D3D3	2
1917	#FFFFFF	#D3D3D3	2
1918	#FFFFFF	#D3D3D3	2
1919	#FFFFFF	#D3D3D3	2
1920	#FFFFFF	#D3D3D3	2
1921	#FFFFFF	#D3D3D3	2
1922	#FFFFFF	#D3D3D3	2
1923	#FFFFFF	#D3D3D3	2
1924	#FFFFFF	#D3D3D3	2
1925	#FFFFFF	#D3D3D3	2
1926	#FFFFFF	#D3D3D3	2
1927	#FFFFFF	#D3D3D3	2
1928	#FFFFFF	#D3D3D3	2
1929	#FFFFFF	#D3D3D3	2
1930	#FFFFFF	#D3D3D3	2
1931	#FFFFFF	#D3D3D3	2
1932	#FFFFFF	#D3D3D3	2
1933	#FFFFFF	#D3D3D3	2
1934	#FFFFFF	#D3D3D3	2
1935	#FFFFFF	#D3D3D3	2
1936	#FFFFFF	#D3D3D3	2
1937	#FFFFFF	#D3D3D3	2
1938	#FFFFFF	#D3D3D3	2
1939	#FFFFFF	#D3D3D3	2
1940	#FFFFFF	#D3D3D3	2
1941	#FFFFFF	#D3D3D3	2
1942	#FFFFFF	#D3D3D3	2
1943	#FFFFFF	#D3D3D3	2
1944	#FFFFFF	#D3D3D3	2
1945	#FFFFFF	#D3D3D3	2
1946	#FFFFFF	#D3D3D3	127
1947	#FFFFFF	#D3D3D3	127
1948	#FFFFFF	#D3D3D3	2
1949	#FFFFFF	#D3D3D3	2
1950	#FFFFFF	#D3D3D3	9
1952	#FFFFFF	#D3D3D3	384
1954	#FFFFFF	#D3D3D3	127
1955	#FFFFFF	#D3D3D3	2
1956	#FFFFFF	#D3D3D3	2
1957	#FFFFFF	#D3D3D3	2
1958	#FFFFFF	#D3D3D3	2
1959	#FFFFFF	#D3D3D3	2
1960	#FFFFFF	#D3D3D3	2
1961	#FFFFFF	#D3D3D3	2
1962	#FFFFFF	#D3D3D3	81
1963	#FFFFFF	#D3D3D3	81
1964	#FFFFFF	#D3D3D3	81
1965	#FFFFFF	#D3D3D3	2
1966	#FFFFFF	#D3D3D3	2
1967	#FFFFFF	#D3D3D3	2
1968	#FFFFFF	#D3D3D3	2
1969	#FFFFFF	#D3D3D3	2
1971	#FFFFFF	#D3D3D3	2
1972	#FFFFFF	#D3D3D3	2
1973	#FFFFFF	#D3D3D3	2
1974	#FFFFFF	#D3D3D3	2
1975	#FFFFFF	#D3D3D3	2
1976	#FFFFFF	#D3D3D3	2
1977	#FFFFFF	#D3D3D3	2
1978	#FFFFFF	#D3D3D3	2
1979	#FFFFFF	#D3D3D3	2
1980	#FFFFFF	#D3D3D3	2
1981	#FFFFFF	#D3D3D3	2
1982	#FFFFFF	#D3D3D3	2
1983	#FFFFFF	#D3D3D3	2
1984	#FFFFFF	#D3D3D3	2
1985	#FFFFFF	#D3D3D3	2
1986	#FFFFFF	#D3D3D3	2
1987	#FFFFFF	#D3D3D3	2
1988	#FFFFFF	#D3D3D3	2
1989	#FFFFFF	#D3D3D3	2
1990	#FFFFFF	#D3D3D3	2
1991	#FFFFFF	#D3D3D3	2
1992	#FFFFFF	#D3D3D3	2
1993	#FFFFFF	#D3D3D3	2
1994	#FFFFFF	#D3D3D3	2
1995	#FFFFFF	#D3D3D3	2
1996	#FFFFFF	#D3D3D3	127
1997	#FFFFFF	#D3D3D3	2
1998	#FFFFFF	#D3D3D3	127
1999	#FFFFFF	#D3D3D3	2
2000	#FFFFFF	#D3D3D3	9
2001	#FFFFFF	#D3D3D3	312
2002	#FFFFFF	#D3D3D3	2
2004	#FFFFFF	#D3D3D3	127
2005	#FFFFFF	#D3D3D3	2
2006	#FFFFFF	#D3D3D3	2
2007	#FFFFFF	#D3D3D3	2
2008	#FFFFFF	#D3D3D3	2
2009	#FFFFFF	#D3D3D3	2
2010	#FFFFFF	#D3D3D3	2
2011	#FFFFFF	#D3D3D3	81
2012	#FFFFFF	#D3D3D3	81
2013	#FFFFFF	#D3D3D3	81
2014	#FFFFFF	#D3D3D3	81
2016	#FFFFFF	#D3D3D3	2
2017	#FFFFFF	#D3D3D3	2
2018	#FFFFFF	#D3D3D3	2
2019	#FFFFFF	#D3D3D3	2
2020	#FFFFFF	#D3D3D3	2
2021	#FFFFFF	#D3D3D3	2
2022	#FFFFFF	#D3D3D3	2
2023	#FFFFFF	#D3D3D3	2
2024	#FFFFFF	#D3D3D3	2
2025	#FFFFFF	#D3D3D3	2
2026	#FFFFFF	#D3D3D3	2
2027	#FFFFFF	#D3D3D3	2
2028	#FFFFFF	#D3D3D3	2
2029	#FFFFFF	#D3D3D3	2
2030	#FFFFFF	#D3D3D3	2
2031	#FFFFFF	#D3D3D3	2
2032	#FFFFFF	#D3D3D3	2
2033	#FFFFFF	#D3D3D3	2
2034	#FFFFFF	#D3D3D3	2
2035	#FFFFFF	#D3D3D3	2
2036	#FFFFFF	#D3D3D3	2
2037	#FFFFFF	#D3D3D3	2
2038	#FFFFFF	#D3D3D3	2
2039	#FFFFFF	#D3D3D3	2
2040	#FFFFFF	#D3D3D3	2
2041	#FFFFFF	#D3D3D3	2
2042	#FFFFFF	#D3D3D3	2
2043	#FFFFFF	#D3D3D3	2
2044	#FFFFFF	#D3D3D3	2
2045	#FFFFFF	#D3D3D3	2
2046	#FFFFFF	#D3D3D3	127
2047	#FFFFFF	#D3D3D3	2
2048	#FFFFFF	#D3D3D3	127
2049	#FFFFFF	#D3D3D3	2
2051	#FFFFFF	#D3D3D3	9
2052	#FFFFFF	#D3D3D3	312
2054	#FFFFFF	#D3D3D3	127
2055	#FFFFFF	#D3D3D3	2
2056	#FFFFFF	#D3D3D3	2
2057	#FFFFFF	#D3D3D3	2
2058	#FFFFFF	#D3D3D3	2
2059	#FFFFFF	#D3D3D3	2
2060	#FFFFFF	#D3D3D3	2
2061	#FFFFFF	#D3D3D3	2
2062	#FFFFFF	#D3D3D3	81
2063	#FFFFFF	#D3D3D3	81
2064	#FFFFFF	#D3D3D3	81
2065	#FFFFFF	#D3D3D3	81
2066	#FFFFFF	#D3D3D3	2
2067	#FFFFFF	#D3D3D3	2
2068	#FFFFFF	#D3D3D3	2
2069	#FFFFFF	#D3D3D3	2
2070	#FFFFFF	#D3D3D3	2
2072	#FFFFFF	#D3D3D3	2
2073	#FFFFFF	#D3D3D3	2
2074	#FFFFFF	#D3D3D3	2
2075	#FFFFFF	#D3D3D3	2
2076	#FFFFFF	#D3D3D3	2
2077	#FFFFFF	#D3D3D3	2
2078	#FFFFFF	#D3D3D3	2
2079	#FFFFFF	#D3D3D3	2
2080	#FFFFFF	#D3D3D3	2
2081	#FFFFFF	#D3D3D3	2
2082	#FFFFFF	#D3D3D3	2
2083	#FFFFFF	#D3D3D3	2
2084	#FFFFFF	#D3D3D3	2
2085	#FFFFFF	#D3D3D3	2
2086	#FFFFFF	#D3D3D3	4
2087	#FFFFFF	#D3D3D3	2
2088	#FFFFFF	#D3D3D3	4
2089	#FFFFFF	#D3D3D3	2
2090	#FFFFFF	#D3D3D3	2
2091	#FFFFFF	#D3D3D3	2
2092	#FFFFFF	#D3D3D3	2
2093	#FFFFFF	#D3D3D3	2
2094	#FFFFFF	#D3D3D3	2
2095	#FFFFFF	#D3D3D3	2
2096	#FFFFFF	#D3D3D3	127
2097	#FFFFFF	#D3D3D3	2
2098	#FFFFFF	#D3D3D3	2
2099	#FFFFFF	#D3D3D3	2
2100	#FFFFFF	#D3D3D3	9
2104	#FFFFFF	#D3D3D3	2
2105	#FFFFFF	#D3D3D3	2
2106	#FFFFFF	#D3D3D3	2
2107	#FFFFFF	#D3D3D3	2
2108	#FFFFFF	#D3D3D3	2
2109	#FFFFFF	#D3D3D3	2
2110	#FFFFFF	#D3D3D3	2
2111	#FFFFFF	#D3D3D3	2
2112	#FFFFFF	#D3D3D3	2
2113	#FFFFFF	#D3D3D3	81
2114	#FFFFFF	#D3D3D3	81
2115	#FFFFFF	#D3D3D3	2
2117	#FFFFFF	#D3D3D3	2
2118	#FFFFFF	#D3D3D3	2
2119	#FFFFFF	#D3D3D3	2
2120	#FFFFFF	#D3D3D3	2
2121	#FFFFFF	#D3D3D3	2
2122	#FFFFFF	#D3D3D3	2
2123	#FFFFFF	#D3D3D3	2
2124	#FFFFFF	#D3D3D3	2
2125	#FFFFFF	#D3D3D3	2
2126	#FFFFFF	#D3D3D3	2
2127	#FFFFFF	#D3D3D3	2
2128	#FFFFFF	#D3D3D3	2
2129	#FFFFFF	#D3D3D3	2
2130	#FFFFFF	#D3D3D3	2
2131	#FFFFFF	#D3D3D3	2
2132	#FFFFFF	#D3D3D3	2
2133	#FFFFFF	#D3D3D3	2
2134	#FFFFFF	#D3D3D3	2
2135	#FFFFFF	#D3D3D3	2
2136	#FFFFFF	#D3D3D3	2
2137	#FFFFFF	#D3D3D3	4
2138	#FFFFFF	#D3D3D3	4
2139	#FFFFFF	#D3D3D3	4
2140	#FFFFFF	#D3D3D3	2
2141	#FFFFFF	#D3D3D3	2
2142	#FFFFFF	#D3D3D3	2
2143	#FFFFFF	#D3D3D3	2
2144	#FFFFFF	#D3D3D3	2
2145	#FFFFFF	#D3D3D3	2
2146	#FFFFFF	#D3D3D3	2
2147	#FFFFFF	#D3D3D3	2
2148	#FFFFFF	#D3D3D3	2
2149	#FFFFFF	#D3D3D3	2
2154	#FFFFFF	#D3D3D3	2
2155	#FFFFFF	#D3D3D3	2
2156	#FFFFFF	#D3D3D3	2
2157	#FFFFFF	#D3D3D3	2
2158	#FFFFFF	#D3D3D3	2
2159	#FFFFFF	#D3D3D3	2
2160	#FFFFFF	#D3D3D3	2
2161	#FFFFFF	#D3D3D3	2
2162	#FFFFFF	#D3D3D3	2
2163	#FFFFFF	#D3D3D3	81
2164	#FFFFFF	#D3D3D3	81
2165	#FFFFFF	#D3D3D3	81
2166	#FFFFFF	#D3D3D3	2
2167	#FFFFFF	#D3D3D3	2
2168	#FFFFFF	#D3D3D3	2
2169	#FFFFFF	#D3D3D3	2
2170	#FFFFFF	#D3D3D3	2
2171	#FFFFFF	#D3D3D3	2
2173	#FFFFFF	#D3D3D3	2
2174	#FFFFFF	#D3D3D3	2
2175	#FFFFFF	#D3D3D3	2
2176	#FFFFFF	#D3D3D3	2
2177	#FFFFFF	#D3D3D3	2
2178	#FFFFFF	#D3D3D3	2
2179	#FFFFFF	#D3D3D3	2
2180	#FFFFFF	#D3D3D3	2
2181	#FFFFFF	#D3D3D3	2
2182	#FFFFFF	#D3D3D3	2
2183	#FFFFFF	#D3D3D3	2
2184	#FFFFFF	#D3D3D3	2
2185	#FFFFFF	#D3D3D3	2
2186	#FFFFFF	#D3D3D3	2
2187	#FFFFFF	#D3D3D3	2
2188	#FFFFFF	#D3D3D3	4
2189	#FFFFFF	#D3D3D3	4
2190	#FFFFFF	#D3D3D3	4
2191	#FFFFFF	#D3D3D3	4
2192	#FFFFFF	#D3D3D3	2
2193	#FFFFFF	#D3D3D3	2
2194	#FFFFFF	#D3D3D3	2
2195	#FFFFFF	#D3D3D3	2
2196	#FFFFFF	#D3D3D3	2
2197	#FFFFFF	#D3D3D3	2
2198	#FFFFFF	#D3D3D3	2
2199	#FFFFFF	#D3D3D3	2
2204	#FFFFFF	#D3D3D3	2
2205	#FFFFFF	#D3D3D3	2
2206	#FFFFFF	#D3D3D3	2
2207	#FFFFFF	#D3D3D3	2
2208	#FFFFFF	#D3D3D3	2
2209	#FFFFFF	#D3D3D3	2
2210	#FFFFFF	#D3D3D3	2
2211	#FFFFFF	#D3D3D3	2
2212	#FFFFFF	#D3D3D3	2
2213	#FFFFFF	#D3D3D3	81
2214	#FFFFFF	#D3D3D3	81
2215	#FFFFFF	#D3D3D3	81
2216	#FFFFFF	#D3D3D3	81
2218	#FFFFFF	#D3D3D3	2
2219	#FFFFFF	#D3D3D3	2
2220	#FFFFFF	#D3D3D3	2
2221	#FFFFFF	#D3D3D3	2
2222	#FFFFFF	#D3D3D3	2
2223	#FFFFFF	#D3D3D3	2
2224	#FFFFFF	#D3D3D3	2
2225	#FFFFFF	#D3D3D3	2
2226	#FFFFFF	#D3D3D3	2
2227	#FFFFFF	#D3D3D3	2
2228	#FFFFFF	#D3D3D3	2
2229	#FFFFFF	#D3D3D3	2
2230	#FFFFFF	#D3D3D3	2
2231	#FFFFFF	#D3D3D3	2
2232	#FFFFFF	#D3D3D3	2
2233	#FFFFFF	#D3D3D3	2
2234	#FFFFFF	#D3D3D3	2
2235	#FFFFFF	#D3D3D3	2
2236	#FFFFFF	#D3D3D3	2
2237	#FFFFFF	#D3D3D3	2
2238	#FFFFFF	#D3D3D3	4
2239	#FFFFFF	#D3D3D3	4
2240	#FFFFFF	#D3D3D3	4
2241	#FFFFFF	#D3D3D3	4
2242	#FFFFFF	#D3D3D3	4
2243	#FFFFFF	#D3D3D3	2
2244	#FFFFFF	#D3D3D3	2
2245	#FFFFFF	#D3D3D3	2
2246	#FFFFFF	#D3D3D3	2
2247	#FFFFFF	#D3D3D3	2
2248	#FFFFFF	#D3D3D3	2
2249	#FFFFFF	#D3D3D3	2
2254	#FFFFFF	#D3D3D3	2
2255	#FFFFFF	#D3D3D3	2
2256	#FFFFFF	#D3D3D3	2
2257	#FFFFFF	#D3D3D3	2
2258	#FFFFFF	#D3D3D3	2
2259	#FFFFFF	#D3D3D3	2
2260	#FFFFFF	#D3D3D3	2
2261	#FFFFFF	#D3D3D3	2
2262	#FFFFFF	#D3D3D3	2
2263	#FFFFFF	#D3D3D3	81
2264	#FFFFFF	#D3D3D3	81
2265	#FFFFFF	#D3D3D3	2
2266	#FFFFFF	#D3D3D3	2
2267	#FFFFFF	#D3D3D3	2
2268	#FFFFFF	#D3D3D3	451
2269	#FFFFFF	#D3D3D3	2
2270	#FFFFFF	#D3D3D3	2
2271	#FFFFFF	#D3D3D3	2
2272	#FFFFFF	#D3D3D3	2
2274	#FFFFFF	#D3D3D3	87
2275	#FFFFFF	#D3D3D3	2
2276	#FFFFFF	#D3D3D3	2
2277	#FFFFFF	#D3D3D3	56
2278	#FFFFFF	#D3D3D3	2
2279	#FFFFFF	#D3D3D3	2
2280	#FFFFFF	#D3D3D3	2
2281	#FFFFFF	#D3D3D3	2
2282	#FFFFFF	#D3D3D3	85
2283	#FFFFFF	#D3D3D3	2
2284	#FFFFFF	#D3D3D3	2
2285	#FFFFFF	#D3D3D3	85
2286	#FFFFFF	#D3D3D3	56
2287	#FFFFFF	#D3D3D3	85
2288	#FFFFFF	#D3D3D3	2
2289	#FFFFFF	#D3D3D3	2
2290	#FFFFFF	#D3D3D3	2
2291	#FFFFFF	#D3D3D3	2
2292	#FFFFFF	#D3D3D3	2
2293	#FFFFFF	#D3D3D3	234
2294	#FFFFFF	#D3D3D3	234
2295	#FFFFFF	#D3D3D3	234
2296	#FFFFFF	#D3D3D3	2
2297	#FFFFFF	#D3D3D3	56
2298	#FFFFFF	#D3D3D3	2
2299	#FFFFFF	#D3D3D3	234
2300	#FFFFFF	#D3D3D3	2
2301	#FFFFFF	#D3D3D3	2
2302	#FFFFFF	#D3D3D3	2
2303	#FFFFFF	#D3D3D3	2
2304	#FFFFFF	#D3D3D3	2
2305	#FFFFFF	#D3D3D3	2
2306	#FFFFFF	#D3D3D3	2
2307	#FFFFFF	#D3D3D3	2
2308	#FFFFFF	#D3D3D3	56
2319	#FFFFFF	#D3D3D3	56
2320	#FFFFFF	#D3D3D3	56
2321	#FFFFFF	#D3D3D3	56
2322	#FFFFFF	#D3D3D3	2
2323	#FFFFFF	#D3D3D3	2
2324	#FFFFFF	#D3D3D3	2
2325	#FFFFFF	#D3D3D3	2
2326	#FFFFFF	#D3D3D3	2
2327	#FFFFFF	#D3D3D3	2
2328	#FFFFFF	#D3D3D3	56
2329	#FFFFFF	#D3D3D3	56
2330	#FFFFFF	#D3D3D3	2
2331	#FFFFFF	#D3D3D3	2
2332	#FFFFFF	#D3D3D3	85
2333	#FFFFFF	#D3D3D3	2
2334	#FFFFFF	#D3D3D3	2
2335	#FFFFFF	#D3D3D3	85
2336	#FFFFFF	#D3D3D3	2
2337	#FFFFFF	#D3D3D3	56
2338	#FFFFFF	#D3D3D3	2
2339	#FFFFFF	#D3D3D3	2
2340	#FFFFFF	#D3D3D3	2
2341	#FFFFFF	#D3D3D3	2
2342	#FFFFFF	#D3D3D3	2
2343	#FFFFFF	#D3D3D3	2
2344	#FFFFFF	#D3D3D3	234
2345	#FFFFFF	#D3D3D3	234
2346	#FFFFFF	#D3D3D3	2
2347	#FFFFFF	#D3D3D3	234
2348	#FFFFFF	#D3D3D3	56
2349	#FFFFFF	#D3D3D3	234
2350	#FFFFFF	#D3D3D3	2
2351	#FFFFFF	#D3D3D3	2
2352	#FFFFFF	#D3D3D3	2
2353	#FFFFFF	#D3D3D3	2
2354	#FFFFFF	#D3D3D3	2
2355	#FFFFFF	#D3D3D3	2
2356	#FFFFFF	#D3D3D3	2
2357	#FFFFFF	#D3D3D3	2
2358	#FFFFFF	#D3D3D3	2
2359	#FFFFFF	#D3D3D3	56
2369	#FFFFFF	#D3D3D3	2
2370	#FFFFFF	#D3D3D3	56
2371	#FFFFFF	#D3D3D3	2
2372	#FFFFFF	#D3D3D3	2
2373	#FFFFFF	#D3D3D3	2
2375	#FFFFFF	#D3D3D3	2
2376	#FFFFFF	#D3D3D3	2
2377	#FFFFFF	#D3D3D3	2
2378	#FFFFFF	#D3D3D3	2
2379	#FFFFFF	#D3D3D3	2
2380	#FFFFFF	#D3D3D3	2
2381	#FFFFFF	#D3D3D3	2
2382	#FFFFFF	#D3D3D3	2
2383	#FFFFFF	#D3D3D3	2
2384	#FFFFFF	#D3D3D3	2
2385	#FFFFFF	#D3D3D3	2
2386	#FFFFFF	#D3D3D3	4
2387	#FFFFFF	#D3D3D3	2
2388	#FFFFFF	#D3D3D3	4
2389	#FFFFFF	#D3D3D3	2
2390	#FFFFFF	#D3D3D3	4
2391	#FFFFFF	#D3D3D3	4
2392	#FFFFFF	#D3D3D3	4
2393	#FFFFFF	#D3D3D3	4
2394	#FFFFFF	#D3D3D3	2
2395	#FFFFFF	#D3D3D3	2
2396	#FFFFFF	#D3D3D3	2
2397	#FFFFFF	#D3D3D3	2
2398	#FFFFFF	#D3D3D3	2
2399	#FFFFFF	#D3D3D3	2
2400	#FFFFFF	#D3D3D3	2
2401	#FFFFFF	#D3D3D3	9
2405	#FFFFFF	#D3D3D3	2
2406	#FFFFFF	#D3D3D3	2
2407	#FFFFFF	#D3D3D3	2
2408	#FFFFFF	#D3D3D3	2
2409	#FFFFFF	#D3D3D3	2
2410	#FFFFFF	#D3D3D3	2
2411	#FFFFFF	#D3D3D3	2
2412	#FFFFFF	#D3D3D3	2
2413	#FFFFFF	#D3D3D3	2
2414	#FFFFFF	#D3D3D3	2
2415	#FFFFFF	#D3D3D3	81
2416	#FFFFFF	#D3D3D3	2
2417	#FFFFFF	#D3D3D3	2
2418	#FFFFFF	#D3D3D3	2
2420	#FFFFFF	#D3D3D3	2
2421	#FFFFFF	#D3D3D3	451
2422	#FFFFFF	#D3D3D3	2
2423	#FFFFFF	#D3D3D3	451
2424	#FFFFFF	#D3D3D3	451
2425	#FFFFFF	#D3D3D3	139
2426	#FFFFFF	#D3D3D3	2
2427	#FFFFFF	#D3D3D3	2
2428	#FFFFFF	#D3D3D3	2
2429	#FFFFFF	#D3D3D3	2
2430	#FFFFFF	#D3D3D3	2
2431	#FFFFFF	#D3D3D3	2
2432	#FFFFFF	#D3D3D3	2
2433	#FFFFFF	#D3D3D3	2
2434	#FFFFFF	#D3D3D3	2
2435	#FFFFFF	#D3D3D3	2
2436	#FFFFFF	#D3D3D3	2
2437	#FFFFFF	#D3D3D3	4
2438	#FFFFFF	#D3D3D3	2
2439	#FFFFFF	#D3D3D3	4
2440	#FFFFFF	#D3D3D3	4
2441	#FFFFFF	#D3D3D3	2
2442	#FFFFFF	#D3D3D3	2
2443	#FFFFFF	#D3D3D3	4
2444	#FFFFFF	#D3D3D3	2
2445	#FFFFFF	#D3D3D3	2
2446	#FFFFFF	#D3D3D3	2
2447	#FFFFFF	#D3D3D3	63
2448	#FFFFFF	#D3D3D3	2
2449	#FFFFFF	#D3D3D3	2
2450	#FFFFFF	#D3D3D3	2
2455	#FFFFFF	#D3D3D3	2
2456	#FFFFFF	#D3D3D3	2
2457	#FFFFFF	#D3D3D3	2
2458	#FFFFFF	#D3D3D3	2
2459	#FFFFFF	#D3D3D3	2
2460	#FFFFFF	#D3D3D3	2
2461	#FFFFFF	#D3D3D3	2
2462	#FFFFFF	#D3D3D3	2
2463	#FFFFFF	#D3D3D3	2
2464	#FFFFFF	#D3D3D3	2
2465	#FFFFFF	#D3D3D3	2
2466	#FFFFFF	#D3D3D3	2
2467	#FFFFFF	#D3D3D3	2
2468	#FFFFFF	#D3D3D3	2
2469	#FFFFFF	#D3D3D3	2
2470	#FFFFFF	#D3D3D3	2
2471	#FFFFFF	#D3D3D3	451
2472	#FFFFFF	#D3D3D3	2
2473	#FFFFFF	#D3D3D3	451
2474	#FFFFFF	#D3D3D3	451
2476	#FFFFFF	#D3D3D3	2
2477	#FFFFFF	#D3D3D3	39
2478	#FFFFFF	#D3D3D3	451
2479	#FFFFFF	#D3D3D3	2
2480	#FFFFFF	#D3D3D3	2
2481	#FFFFFF	#D3D3D3	2
2482	#FFFFFF	#D3D3D3	2
2483	#FFFFFF	#D3D3D3	2
2484	#FFFFFF	#D3D3D3	2
2485	#FFFFFF	#D3D3D3	2
2486	#FFFFFF	#D3D3D3	2
2487	#FFFFFF	#D3D3D3	2
2488	#FFFFFF	#D3D3D3	39
2489	#FFFFFF	#D3D3D3	4
2490	#FFFFFF	#D3D3D3	4
2491	#FFFFFF	#D3D3D3	2
2492	#FFFFFF	#D3D3D3	2
2493	#FFFFFF	#D3D3D3	2
2494	#FFFFFF	#D3D3D3	4
2495	#FFFFFF	#D3D3D3	4
2496	#FFFFFF	#D3D3D3	2
2497	#FFFFFF	#D3D3D3	63
2498	#FFFFFF	#D3D3D3	2
2499	#FFFFFF	#D3D3D3	2
2500	#FFFFFF	#D3D3D3	2
2505	#FFFFFF	#D3D3D3	2
2506	#FFFFFF	#D3D3D3	2
2507	#FFFFFF	#D3D3D3	2
2508	#FFFFFF	#D3D3D3	2
2509	#FFFFFF	#D3D3D3	2
2510	#FFFFFF	#D3D3D3	39
2511	#FFFFFF	#D3D3D3	2
2512	#FFFFFF	#D3D3D3	2
2513	#FFFFFF	#D3D3D3	2
2514	#FFFFFF	#D3D3D3	2
2515	#FFFFFF	#D3D3D3	2
2516	#FFFFFF	#D3D3D3	2
2517	#FFFFFF	#D3D3D3	2
2518	#FFFFFF	#D3D3D3	2
2519	#FFFFFF	#D3D3D3	2
2521	#FFFFFF	#D3D3D3	451
2522	#FFFFFF	#D3D3D3	2
2523	#FFFFFF	#D3D3D3	451
2524	#FFFFFF	#D3D3D3	451
2525	#FFFFFF	#D3D3D3	2
2526	#FFFFFF	#D3D3D3	2
2527	#FFFFFF	#D3D3D3	139
2528	#FFFFFF	#D3D3D3	39
2529	#FFFFFF	#D3D3D3	2
2530	#FFFFFF	#D3D3D3	2
2531	#FFFFFF	#D3D3D3	2
2532	#FFFFFF	#D3D3D3	2
2533	#FFFFFF	#D3D3D3	2
2534	#FFFFFF	#D3D3D3	2
2535	#FFFFFF	#D3D3D3	2
2536	#FFFFFF	#D3D3D3	2
2537	#FFFFFF	#D3D3D3	2
2538	#FFFFFF	#D3D3D3	2
2539	#FFFFFF	#D3D3D3	39
2540	#FFFFFF	#D3D3D3	4
2541	#FFFFFF	#D3D3D3	4
2542	#FFFFFF	#D3D3D3	4
2543	#FFFFFF	#D3D3D3	2
2544	#FFFFFF	#D3D3D3	2
2545	#FFFFFF	#D3D3D3	4
2546	#FFFFFF	#D3D3D3	4
2547	#FFFFFF	#D3D3D3	2
2548	#FFFFFF	#D3D3D3	63
2549	#FFFFFF	#D3D3D3	63
2550	#FFFFFF	#D3D3D3	39
2555	#FFFFFF	#D3D3D3	2
2556	#FFFFFF	#D3D3D3	2
2557	#FFFFFF	#D3D3D3	2
2558	#FFFFFF	#D3D3D3	2
2559	#FFFFFF	#D3D3D3	2
2560	#FFFFFF	#D3D3D3	2
2561	#FFFFFF	#D3D3D3	2
2562	#FFFFFF	#D3D3D3	2
2563	#FFFFFF	#D3D3D3	2
2564	#FFFFFF	#D3D3D3	4
2565	#FFFFFF	#D3D3D3	2
2566	#FFFFFF	#D3D3D3	2
2567	#FFFFFF	#D3D3D3	2
2568	#FFFFFF	#D3D3D3	2
2569	#FFFFFF	#D3D3D3	2
2570	#FFFFFF	#D3D3D3	2
2571	#FFFFFF	#D3D3D3	451
2572	#FFFFFF	#D3D3D3	451
2573	#FFFFFF	#D3D3D3	451
2574	#FFFFFF	#D3D3D3	2
2575	#FFFFFF	#D3D3D3	2
2577	#FFFFFF	#D3D3D3	139
2578	#FFFFFF	#D3D3D3	139
2579	#FFFFFF	#D3D3D3	2
2580	#FFFFFF	#D3D3D3	2
2581	#FFFFFF	#D3D3D3	2
2582	#FFFFFF	#D3D3D3	2
2583	#FFFFFF	#D3D3D3	2
2584	#FFFFFF	#D3D3D3	2
2585	#FFFFFF	#D3D3D3	2
2586	#FFFFFF	#D3D3D3	2
2587	#FFFFFF	#D3D3D3	2
2588	#FFFFFF	#D3D3D3	2
2589	#FFFFFF	#D3D3D3	39
2590	#FFFFFF	#D3D3D3	4
2591	#FFFFFF	#D3D3D3	2
2592	#FFFFFF	#D3D3D3	4
2593	#FFFFFF	#D3D3D3	2
2594	#FFFFFF	#D3D3D3	4
2595	#FFFFFF	#D3D3D3	4
2596	#FFFFFF	#D3D3D3	4
2597	#FFFFFF	#D3D3D3	4
2598	#FFFFFF	#D3D3D3	2
2599	#FFFFFF	#D3D3D3	63
2600	#FFFFFF	#D3D3D3	39
2605	#FFFFFF	#D3D3D3	2
2606	#FFFFFF	#D3D3D3	2
2607	#FFFFFF	#D3D3D3	2
2608	#FFFFFF	#D3D3D3	2
2609	#FFFFFF	#D3D3D3	2
2610	#FFFFFF	#D3D3D3	2
2611	#FFFFFF	#D3D3D3	2
2612	#FFFFFF	#D3D3D3	4
2613	#FFFFFF	#D3D3D3	4
2614	#FFFFFF	#D3D3D3	4
2615	#FFFFFF	#D3D3D3	2
2616	#FFFFFF	#D3D3D3	2
2617	#FFFFFF	#D3D3D3	2
2618	#FFFFFF	#D3D3D3	2
2619	#FFFFFF	#D3D3D3	2
2620	#FFFFFF	#D3D3D3	2
2622	#FFFFFF	#D3D3D3	2
2623	#FFFFFF	#D3D3D3	451
2624	#FFFFFF	#D3D3D3	451
2625	#FFFFFF	#D3D3D3	451
2626	#FFFFFF	#D3D3D3	2
2627	#FFFFFF	#D3D3D3	139
2628	#FFFFFF	#D3D3D3	139
2629	#FFFFFF	#D3D3D3	39
2630	#FFFFFF	#D3D3D3	2
2631	#FFFFFF	#D3D3D3	2
2632	#FFFFFF	#D3D3D3	2
2633	#FFFFFF	#D3D3D3	2
2634	#FFFFFF	#D3D3D3	2
2635	#FFFFFF	#D3D3D3	2
2636	#FFFFFF	#D3D3D3	2
2637	#FFFFFF	#D3D3D3	2
2638	#FFFFFF	#D3D3D3	2
2639	#FFFFFF	#D3D3D3	2
2640	#FFFFFF	#D3D3D3	2
2641	#FFFFFF	#D3D3D3	2
2642	#FFFFFF	#D3D3D3	4
2643	#FFFFFF	#D3D3D3	2
2644	#FFFFFF	#D3D3D3	4
2645	#FFFFFF	#D3D3D3	4
2646	#FFFFFF	#D3D3D3	4
2647	#FFFFFF	#D3D3D3	4
2648	#FFFFFF	#D3D3D3	63
2649	#FFFFFF	#D3D3D3	63
2651	#FFFFFF	#D3D3D3	39
2655	#FFFFFF	#D3D3D3	2
2656	#FFFFFF	#D3D3D3	2
2657	#FFFFFF	#D3D3D3	2
2658	#FFFFFF	#D3D3D3	2
2659	#FFFFFF	#D3D3D3	2
2660	#FFFFFF	#D3D3D3	4
2661	#FFFFFF	#D3D3D3	2
2662	#FFFFFF	#D3D3D3	2
2663	#FFFFFF	#D3D3D3	4
2664	#FFFFFF	#D3D3D3	4
2665	#FFFFFF	#D3D3D3	2
2666	#FFFFFF	#D3D3D3	2
2667	#FFFFFF	#D3D3D3	2
2668	#FFFFFF	#D3D3D3	2
2669	#FFFFFF	#D3D3D3	2
2670	#FFFFFF	#D3D3D3	2
2671	#FFFFFF	#D3D3D3	2
2672	#FFFFFF	#D3D3D3	2
2673	#FFFFFF	#D3D3D3	451
2674	#FFFFFF	#D3D3D3	451
2675	#FFFFFF	#D3D3D3	2
2676	#FFFFFF	#D3D3D3	451
2678	#FFFFFF	#D3D3D3	139
2679	#FFFFFF	#D3D3D3	139
2680	#FFFFFF	#D3D3D3	2
2681	#FFFFFF	#D3D3D3	2
2682	#FFFFFF	#D3D3D3	2
2683	#FFFFFF	#D3D3D3	2
2684	#FFFFFF	#D3D3D3	2
2685	#FFFFFF	#D3D3D3	2
2686	#FFFFFF	#D3D3D3	2
2687	#FFFFFF	#D3D3D3	2
2688	#FFFFFF	#D3D3D3	2
2689	#FFFFFF	#D3D3D3	2
2690	#FFFFFF	#D3D3D3	2
2691	#FFFFFF	#D3D3D3	2
2692	#FFFFFF	#D3D3D3	4
2693	#FFFFFF	#D3D3D3	2
2694	#FFFFFF	#D3D3D3	4
2695	#FFFFFF	#D3D3D3	4
2696	#FFFFFF	#D3D3D3	4
2697	#FFFFFF	#D3D3D3	4
2698	#FFFFFF	#D3D3D3	4
2699	#FFFFFF	#D3D3D3	63
2701	#FFFFFF	#D3D3D3	2
2705	#FFFFFF	#D3D3D3	4
2706	#FFFFFF	#D3D3D3	4
2707	#FFFFFF	#D3D3D3	2
2708	#FFFFFF	#D3D3D3	2
2709	#FFFFFF	#D3D3D3	2
2710	#FFFFFF	#D3D3D3	4
2711	#FFFFFF	#D3D3D3	4
2712	#FFFFFF	#D3D3D3	2
2713	#FFFFFF	#D3D3D3	2
2714	#FFFFFF	#D3D3D3	4
2715	#FFFFFF	#D3D3D3	2
2716	#FFFFFF	#D3D3D3	2
2717	#FFFFFF	#D3D3D3	2
2718	#FFFFFF	#D3D3D3	2
2719	#FFFFFF	#D3D3D3	2
2720	#FFFFFF	#D3D3D3	2
2721	#FFFFFF	#D3D3D3	2
2723	#FFFFFF	#D3D3D3	2
2724	#FFFFFF	#D3D3D3	451
2725	#FFFFFF	#D3D3D3	451
2726	#FFFFFF	#D3D3D3	451
2727	#FFFFFF	#D3D3D3	451
2728	#FFFFFF	#D3D3D3	2
2729	#FFFFFF	#D3D3D3	2
2730	#FFFFFF	#D3D3D3	2
2731	#FFFFFF	#D3D3D3	2
2732	#FFFFFF	#D3D3D3	2
2733	#FFFFFF	#D3D3D3	2
2734	#FFFFFF	#D3D3D3	2
2735	#FFFFFF	#D3D3D3	2
2736	#FFFFFF	#D3D3D3	2
2737	#FFFFFF	#D3D3D3	2
2738	#FFFFFF	#D3D3D3	2
2739	#FFFFFF	#D3D3D3	2
2740	#FFFFFF	#D3D3D3	2
2741	#FFFFFF	#D3D3D3	2
2742	#FFFFFF	#D3D3D3	2
2743	#FFFFFF	#D3D3D3	2
2744	#FFFFFF	#D3D3D3	4
2745	#FFFFFF	#D3D3D3	4
2746	#FFFFFF	#D3D3D3	4
2747	#FFFFFF	#D3D3D3	4
2748	#FFFFFF	#D3D3D3	4
2749	#FFFFFF	#D3D3D3	4
2752	#FFFFFF	#D3D3D3	2
2755	#FFFFFF	#D3D3D3	63
2756	#FFFFFF	#D3D3D3	4
2757	#FFFFFF	#D3D3D3	2
2758	#FFFFFF	#D3D3D3	2
2759	#FFFFFF	#D3D3D3	4
2760	#FFFFFF	#D3D3D3	2
2761	#FFFFFF	#D3D3D3	4
2762	#FFFFFF	#D3D3D3	4
2763	#FFFFFF	#D3D3D3	2
2764	#FFFFFF	#D3D3D3	4
2765	#FFFFFF	#D3D3D3	4
2766	#FFFFFF	#D3D3D3	2
2767	#FFFFFF	#D3D3D3	2
2768	#FFFFFF	#D3D3D3	2
2769	#FFFFFF	#D3D3D3	2
2770	#FFFFFF	#D3D3D3	2
2771	#FFFFFF	#D3D3D3	2
2772	#FFFFFF	#D3D3D3	2
2773	#FFFFFF	#D3D3D3	2
2774	#FFFFFF	#D3D3D3	451
2775	#FFFFFF	#D3D3D3	2
2776	#FFFFFF	#D3D3D3	451
2777	#FFFFFF	#D3D3D3	2
2779	#FFFFFF	#D3D3D3	2
2780	#FFFFFF	#D3D3D3	2
2781	#FFFFFF	#D3D3D3	2
2782	#FFFFFF	#D3D3D3	2
2783	#FFFFFF	#D3D3D3	2
2784	#FFFFFF	#D3D3D3	2
2785	#FFFFFF	#D3D3D3	2
2786	#FFFFFF	#D3D3D3	2
2787	#FFFFFF	#D3D3D3	2
2788	#FFFFFF	#D3D3D3	2
2789	#FFFFFF	#D3D3D3	2
2790	#FFFFFF	#D3D3D3	2
2791	#FFFFFF	#D3D3D3	2
2792	#FFFFFF	#D3D3D3	2
2793	#FFFFFF	#D3D3D3	2
2794	#FFFFFF	#D3D3D3	4
2795	#FFFFFF	#D3D3D3	4
2796	#FFFFFF	#D3D3D3	4
2797	#FFFFFF	#D3D3D3	4
2798	#FFFFFF	#D3D3D3	4
2799	#FFFFFF	#D3D3D3	4
2802	#FFFFFF	#D3D3D3	2
2805	#FFFFFF	#D3D3D3	63
2806	#FFFFFF	#D3D3D3	4
2807	#FFFFFF	#D3D3D3	4
2808	#FFFFFF	#D3D3D3	4
2809	#FFFFFF	#D3D3D3	4
2810	#FFFFFF	#D3D3D3	4
2811	#FFFFFF	#D3D3D3	4
2812	#FFFFFF	#D3D3D3	4
2813	#FFFFFF	#D3D3D3	2
2814	#FFFFFF	#D3D3D3	4
2815	#FFFFFF	#D3D3D3	4
2816	#FFFFFF	#D3D3D3	2
2817	#FFFFFF	#D3D3D3	2
2818	#FFFFFF	#D3D3D3	2
2819	#FFFFFF	#D3D3D3	2
2820	#FFFFFF	#D3D3D3	2
2821	#FFFFFF	#D3D3D3	2
2822	#FFFFFF	#D3D3D3	2
2824	#FFFFFF	#D3D3D3	2
2825	#FFFFFF	#D3D3D3	451
2826	#FFFFFF	#D3D3D3	2
2827	#FFFFFF	#D3D3D3	451
2828	#FFFFFF	#D3D3D3	2
2829	#FFFFFF	#D3D3D3	2
2830	#FFFFFF	#D3D3D3	2
2831	#FFFFFF	#D3D3D3	2
2832	#FFFFFF	#D3D3D3	2
2833	#FFFFFF	#D3D3D3	2
2834	#FFFFFF	#D3D3D3	2
2835	#FFFFFF	#D3D3D3	2
2836	#FFFFFF	#D3D3D3	2
2837	#FFFFFF	#D3D3D3	2
2838	#FFFFFF	#D3D3D3	2
2839	#FFFFFF	#D3D3D3	2
2840	#FFFFFF	#D3D3D3	2
2841	#FFFFFF	#D3D3D3	2
2842	#FFFFFF	#D3D3D3	2
2843	#FFFFFF	#D3D3D3	2
2844	#FFFFFF	#D3D3D3	2
2845	#FFFFFF	#D3D3D3	4
2846	#FFFFFF	#D3D3D3	4
2847	#FFFFFF	#D3D3D3	4
2848	#FFFFFF	#D3D3D3	4
2849	#FFFFFF	#D3D3D3	4
2850	#FFFFFF	#D3D3D3	9
2852	#FFFFFF	#D3D3D3	312
2853	#FFFFFF	#D3D3D3	2
2855	#FFFFFF	#D3D3D3	4
2856	#FFFFFF	#D3D3D3	4
2857	#FFFFFF	#D3D3D3	4
2858	#FFFFFF	#D3D3D3	4
2859	#FFFFFF	#D3D3D3	4
2860	#FFFFFF	#D3D3D3	4
2861	#FFFFFF	#D3D3D3	4
2862	#FFFFFF	#D3D3D3	4
2863	#FFFFFF	#D3D3D3	4
2864	#FFFFFF	#D3D3D3	2
2865	#FFFFFF	#D3D3D3	4
2866	#FFFFFF	#D3D3D3	4
2867	#FFFFFF	#D3D3D3	2
2868	#FFFFFF	#D3D3D3	2
2869	#FFFFFF	#D3D3D3	2
2870	#FFFFFF	#D3D3D3	2
2871	#FFFFFF	#D3D3D3	2
2872	#FFFFFF	#D3D3D3	2
2873	#FFFFFF	#D3D3D3	2
2874	#FFFFFF	#D3D3D3	451
2875	#FFFFFF	#D3D3D3	451
2876	#FFFFFF	#D3D3D3	2
2877	#FFFFFF	#D3D3D3	2
2878	#FFFFFF	#D3D3D3	2
2880	#FFFFFF	#D3D3D3	2
2881	#FFFFFF	#D3D3D3	2
2882	#FFFFFF	#D3D3D3	2
2883	#FFFFFF	#D3D3D3	2
2884	#FFFFFF	#D3D3D3	2
2885	#FFFFFF	#D3D3D3	2
2886	#FFFFFF	#D3D3D3	2
2887	#FFFFFF	#D3D3D3	2
2888	#FFFFFF	#D3D3D3	2
2889	#FFFFFF	#D3D3D3	2
2890	#FFFFFF	#D3D3D3	2
2891	#FFFFFF	#D3D3D3	2
2892	#FFFFFF	#D3D3D3	2
2893	#FFFFFF	#D3D3D3	2
2894	#FFFFFF	#D3D3D3	2
2895	#FFFFFF	#D3D3D3	2
2896	#FFFFFF	#D3D3D3	4
2897	#FFFFFF	#D3D3D3	4
2898	#FFFFFF	#D3D3D3	4
2899	#FFFFFF	#D3D3D3	4
2900	#FFFFFF	#D3D3D3	9
2903	#FFFFFF	#D3D3D3	2
2905	#FFFFFF	#D3D3D3	63
2906	#FFFFFF	#D3D3D3	4
2907	#FFFFFF	#D3D3D3	4
2908	#FFFFFF	#D3D3D3	4
2909	#FFFFFF	#D3D3D3	4
2910	#FFFFFF	#D3D3D3	4
2911	#FFFFFF	#D3D3D3	4
2912	#FFFFFF	#D3D3D3	4
2913	#FFFFFF	#D3D3D3	4
2914	#FFFFFF	#D3D3D3	2
2915	#FFFFFF	#D3D3D3	4
2916	#FFFFFF	#D3D3D3	4
2917	#FFFFFF	#D3D3D3	2
2918	#FFFFFF	#D3D3D3	2
2919	#FFFFFF	#D3D3D3	2
2920	#FFFFFF	#D3D3D3	2
2921	#FFFFFF	#D3D3D3	2
2922	#FFFFFF	#D3D3D3	2
2923	#FFFFFF	#D3D3D3	2
2925	#FFFFFF	#D3D3D3	2
2926	#FFFFFF	#D3D3D3	2
2927	#FFFFFF	#D3D3D3	451
2928	#FFFFFF	#D3D3D3	2
2929	#FFFFFF	#D3D3D3	2
2930	#FFFFFF	#D3D3D3	2
2931	#FFFFFF	#D3D3D3	2
2932	#FFFFFF	#D3D3D3	2
2933	#FFFFFF	#D3D3D3	2
2934	#FFFFFF	#D3D3D3	2
2935	#FFFFFF	#D3D3D3	2
2936	#FFFFFF	#D3D3D3	2
2937	#FFFFFF	#D3D3D3	2
2938	#FFFFFF	#D3D3D3	2
2939	#FFFFFF	#D3D3D3	2
2940	#FFFFFF	#D3D3D3	2
2941	#FFFFFF	#D3D3D3	2
2942	#FFFFFF	#D3D3D3	2
2943	#FFFFFF	#D3D3D3	2
2944	#FFFFFF	#D3D3D3	2
2945	#FFFFFF	#D3D3D3	2
2946	#FFFFFF	#D3D3D3	4
2947	#FFFFFF	#D3D3D3	4
2948	#FFFFFF	#D3D3D3	4
2949	#FFFFFF	#D3D3D3	4
2954	#FFFFFF	#D3D3D3	2
2955	#FFFFFF	#D3D3D3	4
2956	#FFFFFF	#D3D3D3	4
2957	#FFFFFF	#D3D3D3	4
2958	#FFFFFF	#D3D3D3	4
2959	#FFFFFF	#D3D3D3	4
2960	#FFFFFF	#D3D3D3	4
2961	#FFFFFF	#D3D3D3	4
2962	#FFFFFF	#D3D3D3	4
2963	#FFFFFF	#D3D3D3	4
2964	#FFFFFF	#D3D3D3	4
2965	#FFFFFF	#D3D3D3	2
2966	#FFFFFF	#D3D3D3	4
2967	#FFFFFF	#D3D3D3	2
2968	#FFFFFF	#D3D3D3	2
2969	#FFFFFF	#D3D3D3	2
2970	#FFFFFF	#D3D3D3	2
2971	#FFFFFF	#D3D3D3	2
2972	#FFFFFF	#D3D3D3	2
2973	#FFFFFF	#D3D3D3	4
2974	#FFFFFF	#D3D3D3	4
2975	#FFFFFF	#D3D3D3	2
2976	#FFFFFF	#D3D3D3	451
2977	#FFFFFF	#D3D3D3	2
2978	#FFFFFF	#D3D3D3	2
2979	#FFFFFF	#D3D3D3	2
2981	#FFFFFF	#D3D3D3	2
2982	#FFFFFF	#D3D3D3	2
2983	#FFFFFF	#D3D3D3	2
2984	#FFFFFF	#D3D3D3	2
2985	#FFFFFF	#D3D3D3	2
2986	#FFFFFF	#D3D3D3	2
2987	#FFFFFF	#D3D3D3	2
2988	#FFFFFF	#D3D3D3	2
2989	#FFFFFF	#D3D3D3	2
2990	#FFFFFF	#D3D3D3	2
2991	#FFFFFF	#D3D3D3	2
2992	#FFFFFF	#D3D3D3	2
2993	#FFFFFF	#D3D3D3	2
2994	#FFFFFF	#D3D3D3	2
2995	#FFFFFF	#D3D3D3	2
2996	#FFFFFF	#D3D3D3	4
2997	#FFFFFF	#D3D3D3	4
2998	#FFFFFF	#D3D3D3	4
2999	#FFFFFF	#D3D3D3	4
3004	#FFFFFF	#D3D3D3	2
3005	#FFFFFF	#D3D3D3	4
3006	#FFFFFF	#D3D3D3	4
3007	#FFFFFF	#D3D3D3	4
3008	#FFFFFF	#D3D3D3	4
3009	#FFFFFF	#D3D3D3	4
3010	#FFFFFF	#D3D3D3	4
3011	#FFFFFF	#D3D3D3	4
3012	#FFFFFF	#D3D3D3	4
3013	#FFFFFF	#D3D3D3	4
3014	#FFFFFF	#D3D3D3	4
3015	#FFFFFF	#D3D3D3	2
3016	#FFFFFF	#D3D3D3	4
3017	#FFFFFF	#D3D3D3	4
3018	#FFFFFF	#D3D3D3	2
3019	#FFFFFF	#D3D3D3	2
3020	#FFFFFF	#D3D3D3	2
3021	#FFFFFF	#D3D3D3	2
3022	#FFFFFF	#D3D3D3	4
3023	#FFFFFF	#D3D3D3	4
3024	#FFFFFF	#D3D3D3	4
3026	#FFFFFF	#D3D3D3	2
3027	#FFFFFF	#D3D3D3	2
3028	#FFFFFF	#D3D3D3	2
3029	#FFFFFF	#D3D3D3	2
3030	#FFFFFF	#D3D3D3	2
3031	#FFFFFF	#D3D3D3	2
3032	#FFFFFF	#D3D3D3	2
3033	#FFFFFF	#D3D3D3	2
3034	#FFFFFF	#D3D3D3	2
3035	#FFFFFF	#D3D3D3	2
3036	#FFFFFF	#D3D3D3	2
3037	#FFFFFF	#D3D3D3	2
3038	#FFFFFF	#D3D3D3	2
3039	#FFFFFF	#D3D3D3	2
3040	#FFFFFF	#D3D3D3	2
3041	#FFFFFF	#D3D3D3	2
3042	#FFFFFF	#D3D3D3	2
3043	#FFFFFF	#D3D3D3	2
3044	#FFFFFF	#D3D3D3	2
3045	#FFFFFF	#D3D3D3	2
3046	#FFFFFF	#D3D3D3	2
3047	#FFFFFF	#D3D3D3	4
3048	#FFFFFF	#D3D3D3	4
3049	#FFFFFF	#D3D3D3	4
3054	#FFFFFF	#D3D3D3	4
3055	#FFFFFF	#D3D3D3	2
3056	#FFFFFF	#D3D3D3	4
3057	#FFFFFF	#D3D3D3	4
3058	#FFFFFF	#D3D3D3	4
3059	#FFFFFF	#D3D3D3	4
3060	#FFFFFF	#D3D3D3	4
3061	#FFFFFF	#D3D3D3	4
3062	#FFFFFF	#D3D3D3	4
3063	#FFFFFF	#D3D3D3	4
3064	#FFFFFF	#D3D3D3	4
3065	#FFFFFF	#D3D3D3	4
3066	#FFFFFF	#D3D3D3	2
3067	#FFFFFF	#D3D3D3	4
3068	#FFFFFF	#D3D3D3	4
3069	#FFFFFF	#D3D3D3	4
3070	#FFFFFF	#D3D3D3	4
3071	#FFFFFF	#D3D3D3	4
3072	#FFFFFF	#D3D3D3	4
3073	#FFFFFF	#D3D3D3	4
3074	#FFFFFF	#D3D3D3	4
3075	#FFFFFF	#D3D3D3	4
3076	#FFFFFF	#D3D3D3	2
3077	#FFFFFF	#D3D3D3	2
3078	#FFFFFF	#D3D3D3	2
3079	#FFFFFF	#D3D3D3	2
3080	#FFFFFF	#D3D3D3	2
3082	#FFFFFF	#D3D3D3	2
3083	#FFFFFF	#D3D3D3	2
3084	#FFFFFF	#D3D3D3	2
3085	#FFFFFF	#D3D3D3	2
3086	#FFFFFF	#D3D3D3	2
3087	#FFFFFF	#D3D3D3	2
3088	#FFFFFF	#D3D3D3	2
3089	#FFFFFF	#D3D3D3	2
3090	#FFFFFF	#D3D3D3	2
3091	#FFFFFF	#D3D3D3	2
3092	#FFFFFF	#D3D3D3	2
3093	#FFFFFF	#D3D3D3	2
3094	#FFFFFF	#D3D3D3	2
3095	#FFFFFF	#D3D3D3	2
3096	#FFFFFF	#D3D3D3	2
3097	#FFFFFF	#D3D3D3	4
3098	#FFFFFF	#D3D3D3	4
3099	#FFFFFF	#D3D3D3	4
3103	#FFFFFF	#D3D3D3	485
3104	#FFFFFF	#D3D3D3	4
3105	#FFFFFF	#D3D3D3	2
3106	#FFFFFF	#D3D3D3	4
3107	#FFFFFF	#D3D3D3	4
3108	#FFFFFF	#D3D3D3	4
3109	#FFFFFF	#D3D3D3	4
3110	#FFFFFF	#D3D3D3	4
3111	#FFFFFF	#D3D3D3	4
3112	#FFFFFF	#D3D3D3	4
3113	#FFFFFF	#D3D3D3	4
3114	#FFFFFF	#D3D3D3	4
3115	#FFFFFF	#D3D3D3	91
3116	#FFFFFF	#D3D3D3	2
3117	#FFFFFF	#D3D3D3	4
3118	#FFFFFF	#D3D3D3	91
3119	#FFFFFF	#D3D3D3	4
3120	#FFFFFF	#D3D3D3	4
3121	#FFFFFF	#D3D3D3	4
3122	#FFFFFF	#D3D3D3	4
3123	#FFFFFF	#D3D3D3	4
3124	#FFFFFF	#D3D3D3	4
3125	#FFFFFF	#D3D3D3	4
3127	#FFFFFF	#D3D3D3	2
3128	#FFFFFF	#D3D3D3	2
3129	#FFFFFF	#D3D3D3	2
3130	#FFFFFF	#D3D3D3	2
3131	#FFFFFF	#D3D3D3	2
3132	#FFFFFF	#D3D3D3	2
3133	#FFFFFF	#D3D3D3	2
3134	#FFFFFF	#D3D3D3	2
3135	#FFFFFF	#D3D3D3	2
3136	#FFFFFF	#D3D3D3	2
3137	#FFFFFF	#D3D3D3	2
3138	#FFFFFF	#D3D3D3	2
3139	#FFFFFF	#D3D3D3	2
3140	#FFFFFF	#D3D3D3	2
3141	#FFFFFF	#D3D3D3	4
3142	#FFFFFF	#D3D3D3	4
3143	#FFFFFF	#D3D3D3	2
3144	#FFFFFF	#D3D3D3	2
3145	#FFFFFF	#D3D3D3	2
3146	#FFFFFF	#D3D3D3	2
3147	#FFFFFF	#D3D3D3	4
3148	#FFFFFF	#D3D3D3	4
3149	#FFFFFF	#D3D3D3	4
3154	#FFFFFF	#D3D3D3	4
3155	#FFFFFF	#D3D3D3	4
3156	#FFFFFF	#D3D3D3	2
3157	#FFFFFF	#D3D3D3	4
3158	#FFFFFF	#D3D3D3	4
3159	#FFFFFF	#D3D3D3	4
3160	#FFFFFF	#D3D3D3	4
3161	#FFFFFF	#D3D3D3	4
3162	#FFFFFF	#D3D3D3	4
3163	#FFFFFF	#D3D3D3	91
3164	#FFFFFF	#D3D3D3	91
3165	#FFFFFF	#D3D3D3	91
3166	#FFFFFF	#D3D3D3	4
3167	#FFFFFF	#D3D3D3	2
3168	#FFFFFF	#D3D3D3	91
3169	#FFFFFF	#D3D3D3	91
3170	#FFFFFF	#D3D3D3	91
3171	#FFFFFF	#D3D3D3	4
3172	#FFFFFF	#D3D3D3	4
3173	#FFFFFF	#D3D3D3	91
3174	#FFFFFF	#D3D3D3	4
3175	#FFFFFF	#D3D3D3	4
3176	#FFFFFF	#D3D3D3	4
3177	#FFFFFF	#D3D3D3	2
3178	#FFFFFF	#D3D3D3	2
3179	#FFFFFF	#D3D3D3	2
3180	#FFFFFF	#D3D3D3	2
3181	#FFFFFF	#D3D3D3	2
3183	#FFFFFF	#D3D3D3	2
3184	#FFFFFF	#D3D3D3	2
3185	#FFFFFF	#D3D3D3	2
3186	#FFFFFF	#D3D3D3	2
3187	#FFFFFF	#D3D3D3	2
3188	#FFFFFF	#D3D3D3	2
3189	#FFFFFF	#D3D3D3	2
3190	#FFFFFF	#D3D3D3	2
3191	#FFFFFF	#D3D3D3	4
3192	#FFFFFF	#D3D3D3	4
3193	#FFFFFF	#D3D3D3	2
3194	#FFFFFF	#D3D3D3	2
3195	#FFFFFF	#D3D3D3	2
3196	#FFFFFF	#D3D3D3	2
3197	#FFFFFF	#D3D3D3	2
3198	#FFFFFF	#D3D3D3	4
3199	#FFFFFF	#D3D3D3	9
3204	#FFFFFF	#D3D3D3	4
3205	#FFFFFF	#D3D3D3	4
3206	#FFFFFF	#D3D3D3	2
3207	#FFFFFF	#D3D3D3	4
3208	#FFFFFF	#D3D3D3	4
3209	#FFFFFF	#D3D3D3	4
3210	#FFFFFF	#D3D3D3	4
3211	#FFFFFF	#D3D3D3	4
3212	#FFFFFF	#D3D3D3	4
3213	#FFFFFF	#D3D3D3	4
3214	#FFFFFF	#D3D3D3	91
3215	#FFFFFF	#D3D3D3	91
3216	#FFFFFF	#D3D3D3	91
3217	#FFFFFF	#D3D3D3	2
3218	#FFFFFF	#D3D3D3	91
3219	#FFFFFF	#D3D3D3	91
3220	#FFFFFF	#D3D3D3	91
3221	#FFFFFF	#D3D3D3	4
3222	#FFFFFF	#D3D3D3	4
3223	#FFFFFF	#D3D3D3	91
3224	#FFFFFF	#D3D3D3	4
3225	#FFFFFF	#D3D3D3	4
3226	#FFFFFF	#D3D3D3	4
3228	#FFFFFF	#D3D3D3	2
3229	#FFFFFF	#D3D3D3	2
3230	#FFFFFF	#D3D3D3	2
3231	#FFFFFF	#D3D3D3	2
3232	#FFFFFF	#D3D3D3	2
3233	#FFFFFF	#D3D3D3	2
3234	#FFFFFF	#D3D3D3	2
3235	#FFFFFF	#D3D3D3	2
3236	#FFFFFF	#D3D3D3	2
3237	#FFFFFF	#D3D3D3	2
3238	#FFFFFF	#D3D3D3	2
3239	#FFFFFF	#D3D3D3	2
3240	#FFFFFF	#D3D3D3	2
3241	#FFFFFF	#D3D3D3	4
3242	#FFFFFF	#D3D3D3	4
3243	#FFFFFF	#D3D3D3	4
3244	#FFFFFF	#D3D3D3	2
3245	#FFFFFF	#D3D3D3	2
3246	#FFFFFF	#D3D3D3	2
3247	#FFFFFF	#D3D3D3	2
3248	#FFFFFF	#D3D3D3	2
3249	#FFFFFF	#D3D3D3	9
3250	#FFFFFF	#D3D3D3	9
3254	#FFFFFF	#D3D3D3	4
3255	#FFFFFF	#D3D3D3	4
3256	#FFFFFF	#D3D3D3	4
3257	#FFFFFF	#D3D3D3	2
3258	#FFFFFF	#D3D3D3	4
3259	#FFFFFF	#D3D3D3	4
3260	#FFFFFF	#D3D3D3	4
3261	#FFFFFF	#D3D3D3	4
3262	#FFFFFF	#D3D3D3	4
3263	#FFFFFF	#D3D3D3	4
3264	#FFFFFF	#D3D3D3	91
3265	#FFFFFF	#D3D3D3	91
3266	#FFFFFF	#D3D3D3	91
3267	#FFFFFF	#D3D3D3	91
3268	#FFFFFF	#D3D3D3	2
3269	#FFFFFF	#D3D3D3	91
3270	#FFFFFF	#D3D3D3	91
3271	#FFFFFF	#D3D3D3	4
3272	#FFFFFF	#D3D3D3	91
3273	#FFFFFF	#D3D3D3	91
3274	#FFFFFF	#D3D3D3	91
3275	#FFFFFF	#D3D3D3	4
3276	#FFFFFF	#D3D3D3	4
3277	#FFFFFF	#D3D3D3	4
3278	#FFFFFF	#D3D3D3	2
3279	#FFFFFF	#D3D3D3	2
3280	#FFFFFF	#D3D3D3	2
3281	#FFFFFF	#D3D3D3	2
3282	#FFFFFF	#D3D3D3	2
3284	#FFFFFF	#D3D3D3	2
3285	#FFFFFF	#D3D3D3	2
3286	#FFFFFF	#D3D3D3	2
3287	#FFFFFF	#D3D3D3	2
3288	#FFFFFF	#D3D3D3	154
3289	#FFFFFF	#D3D3D3	2
3290	#FFFFFF	#D3D3D3	2
3291	#FFFFFF	#D3D3D3	4
3292	#FFFFFF	#D3D3D3	4
3293	#FFFFFF	#D3D3D3	4
3294	#FFFFFF	#D3D3D3	4
3295	#FFFFFF	#D3D3D3	2
3296	#FFFFFF	#D3D3D3	2
3297	#FFFFFF	#D3D3D3	303
3298	#FFFFFF	#D3D3D3	2
3299	#FFFFFF	#D3D3D3	4
3304	#FFFFFF	#D3D3D3	4
3305	#FFFFFF	#D3D3D3	4
3306	#FFFFFF	#D3D3D3	4
3307	#FFFFFF	#D3D3D3	2
3308	#FFFFFF	#D3D3D3	4
3309	#FFFFFF	#D3D3D3	4
3310	#FFFFFF	#D3D3D3	4
3311	#FFFFFF	#D3D3D3	4
3312	#FFFFFF	#D3D3D3	4
3313	#FFFFFF	#D3D3D3	4
3314	#FFFFFF	#D3D3D3	4
3315	#FFFFFF	#D3D3D3	91
3316	#FFFFFF	#D3D3D3	91
3317	#FFFFFF	#D3D3D3	91
3318	#FFFFFF	#D3D3D3	2
3319	#FFFFFF	#D3D3D3	91
3320	#FFFFFF	#D3D3D3	91
3321	#FFFFFF	#D3D3D3	4
3322	#FFFFFF	#D3D3D3	91
3323	#FFFFFF	#D3D3D3	91
3324	#FFFFFF	#D3D3D3	91
3325	#FFFFFF	#D3D3D3	4
3326	#FFFFFF	#D3D3D3	4
3327	#FFFFFF	#D3D3D3	4
3329	#FFFFFF	#D3D3D3	2
3330	#FFFFFF	#D3D3D3	2
3331	#FFFFFF	#D3D3D3	2
3332	#FFFFFF	#D3D3D3	154
3333	#FFFFFF	#D3D3D3	2
3334	#FFFFFF	#D3D3D3	2
3335	#FFFFFF	#D3D3D3	2
3336	#FFFFFF	#D3D3D3	2
3337	#FFFFFF	#D3D3D3	154
3338	#FFFFFF	#D3D3D3	154
3339	#FFFFFF	#D3D3D3	2
3340	#FFFFFF	#D3D3D3	2
3341	#FFFFFF	#D3D3D3	2
3342	#FFFFFF	#D3D3D3	2
3343	#FFFFFF	#D3D3D3	4
3344	#FFFFFF	#D3D3D3	4
3345	#FFFFFF	#D3D3D3	4
3346	#FFFFFF	#D3D3D3	303
3347	#FFFFFF	#D3D3D3	154
3348	#FFFFFF	#D3D3D3	4
3349	#FFFFFF	#D3D3D3	4
3354	#FFFFFF	#D3D3D3	4
3355	#FFFFFF	#D3D3D3	4
3356	#FFFFFF	#D3D3D3	4
3357	#FFFFFF	#D3D3D3	4
3358	#FFFFFF	#D3D3D3	2
3359	#FFFFFF	#D3D3D3	4
3360	#FFFFFF	#D3D3D3	4
3361	#FFFFFF	#D3D3D3	4
3362	#FFFFFF	#D3D3D3	4
3363	#FFFFFF	#D3D3D3	4
3364	#FFFFFF	#D3D3D3	4
3365	#FFFFFF	#D3D3D3	91
3366	#FFFFFF	#D3D3D3	91
3367	#FFFFFF	#D3D3D3	91
3368	#FFFFFF	#D3D3D3	91
3369	#FFFFFF	#D3D3D3	2
3370	#FFFFFF	#D3D3D3	91
3371	#FFFFFF	#D3D3D3	4
3372	#FFFFFF	#D3D3D3	91
3373	#FFFFFF	#D3D3D3	91
3374	#FFFFFF	#D3D3D3	91
3375	#FFFFFF	#D3D3D3	4
3376	#FFFFFF	#D3D3D3	4
3377	#FFFFFF	#D3D3D3	4
3378	#FFFFFF	#D3D3D3	4
3379	#FFFFFF	#D3D3D3	2
3380	#FFFFFF	#D3D3D3	2
3381	#FFFFFF	#D3D3D3	154
3382	#FFFFFF	#D3D3D3	154
3383	#FFFFFF	#D3D3D3	154
3385	#FFFFFF	#D3D3D3	2
3386	#FFFFFF	#D3D3D3	56
3387	#FFFFFF	#D3D3D3	2
3388	#FFFFFF	#D3D3D3	56
3389	#FFFFFF	#D3D3D3	56
3390	#FFFFFF	#D3D3D3	2
3391	#FFFFFF	#D3D3D3	2
3392	#FFFFFF	#D3D3D3	2
3393	#FFFFFF	#D3D3D3	85
3394	#FFFFFF	#D3D3D3	2
3395	#FFFFFF	#D3D3D3	85
3396	#FFFFFF	#D3D3D3	2
3397	#FFFFFF	#D3D3D3	56
3398	#FFFFFF	#D3D3D3	2
3399	#FFFFFF	#D3D3D3	2
3400	#FFFFFF	#D3D3D3	2
3401	#FFFFFF	#D3D3D3	2
3402	#FFFFFF	#D3D3D3	2
3403	#FFFFFF	#D3D3D3	2
3404	#FFFFFF	#D3D3D3	2
3405	#FFFFFF	#D3D3D3	234
3406	#FFFFFF	#D3D3D3	234
3407	#FFFFFF	#D3D3D3	2
3408	#FFFFFF	#D3D3D3	56
3409	#FFFFFF	#D3D3D3	234
3410	#FFFFFF	#D3D3D3	2
3411	#FFFFFF	#D3D3D3	2
3412	#FFFFFF	#D3D3D3	2
3413	#FFFFFF	#D3D3D3	2
3414	#FFFFFF	#D3D3D3	2
3415	#FFFFFF	#D3D3D3	2
3416	#FFFFFF	#D3D3D3	2
3417	#FFFFFF	#D3D3D3	2
3418	#FFFFFF	#D3D3D3	2
3419	#FFFFFF	#D3D3D3	56
3420	#FFFFFF	#D3D3D3	2
3430	#FFFFFF	#D3D3D3	56
3431	#FFFFFF	#D3D3D3	2
3432	#FFFFFF	#D3D3D3	2
3433	#FFFFFF	#D3D3D3	2
3434	#FFFFFF	#D3D3D3	2
3435	#FFFFFF	#D3D3D3	2
3436	#FFFFFF	#D3D3D3	2
3437	#FFFFFF	#D3D3D3	56
3438	#FFFFFF	#D3D3D3	2
3439	#FFFFFF	#D3D3D3	56
3440	#FFFFFF	#D3D3D3	56
3441	#FFFFFF	#D3D3D3	2
3442	#FFFFFF	#D3D3D3	2
3443	#FFFFFF	#D3D3D3	2
3444	#FFFFFF	#D3D3D3	85
3445	#FFFFFF	#D3D3D3	85
3446	#FFFFFF	#D3D3D3	2
3447	#FFFFFF	#D3D3D3	2
3448	#FFFFFF	#D3D3D3	56
3449	#FFFFFF	#D3D3D3	2
3450	#FFFFFF	#D3D3D3	2
3451	#FFFFFF	#D3D3D3	2
3452	#FFFFFF	#D3D3D3	2
3453	#FFFFFF	#D3D3D3	2
3454	#FFFFFF	#D3D3D3	2
3455	#FFFFFF	#D3D3D3	2
3456	#FFFFFF	#D3D3D3	234
3457	#FFFFFF	#D3D3D3	2
3458	#FFFFFF	#D3D3D3	2
3459	#FFFFFF	#D3D3D3	56
3460	#FFFFFF	#D3D3D3	234
3461	#FFFFFF	#D3D3D3	2
3462	#FFFFFF	#D3D3D3	2
3463	#FFFFFF	#D3D3D3	2
3464	#FFFFFF	#D3D3D3	2
3465	#FFFFFF	#D3D3D3	2
3466	#FFFFFF	#D3D3D3	2
3467	#FFFFFF	#D3D3D3	2
3468	#FFFFFF	#D3D3D3	2
3469	#FFFFFF	#D3D3D3	2
3470	#FFFFFF	#D3D3D3	56
3471	#FFFFFF	#D3D3D3	2
3480	#FFFFFF	#D3D3D3	56
3481	#FFFFFF	#D3D3D3	2
3482	#FFFFFF	#D3D3D3	2
3483	#FFFFFF	#D3D3D3	56
3484	#FFFFFF	#D3D3D3	56
3486	#FFFFFF	#D3D3D3	2
3487	#FFFFFF	#D3D3D3	154
3488	#FFFFFF	#D3D3D3	154
3489	#FFFFFF	#D3D3D3	154
3490	#FFFFFF	#D3D3D3	154
3491	#FFFFFF	#D3D3D3	2
3492	#FFFFFF	#D3D3D3	154
3493	#FFFFFF	#D3D3D3	2
3494	#FFFFFF	#D3D3D3	4
3495	#FFFFFF	#D3D3D3	4
3496	#FFFFFF	#D3D3D3	4
3497	#FFFFFF	#D3D3D3	4
3498	#FFFFFF	#D3D3D3	154
3499	#FFFFFF	#D3D3D3	4
3500	#FFFFFF	#D3D3D3	4
3505	#FFFFFF	#D3D3D3	161
3506	#FFFFFF	#D3D3D3	4
3507	#FFFFFF	#D3D3D3	4
3508	#FFFFFF	#D3D3D3	4
3509	#FFFFFF	#D3D3D3	154
3510	#FFFFFF	#D3D3D3	4
3511	#FFFFFF	#D3D3D3	4
3512	#FFFFFF	#D3D3D3	4
3513	#FFFFFF	#D3D3D3	4
3514	#FFFFFF	#D3D3D3	4
3515	#FFFFFF	#D3D3D3	91
3516	#FFFFFF	#D3D3D3	91
3517	#FFFFFF	#D3D3D3	91
3518	#FFFFFF	#D3D3D3	91
3519	#FFFFFF	#D3D3D3	91
3520	#FFFFFF	#D3D3D3	2
3521	#FFFFFF	#D3D3D3	91
3522	#FFFFFF	#D3D3D3	91
3523	#FFFFFF	#D3D3D3	91
3524	#FFFFFF	#D3D3D3	91
3525	#FFFFFF	#D3D3D3	4
3526	#FFFFFF	#D3D3D3	91
3527	#FFFFFF	#D3D3D3	4
3528	#FFFFFF	#D3D3D3	4
3529	#FFFFFF	#D3D3D3	4
3531	#FFFFFF	#D3D3D3	2
3532	#FFFFFF	#D3D3D3	2
3533	#FFFFFF	#D3D3D3	154
3534	#FFFFFF	#D3D3D3	154
3535	#FFFFFF	#D3D3D3	154
3536	#FFFFFF	#D3D3D3	2
3537	#FFFFFF	#D3D3D3	2
3538	#FFFFFF	#D3D3D3	154
3539	#FFFFFF	#D3D3D3	154
3540	#FFFFFF	#D3D3D3	154
3541	#FFFFFF	#D3D3D3	154
3542	#FFFFFF	#D3D3D3	154
3543	#FFFFFF	#D3D3D3	154
3544	#FFFFFF	#D3D3D3	2
3545	#FFFFFF	#D3D3D3	2
3546	#FFFFFF	#D3D3D3	4
3547	#FFFFFF	#D3D3D3	4
3548	#FFFFFF	#D3D3D3	4
3549	#FFFFFF	#D3D3D3	154
3550	#FFFFFF	#D3D3D3	356
3555	#FFFFFF	#D3D3D3	161
3556	#FFFFFF	#D3D3D3	161
3557	#FFFFFF	#D3D3D3	4
3558	#FFFFFF	#D3D3D3	4
3559	#FFFFFF	#D3D3D3	4
3560	#FFFFFF	#D3D3D3	154
3561	#FFFFFF	#D3D3D3	4
3562	#FFFFFF	#D3D3D3	4
3563	#FFFFFF	#D3D3D3	4
3564	#FFFFFF	#D3D3D3	4
3565	#FFFFFF	#D3D3D3	91
3566	#FFFFFF	#D3D3D3	91
3567	#FFFFFF	#D3D3D3	91
3568	#FFFFFF	#D3D3D3	91
3569	#FFFFFF	#D3D3D3	91
3570	#FFFFFF	#D3D3D3	91
3571	#FFFFFF	#D3D3D3	2
3572	#FFFFFF	#D3D3D3	91
3573	#FFFFFF	#D3D3D3	91
3574	#FFFFFF	#D3D3D3	4
3575	#FFFFFF	#D3D3D3	4
3576	#FFFFFF	#D3D3D3	4
3577	#FFFFFF	#D3D3D3	91
3578	#FFFFFF	#D3D3D3	4
3579	#FFFFFF	#D3D3D3	4
3580	#FFFFFF	#D3D3D3	4
3581	#FFFFFF	#D3D3D3	2
3582	#FFFFFF	#D3D3D3	154
3583	#FFFFFF	#D3D3D3	154
3584	#FFFFFF	#D3D3D3	154
3585	#FFFFFF	#D3D3D3	154
3587	#FFFFFF	#D3D3D3	2
3588	#FFFFFF	#D3D3D3	154
3589	#FFFFFF	#D3D3D3	154
3590	#FFFFFF	#D3D3D3	154
3591	#FFFFFF	#D3D3D3	154
3592	#FFFFFF	#D3D3D3	154
3593	#FFFFFF	#D3D3D3	154
3594	#FFFFFF	#D3D3D3	154
3595	#FFFFFF	#D3D3D3	2
3596	#FFFFFF	#D3D3D3	4
3597	#FFFFFF	#D3D3D3	4
3598	#FFFFFF	#D3D3D3	4
3599	#FFFFFF	#D3D3D3	154
3600	#FFFFFF	#D3D3D3	464
3605	#FFFFFF	#D3D3D3	4
3606	#FFFFFF	#D3D3D3	161
3607	#FFFFFF	#D3D3D3	4
3608	#FFFFFF	#D3D3D3	4
3609	#FFFFFF	#D3D3D3	4
3610	#FFFFFF	#D3D3D3	154
3611	#FFFFFF	#D3D3D3	4
3612	#FFFFFF	#D3D3D3	4
3613	#FFFFFF	#D3D3D3	4
3614	#FFFFFF	#D3D3D3	4
3615	#FFFFFF	#D3D3D3	4
3616	#FFFFFF	#D3D3D3	91
3617	#FFFFFF	#D3D3D3	91
3618	#FFFFFF	#D3D3D3	91
3619	#FFFFFF	#D3D3D3	91
3620	#FFFFFF	#D3D3D3	105
3621	#FFFFFF	#D3D3D3	2
3622	#FFFFFF	#D3D3D3	91
3623	#FFFFFF	#D3D3D3	91
3624	#FFFFFF	#D3D3D3	91
3625	#FFFFFF	#D3D3D3	4
3626	#FFFFFF	#D3D3D3	4
3627	#FFFFFF	#D3D3D3	4
3628	#FFFFFF	#D3D3D3	4
3629	#FFFFFF	#D3D3D3	4
3630	#FFFFFF	#D3D3D3	4
3632	#FFFFFF	#D3D3D3	2
3633	#FFFFFF	#D3D3D3	154
3634	#FFFFFF	#D3D3D3	154
3635	#FFFFFF	#D3D3D3	154
3636	#FFFFFF	#D3D3D3	154
3637	#FFFFFF	#D3D3D3	2
3638	#FFFFFF	#D3D3D3	154
3639	#FFFFFF	#D3D3D3	154
3640	#FFFFFF	#D3D3D3	154
3641	#FFFFFF	#D3D3D3	154
3642	#FFFFFF	#D3D3D3	154
3643	#FFFFFF	#D3D3D3	154
3644	#FFFFFF	#D3D3D3	154
3645	#FFFFFF	#D3D3D3	2
3646	#FFFFFF	#D3D3D3	2
3647	#FFFFFF	#D3D3D3	4
3648	#FFFFFF	#D3D3D3	402
3649	#FFFFFF	#D3D3D3	4
3650	#FFFFFF	#D3D3D3	154
3655	#FFFFFF	#D3D3D3	4
3656	#FFFFFF	#D3D3D3	4
3657	#FFFFFF	#D3D3D3	161
3658	#FFFFFF	#D3D3D3	161
3659	#FFFFFF	#D3D3D3	161
3660	#FFFFFF	#D3D3D3	4
3661	#FFFFFF	#D3D3D3	154
3662	#FFFFFF	#D3D3D3	4
3663	#FFFFFF	#D3D3D3	4
3664	#FFFFFF	#D3D3D3	4
3665	#FFFFFF	#D3D3D3	4
3666	#FFFFFF	#D3D3D3	91
3667	#FFFFFF	#D3D3D3	91
3668	#FFFFFF	#D3D3D3	91
3669	#FFFFFF	#D3D3D3	91
3670	#FFFFFF	#D3D3D3	105
3671	#FFFFFF	#D3D3D3	105
3672	#FFFFFF	#D3D3D3	2
3673	#FFFFFF	#D3D3D3	105
3674	#FFFFFF	#D3D3D3	91
3675	#FFFFFF	#D3D3D3	91
3676	#FFFFFF	#D3D3D3	4
3677	#FFFFFF	#D3D3D3	91
3678	#FFFFFF	#D3D3D3	4
3679	#FFFFFF	#D3D3D3	4
3680	#FFFFFF	#D3D3D3	4
3681	#FFFFFF	#D3D3D3	4
3682	#FFFFFF	#D3D3D3	2
3683	#FFFFFF	#D3D3D3	154
3684	#FFFFFF	#D3D3D3	154
3685	#FFFFFF	#D3D3D3	154
3686	#FFFFFF	#D3D3D3	154
3688	#FFFFFF	#D3D3D3	154
3689	#FFFFFF	#D3D3D3	154
3690	#FFFFFF	#D3D3D3	154
3691	#FFFFFF	#D3D3D3	154
3692	#FFFFFF	#D3D3D3	154
3693	#FFFFFF	#D3D3D3	154
3694	#FFFFFF	#D3D3D3	154
3695	#FFFFFF	#D3D3D3	2
3696	#FFFFFF	#D3D3D3	2
3697	#FFFFFF	#D3D3D3	2
3698	#FFFFFF	#D3D3D3	4
3699	#FFFFFF	#D3D3D3	4
3700	#FFFFFF	#D3D3D3	154
3705	#FFFFFF	#D3D3D3	4
3706	#FFFFFF	#D3D3D3	161
3707	#FFFFFF	#D3D3D3	161
3708	#FFFFFF	#D3D3D3	161
3709	#FFFFFF	#D3D3D3	161
3710	#FFFFFF	#D3D3D3	4
3711	#FFFFFF	#D3D3D3	154
3712	#FFFFFF	#D3D3D3	91
3713	#FFFFFF	#D3D3D3	91
3714	#FFFFFF	#D3D3D3	4
3715	#FFFFFF	#D3D3D3	4
3716	#FFFFFF	#D3D3D3	4
3717	#FFFFFF	#D3D3D3	91
3718	#FFFFFF	#D3D3D3	91
3719	#FFFFFF	#D3D3D3	91
3720	#FFFFFF	#D3D3D3	91
3721	#FFFFFF	#D3D3D3	91
3722	#FFFFFF	#D3D3D3	2
3723	#FFFFFF	#D3D3D3	105
3724	#FFFFFF	#D3D3D3	91
3725	#FFFFFF	#D3D3D3	91
3726	#FFFFFF	#D3D3D3	91
3727	#FFFFFF	#D3D3D3	91
3728	#FFFFFF	#D3D3D3	4
3729	#FFFFFF	#D3D3D3	4
3730	#FFFFFF	#D3D3D3	4
3731	#FFFFFF	#D3D3D3	4
3733	#FFFFFF	#D3D3D3	2
3734	#FFFFFF	#D3D3D3	154
3735	#FFFFFF	#D3D3D3	154
3736	#FFFFFF	#D3D3D3	2
3737	#FFFFFF	#D3D3D3	154
3738	#FFFFFF	#D3D3D3	154
3739	#FFFFFF	#D3D3D3	154
3740	#FFFFFF	#D3D3D3	154
3741	#FFFFFF	#D3D3D3	154
3742	#FFFFFF	#D3D3D3	154
3743	#FFFFFF	#D3D3D3	154
3744	#FFFFFF	#D3D3D3	154
3745	#FFFFFF	#D3D3D3	154
3746	#FFFFFF	#D3D3D3	2
3747	#FFFFFF	#D3D3D3	2
3748	#FFFFFF	#D3D3D3	132
3749	#FFFFFF	#D3D3D3	4
3751	#FFFFFF	#D3D3D3	154
3755	#FFFFFF	#D3D3D3	4
3756	#FFFFFF	#D3D3D3	4
3757	#FFFFFF	#D3D3D3	161
3758	#FFFFFF	#D3D3D3	161
3759	#FFFFFF	#D3D3D3	161
3760	#FFFFFF	#D3D3D3	4
3761	#FFFFFF	#D3D3D3	4
3762	#FFFFFF	#D3D3D3	154
3763	#FFFFFF	#D3D3D3	91
3764	#FFFFFF	#D3D3D3	91
3765	#FFFFFF	#D3D3D3	4
3766	#FFFFFF	#D3D3D3	4
3767	#FFFFFF	#D3D3D3	91
3768	#FFFFFF	#D3D3D3	91
3769	#FFFFFF	#D3D3D3	91
3770	#FFFFFF	#D3D3D3	91
3771	#FFFFFF	#D3D3D3	91
3772	#FFFFFF	#D3D3D3	105
3773	#FFFFFF	#D3D3D3	2
3774	#FFFFFF	#D3D3D3	105
3775	#FFFFFF	#D3D3D3	105
3776	#FFFFFF	#D3D3D3	91
3777	#FFFFFF	#D3D3D3	91
3778	#FFFFFF	#D3D3D3	4
3779	#FFFFFF	#D3D3D3	4
3780	#FFFFFF	#D3D3D3	4
3781	#FFFFFF	#D3D3D3	4
3782	#FFFFFF	#D3D3D3	4
3783	#FFFFFF	#D3D3D3	2
3784	#FFFFFF	#D3D3D3	154
3785	#FFFFFF	#D3D3D3	2
3786	#FFFFFF	#D3D3D3	2
3787	#FFFFFF	#D3D3D3	154
3789	#FFFFFF	#D3D3D3	154
3790	#FFFFFF	#D3D3D3	154
3791	#FFFFFF	#D3D3D3	154
3792	#FFFFFF	#D3D3D3	154
3793	#FFFFFF	#D3D3D3	154
3794	#FFFFFF	#D3D3D3	154
3795	#FFFFFF	#D3D3D3	154
3796	#FFFFFF	#D3D3D3	154
3797	#FFFFFF	#D3D3D3	2
3798	#FFFFFF	#D3D3D3	2
3799	#FFFFFF	#D3D3D3	132
3800	#FFFFFF	#D3D3D3	9
3801	#FFFFFF	#D3D3D3	154
3805	#FFFFFF	#D3D3D3	4
3806	#FFFFFF	#D3D3D3	4
3807	#FFFFFF	#D3D3D3	4
3808	#FFFFFF	#D3D3D3	161
3809	#FFFFFF	#D3D3D3	161
3810	#FFFFFF	#D3D3D3	4
3811	#FFFFFF	#D3D3D3	4
3812	#FFFFFF	#D3D3D3	154
3813	#FFFFFF	#D3D3D3	4
3814	#FFFFFF	#D3D3D3	4
3815	#FFFFFF	#D3D3D3	91
3816	#FFFFFF	#D3D3D3	4
3817	#FFFFFF	#D3D3D3	91
3818	#FFFFFF	#D3D3D3	91
3819	#FFFFFF	#D3D3D3	91
3820	#FFFFFF	#D3D3D3	91
3821	#FFFFFF	#D3D3D3	91
3822	#FFFFFF	#D3D3D3	105
3823	#FFFFFF	#D3D3D3	154
3824	#FFFFFF	#D3D3D3	105
3825	#FFFFFF	#D3D3D3	105
3826	#FFFFFF	#D3D3D3	105
3827	#FFFFFF	#D3D3D3	91
3828	#FFFFFF	#D3D3D3	91
3829	#FFFFFF	#D3D3D3	4
3830	#FFFFFF	#D3D3D3	4
3831	#FFFFFF	#D3D3D3	4
3832	#FFFFFF	#D3D3D3	4
3834	#FFFFFF	#D3D3D3	2
3835	#FFFFFF	#D3D3D3	2
3836	#FFFFFF	#D3D3D3	2
3837	#FFFFFF	#D3D3D3	2
3838	#FFFFFF	#D3D3D3	154
3839	#FFFFFF	#D3D3D3	2
3840	#FFFFFF	#D3D3D3	2
3841	#FFFFFF	#D3D3D3	2
3842	#FFFFFF	#D3D3D3	154
3843	#FFFFFF	#D3D3D3	154
3844	#FFFFFF	#D3D3D3	154
3845	#FFFFFF	#D3D3D3	154
3846	#FFFFFF	#D3D3D3	154
3847	#FFFFFF	#D3D3D3	154
3848	#FFFFFF	#D3D3D3	2
3849	#FFFFFF	#D3D3D3	132
3852	#FFFFFF	#D3D3D3	2
3855	#FFFFFF	#D3D3D3	4
3856	#FFFFFF	#D3D3D3	4
3857	#FFFFFF	#D3D3D3	4
3858	#FFFFFF	#D3D3D3	161
3859	#FFFFFF	#D3D3D3	161
3860	#FFFFFF	#D3D3D3	161
3861	#FFFFFF	#D3D3D3	4
3862	#FFFFFF	#D3D3D3	4
3863	#FFFFFF	#D3D3D3	154
3864	#FFFFFF	#D3D3D3	4
3865	#FFFFFF	#D3D3D3	4
3866	#FFFFFF	#D3D3D3	91
3867	#FFFFFF	#D3D3D3	91
3868	#FFFFFF	#D3D3D3	91
3869	#FFFFFF	#D3D3D3	91
3870	#FFFFFF	#D3D3D3	105
3871	#FFFFFF	#D3D3D3	105
3872	#FFFFFF	#D3D3D3	105
3873	#FFFFFF	#D3D3D3	105
3874	#FFFFFF	#D3D3D3	2
3875	#FFFFFF	#D3D3D3	105
3876	#FFFFFF	#D3D3D3	105
3877	#FFFFFF	#D3D3D3	91
3878	#FFFFFF	#D3D3D3	91
3879	#FFFFFF	#D3D3D3	91
3880	#FFFFFF	#D3D3D3	91
3881	#FFFFFF	#D3D3D3	4
3882	#FFFFFF	#D3D3D3	4
3883	#FFFFFF	#D3D3D3	4
3884	#FFFFFF	#D3D3D3	154
3885	#FFFFFF	#D3D3D3	2
3886	#FFFFFF	#D3D3D3	2
3887	#FFFFFF	#D3D3D3	2
3888	#FFFFFF	#D3D3D3	154
3890	#FFFFFF	#D3D3D3	2
3891	#FFFFFF	#D3D3D3	2
3892	#FFFFFF	#D3D3D3	2
3893	#FFFFFF	#D3D3D3	154
3894	#FFFFFF	#D3D3D3	154
3895	#FFFFFF	#D3D3D3	154
3896	#FFFFFF	#D3D3D3	154
3897	#FFFFFF	#D3D3D3	154
3898	#FFFFFF	#D3D3D3	154
3899	#FFFFFF	#D3D3D3	132
3902	#FFFFFF	#D3D3D3	2
3905	#FFFFFF	#D3D3D3	4
3906	#FFFFFF	#D3D3D3	4
3907	#FFFFFF	#D3D3D3	4
3908	#FFFFFF	#D3D3D3	4
3909	#FFFFFF	#D3D3D3	161
3910	#FFFFFF	#D3D3D3	161
3911	#FFFFFF	#D3D3D3	161
3912	#FFFFFF	#D3D3D3	4
3913	#FFFFFF	#D3D3D3	2
3914	#FFFFFF	#D3D3D3	4
3915	#FFFFFF	#D3D3D3	4
3916	#FFFFFF	#D3D3D3	4
3917	#FFFFFF	#D3D3D3	91
3918	#FFFFFF	#D3D3D3	4
3919	#FFFFFF	#D3D3D3	91
3920	#FFFFFF	#D3D3D3	91
3921	#FFFFFF	#D3D3D3	105
3922	#FFFFFF	#D3D3D3	105
3923	#FFFFFF	#D3D3D3	91
3924	#FFFFFF	#D3D3D3	154
3925	#FFFFFF	#D3D3D3	105
3926	#FFFFFF	#D3D3D3	91
3927	#FFFFFF	#D3D3D3	91
3928	#FFFFFF	#D3D3D3	91
3929	#FFFFFF	#D3D3D3	91
3930	#FFFFFF	#D3D3D3	91
3931	#FFFFFF	#D3D3D3	4
3932	#FFFFFF	#D3D3D3	4
3933	#FFFFFF	#D3D3D3	4
3935	#FFFFFF	#D3D3D3	154
3936	#FFFFFF	#D3D3D3	154
3937	#FFFFFF	#D3D3D3	2
3938	#FFFFFF	#D3D3D3	154
3939	#FFFFFF	#D3D3D3	2
3940	#FFFFFF	#D3D3D3	2
3941	#FFFFFF	#D3D3D3	2
3942	#FFFFFF	#D3D3D3	154
3943	#FFFFFF	#D3D3D3	154
3944	#FFFFFF	#D3D3D3	154
3945	#FFFFFF	#D3D3D3	154
3946	#FFFFFF	#D3D3D3	154
3947	#FFFFFF	#D3D3D3	154
3948	#FFFFFF	#D3D3D3	154
3949	#FFFFFF	#D3D3D3	154
3953	#FFFFFF	#D3D3D3	2
3955	#FFFFFF	#D3D3D3	4
3956	#FFFFFF	#D3D3D3	4
3957	#FFFFFF	#D3D3D3	161
3958	#FFFFFF	#D3D3D3	161
3959	#FFFFFF	#D3D3D3	161
3960	#FFFFFF	#D3D3D3	161
3961	#FFFFFF	#D3D3D3	161
3962	#FFFFFF	#D3D3D3	4
3963	#FFFFFF	#D3D3D3	4
3964	#FFFFFF	#D3D3D3	154
3965	#FFFFFF	#D3D3D3	4
3966	#FFFFFF	#D3D3D3	4
3967	#FFFFFF	#D3D3D3	91
3968	#FFFFFF	#D3D3D3	4
3969	#FFFFFF	#D3D3D3	91
3970	#FFFFFF	#D3D3D3	91
3971	#FFFFFF	#D3D3D3	91
3972	#FFFFFF	#D3D3D3	91
3973	#FFFFFF	#D3D3D3	105
3974	#FFFFFF	#D3D3D3	91
3975	#FFFFFF	#D3D3D3	154
3976	#FFFFFF	#D3D3D3	105
3977	#FFFFFF	#D3D3D3	91
3978	#FFFFFF	#D3D3D3	4
3979	#FFFFFF	#D3D3D3	91
3980	#FFFFFF	#D3D3D3	91
3981	#FFFFFF	#D3D3D3	91
3982	#FFFFFF	#D3D3D3	91
3983	#FFFFFF	#D3D3D3	4
3984	#FFFFFF	#D3D3D3	4
3985	#FFFFFF	#D3D3D3	154
3986	#FFFFFF	#D3D3D3	154
3987	#FFFFFF	#D3D3D3	154
3988	#FFFFFF	#D3D3D3	154
3989	#FFFFFF	#D3D3D3	2
3991	#FFFFFF	#D3D3D3	2
3992	#FFFFFF	#D3D3D3	154
3993	#FFFFFF	#D3D3D3	154
3994	#FFFFFF	#D3D3D3	154
3995	#FFFFFF	#D3D3D3	154
3996	#FFFFFF	#D3D3D3	154
3997	#FFFFFF	#D3D3D3	154
3998	#FFFFFF	#D3D3D3	154
3999	#FFFFFF	#D3D3D3	154
4000	#FFFFFF	#D3D3D3	9
4003	#FFFFFF	#D3D3D3	2
4005	#FFFFFF	#D3D3D3	132
4006	#FFFFFF	#D3D3D3	4
4007	#FFFFFF	#D3D3D3	4
4008	#FFFFFF	#D3D3D3	161
4009	#FFFFFF	#D3D3D3	161
4010	#FFFFFF	#D3D3D3	161
4011	#FFFFFF	#D3D3D3	4
4012	#FFFFFF	#D3D3D3	161
4013	#FFFFFF	#D3D3D3	4
4014	#FFFFFF	#D3D3D3	2
4015	#FFFFFF	#D3D3D3	4
4016	#FFFFFF	#D3D3D3	4
4017	#FFFFFF	#D3D3D3	4
4018	#FFFFFF	#D3D3D3	4
4019	#FFFFFF	#D3D3D3	91
4020	#FFFFFF	#D3D3D3	91
4021	#FFFFFF	#D3D3D3	91
4022	#FFFFFF	#D3D3D3	91
4023	#FFFFFF	#D3D3D3	105
4024	#FFFFFF	#D3D3D3	91
4025	#FFFFFF	#D3D3D3	154
4026	#FFFFFF	#D3D3D3	91
4027	#FFFFFF	#D3D3D3	91
4028	#FFFFFF	#D3D3D3	4
4029	#FFFFFF	#D3D3D3	4
4030	#FFFFFF	#D3D3D3	91
4031	#FFFFFF	#D3D3D3	91
4032	#FFFFFF	#D3D3D3	91
4033	#FFFFFF	#D3D3D3	4
4034	#FFFFFF	#D3D3D3	4
4036	#FFFFFF	#D3D3D3	154
4037	#FFFFFF	#D3D3D3	154
4038	#FFFFFF	#D3D3D3	154
4039	#FFFFFF	#D3D3D3	2
4040	#FFFFFF	#D3D3D3	2
4042	#FFFFFF	#D3D3D3	56
4043	#FFFFFF	#D3D3D3	56
4044	#FFFFFF	#D3D3D3	56
4045	#FFFFFF	#D3D3D3	56
4046	#FFFFFF	#D3D3D3	56
4047	#FFFFFF	#D3D3D3	2
4048	#FFFFFF	#D3D3D3	2
4049	#FFFFFF	#D3D3D3	2
4050	#FFFFFF	#D3D3D3	85
4051	#FFFFFF	#D3D3D3	85
4052	#FFFFFF	#D3D3D3	85
4053	#FFFFFF	#D3D3D3	85
4054	#FFFFFF	#D3D3D3	56
4055	#FFFFFF	#D3D3D3	2
4056	#FFFFFF	#D3D3D3	2
4057	#FFFFFF	#D3D3D3	85
4058	#FFFFFF	#D3D3D3	2
4059	#FFFFFF	#D3D3D3	85
4060	#FFFFFF	#D3D3D3	2
4061	#FFFFFF	#D3D3D3	2
4062	#FFFFFF	#D3D3D3	2
4063	#FFFFFF	#D3D3D3	2
4064	#FFFFFF	#D3D3D3	2
4065	#FFFFFF	#D3D3D3	56
4066	#FFFFFF	#D3D3D3	234
4067	#FFFFFF	#D3D3D3	2
4068	#FFFFFF	#D3D3D3	2
4069	#FFFFFF	#D3D3D3	2
4070	#FFFFFF	#D3D3D3	2
4071	#FFFFFF	#D3D3D3	2
4072	#FFFFFF	#D3D3D3	2
4073	#FFFFFF	#D3D3D3	2
4074	#FFFFFF	#D3D3D3	2
4075	#FFFFFF	#D3D3D3	2
4076	#FFFFFF	#D3D3D3	56
4077	#FFFFFF	#D3D3D3	2
4078	#FFFFFF	#D3D3D3	2
4087	#FFFFFF	#D3D3D3	2
4088	#FFFFFF	#D3D3D3	56
4089	#FFFFFF	#D3D3D3	2
4090	#FFFFFF	#D3D3D3	56
4091	#FFFFFF	#D3D3D3	56
4092	#FFFFFF	#D3D3D3	56
4093	#FFFFFF	#D3D3D3	56
4094	#FFFFFF	#D3D3D3	56
4095	#FFFFFF	#D3D3D3	56
4096	#FFFFFF	#D3D3D3	56
4097	#FFFFFF	#D3D3D3	56
4098	#FFFFFF	#D3D3D3	56
4099	#FFFFFF	#D3D3D3	2
4100	#FFFFFF	#D3D3D3	2
4101	#FFFFFF	#D3D3D3	85
4102	#FFFFFF	#D3D3D3	85
4103	#FFFFFF	#D3D3D3	85
4104	#FFFFFF	#D3D3D3	85
4105	#FFFFFF	#D3D3D3	56
4106	#FFFFFF	#D3D3D3	85
4107	#FFFFFF	#D3D3D3	85
4108	#FFFFFF	#D3D3D3	85
4109	#FFFFFF	#D3D3D3	85
4110	#FFFFFF	#D3D3D3	85
4111	#FFFFFF	#D3D3D3	2
4112	#FFFFFF	#D3D3D3	2
4113	#FFFFFF	#D3D3D3	2
4114	#FFFFFF	#D3D3D3	2
4115	#FFFFFF	#D3D3D3	234
4116	#FFFFFF	#D3D3D3	56
4117	#FFFFFF	#D3D3D3	2
4118	#FFFFFF	#D3D3D3	2
4119	#FFFFFF	#D3D3D3	2
4120	#FFFFFF	#D3D3D3	2
4121	#FFFFFF	#D3D3D3	2
4122	#FFFFFF	#D3D3D3	2
4123	#FFFFFF	#D3D3D3	2
4124	#FFFFFF	#D3D3D3	2
4125	#FFFFFF	#D3D3D3	2
4126	#FFFFFF	#D3D3D3	2
4127	#FFFFFF	#D3D3D3	56
4128	#FFFFFF	#D3D3D3	2
4129	#FFFFFF	#D3D3D3	2
4137	#FFFFFF	#D3D3D3	2
4138	#FFFFFF	#D3D3D3	56
4139	#FFFFFF	#D3D3D3	56
4140	#FFFFFF	#D3D3D3	56
4141	#FFFFFF	#D3D3D3	56
4143	#FFFFFF	#D3D3D3	56
4144	#FFFFFF	#D3D3D3	56
4145	#FFFFFF	#D3D3D3	56
4146	#FFFFFF	#D3D3D3	56
4147	#FFFFFF	#D3D3D3	56
4148	#FFFFFF	#D3D3D3	56
4149	#FFFFFF	#D3D3D3	2
4150	#FFFFFF	#D3D3D3	2
4151	#FFFFFF	#D3D3D3	85
4152	#FFFFFF	#D3D3D3	85
4153	#FFFFFF	#D3D3D3	85
4154	#FFFFFF	#D3D3D3	85
4155	#FFFFFF	#D3D3D3	56
4156	#FFFFFF	#D3D3D3	85
4157	#FFFFFF	#D3D3D3	85
4158	#FFFFFF	#D3D3D3	2
4159	#FFFFFF	#D3D3D3	85
4160	#FFFFFF	#D3D3D3	85
4161	#FFFFFF	#D3D3D3	85
4162	#FFFFFF	#D3D3D3	2
4163	#FFFFFF	#D3D3D3	2
4164	#FFFFFF	#D3D3D3	2
4165	#FFFFFF	#D3D3D3	2
4166	#FFFFFF	#D3D3D3	56
4167	#FFFFFF	#D3D3D3	234
4168	#FFFFFF	#D3D3D3	2
4169	#FFFFFF	#D3D3D3	2
4170	#FFFFFF	#D3D3D3	2
4171	#FFFFFF	#D3D3D3	2
4172	#FFFFFF	#D3D3D3	2
4173	#FFFFFF	#D3D3D3	2
4174	#FFFFFF	#D3D3D3	2
4175	#FFFFFF	#D3D3D3	2
4176	#FFFFFF	#D3D3D3	2
4177	#FFFFFF	#D3D3D3	56
4178	#FFFFFF	#D3D3D3	2
4179	#FFFFFF	#D3D3D3	2
4180	#FFFFFF	#D3D3D3	2
4188	#FFFFFF	#D3D3D3	56
4189	#FFFFFF	#D3D3D3	2
4190	#FFFFFF	#D3D3D3	56
4191	#FFFFFF	#D3D3D3	56
4192	#FFFFFF	#D3D3D3	56
4193	#FFFFFF	#D3D3D3	56
4194	#FFFFFF	#D3D3D3	56
4195	#FFFFFF	#D3D3D3	56
4196	#FFFFFF	#D3D3D3	56
4197	#FFFFFF	#D3D3D3	56
4198	#FFFFFF	#D3D3D3	56
4199	#FFFFFF	#D3D3D3	2
4200	#FFFFFF	#D3D3D3	2
4201	#FFFFFF	#D3D3D3	2
4202	#FFFFFF	#D3D3D3	2
4203	#FFFFFF	#D3D3D3	2
4204	#FFFFFF	#D3D3D3	2
4205	#FFFFFF	#D3D3D3	85
4206	#FFFFFF	#D3D3D3	56
4207	#FFFFFF	#D3D3D3	85
4208	#FFFFFF	#D3D3D3	2
4209	#FFFFFF	#D3D3D3	2
4210	#FFFFFF	#D3D3D3	85
4211	#FFFFFF	#D3D3D3	85
4212	#FFFFFF	#D3D3D3	2
4213	#FFFFFF	#D3D3D3	2
4214	#FFFFFF	#D3D3D3	2
4215	#FFFFFF	#D3D3D3	2
4216	#FFFFFF	#D3D3D3	2
4217	#FFFFFF	#D3D3D3	2
4218	#FFFFFF	#D3D3D3	2
4219	#FFFFFF	#D3D3D3	2
4220	#FFFFFF	#D3D3D3	2
4221	#FFFFFF	#D3D3D3	2
4222	#FFFFFF	#D3D3D3	2
4223	#FFFFFF	#D3D3D3	2
4224	#FFFFFF	#D3D3D3	2
4225	#FFFFFF	#D3D3D3	2
4226	#FFFFFF	#D3D3D3	2
4227	#FFFFFF	#D3D3D3	2
4228	#FFFFFF	#D3D3D3	2
4229	#FFFFFF	#D3D3D3	2
4230	#FFFFFF	#D3D3D3	2
4231	#FFFFFF	#D3D3D3	2
4238	#FFFFFF	#D3D3D3	2
4239	#FFFFFF	#D3D3D3	2
4240	#FFFFFF	#D3D3D3	56
4241	#FFFFFF	#D3D3D3	56
4242	#FFFFFF	#D3D3D3	56
4244	#FFFFFF	#D3D3D3	56
4245	#FFFFFF	#D3D3D3	56
4246	#FFFFFF	#D3D3D3	56
4247	#FFFFFF	#D3D3D3	56
4248	#FFFFFF	#D3D3D3	56
4249	#FFFFFF	#D3D3D3	2
4250	#FFFFFF	#D3D3D3	56
4251	#FFFFFF	#D3D3D3	56
4252	#FFFFFF	#D3D3D3	2
4253	#FFFFFF	#D3D3D3	2
4254	#FFFFFF	#D3D3D3	2
4255	#FFFFFF	#D3D3D3	2
4256	#FFFFFF	#D3D3D3	56
4257	#FFFFFF	#D3D3D3	85
4258	#FFFFFF	#D3D3D3	2
4259	#FFFFFF	#D3D3D3	2
4260	#FFFFFF	#D3D3D3	85
4261	#FFFFFF	#D3D3D3	85
4262	#FFFFFF	#D3D3D3	2
4263	#FFFFFF	#D3D3D3	2
4264	#FFFFFF	#D3D3D3	2
4265	#FFFFFF	#D3D3D3	2
4266	#FFFFFF	#D3D3D3	2
4267	#FFFFFF	#D3D3D3	2
4268	#FFFFFF	#D3D3D3	2
4269	#FFFFFF	#D3D3D3	2
4270	#FFFFFF	#D3D3D3	335
4271	#FFFFFF	#D3D3D3	335
4272	#FFFFFF	#D3D3D3	2
4273	#FFFFFF	#D3D3D3	2
4274	#FFFFFF	#D3D3D3	2
4275	#FFFFFF	#D3D3D3	2
4276	#FFFFFF	#D3D3D3	2
4277	#FFFFFF	#D3D3D3	2
4278	#FFFFFF	#D3D3D3	2
4279	#FFFFFF	#D3D3D3	2
4280	#FFFFFF	#D3D3D3	2
4281	#FFFFFF	#D3D3D3	2
4282	#FFFFFF	#D3D3D3	2
4289	#FFFFFF	#D3D3D3	2
4290	#FFFFFF	#D3D3D3	56
4291	#FFFFFF	#D3D3D3	56
4292	#FFFFFF	#D3D3D3	56
4293	#FFFFFF	#D3D3D3	56
4294	#FFFFFF	#D3D3D3	56
4295	#FFFFFF	#D3D3D3	2
4296	#FFFFFF	#D3D3D3	2
4297	#FFFFFF	#D3D3D3	56
4298	#FFFFFF	#D3D3D3	56
4299	#FFFFFF	#D3D3D3	2
4300	#FFFFFF	#D3D3D3	56
4301	#FFFFFF	#D3D3D3	56
4302	#FFFFFF	#D3D3D3	56
4303	#FFFFFF	#D3D3D3	2
4304	#FFFFFF	#D3D3D3	2
4305	#FFFFFF	#D3D3D3	2
4306	#FFFFFF	#D3D3D3	2
4307	#FFFFFF	#D3D3D3	2
4308	#FFFFFF	#D3D3D3	2
4309	#FFFFFF	#D3D3D3	2
4310	#FFFFFF	#D3D3D3	85
4311	#FFFFFF	#D3D3D3	85
4312	#FFFFFF	#D3D3D3	2
4313	#FFFFFF	#D3D3D3	85
4314	#FFFFFF	#D3D3D3	2
4315	#FFFFFF	#D3D3D3	2
4316	#FFFFFF	#D3D3D3	2
4317	#FFFFFF	#D3D3D3	335
4318	#FFFFFF	#D3D3D3	2
4319	#FFFFFF	#D3D3D3	2
4320	#FFFFFF	#D3D3D3	335
4321	#FFFFFF	#D3D3D3	335
4322	#FFFFFF	#D3D3D3	2
4323	#FFFFFF	#D3D3D3	2
4324	#FFFFFF	#D3D3D3	2
4325	#FFFFFF	#D3D3D3	2
4326	#FFFFFF	#D3D3D3	2
4327	#FFFFFF	#D3D3D3	2
4328	#FFFFFF	#D3D3D3	2
4329	#FFFFFF	#D3D3D3	2
4330	#FFFFFF	#D3D3D3	2
4331	#FFFFFF	#D3D3D3	2
4332	#FFFFFF	#D3D3D3	2
4333	#FFFFFF	#D3D3D3	2
4339	#FFFFFF	#D3D3D3	2
4340	#FFFFFF	#D3D3D3	56
4341	#FFFFFF	#D3D3D3	56
4342	#FFFFFF	#D3D3D3	56
4343	#FFFFFF	#D3D3D3	56
4345	#FFFFFF	#D3D3D3	2
4346	#FFFFFF	#D3D3D3	2
4347	#FFFFFF	#D3D3D3	56
4348	#FFFFFF	#D3D3D3	56
4349	#FFFFFF	#D3D3D3	56
4350	#FFFFFF	#D3D3D3	56
4351	#FFFFFF	#D3D3D3	56
4352	#FFFFFF	#D3D3D3	56
4353	#FFFFFF	#D3D3D3	56
4354	#FFFFFF	#D3D3D3	2
4355	#FFFFFF	#D3D3D3	85
4356	#FFFFFF	#D3D3D3	85
4357	#FFFFFF	#D3D3D3	2
4358	#FFFFFF	#D3D3D3	2
4359	#FFFFFF	#D3D3D3	2
4360	#FFFFFF	#D3D3D3	2
4361	#FFFFFF	#D3D3D3	85
4362	#FFFFFF	#D3D3D3	85
4363	#FFFFFF	#D3D3D3	85
4364	#FFFFFF	#D3D3D3	85
4365	#FFFFFF	#D3D3D3	2
4366	#FFFFFF	#D3D3D3	2
4367	#FFFFFF	#D3D3D3	2
4368	#FFFFFF	#D3D3D3	56
4369	#FFFFFF	#D3D3D3	335
4370	#FFFFFF	#D3D3D3	335
4371	#FFFFFF	#D3D3D3	335
4372	#FFFFFF	#D3D3D3	2
4373	#FFFFFF	#D3D3D3	2
4374	#FFFFFF	#D3D3D3	2
4375	#FFFFFF	#D3D3D3	2
4376	#FFFFFF	#D3D3D3	2
4377	#FFFFFF	#D3D3D3	2
4378	#FFFFFF	#D3D3D3	2
4379	#FFFFFF	#D3D3D3	2
4380	#FFFFFF	#D3D3D3	2
4381	#FFFFFF	#D3D3D3	2
4382	#FFFFFF	#D3D3D3	2
4383	#FFFFFF	#D3D3D3	2
4384	#FFFFFF	#D3D3D3	2
4390	#FFFFFF	#D3D3D3	2
4391	#FFFFFF	#D3D3D3	56
4392	#FFFFFF	#D3D3D3	56
4393	#FFFFFF	#D3D3D3	56
4394	#FFFFFF	#D3D3D3	56
4395	#FFFFFF	#D3D3D3	56
4396	#FFFFFF	#D3D3D3	2
4397	#FFFFFF	#D3D3D3	2
4398	#FFFFFF	#D3D3D3	56
4399	#FFFFFF	#D3D3D3	56
4400	#FFFFFF	#D3D3D3	56
4401	#FFFFFF	#D3D3D3	56
4402	#FFFFFF	#D3D3D3	2
4403	#FFFFFF	#D3D3D3	56
4404	#FFFFFF	#D3D3D3	2
4405	#FFFFFF	#D3D3D3	85
4406	#FFFFFF	#D3D3D3	85
4407	#FFFFFF	#D3D3D3	85
4408	#FFFFFF	#D3D3D3	56
4409	#FFFFFF	#D3D3D3	2
4410	#FFFFFF	#D3D3D3	85
4411	#FFFFFF	#D3D3D3	2
4412	#FFFFFF	#D3D3D3	85
4413	#FFFFFF	#D3D3D3	85
4414	#FFFFFF	#D3D3D3	85
4415	#FFFFFF	#D3D3D3	85
4416	#FFFFFF	#D3D3D3	2
4417	#FFFFFF	#D3D3D3	2
4418	#FFFFFF	#D3D3D3	2
4419	#FFFFFF	#D3D3D3	2
4420	#FFFFFF	#D3D3D3	335
4421	#FFFFFF	#D3D3D3	335
4422	#FFFFFF	#D3D3D3	2
4423	#FFFFFF	#D3D3D3	2
4424	#FFFFFF	#D3D3D3	2
4425	#FFFFFF	#D3D3D3	2
4426	#FFFFFF	#D3D3D3	2
4427	#FFFFFF	#D3D3D3	2
4428	#FFFFFF	#D3D3D3	2
4429	#FFFFFF	#D3D3D3	2
4430	#FFFFFF	#D3D3D3	2
4431	#FFFFFF	#D3D3D3	2
4432	#FFFFFF	#D3D3D3	2
4433	#FFFFFF	#D3D3D3	2
4434	#FFFFFF	#D3D3D3	2
4435	#FFFFFF	#D3D3D3	2
4440	#FFFFFF	#D3D3D3	2
4441	#FFFFFF	#D3D3D3	56
4442	#FFFFFF	#D3D3D3	56
4443	#FFFFFF	#D3D3D3	56
4444	#FFFFFF	#D3D3D3	56
4446	#FFFFFF	#D3D3D3	56
4447	#FFFFFF	#D3D3D3	2
4448	#FFFFFF	#D3D3D3	56
4449	#FFFFFF	#D3D3D3	56
4450	#FFFFFF	#D3D3D3	56
4451	#FFFFFF	#D3D3D3	56
4452	#FFFFFF	#D3D3D3	2
4453	#FFFFFF	#D3D3D3	2
4454	#FFFFFF	#D3D3D3	2
4455	#FFFFFF	#D3D3D3	2
4456	#FFFFFF	#D3D3D3	2
4457	#FFFFFF	#D3D3D3	85
4458	#FFFFFF	#D3D3D3	56
4459	#FFFFFF	#D3D3D3	2
4460	#FFFFFF	#D3D3D3	2
4461	#FFFFFF	#D3D3D3	85
4462	#FFFFFF	#D3D3D3	85
4463	#FFFFFF	#D3D3D3	85
4464	#FFFFFF	#D3D3D3	85
4465	#FFFFFF	#D3D3D3	85
4466	#FFFFFF	#D3D3D3	85
4467	#FFFFFF	#D3D3D3	2
4468	#FFFFFF	#D3D3D3	2
4469	#FFFFFF	#D3D3D3	2
4470	#FFFFFF	#D3D3D3	335
4471	#FFFFFF	#D3D3D3	335
4472	#FFFFFF	#D3D3D3	2
4473	#FFFFFF	#D3D3D3	2
4474	#FFFFFF	#D3D3D3	2
4475	#FFFFFF	#D3D3D3	2
4476	#FFFFFF	#D3D3D3	2
4477	#FFFFFF	#D3D3D3	2
4478	#FFFFFF	#D3D3D3	2
4479	#FFFFFF	#D3D3D3	2
4480	#FFFFFF	#D3D3D3	2
4481	#FFFFFF	#D3D3D3	2
4482	#FFFFFF	#D3D3D3	2
4483	#FFFFFF	#D3D3D3	2
4484	#FFFFFF	#D3D3D3	2
4485	#FFFFFF	#D3D3D3	2
4486	#FFFFFF	#D3D3D3	2
4491	#FFFFFF	#D3D3D3	2
4492	#FFFFFF	#D3D3D3	56
4493	#FFFFFF	#D3D3D3	56
4494	#FFFFFF	#D3D3D3	56
4495	#FFFFFF	#D3D3D3	56
4496	#FFFFFF	#D3D3D3	2
4497	#FFFFFF	#D3D3D3	56
4498	#FFFFFF	#D3D3D3	56
4499	#FFFFFF	#D3D3D3	56
4500	#FFFFFF	#D3D3D3	56
4501	#FFFFFF	#D3D3D3	56
4502	#FFFFFF	#D3D3D3	56
4503	#FFFFFF	#D3D3D3	2
4504	#FFFFFF	#D3D3D3	2
4505	#FFFFFF	#D3D3D3	2
4506	#FFFFFF	#D3D3D3	2
4507	#FFFFFF	#D3D3D3	2
4508	#FFFFFF	#D3D3D3	85
4509	#FFFFFF	#D3D3D3	2
4510	#FFFFFF	#D3D3D3	85
4511	#FFFFFF	#D3D3D3	85
4512	#FFFFFF	#D3D3D3	85
4513	#FFFFFF	#D3D3D3	85
4514	#FFFFFF	#D3D3D3	85
4515	#FFFFFF	#D3D3D3	85
4516	#FFFFFF	#D3D3D3	2
4517	#FFFFFF	#D3D3D3	2
4518	#FFFFFF	#D3D3D3	2
4519	#FFFFFF	#D3D3D3	2
4520	#FFFFFF	#D3D3D3	2
4521	#FFFFFF	#D3D3D3	335
4522	#FFFFFF	#D3D3D3	2
4523	#FFFFFF	#D3D3D3	335
4524	#FFFFFF	#D3D3D3	2
4525	#FFFFFF	#D3D3D3	2
4526	#FFFFFF	#D3D3D3	2
4527	#FFFFFF	#D3D3D3	2
4528	#FFFFFF	#D3D3D3	2
4529	#FFFFFF	#D3D3D3	2
4530	#FFFFFF	#D3D3D3	2
4531	#FFFFFF	#D3D3D3	2
4532	#FFFFFF	#D3D3D3	2
4533	#FFFFFF	#D3D3D3	2
4534	#FFFFFF	#D3D3D3	2
4535	#FFFFFF	#D3D3D3	2
4536	#FFFFFF	#D3D3D3	2
4537	#FFFFFF	#D3D3D3	2
4541	#FFFFFF	#D3D3D3	2
4542	#FFFFFF	#D3D3D3	56
4543	#FFFFFF	#D3D3D3	56
4544	#FFFFFF	#D3D3D3	56
4545	#FFFFFF	#D3D3D3	56
4547	#FFFFFF	#D3D3D3	87
4548	#FFFFFF	#D3D3D3	87
4549	#FFFFFF	#D3D3D3	2
4550	#FFFFFF	#D3D3D3	2
4551	#FFFFFF	#D3D3D3	2
4552	#FFFFFF	#D3D3D3	2
4553	#FFFFFF	#D3D3D3	2
4554	#FFFFFF	#D3D3D3	2
4555	#FFFFFF	#D3D3D3	2
4556	#FFFFFF	#D3D3D3	2
4557	#FFFFFF	#D3D3D3	2
4558	#FFFFFF	#D3D3D3	2
4559	#FFFFFF	#D3D3D3	2
4560	#FFFFFF	#D3D3D3	2
4561	#FFFFFF	#D3D3D3	2
4562	#FFFFFF	#D3D3D3	2
4563	#FFFFFF	#D3D3D3	2
4564	#FFFFFF	#D3D3D3	2
4565	#FFFFFF	#D3D3D3	2
4566	#FFFFFF	#D3D3D3	2
4567	#FFFFFF	#D3D3D3	2
4568	#FFFFFF	#D3D3D3	2
4569	#FFFFFF	#D3D3D3	2
4570	#FFFFFF	#D3D3D3	2
4571	#FFFFFF	#D3D3D3	2
4572	#FFFFFF	#D3D3D3	234
4573	#FFFFFF	#D3D3D3	234
4574	#FFFFFF	#D3D3D3	234
4575	#FFFFFF	#D3D3D3	2
4576	#FFFFFF	#D3D3D3	2
4577	#FFFFFF	#D3D3D3	2
4581	#FFFFFF	#D3D3D3	2
4592	#FFFFFF	#D3D3D3	2
4593	#FFFFFF	#D3D3D3	56
4594	#FFFFFF	#D3D3D3	56
4595	#FFFFFF	#D3D3D3	56
4596	#FFFFFF	#D3D3D3	2
4597	#FFFFFF	#D3D3D3	87
4598	#FFFFFF	#D3D3D3	87
4599	#FFFFFF	#D3D3D3	2
4600	#FFFFFF	#D3D3D3	2
4601	#FFFFFF	#D3D3D3	2
4602	#FFFFFF	#D3D3D3	2
4603	#FFFFFF	#D3D3D3	2
4604	#FFFFFF	#D3D3D3	2
4605	#FFFFFF	#D3D3D3	2
4606	#FFFFFF	#D3D3D3	2
4607	#FFFFFF	#D3D3D3	2
4608	#FFFFFF	#D3D3D3	2
4609	#FFFFFF	#D3D3D3	2
4610	#FFFFFF	#D3D3D3	2
4611	#FFFFFF	#D3D3D3	2
4612	#FFFFFF	#D3D3D3	2
4613	#FFFFFF	#D3D3D3	2
4614	#FFFFFF	#D3D3D3	2
4615	#FFFFFF	#D3D3D3	2
4616	#FFFFFF	#D3D3D3	2
4617	#FFFFFF	#D3D3D3	2
4618	#FFFFFF	#D3D3D3	2
4619	#FFFFFF	#D3D3D3	2
4620	#FFFFFF	#D3D3D3	2
4621	#FFFFFF	#D3D3D3	2
4622	#FFFFFF	#D3D3D3	234
4623	#FFFFFF	#D3D3D3	234
4624	#FFFFFF	#D3D3D3	234
4625	#FFFFFF	#D3D3D3	2
4626	#FFFFFF	#D3D3D3	2
4627	#FFFFFF	#D3D3D3	2
4632	#FFFFFF	#D3D3D3	2
4642	#FFFFFF	#D3D3D3	56
4643	#FFFFFF	#D3D3D3	2
4644	#FFFFFF	#D3D3D3	56
4645	#FFFFFF	#D3D3D3	2
4646	#FFFFFF	#D3D3D3	2
4648	#FFFFFF	#D3D3D3	87
4649	#FFFFFF	#D3D3D3	2
4650	#FFFFFF	#D3D3D3	2
4651	#FFFFFF	#D3D3D3	2
4652	#FFFFFF	#D3D3D3	2
4653	#FFFFFF	#D3D3D3	2
4654	#FFFFFF	#D3D3D3	2
4655	#FFFFFF	#D3D3D3	2
4656	#FFFFFF	#D3D3D3	2
4657	#FFFFFF	#D3D3D3	2
4658	#FFFFFF	#D3D3D3	2
4659	#FFFFFF	#D3D3D3	2
4660	#FFFFFF	#D3D3D3	2
4661	#FFFFFF	#D3D3D3	2
4662	#FFFFFF	#D3D3D3	2
4663	#FFFFFF	#D3D3D3	2
4664	#FFFFFF	#D3D3D3	2
4665	#FFFFFF	#D3D3D3	2
4666	#FFFFFF	#D3D3D3	2
4667	#FFFFFF	#D3D3D3	2
4668	#FFFFFF	#D3D3D3	2
4669	#FFFFFF	#D3D3D3	2
4670	#FFFFFF	#D3D3D3	2
4671	#FFFFFF	#D3D3D3	2
4672	#FFFFFF	#D3D3D3	2
4673	#FFFFFF	#D3D3D3	234
4674	#FFFFFF	#D3D3D3	234
4675	#FFFFFF	#D3D3D3	2
4676	#FFFFFF	#D3D3D3	2
4677	#FFFFFF	#D3D3D3	2
4682	#FFFFFF	#D3D3D3	2
4693	#FFFFFF	#D3D3D3	2
4694	#FFFFFF	#D3D3D3	2
4695	#FFFFFF	#D3D3D3	56
4696	#FFFFFF	#D3D3D3	56
4697	#FFFFFF	#D3D3D3	2
4698	#FFFFFF	#D3D3D3	87
4699	#FFFFFF	#D3D3D3	2
4700	#FFFFFF	#D3D3D3	2
4701	#FFFFFF	#D3D3D3	2
4702	#FFFFFF	#D3D3D3	2
4703	#FFFFFF	#D3D3D3	2
4704	#FFFFFF	#D3D3D3	2
4705	#FFFFFF	#D3D3D3	2
4706	#FFFFFF	#D3D3D3	2
4707	#FFFFFF	#D3D3D3	2
4708	#FFFFFF	#D3D3D3	2
4709	#FFFFFF	#D3D3D3	2
4710	#FFFFFF	#D3D3D3	2
4711	#FFFFFF	#D3D3D3	2
4712	#FFFFFF	#D3D3D3	2
4713	#FFFFFF	#D3D3D3	2
4714	#FFFFFF	#D3D3D3	2
4715	#FFFFFF	#D3D3D3	2
4716	#FFFFFF	#D3D3D3	2
4717	#FFFFFF	#D3D3D3	2
4718	#FFFFFF	#D3D3D3	2
4719	#FFFFFF	#D3D3D3	2
4720	#FFFFFF	#D3D3D3	2
4721	#FFFFFF	#D3D3D3	2
4722	#FFFFFF	#D3D3D3	2
4723	#FFFFFF	#D3D3D3	2
4724	#FFFFFF	#D3D3D3	234
4725	#FFFFFF	#D3D3D3	2
4726	#FFFFFF	#D3D3D3	2
4727	#FFFFFF	#D3D3D3	2
4733	#FFFFFF	#D3D3D3	2
4743	#FFFFFF	#D3D3D3	2
4744	#FFFFFF	#D3D3D3	2
4745	#FFFFFF	#D3D3D3	2
4746	#FFFFFF	#D3D3D3	2
4747	#FFFFFF	#D3D3D3	2
4749	#FFFFFF	#D3D3D3	2
4750	#FFFFFF	#D3D3D3	2
4751	#FFFFFF	#D3D3D3	2
4752	#FFFFFF	#D3D3D3	2
4753	#FFFFFF	#D3D3D3	2
4754	#FFFFFF	#D3D3D3	2
4755	#FFFFFF	#D3D3D3	2
4756	#FFFFFF	#D3D3D3	2
4757	#FFFFFF	#D3D3D3	2
4758	#FFFFFF	#D3D3D3	2
4759	#FFFFFF	#D3D3D3	2
4760	#FFFFFF	#D3D3D3	2
4761	#FFFFFF	#D3D3D3	2
4762	#FFFFFF	#D3D3D3	2
4763	#FFFFFF	#D3D3D3	2
4764	#FFFFFF	#D3D3D3	2
4765	#FFFFFF	#D3D3D3	2
4766	#FFFFFF	#D3D3D3	2
4767	#FFFFFF	#D3D3D3	2
4768	#FFFFFF	#D3D3D3	2
4769	#FFFFFF	#D3D3D3	2
4770	#FFFFFF	#D3D3D3	2
4771	#FFFFFF	#D3D3D3	2
4772	#FFFFFF	#D3D3D3	2
4773	#FFFFFF	#D3D3D3	2
4774	#FFFFFF	#D3D3D3	2
4775	#FFFFFF	#D3D3D3	2
4776	#FFFFFF	#D3D3D3	2
4777	#FFFFFF	#D3D3D3	2
4783	#FFFFFF	#D3D3D3	2
4794	#FFFFFF	#D3D3D3	2
4795	#FFFFFF	#D3D3D3	2
4796	#FFFFFF	#D3D3D3	2
4797	#FFFFFF	#D3D3D3	2
4798	#FFFFFF	#D3D3D3	2
4799	#FFFFFF	#D3D3D3	87
4800	#FFFFFF	#D3D3D3	2
4801	#FFFFFF	#D3D3D3	2
4802	#FFFFFF	#D3D3D3	2
4803	#FFFFFF	#D3D3D3	2
4804	#FFFFFF	#D3D3D3	2
4805	#FFFFFF	#D3D3D3	2
4806	#FFFFFF	#D3D3D3	2
4807	#FFFFFF	#D3D3D3	2
4808	#FFFFFF	#D3D3D3	2
4809	#FFFFFF	#D3D3D3	2
4810	#FFFFFF	#D3D3D3	2
4811	#FFFFFF	#D3D3D3	2
4812	#FFFFFF	#D3D3D3	2
4813	#FFFFFF	#D3D3D3	2
4814	#FFFFFF	#D3D3D3	2
4815	#FFFFFF	#D3D3D3	2
4816	#FFFFFF	#D3D3D3	2
4817	#FFFFFF	#D3D3D3	2
4818	#FFFFFF	#D3D3D3	2
4819	#FFFFFF	#D3D3D3	2
4820	#FFFFFF	#D3D3D3	2
4821	#FFFFFF	#D3D3D3	2
4822	#FFFFFF	#D3D3D3	2
4823	#FFFFFF	#D3D3D3	2
4824	#FFFFFF	#D3D3D3	2
4825	#FFFFFF	#D3D3D3	2
4826	#FFFFFF	#D3D3D3	2
4827	#FFFFFF	#D3D3D3	2
4834	#FFFFFF	#D3D3D3	2
4844	#FFFFFF	#D3D3D3	2
4845	#FFFFFF	#D3D3D3	2
4846	#FFFFFF	#D3D3D3	2
4847	#FFFFFF	#D3D3D3	2
4848	#FFFFFF	#D3D3D3	2
4850	#FFFFFF	#D3D3D3	2
4851	#FFFFFF	#D3D3D3	2
4852	#FFFFFF	#D3D3D3	2
4853	#FFFFFF	#D3D3D3	2
4854	#FFFFFF	#D3D3D3	2
4855	#FFFFFF	#D3D3D3	2
4856	#FFFFFF	#D3D3D3	2
4857	#FFFFFF	#D3D3D3	2
4858	#FFFFFF	#D3D3D3	2
4859	#FFFFFF	#D3D3D3	2
4860	#FFFFFF	#D3D3D3	2
4861	#FFFFFF	#D3D3D3	2
4862	#FFFFFF	#D3D3D3	2
4863	#FFFFFF	#D3D3D3	2
4864	#FFFFFF	#D3D3D3	2
4865	#FFFFFF	#D3D3D3	2
4866	#FFFFFF	#D3D3D3	2
4867	#FFFFFF	#D3D3D3	2
4868	#FFFFFF	#D3D3D3	2
4869	#FFFFFF	#D3D3D3	2
4870	#FFFFFF	#D3D3D3	2
4871	#FFFFFF	#D3D3D3	2
4872	#FFFFFF	#D3D3D3	87
4873	#FFFFFF	#D3D3D3	87
4874	#FFFFFF	#D3D3D3	2
4875	#FFFFFF	#D3D3D3	2
4876	#FFFFFF	#D3D3D3	2
4877	#FFFFFF	#D3D3D3	2
4884	#FFFFFF	#D3D3D3	87
4895	#FFFFFF	#D3D3D3	2
4896	#FFFFFF	#D3D3D3	2
4897	#FFFFFF	#D3D3D3	2
4898	#FFFFFF	#D3D3D3	2
4899	#FFFFFF	#D3D3D3	2
4900	#FFFFFF	#D3D3D3	2
4901	#FFFFFF	#D3D3D3	2
4902	#FFFFFF	#D3D3D3	87
4903	#FFFFFF	#D3D3D3	2
4904	#FFFFFF	#D3D3D3	2
4905	#FFFFFF	#D3D3D3	2
4906	#FFFFFF	#D3D3D3	2
4907	#FFFFFF	#D3D3D3	2
4908	#FFFFFF	#D3D3D3	2
4909	#FFFFFF	#D3D3D3	2
4910	#FFFFFF	#D3D3D3	2
4911	#FFFFFF	#D3D3D3	2
4912	#FFFFFF	#D3D3D3	2
4913	#FFFFFF	#D3D3D3	87
4914	#FFFFFF	#D3D3D3	2
4915	#FFFFFF	#D3D3D3	2
4916	#FFFFFF	#D3D3D3	2
4917	#FFFFFF	#D3D3D3	2
4918	#FFFFFF	#D3D3D3	2
4919	#FFFFFF	#D3D3D3	2
4920	#FFFFFF	#D3D3D3	2
4921	#FFFFFF	#D3D3D3	2
4922	#FFFFFF	#D3D3D3	2
4923	#FFFFFF	#D3D3D3	87
4924	#FFFFFF	#D3D3D3	87
4925	#FFFFFF	#D3D3D3	2
4926	#FFFFFF	#D3D3D3	2
4927	#FFFFFF	#D3D3D3	2
4935	#FFFFFF	#D3D3D3	2
4945	#FFFFFF	#D3D3D3	2
4946	#FFFFFF	#D3D3D3	2
4947	#FFFFFF	#D3D3D3	2
4948	#FFFFFF	#D3D3D3	2
4949	#FFFFFF	#D3D3D3	2
4951	#FFFFFF	#D3D3D3	2
4952	#FFFFFF	#D3D3D3	2
4953	#FFFFFF	#D3D3D3	2
4954	#FFFFFF	#D3D3D3	2
4955	#FFFFFF	#D3D3D3	2
4956	#FFFFFF	#D3D3D3	2
4957	#FFFFFF	#D3D3D3	2
4958	#FFFFFF	#D3D3D3	2
4959	#FFFFFF	#D3D3D3	2
4960	#FFFFFF	#D3D3D3	2
4961	#FFFFFF	#D3D3D3	2
4962	#FFFFFF	#D3D3D3	2
4963	#FFFFFF	#D3D3D3	87
4964	#FFFFFF	#D3D3D3	2
4965	#FFFFFF	#D3D3D3	2
4966	#FFFFFF	#D3D3D3	2
4967	#FFFFFF	#D3D3D3	2
4968	#FFFFFF	#D3D3D3	2
4969	#FFFFFF	#D3D3D3	2
4970	#FFFFFF	#D3D3D3	2
4971	#FFFFFF	#D3D3D3	2
4972	#FFFFFF	#D3D3D3	2
4973	#FFFFFF	#D3D3D3	87
4974	#FFFFFF	#D3D3D3	87
4975	#FFFFFF	#D3D3D3	87
4976	#FFFFFF	#D3D3D3	2
4977	#FFFFFF	#D3D3D3	2
4985	#FFFFFF	#D3D3D3	87
4996	#FFFFFF	#D3D3D3	2
4997	#FFFFFF	#D3D3D3	2
4998	#FFFFFF	#D3D3D3	2
4999	#FFFFFF	#D3D3D3	2
5000	#FFFFFF	#D3D3D3	2
5001	#FFFFFF	#D3D3D3	2
5002	#FFFFFF	#D3D3D3	2
5003	#FFFFFF	#D3D3D3	87
5004	#FFFFFF	#D3D3D3	2
5005	#FFFFFF	#D3D3D3	2
5006	#FFFFFF	#D3D3D3	2
5007	#FFFFFF	#D3D3D3	2
5008	#FFFFFF	#D3D3D3	2
5009	#FFFFFF	#D3D3D3	2
5010	#FFFFFF	#D3D3D3	2
5011	#FFFFFF	#D3D3D3	2
5012	#FFFFFF	#D3D3D3	2
5013	#FFFFFF	#D3D3D3	2
5014	#FFFFFF	#D3D3D3	2
5015	#FFFFFF	#D3D3D3	87
5016	#FFFFFF	#D3D3D3	87
5017	#FFFFFF	#D3D3D3	2
5018	#FFFFFF	#D3D3D3	2
5019	#FFFFFF	#D3D3D3	2
5020	#FFFFFF	#D3D3D3	2
5021	#FFFFFF	#D3D3D3	2
5022	#FFFFFF	#D3D3D3	2
5023	#FFFFFF	#D3D3D3	87
5024	#FFFFFF	#D3D3D3	87
5025	#FFFFFF	#D3D3D3	2
5026	#FFFFFF	#D3D3D3	87
5027	#FFFFFF	#D3D3D3	2
5036	#FFFFFF	#D3D3D3	87
5046	#FFFFFF	#D3D3D3	2
5047	#FFFFFF	#D3D3D3	2
5048	#FFFFFF	#D3D3D3	2
5049	#FFFFFF	#D3D3D3	2
5050	#FFFFFF	#D3D3D3	2
5052	#FFFFFF	#D3D3D3	2
5053	#FFFFFF	#D3D3D3	2
5054	#FFFFFF	#D3D3D3	2
5055	#FFFFFF	#D3D3D3	2
5056	#FFFFFF	#D3D3D3	2
5057	#FFFFFF	#D3D3D3	2
5058	#FFFFFF	#D3D3D3	2
5059	#FFFFFF	#D3D3D3	2
5060	#FFFFFF	#D3D3D3	2
5061	#FFFFFF	#D3D3D3	2
5062	#FFFFFF	#D3D3D3	2
5063	#FFFFFF	#D3D3D3	2
5064	#FFFFFF	#D3D3D3	2
5065	#FFFFFF	#D3D3D3	87
5066	#FFFFFF	#D3D3D3	87
5067	#FFFFFF	#D3D3D3	2
5068	#FFFFFF	#D3D3D3	2
5069	#FFFFFF	#D3D3D3	2
5070	#FFFFFF	#D3D3D3	2
5071	#FFFFFF	#D3D3D3	2
5072	#FFFFFF	#D3D3D3	2
5073	#FFFFFF	#D3D3D3	87
5074	#FFFFFF	#D3D3D3	87
5075	#FFFFFF	#D3D3D3	2
5076	#FFFFFF	#D3D3D3	87
5077	#FFFFFF	#D3D3D3	87
5086	#FFFFFF	#D3D3D3	87
5097	#FFFFFF	#D3D3D3	2
5098	#FFFFFF	#D3D3D3	2
5099	#FFFFFF	#D3D3D3	2
5100	#FFFFFF	#D3D3D3	2
5101	#FFFFFF	#D3D3D3	2
