group	fill	colour	clickSelects
2	#FFFFFF	#D3D3D3	133
3	#FFFFFF	#D3D3D3	133
4	#FFFFFF	#D3D3D3	133
5	#FFFFFF	#D3D3D3	133
6	#FFFFFF	#D3D3D3	133
7	#FFFFFF	#D3D3D3	133
8	#FFFFFF	#D3D3D3	133
9	#FFFFFF	#D3D3D3	133
10	#FFFFFF	#D3D3D3	2
11	#FFFFFF	#D3D3D3	2
12	#FFFFFF	#D3D3D3	2
13	#FFFFFF	#D3D3D3	133
14	#FFFFFF	#D3D3D3	133
15	#FFFFFF	#D3D3D3	2
16	#FFFFFF	#D3D3D3	4
17	#FFFFFF	#D3D3D3	2
18	#FFFFFF	#D3D3D3	4
19	#FFFFFF	#D3D3D3	4
20	#FFFFFF	#D3D3D3	4
21	#FFFFFF	#D3D3D3	2
22	#FFFFFF	#D3D3D3	2
23	#FFFFFF	#D3D3D3	4
24	#FFFFFF	#D3D3D3	4
25	#FFFFFF	#D3D3D3	133
26	#FFFFFF	#D3D3D3	4
27	#FFFFFF	#D3D3D3	84
28	#FFFFFF	#D3D3D3	84
29	#FFFFFF	#D3D3D3	84
30	#FFFFFF	#D3D3D3	84
31	#FFFFFF	#D3D3D3	84
32	#FFFFFF	#D3D3D3	84
33	#FFFFFF	#D3D3D3	84
34	#FFFFFF	#D3D3D3	84
35	#FFFFFF	#D3D3D3	84
36	#FFFFFF	#D3D3D3	133
37	#FFFFFF	#D3D3D3	84
38	#FFFFFF	#D3D3D3	84
39	#FFFFFF	#D3D3D3	84
40	#FFFFFF	#D3D3D3	84
41	#FFFFFF	#D3D3D3	84
42	#FFFFFF	#D3D3D3	154
43	#FFFFFF	#D3D3D3	154
44	#FFFFFF	#D3D3D3	154
45	#FFFFFF	#D3D3D3	154
46	#FFFFFF	#D3D3D3	133
47	#FFFFFF	#D3D3D3	133
48	#FFFFFF	#D3D3D3	133
49	#FFFFFF	#D3D3D3	133
50	#FFFFFF	#D3D3D3	133
52	#FFFFFF	#D3D3D3	133
53	#FFFFFF	#D3D3D3	133
54	#FFFFFF	#D3D3D3	133
55	#FFFFFF	#D3D3D3	133
56	#FFFFFF	#D3D3D3	133
57	#FFFFFF	#D3D3D3	133
58	#FFFFFF	#D3D3D3	133
59	#FFFFFF	#D3D3D3	2
60	#FFFFFF	#D3D3D3	133
61	#FFFFFF	#D3D3D3	2
62	#FFFFFF	#D3D3D3	2
63	#FFFFFF	#D3D3D3	133
64	#FFFFFF	#D3D3D3	133
65	#FFFFFF	#D3D3D3	2
66	#FFFFFF	#D3D3D3	4
67	#FFFFFF	#D3D3D3	2
68	#FFFFFF	#D3D3D3	2
69	#FFFFFF	#D3D3D3	4
70	#FFFFFF	#D3D3D3	2
71	#FFFFFF	#D3D3D3	2
72	#FFFFFF	#D3D3D3	2
73	#FFFFFF	#D3D3D3	2
74	#FFFFFF	#D3D3D3	4
75	#FFFFFF	#D3D3D3	133
76	#FFFFFF	#D3D3D3	84
77	#FFFFFF	#D3D3D3	84
78	#FFFFFF	#D3D3D3	84
79	#FFFFFF	#D3D3D3	84
80	#FFFFFF	#D3D3D3	84
81	#FFFFFF	#D3D3D3	84
82	#FFFFFF	#D3D3D3	84
83	#FFFFFF	#D3D3D3	84
84	#FFFFFF	#D3D3D3	84
85	#FFFFFF	#D3D3D3	84
86	#FFFFFF	#D3D3D3	133
87	#FFFFFF	#D3D3D3	84
88	#FFFFFF	#D3D3D3	84
89	#FFFFFF	#D3D3D3	84
90	#FFFFFF	#D3D3D3	154
91	#FFFFFF	#D3D3D3	84
92	#FFFFFF	#D3D3D3	84
93	#FFFFFF	#D3D3D3	154
94	#FFFFFF	#D3D3D3	154
95	#FFFFFF	#D3D3D3	154
96	#FFFFFF	#D3D3D3	154
97	#FFFFFF	#D3D3D3	133
98	#FFFFFF	#D3D3D3	133
99	#FFFFFF	#D3D3D3	133
100	#FFFFFF	#D3D3D3	133
101	#FFFFFF	#D3D3D3	133
103	#FFFFFF	#D3D3D3	133
104	#FFFFFF	#D3D3D3	133
105	#FFFFFF	#D3D3D3	133
106	#FFFFFF	#D3D3D3	133
107	#FFFFFF	#D3D3D3	133
108	#FFFFFF	#D3D3D3	133
109	#FFFFFF	#D3D3D3	2
110	#FFFFFF	#D3D3D3	2
111	#FFFFFF	#D3D3D3	2
112	#FFFFFF	#D3D3D3	2
113	#FFFFFF	#D3D3D3	133
114	#FFFFFF	#D3D3D3	2
115	#FFFFFF	#D3D3D3	133
116	#FFFFFF	#D3D3D3	2
117	#FFFFFF	#D3D3D3	2
118	#FFFFFF	#D3D3D3	2
119	#FFFFFF	#D3D3D3	2
120	#FFFFFF	#D3D3D3	4
121	#FFFFFF	#D3D3D3	2
122	#FFFFFF	#D3D3D3	2
123	#FFFFFF	#D3D3D3	2
124	#FFFFFF	#D3D3D3	2
125	#FFFFFF	#D3D3D3	4
126	#FFFFFF	#D3D3D3	133
127	#FFFFFF	#D3D3D3	84
128	#FFFFFF	#D3D3D3	84
129	#FFFFFF	#D3D3D3	84
130	#FFFFFF	#D3D3D3	84
131	#FFFFFF	#D3D3D3	84
132	#FFFFFF	#D3D3D3	84
133	#FFFFFF	#D3D3D3	84
134	#FFFFFF	#D3D3D3	84
135	#FFFFFF	#D3D3D3	84
136	#FFFFFF	#D3D3D3	84
137	#FFFFFF	#D3D3D3	133
138	#FFFFFF	#D3D3D3	84
139	#FFFFFF	#D3D3D3	84
140	#FFFFFF	#D3D3D3	154
141	#FFFFFF	#D3D3D3	154
142	#FFFFFF	#D3D3D3	84
143	#FFFFFF	#D3D3D3	84
144	#FFFFFF	#D3D3D3	84
145	#FFFFFF	#D3D3D3	154
146	#FFFFFF	#D3D3D3	154
147	#FFFFFF	#D3D3D3	133
148	#FFFFFF	#D3D3D3	133
149	#FFFFFF	#D3D3D3	133
150	#FFFFFF	#D3D3D3	133
151	#FFFFFF	#D3D3D3	133
153	#FFFFFF	#D3D3D3	133
154	#FFFFFF	#D3D3D3	133
155	#FFFFFF	#D3D3D3	133
156	#FFFFFF	#D3D3D3	133
157	#FFFFFF	#D3D3D3	133
158	#FFFFFF	#D3D3D3	133
159	#FFFFFF	#D3D3D3	133
160	#FFFFFF	#D3D3D3	133
161	#FFFFFF	#D3D3D3	133
162	#FFFFFF	#D3D3D3	133
163	#FFFFFF	#D3D3D3	207
164	#FFFFFF	#D3D3D3	207
165	#FFFFFF	#D3D3D3	133
166	#FFFFFF	#D3D3D3	103
167	#FFFFFF	#D3D3D3	103
168	#FFFFFF	#D3D3D3	144
169	#FFFFFF	#D3D3D3	103
170	#FFFFFF	#D3D3D3	103
171	#FFFFFF	#D3D3D3	103
172	#FFFFFF	#D3D3D3	103
173	#FFFFFF	#D3D3D3	103
174	#FFFFFF	#D3D3D3	103
175	#FFFFFF	#D3D3D3	2
176	#FFFFFF	#D3D3D3	133
177	#FFFFFF	#D3D3D3	2
178	#FFFFFF	#D3D3D3	2
179	#FFFFFF	#D3D3D3	2
180	#FFFFFF	#D3D3D3	2
181	#FFFFFF	#D3D3D3	2
182	#FFFFFF	#D3D3D3	2
183	#FFFFFF	#D3D3D3	2
184	#FFFFFF	#D3D3D3	2
185	#FFFFFF	#D3D3D3	4
186	#FFFFFF	#D3D3D3	4
187	#FFFFFF	#D3D3D3	133
188	#FFFFFF	#D3D3D3	4
189	#FFFFFF	#D3D3D3	4
190	#FFFFFF	#D3D3D3	84
191	#FFFFFF	#D3D3D3	4
192	#FFFFFF	#D3D3D3	4
193	#FFFFFF	#D3D3D3	4
194	#FFFFFF	#D3D3D3	84
195	#FFFFFF	#D3D3D3	84
196	#FFFFFF	#D3D3D3	4
197	#FFFFFF	#D3D3D3	4
198	#FFFFFF	#D3D3D3	133
199	#FFFFFF	#D3D3D3	133
200	#FFFFFF	#D3D3D3	133
201	#FFFFFF	#D3D3D3	133
202	#FFFFFF	#D3D3D3	133
204	#FFFFFF	#D3D3D3	133
205	#FFFFFF	#D3D3D3	133
206	#FFFFFF	#D3D3D3	133
207	#FFFFFF	#D3D3D3	133
208	#FFFFFF	#D3D3D3	133
209	#FFFFFF	#D3D3D3	133
210	#FFFFFF	#D3D3D3	133
211	#FFFFFF	#D3D3D3	133
212	#FFFFFF	#D3D3D3	133
213	#FFFFFF	#D3D3D3	133
214	#FFFFFF	#D3D3D3	207
215	#FFFFFF	#D3D3D3	103
216	#FFFFFF	#D3D3D3	133
217	#FFFFFF	#D3D3D3	103
218	#FFFFFF	#D3D3D3	144
219	#FFFFFF	#D3D3D3	144
220	#FFFFFF	#D3D3D3	103
221	#FFFFFF	#D3D3D3	103
222	#FFFFFF	#D3D3D3	103
223	#FFFFFF	#D3D3D3	103
224	#FFFFFF	#D3D3D3	103
225	#FFFFFF	#D3D3D3	2
226	#FFFFFF	#D3D3D3	2
227	#FFFFFF	#D3D3D3	133
228	#FFFFFF	#D3D3D3	2
229	#FFFFFF	#D3D3D3	2
230	#FFFFFF	#D3D3D3	2
231	#FFFFFF	#D3D3D3	2
232	#FFFFFF	#D3D3D3	2
233	#FFFFFF	#D3D3D3	2
234	#FFFFFF	#D3D3D3	2
235	#FFFFFF	#D3D3D3	2
236	#FFFFFF	#D3D3D3	4
237	#FFFFFF	#D3D3D3	4
238	#FFFFFF	#D3D3D3	133
239	#FFFFFF	#D3D3D3	4
240	#FFFFFF	#D3D3D3	84
241	#FFFFFF	#D3D3D3	4
242	#FFFFFF	#D3D3D3	4
243	#FFFFFF	#D3D3D3	4
244	#FFFFFF	#D3D3D3	4
245	#FFFFFF	#D3D3D3	84
246	#FFFFFF	#D3D3D3	4
247	#FFFFFF	#D3D3D3	4
248	#FFFFFF	#D3D3D3	133
249	#FFFFFF	#D3D3D3	133
250	#FFFFFF	#D3D3D3	133
251	#FFFFFF	#D3D3D3	133
252	#FFFFFF	#D3D3D3	133
254	#FFFFFF	#D3D3D3	133
255	#FFFFFF	#D3D3D3	133
256	#FFFFFF	#D3D3D3	133
257	#FFFFFF	#D3D3D3	133
258	#FFFFFF	#D3D3D3	133
259	#FFFFFF	#D3D3D3	133
260	#FFFFFF	#D3D3D3	133
261	#FFFFFF	#D3D3D3	133
262	#FFFFFF	#D3D3D3	133
263	#FFFFFF	#D3D3D3	133
264	#FFFFFF	#D3D3D3	207
265	#FFFFFF	#D3D3D3	103
266	#FFFFFF	#D3D3D3	133
267	#FFFFFF	#D3D3D3	103
268	#FFFFFF	#D3D3D3	103
269	#FFFFFF	#D3D3D3	103
270	#FFFFFF	#D3D3D3	103
271	#FFFFFF	#D3D3D3	103
272	#FFFFFF	#D3D3D3	103
273	#FFFFFF	#D3D3D3	103
274	#FFFFFF	#D3D3D3	2
275	#FFFFFF	#D3D3D3	2
276	#FFFFFF	#D3D3D3	2
277	#FFFFFF	#D3D3D3	133
278	#FFFFFF	#D3D3D3	2
279	#FFFFFF	#D3D3D3	2
280	#FFFFFF	#D3D3D3	2
281	#FFFFFF	#D3D3D3	2
282	#FFFFFF	#D3D3D3	2
283	#FFFFFF	#D3D3D3	4
284	#FFFFFF	#D3D3D3	4
285	#FFFFFF	#D3D3D3	2
286	#FFFFFF	#D3D3D3	4
287	#FFFFFF	#D3D3D3	4
288	#FFFFFF	#D3D3D3	133
289	#FFFFFF	#D3D3D3	4
290	#FFFFFF	#D3D3D3	4
291	#FFFFFF	#D3D3D3	4
292	#FFFFFF	#D3D3D3	4
293	#FFFFFF	#D3D3D3	4
294	#FFFFFF	#D3D3D3	4
295	#FFFFFF	#D3D3D3	4
296	#FFFFFF	#D3D3D3	84
297	#FFFFFF	#D3D3D3	4
298	#FFFFFF	#D3D3D3	4
299	#FFFFFF	#D3D3D3	133
300	#FFFFFF	#D3D3D3	10
301	#FFFFFF	#D3D3D3	133
302	#FFFFFF	#D3D3D3	133
303	#FFFFFF	#D3D3D3	133
305	#FFFFFF	#D3D3D3	133
306	#FFFFFF	#D3D3D3	133
307	#FFFFFF	#D3D3D3	133
308	#FFFFFF	#D3D3D3	133
309	#FFFFFF	#D3D3D3	133
310	#FFFFFF	#D3D3D3	133
311	#FFFFFF	#D3D3D3	133
312	#FFFFFF	#D3D3D3	133
313	#FFFFFF	#D3D3D3	207
314	#FFFFFF	#D3D3D3	133
315	#FFFFFF	#D3D3D3	207
316	#FFFFFF	#D3D3D3	207
317	#FFFFFF	#D3D3D3	133
318	#FFFFFF	#D3D3D3	103
319	#FFFFFF	#D3D3D3	103
320	#FFFFFF	#D3D3D3	103
321	#FFFFFF	#D3D3D3	103
322	#FFFFFF	#D3D3D3	103
323	#FFFFFF	#D3D3D3	103
324	#FFFFFF	#D3D3D3	103
325	#FFFFFF	#D3D3D3	2
326	#FFFFFF	#D3D3D3	2
327	#FFFFFF	#D3D3D3	2
328	#FFFFFF	#D3D3D3	133
329	#FFFFFF	#D3D3D3	2
330	#FFFFFF	#D3D3D3	2
331	#FFFFFF	#D3D3D3	2
332	#FFFFFF	#D3D3D3	2
333	#FFFFFF	#D3D3D3	2
334	#FFFFFF	#D3D3D3	4
335	#FFFFFF	#D3D3D3	4
336	#FFFFFF	#D3D3D3	4
337	#FFFFFF	#D3D3D3	4
338	#FFFFFF	#D3D3D3	4
339	#FFFFFF	#D3D3D3	133
340	#FFFFFF	#D3D3D3	4
341	#FFFFFF	#D3D3D3	4
342	#FFFFFF	#D3D3D3	4
343	#FFFFFF	#D3D3D3	4
344	#FFFFFF	#D3D3D3	4
345	#FFFFFF	#D3D3D3	4
346	#FFFFFF	#D3D3D3	4
347	#FFFFFF	#D3D3D3	4
348	#FFFFFF	#D3D3D3	4
349	#FFFFFF	#D3D3D3	133
350	#FFFFFF	#D3D3D3	10
351	#FFFFFF	#D3D3D3	133
352	#FFFFFF	#D3D3D3	133
353	#FFFFFF	#D3D3D3	133
355	#FFFFFF	#D3D3D3	133
356	#FFFFFF	#D3D3D3	133
357	#FFFFFF	#D3D3D3	133
358	#FFFFFF	#D3D3D3	133
359	#FFFFFF	#D3D3D3	10
360	#FFFFFF	#D3D3D3	133
361	#FFFFFF	#D3D3D3	133
362	#FFFFFF	#D3D3D3	133
363	#FFFFFF	#D3D3D3	207
364	#FFFFFF	#D3D3D3	133
365	#FFFFFF	#D3D3D3	207
366	#FFFFFF	#D3D3D3	207
367	#FFFFFF	#D3D3D3	133
368	#FFFFFF	#D3D3D3	103
369	#FFFFFF	#D3D3D3	103
370	#FFFFFF	#D3D3D3	103
371	#FFFFFF	#D3D3D3	103
372	#FFFFFF	#D3D3D3	103
373	#FFFFFF	#D3D3D3	103
374	#FFFFFF	#D3D3D3	103
375	#FFFFFF	#D3D3D3	2
376	#FFFFFF	#D3D3D3	2
377	#FFFFFF	#D3D3D3	2
378	#FFFFFF	#D3D3D3	133
379	#FFFFFF	#D3D3D3	2
380	#FFFFFF	#D3D3D3	2
381	#FFFFFF	#D3D3D3	2
382	#FFFFFF	#D3D3D3	2
383	#FFFFFF	#D3D3D3	2
384	#FFFFFF	#D3D3D3	2
385	#FFFFFF	#D3D3D3	4
386	#FFFFFF	#D3D3D3	4
387	#FFFFFF	#D3D3D3	4
388	#FFFFFF	#D3D3D3	4
389	#FFFFFF	#D3D3D3	133
390	#FFFFFF	#D3D3D3	4
391	#FFFFFF	#D3D3D3	4
392	#FFFFFF	#D3D3D3	4
393	#FFFFFF	#D3D3D3	4
394	#FFFFFF	#D3D3D3	4
395	#FFFFFF	#D3D3D3	4
396	#FFFFFF	#D3D3D3	4
397	#FFFFFF	#D3D3D3	4
398	#FFFFFF	#D3D3D3	4
399	#FFFFFF	#D3D3D3	4
400	#FFFFFF	#D3D3D3	133
401	#FFFFFF	#D3D3D3	10
402	#FFFFFF	#D3D3D3	10
403	#FFFFFF	#D3D3D3	133
404	#FFFFFF	#D3D3D3	133
406	#FFFFFF	#D3D3D3	133
407	#FFFFFF	#D3D3D3	133
408	#FFFFFF	#D3D3D3	133
409	#FFFFFF	#D3D3D3	10
410	#FFFFFF	#D3D3D3	133
411	#FFFFFF	#D3D3D3	133
412	#FFFFFF	#D3D3D3	133
413	#FFFFFF	#D3D3D3	207
414	#FFFFFF	#D3D3D3	207
415	#FFFFFF	#D3D3D3	133
416	#FFFFFF	#D3D3D3	207
417	#FFFFFF	#D3D3D3	207
418	#FFFFFF	#D3D3D3	133
419	#FFFFFF	#D3D3D3	103
420	#FFFFFF	#D3D3D3	103
421	#FFFFFF	#D3D3D3	103
422	#FFFFFF	#D3D3D3	103
423	#FFFFFF	#D3D3D3	103
424	#FFFFFF	#D3D3D3	2
425	#FFFFFF	#D3D3D3	2
426	#FFFFFF	#D3D3D3	2
427	#FFFFFF	#D3D3D3	2
428	#FFFFFF	#D3D3D3	2
429	#FFFFFF	#D3D3D3	133
430	#FFFFFF	#D3D3D3	2
431	#FFFFFF	#D3D3D3	2
432	#FFFFFF	#D3D3D3	2
433	#FFFFFF	#D3D3D3	2
434	#FFFFFF	#D3D3D3	2
435	#FFFFFF	#D3D3D3	2
436	#FFFFFF	#D3D3D3	4
437	#FFFFFF	#D3D3D3	4
438	#FFFFFF	#D3D3D3	4
439	#FFFFFF	#D3D3D3	4
440	#FFFFFF	#D3D3D3	133
441	#FFFFFF	#D3D3D3	4
442	#FFFFFF	#D3D3D3	4
443	#FFFFFF	#D3D3D3	4
444	#FFFFFF	#D3D3D3	4
445	#FFFFFF	#D3D3D3	4
446	#FFFFFF	#D3D3D3	4
447	#FFFFFF	#D3D3D3	4
448	#FFFFFF	#D3D3D3	4
449	#FFFFFF	#D3D3D3	4
450	#FFFFFF	#D3D3D3	133
451	#FFFFFF	#D3D3D3	10
452	#FFFFFF	#D3D3D3	133
453	#FFFFFF	#D3D3D3	133
454	#FFFFFF	#D3D3D3	133
456	#FFFFFF	#D3D3D3	133
457	#FFFFFF	#D3D3D3	133
458	#FFFFFF	#D3D3D3	133
459	#FFFFFF	#D3D3D3	10
460	#FFFFFF	#D3D3D3	10
461	#FFFFFF	#D3D3D3	133
462	#FFFFFF	#D3D3D3	133
463	#FFFFFF	#D3D3D3	207
464	#FFFFFF	#D3D3D3	207
465	#FFFFFF	#D3D3D3	207
466	#FFFFFF	#D3D3D3	207
467	#FFFFFF	#D3D3D3	207
468	#FFFFFF	#D3D3D3	133
469	#FFFFFF	#D3D3D3	207
470	#FFFFFF	#D3D3D3	103
471	#FFFFFF	#D3D3D3	103
472	#FFFFFF	#D3D3D3	103
473	#FFFFFF	#D3D3D3	103
474	#FFFFFF	#D3D3D3	2
475	#FFFFFF	#D3D3D3	2
476	#FFFFFF	#D3D3D3	2
477	#FFFFFF	#D3D3D3	2
478	#FFFFFF	#D3D3D3	2
479	#FFFFFF	#D3D3D3	133
480	#FFFFFF	#D3D3D3	2
481	#FFFFFF	#D3D3D3	2
482	#FFFFFF	#D3D3D3	2
483	#FFFFFF	#D3D3D3	2
484	#FFFFFF	#D3D3D3	2
485	#FFFFFF	#D3D3D3	2
486	#FFFFFF	#D3D3D3	2
487	#FFFFFF	#D3D3D3	4
488	#FFFFFF	#D3D3D3	4
489	#FFFFFF	#D3D3D3	4
490	#FFFFFF	#D3D3D3	133
491	#FFFFFF	#D3D3D3	4
492	#FFFFFF	#D3D3D3	4
493	#FFFFFF	#D3D3D3	4
494	#FFFFFF	#D3D3D3	4
495	#FFFFFF	#D3D3D3	4
496	#FFFFFF	#D3D3D3	4
497	#FFFFFF	#D3D3D3	343
498	#FFFFFF	#D3D3D3	4
499	#FFFFFF	#D3D3D3	4
500	#FFFFFF	#D3D3D3	334
501	#FFFFFF	#D3D3D3	133
502	#FFFFFF	#D3D3D3	10
503	#FFFFFF	#D3D3D3	10
504	#FFFFFF	#D3D3D3	10
505	#FFFFFF	#D3D3D3	133
507	#FFFFFF	#D3D3D3	133
508	#FFFFFF	#D3D3D3	133
509	#FFFFFF	#D3D3D3	10
510	#FFFFFF	#D3D3D3	10
511	#FFFFFF	#D3D3D3	133
512	#FFFFFF	#D3D3D3	133
513	#FFFFFF	#D3D3D3	207
514	#FFFFFF	#D3D3D3	207
515	#FFFFFF	#D3D3D3	207
516	#FFFFFF	#D3D3D3	207
517	#FFFFFF	#D3D3D3	207
518	#FFFFFF	#D3D3D3	207
519	#FFFFFF	#D3D3D3	133
520	#FFFFFF	#D3D3D3	103
521	#FFFFFF	#D3D3D3	103
522	#FFFFFF	#D3D3D3	103
523	#FFFFFF	#D3D3D3	103
524	#FFFFFF	#D3D3D3	2
525	#FFFFFF	#D3D3D3	2
526	#FFFFFF	#D3D3D3	103
527	#FFFFFF	#D3D3D3	2
528	#FFFFFF	#D3D3D3	2
529	#FFFFFF	#D3D3D3	2
530	#FFFFFF	#D3D3D3	133
531	#FFFFFF	#D3D3D3	2
532	#FFFFFF	#D3D3D3	2
533	#FFFFFF	#D3D3D3	2
534	#FFFFFF	#D3D3D3	2
535	#FFFFFF	#D3D3D3	2
536	#FFFFFF	#D3D3D3	2
537	#FFFFFF	#D3D3D3	4
538	#FFFFFF	#D3D3D3	4
539	#FFFFFF	#D3D3D3	4
540	#FFFFFF	#D3D3D3	4
541	#FFFFFF	#D3D3D3	133
542	#FFFFFF	#D3D3D3	4
543	#FFFFFF	#D3D3D3	4
544	#FFFFFF	#D3D3D3	4
545	#FFFFFF	#D3D3D3	4
546	#FFFFFF	#D3D3D3	4
547	#FFFFFF	#D3D3D3	4
548	#FFFFFF	#D3D3D3	4
549	#FFFFFF	#D3D3D3	4
551	#FFFFFF	#D3D3D3	133
552	#FFFFFF	#D3D3D3	10
553	#FFFFFF	#D3D3D3	10
554	#FFFFFF	#D3D3D3	133
555	#FFFFFF	#D3D3D3	133
557	#FFFFFF	#D3D3D3	133
558	#FFFFFF	#D3D3D3	133
559	#FFFFFF	#D3D3D3	10
560	#FFFFFF	#D3D3D3	10
561	#FFFFFF	#D3D3D3	133
562	#FFFFFF	#D3D3D3	133
563	#FFFFFF	#D3D3D3	133
564	#FFFFFF	#D3D3D3	207
565	#FFFFFF	#D3D3D3	207
566	#FFFFFF	#D3D3D3	207
567	#FFFFFF	#D3D3D3	207
568	#FFFFFF	#D3D3D3	207
569	#FFFFFF	#D3D3D3	133
570	#FFFFFF	#D3D3D3	103
571	#FFFFFF	#D3D3D3	103
572	#FFFFFF	#D3D3D3	103
573	#FFFFFF	#D3D3D3	103
574	#FFFFFF	#D3D3D3	103
575	#FFFFFF	#D3D3D3	103
576	#FFFFFF	#D3D3D3	103
577	#FFFFFF	#D3D3D3	103
578	#FFFFFF	#D3D3D3	2
579	#FFFFFF	#D3D3D3	2
580	#FFFFFF	#D3D3D3	133
581	#FFFFFF	#D3D3D3	2
582	#FFFFFF	#D3D3D3	2
583	#FFFFFF	#D3D3D3	2
584	#FFFFFF	#D3D3D3	2
585	#FFFFFF	#D3D3D3	2
586	#FFFFFF	#D3D3D3	4
587	#FFFFFF	#D3D3D3	2
588	#FFFFFF	#D3D3D3	4
589	#FFFFFF	#D3D3D3	4
590	#FFFFFF	#D3D3D3	4
591	#FFFFFF	#D3D3D3	133
592	#FFFFFF	#D3D3D3	4
593	#FFFFFF	#D3D3D3	4
594	#FFFFFF	#D3D3D3	4
595	#FFFFFF	#D3D3D3	4
596	#FFFFFF	#D3D3D3	4
597	#FFFFFF	#D3D3D3	278
598	#FFFFFF	#D3D3D3	4
599	#FFFFFF	#D3D3D3	4
602	#FFFFFF	#D3D3D3	133
603	#FFFFFF	#D3D3D3	10
604	#FFFFFF	#D3D3D3	10
605	#FFFFFF	#D3D3D3	10
606	#FFFFFF	#D3D3D3	10
608	#FFFFFF	#D3D3D3	133
609	#FFFFFF	#D3D3D3	133
610	#FFFFFF	#D3D3D3	10
611	#FFFFFF	#D3D3D3	10
612	#FFFFFF	#D3D3D3	133
613	#FFFFFF	#D3D3D3	133
614	#FFFFFF	#D3D3D3	207
615	#FFFFFF	#D3D3D3	207
616	#FFFFFF	#D3D3D3	207
617	#FFFFFF	#D3D3D3	207
618	#FFFFFF	#D3D3D3	207
619	#FFFFFF	#D3D3D3	207
620	#FFFFFF	#D3D3D3	133
621	#FFFFFF	#D3D3D3	2
622	#FFFFFF	#D3D3D3	103
623	#FFFFFF	#D3D3D3	103
624	#FFFFFF	#D3D3D3	103
625	#FFFFFF	#D3D3D3	103
626	#FFFFFF	#D3D3D3	103
627	#FFFFFF	#D3D3D3	103
628	#FFFFFF	#D3D3D3	103
629	#FFFFFF	#D3D3D3	2
630	#FFFFFF	#D3D3D3	2
631	#FFFFFF	#D3D3D3	133
632	#FFFFFF	#D3D3D3	2
633	#FFFFFF	#D3D3D3	2
634	#FFFFFF	#D3D3D3	2
635	#FFFFFF	#D3D3D3	2
636	#FFFFFF	#D3D3D3	2
637	#FFFFFF	#D3D3D3	4
638	#FFFFFF	#D3D3D3	2
639	#FFFFFF	#D3D3D3	4
640	#FFFFFF	#D3D3D3	4
641	#FFFFFF	#D3D3D3	4
642	#FFFFFF	#D3D3D3	133
643	#FFFFFF	#D3D3D3	4
644	#FFFFFF	#D3D3D3	4
645	#FFFFFF	#D3D3D3	4
646	#FFFFFF	#D3D3D3	4
647	#FFFFFF	#D3D3D3	4
648	#FFFFFF	#D3D3D3	278
649	#FFFFFF	#D3D3D3	278
652	#FFFFFF	#D3D3D3	133
653	#FFFFFF	#D3D3D3	10
654	#FFFFFF	#D3D3D3	10
655	#FFFFFF	#D3D3D3	10
656	#FFFFFF	#D3D3D3	10
658	#FFFFFF	#D3D3D3	133
659	#FFFFFF	#D3D3D3	133
660	#FFFFFF	#D3D3D3	10
661	#FFFFFF	#D3D3D3	10
662	#FFFFFF	#D3D3D3	133
663	#FFFFFF	#D3D3D3	133
664	#FFFFFF	#D3D3D3	133
665	#FFFFFF	#D3D3D3	207
666	#FFFFFF	#D3D3D3	207
667	#FFFFFF	#D3D3D3	207
668	#FFFFFF	#D3D3D3	207
669	#FFFFFF	#D3D3D3	207
670	#FFFFFF	#D3D3D3	133
671	#FFFFFF	#D3D3D3	133
672	#FFFFFF	#D3D3D3	2
673	#FFFFFF	#D3D3D3	2
674	#FFFFFF	#D3D3D3	103
675	#FFFFFF	#D3D3D3	103
676	#FFFFFF	#D3D3D3	103
677	#FFFFFF	#D3D3D3	103
678	#FFFFFF	#D3D3D3	2
679	#FFFFFF	#D3D3D3	103
680	#FFFFFF	#D3D3D3	2
681	#FFFFFF	#D3D3D3	133
682	#FFFFFF	#D3D3D3	2
683	#FFFFFF	#D3D3D3	2
684	#FFFFFF	#D3D3D3	2
685	#FFFFFF	#D3D3D3	2
686	#FFFFFF	#D3D3D3	4
687	#FFFFFF	#D3D3D3	4
688	#FFFFFF	#D3D3D3	4
689	#FFFFFF	#D3D3D3	4
690	#FFFFFF	#D3D3D3	4
691	#FFFFFF	#D3D3D3	4
692	#FFFFFF	#D3D3D3	133
693	#FFFFFF	#D3D3D3	4
694	#FFFFFF	#D3D3D3	4
695	#FFFFFF	#D3D3D3	4
696	#FFFFFF	#D3D3D3	4
697	#FFFFFF	#D3D3D3	178
698	#FFFFFF	#D3D3D3	278
699	#FFFFFF	#D3D3D3	278
703	#FFFFFF	#D3D3D3	133
704	#FFFFFF	#D3D3D3	10
705	#FFFFFF	#D3D3D3	10
706	#FFFFFF	#D3D3D3	10
707	#FFFFFF	#D3D3D3	10
709	#FFFFFF	#D3D3D3	133
710	#FFFFFF	#D3D3D3	133
711	#FFFFFF	#D3D3D3	10
712	#FFFFFF	#D3D3D3	133
713	#FFFFFF	#D3D3D3	133
714	#FFFFFF	#D3D3D3	133
715	#FFFFFF	#D3D3D3	207
716	#FFFFFF	#D3D3D3	207
717	#FFFFFF	#D3D3D3	207
718	#FFFFFF	#D3D3D3	207
719	#FFFFFF	#D3D3D3	207
720	#FFFFFF	#D3D3D3	133
721	#FFFFFF	#D3D3D3	133
722	#FFFFFF	#D3D3D3	133
723	#FFFFFF	#D3D3D3	2
724	#FFFFFF	#D3D3D3	103
725	#FFFFFF	#D3D3D3	103
726	#FFFFFF	#D3D3D3	103
727	#FFFFFF	#D3D3D3	2
728	#FFFFFF	#D3D3D3	2
729	#FFFFFF	#D3D3D3	103
730	#FFFFFF	#D3D3D3	103
731	#FFFFFF	#D3D3D3	2
732	#FFFFFF	#D3D3D3	133
733	#FFFFFF	#D3D3D3	2
734	#FFFFFF	#D3D3D3	2
735	#FFFFFF	#D3D3D3	2
736	#FFFFFF	#D3D3D3	4
737	#FFFFFF	#D3D3D3	4
738	#FFFFFF	#D3D3D3	4
739	#FFFFFF	#D3D3D3	4
740	#FFFFFF	#D3D3D3	4
741	#FFFFFF	#D3D3D3	4
742	#FFFFFF	#D3D3D3	4
743	#FFFFFF	#D3D3D3	10
744	#FFFFFF	#D3D3D3	4
745	#FFFFFF	#D3D3D3	4
746	#FFFFFF	#D3D3D3	4
747	#FFFFFF	#D3D3D3	178
748	#FFFFFF	#D3D3D3	60
749	#FFFFFF	#D3D3D3	278
753	#FFFFFF	#D3D3D3	10
754	#FFFFFF	#D3D3D3	10
755	#FFFFFF	#D3D3D3	10
756	#FFFFFF	#D3D3D3	10
757	#FFFFFF	#D3D3D3	10
759	#FFFFFF	#D3D3D3	133
760	#FFFFFF	#D3D3D3	133
761	#FFFFFF	#D3D3D3	10
762	#FFFFFF	#D3D3D3	133
763	#FFFFFF	#D3D3D3	133
764	#FFFFFF	#D3D3D3	133
765	#FFFFFF	#D3D3D3	207
766	#FFFFFF	#D3D3D3	207
767	#FFFFFF	#D3D3D3	207
768	#FFFFFF	#D3D3D3	207
769	#FFFFFF	#D3D3D3	133
770	#FFFFFF	#D3D3D3	133
771	#FFFFFF	#D3D3D3	133
772	#FFFFFF	#D3D3D3	133
773	#FFFFFF	#D3D3D3	2
774	#FFFFFF	#D3D3D3	2
775	#FFFFFF	#D3D3D3	2
776	#FFFFFF	#D3D3D3	103
777	#FFFFFF	#D3D3D3	103
778	#FFFFFF	#D3D3D3	2
779	#FFFFFF	#D3D3D3	2
780	#FFFFFF	#D3D3D3	2
781	#FFFFFF	#D3D3D3	2
782	#FFFFFF	#D3D3D3	133
783	#FFFFFF	#D3D3D3	2
784	#FFFFFF	#D3D3D3	2
785	#FFFFFF	#D3D3D3	2
786	#FFFFFF	#D3D3D3	2
787	#FFFFFF	#D3D3D3	4
788	#FFFFFF	#D3D3D3	4
789	#FFFFFF	#D3D3D3	4
790	#FFFFFF	#D3D3D3	4
791	#FFFFFF	#D3D3D3	4
792	#FFFFFF	#D3D3D3	4
793	#FFFFFF	#D3D3D3	133
794	#FFFFFF	#D3D3D3	4
795	#FFFFFF	#D3D3D3	4
796	#FFFFFF	#D3D3D3	4
797	#FFFFFF	#D3D3D3	60
798	#FFFFFF	#D3D3D3	60
799	#FFFFFF	#D3D3D3	278
804	#FFFFFF	#D3D3D3	10
805	#FFFFFF	#D3D3D3	10
806	#FFFFFF	#D3D3D3	10
807	#FFFFFF	#D3D3D3	10
808	#FFFFFF	#D3D3D3	10
810	#FFFFFF	#D3D3D3	133
811	#FFFFFF	#D3D3D3	133
812	#FFFFFF	#D3D3D3	10
813	#FFFFFF	#D3D3D3	133
814	#FFFFFF	#D3D3D3	10
815	#FFFFFF	#D3D3D3	133
816	#FFFFFF	#D3D3D3	207
817	#FFFFFF	#D3D3D3	207
818	#FFFFFF	#D3D3D3	207
819	#FFFFFF	#D3D3D3	133
820	#FFFFFF	#D3D3D3	133
821	#FFFFFF	#D3D3D3	133
822	#FFFFFF	#D3D3D3	133
823	#FFFFFF	#D3D3D3	2
824	#FFFFFF	#D3D3D3	2
825	#FFFFFF	#D3D3D3	2
826	#FFFFFF	#D3D3D3	2
827	#FFFFFF	#D3D3D3	103
828	#FFFFFF	#D3D3D3	2
829	#FFFFFF	#D3D3D3	2
830	#FFFFFF	#D3D3D3	2
831	#FFFFFF	#D3D3D3	2
832	#FFFFFF	#D3D3D3	2
833	#FFFFFF	#D3D3D3	133
834	#FFFFFF	#D3D3D3	2
835	#FFFFFF	#D3D3D3	2
836	#FFFFFF	#D3D3D3	4
837	#FFFFFF	#D3D3D3	4
838	#FFFFFF	#D3D3D3	2
839	#FFFFFF	#D3D3D3	4
840	#FFFFFF	#D3D3D3	4
841	#FFFFFF	#D3D3D3	4
842	#FFFFFF	#D3D3D3	4
843	#FFFFFF	#D3D3D3	4
844	#FFFFFF	#D3D3D3	133
845	#FFFFFF	#D3D3D3	60
846	#FFFFFF	#D3D3D3	4
847	#FFFFFF	#D3D3D3	60
848	#FFFFFF	#D3D3D3	60
849	#FFFFFF	#D3D3D3	272
854	#FFFFFF	#D3D3D3	10
855	#FFFFFF	#D3D3D3	10
856	#FFFFFF	#D3D3D3	10
857	#FFFFFF	#D3D3D3	10
858	#FFFFFF	#D3D3D3	10
860	#FFFFFF	#D3D3D3	133
861	#FFFFFF	#D3D3D3	133
862	#FFFFFF	#D3D3D3	10
863	#FFFFFF	#D3D3D3	10
864	#FFFFFF	#D3D3D3	10
865	#FFFFFF	#D3D3D3	133
866	#FFFFFF	#D3D3D3	207
867	#FFFFFF	#D3D3D3	133
868	#FFFFFF	#D3D3D3	207
869	#FFFFFF	#D3D3D3	133
870	#FFFFFF	#D3D3D3	207
871	#FFFFFF	#D3D3D3	207
872	#FFFFFF	#D3D3D3	133
873	#FFFFFF	#D3D3D3	133
874	#FFFFFF	#D3D3D3	133
875	#FFFFFF	#D3D3D3	133
876	#FFFFFF	#D3D3D3	2
877	#FFFFFF	#D3D3D3	103
878	#FFFFFF	#D3D3D3	103
879	#FFFFFF	#D3D3D3	2
880	#FFFFFF	#D3D3D3	2
881	#FFFFFF	#D3D3D3	2
882	#FFFFFF	#D3D3D3	2
883	#FFFFFF	#D3D3D3	133
884	#FFFFFF	#D3D3D3	2
885	#FFFFFF	#D3D3D3	2
886	#FFFFFF	#D3D3D3	4
887	#FFFFFF	#D3D3D3	4
888	#FFFFFF	#D3D3D3	2
889	#FFFFFF	#D3D3D3	4
890	#FFFFFF	#D3D3D3	4
891	#FFFFFF	#D3D3D3	4
892	#FFFFFF	#D3D3D3	4
893	#FFFFFF	#D3D3D3	4
894	#FFFFFF	#D3D3D3	133
895	#FFFFFF	#D3D3D3	60
896	#FFFFFF	#D3D3D3	60
897	#FFFFFF	#D3D3D3	60
898	#FFFFFF	#D3D3D3	60
899	#FFFFFF	#D3D3D3	60
904	#FFFFFF	#D3D3D3	278
905	#FFFFFF	#D3D3D3	10
906	#FFFFFF	#D3D3D3	10
907	#FFFFFF	#D3D3D3	10
908	#FFFFFF	#D3D3D3	10
909	#FFFFFF	#D3D3D3	10
911	#FFFFFF	#D3D3D3	133
912	#FFFFFF	#D3D3D3	133
913	#FFFFFF	#D3D3D3	10
914	#FFFFFF	#D3D3D3	10
915	#FFFFFF	#D3D3D3	133
916	#FFFFFF	#D3D3D3	207
917	#FFFFFF	#D3D3D3	133
918	#FFFFFF	#D3D3D3	133
919	#FFFFFF	#D3D3D3	207
920	#FFFFFF	#D3D3D3	207
921	#FFFFFF	#D3D3D3	207
922	#FFFFFF	#D3D3D3	207
923	#FFFFFF	#D3D3D3	10
924	#FFFFFF	#D3D3D3	133
925	#FFFFFF	#D3D3D3	133
926	#FFFFFF	#D3D3D3	2
927	#FFFFFF	#D3D3D3	2
928	#FFFFFF	#D3D3D3	103
929	#FFFFFF	#D3D3D3	2
930	#FFFFFF	#D3D3D3	2
931	#FFFFFF	#D3D3D3	2
932	#FFFFFF	#D3D3D3	2
933	#FFFFFF	#D3D3D3	2
934	#FFFFFF	#D3D3D3	133
935	#FFFFFF	#D3D3D3	2
936	#FFFFFF	#D3D3D3	4
937	#FFFFFF	#D3D3D3	2
938	#FFFFFF	#D3D3D3	2
939	#FFFFFF	#D3D3D3	2
940	#FFFFFF	#D3D3D3	4
941	#FFFFFF	#D3D3D3	4
942	#FFFFFF	#D3D3D3	4
943	#FFFFFF	#D3D3D3	4
944	#FFFFFF	#D3D3D3	4
945	#FFFFFF	#D3D3D3	133
946	#FFFFFF	#D3D3D3	60
947	#FFFFFF	#D3D3D3	60
948	#FFFFFF	#D3D3D3	60
949	#FFFFFF	#D3D3D3	60
950	#FFFFFF	#D3D3D3	332
954	#FFFFFF	#D3D3D3	278
955	#FFFFFF	#D3D3D3	10
956	#FFFFFF	#D3D3D3	10
957	#FFFFFF	#D3D3D3	10
958	#FFFFFF	#D3D3D3	10
959	#FFFFFF	#D3D3D3	10
961	#FFFFFF	#D3D3D3	133
962	#FFFFFF	#D3D3D3	133
963	#FFFFFF	#D3D3D3	10
964	#FFFFFF	#D3D3D3	133
965	#FFFFFF	#D3D3D3	133
966	#FFFFFF	#D3D3D3	133
967	#FFFFFF	#D3D3D3	207
968	#FFFFFF	#D3D3D3	133
969	#FFFFFF	#D3D3D3	133
970	#FFFFFF	#D3D3D3	207
971	#FFFFFF	#D3D3D3	207
972	#FFFFFF	#D3D3D3	207
973	#FFFFFF	#D3D3D3	133
974	#FFFFFF	#D3D3D3	133
975	#FFFFFF	#D3D3D3	133
976	#FFFFFF	#D3D3D3	2
977	#FFFFFF	#D3D3D3	2
978	#FFFFFF	#D3D3D3	2
979	#FFFFFF	#D3D3D3	2
980	#FFFFFF	#D3D3D3	2
981	#FFFFFF	#D3D3D3	2
982	#FFFFFF	#D3D3D3	2
983	#FFFFFF	#D3D3D3	2
984	#FFFFFF	#D3D3D3	10
985	#FFFFFF	#D3D3D3	4
986	#FFFFFF	#D3D3D3	4
987	#FFFFFF	#D3D3D3	2
988	#FFFFFF	#D3D3D3	2
989	#FFFFFF	#D3D3D3	4
990	#FFFFFF	#D3D3D3	4
991	#FFFFFF	#D3D3D3	4
992	#FFFFFF	#D3D3D3	4
993	#FFFFFF	#D3D3D3	4
994	#FFFFFF	#D3D3D3	4
995	#FFFFFF	#D3D3D3	133
996	#FFFFFF	#D3D3D3	60
997	#FFFFFF	#D3D3D3	4
998	#FFFFFF	#D3D3D3	60
999	#FFFFFF	#D3D3D3	4
1004	#FFFFFF	#D3D3D3	278
1005	#FFFFFF	#D3D3D3	278
1006	#FFFFFF	#D3D3D3	133
1007	#FFFFFF	#D3D3D3	10
1008	#FFFFFF	#D3D3D3	10
1009	#FFFFFF	#D3D3D3	10
1010	#FFFFFF	#D3D3D3	10
1012	#FFFFFF	#D3D3D3	133
1013	#FFFFFF	#D3D3D3	133
1014	#FFFFFF	#D3D3D3	10
1015	#FFFFFF	#D3D3D3	133
1016	#FFFFFF	#D3D3D3	133
1017	#FFFFFF	#D3D3D3	207
1018	#FFFFFF	#D3D3D3	207
1019	#FFFFFF	#D3D3D3	133
1020	#FFFFFF	#D3D3D3	207
1021	#FFFFFF	#D3D3D3	207
1022	#FFFFFF	#D3D3D3	207
1023	#FFFFFF	#D3D3D3	133
1024	#FFFFFF	#D3D3D3	133
1025	#FFFFFF	#D3D3D3	133
1026	#FFFFFF	#D3D3D3	2
1027	#FFFFFF	#D3D3D3	2
1028	#FFFFFF	#D3D3D3	2
1029	#FFFFFF	#D3D3D3	2
1030	#FFFFFF	#D3D3D3	2
1031	#FFFFFF	#D3D3D3	2
1032	#FFFFFF	#D3D3D3	2
1033	#FFFFFF	#D3D3D3	2
1034	#FFFFFF	#D3D3D3	4
1035	#FFFFFF	#D3D3D3	10
1036	#FFFFFF	#D3D3D3	4
1037	#FFFFFF	#D3D3D3	4
1038	#FFFFFF	#D3D3D3	2
1039	#FFFFFF	#D3D3D3	4
1040	#FFFFFF	#D3D3D3	4
1041	#FFFFFF	#D3D3D3	4
1042	#FFFFFF	#D3D3D3	4
1043	#FFFFFF	#D3D3D3	2
1044	#FFFFFF	#D3D3D3	2
1045	#FFFFFF	#D3D3D3	4
1046	#FFFFFF	#D3D3D3	10
1047	#FFFFFF	#D3D3D3	4
1048	#FFFFFF	#D3D3D3	60
1049	#FFFFFF	#D3D3D3	4
1052	#FFFFFF	#D3D3D3	364
1054	#FFFFFF	#D3D3D3	4
1055	#FFFFFF	#D3D3D3	4
1056	#FFFFFF	#D3D3D3	133
1057	#FFFFFF	#D3D3D3	10
1058	#FFFFFF	#D3D3D3	10
1059	#FFFFFF	#D3D3D3	10
1060	#FFFFFF	#D3D3D3	10
1062	#FFFFFF	#D3D3D3	133
1063	#FFFFFF	#D3D3D3	10
1064	#FFFFFF	#D3D3D3	10
1065	#FFFFFF	#D3D3D3	133
1066	#FFFFFF	#D3D3D3	133
1067	#FFFFFF	#D3D3D3	207
1068	#FFFFFF	#D3D3D3	133
1069	#FFFFFF	#D3D3D3	133
1070	#FFFFFF	#D3D3D3	133
1071	#FFFFFF	#D3D3D3	207
1072	#FFFFFF	#D3D3D3	133
1073	#FFFFFF	#D3D3D3	133
1074	#FFFFFF	#D3D3D3	133
1075	#FFFFFF	#D3D3D3	133
1076	#FFFFFF	#D3D3D3	2
1077	#FFFFFF	#D3D3D3	2
1078	#FFFFFF	#D3D3D3	2
1079	#FFFFFF	#D3D3D3	2
1080	#FFFFFF	#D3D3D3	2
1081	#FFFFFF	#D3D3D3	2
1082	#FFFFFF	#D3D3D3	2
1083	#FFFFFF	#D3D3D3	2
1084	#FFFFFF	#D3D3D3	2
1085	#FFFFFF	#D3D3D3	133
1086	#FFFFFF	#D3D3D3	2
1087	#FFFFFF	#D3D3D3	2
1088	#FFFFFF	#D3D3D3	2
1089	#FFFFFF	#D3D3D3	2
1090	#FFFFFF	#D3D3D3	2
1091	#FFFFFF	#D3D3D3	4
1092	#FFFFFF	#D3D3D3	4
1093	#FFFFFF	#D3D3D3	2
1094	#FFFFFF	#D3D3D3	2
1095	#FFFFFF	#D3D3D3	201
1096	#FFFFFF	#D3D3D3	10
1097	#FFFFFF	#D3D3D3	4
1098	#FFFFFF	#D3D3D3	60
1099	#FFFFFF	#D3D3D3	60
1104	#FFFFFF	#D3D3D3	4
1105	#FFFFFF	#D3D3D3	4
1106	#FFFFFF	#D3D3D3	4
1107	#FFFFFF	#D3D3D3	133
1108	#FFFFFF	#D3D3D3	10
1109	#FFFFFF	#D3D3D3	10
1110	#FFFFFF	#D3D3D3	10
1111	#FFFFFF	#D3D3D3	10
1113	#FFFFFF	#D3D3D3	10
1114	#FFFFFF	#D3D3D3	10
1115	#FFFFFF	#D3D3D3	10
1116	#FFFFFF	#D3D3D3	133
1117	#FFFFFF	#D3D3D3	133
1118	#FFFFFF	#D3D3D3	133
1119	#FFFFFF	#D3D3D3	133
1120	#FFFFFF	#D3D3D3	133
1121	#FFFFFF	#D3D3D3	133
1122	#FFFFFF	#D3D3D3	133
1123	#FFFFFF	#D3D3D3	133
1124	#FFFFFF	#D3D3D3	133
1125	#FFFFFF	#D3D3D3	133
1126	#FFFFFF	#D3D3D3	133
1127	#FFFFFF	#D3D3D3	2
1128	#FFFFFF	#D3D3D3	2
1129	#FFFFFF	#D3D3D3	2
1130	#FFFFFF	#D3D3D3	2
1131	#FFFFFF	#D3D3D3	2
1132	#FFFFFF	#D3D3D3	2
1133	#FFFFFF	#D3D3D3	2
1134	#FFFFFF	#D3D3D3	2
1135	#FFFFFF	#D3D3D3	2
1136	#FFFFFF	#D3D3D3	10
1137	#FFFFFF	#D3D3D3	2
1138	#FFFFFF	#D3D3D3	2
1139	#FFFFFF	#D3D3D3	2
1140	#FFFFFF	#D3D3D3	2
1141	#FFFFFF	#D3D3D3	4
1142	#FFFFFF	#D3D3D3	4
1143	#FFFFFF	#D3D3D3	2
1144	#FFFFFF	#D3D3D3	2
1145	#FFFFFF	#D3D3D3	201
1146	#FFFFFF	#D3D3D3	201
1147	#FFFFFF	#D3D3D3	10
1148	#FFFFFF	#D3D3D3	391
1149	#FFFFFF	#D3D3D3	60
1150	#FFFFFF	#D3D3D3	249
1154	#FFFFFF	#D3D3D3	4
1155	#FFFFFF	#D3D3D3	4
1156	#FFFFFF	#D3D3D3	4
1157	#FFFFFF	#D3D3D3	10
1158	#FFFFFF	#D3D3D3	10
1159	#FFFFFF	#D3D3D3	10
1160	#FFFFFF	#D3D3D3	10
1161	#FFFFFF	#D3D3D3	10
1163	#FFFFFF	#D3D3D3	133
1164	#FFFFFF	#D3D3D3	133
1165	#FFFFFF	#D3D3D3	133
1166	#FFFFFF	#D3D3D3	133
1167	#FFFFFF	#D3D3D3	133
1168	#FFFFFF	#D3D3D3	133
1169	#FFFFFF	#D3D3D3	2
1170	#FFFFFF	#D3D3D3	2
1171	#FFFFFF	#D3D3D3	2
1172	#FFFFFF	#D3D3D3	2
1173	#FFFFFF	#D3D3D3	133
1174	#FFFFFF	#D3D3D3	133
1175	#FFFFFF	#D3D3D3	133
1176	#FFFFFF	#D3D3D3	2
1177	#FFFFFF	#D3D3D3	2
1178	#FFFFFF	#D3D3D3	2
1179	#FFFFFF	#D3D3D3	2
1180	#FFFFFF	#D3D3D3	2
1181	#FFFFFF	#D3D3D3	2
1182	#FFFFFF	#D3D3D3	2
1183	#FFFFFF	#D3D3D3	2
1184	#FFFFFF	#D3D3D3	2
1185	#FFFFFF	#D3D3D3	2
1186	#FFFFFF	#D3D3D3	133
1187	#FFFFFF	#D3D3D3	4
1188	#FFFFFF	#D3D3D3	4
1189	#FFFFFF	#D3D3D3	84
1190	#FFFFFF	#D3D3D3	84
1191	#FFFFFF	#D3D3D3	84
1192	#FFFFFF	#D3D3D3	84
1193	#FFFFFF	#D3D3D3	84
1194	#FFFFFF	#D3D3D3	84
1195	#FFFFFF	#D3D3D3	84
1196	#FFFFFF	#D3D3D3	84
1197	#FFFFFF	#D3D3D3	133
1198	#FFFFFF	#D3D3D3	84
1199	#FFFFFF	#D3D3D3	84
1200	#FFFFFF	#D3D3D3	84
1201	#FFFFFF	#D3D3D3	84
1202	#FFFFFF	#D3D3D3	154
1203	#FFFFFF	#D3D3D3	84
1204	#FFFFFF	#D3D3D3	84
1205	#FFFFFF	#D3D3D3	84
1206	#FFFFFF	#D3D3D3	154
1207	#FFFFFF	#D3D3D3	154
1208	#FFFFFF	#D3D3D3	133
1209	#FFFFFF	#D3D3D3	133
1210	#FFFFFF	#D3D3D3	133
1211	#FFFFFF	#D3D3D3	133
1212	#FFFFFF	#D3D3D3	133
1214	#FFFFFF	#D3D3D3	133
1215	#FFFFFF	#D3D3D3	133
1216	#FFFFFF	#D3D3D3	133
1217	#FFFFFF	#D3D3D3	133
1218	#FFFFFF	#D3D3D3	133
1219	#FFFFFF	#D3D3D3	2
1220	#FFFFFF	#D3D3D3	2
1221	#FFFFFF	#D3D3D3	2
1222	#FFFFFF	#D3D3D3	2
1223	#FFFFFF	#D3D3D3	2
1224	#FFFFFF	#D3D3D3	133
1225	#FFFFFF	#D3D3D3	133
1226	#FFFFFF	#D3D3D3	133
1227	#FFFFFF	#D3D3D3	133
1228	#FFFFFF	#D3D3D3	2
1229	#FFFFFF	#D3D3D3	2
1230	#FFFFFF	#D3D3D3	2
1231	#FFFFFF	#D3D3D3	2
1232	#FFFFFF	#D3D3D3	2
1233	#FFFFFF	#D3D3D3	2
1234	#FFFFFF	#D3D3D3	2
1235	#FFFFFF	#D3D3D3	2
1236	#FFFFFF	#D3D3D3	2
1237	#FFFFFF	#D3D3D3	133
1238	#FFFFFF	#D3D3D3	4
1239	#FFFFFF	#D3D3D3	84
1240	#FFFFFF	#D3D3D3	84
1241	#FFFFFF	#D3D3D3	84
1242	#FFFFFF	#D3D3D3	84
1243	#FFFFFF	#D3D3D3	84
1244	#FFFFFF	#D3D3D3	84
1245	#FFFFFF	#D3D3D3	84
1246	#FFFFFF	#D3D3D3	84
1247	#FFFFFF	#D3D3D3	84
1248	#FFFFFF	#D3D3D3	133
1249	#FFFFFF	#D3D3D3	84
1250	#FFFFFF	#D3D3D3	84
1251	#FFFFFF	#D3D3D3	84
1252	#FFFFFF	#D3D3D3	84
1253	#FFFFFF	#D3D3D3	154
1254	#FFFFFF	#D3D3D3	154
1255	#FFFFFF	#D3D3D3	154
1256	#FFFFFF	#D3D3D3	154
1257	#FFFFFF	#D3D3D3	154
1258	#FFFFFF	#D3D3D3	133
1259	#FFFFFF	#D3D3D3	133
1260	#FFFFFF	#D3D3D3	133
1261	#FFFFFF	#D3D3D3	133
1262	#FFFFFF	#D3D3D3	133
1264	#FFFFFF	#D3D3D3	31
1265	#FFFFFF	#D3D3D3	10
1266	#FFFFFF	#D3D3D3	10
1267	#FFFFFF	#D3D3D3	133
1268	#FFFFFF	#D3D3D3	133
1269	#FFFFFF	#D3D3D3	133
1270	#FFFFFF	#D3D3D3	133
1271	#FFFFFF	#D3D3D3	133
1272	#FFFFFF	#D3D3D3	133
1273	#FFFFFF	#D3D3D3	133
1274	#FFFFFF	#D3D3D3	133
1275	#FFFFFF	#D3D3D3	133
1276	#FFFFFF	#D3D3D3	10
1277	#FFFFFF	#D3D3D3	133
1278	#FFFFFF	#D3D3D3	133
1279	#FFFFFF	#D3D3D3	2
1280	#FFFFFF	#D3D3D3	2
1281	#FFFFFF	#D3D3D3	2
1282	#FFFFFF	#D3D3D3	2
1283	#FFFFFF	#D3D3D3	2
1284	#FFFFFF	#D3D3D3	2
1285	#FFFFFF	#D3D3D3	2
1286	#FFFFFF	#D3D3D3	2
1287	#FFFFFF	#D3D3D3	10
1288	#FFFFFF	#D3D3D3	2
1289	#FFFFFF	#D3D3D3	2
1290	#FFFFFF	#D3D3D3	2
1291	#FFFFFF	#D3D3D3	2
1292	#FFFFFF	#D3D3D3	2
1293	#FFFFFF	#D3D3D3	4
1294	#FFFFFF	#D3D3D3	2
1295	#FFFFFF	#D3D3D3	2
1296	#FFFFFF	#D3D3D3	246
1297	#FFFFFF	#D3D3D3	2
1298	#FFFFFF	#D3D3D3	10
1299	#FFFFFF	#D3D3D3	391
1300	#FFFFFF	#D3D3D3	391
1305	#FFFFFF	#D3D3D3	4
1306	#FFFFFF	#D3D3D3	4
1307	#FFFFFF	#D3D3D3	4
1308	#FFFFFF	#D3D3D3	4
1309	#FFFFFF	#D3D3D3	10
1310	#FFFFFF	#D3D3D3	10
1311	#FFFFFF	#D3D3D3	10
1312	#FFFFFF	#D3D3D3	10
1313	#FFFFFF	#D3D3D3	10
1315	#FFFFFF	#D3D3D3	31
1316	#FFFFFF	#D3D3D3	10
1317	#FFFFFF	#D3D3D3	133
1318	#FFFFFF	#D3D3D3	133
1319	#FFFFFF	#D3D3D3	133
1320	#FFFFFF	#D3D3D3	133
1321	#FFFFFF	#D3D3D3	133
1322	#FFFFFF	#D3D3D3	133
1323	#FFFFFF	#D3D3D3	133
1324	#FFFFFF	#D3D3D3	133
1325	#FFFFFF	#D3D3D3	133
1326	#FFFFFF	#D3D3D3	133
1327	#FFFFFF	#D3D3D3	10
1328	#FFFFFF	#D3D3D3	133
1329	#FFFFFF	#D3D3D3	133
1330	#FFFFFF	#D3D3D3	2
1331	#FFFFFF	#D3D3D3	2
1332	#FFFFFF	#D3D3D3	2
1333	#FFFFFF	#D3D3D3	2
1334	#FFFFFF	#D3D3D3	2
1335	#FFFFFF	#D3D3D3	2
1336	#FFFFFF	#D3D3D3	2
1337	#FFFFFF	#D3D3D3	2
1338	#FFFFFF	#D3D3D3	10
1339	#FFFFFF	#D3D3D3	2
1340	#FFFFFF	#D3D3D3	2
1341	#FFFFFF	#D3D3D3	2
1342	#FFFFFF	#D3D3D3	2
1343	#FFFFFF	#D3D3D3	2
1344	#FFFFFF	#D3D3D3	2
1345	#FFFFFF	#D3D3D3	2
1346	#FFFFFF	#D3D3D3	2
1347	#FFFFFF	#D3D3D3	333
1348	#FFFFFF	#D3D3D3	2
1349	#FFFFFF	#D3D3D3	10
1350	#FFFFFF	#D3D3D3	432
1355	#FFFFFF	#D3D3D3	4
1356	#FFFFFF	#D3D3D3	4
1357	#FFFFFF	#D3D3D3	4
1358	#FFFFFF	#D3D3D3	48
1359	#FFFFFF	#D3D3D3	10
1360	#FFFFFF	#D3D3D3	10
1361	#FFFFFF	#D3D3D3	10
1362	#FFFFFF	#D3D3D3	10
1363	#FFFFFF	#D3D3D3	10
1365	#FFFFFF	#D3D3D3	31
1366	#FFFFFF	#D3D3D3	10
1367	#FFFFFF	#D3D3D3	133
1368	#FFFFFF	#D3D3D3	133
1369	#FFFFFF	#D3D3D3	133
1370	#FFFFFF	#D3D3D3	133
1371	#FFFFFF	#D3D3D3	133
1372	#FFFFFF	#D3D3D3	133
1373	#FFFFFF	#D3D3D3	133
1374	#FFFFFF	#D3D3D3	133
1375	#FFFFFF	#D3D3D3	133
1376	#FFFFFF	#D3D3D3	133
1377	#FFFFFF	#D3D3D3	10
1378	#FFFFFF	#D3D3D3	133
1379	#FFFFFF	#D3D3D3	133
1380	#FFFFFF	#D3D3D3	133
1381	#FFFFFF	#D3D3D3	133
1382	#FFFFFF	#D3D3D3	2
1383	#FFFFFF	#D3D3D3	2
1384	#FFFFFF	#D3D3D3	2
1385	#FFFFFF	#D3D3D3	2
1386	#FFFFFF	#D3D3D3	2
1387	#FFFFFF	#D3D3D3	2
1388	#FFFFFF	#D3D3D3	10
1389	#FFFFFF	#D3D3D3	2
1390	#FFFFFF	#D3D3D3	2
1391	#FFFFFF	#D3D3D3	2
1392	#FFFFFF	#D3D3D3	2
1393	#FFFFFF	#D3D3D3	2
1394	#FFFFFF	#D3D3D3	2
1395	#FFFFFF	#D3D3D3	2
1396	#FFFFFF	#D3D3D3	2
1397	#FFFFFF	#D3D3D3	2
1398	#FFFFFF	#D3D3D3	2
1399	#FFFFFF	#D3D3D3	10
1400	#FFFFFF	#D3D3D3	48
1405	#FFFFFF	#D3D3D3	4
1406	#FFFFFF	#D3D3D3	4
1407	#FFFFFF	#D3D3D3	4
1408	#FFFFFF	#D3D3D3	4
1409	#FFFFFF	#D3D3D3	48
1410	#FFFFFF	#D3D3D3	10
1411	#FFFFFF	#D3D3D3	10
1412	#FFFFFF	#D3D3D3	10
1413	#FFFFFF	#D3D3D3	10
1414	#FFFFFF	#D3D3D3	10
1416	#FFFFFF	#D3D3D3	31
1417	#FFFFFF	#D3D3D3	31
1418	#FFFFFF	#D3D3D3	133
1419	#FFFFFF	#D3D3D3	133
1420	#FFFFFF	#D3D3D3	133
1421	#FFFFFF	#D3D3D3	133
1422	#FFFFFF	#D3D3D3	133
1423	#FFFFFF	#D3D3D3	133
1424	#FFFFFF	#D3D3D3	133
1425	#FFFFFF	#D3D3D3	133
1426	#FFFFFF	#D3D3D3	133
1427	#FFFFFF	#D3D3D3	133
1428	#FFFFFF	#D3D3D3	31
1429	#FFFFFF	#D3D3D3	133
1430	#FFFFFF	#D3D3D3	133
1431	#FFFFFF	#D3D3D3	133
1432	#FFFFFF	#D3D3D3	2
1433	#FFFFFF	#D3D3D3	2
1434	#FFFFFF	#D3D3D3	2
1435	#FFFFFF	#D3D3D3	2
1436	#FFFFFF	#D3D3D3	2
1437	#FFFFFF	#D3D3D3	2
1438	#FFFFFF	#D3D3D3	2
1439	#FFFFFF	#D3D3D3	31
1440	#FFFFFF	#D3D3D3	2
1441	#FFFFFF	#D3D3D3	2
1442	#FFFFFF	#D3D3D3	2
1443	#FFFFFF	#D3D3D3	2
1444	#FFFFFF	#D3D3D3	2
1445	#FFFFFF	#D3D3D3	2
1446	#FFFFFF	#D3D3D3	2
1447	#FFFFFF	#D3D3D3	2
1448	#FFFFFF	#D3D3D3	2
1449	#FFFFFF	#D3D3D3	2
1450	#FFFFFF	#D3D3D3	31
1455	#FFFFFF	#D3D3D3	4
1456	#FFFFFF	#D3D3D3	4
1457	#FFFFFF	#D3D3D3	4
1458	#FFFFFF	#D3D3D3	4
1459	#FFFFFF	#D3D3D3	48
1460	#FFFFFF	#D3D3D3	31
1461	#FFFFFF	#D3D3D3	10
1462	#FFFFFF	#D3D3D3	10
1463	#FFFFFF	#D3D3D3	10
1464	#FFFFFF	#D3D3D3	133
1466	#FFFFFF	#D3D3D3	31
1467	#FFFFFF	#D3D3D3	31
1468	#FFFFFF	#D3D3D3	133
1469	#FFFFFF	#D3D3D3	133
1470	#FFFFFF	#D3D3D3	133
1471	#FFFFFF	#D3D3D3	133
1472	#FFFFFF	#D3D3D3	133
1473	#FFFFFF	#D3D3D3	133
1474	#FFFFFF	#D3D3D3	133
1475	#FFFFFF	#D3D3D3	133
1476	#FFFFFF	#D3D3D3	133
1477	#FFFFFF	#D3D3D3	133
1478	#FFFFFF	#D3D3D3	31
1479	#FFFFFF	#D3D3D3	133
1480	#FFFFFF	#D3D3D3	133
1481	#FFFFFF	#D3D3D3	133
1482	#FFFFFF	#D3D3D3	133
1483	#FFFFFF	#D3D3D3	2
1484	#FFFFFF	#D3D3D3	2
1485	#FFFFFF	#D3D3D3	2
1486	#FFFFFF	#D3D3D3	2
1487	#FFFFFF	#D3D3D3	2
1488	#FFFFFF	#D3D3D3	2
1489	#FFFFFF	#D3D3D3	31
1490	#FFFFFF	#D3D3D3	2
1491	#FFFFFF	#D3D3D3	2
1492	#FFFFFF	#D3D3D3	2
1493	#FFFFFF	#D3D3D3	2
1494	#FFFFFF	#D3D3D3	2
1495	#FFFFFF	#D3D3D3	2
1496	#FFFFFF	#D3D3D3	2
1497	#FFFFFF	#D3D3D3	2
1498	#FFFFFF	#D3D3D3	2
1499	#FFFFFF	#D3D3D3	2
1500	#FFFFFF	#D3D3D3	31
1505	#FFFFFF	#D3D3D3	60
1506	#FFFFFF	#D3D3D3	4
1507	#FFFFFF	#D3D3D3	4
1508	#FFFFFF	#D3D3D3	4
1509	#FFFFFF	#D3D3D3	4
1510	#FFFFFF	#D3D3D3	48
1511	#FFFFFF	#D3D3D3	31
1512	#FFFFFF	#D3D3D3	10
1513	#FFFFFF	#D3D3D3	10
1514	#FFFFFF	#D3D3D3	10
1515	#FFFFFF	#D3D3D3	10
1517	#FFFFFF	#D3D3D3	31
1518	#FFFFFF	#D3D3D3	31
1519	#FFFFFF	#D3D3D3	133
1520	#FFFFFF	#D3D3D3	133
1521	#FFFFFF	#D3D3D3	133
1522	#FFFFFF	#D3D3D3	133
1523	#FFFFFF	#D3D3D3	133
1524	#FFFFFF	#D3D3D3	133
1525	#FFFFFF	#D3D3D3	133
1526	#FFFFFF	#D3D3D3	133
1527	#FFFFFF	#D3D3D3	133
1528	#FFFFFF	#D3D3D3	133
1529	#FFFFFF	#D3D3D3	31
1530	#FFFFFF	#D3D3D3	133
1531	#FFFFFF	#D3D3D3	133
1532	#FFFFFF	#D3D3D3	133
1533	#FFFFFF	#D3D3D3	133
1534	#FFFFFF	#D3D3D3	2
1535	#FFFFFF	#D3D3D3	2
1536	#FFFFFF	#D3D3D3	2
1537	#FFFFFF	#D3D3D3	2
1538	#FFFFFF	#D3D3D3	2
1539	#FFFFFF	#D3D3D3	2
1540	#FFFFFF	#D3D3D3	31
1541	#FFFFFF	#D3D3D3	2
1542	#FFFFFF	#D3D3D3	2
1543	#FFFFFF	#D3D3D3	2
1544	#FFFFFF	#D3D3D3	2
1545	#FFFFFF	#D3D3D3	2
1546	#FFFFFF	#D3D3D3	2
1547	#FFFFFF	#D3D3D3	2
1548	#FFFFFF	#D3D3D3	2
1549	#FFFFFF	#D3D3D3	2
1551	#FFFFFF	#D3D3D3	31
1555	#FFFFFF	#D3D3D3	60
1556	#FFFFFF	#D3D3D3	48
1557	#FFFFFF	#D3D3D3	4
1558	#FFFFFF	#D3D3D3	4
1559	#FFFFFF	#D3D3D3	4
1560	#FFFFFF	#D3D3D3	4
1561	#FFFFFF	#D3D3D3	10
1562	#FFFFFF	#D3D3D3	10
1563	#FFFFFF	#D3D3D3	10
1564	#FFFFFF	#D3D3D3	10
1565	#FFFFFF	#D3D3D3	133
1567	#FFFFFF	#D3D3D3	31
1568	#FFFFFF	#D3D3D3	31
1569	#FFFFFF	#D3D3D3	133
1570	#FFFFFF	#D3D3D3	133
1571	#FFFFFF	#D3D3D3	133
1572	#FFFFFF	#D3D3D3	133
1573	#FFFFFF	#D3D3D3	133
1574	#FFFFFF	#D3D3D3	133
1575	#FFFFFF	#D3D3D3	133
1576	#FFFFFF	#D3D3D3	133
1577	#FFFFFF	#D3D3D3	133
1578	#FFFFFF	#D3D3D3	133
1579	#FFFFFF	#D3D3D3	31
1580	#FFFFFF	#D3D3D3	133
1581	#FFFFFF	#D3D3D3	133
1582	#FFFFFF	#D3D3D3	133
1583	#FFFFFF	#D3D3D3	133
1584	#FFFFFF	#D3D3D3	2
1585	#FFFFFF	#D3D3D3	2
1586	#FFFFFF	#D3D3D3	2
1587	#FFFFFF	#D3D3D3	2
1588	#FFFFFF	#D3D3D3	2
1589	#FFFFFF	#D3D3D3	2
1590	#FFFFFF	#D3D3D3	31
1591	#FFFFFF	#D3D3D3	2
1592	#FFFFFF	#D3D3D3	2
1593	#FFFFFF	#D3D3D3	2
1594	#FFFFFF	#D3D3D3	2
1595	#FFFFFF	#D3D3D3	2
1596	#FFFFFF	#D3D3D3	2
1597	#FFFFFF	#D3D3D3	2
1598	#FFFFFF	#D3D3D3	2
1599	#FFFFFF	#D3D3D3	2
1601	#FFFFFF	#D3D3D3	31
1605	#FFFFFF	#D3D3D3	60
1606	#FFFFFF	#D3D3D3	48
1607	#FFFFFF	#D3D3D3	48
1608	#FFFFFF	#D3D3D3	48
1609	#FFFFFF	#D3D3D3	4
1610	#FFFFFF	#D3D3D3	4
1611	#FFFFFF	#D3D3D3	4
1612	#FFFFFF	#D3D3D3	31
1613	#FFFFFF	#D3D3D3	10
1614	#FFFFFF	#D3D3D3	10
1615	#FFFFFF	#D3D3D3	10
1616	#FFFFFF	#D3D3D3	10
1618	#FFFFFF	#D3D3D3	31
1619	#FFFFFF	#D3D3D3	31
1620	#FFFFFF	#D3D3D3	133
1621	#FFFFFF	#D3D3D3	133
1622	#FFFFFF	#D3D3D3	133
1623	#FFFFFF	#D3D3D3	133
1624	#FFFFFF	#D3D3D3	133
1625	#FFFFFF	#D3D3D3	133
1626	#FFFFFF	#D3D3D3	133
1627	#FFFFFF	#D3D3D3	133
1628	#FFFFFF	#D3D3D3	133
1629	#FFFFFF	#D3D3D3	133
1630	#FFFFFF	#D3D3D3	31
1631	#FFFFFF	#D3D3D3	133
1632	#FFFFFF	#D3D3D3	133
1633	#FFFFFF	#D3D3D3	133
1634	#FFFFFF	#D3D3D3	133
1635	#FFFFFF	#D3D3D3	2
1636	#FFFFFF	#D3D3D3	2
1637	#FFFFFF	#D3D3D3	2
1638	#FFFFFF	#D3D3D3	2
1639	#FFFFFF	#D3D3D3	2
1640	#FFFFFF	#D3D3D3	2
1641	#FFFFFF	#D3D3D3	31
1642	#FFFFFF	#D3D3D3	2
1643	#FFFFFF	#D3D3D3	2
1644	#FFFFFF	#D3D3D3	2
1645	#FFFFFF	#D3D3D3	2
1646	#FFFFFF	#D3D3D3	2
1647	#FFFFFF	#D3D3D3	2
1648	#FFFFFF	#D3D3D3	2
1649	#FFFFFF	#D3D3D3	2
1652	#FFFFFF	#D3D3D3	31
1655	#FFFFFF	#D3D3D3	48
1656	#FFFFFF	#D3D3D3	60
1657	#FFFFFF	#D3D3D3	48
1658	#FFFFFF	#D3D3D3	48
1659	#FFFFFF	#D3D3D3	48
1660	#FFFFFF	#D3D3D3	48
1661	#FFFFFF	#D3D3D3	4
1662	#FFFFFF	#D3D3D3	31
1663	#FFFFFF	#D3D3D3	10
1664	#FFFFFF	#D3D3D3	10
1665	#FFFFFF	#D3D3D3	10
1666	#FFFFFF	#D3D3D3	133
1668	#FFFFFF	#D3D3D3	31
1669	#FFFFFF	#D3D3D3	31
1670	#FFFFFF	#D3D3D3	133
1671	#FFFFFF	#D3D3D3	133
1672	#FFFFFF	#D3D3D3	133
1673	#FFFFFF	#D3D3D3	133
1674	#FFFFFF	#D3D3D3	133
1675	#FFFFFF	#D3D3D3	133
1676	#FFFFFF	#D3D3D3	133
1677	#FFFFFF	#D3D3D3	133
1678	#FFFFFF	#D3D3D3	133
1679	#FFFFFF	#D3D3D3	133
1680	#FFFFFF	#D3D3D3	31
1681	#FFFFFF	#D3D3D3	133
1682	#FFFFFF	#D3D3D3	133
1683	#FFFFFF	#D3D3D3	133
1684	#FFFFFF	#D3D3D3	2
1685	#FFFFFF	#D3D3D3	133
1686	#FFFFFF	#D3D3D3	2
1687	#FFFFFF	#D3D3D3	2
1688	#FFFFFF	#D3D3D3	2
1689	#FFFFFF	#D3D3D3	2
1690	#FFFFFF	#D3D3D3	2
1691	#FFFFFF	#D3D3D3	31
1692	#FFFFFF	#D3D3D3	2
1693	#FFFFFF	#D3D3D3	2
1694	#FFFFFF	#D3D3D3	2
1695	#FFFFFF	#D3D3D3	2
1696	#FFFFFF	#D3D3D3	2
1697	#FFFFFF	#D3D3D3	341
1698	#FFFFFF	#D3D3D3	2
1699	#FFFFFF	#D3D3D3	2
1702	#FFFFFF	#D3D3D3	31
1704	#FFFFFF	#D3D3D3	260
1705	#FFFFFF	#D3D3D3	453
1706	#FFFFFF	#D3D3D3	48
1707	#FFFFFF	#D3D3D3	48
1708	#FFFFFF	#D3D3D3	48
1709	#FFFFFF	#D3D3D3	2
1710	#FFFFFF	#D3D3D3	48
1711	#FFFFFF	#D3D3D3	48
1712	#FFFFFF	#D3D3D3	48
1713	#FFFFFF	#D3D3D3	31
1714	#FFFFFF	#D3D3D3	31
1715	#FFFFFF	#D3D3D3	10
1716	#FFFFFF	#D3D3D3	10
1717	#FFFFFF	#D3D3D3	10
1719	#FFFFFF	#D3D3D3	31
1720	#FFFFFF	#D3D3D3	31
1721	#FFFFFF	#D3D3D3	133
1722	#FFFFFF	#D3D3D3	133
1723	#FFFFFF	#D3D3D3	133
1724	#FFFFFF	#D3D3D3	133
1725	#FFFFFF	#D3D3D3	133
1726	#FFFFFF	#D3D3D3	133
1727	#FFFFFF	#D3D3D3	133
1728	#FFFFFF	#D3D3D3	133
1729	#FFFFFF	#D3D3D3	133
1730	#FFFFFF	#D3D3D3	133
1731	#FFFFFF	#D3D3D3	31
1732	#FFFFFF	#D3D3D3	133
1733	#FFFFFF	#D3D3D3	133
1734	#FFFFFF	#D3D3D3	133
1735	#FFFFFF	#D3D3D3	2
1736	#FFFFFF	#D3D3D3	2
1737	#FFFFFF	#D3D3D3	2
1738	#FFFFFF	#D3D3D3	2
1739	#FFFFFF	#D3D3D3	2
1740	#FFFFFF	#D3D3D3	2
1741	#FFFFFF	#D3D3D3	2
1742	#FFFFFF	#D3D3D3	31
1743	#FFFFFF	#D3D3D3	2
1744	#FFFFFF	#D3D3D3	2
1745	#FFFFFF	#D3D3D3	2
1746	#FFFFFF	#D3D3D3	2
1747	#FFFFFF	#D3D3D3	341
1748	#FFFFFF	#D3D3D3	341
1749	#FFFFFF	#D3D3D3	341
1753	#FFFFFF	#D3D3D3	31
1755	#FFFFFF	#D3D3D3	2
1756	#FFFFFF	#D3D3D3	453
1757	#FFFFFF	#D3D3D3	48
1758	#FFFFFF	#D3D3D3	48
1759	#FFFFFF	#D3D3D3	48
1760	#FFFFFF	#D3D3D3	2
1761	#FFFFFF	#D3D3D3	48
1762	#FFFFFF	#D3D3D3	48
1763	#FFFFFF	#D3D3D3	10
1764	#FFFFFF	#D3D3D3	10
1765	#FFFFFF	#D3D3D3	10
1766	#FFFFFF	#D3D3D3	133
1767	#FFFFFF	#D3D3D3	133
1769	#FFFFFF	#D3D3D3	31
1770	#FFFFFF	#D3D3D3	31
1771	#FFFFFF	#D3D3D3	133
1772	#FFFFFF	#D3D3D3	133
1773	#FFFFFF	#D3D3D3	133
1774	#FFFFFF	#D3D3D3	133
1775	#FFFFFF	#D3D3D3	133
1776	#FFFFFF	#D3D3D3	133
1777	#FFFFFF	#D3D3D3	133
1778	#FFFFFF	#D3D3D3	133
1779	#FFFFFF	#D3D3D3	133
1780	#FFFFFF	#D3D3D3	133
1781	#FFFFFF	#D3D3D3	31
1782	#FFFFFF	#D3D3D3	133
1783	#FFFFFF	#D3D3D3	133
1784	#FFFFFF	#D3D3D3	133
1785	#FFFFFF	#D3D3D3	133
1786	#FFFFFF	#D3D3D3	2
1787	#FFFFFF	#D3D3D3	2
1788	#FFFFFF	#D3D3D3	2
1789	#FFFFFF	#D3D3D3	2
1790	#FFFFFF	#D3D3D3	2
1791	#FFFFFF	#D3D3D3	2
1792	#FFFFFF	#D3D3D3	31
1793	#FFFFFF	#D3D3D3	2
1794	#FFFFFF	#D3D3D3	2
1795	#FFFFFF	#D3D3D3	2
1796	#FFFFFF	#D3D3D3	2
1797	#FFFFFF	#D3D3D3	2
1798	#FFFFFF	#D3D3D3	341
1799	#FFFFFF	#D3D3D3	341
1800	#FFFFFF	#D3D3D3	341
1803	#FFFFFF	#D3D3D3	31
1805	#FFFFFF	#D3D3D3	2
1806	#FFFFFF	#D3D3D3	2
1807	#FFFFFF	#D3D3D3	48
1808	#FFFFFF	#D3D3D3	48
1809	#FFFFFF	#D3D3D3	48
1810	#FFFFFF	#D3D3D3	48
1811	#FFFFFF	#D3D3D3	2
1812	#FFFFFF	#D3D3D3	48
1813	#FFFFFF	#D3D3D3	48
1814	#FFFFFF	#D3D3D3	10
1815	#FFFFFF	#D3D3D3	10
1816	#FFFFFF	#D3D3D3	10
1817	#FFFFFF	#D3D3D3	10
1818	#FFFFFF	#D3D3D3	133
1820	#FFFFFF	#D3D3D3	31
1821	#FFFFFF	#D3D3D3	31
1822	#FFFFFF	#D3D3D3	133
1823	#FFFFFF	#D3D3D3	133
1824	#FFFFFF	#D3D3D3	133
1825	#FFFFFF	#D3D3D3	133
1826	#FFFFFF	#D3D3D3	133
1827	#FFFFFF	#D3D3D3	133
1828	#FFFFFF	#D3D3D3	133
1829	#FFFFFF	#D3D3D3	133
1830	#FFFFFF	#D3D3D3	133
1831	#FFFFFF	#D3D3D3	133
1832	#FFFFFF	#D3D3D3	31
1833	#FFFFFF	#D3D3D3	133
1834	#FFFFFF	#D3D3D3	133
1835	#FFFFFF	#D3D3D3	133
1836	#FFFFFF	#D3D3D3	2
1837	#FFFFFF	#D3D3D3	2
1838	#FFFFFF	#D3D3D3	2
1839	#FFFFFF	#D3D3D3	2
1840	#FFFFFF	#D3D3D3	2
1841	#FFFFFF	#D3D3D3	2
1842	#FFFFFF	#D3D3D3	2
1843	#FFFFFF	#D3D3D3	31
1844	#FFFFFF	#D3D3D3	2
1845	#FFFFFF	#D3D3D3	2
1846	#FFFFFF	#D3D3D3	2
1847	#FFFFFF	#D3D3D3	347
1848	#FFFFFF	#D3D3D3	188
1849	#FFFFFF	#D3D3D3	188
1852	#FFFFFF	#D3D3D3	2
1854	#FFFFFF	#D3D3D3	31
1855	#FFFFFF	#D3D3D3	2
1856	#FFFFFF	#D3D3D3	2
1857	#FFFFFF	#D3D3D3	2
1858	#FFFFFF	#D3D3D3	48
1859	#FFFFFF	#D3D3D3	2
1860	#FFFFFF	#D3D3D3	2
1861	#FFFFFF	#D3D3D3	2
1862	#FFFFFF	#D3D3D3	48
1863	#FFFFFF	#D3D3D3	48
1864	#FFFFFF	#D3D3D3	10
1865	#FFFFFF	#D3D3D3	10
1866	#FFFFFF	#D3D3D3	10
1867	#FFFFFF	#D3D3D3	10
1868	#FFFFFF	#D3D3D3	10
1870	#FFFFFF	#D3D3D3	31
1871	#FFFFFF	#D3D3D3	31
1872	#FFFFFF	#D3D3D3	10
1873	#FFFFFF	#D3D3D3	133
1874	#FFFFFF	#D3D3D3	133
1875	#FFFFFF	#D3D3D3	133
1876	#FFFFFF	#D3D3D3	133
1877	#FFFFFF	#D3D3D3	133
1878	#FFFFFF	#D3D3D3	133
1879	#FFFFFF	#D3D3D3	133
1880	#FFFFFF	#D3D3D3	133
1881	#FFFFFF	#D3D3D3	133
1882	#FFFFFF	#D3D3D3	31
1883	#FFFFFF	#D3D3D3	133
1884	#FFFFFF	#D3D3D3	133
1885	#FFFFFF	#D3D3D3	133
1886	#FFFFFF	#D3D3D3	133
1887	#FFFFFF	#D3D3D3	2
1888	#FFFFFF	#D3D3D3	2
1889	#FFFFFF	#D3D3D3	2
1890	#FFFFFF	#D3D3D3	2
1891	#FFFFFF	#D3D3D3	2
1892	#FFFFFF	#D3D3D3	2
1893	#FFFFFF	#D3D3D3	31
1894	#FFFFFF	#D3D3D3	2
1895	#FFFFFF	#D3D3D3	31
1896	#FFFFFF	#D3D3D3	2
1897	#FFFFFF	#D3D3D3	347
1898	#FFFFFF	#D3D3D3	347
1899	#FFFFFF	#D3D3D3	188
1904	#FFFFFF	#D3D3D3	31
1905	#FFFFFF	#D3D3D3	2
1906	#FFFFFF	#D3D3D3	2
1907	#FFFFFF	#D3D3D3	48
1908	#FFFFFF	#D3D3D3	48
1909	#FFFFFF	#D3D3D3	2
1910	#FFFFFF	#D3D3D3	2
1911	#FFFFFF	#D3D3D3	2
1912	#FFFFFF	#D3D3D3	48
1913	#FFFFFF	#D3D3D3	48
1914	#FFFFFF	#D3D3D3	48
1915	#FFFFFF	#D3D3D3	31
1916	#FFFFFF	#D3D3D3	10
1917	#FFFFFF	#D3D3D3	10
1918	#FFFFFF	#D3D3D3	10
1919	#FFFFFF	#D3D3D3	10
1921	#FFFFFF	#D3D3D3	31
1922	#FFFFFF	#D3D3D3	31
1923	#FFFFFF	#D3D3D3	133
1924	#FFFFFF	#D3D3D3	133
1925	#FFFFFF	#D3D3D3	133
1926	#FFFFFF	#D3D3D3	133
1927	#FFFFFF	#D3D3D3	133
1928	#FFFFFF	#D3D3D3	133
1929	#FFFFFF	#D3D3D3	133
1930	#FFFFFF	#D3D3D3	133
1931	#FFFFFF	#D3D3D3	133
1932	#FFFFFF	#D3D3D3	133
1933	#FFFFFF	#D3D3D3	31
1934	#FFFFFF	#D3D3D3	133
1935	#FFFFFF	#D3D3D3	133
1936	#FFFFFF	#D3D3D3	133
1937	#FFFFFF	#D3D3D3	2
1938	#FFFFFF	#D3D3D3	2
1939	#FFFFFF	#D3D3D3	2
1940	#FFFFFF	#D3D3D3	2
1941	#FFFFFF	#D3D3D3	2
1942	#FFFFFF	#D3D3D3	2
1943	#FFFFFF	#D3D3D3	2
1944	#FFFFFF	#D3D3D3	31
1945	#FFFFFF	#D3D3D3	31
1946	#FFFFFF	#D3D3D3	2
1947	#FFFFFF	#D3D3D3	2
1948	#FFFFFF	#D3D3D3	31
1949	#FFFFFF	#D3D3D3	188
1950	#FFFFFF	#D3D3D3	360
1954	#FFFFFF	#D3D3D3	2
1955	#FFFFFF	#D3D3D3	31
1956	#FFFFFF	#D3D3D3	2
1957	#FFFFFF	#D3D3D3	2
1958	#FFFFFF	#D3D3D3	48
1959	#FFFFFF	#D3D3D3	48
1960	#FFFFFF	#D3D3D3	2
1961	#FFFFFF	#D3D3D3	2
1962	#FFFFFF	#D3D3D3	2
1963	#FFFFFF	#D3D3D3	48
1964	#FFFFFF	#D3D3D3	48
1965	#FFFFFF	#D3D3D3	31
1966	#FFFFFF	#D3D3D3	10
1967	#FFFFFF	#D3D3D3	10
1968	#FFFFFF	#D3D3D3	10
1969	#FFFFFF	#D3D3D3	10
1971	#FFFFFF	#D3D3D3	31
1972	#FFFFFF	#D3D3D3	31
1973	#FFFFFF	#D3D3D3	133
1974	#FFFFFF	#D3D3D3	133
1975	#FFFFFF	#D3D3D3	133
1976	#FFFFFF	#D3D3D3	133
1977	#FFFFFF	#D3D3D3	133
1978	#FFFFFF	#D3D3D3	133
1979	#FFFFFF	#D3D3D3	133
1980	#FFFFFF	#D3D3D3	133
1981	#FFFFFF	#D3D3D3	133
1982	#FFFFFF	#D3D3D3	133
1983	#FFFFFF	#D3D3D3	31
1984	#FFFFFF	#D3D3D3	133
1985	#FFFFFF	#D3D3D3	133
1986	#FFFFFF	#D3D3D3	133
1987	#FFFFFF	#D3D3D3	133
1988	#FFFFFF	#D3D3D3	2
1989	#FFFFFF	#D3D3D3	2
1990	#FFFFFF	#D3D3D3	2
1991	#FFFFFF	#D3D3D3	2
1992	#FFFFFF	#D3D3D3	2
1993	#FFFFFF	#D3D3D3	2
1994	#FFFFFF	#D3D3D3	31
1995	#FFFFFF	#D3D3D3	31
1996	#FFFFFF	#D3D3D3	2
1997	#FFFFFF	#D3D3D3	2
1998	#FFFFFF	#D3D3D3	31
1999	#FFFFFF	#D3D3D3	188
2004	#FFFFFF	#D3D3D3	341
2005	#FFFFFF	#D3D3D3	31
2006	#FFFFFF	#D3D3D3	2
2007	#FFFFFF	#D3D3D3	2
2008	#FFFFFF	#D3D3D3	2
2009	#FFFFFF	#D3D3D3	2
2010	#FFFFFF	#D3D3D3	2
2011	#FFFFFF	#D3D3D3	2
2012	#FFFFFF	#D3D3D3	2
2013	#FFFFFF	#D3D3D3	48
2014	#FFFFFF	#D3D3D3	31
2015	#FFFFFF	#D3D3D3	31
2016	#FFFFFF	#D3D3D3	31
2017	#FFFFFF	#D3D3D3	31
2018	#FFFFFF	#D3D3D3	10
2019	#FFFFFF	#D3D3D3	10
2020	#FFFFFF	#D3D3D3	10
2022	#FFFFFF	#D3D3D3	31
2023	#FFFFFF	#D3D3D3	31
2024	#FFFFFF	#D3D3D3	133
2025	#FFFFFF	#D3D3D3	133
2026	#FFFFFF	#D3D3D3	133
2027	#FFFFFF	#D3D3D3	133
2028	#FFFFFF	#D3D3D3	133
2029	#FFFFFF	#D3D3D3	133
2030	#FFFFFF	#D3D3D3	133
2031	#FFFFFF	#D3D3D3	133
2032	#FFFFFF	#D3D3D3	133
2033	#FFFFFF	#D3D3D3	133
2034	#FFFFFF	#D3D3D3	31
2035	#FFFFFF	#D3D3D3	133
2036	#FFFFFF	#D3D3D3	133
2037	#FFFFFF	#D3D3D3	133
2038	#FFFFFF	#D3D3D3	2
2039	#FFFFFF	#D3D3D3	2
2040	#FFFFFF	#D3D3D3	2
2041	#FFFFFF	#D3D3D3	2
2042	#FFFFFF	#D3D3D3	2
2043	#FFFFFF	#D3D3D3	2
2044	#FFFFFF	#D3D3D3	2
2045	#FFFFFF	#D3D3D3	31
2046	#FFFFFF	#D3D3D3	31
2047	#FFFFFF	#D3D3D3	31
2048	#FFFFFF	#D3D3D3	31
2049	#FFFFFF	#D3D3D3	31
2054	#FFFFFF	#D3D3D3	341
2055	#FFFFFF	#D3D3D3	2
2056	#FFFFFF	#D3D3D3	31
2057	#FFFFFF	#D3D3D3	2
2058	#FFFFFF	#D3D3D3	2
2059	#FFFFFF	#D3D3D3	2
2060	#FFFFFF	#D3D3D3	2
2061	#FFFFFF	#D3D3D3	2
2062	#FFFFFF	#D3D3D3	2
2063	#FFFFFF	#D3D3D3	2
2064	#FFFFFF	#D3D3D3	48
2065	#FFFFFF	#D3D3D3	31
2066	#FFFFFF	#D3D3D3	10
2067	#FFFFFF	#D3D3D3	10
2068	#FFFFFF	#D3D3D3	10
2069	#FFFFFF	#D3D3D3	10
2070	#FFFFFF	#D3D3D3	10
2072	#FFFFFF	#D3D3D3	31
2073	#FFFFFF	#D3D3D3	31
2074	#FFFFFF	#D3D3D3	133
2075	#FFFFFF	#D3D3D3	133
2076	#FFFFFF	#D3D3D3	133
2077	#FFFFFF	#D3D3D3	133
2078	#FFFFFF	#D3D3D3	133
2079	#FFFFFF	#D3D3D3	133
2080	#FFFFFF	#D3D3D3	133
2081	#FFFFFF	#D3D3D3	133
2082	#FFFFFF	#D3D3D3	133
2083	#FFFFFF	#D3D3D3	133
2084	#FFFFFF	#D3D3D3	10
2085	#FFFFFF	#D3D3D3	133
2086	#FFFFFF	#D3D3D3	133
2087	#FFFFFF	#D3D3D3	133
2088	#FFFFFF	#D3D3D3	2
2089	#FFFFFF	#D3D3D3	2
2090	#FFFFFF	#D3D3D3	2
2091	#FFFFFF	#D3D3D3	2
2092	#FFFFFF	#D3D3D3	2
2093	#FFFFFF	#D3D3D3	31
2094	#FFFFFF	#D3D3D3	31
2095	#FFFFFF	#D3D3D3	31
2096	#FFFFFF	#D3D3D3	31
2097	#FFFFFF	#D3D3D3	31
2098	#FFFFFF	#D3D3D3	31
2099	#FFFFFF	#D3D3D3	31
2104	#FFFFFF	#D3D3D3	341
2105	#FFFFFF	#D3D3D3	341
2106	#FFFFFF	#D3D3D3	31
2107	#FFFFFF	#D3D3D3	2
2108	#FFFFFF	#D3D3D3	2
2109	#FFFFFF	#D3D3D3	2
2110	#FFFFFF	#D3D3D3	2
2111	#FFFFFF	#D3D3D3	2
2112	#FFFFFF	#D3D3D3	2
2113	#FFFFFF	#D3D3D3	2
2114	#FFFFFF	#D3D3D3	2
2115	#FFFFFF	#D3D3D3	31
2116	#FFFFFF	#D3D3D3	31
2117	#FFFFFF	#D3D3D3	31
2118	#FFFFFF	#D3D3D3	10
2119	#FFFFFF	#D3D3D3	10
2120	#FFFFFF	#D3D3D3	10
2121	#FFFFFF	#D3D3D3	10
2123	#FFFFFF	#D3D3D3	31
2124	#FFFFFF	#D3D3D3	31
2125	#FFFFFF	#D3D3D3	133
2126	#FFFFFF	#D3D3D3	133
2127	#FFFFFF	#D3D3D3	133
2128	#FFFFFF	#D3D3D3	133
2129	#FFFFFF	#D3D3D3	133
2130	#FFFFFF	#D3D3D3	10
2131	#FFFFFF	#D3D3D3	133
2132	#FFFFFF	#D3D3D3	133
2133	#FFFFFF	#D3D3D3	133
2134	#FFFFFF	#D3D3D3	10
2135	#FFFFFF	#D3D3D3	10
2136	#FFFFFF	#D3D3D3	133
2137	#FFFFFF	#D3D3D3	133
2138	#FFFFFF	#D3D3D3	133
2139	#FFFFFF	#D3D3D3	2
2140	#FFFFFF	#D3D3D3	2
2141	#FFFFFF	#D3D3D3	2
2142	#FFFFFF	#D3D3D3	2
2143	#FFFFFF	#D3D3D3	31
2144	#FFFFFF	#D3D3D3	31
2145	#FFFFFF	#D3D3D3	31
2146	#FFFFFF	#D3D3D3	10
2147	#FFFFFF	#D3D3D3	31
2148	#FFFFFF	#D3D3D3	53
2149	#FFFFFF	#D3D3D3	31
2150	#FFFFFF	#D3D3D3	360
2151	#FFFFFF	#D3D3D3	362
2154	#FFFFFF	#D3D3D3	341
2155	#FFFFFF	#D3D3D3	341
2156	#FFFFFF	#D3D3D3	2
2157	#FFFFFF	#D3D3D3	31
2158	#FFFFFF	#D3D3D3	2
2159	#FFFFFF	#D3D3D3	2
2160	#FFFFFF	#D3D3D3	2
2161	#FFFFFF	#D3D3D3	2
2162	#FFFFFF	#D3D3D3	2
2163	#FFFFFF	#D3D3D3	2
2164	#FFFFFF	#D3D3D3	75
2165	#FFFFFF	#D3D3D3	75
2166	#FFFFFF	#D3D3D3	31
2167	#FFFFFF	#D3D3D3	10
2168	#FFFFFF	#D3D3D3	10
2169	#FFFFFF	#D3D3D3	10
2170	#FFFFFF	#D3D3D3	133
2171	#FFFFFF	#D3D3D3	133
2173	#FFFFFF	#D3D3D3	31
2174	#FFFFFF	#D3D3D3	31
2175	#FFFFFF	#D3D3D3	133
2176	#FFFFFF	#D3D3D3	133
2177	#FFFFFF	#D3D3D3	133
2178	#FFFFFF	#D3D3D3	133
2179	#FFFFFF	#D3D3D3	10
2180	#FFFFFF	#D3D3D3	133
2181	#FFFFFF	#D3D3D3	10
2182	#FFFFFF	#D3D3D3	133
2183	#FFFFFF	#D3D3D3	133
2184	#FFFFFF	#D3D3D3	10
2185	#FFFFFF	#D3D3D3	10
2186	#FFFFFF	#D3D3D3	133
2187	#FFFFFF	#D3D3D3	133
2188	#FFFFFF	#D3D3D3	133
2189	#FFFFFF	#D3D3D3	2
2190	#FFFFFF	#D3D3D3	2
2191	#FFFFFF	#D3D3D3	2
2192	#FFFFFF	#D3D3D3	2
2193	#FFFFFF	#D3D3D3	2
2194	#FFFFFF	#D3D3D3	31
2195	#FFFFFF	#D3D3D3	31
2196	#FFFFFF	#D3D3D3	10
2197	#FFFFFF	#D3D3D3	31
2198	#FFFFFF	#D3D3D3	31
2199	#FFFFFF	#D3D3D3	53
2204	#FFFFFF	#D3D3D3	2
2205	#FFFFFF	#D3D3D3	341
2206	#FFFFFF	#D3D3D3	341
2207	#FFFFFF	#D3D3D3	10
2208	#FFFFFF	#D3D3D3	341
2209	#FFFFFF	#D3D3D3	2
2210	#FFFFFF	#D3D3D3	2
2211	#FFFFFF	#D3D3D3	2
2212	#FFFFFF	#D3D3D3	2
2213	#FFFFFF	#D3D3D3	2
2214	#FFFFFF	#D3D3D3	75
2215	#FFFFFF	#D3D3D3	75
2216	#FFFFFF	#D3D3D3	31
2217	#FFFFFF	#D3D3D3	31
2218	#FFFFFF	#D3D3D3	31
2219	#FFFFFF	#D3D3D3	10
2220	#FFFFFF	#D3D3D3	10
2221	#FFFFFF	#D3D3D3	133
2222	#FFFFFF	#D3D3D3	133
2224	#FFFFFF	#D3D3D3	31
2225	#FFFFFF	#D3D3D3	10
2226	#FFFFFF	#D3D3D3	133
2227	#FFFFFF	#D3D3D3	133
2228	#FFFFFF	#D3D3D3	133
2229	#FFFFFF	#D3D3D3	133
2230	#FFFFFF	#D3D3D3	10
2231	#FFFFFF	#D3D3D3	133
2232	#FFFFFF	#D3D3D3	10
2233	#FFFFFF	#D3D3D3	133
2234	#FFFFFF	#D3D3D3	10
2235	#FFFFFF	#D3D3D3	10
2236	#FFFFFF	#D3D3D3	10
2237	#FFFFFF	#D3D3D3	133
2238	#FFFFFF	#D3D3D3	10
2239	#FFFFFF	#D3D3D3	133
2240	#FFFFFF	#D3D3D3	133
2241	#FFFFFF	#D3D3D3	2
2242	#FFFFFF	#D3D3D3	2
2243	#FFFFFF	#D3D3D3	2
2244	#FFFFFF	#D3D3D3	31
2245	#FFFFFF	#D3D3D3	31
2246	#FFFFFF	#D3D3D3	31
2247	#FFFFFF	#D3D3D3	10
2248	#FFFFFF	#D3D3D3	31
2249	#FFFFFF	#D3D3D3	53
2254	#FFFFFF	#D3D3D3	188
2255	#FFFFFF	#D3D3D3	2
2256	#FFFFFF	#D3D3D3	341
2257	#FFFFFF	#D3D3D3	341
2258	#FFFFFF	#D3D3D3	10
2259	#FFFFFF	#D3D3D3	2
2260	#FFFFFF	#D3D3D3	2
2261	#FFFFFF	#D3D3D3	2
2262	#FFFFFF	#D3D3D3	2
2263	#FFFFFF	#D3D3D3	2
2264	#FFFFFF	#D3D3D3	75
2265	#FFFFFF	#D3D3D3	75
2266	#FFFFFF	#D3D3D3	75
2267	#FFFFFF	#D3D3D3	31
2268	#FFFFFF	#D3D3D3	10
2269	#FFFFFF	#D3D3D3	10
2270	#FFFFFF	#D3D3D3	133
2271	#FFFFFF	#D3D3D3	133
2272	#FFFFFF	#D3D3D3	133
2274	#FFFFFF	#D3D3D3	133
2275	#FFFFFF	#D3D3D3	133
2276	#FFFFFF	#D3D3D3	133
2277	#FFFFFF	#D3D3D3	133
2278	#FFFFFF	#D3D3D3	133
2279	#FFFFFF	#D3D3D3	133
2280	#FFFFFF	#D3D3D3	2
2281	#FFFFFF	#D3D3D3	133
2282	#FFFFFF	#D3D3D3	133
2283	#FFFFFF	#D3D3D3	2
2284	#FFFFFF	#D3D3D3	133
2285	#FFFFFF	#D3D3D3	133
2286	#FFFFFF	#D3D3D3	133
2287	#FFFFFF	#D3D3D3	133
2288	#FFFFFF	#D3D3D3	133
2289	#FFFFFF	#D3D3D3	2
2290	#FFFFFF	#D3D3D3	2
2291	#FFFFFF	#D3D3D3	2
2292	#FFFFFF	#D3D3D3	2
2293	#FFFFFF	#D3D3D3	2
2294	#FFFFFF	#D3D3D3	2
2295	#FFFFFF	#D3D3D3	2
2296	#FFFFFF	#D3D3D3	2
2297	#FFFFFF	#D3D3D3	133
2298	#FFFFFF	#D3D3D3	2
2299	#FFFFFF	#D3D3D3	4
2300	#FFFFFF	#D3D3D3	84
2301	#FFFFFF	#D3D3D3	4
2302	#FFFFFF	#D3D3D3	84
2303	#FFFFFF	#D3D3D3	84
2304	#FFFFFF	#D3D3D3	84
2305	#FFFFFF	#D3D3D3	84
2306	#FFFFFF	#D3D3D3	84
2307	#FFFFFF	#D3D3D3	4
2308	#FFFFFF	#D3D3D3	133
2309	#FFFFFF	#D3D3D3	84
2310	#FFFFFF	#D3D3D3	84
2311	#FFFFFF	#D3D3D3	84
2312	#FFFFFF	#D3D3D3	84
2313	#FFFFFF	#D3D3D3	84
2314	#FFFFFF	#D3D3D3	154
2315	#FFFFFF	#D3D3D3	154
2316	#FFFFFF	#D3D3D3	154
2317	#FFFFFF	#D3D3D3	154
2318	#FFFFFF	#D3D3D3	154
2319	#FFFFFF	#D3D3D3	133
2320	#FFFFFF	#D3D3D3	133
2321	#FFFFFF	#D3D3D3	133
2322	#FFFFFF	#D3D3D3	133
2323	#FFFFFF	#D3D3D3	133
2325	#FFFFFF	#D3D3D3	133
2326	#FFFFFF	#D3D3D3	133
2327	#FFFFFF	#D3D3D3	133
2328	#FFFFFF	#D3D3D3	133
2329	#FFFFFF	#D3D3D3	133
2330	#FFFFFF	#D3D3D3	133
2331	#FFFFFF	#D3D3D3	133
2332	#FFFFFF	#D3D3D3	133
2333	#FFFFFF	#D3D3D3	2
2334	#FFFFFF	#D3D3D3	2
2335	#FFFFFF	#D3D3D3	133
2336	#FFFFFF	#D3D3D3	2
2337	#FFFFFF	#D3D3D3	133
2338	#FFFFFF	#D3D3D3	2
2339	#FFFFFF	#D3D3D3	2
2340	#FFFFFF	#D3D3D3	2
2341	#FFFFFF	#D3D3D3	2
2342	#FFFFFF	#D3D3D3	2
2343	#FFFFFF	#D3D3D3	2
2344	#FFFFFF	#D3D3D3	2
2345	#FFFFFF	#D3D3D3	2
2346	#FFFFFF	#D3D3D3	4
2347	#FFFFFF	#D3D3D3	4
2348	#FFFFFF	#D3D3D3	133
2349	#FFFFFF	#D3D3D3	4
2350	#FFFFFF	#D3D3D3	4
2351	#FFFFFF	#D3D3D3	4
2352	#FFFFFF	#D3D3D3	84
2353	#FFFFFF	#D3D3D3	84
2354	#FFFFFF	#D3D3D3	84
2355	#FFFFFF	#D3D3D3	84
2356	#FFFFFF	#D3D3D3	4
2357	#FFFFFF	#D3D3D3	4
2358	#FFFFFF	#D3D3D3	4
2359	#FFFFFF	#D3D3D3	133
2360	#FFFFFF	#D3D3D3	84
2361	#FFFFFF	#D3D3D3	84
2362	#FFFFFF	#D3D3D3	84
2363	#FFFFFF	#D3D3D3	84
2364	#FFFFFF	#D3D3D3	84
2365	#FFFFFF	#D3D3D3	84
2366	#FFFFFF	#D3D3D3	84
2367	#FFFFFF	#D3D3D3	84
2368	#FFFFFF	#D3D3D3	84
2369	#FFFFFF	#D3D3D3	133
2370	#FFFFFF	#D3D3D3	133
2371	#FFFFFF	#D3D3D3	133
2372	#FFFFFF	#D3D3D3	133
2373	#FFFFFF	#D3D3D3	133
2375	#FFFFFF	#D3D3D3	31
2376	#FFFFFF	#D3D3D3	31
2377	#FFFFFF	#D3D3D3	133
2378	#FFFFFF	#D3D3D3	133
2379	#FFFFFF	#D3D3D3	133
2380	#FFFFFF	#D3D3D3	133
2381	#FFFFFF	#D3D3D3	133
2382	#FFFFFF	#D3D3D3	10
2383	#FFFFFF	#D3D3D3	10
2384	#FFFFFF	#D3D3D3	10
2385	#FFFFFF	#D3D3D3	10
2386	#FFFFFF	#D3D3D3	10
2387	#FFFFFF	#D3D3D3	31
2388	#FFFFFF	#D3D3D3	10
2389	#FFFFFF	#D3D3D3	10
2390	#FFFFFF	#D3D3D3	10
2391	#FFFFFF	#D3D3D3	133
2392	#FFFFFF	#D3D3D3	2
2393	#FFFFFF	#D3D3D3	31
2394	#FFFFFF	#D3D3D3	31
2395	#FFFFFF	#D3D3D3	31
2396	#FFFFFF	#D3D3D3	31
2397	#FFFFFF	#D3D3D3	31
2398	#FFFFFF	#D3D3D3	10
2399	#FFFFFF	#D3D3D3	31
2400	#FFFFFF	#D3D3D3	53
2401	#FFFFFF	#D3D3D3	340
2405	#FFFFFF	#D3D3D3	188
2406	#FFFFFF	#D3D3D3	2
2407	#FFFFFF	#D3D3D3	2
2408	#FFFFFF	#D3D3D3	2
2409	#FFFFFF	#D3D3D3	10
2410	#FFFFFF	#D3D3D3	341
2411	#FFFFFF	#D3D3D3	341
2412	#FFFFFF	#D3D3D3	2
2413	#FFFFFF	#D3D3D3	2
2414	#FFFFFF	#D3D3D3	2
2415	#FFFFFF	#D3D3D3	2
2416	#FFFFFF	#D3D3D3	31
2417	#FFFFFF	#D3D3D3	31
2418	#FFFFFF	#D3D3D3	31
2419	#FFFFFF	#D3D3D3	48
2420	#FFFFFF	#D3D3D3	10
2421	#FFFFFF	#D3D3D3	10
2422	#FFFFFF	#D3D3D3	10
2423	#FFFFFF	#D3D3D3	133
2424	#FFFFFF	#D3D3D3	133
2426	#FFFFFF	#D3D3D3	31
2427	#FFFFFF	#D3D3D3	31
2428	#FFFFFF	#D3D3D3	133
2429	#FFFFFF	#D3D3D3	10
2430	#FFFFFF	#D3D3D3	133
2431	#FFFFFF	#D3D3D3	133
2432	#FFFFFF	#D3D3D3	133
2433	#FFFFFF	#D3D3D3	10
2434	#FFFFFF	#D3D3D3	10
2435	#FFFFFF	#D3D3D3	10
2436	#FFFFFF	#D3D3D3	10
2437	#FFFFFF	#D3D3D3	10
2438	#FFFFFF	#D3D3D3	10
2439	#FFFFFF	#D3D3D3	10
2440	#FFFFFF	#D3D3D3	10
2441	#FFFFFF	#D3D3D3	133
2442	#FFFFFF	#D3D3D3	2
2443	#FFFFFF	#D3D3D3	2
2444	#FFFFFF	#D3D3D3	31
2445	#FFFFFF	#D3D3D3	31
2446	#FFFFFF	#D3D3D3	31
2447	#FFFFFF	#D3D3D3	31
2448	#FFFFFF	#D3D3D3	31
2449	#FFFFFF	#D3D3D3	10
2450	#FFFFFF	#D3D3D3	231
2455	#FFFFFF	#D3D3D3	31
2456	#FFFFFF	#D3D3D3	31
2457	#FFFFFF	#D3D3D3	2
2458	#FFFFFF	#D3D3D3	2
2459	#FFFFFF	#D3D3D3	2
2460	#FFFFFF	#D3D3D3	10
2461	#FFFFFF	#D3D3D3	341
2462	#FFFFFF	#D3D3D3	2
2463	#FFFFFF	#D3D3D3	2
2464	#FFFFFF	#D3D3D3	2
2465	#FFFFFF	#D3D3D3	2
2466	#FFFFFF	#D3D3D3	2
2467	#FFFFFF	#D3D3D3	31
2468	#FFFFFF	#D3D3D3	31
2469	#FFFFFF	#D3D3D3	31
2470	#FFFFFF	#D3D3D3	10
2471	#FFFFFF	#D3D3D3	10
2472	#FFFFFF	#D3D3D3	10
2473	#FFFFFF	#D3D3D3	133
2474	#FFFFFF	#D3D3D3	133
2476	#FFFFFF	#D3D3D3	31
2477	#FFFFFF	#D3D3D3	31
2478	#FFFFFF	#D3D3D3	133
2479	#FFFFFF	#D3D3D3	10
2480	#FFFFFF	#D3D3D3	10
2481	#FFFFFF	#D3D3D3	133
2482	#FFFFFF	#D3D3D3	133
2483	#FFFFFF	#D3D3D3	10
2484	#FFFFFF	#D3D3D3	10
2485	#FFFFFF	#D3D3D3	10
2486	#FFFFFF	#D3D3D3	10
2487	#FFFFFF	#D3D3D3	10
2488	#FFFFFF	#D3D3D3	31
2489	#FFFFFF	#D3D3D3	10
2490	#FFFFFF	#D3D3D3	10
2491	#FFFFFF	#D3D3D3	10
2492	#FFFFFF	#D3D3D3	2
2493	#FFFFFF	#D3D3D3	2
2494	#FFFFFF	#D3D3D3	2
2495	#FFFFFF	#D3D3D3	31
2496	#FFFFFF	#D3D3D3	31
2497	#FFFFFF	#D3D3D3	31
2498	#FFFFFF	#D3D3D3	31
2499	#FFFFFF	#D3D3D3	10
2500	#FFFFFF	#D3D3D3	231
2501	#FFFFFF	#D3D3D3	340
2505	#FFFFFF	#D3D3D3	31
2506	#FFFFFF	#D3D3D3	31
2507	#FFFFFF	#D3D3D3	31
2508	#FFFFFF	#D3D3D3	31
2509	#FFFFFF	#D3D3D3	31
2510	#FFFFFF	#D3D3D3	133
2511	#FFFFFF	#D3D3D3	2
2512	#FFFFFF	#D3D3D3	2
2513	#FFFFFF	#D3D3D3	2
2514	#FFFFFF	#D3D3D3	2
2515	#FFFFFF	#D3D3D3	31
2516	#FFFFFF	#D3D3D3	31
2517	#FFFFFF	#D3D3D3	31
2518	#FFFFFF	#D3D3D3	31
2519	#FFFFFF	#D3D3D3	31
2520	#FFFFFF	#D3D3D3	48
2521	#FFFFFF	#D3D3D3	133
2522	#FFFFFF	#D3D3D3	10
2523	#FFFFFF	#D3D3D3	10
2524	#FFFFFF	#D3D3D3	133
2525	#FFFFFF	#D3D3D3	133
2527	#FFFFFF	#D3D3D3	31
2528	#FFFFFF	#D3D3D3	31
2529	#FFFFFF	#D3D3D3	133
2530	#FFFFFF	#D3D3D3	10
2531	#FFFFFF	#D3D3D3	10
2532	#FFFFFF	#D3D3D3	133
2533	#FFFFFF	#D3D3D3	133
2534	#FFFFFF	#D3D3D3	10
2535	#FFFFFF	#D3D3D3	10
2536	#FFFFFF	#D3D3D3	10
2537	#FFFFFF	#D3D3D3	10
2538	#FFFFFF	#D3D3D3	10
2539	#FFFFFF	#D3D3D3	31
2540	#FFFFFF	#D3D3D3	10
2541	#FFFFFF	#D3D3D3	10
2542	#FFFFFF	#D3D3D3	31
2543	#FFFFFF	#D3D3D3	2
2544	#FFFFFF	#D3D3D3	2
2545	#FFFFFF	#D3D3D3	31
2546	#FFFFFF	#D3D3D3	31
2547	#FFFFFF	#D3D3D3	31
2548	#FFFFFF	#D3D3D3	31
2549	#FFFFFF	#D3D3D3	231
2550	#FFFFFF	#D3D3D3	10
2555	#FFFFFF	#D3D3D3	31
2556	#FFFFFF	#D3D3D3	31
2557	#FFFFFF	#D3D3D3	31
2558	#FFFFFF	#D3D3D3	31
2559	#FFFFFF	#D3D3D3	31
2560	#FFFFFF	#D3D3D3	2
2561	#FFFFFF	#D3D3D3	133
2562	#FFFFFF	#D3D3D3	2
2563	#FFFFFF	#D3D3D3	2
2564	#FFFFFF	#D3D3D3	2
2565	#FFFFFF	#D3D3D3	2
2566	#FFFFFF	#D3D3D3	31
2567	#FFFFFF	#D3D3D3	31
2568	#FFFFFF	#D3D3D3	31
2569	#FFFFFF	#D3D3D3	31
2570	#FFFFFF	#D3D3D3	48
2571	#FFFFFF	#D3D3D3	10
2572	#FFFFFF	#D3D3D3	133
2573	#FFFFFF	#D3D3D3	133
2574	#FFFFFF	#D3D3D3	133
2575	#FFFFFF	#D3D3D3	133
2577	#FFFFFF	#D3D3D3	31
2578	#FFFFFF	#D3D3D3	31
2579	#FFFFFF	#D3D3D3	133
2580	#FFFFFF	#D3D3D3	133
2581	#FFFFFF	#D3D3D3	10
2582	#FFFFFF	#D3D3D3	133
2583	#FFFFFF	#D3D3D3	133
2584	#FFFFFF	#D3D3D3	10
2585	#FFFFFF	#D3D3D3	10
2586	#FFFFFF	#D3D3D3	10
2587	#FFFFFF	#D3D3D3	10
2588	#FFFFFF	#D3D3D3	10
2589	#FFFFFF	#D3D3D3	31
2590	#FFFFFF	#D3D3D3	10
2591	#FFFFFF	#D3D3D3	10
2592	#FFFFFF	#D3D3D3	10
2593	#FFFFFF	#D3D3D3	31
2594	#FFFFFF	#D3D3D3	2
2595	#FFFFFF	#D3D3D3	31
2596	#FFFFFF	#D3D3D3	31
2597	#FFFFFF	#D3D3D3	31
2598	#FFFFFF	#D3D3D3	31
2599	#FFFFFF	#D3D3D3	31
2600	#FFFFFF	#D3D3D3	31
2605	#FFFFFF	#D3D3D3	31
2606	#FFFFFF	#D3D3D3	31
2607	#FFFFFF	#D3D3D3	31
2608	#FFFFFF	#D3D3D3	31
2609	#FFFFFF	#D3D3D3	53
2610	#FFFFFF	#D3D3D3	31
2611	#FFFFFF	#D3D3D3	10
2612	#FFFFFF	#D3D3D3	2
2613	#FFFFFF	#D3D3D3	2
2614	#FFFFFF	#D3D3D3	2
2615	#FFFFFF	#D3D3D3	2
2616	#FFFFFF	#D3D3D3	2
2617	#FFFFFF	#D3D3D3	31
2618	#FFFFFF	#D3D3D3	31
2619	#FFFFFF	#D3D3D3	31
2620	#FFFFFF	#D3D3D3	48
2621	#FFFFFF	#D3D3D3	48
2622	#FFFFFF	#D3D3D3	133
2623	#FFFFFF	#D3D3D3	133
2624	#FFFFFF	#D3D3D3	133
2625	#FFFFFF	#D3D3D3	133
2626	#FFFFFF	#D3D3D3	133
2628	#FFFFFF	#D3D3D3	31
2629	#FFFFFF	#D3D3D3	31
2630	#FFFFFF	#D3D3D3	133
2631	#FFFFFF	#D3D3D3	10
2632	#FFFFFF	#D3D3D3	10
2633	#FFFFFF	#D3D3D3	133
2634	#FFFFFF	#D3D3D3	10
2635	#FFFFFF	#D3D3D3	10
2636	#FFFFFF	#D3D3D3	10
2637	#FFFFFF	#D3D3D3	10
2638	#FFFFFF	#D3D3D3	10
2639	#FFFFFF	#D3D3D3	10
2640	#FFFFFF	#D3D3D3	31
2641	#FFFFFF	#D3D3D3	10
2642	#FFFFFF	#D3D3D3	10
2643	#FFFFFF	#D3D3D3	10
2644	#FFFFFF	#D3D3D3	31
2645	#FFFFFF	#D3D3D3	31
2646	#FFFFFF	#D3D3D3	31
2647	#FFFFFF	#D3D3D3	31
2648	#FFFFFF	#D3D3D3	31
2649	#FFFFFF	#D3D3D3	31
2651	#FFFFFF	#D3D3D3	31
2653	#FFFFFF	#D3D3D3	247
2655	#FFFFFF	#D3D3D3	53
2656	#FFFFFF	#D3D3D3	31
2657	#FFFFFF	#D3D3D3	31
2658	#FFFFFF	#D3D3D3	31
2659	#FFFFFF	#D3D3D3	31
2660	#FFFFFF	#D3D3D3	53
2661	#FFFFFF	#D3D3D3	31
2662	#FFFFFF	#D3D3D3	10
2663	#FFFFFF	#D3D3D3	31
2664	#FFFFFF	#D3D3D3	2
2665	#FFFFFF	#D3D3D3	2
2666	#FFFFFF	#D3D3D3	2
2667	#FFFFFF	#D3D3D3	31
2668	#FFFFFF	#D3D3D3	31
2669	#FFFFFF	#D3D3D3	48
2670	#FFFFFF	#D3D3D3	48
2671	#FFFFFF	#D3D3D3	48
2672	#FFFFFF	#D3D3D3	133
2673	#FFFFFF	#D3D3D3	133
2674	#FFFFFF	#D3D3D3	133
2675	#FFFFFF	#D3D3D3	10
2676	#FFFFFF	#D3D3D3	133
2678	#FFFFFF	#D3D3D3	31
2679	#FFFFFF	#D3D3D3	31
2680	#FFFFFF	#D3D3D3	133
2681	#FFFFFF	#D3D3D3	10
2682	#FFFFFF	#D3D3D3	10
2683	#FFFFFF	#D3D3D3	10
2684	#FFFFFF	#D3D3D3	133
2685	#FFFFFF	#D3D3D3	10
2686	#FFFFFF	#D3D3D3	10
2687	#FFFFFF	#D3D3D3	10
2688	#FFFFFF	#D3D3D3	10
2689	#FFFFFF	#D3D3D3	10
2690	#FFFFFF	#D3D3D3	31
2691	#FFFFFF	#D3D3D3	10
2692	#FFFFFF	#D3D3D3	10
2693	#FFFFFF	#D3D3D3	10
2694	#FFFFFF	#D3D3D3	10
2695	#FFFFFF	#D3D3D3	31
2696	#FFFFFF	#D3D3D3	31
2697	#FFFFFF	#D3D3D3	31
2698	#FFFFFF	#D3D3D3	31
2699	#FFFFFF	#D3D3D3	31
2700	#FFFFFF	#D3D3D3	340
2701	#FFFFFF	#D3D3D3	31
2705	#FFFFFF	#D3D3D3	53
2706	#FFFFFF	#D3D3D3	53
2707	#FFFFFF	#D3D3D3	31
2708	#FFFFFF	#D3D3D3	31
2709	#FFFFFF	#D3D3D3	31
2710	#FFFFFF	#D3D3D3	53
2711	#FFFFFF	#D3D3D3	53
2712	#FFFFFF	#D3D3D3	10
2713	#FFFFFF	#D3D3D3	31
2714	#FFFFFF	#D3D3D3	2
2715	#FFFFFF	#D3D3D3	31
2716	#FFFFFF	#D3D3D3	31
2717	#FFFFFF	#D3D3D3	31
2718	#FFFFFF	#D3D3D3	31
2719	#FFFFFF	#D3D3D3	31
2720	#FFFFFF	#D3D3D3	48
2721	#FFFFFF	#D3D3D3	4
2722	#FFFFFF	#D3D3D3	4
2723	#FFFFFF	#D3D3D3	133
2724	#FFFFFF	#D3D3D3	10
2725	#FFFFFF	#D3D3D3	133
2726	#FFFFFF	#D3D3D3	10
2727	#FFFFFF	#D3D3D3	133
2729	#FFFFFF	#D3D3D3	31
2730	#FFFFFF	#D3D3D3	31
2731	#FFFFFF	#D3D3D3	10
2732	#FFFFFF	#D3D3D3	10
2733	#FFFFFF	#D3D3D3	133
2734	#FFFFFF	#D3D3D3	133
2735	#FFFFFF	#D3D3D3	133
2736	#FFFFFF	#D3D3D3	10
2737	#FFFFFF	#D3D3D3	10
2738	#FFFFFF	#D3D3D3	10
2739	#FFFFFF	#D3D3D3	10
2740	#FFFFFF	#D3D3D3	10
2741	#FFFFFF	#D3D3D3	31
2742	#FFFFFF	#D3D3D3	10
2743	#FFFFFF	#D3D3D3	10
2744	#FFFFFF	#D3D3D3	10
2745	#FFFFFF	#D3D3D3	10
2746	#FFFFFF	#D3D3D3	31
2747	#FFFFFF	#D3D3D3	31
2748	#FFFFFF	#D3D3D3	31
2749	#FFFFFF	#D3D3D3	31
2750	#FFFFFF	#D3D3D3	31
2752	#FFFFFF	#D3D3D3	10
2755	#FFFFFF	#D3D3D3	53
2756	#FFFFFF	#D3D3D3	53
2757	#FFFFFF	#D3D3D3	31
2758	#FFFFFF	#D3D3D3	31
2759	#FFFFFF	#D3D3D3	31
2760	#FFFFFF	#D3D3D3	31
2761	#FFFFFF	#D3D3D3	53
2762	#FFFFFF	#D3D3D3	53
2763	#FFFFFF	#D3D3D3	10
2764	#FFFFFF	#D3D3D3	2
2765	#FFFFFF	#D3D3D3	31
2766	#FFFFFF	#D3D3D3	31
2767	#FFFFFF	#D3D3D3	31
2768	#FFFFFF	#D3D3D3	31
2769	#FFFFFF	#D3D3D3	31
2770	#FFFFFF	#D3D3D3	48
2771	#FFFFFF	#D3D3D3	48
2772	#FFFFFF	#D3D3D3	4
2773	#FFFFFF	#D3D3D3	10
2774	#FFFFFF	#D3D3D3	10
2775	#FFFFFF	#D3D3D3	10
2776	#FFFFFF	#D3D3D3	133
2777	#FFFFFF	#D3D3D3	10
2779	#FFFFFF	#D3D3D3	31
2780	#FFFFFF	#D3D3D3	31
2781	#FFFFFF	#D3D3D3	10
2782	#FFFFFF	#D3D3D3	133
2783	#FFFFFF	#D3D3D3	10
2784	#FFFFFF	#D3D3D3	133
2785	#FFFFFF	#D3D3D3	133
2786	#FFFFFF	#D3D3D3	133
2787	#FFFFFF	#D3D3D3	10
2788	#FFFFFF	#D3D3D3	10
2789	#FFFFFF	#D3D3D3	10
2790	#FFFFFF	#D3D3D3	10
2791	#FFFFFF	#D3D3D3	31
2792	#FFFFFF	#D3D3D3	10
2793	#FFFFFF	#D3D3D3	10
2794	#FFFFFF	#D3D3D3	10
2795	#FFFFFF	#D3D3D3	10
2796	#FFFFFF	#D3D3D3	31
2797	#FFFFFF	#D3D3D3	10
2798	#FFFFFF	#D3D3D3	31
2799	#FFFFFF	#D3D3D3	31
2802	#FFFFFF	#D3D3D3	10
2805	#FFFFFF	#D3D3D3	53
2806	#FFFFFF	#D3D3D3	53
2807	#FFFFFF	#D3D3D3	53
2808	#FFFFFF	#D3D3D3	31
2809	#FFFFFF	#D3D3D3	31
2810	#FFFFFF	#D3D3D3	31
2811	#FFFFFF	#D3D3D3	53
2812	#FFFFFF	#D3D3D3	53
2813	#FFFFFF	#D3D3D3	10
2814	#FFFFFF	#D3D3D3	31
2815	#FFFFFF	#D3D3D3	31
2816	#FFFFFF	#D3D3D3	31
2817	#FFFFFF	#D3D3D3	31
2818	#FFFFFF	#D3D3D3	31
2819	#FFFFFF	#D3D3D3	31
2820	#FFFFFF	#D3D3D3	48
2821	#FFFFFF	#D3D3D3	48
2822	#FFFFFF	#D3D3D3	48
2823	#FFFFFF	#D3D3D3	4
2824	#FFFFFF	#D3D3D3	10
2825	#FFFFFF	#D3D3D3	10
2826	#FFFFFF	#D3D3D3	10
2827	#FFFFFF	#D3D3D3	10
2828	#FFFFFF	#D3D3D3	133
2830	#FFFFFF	#D3D3D3	31
2831	#FFFFFF	#D3D3D3	31
2832	#FFFFFF	#D3D3D3	10
2833	#FFFFFF	#D3D3D3	133
2834	#FFFFFF	#D3D3D3	133
2835	#FFFFFF	#D3D3D3	133
2836	#FFFFFF	#D3D3D3	133
2837	#FFFFFF	#D3D3D3	133
2838	#FFFFFF	#D3D3D3	10
2839	#FFFFFF	#D3D3D3	10
2840	#FFFFFF	#D3D3D3	10
2841	#FFFFFF	#D3D3D3	10
2842	#FFFFFF	#D3D3D3	10
2843	#FFFFFF	#D3D3D3	10
2844	#FFFFFF	#D3D3D3	10
2845	#FFFFFF	#D3D3D3	10
2846	#FFFFFF	#D3D3D3	10
2847	#FFFFFF	#D3D3D3	10
2848	#FFFFFF	#D3D3D3	31
2849	#FFFFFF	#D3D3D3	53
2850	#FFFFFF	#D3D3D3	362
2853	#FFFFFF	#D3D3D3	10
2855	#FFFFFF	#D3D3D3	53
2856	#FFFFFF	#D3D3D3	53
2857	#FFFFFF	#D3D3D3	53
2858	#FFFFFF	#D3D3D3	31
2859	#FFFFFF	#D3D3D3	31
2860	#FFFFFF	#D3D3D3	31
2861	#FFFFFF	#D3D3D3	31
2862	#FFFFFF	#D3D3D3	53
2863	#FFFFFF	#D3D3D3	53
2864	#FFFFFF	#D3D3D3	10
2865	#FFFFFF	#D3D3D3	31
2866	#FFFFFF	#D3D3D3	31
2867	#FFFFFF	#D3D3D3	31
2868	#FFFFFF	#D3D3D3	31
2869	#FFFFFF	#D3D3D3	31
2870	#FFFFFF	#D3D3D3	48
2871	#FFFFFF	#D3D3D3	48
2872	#FFFFFF	#D3D3D3	4
2873	#FFFFFF	#D3D3D3	48
2874	#FFFFFF	#D3D3D3	10
2875	#FFFFFF	#D3D3D3	10
2876	#FFFFFF	#D3D3D3	10
2877	#FFFFFF	#D3D3D3	10
2878	#FFFFFF	#D3D3D3	10
2880	#FFFFFF	#D3D3D3	31
2881	#FFFFFF	#D3D3D3	31
2882	#FFFFFF	#D3D3D3	10
2883	#FFFFFF	#D3D3D3	133
2884	#FFFFFF	#D3D3D3	133
2885	#FFFFFF	#D3D3D3	133
2886	#FFFFFF	#D3D3D3	133
2887	#FFFFFF	#D3D3D3	133
2888	#FFFFFF	#D3D3D3	133
2889	#FFFFFF	#D3D3D3	10
2890	#FFFFFF	#D3D3D3	10
2891	#FFFFFF	#D3D3D3	10
2892	#FFFFFF	#D3D3D3	10
2893	#FFFFFF	#D3D3D3	10
2894	#FFFFFF	#D3D3D3	10
2895	#FFFFFF	#D3D3D3	10
2896	#FFFFFF	#D3D3D3	10
2897	#FFFFFF	#D3D3D3	10
2898	#FFFFFF	#D3D3D3	31
2899	#FFFFFF	#D3D3D3	31
2903	#FFFFFF	#D3D3D3	10
2905	#FFFFFF	#D3D3D3	31
2906	#FFFFFF	#D3D3D3	53
2907	#FFFFFF	#D3D3D3	53
2908	#FFFFFF	#D3D3D3	31
2909	#FFFFFF	#D3D3D3	31
2910	#FFFFFF	#D3D3D3	53
2911	#FFFFFF	#D3D3D3	31
2912	#FFFFFF	#D3D3D3	53
2913	#FFFFFF	#D3D3D3	53
2914	#FFFFFF	#D3D3D3	10
2915	#FFFFFF	#D3D3D3	31
2916	#FFFFFF	#D3D3D3	31
2917	#FFFFFF	#D3D3D3	31
2918	#FFFFFF	#D3D3D3	31
2919	#FFFFFF	#D3D3D3	31
2920	#FFFFFF	#D3D3D3	31
2921	#FFFFFF	#D3D3D3	48
2922	#FFFFFF	#D3D3D3	4
2923	#FFFFFF	#D3D3D3	4
2924	#FFFFFF	#D3D3D3	4
2925	#FFFFFF	#D3D3D3	10
2926	#FFFFFF	#D3D3D3	10
2927	#FFFFFF	#D3D3D3	10
2928	#FFFFFF	#D3D3D3	10
2929	#FFFFFF	#D3D3D3	10
2931	#FFFFFF	#D3D3D3	31
2932	#FFFFFF	#D3D3D3	10
2933	#FFFFFF	#D3D3D3	10
2934	#FFFFFF	#D3D3D3	10
2935	#FFFFFF	#D3D3D3	133
2936	#FFFFFF	#D3D3D3	133
2937	#FFFFFF	#D3D3D3	133
2938	#FFFFFF	#D3D3D3	133
2939	#FFFFFF	#D3D3D3	10
2940	#FFFFFF	#D3D3D3	10
2941	#FFFFFF	#D3D3D3	10
2942	#FFFFFF	#D3D3D3	10
2943	#FFFFFF	#D3D3D3	31
2944	#FFFFFF	#D3D3D3	10
2945	#FFFFFF	#D3D3D3	10
2946	#FFFFFF	#D3D3D3	10
2947	#FFFFFF	#D3D3D3	10
2948	#FFFFFF	#D3D3D3	10
2949	#FFFFFF	#D3D3D3	31
2954	#FFFFFF	#D3D3D3	10
2955	#FFFFFF	#D3D3D3	31
2956	#FFFFFF	#D3D3D3	53
2957	#FFFFFF	#D3D3D3	53
2958	#FFFFFF	#D3D3D3	53
2959	#FFFFFF	#D3D3D3	31
2960	#FFFFFF	#D3D3D3	53
2961	#FFFFFF	#D3D3D3	31
2962	#FFFFFF	#D3D3D3	31
2963	#FFFFFF	#D3D3D3	53
2964	#FFFFFF	#D3D3D3	53
2965	#FFFFFF	#D3D3D3	10
2966	#FFFFFF	#D3D3D3	53
2967	#FFFFFF	#D3D3D3	31
2968	#FFFFFF	#D3D3D3	31
2969	#FFFFFF	#D3D3D3	138
2970	#FFFFFF	#D3D3D3	138
2971	#FFFFFF	#D3D3D3	31
2972	#FFFFFF	#D3D3D3	4
2973	#FFFFFF	#D3D3D3	4
2974	#FFFFFF	#D3D3D3	4
2975	#FFFFFF	#D3D3D3	10
2976	#FFFFFF	#D3D3D3	10
2977	#FFFFFF	#D3D3D3	10
2978	#FFFFFF	#D3D3D3	10
2979	#FFFFFF	#D3D3D3	10
2981	#FFFFFF	#D3D3D3	31
2982	#FFFFFF	#D3D3D3	31
2983	#FFFFFF	#D3D3D3	10
2984	#FFFFFF	#D3D3D3	10
2985	#FFFFFF	#D3D3D3	10
2986	#FFFFFF	#D3D3D3	133
2987	#FFFFFF	#D3D3D3	133
2988	#FFFFFF	#D3D3D3	133
2989	#FFFFFF	#D3D3D3	10
2990	#FFFFFF	#D3D3D3	10
2991	#FFFFFF	#D3D3D3	10
2992	#FFFFFF	#D3D3D3	10
2993	#FFFFFF	#D3D3D3	10
2994	#FFFFFF	#D3D3D3	10
2995	#FFFFFF	#D3D3D3	10
2996	#FFFFFF	#D3D3D3	10
2997	#FFFFFF	#D3D3D3	10
2998	#FFFFFF	#D3D3D3	10
2999	#FFFFFF	#D3D3D3	10
3000	#FFFFFF	#D3D3D3	362
3003	#FFFFFF	#D3D3D3	296
3004	#FFFFFF	#D3D3D3	31
3005	#FFFFFF	#D3D3D3	53
3006	#FFFFFF	#D3D3D3	53
3007	#FFFFFF	#D3D3D3	53
3008	#FFFFFF	#D3D3D3	53
3009	#FFFFFF	#D3D3D3	53
3010	#FFFFFF	#D3D3D3	31
3011	#FFFFFF	#D3D3D3	53
3012	#FFFFFF	#D3D3D3	53
3013	#FFFFFF	#D3D3D3	53
3014	#FFFFFF	#D3D3D3	53
3015	#FFFFFF	#D3D3D3	10
3016	#FFFFFF	#D3D3D3	53
3017	#FFFFFF	#D3D3D3	31
3018	#FFFFFF	#D3D3D3	31
3019	#FFFFFF	#D3D3D3	138
3020	#FFFFFF	#D3D3D3	138
3021	#FFFFFF	#D3D3D3	138
3022	#FFFFFF	#D3D3D3	138
3023	#FFFFFF	#D3D3D3	4
3024	#FFFFFF	#D3D3D3	138
3025	#FFFFFF	#D3D3D3	4
3026	#FFFFFF	#D3D3D3	10
3027	#FFFFFF	#D3D3D3	10
3028	#FFFFFF	#D3D3D3	10
3029	#FFFFFF	#D3D3D3	10
3030	#FFFFFF	#D3D3D3	10
3032	#FFFFFF	#D3D3D3	31
3033	#FFFFFF	#D3D3D3	31
3034	#FFFFFF	#D3D3D3	10
3035	#FFFFFF	#D3D3D3	10
3036	#FFFFFF	#D3D3D3	133
3037	#FFFFFF	#D3D3D3	133
3038	#FFFFFF	#D3D3D3	133
3039	#FFFFFF	#D3D3D3	10
3040	#FFFFFF	#D3D3D3	10
3041	#FFFFFF	#D3D3D3	10
3042	#FFFFFF	#D3D3D3	10
3043	#FFFFFF	#D3D3D3	10
3044	#FFFFFF	#D3D3D3	31
3045	#FFFFFF	#D3D3D3	10
3046	#FFFFFF	#D3D3D3	10
3047	#FFFFFF	#D3D3D3	10
3048	#FFFFFF	#D3D3D3	10
3049	#FFFFFF	#D3D3D3	10
3050	#FFFFFF	#D3D3D3	362
3054	#FFFFFF	#D3D3D3	53
3055	#FFFFFF	#D3D3D3	10
3056	#FFFFFF	#D3D3D3	53
3057	#FFFFFF	#D3D3D3	31
3058	#FFFFFF	#D3D3D3	53
3059	#FFFFFF	#D3D3D3	53
3060	#FFFFFF	#D3D3D3	53
3061	#FFFFFF	#D3D3D3	53
3062	#FFFFFF	#D3D3D3	53
3063	#FFFFFF	#D3D3D3	53
3064	#FFFFFF	#D3D3D3	53
3065	#FFFFFF	#D3D3D3	53
3066	#FFFFFF	#D3D3D3	10
3067	#FFFFFF	#D3D3D3	53
3068	#FFFFFF	#D3D3D3	31
3069	#FFFFFF	#D3D3D3	138
3070	#FFFFFF	#D3D3D3	138
3071	#FFFFFF	#D3D3D3	138
3072	#FFFFFF	#D3D3D3	138
3073	#FFFFFF	#D3D3D3	4
3074	#FFFFFF	#D3D3D3	138
3075	#FFFFFF	#D3D3D3	138
3076	#FFFFFF	#D3D3D3	10
3077	#FFFFFF	#D3D3D3	10
3078	#FFFFFF	#D3D3D3	10
3079	#FFFFFF	#D3D3D3	10
3080	#FFFFFF	#D3D3D3	10
3082	#FFFFFF	#D3D3D3	31
3083	#FFFFFF	#D3D3D3	31
3084	#FFFFFF	#D3D3D3	10
3085	#FFFFFF	#D3D3D3	10
3086	#FFFFFF	#D3D3D3	133
3087	#FFFFFF	#D3D3D3	133
3088	#FFFFFF	#D3D3D3	133
3089	#FFFFFF	#D3D3D3	10
3090	#FFFFFF	#D3D3D3	10
3091	#FFFFFF	#D3D3D3	10
3092	#FFFFFF	#D3D3D3	10
3093	#FFFFFF	#D3D3D3	10
3094	#FFFFFF	#D3D3D3	31
3095	#FFFFFF	#D3D3D3	94
3096	#FFFFFF	#D3D3D3	10
3097	#FFFFFF	#D3D3D3	10
3098	#FFFFFF	#D3D3D3	10
3099	#FFFFFF	#D3D3D3	10
3104	#FFFFFF	#D3D3D3	53
3105	#FFFFFF	#D3D3D3	31
3106	#FFFFFF	#D3D3D3	31
3107	#FFFFFF	#D3D3D3	31
3108	#FFFFFF	#D3D3D3	31
3109	#FFFFFF	#D3D3D3	53
3110	#FFFFFF	#D3D3D3	53
3111	#FFFFFF	#D3D3D3	53
3112	#FFFFFF	#D3D3D3	53
3113	#FFFFFF	#D3D3D3	53
3114	#FFFFFF	#D3D3D3	53
3115	#FFFFFF	#D3D3D3	53
3116	#FFFFFF	#D3D3D3	10
3117	#FFFFFF	#D3D3D3	53
3118	#FFFFFF	#D3D3D3	31
3119	#FFFFFF	#D3D3D3	138
3120	#FFFFFF	#D3D3D3	138
3121	#FFFFFF	#D3D3D3	138
3122	#FFFFFF	#D3D3D3	138
3123	#FFFFFF	#D3D3D3	138
3124	#FFFFFF	#D3D3D3	138
3125	#FFFFFF	#D3D3D3	138
3126	#FFFFFF	#D3D3D3	138
3127	#FFFFFF	#D3D3D3	10
3128	#FFFFFF	#D3D3D3	10
3129	#FFFFFF	#D3D3D3	10
3130	#FFFFFF	#D3D3D3	10
3131	#FFFFFF	#D3D3D3	10
3133	#FFFFFF	#D3D3D3	31
3134	#FFFFFF	#D3D3D3	31
3135	#FFFFFF	#D3D3D3	10
3136	#FFFFFF	#D3D3D3	10
3137	#FFFFFF	#D3D3D3	133
3138	#FFFFFF	#D3D3D3	133
3139	#FFFFFF	#D3D3D3	133
3140	#FFFFFF	#D3D3D3	10
3141	#FFFFFF	#D3D3D3	10
3142	#FFFFFF	#D3D3D3	10
3143	#FFFFFF	#D3D3D3	10
3144	#FFFFFF	#D3D3D3	94
3145	#FFFFFF	#D3D3D3	31
3146	#FFFFFF	#D3D3D3	10
3147	#FFFFFF	#D3D3D3	10
3148	#FFFFFF	#D3D3D3	10
3149	#FFFFFF	#D3D3D3	10
3150	#FFFFFF	#D3D3D3	362
3154	#FFFFFF	#D3D3D3	31
3155	#FFFFFF	#D3D3D3	31
3156	#FFFFFF	#D3D3D3	31
3157	#FFFFFF	#D3D3D3	31
3158	#FFFFFF	#D3D3D3	31
3159	#FFFFFF	#D3D3D3	31
3160	#FFFFFF	#D3D3D3	53
3161	#FFFFFF	#D3D3D3	53
3162	#FFFFFF	#D3D3D3	53
3163	#FFFFFF	#D3D3D3	53
3164	#FFFFFF	#D3D3D3	53
3165	#FFFFFF	#D3D3D3	53
3166	#FFFFFF	#D3D3D3	53
3167	#FFFFFF	#D3D3D3	10
3168	#FFFFFF	#D3D3D3	53
3169	#FFFFFF	#D3D3D3	31
3170	#FFFFFF	#D3D3D3	138
3171	#FFFFFF	#D3D3D3	138
3172	#FFFFFF	#D3D3D3	138
3173	#FFFFFF	#D3D3D3	138
3174	#FFFFFF	#D3D3D3	138
3175	#FFFFFF	#D3D3D3	138
3176	#FFFFFF	#D3D3D3	138
3177	#FFFFFF	#D3D3D3	10
3178	#FFFFFF	#D3D3D3	10
3179	#FFFFFF	#D3D3D3	10
3180	#FFFFFF	#D3D3D3	10
3181	#FFFFFF	#D3D3D3	10
3183	#FFFFFF	#D3D3D3	31
3184	#FFFFFF	#D3D3D3	31
3185	#FFFFFF	#D3D3D3	10
3186	#FFFFFF	#D3D3D3	10
3187	#FFFFFF	#D3D3D3	10
3188	#FFFFFF	#D3D3D3	10
3189	#FFFFFF	#D3D3D3	10
3190	#FFFFFF	#D3D3D3	10
3191	#FFFFFF	#D3D3D3	10
3192	#FFFFFF	#D3D3D3	10
3193	#FFFFFF	#D3D3D3	10
3194	#FFFFFF	#D3D3D3	94
3195	#FFFFFF	#D3D3D3	31
3196	#FFFFFF	#D3D3D3	10
3197	#FFFFFF	#D3D3D3	10
3198	#FFFFFF	#D3D3D3	10
3199	#FFFFFF	#D3D3D3	10
3201	#FFFFFF	#D3D3D3	362
3204	#FFFFFF	#D3D3D3	31
3205	#FFFFFF	#D3D3D3	31
3206	#FFFFFF	#D3D3D3	31
3207	#FFFFFF	#D3D3D3	31
3208	#FFFFFF	#D3D3D3	31
3209	#FFFFFF	#D3D3D3	31
3210	#FFFFFF	#D3D3D3	31
3211	#FFFFFF	#D3D3D3	53
3212	#FFFFFF	#D3D3D3	53
3213	#FFFFFF	#D3D3D3	53
3214	#FFFFFF	#D3D3D3	53
3215	#FFFFFF	#D3D3D3	53
3216	#FFFFFF	#D3D3D3	53
3217	#FFFFFF	#D3D3D3	10
3218	#FFFFFF	#D3D3D3	31
3219	#FFFFFF	#D3D3D3	31
3220	#FFFFFF	#D3D3D3	138
3221	#FFFFFF	#D3D3D3	138
3222	#FFFFFF	#D3D3D3	138
3223	#FFFFFF	#D3D3D3	138
3224	#FFFFFF	#D3D3D3	138
3225	#FFFFFF	#D3D3D3	138
3226	#FFFFFF	#D3D3D3	138
3227	#FFFFFF	#D3D3D3	138
3228	#FFFFFF	#D3D3D3	10
3229	#FFFFFF	#D3D3D3	10
3230	#FFFFFF	#D3D3D3	31
3231	#FFFFFF	#D3D3D3	31
3232	#FFFFFF	#D3D3D3	10
3234	#FFFFFF	#D3D3D3	31
3235	#FFFFFF	#D3D3D3	31
3236	#FFFFFF	#D3D3D3	10
3237	#FFFFFF	#D3D3D3	10
3238	#FFFFFF	#D3D3D3	10
3239	#FFFFFF	#D3D3D3	10
3240	#FFFFFF	#D3D3D3	10
3241	#FFFFFF	#D3D3D3	10
3242	#FFFFFF	#D3D3D3	10
3243	#FFFFFF	#D3D3D3	10
3244	#FFFFFF	#D3D3D3	94
3245	#FFFFFF	#D3D3D3	10
3246	#FFFFFF	#D3D3D3	31
3247	#FFFFFF	#D3D3D3	10
3248	#FFFFFF	#D3D3D3	10
3249	#FFFFFF	#D3D3D3	10
3250	#FFFFFF	#D3D3D3	10
3254	#FFFFFF	#D3D3D3	31
3255	#FFFFFF	#D3D3D3	31
3256	#FFFFFF	#D3D3D3	31
3257	#FFFFFF	#D3D3D3	31
3258	#FFFFFF	#D3D3D3	31
3259	#FFFFFF	#D3D3D3	31
3260	#FFFFFF	#D3D3D3	31
3261	#FFFFFF	#D3D3D3	53
3262	#FFFFFF	#D3D3D3	53
3263	#FFFFFF	#D3D3D3	53
3264	#FFFFFF	#D3D3D3	53
3265	#FFFFFF	#D3D3D3	53
3266	#FFFFFF	#D3D3D3	53
3267	#FFFFFF	#D3D3D3	31
3268	#FFFFFF	#D3D3D3	10
3269	#FFFFFF	#D3D3D3	31
3270	#FFFFFF	#D3D3D3	31
3271	#FFFFFF	#D3D3D3	138
3272	#FFFFFF	#D3D3D3	138
3273	#FFFFFF	#D3D3D3	138
3274	#FFFFFF	#D3D3D3	138
3275	#FFFFFF	#D3D3D3	138
3276	#FFFFFF	#D3D3D3	138
3277	#FFFFFF	#D3D3D3	138
3278	#FFFFFF	#D3D3D3	10
3279	#FFFFFF	#D3D3D3	10
3280	#FFFFFF	#D3D3D3	31
3281	#FFFFFF	#D3D3D3	10
3282	#FFFFFF	#D3D3D3	10
3284	#FFFFFF	#D3D3D3	31
3285	#FFFFFF	#D3D3D3	31
3286	#FFFFFF	#D3D3D3	10
3287	#FFFFFF	#D3D3D3	10
3288	#FFFFFF	#D3D3D3	10
3289	#FFFFFF	#D3D3D3	10
3290	#FFFFFF	#D3D3D3	10
3291	#FFFFFF	#D3D3D3	10
3292	#FFFFFF	#D3D3D3	10
3293	#FFFFFF	#D3D3D3	10
3294	#FFFFFF	#D3D3D3	94
3295	#FFFFFF	#D3D3D3	10
3296	#FFFFFF	#D3D3D3	31
3297	#FFFFFF	#D3D3D3	94
3298	#FFFFFF	#D3D3D3	10
3299	#FFFFFF	#D3D3D3	10
3303	#FFFFFF	#D3D3D3	362
3304	#FFFFFF	#D3D3D3	10
3305	#FFFFFF	#D3D3D3	31
3306	#FFFFFF	#D3D3D3	31
3307	#FFFFFF	#D3D3D3	31
3308	#FFFFFF	#D3D3D3	31
3309	#FFFFFF	#D3D3D3	31
3310	#FFFFFF	#D3D3D3	31
3311	#FFFFFF	#D3D3D3	31
3312	#FFFFFF	#D3D3D3	53
3313	#FFFFFF	#D3D3D3	53
3314	#FFFFFF	#D3D3D3	53
3315	#FFFFFF	#D3D3D3	53
3316	#FFFFFF	#D3D3D3	53
3317	#FFFFFF	#D3D3D3	31
3318	#FFFFFF	#D3D3D3	31
3319	#FFFFFF	#D3D3D3	31
3320	#FFFFFF	#D3D3D3	31
3321	#FFFFFF	#D3D3D3	31
3322	#FFFFFF	#D3D3D3	138
3323	#FFFFFF	#D3D3D3	138
3324	#FFFFFF	#D3D3D3	138
3325	#FFFFFF	#D3D3D3	138
3326	#FFFFFF	#D3D3D3	138
3327	#FFFFFF	#D3D3D3	138
3328	#FFFFFF	#D3D3D3	138
3329	#FFFFFF	#D3D3D3	10
3330	#FFFFFF	#D3D3D3	10
3331	#FFFFFF	#D3D3D3	10
3332	#FFFFFF	#D3D3D3	31
3333	#FFFFFF	#D3D3D3	10
3335	#FFFFFF	#D3D3D3	31
3336	#FFFFFF	#D3D3D3	31
3337	#FFFFFF	#D3D3D3	10
3338	#FFFFFF	#D3D3D3	10
3339	#FFFFFF	#D3D3D3	10
3340	#FFFFFF	#D3D3D3	10
3341	#FFFFFF	#D3D3D3	10
3342	#FFFFFF	#D3D3D3	10
3343	#FFFFFF	#D3D3D3	94
3344	#FFFFFF	#D3D3D3	10
3345	#FFFFFF	#D3D3D3	94
3346	#FFFFFF	#D3D3D3	94
3347	#FFFFFF	#D3D3D3	31
3348	#FFFFFF	#D3D3D3	94
3349	#FFFFFF	#D3D3D3	94
3350	#FFFFFF	#D3D3D3	225
3352	#FFFFFF	#D3D3D3	225
3354	#FFFFFF	#D3D3D3	31
3355	#FFFFFF	#D3D3D3	31
3356	#FFFFFF	#D3D3D3	31
3357	#FFFFFF	#D3D3D3	31
3358	#FFFFFF	#D3D3D3	31
3359	#FFFFFF	#D3D3D3	31
3360	#FFFFFF	#D3D3D3	31
3361	#FFFFFF	#D3D3D3	31
3362	#FFFFFF	#D3D3D3	31
3363	#FFFFFF	#D3D3D3	53
3364	#FFFFFF	#D3D3D3	53
3365	#FFFFFF	#D3D3D3	53
3366	#FFFFFF	#D3D3D3	31
3367	#FFFFFF	#D3D3D3	31
3368	#FFFFFF	#D3D3D3	31
3369	#FFFFFF	#D3D3D3	10
3370	#FFFFFF	#D3D3D3	31
3371	#FFFFFF	#D3D3D3	138
3372	#FFFFFF	#D3D3D3	138
3373	#FFFFFF	#D3D3D3	138
3374	#FFFFFF	#D3D3D3	138
3375	#FFFFFF	#D3D3D3	138
3376	#FFFFFF	#D3D3D3	138
3377	#FFFFFF	#D3D3D3	138
3378	#FFFFFF	#D3D3D3	138
3379	#FFFFFF	#D3D3D3	10
3380	#FFFFFF	#D3D3D3	10
3381	#FFFFFF	#D3D3D3	31
3382	#FFFFFF	#D3D3D3	10
3383	#FFFFFF	#D3D3D3	10
3385	#FFFFFF	#D3D3D3	133
3386	#FFFFFF	#D3D3D3	133
3387	#FFFFFF	#D3D3D3	133
3388	#FFFFFF	#D3D3D3	133
3389	#FFFFFF	#D3D3D3	133
3390	#FFFFFF	#D3D3D3	133
3391	#FFFFFF	#D3D3D3	133
3392	#FFFFFF	#D3D3D3	133
3393	#FFFFFF	#D3D3D3	2
3394	#FFFFFF	#D3D3D3	133
3395	#FFFFFF	#D3D3D3	133
3396	#FFFFFF	#D3D3D3	133
3397	#FFFFFF	#D3D3D3	133
3398	#FFFFFF	#D3D3D3	2
3399	#FFFFFF	#D3D3D3	2
3400	#FFFFFF	#D3D3D3	2
3401	#FFFFFF	#D3D3D3	2
3402	#FFFFFF	#D3D3D3	2
3403	#FFFFFF	#D3D3D3	2
3404	#FFFFFF	#D3D3D3	2
3405	#FFFFFF	#D3D3D3	4
3406	#FFFFFF	#D3D3D3	4
3407	#FFFFFF	#D3D3D3	4
3408	#FFFFFF	#D3D3D3	133
3409	#FFFFFF	#D3D3D3	4
3410	#FFFFFF	#D3D3D3	4
3411	#FFFFFF	#D3D3D3	4
3412	#FFFFFF	#D3D3D3	4
3413	#FFFFFF	#D3D3D3	84
3414	#FFFFFF	#D3D3D3	84
3415	#FFFFFF	#D3D3D3	84
3416	#FFFFFF	#D3D3D3	4
3417	#FFFFFF	#D3D3D3	4
3418	#FFFFFF	#D3D3D3	4
3419	#FFFFFF	#D3D3D3	133
3420	#FFFFFF	#D3D3D3	4
3421	#FFFFFF	#D3D3D3	4
3422	#FFFFFF	#D3D3D3	84
3423	#FFFFFF	#D3D3D3	84
3424	#FFFFFF	#D3D3D3	84
3425	#FFFFFF	#D3D3D3	84
3426	#FFFFFF	#D3D3D3	84
3427	#FFFFFF	#D3D3D3	84
3428	#FFFFFF	#D3D3D3	84
3429	#FFFFFF	#D3D3D3	84
3430	#FFFFFF	#D3D3D3	133
3431	#FFFFFF	#D3D3D3	133
3432	#FFFFFF	#D3D3D3	133
3433	#FFFFFF	#D3D3D3	133
3434	#FFFFFF	#D3D3D3	133
3436	#FFFFFF	#D3D3D3	133
3437	#FFFFFF	#D3D3D3	133
3438	#FFFFFF	#D3D3D3	133
3439	#FFFFFF	#D3D3D3	133
3440	#FFFFFF	#D3D3D3	133
3441	#FFFFFF	#D3D3D3	133
3442	#FFFFFF	#D3D3D3	133
3443	#FFFFFF	#D3D3D3	2
3444	#FFFFFF	#D3D3D3	2
3445	#FFFFFF	#D3D3D3	133
3446	#FFFFFF	#D3D3D3	2
3447	#FFFFFF	#D3D3D3	133
3448	#FFFFFF	#D3D3D3	133
3449	#FFFFFF	#D3D3D3	2
3450	#FFFFFF	#D3D3D3	2
3451	#FFFFFF	#D3D3D3	2
3452	#FFFFFF	#D3D3D3	2
3453	#FFFFFF	#D3D3D3	2
3454	#FFFFFF	#D3D3D3	4
3455	#FFFFFF	#D3D3D3	4
3456	#FFFFFF	#D3D3D3	4
3457	#FFFFFF	#D3D3D3	4
3458	#FFFFFF	#D3D3D3	4
3459	#FFFFFF	#D3D3D3	133
3460	#FFFFFF	#D3D3D3	4
3461	#FFFFFF	#D3D3D3	4
3462	#FFFFFF	#D3D3D3	84
3463	#FFFFFF	#D3D3D3	84
3464	#FFFFFF	#D3D3D3	84
3465	#FFFFFF	#D3D3D3	84
3466	#FFFFFF	#D3D3D3	84
3467	#FFFFFF	#D3D3D3	4
3468	#FFFFFF	#D3D3D3	4
3469	#FFFFFF	#D3D3D3	4
3470	#FFFFFF	#D3D3D3	133
3471	#FFFFFF	#D3D3D3	4
3472	#FFFFFF	#D3D3D3	4
3473	#FFFFFF	#D3D3D3	4
3474	#FFFFFF	#D3D3D3	4
3475	#FFFFFF	#D3D3D3	4
3476	#FFFFFF	#D3D3D3	84
3477	#FFFFFF	#D3D3D3	84
3478	#FFFFFF	#D3D3D3	84
3479	#FFFFFF	#D3D3D3	84
3480	#FFFFFF	#D3D3D3	133
3481	#FFFFFF	#D3D3D3	133
3482	#FFFFFF	#D3D3D3	133
3483	#FFFFFF	#D3D3D3	133
3484	#FFFFFF	#D3D3D3	133
3486	#FFFFFF	#D3D3D3	31
3487	#FFFFFF	#D3D3D3	31
3488	#FFFFFF	#D3D3D3	10
3489	#FFFFFF	#D3D3D3	10
3490	#FFFFFF	#D3D3D3	10
3491	#FFFFFF	#D3D3D3	10
3492	#FFFFFF	#D3D3D3	10
3493	#FFFFFF	#D3D3D3	10
3494	#FFFFFF	#D3D3D3	10
3495	#FFFFFF	#D3D3D3	94
3496	#FFFFFF	#D3D3D3	94
3497	#FFFFFF	#D3D3D3	94
3498	#FFFFFF	#D3D3D3	31
3499	#FFFFFF	#D3D3D3	94
3500	#FFFFFF	#D3D3D3	94
3501	#FFFFFF	#D3D3D3	225
3505	#FFFFFF	#D3D3D3	10
3506	#FFFFFF	#D3D3D3	31
3507	#FFFFFF	#D3D3D3	31
3508	#FFFFFF	#D3D3D3	31
3509	#FFFFFF	#D3D3D3	31
3510	#FFFFFF	#D3D3D3	10
3511	#FFFFFF	#D3D3D3	31
3512	#FFFFFF	#D3D3D3	31
3513	#FFFFFF	#D3D3D3	53
3514	#FFFFFF	#D3D3D3	53
3515	#FFFFFF	#D3D3D3	53
3516	#FFFFFF	#D3D3D3	53
3517	#FFFFFF	#D3D3D3	31
3518	#FFFFFF	#D3D3D3	31
3519	#FFFFFF	#D3D3D3	31
3520	#FFFFFF	#D3D3D3	31
3521	#FFFFFF	#D3D3D3	31
3522	#FFFFFF	#D3D3D3	31
3523	#FFFFFF	#D3D3D3	138
3524	#FFFFFF	#D3D3D3	138
3525	#FFFFFF	#D3D3D3	138
3526	#FFFFFF	#D3D3D3	138
3527	#FFFFFF	#D3D3D3	138
3528	#FFFFFF	#D3D3D3	138
3529	#FFFFFF	#D3D3D3	138
3530	#FFFFFF	#D3D3D3	4
3531	#FFFFFF	#D3D3D3	10
3532	#FFFFFF	#D3D3D3	10
3533	#FFFFFF	#D3D3D3	31
3534	#FFFFFF	#D3D3D3	31
3535	#FFFFFF	#D3D3D3	10
3537	#FFFFFF	#D3D3D3	31
3538	#FFFFFF	#D3D3D3	31
3539	#FFFFFF	#D3D3D3	10
3540	#FFFFFF	#D3D3D3	10
3541	#FFFFFF	#D3D3D3	10
3542	#FFFFFF	#D3D3D3	10
3543	#FFFFFF	#D3D3D3	10
3544	#FFFFFF	#D3D3D3	10
3545	#FFFFFF	#D3D3D3	10
3546	#FFFFFF	#D3D3D3	94
3547	#FFFFFF	#D3D3D3	94
3548	#FFFFFF	#D3D3D3	94
3549	#FFFFFF	#D3D3D3	31
3550	#FFFFFF	#D3D3D3	94
3551	#FFFFFF	#D3D3D3	225
3554	#FFFFFF	#D3D3D3	362
3555	#FFFFFF	#D3D3D3	10
3556	#FFFFFF	#D3D3D3	10
3557	#FFFFFF	#D3D3D3	10
3558	#FFFFFF	#D3D3D3	31
3559	#FFFFFF	#D3D3D3	10
3560	#FFFFFF	#D3D3D3	31
3561	#FFFFFF	#D3D3D3	31
3562	#FFFFFF	#D3D3D3	31
3563	#FFFFFF	#D3D3D3	31
3564	#FFFFFF	#D3D3D3	53
3565	#FFFFFF	#D3D3D3	31
3566	#FFFFFF	#D3D3D3	53
3567	#FFFFFF	#D3D3D3	31
3568	#FFFFFF	#D3D3D3	31
3569	#FFFFFF	#D3D3D3	31
3570	#FFFFFF	#D3D3D3	31
3571	#FFFFFF	#D3D3D3	10
3572	#FFFFFF	#D3D3D3	31
3573	#FFFFFF	#D3D3D3	31
3574	#FFFFFF	#D3D3D3	138
3575	#FFFFFF	#D3D3D3	138
3576	#FFFFFF	#D3D3D3	138
3577	#FFFFFF	#D3D3D3	138
3578	#FFFFFF	#D3D3D3	138
3579	#FFFFFF	#D3D3D3	138
3580	#FFFFFF	#D3D3D3	4
3581	#FFFFFF	#D3D3D3	31
3582	#FFFFFF	#D3D3D3	31
3583	#FFFFFF	#D3D3D3	31
3584	#FFFFFF	#D3D3D3	10
3585	#FFFFFF	#D3D3D3	10
3587	#FFFFFF	#D3D3D3	31
3588	#FFFFFF	#D3D3D3	31
3589	#FFFFFF	#D3D3D3	10
3590	#FFFFFF	#D3D3D3	10
3591	#FFFFFF	#D3D3D3	10
3592	#FFFFFF	#D3D3D3	10
3593	#FFFFFF	#D3D3D3	10
3594	#FFFFFF	#D3D3D3	10
3595	#FFFFFF	#D3D3D3	10
3596	#FFFFFF	#D3D3D3	94
3597	#FFFFFF	#D3D3D3	94
3598	#FFFFFF	#D3D3D3	10
3599	#FFFFFF	#D3D3D3	31
3600	#FFFFFF	#D3D3D3	94
3601	#FFFFFF	#D3D3D3	444
3605	#FFFFFF	#D3D3D3	10
3606	#FFFFFF	#D3D3D3	10
3607	#FFFFFF	#D3D3D3	10
3608	#FFFFFF	#D3D3D3	31
3609	#FFFFFF	#D3D3D3	10
3610	#FFFFFF	#D3D3D3	31
3611	#FFFFFF	#D3D3D3	31
3612	#FFFFFF	#D3D3D3	31
3613	#FFFFFF	#D3D3D3	31
3614	#FFFFFF	#D3D3D3	31
3615	#FFFFFF	#D3D3D3	31
3616	#FFFFFF	#D3D3D3	31
3617	#FFFFFF	#D3D3D3	53
3618	#FFFFFF	#D3D3D3	31
3619	#FFFFFF	#D3D3D3	31
3620	#FFFFFF	#D3D3D3	31
3621	#FFFFFF	#D3D3D3	31
3622	#FFFFFF	#D3D3D3	31
3623	#FFFFFF	#D3D3D3	31
3624	#FFFFFF	#D3D3D3	31
3625	#FFFFFF	#D3D3D3	138
3626	#FFFFFF	#D3D3D3	138
3627	#FFFFFF	#D3D3D3	138
3628	#FFFFFF	#D3D3D3	138
3629	#FFFFFF	#D3D3D3	4
3630	#FFFFFF	#D3D3D3	4
3631	#FFFFFF	#D3D3D3	138
3632	#FFFFFF	#D3D3D3	31
3633	#FFFFFF	#D3D3D3	31
3634	#FFFFFF	#D3D3D3	31
3635	#FFFFFF	#D3D3D3	10
3636	#FFFFFF	#D3D3D3	10
3638	#FFFFFF	#D3D3D3	31
3639	#FFFFFF	#D3D3D3	31
3640	#FFFFFF	#D3D3D3	10
3641	#FFFFFF	#D3D3D3	10
3642	#FFFFFF	#D3D3D3	10
3643	#FFFFFF	#D3D3D3	10
3644	#FFFFFF	#D3D3D3	10
3645	#FFFFFF	#D3D3D3	10
3646	#FFFFFF	#D3D3D3	10
3647	#FFFFFF	#D3D3D3	94
3648	#FFFFFF	#D3D3D3	10
3649	#FFFFFF	#D3D3D3	10
3650	#FFFFFF	#D3D3D3	31
3653	#FFFFFF	#D3D3D3	225
3655	#FFFFFF	#D3D3D3	10
3656	#FFFFFF	#D3D3D3	10
3657	#FFFFFF	#D3D3D3	10
3658	#FFFFFF	#D3D3D3	10
3659	#FFFFFF	#D3D3D3	31
3660	#FFFFFF	#D3D3D3	10
3661	#FFFFFF	#D3D3D3	31
3662	#FFFFFF	#D3D3D3	31
3663	#FFFFFF	#D3D3D3	31
3664	#FFFFFF	#D3D3D3	31
3665	#FFFFFF	#D3D3D3	31
3666	#FFFFFF	#D3D3D3	31
3667	#FFFFFF	#D3D3D3	31
3668	#FFFFFF	#D3D3D3	31
3669	#FFFFFF	#D3D3D3	31
3670	#FFFFFF	#D3D3D3	31
3671	#FFFFFF	#D3D3D3	31
3672	#FFFFFF	#D3D3D3	31
3673	#FFFFFF	#D3D3D3	31
3674	#FFFFFF	#D3D3D3	31
3675	#FFFFFF	#D3D3D3	138
3676	#FFFFFF	#D3D3D3	138
3677	#FFFFFF	#D3D3D3	138
3678	#FFFFFF	#D3D3D3	138
3679	#FFFFFF	#D3D3D3	138
3680	#FFFFFF	#D3D3D3	4
3681	#FFFFFF	#D3D3D3	138
3682	#FFFFFF	#D3D3D3	31
3683	#FFFFFF	#D3D3D3	31
3684	#FFFFFF	#D3D3D3	31
3685	#FFFFFF	#D3D3D3	10
3686	#FFFFFF	#D3D3D3	10
3688	#FFFFFF	#D3D3D3	31
3689	#FFFFFF	#D3D3D3	31
3690	#FFFFFF	#D3D3D3	10
3691	#FFFFFF	#D3D3D3	10
3692	#FFFFFF	#D3D3D3	10
3693	#FFFFFF	#D3D3D3	10
3694	#FFFFFF	#D3D3D3	10
3695	#FFFFFF	#D3D3D3	10
3696	#FFFFFF	#D3D3D3	10
3697	#FFFFFF	#D3D3D3	10
3698	#FFFFFF	#D3D3D3	10
3699	#FFFFFF	#D3D3D3	10
3700	#FFFFFF	#D3D3D3	31
3705	#FFFFFF	#D3D3D3	94
3706	#FFFFFF	#D3D3D3	10
3707	#FFFFFF	#D3D3D3	10
3708	#FFFFFF	#D3D3D3	10
3709	#FFFFFF	#D3D3D3	10
3710	#FFFFFF	#D3D3D3	10
3711	#FFFFFF	#D3D3D3	31
3712	#FFFFFF	#D3D3D3	31
3713	#FFFFFF	#D3D3D3	31
3714	#FFFFFF	#D3D3D3	31
3715	#FFFFFF	#D3D3D3	31
3716	#FFFFFF	#D3D3D3	31
3717	#FFFFFF	#D3D3D3	31
3718	#FFFFFF	#D3D3D3	31
3719	#FFFFFF	#D3D3D3	31
3720	#FFFFFF	#D3D3D3	31
3721	#FFFFFF	#D3D3D3	31
3722	#FFFFFF	#D3D3D3	31
3723	#FFFFFF	#D3D3D3	31
3724	#FFFFFF	#D3D3D3	31
3725	#FFFFFF	#D3D3D3	31
3726	#FFFFFF	#D3D3D3	138
3727	#FFFFFF	#D3D3D3	138
3728	#FFFFFF	#D3D3D3	138
3729	#FFFFFF	#D3D3D3	138
3730	#FFFFFF	#D3D3D3	138
3731	#FFFFFF	#D3D3D3	138
3732	#FFFFFF	#D3D3D3	4
3733	#FFFFFF	#D3D3D3	31
3734	#FFFFFF	#D3D3D3	31
3735	#FFFFFF	#D3D3D3	31
3736	#FFFFFF	#D3D3D3	31
3737	#FFFFFF	#D3D3D3	10
3739	#FFFFFF	#D3D3D3	31
3740	#FFFFFF	#D3D3D3	31
3741	#FFFFFF	#D3D3D3	10
3742	#FFFFFF	#D3D3D3	10
3743	#FFFFFF	#D3D3D3	10
3744	#FFFFFF	#D3D3D3	10
3745	#FFFFFF	#D3D3D3	10
3746	#FFFFFF	#D3D3D3	10
3747	#FFFFFF	#D3D3D3	10
3748	#FFFFFF	#D3D3D3	10
3749	#FFFFFF	#D3D3D3	10
3751	#FFFFFF	#D3D3D3	31
3755	#FFFFFF	#D3D3D3	94
3756	#FFFFFF	#D3D3D3	10
3757	#FFFFFF	#D3D3D3	10
3758	#FFFFFF	#D3D3D3	10
3759	#FFFFFF	#D3D3D3	10
3760	#FFFFFF	#D3D3D3	10
3761	#FFFFFF	#D3D3D3	31
3762	#FFFFFF	#D3D3D3	31
3763	#FFFFFF	#D3D3D3	31
3764	#FFFFFF	#D3D3D3	31
3765	#FFFFFF	#D3D3D3	31
3766	#FFFFFF	#D3D3D3	31
3767	#FFFFFF	#D3D3D3	31
3768	#FFFFFF	#D3D3D3	31
3769	#FFFFFF	#D3D3D3	31
3770	#FFFFFF	#D3D3D3	31
3771	#FFFFFF	#D3D3D3	31
3772	#FFFFFF	#D3D3D3	31
3773	#FFFFFF	#D3D3D3	31
3774	#FFFFFF	#D3D3D3	31
3775	#FFFFFF	#D3D3D3	31
3776	#FFFFFF	#D3D3D3	31
3777	#FFFFFF	#D3D3D3	31
3778	#FFFFFF	#D3D3D3	138
3779	#FFFFFF	#D3D3D3	138
3780	#FFFFFF	#D3D3D3	138
3781	#FFFFFF	#D3D3D3	138
3782	#FFFFFF	#D3D3D3	4
3783	#FFFFFF	#D3D3D3	31
3784	#FFFFFF	#D3D3D3	31
3785	#FFFFFF	#D3D3D3	31
3786	#FFFFFF	#D3D3D3	10
3787	#FFFFFF	#D3D3D3	10
3789	#FFFFFF	#D3D3D3	31
3790	#FFFFFF	#D3D3D3	31
3791	#FFFFFF	#D3D3D3	10
3792	#FFFFFF	#D3D3D3	10
3793	#FFFFFF	#D3D3D3	10
3794	#FFFFFF	#D3D3D3	10
3795	#FFFFFF	#D3D3D3	10
3796	#FFFFFF	#D3D3D3	10
3797	#FFFFFF	#D3D3D3	10
3798	#FFFFFF	#D3D3D3	10
3799	#FFFFFF	#D3D3D3	10
3800	#FFFFFF	#D3D3D3	10
3801	#FFFFFF	#D3D3D3	31
3805	#FFFFFF	#D3D3D3	94
3806	#FFFFFF	#D3D3D3	10
3807	#FFFFFF	#D3D3D3	10
3808	#FFFFFF	#D3D3D3	10
3809	#FFFFFF	#D3D3D3	10
3810	#FFFFFF	#D3D3D3	10
3811	#FFFFFF	#D3D3D3	31
3812	#FFFFFF	#D3D3D3	31
3813	#FFFFFF	#D3D3D3	31
3814	#FFFFFF	#D3D3D3	31
3815	#FFFFFF	#D3D3D3	31
3816	#FFFFFF	#D3D3D3	31
3817	#FFFFFF	#D3D3D3	31
3818	#FFFFFF	#D3D3D3	31
3819	#FFFFFF	#D3D3D3	31
3820	#FFFFFF	#D3D3D3	130
3821	#FFFFFF	#D3D3D3	31
3822	#FFFFFF	#D3D3D3	31
3823	#FFFFFF	#D3D3D3	31
3824	#FFFFFF	#D3D3D3	31
3825	#FFFFFF	#D3D3D3	31
3826	#FFFFFF	#D3D3D3	31
3827	#FFFFFF	#D3D3D3	31
3828	#FFFFFF	#D3D3D3	31
3829	#FFFFFF	#D3D3D3	138
3830	#FFFFFF	#D3D3D3	138
3831	#FFFFFF	#D3D3D3	138
3832	#FFFFFF	#D3D3D3	138
3833	#FFFFFF	#D3D3D3	138
3834	#FFFFFF	#D3D3D3	31
3835	#FFFFFF	#D3D3D3	31
3836	#FFFFFF	#D3D3D3	31
3837	#FFFFFF	#D3D3D3	31
3838	#FFFFFF	#D3D3D3	10
3840	#FFFFFF	#D3D3D3	31
3841	#FFFFFF	#D3D3D3	31
3842	#FFFFFF	#D3D3D3	10
3843	#FFFFFF	#D3D3D3	10
3844	#FFFFFF	#D3D3D3	10
3845	#FFFFFF	#D3D3D3	10
3846	#FFFFFF	#D3D3D3	10
3847	#FFFFFF	#D3D3D3	10
3848	#FFFFFF	#D3D3D3	10
3849	#FFFFFF	#D3D3D3	10
3850	#FFFFFF	#D3D3D3	291
3852	#FFFFFF	#D3D3D3	31
3855	#FFFFFF	#D3D3D3	94
3856	#FFFFFF	#D3D3D3	94
3857	#FFFFFF	#D3D3D3	10
3858	#FFFFFF	#D3D3D3	10
3859	#FFFFFF	#D3D3D3	10
3860	#FFFFFF	#D3D3D3	10
3861	#FFFFFF	#D3D3D3	10
3862	#FFFFFF	#D3D3D3	31
3863	#FFFFFF	#D3D3D3	31
3864	#FFFFFF	#D3D3D3	31
3865	#FFFFFF	#D3D3D3	31
3866	#FFFFFF	#D3D3D3	31
3867	#FFFFFF	#D3D3D3	31
3868	#FFFFFF	#D3D3D3	31
3869	#FFFFFF	#D3D3D3	31
3870	#FFFFFF	#D3D3D3	31
3871	#FFFFFF	#D3D3D3	130
3872	#FFFFFF	#D3D3D3	130
3873	#FFFFFF	#D3D3D3	31
3874	#FFFFFF	#D3D3D3	31
3875	#FFFFFF	#D3D3D3	31
3876	#FFFFFF	#D3D3D3	31
3877	#FFFFFF	#D3D3D3	31
3878	#FFFFFF	#D3D3D3	31
3879	#FFFFFF	#D3D3D3	138
3880	#FFFFFF	#D3D3D3	138
3881	#FFFFFF	#D3D3D3	138
3882	#FFFFFF	#D3D3D3	138
3883	#FFFFFF	#D3D3D3	138
3884	#FFFFFF	#D3D3D3	31
3885	#FFFFFF	#D3D3D3	31
3886	#FFFFFF	#D3D3D3	31
3887	#FFFFFF	#D3D3D3	31
3888	#FFFFFF	#D3D3D3	10
3890	#FFFFFF	#D3D3D3	31
3891	#FFFFFF	#D3D3D3	31
3892	#FFFFFF	#D3D3D3	10
3893	#FFFFFF	#D3D3D3	10
3894	#FFFFFF	#D3D3D3	441
3895	#FFFFFF	#D3D3D3	10
3896	#FFFFFF	#D3D3D3	10
3897	#FFFFFF	#D3D3D3	10
3898	#FFFFFF	#D3D3D3	377
3899	#FFFFFF	#D3D3D3	10
3902	#FFFFFF	#D3D3D3	31
3905	#FFFFFF	#D3D3D3	10
3906	#FFFFFF	#D3D3D3	94
3907	#FFFFFF	#D3D3D3	94
3908	#FFFFFF	#D3D3D3	10
3909	#FFFFFF	#D3D3D3	10
3910	#FFFFFF	#D3D3D3	10
3911	#FFFFFF	#D3D3D3	10
3912	#FFFFFF	#D3D3D3	31
3913	#FFFFFF	#D3D3D3	31
3914	#FFFFFF	#D3D3D3	31
3915	#FFFFFF	#D3D3D3	31
3916	#FFFFFF	#D3D3D3	31
3917	#FFFFFF	#D3D3D3	31
3918	#FFFFFF	#D3D3D3	31
3919	#FFFFFF	#D3D3D3	31
3920	#FFFFFF	#D3D3D3	31
3921	#FFFFFF	#D3D3D3	31
3922	#FFFFFF	#D3D3D3	130
3923	#FFFFFF	#D3D3D3	31
3924	#FFFFFF	#D3D3D3	31
3925	#FFFFFF	#D3D3D3	31
3926	#FFFFFF	#D3D3D3	31
3927	#FFFFFF	#D3D3D3	31
3928	#FFFFFF	#D3D3D3	31
3929	#FFFFFF	#D3D3D3	31
3930	#FFFFFF	#D3D3D3	138
3931	#FFFFFF	#D3D3D3	138
3932	#FFFFFF	#D3D3D3	138
3933	#FFFFFF	#D3D3D3	138
3934	#FFFFFF	#D3D3D3	138
3935	#FFFFFF	#D3D3D3	31
3936	#FFFFFF	#D3D3D3	31
3937	#FFFFFF	#D3D3D3	31
3938	#FFFFFF	#D3D3D3	31
3939	#FFFFFF	#D3D3D3	31
3941	#FFFFFF	#D3D3D3	31
3942	#FFFFFF	#D3D3D3	31
3943	#FFFFFF	#D3D3D3	31
3944	#FFFFFF	#D3D3D3	344
3945	#FFFFFF	#D3D3D3	10
3946	#FFFFFF	#D3D3D3	10
3947	#FFFFFF	#D3D3D3	289
3948	#FFFFFF	#D3D3D3	377
3949	#FFFFFF	#D3D3D3	10
3953	#FFFFFF	#D3D3D3	31
3955	#FFFFFF	#D3D3D3	10
3956	#FFFFFF	#D3D3D3	10
3957	#FFFFFF	#D3D3D3	10
3958	#FFFFFF	#D3D3D3	10
3959	#FFFFFF	#D3D3D3	10
3960	#FFFFFF	#D3D3D3	10
3961	#FFFFFF	#D3D3D3	10
3962	#FFFFFF	#D3D3D3	31
3963	#FFFFFF	#D3D3D3	31
3964	#FFFFFF	#D3D3D3	31
3965	#FFFFFF	#D3D3D3	31
3966	#FFFFFF	#D3D3D3	31
3967	#FFFFFF	#D3D3D3	31
3968	#FFFFFF	#D3D3D3	31
3969	#FFFFFF	#D3D3D3	31
3970	#FFFFFF	#D3D3D3	31
3971	#FFFFFF	#D3D3D3	31
3972	#FFFFFF	#D3D3D3	130
3973	#FFFFFF	#D3D3D3	130
3974	#FFFFFF	#D3D3D3	31
3975	#FFFFFF	#D3D3D3	31
3976	#FFFFFF	#D3D3D3	31
3977	#FFFFFF	#D3D3D3	31
3978	#FFFFFF	#D3D3D3	31
3979	#FFFFFF	#D3D3D3	31
3980	#FFFFFF	#D3D3D3	31
3981	#FFFFFF	#D3D3D3	138
3982	#FFFFFF	#D3D3D3	138
3983	#FFFFFF	#D3D3D3	138
3984	#FFFFFF	#D3D3D3	138
3985	#FFFFFF	#D3D3D3	31
3986	#FFFFFF	#D3D3D3	31
3987	#FFFFFF	#D3D3D3	31
3988	#FFFFFF	#D3D3D3	31
3989	#FFFFFF	#D3D3D3	31
4042	#FFFFFF	#D3D3D3	133
4043	#FFFFFF	#D3D3D3	133
4044	#FFFFFF	#D3D3D3	133
4045	#FFFFFF	#D3D3D3	133
4046	#FFFFFF	#D3D3D3	133
4047	#FFFFFF	#D3D3D3	133
4048	#FFFFFF	#D3D3D3	133
4049	#FFFFFF	#D3D3D3	2
4050	#FFFFFF	#D3D3D3	133
4051	#FFFFFF	#D3D3D3	133
4052	#FFFFFF	#D3D3D3	2
4053	#FFFFFF	#D3D3D3	2
4054	#FFFFFF	#D3D3D3	133
4055	#FFFFFF	#D3D3D3	2
4056	#FFFFFF	#D3D3D3	2
4057	#FFFFFF	#D3D3D3	2
4058	#FFFFFF	#D3D3D3	2
4059	#FFFFFF	#D3D3D3	2
4060	#FFFFFF	#D3D3D3	4
4061	#FFFFFF	#D3D3D3	4
4062	#FFFFFF	#D3D3D3	4
4063	#FFFFFF	#D3D3D3	4
4064	#FFFFFF	#D3D3D3	4
4065	#FFFFFF	#D3D3D3	133
4066	#FFFFFF	#D3D3D3	4
4067	#FFFFFF	#D3D3D3	4
4068	#FFFFFF	#D3D3D3	4
4069	#FFFFFF	#D3D3D3	84
4070	#FFFFFF	#D3D3D3	4
4071	#FFFFFF	#D3D3D3	84
4072	#FFFFFF	#D3D3D3	84
4073	#FFFFFF	#D3D3D3	4
4074	#FFFFFF	#D3D3D3	4
4075	#FFFFFF	#D3D3D3	4
4076	#FFFFFF	#D3D3D3	133
4077	#FFFFFF	#D3D3D3	84
4078	#FFFFFF	#D3D3D3	4
4079	#FFFFFF	#D3D3D3	4
4080	#FFFFFF	#D3D3D3	4
4081	#FFFFFF	#D3D3D3	4
4082	#FFFFFF	#D3D3D3	84
4083	#FFFFFF	#D3D3D3	84
4084	#FFFFFF	#D3D3D3	84
4085	#FFFFFF	#D3D3D3	84
4086	#FFFFFF	#D3D3D3	84
4087	#FFFFFF	#D3D3D3	133
4088	#FFFFFF	#D3D3D3	133
4089	#FFFFFF	#D3D3D3	133
4090	#FFFFFF	#D3D3D3	133
4091	#FFFFFF	#D3D3D3	133
4093	#FFFFFF	#D3D3D3	133
4094	#FFFFFF	#D3D3D3	133
4095	#FFFFFF	#D3D3D3	133
4096	#FFFFFF	#D3D3D3	133
4097	#FFFFFF	#D3D3D3	133
4098	#FFFFFF	#D3D3D3	133
4099	#FFFFFF	#D3D3D3	133
4100	#FFFFFF	#D3D3D3	133
4101	#FFFFFF	#D3D3D3	133
4102	#FFFFFF	#D3D3D3	2
4103	#FFFFFF	#D3D3D3	2
4104	#FFFFFF	#D3D3D3	2
4105	#FFFFFF	#D3D3D3	133
4106	#FFFFFF	#D3D3D3	103
4107	#FFFFFF	#D3D3D3	2
4108	#FFFFFF	#D3D3D3	103
4109	#FFFFFF	#D3D3D3	2
4110	#FFFFFF	#D3D3D3	2
4111	#FFFFFF	#D3D3D3	4
4112	#FFFFFF	#D3D3D3	4
4113	#FFFFFF	#D3D3D3	4
4114	#FFFFFF	#D3D3D3	4
4115	#FFFFFF	#D3D3D3	4
4116	#FFFFFF	#D3D3D3	133
4117	#FFFFFF	#D3D3D3	2
4118	#FFFFFF	#D3D3D3	2
4119	#FFFFFF	#D3D3D3	4
4120	#FFFFFF	#D3D3D3	4
4121	#FFFFFF	#D3D3D3	84
4122	#FFFFFF	#D3D3D3	84
4123	#FFFFFF	#D3D3D3	4
4124	#FFFFFF	#D3D3D3	4
4125	#FFFFFF	#D3D3D3	4
4126	#FFFFFF	#D3D3D3	84
4127	#FFFFFF	#D3D3D3	133
4128	#FFFFFF	#D3D3D3	84
4129	#FFFFFF	#D3D3D3	84
4130	#FFFFFF	#D3D3D3	4
4131	#FFFFFF	#D3D3D3	84
4132	#FFFFFF	#D3D3D3	84
4133	#FFFFFF	#D3D3D3	84
4134	#FFFFFF	#D3D3D3	84
4135	#FFFFFF	#D3D3D3	84
4136	#FFFFFF	#D3D3D3	84
4137	#FFFFFF	#D3D3D3	133
4138	#FFFFFF	#D3D3D3	133
4139	#FFFFFF	#D3D3D3	133
4140	#FFFFFF	#D3D3D3	133
4141	#FFFFFF	#D3D3D3	133
4143	#FFFFFF	#D3D3D3	133
4144	#FFFFFF	#D3D3D3	133
4145	#FFFFFF	#D3D3D3	133
4146	#FFFFFF	#D3D3D3	133
4147	#FFFFFF	#D3D3D3	133
4148	#FFFFFF	#D3D3D3	133
4149	#FFFFFF	#D3D3D3	133
4150	#FFFFFF	#D3D3D3	133
4151	#FFFFFF	#D3D3D3	133
4152	#FFFFFF	#D3D3D3	133
4153	#FFFFFF	#D3D3D3	2
4154	#FFFFFF	#D3D3D3	2
4155	#FFFFFF	#D3D3D3	133
4156	#FFFFFF	#D3D3D3	103
4157	#FFFFFF	#D3D3D3	103
4158	#FFFFFF	#D3D3D3	2
4159	#FFFFFF	#D3D3D3	103
4160	#FFFFFF	#D3D3D3	103
4161	#FFFFFF	#D3D3D3	2
4162	#FFFFFF	#D3D3D3	4
4163	#FFFFFF	#D3D3D3	4
4164	#FFFFFF	#D3D3D3	4
4165	#FFFFFF	#D3D3D3	4
4166	#FFFFFF	#D3D3D3	133
4167	#FFFFFF	#D3D3D3	4
4168	#FFFFFF	#D3D3D3	2
4169	#FFFFFF	#D3D3D3	4
4170	#FFFFFF	#D3D3D3	4
4171	#FFFFFF	#D3D3D3	4
4172	#FFFFFF	#D3D3D3	4
4173	#FFFFFF	#D3D3D3	4
4174	#FFFFFF	#D3D3D3	4
4175	#FFFFFF	#D3D3D3	4
4176	#FFFFFF	#D3D3D3	4
4177	#FFFFFF	#D3D3D3	133
4178	#FFFFFF	#D3D3D3	4
4179	#FFFFFF	#D3D3D3	84
4180	#FFFFFF	#D3D3D3	84
4181	#FFFFFF	#D3D3D3	4
4182	#FFFFFF	#D3D3D3	84
4183	#FFFFFF	#D3D3D3	84
4184	#FFFFFF	#D3D3D3	84
4185	#FFFFFF	#D3D3D3	84
4186	#FFFFFF	#D3D3D3	84
4187	#FFFFFF	#D3D3D3	84
4188	#FFFFFF	#D3D3D3	133
4189	#FFFFFF	#D3D3D3	133
4190	#FFFFFF	#D3D3D3	133
4191	#FFFFFF	#D3D3D3	133
4192	#FFFFFF	#D3D3D3	133
4194	#FFFFFF	#D3D3D3	133
4195	#FFFFFF	#D3D3D3	133
4196	#FFFFFF	#D3D3D3	133
4197	#FFFFFF	#D3D3D3	133
4198	#FFFFFF	#D3D3D3	133
4199	#FFFFFF	#D3D3D3	133
4200	#FFFFFF	#D3D3D3	133
4201	#FFFFFF	#D3D3D3	133
4202	#FFFFFF	#D3D3D3	133
4203	#FFFFFF	#D3D3D3	2
4204	#FFFFFF	#D3D3D3	2
4205	#FFFFFF	#D3D3D3	103
4206	#FFFFFF	#D3D3D3	133
4207	#FFFFFF	#D3D3D3	103
4208	#FFFFFF	#D3D3D3	103
4209	#FFFFFF	#D3D3D3	2
4210	#FFFFFF	#D3D3D3	103
4211	#FFFFFF	#D3D3D3	2
4212	#FFFFFF	#D3D3D3	2
4213	#FFFFFF	#D3D3D3	4
4214	#FFFFFF	#D3D3D3	4
4215	#FFFFFF	#D3D3D3	2
4216	#FFFFFF	#D3D3D3	4
4217	#FFFFFF	#D3D3D3	133
4218	#FFFFFF	#D3D3D3	2
4219	#FFFFFF	#D3D3D3	2
4220	#FFFFFF	#D3D3D3	4
4221	#FFFFFF	#D3D3D3	4
4222	#FFFFFF	#D3D3D3	4
4223	#FFFFFF	#D3D3D3	4
4224	#FFFFFF	#D3D3D3	4
4225	#FFFFFF	#D3D3D3	4
4226	#FFFFFF	#D3D3D3	4
4227	#FFFFFF	#D3D3D3	4
4228	#FFFFFF	#D3D3D3	133
4229	#FFFFFF	#D3D3D3	84
4230	#FFFFFF	#D3D3D3	4
4231	#FFFFFF	#D3D3D3	84
4232	#FFFFFF	#D3D3D3	4
4233	#FFFFFF	#D3D3D3	84
4234	#FFFFFF	#D3D3D3	84
4235	#FFFFFF	#D3D3D3	84
4236	#FFFFFF	#D3D3D3	84
4237	#FFFFFF	#D3D3D3	84
4238	#FFFFFF	#D3D3D3	133
4239	#FFFFFF	#D3D3D3	133
4240	#FFFFFF	#D3D3D3	133
4241	#FFFFFF	#D3D3D3	133
4242	#FFFFFF	#D3D3D3	133
4244	#FFFFFF	#D3D3D3	133
4245	#FFFFFF	#D3D3D3	133
4246	#FFFFFF	#D3D3D3	133
4247	#FFFFFF	#D3D3D3	133
4248	#FFFFFF	#D3D3D3	133
4249	#FFFFFF	#D3D3D3	133
4250	#FFFFFF	#D3D3D3	133
4251	#FFFFFF	#D3D3D3	133
4252	#FFFFFF	#D3D3D3	133
4253	#FFFFFF	#D3D3D3	133
4254	#FFFFFF	#D3D3D3	2
4255	#FFFFFF	#D3D3D3	103
4256	#FFFFFF	#D3D3D3	133
4257	#FFFFFF	#D3D3D3	103
4258	#FFFFFF	#D3D3D3	103
4259	#FFFFFF	#D3D3D3	103
4260	#FFFFFF	#D3D3D3	103
4261	#FFFFFF	#D3D3D3	103
4262	#FFFFFF	#D3D3D3	2
4263	#FFFFFF	#D3D3D3	2
4264	#FFFFFF	#D3D3D3	4
4265	#FFFFFF	#D3D3D3	2
4266	#FFFFFF	#D3D3D3	2
4267	#FFFFFF	#D3D3D3	133
4268	#FFFFFF	#D3D3D3	2
4269	#FFFFFF	#D3D3D3	2
4270	#FFFFFF	#D3D3D3	4
4271	#FFFFFF	#D3D3D3	4
4272	#FFFFFF	#D3D3D3	4
4273	#FFFFFF	#D3D3D3	4
4274	#FFFFFF	#D3D3D3	4
4275	#FFFFFF	#D3D3D3	4
4276	#FFFFFF	#D3D3D3	4
4277	#FFFFFF	#D3D3D3	4
4278	#FFFFFF	#D3D3D3	133
4279	#FFFFFF	#D3D3D3	4
4280	#FFFFFF	#D3D3D3	4
4281	#FFFFFF	#D3D3D3	4
4282	#FFFFFF	#D3D3D3	84
4283	#FFFFFF	#D3D3D3	4
4284	#FFFFFF	#D3D3D3	84
4285	#FFFFFF	#D3D3D3	84
4286	#FFFFFF	#D3D3D3	84
4287	#FFFFFF	#D3D3D3	4
4288	#FFFFFF	#D3D3D3	4
4289	#FFFFFF	#D3D3D3	133
4290	#FFFFFF	#D3D3D3	133
4291	#FFFFFF	#D3D3D3	133
4292	#FFFFFF	#D3D3D3	133
4293	#FFFFFF	#D3D3D3	133
4295	#FFFFFF	#D3D3D3	133
4296	#FFFFFF	#D3D3D3	133
4297	#FFFFFF	#D3D3D3	133
4298	#FFFFFF	#D3D3D3	133
4299	#FFFFFF	#D3D3D3	133
4300	#FFFFFF	#D3D3D3	133
4301	#FFFFFF	#D3D3D3	133
4302	#FFFFFF	#D3D3D3	133
4303	#FFFFFF	#D3D3D3	133
4304	#FFFFFF	#D3D3D3	2
4305	#FFFFFF	#D3D3D3	2
4306	#FFFFFF	#D3D3D3	103
4307	#FFFFFF	#D3D3D3	133
4308	#FFFFFF	#D3D3D3	103
4309	#FFFFFF	#D3D3D3	103
4310	#FFFFFF	#D3D3D3	103
4311	#FFFFFF	#D3D3D3	103
4312	#FFFFFF	#D3D3D3	2
4313	#FFFFFF	#D3D3D3	2
4314	#FFFFFF	#D3D3D3	2
4315	#FFFFFF	#D3D3D3	2
4316	#FFFFFF	#D3D3D3	2
4317	#FFFFFF	#D3D3D3	2
4318	#FFFFFF	#D3D3D3	133
4319	#FFFFFF	#D3D3D3	2
4320	#FFFFFF	#D3D3D3	4
4321	#FFFFFF	#D3D3D3	4
4322	#FFFFFF	#D3D3D3	4
4323	#FFFFFF	#D3D3D3	2
4324	#FFFFFF	#D3D3D3	4
4325	#FFFFFF	#D3D3D3	4
4326	#FFFFFF	#D3D3D3	4
4327	#FFFFFF	#D3D3D3	4
4328	#FFFFFF	#D3D3D3	4
4329	#FFFFFF	#D3D3D3	133
4330	#FFFFFF	#D3D3D3	4
4331	#FFFFFF	#D3D3D3	4
4332	#FFFFFF	#D3D3D3	84
4333	#FFFFFF	#D3D3D3	4
4334	#FFFFFF	#D3D3D3	84
4335	#FFFFFF	#D3D3D3	4
4336	#FFFFFF	#D3D3D3	84
4337	#FFFFFF	#D3D3D3	84
4338	#FFFFFF	#D3D3D3	4
4339	#FFFFFF	#D3D3D3	133
4340	#FFFFFF	#D3D3D3	133
4341	#FFFFFF	#D3D3D3	133
4342	#FFFFFF	#D3D3D3	133
4343	#FFFFFF	#D3D3D3	133
4345	#FFFFFF	#D3D3D3	133
4346	#FFFFFF	#D3D3D3	133
4347	#FFFFFF	#D3D3D3	133
4348	#FFFFFF	#D3D3D3	133
4349	#FFFFFF	#D3D3D3	133
4350	#FFFFFF	#D3D3D3	133
4351	#FFFFFF	#D3D3D3	133
4352	#FFFFFF	#D3D3D3	133
4353	#FFFFFF	#D3D3D3	133
4354	#FFFFFF	#D3D3D3	2
4355	#FFFFFF	#D3D3D3	2
4356	#FFFFFF	#D3D3D3	103
4357	#FFFFFF	#D3D3D3	133
4358	#FFFFFF	#D3D3D3	2
4359	#FFFFFF	#D3D3D3	103
4360	#FFFFFF	#D3D3D3	103
4361	#FFFFFF	#D3D3D3	103
4362	#FFFFFF	#D3D3D3	103
4363	#FFFFFF	#D3D3D3	2
4364	#FFFFFF	#D3D3D3	103
4365	#FFFFFF	#D3D3D3	2
4366	#FFFFFF	#D3D3D3	2
4367	#FFFFFF	#D3D3D3	2
4368	#FFFFFF	#D3D3D3	133
4369	#FFFFFF	#D3D3D3	2
4370	#FFFFFF	#D3D3D3	4
4371	#FFFFFF	#D3D3D3	4
4372	#FFFFFF	#D3D3D3	4
4373	#FFFFFF	#D3D3D3	2
4374	#FFFFFF	#D3D3D3	4
4375	#FFFFFF	#D3D3D3	4
4376	#FFFFFF	#D3D3D3	2
4377	#FFFFFF	#D3D3D3	4
4378	#FFFFFF	#D3D3D3	4
4379	#FFFFFF	#D3D3D3	133
4380	#FFFFFF	#D3D3D3	4
4381	#FFFFFF	#D3D3D3	4
4382	#FFFFFF	#D3D3D3	4
4383	#FFFFFF	#D3D3D3	84
4384	#FFFFFF	#D3D3D3	84
4385	#FFFFFF	#D3D3D3	84
4386	#FFFFFF	#D3D3D3	4
4387	#FFFFFF	#D3D3D3	84
4388	#FFFFFF	#D3D3D3	84
4389	#FFFFFF	#D3D3D3	4
4390	#FFFFFF	#D3D3D3	133
4391	#FFFFFF	#D3D3D3	133
4392	#FFFFFF	#D3D3D3	133
4393	#FFFFFF	#D3D3D3	133
4394	#FFFFFF	#D3D3D3	133
4396	#FFFFFF	#D3D3D3	133
4397	#FFFFFF	#D3D3D3	133
4398	#FFFFFF	#D3D3D3	133
4399	#FFFFFF	#D3D3D3	133
4400	#FFFFFF	#D3D3D3	133
4401	#FFFFFF	#D3D3D3	133
4402	#FFFFFF	#D3D3D3	133
4403	#FFFFFF	#D3D3D3	133
4404	#FFFFFF	#D3D3D3	133
4405	#FFFFFF	#D3D3D3	133
4406	#FFFFFF	#D3D3D3	2
4407	#FFFFFF	#D3D3D3	2
4408	#FFFFFF	#D3D3D3	133
4409	#FFFFFF	#D3D3D3	103
4410	#FFFFFF	#D3D3D3	103
4411	#FFFFFF	#D3D3D3	103
4412	#FFFFFF	#D3D3D3	103
4413	#FFFFFF	#D3D3D3	103
4414	#FFFFFF	#D3D3D3	2
4415	#FFFFFF	#D3D3D3	103
4416	#FFFFFF	#D3D3D3	2
4417	#FFFFFF	#D3D3D3	2
4418	#FFFFFF	#D3D3D3	2
4419	#FFFFFF	#D3D3D3	133
4420	#FFFFFF	#D3D3D3	2
4421	#FFFFFF	#D3D3D3	4
4422	#FFFFFF	#D3D3D3	2
4423	#FFFFFF	#D3D3D3	2
4424	#FFFFFF	#D3D3D3	2
4425	#FFFFFF	#D3D3D3	4
4426	#FFFFFF	#D3D3D3	4
4427	#FFFFFF	#D3D3D3	2
4428	#FFFFFF	#D3D3D3	4
4429	#FFFFFF	#D3D3D3	4
4430	#FFFFFF	#D3D3D3	133
4431	#FFFFFF	#D3D3D3	4
4432	#FFFFFF	#D3D3D3	84
4433	#FFFFFF	#D3D3D3	84
4434	#FFFFFF	#D3D3D3	84
4435	#FFFFFF	#D3D3D3	84
4436	#FFFFFF	#D3D3D3	4
4437	#FFFFFF	#D3D3D3	84
4438	#FFFFFF	#D3D3D3	84
4439	#FFFFFF	#D3D3D3	84
4440	#FFFFFF	#D3D3D3	133
4441	#FFFFFF	#D3D3D3	133
4442	#FFFFFF	#D3D3D3	133
4443	#FFFFFF	#D3D3D3	133
4444	#FFFFFF	#D3D3D3	133
4446	#FFFFFF	#D3D3D3	133
4447	#FFFFFF	#D3D3D3	133
4448	#FFFFFF	#D3D3D3	133
4449	#FFFFFF	#D3D3D3	133
4450	#FFFFFF	#D3D3D3	133
4451	#FFFFFF	#D3D3D3	133
4452	#FFFFFF	#D3D3D3	133
4453	#FFFFFF	#D3D3D3	133
4454	#FFFFFF	#D3D3D3	133
4455	#FFFFFF	#D3D3D3	133
4456	#FFFFFF	#D3D3D3	133
4457	#FFFFFF	#D3D3D3	2
4458	#FFFFFF	#D3D3D3	133
4459	#FFFFFF	#D3D3D3	103
4460	#FFFFFF	#D3D3D3	103
4461	#FFFFFF	#D3D3D3	103
4462	#FFFFFF	#D3D3D3	103
4463	#FFFFFF	#D3D3D3	103
4464	#FFFFFF	#D3D3D3	103
4465	#FFFFFF	#D3D3D3	103
4466	#FFFFFF	#D3D3D3	2
4467	#FFFFFF	#D3D3D3	2
4468	#FFFFFF	#D3D3D3	2
4469	#FFFFFF	#D3D3D3	133
4470	#FFFFFF	#D3D3D3	2
4471	#FFFFFF	#D3D3D3	2
4472	#FFFFFF	#D3D3D3	2
4473	#FFFFFF	#D3D3D3	2
4474	#FFFFFF	#D3D3D3	2
4475	#FFFFFF	#D3D3D3	4
4476	#FFFFFF	#D3D3D3	4
4477	#FFFFFF	#D3D3D3	2
4478	#FFFFFF	#D3D3D3	2
4479	#FFFFFF	#D3D3D3	4
4480	#FFFFFF	#D3D3D3	133
4481	#FFFFFF	#D3D3D3	4
4482	#FFFFFF	#D3D3D3	84
4483	#FFFFFF	#D3D3D3	84
4484	#FFFFFF	#D3D3D3	4
4485	#FFFFFF	#D3D3D3	84
4486	#FFFFFF	#D3D3D3	4
4487	#FFFFFF	#D3D3D3	4
4488	#FFFFFF	#D3D3D3	84
4489	#FFFFFF	#D3D3D3	4
4490	#FFFFFF	#D3D3D3	4
4491	#FFFFFF	#D3D3D3	133
4492	#FFFFFF	#D3D3D3	133
4493	#FFFFFF	#D3D3D3	133
4494	#FFFFFF	#D3D3D3	133
4495	#FFFFFF	#D3D3D3	133
4497	#FFFFFF	#D3D3D3	133
4498	#FFFFFF	#D3D3D3	133
4499	#FFFFFF	#D3D3D3	133
4500	#FFFFFF	#D3D3D3	133
4501	#FFFFFF	#D3D3D3	133
4502	#FFFFFF	#D3D3D3	133
4503	#FFFFFF	#D3D3D3	133
4504	#FFFFFF	#D3D3D3	133
4505	#FFFFFF	#D3D3D3	133
4506	#FFFFFF	#D3D3D3	207
4507	#FFFFFF	#D3D3D3	133
4508	#FFFFFF	#D3D3D3	103
4509	#FFFFFF	#D3D3D3	133
4510	#FFFFFF	#D3D3D3	103
4511	#FFFFFF	#D3D3D3	103
4512	#FFFFFF	#D3D3D3	103
4513	#FFFFFF	#D3D3D3	103
4514	#FFFFFF	#D3D3D3	103
4515	#FFFFFF	#D3D3D3	103
4516	#FFFFFF	#D3D3D3	2
4517	#FFFFFF	#D3D3D3	103
4518	#FFFFFF	#D3D3D3	2
4519	#FFFFFF	#D3D3D3	2
4520	#FFFFFF	#D3D3D3	133
4521	#FFFFFF	#D3D3D3	2
4522	#FFFFFF	#D3D3D3	2
4523	#FFFFFF	#D3D3D3	2
4524	#FFFFFF	#D3D3D3	2
4525	#FFFFFF	#D3D3D3	2
4526	#FFFFFF	#D3D3D3	2
4527	#FFFFFF	#D3D3D3	2
4528	#FFFFFF	#D3D3D3	2
4529	#FFFFFF	#D3D3D3	4
4530	#FFFFFF	#D3D3D3	4
4531	#FFFFFF	#D3D3D3	133
4532	#FFFFFF	#D3D3D3	4
4533	#FFFFFF	#D3D3D3	84
4534	#FFFFFF	#D3D3D3	4
4535	#FFFFFF	#D3D3D3	4
4536	#FFFFFF	#D3D3D3	4
4537	#FFFFFF	#D3D3D3	4
4538	#FFFFFF	#D3D3D3	4
4539	#FFFFFF	#D3D3D3	84
4540	#FFFFFF	#D3D3D3	4
4541	#FFFFFF	#D3D3D3	133
4542	#FFFFFF	#D3D3D3	133
4543	#FFFFFF	#D3D3D3	133
4544	#FFFFFF	#D3D3D3	133
4545	#FFFFFF	#D3D3D3	133
4547	#FFFFFF	#D3D3D3	133
4548	#FFFFFF	#D3D3D3	133
4549	#FFFFFF	#D3D3D3	133
4550	#FFFFFF	#D3D3D3	133
4551	#FFFFFF	#D3D3D3	133
4552	#FFFFFF	#D3D3D3	133
4553	#FFFFFF	#D3D3D3	133
4554	#FFFFFF	#D3D3D3	133
4555	#FFFFFF	#D3D3D3	133
4556	#FFFFFF	#D3D3D3	2
4557	#FFFFFF	#D3D3D3	2
4558	#FFFFFF	#D3D3D3	2
4559	#FFFFFF	#D3D3D3	133
4560	#FFFFFF	#D3D3D3	2
4561	#FFFFFF	#D3D3D3	4
4562	#FFFFFF	#D3D3D3	4
4563	#FFFFFF	#D3D3D3	4
4564	#FFFFFF	#D3D3D3	4
4565	#FFFFFF	#D3D3D3	4
4566	#FFFFFF	#D3D3D3	2
4567	#FFFFFF	#D3D3D3	2
4568	#FFFFFF	#D3D3D3	2
4569	#FFFFFF	#D3D3D3	4
4570	#FFFFFF	#D3D3D3	133
4571	#FFFFFF	#D3D3D3	4
4572	#FFFFFF	#D3D3D3	84
4573	#FFFFFF	#D3D3D3	84
4574	#FFFFFF	#D3D3D3	84
4575	#FFFFFF	#D3D3D3	84
4576	#FFFFFF	#D3D3D3	84
4577	#FFFFFF	#D3D3D3	84
4578	#FFFFFF	#D3D3D3	84
4579	#FFFFFF	#D3D3D3	84
4580	#FFFFFF	#D3D3D3	84
4581	#FFFFFF	#D3D3D3	133
4582	#FFFFFF	#D3D3D3	84
4583	#FFFFFF	#D3D3D3	84
4584	#FFFFFF	#D3D3D3	4
4585	#FFFFFF	#D3D3D3	84
4586	#FFFFFF	#D3D3D3	154
4587	#FFFFFF	#D3D3D3	154
4588	#FFFFFF	#D3D3D3	154
4589	#FFFFFF	#D3D3D3	154
4590	#FFFFFF	#D3D3D3	154
4591	#FFFFFF	#D3D3D3	154
4592	#FFFFFF	#D3D3D3	133
4593	#FFFFFF	#D3D3D3	133
4594	#FFFFFF	#D3D3D3	133
4595	#FFFFFF	#D3D3D3	133
4596	#FFFFFF	#D3D3D3	133
4598	#FFFFFF	#D3D3D3	133
4599	#FFFFFF	#D3D3D3	133
4600	#FFFFFF	#D3D3D3	133
4601	#FFFFFF	#D3D3D3	133
4602	#FFFFFF	#D3D3D3	133
4603	#FFFFFF	#D3D3D3	133
4604	#FFFFFF	#D3D3D3	133
4605	#FFFFFF	#D3D3D3	133
4606	#FFFFFF	#D3D3D3	133
4607	#FFFFFF	#D3D3D3	2
4608	#FFFFFF	#D3D3D3	2
4609	#FFFFFF	#D3D3D3	2
4610	#FFFFFF	#D3D3D3	133
4611	#FFFFFF	#D3D3D3	4
4612	#FFFFFF	#D3D3D3	84
4613	#FFFFFF	#D3D3D3	4
4614	#FFFFFF	#D3D3D3	84
4615	#FFFFFF	#D3D3D3	4
4616	#FFFFFF	#D3D3D3	4
4617	#FFFFFF	#D3D3D3	2
4618	#FFFFFF	#D3D3D3	2
4619	#FFFFFF	#D3D3D3	2
4620	#FFFFFF	#D3D3D3	2
4621	#FFFFFF	#D3D3D3	133
4622	#FFFFFF	#D3D3D3	4
4623	#FFFFFF	#D3D3D3	84
4624	#FFFFFF	#D3D3D3	84
4625	#FFFFFF	#D3D3D3	84
4626	#FFFFFF	#D3D3D3	84
4627	#FFFFFF	#D3D3D3	84
4628	#FFFFFF	#D3D3D3	84
4629	#FFFFFF	#D3D3D3	84
4630	#FFFFFF	#D3D3D3	84
4631	#FFFFFF	#D3D3D3	84
4632	#FFFFFF	#D3D3D3	133
4633	#FFFFFF	#D3D3D3	84
4634	#FFFFFF	#D3D3D3	4
4635	#FFFFFF	#D3D3D3	84
4636	#FFFFFF	#D3D3D3	84
4637	#FFFFFF	#D3D3D3	154
4638	#FFFFFF	#D3D3D3	154
4639	#FFFFFF	#D3D3D3	154
4640	#FFFFFF	#D3D3D3	2
4641	#FFFFFF	#D3D3D3	2
4642	#FFFFFF	#D3D3D3	133
4643	#FFFFFF	#D3D3D3	133
4644	#FFFFFF	#D3D3D3	133
4645	#FFFFFF	#D3D3D3	133
4646	#FFFFFF	#D3D3D3	133
4648	#FFFFFF	#D3D3D3	133
4649	#FFFFFF	#D3D3D3	133
4650	#FFFFFF	#D3D3D3	133
4651	#FFFFFF	#D3D3D3	133
4652	#FFFFFF	#D3D3D3	133
4653	#FFFFFF	#D3D3D3	133
4654	#FFFFFF	#D3D3D3	133
4655	#FFFFFF	#D3D3D3	133
4656	#FFFFFF	#D3D3D3	133
4657	#FFFFFF	#D3D3D3	2
4658	#FFFFFF	#D3D3D3	4
4659	#FFFFFF	#D3D3D3	2
4660	#FFFFFF	#D3D3D3	133
4661	#FFFFFF	#D3D3D3	4
4662	#FFFFFF	#D3D3D3	84
4663	#FFFFFF	#D3D3D3	4
4664	#FFFFFF	#D3D3D3	84
4665	#FFFFFF	#D3D3D3	84
4666	#FFFFFF	#D3D3D3	84
4667	#FFFFFF	#D3D3D3	4
4668	#FFFFFF	#D3D3D3	4
4669	#FFFFFF	#D3D3D3	2
4670	#FFFFFF	#D3D3D3	2
4671	#FFFFFF	#D3D3D3	133
4672	#FFFFFF	#D3D3D3	2
4673	#FFFFFF	#D3D3D3	4
4674	#FFFFFF	#D3D3D3	4
4675	#FFFFFF	#D3D3D3	84
4676	#FFFFFF	#D3D3D3	84
4677	#FFFFFF	#D3D3D3	84
4678	#FFFFFF	#D3D3D3	84
4679	#FFFFFF	#D3D3D3	84
4680	#FFFFFF	#D3D3D3	84
4681	#FFFFFF	#D3D3D3	84
4682	#FFFFFF	#D3D3D3	133
4683	#FFFFFF	#D3D3D3	84
4684	#FFFFFF	#D3D3D3	4
4685	#FFFFFF	#D3D3D3	84
4686	#FFFFFF	#D3D3D3	4
4687	#FFFFFF	#D3D3D3	84
4688	#FFFFFF	#D3D3D3	154
4689	#FFFFFF	#D3D3D3	154
4690	#FFFFFF	#D3D3D3	2
4691	#FFFFFF	#D3D3D3	2
4692	#FFFFFF	#D3D3D3	154
4693	#FFFFFF	#D3D3D3	133
4694	#FFFFFF	#D3D3D3	133
4695	#FFFFFF	#D3D3D3	133
4696	#FFFFFF	#D3D3D3	133
4697	#FFFFFF	#D3D3D3	133
4699	#FFFFFF	#D3D3D3	133
4700	#FFFFFF	#D3D3D3	133
4701	#FFFFFF	#D3D3D3	133
4702	#FFFFFF	#D3D3D3	133
4703	#FFFFFF	#D3D3D3	133
4704	#FFFFFF	#D3D3D3	133
4705	#FFFFFF	#D3D3D3	133
4706	#FFFFFF	#D3D3D3	133
4707	#FFFFFF	#D3D3D3	2
4708	#FFFFFF	#D3D3D3	2
4709	#FFFFFF	#D3D3D3	4
4710	#FFFFFF	#D3D3D3	4
4711	#FFFFFF	#D3D3D3	133
4712	#FFFFFF	#D3D3D3	4
4713	#FFFFFF	#D3D3D3	84
4714	#FFFFFF	#D3D3D3	84
4715	#FFFFFF	#D3D3D3	84
4716	#FFFFFF	#D3D3D3	84
4717	#FFFFFF	#D3D3D3	84
4718	#FFFFFF	#D3D3D3	4
4719	#FFFFFF	#D3D3D3	4
4720	#FFFFFF	#D3D3D3	4
4721	#FFFFFF	#D3D3D3	2
4722	#FFFFFF	#D3D3D3	133
4723	#FFFFFF	#D3D3D3	4
4724	#FFFFFF	#D3D3D3	4
4725	#FFFFFF	#D3D3D3	84
4726	#FFFFFF	#D3D3D3	84
4727	#FFFFFF	#D3D3D3	84
4728	#FFFFFF	#D3D3D3	84
4729	#FFFFFF	#D3D3D3	84
4730	#FFFFFF	#D3D3D3	84
4731	#FFFFFF	#D3D3D3	84
4732	#FFFFFF	#D3D3D3	84
4733	#FFFFFF	#D3D3D3	133
4734	#FFFFFF	#D3D3D3	84
4735	#FFFFFF	#D3D3D3	4
4736	#FFFFFF	#D3D3D3	4
4737	#FFFFFF	#D3D3D3	4
4738	#FFFFFF	#D3D3D3	154
4739	#FFFFFF	#D3D3D3	154
4740	#FFFFFF	#D3D3D3	154
4741	#FFFFFF	#D3D3D3	2
4742	#FFFFFF	#D3D3D3	154
4743	#FFFFFF	#D3D3D3	133
4744	#FFFFFF	#D3D3D3	133
4745	#FFFFFF	#D3D3D3	133
4746	#FFFFFF	#D3D3D3	133
4747	#FFFFFF	#D3D3D3	133
4749	#FFFFFF	#D3D3D3	133
4750	#FFFFFF	#D3D3D3	133
4751	#FFFFFF	#D3D3D3	133
4752	#FFFFFF	#D3D3D3	133
4753	#FFFFFF	#D3D3D3	133
4754	#FFFFFF	#D3D3D3	133
4755	#FFFFFF	#D3D3D3	133
4756	#FFFFFF	#D3D3D3	133
4757	#FFFFFF	#D3D3D3	133
4758	#FFFFFF	#D3D3D3	2
4759	#FFFFFF	#D3D3D3	2
4760	#FFFFFF	#D3D3D3	4
4761	#FFFFFF	#D3D3D3	133
4762	#FFFFFF	#D3D3D3	4
4763	#FFFFFF	#D3D3D3	84
4764	#FFFFFF	#D3D3D3	84
4765	#FFFFFF	#D3D3D3	84
4766	#FFFFFF	#D3D3D3	84
4767	#FFFFFF	#D3D3D3	84
4768	#FFFFFF	#D3D3D3	84
4769	#FFFFFF	#D3D3D3	4
4770	#FFFFFF	#D3D3D3	4
4771	#FFFFFF	#D3D3D3	4
4772	#FFFFFF	#D3D3D3	133
4773	#FFFFFF	#D3D3D3	4
4774	#FFFFFF	#D3D3D3	4
4775	#FFFFFF	#D3D3D3	4
4776	#FFFFFF	#D3D3D3	84
4777	#FFFFFF	#D3D3D3	84
4778	#FFFFFF	#D3D3D3	84
4779	#FFFFFF	#D3D3D3	84
4780	#FFFFFF	#D3D3D3	84
4781	#FFFFFF	#D3D3D3	84
4782	#FFFFFF	#D3D3D3	84
4783	#FFFFFF	#D3D3D3	133
4784	#FFFFFF	#D3D3D3	84
4785	#FFFFFF	#D3D3D3	4
4786	#FFFFFF	#D3D3D3	4
4787	#FFFFFF	#D3D3D3	2
4788	#FFFFFF	#D3D3D3	2
4789	#FFFFFF	#D3D3D3	154
4790	#FFFFFF	#D3D3D3	2
4791	#FFFFFF	#D3D3D3	2
4792	#FFFFFF	#D3D3D3	2
4793	#FFFFFF	#D3D3D3	154
4794	#FFFFFF	#D3D3D3	133
4795	#FFFFFF	#D3D3D3	133
4796	#FFFFFF	#D3D3D3	133
4797	#FFFFFF	#D3D3D3	133
4798	#FFFFFF	#D3D3D3	133
4800	#FFFFFF	#D3D3D3	133
4801	#FFFFFF	#D3D3D3	133
4802	#FFFFFF	#D3D3D3	133
4803	#FFFFFF	#D3D3D3	133
4804	#FFFFFF	#D3D3D3	2
4805	#FFFFFF	#D3D3D3	133
4806	#FFFFFF	#D3D3D3	133
4807	#FFFFFF	#D3D3D3	133
4808	#FFFFFF	#D3D3D3	2
4809	#FFFFFF	#D3D3D3	2
4810	#FFFFFF	#D3D3D3	4
4811	#FFFFFF	#D3D3D3	4
4812	#FFFFFF	#D3D3D3	133
4813	#FFFFFF	#D3D3D3	4
4814	#FFFFFF	#D3D3D3	84
4815	#FFFFFF	#D3D3D3	84
4816	#FFFFFF	#D3D3D3	84
4817	#FFFFFF	#D3D3D3	84
4818	#FFFFFF	#D3D3D3	84
4819	#FFFFFF	#D3D3D3	84
4820	#FFFFFF	#D3D3D3	4
4821	#FFFFFF	#D3D3D3	4
4822	#FFFFFF	#D3D3D3	4
4823	#FFFFFF	#D3D3D3	133
4824	#FFFFFF	#D3D3D3	4
4825	#FFFFFF	#D3D3D3	4
4826	#FFFFFF	#D3D3D3	84
4827	#FFFFFF	#D3D3D3	84
4828	#FFFFFF	#D3D3D3	84
4829	#FFFFFF	#D3D3D3	84
4830	#FFFFFF	#D3D3D3	84
4831	#FFFFFF	#D3D3D3	84
4832	#FFFFFF	#D3D3D3	84
4833	#FFFFFF	#D3D3D3	84
4834	#FFFFFF	#D3D3D3	133
4835	#FFFFFF	#D3D3D3	84
4836	#FFFFFF	#D3D3D3	4
4837	#FFFFFF	#D3D3D3	4
4838	#FFFFFF	#D3D3D3	2
4839	#FFFFFF	#D3D3D3	2
4840	#FFFFFF	#D3D3D3	154
4841	#FFFFFF	#D3D3D3	2
4842	#FFFFFF	#D3D3D3	154
4843	#FFFFFF	#D3D3D3	154
4844	#FFFFFF	#D3D3D3	133
4845	#FFFFFF	#D3D3D3	133
4846	#FFFFFF	#D3D3D3	133
4847	#FFFFFF	#D3D3D3	133
4848	#FFFFFF	#D3D3D3	133
4850	#FFFFFF	#D3D3D3	133
4851	#FFFFFF	#D3D3D3	133
4852	#FFFFFF	#D3D3D3	133
4853	#FFFFFF	#D3D3D3	133
4854	#FFFFFF	#D3D3D3	133
4855	#FFFFFF	#D3D3D3	2
4856	#FFFFFF	#D3D3D3	133
4857	#FFFFFF	#D3D3D3	133
4858	#FFFFFF	#D3D3D3	2
4859	#FFFFFF	#D3D3D3	2
4860	#FFFFFF	#D3D3D3	2
4861	#FFFFFF	#D3D3D3	4
4862	#FFFFFF	#D3D3D3	133
4863	#FFFFFF	#D3D3D3	4
4864	#FFFFFF	#D3D3D3	84
4865	#FFFFFF	#D3D3D3	84
4866	#FFFFFF	#D3D3D3	84
4867	#FFFFFF	#D3D3D3	84
4868	#FFFFFF	#D3D3D3	84
4869	#FFFFFF	#D3D3D3	84
4870	#FFFFFF	#D3D3D3	84
4871	#FFFFFF	#D3D3D3	84
4872	#FFFFFF	#D3D3D3	4
4873	#FFFFFF	#D3D3D3	133
4874	#FFFFFF	#D3D3D3	4
4875	#FFFFFF	#D3D3D3	84
4876	#FFFFFF	#D3D3D3	84
4877	#FFFFFF	#D3D3D3	84
4878	#FFFFFF	#D3D3D3	84
4879	#FFFFFF	#D3D3D3	84
4880	#FFFFFF	#D3D3D3	84
4881	#FFFFFF	#D3D3D3	84
4882	#FFFFFF	#D3D3D3	84
4883	#FFFFFF	#D3D3D3	84
4884	#FFFFFF	#D3D3D3	133
4885	#FFFFFF	#D3D3D3	4
4886	#FFFFFF	#D3D3D3	4
4887	#FFFFFF	#D3D3D3	4
4888	#FFFFFF	#D3D3D3	4
4889	#FFFFFF	#D3D3D3	2
4890	#FFFFFF	#D3D3D3	2
4891	#FFFFFF	#D3D3D3	154
4892	#FFFFFF	#D3D3D3	2
4893	#FFFFFF	#D3D3D3	154
4894	#FFFFFF	#D3D3D3	154
4895	#FFFFFF	#D3D3D3	133
4896	#FFFFFF	#D3D3D3	133
4897	#FFFFFF	#D3D3D3	133
4898	#FFFFFF	#D3D3D3	133
4899	#FFFFFF	#D3D3D3	133
4901	#FFFFFF	#D3D3D3	133
4902	#FFFFFF	#D3D3D3	133
4903	#FFFFFF	#D3D3D3	133
4904	#FFFFFF	#D3D3D3	2
4905	#FFFFFF	#D3D3D3	2
4906	#FFFFFF	#D3D3D3	133
4907	#FFFFFF	#D3D3D3	133
4908	#FFFFFF	#D3D3D3	2
4909	#FFFFFF	#D3D3D3	2
4910	#FFFFFF	#D3D3D3	2
4911	#FFFFFF	#D3D3D3	4
4912	#FFFFFF	#D3D3D3	4
4913	#FFFFFF	#D3D3D3	133
4914	#FFFFFF	#D3D3D3	84
4915	#FFFFFF	#D3D3D3	84
4916	#FFFFFF	#D3D3D3	84
4917	#FFFFFF	#D3D3D3	84
4918	#FFFFFF	#D3D3D3	84
4919	#FFFFFF	#D3D3D3	84
4920	#FFFFFF	#D3D3D3	84
4921	#FFFFFF	#D3D3D3	84
4922	#FFFFFF	#D3D3D3	4
4923	#FFFFFF	#D3D3D3	4
4924	#FFFFFF	#D3D3D3	133
4925	#FFFFFF	#D3D3D3	84
4926	#FFFFFF	#D3D3D3	84
4927	#FFFFFF	#D3D3D3	84
4928	#FFFFFF	#D3D3D3	84
4929	#FFFFFF	#D3D3D3	84
4930	#FFFFFF	#D3D3D3	84
4931	#FFFFFF	#D3D3D3	84
4932	#FFFFFF	#D3D3D3	84
4933	#FFFFFF	#D3D3D3	84
4934	#FFFFFF	#D3D3D3	84
4935	#FFFFFF	#D3D3D3	133
4936	#FFFFFF	#D3D3D3	4
4937	#FFFFFF	#D3D3D3	4
4938	#FFFFFF	#D3D3D3	4
4939	#FFFFFF	#D3D3D3	4
4940	#FFFFFF	#D3D3D3	4
4941	#FFFFFF	#D3D3D3	2
4942	#FFFFFF	#D3D3D3	154
4943	#FFFFFF	#D3D3D3	2
4944	#FFFFFF	#D3D3D3	154
4945	#FFFFFF	#D3D3D3	133
4946	#FFFFFF	#D3D3D3	133
4947	#FFFFFF	#D3D3D3	133
4948	#FFFFFF	#D3D3D3	133
4949	#FFFFFF	#D3D3D3	133
4951	#FFFFFF	#D3D3D3	133
4952	#FFFFFF	#D3D3D3	133
4953	#FFFFFF	#D3D3D3	133
4954	#FFFFFF	#D3D3D3	133
4955	#FFFFFF	#D3D3D3	2
4956	#FFFFFF	#D3D3D3	133
4957	#FFFFFF	#D3D3D3	133
4958	#FFFFFF	#D3D3D3	2
4959	#FFFFFF	#D3D3D3	4
4960	#FFFFFF	#D3D3D3	2
4961	#FFFFFF	#D3D3D3	4
4962	#FFFFFF	#D3D3D3	4
4963	#FFFFFF	#D3D3D3	133
4964	#FFFFFF	#D3D3D3	4
4965	#FFFFFF	#D3D3D3	4
4966	#FFFFFF	#D3D3D3	4
4967	#FFFFFF	#D3D3D3	84
4968	#FFFFFF	#D3D3D3	84
4969	#FFFFFF	#D3D3D3	84
4970	#FFFFFF	#D3D3D3	84
4971	#FFFFFF	#D3D3D3	84
4972	#FFFFFF	#D3D3D3	84
4973	#FFFFFF	#D3D3D3	84
4974	#FFFFFF	#D3D3D3	133
4975	#FFFFFF	#D3D3D3	4
4976	#FFFFFF	#D3D3D3	84
4977	#FFFFFF	#D3D3D3	84
4978	#FFFFFF	#D3D3D3	84
4979	#FFFFFF	#D3D3D3	459
4980	#FFFFFF	#D3D3D3	84
4981	#FFFFFF	#D3D3D3	459
4982	#FFFFFF	#D3D3D3	84
4983	#FFFFFF	#D3D3D3	84
4984	#FFFFFF	#D3D3D3	84
4985	#FFFFFF	#D3D3D3	133
4986	#FFFFFF	#D3D3D3	84
4987	#FFFFFF	#D3D3D3	4
4988	#FFFFFF	#D3D3D3	4
4989	#FFFFFF	#D3D3D3	4
4990	#FFFFFF	#D3D3D3	4
4991	#FFFFFF	#D3D3D3	2
4992	#FFFFFF	#D3D3D3	2
4993	#FFFFFF	#D3D3D3	2
4994	#FFFFFF	#D3D3D3	2
4995	#FFFFFF	#D3D3D3	2
4996	#FFFFFF	#D3D3D3	133
4997	#FFFFFF	#D3D3D3	133
4998	#FFFFFF	#D3D3D3	133
4999	#FFFFFF	#D3D3D3	133
5000	#FFFFFF	#D3D3D3	133
5002	#FFFFFF	#D3D3D3	133
5003	#FFFFFF	#D3D3D3	133
5004	#FFFFFF	#D3D3D3	133
5005	#FFFFFF	#D3D3D3	133
5006	#FFFFFF	#D3D3D3	2
5007	#FFFFFF	#D3D3D3	2
5008	#FFFFFF	#D3D3D3	2
5009	#FFFFFF	#D3D3D3	4
5010	#FFFFFF	#D3D3D3	4
5011	#FFFFFF	#D3D3D3	4
5012	#FFFFFF	#D3D3D3	4
5013	#FFFFFF	#D3D3D3	4
5014	#FFFFFF	#D3D3D3	133
5015	#FFFFFF	#D3D3D3	4
5016	#FFFFFF	#D3D3D3	4
5017	#FFFFFF	#D3D3D3	4
5018	#FFFFFF	#D3D3D3	4
5019	#FFFFFF	#D3D3D3	84
5020	#FFFFFF	#D3D3D3	4
5021	#FFFFFF	#D3D3D3	84
5022	#FFFFFF	#D3D3D3	84
5023	#FFFFFF	#D3D3D3	84
5024	#FFFFFF	#D3D3D3	4
5025	#FFFFFF	#D3D3D3	133
5026	#FFFFFF	#D3D3D3	84
5027	#FFFFFF	#D3D3D3	84
5028	#FFFFFF	#D3D3D3	84
5029	#FFFFFF	#D3D3D3	459
5030	#FFFFFF	#D3D3D3	84
5031	#FFFFFF	#D3D3D3	459
5032	#FFFFFF	#D3D3D3	459
5033	#FFFFFF	#D3D3D3	84
5034	#FFFFFF	#D3D3D3	84
5035	#FFFFFF	#D3D3D3	84
5036	#FFFFFF	#D3D3D3	133
5037	#FFFFFF	#D3D3D3	4
5038	#FFFFFF	#D3D3D3	4
5039	#FFFFFF	#D3D3D3	4
5040	#FFFFFF	#D3D3D3	4
5041	#FFFFFF	#D3D3D3	4
5042	#FFFFFF	#D3D3D3	2
5043	#FFFFFF	#D3D3D3	2
5044	#FFFFFF	#D3D3D3	2
5045	#FFFFFF	#D3D3D3	2
5046	#FFFFFF	#D3D3D3	133
5047	#FFFFFF	#D3D3D3	133
5048	#FFFFFF	#D3D3D3	133
5049	#FFFFFF	#D3D3D3	133
5050	#FFFFFF	#D3D3D3	133
